accel,angle,brake,clutch,curLapTime,damage,dist_from_start,dist_raced,fuel,gear,opponents,race_pos,rpm,speed_x,speed_y,speed_z,steer,track,track_pos,wheel_spin_vel,z
0.0,0.00365799,0.0,0.0,-0.982,0.0,1957.56,0.0,94.0,0,"[200.0, 200.0, 200.0, 200.0, 200.0, 200.0, 200.0, 200.0, 200.0, 200.0, 200.0, 200.0, 200.0, 200.0, 200.0, 200.0, 200.0, 200.0, 200.0, 200.0, 200.0, 200.0, 200.0, 200.0, 200.0, 200.0, 200.0, 200.0, 200.0, 200.0, 200.0, 200.0, 200.0, 200.0, 200.0, 200.0]",1,942.478,0.00187065,0.0500377,-0.00546558,0.0,"[7.48658, 7.79293, 8.84666, 11.3686, 20.0323, 64.566, 55.6536, 47.2582, 39.6464, 33.0363, 27.5369, 23.121, 19.6564, 16.9654, 13.2439, 10.1237, 8.52418, 7.74488, 7.51352]",0.00179749,"[0.0, 0.0, 0.0, 0.0]",0.346282
0.0,0.00365799,0.0,0.0,-0.962,0.0,1957.56,0.0,94.0,0,"[200.0, 200.0, 200.0, 200.0, 200.0, 200.0, 200.0, 200.0, 200.0, 200.0, 200.0, 200.0, 200.0, 200.0, 200.0, 200.0, 200.0, 200.0, 200.0, 200.0, 200.0, 200.0, 200.0, 200.0, 200.0, 200.0, 200.0, 200.0, 200.0, 200.0, 200.0, 200.0, 200.0, 200.0, 200.0, 200.0]",1,942.478,0.00187065,0.0500377,-0.00546558,0.0,"[7.48658, 7.79293, 8.84666, 11.3686, 20.0323, 64.566, 55.6536, 47.2582, 39.6464, 33.0363, 27.5369, 23.121, 19.6564, 16.9654, 13.2439, 10.1237, 8.52418, 7.74488, 7.51352]",0.00179749,"[0.0, 0.0, 0.0, 0.0]",0.346282
0.0,0.00365799,0.0,0.0,-0.942,0.0,1957.56,0.0,94.0,0,"[200.0, 200.0, 200.0, 200.0, 200.0, 200.0, 200.0, 200.0, 200.0, 200.0, 200.0, 200.0, 200.0, 200.0, 200.0, 200.0, 200.0, 200.0, 200.0, 200.0, 200.0, 200.0, 200.0, 200.0, 200.0, 200.0, 200.0, 200.0, 200.0, 200.0, 200.0, 200.0, 200.0, 200.0, 200.0, 200.0]",1,942.478,0.00187065,0.0500377,-0.00546558,0.0,"[7.48658, 7.79293, 8.84666, 11.3686, 20.0323, 64.566, 55.6536, 47.2582, 39.6464, 33.0363, 27.5369, 23.121, 19.6564, 16.9654, 13.2439, 10.1237, 8.52418, 7.74488, 7.51352]",0.00179749,"[0.0, 0.0, 0.0, 0.0]",0.346282
0.0,0.00365799,0.0,0.0,-0.922,0.0,1957.56,0.0,94.0,0,"[200.0, 200.0, 200.0, 200.0, 200.0, 200.0, 200.0, 200.0, 200.0, 200.0, 200.0, 200.0, 200.0, 200.0, 200.0, 200.0, 200.0, 200.0, 200.0, 200.0, 200.0, 200.0, 200.0, 200.0, 200.0, 200.0, 200.0, 200.0, 200.0, 200.0, 200.0, 200.0, 200.0, 200.0, 200.0, 200.0]",1,942.478,0.00187065,0.0500377,-0.00546558,0.0,"[7.48658, 7.79293, 8.84666, 11.3686, 20.0323, 64.566, 55.6536, 47.2582, 39.6464, 33.0363, 27.5369, 23.121, 19.6564, 16.9654, 13.2439, 10.1237, 8.52418, 7.74488, 7.51352]",0.00179749,"[0.0, 0.0, 0.0, 0.0]",0.346282
0.0,0.00365799,0.0,0.0,-0.902,0.0,1957.56,0.0,94.0,0,"[200.0, 200.0, 200.0, 200.0, 200.0, 200.0, 200.0, 200.0, 200.0, 200.0, 200.0, 200.0, 200.0, 200.0, 200.0, 200.0, 200.0, 200.0, 200.0, 200.0, 200.0, 200.0, 200.0, 200.0, 200.0, 200.0, 200.0, 200.0, 200.0, 200.0, 200.0, 200.0, 200.0, 200.0, 200.0, 200.0]",1,942.478,0.00187065,0.0500377,-0.00546558,0.0,"[7.48658, 7.79293, 8.84666, 11.3686, 20.0323, 64.566, 55.6536, 47.2582, 39.6464, 33.0363, 27.5369, 23.121, 19.6564, 16.9654, 13.2439, 10.1237, 8.52418, 7.74488, 7.51352]",0.00179749,"[0.0, 0.0, 0.0, 0.0]",0.346282
0.0,0.00365799,0.0,0.0,-0.882,0.0,1957.56,0.0,94.0,0,"[200.0, 200.0, 200.0, 200.0, 200.0, 200.0, 200.0, 200.0, 200.0, 200.0, 200.0, 200.0, 200.0, 200.0, 200.0, 200.0, 200.0, 200.0, 200.0, 200.0, 200.0, 200.0, 200.0, 200.0, 200.0, 200.0, 200.0, 200.0, 200.0, 200.0, 200.0, 200.0, 200.0, 200.0, 200.0, 200.0]",1,942.478,0.00187065,0.0500377,-0.00546558,0.0,"[7.48658, 7.79293, 8.84666, 11.3686, 20.0323, 64.566, 55.6536, 47.2582, 39.6464, 33.0363, 27.5369, 23.121, 19.6564, 16.9654, 13.2439, 10.1237, 8.52418, 7.74488, 7.51352]",0.00179749,"[0.0, 0.0, 0.0, 0.0]",0.346282
0.0,0.00365799,0.0,0.0,-0.862,0.0,1957.56,0.0,94.0,0,"[200.0, 200.0, 200.0, 200.0, 200.0, 200.0, 200.0, 200.0, 200.0, 200.0, 200.0, 200.0, 200.0, 200.0, 200.0, 200.0, 200.0, 200.0, 200.0, 200.0, 200.0, 200.0, 200.0, 200.0, 200.0, 200.0, 200.0, 200.0, 200.0, 200.0, 200.0, 200.0, 200.0, 200.0, 200.0, 200.0]",1,942.478,0.00187065,0.0500377,-0.00546558,0.0,"[7.48658, 7.79293, 8.84666, 11.3686, 20.0323, 64.566, 55.6536, 47.2582, 39.6464, 33.0363, 27.5369, 23.121, 19.6564, 16.9654, 13.2439, 10.1237, 8.52418, 7.74488, 7.51352]",0.00179749,"[0.0, 0.0, 0.0, 0.0]",0.346282
0.0,0.00365799,0.0,0.0,-0.842,0.0,1957.56,0.0,94.0,0,"[200.0, 200.0, 200.0, 200.0, 200.0, 200.0, 200.0, 200.0, 200.0, 200.0, 200.0, 200.0, 200.0, 200.0, 200.0, 200.0, 200.0, 200.0, 200.0, 200.0, 200.0, 200.0, 200.0, 200.0, 200.0, 200.0, 200.0, 200.0, 200.0, 200.0, 200.0, 200.0, 200.0, 200.0, 200.0, 200.0]",1,942.478,0.00187065,0.0500377,-0.00546558,0.0,"[7.48658, 7.79293, 8.84666, 11.3686, 20.0323, 64.566, 55.6536, 47.2582, 39.6464, 33.0363, 27.5369, 23.121, 19.6564, 16.9654, 13.2439, 10.1237, 8.52418, 7.74488, 7.51352]",0.00179749,"[0.0, 0.0, 0.0, 0.0]",0.346282
0.0,0.00365799,0.0,0.0,-0.822,0.0,1957.56,0.0,94.0,0,"[200.0, 200.0, 200.0, 200.0, 200.0, 200.0, 200.0, 200.0, 200.0, 200.0, 200.0, 200.0, 200.0, 200.0, 200.0, 200.0, 200.0, 200.0, 200.0, 200.0, 200.0, 200.0, 200.0, 200.0, 200.0, 200.0, 200.0, 200.0, 200.0, 200.0, 200.0, 200.0, 200.0, 200.0, 200.0, 200.0]",1,942.478,0.00187065,0.0500377,-0.00546558,0.0,"[7.48658, 7.79293, 8.84666, 11.3686, 20.0323, 64.566, 55.6536, 47.2582, 39.6464, 33.0363, 27.5369, 23.121, 19.6564, 16.9654, 13.2439, 10.1237, 8.52418, 7.74488, 7.51352]",0.00179749,"[0.0, 0.0, 0.0, 0.0]",0.346282
0.0,0.00365799,0.0,0.0,-0.802,0.0,1957.56,0.0,94.0,0,"[200.0, 200.0, 200.0, 200.0, 200.0, 200.0, 200.0, 200.0, 200.0, 200.0, 200.0, 200.0, 200.0, 200.0, 200.0, 200.0, 200.0, 200.0, 200.0, 200.0, 200.0, 200.0, 200.0, 200.0, 200.0, 200.0, 200.0, 200.0, 200.0, 200.0, 200.0, 200.0, 200.0, 200.0, 200.0, 200.0]",1,942.478,0.00187065,0.0500377,-0.00546558,0.0,"[7.48658, 7.79293, 8.84666, 11.3686, 20.0323, 64.566, 55.6536, 47.2582, 39.6464, 33.0363, 27.5369, 23.121, 19.6564, 16.9654, 13.2439, 10.1237, 8.52418, 7.74488, 7.51352]",0.00179749,"[0.0, 0.0, 0.0, 0.0]",0.346282
0.0,0.00365799,0.0,0.0,-0.782,0.0,1957.56,0.0,94.0,0,"[200.0, 200.0, 200.0, 200.0, 200.0, 200.0, 200.0, 200.0, 200.0, 200.0, 200.0, 200.0, 200.0, 200.0, 200.0, 200.0, 200.0, 200.0, 200.0, 200.0, 200.0, 200.0, 200.0, 200.0, 200.0, 200.0, 200.0, 200.0, 200.0, 200.0, 200.0, 200.0, 200.0, 200.0, 200.0, 200.0]",1,942.478,0.00187065,0.0500377,-0.00546558,0.0,"[7.48658, 7.79293, 8.84666, 11.3686, 20.0323, 64.566, 55.6536, 47.2582, 39.6464, 33.0363, 27.5369, 23.121, 19.6564, 16.9654, 13.2439, 10.1237, 8.52418, 7.74488, 7.51352]",0.00179749,"[0.0, 0.0, 0.0, 0.0]",0.346282
0.0,0.00365799,0.0,0.0,-0.762,0.0,1957.56,0.0,94.0,0,"[200.0, 200.0, 200.0, 200.0, 200.0, 200.0, 200.0, 200.0, 200.0, 200.0, 200.0, 200.0, 200.0, 200.0, 200.0, 200.0, 200.0, 200.0, 200.0, 200.0, 200.0, 200.0, 200.0, 200.0, 200.0, 200.0, 200.0, 200.0, 200.0, 200.0, 200.0, 200.0, 200.0, 200.0, 200.0, 200.0]",1,942.478,0.00187065,0.0500377,-0.00546558,0.0,"[7.48658, 7.79293, 8.84666, 11.3686, 20.0323, 64.566, 55.6536, 47.2582, 39.6464, 33.0363, 27.5369, 23.121, 19.6564, 16.9654, 13.2439, 10.1237, 8.52418, 7.74488, 7.51352]",0.00179749,"[0.0, 0.0, 0.0, 0.0]",0.346282
0.0,0.00365799,0.0,0.0,-0.742,0.0,1957.56,0.0,94.0,0,"[200.0, 200.0, 200.0, 200.0, 200.0, 200.0, 200.0, 200.0, 200.0, 200.0, 200.0, 200.0, 200.0, 200.0, 200.0, 200.0, 200.0, 200.0, 200.0, 200.0, 200.0, 200.0, 200.0, 200.0, 200.0, 200.0, 200.0, 200.0, 200.0, 200.0, 200.0, 200.0, 200.0, 200.0, 200.0, 200.0]",1,942.478,0.00187065,0.0500377,-0.00546558,0.0,"[7.48658, 7.79293, 8.84666, 11.3686, 20.0323, 64.566, 55.6536, 47.2582, 39.6464, 33.0363, 27.5369, 23.121, 19.6564, 16.9654, 13.2439, 10.1237, 8.52418, 7.74488, 7.51352]",0.00179749,"[0.0, 0.0, 0.0, 0.0]",0.346282
0.0,0.00365799,0.0,0.0,-0.722,0.0,1957.56,0.0,94.0,0,"[200.0, 200.0, 200.0, 200.0, 200.0, 200.0, 200.0, 200.0, 200.0, 200.0, 200.0, 200.0, 200.0, 200.0, 200.0, 200.0, 200.0, 200.0, 200.0, 200.0, 200.0, 200.0, 200.0, 200.0, 200.0, 200.0, 200.0, 200.0, 200.0, 200.0, 200.0, 200.0, 200.0, 200.0, 200.0, 200.0]",1,942.478,0.00187065,0.0500377,-0.00546558,0.0,"[7.48658, 7.79293, 8.84666, 11.3686, 20.0323, 64.566, 55.6536, 47.2582, 39.6464, 33.0363, 27.5369, 23.121, 19.6564, 16.9654, 13.2439, 10.1237, 8.52418, 7.74488, 7.51352]",0.00179749,"[0.0, 0.0, 0.0, 0.0]",0.346282
0.0,0.00365799,0.0,0.0,-0.702,0.0,1957.56,0.0,94.0,0,"[200.0, 200.0, 200.0, 200.0, 200.0, 200.0, 200.0, 200.0, 200.0, 200.0, 200.0, 200.0, 200.0, 200.0, 200.0, 200.0, 200.0, 200.0, 200.0, 200.0, 200.0, 200.0, 200.0, 200.0, 200.0, 200.0, 200.0, 200.0, 200.0, 200.0, 200.0, 200.0, 200.0, 200.0, 200.0, 200.0]",1,942.478,0.00187065,0.0500377,-0.00546558,0.0,"[7.48658, 7.79293, 8.84666, 11.3686, 20.0323, 64.566, 55.6536, 47.2582, 39.6464, 33.0363, 27.5369, 23.121, 19.6564, 16.9654, 13.2439, 10.1237, 8.52418, 7.74488, 7.51352]",0.00179749,"[0.0, 0.0, 0.0, 0.0]",0.346282
0.0,0.00365799,0.0,0.0,-0.682,0.0,1957.56,0.0,94.0,0,"[200.0, 200.0, 200.0, 200.0, 200.0, 200.0, 200.0, 200.0, 200.0, 200.0, 200.0, 200.0, 200.0, 200.0, 200.0, 200.0, 200.0, 200.0, 200.0, 200.0, 200.0, 200.0, 200.0, 200.0, 200.0, 200.0, 200.0, 200.0, 200.0, 200.0, 200.0, 200.0, 200.0, 200.0, 200.0, 200.0]",1,942.478,0.00187065,0.0500377,-0.00546558,0.0,"[7.48658, 7.79293, 8.84666, 11.3686, 20.0323, 64.566, 55.6536, 47.2582, 39.6464, 33.0363, 27.5369, 23.121, 19.6564, 16.9654, 13.2439, 10.1237, 8.52418, 7.74488, 7.51352]",0.00179749,"[0.0, 0.0, 0.0, 0.0]",0.346282
0.0,0.00365799,0.0,0.0,-0.662,0.0,1957.56,0.0,94.0,0,"[200.0, 200.0, 200.0, 200.0, 200.0, 200.0, 200.0, 200.0, 200.0, 200.0, 200.0, 200.0, 200.0, 200.0, 200.0, 200.0, 200.0, 200.0, 200.0, 200.0, 200.0, 200.0, 200.0, 200.0, 200.0, 200.0, 200.0, 200.0, 200.0, 200.0, 200.0, 200.0, 200.0, 200.0, 200.0, 200.0]",1,942.478,0.00187065,0.0500377,-0.00546558,0.0,"[7.48658, 7.79293, 8.84666, 11.3686, 20.0323, 64.566, 55.6536, 47.2582, 39.6464, 33.0363, 27.5369, 23.121, 19.6564, 16.9654, 13.2439, 10.1237, 8.52418, 7.74488, 7.51352]",0.00179749,"[0.0, 0.0, 0.0, 0.0]",0.346282
0.0,0.00365799,0.0,0.0,-0.642,0.0,1957.56,0.0,94.0,0,"[200.0, 200.0, 200.0, 200.0, 200.0, 200.0, 200.0, 200.0, 200.0, 200.0, 200.0, 200.0, 200.0, 200.0, 200.0, 200.0, 200.0, 200.0, 200.0, 200.0, 200.0, 200.0, 200.0, 200.0, 200.0, 200.0, 200.0, 200.0, 200.0, 200.0, 200.0, 200.0, 200.0, 200.0, 200.0, 200.0]",1,942.478,0.00187065,0.0500377,-0.00546558,0.0,"[7.48658, 7.79293, 8.84666, 11.3686, 20.0323, 64.566, 55.6536, 47.2582, 39.6464, 33.0363, 27.5369, 23.121, 19.6564, 16.9654, 13.2439, 10.1237, 8.52418, 7.74488, 7.51352]",0.00179749,"[0.0, 0.0, 0.0, 0.0]",0.346282
0.0,0.00365799,0.0,0.0,-0.622,0.0,1957.56,0.0,94.0,0,"[200.0, 200.0, 200.0, 200.0, 200.0, 200.0, 200.0, 200.0, 200.0, 200.0, 200.0, 200.0, 200.0, 200.0, 200.0, 200.0, 200.0, 200.0, 200.0, 200.0, 200.0, 200.0, 200.0, 200.0, 200.0, 200.0, 200.0, 200.0, 200.0, 200.0, 200.0, 200.0, 200.0, 200.0, 200.0, 200.0]",1,942.478,0.00187065,0.0500377,-0.00546558,0.0,"[7.48658, 7.79293, 8.84666, 11.3686, 20.0323, 64.566, 55.6536, 47.2582, 39.6464, 33.0363, 27.5369, 23.121, 19.6564, 16.9654, 13.2439, 10.1237, 8.52418, 7.74488, 7.51352]",0.00179749,"[0.0, 0.0, 0.0, 0.0]",0.346282
0.0,0.00365799,0.0,0.0,-0.602,0.0,1957.56,0.0,94.0,0,"[200.0, 200.0, 200.0, 200.0, 200.0, 200.0, 200.0, 200.0, 200.0, 200.0, 200.0, 200.0, 200.0, 200.0, 200.0, 200.0, 200.0, 200.0, 200.0, 200.0, 200.0, 200.0, 200.0, 200.0, 200.0, 200.0, 200.0, 200.0, 200.0, 200.0, 200.0, 200.0, 200.0, 200.0, 200.0, 200.0]",1,942.478,0.00187065,0.0500377,-0.00546558,0.0,"[7.48658, 7.79293, 8.84666, 11.3686, 20.0323, 64.566, 55.6536, 47.2582, 39.6464, 33.0363, 27.5369, 23.121, 19.6564, 16.9654, 13.2439, 10.1237, 8.52418, 7.74488, 7.51352]",0.00179749,"[0.0, 0.0, 0.0, 0.0]",0.346282
0.0,0.00365799,0.0,0.0,-0.582,0.0,1957.56,0.0,94.0,0,"[200.0, 200.0, 200.0, 200.0, 200.0, 200.0, 200.0, 200.0, 200.0, 200.0, 200.0, 200.0, 200.0, 200.0, 200.0, 200.0, 200.0, 200.0, 200.0, 200.0, 200.0, 200.0, 200.0, 200.0, 200.0, 200.0, 200.0, 200.0, 200.0, 200.0, 200.0, 200.0, 200.0, 200.0, 200.0, 200.0]",1,942.478,0.00187065,0.0500377,-0.00546558,0.0,"[7.48658, 7.79293, 8.84666, 11.3686, 20.0323, 64.566, 55.6536, 47.2582, 39.6464, 33.0363, 27.5369, 23.121, 19.6564, 16.9654, 13.2439, 10.1237, 8.52418, 7.74488, 7.51352]",0.00179749,"[0.0, 0.0, 0.0, 0.0]",0.346282
0.0,0.00365799,0.0,0.0,-0.562,0.0,1957.56,0.0,94.0,0,"[200.0, 200.0, 200.0, 200.0, 200.0, 200.0, 200.0, 200.0, 200.0, 200.0, 200.0, 200.0, 200.0, 200.0, 200.0, 200.0, 200.0, 200.0, 200.0, 200.0, 200.0, 200.0, 200.0, 200.0, 200.0, 200.0, 200.0, 200.0, 200.0, 200.0, 200.0, 200.0, 200.0, 200.0, 200.0, 200.0]",1,942.478,0.00187065,0.0500377,-0.00546558,0.0,"[7.48658, 7.79293, 8.84666, 11.3686, 20.0323, 64.566, 55.6536, 47.2582, 39.6464, 33.0363, 27.5369, 23.121, 19.6564, 16.9654, 13.2439, 10.1237, 8.52418, 7.74488, 7.51352]",0.00179749,"[0.0, 0.0, 0.0, 0.0]",0.346282
0.0,0.00365799,0.0,0.0,-0.542,0.0,1957.56,0.0,94.0,0,"[200.0, 200.0, 200.0, 200.0, 200.0, 200.0, 200.0, 200.0, 200.0, 200.0, 200.0, 200.0, 200.0, 200.0, 200.0, 200.0, 200.0, 200.0, 200.0, 200.0, 200.0, 200.0, 200.0, 200.0, 200.0, 200.0, 200.0, 200.0, 200.0, 200.0, 200.0, 200.0, 200.0, 200.0, 200.0, 200.0]",1,942.478,0.00187065,0.0500377,-0.00546558,0.0,"[7.48658, 7.79293, 8.84666, 11.3686, 20.0323, 64.566, 55.6536, 47.2582, 39.6464, 33.0363, 27.5369, 23.121, 19.6564, 16.9654, 13.2439, 10.1237, 8.52418, 7.74488, 7.51352]",0.00179749,"[0.0, 0.0, 0.0, 0.0]",0.346282
0.0,0.00365799,0.0,0.0,-0.522,0.0,1957.56,0.0,94.0,0,"[200.0, 200.0, 200.0, 200.0, 200.0, 200.0, 200.0, 200.0, 200.0, 200.0, 200.0, 200.0, 200.0, 200.0, 200.0, 200.0, 200.0, 200.0, 200.0, 200.0, 200.0, 200.0, 200.0, 200.0, 200.0, 200.0, 200.0, 200.0, 200.0, 200.0, 200.0, 200.0, 200.0, 200.0, 200.0, 200.0]",1,942.478,0.00187065,0.0500377,-0.00546558,0.0,"[7.48658, 7.79293, 8.84666, 11.3686, 20.0323, 64.566, 55.6536, 47.2582, 39.6464, 33.0363, 27.5369, 23.121, 19.6564, 16.9654, 13.2439, 10.1237, 8.52418, 7.74488, 7.51352]",0.00179749,"[0.0, 0.0, 0.0, 0.0]",0.346282
0.0,0.00365799,0.0,0.0,-0.502,0.0,1957.56,0.0,94.0,0,"[200.0, 200.0, 200.0, 200.0, 200.0, 200.0, 200.0, 200.0, 200.0, 200.0, 200.0, 200.0, 200.0, 200.0, 200.0, 200.0, 200.0, 200.0, 200.0, 200.0, 200.0, 200.0, 200.0, 200.0, 200.0, 200.0, 200.0, 200.0, 200.0, 200.0, 200.0, 200.0, 200.0, 200.0, 200.0, 200.0]",1,942.478,0.00187065,0.0500377,-0.00546558,0.0,"[7.48658, 7.79293, 8.84666, 11.3686, 20.0323, 64.566, 55.6536, 47.2582, 39.6464, 33.0363, 27.5369, 23.121, 19.6564, 16.9654, 13.2439, 10.1237, 8.52418, 7.74488, 7.51352]",0.00179749,"[0.0, 0.0, 0.0, 0.0]",0.346282
0.0,0.00365799,0.0,0.0,-0.482,0.0,1957.56,0.0,94.0,0,"[200.0, 200.0, 200.0, 200.0, 200.0, 200.0, 200.0, 200.0, 200.0, 200.0, 200.0, 200.0, 200.0, 200.0, 200.0, 200.0, 200.0, 200.0, 200.0, 200.0, 200.0, 200.0, 200.0, 200.0, 200.0, 200.0, 200.0, 200.0, 200.0, 200.0, 200.0, 200.0, 200.0, 200.0, 200.0, 200.0]",1,942.478,0.00187065,0.0500377,-0.00546558,0.0,"[7.48658, 7.79293, 8.84666, 11.3686, 20.0323, 64.566, 55.6536, 47.2582, 39.6464, 33.0363, 27.5369, 23.121, 19.6564, 16.9654, 13.2439, 10.1237, 8.52418, 7.74488, 7.51352]",0.00179749,"[0.0, 0.0, 0.0, 0.0]",0.346282
0.0,0.00365799,0.0,0.0,-0.462,0.0,1957.56,0.0,94.0,0,"[200.0, 200.0, 200.0, 200.0, 200.0, 200.0, 200.0, 200.0, 200.0, 200.0, 200.0, 200.0, 200.0, 200.0, 200.0, 200.0, 200.0, 200.0, 200.0, 200.0, 200.0, 200.0, 200.0, 200.0, 200.0, 200.0, 200.0, 200.0, 200.0, 200.0, 200.0, 200.0, 200.0, 200.0, 200.0, 200.0]",1,942.478,0.00187065,0.0500377,-0.00546558,0.0,"[7.48658, 7.79293, 8.84666, 11.3686, 20.0323, 64.566, 55.6536, 47.2582, 39.6464, 33.0363, 27.5369, 23.121, 19.6564, 16.9654, 13.2439, 10.1237, 8.52418, 7.74488, 7.51352]",0.00179749,"[0.0, 0.0, 0.0, 0.0]",0.346282
0.0,0.00365799,0.0,0.0,-0.442,0.0,1957.56,0.0,94.0,0,"[200.0, 200.0, 200.0, 200.0, 200.0, 200.0, 200.0, 200.0, 200.0, 200.0, 200.0, 200.0, 200.0, 200.0, 200.0, 200.0, 200.0, 200.0, 200.0, 200.0, 200.0, 200.0, 200.0, 200.0, 200.0, 200.0, 200.0, 200.0, 200.0, 200.0, 200.0, 200.0, 200.0, 200.0, 200.0, 200.0]",1,942.478,0.00187065,0.0500377,-0.00546558,0.0,"[7.48658, 7.79293, 8.84666, 11.3686, 20.0323, 64.566, 55.6536, 47.2582, 39.6464, 33.0363, 27.5369, 23.121, 19.6564, 16.9654, 13.2439, 10.1237, 8.52418, 7.74488, 7.51352]",0.00179749,"[0.0, 0.0, 0.0, 0.0]",0.346282
0.0,0.00365799,0.0,0.0,-0.422,0.0,1957.56,0.0,94.0,0,"[200.0, 200.0, 200.0, 200.0, 200.0, 200.0, 200.0, 200.0, 200.0, 200.0, 200.0, 200.0, 200.0, 200.0, 200.0, 200.0, 200.0, 200.0, 200.0, 200.0, 200.0, 200.0, 200.0, 200.0, 200.0, 200.0, 200.0, 200.0, 200.0, 200.0, 200.0, 200.0, 200.0, 200.0, 200.0, 200.0]",1,942.478,0.00187065,0.0500377,-0.00546558,0.0,"[7.48658, 7.79293, 8.84666, 11.3686, 20.0323, 64.566, 55.6536, 47.2582, 39.6464, 33.0363, 27.5369, 23.121, 19.6564, 16.9654, 13.2439, 10.1237, 8.52418, 7.74488, 7.51352]",0.00179749,"[0.0, 0.0, 0.0, 0.0]",0.346282
0.0,0.00365799,0.0,0.0,-0.402,0.0,1957.56,0.0,94.0,0,"[200.0, 200.0, 200.0, 200.0, 200.0, 200.0, 200.0, 200.0, 200.0, 200.0, 200.0, 200.0, 200.0, 200.0, 200.0, 200.0, 200.0, 200.0, 200.0, 200.0, 200.0, 200.0, 200.0, 200.0, 200.0, 200.0, 200.0, 200.0, 200.0, 200.0, 200.0, 200.0, 200.0, 200.0, 200.0, 200.0]",1,942.478,0.00187065,0.0500377,-0.00546558,0.0,"[7.48658, 7.79293, 8.84666, 11.3686, 20.0323, 64.566, 55.6536, 47.2582, 39.6464, 33.0363, 27.5369, 23.121, 19.6564, 16.9654, 13.2439, 10.1237, 8.52418, 7.74488, 7.51352]",0.00179749,"[0.0, 0.0, 0.0, 0.0]",0.346282
0.0,0.00365799,0.0,0.0,-0.382,0.0,1957.56,0.0,94.0,0,"[200.0, 200.0, 200.0, 200.0, 200.0, 200.0, 200.0, 200.0, 200.0, 200.0, 200.0, 200.0, 200.0, 200.0, 200.0, 200.0, 200.0, 200.0, 200.0, 200.0, 200.0, 200.0, 200.0, 200.0, 200.0, 200.0, 200.0, 200.0, 200.0, 200.0, 200.0, 200.0, 200.0, 200.0, 200.0, 200.0]",1,942.478,0.00187065,0.0500377,-0.00546558,0.0,"[7.48658, 7.79293, 8.84666, 11.3686, 20.0323, 64.566, 55.6536, 47.2582, 39.6464, 33.0363, 27.5369, 23.121, 19.6564, 16.9654, 13.2439, 10.1237, 8.52418, 7.74488, 7.51352]",0.00179749,"[0.0, 0.0, 0.0, 0.0]",0.346282
0.0,0.00365799,0.0,0.0,-0.362,0.0,1957.56,0.0,94.0,0,"[200.0, 200.0, 200.0, 200.0, 200.0, 200.0, 200.0, 200.0, 200.0, 200.0, 200.0, 200.0, 200.0, 200.0, 200.0, 200.0, 200.0, 200.0, 200.0, 200.0, 200.0, 200.0, 200.0, 200.0, 200.0, 200.0, 200.0, 200.0, 200.0, 200.0, 200.0, 200.0, 200.0, 200.0, 200.0, 200.0]",1,942.478,0.00187065,0.0500377,-0.00546558,0.0,"[7.48658, 7.79293, 8.84666, 11.3686, 20.0323, 64.566, 55.6536, 47.2582, 39.6464, 33.0363, 27.5369, 23.121, 19.6564, 16.9654, 13.2439, 10.1237, 8.52418, 7.74488, 7.51352]",0.00179749,"[0.0, 0.0, 0.0, 0.0]",0.346282
0.0,0.00365799,0.0,0.0,-0.342,0.0,1957.56,0.0,94.0,0,"[200.0, 200.0, 200.0, 200.0, 200.0, 200.0, 200.0, 200.0, 200.0, 200.0, 200.0, 200.0, 200.0, 200.0, 200.0, 200.0, 200.0, 200.0, 200.0, 200.0, 200.0, 200.0, 200.0, 200.0, 200.0, 200.0, 200.0, 200.0, 200.0, 200.0, 200.0, 200.0, 200.0, 200.0, 200.0, 200.0]",1,942.478,0.00187065,0.0500377,-0.00546558,0.0,"[7.48658, 7.79293, 8.84666, 11.3686, 20.0323, 64.566, 55.6536, 47.2582, 39.6464, 33.0363, 27.5369, 23.121, 19.6564, 16.9654, 13.2439, 10.1237, 8.52418, 7.74488, 7.51352]",0.00179749,"[0.0, 0.0, 0.0, 0.0]",0.346282
0.0,0.00365799,0.0,0.0,-0.322,0.0,1957.56,0.0,94.0,0,"[200.0, 200.0, 200.0, 200.0, 200.0, 200.0, 200.0, 200.0, 200.0, 200.0, 200.0, 200.0, 200.0, 200.0, 200.0, 200.0, 200.0, 200.0, 200.0, 200.0, 200.0, 200.0, 200.0, 200.0, 200.0, 200.0, 200.0, 200.0, 200.0, 200.0, 200.0, 200.0, 200.0, 200.0, 200.0, 200.0]",1,942.478,0.00187065,0.0500377,-0.00546558,0.0,"[7.48658, 7.79293, 8.84666, 11.3686, 20.0323, 64.566, 55.6536, 47.2582, 39.6464, 33.0363, 27.5369, 23.121, 19.6564, 16.9654, 13.2439, 10.1237, 8.52418, 7.74488, 7.51352]",0.00179749,"[0.0, 0.0, 0.0, 0.0]",0.346282
0.0,0.00365799,0.0,0.0,-0.302,0.0,1957.56,0.0,94.0,0,"[200.0, 200.0, 200.0, 200.0, 200.0, 200.0, 200.0, 200.0, 200.0, 200.0, 200.0, 200.0, 200.0, 200.0, 200.0, 200.0, 200.0, 200.0, 200.0, 200.0, 200.0, 200.0, 200.0, 200.0, 200.0, 200.0, 200.0, 200.0, 200.0, 200.0, 200.0, 200.0, 200.0, 200.0, 200.0, 200.0]",1,942.478,0.00187065,0.0500377,-0.00546558,0.0,"[7.48658, 7.79293, 8.84666, 11.3686, 20.0323, 64.566, 55.6536, 47.2582, 39.6464, 33.0363, 27.5369, 23.121, 19.6564, 16.9654, 13.2439, 10.1237, 8.52418, 7.74488, 7.51352]",0.00179749,"[0.0, 0.0, 0.0, 0.0]",0.346282
0.0,0.00365799,0.0,0.0,-0.282,0.0,1957.56,0.0,94.0,0,"[200.0, 200.0, 200.0, 200.0, 200.0, 200.0, 200.0, 200.0, 200.0, 200.0, 200.0, 200.0, 200.0, 200.0, 200.0, 200.0, 200.0, 200.0, 200.0, 200.0, 200.0, 200.0, 200.0, 200.0, 200.0, 200.0, 200.0, 200.0, 200.0, 200.0, 200.0, 200.0, 200.0, 200.0, 200.0, 200.0]",1,942.478,0.00187065,0.0500377,-0.00546558,0.0,"[7.48658, 7.79293, 8.84666, 11.3686, 20.0323, 64.566, 55.6536, 47.2582, 39.6464, 33.0363, 27.5369, 23.121, 19.6564, 16.9654, 13.2439, 10.1237, 8.52418, 7.74488, 7.51352]",0.00179749,"[0.0, 0.0, 0.0, 0.0]",0.346282
0.0,0.00365799,0.0,0.0,-0.262,0.0,1957.56,0.0,94.0,0,"[200.0, 200.0, 200.0, 200.0, 200.0, 200.0, 200.0, 200.0, 200.0, 200.0, 200.0, 200.0, 200.0, 200.0, 200.0, 200.0, 200.0, 200.0, 200.0, 200.0, 200.0, 200.0, 200.0, 200.0, 200.0, 200.0, 200.0, 200.0, 200.0, 200.0, 200.0, 200.0, 200.0, 200.0, 200.0, 200.0]",1,942.478,0.00187065,0.0500377,-0.00546558,0.0,"[7.48658, 7.79293, 8.84666, 11.3686, 20.0323, 64.566, 55.6536, 47.2582, 39.6464, 33.0363, 27.5369, 23.121, 19.6564, 16.9654, 13.2439, 10.1237, 8.52418, 7.74488, 7.51352]",0.00179749,"[0.0, 0.0, 0.0, 0.0]",0.346282
0.0,0.00365799,0.0,0.0,-0.242,0.0,1957.56,0.0,94.0,0,"[200.0, 200.0, 200.0, 200.0, 200.0, 200.0, 200.0, 200.0, 200.0, 200.0, 200.0, 200.0, 200.0, 200.0, 200.0, 200.0, 200.0, 200.0, 200.0, 200.0, 200.0, 200.0, 200.0, 200.0, 200.0, 200.0, 200.0, 200.0, 200.0, 200.0, 200.0, 200.0, 200.0, 200.0, 200.0, 200.0]",1,942.478,0.00187065,0.0500377,-0.00546558,0.0,"[7.48658, 7.79293, 8.84666, 11.3686, 20.0323, 64.566, 55.6536, 47.2582, 39.6464, 33.0363, 27.5369, 23.121, 19.6564, 16.9654, 13.2439, 10.1237, 8.52418, 7.74488, 7.51352]",0.00179749,"[0.0, 0.0, 0.0, 0.0]",0.346282
0.0,0.00365799,0.0,0.0,-0.222,0.0,1957.56,0.0,94.0,0,"[200.0, 200.0, 200.0, 200.0, 200.0, 200.0, 200.0, 200.0, 200.0, 200.0, 200.0, 200.0, 200.0, 200.0, 200.0, 200.0, 200.0, 200.0, 200.0, 200.0, 200.0, 200.0, 200.0, 200.0, 200.0, 200.0, 200.0, 200.0, 200.0, 200.0, 200.0, 200.0, 200.0, 200.0, 200.0, 200.0]",1,942.478,0.00187065,0.0500377,-0.00546558,0.0,"[7.48658, 7.79293, 8.84666, 11.3686, 20.0323, 64.566, 55.6536, 47.2582, 39.6464, 33.0363, 27.5369, 23.121, 19.6564, 16.9654, 13.2439, 10.1237, 8.52418, 7.74488, 7.51352]",0.00179749,"[0.0, 0.0, 0.0, 0.0]",0.346282
0.0,0.00365799,0.0,0.0,-0.202,0.0,1957.56,0.0,94.0,0,"[200.0, 200.0, 200.0, 200.0, 200.0, 200.0, 200.0, 200.0, 200.0, 200.0, 200.0, 200.0, 200.0, 200.0, 200.0, 200.0, 200.0, 200.0, 200.0, 200.0, 200.0, 200.0, 200.0, 200.0, 200.0, 200.0, 200.0, 200.0, 200.0, 200.0, 200.0, 200.0, 200.0, 200.0, 200.0, 200.0]",1,942.478,0.00187065,0.0500377,-0.00546558,0.0,"[7.48658, 7.79293, 8.84666, 11.3686, 20.0323, 64.566, 55.6536, 47.2582, 39.6464, 33.0363, 27.5369, 23.121, 19.6564, 16.9654, 13.2439, 10.1237, 8.52418, 7.74488, 7.51352]",0.00179749,"[0.0, 0.0, 0.0, 0.0]",0.346282
0.0,0.00365799,0.0,0.0,-0.182,0.0,1957.56,0.0,94.0,0,"[200.0, 200.0, 200.0, 200.0, 200.0, 200.0, 200.0, 200.0, 200.0, 200.0, 200.0, 200.0, 200.0, 200.0, 200.0, 200.0, 200.0, 200.0, 200.0, 200.0, 200.0, 200.0, 200.0, 200.0, 200.0, 200.0, 200.0, 200.0, 200.0, 200.0, 200.0, 200.0, 200.0, 200.0, 200.0, 200.0]",1,942.478,0.00187065,0.0500377,-0.00546558,0.0,"[7.48658, 7.79293, 8.84666, 11.3686, 20.0323, 64.566, 55.6536, 47.2582, 39.6464, 33.0363, 27.5369, 23.121, 19.6564, 16.9654, 13.2439, 10.1237, 8.52418, 7.74488, 7.51352]",0.00179749,"[0.0, 0.0, 0.0, 0.0]",0.346282
0.0,0.00365799,0.0,0.0,-0.162,0.0,1957.56,0.0,94.0,0,"[200.0, 200.0, 200.0, 200.0, 200.0, 200.0, 200.0, 200.0, 200.0, 200.0, 200.0, 200.0, 200.0, 200.0, 200.0, 200.0, 200.0, 200.0, 200.0, 200.0, 200.0, 200.0, 200.0, 200.0, 200.0, 200.0, 200.0, 200.0, 200.0, 200.0, 200.0, 200.0, 200.0, 200.0, 200.0, 200.0]",1,942.478,0.00187065,0.0500377,-0.00546558,0.0,"[7.48658, 7.79293, 8.84666, 11.3686, 20.0323, 64.566, 55.6536, 47.2582, 39.6464, 33.0363, 27.5369, 23.121, 19.6564, 16.9654, 13.2439, 10.1237, 8.52418, 7.74488, 7.51352]",0.00179749,"[0.0, 0.0, 0.0, 0.0]",0.346282
0.0,0.00365799,0.0,0.0,-0.142,0.0,1957.56,0.0,94.0,0,"[200.0, 200.0, 200.0, 200.0, 200.0, 200.0, 200.0, 200.0, 200.0, 200.0, 200.0, 200.0, 200.0, 200.0, 200.0, 200.0, 200.0, 200.0, 200.0, 200.0, 200.0, 200.0, 200.0, 200.0, 200.0, 200.0, 200.0, 200.0, 200.0, 200.0, 200.0, 200.0, 200.0, 200.0, 200.0, 200.0]",1,942.478,0.00187065,0.0500377,-0.00546558,0.0,"[7.48658, 7.79293, 8.84666, 11.3686, 20.0323, 64.566, 55.6536, 47.2582, 39.6464, 33.0363, 27.5369, 23.121, 19.6564, 16.9654, 13.2439, 10.1237, 8.52418, 7.74488, 7.51352]",0.00179749,"[0.0, 0.0, 0.0, 0.0]",0.346282
0.0,0.00365799,0.0,0.0,-0.122,0.0,1957.56,0.0,94.0,0,"[200.0, 200.0, 200.0, 200.0, 200.0, 200.0, 200.0, 200.0, 200.0, 200.0, 200.0, 200.0, 200.0, 200.0, 200.0, 200.0, 200.0, 200.0, 200.0, 200.0, 200.0, 200.0, 200.0, 200.0, 200.0, 200.0, 200.0, 200.0, 200.0, 200.0, 200.0, 200.0, 200.0, 200.0, 200.0, 200.0]",1,942.478,0.00187065,0.0500377,-0.00546558,0.0,"[7.48658, 7.79293, 8.84666, 11.3686, 20.0323, 64.566, 55.6536, 47.2582, 39.6464, 33.0363, 27.5369, 23.121, 19.6564, 16.9654, 13.2439, 10.1237, 8.52418, 7.74488, 7.51352]",0.00179749,"[0.0, 0.0, 0.0, 0.0]",0.346282
0.0,0.00365799,0.0,0.0,-0.102,0.0,1957.56,0.0,94.0,0,"[200.0, 200.0, 200.0, 200.0, 200.0, 200.0, 200.0, 200.0, 200.0, 200.0, 200.0, 200.0, 200.0, 200.0, 200.0, 200.0, 200.0, 200.0, 200.0, 200.0, 200.0, 200.0, 200.0, 200.0, 200.0, 200.0, 200.0, 200.0, 200.0, 200.0, 200.0, 200.0, 200.0, 200.0, 200.0, 200.0]",1,942.478,0.00187065,0.0500377,-0.00546558,0.0,"[7.48658, 7.79293, 8.84666, 11.3686, 20.0323, 64.566, 55.6536, 47.2582, 39.6464, 33.0363, 27.5369, 23.121, 19.6564, 16.9654, 13.2439, 10.1237, 8.52418, 7.74488, 7.51352]",0.00179749,"[0.0, 0.0, 0.0, 0.0]",0.346282
0.0,0.00365799,0.0,0.0,-0.082,0.0,1957.56,0.0,94.0,0,"[200.0, 200.0, 200.0, 200.0, 200.0, 200.0, 200.0, 200.0, 200.0, 200.0, 200.0, 200.0, 200.0, 200.0, 200.0, 200.0, 200.0, 200.0, 200.0, 200.0, 200.0, 200.0, 200.0, 200.0, 200.0, 200.0, 200.0, 200.0, 200.0, 200.0, 200.0, 200.0, 200.0, 200.0, 200.0, 200.0]",1,942.478,0.00187065,0.0500377,-0.00546558,0.0,"[7.48658, 7.79293, 8.84666, 11.3686, 20.0323, 64.566, 55.6536, 47.2582, 39.6464, 33.0363, 27.5369, 23.121, 19.6564, 16.9654, 13.2439, 10.1237, 8.52418, 7.74488, 7.51352]",0.00179749,"[0.0, 0.0, 0.0, 0.0]",0.346282
0.0,0.00365799,0.0,0.0,-0.062,0.0,1957.56,0.0,94.0,0,"[200.0, 200.0, 200.0, 200.0, 200.0, 200.0, 200.0, 200.0, 200.0, 200.0, 200.0, 200.0, 200.0, 200.0, 200.0, 200.0, 200.0, 200.0, 200.0, 200.0, 200.0, 200.0, 200.0, 200.0, 200.0, 200.0, 200.0, 200.0, 200.0, 200.0, 200.0, 200.0, 200.0, 200.0, 200.0, 200.0]",1,942.478,0.00187065,0.0500377,-0.00546558,0.0,"[7.48658, 7.79293, 8.84666, 11.3686, 20.0323, 64.566, 55.6536, 47.2582, 39.6464, 33.0363, 27.5369, 23.121, 19.6564, 16.9654, 13.2439, 10.1237, 8.52418, 7.74488, 7.51352]",0.00179749,"[0.0, 0.0, 0.0, 0.0]",0.346282
0.0,0.00365799,0.0,0.0,-0.042,0.0,1957.56,0.0,94.0,0,"[200.0, 200.0, 200.0, 200.0, 200.0, 200.0, 200.0, 200.0, 200.0, 200.0, 200.0, 200.0, 200.0, 200.0, 200.0, 200.0, 200.0, 200.0, 200.0, 200.0, 200.0, 200.0, 200.0, 200.0, 200.0, 200.0, 200.0, 200.0, 200.0, 200.0, 200.0, 200.0, 200.0, 200.0, 200.0, 200.0]",1,942.478,0.00187065,0.0500377,-0.00546558,0.0,"[7.48658, 7.79293, 8.84666, 11.3686, 20.0323, 64.566, 55.6536, 47.2582, 39.6464, 33.0363, 27.5369, 23.121, 19.6564, 16.9654, 13.2439, 10.1237, 8.52418, 7.74488, 7.51352]",0.00179749,"[0.0, 0.0, 0.0, 0.0]",0.346282
0.0,0.00365799,0.0,0.0,-0.022,0.0,1957.56,0.0,94.0,0,"[200.0, 200.0, 200.0, 200.0, 200.0, 200.0, 200.0, 200.0, 200.0, 200.0, 200.0, 200.0, 200.0, 200.0, 200.0, 200.0, 200.0, 200.0, 200.0, 200.0, 200.0, 200.0, 200.0, 200.0, 200.0, 200.0, 200.0, 200.0, 200.0, 200.0, 200.0, 200.0, 200.0, 200.0, 200.0, 200.0]",1,942.478,0.00187065,0.0500377,-0.00546558,0.0,"[7.48658, 7.79293, 8.84666, 11.3686, 20.0323, 64.566, 55.6536, 47.2582, 39.6464, 33.0363, 27.5369, 23.121, 19.6564, 16.9654, 13.2439, 10.1237, 8.52418, 7.74488, 7.51352]",0.00179749,"[0.0, 0.0, 0.0, 0.0]",0.346282
0.0,0.00335854,0.0,0.0,0.018,0.0,1957.56,0.0,94.0,0,"[200.0, 200.0, 200.0, 200.0, 200.0, 200.0, 200.0, 200.0, 200.0, 200.0, 200.0, 200.0, 200.0, 200.0, 200.0, 200.0, 200.0, 200.0, 200.0, 200.0, 200.0, 200.0, 200.0, 200.0, 200.0, 200.0, 200.0, 200.0, 200.0, 200.0, 200.0, 200.0, 200.0, 200.0, 200.0, 200.0]",1,942.478,0.000173795,0.111707,-0.00626341,0.0,"[7.48606, 7.79169, 8.84425, 11.3633, 20.0055, 64.5977, 55.6842, 47.2866, 39.6719, 33.0582, 27.5549, 23.1355, 19.6678, 16.9744, 13.2496, 10.1268, 8.52603, 7.74595, 7.51402]",0.00186462,"[-0.888954, 0.851896, -2.04519, 2.16271]",0.346289
0.0,0.00327557,0.0,0.0,0.038,0.0,1957.56,0.0,94.0,1,"[200.0, 200.0, 200.0, 200.0, 200.0, 200.0, 200.0, 200.0, 200.0, 200.0, 200.0, 200.0, 200.0, 200.0, 200.0, 200.0, 200.0, 200.0, 200.0, 200.0, 200.0, 200.0, 200.0, 200.0, 200.0, 200.0, 200.0, 200.0, 200.0, 200.0, 200.0, 200.0, 200.0, 200.0, 200.0, 200.0]",1,942.478,0.000815623,0.13139,-0.00866341,0.0,"[7.48537, 7.79077, 8.84292, 11.361, 19.9959, 64.6072, 55.6935, 47.2955, 39.68, 33.0654, 27.5611, 23.1407, 19.672, 16.9779, 13.2521, 10.1284, 8.52715, 7.7468, 7.51471]",0.00195618,"[0.971982, -0.911193, 1.65779, -1.63326]",0.346301
0.0,0.00330513,0.0,0.0,0.058,0.0,1957.56,0.00012207,94.0,1,"[200.0, 200.0, 200.0, 200.0, 200.0, 200.0, 200.0, 200.0, 200.0, 200.0, 200.0, 200.0, 200.0, 200.0, 200.0, 200.0, 200.0, 200.0, 200.0, 200.0, 200.0, 200.0, 200.0, 200.0, 200.0, 200.0, 200.0, 200.0, 200.0, 200.0, 200.0, 200.0, 200.0, 200.0, 200.0, 200.0]",1,942.478,-0.000278223,0.147212,-0.0114822,0.0,"[7.4846, 7.79004, 8.84217, 11.3602, 19.9952, 64.605, 55.6917, 47.2942, 39.6792, 33.065, 27.561, 23.1409, 19.6725, 16.9786, 13.2528, 10.1291, 8.52787, 7.74754, 7.51548]",0.00205892,"[-0.938273, 0.902707, -1.57719, 1.70591]",0.346304
0.0,0.00335663,0.0,0.0,0.078,0.0,1957.56,0.00012207,94.0,1,"[200.0, 200.0, 200.0, 200.0, 200.0, 200.0, 200.0, 200.0, 200.0, 200.0, 200.0, 200.0, 200.0, 200.0, 200.0, 200.0, 200.0, 200.0, 200.0, 200.0, 200.0, 200.0, 200.0, 200.0, 200.0, 200.0, 200.0, 200.0, 200.0, 200.0, 200.0, 200.0, 200.0, 200.0, 200.0, 200.0]",1,942.478,0.000537271,0.156646,-0.0141349,0.0,"[7.48375, 7.78926, 8.84146, 11.3596, 19.996, 64.6007, 55.6878, 47.2909, 39.6766, 33.0632, 27.5599, 23.1404, 19.6724, 16.9787, 13.2533, 10.1298, 8.52861, 7.74832, 7.51633]",0.00217285,"[0.943426, -0.877976, 1.65187, -1.6315]",0.346299
0.0,0.0034191,0.0,0.0,0.098,0.0,1957.56,0.0,94.0,1,"[200.0, 200.0, 200.0, 200.0, 200.0, 200.0, 200.0, 200.0, 200.0, 200.0, 200.0, 200.0, 200.0, 200.0, 200.0, 200.0, 200.0, 200.0, 200.0, 200.0, 200.0, 200.0, 200.0, 200.0, 200.0, 200.0, 200.0, 200.0, 200.0, 200.0, 200.0, 200.0, 200.0, 200.0, 200.0, 200.0]",1,942.478,-0.000531576,0.16455,-0.0162675,0.0,"[7.48284, 7.78846, 8.84072, 11.359, 19.9974, 64.5952, 55.6829, 47.2867, 39.6733, 33.0608, 27.5584, 23.1395, 19.6721, 16.9787, 13.2537, 10.1305, 8.52937, 7.74915, 7.51725]",0.0022939,"[-0.958443, 0.933098, -1.58767, 1.7]",0.346285
0.0,0.00349062,0.0,0.0,0.118,0.0,1957.56,0.0,94.0,1,"[200.0, 200.0, 200.0, 200.0, 200.0, 200.0, 200.0, 200.0, 200.0, 200.0, 200.0, 200.0, 200.0, 200.0, 200.0, 200.0, 200.0, 200.0, 200.0, 200.0, 200.0, 200.0, 200.0, 200.0, 200.0, 200.0, 200.0, 200.0, 200.0, 200.0, 200.0, 200.0, 200.0, 200.0, 200.0, 200.0]",1,942.478,0.000553246,0.169966,-0.0177632,0.0,"[7.48191, 7.78766, 8.84003, 11.3585, 19.9995, 64.5889, 55.6772, 47.2817, 39.6692, 33.0578, 27.5563, 23.1383, 19.6714, 16.9785, 13.254, 10.1311, 8.5301, 7.74997, 7.51818]",0.00241801,"[0.924624, -0.859818, 1.64847, -1.64445]",0.346263
0.0,0.0035693,0.0,0.0,0.138,0.0,1957.56,0.0,94.0,1,"[200.0, 200.0, 200.0, 200.0, 200.0, 200.0, 200.0, 200.0, 200.0, 200.0, 200.0, 200.0, 200.0, 200.0, 200.0, 200.0, 200.0, 200.0, 200.0, 200.0, 200.0, 200.0, 200.0, 200.0, 200.0, 200.0, 200.0, 200.0, 200.0, 200.0, 200.0, 200.0, 200.0, 200.0, 200.0, 200.0]",1,942.478,-0.000522923,0.174644,-0.0187665,0.0,"[7.48095, 7.78684, 8.83935, 11.3581, 20.0021, 64.5818, 55.6707, 47.2762, 39.6647, 33.0543, 27.5539, 23.1368, 19.6705, 16.9782, 13.2542, 10.1316, 8.53084, 7.75082, 7.51913]",0.00254618,"[-0.9814, 0.946192, -1.59803, 1.69618]",0.346237
0.0,0.00365513,0.0,0.0,0.158,0.0,1957.56,0.0,94.0,1,"[200.0, 200.0, 200.0, 200.0, 200.0, 200.0, 200.0, 200.0, 200.0, 200.0, 200.0, 200.0, 200.0, 200.0, 200.0, 200.0, 200.0, 200.0, 200.0, 200.0, 200.0, 200.0, 200.0, 200.0, 200.0, 200.0, 200.0, 200.0, 200.0, 200.0, 200.0, 200.0, 200.0, 200.0, 200.0, 200.0]",1,942.478,0.000620074,0.178489,-0.0193254,0.0,"[7.47998, 7.78602, 8.83868, 11.3578, 20.0051, 64.574, 55.6637, 47.27, 39.6596, 33.0504, 27.5511, 23.1349, 19.6695, 16.9776, 13.2543, 10.1322, 8.53157, 7.75167, 7.52013]",0.00267741,"[0.902943, -0.852643, 1.64522, -1.65415]",0.346208
0.0,0.00374764,0.0,0.0,0.178,0.0,1957.56,0.0,94.0,1,"[200.0, 200.0, 200.0, 200.0, 200.0, 200.0, 200.0, 200.0, 200.0, 200.0, 200.0, 200.0, 200.0, 200.0, 200.0, 200.0, 200.0, 200.0, 200.0, 200.0, 200.0, 200.0, 200.0, 200.0, 200.0, 200.0, 200.0, 200.0, 200.0, 200.0, 200.0, 200.0, 200.0, 200.0, 200.0, 200.0]",1,942.478,-0.00108133,0.181583,-0.0195505,0.0,"[7.47898, 7.78519, 8.83802, 11.3576, 20.0087, 64.5656, 55.6559, 47.2632, 39.654, 33.0461, 27.548, 23.1328, 19.6682, 16.977, 13.2544, 10.1327, 8.53228, 7.75252, 7.52113]",0.00281067,"[-0.990099, 0.955887, -1.59704, 1.69946]",0.346178
0.0,0.00384634,0.0,0.0,0.198,0.0,1957.56,0.0,94.0,1,"[200.0, 200.0, 200.0, 200.0, 200.0, 200.0, 200.0, 200.0, 200.0, 200.0, 200.0, 200.0, 200.0, 200.0, 200.0, 200.0, 200.0, 200.0, 200.0, 200.0, 200.0, 200.0, 200.0, 200.0, 200.0, 200.0, 200.0, 200.0, 200.0, 200.0, 200.0, 200.0, 200.0, 200.0, 200.0, 200.0]",1,942.478,-0.000152014,0.184727,-0.0196258,0.0,"[7.47797, 7.78437, 8.83739, 11.3574, 20.0127, 64.5565, 55.6475, 47.2559, 39.648, 33.0414, 27.5447, 23.1306, 19.6668, 16.9762, 13.2544, 10.1332, 8.53301, 7.75339, 7.52215]",0.00294596,"[0.899871, -0.841806, 1.6498, -1.64902]",0.346148
0.0,0.00394982,0.0,0.0,0.218,0.0,1957.56,0.0,94.0,1,"[200.0, 200.0, 200.0, 200.0, 200.0, 200.0, 200.0, 200.0, 200.0, 200.0, 200.0, 200.0, 200.0, 200.0, 200.0, 200.0, 200.0, 200.0, 200.0, 200.0, 200.0, 200.0, 200.0, 200.0, 200.0, 200.0, 200.0, 200.0, 200.0, 200.0, 200.0, 200.0, 200.0, 200.0, 200.0, 200.0]",1,942.478,-0.00187527,0.186815,-0.0195448,0.0,"[7.47692, 7.78353, 8.83675, 11.3572, 20.0169, 64.547, 55.6388, 47.2482, 39.6416, 33.0364, 27.541, 23.1281, 19.6652, 16.9753, 13.2543, 10.1337, 8.53372, 7.75427, 7.52319]",0.00308533,"[-0.989787, 0.966724, -1.5924, 1.70269]",0.346121
0.0,0.00405854,0.0,0.0,0.238,0.0,1957.56,0.0,94.0,1,"[200.0, 200.0, 200.0, 200.0, 200.0, 200.0, 200.0, 200.0, 200.0, 200.0, 200.0, 200.0, 200.0, 200.0, 200.0, 200.0, 200.0, 200.0, 200.0, 200.0, 200.0, 200.0, 200.0, 200.0, 200.0, 200.0, 200.0, 200.0, 200.0, 200.0, 200.0, 200.0, 200.0, 200.0, 200.0, 200.0]",1,942.478,-0.000821555,0.189592,-0.0194883,0.0,"[7.47589, 7.7827, 8.83616, 11.3571, 20.0217, 64.5369, 55.6295, 47.24, 39.6348, 33.031, 27.5371, 23.1254, 19.6635, 16.9743, 13.2542, 10.1341, 8.53442, 7.75513, 7.52424]",0.00322367,"[0.8937, -0.836256, 1.65347, -1.64142]",0.346095
0.0,0.00413292,0.0,0.0,0.26,0.0,1957.56,0.0,94.0,1,"[200.0, 200.0, 200.0, 200.0, 200.0, 200.0, 200.0, 200.0, 200.0, 200.0, 200.0, 200.0, 200.0, 200.0, 200.0, 200.0, 200.0, 200.0, 200.0, 200.0, 200.0, 200.0, 200.0, 200.0, 200.0, 200.0, 200.0, 200.0, 200.0, 200.0, 200.0, 200.0, 200.0, 200.0, 200.0, 200.0]",1,942.478,-0.00236117,0.191175,-0.0195319,0.0,"[7.47473, 7.78165, 8.83521, 11.3563, 20.0231, 64.5305, 55.6238, 47.2352, 39.631, 33.0283, 27.5354, 23.1245, 19.6632, 16.9744, 13.2548, 10.135, 8.53539, 7.75621, 7.5254]",0.00337931,"[-1.94298, 1.87256, -1.56729, 1.73461]",0.346068
0.0,0.00434702,0.0,0.0,0.28,0.0,1957.56,0.0,94.0,1,"[200.0, 200.0, 200.0, 200.0, 200.0, 200.0, 200.0, 200.0, 200.0, 200.0, 200.0, 200.0, 200.0, 200.0, 200.0, 200.0, 200.0, 200.0, 200.0, 200.0, 200.0, 200.0, 200.0, 200.0, 200.0, 200.0, 200.0, 200.0, 200.0, 200.0, 200.0, 200.0, 200.0, 200.0, 200.0, 200.0]",1,942.478,-0.00138725,0.193648,-0.0192968,0.0,"[7.47366, 7.78106, 8.8352, 11.3577, 20.0364, 64.5095, 55.604, 47.2173, 39.6156, 33.0157, 27.5255, 23.1171, 19.6579, 16.9706, 13.2529, 10.1346, 8.53568, 7.75691, 7.52648]",0.00352173,"[1.84299, -1.73844, 1.62907, -1.66969]",0.346044
0.0,0.00436896,0.0,0.0,0.3,0.0,1957.56,0.0,94.0,1,"[200.0, 200.0, 200.0, 200.0, 200.0, 200.0, 200.0, 200.0, 200.0, 200.0, 200.0, 200.0, 200.0, 200.0, 200.0, 200.0, 200.0, 200.0, 200.0, 200.0, 200.0, 200.0, 200.0, 200.0, 200.0, 200.0, 200.0, 200.0, 200.0, 200.0, 200.0, 200.0, 200.0, 200.0, 200.0, 200.0]",1,942.478,-0.00297997,0.194597,-0.0195431,0.0,"[7.47259, 7.77997, 8.83402, 11.3563, 20.0339, 64.5085, 55.6035, 47.2172, 39.6159, 33.0165, 27.5266, 23.1184, 19.6593, 16.972, 13.2543, 10.1358, 8.53679, 7.75797, 7.52757]",0.00366618,"[-1.94301, 1.87513, -1.5631, 1.73523]",0.346021
0.0,0.00459021,0.0,0.0,0.32,0.0,1957.56,0.0,94.0,1,"[200.0, 200.0, 200.0, 200.0, 200.0, 200.0, 200.0, 200.0, 200.0, 200.0, 200.0, 200.0, 200.0, 200.0, 200.0, 200.0, 200.0, 200.0, 200.0, 200.0, 200.0, 200.0, 200.0, 200.0, 200.0, 200.0, 200.0, 200.0, 200.0, 200.0, 200.0, 200.0, 200.0, 200.0, 200.0, 200.0]",1,942.478,-0.0018988,0.196891,-0.0193732,0.0,"[7.47151, 7.77937, 8.83405, 11.3578, 20.0478, 64.4868, 55.583, 47.1988, 39.6, 33.0035, 27.5164, 23.1108, 19.6536, 16.968, 13.2523, 10.1354, 8.53707, 7.75868, 7.52866]",0.00381063,"[1.8438, -1.73667, 1.62953, -1.67134]",0.345999
0.0,0.00462025,0.0,0.0,0.34,0.0,1957.56,0.0,94.0,1,"[200.0, 200.0, 200.0, 200.0, 200.0, 200.0, 200.0, 200.0, 200.0, 200.0, 200.0, 200.0, 200.0, 200.0, 200.0, 200.0, 200.0, 200.0, 200.0, 200.0, 200.0, 200.0, 200.0, 200.0, 200.0, 200.0, 200.0, 200.0, 200.0, 200.0, 200.0, 200.0, 200.0, 200.0, 200.0, 200.0]",1,942.478,-0.00327604,0.197636,-0.0196318,0.0,"[7.47042, 7.7783, 8.83292, 11.3565, 20.0458, 64.485, 55.5817, 47.1979, 39.5997, 33.0037, 27.517, 23.1117, 19.6548, 16.9692, 13.2536, 10.1365, 8.53814, 7.75976, 7.52975]",0.0039561,"[-1.9354, 1.86782, -1.56854, 1.72876]",0.345976
0.0,0.00484913,0.0,0.0,0.36,0.0,1957.56,0.0,94.0,1,"[200.0, 200.0, 200.0, 200.0, 200.0, 200.0, 200.0, 200.0, 200.0, 200.0, 200.0, 200.0, 200.0, 200.0, 200.0, 200.0, 200.0, 200.0, 200.0, 200.0, 200.0, 200.0, 200.0, 200.0, 200.0, 200.0, 200.0, 200.0, 200.0, 200.0, 200.0, 200.0, 200.0, 200.0, 200.0, 200.0]",1,942.478,-0.00232967,0.199913,-0.0194913,0.0,"[7.46932, 7.77769, 8.83296, 11.3581, 20.0603, 64.4625, 55.5605, 47.1788, 39.5832, 32.9902, 27.5065, 23.1038, 19.649, 16.965, 13.2515, 10.136, 8.53841, 7.76047, 7.53086]",0.0041036,"[1.85795, -1.74872, 1.62558, -1.67485]",0.345954
0.0,0.00488632,0.0,0.0,0.38,0.0,1957.56,0.0,94.0,1,"[200.0, 200.0, 200.0, 200.0, 200.0, 200.0, 200.0, 200.0, 200.0, 200.0, 200.0, 200.0, 200.0, 200.0, 200.0, 200.0, 200.0, 200.0, 200.0, 200.0, 200.0, 200.0, 200.0, 200.0, 200.0, 200.0, 200.0, 200.0, 200.0, 200.0, 200.0, 200.0, 200.0, 200.0, 200.0, 200.0]",1,942.478,-0.00390735,0.200484,-0.0198164,0.0,"[7.46822, 7.77663, 8.83185, 11.3568, 20.0589, 64.4599, 55.5584, 47.1772, 39.5823, 32.9899, 27.5067, 23.1044, 19.6498, 16.9661, 13.2527, 10.1372, 8.53949, 7.76154, 7.53197]",0.0042511,"[-1.91704, 1.8669, -1.57276, 1.72372]",0.345932
0.0,0.00512093,0.0,0.0,0.4,0.0,1957.56,0.0,94.0,1,"[200.0, 200.0, 200.0, 200.0, 200.0, 200.0, 200.0, 200.0, 200.0, 200.0, 200.0, 200.0, 200.0, 200.0, 200.0, 200.0, 200.0, 200.0, 200.0, 200.0, 200.0, 200.0, 200.0, 200.0, 200.0, 200.0, 200.0, 200.0, 200.0, 200.0, 200.0, 200.0, 200.0, 200.0, 200.0, 200.0]",1,942.478,-0.00259112,0.202631,-0.0197567,0.0,"[7.46711, 7.77601, 8.83191, 11.3585, 20.0739, 64.4369, 55.5368, 47.1577, 39.5654, 32.976, 27.4959, 23.0963, 19.6439, 16.9618, 13.2506, 10.1366, 8.53974, 7.76225, 7.5331]",0.00440063,"[1.8649, -1.74644, 1.61546, -1.68654]",0.34591
0.0,0.00516289,0.0,0.0,0.42,0.0,1957.56,0.0,94.0,1,"[200.0, 200.0, 200.0, 200.0, 200.0, 200.0, 200.0, 200.0, 200.0, 200.0, 200.0, 200.0, 200.0, 200.0, 200.0, 200.0, 200.0, 200.0, 200.0, 200.0, 200.0, 200.0, 200.0, 200.0, 200.0, 200.0, 200.0, 200.0, 200.0, 200.0, 200.0, 200.0, 200.0, 200.0, 200.0, 200.0]",1,942.478,-0.00416807,0.202964,-0.0200606,0.0,"[7.46598, 7.77494, 8.83081, 11.3573, 20.0728, 64.4338, 55.5342, 47.1558, 39.5642, 32.9755, 27.4959, 23.0967, 19.6447, 16.9627, 13.2516, 10.1377, 8.54081, 7.76334, 7.53422]",0.00455017,"[-1.91364, 1.85588, -1.57809, 1.71893]",0.345888
0.0,0.00540369,0.0,0.0,0.44,0.0,1957.56,0.0,94.0,1,"[200.0, 200.0, 200.0, 200.0, 200.0, 200.0, 200.0, 200.0, 200.0, 200.0, 200.0, 200.0, 200.0, 200.0, 200.0, 200.0, 200.0, 200.0, 200.0, 200.0, 200.0, 200.0, 200.0, 200.0, 200.0, 200.0, 200.0, 200.0, 200.0, 200.0, 200.0, 200.0, 200.0, 200.0, 200.0, 200.0]",1,942.478,-0.00321639,0.205102,-0.020041,0.0,"[7.46486, 7.77433, 8.8309, 11.359, 20.0882, 64.4102, 55.512, 47.1356, 39.5467, 32.9612, 27.4848, 23.0883, 19.6385, 16.9583, 13.2495, 10.1372, 8.54105, 7.76406, 7.53536]",0.00470174,"[1.8755, -1.76846, 1.61831, -1.68063]",0.345866
0.0,0.00544995,0.0,0.0,0.46,0.0,1957.56,0.0,94.0,1,"[200.0, 200.0, 200.0, 200.0, 200.0, 200.0, 200.0, 200.0, 200.0, 200.0, 200.0, 200.0, 200.0, 200.0, 200.0, 200.0, 200.0, 200.0, 200.0, 200.0, 200.0, 200.0, 200.0, 200.0, 200.0, 200.0, 200.0, 200.0, 200.0, 200.0, 200.0, 200.0, 200.0, 200.0, 200.0, 200.0]",1,942.478,-0.00518685,0.205229,-0.0203339,0.0,"[7.46373, 7.77326, 8.82979, 11.3578, 20.0874, 64.4067, 55.509, 47.1334, 39.5452, 32.9604, 27.4846, 23.0887, 19.6392, 16.9592, 13.2505, 10.1383, 8.54213, 7.76514, 7.5365]",0.00485331,"[-1.90327, 1.8474, -1.57052, 1.72794]",0.345843
0.0,0.00569266,0.0,0.0,0.48,0.0,1957.56,0.0,94.0,1,"[200.0, 200.0, 200.0, 200.0, 200.0, 200.0, 200.0, 200.0, 200.0, 200.0, 200.0, 200.0, 200.0, 200.0, 200.0, 200.0, 200.0, 200.0, 200.0, 200.0, 200.0, 200.0, 200.0, 200.0, 200.0, 200.0, 200.0, 200.0, 200.0, 200.0, 200.0, 200.0, 200.0, 200.0, 200.0, 200.0]",1,942.478,-0.00426118,0.207168,-0.0202723,0.0,"[7.4626, 7.77266, 8.82989, 11.3596, 20.1031, 64.3828, 55.4866, 47.1131, 39.5277, 32.946, 27.4733, 23.0802, 19.6329, 16.9547, 13.2483, 10.1377, 8.54235, 7.76586, 7.53765]",0.00500488,"[1.88185, -1.76895, 1.62644, -1.6728]",0.34582
1.0,0.00566452,0.0,0.0,0.502,0.0,1957.56,0.0,94.0,-1,"[200.0, 200.0, 200.0, 200.0, 200.0, 200.0, 200.0, 200.0, 200.0, 200.0, 200.0, 200.0, 200.0, 200.0, 200.0, 200.0, 200.0, 200.0, 200.0, 200.0, 200.0, 200.0, 200.0, 200.0, 200.0, 200.0, 200.0, 200.0, 200.0, 200.0, 200.0, 200.0, 200.0, 200.0, 200.0, 200.0]",1,957.884,-0.00703996,0.172631,-0.0195512,0.0,"[7.46144, 7.77138, 8.82832, 11.3573, 20.0959, 64.3871, 55.4911, 47.1177, 39.5323, 32.9503, 27.4773, 23.0838, 19.6362, 16.9576, 13.2506, 10.1394, 8.54375, 7.7671, 7.5388]",0.00515849,"[0.927547, -0.869508, 0.418708, -2.27224]",0.345788
1.0,0.0055868,0.0,0.0,0.522,0.0,1957.56,0.0,94.0,-1,"[200.0, 200.0, 200.0, 200.0, 200.0, 200.0, 200.0, 200.0, 200.0, 200.0, 200.0, 200.0, 200.0, 200.0, 200.0, 200.0, 200.0, 200.0, 200.0, 200.0, 200.0, 200.0, 200.0, 200.0, 200.0, 200.0, 200.0, 200.0, 200.0, 200.0, 200.0, 200.0, 200.0, 200.0, 200.0, 200.0]",1,973.304,-0.0104049,0.155871,-0.0175831,0.0,"[7.46054, 7.77024, 8.82676, 11.3547, 20.0857, 64.3962, 55.5001, 47.1264, 39.5404, 32.9576, 27.4837, 23.0892, 19.6407, 16.9613, 13.2533, 10.1412, 8.5451, 7.76817, 7.5397]",0.00527852,"[-0.967196, 0.954538, -2.1904, 0.483549]",0.345757
1.0,0.00552481,0.0,0.0,0.542,0.0,1957.56,-0.00012207,94.0,-1,"[200.0, 200.0, 200.0, 200.0, 200.0, 200.0, 200.0, 200.0, 200.0, 200.0, 200.0, 200.0, 200.0, 200.0, 200.0, 200.0, 200.0, 200.0, 200.0, 200.0, 200.0, 200.0, 200.0, 200.0, 200.0, 200.0, 200.0, 200.0, 200.0, 200.0, 200.0, 200.0, 200.0, 200.0, 200.0, 200.0]",1,988.737,-0.00992031,0.147918,-0.0156347,0.0,"[7.45971, 7.76923, 8.82538, 11.3524, 20.0771, 64.4036, 55.5075, 47.1335, 39.5471, 32.9637, 27.4889, 23.0937, 19.6445, 16.9645, 13.2556, 10.1428, 8.54629, 7.76913, 7.54052]",0.0053894,"[0.90768, -0.836903, 0.473351, -2.22323]",0.345731
1.0,0.00547713,0.0,0.0,0.562,0.0,1957.56,-0.00012207,94.0,-1,"[200.0, 200.0, 200.0, 200.0, 200.0, 200.0, 200.0, 200.0, 200.0, 200.0, 200.0, 200.0, 200.0, 200.0, 200.0, 200.0, 200.0, 200.0, 200.0, 200.0, 200.0, 200.0, 200.0, 200.0, 200.0, 200.0, 200.0, 200.0, 200.0, 200.0, 200.0, 200.0, 200.0, 200.0, 200.0, 200.0]",1,1004.18,-0.0128501,0.142061,-0.0141107,0.0,"[7.4589, 7.76827, 8.82413, 11.3504, 20.0699, 64.4095, 55.5135, 47.1393, 39.5525, 32.9686, 27.4934, 23.0974, 19.6477, 16.9673, 13.2577, 10.1443, 8.54738, 7.77004, 7.54133]",0.00549622,"[-0.985284, 0.980765, -2.14132, 0.53387]",0.345712
1.0,0.00543946,0.0,0.0,0.582,0.0,1957.56,-0.00012207,94.0,-1,"[200.0, 200.0, 200.0, 200.0, 200.0, 200.0, 200.0, 200.0, 200.0, 200.0, 200.0, 200.0, 200.0, 200.0, 200.0, 200.0, 200.0, 200.0, 200.0, 200.0, 200.0, 200.0, 200.0, 200.0, 200.0, 200.0, 200.0, 200.0, 200.0, 200.0, 200.0, 200.0, 200.0, 200.0, 200.0, 200.0]",1,1019.64,-0.0121748,0.140928,-0.0129226,0.0,"[7.45812, 7.76737, 8.82296, 11.3485, 20.0635, 64.4144, 55.5183, 47.1441, 39.5572, 32.9729, 27.4971, 23.1007, 19.6506, 16.9697, 13.2595, 10.1456, 8.54842, 7.77091, 7.54211]",0.00559998,"[0.887888, -0.821561, 0.523144, -2.17047]",0.345699
1.0,0.00540512,0.0,0.0,0.602,0.0,1957.56,-0.000244141,94.0,-1,"[200.0, 200.0, 200.0, 200.0, 200.0, 200.0, 200.0, 200.0, 200.0, 200.0, 200.0, 200.0, 200.0, 200.0, 200.0, 200.0, 200.0, 200.0, 200.0, 200.0, 200.0, 200.0, 200.0, 200.0, 200.0, 200.0, 200.0, 200.0, 200.0, 200.0, 200.0, 200.0, 200.0, 200.0, 200.0, 200.0]",1,1035.1,-0.0148206,0.139509,-0.012285,0.0,"[7.45734, 7.76648, 8.82181, 11.3467, 20.0574, 64.4189, 55.523, 47.1487, 39.5615, 32.9769, 27.5007, 23.1039, 19.6533, 16.9721, 13.2613, 10.1469, 8.54943, 7.77177, 7.54288]",0.00570374,"[-1.01407, 1.00406, -2.09056, 0.582567]",0.34569
1.0,0.00537556,0.0,0.0,0.622,0.0,1957.56,-0.000244141,94.0,-1,"[200.0, 200.0, 200.0, 200.0, 200.0, 200.0, 200.0, 200.0, 200.0, 200.0, 200.0, 200.0, 200.0, 200.0, 200.0, 200.0, 200.0, 200.0, 200.0, 200.0, 200.0, 200.0, 200.0, 200.0, 200.0, 200.0, 200.0, 200.0, 200.0, 200.0, 200.0, 200.0, 200.0, 200.0, 200.0, 200.0]",1,1050.58,-0.0147128,0.140744,-0.0120607,0.0,"[7.45657, 7.76558, 8.8207, 11.345, 20.0517, 64.4229, 55.5271, 47.1528, 39.5655, 32.9806, 27.5041, 23.1069, 19.6558, 16.9743, 13.263, 10.1481, 8.55043, 7.77262, 7.54366]",0.0058075,"[0.87134, -0.791753, 0.576937, -2.11196]",0.345685
1.0,0.00533884,0.0,0.0,0.642,0.0,1957.56,-0.000366211,94.0,-1,"[200.0, 200.0, 200.0, 200.0, 200.0, 200.0, 200.0, 200.0, 200.0, 200.0, 200.0, 200.0, 200.0, 200.0, 200.0, 200.0, 200.0, 200.0, 200.0, 200.0, 200.0, 200.0, 200.0, 200.0, 200.0, 200.0, 200.0, 200.0, 200.0, 200.0, 200.0, 200.0, 200.0, 200.0, 200.0, 200.0]",1,942.478,-0.0179695,0.134417,-0.0122125,0.0,"[7.45578, 7.76467, 8.81952, 11.3432, 20.0455, 64.4276, 55.5318, 47.1575, 39.57, 32.9848, 27.5078, 23.1101, 19.6587, 16.9768, 13.2649, 10.1494, 8.55146, 7.7735, 7.54444]",0.00591227,"[-1.03038, 1.03465, -2.44272, 0.1208]",0.34568
1.0,0.00503605,0.0,0.0,0.662,0.0,1957.56,-0.00195313,94.0,-1,"[200.0, 200.0, 200.0, 200.0, 200.0, 200.0, 200.0, 200.0, 200.0, 200.0, 200.0, 200.0, 200.0, 200.0, 200.0, 200.0, 200.0, 200.0, 200.0, 200.0, 200.0, 200.0, 200.0, 200.0, 200.0, 200.0, 200.0, 200.0, 200.0, 200.0, 200.0, 200.0, 200.0, 200.0, 200.0, 200.0]",1,942.478,-0.512752,0.0802932,-0.0118647,0.0,"[7.45516, 7.76332, 8.81697, 11.3377, 20.0177, 64.4598, 55.5629, 47.1864, 39.5959, 33.007, 27.5262, 23.1249, 19.6704, 16.9861, 13.2708, 10.1528, 8.55343, 7.77468, 7.54504]",0.00599365,"[0.877013, -0.832883, -1.21826, -0.826503]",0.345661
1.0,0.00494498,0.0,0.0,0.682,0.0,1957.55,-0.00610352,94.0,-1,"[200.0, 200.0, 200.0, 200.0, 200.0, 200.0, 200.0, 200.0, 200.0, 200.0, 200.0, 200.0, 200.0, 200.0, 200.0, 200.0, 200.0, 200.0, 200.0, 200.0, 200.0, 200.0, 200.0, 200.0, 200.0, 200.0, 200.0, 200.0, 200.0, 200.0, 200.0, 200.0, 200.0, 200.0, 200.0, 200.0]",1,942.478,-0.942605,0.0572872,-0.0120535,0.0,"[7.45477, 7.76271, 8.81595, 11.3357, 20.0086, 64.4697, 55.5725, 47.1954, 39.604, 33.0141, 27.5322, 23.1298, 19.6743, 16.9892, 13.2729, 10.154, 8.55424, 7.77523, 7.54542]",0.00604451,"[-1.54389, 0.46971, -2.52908, -0.793673]",0.345628
1.0,0.00488728,0.0,0.0,0.702,0.0,1957.55,-0.0128174,94.0,-1,"[200.0, 200.0, 200.0, 200.0, 200.0, 200.0, 200.0, 200.0, 200.0, 200.0, 200.0, 200.0, 200.0, 200.0, 200.0, 200.0, 200.0, 200.0, 200.0, 200.0, 200.0, 200.0, 200.0, 200.0, 200.0, 200.0, 200.0, 200.0, 200.0, 200.0, 200.0, 200.0, 200.0, 200.0, 200.0, 200.0]",1,942.478,-1.43982,0.05461,-0.0132195,0.0,"[7.45439, 7.76217, 8.81514, 11.3342, 20.0023, 64.4761, 55.5788, 47.2014, 39.6095, 33.0189, 27.5362, 23.1331, 19.6771, 16.9915, 13.2745, 10.155, 8.55493, 7.77574, 7.5458]",0.00609538,"[-0.0938593, -1.83164, -1.43766, -0.988574]",0.345594
1.0,0.00460308,0.0,0.0,0.722,0.0,1957.54,-0.0219727,94.0,-1,"[200.0, 200.0, 200.0, 200.0, 200.0, 200.0, 200.0, 200.0, 200.0, 200.0, 200.0, 200.0, 200.0, 200.0, 200.0, 200.0, 200.0, 200.0, 200.0, 200.0, 200.0, 200.0, 200.0, 200.0, 200.0, 200.0, 200.0, 200.0, 200.0, 200.0, 200.0, 200.0, 200.0, 200.0, 200.0, 200.0]",1,942.478,-1.8668,0.0452037,-0.0123702,0.0,"[7.45418, 7.76127, 8.81319, 11.3297, 19.978, 64.5059, 55.6073, 47.2279, 39.6331, 33.039, 27.5527, 23.1463, 19.6874, 16.9995, 13.2795, 10.1576, 8.55637, 7.77647, 7.54598]",0.00612183,"[-2.24323, -0.549587, -2.5226, -1.53368]",0.345548
1.0,0.0044257,0.0,0.0,0.742,0.0,1957.53,-0.0336914,94.0,-1,"[200.0, 200.0, 200.0, 200.0, 200.0, 200.0, 200.0, 200.0, 200.0, 200.0, 200.0, 200.0, 200.0, 200.0, 200.0, 200.0, 200.0, 200.0, 200.0, 200.0, 200.0, 200.0, 200.0, 200.0, 200.0, 200.0, 200.0, 200.0, 200.0, 200.0, 200.0, 200.0, 200.0, 200.0, 200.0, 200.0]",1,942.478,-2.30394,0.0620912,-0.013279,0.0,"[7.45383, 7.76049, 8.81172, 11.3265, 19.9621, 64.5247, 55.6255, 47.2449, 39.6482, 33.052, 27.5634, 23.1549, 19.6942, 17.0049, 13.2829, 10.1595, 8.55749, 7.77713, 7.54632]",0.00616659,"[-0.930339, -2.57909, -2.61174, -2.69508]",0.345521
1.0,0.0041539,0.0,0.0,0.762,0.0,1957.51,-0.0479736,94.0,-1,"[200.0, 200.0, 200.0, 200.0, 200.0, 200.0, 200.0, 200.0, 200.0, 200.0, 200.0, 200.0, 200.0, 200.0, 200.0, 200.0, 200.0, 200.0, 200.0, 200.0, 200.0, 200.0, 200.0, 200.0, 200.0, 200.0, 200.0, 200.0, 200.0, 200.0, 200.0, 200.0, 200.0, 200.0, 200.0, 200.0]",1,942.478,-2.77418,0.0302183,-0.013981,0.0,"[7.45351, 7.75953, 8.80971, 11.322, 19.9385, 64.5533, 55.653, 47.2704, 39.671, 33.0715, 27.5794, 23.1677, 19.7043, 17.0129, 13.2879, 10.1622, 8.55901, 7.77795, 7.54662]",0.00620829,"[-3.05103, -1.26919, -2.68297, -2.54671]",0.345499
1.0,0.00386875,0.0,0.0,0.782,0.0,1957.5,-0.0646973,94.0,-1,"[200.0, 200.0, 200.0, 200.0, 200.0, 200.0, 200.0, 200.0, 200.0, 200.0, 200.0, 200.0, 200.0, 200.0, 200.0, 200.0, 200.0, 200.0, 200.0, 200.0, 200.0, 200.0, 200.0, 200.0, 200.0, 200.0, 200.0, 200.0, 200.0, 200.0, 200.0, 200.0, 200.0, 200.0, 200.0, 200.0]",1,942.478,-3.18594,0.0412897,-0.0143011,0.0,"[7.45318, 7.75851, 8.80761, 11.3172, 19.9138, 64.5834, 55.6819, 47.2973, 39.695, 33.092, 27.5963, 23.1812, 19.7149, 17.0212, 13.2932, 10.165, 8.56059, 7.77879, 7.54693]",0.00625,"[-1.684, -3.29127, -3.48246, -4.2658]",0.34549
0.0,0.00351637,0.5,0.0,0.802,0.0,1957.48,-0.0797119,94.0,-1,"[200.0, 200.0, 200.0, 200.0, 200.0, 200.0, 200.0, 200.0, 200.0, 200.0, 200.0, 200.0, 200.0, 200.0, 200.0, 200.0, 200.0, 200.0, 200.0, 200.0, 200.0, 200.0, 200.0, 200.0, 200.0, 200.0, 200.0, 200.0, 200.0, 200.0, 200.0, 200.0, 200.0, 200.0, 200.0, 200.0]",1,942.478,-2.06615,0.0601004,-0.0117139,0.0,"[7.4528, 7.75728, 8.80505, 11.3114, 19.8837, 64.6204, 55.7175, 47.3303, 39.7245, 33.1172, 27.6171, 23.1978, 19.728, 17.0314, 13.2996, 10.1684, 8.56252, 7.77983, 7.54729]",0.00629985,"[0.0, 0.0, -2.24647, -1.93576]",0.345494
0.0,0.00327605,0.5,0.0,0.822,0.0,1957.47,-0.0880127,94.0,-1,"[200.0, 200.0, 200.0, 200.0, 200.0, 200.0, 200.0, 200.0, 200.0, 200.0, 200.0, 200.0, 200.0, 200.0, 200.0, 200.0, 200.0, 200.0, 200.0, 200.0, 200.0, 200.0, 200.0, 200.0, 200.0, 200.0, 200.0, 200.0, 200.0, 200.0, 200.0, 200.0, 200.0, 200.0, 200.0, 200.0]",1,942.478,-1.07698,0.0381141,-0.00340377,0.0,"[7.45248, 7.75637, 8.80321, 11.3073, 19.863, 64.6458, 55.7419, 47.353, 39.7448, 33.1346, 27.6313, 23.2092, 19.7371, 17.0386, 13.3041, 10.1709, 8.5639, 7.7806, 7.54761]",0.00634257,"[0.0, 0.0, -1.08609, 0.413708]",0.34551
0.0,0.00324124,0.5,0.0,0.842,0.0,1957.47,-0.0915527,94.0,-1,"[200.0, 200.0, 200.0, 200.0, 200.0, 200.0, 200.0, 200.0, 200.0, 200.0, 200.0, 200.0, 200.0, 200.0, 200.0, 200.0, 200.0, 200.0, 200.0, 200.0, 200.0, 200.0, 200.0, 200.0, 200.0, 200.0, 200.0, 200.0, 200.0, 200.0, 200.0, 200.0, 200.0, 200.0, 200.0, 200.0]",1,942.478,-0.29719,0.0316041,0.00618144,0.0,"[7.45223, 7.75603, 8.80271, 11.3064, 19.8592, 64.6497, 55.7457, 47.3567, 39.7481, 33.1375, 27.6338, 23.2113, 19.7387, 17.04, 13.3051, 10.1715, 8.56433, 7.78092, 7.54784]",0.00637512,"[0.0, 0.0, 1.01163, -1.20718]",0.345555
0.0,0.00314873,0.5,0.0,0.862,0.0,1957.47,-0.0919189,94.0,-1,"[200.0, 200.0, 200.0, 200.0, 200.0, 200.0, 200.0, 200.0, 200.0, 200.0, 200.0, 200.0, 200.0, 200.0, 200.0, 200.0, 200.0, 200.0, 200.0, 200.0, 200.0, 200.0, 200.0, 200.0, 200.0, 200.0, 200.0, 200.0, 200.0, 200.0, 200.0, 200.0, 200.0, 200.0, 200.0, 200.0]",1,942.478,-0.00753097,0.080799,0.0123417,0.0,"[7.45197, 7.75555, 8.80185, 11.3046, 19.8507, 64.6596, 55.7553, 47.3656, 39.7562, 33.1445, 27.6396, 23.216, 19.7425, 17.043, 13.307, 10.1726, 8.56502, 7.78137, 7.5481]",0.00640971,"[0.0, 0.0, -1.07704, 1.1555]",0.345634
0.0,0.00333041,0.5,0.0,0.882,0.0,1957.47,-0.0919189,94.0,-1,"[200.0, 200.0, 200.0, 200.0, 200.0, 200.0, 200.0, 200.0, 200.0, 200.0, 200.0, 200.0, 200.0, 200.0, 200.0, 200.0, 200.0, 200.0, 200.0, 200.0, 200.0, 200.0, 200.0, 200.0, 200.0, 200.0, 200.0, 200.0, 200.0, 200.0, 200.0, 200.0, 200.0, 200.0, 200.0, 200.0]",1,942.478,-0.00440444,0.047993,0.0121221,0.0,"[7.45162, 7.75561, 8.80252, 11.3067, 19.864, 64.6411, 55.7378, 47.3495, 39.7419, 33.1326, 27.6301, 23.2085, 19.7368, 17.0387, 13.3045, 10.1715, 8.56462, 7.78137, 7.54846]",0.0064565,"[0.0, 0.0, 0.992926, -1.06064]",0.345734
0.0,0.00327938,0.5,0.0,0.902,0.0,1957.47,-0.0919189,94.0,-1,"[200.0, 200.0, 200.0, 200.0, 200.0, 200.0, 200.0, 200.0, 200.0, 200.0, 200.0, 200.0, 200.0, 200.0, 200.0, 200.0, 200.0, 200.0, 200.0, 200.0, 200.0, 200.0, 200.0, 200.0, 200.0, 200.0, 200.0, 200.0, 200.0, 200.0, 200.0, 200.0, 200.0, 200.0, 200.0, 200.0]",1,942.478,-0.00512475,0.0947074,0.00599649,0.0,"[7.4512, 7.75505, 8.8017, 11.3053, 19.8581, 64.647, 55.7435, 47.355, 39.747, 33.137, 27.6339, 23.2117, 19.7394, 17.0408, 13.3061, 10.1725, 8.56531, 7.7819, 7.54888]",0.00651245,"[0.0, 0.0, -0.883232, 0.9729]",0.34582
0.0,0.00350779,0.5,0.0,0.922,0.0,1957.47,-0.0919189,94.0,1,"[200.0, 200.0, 200.0, 200.0, 200.0, 200.0, 200.0, 200.0, 200.0, 200.0, 200.0, 200.0, 200.0, 200.0, 200.0, 200.0, 200.0, 200.0, 200.0, 200.0, 200.0, 200.0, 200.0, 200.0, 200.0, 200.0, 200.0, 200.0, 200.0, 200.0, 200.0, 200.0, 200.0, 200.0, 200.0, 200.0]",1,942.478,-0.00407559,0.0445577,-0.0015383,0.0,"[7.45084, 7.75521, 8.80262, 11.308, 19.8751, 64.6236, 55.7213, 47.3346, 39.7291, 33.1219, 27.6217, 23.2022, 19.7322, 17.0353, 13.3028, 10.171, 8.56474, 7.78187, 7.54926]",0.0065623,"[0.0, 0.0, 0.974354, -1.05602]",0.345861
0.0,0.00347727,0.5,0.0,0.942,0.0,1957.47,-0.0919189,94.0,1,"[200.0, 200.0, 200.0, 200.0, 200.0, 200.0, 200.0, 200.0, 200.0, 200.0, 200.0, 200.0, 200.0, 200.0, 200.0, 200.0, 200.0, 200.0, 200.0, 200.0, 200.0, 200.0, 200.0, 200.0, 200.0, 200.0, 200.0, 200.0, 200.0, 200.0, 200.0, 200.0, 200.0, 200.0, 200.0, 200.0]",1,942.478,-0.00632703,0.0978153,-0.00836332,0.0,"[7.45042, 7.75469, 8.80193, 11.3069, 19.871, 64.6273, 55.7249, 47.3381, 39.7324, 33.1249, 27.6243, 23.2045, 19.7341, 17.0369, 13.304, 10.1718, 8.56535, 7.78236, 7.54967]",0.00661825,"[0.0, 0.0, -0.889949, 1.0087]",0.345866
0.0,0.00371569,0.5,0.0,0.962,0.0,1957.47,-0.092041,94.0,1,"[200.0, 200.0, 200.0, 200.0, 200.0, 200.0, 200.0, 200.0, 200.0, 200.0, 200.0, 200.0, 200.0, 200.0, 200.0, 200.0, 200.0, 200.0, 200.0, 200.0, 200.0, 200.0, 200.0, 200.0, 200.0, 200.0, 200.0, 200.0, 200.0, 200.0, 200.0, 200.0, 200.0, 200.0, 200.0, 200.0]",1,942.478,-0.00459689,0.0406956,-0.0124238,0.0,"[7.45007, 7.75489, 8.80295, 11.3099, 19.8888, 64.6029, 55.7017, 47.3167, 39.7136, 33.1091, 27.6116, 23.1945, 19.7264, 17.0311, 13.3006, 10.1703, 8.56472, 7.78228, 7.55003]",0.00666504,"[0.0, 0.0, 0.867863, -0.953232]",0.345836
0.0,0.00367945,0.5,0.0,0.982,0.0,1957.47,-0.092041,94.0,1,"[200.0, 200.0, 200.0, 200.0, 200.0, 200.0, 200.0, 200.0, 200.0, 200.0, 200.0, 200.0, 200.0, 200.0, 200.0, 200.0, 200.0, 200.0, 200.0, 200.0, 200.0, 200.0, 200.0, 200.0, 200.0, 200.0, 200.0, 200.0, 200.0, 200.0, 200.0, 200.0, 200.0, 200.0, 200.0, 200.0]",1,942.478,-0.00682139,0.0977707,-0.0149293,0.0,"[7.44966, 7.75439, 8.80223, 11.3087, 19.8843, 64.6071, 55.7059, 47.3208, 39.7173, 33.1125, 27.6145, 23.197, 19.7285, 17.0328, 13.3019, 10.1711, 8.56533, 7.78276, 7.55045]",0.00671997,"[0.0, 0.0, -0.834207, 0.95527]",0.345793
0.0,0.00385779,0.5,0.0,1.004,0.0,1957.47,-0.092041,94.0,1,"[200.0, 200.0, 200.0, 200.0, 200.0, 200.0, 200.0, 200.0, 200.0, 200.0, 200.0, 200.0, 200.0, 200.0, 200.0, 200.0, 200.0, 200.0, 200.0, 200.0, 200.0, 200.0, 200.0, 200.0, 200.0, 200.0, 200.0, 200.0, 200.0, 200.0, 200.0, 200.0, 200.0, 200.0, 200.0, 200.0]",1,942.478,-0.00722579,0.0978991,-0.0150108,0.0,"[7.44926, 7.75438, 8.80281, 11.3106, 19.8971, 64.5891, 55.6888, 47.3051, 39.7036, 33.101, 27.6053, 23.1898, 19.7231, 17.0287, 13.2995, 10.1701, 8.56502, 7.78286, 7.55085]",0.00677388,"[0.0, 0.0, -0.830512, 0.953053]",0.345735
0.0,0.0039584,0.5,0.0,1.024,0.0,1957.47,-0.092041,94.0,1,"[200.0, 200.0, 200.0, 200.0, 200.0, 200.0, 200.0, 200.0, 200.0, 200.0, 200.0, 200.0, 200.0, 200.0, 200.0, 200.0, 200.0, 200.0, 200.0, 200.0, 200.0, 200.0, 200.0, 200.0, 200.0, 200.0, 200.0, 200.0, 200.0, 200.0, 200.0, 200.0, 200.0, 200.0, 200.0, 200.0]",1,942.478,-0.00519811,0.0396386,-0.0145212,0.0,"[7.44889, 7.75423, 8.80296, 11.3115, 19.9038, 64.5791, 55.6793, 47.2965, 39.6961, 33.0948, 27.6004, 23.1861, 19.7203, 17.0267, 13.2985, 10.1698, 8.565, 7.78305, 7.55123]",0.00682373,"[0.0, 0.0, 0.854887, -0.936959]",0.345683
0.0,0.00405567,0.5,0.0,1.044,0.0,1957.47,-0.0921631,94.0,1,"[200.0, 200.0, 200.0, 200.0, 200.0, 200.0, 200.0, 200.0, 200.0, 200.0, 200.0, 200.0, 200.0, 200.0, 200.0, 200.0, 200.0, 200.0, 200.0, 200.0, 200.0, 200.0, 200.0, 200.0, 200.0, 200.0, 200.0, 200.0, 200.0, 200.0, 200.0, 200.0, 200.0, 200.0, 200.0, 200.0]",1,942.478,-0.00732971,0.0979348,-0.0128378,0.0,"[7.44851, 7.75406, 8.80308, 11.3123, 19.9101, 64.5694, 55.6702, 47.2882, 39.6889, 33.0888, 27.5957, 23.1825, 19.7177, 17.0248, 13.2975, 10.1695, 8.56502, 7.78327, 7.55162]",0.00687561,"[0.0, 0.0, -0.84514, 0.965955]",0.34564
0.0,0.00415486,0.5,0.0,1.064,0.0,1957.47,-0.0921631,94.0,1,"[200.0, 200.0, 200.0, 200.0, 200.0, 200.0, 200.0, 200.0, 200.0, 200.0, 200.0, 200.0, 200.0, 200.0, 200.0, 200.0, 200.0, 200.0, 200.0, 200.0, 200.0, 200.0, 200.0, 200.0, 200.0, 200.0, 200.0, 200.0, 200.0, 200.0, 200.0, 200.0, 200.0, 200.0, 200.0, 200.0]",1,942.478,-0.00512643,0.0401424,-0.0114798,0.0,"[7.44813, 7.7539, 8.80322, 11.3132, 19.9168, 64.5596, 55.6609, 47.2797, 39.6816, 33.0827, 27.5909, 23.1789, 19.7149, 17.0228, 13.2964, 10.1691, 8.56501, 7.78348, 7.552]",0.00692546,"[0.0, 0.0, 0.87145, -0.95476]",0.345605
0.0,0.00425547,0.5,0.0,1.084,0.0,1957.47,-0.0921631,94.0,1,"[200.0, 200.0, 200.0, 200.0, 200.0, 200.0, 200.0, 200.0, 200.0, 200.0, 200.0, 200.0, 200.0, 200.0, 200.0, 200.0, 200.0, 200.0, 200.0, 200.0, 200.0, 200.0, 200.0, 200.0, 200.0, 200.0, 200.0, 200.0, 200.0, 200.0, 200.0, 200.0, 200.0, 200.0, 200.0, 200.0]",1,942.478,-0.00701713,0.0978626,-0.00964899,0.0,"[7.44775, 7.75374, 8.80336, 11.3141, 19.9235, 64.5496, 55.6514, 47.2711, 39.6741, 33.0766, 27.586, 23.1752, 19.7122, 17.0207, 13.2954, 10.1688, 8.565, 7.78368, 7.55238]",0.00697632,"[0.0, 0.0, -0.861575, 0.981034]",0.345579
0.0,0.00435656,0.5,0.0,1.104,0.0,1957.47,-0.0921631,94.0,1,"[200.0, 200.0, 200.0, 200.0, 200.0, 200.0, 200.0, 200.0, 200.0, 200.0, 200.0, 200.0, 200.0, 200.0, 200.0, 200.0, 200.0, 200.0, 200.0, 200.0, 200.0, 200.0, 200.0, 200.0, 200.0, 200.0, 200.0, 200.0, 200.0, 200.0, 200.0, 200.0, 200.0, 200.0, 200.0, 200.0]",1,942.478,-0.00486582,0.0403417,-0.00873953,0.0,"[7.44737, 7.75358, 8.80351, 11.3149, 19.9302, 64.5395, 55.6419, 47.2625, 39.6666, 33.0704, 27.5811, 23.1714, 19.7094, 17.0187, 13.2943, 10.1684, 8.56499, 7.78389, 7.55276]",0.00702718,"[0.0, 0.0, 0.884359, -0.968287]",0.34556
0.0,0.00445908,0.5,0.0,1.124,0.0,1957.47,-0.0922852,94.0,1,"[200.0, 200.0, 200.0, 200.0, 200.0, 200.0, 200.0, 200.0, 200.0, 200.0, 200.0, 200.0, 200.0, 200.0, 200.0, 200.0, 200.0, 200.0, 200.0, 200.0, 200.0, 200.0, 200.0, 200.0, 200.0, 200.0, 200.0, 200.0, 200.0, 200.0, 200.0, 200.0, 200.0, 200.0, 200.0, 200.0]",1,942.478,-0.00667819,0.0974853,-0.00748118,0.0,"[7.44701, 7.75344, 8.80368, 11.3158, 19.937, 64.5293, 55.6322, 47.2538, 39.6589, 33.064, 27.5761, 23.1676, 19.7065, 17.0166, 13.2932, 10.1681, 8.56497, 7.78407, 7.55315]",0.00707703,"[0.0, 0.0, -0.874309, 0.990043]",0.345546
0.0,0.00456208,0.5,0.0,1.144,0.0,1957.47,-0.0922852,94.0,1,"[200.0, 200.0, 200.0, 200.0, 200.0, 200.0, 200.0, 200.0, 200.0, 200.0, 200.0, 200.0, 200.0, 200.0, 200.0, 200.0, 200.0, 200.0, 200.0, 200.0, 200.0, 200.0, 200.0, 200.0, 200.0, 200.0, 200.0, 200.0, 200.0, 200.0, 200.0, 200.0, 200.0, 200.0, 200.0, 200.0]",1,942.478,-0.00452274,0.0403331,-0.00701719,0.0,"[7.44662, 7.75328, 8.80382, 11.3167, 19.9439, 64.5191, 55.6226, 47.2449, 39.6513, 33.0577, 27.5711, 23.1638, 19.7037, 17.0145, 13.2921, 10.1677, 8.56497, 7.78429, 7.55354]",0.00712891,"[0.0, 0.0, 0.893369, -0.976489]",0.345539
0.0,0.00466555,0.5,0.0,1.164,0.0,1957.47,-0.0922852,94.0,1,"[200.0, 200.0, 200.0, 200.0, 200.0, 200.0, 200.0, 200.0, 200.0, 200.0, 200.0, 200.0, 200.0, 200.0, 200.0, 200.0, 200.0, 200.0, 200.0, 200.0, 200.0, 200.0, 200.0, 200.0, 200.0, 200.0, 200.0, 200.0, 200.0, 200.0, 200.0, 200.0, 200.0, 200.0, 200.0, 200.0]",1,942.478,-0.00632889,0.0973546,-0.00628672,0.0,"[7.44625, 7.75313, 8.80399, 11.3176, 19.9509, 64.5088, 55.6129, 47.236, 39.6436, 33.0513, 27.5661, 23.16, 19.7009, 17.0124, 13.291, 10.1673, 8.56494, 7.78449, 7.55392]",0.00717875,"[0.0, 0.0, -0.882147, 0.995895]",0.345534
0.0,0.0047695,0.5,0.0,1.184,0.0,1957.47,-0.0922852,94.0,1,"[200.0, 200.0, 200.0, 200.0, 200.0, 200.0, 200.0, 200.0, 200.0, 200.0, 200.0, 200.0, 200.0, 200.0, 200.0, 200.0, 200.0, 200.0, 200.0, 200.0, 200.0, 200.0, 200.0, 200.0, 200.0, 200.0, 200.0, 200.0, 200.0, 200.0, 200.0, 200.0, 200.0, 200.0, 200.0, 200.0]",1,942.478,-0.00457936,0.0405058,-0.00633901,0.0,"[7.44587, 7.75299, 8.80416, 11.3186, 19.9578, 64.4984, 55.6031, 47.2272, 39.6359, 33.0449, 27.561, 23.1561, 19.698, 17.0103, 13.2898, 10.1669, 8.56491, 7.78469, 7.5543]",0.00722961,"[0.0, 0.0, 0.89761, -0.980944]",0.345531
0.0,0.00487393,0.5,0.0,1.204,0.0,1957.47,-0.0922852,94.0,1,"[200.0, 200.0, 200.0, 200.0, 200.0, 200.0, 200.0, 200.0, 200.0, 200.0, 200.0, 200.0, 200.0, 200.0, 200.0, 200.0, 200.0, 200.0, 200.0, 200.0, 200.0, 200.0, 200.0, 200.0, 200.0, 200.0, 200.0, 200.0, 200.0, 200.0, 200.0, 200.0, 200.0, 200.0, 200.0, 200.0]",1,942.478,-0.00654225,0.097257,-0.00601364,0.0,"[7.44548, 7.75282, 8.80431, 11.3195, 19.9648, 64.488, 55.5933, 47.2182, 39.6281, 33.0385, 27.556, 23.1523, 19.6951, 17.0082, 13.2888, 10.1666, 8.56492, 7.7849, 7.5547]",0.00728251,"[0.0, 0.0, -0.882786, 0.998837]",0.34553
0.0,0.00497835,0.5,0.0,1.224,0.0,1957.47,-0.0922852,94.0,1,"[200.0, 200.0, 200.0, 200.0, 200.0, 200.0, 200.0, 200.0, 200.0, 200.0, 200.0, 200.0, 200.0, 200.0, 200.0, 200.0, 200.0, 200.0, 200.0, 200.0, 200.0, 200.0, 200.0, 200.0, 200.0, 200.0, 200.0, 200.0, 200.0, 200.0, 200.0, 200.0, 200.0, 200.0, 200.0, 200.0]",1,942.478,-0.0044606,0.0405752,-0.00635403,0.0,"[7.4451, 7.75267, 8.80449, 11.3204, 19.972, 64.4776, 55.5834, 47.2093, 39.6204, 33.0321, 27.5509, 23.1484, 19.6923, 17.0061, 13.2876, 10.1662, 8.56489, 7.7851, 7.55509]",0.00733337,"[0.0, 0.0, 0.899402, -0.982775]",0.345527
0.0,0.00508278,0.5,0.0,1.244,0.0,1957.47,-0.0924072,94.0,1,"[200.0, 200.0, 200.0, 200.0, 200.0, 200.0, 200.0, 200.0, 200.0, 200.0, 200.0, 200.0, 200.0, 200.0, 200.0, 200.0, 200.0, 200.0, 200.0, 200.0, 200.0, 200.0, 200.0, 200.0, 200.0, 200.0, 200.0, 200.0, 200.0, 200.0, 200.0, 200.0, 200.0, 200.0, 200.0, 200.0]",1,942.478,-0.00652327,0.0973686,-0.00629218,0.0,"[7.44471, 7.7525, 8.80463, 11.3213, 19.9789, 64.4673, 55.5736, 47.2005, 39.6127, 33.0257, 27.5458, 23.1445, 19.6894, 17.004, 13.2865, 10.1658, 8.56489, 7.78532, 7.55547]",0.00738525,"[0.0, 0.0, -0.883968, 0.999039]",0.345525
0.0,0.00518673,0.5,0.0,1.264,0.0,1957.47,-0.0924072,94.0,1,"[200.0, 200.0, 200.0, 200.0, 200.0, 200.0, 200.0, 200.0, 200.0, 200.0, 200.0, 200.0, 200.0, 200.0, 200.0, 200.0, 200.0, 200.0, 200.0, 200.0, 200.0, 200.0, 200.0, 200.0, 200.0, 200.0, 200.0, 200.0, 200.0, 200.0, 200.0, 200.0, 200.0, 200.0, 200.0, 200.0]",1,942.478,-0.00433665,0.0404677,-0.00676339,0.0,"[7.44433, 7.75235, 8.80479, 11.3222, 19.9859, 64.4569, 55.5638, 47.1916, 39.6049, 33.0193, 27.5408, 23.1407, 19.6865, 17.0019, 13.2854, 10.1654, 8.56488, 7.78552, 7.55587]",0.00743713,"[0.0, 0.0, 0.897717, -0.982058]",0.345521
0.0,0.00529116,0.5,0.0,1.284,0.0,1957.47,-0.0924072,94.0,1,"[200.0, 200.0, 200.0, 200.0, 200.0, 200.0, 200.0, 200.0, 200.0, 200.0, 200.0, 200.0, 200.0, 200.0, 200.0, 200.0, 200.0, 200.0, 200.0, 200.0, 200.0, 200.0, 200.0, 200.0, 200.0, 200.0, 200.0, 200.0, 200.0, 200.0, 200.0, 200.0, 200.0, 200.0, 200.0, 200.0]",1,942.478,-0.00639057,0.097279,-0.0066975,0.0,"[7.44395, 7.75219, 8.80494, 11.3231, 19.993, 64.4465, 55.554, 47.1826, 39.5972, 33.0129, 27.5357, 23.1368, 19.6837, 16.9998, 13.2843, 10.1651, 8.56487, 7.78574, 7.55626]",0.00748901,"[0.0, 0.0, -0.883272, 0.996852]",0.345516
0.0,0.00539559,0.5,0.0,1.304,0.0,1957.47,-0.0924072,94.0,1,"[200.0, 200.0, 200.0, 200.0, 200.0, 200.0, 200.0, 200.0, 200.0, 200.0, 200.0, 200.0, 200.0, 200.0, 200.0, 200.0, 200.0, 200.0, 200.0, 200.0, 200.0, 200.0, 200.0, 200.0, 200.0, 200.0, 200.0, 200.0, 200.0, 200.0, 200.0, 200.0, 200.0, 200.0, 200.0, 200.0]",1,942.478,-0.00456562,0.0404905,-0.00707941,0.0,"[7.44357, 7.75203, 8.8051, 11.324, 20.0, 64.4361, 55.5443, 47.1737, 39.5894, 33.0065, 27.5307, 23.133, 19.6808, 16.9977, 13.2832, 10.1647, 8.56485, 7.78595, 7.55665]",0.00754089,"[0.0, 0.0, 0.898212, -0.980741]",0.345511
0.0,0.00550049,0.5,0.0,1.324,0.0,1957.47,-0.0924072,94.0,1,"[200.0, 200.0, 200.0, 200.0, 200.0, 200.0, 200.0, 200.0, 200.0, 200.0, 200.0, 200.0, 200.0, 200.0, 200.0, 200.0, 200.0, 200.0, 200.0, 200.0, 200.0, 200.0, 200.0, 200.0, 200.0, 200.0, 200.0, 200.0, 200.0, 200.0, 200.0, 200.0, 200.0, 200.0, 200.0, 200.0]",1,942.478,-0.00662164,0.0972479,-0.00691781,0.0,"[7.44318, 7.75188, 8.80527, 11.325, 20.0071, 64.4257, 55.5344, 47.1648, 39.5816, 33.0001, 27.5256, 23.1291, 19.6779, 16.9956, 13.2821, 10.1643, 8.56483, 7.78615, 7.55705]",0.00759277,"[0.0, 0.0, -0.882592, 0.997021]",0.345505
0.0,0.00560444,0.5,0.0,1.344,0.0,1957.47,-0.0925293,94.0,1,"[200.0, 200.0, 200.0, 200.0, 200.0, 200.0, 200.0, 200.0, 200.0, 200.0, 200.0, 200.0, 200.0, 200.0, 200.0, 200.0, 200.0, 200.0, 200.0, 200.0, 200.0, 200.0, 200.0, 200.0, 200.0, 200.0, 200.0, 200.0, 200.0, 200.0, 200.0, 200.0, 200.0, 200.0, 200.0, 200.0]",1,942.478,-0.00464929,0.0405387,-0.00732481,0.0,"[7.4428, 7.75173, 8.80543, 11.3259, 20.0142, 64.4154, 55.5246, 47.1559, 39.5739, 32.9937, 27.5205, 23.1252, 19.675, 16.9935, 13.281, 10.164, 8.56483, 7.78635, 7.55743]",0.00764364,"[0.0, 0.0, 0.897709, -0.979393]",0.345497
0.0,0.00570839,0.5,0.0,1.364,0.0,1957.47,-0.0925293,94.0,1,"[200.0, 200.0, 200.0, 200.0, 200.0, 200.0, 200.0, 200.0, 200.0, 200.0, 200.0, 200.0, 200.0, 200.0, 200.0, 200.0, 200.0, 200.0, 200.0, 200.0, 200.0, 200.0, 200.0, 200.0, 200.0, 200.0, 200.0, 200.0, 200.0, 200.0, 200.0, 200.0, 200.0, 200.0, 200.0, 200.0]",1,942.478,-0.00651136,0.0974019,-0.0070983,0.0,"[7.44242, 7.75158, 8.80559, 11.3268, 20.0212, 64.405, 55.5148, 47.147, 39.5662, 32.9873, 27.5155, 23.1214, 19.6722, 16.9914, 13.2799, 10.1636, 8.56481, 7.78656, 7.55782]",0.00769552,"[0.0, 0.0, -0.881458, 0.996603]",0.34549
0.0,0.00581282,0.5,0.0,1.384,0.0,1957.47,-0.0925293,94.0,1,"[200.0, 200.0, 200.0, 200.0, 200.0, 200.0, 200.0, 200.0, 200.0, 200.0, 200.0, 200.0, 200.0, 200.0, 200.0, 200.0, 200.0, 200.0, 200.0, 200.0, 200.0, 200.0, 200.0, 200.0, 200.0, 200.0, 200.0, 200.0, 200.0, 200.0, 200.0, 200.0, 200.0, 200.0, 200.0, 200.0]",1,942.478,-0.00456895,0.0405809,-0.00743012,0.0,"[7.44204, 7.75142, 8.80575, 11.3277, 20.0284, 64.3946, 55.5051, 47.1381, 39.5585, 32.9809, 27.5105, 23.1176, 19.6693, 16.9893, 13.2788, 10.1632, 8.56478, 7.78676, 7.55821]",0.00774638,"[0.0, 0.0, 0.896675, -0.97986]",0.345481
0.0,0.00591629,0.5,0.0,1.404,0.0,1957.47,-0.0925293,94.0,1,"[200.0, 200.0, 200.0, 200.0, 200.0, 200.0, 200.0, 200.0, 200.0, 200.0, 200.0, 200.0, 200.0, 200.0, 200.0, 200.0, 200.0, 200.0, 200.0, 200.0, 200.0, 200.0, 200.0, 200.0, 200.0, 200.0, 200.0, 200.0, 200.0, 200.0, 200.0, 200.0, 200.0, 200.0, 200.0, 200.0]",1,942.478,-0.0064921,0.0973819,-0.00713058,0.0,"[7.44165, 7.75127, 8.80591, 11.3286, 20.0354, 64.3844, 55.4954, 47.1293, 39.5509, 32.9746, 27.5054, 23.1138, 19.6665, 16.9872, 13.2777, 10.1628, 8.56478, 7.78697, 7.5586]",0.00779826,"[0.0, 0.0, -0.883008, 0.996367]",0.345474
0.0,0.00601929,0.5,0.0,1.424,0.0,1957.47,-0.0925293,94.0,1,"[200.0, 200.0, 200.0, 200.0, 200.0, 200.0, 200.0, 200.0, 200.0, 200.0, 200.0, 200.0, 200.0, 200.0, 200.0, 200.0, 200.0, 200.0, 200.0, 200.0, 200.0, 200.0, 200.0, 200.0, 200.0, 200.0, 200.0, 200.0, 200.0, 200.0, 200.0, 200.0, 200.0, 200.0, 200.0, 200.0]",1,942.478,-0.0045316,0.0405756,-0.00737419,0.0,"[7.44127, 7.7511, 8.80605, 11.3295, 20.0424, 64.3741, 55.4857, 47.1205, 39.5432, 32.9683, 27.5005, 23.11, 19.6637, 16.9851, 13.2766, 10.1625, 8.56477, 7.78719, 7.55901]",0.00785116,"[0.0, 0.0, 0.897703, -0.97947]",0.345467
0.0,0.00612324,0.5,0.0,1.444,0.0,1957.47,-0.0925293,94.0,1,"[200.0, 200.0, 200.0, 200.0, 200.0, 200.0, 200.0, 200.0, 200.0, 200.0, 200.0, 200.0, 200.0, 200.0, 200.0, 200.0, 200.0, 200.0, 200.0, 200.0, 200.0, 200.0, 200.0, 200.0, 200.0, 200.0, 200.0, 200.0, 200.0, 200.0, 200.0, 200.0, 200.0, 200.0, 200.0, 200.0]",1,942.478,-0.00642319,0.0974252,-0.00712079,0.0,"[7.44089, 7.75095, 8.80621, 11.3304, 20.0495, 64.3638, 55.476, 47.1116, 39.5355, 32.9619, 27.4954, 23.1061, 19.6608, 16.983, 13.2755, 10.1621, 8.56476, 7.7874, 7.55939]",0.00790202,"[0.0, 0.0, -0.882627, 0.995777]",0.345458
0.0,0.00622767,0.5,0.0,1.464,0.0,1957.47,-0.0926514,94.0,1,"[200.0, 200.0, 200.0, 200.0, 200.0, 200.0, 200.0, 200.0, 200.0, 200.0, 200.0, 200.0, 200.0, 200.0, 200.0, 200.0, 200.0, 200.0, 200.0, 200.0, 200.0, 200.0, 200.0, 200.0, 200.0, 200.0, 200.0, 200.0, 200.0, 200.0, 200.0, 200.0, 200.0, 200.0, 200.0, 200.0]",1,942.478,-0.00468746,0.0405389,-0.00735871,0.0,"[7.44051, 7.75079, 8.80638, 11.3313, 20.0567, 64.3534, 55.4661, 47.1027, 39.5277, 32.9555, 27.4904, 23.1023, 19.658, 16.9809, 13.2744, 10.1618, 8.56476, 7.78761, 7.55979]",0.0079539,"[0.0, 0.0, 0.898545, -0.979443]",0.345451
0.0,0.0063321,0.5,0.0,1.484,0.0,1957.47,-0.0926514,94.0,1,"[200.0, 200.0, 200.0, 200.0, 200.0, 200.0, 200.0, 200.0, 200.0, 200.0, 200.0, 200.0, 200.0, 200.0, 200.0, 200.0, 200.0, 200.0, 200.0, 200.0, 200.0, 200.0, 200.0, 200.0, 200.0, 200.0, 200.0, 200.0, 200.0, 200.0, 200.0, 200.0, 200.0, 200.0, 200.0, 200.0]",1,942.478,-0.00652754,0.0972891,-0.00706908,0.0,"[7.44012, 7.75064, 8.80654, 11.3323, 20.0638, 64.343, 55.4563, 47.0938, 39.52, 32.9491, 27.4854, 23.0985, 19.6551, 16.9788, 13.2733, 10.1614, 8.56474, 7.78781, 7.56018]",0.00800578,"[0.0, 0.0, -0.883577, 0.995316]",0.345444
0.0,0.00643748,0.5,0.0,1.504,0.0,1957.47,-0.0926514,94.0,1,"[200.0, 200.0, 200.0, 200.0, 200.0, 200.0, 200.0, 200.0, 200.0, 200.0, 200.0, 200.0, 200.0, 200.0, 200.0, 200.0, 200.0, 200.0, 200.0, 200.0, 200.0, 200.0, 200.0, 200.0, 200.0, 200.0, 200.0, 200.0, 200.0, 200.0, 200.0, 200.0, 200.0, 200.0, 200.0, 200.0]",1,942.478,-0.00476625,0.0404285,-0.00735286,0.0,"[7.43975, 7.75049, 8.80672, 11.3332, 20.0711, 64.3325, 55.4464, 47.0848, 39.5122, 32.9427, 27.4802, 23.0945, 19.6522, 16.9767, 13.2721, 10.161, 8.56471, 7.78801, 7.56057]",0.00805664,"[0.0, 0.0, 0.897971, -0.978772]",0.345436
0.0,0.00654095,0.5,0.0,1.524,0.0,1957.47,-0.0926514,94.0,1,"[200.0, 200.0, 200.0, 200.0, 200.0, 200.0, 200.0, 200.0, 200.0, 200.0, 200.0, 200.0, 200.0, 200.0, 200.0, 200.0, 200.0, 200.0, 200.0, 200.0, 200.0, 200.0, 200.0, 200.0, 200.0, 200.0, 200.0, 200.0, 200.0, 200.0, 200.0, 200.0, 200.0, 200.0, 200.0, 200.0]",1,942.478,-0.00669535,0.0973825,-0.00704122,0.0,"[7.43937, 7.75034, 8.80686, 11.3341, 20.0782, 64.3223, 55.4367, 47.076, 39.5045, 32.9363, 27.4752, 23.0908, 19.6494, 16.9746, 13.271, 10.1606, 8.5647, 7.78822, 7.56096]",0.00810852,"[0.0, 0.0, -0.883375, 0.995963]",0.34543
0.0,0.00664347,0.5,0.0,1.544,0.0,1957.47,-0.0926514,94.0,1,"[200.0, 200.0, 200.0, 200.0, 200.0, 200.0, 200.0, 200.0, 200.0, 200.0, 200.0, 200.0, 200.0, 200.0, 200.0, 200.0, 200.0, 200.0, 200.0, 200.0, 200.0, 200.0, 200.0, 200.0, 200.0, 200.0, 200.0, 200.0, 200.0, 200.0, 200.0, 200.0, 200.0, 200.0, 200.0, 200.0]",1,942.478,-0.00487883,0.0406127,-0.00734179,0.0,"[7.43898, 7.75017, 8.80702, 11.335, 20.0852, 64.3121, 55.4271, 47.0673, 39.497, 32.9301, 27.4703, 23.087, 19.6466, 16.9725, 13.2699, 10.1603, 8.5647, 7.78844, 7.56135]",0.0081604,"[0.0, 0.0, 0.899005, -0.978255]",0.345423
0.0,0.00674647,0.5,0.0,1.564,0.0,1957.47,-0.0926514,94.0,1,"[200.0, 200.0, 200.0, 200.0, 200.0, 200.0, 200.0, 200.0, 200.0, 200.0, 200.0, 200.0, 200.0, 200.0, 200.0, 200.0, 200.0, 200.0, 200.0, 200.0, 200.0, 200.0, 200.0, 200.0, 200.0, 200.0, 200.0, 200.0, 200.0, 200.0, 200.0, 200.0, 200.0, 200.0, 200.0, 200.0]",1,942.478,-0.00665582,0.0975128,-0.00710754,0.0,"[7.43859, 7.75002, 8.80716, 11.3359, 20.0923, 64.3019, 55.4175, 47.0585, 39.4894, 32.9238, 27.4653, 23.0832, 19.6437, 16.9705, 13.2689, 10.1599, 8.56469, 7.78864, 7.56175]",0.00821228,"[0.0, 0.0, -0.883481, 0.995247]",0.345415
0.0,0.00685089,0.5,0.0,1.584,0.0,1957.47,-0.0927734,94.0,1,"[200.0, 200.0, 200.0, 200.0, 200.0, 200.0, 200.0, 200.0, 200.0, 200.0, 200.0, 200.0, 200.0, 200.0, 200.0, 200.0, 200.0, 200.0, 200.0, 200.0, 200.0, 200.0, 200.0, 200.0, 200.0, 200.0, 200.0, 200.0, 200.0, 200.0, 200.0, 200.0, 200.0, 200.0, 200.0, 200.0]",1,942.478,-0.00480527,0.0404398,-0.00733702,0.0,"[7.43822, 7.74986, 8.80733, 11.3368, 20.0996, 64.2915, 55.4077, 47.0496, 39.4816, 32.9174, 27.4603, 23.0794, 19.6409, 16.9684, 13.2678, 10.1596, 8.56469, 7.78885, 7.56214]",0.00826416,"[0.0, 0.0, 0.899416, -0.978756]",0.345408
0.0,0.00695532,0.5,0.0,1.604,0.0,1957.47,-0.0927734,94.0,1,"[200.0, 200.0, 200.0, 200.0, 200.0, 200.0, 200.0, 200.0, 200.0, 200.0, 200.0, 200.0, 200.0, 200.0, 200.0, 200.0, 200.0, 200.0, 200.0, 200.0, 200.0, 200.0, 200.0, 200.0, 200.0, 200.0, 200.0, 200.0, 200.0, 200.0, 200.0, 200.0, 200.0, 200.0, 200.0, 200.0]",1,942.478,-0.00688643,0.097312,-0.00709263,0.0,"[7.43784, 7.74971, 8.8075, 11.3378, 20.1067, 64.2811, 55.3979, 47.0407, 39.4739, 32.911, 27.4553, 23.0755, 19.638, 16.9663, 13.2667, 10.1592, 8.56467, 7.78905, 7.56253]",0.00831502,"[0.0, 0.0, -0.882714, 0.995842]",0.345401
0.0,0.00705975,0.5,0.0,1.624,0.0,1957.47,-0.0927734,94.0,1,"[200.0, 200.0, 200.0, 200.0, 200.0, 200.0, 200.0, 200.0, 200.0, 200.0, 200.0, 200.0, 200.0, 200.0, 200.0, 200.0, 200.0, 200.0, 200.0, 200.0, 200.0, 200.0, 200.0, 200.0, 200.0, 200.0, 200.0, 200.0, 200.0, 200.0, 200.0, 200.0, 200.0, 200.0, 200.0, 200.0]",1,942.478,-0.00512917,0.0404664,-0.00730406,0.0,"[7.43748, 7.74958, 8.80768, 11.3387, 20.1141, 64.2706, 55.3881, 47.0318, 39.4662, 32.9046, 27.4502, 23.0717, 19.6351, 16.9642, 13.2655, 10.1588, 8.56463, 7.78925, 7.5629]",0.00836487,"[0.0, 0.0, 0.900067, -0.978339]",0.345393
0.0,0.0071637,0.5,0.0,1.644,0.0,1957.47,-0.0927734,94.0,1,"[200.0, 200.0, 200.0, 200.0, 200.0, 200.0, 200.0, 200.0, 200.0, 200.0, 200.0, 200.0, 200.0, 200.0, 200.0, 200.0, 200.0, 200.0, 200.0, 200.0, 200.0, 200.0, 200.0, 200.0, 200.0, 200.0, 200.0, 200.0, 200.0, 200.0, 200.0, 200.0, 200.0, 200.0, 200.0, 200.0]",1,942.478,-0.00676682,0.0973922,-0.0070703,0.0,"[7.43709, 7.74941, 8.80784, 11.3396, 20.1212, 64.2604, 55.3783, 47.0229, 39.4585, 32.8982, 27.4452, 23.0679, 19.6323, 16.9621, 13.2644, 10.1584, 8.56462, 7.78946, 7.56329]",0.00841675,"[0.0, 0.0, -0.884435, 0.994647]",0.345387
0.0,0.00726622,0.5,0.0,1.664,0.0,1957.47,-0.0928955,94.0,1,"[200.0, 200.0, 200.0, 200.0, 200.0, 200.0, 200.0, 200.0, 200.0, 200.0, 200.0, 200.0, 200.0, 200.0, 200.0, 200.0, 200.0, 200.0, 200.0, 200.0, 200.0, 200.0, 200.0, 200.0, 200.0, 200.0, 200.0, 200.0, 200.0, 200.0, 200.0, 200.0, 200.0, 200.0, 200.0, 200.0]",1,942.478,-0.00478847,0.0407045,-0.00732105,0.0,"[7.43671, 7.74926, 8.80799, 11.3405, 20.1284, 64.2502, 55.3687, 47.0142, 39.4509, 32.892, 27.4403, 23.0641, 19.6295, 16.9601, 13.2633, 10.1581, 8.56463, 7.78967, 7.56369]",0.00846863,"[0.0, 0.0, 0.899386, -0.978858]",0.345379
0.0,0.00736969,0.5,0.0,1.684,0.0,1957.47,-0.0928955,94.0,1,"[200.0, 200.0, 200.0, 200.0, 200.0, 200.0, 200.0, 200.0, 200.0, 200.0, 200.0, 200.0, 200.0, 200.0, 200.0, 200.0, 200.0, 200.0, 200.0, 200.0, 200.0, 200.0, 200.0, 200.0, 200.0, 200.0, 200.0, 200.0, 200.0, 200.0, 200.0, 200.0, 200.0, 200.0, 200.0, 200.0]",1,942.478,-0.00688349,0.0974647,-0.00705942,0.0,"[7.43632, 7.7491, 8.80814, 11.3414, 20.1355, 64.2399, 55.359, 47.0054, 39.4433, 32.8857, 27.4352, 23.0603, 19.6267, 16.958, 13.2623, 10.1577, 8.56462, 7.78988, 7.56409]",0.00852051,"[0.0, 0.0, -0.883566, 0.995332]",0.345373
0.0,0.00747317,0.5,0.0,1.704,0.0,1957.47,-0.0928955,94.0,1,"[200.0, 200.0, 200.0, 200.0, 200.0, 200.0, 200.0, 200.0, 200.0, 200.0, 200.0, 200.0, 200.0, 200.0, 200.0, 200.0, 200.0, 200.0, 200.0, 200.0, 200.0, 200.0, 200.0, 200.0, 200.0, 200.0, 200.0, 200.0, 200.0, 200.0, 200.0, 200.0, 200.0, 200.0, 200.0, 200.0]",1,942.478,-0.00506668,0.0406166,-0.007345,0.0,"[7.43594, 7.74894, 8.80829, 11.3424, 20.1427, 64.2296, 55.3494, 46.9966, 39.4357, 32.8794, 27.4303, 23.0565, 19.6239, 16.9559, 13.2612, 10.1574, 8.5646, 7.79009, 7.56448]",0.00857239,"[0.0, 0.0, 0.900261, -0.97771]",0.345366
0.0,0.00757664,0.5,0.0,1.724,0.0,1957.47,-0.0928955,94.0,1,"[200.0, 200.0, 200.0, 200.0, 200.0, 200.0, 200.0, 200.0, 200.0, 200.0, 200.0, 200.0, 200.0, 200.0, 200.0, 200.0, 200.0, 200.0, 200.0, 200.0, 200.0, 200.0, 200.0, 200.0, 200.0, 200.0, 200.0, 200.0, 200.0, 200.0, 200.0, 200.0, 200.0, 200.0, 200.0, 200.0]",1,942.478,-0.00686745,0.097461,-0.00709557,0.0,"[7.43556, 7.74878, 8.80845, 11.3433, 20.1499, 64.2194, 55.3396, 46.9878, 39.4281, 32.8731, 27.4253, 23.0527, 19.6211, 16.9538, 13.2601, 10.157, 8.5646, 7.79031, 7.56488]",0.00862427,"[0.0, 0.0, -0.884018, 0.994621]",0.345359
0.0,0.00768059,0.5,0.0,1.744,0.0,1957.47,-0.0928955,94.0,1,"[200.0, 200.0, 200.0, 200.0, 200.0, 200.0, 200.0, 200.0, 200.0, 200.0, 200.0, 200.0, 200.0, 200.0, 200.0, 200.0, 200.0, 200.0, 200.0, 200.0, 200.0, 200.0, 200.0, 200.0, 200.0, 200.0, 200.0, 200.0, 200.0, 200.0, 200.0, 200.0, 200.0, 200.0, 200.0, 200.0]",1,942.478,-0.00487286,0.0406432,-0.00735222,0.0,"[7.43518, 7.74863, 8.80861, 11.3442, 20.1572, 64.2091, 55.3299, 46.979, 39.4204, 32.8668, 27.4203, 23.0489, 19.6182, 16.9518, 13.259, 10.1566, 8.5646, 7.79053, 7.56527]",0.00867615,"[0.0, 0.0, 0.899333, -0.977871]",0.345351
0.0,0.00778263,0.5,0.0,1.764,0.0,1957.47,-0.0928955,94.0,1,"[200.0, 200.0, 200.0, 200.0, 200.0, 200.0, 200.0, 200.0, 200.0, 200.0, 200.0, 200.0, 200.0, 200.0, 200.0, 200.0, 200.0, 200.0, 200.0, 200.0, 200.0, 200.0, 200.0, 200.0, 200.0, 200.0, 200.0, 200.0, 200.0, 200.0, 200.0, 200.0, 200.0, 200.0, 200.0, 200.0]",1,942.478,-0.0068454,0.0974959,-0.00706612,0.0,"[7.43479, 7.74846, 8.80877, 11.3451, 20.1643, 64.1989, 55.3204, 46.9703, 39.4128, 32.8606, 27.4154, 23.0452, 19.6155, 16.9497, 13.2579, 10.1563, 8.5646, 7.79072, 7.56567]",0.00872803,"[0.0, 0.0, -0.885007, 0.994709]",0.345345
0.0,0.00788658,0.5,0.0,1.784,0.0,1957.47,-0.0930176,94.0,1,"[200.0, 200.0, 200.0, 200.0, 200.0, 200.0, 200.0, 200.0, 200.0, 200.0, 200.0, 200.0, 200.0, 200.0, 200.0, 200.0, 200.0, 200.0, 200.0, 200.0, 200.0, 200.0, 200.0, 200.0, 200.0, 200.0, 200.0, 200.0, 200.0, 200.0, 200.0, 200.0, 200.0, 200.0, 200.0, 200.0]",1,942.478,-0.004979,0.040545,-0.00733698,0.0,"[7.43441, 7.74831, 8.80892, 11.346, 20.1715, 64.1886, 55.3106, 46.9615, 39.4052, 32.8542, 27.4104, 23.0414, 19.6127, 16.9477, 13.2568, 10.1559, 8.56458, 7.79095, 7.56606]",0.00877991,"[0.0, 0.0, 0.90043, -0.978032]",0.345338
0.0,0.00799101,0.5,0.0,1.804,0.0,1957.47,-0.0930176,94.0,1,"[200.0, 200.0, 200.0, 200.0, 200.0, 200.0, 200.0, 200.0, 200.0, 200.0, 200.0, 200.0, 200.0, 200.0, 200.0, 200.0, 200.0, 200.0, 200.0, 200.0, 200.0, 200.0, 200.0, 200.0, 200.0, 200.0, 200.0, 200.0, 200.0, 200.0, 200.0, 200.0, 200.0, 200.0, 200.0, 200.0]",1,942.478,-0.00699482,0.0973667,-0.00703966,0.0,"[7.43402, 7.74815, 8.80908, 11.3469, 20.1788, 64.1782, 55.3008, 46.9525, 39.3975, 32.8478, 27.4054, 23.0376, 19.6098, 16.9456, 13.2557, 10.1556, 8.56458, 7.79115, 7.56646]",0.00883179,"[0.0, 0.0, -0.884192, 0.994313]",0.345331
0.0,0.00809449,0.5,0.0,1.824,0.0,1957.47,-0.0930176,94.0,1,"[200.0, 200.0, 200.0, 200.0, 200.0, 200.0, 200.0, 200.0, 200.0, 200.0, 200.0, 200.0, 200.0, 200.0, 200.0, 200.0, 200.0, 200.0, 200.0, 200.0, 200.0, 200.0, 200.0, 200.0, 200.0, 200.0, 200.0, 200.0, 200.0, 200.0, 200.0, 200.0, 200.0, 200.0, 200.0, 200.0]",1,942.478,-0.00506436,0.0405639,-0.0073127,0.0,"[7.43364, 7.748, 8.80924, 11.3478, 20.1862, 64.1679, 55.2911, 46.9438, 39.3898, 32.8416, 27.4004, 23.0338, 19.607, 16.9435, 13.2547, 10.1552, 8.56458, 7.79136, 7.56685]",0.00888367,"[0.0, 0.0, 0.900854, -0.97753]",0.345324
0.0,0.00819939,0.5,0.0,1.844,0.0,1957.47,-0.0930176,94.0,1,"[200.0, 200.0, 200.0, 200.0, 200.0, 200.0, 200.0, 200.0, 200.0, 200.0, 200.0, 200.0, 200.0, 200.0, 200.0, 200.0, 200.0, 200.0, 200.0, 200.0, 200.0, 200.0, 200.0, 200.0, 200.0, 200.0, 200.0, 200.0, 200.0, 200.0, 200.0, 200.0, 200.0, 200.0, 200.0, 200.0]",1,942.478,-0.00704781,0.0973058,-0.00705464,0.0,"[7.43327, 7.74785, 8.80941, 11.3488, 20.1935, 64.1575, 55.2813, 46.9349, 39.3821, 32.8351, 27.3954, 23.0299, 19.6041, 16.9414, 13.2535, 10.1548, 8.56454, 7.79155, 7.56724]",0.00893453,"[0.0, 0.0, -0.884138, 0.994938]",0.345317
0.0,0.00830286,0.5,0.0,1.864,0.0,1957.47,-0.0930176,94.0,1,"[200.0, 200.0, 200.0, 200.0, 200.0, 200.0, 200.0, 200.0, 200.0, 200.0, 200.0, 200.0, 200.0, 200.0, 200.0, 200.0, 200.0, 200.0, 200.0, 200.0, 200.0, 200.0, 200.0, 200.0, 200.0, 200.0, 200.0, 200.0, 200.0, 200.0, 200.0, 200.0, 200.0, 200.0, 200.0, 200.0]",1,942.478,-0.00521294,0.0405758,-0.00735257,0.0,"[7.4329, 7.74771, 8.80958, 11.3497, 20.2009, 64.1473, 55.2716, 46.926, 39.3745, 32.8289, 27.3904, 23.0262, 19.6013, 16.9393, 13.2524, 10.1544, 8.56453, 7.79177, 7.56763]",0.00898539,"[0.0, 0.0, 0.900149, -0.976717]",0.345309
0.0,0.00840538,0.5,0.0,1.884,0.0,1957.47,-0.0930176,94.0,1,"[200.0, 200.0, 200.0, 200.0, 200.0, 200.0, 200.0, 200.0, 200.0, 200.0, 200.0, 200.0, 200.0, 200.0, 200.0, 200.0, 200.0, 200.0, 200.0, 200.0, 200.0, 200.0, 200.0, 200.0, 200.0, 200.0, 200.0, 200.0, 200.0, 200.0, 200.0, 200.0, 200.0, 200.0, 200.0, 200.0]",1,942.478,-0.00683362,0.097417,-0.00705645,0.0,"[7.43251, 7.74754, 8.80973, 11.3506, 20.208, 64.1371, 55.262, 46.9173, 39.3669, 32.8226, 27.3855, 23.0224, 19.5986, 16.9373, 13.2514, 10.1541, 8.56453, 7.79198, 7.56803]",0.00903829,"[0.0, 0.0, -0.885828, 0.993919]",0.345304
0.0,0.00850933,0.5,0.0,1.904,0.0,1957.47,-0.0931396,94.0,1,"[200.0, 200.0, 200.0, 200.0, 200.0, 200.0, 200.0, 200.0, 200.0, 200.0, 200.0, 200.0, 200.0, 200.0, 200.0, 200.0, 200.0, 200.0, 200.0, 200.0, 200.0, 200.0, 200.0, 200.0, 200.0, 200.0, 200.0, 200.0, 200.0, 200.0, 200.0, 200.0, 200.0, 200.0, 200.0, 200.0]",1,942.478,-0.00503314,0.0405561,-0.00736226,0.0,"[7.43213, 7.74739, 8.8099, 11.3515, 20.2153, 64.1268, 55.2523, 46.9086, 39.3593, 32.8163, 27.3805, 23.0186, 19.5957, 16.9352, 13.2503, 10.1537, 8.56453, 7.79219, 7.56841]",0.00908915,"[0.0, 0.0, 0.899921, -0.977215]",0.345296
0.0,0.00861281,0.5,0.0,1.924,0.0,1957.47,-0.0931396,94.0,1,"[200.0, 200.0, 200.0, 200.0, 200.0, 200.0, 200.0, 200.0, 200.0, 200.0, 200.0, 200.0, 200.0, 200.0, 200.0, 200.0, 200.0, 200.0, 200.0, 200.0, 200.0, 200.0, 200.0, 200.0, 200.0, 200.0, 200.0, 200.0, 200.0, 200.0, 200.0, 200.0, 200.0, 200.0, 200.0, 200.0]",1,942.478,-0.00702084,0.0974026,-0.007058,0.0,"[7.43175, 7.74724, 8.81005, 11.3524, 20.2227, 64.1164, 55.2425, 46.8997, 39.3516, 32.81, 27.3755, 23.0148, 19.5929, 16.9331, 13.2492, 10.1534, 8.56451, 7.7924, 7.56881]",0.00914103,"[0.0, 0.0, -0.886111, 0.994307]",0.345289
0.0,0.00871676,0.5,0.0,1.944,0.0,1957.47,-0.0931396,94.0,1,"[200.0, 200.0, 200.0, 200.0, 200.0, 200.0, 200.0, 200.0, 200.0, 200.0, 200.0, 200.0, 200.0, 200.0, 200.0, 200.0, 200.0, 200.0, 200.0, 200.0, 200.0, 200.0, 200.0, 200.0, 200.0, 200.0, 200.0, 200.0, 200.0, 200.0, 200.0, 200.0, 200.0, 200.0, 200.0, 200.0]",1,942.478,-0.00529157,0.0404676,-0.0073036,0.0,"[7.43137, 7.74708, 8.81021, 11.3534, 20.2301, 64.1062, 55.2329, 46.8909, 39.344, 32.8037, 27.3705, 23.011, 19.59, 16.9311, 13.2481, 10.153, 8.56451, 7.79261, 7.56921]",0.00919291,"[0.0, 0.0, 0.901685, -0.976578]",0.345282
0.0,0.00882214,0.5,0.0,1.964,0.0,1957.47,-0.0931396,94.0,1,"[200.0, 200.0, 200.0, 200.0, 200.0, 200.0, 200.0, 200.0, 200.0, 200.0, 200.0, 200.0, 200.0, 200.0, 200.0, 200.0, 200.0, 200.0, 200.0, 200.0, 200.0, 200.0, 200.0, 200.0, 200.0, 200.0, 200.0, 200.0, 200.0, 200.0, 200.0, 200.0, 200.0, 200.0, 200.0, 200.0]",1,942.478,-0.0071656,0.097257,-0.00705037,0.0,"[7.43099, 7.74694, 8.81039, 11.3543, 20.2376, 64.0957, 55.223, 46.8819, 39.3362, 32.7972, 27.3655, 23.0072, 19.5872, 16.929, 13.247, 10.1526, 8.56449, 7.79281, 7.5696]",0.00924377,"[0.0, 0.0, -0.885671, 0.994053]",0.345275
0.0,0.00892657,0.5,0.0,1.984,0.0,1957.47,-0.0931396,94.0,1,"[200.0, 200.0, 200.0, 200.0, 200.0, 200.0, 200.0, 200.0, 200.0, 200.0, 200.0, 200.0, 200.0, 200.0, 200.0, 200.0, 200.0, 200.0, 200.0, 200.0, 200.0, 200.0, 200.0, 200.0, 200.0, 200.0, 200.0, 200.0, 200.0, 200.0, 200.0, 200.0, 200.0, 200.0, 200.0, 200.0]",1,942.478,-0.00521084,0.0404997,-0.00733005,0.0,"[7.43063, 7.74679, 8.81057, 11.3553, 20.2451, 64.0853, 55.2132, 46.873, 39.3285, 32.7909, 27.3604, 23.0033, 19.5843, 16.9269, 13.2459, 10.1523, 8.56446, 7.79302, 7.56998]",0.00929464,"[0.0, 0.0, 0.900728, -0.977333]",0.345268
0.0,0.00897234,0.5,0.0,2.006,0.0,1957.47,-0.0932617,94.0,1,"[200.0, 200.0, 200.0, 200.0, 200.0, 200.0, 200.0, 200.0, 200.0, 200.0, 200.0, 200.0, 200.0, 200.0, 200.0, 200.0, 200.0, 200.0, 200.0, 200.0, 200.0, 200.0, 200.0, 200.0, 200.0, 200.0, 200.0, 200.0, 200.0, 200.0, 200.0, 200.0, 200.0, 200.0, 200.0, 200.0]",1,942.478,-0.00689887,0.0973321,-0.00735781,0.0,"[7.43018, 7.74644, 8.81031, 11.3552, 20.2472, 64.0811, 55.2093, 46.8696, 39.3256, 32.7886, 27.3588, 23.0022, 19.5836, 16.9265, 13.2458, 10.1524, 8.56476, 7.79339, 7.57043]",0.00935364,"[0.0, 0.0, -0.886149, 0.993264]",0.345262
0.0,0.00915354,0.5,0.0,2.028,0.0,1957.47,-0.0932617,94.0,1,"[200.0, 200.0, 200.0, 200.0, 200.0, 200.0, 200.0, 200.0, 200.0, 200.0, 200.0, 200.0, 200.0, 200.0, 200.0, 200.0, 200.0, 200.0, 200.0, 200.0, 200.0, 200.0, 200.0, 200.0, 200.0, 200.0, 200.0, 200.0, 200.0, 200.0, 200.0, 200.0, 200.0, 200.0, 200.0, 200.0]",1,942.478,-0.0068927,0.0975066,-0.00703951,0.0,"[7.42979, 7.74645, 8.8109, 11.3573, 20.2612, 64.0628, 55.1919, 46.8537, 39.3118, 32.7771, 27.3496, 22.9951, 19.5782, 16.9224, 13.2435, 10.1515, 8.56445, 7.79348, 7.57085]",0.00940857,"[0.0, 0.0, -0.885787, 0.993416]",0.345253
0.0,0.00933522,0.5,0.0,2.05,0.0,1957.47,-0.0932617,94.0,1,"[200.0, 200.0, 200.0, 200.0, 200.0, 200.0, 200.0, 200.0, 200.0, 200.0, 200.0, 200.0, 200.0, 200.0, 200.0, 200.0, 200.0, 200.0, 200.0, 200.0, 200.0, 200.0, 200.0, 200.0, 200.0, 200.0, 200.0, 200.0, 200.0, 200.0, 200.0, 200.0, 200.0, 200.0, 200.0, 200.0]",1,942.478,-0.00523498,0.0407807,-0.00711156,0.0,"[7.42939, 7.74646, 8.81151, 11.3593, 20.2753, 64.0444, 55.1745, 46.8378, 39.2979, 32.7655, 27.3403, 22.9879, 19.5727, 16.9183, 13.2412, 10.1505, 8.56414, 7.79357, 7.57127]",0.0094635,"[0.0, 0.0, 0.901848, -0.975615]",0.345245
1.0,0.00914734,0.0,0.0,2.072,0.0,1957.47,-0.0932617,94.0,-1,"[200.0, 200.0, 200.0, 200.0, 200.0, 200.0, 200.0, 200.0, 200.0, 200.0, 200.0, 200.0, 200.0, 200.0, 200.0, 200.0, 200.0, 200.0, 200.0, 200.0, 200.0, 200.0, 200.0, 200.0, 200.0, 200.0, 200.0, 200.0, 200.0, 200.0, 200.0, 200.0, 200.0, 200.0, 200.0, 200.0]",1,957.884,-0.00883833,0.140524,-0.00951378,0.0,"[7.42855, 7.74514, 8.80938, 11.3552, 20.2554, 64.0649, 55.1944, 46.8565, 39.3147, 32.7801, 27.3525, 22.9979, 19.5808, 16.9248, 13.2455, 10.1531, 8.56585, 7.79477, 7.57209]",0.00957336,"[0.473401, -0.456271, 0.393533, -2.28824]",0.345264
1.0,0.00904339,0.0,0.0,2.094,0.0,1957.47,-0.0933838,94.0,-1,"[200.0, 200.0, 200.0, 200.0, 200.0, 200.0, 200.0, 200.0, 200.0, 200.0, 200.0, 200.0, 200.0, 200.0, 200.0, 200.0, 200.0, 200.0, 200.0, 200.0, 200.0, 200.0, 200.0, 200.0, 200.0, 200.0, 200.0, 200.0, 200.0, 200.0, 200.0, 200.0, 200.0, 200.0, 200.0, 200.0]",1,974.847,-0.0118718,0.133233,-0.0119791,0.0,"[7.42771, 7.74401, 8.80774, 11.3522, 20.2429, 64.0767, 55.2059, 46.8675, 39.3248, 32.789, 27.3601, 23.0043, 19.586, 16.9291, 13.2485, 10.1551, 8.56723, 7.7958, 7.57291]",0.00968425,"[-2.36397, 2.23228, -2.20341, 0.509348]",0.345268
1.0,0.00904864,0.0,0.0,2.116,0.0,1957.47,-0.0933838,94.0,-1,"[200.0, 200.0, 200.0, 200.0, 200.0, 200.0, 200.0, 200.0, 200.0, 200.0, 200.0, 200.0, 200.0, 200.0, 200.0, 200.0, 200.0, 200.0, 200.0, 200.0, 200.0, 200.0, 200.0, 200.0, 200.0, 200.0, 200.0, 200.0, 200.0, 200.0, 200.0, 200.0, 200.0, 200.0, 200.0, 200.0]",1,991.824,-0.0136856,0.132368,-0.0133317,0.0,"[7.42689, 7.74316, 8.80675, 11.3509, 20.2397, 64.0771, 55.2067, 46.8684, 39.326, 32.7904, 27.3616, 23.0057, 19.5875, 16.9305, 13.2498, 10.1561, 8.56813, 7.79665, 7.57373]",0.00979411,"[-1.41938, 1.32539, -2.16748, 0.495204]",0.345261
1.0,0.00905913,0.0,0.0,2.138,0.0,1957.47,-0.0935059,94.0,-1,"[200.0, 200.0, 200.0, 200.0, 200.0, 200.0, 200.0, 200.0, 200.0, 200.0, 200.0, 200.0, 200.0, 200.0, 200.0, 200.0, 200.0, 200.0, 200.0, 200.0, 200.0, 200.0, 200.0, 200.0, 200.0, 200.0, 200.0, 200.0, 200.0, 200.0, 200.0, 200.0, 200.0, 200.0, 200.0, 200.0]",1,1008.82,-0.0137251,0.135642,-0.0141042,0.0,"[7.42606, 7.74232, 8.80583, 11.3497, 20.2373, 64.077, 55.2068, 46.869, 39.3268, 32.7914, 27.3628, 23.007, 19.5887, 16.9317, 13.2509, 10.157, 8.569, 7.79747, 7.57456]",0.00990397,"[1.4206, -1.38563, 0.491492, -2.24602]",0.345246
1.0,0.00897377,0.0,0.0,2.16,0.0,1957.47,-0.0935059,94.0,-1,"[200.0, 200.0, 200.0, 200.0, 200.0, 200.0, 200.0, 200.0, 200.0, 200.0, 200.0, 200.0, 200.0, 200.0, 200.0, 200.0, 200.0, 200.0, 200.0, 200.0, 200.0, 200.0, 200.0, 200.0, 200.0, 200.0, 200.0, 200.0, 200.0, 200.0, 200.0, 200.0, 200.0, 200.0, 200.0, 200.0]",1,1025.82,-0.0154206,0.136825,-0.0145404,0.0,"[7.42524, 7.74126, 8.80432, 11.3471, 20.2264, 64.0868, 55.2165, 46.8782, 39.3353, 32.799, 27.3693, 23.0124, 19.5933, 16.9355, 13.2536, 10.1588, 8.57027, 7.79847, 7.57537]",0.0100128,"[0.482478, -0.487734, 0.520825, -2.16709]",0.345227
1.0,0.00888985,0.0,0.0,2.182,0.0,1957.47,-0.0936279,94.0,-1,"[200.0, 200.0, 200.0, 200.0, 200.0, 200.0, 200.0, 200.0, 200.0, 200.0, 200.0, 200.0, 200.0, 200.0, 200.0, 200.0, 200.0, 200.0, 200.0, 200.0, 200.0, 200.0, 200.0, 200.0, 200.0, 200.0, 200.0, 200.0, 200.0, 200.0, 200.0, 200.0, 200.0, 200.0, 200.0, 200.0]",1,1042.84,-0.0183611,0.135548,-0.0146934,0.0,"[7.4244, 7.74019, 8.8028, 11.3445, 20.2156, 64.0965, 55.2261, 46.8873, 39.3437, 32.8064, 27.3757, 23.0179, 19.5978, 16.9392, 13.2563, 10.1606, 8.57155, 7.79947, 7.57619]",0.0101237,"[-2.34928, 2.2267, -2.08748, 0.629097]",0.34521
1.0,0.00890797,0.0,0.0,2.204,0.0,1957.47,-0.09375,94.0,-1,"[200.0, 200.0, 200.0, 200.0, 200.0, 200.0, 200.0, 200.0, 200.0, 200.0, 200.0, 200.0, 200.0, 200.0, 200.0, 200.0, 200.0, 200.0, 200.0, 200.0, 200.0, 200.0, 200.0, 200.0, 200.0, 200.0, 200.0, 200.0, 200.0, 200.0, 200.0, 200.0, 200.0, 200.0, 200.0, 200.0]",1,942.478,-0.0195753,0.136339,-0.014575,0.0,"[7.42355, 7.73934, 8.80188, 11.3434, 20.2136, 64.0956, 55.2255, 46.8872, 39.3439, 32.807, 27.3765, 23.0188, 19.5988, 16.9403, 13.2573, 10.1615, 8.57242, 7.8003, 7.57705]",0.0102366,"[-1.3991, 1.3276, -2.12361, 0.51737]",0.345193
1.0,0.00890606,0.0,0.0,2.226,0.0,1957.46,-0.095459,94.0,-1,"[200.0, 200.0, 200.0, 200.0, 200.0, 200.0, 200.0, 200.0, 200.0, 200.0, 200.0, 200.0, 200.0, 200.0, 200.0, 200.0, 200.0, 200.0, 200.0, 200.0, 200.0, 200.0, 200.0, 200.0, 200.0, 200.0, 200.0, 200.0, 200.0, 200.0, 200.0, 200.0, 200.0, 200.0, 200.0, 200.0]",1,942.478,-0.534848,0.0740551,-0.0141069,0.0,"[7.4229, 7.73865, 8.80107, 11.3422, 20.2107, 64.0966, 55.2267, 46.8885, 39.3454, 32.8085, 27.378, 23.0203, 19.6002, 16.9415, 13.2584, 10.1624, 8.57317, 7.80097, 7.57771]",0.0103241,"[1.43955, -1.62293, -0.699126, -1.83647]",0.34517
1.0,0.00880259,0.0,0.0,2.248,0.0,1957.46,-0.100342,94.0,-1,"[200.0, 200.0, 200.0, 200.0, 200.0, 200.0, 200.0, 200.0, 200.0, 200.0, 200.0, 200.0, 200.0, 200.0, 200.0, 200.0, 200.0, 200.0, 200.0, 200.0, 200.0, 200.0, 200.0, 200.0, 200.0, 200.0, 200.0, 200.0, 200.0, 200.0, 200.0, 200.0, 200.0, 200.0, 200.0, 200.0]",1,942.478,-1.05717,0.0530611,-0.0145135,0.0,"[7.42242, 7.73791, 8.79989, 11.3399, 20.1997, 64.1079, 55.2377, 46.8988, 39.3547, 32.8166, 27.3848, 23.0258, 19.6047, 16.9452, 13.2608, 10.1638, 8.57412, 7.80164, 7.57816]",0.0103861,"[0.315822, -1.62918, -0.82166, -1.3441]",0.345154
1.0,0.0085122,0.0,0.0,2.27,0.0,1957.45,-0.108398,94.0,-1,"[200.0, 200.0, 200.0, 200.0, 200.0, 200.0, 200.0, 200.0, 200.0, 200.0, 200.0, 200.0, 200.0, 200.0, 200.0, 200.0, 200.0, 200.0, 200.0, 200.0, 200.0, 200.0, 200.0, 200.0, 200.0, 200.0, 200.0, 200.0, 200.0, 200.0, 200.0, 200.0, 200.0, 200.0, 200.0, 200.0]",1,942.478,-1.56082,0.0497959,-0.0142312,0.0,"[7.4221, 7.73689, 8.79776, 11.3351, 20.1734, 64.1384, 55.2669, 46.9259, 39.3788, 32.8372, 27.4017, 23.0393, 19.6153, 16.9535, 13.266, 10.1666, 8.57569, 7.80248, 7.57845]",0.0104268,"[-3.1654, 0.970918, -1.21375, -1.41442]",0.345149
1.0,0.00831478,0.0,0.0,2.292,0.0,1957.44,-0.119507,94.0,-1,"[200.0, 200.0, 200.0, 200.0, 200.0, 200.0, 200.0, 200.0, 200.0, 200.0, 200.0, 200.0, 200.0, 200.0, 200.0, 200.0, 200.0, 200.0, 200.0, 200.0, 200.0, 200.0, 200.0, 200.0, 200.0, 200.0, 200.0, 200.0, 200.0, 200.0, 200.0, 200.0, 200.0, 200.0, 200.0, 200.0]",1,942.478,-2.03424,0.0151376,-0.0148974,0.0,"[7.42174, 7.73605, 8.79615, 11.3316, 20.1551, 64.1593, 55.287, 46.9445, 39.3955, 32.8514, 27.4135, 23.0487, 19.6228, 16.9594, 13.2698, 10.1687, 8.57692, 7.80319, 7.57878]",0.0104726,"[-2.42064, -0.69013, -1.9899, -2.27418]",0.34517
1.0,0.00805777,0.0,0.0,2.314,0.0,1957.43,-0.133545,94.0,-1,"[200.0, 200.0, 200.0, 200.0, 200.0, 200.0, 200.0, 200.0, 200.0, 200.0, 200.0, 200.0, 200.0, 200.0, 200.0, 200.0, 200.0, 200.0, 200.0, 200.0, 200.0, 200.0, 200.0, 200.0, 200.0, 200.0, 200.0, 200.0, 200.0, 200.0, 200.0, 200.0, 200.0, 200.0, 200.0, 200.0]",1,942.478,-2.53251,0.0472982,-0.0151964,0.0,"[7.42138, 7.73506, 8.79416, 11.3271, 20.1316, 64.1863, 55.313, 46.9687, 39.417, 32.8698, 27.4286, 23.0608, 19.6324, 16.967, 13.2746, 10.1713, 8.5784, 7.80402, 7.57912]",0.0105184,"[-0.035368, -3.81205, -3.16207, -1.96348]",0.345223
1.0,0.00769966,0.0,0.0,2.336,0.0,1957.41,-0.150635,94.0,-1,"[200.0, 200.0, 200.0, 200.0, 200.0, 200.0, 200.0, 200.0, 200.0, 200.0, 200.0, 200.0, 200.0, 200.0, 200.0, 200.0, 200.0, 200.0, 200.0, 200.0, 200.0, 200.0, 200.0, 200.0, 200.0, 200.0, 200.0, 200.0, 200.0, 200.0, 200.0, 200.0, 200.0, 200.0, 200.0, 200.0]",1,942.478,-3.04286,0.0330114,-0.0156488,0.0,"[7.42101, 7.73386, 8.79158, 11.3212, 20.0997, 64.2239, 55.349, 47.0021, 39.4468, 32.8952, 27.4494, 23.0774, 19.6454, 16.9772, 13.281, 10.1747, 8.5803, 7.80501, 7.57944]",0.0105642,"[-1.51304, -3.20124, -2.41625, -3.10683]",0.345308
1.0,0.00728339,0.0,0.0,2.358,0.0,1957.39,-0.170776,94.0,-1,"[200.0, 200.0, 200.0, 200.0, 200.0, 200.0, 200.0, 200.0, 200.0, 200.0, 200.0, 200.0, 200.0, 200.0, 200.0, 200.0, 200.0, 200.0, 200.0, 200.0, 200.0, 200.0, 200.0, 200.0, 200.0, 200.0, 200.0, 200.0, 200.0, 200.0, 200.0, 200.0, 200.0, 200.0, 200.0, 200.0]",1,942.478,-3.523,0.0415841,-0.0165213,0.0,"[7.42058, 7.73241, 8.78858, 11.3143, 20.0628, 64.2675, 55.3909, 47.041, 39.4813, 32.9247, 27.4736, 23.0968, 19.6606, 16.9892, 13.2885, 10.1787, 8.58253, 7.80619, 7.57983]",0.0106191,"[-4.6006, -0.904833, -3.58312, -3.31393]",0.345437
1.0,0.00686997,0.0,0.0,2.38,0.0,1957.37,-0.194092,94.0,-1,"[200.0, 200.0, 200.0, 200.0, 200.0, 200.0, 200.0, 200.0, 200.0, 200.0, 200.0, 200.0, 200.0, 200.0, 200.0, 200.0, 200.0, 200.0, 200.0, 200.0, 200.0, 200.0, 200.0, 200.0, 200.0, 200.0, 200.0, 200.0, 200.0, 200.0, 200.0, 200.0, 200.0, 200.0, 200.0, 200.0]",1,942.478,-4.03075,0.0431371,-0.0171314,0.0,"[7.42011, 7.73096, 8.78554, 11.3074, 20.0261, 64.3109, 55.4326, 47.0796, 39.5158, 32.9541, 27.4978, 23.1161, 19.6758, 17.0011, 13.296, 10.1827, 8.58479, 7.8074, 7.58025]",0.0106781,"[-4.02599, -2.32056, -3.80682, -3.60696]",0.345608
1.0,0.00644224,0.0,0.0,2.402,0.0,1957.34,-0.220337,94.0,-1,"[200.0, 200.0, 200.0, 200.0, 200.0, 200.0, 200.0, 200.0, 200.0, 200.0, 200.0, 200.0, 200.0, 200.0, 200.0, 200.0, 200.0, 200.0, 200.0, 200.0, 200.0, 200.0, 200.0, 200.0, 200.0, 200.0, 200.0, 200.0, 200.0, 200.0, 200.0, 200.0, 200.0, 200.0, 200.0, 200.0]",1,942.478,-4.51087,0.0462441,-0.0172718,0.0,"[7.41968, 7.7295, 8.78246, 11.3004, 19.9887, 64.3558, 55.4756, 47.1196, 39.5514, 32.9845, 27.5227, 23.136, 19.6915, 17.0134, 13.3037, 10.1868, 8.58708, 7.80861, 7.58064]",0.010733,"[-1.90484, -5.42456, -4.96981, -3.97699]",0.345819
1.0,0.00597208,0.0,0.0,2.424,0.0,1957.31,-0.249634,94.0,-1,"[200.0, 200.0, 200.0, 200.0, 200.0, 200.0, 200.0, 200.0, 200.0, 200.0, 200.0, 200.0, 200.0, 200.0, 200.0, 200.0, 200.0, 200.0, 200.0, 200.0, 200.0, 200.0, 200.0, 200.0, 200.0, 200.0, 200.0, 200.0, 200.0, 200.0, 200.0, 200.0, 200.0, 200.0, 200.0, 200.0]",1,942.478,-5.01852,0.0363917,-0.0170584,0.0,"[7.41923, 7.72793, 8.77913, 11.2927, 19.9479, 64.4051, 55.523, 47.1634, 39.5904, 33.0178, 27.5501, 23.1578, 19.7087, 17.0268, 13.3121, 10.1913, 8.58957, 7.80991, 7.58103]",0.010789,"[-3.28875, -4.87453, -4.24938, -4.96209]",0.34607
1.0,0.00540036,0.0,0.0,2.446,0.0,1957.28,-0.281982,94.0,-1,"[200.0, 200.0, 200.0, 200.0, 200.0, 200.0, 200.0, 200.0, 200.0, 200.0, 200.0, 200.0, 200.0, 200.0, 200.0, 200.0, 200.0, 200.0, 200.0, 200.0, 200.0, 200.0, 200.0, 200.0, 200.0, 200.0, 200.0, 200.0, 200.0, 200.0, 200.0, 200.0, 200.0, 200.0, 200.0, 200.0]",1,942.478,-5.51535,0.0482579,-0.0165041,0.0,"[7.41876, 7.7261, 8.77516, 11.2835, 19.8991, 64.4649, 55.5804, 47.2167, 39.6378, 33.0583, 27.5832, 23.1842, 19.7295, 17.0431, 13.3222, 10.1966, 8.59252, 7.8114, 7.58146]",0.010848,"[-6.108, -2.62146, -5.31364, -5.03643]",0.346359
1.0,0.00491398,0.0,0.0,2.468,0.0,1957.24,-0.317261,94.0,-1,"[200.0, 200.0, 200.0, 200.0, 200.0, 200.0, 200.0, 200.0, 200.0, 200.0, 200.0, 200.0, 200.0, 200.0, 200.0, 200.0, 200.0, 200.0, 200.0, 200.0, 200.0, 200.0, 200.0, 200.0, 200.0, 200.0, 200.0, 200.0, 200.0, 200.0, 200.0, 200.0, 200.0, 200.0, 200.0, 200.0]",1,1130.46,-5.99059,0.0374438,-0.0152795,0.0,"[7.41829, 7.72446, 8.7717, 11.2756, 19.8575, 64.5159, 55.6294, 47.2621, 39.6784, 33.0928, 27.6116, 23.2069, 19.7473, 17.0571, 13.331, 10.2013, 8.59511, 7.81276, 7.58189]",0.010908,"[-5.64997, -4.01282, -6.16637, -6.14887]",0.346668
1.0,0.00436562,0.0,0.0,2.49,0.0,1957.2,-0.355835,93.9999,-1,"[200.0, 200.0, 200.0, 200.0, 200.0, 200.0, 200.0, 200.0, 200.0, 200.0, 200.0, 200.0, 200.0, 200.0, 200.0, 200.0, 200.0, 200.0, 200.0, 200.0, 200.0, 200.0, 200.0, 200.0, 200.0, 200.0, 200.0, 200.0, 200.0, 200.0, 200.0, 200.0, 200.0, 200.0, 200.0, 200.0]",1,1122.92,-6.5225,0.0371032,-0.0125417,0.0,"[7.41786, 7.72274, 8.76791, 11.2668, 19.8113, 64.5733, 55.6845, 47.3133, 39.7239, 33.1317, 27.6435, 23.2324, 19.7672, 17.0727, 13.3407, 10.2064, 8.59793, 7.81419, 7.58228]",0.0109629,"[-3.82238, -7.17696, -5.54861, -6.83026]",0.346974
1.0,0.00357788,0.0,0.0,2.512,0.0,1957.16,-0.397461,93.9998,-1,"[200.0, 200.0, 200.0, 200.0, 200.0, 200.0, 200.0, 200.0, 200.0, 200.0, 200.0, 200.0, 200.0, 200.0, 200.0, 200.0, 200.0, 200.0, 200.0, 200.0, 200.0, 200.0, 200.0, 200.0, 200.0, 200.0, 200.0, 200.0, 200.0, 200.0, 200.0, 200.0, 200.0, 200.0, 200.0, 200.0]",1,1248.4,-7.03443,0.0435889,-0.00896293,0.0,"[7.41744, 7.72045, 8.76273, 11.2546, 19.7464, 64.6556, 55.7635, 47.3864, 39.789, 33.1871, 27.6889, 23.2685, 19.7956, 17.0948, 13.3545, 10.2135, 8.60176, 7.81606, 7.58266]",0.0110158,"[-5.16303, -6.63114, -6.62087, -7.47513]",0.347253
1.0,0.00282162,0.0,0.0,2.534,0.0,1957.12,-0.442261,93.9997,-1,"[200.0, 200.0, 200.0, 200.0, 200.0, 200.0, 200.0, 200.0, 200.0, 200.0, 200.0, 200.0, 200.0, 200.0, 200.0, 200.0, 200.0, 200.0, 200.0, 200.0, 200.0, 200.0, 200.0, 200.0, 200.0, 200.0, 200.0, 200.0, 200.0, 200.0, 200.0, 200.0, 200.0, 200.0, 200.0, 200.0]",1,1395.85,-7.57382,0.0439049,-0.004502,0.0,"[7.41699, 7.71823, 8.75772, 11.2428, 19.6847, 64.7345, 55.8393, 47.4567, 39.8516, 33.2405, 27.7327, 23.3034, 19.8229, 17.1162, 13.3677, 10.2204, 8.60549, 7.81789, 7.58306]",0.0110718,"[-7.75467, -4.32139, -7.2595, -8.05128]",0.347474
1.0,0.00211447,0.0,0.0,2.556,0.0,1957.07,-0.490479,93.9997,-1,"[200.0, 200.0, 200.0, 200.0, 200.0, 200.0, 200.0, 200.0, 200.0, 200.0, 200.0, 200.0, 200.0, 200.0, 200.0, 200.0, 200.0, 200.0, 200.0, 200.0, 200.0, 200.0, 200.0, 200.0, 200.0, 200.0, 200.0, 200.0, 200.0, 200.0, 200.0, 200.0, 200.0, 200.0, 200.0, 200.0]",1,1461.95,-8.12904,0.0472878,0.00124069,0.0,"[7.41659, 7.71614, 8.75304, 11.2318, 19.6275, 64.8084, 55.9102, 47.5226, 39.9102, 33.2906, 27.7737, 23.3361, 19.8486, 17.1362, 13.3801, 10.2269, 8.609, 7.8196, 7.58344]",0.0111247,"[-7.35705, -5.839, -7.25074, -8.77058]",0.347594
1.0,0.00139206,0.0,0.0,2.578,0.0,1957.02,-0.541992,93.9996,-1,"[200.0, 200.0, 200.0, 200.0, 200.0, 200.0, 200.0, 200.0, 200.0, 200.0, 200.0, 200.0, 200.0, 200.0, 200.0, 200.0, 200.0, 200.0, 200.0, 200.0, 200.0, 200.0, 200.0, 200.0, 200.0, 200.0, 200.0, 200.0, 200.0, 200.0, 200.0, 200.0, 200.0, 200.0, 200.0, 200.0]",1,1535.99,-8.67485,0.0505173,0.00811992,0.0,"[7.41618, 7.71404, 8.74828, 11.2207, 19.5697, 64.884, 55.9828, 47.5899, 39.9702, 33.3417, 27.8157, 23.3695, 19.8747, 17.1567, 13.3928, 10.2335, 8.61257, 7.82136, 7.58383]",0.0111766,"[-5.74987, -9.0579, -7.66293, -9.40447]",0.347581
1.0,0.000580486,0.0,0.0,2.6,0.0,1956.96,-0.596924,93.9995,-1,"[200.0, 200.0, 200.0, 200.0, 200.0, 200.0, 200.0, 200.0, 200.0, 200.0, 200.0, 200.0, 200.0, 200.0, 200.0, 200.0, 200.0, 200.0, 200.0, 200.0, 200.0, 200.0, 200.0, 200.0, 200.0, 200.0, 200.0, 200.0, 200.0, 200.0, 200.0, 200.0, 200.0, 200.0, 200.0, 200.0]",1,1640.48,-9.23703,0.0518473,0.0154207,0.0,"[7.41582, 7.71176, 8.74305, 11.2083, 19.5058, 64.9687, 56.0641, 47.6654, 40.0375, 33.3991, 27.8627, 23.4069, 19.9041, 17.1796, 13.407, 10.2409, 8.61649, 7.82325, 7.58419]",0.0112244,"[-7.09146, -8.44611, -8.32715, -9.91266]",0.347412
1.0,-0.000287358,0.0,0.0,2.622,0.0,1956.9,-0.655396,93.9994,-1,"[200.0, 200.0, 200.0, 200.0, 200.0, 200.0, 200.0, 200.0, 200.0, 200.0, 200.0, 200.0, 200.0, 200.0, 200.0, 200.0, 200.0, 200.0, 200.0, 200.0, 200.0, 200.0, 200.0, 200.0, 200.0, 200.0, 200.0, 200.0, 200.0, 200.0, 200.0, 200.0, 200.0, 200.0, 200.0, 200.0]",1,1745.11,-9.81729,0.0555525,0.0211779,0.0,"[7.41548, 7.70937, 8.73752, 11.1952, 19.4384, 65.0593, 56.1511, 47.7461, 40.1094, 33.4605, 27.9131, 23.447, 19.9355, 17.2041, 13.4221, 10.2487, 8.62066, 7.82523, 7.58453]",0.0112701,"[-9.72746, -6.3473, -8.93662, -10.4016]",0.347082
1.0,-0.00118286,0.0,0.0,2.644,0.0,1956.84,-0.717407,93.9993,-1,"[200.0, 200.0, 200.0, 200.0, 200.0, 200.0, 200.0, 200.0, 200.0, 200.0, 200.0, 200.0, 200.0, 200.0, 200.0, 200.0, 200.0, 200.0, 200.0, 200.0, 200.0, 200.0, 200.0, 200.0, 200.0, 200.0, 200.0, 200.0, 200.0, 200.0, 200.0, 200.0, 200.0, 200.0, 200.0, 200.0]",1,1841.02,-10.3988,0.0600089,0.0247751,0.0,"[7.41517, 7.70697, 8.73187, 11.1817, 19.3697, 65.1528, 56.241, 47.8295, 40.1836, 33.5239, 27.965, 23.4884, 19.9679, 17.2293, 13.4377, 10.2567, 8.62492, 7.82724, 7.58485]",0.0113118,"[-9.30187, -7.96957, -9.48777, -10.8975]",0.346616
1.0,-0.00220997,0.0,0.0,2.666,0.0,1956.78,-0.782959,93.9992,-1,"[200.0, 200.0, 200.0, 200.0, 200.0, 200.0, 200.0, 200.0, 200.0, 200.0, 200.0, 200.0, 200.0, 200.0, 200.0, 200.0, 200.0, 200.0, 200.0, 200.0, 200.0, 200.0, 200.0, 200.0, 200.0, 200.0, 200.0, 200.0, 200.0, 200.0, 200.0, 200.0, 200.0, 200.0, 200.0, 200.0]",1,1938.52,-10.966,0.0677769,-0.0480202,0.0,"[7.41492, 7.70432, 8.72554, 11.1665, 19.2924, 65.2599, 56.3438, 47.9249, 40.2688, 33.5964, 28.0246, 23.5357, 20.0049, 17.2582, 13.4554, 10.2658, 8.62971, 7.82945, 7.58511]",0.0113464,"[-9.3232, -10.8295, -10.0066, -11.4971]",0.345973
1.0,-0.00325519,0.0,0.0,2.688,0.0,1956.71,-0.852173,93.9992,-1,"[200.0, 200.0, 200.0, 200.0, 200.0, 200.0, 200.0, 200.0, 200.0, 200.0, 200.0, 200.0, 200.0, 200.0, 200.0, 200.0, 200.0, 200.0, 200.0, 200.0, 200.0, 200.0, 200.0, 200.0, 200.0, 200.0, 200.0, 200.0, 200.0, 200.0, 200.0, 200.0, 200.0, 200.0, 200.0, 200.0]",1,2078.75,-11.5904,0.0604852,-0.0134092,0.0,"[7.41476, 7.70173, 8.71921, 11.1513, 19.215, 65.3688, 56.4485, 48.0221, 40.3554, 33.6703, 28.0851, 23.5838, 20.0426, 17.2875, 13.4734, 10.2749, 8.63449, 7.83162, 7.58531]",0.0113698,"[-10.2679, -8.02854, -10.6917, -12.3128]",0.345194
1.0,-0.0042823,0.0,0.0,2.71,0.0,1956.64,-0.924927,93.9991,-1,"[200.0, 200.0, 200.0, 200.0, 200.0, 200.0, 200.0, 200.0, 200.0, 200.0, 200.0, 200.0, 200.0, 200.0, 200.0, 200.0, 200.0, 200.0, 200.0, 200.0, 200.0, 200.0, 200.0, 200.0, 200.0, 200.0, 200.0, 200.0, 200.0, 200.0, 200.0, 200.0, 200.0, 200.0, 200.0, 200.0]",1,2246.3,-12.188,0.060775,-0.00271322,0.0,"[7.4147, 7.69927, 8.71311, 11.1365, 19.1404, 65.4758, 56.5512, 48.1175, 40.4404, 33.7429, 28.1445, 23.6311, 20.0795, 17.3162, 13.4909, 10.2839, 8.63911, 7.83369, 7.58543]",0.0113831,"[-8.44715, -11.8524, -11.5737, -13.2771]",0.344685
1.0,-0.00543911,0.0,0.0,2.732,0.0,1956.56,-1.00171,93.9989,-1,"[200.0, 200.0, 200.0, 200.0, 200.0, 200.0, 200.0, 200.0, 200.0, 200.0, 200.0, 200.0, 200.0, 200.0, 200.0, 200.0, 200.0, 200.0, 200.0, 200.0, 200.0, 200.0, 200.0, 200.0, 200.0, 200.0, 200.0, 200.0, 200.0, 200.0, 200.0, 200.0, 200.0, 200.0, 200.0, 200.0]",1,2575.77,-12.8598,0.0705008,0.00705995,0.0,"[7.41473, 7.69661, 8.70638, 11.12, 19.0578, 65.5962, 56.667, 48.225, 40.5362, 33.8247, 28.2116, 23.6844, 20.1211, 17.3485, 13.5107, 10.2938, 8.64425, 7.83592, 7.58549]",0.0113861,"[-10.0913, -10.3612, -13.2061, -15.1976]",0.344574
1.0,-0.00664264,0.0,0.0,2.754,0.0,1956.48,-1.0824,93.9987,-1,"[200.0, 200.0, 200.0, 200.0, 200.0, 200.0, 200.0, 200.0, 200.0, 200.0, 200.0, 200.0, 200.0, 200.0, 200.0, 200.0, 200.0, 200.0, 200.0, 200.0, 200.0, 200.0, 200.0, 200.0, 200.0, 200.0, 200.0, 200.0, 200.0, 200.0, 200.0, 200.0, 200.0, 200.0, 200.0, 200.0]",1,3336.72,-13.4535,0.0780629,0.0137036,0.0,"[7.41483, 7.69392, 8.69946, 11.1031, 18.9732, 65.7215, 56.7873, 48.3368, 40.636, 33.9098, 28.2813, 23.7398, 20.1643, 17.3821, 13.5312, 10.3041, 8.64953, 7.83819, 7.58551]",0.011381,"[-13.0321, -11.5626, -16.8562, -19.6668]",0.344939
1.0,-0.00774795,0.0,0.0,2.776,0.0,1956.39,-1.16724,93.9984,-1,"[200.0, 200.0, 200.0, 200.0, 200.0, 200.0, 200.0, 200.0, 200.0, 200.0, 200.0, 200.0, 200.0, 200.0, 200.0, 200.0, 200.0, 200.0, 200.0, 200.0, 200.0, 200.0, 200.0, 200.0, 200.0, 200.0, 200.0, 200.0, 200.0, 200.0, 200.0, 200.0, 200.0, 200.0, 200.0, 200.0]",1,4907.16,-14.2386,0.0895174,0.0150505,0.0,"[7.41499, 7.69152, 8.69321, 11.0877, 18.8969, 65.8365, 56.8979, 48.4395, 40.7277, 33.9881, 28.3455, 23.7907, 20.2041, 17.4129, 13.55, 10.3136, 8.65433, 7.84024, 7.58546]",0.0113678,"[-9.57927, -12.213, -24.3996, -29.107]",0.345741
0.0,-0.00926906,0.5,0.0,2.798,0.0,1956.31,-1.25342,93.9984,-1,"[200.0, 200.0, 200.0, 200.0, 200.0, 200.0, 200.0, 200.0, 200.0, 200.0, 200.0, 200.0, 200.0, 200.0, 200.0, 200.0, 200.0, 200.0, 200.0, 200.0, 200.0, 200.0, 200.0, 200.0, 200.0, 200.0, 200.0, 200.0, 200.0, 200.0, 200.0, 200.0, 200.0, 200.0, 200.0, 200.0]",1,2049.84,-13.5932,0.129544,0.0110549,0.0,"[7.41513, 7.68815, 8.68453, 11.0664, 18.7931, 65.9949, 57.0504, 48.5813, 40.8542, 34.0963, 28.4342, 23.8613, 20.2592, 17.4557, 13.576, 10.3267, 8.66107, 7.84315, 7.58552]",0.0113627,"[-6.1325, -1.75795, -11.1656, -11.1506]",0.346765
0.0,-0.0107172,0.5,0.0,2.82,0.0,1956.23,-1.33215,93.9984,-1,"[200.0, 200.0, 200.0, 200.0, 200.0, 200.0, 200.0, 200.0, 200.0, 200.0, 200.0, 200.0, 200.0, 200.0, 200.0, 200.0, 200.0, 200.0, 200.0, 200.0, 200.0, 200.0, 200.0, 200.0, 200.0, 200.0, 200.0, 200.0, 200.0, 200.0, 200.0, 200.0, 200.0, 200.0, 200.0, 200.0]",1,1772.54,-12.2847,0.134898,0.00980784,0.0,"[7.41525, 7.6849, 8.67624, 11.0462, 18.696, 66.1459, 57.1956, 48.7164, 40.9751, 34.1997, 28.5191, 23.9289, 20.312, 17.4967, 13.6011, 10.3393, 8.66756, 7.846, 7.58562]",0.0113647,"[0.0, 0.0, -10.1765, -10.4481]",0.347664
0.0,-0.0120137,0.5,0.0,2.842,0.0,1956.16,-1.40356,93.9984,-1,"[200.0, 200.0, 200.0, 200.0, 200.0, 200.0, 200.0, 200.0, 200.0, 200.0, 200.0, 200.0, 200.0, 200.0, 200.0, 200.0, 200.0, 200.0, 200.0, 200.0, 200.0, 200.0, 200.0, 200.0, 200.0, 200.0, 200.0, 200.0, 200.0, 200.0, 200.0, 200.0, 200.0, 200.0, 200.0, 200.0]",1,1442.62,-11.2015,0.126272,0.00969424,0.0,"[7.41537, 7.68202, 8.66887, 11.0283, 18.6104, 66.2811, 57.3259, 48.8377, 41.0835, 34.2924, 28.5953, 23.9896, 20.3594, 17.5335, 13.6235, 10.3507, 8.67339, 7.84857, 7.58574]",0.0113647,"[0.0, 0.0, -7.56063, -7.99978]",0.348289
0.0,-0.0130017,0.5,0.0,2.864,0.0,1956.09,-1.46838,93.9984,-1,"[200.0, 200.0, 200.0, 200.0, 200.0, 200.0, 200.0, 200.0, 200.0, 200.0, 200.0, 200.0, 200.0, 200.0, 200.0, 200.0, 200.0, 200.0, 200.0, 200.0, 200.0, 200.0, 200.0, 200.0, 200.0, 200.0, 200.0, 200.0, 200.0, 200.0, 200.0, 200.0, 200.0, 200.0, 200.0, 200.0]",1,1499.36,-10.1283,0.100113,0.0140293,0.0,"[7.41558, 7.67997, 8.66341, 11.0148, 18.5464, 66.384, 57.4249, 48.93, 41.166, 34.3631, 28.6534, 24.0357, 20.3955, 17.5615, 13.6405, 10.3592, 8.67771, 7.8504, 7.5857]",0.0113495,"[0.0, 0.0, -7.49588, -7.69324]",0.348588
0.0,-0.0136803,0.5,0.0,2.886,0.0,1956.03,-1.5271,93.9984,-1,"[200.0, 200.0, 200.0, 200.0, 200.0, 200.0, 200.0, 200.0, 200.0, 200.0, 200.0, 200.0, 200.0, 200.0, 200.0, 200.0, 200.0, 200.0, 200.0, 200.0, 200.0, 200.0, 200.0, 200.0, 200.0, 200.0, 200.0, 200.0, 200.0, 200.0, 200.0, 200.0, 200.0, 200.0, 200.0, 200.0]",1,1538.37,-9.08463,0.0604504,0.00665299,0.0,"[7.41597, 7.6788, 8.65995, 11.006, 18.5037, 66.4544, 57.4927, 48.993, 41.2223, 34.4112, 28.6928, 24.067, 20.4198, 17.5802, 13.6518, 10.3647, 8.68042, 7.85143, 7.58545]",0.0113078,"[0.0, 0.0, -8.17522, -7.89324]",0.348574
0.0,-0.0141075,0.5,0.0,2.908,0.0,1955.98,-1.57983,93.9984,-1,"[200.0, 200.0, 200.0, 200.0, 200.0, 200.0, 200.0, 200.0, 200.0, 200.0, 200.0, 200.0, 200.0, 200.0, 200.0, 200.0, 200.0, 200.0, 200.0, 200.0, 200.0, 200.0, 200.0, 200.0, 200.0, 200.0, 200.0, 200.0, 200.0, 200.0, 200.0, 200.0, 200.0, 200.0, 200.0, 200.0]",1,1191.61,-8.11081,0.0177414,0.00493083,0.0,"[7.41655, 7.67841, 8.65817, 11.001, 18.4781, 66.4984, 57.535, 49.0321, 41.2572, 34.4409, 28.717, 24.086, 20.4345, 17.5915, 13.6584, 10.3678, 8.68175, 7.85172, 7.58495]",0.0112366,"[0.0, 0.0, -7.2705, -7.09659]",0.348325
0.0,-0.0143445,0.5,0.0,2.93,0.0,1955.93,-1.62634,93.9984,-1,"[200.0, 200.0, 200.0, 200.0, 200.0, 200.0, 200.0, 200.0, 200.0, 200.0, 200.0, 200.0, 200.0, 200.0, 200.0, 200.0, 200.0, 200.0, 200.0, 200.0, 200.0, 200.0, 200.0, 200.0, 200.0, 200.0, 200.0, 200.0, 200.0, 200.0, 200.0, 200.0, 200.0, 200.0, 200.0, 200.0]",1,942.478,-7.17634,-0.0188097,0.00515147,0.0,"[7.41727, 7.67861, 8.65766, 10.9989, 18.4654, 66.5224, 57.5578, 49.0532, 41.2757, 34.4565, 28.7295, 24.0957, 20.4418, 17.597, 13.6615, 10.369, 8.68205, 7.85149, 7.58429]",0.011145,"[0.0, 0.0, -4.3172, -4.98275]",0.347945
0.0,-0.0144499,0.5,0.0,2.952,0.0,1955.89,-1.66638,93.9984,-1,"[200.0, 200.0, 200.0, 200.0, 200.0, 200.0, 200.0, 200.0, 200.0, 200.0, 200.0, 200.0, 200.0, 200.0, 200.0, 200.0, 200.0, 200.0, 200.0, 200.0, 200.0, 200.0, 200.0, 200.0, 200.0, 200.0, 200.0, 200.0, 200.0, 200.0, 200.0, 200.0, 200.0, 200.0, 200.0, 200.0]",1,942.478,-6.13123,-0.0348846,0.00592346,0.0,"[7.418, 7.67913, 8.65792, 10.9986, 18.4612, 66.5326, 57.5674, 49.0619, 41.2832, 34.4626, 28.7342, 24.0992, 20.4443, 17.5987, 13.6622, 10.369, 8.68173, 7.85095, 7.58357]",0.0110484,"[0.0, 0.0, -2.61575, -3.22691]",0.347535
0.0,-0.0144799,0.5,0.0,2.974,0.0,1955.86,-1.69995,93.9984,-1,"[200.0, 200.0, 200.0, 200.0, 200.0, 200.0, 200.0, 200.0, 200.0, 200.0, 200.0, 200.0, 200.0, 200.0, 200.0, 200.0, 200.0, 200.0, 200.0, 200.0, 200.0, 200.0, 200.0, 200.0, 200.0, 200.0, 200.0, 200.0, 200.0, 200.0, 200.0, 200.0, 200.0, 200.0, 200.0, 200.0]",1,942.478,-4.97561,-0.0371787,0.00724061,0.0,"[7.41869, 7.67977, 8.65856, 10.9992, 18.4617, 66.5349, 57.5695, 49.0635, 41.2844, 34.4633, 28.7345, 24.0992, 20.4441, 17.5983, 13.6616, 10.3683, 8.68109, 7.85031, 7.5829]",0.0109578,"[0.0, 0.0, -3.38848, -2.70397]",0.347164
0.0,-0.0145448,0.5,0.0,2.996,0.0,1955.83,-1.72656,93.9984,-1,"[200.0, 200.0, 200.0, 200.0, 200.0, 200.0, 200.0, 200.0, 200.0, 200.0, 200.0, 200.0, 200.0, 200.0, 200.0, 200.0, 200.0, 200.0, 200.0, 200.0, 200.0, 200.0, 200.0, 200.0, 200.0, 200.0, 200.0, 200.0, 200.0, 200.0, 200.0, 200.0, 200.0, 200.0, 200.0, 200.0]",1,942.478,-3.82943,-0.0286857,0.00817297,0.0,"[7.41928, 7.68023, 8.65889, 10.9992, 18.4595, 66.5411, 57.5752, 49.0686, 41.2888, 34.4669, 28.7372, 24.1011, 20.4453, 17.599, 13.6618, 10.3681, 8.68072, 7.84984, 7.58234]",0.0108805,"[0.0, 0.0, -3.48644, -2.23005]",0.346869
0.0,-0.0146201,0.5,0.0,3.018,0.0,1955.81,-1.74658,93.9984,-1,"[200.0, 200.0, 200.0, 200.0, 200.0, 200.0, 200.0, 200.0, 200.0, 200.0, 200.0, 200.0, 200.0, 200.0, 200.0, 200.0, 200.0, 200.0, 200.0, 200.0, 200.0, 200.0, 200.0, 200.0, 200.0, 200.0, 200.0, 200.0, 200.0, 200.0, 200.0, 200.0, 200.0, 200.0, 200.0, 200.0]",1,942.478,-2.80452,-0.00993349,0.00636802,0.0,"[7.41956, 7.68036, 8.6588, 10.9987, 18.4557, 66.5487, 57.5824, 49.0752, 41.2945, 34.4717, 28.741, 24.104, 20.4475, 17.6007, 13.6626, 10.3684, 8.68075, 7.84969, 7.58205]",0.0108429,"[0.0, 0.0, -2.07919, -0.708133]",0.346673
0.0,-0.0147284,0.5,0.0,3.04,0.0,1955.8,-1.76001,93.9984,-1,"[200.0, 200.0, 200.0, 200.0, 200.0, 200.0, 200.0, 200.0, 200.0, 200.0, 200.0, 200.0, 200.0, 200.0, 200.0, 200.0, 200.0, 200.0, 200.0, 200.0, 200.0, 200.0, 200.0, 200.0, 200.0, 200.0, 200.0, 200.0, 200.0, 200.0, 200.0, 200.0, 200.0, 200.0, 200.0, 200.0]",1,942.478,-1.74721,0.015026,0.00301488,0.0,"[7.41966, 7.68021, 8.65829, 10.9973, 18.4491, 66.5598, 57.5932, 49.0853, 41.3035, 34.4793, 28.7472, 24.109, 20.4513, 17.6036, 13.6644, 10.3693, 8.68114, 7.84982, 7.58198]",0.0108317,"[0.0, 0.0, 0.232272, -2.15238]",0.346552
0.0,-0.0147041,0.5,0.0,3.062,0.0,1955.79,-1.7677,93.9984,1,"[200.0, 200.0, 200.0, 200.0, 200.0, 200.0, 200.0, 200.0, 200.0, 200.0, 200.0, 200.0, 200.0, 200.0, 200.0, 200.0, 200.0, 200.0, 200.0, 200.0, 200.0, 200.0, 200.0, 200.0, 200.0, 200.0, 200.0, 200.0, 200.0, 200.0, 200.0, 200.0, 200.0, 200.0, 200.0, 200.0]",1,942.478,-0.874729,0.0274514,-0.000188078,0.0,"[7.41968, 7.68029, 8.65845, 10.9977, 18.4507, 66.5573, 57.5907, 49.0829, 41.3014, 34.4775, 28.7458, 24.1077, 20.4503, 17.6029, 13.6639, 10.369, 8.681, 7.84975, 7.58195]",0.0108287,"[0.0, 0.0, 1.08535, -1.35463]",0.346477
0.0,-0.0145944,0.5,0.0,3.084,0.0,1955.79,-1.77039,93.9984,1,"[200.0, 200.0, 200.0, 200.0, 200.0, 200.0, 200.0, 200.0, 200.0, 200.0, 200.0, 200.0, 200.0, 200.0, 200.0, 200.0, 200.0, 200.0, 200.0, 200.0, 200.0, 200.0, 200.0, 200.0, 200.0, 200.0, 200.0, 200.0, 200.0, 200.0, 200.0, 200.0, 200.0, 200.0, 200.0, 200.0]",1,942.478,-0.0758624,0.058331,-0.00500616,0.0,"[7.41946, 7.68031, 8.65882, 10.9988, 18.457, 66.546, 57.5799, 49.073, 41.2926, 34.47, 28.7397, 24.103, 20.4467, 17.6001, 13.6624, 10.3683, 8.68074, 7.84975, 7.58216]",0.0108571,"[0.0, 0.0, -1.38019, 1.13061]",0.346455
0.0,-0.0145343,0.5,0.0,3.106,0.0,1955.79,-1.77039,93.9984,1,"[200.0, 200.0, 200.0, 200.0, 200.0, 200.0, 200.0, 200.0, 200.0, 200.0, 200.0, 200.0, 200.0, 200.0, 200.0, 200.0, 200.0, 200.0, 200.0, 200.0, 200.0, 200.0, 200.0, 200.0, 200.0, 200.0, 200.0, 200.0, 200.0, 200.0, 200.0, 200.0, 200.0, 200.0, 200.0, 200.0]",1,942.478,0.000189001,0.0956876,-0.0108842,0.0,"[7.4191, 7.68007, 8.65874, 10.9991, 18.4596, 66.5402, 57.5744, 49.0679, 41.2882, 34.4664, 28.7369, 24.1009, 20.4452, 17.599, 13.6619, 10.3683, 8.68088, 7.85, 7.5825]",0.0109039,"[0.0, 0.0, -1.20086, 0.98589]",0.346441
0.0,-0.014396,0.5,0.0,3.128,0.0,1955.79,-1.77039,93.9984,1,"[200.0, 200.0, 200.0, 200.0, 200.0, 200.0, 200.0, 200.0, 200.0, 200.0, 200.0, 200.0, 200.0, 200.0, 200.0, 200.0, 200.0, 200.0, 200.0, 200.0, 200.0, 200.0, 200.0, 200.0, 200.0, 200.0, 200.0, 200.0, 200.0, 200.0, 200.0, 200.0, 200.0, 200.0, 200.0, 200.0]",1,942.478,-0.00527328,0.0462278,-0.0175602,0.0,"[7.41865, 7.67994, 8.659, 11.0003, 18.4669, 66.5262, 57.5611, 49.0557, 41.2774, 34.4573, 28.7296, 24.0953, 20.441, 17.5959, 13.6601, 10.3676, 8.68073, 7.85016, 7.58292]",0.0109609,"[0.0, 0.0, 1.08437, -0.838923]",0.346393
0.0,-0.0143612,0.5,0.0,3.15,0.0,1955.79,-1.77039,93.9984,1,"[200.0, 200.0, 200.0, 200.0, 200.0, 200.0, 200.0, 200.0, 200.0, 200.0, 200.0, 200.0, 200.0, 200.0, 200.0, 200.0, 200.0, 200.0, 200.0, 200.0, 200.0, 200.0, 200.0, 200.0, 200.0, 200.0, 200.0, 200.0, 200.0, 200.0, 200.0, 200.0, 200.0, 200.0, 200.0, 200.0]",1,942.478,-0.00733581,0.0429991,-0.0217753,0.0,"[7.41819, 7.67953, 8.65866, 11.0001, 18.4675, 66.5231, 57.5582, 49.0532, 41.2754, 34.4558, 28.7286, 24.0946, 20.4406, 17.5957, 13.6603, 10.3679, 8.68109, 7.85056, 7.58337]",0.0110219,"[0.0, 0.0, 1.00316, -0.754225]",0.346315
0.0,-0.0143254,0.5,0.0,3.172,0.0,1955.79,-1.77051,93.9984,1,"[200.0, 200.0, 200.0, 200.0, 200.0, 200.0, 200.0, 200.0, 200.0, 200.0, 200.0, 200.0, 200.0, 200.0, 200.0, 200.0, 200.0, 200.0, 200.0, 200.0, 200.0, 200.0, 200.0, 200.0, 200.0, 200.0, 200.0, 200.0, 200.0, 200.0, 200.0, 200.0, 200.0, 200.0, 200.0, 200.0]",1,942.478,-0.00567548,0.100844,-0.0226172,0.0,"[7.41772, 7.67913, 8.65832, 10.9999, 18.4682, 66.5199, 57.5553, 49.0507, 41.2732, 34.4542, 28.7274, 24.0939, 20.4402, 17.5956, 13.6604, 10.3682, 8.68144, 7.85098, 7.58382]",0.011083,"[0.0, 0.0, -0.957405, 0.743188]",0.346223
0.0,-0.0141528,0.5,0.0,3.194,0.0,1955.79,-1.77051,93.9984,1,"[200.0, 200.0, 200.0, 200.0, 200.0, 200.0, 200.0, 200.0, 200.0, 200.0, 200.0, 200.0, 200.0, 200.0, 200.0, 200.0, 200.0, 200.0, 200.0, 200.0, 200.0, 200.0, 200.0, 200.0, 200.0, 200.0, 200.0, 200.0, 200.0, 200.0, 200.0, 200.0, 200.0, 200.0, 200.0, 200.0]",1,942.478,-0.0059535,0.100717,-0.0211231,0.0,"[7.41729, 7.67908, 8.65879, 11.0015, 18.4778, 66.5023, 57.5385, 49.0352, 41.2596, 34.4426, 28.7181, 24.0866, 20.4347, 17.5914, 13.658, 10.3672, 8.68113, 7.85105, 7.58423]",0.0111389,"[0.0, 0.0, -0.953586, 0.741286]",0.34613
0.0,-0.0139812,0.5,0.0,3.216,0.0,1955.79,-1.77051,93.9984,1,"[200.0, 200.0, 200.0, 200.0, 200.0, 200.0, 200.0, 200.0, 200.0, 200.0, 200.0, 200.0, 200.0, 200.0, 200.0, 200.0, 200.0, 200.0, 200.0, 200.0, 200.0, 200.0, 200.0, 200.0, 200.0, 200.0, 200.0, 200.0, 200.0, 200.0, 200.0, 200.0, 200.0, 200.0, 200.0, 200.0]",1,942.478,-0.00848718,0.0415859,-0.0186273,0.0,"[7.41685, 7.67902, 8.65926, 11.0032, 18.4873, 66.4849, 57.5218, 49.0198, 41.246, 34.4311, 28.7088, 24.0794, 20.4292, 17.5873, 13.6557, 10.3663, 8.68083, 7.85115, 7.58463]",0.0111949,"[0.0, 0.0, 0.983294, -0.733926]",0.34605
0.0,-0.0139506,0.5,0.0,3.238,0.0,1955.79,-1.77063,93.9984,1,"[200.0, 200.0, 200.0, 200.0, 200.0, 200.0, 200.0, 200.0, 200.0, 200.0, 200.0, 200.0, 200.0, 200.0, 200.0, 200.0, 200.0, 200.0, 200.0, 200.0, 200.0, 200.0, 200.0, 200.0, 200.0, 200.0, 200.0, 200.0, 200.0, 200.0, 200.0, 200.0, 200.0, 200.0, 200.0, 200.0]",1,942.478,-0.00841361,0.0422311,-0.0155873,0.0,"[7.41639, 7.67861, 8.65889, 11.0029, 18.4877, 66.4822, 57.5194, 49.0177, 41.2443, 34.4299, 28.7079, 24.0789, 20.4289, 17.5873, 13.6559, 10.3666, 8.6812, 7.85155, 7.58508]",0.0112559,"[0.0, 0.0, 0.999662, -0.753697]",0.345991
0.0,-0.0139192,0.5,0.0,3.26,0.0,1955.79,-1.77063,93.9984,1,"[200.0, 200.0, 200.0, 200.0, 200.0, 200.0, 200.0, 200.0, 200.0, 200.0, 200.0, 200.0, 200.0, 200.0, 200.0, 200.0, 200.0, 200.0, 200.0, 200.0, 200.0, 200.0, 200.0, 200.0, 200.0, 200.0, 200.0, 200.0, 200.0, 200.0, 200.0, 200.0, 200.0, 200.0, 200.0, 200.0]",1,942.478,-0.00635704,0.100935,-0.0122814,0.0,"[7.41594, 7.67822, 8.65854, 11.0027, 18.4881, 66.4795, 57.5169, 49.0155, 41.2425, 34.4285, 28.7071, 24.0784, 20.4287, 17.5872, 13.6561, 10.3669, 8.68156, 7.85196, 7.58553]",0.0113149,"[0.0, 0.0, -0.997644, 0.786771]",0.345952
0.0,-0.0137499,0.5,0.0,3.282,0.0,1955.79,-1.77063,93.9984,1,"[200.0, 200.0, 200.0, 200.0, 200.0, 200.0, 200.0, 200.0, 200.0, 200.0, 200.0, 200.0, 200.0, 200.0, 200.0, 200.0, 200.0, 200.0, 200.0, 200.0, 200.0, 200.0, 200.0, 200.0, 200.0, 200.0, 200.0, 200.0, 200.0, 200.0, 200.0, 200.0, 200.0, 200.0, 200.0, 200.0]",1,942.478,-0.00626988,0.100843,-0.00949201,0.0,"[7.41551, 7.67815, 8.65899, 11.0043, 18.4976, 66.4622, 57.5004, 49.0003, 41.2291, 34.4172, 28.6979, 24.0712, 20.4233, 17.5831, 13.6538, 10.366, 8.68127, 7.85204, 7.58592]",0.0113708,"[0.0, 0.0, -1.01387, 0.802213]",0.345927
0.0,-0.0135763,0.5,0.0,3.304,0.0,1955.79,-1.77063,93.9984,1,"[200.0, 200.0, 200.0, 200.0, 200.0, 200.0, 200.0, 200.0, 200.0, 200.0, 200.0, 200.0, 200.0, 200.0, 200.0, 200.0, 200.0, 200.0, 200.0, 200.0, 200.0, 200.0, 200.0, 200.0, 200.0, 200.0, 200.0, 200.0, 200.0, 200.0, 200.0, 200.0, 200.0, 200.0, 200.0, 200.0]",1,942.478,-0.00791599,0.0431884,-0.00774541,0.0,"[7.41505, 7.67809, 8.65946, 11.006, 18.5072, 66.4446, 57.4835, 48.9848, 41.2154, 34.4056, 28.6886, 24.064, 20.4178, 17.579, 13.6515, 10.365, 8.68097, 7.85214, 7.58634]",0.0114278,"[0.0, 0.0, 1.03902, -0.796891]",0.345916
0.0,-0.0135377,0.5,0.0,3.326,0.0,1955.79,-1.77075,93.9984,1,"[200.0, 200.0, 200.0, 200.0, 200.0, 200.0, 200.0, 200.0, 200.0, 200.0, 200.0, 200.0, 200.0, 200.0, 200.0, 200.0, 200.0, 200.0, 200.0, 200.0, 200.0, 200.0, 200.0, 200.0, 200.0, 200.0, 200.0, 200.0, 200.0, 200.0, 200.0, 200.0, 200.0, 200.0, 200.0, 200.0]",1,942.478,-0.0078262,0.0432306,-0.00666535,0.0,"[7.4146, 7.67771, 8.65914, 11.0058, 18.5081, 66.4411, 57.4803, 48.982, 41.213, 34.4038, 28.6872, 24.0631, 20.4172, 17.5787, 13.6515, 10.3652, 8.6813, 7.85253, 7.58678]",0.0114878,"[0.0, 0.0, 1.04641, -0.805896]",0.345918
0.0,-0.0134986,0.5,0.0,3.348,0.0,1955.79,-1.77075,93.9984,1,"[200.0, 200.0, 200.0, 200.0, 200.0, 200.0, 200.0, 200.0, 200.0, 200.0, 200.0, 200.0, 200.0, 200.0, 200.0, 200.0, 200.0, 200.0, 200.0, 200.0, 200.0, 200.0, 200.0, 200.0, 200.0, 200.0, 200.0, 200.0, 200.0, 200.0, 200.0, 200.0, 200.0, 200.0, 200.0, 200.0]",1,942.478,-0.00575267,0.0999763,-0.00576045,0.0,"[7.41414, 7.67732, 8.65882, 11.0056, 18.5091, 66.4375, 57.477, 48.979, 41.2106, 34.4019, 28.6859, 24.0622, 20.4167, 17.5784, 13.6516, 10.3655, 8.68164, 7.85292, 7.58724]",0.0115489,"[0.0, 0.0, -1.03787, 0.825188]",0.345926
0.0,-0.0133207,0.5,0.0,3.37,0.0,1955.79,-1.77075,93.9984,1,"[200.0, 200.0, 200.0, 200.0, 200.0, 200.0, 200.0, 200.0, 200.0, 200.0, 200.0, 200.0, 200.0, 200.0, 200.0, 200.0, 200.0, 200.0, 200.0, 200.0, 200.0, 200.0, 200.0, 200.0, 200.0, 200.0, 200.0, 200.0, 200.0, 200.0, 200.0, 200.0, 200.0, 200.0, 200.0, 200.0]",1,942.478,-0.00583018,0.0997706,-0.00532309,0.0,"[7.4137, 7.67727, 8.65932, 11.0074, 18.5191, 66.4194, 57.4598, 48.9631, 41.1965, 34.39, 28.6763, 24.0547, 20.411, 17.5741, 13.6491, 10.3645, 8.6813, 7.853, 7.58765]",0.0116048,"[0.0, 0.0, -1.03978, 0.829818]",0.345933
0.0,-0.0131429,0.5,0.0,3.392,0.0,1955.79,-1.77075,93.9984,1,"[200.0, 200.0, 200.0, 200.0, 200.0, 200.0, 200.0, 200.0, 200.0, 200.0, 200.0, 200.0, 200.0, 200.0, 200.0, 200.0, 200.0, 200.0, 200.0, 200.0, 200.0, 200.0, 200.0, 200.0, 200.0, 200.0, 200.0, 200.0, 200.0, 200.0, 200.0, 200.0, 200.0, 200.0, 200.0, 200.0]",1,942.478,-0.00791955,0.0433849,-0.00554804,0.0,"[7.41326, 7.67722, 8.65982, 11.0092, 18.5291, 66.4013, 57.4425, 48.9471, 41.1823, 34.3781, 28.6667, 24.0472, 20.4053, 17.5698, 13.6467, 10.3635, 8.68097, 7.85308, 7.58805]",0.0116608,"[0.0, 0.0, 1.05745, -0.816623]",0.34594
0.0,-0.0131019,0.5,0.0,3.414,0.0,1955.79,-1.77087,93.9984,1,"[200.0, 200.0, 200.0, 200.0, 200.0, 200.0, 200.0, 200.0, 200.0, 200.0, 200.0, 200.0, 200.0, 200.0, 200.0, 200.0, 200.0, 200.0, 200.0, 200.0, 200.0, 200.0, 200.0, 200.0, 200.0, 200.0, 200.0, 200.0, 200.0, 200.0, 200.0, 200.0, 200.0, 200.0, 200.0, 200.0]",1,942.478,-0.00814193,0.0433985,-0.00605595,0.0,"[7.4128, 7.67684, 8.65951, 11.009, 18.5301, 66.3975, 57.439, 48.9441, 41.1798, 34.3761, 28.6652, 24.0463, 20.4047, 17.5695, 13.6467, 10.3637, 8.6813, 7.85348, 7.5885]",0.0117218,"[0.0, 0.0, 1.05804, -0.817022]",0.34595
0.0,-0.0130609,0.5,0.0,3.436,0.0,1955.79,-1.77087,93.9984,1,"[200.0, 200.0, 200.0, 200.0, 200.0, 200.0, 200.0, 200.0, 200.0, 200.0, 200.0, 200.0, 200.0, 200.0, 200.0, 200.0, 200.0, 200.0, 200.0, 200.0, 200.0, 200.0, 200.0, 200.0, 200.0, 200.0, 200.0, 200.0, 200.0, 200.0, 200.0, 200.0, 200.0, 200.0, 200.0, 200.0]",1,942.478,-0.00600861,0.099736,-0.00642324,0.0,"[7.41235, 7.67647, 8.65922, 11.0089, 18.5313, 66.3938, 57.4355, 48.941, 41.1772, 34.3741, 28.6637, 24.0453, 20.4041, 17.5692, 13.6467, 10.3639, 8.68161, 7.85384, 7.58894]",0.0117808,"[0.0, 0.0, -1.04214, 0.831759]",0.345956
0.0,-0.012883,0.5,0.0,3.458,0.0,1955.79,-1.77087,93.9984,1,"[200.0, 200.0, 200.0, 200.0, 200.0, 200.0, 200.0, 200.0, 200.0, 200.0, 200.0, 200.0, 200.0, 200.0, 200.0, 200.0, 200.0, 200.0, 200.0, 200.0, 200.0, 200.0, 200.0, 200.0, 200.0, 200.0, 200.0, 200.0, 200.0, 200.0, 200.0, 200.0, 200.0, 200.0, 200.0, 200.0]",1,942.478,-0.00581834,0.0999105,-0.00666584,0.0,"[7.4119, 7.67641, 8.65971, 11.0107, 18.5412, 66.3757, 57.4182, 48.925, 41.1631, 34.3622, 28.6542, 24.0378, 20.3984, 17.5649, 13.6443, 10.3629, 8.6813, 7.85395, 7.58936]",0.0118388,"[0.0, 0.0, -1.04193, 0.83101]",0.345958
0.0,-0.0127056,0.5,0.0,3.48,0.0,1955.79,-1.771,93.9984,1,"[200.0, 200.0, 200.0, 200.0, 200.0, 200.0, 200.0, 200.0, 200.0, 200.0, 200.0, 200.0, 200.0, 200.0, 200.0, 200.0, 200.0, 200.0, 200.0, 200.0, 200.0, 200.0, 200.0, 200.0, 200.0, 200.0, 200.0, 200.0, 200.0, 200.0, 200.0, 200.0, 200.0, 200.0, 200.0, 200.0]",1,942.478,-0.00787353,0.0434841,-0.00719129,0.0,"[7.41146, 7.67636, 8.66022, 11.0124, 18.5512, 66.3577, 57.4009, 48.9092, 41.1491, 34.3504, 28.6446, 24.0303, 20.3927, 17.5606, 13.6419, 10.3619, 8.68097, 7.85403, 7.58977]",0.0118947,"[0.0, 0.0, 1.05581, -0.816906]",0.345957
0.0,-0.0126656,0.5,0.0,3.502,0.0,1955.79,-1.771,93.9984,1,"[200.0, 200.0, 200.0, 200.0, 200.0, 200.0, 200.0, 200.0, 200.0, 200.0, 200.0, 200.0, 200.0, 200.0, 200.0, 200.0, 200.0, 200.0, 200.0, 200.0, 200.0, 200.0, 200.0, 200.0, 200.0, 200.0, 200.0, 200.0, 200.0, 200.0, 200.0, 200.0, 200.0, 200.0, 200.0, 200.0]",1,942.478,-0.00800135,0.0433997,-0.00765891,0.0,"[7.41101, 7.67599, 8.65991, 11.0123, 18.5523, 66.354, 57.3976, 48.9061, 41.1466, 34.3484, 28.6432, 24.0294, 20.3921, 17.5603, 13.6419, 10.3621, 8.68129, 7.8544, 7.5902]",0.0119537,"[0.0, 0.0, 1.05584, -0.814894]",0.345955
0.0,-0.0126269,0.5,0.0,3.524,0.0,1955.79,-1.771,93.9984,1,"[200.0, 200.0, 200.0, 200.0, 200.0, 200.0, 200.0, 200.0, 200.0, 200.0, 200.0, 200.0, 200.0, 200.0, 200.0, 200.0, 200.0, 200.0, 200.0, 200.0, 200.0, 200.0, 200.0, 200.0, 200.0, 200.0, 200.0, 200.0, 200.0, 200.0, 200.0, 200.0, 200.0, 200.0, 200.0, 200.0]",1,942.478,-0.00603034,0.0999332,-0.00774289,0.0,"[7.41055, 7.6756, 8.65959, 11.0121, 18.5532, 66.3504, 57.3943, 48.9033, 41.1443, 34.3466, 28.6418, 24.0285, 20.3916, 17.56, 13.642, 10.3624, 8.68163, 7.8548, 7.59066]",0.0120148,"[0.0, 0.0, -1.04029, 0.830574]",0.345954
0.0,-0.0124534,0.5,0.0,3.546,0.0,1955.79,-1.771,93.9984,1,"[200.0, 200.0, 200.0, 200.0, 200.0, 200.0, 200.0, 200.0, 200.0, 200.0, 200.0, 200.0, 200.0, 200.0, 200.0, 200.0, 200.0, 200.0, 200.0, 200.0, 200.0, 200.0, 200.0, 200.0, 200.0, 200.0, 200.0, 200.0, 200.0, 200.0, 200.0, 200.0, 200.0, 200.0, 200.0, 200.0]",1,942.478,-0.0059782,0.10017,-0.00767065,0.0,"[7.41011, 7.67554, 8.66006, 11.0138, 18.563, 66.3328, 57.3775, 48.8878, 41.1305, 34.335, 28.6325, 24.0213, 20.3861, 17.5559, 13.6396, 10.3614, 8.68132, 7.85488, 7.59106]",0.0120707,"[0.0, 0.0, -1.03887, 0.829763]",0.345947
0.0,-0.012277,0.5,0.0,3.568,0.0,1955.79,-1.77112,93.9984,1,"[200.0, 200.0, 200.0, 200.0, 200.0, 200.0, 200.0, 200.0, 200.0, 200.0, 200.0, 200.0, 200.0, 200.0, 200.0, 200.0, 200.0, 200.0, 200.0, 200.0, 200.0, 200.0, 200.0, 200.0, 200.0, 200.0, 200.0, 200.0, 200.0, 200.0, 200.0, 200.0, 200.0, 200.0, 200.0, 200.0]",1,942.478,-0.00807955,0.0435399,-0.00780042,0.0,"[7.40967, 7.6755, 8.66056, 11.0156, 18.573, 66.3149, 57.3604, 48.872, 41.1165, 34.3232, 28.623, 24.0138, 20.3805, 17.5517, 13.6373, 10.3604, 8.681, 7.85497, 7.59146]",0.0121267,"[0.0, 0.0, 1.05457, -0.814848]",0.34594
0.0,-0.0122369,0.5,0.0,3.59,0.0,1955.79,-1.77112,93.9984,1,"[200.0, 200.0, 200.0, 200.0, 200.0, 200.0, 200.0, 200.0, 200.0, 200.0, 200.0, 200.0, 200.0, 200.0, 200.0, 200.0, 200.0, 200.0, 200.0, 200.0, 200.0, 200.0, 200.0, 200.0, 200.0, 200.0, 200.0, 200.0, 200.0, 200.0, 200.0, 200.0, 200.0, 200.0, 200.0, 200.0]",1,942.478,-0.0080301,0.0434058,-0.0079735,0.0,"[7.40921, 7.67511, 8.66024, 11.0154, 18.574, 66.3113, 57.357, 48.869, 41.1141, 34.3213, 28.6216, 24.0129, 20.3799, 17.5514, 13.6373, 10.3607, 8.68133, 7.85536, 7.59192]",0.0121877,"[0.0, 0.0, 1.05445, -0.815389]",0.345937
0.0,-0.0121959,0.5,0.0,3.612,0.0,1955.79,-1.77112,93.9984,1,"[200.0, 200.0, 200.0, 200.0, 200.0, 200.0, 200.0, 200.0, 200.0, 200.0, 200.0, 200.0, 200.0, 200.0, 200.0, 200.0, 200.0, 200.0, 200.0, 200.0, 200.0, 200.0, 200.0, 200.0, 200.0, 200.0, 200.0, 200.0, 200.0, 200.0, 200.0, 200.0, 200.0, 200.0, 200.0, 200.0]",1,942.478,-0.00589537,0.0999093,-0.00783058,0.0,"[7.40876, 7.67473, 8.65994, 11.0152, 18.5751, 66.3075, 57.3535, 48.8659, 41.1115, 34.3193, 28.6202, 24.0119, 20.3793, 17.551, 13.6373, 10.3609, 8.68165, 7.85574, 7.59237]",0.0122477,"[0.0, 0.0, -1.03893, 0.829526]",0.345934
0.0,-0.0120185,0.5,0.0,3.634,0.0,1955.79,-1.77112,93.9984,1,"[200.0, 200.0, 200.0, 200.0, 200.0, 200.0, 200.0, 200.0, 200.0, 200.0, 200.0, 200.0, 200.0, 200.0, 200.0, 200.0, 200.0, 200.0, 200.0, 200.0, 200.0, 200.0, 200.0, 200.0, 200.0, 200.0, 200.0, 200.0, 200.0, 200.0, 200.0, 200.0, 200.0, 200.0, 200.0, 200.0]",1,942.478,-0.0057736,0.0999406,-0.00761221,0.0,"[7.40832, 7.67469, 8.66045, 11.017, 18.5852, 66.2895, 57.3363, 48.85, 41.0975, 34.3074, 28.6106, 24.0045, 20.3736, 17.5468, 13.6349, 10.3599, 8.68133, 7.85583, 7.59277]",0.0123037,"[0.0, 0.0, -1.03919, 0.828513]",0.345928
0.0,-0.0118411,0.5,0.0,3.656,0.0,1955.79,-1.77124,93.9984,1,"[200.0, 200.0, 200.0, 200.0, 200.0, 200.0, 200.0, 200.0, 200.0, 200.0, 200.0, 200.0, 200.0, 200.0, 200.0, 200.0, 200.0, 200.0, 200.0, 200.0, 200.0, 200.0, 200.0, 200.0, 200.0, 200.0, 200.0, 200.0, 200.0, 200.0, 200.0, 200.0, 200.0, 200.0, 200.0, 200.0]",1,942.478,-0.00764628,0.0433907,-0.00769905,0.0,"[7.40788, 7.67464, 8.66095, 11.0188, 18.5953, 66.2714, 57.3191, 48.8342, 41.0834, 34.2956, 28.6011, 23.9971, 20.368, 17.5425, 13.6325, 10.3589, 8.68101, 7.85592, 7.59318]",0.0123606,"[0.0, 0.0, 1.05328, -0.816075]",0.345923
0.0,-0.0118015,0.5,0.0,3.678,0.0,1955.79,-1.77124,93.9984,1,"[200.0, 200.0, 200.0, 200.0, 200.0, 200.0, 200.0, 200.0, 200.0, 200.0, 200.0, 200.0, 200.0, 200.0, 200.0, 200.0, 200.0, 200.0, 200.0, 200.0, 200.0, 200.0, 200.0, 200.0, 200.0, 200.0, 200.0, 200.0, 200.0, 200.0, 200.0, 200.0, 200.0, 200.0, 200.0, 200.0]",1,942.478,-0.00776121,0.0434953,-0.00778256,0.0,"[7.40743, 7.67427, 8.66064, 11.0186, 18.5963, 66.2678, 57.3158, 48.8313, 41.081, 34.2937, 28.5997, 23.9962, 20.3674, 17.5422, 13.6325, 10.3591, 8.68133, 7.85629, 7.59362]",0.0124196,"[0.0, 0.0, 1.05295, -0.815752]",0.345919
0.0,-0.0117624,0.5,0.0,3.7,0.0,1955.79,-1.77124,93.9984,1,"[200.0, 200.0, 200.0, 200.0, 200.0, 200.0, 200.0, 200.0, 200.0, 200.0, 200.0, 200.0, 200.0, 200.0, 200.0, 200.0, 200.0, 200.0, 200.0, 200.0, 200.0, 200.0, 200.0, 200.0, 200.0, 200.0, 200.0, 200.0, 200.0, 200.0, 200.0, 200.0, 200.0, 200.0, 200.0, 200.0]",1,942.478,-0.00584448,0.0999796,-0.00766775,0.0,"[7.40697, 7.67387, 8.66032, 11.0184, 18.5972, 66.2642, 57.3125, 48.8284, 41.0786, 34.2918, 28.5984, 23.9953, 20.3669, 17.5419, 13.6325, 10.3594, 8.68166, 7.85669, 7.59408]",0.0124807,"[0.0, 0.0, -1.03906, 0.830002]",0.345918
0.0,-0.0115874,0.5,0.0,3.722,0.0,1955.79,-1.77136,93.9984,1,"[200.0, 200.0, 200.0, 200.0, 200.0, 200.0, 200.0, 200.0, 200.0, 200.0, 200.0, 200.0, 200.0, 200.0, 200.0, 200.0, 200.0, 200.0, 200.0, 200.0, 200.0, 200.0, 200.0, 200.0, 200.0, 200.0, 200.0, 200.0, 200.0, 200.0, 200.0, 200.0, 200.0, 200.0, 200.0, 200.0]",1,942.478,-0.00580083,0.100075,-0.00744025,0.0,"[7.40653, 7.67383, 8.6608, 11.0202, 18.6072, 66.2465, 57.2955, 48.8127, 41.0648, 34.2802, 28.589, 23.9879, 20.3613, 17.5378, 13.6302, 10.3584, 8.68136, 7.85678, 7.59448]",0.0125366,"[0.0, 0.0, -1.0396, 0.829645]",0.345912
0.0,-0.011412,0.5,0.0,3.744,0.0,1955.79,-1.77136,93.9984,1,"[200.0, 200.0, 200.0, 200.0, 200.0, 200.0, 200.0, 200.0, 200.0, 200.0, 200.0, 200.0, 200.0, 200.0, 200.0, 200.0, 200.0, 200.0, 200.0, 200.0, 200.0, 200.0, 200.0, 200.0, 200.0, 200.0, 200.0, 200.0, 200.0, 200.0, 200.0, 200.0, 200.0, 200.0, 200.0, 200.0]",1,942.478,-0.00790608,0.04359,-0.00753122,0.0,"[7.40609, 7.67377, 8.6613, 11.0219, 18.6173, 66.2286, 57.2785, 48.797, 41.0509, 34.2685, 28.5795, 23.9806, 20.3557, 17.5336, 13.6278, 10.3574, 8.68104, 7.85686, 7.59489]",0.0125926,"[0.0, 0.0, 1.05264, -0.81603]",0.345907
0.0,-0.0113719,0.5,0.0,3.766,0.0,1955.79,-1.77136,93.9984,1,"[200.0, 200.0, 200.0, 200.0, 200.0, 200.0, 200.0, 200.0, 200.0, 200.0, 200.0, 200.0, 200.0, 200.0, 200.0, 200.0, 200.0, 200.0, 200.0, 200.0, 200.0, 200.0, 200.0, 200.0, 200.0, 200.0, 200.0, 200.0, 200.0, 200.0, 200.0, 200.0, 200.0, 200.0, 200.0, 200.0]",1,942.478,-0.00794386,0.0434745,-0.00770053,0.0,"[7.40563, 7.67339, 8.66098, 11.0218, 18.6183, 66.225, 57.275, 48.7941, 41.0484, 34.2666, 28.5781, 23.9797, 20.3551, 17.5332, 13.6279, 10.3577, 8.68137, 7.85725, 7.59534]",0.0126536,"[0.0, 0.0, 1.05329, -0.81587]",0.345905
0.0,-0.0113323,0.5,0.0,3.788,0.0,1955.79,-1.77136,93.9984,1,"[200.0, 200.0, 200.0, 200.0, 200.0, 200.0, 200.0, 200.0, 200.0, 200.0, 200.0, 200.0, 200.0, 200.0, 200.0, 200.0, 200.0, 200.0, 200.0, 200.0, 200.0, 200.0, 200.0, 200.0, 200.0, 200.0, 200.0, 200.0, 200.0, 200.0, 200.0, 200.0, 200.0, 200.0, 200.0, 200.0]",1,942.478,-0.00615977,0.0999013,-0.0076228,0.0,"[7.40519, 7.673, 8.66066, 11.0216, 18.6192, 66.2214, 57.2717, 48.7911, 41.046, 34.2647, 28.5768, 23.9788, 20.3546, 17.533, 13.6279, 10.3579, 8.6817, 7.85764, 7.59579]",0.0127136,"[0.0, 0.0, -1.03854, 0.831464]",0.345903
0.0,-0.0111578,0.5,0.0,3.81,0.0,1955.79,-1.77148,93.9984,1,"[200.0, 200.0, 200.0, 200.0, 200.0, 200.0, 200.0, 200.0, 200.0, 200.0, 200.0, 200.0, 200.0, 200.0, 200.0, 200.0, 200.0, 200.0, 200.0, 200.0, 200.0, 200.0, 200.0, 200.0, 200.0, 200.0, 200.0, 200.0, 200.0, 200.0, 200.0, 200.0, 200.0, 200.0, 200.0, 200.0]",1,942.478,-0.00602082,0.10017,-0.0073563,0.0,"[7.40474, 7.67294, 8.66115, 11.0233, 18.6292, 66.2037, 57.2549, 48.7755, 41.0322, 34.2531, 28.5675, 23.9715, 20.3491, 17.5288, 13.6255, 10.3569, 8.68139, 7.85774, 7.5962]",0.0127706,"[0.0, 0.0, -1.0383, 0.831339]",0.345899
0.0,-0.0109833,0.5,0.0,3.832,0.0,1955.79,-1.77148,93.9984,1,"[200.0, 200.0, 200.0, 200.0, 200.0, 200.0, 200.0, 200.0, 200.0, 200.0, 200.0, 200.0, 200.0, 200.0, 200.0, 200.0, 200.0, 200.0, 200.0, 200.0, 200.0, 200.0, 200.0, 200.0, 200.0, 200.0, 200.0, 200.0, 200.0, 200.0, 200.0, 200.0, 200.0, 200.0, 200.0, 200.0]",1,942.478,-0.00839631,0.043641,-0.00750057,0.0,"[7.4043, 7.6729, 8.66164, 11.0251, 18.6393, 66.186, 57.2379, 48.7599, 41.0185, 34.2415, 28.5581, 23.9642, 20.3435, 17.5246, 13.6232, 10.3559, 8.68107, 7.85783, 7.59662]",0.0128265,"[0.0, 0.0, 1.05502, -0.814906]",0.345893
0.0,-0.0109447,0.5,0.0,3.854,0.0,1955.79,-1.77148,93.9984,1,"[200.0, 200.0, 200.0, 200.0, 200.0, 200.0, 200.0, 200.0, 200.0, 200.0, 200.0, 200.0, 200.0, 200.0, 200.0, 200.0, 200.0, 200.0, 200.0, 200.0, 200.0, 200.0, 200.0, 200.0, 200.0, 200.0, 200.0, 200.0, 200.0, 200.0, 200.0, 200.0, 200.0, 200.0, 200.0, 200.0]",1,942.478,-0.00822483,0.0436225,-0.00767289,0.0,"[7.40385, 7.67252, 8.66132, 11.0249, 18.6402, 66.1824, 57.2347, 48.7571, 41.0161, 34.2396, 28.5568, 23.9633, 20.343, 17.5244, 13.6233, 10.3562, 8.68141, 7.85822, 7.59706]",0.0128866,"[0.0, 0.0, 1.05318, -0.816381]",0.345891
0.0,-0.0109056,0.5,0.0,3.876,0.0,1955.79,-1.77148,93.9984,1,"[200.0, 200.0, 200.0, 200.0, 200.0, 200.0, 200.0, 200.0, 200.0, 200.0, 200.0, 200.0, 200.0, 200.0, 200.0, 200.0, 200.0, 200.0, 200.0, 200.0, 200.0, 200.0, 200.0, 200.0, 200.0, 200.0, 200.0, 200.0, 200.0, 200.0, 200.0, 200.0, 200.0, 200.0, 200.0, 200.0]",1,942.478,-0.00609361,0.100039,-0.00755289,0.0,"[7.40339, 7.67213, 8.66101, 11.0247, 18.6412, 66.1788, 57.2314, 48.7542, 41.0137, 34.2378, 28.5554, 23.9625, 20.3425, 17.5241, 13.6233, 10.3564, 8.68174, 7.8586, 7.5975]",0.0129466,"[0.0, 0.0, -1.03797, 0.831037]",0.345889
0.0,-0.0107301,0.5,0.0,3.898,0.0,1955.79,-1.77161,93.9984,1,"[200.0, 200.0, 200.0, 200.0, 200.0, 200.0, 200.0, 200.0, 200.0, 200.0, 200.0, 200.0, 200.0, 200.0, 200.0, 200.0, 200.0, 200.0, 200.0, 200.0, 200.0, 200.0, 200.0, 200.0, 200.0, 200.0, 200.0, 200.0, 200.0, 200.0, 200.0, 200.0, 200.0, 200.0, 200.0, 200.0]",1,942.478,-0.00617021,0.100088,-0.00735834,0.0,"[7.40295, 7.67208, 8.66149, 11.0265, 18.6513, 66.161, 57.2144, 48.7385, 40.9999, 34.2261, 28.546, 23.9551, 20.3369, 17.5199, 13.6209, 10.3555, 8.68143, 7.85869, 7.59792]",0.0130025,"[0.0, 0.0, -1.03785, 0.83183]",0.345884
0.0,-0.0105551,0.5,0.0,3.92,0.0,1955.79,-1.77161,93.9984,1,"[200.0, 200.0, 200.0, 200.0, 200.0, 200.0, 200.0, 200.0, 200.0, 200.0, 200.0, 200.0, 200.0, 200.0, 200.0, 200.0, 200.0, 200.0, 200.0, 200.0, 200.0, 200.0, 200.0, 200.0, 200.0, 200.0, 200.0, 200.0, 200.0, 200.0, 200.0, 200.0, 200.0, 200.0, 200.0, 200.0]",1,942.478,-0.00806028,0.0436203,-0.00753614,0.0,"[7.40253, 7.67204, 8.662, 11.0282, 18.6614, 66.1433, 57.1974, 48.7229, 40.9861, 34.2145, 28.5366, 23.9478, 20.3314, 17.5157, 13.6186, 10.3545, 8.68112, 7.85878, 7.59833]",0.0130585,"[0.0, 0.0, 1.05237, -0.817294]",0.345879
0.0,-0.0105169,0.5,0.0,3.942,0.0,1955.79,-1.77161,93.9984,1,"[200.0, 200.0, 200.0, 200.0, 200.0, 200.0, 200.0, 200.0, 200.0, 200.0, 200.0, 200.0, 200.0, 200.0, 200.0, 200.0, 200.0, 200.0, 200.0, 200.0, 200.0, 200.0, 200.0, 200.0, 200.0, 200.0, 200.0, 200.0, 200.0, 200.0, 200.0, 200.0, 200.0, 200.0, 200.0, 200.0]",1,942.478,-0.00811222,0.0436148,-0.0077037,0.0,"[7.40206, 7.67165, 8.66167, 11.028, 18.6623, 66.1398, 57.1943, 48.7201, 40.9838, 34.2127, 28.5354, 23.947, 20.3309, 17.5155, 13.6186, 10.3547, 8.68146, 7.85918, 7.59878]",0.0131195,"[0.0, 0.0, 1.05265, -0.817279]",0.345877
0.0,-0.0104764,0.5,0.0,3.964,0.0,1955.79,-1.77173,93.9984,1,"[200.0, 200.0, 200.0, 200.0, 200.0, 200.0, 200.0, 200.0, 200.0, 200.0, 200.0, 200.0, 200.0, 200.0, 200.0, 200.0, 200.0, 200.0, 200.0, 200.0, 200.0, 200.0, 200.0, 200.0, 200.0, 200.0, 200.0, 200.0, 200.0, 200.0, 200.0, 200.0, 200.0, 200.0, 200.0, 200.0]",1,942.478,-0.00601496,0.0999118,-0.0076196,0.0,"[7.40161, 7.67126, 8.66137, 11.0279, 18.6634, 66.1361, 57.1908, 48.7171, 40.9813, 34.2107, 28.5339, 23.9461, 20.3303, 17.5152, 13.6187, 10.355, 8.68178, 7.85956, 7.59922]",0.0131795,"[0.0, 0.0, -1.03792, 0.830963]",0.345875
0.0,-0.0103,0.5,0.0,3.986,0.0,1955.79,-1.77173,93.9984,1,"[200.0, 200.0, 200.0, 200.0, 200.0, 200.0, 200.0, 200.0, 200.0, 200.0, 200.0, 200.0, 200.0, 200.0, 200.0, 200.0, 200.0, 200.0, 200.0, 200.0, 200.0, 200.0, 200.0, 200.0, 200.0, 200.0, 200.0, 200.0, 200.0, 200.0, 200.0, 200.0, 200.0, 200.0, 200.0, 200.0]",1,942.478,-0.00617439,0.0999936,-0.00737247,0.0,"[7.40117, 7.67123, 8.66186, 11.0297, 18.6736, 66.1182, 57.1738, 48.7014, 40.9673, 34.199, 28.5245, 23.9387, 20.3247, 17.511, 13.6163, 10.354, 8.68146, 7.85965, 7.59963]",0.0132355,"[0.0, 0.0, -1.03764, 0.831765]",0.34587
0.0,-0.010124,0.5,0.0,4.008,0.0,1955.79,-1.77173,93.9984,1,"[200.0, 200.0, 200.0, 200.0, 200.0, 200.0, 200.0, 200.0, 200.0, 200.0, 200.0, 200.0, 200.0, 200.0, 200.0, 200.0, 200.0, 200.0, 200.0, 200.0, 200.0, 200.0, 200.0, 200.0, 200.0, 200.0, 200.0, 200.0, 200.0, 200.0, 200.0, 200.0, 200.0, 200.0, 200.0, 200.0]",1,942.478,-0.00784212,0.0434308,-0.00754119,0.0,"[7.40073, 7.67117, 8.66236, 11.0314, 18.6838, 66.1003, 57.1567, 48.6857, 40.9535, 34.1874, 28.5151, 23.9314, 20.3191, 17.5068, 13.6139, 10.353, 8.68115, 7.85974, 7.60005]",0.0132924,"[0.0, 0.0, 1.0516, -0.817919]",0.345865
0.0,-0.0100825,0.5,0.0,4.03,0.0,1955.79,-1.77173,93.9984,1,"[200.0, 200.0, 200.0, 200.0, 200.0, 200.0, 200.0, 200.0, 200.0, 200.0, 200.0, 200.0, 200.0, 200.0, 200.0, 200.0, 200.0, 200.0, 200.0, 200.0, 200.0, 200.0, 200.0, 200.0, 200.0, 200.0, 200.0, 200.0, 200.0, 200.0, 200.0, 200.0, 200.0, 200.0, 200.0, 200.0]",1,942.478,-0.00797535,0.043211,-0.00768615,0.0,"[7.40028, 7.6708, 8.66206, 11.0313, 18.685, 66.0965, 57.1531, 48.6825, 40.9509, 34.1853, 28.5136, 23.9303, 20.3185, 17.5064, 13.6139, 10.3532, 8.68147, 7.86012, 7.60049]",0.0133525,"[0.0, 0.0, 1.05171, -0.817501]",0.345863
0.0,-0.0100411,0.5,0.0,4.052,0.0,1955.79,-1.77185,93.9984,1,"[200.0, 200.0, 200.0, 200.0, 200.0, 200.0, 200.0, 200.0, 200.0, 200.0, 200.0, 200.0, 200.0, 200.0, 200.0, 200.0, 200.0, 200.0, 200.0, 200.0, 200.0, 200.0, 200.0, 200.0, 200.0, 200.0, 200.0, 200.0, 200.0, 200.0, 200.0, 200.0, 200.0, 200.0, 200.0, 200.0]",1,942.478,-0.0061697,0.099775,-0.00762691,0.0,"[7.39981, 7.67041, 8.66175, 11.0311, 18.686, 66.0927, 57.1496, 48.6794, 40.9483, 34.1833, 28.5121, 23.9294, 20.3179, 17.5061, 13.6139, 10.3534, 8.6818, 7.86051, 7.60094]",0.0134135,"[0.0, 0.0, -1.03629, 0.832393]",0.345862
0.0,-0.00986416,0.5,0.0,4.074,0.0,1955.79,-1.77185,93.9984,1,"[200.0, 200.0, 200.0, 200.0, 200.0, 200.0, 200.0, 200.0, 200.0, 200.0, 200.0, 200.0, 200.0, 200.0, 200.0, 200.0, 200.0, 200.0, 200.0, 200.0, 200.0, 200.0, 200.0, 200.0, 200.0, 200.0, 200.0, 200.0, 200.0, 200.0, 200.0, 200.0, 200.0, 200.0, 200.0, 200.0]",1,942.478,-0.00601877,0.0999277,-0.00740028,0.0,"[7.39938, 7.67036, 8.66226, 11.0329, 18.6964, 66.0747, 57.1324, 48.6636, 40.9344, 34.1716, 28.5027, 23.922, 20.3123, 17.5019, 13.6115, 10.3525, 8.68148, 7.8606, 7.60136]",0.0134694,"[0.0, 0.0, -1.03772, 0.831422]",0.345856
0.0,-0.00968725,0.5,0.0,4.096,0.0,1955.79,-1.77185,93.9984,1,"[200.0, 200.0, 200.0, 200.0, 200.0, 200.0, 200.0, 200.0, 200.0, 200.0, 200.0, 200.0, 200.0, 200.0, 200.0, 200.0, 200.0, 200.0, 200.0, 200.0, 200.0, 200.0, 200.0, 200.0, 200.0, 200.0, 200.0, 200.0, 200.0, 200.0, 200.0, 200.0, 200.0, 200.0, 200.0, 200.0]",1,942.478,-0.008114,0.0435182,-0.00759634,0.0,"[7.39896, 7.67033, 8.66277, 11.0347, 18.7067, 66.0567, 57.1154, 48.6479, 40.9204, 34.1598, 28.4932, 23.9146, 20.3066, 17.4976, 13.6091, 10.3515, 8.68114, 7.86068, 7.60175]",0.0135244,"[0.0, 0.0, 1.05213, -0.8167]",0.34585
0.0,-0.00964815,0.5,0.0,4.118,0.0,1955.79,-1.77197,93.9984,1,"[200.0, 200.0, 200.0, 200.0, 200.0, 200.0, 200.0, 200.0, 200.0, 200.0, 200.0, 200.0, 200.0, 200.0, 200.0, 200.0, 200.0, 200.0, 200.0, 200.0, 200.0, 200.0, 200.0, 200.0, 200.0, 200.0, 200.0, 200.0, 200.0, 200.0, 200.0, 200.0, 200.0, 200.0, 200.0, 200.0]",1,942.478,-0.00844883,0.0434062,-0.00773726,0.0,"[7.39849, 7.66994, 8.66245, 11.0345, 18.7077, 66.0532, 57.1121, 48.645, 40.918, 34.1579, 28.4918, 23.9138, 20.3061, 17.4974, 13.6092, 10.3517, 8.68147, 7.86107, 7.60221]",0.0135854,"[0.0, 0.0, 1.05149, -0.816644]",0.345849
0.0,-0.00960952,0.5,0.0,4.14,0.0,1955.79,-1.77197,93.9984,1,"[200.0, 200.0, 200.0, 200.0, 200.0, 200.0, 200.0, 200.0, 200.0, 200.0, 200.0, 200.0, 200.0, 200.0, 200.0, 200.0, 200.0, 200.0, 200.0, 200.0, 200.0, 200.0, 200.0, 200.0, 200.0, 200.0, 200.0, 200.0, 200.0, 200.0, 200.0, 200.0, 200.0, 200.0, 200.0, 200.0]",1,942.478,-0.00628535,0.100116,-0.00764535,0.0,"[7.39803, 7.66956, 8.66212, 11.0343, 18.7086, 66.0497, 57.1089, 48.6421, 40.9156, 34.1561, 28.4906, 23.9129, 20.3056, 17.4971, 13.6093, 10.352, 8.68183, 7.86147, 7.60266]",0.0136464,"[0.0, 0.0, -1.03731, 0.831737]",0.345847
0.0,-0.00943405,0.5,0.0,4.162,0.0,1955.79,-1.77197,93.9984,1,"[200.0, 200.0, 200.0, 200.0, 200.0, 200.0, 200.0, 200.0, 200.0, 200.0, 200.0, 200.0, 200.0, 200.0, 200.0, 200.0, 200.0, 200.0, 200.0, 200.0, 200.0, 200.0, 200.0, 200.0, 200.0, 200.0, 200.0, 200.0, 200.0, 200.0, 200.0, 200.0, 200.0, 200.0, 200.0, 200.0]",1,942.478,-0.00617876,0.100164,-0.00740969,0.0,"[7.3976, 7.66951, 8.66262, 11.0361, 18.7189, 66.0319, 57.0919, 48.6265, 40.9019, 34.1445, 28.4812, 23.9056, 20.3001, 17.493, 13.6069, 10.351, 8.68151, 7.86156, 7.60307]",0.0137024,"[0.0, 0.0, -1.03653, 0.832262]",0.345842
0.0,-0.00925762,0.5,0.0,4.184,0.0,1955.79,-1.77197,93.9984,1,"[200.0, 200.0, 200.0, 200.0, 200.0, 200.0, 200.0, 200.0, 200.0, 200.0, 200.0, 200.0, 200.0, 200.0, 200.0, 200.0, 200.0, 200.0, 200.0, 200.0, 200.0, 200.0, 200.0, 200.0, 200.0, 200.0, 200.0, 200.0, 200.0, 200.0, 200.0, 200.0, 200.0, 200.0, 200.0, 200.0]",1,942.478,-0.00826286,0.0435406,-0.00752158,0.0,"[7.39716, 7.66946, 8.66313, 11.0379, 18.7292, 66.014, 57.0748, 48.6107, 40.888, 34.1328, 28.4717, 23.8982, 20.2945, 17.4887, 13.6045, 10.35, 8.68119, 7.86164, 7.60349]",0.0137583,"[0.0, 0.0, 1.05212, -0.81805]",0.345836
0.0,-0.00921756,0.5,0.0,4.206,0.0,1955.79,-1.77209,93.9984,1,"[200.0, 200.0, 200.0, 200.0, 200.0, 200.0, 200.0, 200.0, 200.0, 200.0, 200.0, 200.0, 200.0, 200.0, 200.0, 200.0, 200.0, 200.0, 200.0, 200.0, 200.0, 200.0, 200.0, 200.0, 200.0, 200.0, 200.0, 200.0, 200.0, 200.0, 200.0, 200.0, 200.0, 200.0, 200.0, 200.0]",1,942.478,-0.00819872,0.0434859,-0.00768477,0.0,"[7.39671, 7.66908, 8.66282, 11.0377, 18.7303, 66.0103, 57.0714, 48.6078, 40.8855, 34.1309, 28.4704, 23.8973, 20.2939, 17.4885, 13.6045, 10.3502, 8.68153, 7.86203, 7.60393]",0.0138184,"[0.0, 0.0, 1.05252, -0.819328]",0.345834
0.0,-0.00917751,0.5,0.0,4.228,0.0,1955.79,-1.77209,93.9984,1,"[200.0, 200.0, 200.0, 200.0, 200.0, 200.0, 200.0, 200.0, 200.0, 200.0, 200.0, 200.0, 200.0, 200.0, 200.0, 200.0, 200.0, 200.0, 200.0, 200.0, 200.0, 200.0, 200.0, 200.0, 200.0, 200.0, 200.0, 200.0, 200.0, 200.0, 200.0, 200.0, 200.0, 200.0, 200.0, 200.0]",1,942.478,-0.00616147,0.100005,-0.00761257,0.0,"[7.39625, 7.6687, 8.66251, 11.0376, 18.7313, 66.0067, 57.0681, 48.6048, 40.8831, 34.129, 28.469, 23.8964, 20.2934, 17.4882, 13.6046, 10.3505, 8.68186, 7.86242, 7.60439]",0.0138794,"[0.0, 0.0, -1.03654, 0.832175]",0.345833
0.0,-0.00900108,0.5,0.0,4.25,0.0,1955.79,-1.77209,93.9984,1,"[200.0, 200.0, 200.0, 200.0, 200.0, 200.0, 200.0, 200.0, 200.0, 200.0, 200.0, 200.0, 200.0, 200.0, 200.0, 200.0, 200.0, 200.0, 200.0, 200.0, 200.0, 200.0, 200.0, 200.0, 200.0, 200.0, 200.0, 200.0, 200.0, 200.0, 200.0, 200.0, 200.0, 200.0, 200.0, 200.0]",1,942.478,-0.00595165,0.100066,-0.00739093,0.0,"[7.39582, 7.66866, 8.663, 11.0393, 18.7417, 65.9887, 57.0509, 48.5891, 40.8692, 34.1173, 28.4596, 23.8891, 20.2878, 17.484, 13.6022, 10.3495, 8.68154, 7.86251, 7.60479]",0.0139353,"[0.0, 0.0, -1.03689, 0.83293]",0.345828
0.0,-0.00882513,0.5,0.0,4.272,0.0,1955.79,-1.77209,93.9984,1,"[200.0, 200.0, 200.0, 200.0, 200.0, 200.0, 200.0, 200.0, 200.0, 200.0, 200.0, 200.0, 200.0, 200.0, 200.0, 200.0, 200.0, 200.0, 200.0, 200.0, 200.0, 200.0, 200.0, 200.0, 200.0, 200.0, 200.0, 200.0, 200.0, 200.0, 200.0, 200.0, 200.0, 200.0, 200.0, 200.0]",1,942.478,-0.00801005,0.0435561,-0.00753789,0.0,"[7.39539, 7.66861, 8.66351, 11.0411, 18.752, 65.9709, 57.0339, 48.5734, 40.8553, 34.1056, 28.4502, 23.8818, 20.2822, 17.4798, 13.5998, 10.3485, 8.68122, 7.8626, 7.6052]",0.0139913,"[0.0, 0.0, 1.05147, -0.818796]",0.345822
0.0,-0.00878507,0.5,0.0,4.294,0.0,1955.79,-1.77222,93.9984,1,"[200.0, 200.0, 200.0, 200.0, 200.0, 200.0, 200.0, 200.0, 200.0, 200.0, 200.0, 200.0, 200.0, 200.0, 200.0, 200.0, 200.0, 200.0, 200.0, 200.0, 200.0, 200.0, 200.0, 200.0, 200.0, 200.0, 200.0, 200.0, 200.0, 200.0, 200.0, 200.0, 200.0, 200.0, 200.0, 200.0]",1,942.478,-0.00806459,0.0434136,-0.00767653,0.0,"[7.39492, 7.66823, 8.66319, 11.0409, 18.7531, 65.9673, 57.0306, 48.5705, 40.8529, 34.1037, 28.4488, 23.8809, 20.2817, 17.4795, 13.5999, 10.3487, 8.68155, 7.86299, 7.60565]",0.0140523,"[0.0, 0.0, 1.05159, -0.818499]",0.34582
0.0,-0.00874454,0.5,0.0,4.316,0.0,1955.79,-1.77222,93.9984,1,"[200.0, 200.0, 200.0, 200.0, 200.0, 200.0, 200.0, 200.0, 200.0, 200.0, 200.0, 200.0, 200.0, 200.0, 200.0, 200.0, 200.0, 200.0, 200.0, 200.0, 200.0, 200.0, 200.0, 200.0, 200.0, 200.0, 200.0, 200.0, 200.0, 200.0, 200.0, 200.0, 200.0, 200.0, 200.0, 200.0]",1,942.478,-0.00613847,0.0998388,-0.00760722,0.0,"[7.39447, 7.66784, 8.66289, 11.0408, 18.7542, 65.9635, 57.0272, 48.5675, 40.8504, 34.1018, 28.4474, 23.88, 20.2811, 17.4792, 13.5999, 10.349, 8.68189, 7.86337, 7.6061]",0.0141123,"[0.0, 0.0, -1.03606, 0.83361]",0.345818
0.0,-0.00856763,0.5,0.0,4.338,0.0,1955.79,-1.77222,93.9984,1,"[200.0, 200.0, 200.0, 200.0, 200.0, 200.0, 200.0, 200.0, 200.0, 200.0, 200.0, 200.0, 200.0, 200.0, 200.0, 200.0, 200.0, 200.0, 200.0, 200.0, 200.0, 200.0, 200.0, 200.0, 200.0, 200.0, 200.0, 200.0, 200.0, 200.0, 200.0, 200.0, 200.0, 200.0, 200.0, 200.0]",1,942.478,-0.0062149,0.0999022,-0.00744495,0.0,"[7.39404, 7.6678, 8.66339, 11.0426, 18.7646, 65.9456, 57.01, 48.5517, 40.8365, 34.0901, 28.438, 23.8726, 20.2755, 17.475, 13.5975, 10.348, 8.68157, 7.86346, 7.60651]",0.0141683,"[0.0, 0.0, -1.03506, 0.83386]",0.345813
0.0,-0.00839025,0.5,0.0,4.36,0.0,1955.79,-1.77234,93.9984,1,"[200.0, 200.0, 200.0, 200.0, 200.0, 200.0, 200.0, 200.0, 200.0, 200.0, 200.0, 200.0, 200.0, 200.0, 200.0, 200.0, 200.0, 200.0, 200.0, 200.0, 200.0, 200.0, 200.0, 200.0, 200.0, 200.0, 200.0, 200.0, 200.0, 200.0, 200.0, 200.0, 200.0, 200.0, 200.0, 200.0]",1,942.478,-0.00812445,0.0434505,-0.00760903,0.0,"[7.39361, 7.66776, 8.6639, 11.0444, 18.7751, 65.9276, 56.9929, 48.5359, 40.8226, 34.0784, 28.4285, 23.8652, 20.2699, 17.4708, 13.5951, 10.347, 8.68124, 7.86355, 7.60693]",0.0142242,"[0.0, 0.0, 1.05095, -0.820039]",0.345808
0.0,-0.00835067,0.5,0.0,4.382,0.0,1955.79,-1.77234,93.9984,1,"[200.0, 200.0, 200.0, 200.0, 200.0, 200.0, 200.0, 200.0, 200.0, 200.0, 200.0, 200.0, 200.0, 200.0, 200.0, 200.0, 200.0, 200.0, 200.0, 200.0, 200.0, 200.0, 200.0, 200.0, 200.0, 200.0, 200.0, 200.0, 200.0, 200.0, 200.0, 200.0, 200.0, 200.0, 200.0, 200.0]",1,942.478,-0.00826321,0.0435428,-0.00771421,0.0,"[7.39315, 7.66738, 8.66359, 11.0442, 18.7762, 65.924, 56.9895, 48.533, 40.8201, 34.0765, 28.4271, 23.8643, 20.2694, 17.4705, 13.5952, 10.3472, 8.68159, 7.86393, 7.60738]",0.0142853,"[0.0, 0.0, 1.04992, -0.819593]",0.345806
0.0,-0.00831062,0.5,0.0,4.404,0.0,1955.79,-1.77234,93.9984,1,"[200.0, 200.0, 200.0, 200.0, 200.0, 200.0, 200.0, 200.0, 200.0, 200.0, 200.0, 200.0, 200.0, 200.0, 200.0, 200.0, 200.0, 200.0, 200.0, 200.0, 200.0, 200.0, 200.0, 200.0, 200.0, 200.0, 200.0, 200.0, 200.0, 200.0, 200.0, 200.0, 200.0, 200.0, 200.0, 200.0]",1,942.478,-0.00640164,0.0999466,-0.00760401,0.0,"[7.3927, 7.667, 8.66328, 11.0441, 18.7773, 65.9203, 56.9862, 48.53, 40.8177, 34.0746, 28.4258, 23.8634, 20.2688, 17.4702, 13.5952, 10.3475, 8.68191, 7.86432, 7.60783]",0.0143453,"[0.0, 0.0, -1.03524, 0.833996]",0.345804
0.0,-0.00813467,0.5,0.0,4.426,0.0,1955.79,-1.77234,93.9984,1,"[200.0, 200.0, 200.0, 200.0, 200.0, 200.0, 200.0, 200.0, 200.0, 200.0, 200.0, 200.0, 200.0, 200.0, 200.0, 200.0, 200.0, 200.0, 200.0, 200.0, 200.0, 200.0, 200.0, 200.0, 200.0, 200.0, 200.0, 200.0, 200.0, 200.0, 200.0, 200.0, 200.0, 200.0, 200.0, 200.0]",1,942.478,-0.006326,0.100139,-0.00739017,0.0,"[7.39227, 7.66696, 8.66378, 11.0458, 18.7877, 65.9025, 56.9692, 48.5144, 40.8038, 34.0629, 28.4164, 23.8561, 20.2633, 17.466, 13.5929, 10.3465, 8.68159, 7.86442, 7.60824]",0.0144012,"[0.0, 0.0, -1.03536, 0.834302]",0.345798
0.0,-0.00795871,0.5,0.0,4.448,0.0,1955.79,-1.77246,93.9984,1,"[200.0, 200.0, 200.0, 200.0, 200.0, 200.0, 200.0, 200.0, 200.0, 200.0, 200.0, 200.0, 200.0, 200.0, 200.0, 200.0, 200.0, 200.0, 200.0, 200.0, 200.0, 200.0, 200.0, 200.0, 200.0, 200.0, 200.0, 200.0, 200.0, 200.0, 200.0, 200.0, 200.0, 200.0, 200.0, 200.0]",1,942.478,-0.0081725,0.0435958,-0.00754253,0.0,"[7.39183, 7.66692, 8.66429, 11.0476, 18.7982, 65.8846, 56.9522, 48.4987, 40.79, 34.0513, 28.407, 23.8488, 20.2577, 17.4618, 13.5905, 10.3455, 8.68128, 7.8645, 7.60864]",0.0144572,"[0.0, 0.0, 1.05085, -0.820168]",0.345793
0.0,-0.00791771,0.5,0.0,4.47,0.0,1955.79,-1.77246,93.9984,1,"[200.0, 200.0, 200.0, 200.0, 200.0, 200.0, 200.0, 200.0, 200.0, 200.0, 200.0, 200.0, 200.0, 200.0, 200.0, 200.0, 200.0, 200.0, 200.0, 200.0, 200.0, 200.0, 200.0, 200.0, 200.0, 200.0, 200.0, 200.0, 200.0, 200.0, 200.0, 200.0, 200.0, 200.0, 200.0, 200.0]",1,942.478,-0.00829555,0.0434178,-0.00768795,0.0,"[7.39138, 7.66652, 8.66397, 11.0475, 18.7993, 65.881, 56.9488, 48.4957, 40.7875, 34.0493, 28.4056, 23.8479, 20.2572, 17.4615, 13.5905, 10.3458, 8.6816, 7.8649, 7.6091]",0.0145182,"[0.0, 0.0, 1.05023, -0.819313]",0.345792
0.0,-0.00787861,0.5,0.0,4.492,0.0,1955.79,-1.77246,93.9984,1,"[200.0, 200.0, 200.0, 200.0, 200.0, 200.0, 200.0, 200.0, 200.0, 200.0, 200.0, 200.0, 200.0, 200.0, 200.0, 200.0, 200.0, 200.0, 200.0, 200.0, 200.0, 200.0, 200.0, 200.0, 200.0, 200.0, 200.0, 200.0, 200.0, 200.0, 200.0, 200.0, 200.0, 200.0, 200.0, 200.0]",1,942.478,-0.00631646,0.099914,-0.00761664,0.0,"[7.39092, 7.66615, 8.66366, 11.0473, 18.8003, 65.8774, 56.9454, 48.4928, 40.7851, 34.0474, 28.4043, 23.847, 20.2566, 17.4613, 13.5906, 10.346, 8.68195, 7.86529, 7.60956]",0.0145782,"[0.0, 0.0, -1.03557, 0.83498]",0.34579
0.0,-0.00770408,0.5,0.0,4.514,0.0,1955.79,-1.77246,93.9984,1,"[200.0, 200.0, 200.0, 200.0, 200.0, 200.0, 200.0, 200.0, 200.0, 200.0, 200.0, 200.0, 200.0, 200.0, 200.0, 200.0, 200.0, 200.0, 200.0, 200.0, 200.0, 200.0, 200.0, 200.0, 200.0, 200.0, 200.0, 200.0, 200.0, 200.0, 200.0, 200.0, 200.0, 200.0, 200.0, 200.0]",1,942.478,-0.0063187,0.100091,-0.00740387,0.0,"[7.39048, 7.66609, 8.66415, 11.049, 18.8106, 65.8597, 56.9285, 48.4773, 40.7714, 34.0359, 28.395, 23.8398, 20.2511, 17.4571, 13.5883, 10.345, 8.68164, 7.86539, 7.60997]",0.0146352,"[0.0, 0.0, -1.0353, 0.835855]",0.345785
0.0,-0.00752813,0.5,0.0,4.536,0.0,1955.79,-1.77258,93.9984,1,"[200.0, 200.0, 200.0, 200.0, 200.0, 200.0, 200.0, 200.0, 200.0, 200.0, 200.0, 200.0, 200.0, 200.0, 200.0, 200.0, 200.0, 200.0, 200.0, 200.0, 200.0, 200.0, 200.0, 200.0, 200.0, 200.0, 200.0, 200.0, 200.0, 200.0, 200.0, 200.0, 200.0, 200.0, 200.0, 200.0]",1,942.478,-0.00846917,0.0435485,-0.00753174,0.0,"[7.39005, 7.66606, 8.66465, 11.0508, 18.8211, 65.8418, 56.9115, 48.4616, 40.7576, 34.0243, 28.3857, 23.8325, 20.2456, 17.453, 13.5859, 10.3441, 8.68133, 7.86547, 7.61037]",0.0146912,"[0.0, 0.0, 1.05124, -0.819179]",0.34578
0.0,-0.0074876,0.5,0.0,4.558,0.0,1955.79,-1.77258,93.9984,1,"[200.0, 200.0, 200.0, 200.0, 200.0, 200.0, 200.0, 200.0, 200.0, 200.0, 200.0, 200.0, 200.0, 200.0, 200.0, 200.0, 200.0, 200.0, 200.0, 200.0, 200.0, 200.0, 200.0, 200.0, 200.0, 200.0, 200.0, 200.0, 200.0, 200.0, 200.0, 200.0, 200.0, 200.0, 200.0, 200.0]",1,942.478,-0.00842662,0.0433348,-0.0077097,0.0,"[7.3896, 7.66568, 8.66435, 11.0507, 18.8223, 65.8381, 56.9082, 48.4586, 40.7551, 34.0224, 28.3842, 23.8316, 20.245, 17.4526, 13.5859, 10.3443, 8.68166, 7.86586, 7.61083]",0.0147512,"[0.0, 0.0, 1.05041, -0.82022]",0.345777
0.0,-0.00744754,0.5,0.0,4.58,0.0,1955.79,-1.77258,93.9984,1,"[200.0, 200.0, 200.0, 200.0, 200.0, 200.0, 200.0, 200.0, 200.0, 200.0, 200.0, 200.0, 200.0, 200.0, 200.0, 200.0, 200.0, 200.0, 200.0, 200.0, 200.0, 200.0, 200.0, 200.0, 200.0, 200.0, 200.0, 200.0, 200.0, 200.0, 200.0, 200.0, 200.0, 200.0, 200.0, 200.0]",1,942.478,-0.00626466,0.0999384,-0.00762644,0.0,"[7.38914, 7.6653, 8.66403, 11.0505, 18.8234, 65.8345, 56.9048, 48.4556, 40.7527, 34.0205, 28.3829, 23.8307, 20.2445, 17.4524, 13.586, 10.3445, 8.68198, 7.86625, 7.61127]",0.0148112,"[0.0, 0.0, -1.03507, 0.834877]",0.345775
0.0,-0.00727159,0.5,0.0,4.602,0.0,1955.79,-1.77271,93.9984,1,"[200.0, 200.0, 200.0, 200.0, 200.0, 200.0, 200.0, 200.0, 200.0, 200.0, 200.0, 200.0, 200.0, 200.0, 200.0, 200.0, 200.0, 200.0, 200.0, 200.0, 200.0, 200.0, 200.0, 200.0, 200.0, 200.0, 200.0, 200.0, 200.0, 200.0, 200.0, 200.0, 200.0, 200.0, 200.0, 200.0]",1,942.478,-0.0062596,0.100056,-0.00736528,0.0,"[7.38872, 7.66526, 8.66455, 11.0523, 18.8339, 65.8166, 56.8878, 48.44, 40.7389, 34.0089, 28.3735, 23.8234, 20.2389, 17.4482, 13.5836, 10.3436, 8.68166, 7.86633, 7.61168]",0.0148671,"[0.0, 0.0, -1.03526, 0.835201]",0.34577
0.0,-0.00709469,0.5,0.0,4.624,0.0,1955.79,-1.77271,93.9984,1,"[200.0, 200.0, 200.0, 200.0, 200.0, 200.0, 200.0, 200.0, 200.0, 200.0, 200.0, 200.0, 200.0, 200.0, 200.0, 200.0, 200.0, 200.0, 200.0, 200.0, 200.0, 200.0, 200.0, 200.0, 200.0, 200.0, 200.0, 200.0, 200.0, 200.0, 200.0, 200.0, 200.0, 200.0, 200.0, 200.0]",1,942.478,-0.00829079,0.0434832,-0.00757382,0.0,"[7.38828, 7.66521, 8.66506, 11.0541, 18.8445, 65.7987, 56.8706, 48.4242, 40.725, 33.9972, 28.3641, 23.8161, 20.2333, 17.444, 13.5812, 10.3426, 8.68134, 7.86642, 7.61209]",0.0149231,"[0.0, 0.0, 1.04969, -0.820201]",0.345765
0.0,-0.00705558,0.5,0.0,4.646,0.0,1955.79,-1.77271,93.9984,1,"[200.0, 200.0, 200.0, 200.0, 200.0, 200.0, 200.0, 200.0, 200.0, 200.0, 200.0, 200.0, 200.0, 200.0, 200.0, 200.0, 200.0, 200.0, 200.0, 200.0, 200.0, 200.0, 200.0, 200.0, 200.0, 200.0, 200.0, 200.0, 200.0, 200.0, 200.0, 200.0, 200.0, 200.0, 200.0, 200.0]",1,942.478,-0.00831113,0.0434726,-0.00769046,0.0,"[7.38783, 7.66483, 8.66474, 11.0539, 18.8456, 65.7951, 56.8675, 48.4214, 40.7227, 33.9954, 28.3628, 23.8152, 20.2328, 17.4437, 13.5813, 10.3428, 8.6817, 7.86681, 7.61255]",0.0149841,"[0.0, 0.0, 1.04992, -0.821]",0.345763
0.0,-0.00701601,0.5,0.0,4.668,0.0,1955.79,-1.77271,93.9984,1,"[200.0, 200.0, 200.0, 200.0, 200.0, 200.0, 200.0, 200.0, 200.0, 200.0, 200.0, 200.0, 200.0, 200.0, 200.0, 200.0, 200.0, 200.0, 200.0, 200.0, 200.0, 200.0, 200.0, 200.0, 200.0, 200.0, 200.0, 200.0, 200.0, 200.0, 200.0, 200.0, 200.0, 200.0, 200.0, 200.0]",1,942.478,-0.00635056,0.0999368,-0.00764448,0.0,"[7.38737, 7.66446, 8.66443, 11.0538, 18.8466, 65.7915, 56.8641, 48.4185, 40.7202, 33.9935, 28.3615, 23.8143, 20.2323, 17.4435, 13.5813, 10.3431, 8.68202, 7.8672, 7.61301]",0.0150441,"[0.0, 0.0, -1.03473, 0.835176]",0.345761
0.0,-0.0068391,0.5,0.0,4.69,0.0,1955.79,-1.77283,93.9984,1,"[200.0, 200.0, 200.0, 200.0, 200.0, 200.0, 200.0, 200.0, 200.0, 200.0, 200.0, 200.0, 200.0, 200.0, 200.0, 200.0, 200.0, 200.0, 200.0, 200.0, 200.0, 200.0, 200.0, 200.0, 200.0, 200.0, 200.0, 200.0, 200.0, 200.0, 200.0, 200.0, 200.0, 200.0, 200.0, 200.0]",1,942.478,-0.0064385,0.1001,-0.00741311,0.0,"[7.38695, 7.6644, 8.66494, 11.0556, 18.8572, 65.7737, 56.847, 48.4028, 40.7064, 33.9818, 28.352, 23.807, 20.2268, 17.4393, 13.579, 10.3421, 8.68169, 7.86729, 7.61341]",0.0151001,"[0.0, 0.0, -1.03323, 0.835246]",0.345756
0.0,-0.00666267,0.5,0.0,4.712,0.0,1955.79,-1.77283,93.9984,1,"[200.0, 200.0, 200.0, 200.0, 200.0, 200.0, 200.0, 200.0, 200.0, 200.0, 200.0, 200.0, 200.0, 200.0, 200.0, 200.0, 200.0, 200.0, 200.0, 200.0, 200.0, 200.0, 200.0, 200.0, 200.0, 200.0, 200.0, 200.0, 200.0, 200.0, 200.0, 200.0, 200.0, 200.0, 200.0, 200.0]",1,942.478,-0.00828172,0.0435931,-0.00751287,0.0,"[7.38651, 7.66436, 8.66545, 11.0574, 18.8679, 65.7558, 56.83, 48.3871, 40.6926, 33.9702, 28.3427, 23.7997, 20.2212, 17.4351, 13.5766, 10.3411, 8.6814, 7.86739, 7.61383]",0.0151571,"[0.0, 0.0, 1.04959, -0.821559]",0.345751
0.0,-0.00662262,0.5,0.0,4.734,0.0,1955.79,-1.77283,93.9984,1,"[200.0, 200.0, 200.0, 200.0, 200.0, 200.0, 200.0, 200.0, 200.0, 200.0, 200.0, 200.0, 200.0, 200.0, 200.0, 200.0, 200.0, 200.0, 200.0, 200.0, 200.0, 200.0, 200.0, 200.0, 200.0, 200.0, 200.0, 200.0, 200.0, 200.0, 200.0, 200.0, 200.0, 200.0, 200.0, 200.0]",1,942.478,-0.0083573,0.0433681,-0.00770249,0.0,"[7.38605, 7.66398, 8.66513, 11.0572, 18.869, 65.7521, 56.8266, 48.3841, 40.6901, 33.9683, 28.3414, 23.7989, 20.2207, 17.4348, 13.5767, 10.3413, 8.68173, 7.86777, 7.61428]",0.0152171,"[0.0, 0.0, 1.04811, -0.821773]",0.345749
0.0,-0.00658209,0.5,0.0,4.756,0.0,1955.79,-1.77283,93.9984,1,"[200.0, 200.0, 200.0, 200.0, 200.0, 200.0, 200.0, 200.0, 200.0, 200.0, 200.0, 200.0, 200.0, 200.0, 200.0, 200.0, 200.0, 200.0, 200.0, 200.0, 200.0, 200.0, 200.0, 200.0, 200.0, 200.0, 200.0, 200.0, 200.0, 200.0, 200.0, 200.0, 200.0, 200.0, 200.0, 200.0]",1,942.478,-0.0064227,0.0999091,-0.00757206,0.0,"[7.38559, 7.6636, 8.66482, 11.057, 18.8701, 65.7484, 56.8232, 48.3811, 40.6876, 33.9664, 28.34, 23.7979, 20.2201, 17.4346, 13.5767, 10.3416, 8.68206, 7.86817, 7.61473]",0.0152781,"[0.0, 0.0, -1.03472, 0.836375]",0.345747
0.0,-0.00640613,0.5,0.0,4.778,0.0,1955.79,-1.77295,93.9984,1,"[200.0, 200.0, 200.0, 200.0, 200.0, 200.0, 200.0, 200.0, 200.0, 200.0, 200.0, 200.0, 200.0, 200.0, 200.0, 200.0, 200.0, 200.0, 200.0, 200.0, 200.0, 200.0, 200.0, 200.0, 200.0, 200.0, 200.0, 200.0, 200.0, 200.0, 200.0, 200.0, 200.0, 200.0, 200.0, 200.0]",1,942.478,-0.00628459,0.0999593,-0.00741291,0.0,"[7.38517, 7.66357, 8.66533, 11.0588, 18.8807, 65.7305, 56.8061, 48.3656, 40.6738, 33.9548, 28.3306, 23.7906, 20.2146, 17.4303, 13.5743, 10.3406, 8.68173, 7.86826, 7.61514]",0.015333,"[0.0, 0.0, -1.03412, 0.836158]",0.345742
0.0,-0.0062297,0.5,0.0,4.8,0.0,1955.79,-1.77295,93.9984,1,"[200.0, 200.0, 200.0, 200.0, 200.0, 200.0, 200.0, 200.0, 200.0, 200.0, 200.0, 200.0, 200.0, 200.0, 200.0, 200.0, 200.0, 200.0, 200.0, 200.0, 200.0, 200.0, 200.0, 200.0, 200.0, 200.0, 200.0, 200.0, 200.0, 200.0, 200.0, 200.0, 200.0, 200.0, 200.0, 200.0]",1,942.478,-0.0082427,0.0434355,-0.00754285,0.0,"[7.38474, 7.66352, 8.66585, 11.0606, 18.8914, 65.7127, 56.7891, 48.3498, 40.66, 33.9432, 28.3213, 23.7833, 20.209, 17.4262, 13.572, 10.3396, 8.68142, 7.86834, 7.61555]",0.015389,"[0.0, 0.0, 1.04886, -0.822076]",0.345736
0.0,-0.00618869,0.5,0.0,4.822,0.0,1955.79,-1.77295,93.9984,1,"[200.0, 200.0, 200.0, 200.0, 200.0, 200.0, 200.0, 200.0, 200.0, 200.0, 200.0, 200.0, 200.0, 200.0, 200.0, 200.0, 200.0, 200.0, 200.0, 200.0, 200.0, 200.0, 200.0, 200.0, 200.0, 200.0, 200.0, 200.0, 200.0, 200.0, 200.0, 200.0, 200.0, 200.0, 200.0, 200.0]",1,942.478,-0.00831167,0.04329,-0.00769183,0.0,"[7.38429, 7.66314, 8.66554, 11.0605, 18.8926, 65.7089, 56.7857, 48.3468, 40.6575, 33.9412, 28.3198, 23.7824, 20.2085, 17.4259, 13.572, 10.3398, 8.68175, 7.86874, 7.616]",0.01545,"[0.0, 0.0, 1.04848, -0.821643]",0.345735
0.0,-0.00614626,0.5,0.0,4.844,0.0,1955.79,-1.77295,93.9984,1,"[200.0, 200.0, 200.0, 200.0, 200.0, 200.0, 200.0, 200.0, 200.0, 200.0, 200.0, 200.0, 200.0, 200.0, 200.0, 200.0, 200.0, 200.0, 200.0, 200.0, 200.0, 200.0, 200.0, 200.0, 200.0, 200.0, 200.0, 200.0, 200.0, 200.0, 200.0, 200.0, 200.0, 200.0, 200.0, 200.0]",1,942.478,-0.0064833,0.0998111,-0.00763139,0.0,"[7.38383, 7.66277, 8.66525, 11.0604, 18.8939, 65.705, 56.782, 48.3436, 40.6548, 33.9392, 28.3183, 23.7814, 20.2078, 17.4255, 13.572, 10.3401, 8.68208, 7.86912, 7.61646]",0.0155101,"[0.0, 0.0, -1.03371, 0.836502]",0.345733
0.0,-0.0059703,0.5,0.0,4.866,0.0,1955.79,-1.77307,93.9984,1,"[200.0, 200.0, 200.0, 200.0, 200.0, 200.0, 200.0, 200.0, 200.0, 200.0, 200.0, 200.0, 200.0, 200.0, 200.0, 200.0, 200.0, 200.0, 200.0, 200.0, 200.0, 200.0, 200.0, 200.0, 200.0, 200.0, 200.0, 200.0, 200.0, 200.0, 200.0, 200.0, 200.0, 200.0, 200.0, 200.0]",1,942.478,-0.00636601,0.0999473,-0.00740936,0.0,"[7.3834, 7.66272, 8.66574, 11.0621, 18.9046, 65.6872, 56.7651, 48.328, 40.6411, 33.9275, 28.309, 23.7742, 20.2023, 17.4214, 13.5697, 10.3391, 8.68177, 7.86922, 7.61687]",0.015567,"[0.0, 0.0, -1.03353, 0.836331]",0.345728
0.0,-0.00579387,0.5,0.0,4.888,0.0,1955.79,-1.77307,93.9984,1,"[200.0, 200.0, 200.0, 200.0, 200.0, 200.0, 200.0, 200.0, 200.0, 200.0, 200.0, 200.0, 200.0, 200.0, 200.0, 200.0, 200.0, 200.0, 200.0, 200.0, 200.0, 200.0, 200.0, 200.0, 200.0, 200.0, 200.0, 200.0, 200.0, 200.0, 200.0, 200.0, 200.0, 200.0, 200.0, 200.0]",1,942.478,-0.00827911,0.0435401,-0.00746937,0.0,"[7.38297, 7.66268, 8.66626, 11.064, 18.9153, 65.6693, 56.748, 48.3124, 40.6273, 33.9159, 28.2997, 23.7669, 20.1968, 17.4172, 13.5673, 10.3381, 8.68145, 7.8693, 7.61729]",0.015623,"[0.0, 0.0, 1.04896, -0.823094]",0.345722
0.0,-0.00575239,0.5,0.0,4.91,0.0,1955.79,-1.77307,93.9984,1,"[200.0, 200.0, 200.0, 200.0, 200.0, 200.0, 200.0, 200.0, 200.0, 200.0, 200.0, 200.0, 200.0, 200.0, 200.0, 200.0, 200.0, 200.0, 200.0, 200.0, 200.0, 200.0, 200.0, 200.0, 200.0, 200.0, 200.0, 200.0, 200.0, 200.0, 200.0, 200.0, 200.0, 200.0, 200.0, 200.0]",1,942.478,-0.00841693,0.0433885,-0.00768764,0.0,"[7.38251, 7.6623, 8.66594, 11.0638, 18.9165, 65.6656, 56.7446, 48.3093, 40.6247, 33.914, 28.2983, 23.7659, 20.1962, 17.4169, 13.5673, 10.3384, 8.68178, 7.86969, 7.61774]",0.015683,"[0.0, 0.0, 1.04877, -0.82191]",0.34572
0.0,-0.00571233,0.5,0.0,4.932,0.0,1955.79,-1.77307,93.9984,1,"[200.0, 200.0, 200.0, 200.0, 200.0, 200.0, 200.0, 200.0, 200.0, 200.0, 200.0, 200.0, 200.0, 200.0, 200.0, 200.0, 200.0, 200.0, 200.0, 200.0, 200.0, 200.0, 200.0, 200.0, 200.0, 200.0, 200.0, 200.0, 200.0, 200.0, 200.0, 200.0, 200.0, 200.0, 200.0, 200.0]",1,942.478,-0.00647488,0.100002,-0.00759338,0.0,"[7.38206, 7.66192, 8.66563, 11.0637, 18.9176, 65.6619, 56.7412, 48.3063, 40.6223, 33.9121, 28.2969, 23.765, 20.1957, 17.4166, 13.5674, 10.3386, 8.68212, 7.87009, 7.61819]",0.015744,"[0.0, 0.0, -1.03313, 0.836535]",0.345719
0.0,-0.00553686,0.5,0.0,4.954,0.0,1955.79,-1.77319,93.9984,1,"[200.0, 200.0, 200.0, 200.0, 200.0, 200.0, 200.0, 200.0, 200.0, 200.0, 200.0, 200.0, 200.0, 200.0, 200.0, 200.0, 200.0, 200.0, 200.0, 200.0, 200.0, 200.0, 200.0, 200.0, 200.0, 200.0, 200.0, 200.0, 200.0, 200.0, 200.0, 200.0, 200.0, 200.0, 200.0, 200.0]",1,942.478,-0.00641209,0.100076,-0.00735306,0.0,"[7.38163, 7.66188, 8.66614, 11.0654, 18.9283, 65.6441, 56.7243, 48.2908, 40.6086, 33.9006, 28.2876, 23.7578, 20.1902, 17.4125, 13.565, 10.3376, 8.68181, 7.87017, 7.6186]",0.0158,"[0.0, 0.0, -1.03314, 0.837551]",0.345714
0.0,-0.00535995,0.5,0.0,4.976,0.0,1955.79,-1.77319,93.9984,1,"[200.0, 200.0, 200.0, 200.0, 200.0, 200.0, 200.0, 200.0, 200.0, 200.0, 200.0, 200.0, 200.0, 200.0, 200.0, 200.0, 200.0, 200.0, 200.0, 200.0, 200.0, 200.0, 200.0, 200.0, 200.0, 200.0, 200.0, 200.0, 200.0, 200.0, 200.0, 200.0, 200.0, 200.0, 200.0, 200.0]",1,942.478,-0.00829369,0.0434606,-0.00751066,0.0,"[7.3812, 7.66184, 8.66666, 11.0672, 18.9391, 65.6263, 56.7073, 48.2751, 40.5948, 33.8889, 28.2783, 23.7506, 20.1846, 17.4083, 13.5626, 10.3366, 8.68149, 7.87027, 7.61902]",0.0158559,"[0.0, 0.0, 1.04776, -0.823516]",0.345708
0.0,-0.00531894,0.5,0.0,4.998,0.0,1955.79,-1.77319,93.9984,1,"[200.0, 200.0, 200.0, 200.0, 200.0, 200.0, 200.0, 200.0, 200.0, 200.0, 200.0, 200.0, 200.0, 200.0, 200.0, 200.0, 200.0, 200.0, 200.0, 200.0, 200.0, 200.0, 200.0, 200.0, 200.0, 200.0, 200.0, 200.0, 200.0, 200.0, 200.0, 200.0, 200.0, 200.0, 200.0, 200.0]",1,942.478,-0.00811904,0.0433525,-0.00770165,0.0,"[7.38074, 7.66146, 8.66635, 11.0671, 18.9403, 65.6225, 56.7038, 48.2721, 40.5923, 33.887, 28.2769, 23.7496, 20.1841, 17.408, 13.5627, 10.3369, 8.68182, 7.87066, 7.61947]",0.015917,"[0.0, 0.0, 1.0472, -0.823148]",0.345707
0.0,-0.00527937,0.5,0.0,5.02,0.0,1955.79,-1.77319,93.9984,1,"[200.0, 200.0, 200.0, 200.0, 200.0, 200.0, 200.0, 200.0, 200.0, 200.0, 200.0, 200.0, 200.0, 200.0, 200.0, 200.0, 200.0, 200.0, 200.0, 200.0, 200.0, 200.0, 200.0, 200.0, 200.0, 200.0, 200.0, 200.0, 200.0, 200.0, 200.0, 200.0, 200.0, 200.0, 200.0, 200.0]",1,942.478,-0.0064252,0.0999293,-0.00758479,0.0,"[7.38029, 7.66109, 8.66605, 11.0669, 18.9414, 65.6189, 56.7004, 48.2691, 40.5898, 33.8851, 28.2755, 23.7487, 20.1835, 17.4077, 13.5627, 10.3371, 8.68214, 7.87103, 7.61992]",0.015976,"[0.0, 0.0, -1.03268, 0.837491]",0.345705
0.0,-0.00510341,0.5,0.0,5.042,0.0,1955.79,-1.77332,93.9984,1,"[200.0, 200.0, 200.0, 200.0, 200.0, 200.0, 200.0, 200.0, 200.0, 200.0, 200.0, 200.0, 200.0, 200.0, 200.0, 200.0, 200.0, 200.0, 200.0, 200.0, 200.0, 200.0, 200.0, 200.0, 200.0, 200.0, 200.0, 200.0, 200.0, 200.0, 200.0, 200.0, 200.0, 200.0, 200.0, 200.0]",1,942.478,-0.00655424,0.100086,-0.00736212,0.0,"[7.37987, 7.66105, 8.66656, 11.0688, 18.9522, 65.6011, 56.6835, 48.2535, 40.5761, 33.8736, 28.2662, 23.7415, 20.178, 17.4036, 13.5604, 10.3361, 8.68183, 7.87113, 7.62033]",0.0160319,"[0.0, 0.0, -1.03257, 0.838555]",0.345699
0.0,-0.00492794,0.5,0.0,5.064,0.0,1955.79,-1.77332,93.9984,1,"[200.0, 200.0, 200.0, 200.0, 200.0, 200.0, 200.0, 200.0, 200.0, 200.0, 200.0, 200.0, 200.0, 200.0, 200.0, 200.0, 200.0, 200.0, 200.0, 200.0, 200.0, 200.0, 200.0, 200.0, 200.0, 200.0, 200.0, 200.0, 200.0, 200.0, 200.0, 200.0, 200.0, 200.0, 200.0, 200.0]",1,942.478,-0.00836419,0.0435786,-0.00757394,0.0,"[7.37944, 7.661, 8.66706, 11.0705, 18.963, 65.5833, 56.6666, 48.238, 40.5624, 33.862, 28.2569, 23.7343, 20.1725, 17.3995, 13.558, 10.3352, 8.68152, 7.87123, 7.62074]",0.0160889,"[0.0, 0.0, 1.04787, -0.823415]",0.345694
0.0,-0.00488693,0.5,0.0,5.086,0.0,1955.79,-1.77332,93.9984,1,"[200.0, 200.0, 200.0, 200.0, 200.0, 200.0, 200.0, 200.0, 200.0, 200.0, 200.0, 200.0, 200.0, 200.0, 200.0, 200.0, 200.0, 200.0, 200.0, 200.0, 200.0, 200.0, 200.0, 200.0, 200.0, 200.0, 200.0, 200.0, 200.0, 200.0, 200.0, 200.0, 200.0, 200.0, 200.0, 200.0]",1,942.478,-0.00837472,0.0434773,-0.00770793,0.0,"[7.37898, 7.66063, 8.66677, 11.0704, 18.9642, 65.5795, 56.6631, 48.235, 40.5599, 33.8601, 28.2555, 23.7333, 20.172, 17.3992, 13.5581, 10.3354, 8.68185, 7.87162, 7.62119]",0.0161489,"[0.0, 0.0, 1.04649, -0.823989]",0.345692
1.0,-0.00501424,0.0,0.0,5.108,0.0,1955.79,-1.77332,93.9984,-1,"[200.0, 200.0, 200.0, 200.0, 200.0, 200.0, 200.0, 200.0, 200.0, 200.0, 200.0, 200.0, 200.0, 200.0, 200.0, 200.0, 200.0, 200.0, 200.0, 200.0, 200.0, 200.0, 200.0, 200.0, 200.0, 200.0, 200.0, 200.0, 200.0, 200.0, 200.0, 200.0, 200.0, 200.0, 200.0, 200.0]",1,957.884,-0.00128938,0.142542,-0.0107431,0.0,"[7.37814, 7.65945, 8.665, 11.0672, 18.9521, 65.5937, 56.677, 48.2482, 40.572, 33.8708, 28.2647, 23.741, 20.1782, 17.4043, 13.5616, 10.3376, 8.68338, 7.87275, 7.62206]",0.0162628,"[-1.28488, 1.38199, -2.34786, 0.374707]",0.345723
1.0,-0.00494749,0.0,0.0,5.13,0.0,1955.79,-1.77332,93.9984,-1,"[200.0, 200.0, 200.0, 200.0, 200.0, 200.0, 200.0, 200.0, 200.0, 200.0, 200.0, 200.0, 200.0, 200.0, 200.0, 200.0, 200.0, 200.0, 200.0, 200.0, 200.0, 200.0, 200.0, 200.0, 200.0, 200.0, 200.0, 200.0, 200.0, 200.0, 200.0, 200.0, 200.0, 200.0, 200.0, 200.0]",1,974.847,-0.00265924,0.128112,-0.0131451,0.0,"[7.37733, 7.65877, 8.66442, 11.0669, 18.9538, 65.5877, 56.6715, 48.2434, 40.5681, 33.8678, 28.2626, 23.7396, 20.1774, 17.4039, 13.5617, 10.3381, 8.68397, 7.87344, 7.62286]",0.0163696,"[-0.507823, 0.477725, -2.23562, 0.430756]",0.345728
1.0,-0.00486881,0.0,0.0,5.152,0.0,1955.79,-1.77332,93.9984,-1,"[200.0, 200.0, 200.0, 200.0, 200.0, 200.0, 200.0, 200.0, 200.0, 200.0, 200.0, 200.0, 200.0, 200.0, 200.0, 200.0, 200.0, 200.0, 200.0, 200.0, 200.0, 200.0, 200.0, 200.0, 200.0, 200.0, 200.0, 200.0, 200.0, 200.0, 200.0, 200.0, 200.0, 200.0, 200.0, 200.0]",1,991.824,-0.00220577,0.124014,-0.0142335,0.0,"[7.37656, 7.65815, 8.66397, 11.0668, 18.9565, 65.5805, 56.6648, 48.2375, 40.5631, 33.8638, 28.2596, 23.7376, 20.1761, 17.4031, 13.5616, 10.3384, 8.68449, 7.87407, 7.62362]",0.0164714,"[1.94709, -2.47653, 0.635716, -2.09259]",0.34572
1.0,-0.00489504,0.0,0.0,5.174,0.0,1955.79,-1.77332,93.9984,-1,"[200.0, 200.0, 200.0, 200.0, 200.0, 200.0, 200.0, 200.0, 200.0, 200.0, 200.0, 200.0, 200.0, 200.0, 200.0, 200.0, 200.0, 200.0, 200.0, 200.0, 200.0, 200.0, 200.0, 200.0, 200.0, 200.0, 200.0, 200.0, 200.0, 200.0, 200.0, 200.0, 200.0, 200.0, 200.0, 200.0]",1,1008.82,-0.00261948,0.124095,-0.0147796,0.0,"[7.3758, 7.6573, 8.6629, 11.0652, 18.9518, 65.584, 56.6685, 48.2411, 40.5667, 33.8673, 28.2627, 23.7403, 20.1785, 17.4053, 13.5632, 10.3396, 8.68545, 7.8749, 7.62437]",0.0165721,"[1.07305, -1.40967, 0.584255, -2.09444]",0.345706
1.0,-0.00492794,0.0,0.0,5.196,0.0,1955.79,-1.77332,93.9984,-1,"[200.0, 200.0, 200.0, 200.0, 200.0, 200.0, 200.0, 200.0, 200.0, 200.0, 200.0, 200.0, 200.0, 200.0, 200.0, 200.0, 200.0, 200.0, 200.0, 200.0, 200.0, 200.0, 200.0, 200.0, 200.0, 200.0, 200.0, 200.0, 200.0, 200.0, 200.0, 200.0, 200.0, 200.0, 200.0, 200.0]",1,1025.82,-0.00363914,0.127241,-0.0148871,0.0,"[7.37504, 7.65642, 8.66179, 11.0635, 18.9467, 65.5883, 56.6729, 48.2455, 40.5709, 33.8712, 28.2663, 23.7434, 20.1812, 17.4076, 13.565, 10.3409, 8.68645, 7.87576, 7.62514]",0.0166748,"[-1.46926, 1.66374, -2.24782, 0.47454]",0.345691
1.0,-0.00486547,0.0,0.0,5.218,0.0,1955.79,-1.77332,93.9984,-1,"[200.0, 200.0, 200.0, 200.0, 200.0, 200.0, 200.0, 200.0, 200.0, 200.0, 200.0, 200.0, 200.0, 200.0, 200.0, 200.0, 200.0, 200.0, 200.0, 200.0, 200.0, 200.0, 200.0, 200.0, 200.0, 200.0, 200.0, 200.0, 200.0, 200.0, 200.0, 200.0, 200.0, 200.0, 200.0, 200.0]",1,1042.84,-0.00388206,0.131067,-0.0148178,0.0,"[7.37425, 7.65574, 8.66121, 11.0631, 18.9481, 65.5827, 56.6677, 48.241, 40.5672, 33.8684, 28.2643, 23.7422, 20.1806, 17.4073, 13.5652, 10.3414, 8.68707, 7.87644, 7.62594]",0.0167796,"[-0.662697, 0.691106, -2.15076, 0.525036]",0.345678
1.0,-0.00480587,0.0,0.0,5.24,0.0,1955.79,-1.77332,93.9984,-1,"[200.0, 200.0, 200.0, 200.0, 200.0, 200.0, 200.0, 200.0, 200.0, 200.0, 200.0, 200.0, 200.0, 200.0, 200.0, 200.0, 200.0, 200.0, 200.0, 200.0, 200.0, 200.0, 200.0, 200.0, 200.0, 200.0, 200.0, 200.0, 200.0, 200.0, 200.0, 200.0, 200.0, 200.0, 200.0, 200.0]",1,942.478,-0.00292741,0.133607,-0.0147744,0.0,"[7.37344, 7.65504, 8.66059, 11.0626, 18.9493, 65.5774, 56.663, 48.2369, 40.5639, 33.8659, 28.2626, 23.7411, 20.18, 17.4071, 13.5655, 10.3419, 8.68769, 7.87716, 7.62672]",0.0168864,"[1.80668, -2.29847, 0.664244, -2.09333]",0.345667
1.0,-0.00509006,0.0,0.0,5.262,0.0,1955.79,-1.7749,93.9984,-1,"[200.0, 200.0, 200.0, 200.0, 200.0, 200.0, 200.0, 200.0, 200.0, 200.0, 200.0, 200.0, 200.0, 200.0, 200.0, 200.0, 200.0, 200.0, 200.0, 200.0, 200.0, 200.0, 200.0, 200.0, 200.0, 200.0, 200.0, 200.0, 200.0, 200.0, 200.0, 200.0, 200.0, 200.0, 200.0, 200.0]",1,942.478,-0.533676,0.088346,-0.015153,0.0,"[7.37273, 7.65364, 8.65808, 11.0575, 18.9268, 65.6077, 56.6924, 48.2645, 40.5888, 33.8874, 28.2806, 23.7557, 20.1916, 17.4164, 13.5715, 10.3453, 8.68977, 7.87844, 7.62746]",0.016983,"[0.938966, -1.38633, -1.03127, -0.741883]",0.345622
1.0,-0.00513679,0.0,0.0,5.284,0.0,1955.78,-1.77979,93.9984,-1,"[200.0, 200.0, 200.0, 200.0, 200.0, 200.0, 200.0, 200.0, 200.0, 200.0, 200.0, 200.0, 200.0, 200.0, 200.0, 200.0, 200.0, 200.0, 200.0, 200.0, 200.0, 200.0, 200.0, 200.0, 200.0, 200.0, 200.0, 200.0, 200.0, 200.0, 200.0, 200.0, 200.0, 200.0, 200.0, 200.0]",1,942.478,-1.0619,0.0579892,-0.0135934,0.0,"[7.37241, 7.65319, 8.65742, 11.0563, 18.9223, 65.613, 56.6975, 48.2694, 40.5933, 33.8914, 28.284, 23.7585, 20.194, 17.4183, 13.5728, 10.3461, 8.69034, 7.87888, 7.62779]",0.0170268,"[-2.55979, 1.68313, -0.871074, -0.62084]",0.345492
1.0,-0.00526363,0.0,0.0,5.306,0.0,1955.77,-1.78772,93.9984,-1,"[200.0, 200.0, 200.0, 200.0, 200.0, 200.0, 200.0, 200.0, 200.0, 200.0, 200.0, 200.0, 200.0, 200.0, 200.0, 200.0, 200.0, 200.0, 200.0, 200.0, 200.0, 200.0, 200.0, 200.0, 200.0, 200.0, 200.0, 200.0, 200.0, 200.0, 200.0, 200.0, 200.0, 200.0, 200.0, 200.0]",1,942.478,-1.52313,0.0334769,-0.0116034,0.0,"[7.3722, 7.65269, 8.65645, 11.0542, 18.9126, 65.6265, 56.7106, 48.2816, 40.6042, 33.9008, 28.2918, 23.7648, 20.1989, 17.4222, 13.5753, 10.3475, 8.69113, 7.87933, 7.62801]",0.0170542,"[-1.89713, -0.0534235, -1.53544, -1.87778]",0.345319
1.0,-0.00556785,0.0,0.0,5.328,0.0,1955.76,-1.79858,93.9984,-1,"[200.0, 200.0, 200.0, 200.0, 200.0, 200.0, 200.0, 200.0, 200.0, 200.0, 200.0, 200.0, 200.0, 200.0, 200.0, 200.0, 200.0, 200.0, 200.0, 200.0, 200.0, 200.0, 200.0, 200.0, 200.0, 200.0, 200.0, 200.0, 200.0, 200.0, 200.0, 200.0, 200.0, 200.0, 200.0, 200.0]",1,942.478,-2.02411,0.031748,-0.0086769,0.0,"[7.37215, 7.65194, 8.65461, 11.0498, 18.8912, 65.6581, 56.741, 48.3099, 40.6295, 33.9225, 28.3095, 23.779, 20.21, 17.4309, 13.5806, 10.3502, 8.69256, 7.87999, 7.62808]",0.0170634,"[0.304008, -3.64845, -2.03715, -1.76113]",0.345102
1.0,-0.00584728,0.0,0.0,5.35,0.0,1955.75,-1.81262,93.9984,-1,"[200.0, 200.0, 200.0, 200.0, 200.0, 200.0, 200.0, 200.0, 200.0, 200.0, 200.0, 200.0, 200.0, 200.0, 200.0, 200.0, 200.0, 200.0, 200.0, 200.0, 200.0, 200.0, 200.0, 200.0, 200.0, 200.0, 200.0, 200.0, 200.0, 200.0, 200.0, 200.0, 200.0, 200.0, 200.0, 200.0]",1,942.478,-2.51316,0.0444481,-0.00679132,0.0,"[7.37202, 7.65116, 8.65284, 11.0456, 18.8713, 65.6873, 56.7691, 48.3361, 40.6529, 33.9425, 28.3261, 23.7921, 20.2204, 17.439, 13.5856, 10.3528, 8.69396, 7.88067, 7.62823]",0.0170817,"[-1.15046, -2.81717, -2.60935, -2.32932]",0.344869
1.0,-0.00616819,0.0,0.0,5.372,0.0,1955.73,-1.82959,93.9984,-1,"[200.0, 200.0, 200.0, 200.0, 200.0, 200.0, 200.0, 200.0, 200.0, 200.0, 200.0, 200.0, 200.0, 200.0, 200.0, 200.0, 200.0, 200.0, 200.0, 200.0, 200.0, 200.0, 200.0, 200.0, 200.0, 200.0, 200.0, 200.0, 200.0, 200.0, 200.0, 200.0, 200.0, 200.0, 200.0, 200.0]",1,942.478,-3.01701,0.0179008,-0.00456876,0.0,"[7.37197, 7.65036, 8.65092, 11.041, 18.8488, 65.7208, 56.8013, 48.3659, 40.6796, 33.9653, 28.3448, 23.8071, 20.2321, 17.4481, 13.5912, 10.3557, 8.69547, 7.88137, 7.62832]",0.0170919,"[-4.11451, -0.333737, -2.55212, -3.15058]",0.34461
1.0,-0.00651008,0.0,0.0,5.394,0.0,1955.71,-1.84961,93.9984,-1,"[200.0, 200.0, 200.0, 200.0, 200.0, 200.0, 200.0, 200.0, 200.0, 200.0, 200.0, 200.0, 200.0, 200.0, 200.0, 200.0, 200.0, 200.0, 200.0, 200.0, 200.0, 200.0, 200.0, 200.0, 200.0, 200.0, 200.0, 200.0, 200.0, 200.0, 200.0, 200.0, 200.0, 200.0, 200.0, 200.0]",1,942.478,-3.51179,0.0369896,-0.00233271,0.0,"[7.37187, 7.64947, 8.64881, 11.036, 18.8249, 65.7565, 56.8356, 48.3979, 40.7082, 33.9898, 28.3649, 23.8232, 20.2447, 17.4579, 13.5973, 10.3588, 8.69712, 7.88216, 7.62845]",0.0171071,"[-3.57226, -1.83346, -3.24349, -3.20146]",0.344348
1.0,-0.00688059,0.0,0.0,5.416,0.0,1955.69,-1.87268,93.9984,-1,"[200.0, 200.0, 200.0, 200.0, 200.0, 200.0, 200.0, 200.0, 200.0, 200.0, 200.0, 200.0, 200.0, 200.0, 200.0, 200.0, 200.0, 200.0, 200.0, 200.0, 200.0, 200.0, 200.0, 200.0, 200.0, 200.0, 200.0, 200.0, 200.0, 200.0, 200.0, 200.0, 200.0, 200.0, 200.0, 200.0]",1,942.478,-3.98465,0.0383665,0.000450976,0.0,"[7.37183, 7.64856, 8.64661, 11.0308, 18.7992, 65.7951, 56.8728, 48.4325, 40.739, 34.0162, 28.3866, 23.8404, 20.2582, 17.4684, 13.6037, 10.3621, 8.69884, 7.88293, 7.62852]",0.0171153,"[-1.44032, -5.02669, -4.11388, -3.81451]",0.344089
1.0,-0.00736601,0.0,0.0,5.438,0.0,1955.66,-1.8988,93.9984,-1,"[200.0, 200.0, 200.0, 200.0, 200.0, 200.0, 200.0, 200.0, 200.0, 200.0, 200.0, 200.0, 200.0, 200.0, 200.0, 200.0, 200.0, 200.0, 200.0, 200.0, 200.0, 200.0, 200.0, 200.0, 200.0, 200.0, 200.0, 200.0, 200.0, 200.0, 200.0, 200.0, 200.0, 200.0, 200.0, 200.0]",1,942.478,-4.50469,0.0448175,0.00323645,0.0,"[7.37177, 7.64739, 8.64373, 11.0238, 18.7658, 65.8457, 56.9214, 48.4777, 40.7794, 34.0508, 28.415, 23.863, 20.2759, 17.4822, 13.6122, 10.3664, 8.7011, 7.88396, 7.62863]",0.0171265,"[-2.78478, -4.42772, -4.16661, -3.9014]",0.343862
1.0,-0.00786525,0.0,0.0,5.46,0.0,1955.63,-1.92798,93.9984,-1,"[200.0, 200.0, 200.0, 200.0, 200.0, 200.0, 200.0, 200.0, 200.0, 200.0, 200.0, 200.0, 200.0, 200.0, 200.0, 200.0, 200.0, 200.0, 200.0, 200.0, 200.0, 200.0, 200.0, 200.0, 200.0, 200.0, 200.0, 200.0, 200.0, 200.0, 200.0, 200.0, 200.0, 200.0, 200.0, 200.0]",1,942.478,-5.00158,0.0430022,0.00672324,0.0,"[7.37183, 7.64629, 8.6409, 11.0169, 18.732, 65.8975, 56.9713, 48.5241, 40.8209, 34.0862, 28.4441, 23.8862, 20.294, 17.4963, 13.6208, 10.3707, 8.70331, 7.88493, 7.62864]",0.0171244,"[-5.76654, -2.20191, -4.71889, -4.19008]",0.343685
1.0,-0.00826866,0.0,0.0,5.482,0.0,1955.6,-1.96008,93.9984,-1,"[200.0, 200.0, 200.0, 200.0, 200.0, 200.0, 200.0, 200.0, 200.0, 200.0, 200.0, 200.0, 200.0, 200.0, 200.0, 200.0, 200.0, 200.0, 200.0, 200.0, 200.0, 200.0, 200.0, 200.0, 200.0, 200.0, 200.0, 200.0, 200.0, 200.0, 200.0, 200.0, 200.0, 200.0, 200.0, 200.0]",1,957.78,-5.47289,0.0469681,0.0101196,0.0,"[7.37184, 7.64538, 8.63859, 11.0113, 18.7047, 65.9395, 57.0117, 48.5616, 40.8544, 34.1148, 28.4676, 23.9049, 20.3086, 17.5077, 13.6277, 10.3742, 8.70514, 7.88572, 7.62868]",0.0171254,"[-5.27251, -3.61143, -4.8269, -5.86662]",0.343601
1.0,-0.00883943,0.0,0.0,5.504,0.0,1955.56,-1.99536,93.9984,-1,"[200.0, 200.0, 200.0, 200.0, 200.0, 200.0, 200.0, 200.0, 200.0, 200.0, 200.0, 200.0, 200.0, 200.0, 200.0, 200.0, 200.0, 200.0, 200.0, 200.0, 200.0, 200.0, 200.0, 200.0, 200.0, 200.0, 200.0, 200.0, 200.0, 200.0, 200.0, 200.0, 200.0, 200.0, 200.0, 200.0]",1,974.536,-5.99035,0.045465,0.0135803,0.0,"[7.37191, 7.64414, 8.63537, 11.0034, 18.6665, 65.9989, 57.0688, 48.6148, 40.9019, 34.1554, 28.5009, 23.9314, 20.3293, 17.5237, 13.6375, 10.3791, 8.70766, 7.8868, 7.62868]",0.0171214,"[-3.13911, -6.579, -5.05006, -5.83137]",0.343637
1.0,-0.00953323,0.0,0.0,5.526,0.0,1955.53,-2.03369,93.9983,-1,"[200.0, 200.0, 200.0, 200.0, 200.0, 200.0, 200.0, 200.0, 200.0, 200.0, 200.0, 200.0, 200.0, 200.0, 200.0, 200.0, 200.0, 200.0, 200.0, 200.0, 200.0, 200.0, 200.0, 200.0, 200.0, 200.0, 200.0, 200.0, 200.0, 200.0, 200.0, 200.0, 200.0, 200.0, 200.0, 200.0]",1,1075.07,-6.49702,0.0444251,0.0169528,0.0,"[7.37206, 7.64269, 8.63154, 10.9939, 18.6206, 66.071, 57.1382, 48.6792, 40.9594, 34.2046, 28.5412, 23.9635, 20.3544, 17.5432, 13.6494, 10.3851, 8.71066, 7.88807, 7.62863]",0.0171092,"[-4.53744, -6.04704, -6.36896, -5.78188]",0.343825
1.0,-0.0102442,0.0,0.0,5.548,0.0,1955.48,-2.0752,93.9982,-1,"[200.0, 200.0, 200.0, 200.0, 200.0, 200.0, 200.0, 200.0, 200.0, 200.0, 200.0, 200.0, 200.0, 200.0, 200.0, 200.0, 200.0, 200.0, 200.0, 200.0, 200.0, 200.0, 200.0, 200.0, 200.0, 200.0, 200.0, 200.0, 200.0, 200.0, 200.0, 200.0, 200.0, 200.0, 200.0, 200.0]",1,1177.54,-7.01731,0.0460958,0.0198104,0.0,"[7.37224, 7.64125, 8.62766, 10.9843, 18.5742, 66.1449, 57.2092, 48.7453, 41.0184, 34.255, 28.5827, 23.9964, 20.3801, 17.5631, 13.6615, 10.3911, 8.71371, 7.88934, 7.62854]",0.0170919,"[-7.52348, -4.13356, -6.32206, -6.57396]",0.344196
1.0,-0.0110734,0.0,0.0,5.57,0.0,1955.44,-2.12,93.9981,-1,"[200.0, 200.0, 200.0, 200.0, 200.0, 200.0, 200.0, 200.0, 200.0, 200.0, 200.0, 200.0, 200.0, 200.0, 200.0, 200.0, 200.0, 200.0, 200.0, 200.0, 200.0, 200.0, 200.0, 200.0, 200.0, 200.0, 200.0, 200.0, 200.0, 200.0, 200.0, 200.0, 200.0, 200.0, 200.0, 200.0]",1,1259.57,-7.54533,0.0534165,0.0215985,0.0,"[7.37245, 7.63955, 8.62314, 10.9731, 18.5204, 66.231, 57.2921, 48.8224, 41.0873, 34.314, 28.631, 24.0349, 20.4101, 17.5864, 13.6756, 10.3982, 8.71728, 7.89083, 7.62848]",0.0170736,"[-6.99252, -5.52882, -6.74593, -7.13233]",0.344764
1.0,-0.0119708,0.0,0.0,5.592,0.0,1955.39,-2.16797,93.998,-1,"[200.0, 200.0, 200.0, 200.0, 200.0, 200.0, 200.0, 200.0, 200.0, 200.0, 200.0, 200.0, 200.0, 200.0, 200.0, 200.0, 200.0, 200.0, 200.0, 200.0, 200.0, 200.0, 200.0, 200.0, 200.0, 200.0, 200.0, 200.0, 200.0, 200.0, 200.0, 200.0, 200.0, 200.0, 200.0, 200.0]",1,1332.38,-8.08669,0.0556567,0.0220932,0.0,"[7.37278, 7.63783, 8.61835, 10.9612, 18.463, 66.3242, 57.3818, 48.9058, 41.1619, 34.3777, 28.6834, 24.0764, 20.4426, 17.6115, 13.6909, 10.4058, 8.72108, 7.89236, 7.6283]",0.017042,"[-4.98866, -8.32542, -7.08011, -7.75125]",0.345509
1.0,-0.012955,0.0,0.0,5.614,0.0,1955.34,-2.21924,93.998,-1,"[200.0, 200.0, 200.0, 200.0, 200.0, 200.0, 200.0, 200.0, 200.0, 200.0, 200.0, 200.0, 200.0, 200.0, 200.0, 200.0, 200.0, 200.0, 200.0, 200.0, 200.0, 200.0, 200.0, 200.0, 200.0, 200.0, 200.0, 200.0, 200.0, 200.0, 200.0, 200.0, 200.0, 200.0, 200.0, 200.0]",1,1445.69,-8.62581,0.0546981,0.0202267,0.0,"[7.37316, 7.63598, 8.61316, 10.9482, 18.4009, 66.4263, 57.4801, 48.9973, 41.2437, 34.4477, 28.7408, 24.1221, 20.4781, 17.6391, 13.7076, 10.414, 8.7252, 7.89402, 7.62811]",0.0170034,"[-6.4563, -7.86128, -7.60965, -8.47297]",0.346394
1.0,-0.0139697,0.0,0.0,5.636,0.0,1955.29,-2.2738,93.9979,-1,"[200.0, 200.0, 200.0, 200.0, 200.0, 200.0, 200.0, 200.0, 200.0, 200.0, 200.0, 200.0, 200.0, 200.0, 200.0, 200.0, 200.0, 200.0, 200.0, 200.0, 200.0, 200.0, 200.0, 200.0, 200.0, 200.0, 200.0, 200.0, 200.0, 200.0, 200.0, 200.0, 200.0, 200.0, 200.0, 200.0]",1,1578.12,-9.17377,0.0526608,0.016546,0.0,"[7.37368, 7.63418, 8.60794, 10.935, 18.3379, 66.5316, 57.5815, 49.0916, 41.3279, 34.5198, 28.7999, 24.169, 20.5147, 17.6674, 13.7247, 10.4225, 8.72935, 7.89562, 7.62779]",0.0169495,"[-9.21345, -5.96742, -8.29917, -9.16157]",0.347331
1.0,-0.014931,0.0,0.0,5.658,0.0,1955.23,-2.33191,93.9978,-1,"[200.0, 200.0, 200.0, 200.0, 200.0, 200.0, 200.0, 200.0, 200.0, 200.0, 200.0, 200.0, 200.0, 200.0, 200.0, 200.0, 200.0, 200.0, 200.0, 200.0, 200.0, 200.0, 200.0, 200.0, 200.0, 200.0, 200.0, 200.0, 200.0, 200.0, 200.0, 200.0, 200.0, 200.0, 200.0, 200.0]",1,1692.18,-9.73908,0.0545238,0.0108915,0.0,"[7.37431, 7.63263, 8.60317, 10.9228, 18.2793, 66.6312, 57.6773, 49.1808, 41.4076, 34.5879, 28.8557, 24.2134, 20.5493, 17.6941, 13.7407, 10.4303, 8.73315, 7.89703, 7.62738]",0.0168813,"[-8.6825, -7.39039, -8.71614, -9.95282]",0.348206
1.0,-0.0158742,0.0,0.0,5.68,0.0,1955.17,-2.39343,93.9977,-1,"[200.0, 200.0, 200.0, 200.0, 200.0, 200.0, 200.0, 200.0, 200.0, 200.0, 200.0, 200.0, 200.0, 200.0, 200.0, 200.0, 200.0, 200.0, 200.0, 200.0, 200.0, 200.0, 200.0, 200.0, 200.0, 200.0, 200.0, 200.0, 200.0, 200.0, 200.0, 200.0, 200.0, 200.0, 200.0, 200.0]",1,1809.65,-10.3033,0.0561796,0.00348402,0.0,"[7.37504, 7.63122, 8.59864, 10.911, 18.2229, 66.7289, 57.7712, 49.2682, 41.4857, 34.6546, 28.9105, 24.2568, 20.583, 17.7201, 13.7563, 10.4379, 8.73677, 7.89829, 7.62687]",0.0167999,"[-7.19468, -10.3294, -9.21281, -10.8339]",0.348875
1.0,-0.0168307,0.0,0.0,5.702,0.0,1955.1,-2.45837,93.9976,-1,"[200.0, 200.0, 200.0, 200.0, 200.0, 200.0, 200.0, 200.0, 200.0, 200.0, 200.0, 200.0, 200.0, 200.0, 200.0, 200.0, 200.0, 200.0, 200.0, 200.0, 200.0, 200.0, 200.0, 200.0, 200.0, 200.0, 200.0, 200.0, 200.0, 200.0, 200.0, 200.0, 200.0, 200.0, 200.0, 200.0]",1,1947.14,-10.8751,0.0574071,-0.00490634,0.0,"[7.37589, 7.6299, 8.59417, 10.8992, 18.1665, 66.8278, 57.8664, 49.3567, 41.5648, 34.7223, 28.9659, 24.3007, 20.6171, 17.7464, 13.772, 10.4454, 8.74032, 7.89948, 7.62625]",0.0167043,"[-8.93789, -9.8008, -9.866, -11.7268]",0.349187
1.0,-0.0177067,0.0,0.0,5.724,0.0,1955.03,-2.5271,93.9975,-1,"[200.0, 200.0, 200.0, 200.0, 200.0, 200.0, 200.0, 200.0, 200.0, 200.0, 200.0, 200.0, 200.0, 200.0, 200.0, 200.0, 200.0, 200.0, 200.0, 200.0, 200.0, 200.0, 200.0, 200.0, 200.0, 200.0, 200.0, 200.0, 200.0, 200.0, 200.0, 200.0, 200.0, 200.0, 200.0, 200.0]",1,2092.48,-11.52,0.0646176,-0.0126513,0.0,"[7.37682, 7.62886, 8.59028, 10.8887, 18.1159, 66.9183, 57.9535, 49.4376, 41.6371, 34.784, 29.0164, 24.3407, 20.6481, 17.7702, 13.7862, 10.4522, 8.74344, 7.90043, 7.62555]",0.0165965,"[-8.33413, -7.74815, -10.5304, -12.6138]",0.349025
1.0,-0.0185846,0.0,0.0,5.746,0.0,1954.96,-2.59924,93.9975,-1,"[200.0, 200.0, 200.0, 200.0, 200.0, 200.0, 200.0, 200.0, 200.0, 200.0, 200.0, 200.0, 200.0, 200.0, 200.0, 200.0, 200.0, 200.0, 200.0, 200.0, 200.0, 200.0, 200.0, 200.0, 200.0, 200.0, 200.0, 200.0, 200.0, 200.0, 200.0, 200.0, 200.0, 200.0, 200.0, 200.0]",1,2285.86,-12.0852,0.0761279,-0.0179276,0.0,"[7.37783, 7.6279, 8.58646, 10.8783, 18.0658, 67.0089, 58.0406, 49.5188, 41.7095, 34.8459, 29.0671, 24.3808, 20.6792, 17.7941, 13.8003, 10.4588, 8.74648, 7.9013, 7.62479]",0.0164795,"[-11.8391, -9.35813, -11.443, -13.8468]",0.348343
1.0,-0.0193327,0.0,0.0,5.768,0.0,1954.88,-2.67542,93.9973,-1,"[200.0, 200.0, 200.0, 200.0, 200.0, 200.0, 200.0, 200.0, 200.0, 200.0, 200.0, 200.0, 200.0, 200.0, 200.0, 200.0, 200.0, 200.0, 200.0, 200.0, 200.0, 200.0, 200.0, 200.0, 200.0, 200.0, 200.0, 200.0, 200.0, 200.0, 200.0, 200.0, 200.0, 200.0, 200.0, 200.0]",1,2667.96,-12.7216,0.0971344,-0.0188848,0.0,"[7.37887, 7.62727, 8.58343, 10.8698, 18.0241, 67.0859, 58.1147, 49.5876, 41.771, 34.8983, 29.1099, 24.4146, 20.7053, 17.8141, 13.8121, 10.4643, 8.74888, 7.90188, 7.62395]",0.0163564,"[-9.07977, -12.3799, -13.2647, -16.1087]",0.347209
1.0,-0.0200484,0.0,0.0,5.79,0.0,1954.8,-2.75549,93.9971,-1,"[200.0, 200.0, 200.0, 200.0, 200.0, 200.0, 200.0, 200.0, 200.0, 200.0, 200.0, 200.0, 200.0, 200.0, 200.0, 200.0, 200.0, 200.0, 200.0, 200.0, 200.0, 200.0, 200.0, 200.0, 200.0, 200.0, 200.0, 200.0, 200.0, 200.0, 200.0, 200.0, 200.0, 200.0, 200.0, 200.0]",1,3619.64,-13.3381,0.131599,-0.0135406,0.0,"[7.37986, 7.62665, 8.58052, 10.8616, 17.9845, 67.1597, 58.1857, 49.6536, 41.8298, 34.9486, 29.151, 24.4471, 20.7304, 17.8334, 13.8234, 10.4696, 8.75119, 7.90244, 7.62318]",0.0162404,"[-12.9204, -11.6864, -17.9346, -21.5921]",0.345833
1.0,-0.0206936,0.0,0.0,5.812,0.0,1954.72,-2.83972,93.9967,-1,"[200.0, 200.0, 200.0, 200.0, 200.0, 200.0, 200.0, 200.0, 200.0, 200.0, 200.0, 200.0, 200.0, 200.0, 200.0, 200.0, 200.0, 200.0, 200.0, 200.0, 200.0, 200.0, 200.0, 200.0, 200.0, 200.0, 200.0, 200.0, 200.0, 200.0, 200.0, 200.0, 200.0, 200.0, 200.0, 200.0]",1,5581.92,-14.133,0.162478,-0.00172312,0.0,"[7.38077, 7.62611, 8.57793, 10.8543, 17.9491, 67.2262, 58.2496, 49.713, 41.883, 34.9939, 29.1881, 24.4764, 20.7531, 17.8507, 13.8336, 10.4743, 8.75327, 7.90293, 7.62247]",0.0161336,"[-10.2172, -9.90554, -27.5748, -33.1798]",0.34454
1.0,-0.0213931,0.0,0.0,5.834,0.0,1954.63,-2.92822,93.9958,-1,"[200.0, 200.0, 200.0, 200.0, 200.0, 200.0, 200.0, 200.0, 200.0, 200.0, 200.0, 200.0, 200.0, 200.0, 200.0, 200.0, 200.0, 200.0, 200.0, 200.0, 200.0, 200.0, 200.0, 200.0, 200.0, 200.0, 200.0, 200.0, 200.0, 200.0, 200.0, 200.0, 200.0, 200.0, 200.0, 200.0]",1,8613.79,-14.7579,0.186789,0.0160618,0.0,"[7.38166, 7.62544, 8.57502, 10.8463, 17.9107, 67.2983, 58.3191, 49.7777, 41.9408, 35.0433, 29.2285, 24.5084, 20.7778, 17.8697, 13.8449, 10.4796, 8.75562, 7.90357, 7.6218]",0.0160299,"[-14.2635, -12.8036, -42.6105, -51.3757]",0.343717
1.0,-0.0220822,0.0,0.0,5.856,0.0,1954.54,-3.02136,93.9952,-1,"[200.0, 200.0, 200.0, 200.0, 200.0, 200.0, 200.0, 200.0, 200.0, 200.0, 200.0, 200.0, 200.0, 200.0, 200.0, 200.0, 200.0, 200.0, 200.0, 200.0, 200.0, 200.0, 200.0, 200.0, 200.0, 200.0, 200.0, 200.0, 200.0, 200.0, 200.0, 200.0, 200.0, 200.0, 200.0, 200.0]",1,9066.31,-15.566,0.196287,0.0360425,0.0,"[7.38264, 7.62488, 8.57225, 10.8385, 17.8734, 67.3694, 58.3875, 49.8413, 41.9976, 35.092, 29.2683, 24.5398, 20.8022, 17.8883, 13.8558, 10.4847, 8.75786, 7.90411, 7.62105]",0.015917,"[-11.0455, -13.1008, -50.343, -54.5687]",0.343698
1.0,-0.0228947,0.0,0.0,5.878,0.0,1954.44,-3.1189,93.9947,-1,"[200.0, 200.0, 200.0, 200.0, 200.0, 200.0, 200.0, 200.0, 200.0, 200.0, 200.0, 200.0, 200.0, 200.0, 200.0, 200.0, 200.0, 200.0, 200.0, 200.0, 200.0, 200.0, 200.0, 200.0, 200.0, 200.0, 200.0, 200.0, 200.0, 200.0, 200.0, 200.0, 200.0, 200.0, 200.0, 200.0]",1,9810.69,-16.276,0.210624,0.0510625,0.0,"[7.38373, 7.62415, 8.56893, 10.8292, 17.8295, 67.4532, 58.4682, 49.9165, 42.0649, 35.1494, 29.3154, 24.5771, 20.831, 17.9104, 13.8689, 10.4908, 8.76056, 7.90482, 7.62023]",0.0157908,"[-14.0581, -11.6863, -50.2548, -54.5436]",0.3446
1.0,-0.0235656,0.0,0.0,5.9,0.0,1954.34,-3.22095,93.9942,-1,"[200.0, 200.0, 200.0, 200.0, 200.0, 200.0, 200.0, 200.0, 200.0, 200.0, 200.0, 200.0, 200.0, 200.0, 200.0, 200.0, 200.0, 200.0, 200.0, 200.0, 200.0, 200.0, 200.0, 200.0, 200.0, 200.0, 200.0, 200.0, 200.0, 200.0, 200.0, 200.0, 200.0, 200.0, 200.0, 200.0]",1,8977.67,-16.9925,0.226987,0.0528168,0.0,"[7.3849, 7.62383, 8.56651, 10.822, 17.7944, 67.5222, 58.5346, 49.9782, 42.12, 35.1964, 29.3538, 24.6074, 20.8543, 17.9282, 13.8792, 10.4955, 8.76252, 7.90514, 7.6193]",0.0156525,"[-15.3454, -15.8225, -49.5246, -54.5232]",0.346192
0.0,-0.0238507,0.5,0.0,5.922,0.0,1954.23,-3.32556,93.994,-1,"[200.0, 200.0, 200.0, 200.0, 200.0, 200.0, 200.0, 200.0, 200.0, 200.0, 200.0, 200.0, 200.0, 200.0, 200.0, 200.0, 200.0, 200.0, 200.0, 200.0, 200.0, 200.0, 200.0, 200.0, 200.0, 200.0, 200.0, 200.0, 200.0, 200.0, 200.0, 200.0, 200.0, 200.0, 200.0, 200.0]",1,3558.76,-16.996,0.26742,0.0410965,0.0,"[7.3859, 7.62421, 8.56607, 10.8198, 17.7811, 67.551, 58.5621, 50.0036, 42.1424, 35.2154, 29.3691, 24.6192, 20.8633, 17.9349, 13.8828, 10.4968, 8.76277, 7.90475, 7.6184]",0.0155263,"[-3.5249, -5.59825, -20.2246, -21.7556]",0.347876
0.0,-0.024627,0.5,0.0,5.944,0.0,1954.13,-3.42688,93.994,-1,"[200.0, 200.0, 200.0, 200.0, 200.0, 200.0, 200.0, 200.0, 200.0, 200.0, 200.0, 200.0, 200.0, 200.0, 200.0, 200.0, 200.0, 200.0, 200.0, 200.0, 200.0, 200.0, 200.0, 200.0, 200.0, 200.0, 200.0, 200.0, 200.0, 200.0, 200.0, 200.0, 200.0, 200.0, 200.0, 200.0]",1,2159.48,-15.9836,0.162103,0.0270876,0.0,"[7.38718, 7.62376, 8.56318, 10.8113, 17.7407, 67.6309, 58.639, 50.0752, 42.2065, 35.2701, 29.4138, 24.6545, 20.8905, 17.9557, 13.895, 10.5024, 8.76512, 7.9052, 7.61741]",0.0153768,"[0.0, -2.02245, -11.5867, -12.789]",0.349078
0.0,-0.0258182,0.5,0.0,5.966,0.0,1954.04,-3.52039,93.994,-1,"[200.0, 200.0, 200.0, 200.0, 200.0, 200.0, 200.0, 200.0, 200.0, 200.0, 200.0, 200.0, 200.0, 200.0, 200.0, 200.0, 200.0, 200.0, 200.0, 200.0, 200.0, 200.0, 200.0, 200.0, 200.0, 200.0, 200.0, 200.0, 200.0, 200.0, 200.0, 200.0, 200.0, 200.0, 200.0, 200.0]",1,2172.44,-14.7241,0.109567,-0.0246013,0.0,"[7.38898, 7.62289, 8.55856, 10.7982, 17.6786, 67.7537, 58.7573, 50.1855, 42.3051, 35.3545, 29.4829, 24.7091, 20.9328, 17.9881, 13.914, 10.5111, 8.76894, 7.90609, 7.61607]",0.0151703,"[0.0, 0.0, -12.4664, -12.5008]",0.348912
0.0,-0.0271309,0.5,0.0,5.988,0.0,1953.95,-3.60718,93.994,-1,"[200.0, 200.0, 200.0, 200.0, 200.0, 200.0, 200.0, 200.0, 200.0, 200.0, 200.0, 200.0, 200.0, 200.0, 200.0, 200.0, 200.0, 200.0, 200.0, 200.0, 200.0, 200.0, 200.0, 200.0, 200.0, 200.0, 200.0, 200.0, 200.0, 200.0, 200.0, 200.0, 200.0, 200.0, 200.0, 200.0]",1,1814.81,-13.7323,0.0970015,-0.0245244,0.0,"[7.39092, 7.62191, 8.55344, 10.7837, 17.6109, 67.8892, 58.8879, 50.3072, 42.4141, 35.4479, 29.5595, 24.7698, 20.9797, 18.024, 13.9351, 10.5209, 8.77322, 7.90714, 7.61465]",0.0149495,"[0.0, 0.0, -9.66725, -10.4529]",0.348003
0.0,-0.0282071,0.5,0.0,6.01,0.0,1953.87,-3.6875,93.994,-1,"[200.0, 200.0, 200.0, 200.0, 200.0, 200.0, 200.0, 200.0, 200.0, 200.0, 200.0, 200.0, 200.0, 200.0, 200.0, 200.0, 200.0, 200.0, 200.0, 200.0, 200.0, 200.0, 200.0, 200.0, 200.0, 200.0, 200.0, 200.0, 200.0, 200.0, 200.0, 200.0, 200.0, 200.0, 200.0, 200.0]",1,1893.72,-12.6718,0.0739126,-0.0117118,0.0,"[7.39286, 7.62146, 8.54965, 10.7724, 17.557, 67.9999, 58.9947, 50.4066, 42.5031, 35.5239, 29.6217, 24.8189, 21.0175, 18.0529, 13.9518, 10.5285, 8.77636, 7.90765, 7.61316]",0.0147237,"[0.0, 0.0, -9.93739, -9.67354]",0.346763
0.0,-0.0290173,0.5,0.0,6.032,0.0,1953.8,-3.7616,93.994,-1,"[200.0, 200.0, 200.0, 200.0, 200.0, 200.0, 200.0, 200.0, 200.0, 200.0, 200.0, 200.0, 200.0, 200.0, 200.0, 200.0, 200.0, 200.0, 200.0, 200.0, 200.0, 200.0, 200.0, 200.0, 200.0, 200.0, 200.0, 200.0, 200.0, 200.0, 200.0, 200.0, 200.0, 200.0, 200.0, 200.0]",1,1918.27,-11.5855,0.0456277,0.0159577,0.0,"[7.39482, 7.62164, 8.54739, 10.7647, 17.5185, 68.0828, 59.0743, 50.4807, 42.5692, 35.5803, 29.6677, 24.8549, 21.0451, 18.0737, 13.9637, 10.5335, 8.77817, 7.90752, 7.61155]",0.0144877,"[0.0, 0.0, -10.4595, -9.908]",0.345586
0.0,-0.0296643,0.5,0.0,6.054,0.0,1953.73,-3.82935,93.994,-1,"[200.0, 200.0, 200.0, 200.0, 200.0, 200.0, 200.0, 200.0, 200.0, 200.0, 200.0, 200.0, 200.0, 200.0, 200.0, 200.0, 200.0, 200.0, 200.0, 200.0, 200.0, 200.0, 200.0, 200.0, 200.0, 200.0, 200.0, 200.0, 200.0, 200.0, 200.0, 200.0, 200.0, 200.0, 200.0, 200.0]",1,1554.0,-10.5425,0.0224123,0.0469605,0.0,"[7.39679, 7.6222, 8.54606, 10.7592, 17.4891, 68.1486, 59.1374, 50.5392, 42.6213, 35.6245, 29.7035, 24.8829, 21.0664, 18.0897, 13.9726, 10.5371, 8.77917, 7.90703, 7.60987]",0.0142466,"[0.0, 0.0, -9.34142, -9.1257]",0.344749
0.0,-0.0302585,0.5,0.0,6.076,0.0,1953.67,-3.8905,93.994,-1,"[200.0, 200.0, 200.0, 200.0, 200.0, 200.0, 200.0, 200.0, 200.0, 200.0, 200.0, 200.0, 200.0, 200.0, 200.0, 200.0, 200.0, 200.0, 200.0, 200.0, 200.0, 200.0, 200.0, 200.0, 200.0, 200.0, 200.0, 200.0, 200.0, 200.0, 200.0, 200.0, 200.0, 200.0, 200.0, 200.0]",1,990.703,-9.5462,0.0136932,0.0726258,0.0,"[7.39867, 7.62277, 8.54492, 10.7542, 17.4625, 68.209, 59.1954, 50.5929, 42.6691, 35.6651, 29.7364, 24.9085, 21.0859, 18.1043, 13.9806, 10.5403, 8.78003, 7.90651, 7.60826]",0.0140167,"[0.0, 0.0, -6.5841, -6.69964]",0.344373
0.0,-0.0308669,0.5,0.0,6.098,0.0,1953.62,-3.94495,93.994,-1,"[200.0, 200.0, 200.0, 200.0, 200.0, 200.0, 200.0, 200.0, 200.0, 200.0, 200.0, 200.0, 200.0, 200.0, 200.0, 200.0, 200.0, 200.0, 200.0, 200.0, 200.0, 200.0, 200.0, 200.0, 200.0, 200.0, 200.0, 200.0, 200.0, 200.0, 200.0, 200.0, 200.0, 200.0, 200.0, 200.0]",1,945.584,-8.45307,0.0246561,0.0860372,0.0,"[7.40036, 7.62314, 8.54349, 10.7488, 17.4348, 68.271, 59.255, 50.6484, 42.7185, 35.7072, 29.7706, 24.9353, 21.1064, 18.1197, 13.9893, 10.5438, 8.78117, 7.9062, 7.60686]",0.0138112,"[0.0, 0.0, -4.87678, -5.03764]",0.344421
0.0,-0.0315245,0.5,0.0,6.12,0.0,1953.57,-3.99255,93.994,-1,"[200.0, 200.0, 200.0, 200.0, 200.0, 200.0, 200.0, 200.0, 200.0, 200.0, 200.0, 200.0, 200.0, 200.0, 200.0, 200.0, 200.0, 200.0, 200.0, 200.0, 200.0, 200.0, 200.0, 200.0, 200.0, 200.0, 200.0, 200.0, 200.0, 200.0, 200.0, 200.0, 200.0, 200.0, 200.0, 200.0]",1,1040.42,-7.27886,0.0499075,0.0872831,0.0,"[7.40176, 7.6231, 8.54145, 10.7423, 17.4035, 68.3385, 59.3201, 50.709, 42.7727, 35.7536, 29.8085, 24.9652, 21.1293, 18.1371, 13.9993, 10.5482, 8.78288, 7.90633, 7.60576]",0.0136464,"[0.0, 0.0, -5.04467, -5.10112]",0.344773
0.0,-0.0322412,0.5,0.0,6.142,0.0,1953.53,-4.03333,93.994,-1,"[200.0, 200.0, 200.0, 200.0, 200.0, 200.0, 200.0, 200.0, 200.0, 200.0, 200.0, 200.0, 200.0, 200.0, 200.0, 200.0, 200.0, 200.0, 200.0, 200.0, 200.0, 200.0, 200.0, 200.0, 200.0, 200.0, 200.0, 200.0, 200.0, 200.0, 200.0, 200.0, 200.0, 200.0, 200.0, 200.0]",1,1054.13,-6.10861,0.0782694,0.0783403,0.0,"[7.40286, 7.62259, 8.53871, 10.7345, 17.3684, 68.4126, 59.3916, 50.7758, 42.8327, 35.8051, 29.8509, 24.9988, 21.1553, 18.157, 14.011, 10.5536, 8.78526, 7.90692, 7.605]",0.0135254,"[0.0, 0.0, -5.34249, -5.39784]",0.345286
0.0,-0.033007,0.5,0.0,6.164,0.0,1953.49,-4.06738,93.994,-1,"[200.0, 200.0, 200.0, 200.0, 200.0, 200.0, 200.0, 200.0, 200.0, 200.0, 200.0, 200.0, 200.0, 200.0, 200.0, 200.0, 200.0, 200.0, 200.0, 200.0, 200.0, 200.0, 200.0, 200.0, 200.0, 200.0, 200.0, 200.0, 200.0, 200.0, 200.0, 200.0, 200.0, 200.0, 200.0, 200.0]",1,942.478,-5.01766,0.0994899,0.0622173,0.0,"[7.40363, 7.62165, 8.53531, 10.7257, 17.3298, 68.4922, 59.4686, 50.848, 42.8977, 35.8611, 29.8971, 25.0355, 21.184, 18.1791, 14.0241, 10.56, 8.78826, 7.90797, 7.60461]",0.0134501,"[0.0, 0.0, -4.42074, -4.48836]",0.345834
0.0,-0.0337871,0.5,0.0,6.186,0.0,1953.47,-4.09473,93.994,-1,"[200.0, 200.0, 200.0, 200.0, 200.0, 200.0, 200.0, 200.0, 200.0, 200.0, 200.0, 200.0, 200.0, 200.0, 200.0, 200.0, 200.0, 200.0, 200.0, 200.0, 200.0, 200.0, 200.0, 200.0, 200.0, 200.0, 200.0, 200.0, 200.0, 200.0, 200.0, 200.0, 200.0, 200.0, 200.0, 200.0]",1,942.478,-4.01028,0.108262,0.0426827,0.0,"[7.40412, 7.62036, 8.5315, 10.7162, 17.2898, 68.5736, 59.5475, 50.9221, 42.9645, 35.9188, 29.9448, 25.0738, 21.2138, 18.2022, 14.0381, 10.5668, 8.79167, 7.90937, 7.60452]",0.0134145,"[0.0, 0.0, -1.81729, -1.85216]",0.346323
1.0,-0.0346668,0.0,0.0,6.208,0.0,1953.44,-4.11792,93.994,1,"[200.0, 200.0, 200.0, 200.0, 200.0, 200.0, 200.0, 200.0, 200.0, 200.0, 200.0, 200.0, 200.0, 200.0, 200.0, 200.0, 200.0, 200.0, 200.0, 200.0, 200.0, 200.0, 200.0, 200.0, 200.0, 200.0, 200.0, 200.0, 200.0, 200.0, 200.0, 200.0, 200.0, 200.0, 200.0, 200.0]",1,957.884,-3.76134,0.198214,0.0203157,-0.8,"[7.40428, 7.61853, 8.52676, 10.7049, 17.244, 68.6659, 59.6371, 51.0063, 43.0408, 35.9849, 29.9997, 25.1178, 21.2484, 18.2291, 14.0545, 10.5751, 8.79597, 7.91136, 7.60481]",0.0134257,"[-4.37289, -4.47743, -3.22598, -3.54298]",0.346725
1.0,-0.0364192,0.0,0.0,6.23,0.0,1953.42,-4.14111,93.994,1,"[200.0, 200.0, 200.0, 200.0, 200.0, 200.0, 200.0, 200.0, 200.0, 200.0, 200.0, 200.0, 200.0, 200.0, 200.0, 200.0, 200.0, 200.0, 200.0, 200.0, 200.0, 200.0, 200.0, 200.0, 200.0, 200.0, 200.0, 200.0, 200.0, 200.0, 200.0, 200.0, 200.0, 200.0, 200.0, 200.0]",1,974.847,-3.74582,0.411364,-0.00682693,-0.8,"[7.40368, 7.61392, 8.51626, 10.6811, 17.1507, 68.8506, 59.8169, 51.1757, 43.1946, 36.1187, 30.1113, 25.2077, 21.3194, 18.2847, 14.0888, 10.5929, 8.80564, 7.91631, 7.60635]",0.0135742,"[-3.7478, -4.06373, -1.97565, -2.20608]",0.347103
1.0,-0.0389879,0.0,0.0,6.252,0.0,1953.4,-4.16394,93.994,1,"[200.0, 200.0, 200.0, 200.0, 200.0, 200.0, 200.0, 200.0, 200.0, 200.0, 200.0, 200.0, 200.0, 200.0, 200.0, 200.0, 200.0, 200.0, 200.0, 200.0, 200.0, 200.0, 200.0, 200.0, 200.0, 200.0, 200.0, 200.0, 200.0, 200.0, 200.0, 200.0, 200.0, 200.0, 200.0, 200.0]",1,991.824,-3.79088,0.570032,-0.0347006,-0.8,"[7.4022, 7.60654, 8.5002, 10.6456, 17.0148, 69.1222, 60.0815, 51.4257, 43.4219, 36.3168, 30.2771, 25.3418, 21.4254, 18.3678, 14.1405, 10.6199, 8.82063, 7.9243, 7.60931]",0.0138794,"[-1.48799, -2.04444, -2.47876, -2.80797]",0.347452
1.0,-0.0416611,0.0,0.0,6.274,0.0,1953.37,-4.18677,93.994,1,"[200.0, 200.0, 200.0, 200.0, 200.0, 200.0, 200.0, 200.0, 200.0, 200.0, 200.0, 200.0, 200.0, 200.0, 200.0, 200.0, 200.0, 200.0, 200.0, 200.0, 200.0, 200.0, 200.0, 200.0, 200.0, 200.0, 200.0, 200.0, 200.0, 200.0, 200.0, 200.0, 200.0, 200.0, 200.0, 200.0]",1,1008.82,-3.7149,0.594995,-0.054392,-0.8,"[7.40049, 7.59871, 8.48336, 10.6086, 16.876, 69.4051, 60.3575, 51.6866, 43.6596, 36.5245, 30.4511, 25.4826, 21.537, 18.4555, 14.195, 10.6485, 8.83659, 7.93291, 7.61265]",0.0142263,"[-2.28159, -2.80166, -4.00177, -4.32065]",0.347715
1.0,-0.0443476,0.0,0.0,6.296,0.0,1953.35,-4.20959,93.994,1,"[200.0, 200.0, 200.0, 200.0, 200.0, 200.0, 200.0, 200.0, 200.0, 200.0, 200.0, 200.0, 200.0, 200.0, 200.0, 200.0, 200.0, 200.0, 200.0, 200.0, 200.0, 200.0, 200.0, 200.0, 200.0, 200.0, 200.0, 200.0, 200.0, 200.0, 200.0, 200.0, 200.0, 200.0, 200.0, 200.0]",1,1025.82,-3.63312,0.574733,-0.0647388,-0.8,"[7.39885, 7.59093, 8.46658, 10.5717, 16.7398, 69.6895, 60.6351, 51.9495, 43.8994, 36.7342, 30.6269, 25.6251, 21.6499, 18.5442, 14.2501, 10.6775, 8.85269, 7.9416, 7.61604]",0.0145721,"[-4.73602, -5.16103, -3.43843, -3.7466]",0.347916
1.0,-0.0470575,0.0,0.0,6.318,0.0,1953.33,-4.23254,93.994,1,"[200.0, 200.0, 200.0, 200.0, 200.0, 200.0, 200.0, 200.0, 200.0, 200.0, 200.0, 200.0, 200.0, 200.0, 200.0, 200.0, 200.0, 200.0, 200.0, 200.0, 200.0, 200.0, 200.0, 200.0, 200.0, 200.0, 200.0, 200.0, 200.0, 200.0, 200.0, 200.0, 200.0, 200.0, 200.0, 200.0]",1,1042.84,-3.70351,0.573863,-0.068255,-0.8,"[7.39732, 7.58323, 8.44986, 10.5351, 16.6058, 69.9764, 60.9154, 52.2151, 44.1419, 36.9465, 30.8052, 25.7697, 21.7645, 18.6342, 14.3061, 10.7068, 8.86896, 7.95036, 7.61945]",0.0149119,"[-3.83645, -4.30039, -1.98215, -2.19059]",0.348095
1.0,-0.0497654,0.0,0.0,6.34,0.0,1953.3,-4.25537,93.994,1,"[200.0, 200.0, 200.0, 200.0, 200.0, 200.0, 200.0, 200.0, 200.0, 200.0, 200.0, 200.0, 200.0, 200.0, 200.0, 200.0, 200.0, 200.0, 200.0, 200.0, 200.0, 200.0, 200.0, 200.0, 200.0, 200.0, 200.0, 200.0, 200.0, 200.0, 200.0, 200.0, 200.0, 200.0, 200.0, 200.0]",1,942.478,-3.78405,0.59766,-0.0676894,-0.8,"[7.3959, 7.57566, 8.43336, 10.4989, 16.475, 70.263, 61.1957, 52.4809, 44.385, 37.1596, 30.9844, 25.915, 21.8798, 18.7247, 14.3623, 10.7361, 8.88525, 7.95911, 7.62285]",0.0152445,"[-1.34978, -1.92025, -2.45676, -2.6698]",0.348276
1.0,-0.0523708,0.0,0.0,6.362,0.0,1953.28,-4.2771,93.994,1,"[200.0, 200.0, 200.0, 200.0, 200.0, 200.0, 200.0, 200.0, 200.0, 200.0, 200.0, 200.0, 200.0, 200.0, 200.0, 200.0, 200.0, 200.0, 200.0, 200.0, 200.0, 200.0, 200.0, 200.0, 200.0, 200.0, 200.0, 200.0, 200.0, 200.0, 200.0, 200.0, 200.0, 200.0, 200.0, 200.0]",1,942.478,-3.41227,0.552399,-0.0646321,-0.8,"[7.39462, 7.56846, 8.41762, 10.4644, 16.352, 70.5389, 61.4656, 52.7372, 44.6195, 37.3656, 31.1577, 26.0558, 21.9915, 18.8124, 14.4167, 10.7646, 8.901, 7.96758, 7.62614]",0.0155619,"[-2.09436, -2.59843, -2.19628, -0.594313]",0.348446
1.0,-0.0547441,0.0,0.0,6.384,0.0,1953.26,-4.29639,93.994,1,"[200.0, 200.0, 200.0, 200.0, 200.0, 200.0, 200.0, 200.0, 200.0, 200.0, 200.0, 200.0, 200.0, 200.0, 200.0, 200.0, 200.0, 200.0, 200.0, 200.0, 200.0, 200.0, 200.0, 200.0, 200.0, 200.0, 200.0, 200.0, 200.0, 200.0, 200.0, 200.0, 200.0, 200.0, 200.0, 200.0]",1,942.478,-2.91775,0.495031,-0.0600885,-0.8,"[7.39349, 7.56195, 8.40337, 10.4333, 16.2422, 70.7902, 61.7117, 52.9711, 44.8339, 37.554, 31.3164, 26.1849, 22.094, 18.8929, 14.4667, 10.7906, 8.91546, 7.97537, 7.6292]",0.0158529,"[-4.0313, -4.47086, -2.39531, -2.12106]",0.348585
1.0,-0.0567654,0.0,0.0,6.406,0.0,1953.25,-4.3136,93.994,1,"[200.0, 200.0, 200.0, 200.0, 200.0, 200.0, 200.0, 200.0, 200.0, 200.0, 200.0, 200.0, 200.0, 200.0, 200.0, 200.0, 200.0, 200.0, 200.0, 200.0, 200.0, 200.0, 200.0, 200.0, 200.0, 200.0, 200.0, 200.0, 200.0, 200.0, 200.0, 200.0, 200.0, 200.0, 200.0, 200.0]",1,942.478,-2.58747,0.435336,-0.0534286,-0.8,"[7.39248, 7.55637, 8.39121, 10.4069, 16.1501, 71.0043, 61.9217, 53.1708, 45.0171, 37.7152, 31.4525, 26.2957, 22.182, 18.9621, 14.5096, 10.8131, 8.92793, 7.98212, 7.63192]",0.0161123,"[-2.90879, -3.3234, 1.25219, -2.81142]",0.348698
1.0,-0.0585836,0.0,0.0,6.428,0.0,1953.23,-4.32837,93.994,1,"[200.0, 200.0, 200.0, 200.0, 200.0, 200.0, 200.0, 200.0, 200.0, 200.0, 200.0, 200.0, 200.0, 200.0, 200.0, 200.0, 200.0, 200.0, 200.0, 200.0, 200.0, 200.0, 200.0, 200.0, 200.0, 200.0, 200.0, 200.0, 200.0, 200.0, 200.0, 200.0, 200.0, 200.0, 200.0, 200.0]",1,942.478,-2.25651,0.404399,-0.0454679,-0.8,"[7.39161, 7.5514, 8.38037, 10.3833, 16.0685, 71.197, 62.1105, 53.3507, 45.1823, 37.8607, 31.5753, 26.3957, 22.2615, 19.0246, 14.5484, 10.8333, 8.93917, 7.98821, 7.63438]",0.0163422,"[-0.369171, -0.775337, -0.824779, -1.63447]",0.348794
1.0,-0.0600866,0.0,0.0,6.45,0.0,1953.22,-4.34094,93.994,1,"[200.0, 200.0, 200.0, 200.0, 200.0, 200.0, 200.0, 200.0, 200.0, 200.0, 200.0, 200.0, 200.0, 200.0, 200.0, 200.0, 200.0, 200.0, 200.0, 200.0, 200.0, 200.0, 200.0, 200.0, 200.0, 200.0, 200.0, 200.0, 200.0, 200.0, 200.0, 200.0, 200.0, 200.0, 200.0, 200.0]",1,942.478,-1.89177,0.353323,-0.0372658,-0.8,"[7.39087, 7.54728, 8.3714, 10.3638, 16.0018, 71.3563, 62.2669, 53.4996, 45.3191, 37.9813, 31.6773, 26.4788, 22.3276, 19.0766, 14.5806, 10.8501, 8.94854, 7.99332, 7.63646]",0.0165385,"[-0.859427, -1.19122, -1.81792, 0.161358]",0.348874
1.0,-0.0613301,0.0,0.0,6.472,0.0,1953.21,-4.35107,93.994,1,"[200.0, 200.0, 200.0, 200.0, 200.0, 200.0, 200.0, 200.0, 200.0, 200.0, 200.0, 200.0, 200.0, 200.0, 200.0, 200.0, 200.0, 200.0, 200.0, 200.0, 200.0, 200.0, 200.0, 200.0, 200.0, 200.0, 200.0, 200.0, 200.0, 200.0, 200.0, 200.0, 200.0, 200.0, 200.0, 200.0]",1,942.478,-1.46906,0.249639,-0.0296715,-0.8,"[7.39027, 7.54386, 8.36398, 10.3478, 15.9472, 71.4881, 62.3963, 53.623, 45.4325, 38.0814, 31.762, 26.5479, 22.3826, 19.1198, 14.6075, 10.8642, 8.95634, 7.99756, 7.63821]",0.0167023,"[-2.84497, -3.03536, -0.48102, 1.39091]",0.34894
1.0,-0.062454,0.0,0.0,6.494,0.0,1953.2,-4.35901,93.994,1,"[200.0, 200.0, 200.0, 200.0, 200.0, 200.0, 200.0, 200.0, 200.0, 200.0, 200.0, 200.0, 200.0, 200.0, 200.0, 200.0, 200.0, 200.0, 200.0, 200.0, 200.0, 200.0, 200.0, 200.0, 200.0, 200.0, 200.0, 200.0, 200.0, 200.0, 200.0, 200.0, 200.0, 200.0, 200.0, 200.0]",1,942.478,-1.05254,0.210217,-0.0224464,-0.8,"[7.38984, 7.54091, 8.35743, 10.3335, 15.8986, 71.6072, 62.5132, 53.7343, 45.535, 38.1719, 31.8385, 26.6103, 22.4322, 19.1588, 14.6316, 10.8767, 8.96328, 8.0013, 7.6397]",0.0168365,"[-1.62189, -1.83039, 1.48135, -2.0199]",0.348995
1.0,-0.0632823,0.0,0.0,6.516,0.0,1953.2,-4.36475,93.994,1,"[200.0, 200.0, 200.0, 200.0, 200.0, 200.0, 200.0, 200.0, 200.0, 200.0, 200.0, 200.0, 200.0, 200.0, 200.0, 200.0, 200.0, 200.0, 200.0, 200.0, 200.0, 200.0, 200.0, 200.0, 200.0, 200.0, 200.0, 200.0, 200.0, 200.0, 200.0, 200.0, 200.0, 200.0, 200.0, 200.0]",1,942.478,-0.805028,0.184338,-0.0159511,-0.8,"[7.38946, 7.53867, 8.35254, 10.3229, 15.8628, 71.6949, 62.5994, 53.8166, 45.6107, 38.2388, 31.8951, 26.6565, 22.469, 19.1877, 14.6496, 10.8861, 8.96848, 8.00413, 7.64086]",0.0169434,"[1.00445, 0.845264, 2.85703, -0.707906]",0.349039
1.0,-0.0638688,0.0,0.0,6.538,0.0,1953.19,-4.36804,93.994,1,"[200.0, 200.0, 200.0, 200.0, 200.0, 200.0, 200.0, 200.0, 200.0, 200.0, 200.0, 200.0, 200.0, 200.0, 200.0, 200.0, 200.0, 200.0, 200.0, 200.0, 200.0, 200.0, 200.0, 200.0, 200.0, 200.0, 200.0, 200.0, 200.0, 200.0, 200.0, 200.0, 200.0, 200.0, 200.0, 200.0]",1,942.478,-0.364269,0.122561,-0.0101431,-0.8,"[7.38918, 7.53706, 8.34907, 10.3154, 15.8376, 71.7571, 62.6605, 53.8749, 45.6643, 38.2862, 31.9353, 26.6893, 22.4951, 19.2082, 14.6624, 10.8927, 8.97219, 8.00615, 7.64171]",0.0170217,"[0.312537, 0.298319, -0.54686, 1.10805]",0.349067
1.0,-0.064194,0.0,0.0,6.56,0.0,1953.19,-4.3689,93.994,1,"[200.0, 200.0, 200.0, 200.0, 200.0, 200.0, 200.0, 200.0, 200.0, 200.0, 200.0, 200.0, 200.0, 200.0, 200.0, 200.0, 200.0, 200.0, 200.0, 200.0, 200.0, 200.0, 200.0, 200.0, 200.0, 200.0, 200.0, 200.0, 200.0, 200.0, 200.0, 200.0, 200.0, 200.0, 200.0, 200.0]",1,942.478,0.0996217,0.0862588,-0.00575163,-0.8,"[7.3888, 7.53594, 8.34687, 10.3109, 15.8231, 71.7918, 62.6946, 53.9076, 45.6946, 38.313, 31.9581, 26.708, 22.5101, 19.2201, 14.6698, 10.8968, 8.97451, 8.00751, 7.64241]",0.0170959,"[-2.16878, -2.15666, -1.5104, 2.33111]",0.349096
1.0,-0.0645068,0.0,0.0,6.582,0.0,1953.19,-4.36768,93.994,1,"[200.0, 200.0, 200.0, 200.0, 200.0, 200.0, 200.0, 200.0, 200.0, 200.0, 200.0, 200.0, 200.0, 200.0, 200.0, 200.0, 200.0, 200.0, 200.0, 200.0, 200.0, 200.0, 200.0, 200.0, 200.0, 200.0, 200.0, 200.0, 200.0, 200.0, 200.0, 200.0, 200.0, 200.0, 200.0, 200.0]",1,942.478,0.372655,0.0328597,-0.00237421,-0.8,"[7.38849, 7.53493, 8.34484, 10.3067, 15.8093, 71.8251, 62.7275, 53.939, 45.7236, 38.3386, 31.9799, 26.7259, 22.5244, 19.2314, 14.6769, 10.9005, 8.97668, 8.00877, 7.64302]",0.017159,"[-0.881266, -0.61838, 1.31896, 3.56758]",0.349115
1.0,-0.0643061,0.0,0.0,6.604,0.0,1953.2,-4.36426,93.994,1,"[200.0, 200.0, 200.0, 200.0, 200.0, 200.0, 200.0, 200.0, 200.0, 200.0, 200.0, 200.0, 200.0, 200.0, 200.0, 200.0, 200.0, 200.0, 200.0, 200.0, 200.0, 200.0, 200.0, 200.0, 200.0, 200.0, 200.0, 200.0, 200.0, 200.0, 200.0, 200.0, 200.0, 200.0, 200.0, 200.0]",1,942.478,0.635621,-0.0145373,0.00207391,-0.8,"[7.38816, 7.53505, 8.34555, 10.3087, 15.8167, 71.8042, 62.707, 53.9196, 45.7059, 38.3232, 31.967, 26.7155, 22.5163, 19.2251, 14.6732, 10.8988, 8.97588, 8.00851, 7.64314]",0.0171875,"[1.88285, 2.00287, 4.36213, 1.00607]",0.349101
1.0,-0.0638493,0.0,0.0,6.626,0.0,1953.2,-4.35864,93.994,1,"[200.0, 200.0, 200.0, 200.0, 200.0, 200.0, 200.0, 200.0, 200.0, 200.0, 200.0, 200.0, 200.0, 200.0, 200.0, 200.0, 200.0, 200.0, 200.0, 200.0, 200.0, 200.0, 200.0, 200.0, 200.0, 200.0, 200.0, 200.0, 200.0, 200.0, 200.0, 200.0, 200.0, 200.0, 200.0, 200.0]",1,942.478,1.01941,-0.0626672,0.00715321,-0.8,"[7.3879, 7.5358, 8.3477, 10.3138, 15.835, 71.7562, 62.66, 53.8749, 45.6649, 38.2872, 31.9366, 26.6909, 22.4969, 19.21, 14.6641, 10.8942, 8.97355, 8.00743, 7.64297]",0.0171906,"[1.39132, 1.46499, 4.23605, 0.479241]",0.349067
1.0,-0.0631393,0.0,0.0,6.648,0.0,1953.21,-4.35083,93.994,1,"[200.0, 200.0, 200.0, 200.0, 200.0, 200.0, 200.0, 200.0, 200.0, 200.0, 200.0, 200.0, 200.0, 200.0, 200.0, 200.0, 200.0, 200.0, 200.0, 200.0, 200.0, 200.0, 200.0, 200.0, 200.0, 200.0, 200.0, 200.0, 200.0, 200.0, 200.0, 200.0, 200.0, 200.0, 200.0, 200.0]",1,942.478,1.48251,-0.136108,0.0120322,-0.8,"[7.38768, 7.53717, 8.35126, 10.322, 15.8641, 71.6815, 62.5868, 53.8052, 45.6009, 38.2309, 31.8892, 26.6524, 22.4664, 19.1862, 14.6496, 10.8869, 8.9697, 8.00556, 7.6425]",0.0171702,"[-0.71774, -0.440789, 1.08308, 2.76982]",0.349014
1.0,-0.0621699,0.0,0.0,6.67,0.0,1953.22,-4.34082,93.994,1,"[200.0, 200.0, 200.0, 200.0, 200.0, 200.0, 200.0, 200.0, 200.0, 200.0, 200.0, 200.0, 200.0, 200.0, 200.0, 200.0, 200.0, 200.0, 200.0, 200.0, 200.0, 200.0, 200.0, 200.0, 200.0, 200.0, 200.0, 200.0, 200.0, 200.0, 200.0, 200.0, 200.0, 200.0, 200.0, 200.0]",1,942.478,1.86534,-0.186227,0.016995,-0.8,"[7.38749, 7.53914, 8.35627, 10.3335, 15.9043, 71.5793, 62.4866, 53.7099, 45.5135, 38.1538, 31.8243, 26.5997, 22.4247, 19.1536, 14.6296, 10.8768, 8.96434, 8.0029, 7.64177]",0.0171285,"[0.576515, 0.784363, 0.453011, 2.51666]",0.348941
1.0,-0.0609487,0.0,0.0,6.692,0.0,1953.23,-4.32861,93.994,1,"[200.0, 200.0, 200.0, 200.0, 200.0, 200.0, 200.0, 200.0, 200.0, 200.0, 200.0, 200.0, 200.0, 200.0, 200.0, 200.0, 200.0, 200.0, 200.0, 200.0, 200.0, 200.0, 200.0, 200.0, 200.0, 200.0, 200.0, 200.0, 200.0, 200.0, 200.0, 200.0, 200.0, 200.0, 200.0, 200.0]",1,942.478,2.15303,-0.209134,0.021728,-0.8,"[7.38736, 7.54174, 8.3627, 10.3481, 15.9556, 71.4506, 62.3604, 53.5898, 45.4032, 38.0569, 31.7425, 26.5332, 22.372, 19.1125, 14.6044, 10.864, 8.95749, 7.99947, 7.64076]",0.0170634,"[3.16833, 3.34594, 1.89869, 1.55288]",0.348843
1.0,-0.0594762,0.0,0.0,6.714,0.0,1953.25,-4.31421,93.994,1,"[200.0, 200.0, 200.0, 200.0, 200.0, 200.0, 200.0, 200.0, 200.0, 200.0, 200.0, 200.0, 200.0, 200.0, 200.0, 200.0, 200.0, 200.0, 200.0, 200.0, 200.0, 200.0, 200.0, 200.0, 200.0, 200.0, 200.0, 200.0, 200.0, 200.0, 200.0, 200.0, 200.0, 200.0, 200.0, 200.0]",1,942.478,2.44863,-0.260966,0.025869,-0.8,"[7.38731, 7.54501, 8.37059, 10.366, 16.0184, 71.2952, 62.2082, 53.445, 45.2705, 37.94, 31.644, 26.4532, 22.3087, 19.0629, 14.574, 10.8485, 8.94916, 7.99525, 7.63947]",0.0169718,"[2.59119, 2.85974, 4.06304, 3.17773]",0.348711
1.0,-0.057771,0.0,0.0,6.736,0.0,1953.26,-4.29773,93.994,1,"[200.0, 200.0, 200.0, 200.0, 200.0, 200.0, 200.0, 200.0, 200.0, 200.0, 200.0, 200.0, 200.0, 200.0, 200.0, 200.0, 200.0, 200.0, 200.0, 200.0, 200.0, 200.0, 200.0, 200.0, 200.0, 200.0, 200.0, 200.0, 200.0, 200.0, 200.0, 200.0, 200.0, 200.0, 200.0, 200.0]",1,942.478,2.84978,-0.339735,0.0291519,-0.8,"[7.38736, 7.54886, 8.37986, 10.3869, 16.0921, 71.1154, 62.0319, 53.2774, 45.1168, 37.805, 31.5302, 26.3607, 22.2354, 19.0055, 14.5387, 10.8305, 8.93946, 7.99031, 7.63791]",0.0168569,"[0.690428, 1.05077, 2.81782, 5.41855]",0.348541
1.0,-0.0557902,0.0,0.0,6.758,0.0,1953.28,-4.27893,93.994,1,"[200.0, 200.0, 200.0, 200.0, 200.0, 200.0, 200.0, 200.0, 200.0, 200.0, 200.0, 200.0, 200.0, 200.0, 200.0, 200.0, 200.0, 200.0, 200.0, 200.0, 200.0, 200.0, 200.0, 200.0, 200.0, 200.0, 200.0, 200.0, 200.0, 200.0, 200.0, 200.0, 200.0, 200.0, 200.0, 200.0]",1,942.478,3.26365,-0.384074,0.0316939,-0.8,"[7.3875, 7.55347, 8.39078, 10.4115, 16.1793, 70.9063, 61.8273, 53.083, 44.9386, 37.6483, 31.3983, 26.2536, 22.1506, 18.9391, 14.4979, 10.8095, 8.92816, 7.98454, 7.63606]",0.0167135,"[1.68907, 2.14147, 1.31883, 4.68858]",0.348327
1.0,-0.0536292,0.0,0.0,6.78,0.0,1953.3,-4.25806,93.994,1,"[200.0, 200.0, 200.0, 200.0, 200.0, 200.0, 200.0, 200.0, 200.0, 200.0, 200.0, 200.0, 200.0, 200.0, 200.0, 200.0, 200.0, 200.0, 200.0, 200.0, 200.0, 200.0, 200.0, 200.0, 200.0, 200.0, 200.0, 200.0, 200.0, 200.0, 200.0, 200.0, 200.0, 200.0, 200.0, 200.0]",1,942.478,3.48562,-0.414304,0.0334412,-0.8,"[7.38783, 7.55866, 8.40291, 10.4387, 16.2763, 70.6781, 61.604, 52.8709, 44.7444, 37.4778, 31.2548, 26.1372, 22.0584, 18.8669, 14.4534, 10.7866, 8.91574, 7.97813, 7.63394]",0.0165395,"[4.0738, 4.55001, 3.17762, 6.00751]",0.348063
1.0,-0.051214,0.0,0.0,6.802,0.0,1953.33,-4.23499,93.994,1,"[200.0, 200.0, 200.0, 200.0, 200.0, 200.0, 200.0, 200.0, 200.0, 200.0, 200.0, 200.0, 200.0, 200.0, 200.0, 200.0, 200.0, 200.0, 200.0, 200.0, 200.0, 200.0, 200.0, 200.0, 200.0, 200.0, 200.0, 200.0, 200.0, 200.0, 200.0, 200.0, 200.0, 200.0, 200.0, 200.0]",1,942.478,3.8692,-0.453034,0.0339865,-0.8,"[7.38831, 7.56459, 8.41663, 10.4694, 16.3869, 70.4232, 61.3545, 52.6342, 44.5278, 37.2879, 31.0951, 26.0077, 21.9558, 18.7866, 14.4039, 10.7611, 8.90187, 7.97097, 7.63155]",0.0163371,"[3.56747, 4.06586, 5.73212, 2.67284]",0.34775
1.0,-0.0485404,0.0,0.0,6.824,0.0,1953.35,-4.20984,93.994,1,"[200.0, 200.0, 200.0, 200.0, 200.0, 200.0, 200.0, 200.0, 200.0, 200.0, 200.0, 200.0, 200.0, 200.0, 200.0, 200.0, 200.0, 200.0, 200.0, 200.0, 200.0, 200.0, 200.0, 200.0, 200.0, 200.0, 200.0, 200.0, 200.0, 200.0, 200.0, 200.0, 200.0, 200.0, 200.0, 200.0]",1,942.478,4.30608,-0.521526,0.0332642,-0.8,"[7.38896, 7.57129, 8.43202, 10.5038, 16.5122, 70.1408, 61.0786, 52.3725, 44.2888, 37.0784, 30.9192, 25.8652, 21.843, 18.6982, 14.3493, 10.7329, 8.88653, 7.96302, 7.62888]",0.0161031,"[1.83791, 2.3613, 4.20396, 3.85002]",0.347386
1.0,-0.0456713,0.0,0.0,6.846,0.0,1953.38,-4.1825,93.994,1,"[200.0, 200.0, 200.0, 200.0, 200.0, 200.0, 200.0, 200.0, 200.0, 200.0, 200.0, 200.0, 200.0, 200.0, 200.0, 200.0, 200.0, 200.0, 200.0, 200.0, 200.0, 200.0, 200.0, 200.0, 200.0, 200.0, 200.0, 200.0, 200.0, 200.0, 200.0, 200.0, 200.0, 200.0, 200.0, 200.0]",1,942.478,4.61852,-0.576201,0.0317975,-0.8,"[7.38985, 7.57869, 8.44883, 10.5414, 16.6501, 69.8379, 60.7827, 52.0922, 44.0329, 36.8545, 30.7313, 25.713, 21.7225, 18.6038, 14.2909, 10.7027, 8.87001, 7.95441, 7.62592]",0.0158346,"[2.91744, 3.46494, 3.23937, 7.07457]",0.346981
1.0,-0.0424927,0.0,0.0,6.868,0.0,1953.41,-4.15308,93.994,1,"[200.0, 200.0, 200.0, 200.0, 200.0, 200.0, 200.0, 200.0, 200.0, 200.0, 200.0, 200.0, 200.0, 200.0, 200.0, 200.0, 200.0, 200.0, 200.0, 200.0, 200.0, 200.0, 200.0, 200.0, 200.0, 200.0, 200.0, 200.0, 200.0, 200.0, 200.0, 200.0, 200.0, 200.0, 200.0, 200.0]",1,942.478,4.91535,-0.597688,0.0301174,-0.8,"[7.391, 7.58705, 8.4677, 10.5835, 16.8071, 69.5022, 60.4552, 51.7823, 43.7504, 36.6076, 30.5244, 25.5455, 21.59, 18.5, 14.2267, 10.6694, 8.85178, 7.94489, 7.62267]",0.0155284,"[5.12005, 5.91177, 4.5462, 5.27309]",0.346546
1.0,-0.0390657,0.0,0.0,6.89,0.0,1953.44,-4.12146,93.994,1,"[200.0, 200.0, 200.0, 200.0, 200.0, 200.0, 200.0, 200.0, 200.0, 200.0, 200.0, 200.0, 200.0, 200.0, 200.0, 200.0, 200.0, 200.0, 200.0, 200.0, 200.0, 200.0, 200.0, 200.0, 200.0, 200.0, 200.0, 200.0, 200.0, 200.0, 200.0, 200.0, 200.0, 200.0, 200.0, 200.0]",1,942.478,5.25525,-0.6475,0.0282631,-0.8,"[7.39245, 7.59631, 8.48838, 10.6297, 16.9817, 69.1403, 60.1023, 51.4489, 43.4468, 36.3426, 30.3027, 25.3662, 21.4483, 18.3888, 14.1579, 10.6336, 8.83213, 7.9346, 7.6191]",0.0151815,"[4.66532, 5.46173, 6.30209, 4.30424]",0.346099
1.0,-0.0354474,0.0,0.0,6.912,0.0,1953.47,-4.08777,93.994,1,"[200.0, 200.0, 200.0, 200.0, 200.0, 200.0, 200.0, 200.0, 200.0, 200.0, 200.0, 200.0, 200.0, 200.0, 200.0, 200.0, 200.0, 200.0, 200.0, 200.0, 200.0, 200.0, 200.0, 200.0, 200.0, 200.0, 200.0, 200.0, 200.0, 200.0, 200.0, 200.0, 200.0, 200.0, 200.0, 200.0]",1,942.478,5.67173,-0.715431,0.0268392,-0.8,"[7.39426, 7.60641, 8.51067, 10.6793, 17.1724, 68.7583, 59.7302, 51.0976, 43.1275, 36.0643, 30.0701, 25.1783, 21.2997, 18.2723, 14.0857, 10.5959, 8.81135, 7.92366, 7.61525]",0.0147909,"[3.15497, 3.60238, 5.84598, 5.50876]",0.345669
1.0,-0.0315579,0.0,0.0,6.934,0.0,1953.51,-4.052,93.994,1,"[200.0, 200.0, 200.0, 200.0, 200.0, 200.0, 200.0, 200.0, 200.0, 200.0, 200.0, 200.0, 200.0, 200.0, 200.0, 200.0, 200.0, 200.0, 200.0, 200.0, 200.0, 200.0, 200.0, 200.0, 200.0, 200.0, 200.0, 200.0, 200.0, 200.0, 200.0, 200.0, 200.0, 200.0, 200.0, 200.0]",1,942.478,6.02728,-0.761455,0.0267027,-0.8,"[7.39645, 7.61753, 8.53501, 10.7336, 17.3851, 68.3476, 59.3306, 50.7209, 42.7856, 35.7669, 29.8219, 24.9781, 21.1413, 18.1482, 14.0086, 10.5556, 8.78907, 7.91191, 7.61108]",0.0143555,"[4.18364, 4.79779, 3.98768, 7.32262]",0.345287
1.0,-0.027417,0.0,0.0,6.956,0.0,1953.55,-4.01416,93.994,1,"[200.0, 200.0, 200.0, 200.0, 200.0, 200.0, 200.0, 200.0, 200.0, 200.0, 200.0, 200.0, 200.0, 200.0, 200.0, 200.0, 200.0, 200.0, 200.0, 200.0, 200.0, 200.0, 200.0, 200.0, 200.0, 200.0, 200.0, 200.0, 200.0, 200.0, 200.0, 200.0, 200.0, 200.0, 200.0, 200.0]",1,942.478,6.28095,-0.792572,0.0289331,-0.8,"[7.39907, 7.6297, 8.56143, 10.7926, 17.621, 67.9105, 58.9059, 50.321, 42.4233, 35.4524, 29.5598, 24.7667, 20.9744, 18.0173, 13.9271, 10.5128, 8.7654, 7.89936, 7.60661]",0.0138713,"[6.13974, 7.35118, 5.52096, 7.43167]",0.344987
1.0,-0.0230249,0.0,0.0,6.978,0.0,1953.59,-3.97412,93.994,1,"[200.0, 200.0, 200.0, 200.0, 200.0, 200.0, 200.0, 200.0, 200.0, 200.0, 200.0, 200.0, 200.0, 200.0, 200.0, 200.0, 200.0, 200.0, 200.0, 200.0, 200.0, 200.0, 200.0, 200.0, 200.0, 200.0, 200.0, 200.0, 200.0, 200.0, 200.0, 200.0, 200.0, 200.0, 200.0, 200.0]",1,942.478,6.6378,-0.838174,0.0339932,-0.8,"[7.40221, 7.643, 8.59005, 10.8564, 17.8825, 67.4469, 58.4559, 49.8982, 42.0409, 35.1209, 29.284, 24.5447, 20.7989, 17.8796, 13.8414, 10.4677, 8.74033, 7.88602, 7.6018]",0.0133311,"[5.70169, 6.77837, 7.68136, 5.40856]",0.344799
1.0,-0.0184091,0.0,0.0,7.0,0.0,1953.63,-3.93201,93.994,1,"[200.0, 200.0, 200.0, 200.0, 200.0, 200.0, 200.0, 200.0, 200.0, 200.0, 200.0, 200.0, 200.0, 200.0, 200.0, 200.0, 200.0, 200.0, 200.0, 200.0, 200.0, 200.0, 200.0, 200.0, 200.0, 200.0, 200.0, 200.0, 200.0, 200.0, 200.0, 200.0, 200.0, 200.0, 200.0, 200.0]",1,942.478,7.05952,-0.904421,0.0423022,-0.8,"[7.40587, 7.65741, 8.62074, 10.9248, 18.1711, 66.9598, 57.9839, 49.4552, 41.6411, 34.7752, 28.9969, 24.3137, 20.6166, 17.7365, 13.7521, 10.4206, 8.71401, 7.87197, 7.59669]",0.012737,"[4.44857, 4.84166, 6.59949, 6.51376]",0.344752
1.0,-0.0135658,0.0,0.0,7.022,0.0,1953.67,-3.88794,93.994,1,"[200.0, 200.0, 200.0, 200.0, 200.0, 200.0, 200.0, 200.0, 200.0, 200.0, 200.0, 200.0, 200.0, 200.0, 200.0, 200.0, 200.0, 200.0, 200.0, 200.0, 200.0, 200.0, 200.0, 200.0, 200.0, 200.0, 200.0, 200.0, 200.0, 200.0, 200.0, 200.0, 200.0, 200.0, 200.0, 200.0]",1,942.478,7.39267,-0.952627,0.0542251,-0.8,"[7.41015, 7.67301, 8.65368, 10.9984, 18.4908, 66.4489, 57.4894, 48.9921, 41.2239, 34.4151, 28.6984, 24.0738, 20.4272, 17.5878, 13.6591, 10.3713, 8.68644, 7.85719, 7.59124]",0.0120819,"[5.42377, 6.10381, 5.26268, 8.85269]",0.344857
1.0,-0.00844509,0.0,0.0,7.044,0.0,1953.72,-3.84167,93.994,1,"[200.0, 200.0, 200.0, 200.0, 200.0, 200.0, 200.0, 200.0, 200.0, 200.0, 200.0, 200.0, 200.0, 200.0, 200.0, 200.0, 200.0, 200.0, 200.0, 200.0, 200.0, 200.0, 200.0, 200.0, 200.0, 200.0, 200.0, 200.0, 200.0, 200.0, 200.0, 200.0, 200.0, 200.0, 200.0, 200.0]",1,1008.21,7.66453,-0.981528,0.0694378,-0.8,"[7.41508, 7.69, 8.68925, 11.078, 18.8492, 65.9091, 56.9677, 48.5044, 40.7855, 34.0375, 28.386, 23.823, 20.2293, 17.4324, 13.5618, 10.3196, 8.65739, 7.84155, 7.58546]",0.0113617,"[7.19849, 8.69293, 6.69843, 8.3287]",0.345107
1.0,-0.00306446,0.0,0.0,7.066,0.0,1953.77,-3.79333,93.994,1,"[200.0, 200.0, 200.0, 200.0, 200.0, 200.0, 200.0, 200.0, 200.0, 200.0, 200.0, 200.0, 200.0, 200.0, 200.0, 200.0, 200.0, 200.0, 200.0, 200.0, 200.0, 200.0, 200.0, 200.0, 200.0, 200.0, 200.0, 200.0, 200.0, 200.0, 200.0, 200.0, 200.0, 200.0, 200.0, 200.0]",1,1071.5,8.02217,-1.03086,0.0869226,-0.8,"[7.42076, 7.70842, 8.72754, 11.1637, 19.2517, 65.342, 56.4207, 47.994, 40.3279, 33.6444, 28.0613, 23.5626, 20.0239, 17.2711, 13.4606, 10.2655, 8.62693, 7.82508, 7.57931]",0.0105703,"[6.77898, 8.04068, 8.63751, 6.83235]",0.34547
1.0,0.0025379,0.0,0.0,7.088,0.0,1953.82,-3.7428,93.9939,1,"[200.0, 200.0, 200.0, 200.0, 200.0, 200.0, 200.0, 200.0, 200.0, 200.0, 200.0, 200.0, 200.0, 200.0, 200.0, 200.0, 200.0, 200.0, 200.0, 200.0, 200.0, 200.0, 200.0, 200.0, 200.0, 200.0, 200.0, 200.0, 200.0, 200.0, 200.0, 200.0, 200.0, 200.0, 200.0, 200.0]",1,1059.69,8.45251,-1.0984,0.105488,-0.8,"[7.42725, 7.72828, 8.7684, 11.2554, 19.7031, 64.752, 55.8524, 47.465, 39.8547, 33.2388, 27.727, 23.2948, 19.8127, 17.1051, 13.3562, 10.2096, 8.59525, 7.80787, 7.5728]",0.00970357,"[5.52563, 6.30022, 7.89438, 7.84462]",0.345894
1.0,0.00838059,0.0,0.0,7.11,0.0,1953.87,-3.69019,93.9938,1,"[200.0, 200.0, 200.0, 200.0, 200.0, 200.0, 200.0, 200.0, 200.0, 200.0, 200.0, 200.0, 200.0, 200.0, 200.0, 200.0, 200.0, 200.0, 200.0, 200.0, 200.0, 200.0, 200.0, 200.0, 200.0, 200.0, 200.0, 200.0, 200.0, 200.0, 200.0, 200.0, 200.0, 200.0, 200.0, 200.0]",1,1096.75,8.79688,-1.14658,0.123327,-0.8,"[7.4346, 7.74967, 8.81211, 11.3537, 20.2147, 64.1371, 55.2614, 46.9159, 39.3647, 32.8199, 27.3824, 23.0192, 19.5953, 16.9341, 13.2485, 10.1516, 8.56231, 7.78989, 7.56593]",0.00875854,"[6.5782, 7.79547, 6.48897, 9.95605]",0.346306
1.0,0.014527,0.0,0.0,7.132,0.0,1953.92,-3.6355,93.9938,1,"[200.0, 200.0, 200.0, 200.0, 200.0, 200.0, 200.0, 200.0, 200.0, 200.0, 200.0, 200.0, 200.0, 200.0, 200.0, 200.0, 200.0, 200.0, 200.0, 200.0, 200.0, 200.0, 200.0, 200.0, 200.0, 200.0, 200.0, 200.0, 200.0, 200.0, 200.0, 200.0, 200.0, 200.0, 200.0, 200.0]",1,1274.17,9.06801,-1.1759,0.138773,-0.8,"[7.44294, 7.77291, 8.85926, 11.46, 20.8068, 63.4909, 54.6413, 46.3414, 38.8535, 32.384, 27.0246, 22.7332, 19.3698, 16.7568, 13.1365, 10.0911, 8.52777, 7.77096, 7.55865]",0.00772502,"[8.45458, 8.85023, 8.10243, 10.4467]",0.34662
1.0,0.0209061,0.0,0.0,7.154,0.0,1953.98,-3.57861,93.9937,1,"[200.0, 200.0, 200.0, 200.0, 200.0, 200.0, 200.0, 200.0, 200.0, 200.0, 200.0, 200.0, 200.0, 200.0, 200.0, 200.0, 200.0, 200.0, 200.0, 200.0, 200.0, 200.0, 200.0, 200.0, 200.0, 200.0, 200.0, 200.0, 200.0, 200.0, 200.0, 200.0, 200.0, 200.0, 200.0, 200.0]",1,1206.71,9.53668,-1.24884,0.150107,-0.8,"[7.4523, 7.79788, 8.90953, 11.5739, 21.4938, 62.8208, 53.9998, 45.7484, 38.3274, 31.9365, 26.658, 22.4406, 19.1392, 16.5752, 13.0215, 10.0287, 8.49203, 7.75127, 7.55101]",0.00660299,"[5.66483, 8.1337, 9.06026, 8.06373]",0.346768
1.0,0.0274827,0.0,0.0,7.176,0.0,1954.04,-3.51953,93.9936,1,"[200.0, 200.0, 200.0, 200.0, 200.0, 200.0, 200.0, 200.0, 200.0, 200.0, 200.0, 200.0, 200.0, 200.0, 200.0, 200.0, 200.0, 200.0, 200.0, 200.0, 200.0, 200.0, 200.0, 200.0, 200.0, 200.0, 200.0, 200.0, 200.0, 200.0, 200.0, 200.0, 200.0, 200.0, 200.0, 200.0]",1,1162.06,9.82556,-1.27272,0.157439,-0.8,"[7.46273, 7.82456, 8.96286, 11.6951, 22.3023, 62.1309, 53.3406, 45.1407, 37.7897, 31.4806, 26.2853, 22.1434, 18.9048, 16.3905, 12.9043, 9.96482, 8.45524, 7.7309, 7.54298]",0.0053894,"[9.19967, 10.4431, 8.73148, 8.93465]",0.346706
1.0,0.0343015,0.0,0.0,7.198,0.0,1954.1,-3.45837,93.9935,1,"[200.0, 200.0, 200.0, 200.0, 200.0, 200.0, 200.0, 200.0, 200.0, 200.0, 200.0, 200.0, 200.0, 200.0, 200.0, 200.0, 200.0, 200.0, 200.0, 200.0, 200.0, 200.0, 200.0, 200.0, 200.0, 200.0, 200.0, 200.0, 200.0, 200.0, 200.0, 200.0, 200.0, 200.0, 200.0, 200.0]",1,1316.67,10.2401,-1.3393,0.162419,-0.8,"[7.47439, 7.85326, 9.01981, 11.8251, 23.2892, 61.4164, 52.6595, 44.5145, 37.2373, 31.0135, 25.9042, 21.8398, 18.6655, 16.2018, 12.7841, 9.89899, 8.41714, 7.70967, 7.53453]",0.00407003,"[6.48923, 9.1803, 8.33119, 11.4107]",0.346433
1.0,0.0413596,0.0,0.0,7.22,0.0,1954.17,-3.39502,93.9934,1,"[200.0, 200.0, 200.0, 200.0, 200.0, 200.0, 200.0, 200.0, 200.0, 200.0, 200.0, 200.0, 200.0, 200.0, 200.0, 200.0, 200.0, 200.0, 200.0, 200.0, 200.0, 200.0, 200.0, 200.0, 200.0, 200.0, 200.0, 200.0, 200.0, 200.0, 200.0, 200.0, 200.0, 200.0, 200.0, 200.0]",1,1374.55,10.5461,-1.37035,0.167913,-0.8,"[7.48729, 7.88396, 9.08044, 11.9643, 24.5545, 60.6779, 51.9573, 43.8708, 36.6714, 30.5363, 25.5157, 21.5306, 18.4217, 16.0095, 12.6614, 9.83143, 8.37786, 7.68768, 7.5257]",0.00265096,"[10.0929, 9.31335, 8.23506, 11.3149]",0.34603
1.0,0.048669,0.0,0.0,7.242,0.0,1954.23,-3.32959,93.9933,1,"[200.0, 200.0, 200.0, 200.0, 200.0, 200.0, 200.0, 200.0, 200.0, 200.0, 200.0, 200.0, 200.0, 200.0, 200.0, 200.0, 200.0, 200.0, 200.0, 200.0, 200.0, 200.0, 200.0, 200.0, 200.0, 200.0, 200.0, 200.0, 200.0, 200.0, 200.0, 200.0, 200.0, 200.0, 200.0, 200.0]",1,1221.09,10.9917,-1.42807,0.167152,-0.8,"[7.50154, 7.9169, 9.14513, 12.1137, 26.3586, 59.9145, 51.2333, 43.2091, 36.0915, 30.0489, 25.1197, 21.2158, 18.1735, 15.8134, 12.5358, 9.76198, 8.33732, 7.66488, 7.51645]",0.00112101,"[8.43888, 11.1027, 8.45568, 9.60994]",0.345424
1.0,0.0563309,0.0,0.0,7.264,0.0,1954.3,-3.26208,93.9932,1,"[200.0, 200.0, 200.0, 200.0, 200.0, 200.0, 200.0, 200.0, 200.0, 200.0, 200.0, 200.0, 200.0, 200.0, 200.0, 200.0, 200.0, 200.0, 200.0, 200.0, 200.0, 200.0, 200.0, 200.0, 200.0, 200.0, 200.0, 200.0, 200.0, 200.0, 200.0, 200.0, 200.0, 200.0, 200.0, 200.0]",1,1382.32,11.3306,-1.47011,0.201763,-0.8,"[7.51734, 7.95253, 9.21487, 12.2762, 31.0963, 59.1161, 50.4781, 42.5211, 35.4907, 29.5455, 24.7117, 20.8917, 17.9179, 15.6114, 12.4062, 9.68998, 8.29512, 7.64106, 7.50677]",-0.000531006,"[9.01891, 9.02969, 11.2954, 10.176]",0.345148
1.0,0.0641047,0.0,0.0,7.286,0.0,1954.37,-3.19226,93.9932,1,"[200.0, 200.0, 200.0, 200.0, 200.0, 200.0, 200.0, 200.0, 200.0, 200.0, 200.0, 200.0, 200.0, 200.0, 200.0, 200.0, 200.0, 200.0, 200.0, 200.0, 200.0, 200.0, 200.0, 200.0, 200.0, 200.0, 200.0, 200.0, 200.0, 200.0, 200.0, 200.0, 200.0, 200.0, 200.0, 200.0]",1,1447.62,11.6424,-1.50546,0.238627,-0.8,"[7.53466, 7.99028, 9.28822, 12.4481, 76.5394, 58.3075, 49.7153, 41.8286, 34.888, 29.042, 24.3043, 20.5683, 17.6628, 15.4094, 12.276, 9.61723, 8.25217, 7.6166, 7.4966]",-0.00230916,"[10.7617, 12.4249, 9.66699, 12.1101]",0.34523
1.0,0.0721647,0.0,0.0,7.308,0.0,1954.44,-3.12036,93.9931,1,"[200.0, 200.0, 200.0, 200.0, 200.0, 200.0, 200.0, 200.0, 200.0, 200.0, 200.0, 200.0, 200.0, 200.0, 200.0, 200.0, 200.0, 200.0, 200.0, 200.0, 200.0, 200.0, 200.0, 200.0, 200.0, 200.0, 200.0, 200.0, 200.0, 200.0, 200.0, 200.0, 200.0, 200.0, 200.0, 200.0]",1,1531.52,12.1095,-1.58271,0.271729,-0.8,"[7.55371, 8.03083, 9.36673, 12.6339, 75.676, 57.4713, 48.9289, 41.1169, 34.2709, 28.5279, 23.8893, 20.2391, 17.4029, 15.2035, 12.143, 9.54243, 8.20781, 7.5912, 7.48592]",-0.00422363,"[8.32332, 9.85582, 9.52357, 12.5243]",0.345662
1.0,0.0804869,0.0,0.0,7.33,0.0,1954.51,-3.04639,93.993,1,"[200.0, 200.0, 200.0, 200.0, 200.0, 200.0, 200.0, 200.0, 200.0, 200.0, 200.0, 200.0, 200.0, 200.0, 200.0, 200.0, 200.0, 200.0, 200.0, 200.0, 200.0, 200.0, 200.0, 200.0, 200.0, 200.0, 200.0, 200.0, 200.0, 200.0, 200.0, 200.0, 200.0, 200.0, 200.0, 200.0]",1,1506.25,12.4281,-1.59862,0.295696,-0.8,"[7.57453, 8.07421, 9.45048, 12.8342, 74.7831, 56.6103, 48.1216, 40.3892, 33.6422, 28.006, 23.4688, 19.9057, 17.1397, 14.9946, 12.0075, 9.46591, 8.1622, 7.56496, 7.47482]",-0.0062734,"[10.6769, 11.628, 10.621, 11.5344]",0.346288
1.0,0.0890328,0.0,0.0,7.352,0.0,1954.59,-2.97034,93.9929,1,"[200.0, 200.0, 200.0, 200.0, 200.0, 200.0, 200.0, 200.0, 200.0, 200.0, 200.0, 200.0, 200.0, 200.0, 200.0, 200.0, 200.0, 200.0, 200.0, 200.0, 200.0, 200.0, 200.0, 200.0, 200.0, 200.0, 200.0, 200.0, 200.0, 200.0, 200.0, 200.0, 200.0, 200.0, 200.0, 200.0]",1,1562.3,12.8064,-1.65422,0.311848,-0.8,"[7.59726, 8.12049, 9.53954, 13.0495, 73.8647, 55.7288, 47.2978, 39.6493, 33.0055, 27.4791, 23.045, 19.5699, 16.8744, 14.7839, 11.8703, 9.38794, 8.11545, 7.53787, 7.4632]",-0.00846863,"[10.4381, 13.2817, 12.2131, 11.0623]",0.346833
1.0,0.0978586,0.0,0.0,7.374,0.0,1954.67,-2.89197,93.9928,1,"[200.0, 200.0, 200.0, 200.0, 200.0, 200.0, 200.0, 200.0, 200.0, 200.0, 200.0, 200.0, 200.0, 200.0, 200.0, 200.0, 200.0, 200.0, 200.0, 200.0, 200.0, 200.0, 200.0, 200.0, 200.0, 200.0, 200.0, 200.0, 200.0, 200.0, 200.0, 200.0, 200.0, 200.0, 200.0, 200.0]",1,1591.87,13.2492,-1.70966,0.326165,-0.8,"[7.62205, 8.17005, 9.63474, 13.2827, 72.9148, 54.8216, 46.453, 38.8935, 32.3576, 26.9446, 22.6159, 19.2301, 16.6057, 14.5702, 11.7307, 9.30815, 8.06737, 7.50986, 7.45109]",-0.0108195,"[9.07837, 10.7812, 11.4035, 12.232]",0.347002
1.0,0.106862,0.0,0.0,7.396,0.0,1954.75,-2.81165,93.9927,1,"[200.0, 200.0, 200.0, 200.0, 200.0, 200.0, 200.0, 200.0, 200.0, 200.0, 200.0, 200.0, 200.0, 200.0, 200.0, 200.0, 200.0, 200.0, 200.0, 200.0, 200.0, 200.0, 200.0, 200.0, 200.0, 200.0, 200.0, 200.0, 200.0, 200.0, 200.0, 200.0, 200.0, 200.0, 200.0, 200.0]",1,1663.28,13.5344,-1.73227,0.346138,-0.8,"[7.64892, 8.22271, 9.73559, 13.5332, 71.9441, 53.8995, 45.5972, 38.1311, 31.7066, 26.4092, 22.1868, 18.8903, 16.3368, 14.3559, 11.5901, 9.22729, 8.0183, 7.48106, 7.43842]",-0.013328,"[12.0639, 13.7796, 10.635, 14.1256]",0.34661
1.0,0.116119,0.0,0.0,7.418,0.0,1954.83,-2.72925,93.9927,1,"[200.0, 200.0, 200.0, 200.0, 200.0, 200.0, 200.0, 200.0, 200.0, 200.0, 200.0, 200.0, 200.0, 200.0, 200.0, 200.0, 200.0, 200.0, 200.0, 200.0, 200.0, 200.0, 200.0, 200.0, 200.0, 200.0, 200.0, 200.0, 200.0, 200.0, 200.0, 200.0, 200.0, 200.0, 200.0, 200.0]",1,1733.74,13.9785,-1.79231,0.376255,-0.8,"[7.67807, 8.27892, 9.84317, 13.8047, 70.9448, 52.9554, 44.7244, 37.3566, 31.0479, 25.8692, 21.7547, 18.5482, 16.0659, 14.1397, 11.4477, 9.14487, 7.96801, 7.45133, 7.42519]",-0.0160055,"[10.9699, 12.7083, 11.5223, 13.7534]",0.345686
1.0,0.125625,0.0,0.0,7.44,0.0,1954.92,-2.64465,93.9926,1,"[200.0, 200.0, 200.0, 200.0, 200.0, 200.0, 200.0, 200.0, 200.0, 200.0, 200.0, 200.0, 200.0, 200.0, 200.0, 200.0, 200.0, 200.0, 200.0, 200.0, 200.0, 200.0, 200.0, 200.0, 200.0, 200.0, 200.0, 200.0, 200.0, 200.0, 200.0, 200.0, 200.0, 200.0, 200.0, 200.0]",1,1711.42,14.3878,-1.84793,0.417092,-0.8,"[7.7097, 8.33896, 9.95795, 14.0996, 69.9174, 51.9902, 43.8354, 36.5712, 30.3829, 25.3256, 21.3204, 18.2044, 15.7932, 13.9217, 11.3036, 9.0609, 7.91647, 7.42067, 7.41136]",-0.0188639,"[10.3746, 12.0094, 12.6599, 12.4524]",0.344533
1.0,0.135297,0.0,0.0,7.462,0.0,1955.0,-2.55823,93.9925,1,"[200.0, 200.0, 200.0, 200.0, 200.0, 200.0, 200.0, 200.0, 200.0, 200.0, 200.0, 200.0, 200.0, 200.0, 200.0, 200.0, 200.0, 200.0, 200.0, 200.0, 200.0, 200.0, 200.0, 200.0, 200.0, 200.0, 200.0, 200.0, 200.0, 200.0, 200.0, 200.0, 200.0, 200.0, 200.0, 200.0]",1,1739.64,14.6964,-1.8696,0.461785,-0.8,"[7.74377, 8.40263, 10.0796, 14.4183, 68.8709, 51.0129, 42.9389, 35.7827, 29.7177, 24.7834, 20.8877, 17.8618, 15.5212, 13.7038, 11.1588, 8.97599, 7.86397, 7.38916, 7.3969]",-0.0219035,"[12.853, 15.2624, 13.1563, 13.3595]",0.343677
1.0,0.145326,0.0,0.0,7.484,0.0,1955.09,-2.4696,93.9924,1,"[200.0, 200.0, 200.0, 200.0, 200.0, 200.0, 200.0, 200.0, 200.0, 200.0, 200.0, 200.0, 200.0, 200.0, 200.0, 200.0, 200.0, 200.0, 200.0, 200.0, 200.0, 200.0, 200.0, 200.0, 200.0, 200.0, 200.0, 200.0, 200.0, 200.0, 200.0, 200.0, 200.0, 200.0, 200.0, 200.0]",1,1879.85,15.1402,-1.94216,0.49537,-0.8,"[7.78075, 8.47103, 10.2106, 14.7697, 67.785, 50.0053, 42.0187, 34.9771, 29.0412, 24.2336, 20.4496, 17.5148, 15.2454, 13.4826, 11.0113, 8.88894, 7.80987, 7.35656, 7.38187]",-0.0251434,"[11.7431, 12.4667, 12.4102, 15.4797]",0.343633
1.0,0.155581,0.0,0.0,7.506,0.0,1955.18,-2.37903,93.9923,1,"[200.0, 200.0, 200.0, 200.0, 200.0, 200.0, 200.0, 200.0, 200.0, 200.0, 200.0, 200.0, 200.0, 200.0, 200.0, 200.0, 200.0, 200.0, 200.0, 200.0, 200.0, 200.0, 200.0, 200.0, 200.0, 200.0, 200.0, 200.0, 200.0, 200.0, 200.0, 200.0, 200.0, 200.0, 200.0, 200.0]",1,1945.23,15.4986,-1.9734,0.496893,-0.8,"[7.8206, 8.54387, 10.3502, 15.1541, 66.674, 48.9812, 41.0875, 34.1658, 28.3626, 23.6837, 20.0119, 17.168, 14.9694, 13.2607, 10.8626, 8.80062, 7.75462, 7.323, 7.36618]",-0.0285848,"[11.6277, 14.5972, 12.7275, 15.3177]",0.34463
1.0,0.166115,0.0,0.0,7.528,0.0,1955.27,-2.2865,93.9922,1,"[200.0, 200.0, 200.0, 200.0, 200.0, 200.0, 200.0, 200.0, 200.0, 200.0, 200.0, 200.0, 200.0, 200.0, 200.0, 200.0, 200.0, 200.0, 200.0, 200.0, 200.0, 200.0, 200.0, 200.0, 200.0, 200.0, 200.0, 200.0, 200.0, 200.0, 200.0, 200.0, 200.0, 200.0, 200.0, 200.0]",1,1884.27,15.8841,-2.01299,0.455355,-0.8,"[7.86356, 8.62164, 10.4998, 15.5782, 65.5324, 47.9365, 40.1419, 33.346, 27.6798, 23.1319, 19.5731, 16.8202, 14.6922, 13.0374, 10.7123, 8.71076, 7.69806, 7.28842, 7.34985]",-0.0322388,"[13.856, 15.862, 13.973, 13.9925]",0.346347
1.0,0.176907,0.0,0.0,7.55,0.0,1955.37,-2.19189,93.9922,1,"[200.0, 200.0, 200.0, 200.0, 200.0, 200.0, 200.0, 200.0, 200.0, 200.0, 200.0, 200.0, 200.0, 200.0, 200.0, 200.0, 200.0, 200.0, 200.0, 200.0, 200.0, 200.0, 200.0, 200.0, 200.0, 200.0, 200.0, 200.0, 200.0, 200.0, 200.0, 200.0, 200.0, 200.0, 200.0, 200.0]",1,1973.93,16.3326,-2.08218,0.388006,-0.8,"[7.90985, 8.70466, 10.66, 16.0478, 64.3627, 46.8739, 39.1849, 32.5204, 26.995, 22.5799, 19.1344, 16.4722, 14.4143, 12.8132, 10.5607, 8.61942, 7.64019, 7.25278, 7.33279]",-0.0361206,"[12.0539, 14.0702, 13.6977, 15.7097]",0.347975
1.0,0.187927,0.0,0.0,7.572,0.0,1955.46,-2.09534,93.9921,1,"[200.0, 200.0, 200.0, 200.0, 200.0, 200.0, 200.0, 200.0, 200.0, 200.0, 200.0, 200.0, 200.0, 200.0, 200.0, 200.0, 200.0, 200.0, 200.0, 200.0, 200.0, 200.0, 200.0, 200.0, 200.0, 200.0, 200.0, 200.0, 200.0, 200.0, 200.0, 200.0, 200.0, 200.0, 200.0, 200.0]",1,2043.17,16.682,-2.11374,0.334557,-0.8,"[7.9596, 8.79309, 10.8312, 16.5696, 63.1684, 45.7972, 38.22, 31.6921, 26.3109, 22.0297, 18.6974, 16.1253, 14.1368, 12.5886, 10.4081, 8.52685, 7.58109, 7.21608, 7.31496]",-0.0402364,"[13.2587, 15.6215, 13.789, 15.9726]",0.34859
1.0,0.199219,0.0,0.0,7.594,0.0,1955.56,-1.99695,93.992,1,"[200.0, 200.0, 200.0, 200.0, 200.0, 200.0, 200.0, 200.0, 200.0, 200.0, 200.0, 200.0, 200.0, 200.0, 200.0, 200.0, 200.0, 200.0, 200.0, 200.0, 200.0, 200.0, 200.0, 200.0, 200.0, 200.0, 200.0, 200.0, 200.0, 200.0, 200.0, 200.0, 200.0, 200.0, 200.0, 200.0]",1,1998.41,17.0761,-2.16762,0.342014,-0.8,"[8.01309, 8.88751, 11.0149, 17.1554, 61.9454, 44.7037, 37.2451, 30.8596, 25.626, 21.4801, 18.2611, 15.7785, 13.8589, 12.3633, 10.2541, 8.43277, 7.52065, 7.17826, 7.29638]",-0.0445984,"[15.1673, 16.6972, 14.67, 15.1258]",0.347696
1.0,0.210784,0.0,0.0,7.616,0.0,1955.66,-1.89648,93.9919,1,"[200.0, 200.0, 200.0, 200.0, 200.0, 200.0, 200.0, 200.0, 200.0, 200.0, 200.0, 200.0, 200.0, 200.0, 200.0, 200.0, 200.0, 200.0, 200.0, 200.0, 200.0, 200.0, 200.0, 200.0, 200.0, 200.0, 200.0, 200.0, 200.0, 200.0, 200.0, 200.0, 200.0, 200.0, 200.0, 200.0]",1,2123.22,17.5249,-2.24365,0.435419,-0.8,"[8.07063, 8.9884, 11.2125, 17.8195, 60.6938, 43.5943, 36.2613, 30.0238, 24.9411, 20.9316, 17.8257, 15.4321, 13.5807, 12.1371, 10.0988, 8.33717, 7.45879, 7.13924, 7.27691]",-0.0492259,"[12.69, 14.5304, 14.6068, 17.0395]",0.345659
1.0,0.222546,0.0,0.0,7.638,0.0,1955.77,-1.79431,93.9918,1,"[200.0, 200.0, 200.0, 200.0, 200.0, 200.0, 200.0, 200.0, 200.0, 200.0, 200.0, 200.0, 200.0, 200.0, 200.0, 200.0, 200.0, 200.0, 200.0, 200.0, 200.0, 200.0, 200.0, 200.0, 200.0, 200.0, 200.0, 200.0, 200.0, 200.0, 200.0, 200.0, 200.0, 200.0, 200.0, 200.0]",1,2220.34,17.843,-2.26676,0.584277,-0.8,"[8.13219, 9.09568, 11.4239, 18.5762, 59.4222, 42.477, 35.2761, 29.1911, 24.2613, 20.3882, 17.3943, 15.0883, 13.304, 11.9116, 9.94308, 8.24052, 7.39572, 7.0991, 7.25655]",-0.0541158,"[14.2667, 18.3945, 14.442, 17.6148]",0.34361
1.0,0.234551,0.0,0.0,7.66,0.0,1955.87,-1.69031,93.9917,1,"[200.0, 200.0, 200.0, 200.0, 200.0, 200.0, 200.0, 200.0, 200.0, 200.0, 200.0, 200.0, 200.0, 200.0, 200.0, 200.0, 200.0, 200.0, 200.0, 200.0, 200.0, 200.0, 200.0, 200.0, 200.0, 200.0, 200.0, 200.0, 200.0, 200.0, 200.0, 200.0, 200.0, 200.0, 200.0, 200.0]",1,2141.9,18.3179,-2.30982,0.719866,-0.8,"[8.19807, 9.21001, 11.6511, 19.454, 58.1265, 41.3494, 34.2873, 28.3599, 23.5851, 19.8485, 16.9657, 14.7462, 13.028, 11.6861, 9.78655, 8.14264, 7.33141, 7.05782, 7.23531]",-0.0592743,"[15.5553, 16.8058, 15.798, 15.9635]",0.342727
1.0,0.246779,0.0,0.0,7.682,0.0,1955.98,-1.58447,93.9917,1,"[200.0, 200.0, 200.0, 200.0, 200.0, 200.0, 200.0, 200.0, 200.0, 200.0, 200.0, 200.0, 200.0, 200.0, 200.0, 200.0, 200.0, 200.0, 200.0, 200.0, 200.0, 200.0, 200.0, 200.0, 200.0, 200.0, 200.0, 200.0, 200.0, 200.0, 200.0, 200.0, 200.0, 200.0, 200.0, 200.0]",1,2235.65,18.7509,-2.36334,0.783008,-0.8,"[8.26852, 9.3318, 11.8954, 20.492, 56.8092, 40.2142, 33.2978, 27.5322, 22.9142, 19.3137, 16.5407, 14.4064, 12.7533, 11.461, 9.62938, 8.04356, 7.26579, 7.01534, 7.21312]",-0.0647166,"[14.4786, 16.0386, 15.9974, 17.6104]",0.343361
1.0,0.257967,0.0,0.0,7.704,0.0,1956.08,-1.47607,93.9915,1,"[200.0, 200.0, 200.0, 200.0, 200.0, 200.0, 200.0, 200.0, 200.0, 200.0, 200.0, 200.0, 200.0, 200.0, 200.0, 200.0, 200.0, 200.0, 200.0, 200.0, 200.0, 200.0, 200.0, 200.0, 200.0, 200.0, 200.0, 200.0, 200.0, 200.0, 200.0, 200.0, 200.0, 200.0, 200.0, 200.0]",1,2352.16,19.2394,-1.94863,0.768136,0.004,"[8.33951, 9.45217, 12.1365, 21.6308, 55.602, 39.1814, 32.4011, 26.7844, 22.3086, 18.8304, 16.1554, 14.097, 12.5019, 11.2538, 9.48312, 7.94966, 7.20219, 6.9727, 7.18884]",-0.0703125,"[15.1818, 17.9222, 16.1402, 18.1663]",0.344776
1.0,0.265302,0.0,0.0,7.726,0.0,1956.2,-1.36389,93.9914,1,"[200.0, 200.0, 200.0, 200.0, 200.0, 200.0, 200.0, 200.0, 200.0, 200.0, 200.0, 200.0, 200.0, 200.0, 200.0, 200.0, 200.0, 200.0, 200.0, 200.0, 200.0, 200.0, 200.0, 200.0, 200.0, 200.0, 200.0, 200.0, 200.0, 200.0, 200.0, 200.0, 200.0, 200.0, 200.0, 200.0]",1,2368.69,19.7921,-1.09734,0.720264,0.005,"[8.39984, 9.54787, 12.3207, 22.561, 54.794, 38.4867, 31.7958, 26.2769, 21.8944, 18.4963, 15.8859, 13.8777, 12.3211, 11.1027, 9.3731, 7.87532, 7.14848, 6.9329, 7.16064]",-0.0756195,"[16.6637, 17.4395, 17.495, 17.6501]",0.34574
1.0,0.268488,0.0,0.0,7.748,0.0,1956.31,-1.24744,93.9912,1,"[200.0, 200.0, 200.0, 200.0, 200.0, 200.0, 200.0, 200.0, 200.0, 200.0, 200.0, 200.0, 200.0, 200.0, 200.0, 200.0, 200.0, 200.0, 200.0, 200.0, 200.0, 200.0, 200.0, 200.0, 200.0, 200.0, 200.0, 200.0, 200.0, 200.0, 200.0, 200.0, 200.0, 200.0, 200.0, 200.0]",1,2418.2,20.3317,-0.279669,0.702472,0.005,"[8.44591, 9.61272, 12.4336, 23.1036, 54.4144, 38.1479, 31.4938, 26.0171, 21.6762, 18.315, 15.7351, 13.7512, 12.2136, 11.0101, 9.30155, 7.82236, 7.10607, 6.89698, 7.12917]",-0.080422,"[16.4546, 16.9818, 17.613, 18.2355]",0.345578
1.0,0.270227,0.0,0.0,7.77,0.0,1956.43,-1.12744,93.9911,1,"[200.0, 200.0, 200.0, 200.0, 200.0, 200.0, 200.0, 200.0, 200.0, 200.0, 200.0, 200.0, 200.0, 200.0, 200.0, 200.0, 200.0, 200.0, 200.0, 200.0, 200.0, 200.0, 200.0, 200.0, 200.0, 200.0, 200.0, 200.0, 200.0, 200.0, 200.0, 200.0, 200.0, 200.0, 200.0, 200.0]",1,2517.34,20.8078,-0.00451315,0.732397,0.005,"[8.48625, 9.66583, 12.5198, 23.4934, 54.1847, 37.9332, 31.2974, 25.8435, 21.5265, 18.1873, 15.6261, 13.6575, 12.1322, 10.9384, 9.24399, 7.77745, 7.06818, 6.863, 7.09718]",-0.084963,"[17.4095, 17.941, 18.7382, 18.6035]",0.344761
1.0,0.271896,0.0,0.0,7.792,0.0,1956.56,-1.00415,93.9909,1,"[200.0, 200.0, 200.0, 200.0, 200.0, 200.0, 200.0, 200.0, 200.0, 200.0, 200.0, 200.0, 200.0, 200.0, 200.0, 200.0, 200.0, 200.0, 200.0, 200.0, 200.0, 200.0, 200.0, 200.0, 200.0, 200.0, 200.0, 200.0, 200.0, 200.0, 200.0, 200.0, 200.0, 200.0, 200.0, 200.0]",1,2606.03,21.3363,0.0616114,0.760671,0.005,"[8.52674, 9.71896, 12.6059, 23.8959, 53.9613, 37.7237, 31.1055, 25.6737, 21.3797, 18.0618, 15.5188, 13.565, 12.0516, 10.8674, 9.18679, 7.73261, 7.03021, 6.82877, 7.06477]",-0.0895386,"[18.8274, 18.4567, 20.2466, 18.2282]",0.34463
1.0,0.273585,0.0,0.0,7.814,0.0,1956.68,-0.877808,93.9907,1,"[200.0, 200.0, 200.0, 200.0, 200.0, 200.0, 200.0, 200.0, 200.0, 200.0, 200.0, 200.0, 200.0, 200.0, 200.0, 200.0, 200.0, 200.0, 200.0, 200.0, 200.0, 200.0, 200.0, 200.0, 200.0, 200.0, 200.0, 200.0, 200.0, 200.0, 200.0, 200.0, 200.0, 200.0, 200.0, 200.0]",1,2648.4,21.9134,0.0868506,0.662946,0.005,"[8.56829, 9.77351, 12.6945, 24.3298, 53.734, 37.5106, 30.9103, 25.5009, 21.2304, 17.9341, 15.4095, 13.4709, 11.9696, 10.7951, 9.12841, 7.68677, 6.99132, 6.79369, 7.03148]",-0.0942332,"[18.4604, 18.2647, 19.5192, 19.7311]",0.346113
1.0,0.275294,0.0,0.0,7.836,0.0,1956.81,-0.748291,93.9906,1,"[200.0, 200.0, 200.0, 200.0, 200.0, 200.0, 200.0, 200.0, 200.0, 200.0, 200.0, 200.0, 200.0, 200.0, 200.0, 200.0, 200.0, 200.0, 200.0, 200.0, 200.0, 200.0, 200.0, 200.0, 200.0, 200.0, 200.0, 200.0, 200.0, 200.0, 200.0, 200.0, 200.0, 200.0, 200.0, 200.0]",1,2739.39,22.4706,0.0922553,0.579818,0.006,"[8.61112, 9.82969, 12.7858, 24.8006, 53.5026, 37.2935, 30.7114, 25.3249, 21.0782, 17.8039, 15.2981, 13.3748, 11.8859, 10.7211, 9.06865, 7.63976, 6.95133, 6.75753, 6.99711]",-0.0990702,"[18.6373, 19.547, 19.7358, 20.7851]",0.348779
1.0,0.277046,0.0,0.0,7.858,0.0,1956.94,-0.615601,93.9904,1,"[200.0, 200.0, 200.0, 200.0, 200.0, 200.0, 200.0, 200.0, 200.0, 200.0, 200.0, 200.0, 200.0, 200.0, 200.0, 200.0, 200.0, 200.0, 200.0, 200.0, 200.0, 200.0, 200.0, 200.0, 200.0, 200.0, 200.0, 200.0, 200.0, 200.0, 200.0, 200.0, 200.0, 200.0, 200.0, 200.0]",1,2820.01,23.0694,0.0991992,0.433929,0.006,"[8.65532, 9.88777, 12.8805, 25.32, 53.2648, 37.0705, 30.5072, 25.1442, 20.9221, 17.6704, 15.1839, 13.2762, 11.7999, 10.6453, 9.00725, 7.59139, 6.91019, 6.72028, 6.96164]",-0.104058,"[19.464, 18.5644, 20.688, 21.061]",0.350805
1.0,0.278772,0.0,0.0,7.88,0.0,1957.08,-0.479492,93.9902,1,"[200.0, 200.0, 200.0, 200.0, 200.0, 200.0, 200.0, 200.0, 200.0, 200.0, 200.0, 200.0, 200.0, 200.0, 200.0, 200.0, 200.0, 200.0, 200.0, 200.0, 200.0, 200.0, 200.0, 200.0, 200.0, 200.0, 200.0, 200.0, 200.0, 200.0, 200.0, 200.0, 200.0, 200.0, 200.0, 200.0]",1,2848.57,23.6721,0.0976057,0.353909,0.006,"[8.70084, 9.94738, 12.9774, 25.8862, 53.0272, 36.8469, 30.3021, 24.9625, 20.7648, 17.5356, 15.0683, 13.1764, 11.7126, 10.568, 8.94463, 7.54185, 6.86786, 6.68181, 6.92484]",-0.109209,"[19.8717, 19.6595, 21.0045, 21.1787]",0.350142
1.0,0.280499,0.0,0.0,7.902,0.0,1957.22,-0.339966,93.9901,1,"[200.0, 200.0, 200.0, 200.0, 200.0, 200.0, 200.0, 200.0, 200.0, 200.0, 200.0, 200.0, 200.0, 200.0, 200.0, 200.0, 200.0, 200.0, 200.0, 200.0, 200.0, 200.0, 200.0, 200.0, 200.0, 200.0, 200.0, 200.0, 200.0, 200.0, 200.0, 200.0, 200.0, 200.0, 200.0, 200.0]",1,2893.04,24.2807,0.0930478,0.411867,0.006,"[8.74782, 10.0088, 13.0774, 26.5175, 52.7869, 36.6202, 30.094, 24.7779, 20.605, 17.3985, 14.9506, 13.0745, 11.6235, 10.4891, 8.88047, 7.49095, 6.82424, 6.64206, 6.8867]",-0.114533,"[19.5131, 21.1794, 21.678, 21.1447]",0.347003
1.0,0.282358,0.0,0.0,7.924,0.0,1957.36,-0.197144,93.9899,1,"[200.0, 200.0, 200.0, 200.0, 200.0, 200.0, 200.0, 200.0, 200.0, 200.0, 200.0, 200.0, 200.0, 200.0, 200.0, 200.0, 200.0, 200.0, 200.0, 200.0, 200.0, 200.0, 200.0, 200.0, 200.0, 200.0, 200.0, 200.0, 200.0, 200.0, 200.0, 200.0, 200.0, 200.0, 200.0, 200.0]",1,2977.84,24.8991,0.0917729,0.614268,0.007,"[8.79665, 10.0731, 13.1828, 27.2654, 52.5305, 36.3798, 29.8741, 24.5836, 20.4371, 17.2549, 14.8275, 12.9682, 11.5307, 10.407, 8.81384, 7.4382, 6.77915, 6.60103, 6.84743]",-0.120033,"[21.7463, 19.4655, 22.7069, 21.3366]",0.344043
1.0,0.284259,0.0,0.0,7.946,0.0,1957.51,-0.0509033,93.9896,1,"[200.0, 200.0, 200.0, 200.0, 200.0, 200.0, 200.0, 200.0, 200.0, 200.0, 200.0, 200.0, 200.0, 200.0, 200.0, 200.0, 200.0, 200.0, 200.0, 200.0, 200.0, 200.0, 200.0, 200.0, 200.0, 200.0, 200.0, 200.0, 200.0, 200.0, 200.0, 200.0, 200.0, 200.0, 200.0, 200.0]",1,3094.57,25.5029,0.0961775,0.788161,0.007,"[8.84709, 10.1395, 13.2922, 28.1564, 52.2672, 36.1331, 29.6486, 24.3843, 20.265, 17.1077, 14.7014, 12.8593, 11.4354, 10.3227, 8.74539, 7.38395, 6.73269, 6.55872, 6.80686]",-0.125706,"[21.7343, 21.8305, 22.8256, 23.0677]",0.343768
1.0,0.286232,0.0,0.0,7.968,0.0,1957.66,0.098877,93.9894,1,"[200.0, 200.0, 200.0, 200.0, 200.0, 200.0, 200.0, 200.0, 200.0, 200.0, 200.0, 200.0, 200.0, 200.0, 200.0, 200.0, 200.0, 200.0, 200.0, 200.0, 200.0, 200.0, 200.0, 200.0, 200.0, 200.0, 200.0, 200.0, 200.0, 200.0, 200.0, 200.0, 200.0, 200.0, 200.0, 200.0]",1,3240.21,26.158,0.106993,0.761062,0.007,"[8.89927, 10.2084, 13.4062, 29.2934, 51.9939, 35.8775, 29.4152, 24.1785, 20.0875, 16.956, 14.5715, 12.7471, 11.3374, 10.236, 8.67491, 7.32807, 6.68482, 6.51511, 6.76503]",-0.131557,"[21.6988, 22.8089, 23.3856, 24.4697]",0.345309
1.0,0.288237,0.0,0.0,7.99,0.0,1957.81,0.252319,93.9891,1,"[200.0, 200.0, 200.0, 200.0, 200.0, 200.0, 200.0, 200.0, 200.0, 200.0, 200.0, 200.0, 200.0, 200.0, 200.0, 200.0, 200.0, 200.0, 200.0, 200.0, 200.0, 200.0, 200.0, 200.0, 200.0, 200.0, 200.0, 200.0, 200.0, 200.0, 200.0, 200.0, 200.0, 200.0, 200.0, 200.0]",1,3451.61,26.8327,0.119913,0.607639,0.007,"[8.9531, 10.2795, 13.5241, 30.954, 51.7145, 35.6162, 29.1767, 23.9682, 19.9062, 16.801, 14.4387, 12.6323, 11.2371, 10.1471, 8.60265, 7.27065, 6.63556, 6.47015, 6.72181]",-0.137591,"[22.3895, 22.1121, 25.2676, 25.7574]",0.345435
1.0,0.290009,0.0,0.0,8.01,0.0,1957.96,0.395142,93.9889,1,"[200.0, 200.0, 200.0, 200.0, 200.0, 200.0, 200.0, 200.0, 200.0, 200.0, 200.0, 200.0, 200.0, 200.0, 200.0, 200.0, 200.0, 200.0, 200.0, 200.0, 200.0, 200.0, 200.0, 200.0, 200.0, 200.0, 200.0, 200.0, 200.0, 200.0, 200.0, 200.0, 200.0, 200.0, 200.0, 200.0]",1,3434.62,27.5084,0.116207,0.583202,0.007,"[9.00337, 10.3456, 13.6336, 79.5832, 51.4629, 35.3797, 28.9604, 23.777, 19.741, 16.6594, 14.3171, 12.527, 11.1448, 10.0653, 8.53581, 7.2173, 6.58958, 6.42797, 6.68107]",-0.14325,"[23.3144, 22.2061, 25.6571, 25.3311]",0.343409
1.0,0.291876,0.0,0.0,8.03,0.0,1958.1,0.541382,93.9887,1,"[200.0, 200.0, 200.0, 200.0, 200.0, 200.0, 200.0, 200.0, 200.0, 200.0, 200.0, 200.0, 200.0, 200.0, 200.0, 200.0, 200.0, 200.0, 200.0, 200.0, 200.0, 200.0, 200.0, 200.0, 200.0, 200.0, 200.0, 200.0, 200.0, 200.0, 200.0, 200.0, 200.0, 200.0, 200.0, 200.0]",1,3406.08,28.1589,0.104683,0.746717,0.007,"[9.05553, 10.4145, 13.7483, 79.3482, 51.1987, 35.1324, 28.7346, 23.5779, 19.5692, 16.5125, 14.1911, 12.4179, 11.0493, 9.98055, 8.46669, 7.16216, 6.54208, 6.38443, 6.63904]",-0.149095,"[24.6599, 23.1668, 25.1203, 25.2699]",0.343491
1.0,0.293786,0.0,0.0,8.05,0.0,1958.25,0.690796,93.9884,1,"[200.0, 200.0, 200.0, 200.0, 200.0, 200.0, 200.0, 200.0, 200.0, 200.0, 200.0, 200.0, 200.0, 200.0, 200.0, 200.0, 200.0, 200.0, 200.0, 200.0, 200.0, 200.0, 200.0, 200.0, 200.0, 200.0, 200.0, 200.0, 200.0, 200.0, 200.0, 200.0, 200.0, 200.0, 200.0, 200.0]",1,3500.2,28.7923,0.105182,0.924518,0.007,"[9.10938, 10.4857, 13.8673, 79.1067, 50.9273, 34.8783, 28.5029, 23.3737, 19.3931, 16.3618, 14.0619, 12.3061, 10.9513, 9.89363, 8.39572, 7.10547, 6.49319, 6.33957, 6.59566]",-0.155121,"[24.7457, 24.5843, 25.7782, 25.9808]",0.341827
1.0,0.295705,0.0,0.0,8.07,0.0,1958.4,0.842041,93.9884,2,"[200.0, 200.0, 200.0, 200.0, 200.0, 200.0, 200.0, 200.0, 200.0, 200.0, 200.0, 200.0, 200.0, 200.0, 200.0, 200.0, 200.0, 200.0, 200.0, 200.0, 200.0, 200.0, 200.0, 200.0, 200.0, 200.0, 200.0, 200.0, 200.0, 200.0, 200.0, 200.0, 200.0, 200.0, 200.0, 200.0]",1,2142.75,28.8305,0.109343,0.914046,0.007,"[9.16429, 10.5583, 13.9891, 78.8626, 50.6527, 34.6214, 28.2686, 23.1673, 19.2152, 16.2096, 13.9313, 12.193, 10.8522, 9.80563, 8.32377, 7.04791, 6.44347, 6.29386, 6.55138]",-0.161261,"[24.6711, 24.7902, 25.2313, 25.343]",0.342731
1.0,0.297652,0.0,0.0,8.09,0.0,1958.55,0.99292,93.9884,2,"[200.0, 200.0, 200.0, 200.0, 200.0, 200.0, 200.0, 200.0, 200.0, 200.0, 200.0, 200.0, 200.0, 200.0, 200.0, 200.0, 200.0, 200.0, 200.0, 200.0, 200.0, 200.0, 200.0, 200.0, 200.0, 200.0, 200.0, 200.0, 200.0, 200.0, 200.0, 200.0, 200.0, 200.0, 200.0, 200.0]",1,2154.9,28.8265,0.114948,0.745397,0.007,"[9.21966, 10.6318, 14.113, 78.6147, 50.3744, 34.3616, 28.0321, 22.9593, 19.0361, 16.0566, 13.8001, 12.0794, 10.7526, 9.71727, 8.25154, 6.9901, 6.39353, 6.24795, 6.50688]",-0.167433,"[24.4893, 24.4695, 24.986, 24.8295]",0.345711
1.0,0.29959,0.0,0.0,8.11,0.0,1958.7,1.14343,93.9884,2,"[200.0, 200.0, 200.0, 200.0, 200.0, 200.0, 200.0, 200.0, 200.0, 200.0, 200.0, 200.0, 200.0, 200.0, 200.0, 200.0, 200.0, 200.0, 200.0, 200.0, 200.0, 200.0, 200.0, 200.0, 200.0, 200.0, 200.0, 200.0, 200.0, 200.0, 200.0, 200.0, 200.0, 200.0, 200.0, 200.0]",1,2167.04,28.8119,0.112065,0.66156,0.008,"[9.27537, 10.7058, 14.2383, 78.3668, 50.0959, 34.1018, 27.7957, 22.7515, 18.8574, 15.9038, 13.669, 11.966, 10.6532, 9.62894, 8.17926, 6.9322, 6.34342, 6.20181, 6.46211]",-0.173635,"[24.2907, 24.4413, 24.806, 24.6908]",0.347923
1.0,0.301523,0.0,0.0,8.13,0.0,1958.85,1.2937,93.9884,2,"[200.0, 200.0, 200.0, 200.0, 200.0, 200.0, 200.0, 200.0, 200.0, 200.0, 200.0, 200.0, 200.0, 200.0, 200.0, 200.0, 200.0, 200.0, 200.0, 200.0, 200.0, 200.0, 200.0, 200.0, 200.0, 200.0, 200.0, 200.0, 200.0, 200.0, 200.0, 200.0, 200.0, 200.0, 200.0, 200.0]",1,2179.17,28.8338,0.103768,0.785074,0.008,"[9.33152, 10.7804, 14.3651, 78.1184, 49.8168, 33.8415, 27.5591, 22.5436, 18.6786, 15.7511, 13.5381, 11.8525, 10.5536, 9.54051, 8.10685, 6.87408, 6.29307, 6.1554, 6.417]",-0.179877,"[23.3885, 23.9839, 23.9084, 24.3829]",0.347671
1.0,0.303473,0.0,0.0,8.15,0.0,1959.0,1.44348,93.9884,2,"[200.0, 200.0, 200.0, 200.0, 200.0, 200.0, 200.0, 200.0, 200.0, 200.0, 200.0, 200.0, 200.0, 200.0, 200.0, 200.0, 200.0, 200.0, 200.0, 200.0, 200.0, 200.0, 200.0, 200.0, 200.0, 200.0, 200.0, 200.0, 200.0, 200.0, 200.0, 200.0, 200.0, 200.0, 200.0, 200.0]",1,2191.29,28.8398,0.104997,0.945981,0.008,"[9.38815, 10.8559, 14.4941, 77.8671, 49.5348, 33.5791, 27.3208, 22.3346, 18.499, 15.5978, 13.4066, 11.7386, 10.4538, 9.45177, 8.03414, 6.81571, 6.24247, 6.10872, 6.37159]",-0.186156,"[23.1109, 22.5603, 23.5376, 23.594]",0.346225
1.0,0.305411,0.0,0.0,8.17,0.0,1959.15,1.59302,93.9884,2,"[200.0, 200.0, 200.0, 200.0, 200.0, 200.0, 200.0, 200.0, 200.0, 200.0, 200.0, 200.0, 200.0, 200.0, 200.0, 200.0, 200.0, 200.0, 200.0, 200.0, 200.0, 200.0, 200.0, 200.0, 200.0, 200.0, 200.0, 200.0, 200.0, 200.0, 200.0, 200.0, 200.0, 200.0, 200.0, 200.0]",1,2203.4,28.7791,0.114545,0.882996,0.009,"[9.44511, 10.9319, 14.6244, 77.616, 49.2529, 33.3169, 27.0829, 22.126, 18.3199, 15.4448, 13.2754, 11.625, 10.354, 9.36314, 7.96144, 6.75727, 6.19173, 6.06184, 6.32593]",-0.192463,"[23.5632, 22.8889, 24.0375, 23.998]",0.34572
1.0,0.30737,0.0,0.0,8.19,0.0,1959.3,1.74231,93.9884,2,"[200.0, 200.0, 200.0, 200.0, 200.0, 200.0, 200.0, 200.0, 200.0, 200.0, 200.0, 200.0, 200.0, 200.0, 200.0, 200.0, 200.0, 200.0, 200.0, 200.0, 200.0, 200.0, 200.0, 200.0, 200.0, 200.0, 200.0, 200.0, 200.0, 200.0, 200.0, 200.0, 200.0, 200.0, 200.0, 200.0]",1,2215.5,28.7169,0.122149,0.711409,0.009,"[9.50246, 11.0087, 14.7568, 77.3616, 48.9679, 33.0524, 26.8433, 21.9163, 18.14, 15.2914, 13.1439, 11.511, 10.2541, 9.27428, 7.88857, 6.69865, 6.14084, 6.0148, 6.28007]",-0.198796,"[23.8978, 23.515, 24.3381, 24.6995]",0.346165
1.0,0.309312,0.0,0.0,8.21,0.0,1959.45,1.89124,93.9884,2,"[200.0, 200.0, 200.0, 200.0, 200.0, 200.0, 200.0, 200.0, 200.0, 200.0, 200.0, 200.0, 200.0, 200.0, 200.0, 200.0, 200.0, 200.0, 200.0, 200.0, 200.0, 200.0, 200.0, 200.0, 200.0, 200.0, 200.0, 200.0, 200.0, 200.0, 200.0, 200.0, 200.0, 200.0, 200.0, 200.0]",1,2094.61,28.6646,0.119315,0.633021,0.009,"[9.56019, 11.086, 14.8906, 77.1082, 48.6833, 32.7885, 26.6043, 21.7072, 17.9606, 15.1383, 13.0127, 11.3973, 10.1543, 9.1855, 7.81567, 6.63991, 6.08974, 5.96749, 6.23388]",-0.205163,"[24.9843, 24.4107, 24.4088, 24.4934]",0.346205
1.0,0.310971,0.0,0.0,8.23,0.0,1959.6,2.04053,93.9883,2,"[200.0, 200.0, 200.0, 200.0, 200.0, 200.0, 200.0, 200.0, 200.0, 200.0, 200.0, 200.0, 200.0, 200.0, 200.0, 200.0, 200.0, 200.0, 200.0, 200.0, 200.0, 200.0, 200.0, 200.0, 200.0, 200.0, 200.0, 200.0, 200.0, 200.0, 200.0, 200.0, 200.0, 200.0, 200.0, 200.0]",1,2115.19,28.8859,0.172561,0.727208,0.027,"[9.61734, 11.1615, 15.0194, 76.885, 48.4265, 32.5457, 26.3825, 21.5115, 17.7915, 14.993, 12.8873, 11.288, 10.0579, 9.09933, 7.74433, 6.58184, 6.03876, 5.91985, 6.18687]",-0.211567,"[26.0811, 25.8771, 24.4344, 25.2028]",0.344569
1.0,0.312534,0.0,0.0,8.25,0.0,1959.75,2.19104,93.9883,2,"[200.0, 200.0, 200.0, 200.0, 200.0, 200.0, 200.0, 200.0, 200.0, 200.0, 200.0, 200.0, 200.0, 200.0, 200.0, 200.0, 200.0, 200.0, 200.0, 200.0, 200.0, 200.0, 200.0, 200.0, 200.0, 200.0, 200.0, 200.0, 200.0, 200.0, 200.0, 200.0, 200.0, 200.0, 200.0, 200.0]",1,2150.13,29.1507,0.192695,0.859412,0.028,"[9.6748, 11.2371, 15.148, 76.6713, 48.1776, 32.3089, 26.1655, 21.3195, 17.625, 14.8497, 12.7632, 11.1797, 9.96206, 9.01355, 7.67306, 6.52358, 5.98741, 5.87168, 6.13909]",-0.218041,"[25.4601, 25.9361, 25.4573, 24.9525]",0.342659
1.0,0.31407,0.0,0.0,8.27,0.0,1959.9,2.34277,93.9882,2,"[200.0, 200.0, 200.0, 200.0, 200.0, 200.0, 200.0, 200.0, 200.0, 200.0, 200.0, 200.0, 200.0, 200.0, 200.0, 200.0, 200.0, 200.0, 200.0, 200.0, 200.0, 200.0, 200.0, 200.0, 200.0, 200.0, 200.0, 200.0, 200.0, 200.0, 200.0, 200.0, 200.0, 200.0, 200.0, 200.0]",1,2154.73,29.4242,0.203055,0.926764,0.029,"[9.7329, 11.3134, 15.278, 76.4594, 47.9297, 32.0724, 25.9485, 21.1274, 17.4585, 14.7061, 12.6389, 11.071, 9.86587, 8.92736, 7.60135, 6.46482, 5.93552, 5.8229, 6.09063]",-0.224594,"[25.1938, 25.2492, 25.2379, 25.5446]",0.343109
1.0,0.315572,0.0,0.0,8.29,0.0,1960.06,2.49561,93.9881,2,"[200.0, 200.0, 200.0, 200.0, 200.0, 200.0, 200.0, 200.0, 200.0, 200.0, 200.0, 200.0, 200.0, 200.0, 200.0, 200.0, 200.0, 200.0, 200.0, 200.0, 200.0, 200.0, 200.0, 200.0, 200.0, 200.0, 200.0, 200.0, 200.0, 200.0, 200.0, 200.0, 200.0, 200.0, 200.0, 200.0]",1,2189.52,29.679,0.212799,0.844922,0.029,"[9.79166, 11.3906, 15.4095, 76.2499, 47.6834, 31.8366, 25.732, 20.9355, 17.2919, 14.5624, 12.5144, 10.962, 9.76933, 8.84077, 7.52919, 6.40556, 5.88308, 5.77349, 6.04142]",-0.231231,"[25.1806, 25.134, 25.9685, 25.4897]",0.346247
1.0,0.317074,0.0,0.0,8.31,0.0,1960.21,2.64954,93.988,2,"[200.0, 200.0, 200.0, 200.0, 200.0, 200.0, 200.0, 200.0, 200.0, 200.0, 200.0, 200.0, 200.0, 200.0, 200.0, 200.0, 200.0, 200.0, 200.0, 200.0, 200.0, 200.0, 200.0, 200.0, 200.0, 200.0, 200.0, 200.0, 200.0, 200.0, 200.0, 200.0, 200.0, 200.0, 200.0, 200.0]",1,2226.39,29.9368,0.221647,0.690572,0.03,"[9.85121, 11.4688, 15.5433, 76.0393, 47.4351, 31.5988, 25.5137, 20.7422, 17.1241, 14.4176, 12.3889, 10.8521, 9.672, 8.75343, 7.45634, 6.34569, 5.83004, 5.72347, 5.99152]",-0.237951,"[25.2896, 25.1712, 25.8995, 26.2166]",0.348815
1.0,0.318584,0.0,0.0,8.33,0.0,1960.36,2.80469,93.988,2,"[200.0, 200.0, 200.0, 200.0, 200.0, 200.0, 200.0, 200.0, 200.0, 200.0, 200.0, 200.0, 200.0, 200.0, 200.0, 200.0, 200.0, 200.0, 200.0, 200.0, 200.0, 200.0, 200.0, 200.0, 200.0, 200.0, 200.0, 200.0, 200.0, 200.0, 200.0, 200.0, 200.0, 200.0, 200.0, 200.0]",1,2237.67,30.2088,0.22402,0.670668,0.031,"[9.91158, 11.5482, 15.6797, 75.8266, 47.184, 31.3584, 25.2932, 20.5469, 16.9548, 14.2716, 12.2623, 10.7413, 9.57379, 8.6653, 7.38279, 6.28516, 5.77636, 5.67279, 5.94093]",-0.244758,"[25.3752, 25.0938, 26.5172, 25.7797]",0.348007
1.0,0.320084,0.0,0.0,8.35,0.0,1960.52,2.96106,93.9879,2,"[200.0, 200.0, 200.0, 200.0, 200.0, 200.0, 200.0, 200.0, 200.0, 200.0, 200.0, 200.0, 200.0, 200.0, 200.0, 200.0, 200.0, 200.0, 200.0, 200.0, 200.0, 200.0, 200.0, 200.0, 200.0, 200.0, 200.0, 200.0, 200.0, 200.0, 200.0, 200.0, 200.0, 200.0, 200.0, 200.0]",1,2244.97,30.4811,0.225465,0.803404,0.032,"[9.97277, 11.6288, 15.8183, 75.6135, 46.9317, 31.1166, 25.0713, 20.3506, 16.7845, 14.1246, 12.1349, 10.6297, 9.4748, 8.57641, 7.30853, 6.22396, 5.72203, 5.62142, 5.88954]",-0.251658,"[25.4273, 24.7395, 26.0119, 26.5407]",0.345258
1.0,0.321561,0.0,0.0,8.37,0.0,1960.68,3.11853,93.9878,2,"[200.0, 200.0, 200.0, 200.0, 200.0, 200.0, 200.0, 200.0, 200.0, 200.0, 200.0, 200.0, 200.0, 200.0, 200.0, 200.0, 200.0, 200.0, 200.0, 200.0, 200.0, 200.0, 200.0, 200.0, 200.0, 200.0, 200.0, 200.0, 200.0, 200.0, 200.0, 200.0, 200.0, 200.0, 200.0, 200.0]",1,2276.16,30.7326,0.230858,0.910597,0.033,"[10.0347, 11.7102, 15.9588, 75.4016, 46.6796, 30.8743, 24.8489, 20.1536, 16.6135, 13.977, 12.0069, 10.5175, 9.37523, 8.48693, 7.23367, 6.16218, 5.66706, 5.56937, 5.83738]",-0.258649,"[25.7605, 25.3057, 26.7309, 26.3092]",0.344104
1.0,0.323063,0.0,0.0,8.39,0.0,1960.84,3.2771,93.9877,2,"[200.0, 200.0, 200.0, 200.0, 200.0, 200.0, 200.0, 200.0, 200.0, 200.0, 200.0, 200.0, 200.0, 200.0, 200.0, 200.0, 200.0, 200.0, 200.0, 200.0, 200.0, 200.0, 200.0, 200.0, 200.0, 200.0, 200.0, 200.0, 200.0, 200.0, 200.0, 200.0, 200.0, 200.0, 200.0, 200.0]",1,2308.25,30.9886,0.240156,0.869405,0.034,"[10.0976, 11.7931, 16.1025, 75.1857, 46.4228, 30.628, 24.6231, 19.9539, 16.4404, 13.8277, 11.8774, 10.404, 9.27457, 8.39648, 7.15799, 6.09968, 5.61144, 5.51667, 5.78454]",-0.265727,"[26.1296, 25.7544, 27.562, 26.4105]",0.345222
1.0,0.323066,0.0,0.0,8.41,0.0,1961.0,3.43726,93.9876,2,"[200.0, 200.0, 200.0, 200.0, 200.0, 200.0, 200.0, 200.0, 200.0, 200.0, 200.0, 200.0, 200.0, 200.0, 200.0, 200.0, 200.0, 200.0, 200.0, 200.0, 200.0, 200.0, 200.0, 200.0, 200.0, 200.0, 200.0, 200.0, 200.0, 200.0, 200.0, 200.0, 200.0, 200.0, 200.0, 200.0]",1,2351.57,31.2134,0.730169,0.764525,0.8,"[10.154, 11.8609, 16.2047, 75.1383, 46.3195, 30.4972, 24.4894, 19.8247, 16.3202, 13.718, 11.7779, 10.3135, 9.19177, 8.32013, 7.09139, 6.04193, 5.55795, 5.464, 5.72955]",-0.272737,"[26.6354, 25.5329, 27.7203, 27.2347]",0.345672
1.0,0.318537,0.0,0.0,8.43,0.0,1961.16,3.59937,93.9874,2,"[200.0, 200.0, 200.0, 200.0, 200.0, 200.0, 200.0, 200.0, 200.0, 200.0, 200.0, 200.0, 200.0, 200.0, 200.0, 200.0, 200.0, 200.0, 200.0, 200.0, 200.0, 200.0, 200.0, 200.0, 200.0, 200.0, 200.0, 200.0, 200.0, 200.0, 200.0, 200.0, 200.0, 200.0, 200.0, 200.0]",1,2353.32,31.341,1.56665,0.783268,0.8,"[10.1882, 11.8794, 16.1743, 75.6057, 46.6889, 30.7255, 24.643, 19.9157, 16.3655, 13.7326, 11.7727, 10.2958, 9.16608, 8.28929, 7.05472, 6.00089, 5.51315, 5.41387, 5.67068]",-0.279231,"[27.3458, 25.1355, 28.1481, 26.9616]",0.344231
1.0,0.31008,0.0,0.0,8.45,0.0,1961.32,3.76367,93.9873,2,"[200.0, 200.0, 200.0, 200.0, 200.0, 200.0, 200.0, 200.0, 200.0, 200.0, 200.0, 200.0, 200.0, 200.0, 200.0, 200.0, 200.0, 200.0, 200.0, 200.0, 200.0, 200.0, 200.0, 200.0, 200.0, 200.0, 200.0, 200.0, 200.0, 200.0, 200.0, 200.0, 200.0, 200.0, 200.0, 200.0]",1,2338.85,31.4362,2.33238,0.849181,0.8,"[10.2017, 11.8538, 16.0301, 76.5221, 47.4798, 31.2805, 25.0602, 20.2102, 16.5641, 13.8624, 11.8552, 10.346, 9.19386, 8.30129, 7.04678, 5.97661, 5.47805, 5.36818, 5.61104]",-0.28502,"[28.0404, 25.0426, 28.3002, 26.4463]",0.343708
1.0,0.300244,0.0,0.0,8.47,0.0,1961.49,3.92993,93.9871,2,"[200.0, 200.0, 200.0, 200.0, 200.0, 200.0, 200.0, 200.0, 200.0, 200.0, 200.0, 200.0, 200.0, 200.0, 200.0, 200.0, 200.0, 200.0, 200.0, 200.0, 200.0, 200.0, 200.0, 200.0, 200.0, 200.0, 200.0, 200.0, 200.0, 200.0, 200.0, 200.0, 200.0, 200.0, 200.0, 200.0]",1,2358.89,31.6574,2.5776,0.776941,0.037,"[10.2065, 11.8117, 15.8495, 77.599, 48.4331, 31.9708, 25.5902, 20.5933, 16.8301, 14.0433, 11.9767, 10.4264, 9.24578, 8.33288, 7.05244, 5.96108, 5.44901, 5.32671, 5.55411]",-0.29026,"[28.4599, 25.4475, 28.5384, 26.5609]",0.346449
1.0,0.292622,0.0,0.0,8.49,0.0,1961.66,4.09766,93.987,2,"[200.0, 200.0, 200.0, 200.0, 200.0, 200.0, 200.0, 200.0, 200.0, 200.0, 200.0, 200.0, 200.0, 200.0, 200.0, 200.0, 200.0, 200.0, 200.0, 200.0, 200.0, 200.0, 200.0, 200.0, 200.0, 200.0, 200.0, 200.0, 200.0, 200.0, 200.0, 200.0, 200.0, 200.0, 200.0, 200.0]",1,2394.15,31.9852,2.12389,0.531495,0.038,"[10.2201, 11.7914, 15.7317, 78.4269, 49.1635, 32.4966, 25.9904, 20.8778, 17.0226, 14.1692, 12.0567, 10.4752, 9.27312, 8.34522, 7.046, 5.93958, 5.41782, 5.2862, 5.50147]",-0.295485,"[28.1358, 25.8005, 28.7071, 27.263]",0.350203
1.0,0.288564,0.0,0.0,8.51,0.0,1961.83,4.26624,93.9868,2,"[200.0, 200.0, 200.0, 200.0, 200.0, 200.0, 200.0, 200.0, 200.0, 200.0, 200.0, 200.0, 200.0, 200.0, 200.0, 200.0, 200.0, 200.0, 200.0, 200.0, 200.0, 200.0, 200.0, 200.0, 200.0, 200.0, 200.0, 200.0, 200.0, 200.0, 200.0, 200.0, 200.0, 200.0, 200.0, 200.0]",1,2401.04,32.2975,1.43137,0.351327,0.039,"[10.2499, 11.8072, 15.7086, 78.8517, 49.5165, 32.7292, 26.1534, 20.9793, 17.0774, 14.1919, 12.0587, 10.4642, 9.25377, 8.32055, 7.01544, 5.90483, 5.37981, 5.24379, 5.45193]",-0.301062,"[27.7887, 26.495, 28.5127, 27.6555]",0.350556
1.0,0.288244,0.0,0.0,8.53,0.0,1962.0,4.43518,93.9867,2,"[200.0, 200.0, 200.0, 200.0, 200.0, 200.0, 200.0, 200.0, 200.0, 200.0, 200.0, 200.0, 200.0, 200.0, 200.0, 200.0, 200.0, 200.0, 200.0, 200.0, 200.0, 200.0, 200.0, 200.0, 200.0, 200.0, 200.0, 200.0, 200.0, 200.0, 200.0, 200.0, 200.0, 200.0, 200.0, 200.0]",1,2409.14,32.5956,0.727559,0.452654,0.04,"[10.2972, 11.8617, 15.7837, 78.8519, 49.4653, 32.6419, 26.0554, 20.8782, 16.9793, 14.1001, 11.9742, 10.3866, 9.18241, 8.25452, 6.95762, 5.85459, 5.33321, 5.19786, 5.40388]",-0.307178,"[27.6192, 27.1861, 28.2778, 28.0759]",0.34679
1.0,0.289492,0.0,0.0,8.55,0.0,1962.17,4.60486,93.9865,2,"[200.0, 200.0, 200.0, 200.0, 200.0, 200.0, 200.0, 200.0, 200.0, 200.0, 200.0, 200.0, 200.0, 200.0, 200.0, 200.0, 200.0, 200.0, 200.0, 200.0, 200.0, 200.0, 200.0, 200.0, 200.0, 200.0, 200.0, 200.0, 200.0, 200.0, 200.0, 200.0, 200.0, 200.0, 200.0, 200.0]",1,2426.75,32.8836,0.418636,0.6673,0.04,"[10.3536, 11.9342, 15.9032, 78.6723, 49.2404, 32.4155, 25.8433, 20.6879, 16.8134, 13.957, 11.8505, 10.2787, 9.08702, 8.16914, 6.88661, 5.7963, 5.28155, 5.149, 5.3549]",-0.313713,"[27.7644, 27.5396, 28.4351, 28.3272]",0.342906
1.0,0.291006,0.0,0.0,8.57,0.0,1962.34,4.77551,93.9864,2,"[200.0, 200.0, 200.0, 200.0, 200.0, 200.0, 200.0, 200.0, 200.0, 200.0, 200.0, 200.0, 200.0, 200.0, 200.0, 200.0, 200.0, 200.0, 200.0, 200.0, 200.0, 200.0, 200.0, 200.0, 200.0, 200.0, 200.0, 200.0, 200.0, 200.0, 200.0, 200.0, 200.0, 200.0, 200.0, 200.0]",1,2462.19,33.1732,0.333553,0.804688,0.041,"[10.4127, 12.0115, 16.033, 78.4607, 48.9832, 32.1622, 25.6086, 20.4797, 16.6336, 13.8032, 11.7183, 10.1639, 8.98602, 8.07902, 6.81209, 5.73554, 5.22795, 5.09857, 5.30463]",-0.320461,"[27.9734, 27.3962, 28.796, 28.7593]",0.34276
1.0,0.292535,0.0,0.0,8.59,0.0,1962.51,4.94727,93.9862,2,"[200.0, 200.0, 200.0, 200.0, 200.0, 200.0, 200.0, 200.0, 200.0, 200.0, 200.0, 200.0, 200.0, 200.0, 200.0, 200.0, 200.0, 200.0, 200.0, 200.0, 200.0, 200.0, 200.0, 200.0, 200.0, 200.0, 200.0, 200.0, 200.0, 200.0, 200.0, 200.0, 200.0, 200.0, 200.0, 200.0]",1,2520.85,33.4523,0.321804,0.724607,0.042,"[10.4729, 12.0903, 16.166, 78.2457, 48.7217, 31.9046, 25.3702, 20.2684, 16.4512, 13.6472, 11.5843, 10.0475, 8.88356, 7.9876, 6.73644, 5.6738, 5.17345, 5.04724, 5.2534]",-0.327332,"[28.2146, 27.5684, 29.2692, 29.6413]",0.344589
1.0,0.293976,0.0,0.0,8.61,0.0,1962.68,5.12048,93.9861,2,"[200.0, 200.0, 200.0, 200.0, 200.0, 200.0, 200.0, 200.0, 200.0, 200.0, 200.0, 200.0, 200.0, 200.0, 200.0, 200.0, 200.0, 200.0, 200.0, 200.0, 200.0, 200.0, 200.0, 200.0, 200.0, 200.0, 200.0, 200.0, 200.0, 200.0, 200.0, 200.0, 200.0, 200.0, 200.0, 200.0]",1,2518.73,33.7572,0.319934,0.583613,0.043,"[10.5337, 12.1695, 16.2991, 78.0395, 48.4674, 31.6519, 25.1353, 20.0595, 16.2705, 13.4922, 11.4508, 9.93133, 8.78115, 7.89605, 6.66046, 5.61153, 5.11831, 4.99515, 5.20121]",-0.334303,"[28.4931, 28.083, 29.3792, 29.6247]",0.344059
1.0,0.295367,0.0,0.0,8.63,0.0,1962.86,5.29504,93.9859,2,"[200.0, 200.0, 200.0, 200.0, 200.0, 200.0, 200.0, 200.0, 200.0, 200.0, 200.0, 200.0, 200.0, 200.0, 200.0, 200.0, 200.0, 200.0, 200.0, 200.0, 200.0, 200.0, 200.0, 200.0, 200.0, 200.0, 200.0, 200.0, 200.0, 200.0, 200.0, 200.0, 200.0, 200.0, 200.0, 200.0]",1,2533.44,34.0462,0.313682,0.708454,0.044,"[10.5953, 12.2495, 16.4334, 77.8374, 48.2158, 31.4004, 24.9011, 19.8509, 16.0898, 13.337, 11.317, 9.81476, 8.67823, 7.80395, 6.58388, 5.54863, 5.06248, 4.94227, 5.14811]",-0.341379,"[28.8045, 29.0784, 30.0089, 29.0927]",0.342144
1.0,0.294978,0.0,0.0,8.65,0.0,1963.03,5.47119,93.9857,2,"[200.0, 200.0, 200.0, 200.0, 200.0, 200.0, 200.0, 200.0, 200.0, 200.0, 200.0, 200.0, 200.0, 200.0, 200.0, 200.0, 200.0, 200.0, 200.0, 200.0, 200.0, 200.0, 200.0, 200.0, 200.0, 200.0, 200.0, 200.0, 200.0, 200.0, 200.0, 200.0, 200.0, 200.0, 200.0, 200.0]",1,2545.77,34.3011,0.889895,0.934264,0.8,"[10.6493, 12.3117, 16.52, 77.8387, 48.1559, 31.2975, 24.7859, 19.7329, 15.976, 13.2312, 11.22, 9.72604, 8.5968, 7.7287, 6.51806, 5.49144, 5.00939, 4.88988, 5.0932]",-0.348352,"[29.386, 28.578, 30.2197, 29.4329]",0.343509
1.0,0.290855,0.0,0.0,8.67,0.0,1963.21,5.64954,93.9856,2,"[200.0, 200.0, 200.0, 200.0, 200.0, 200.0, 200.0, 200.0, 200.0, 200.0, 200.0, 200.0, 200.0, 200.0, 200.0, 200.0, 200.0, 200.0, 200.0, 200.0, 200.0, 200.0, 200.0, 200.0, 200.0, 200.0, 200.0, 200.0, 200.0, 200.0, 200.0, 200.0, 200.0, 200.0, 200.0, 200.0]",1,2566.36,34.506,1.5031,0.911208,0.8,"[10.6852, 12.3335, 16.5014, 78.2703, 48.5057, 31.5149, 24.9287, 19.8117, 16.0083, 13.2333, 11.2038, 9.69895, 8.56329, 7.6914, 6.47714, 5.44836, 4.9641, 4.84063, 5.0368]",-0.354838,"[29.7296, 27.797, 30.4117, 29.6028]",0.347767
1.0,0.284868,0.0,0.0,8.69,0.0,1963.39,5.82971,93.9854,2,"[200.0, 200.0, 200.0, 200.0, 200.0, 200.0, 200.0, 200.0, 200.0, 200.0, 200.0, 200.0, 200.0, 200.0, 200.0, 200.0, 200.0, 200.0, 200.0, 200.0, 200.0, 200.0, 200.0, 200.0, 200.0, 200.0, 200.0, 200.0, 200.0, 200.0, 200.0, 200.0, 200.0, 200.0, 200.0, 200.0]",1,2599.55,34.7274,1.79361,0.690237,0.8,"[10.7112, 12.3343, 16.4302, 78.9185, 49.0667, 31.9015, 25.2088, 19.9958, 16.119, 13.2935, 11.231, 9.70503, 8.55571, 7.67481, 6.45007, 5.41352, 4.92389, 4.79418, 4.98109]",-0.360935,"[30.0317, 27.6993, 30.9761, 29.751]",0.348142
1.0,0.27821,0.0,0.0,8.71,0.0,1963.57,6.0116,93.9853,2,"[200.0, 200.0, 200.0, 200.0, 200.0, 200.0, 200.0, 200.0, 200.0, 200.0, 200.0, 200.0, 200.0, 200.0, 200.0, 200.0, 200.0, 200.0, 200.0, 200.0, 200.0, 200.0, 200.0, 200.0, 200.0, 200.0, 200.0, 200.0, 200.0, 200.0, 200.0, 200.0, 200.0, 200.0, 200.0, 200.0]",1,2597.71,34.9585,2.06754,0.570389,0.8,"[10.7329, 12.3269, 16.3408, 79.6458, 49.7103, 32.3587, 25.5478, 20.2259, 16.2639, 13.3789, 11.2772, 9.72567, 8.55957, 7.66743, 6.4294, 5.38284, 4.88662, 4.74992, 4.92696]",-0.366757,"[30.4538, 27.9045, 31.261, 29.5204]",0.349751
1.0,0.26987,0.0,0.0,8.73,0.0,1963.76,6.19531,93.9851,2,"[200.0, 200.0, 200.0, 200.0, 200.0, 200.0, 200.0, 200.0, 200.0, 200.0, 200.0, 200.0, 200.0, 200.0, 200.0, 200.0, 200.0, 200.0, 200.0, 200.0, 200.0, 200.0, 200.0, 200.0, 200.0, 200.0, 200.0, 200.0, 200.0, 200.0, 200.0, 200.0, 200.0, 200.0, 200.0, 200.0]",1,2609.5,35.1684,2.4617,0.650457,0.048,"[10.7458, 12.3011, 16.2082, 80.5683, 50.5511, 32.9805, 26.0234, 20.5621, 16.4879, 13.5226, 11.3667, 9.77923, 8.58906, 7.68043, 6.42237, 5.36042, 4.85465, 4.70895, 4.87433]",-0.37216,"[31.3055, 28.3774, 31.4085, 29.6006]",0.347527
1.0,0.262931,0.0,0.0,8.75,0.0,1963.94,6.38062,93.985,2,"[200.0, 200.0, 200.0, 200.0, 200.0, 200.0, 200.0, 200.0, 200.0, 200.0, 200.0, 200.0, 200.0, 200.0, 200.0, 200.0, 200.0, 200.0, 200.0, 200.0, 200.0, 200.0, 200.0, 200.0, 200.0, 200.0, 200.0, 200.0, 200.0, 200.0, 200.0, 200.0, 200.0, 200.0, 200.0, 200.0]",1,2676.34,35.5198,1.88957,0.659048,0.049,"[10.7636, 12.2881, 16.1126, 81.3316, 51.2459, 33.4929, 26.4131, 20.8338, 16.6647, 13.6319, 11.4308, 9.81375, 8.60408, 7.68232, 6.40862, 5.33498, 4.82191, 4.66898, 4.82463]",-0.37747,"[30.9171, 28.9332, 31.9365, 30.5431]",0.345128
1.0,0.260918,0.0,0.0,8.77,0.0,1964.13,6.56665,93.9848,2,"[200.0, 200.0, 200.0, 200.0, 200.0, 200.0, 200.0, 200.0, 200.0, 200.0, 200.0, 200.0, 200.0, 200.0, 200.0, 200.0, 200.0, 200.0, 200.0, 200.0, 200.0, 200.0, 200.0, 200.0, 200.0, 200.0, 200.0, 200.0, 200.0, 200.0, 200.0, 200.0, 200.0, 200.0, 200.0, 200.0]",1,2779.21,35.8344,1.15039,0.482008,0.05,"[10.8023, 12.3237, 16.141, 81.5303, 51.3898, 33.5611, 26.4396, 20.8261, 16.6342, 13.5888, 11.3821, 9.7632, 8.55364, 7.63288, 6.36187, 5.29137, 4.77944, 4.62543, 4.77733]",-0.383275,"[30.523, 29.7119, 32.3939, 32.4147]",0.345389
1.0,0.261483,0.0,0.0,8.79,0.0,1964.31,6.75366,93.9847,2,"[200.0, 200.0, 200.0, 200.0, 200.0, 200.0, 200.0, 200.0, 200.0, 200.0, 200.0, 200.0, 200.0, 200.0, 200.0, 200.0, 200.0, 200.0, 200.0, 200.0, 200.0, 200.0, 200.0, 200.0, 200.0, 200.0, 200.0, 200.0, 200.0, 200.0, 200.0, 200.0, 200.0, 200.0, 200.0, 200.0]",1,2694.75,36.2142,0.742889,0.377794,0.05,"[10.8533, 12.386, 16.2356, 81.4323, 51.2407, 33.3893, 26.2686, 20.6654, 16.4896, 13.4615, 11.2707, 9.66516, 8.46645, 7.55441, 6.29605, 5.23674, 4.73048, 4.57861, 4.72974]",-0.389519,"[30.645, 30.2086, 31.8078, 31.1799]",0.346538
1.0,0.262638,0.0,0.0,8.81,0.0,1964.5,6.94189,93.9845,2,"[200.0, 200.0, 200.0, 200.0, 200.0, 200.0, 200.0, 200.0, 200.0, 200.0, 200.0, 200.0, 200.0, 200.0, 200.0, 200.0, 200.0, 200.0, 200.0, 200.0, 200.0, 200.0, 200.0, 200.0, 200.0, 200.0, 200.0, 200.0, 200.0, 200.0, 200.0, 200.0, 200.0, 200.0, 200.0, 200.0]",1,2699.52,36.5424,0.508343,0.512516,0.051,"[10.9089, 12.4566, 16.3488, 81.2648, 51.0207, 33.1577, 26.0474, 20.4649, 16.3146, 13.3114, 11.1418, 9.55341, 8.36827, 7.46694, 6.22382, 5.17782, 4.67842, 4.52942, 4.68039]",-0.396077,"[30.8554, 30.4986, 31.5009, 31.9415]",0.345791
1.0,0.263899,0.0,0.0,8.83,0.0,1964.69,7.13147,93.9844,2,"[200.0, 200.0, 200.0, 200.0, 200.0, 200.0, 200.0, 200.0, 200.0, 200.0, 200.0, 200.0, 200.0, 200.0, 200.0, 200.0, 200.0, 200.0, 200.0, 200.0, 200.0, 200.0, 200.0, 200.0, 200.0, 200.0, 200.0, 200.0, 200.0, 200.0, 200.0, 200.0, 200.0, 200.0, 200.0, 200.0]",1,2729.05,36.8663,0.424494,0.651016,0.052,"[10.9664, 12.5302, 16.4678, 81.0832, 50.7851, 32.9117, 25.8135, 20.2539, 16.1314, 13.1547, 11.0076, 9.43732, 8.26645, 7.37634, 6.14913, 5.11701, 4.62473, 4.47876, 4.62962]",-0.402833,"[31.116, 30.7958, 32.4589, 31.4345]",0.344446
1.0,0.265207,0.0,0.0,8.85,0.0,1964.88,7.32227,93.9842,2,"[200.0, 200.0, 200.0, 200.0, 200.0, 200.0, 200.0, 200.0, 200.0, 200.0, 200.0, 200.0, 200.0, 200.0, 200.0, 200.0, 200.0, 200.0, 200.0, 200.0, 200.0, 200.0, 200.0, 200.0, 200.0, 200.0, 200.0, 200.0, 200.0, 200.0, 200.0, 200.0, 200.0, 200.0, 200.0, 200.0]",1,2770.08,37.1901,0.39998,0.648002,0.053,"[11.0252, 12.6056, 16.5904, 80.8949, 50.5416, 32.6582, 25.5729, 20.0375, 15.9438, 12.9946, 10.8707, 9.31892, 8.16265, 7.28401, 6.07304, 5.05506, 4.57005, 4.42715, 4.5779]",-0.409716,"[31.4046, 31.061, 32.7179, 31.8257]",0.345398
1.0,0.26655,0.0,0.0,8.87,0.0,1965.07,7.51477,93.9841,2,"[200.0, 200.0, 200.0, 200.0, 200.0, 200.0, 200.0, 200.0, 200.0, 200.0, 200.0, 200.0, 200.0, 200.0, 200.0, 200.0, 200.0, 200.0, 200.0, 200.0, 200.0, 200.0, 200.0, 200.0, 200.0, 200.0, 200.0, 200.0, 200.0, 200.0, 200.0, 200.0, 200.0, 200.0, 200.0, 200.0]",1,2794.69,37.5207,0.393907,0.551436,0.054,"[11.085, 12.6825, 16.7161, 80.7013, 50.2915, 32.3982, 25.3268, 19.8165, 15.7526, 12.8316, 10.7314, 9.1986, 8.05721, 7.19023, 5.99578, 4.99216, 4.51452, 4.37473, 4.52533]",-0.416708,"[31.684, 31.3235, 32.7387, 32.5992]",0.346487
1.0,0.266298,0.0,0.0,8.89,0.0,1965.27,7.70886,93.9839,2,"[200.0, 200.0, 200.0, 200.0, 200.0, 200.0, 200.0, 200.0, 200.0, 200.0, 200.0, 200.0, 200.0, 200.0, 200.0, 200.0, 200.0, 200.0, 200.0, 200.0, 200.0, 200.0, 200.0, 200.0, 200.0, 200.0, 200.0, 200.0, 200.0, 200.0, 200.0, 200.0, 200.0, 200.0, 200.0, 200.0]",1,2818.03,37.8081,0.919074,0.63137,0.8,"[11.1386, 12.7441, 16.8015, 80.6915, 50.2208, 32.2816, 25.1963, 19.6831, 15.6253, 12.7147, 10.6257, 9.1033, 7.97077, 7.11118, 5.92777, 4.9341, 4.46133, 4.32282, 4.47146]",-0.42363,"[32.24, 31.0816, 33.0774, 32.7484]",0.343982
1.0,0.261472,0.0,0.0,8.91,0.0,1965.47,7.90515,93.9838,2,"[200.0, 200.0, 200.0, 200.0, 200.0, 200.0, 200.0, 200.0, 200.0, 200.0, 200.0, 200.0, 200.0, 200.0, 200.0, 200.0, 200.0, 200.0, 200.0, 200.0, 200.0, 200.0, 200.0, 200.0, 200.0, 200.0, 200.0, 200.0, 200.0, 200.0, 200.0, 200.0, 200.0, 200.0, 200.0, 200.0]",1,2828.83,37.9851,1.77799,0.868988,0.8,"[11.1713, 12.7579, 16.7648, 81.2139, 50.6744, 32.5894, 25.4105, 19.8117, 15.6894, 12.7365, 10.6219, 9.08437, 7.94293, 7.07805, 5.88948, 4.89281, 4.4176, 4.27516, 4.41688]",-0.429978,"[32.8879, 30.5088, 33.9001, 32.1732]",0.341367
1.0,0.252998,0.0,0.0,8.93,0.0,1965.66,8.10352,93.9836,2,"[200.0, 200.0, 200.0, 200.0, 200.0, 200.0, 200.0, 200.0, 200.0, 200.0, 200.0, 200.0, 200.0, 200.0, 200.0, 200.0, 200.0, 200.0, 200.0, 200.0, 200.0, 200.0, 200.0, 200.0, 200.0, 200.0, 200.0, 200.0, 200.0, 200.0, 200.0, 200.0, 200.0, 200.0, 200.0, 200.0]",1,2886.2,38.1437,2.32601,0.851017,0.8,"[11.1863, 12.7328, 16.6323, 82.1618, 51.5562, 33.252, 25.9165, 20.1641, 15.9177, 12.8775, 10.7055, 9.13099, 7.96553, 7.08465, 5.87728, 4.86681, 4.38323, 4.23273, 4.3638]",-0.435656,"[33.5194, 30.4028, 34.5215, 32.8782]",0.343966
1.0,0.242675,0.0,0.0,8.95,0.0,1965.86,8.30347,93.9834,2,"[200.0, 200.0, 200.0, 200.0, 200.0, 200.0, 200.0, 200.0, 200.0, 200.0, 200.0, 200.0, 200.0, 200.0, 200.0, 200.0, 200.0, 200.0, 200.0, 200.0, 200.0, 200.0, 200.0, 200.0, 200.0, 200.0, 200.0, 200.0, 200.0, 200.0, 200.0, 200.0, 200.0, 200.0, 200.0, 200.0]",1,3084.81,38.3764,2.3813,0.513903,0.057,"[11.1926, 12.6891, 16.4571, 83.3244, 52.6638, 34.1122, 26.5899, 20.6473, 16.2423, 13.0878, 10.8395, 9.21502, 8.01669, 7.1136, 5.87975, 4.84959, 4.35449, 4.19392, 4.31264]",-0.440907,"[34.259, 30.8123, 35.3338, 36.0679]",0.349149
1.0,0.232978,0.0,0.0,8.97,0.0,1966.07,8.505,93.9832,2,"[200.0, 200.0, 200.0, 200.0, 200.0, 200.0, 200.0, 200.0, 200.0, 200.0, 200.0, 200.0, 200.0, 200.0, 200.0, 200.0, 200.0, 200.0, 200.0, 200.0, 200.0, 200.0, 200.0, 200.0, 200.0, 200.0, 200.0, 200.0, 200.0, 200.0, 200.0, 200.0, 200.0, 200.0, 200.0, 200.0]",1,3017.65,38.8249,1.91299,0.252388,0.058,"[11.2019, 12.6525, 16.3034, 35.6289, 53.7101, 34.9344, 27.238, 21.114, 16.5553, 13.2892, 10.9663, 9.29335, 8.06325, 7.1389, 5.87994, 4.83139, 4.32571, 4.15586, 4.26316]",-0.446103,"[34.1947, 31.1502, 35.4233, 35.6081]",0.350097
1.0,0.228371,0.0,0.0,8.99,0.0,1966.27,8.70862,93.983,2,"[200.0, 200.0, 200.0, 200.0, 200.0, 200.0, 200.0, 200.0, 200.0, 200.0, 200.0, 200.0, 200.0, 200.0, 200.0, 200.0, 200.0, 200.0, 200.0, 200.0, 200.0, 200.0, 200.0, 200.0, 200.0, 200.0, 200.0, 200.0, 200.0, 200.0, 200.0, 200.0, 200.0, 200.0, 200.0, 200.0]",1,2918.73,39.261,1.22816,0.33768,0.06,"[11.2304, 12.663, 16.2704, 33.7004, 54.1702, 35.272, 27.4872, 21.275, 16.6448, 13.3299, 10.9766, 9.28562, 8.0448, 7.11406, 5.84874, 4.79654, 4.28843, 4.11512, 4.21654]",-0.451608,"[33.6832, 32.3426, 34.7199, 33.5107]",0.346497
1.0,0.228183,0.0,0.0,9.01,0.0,1966.47,8.91333,93.9829,2,"[200.0, 200.0, 200.0, 200.0, 200.0, 200.0, 200.0, 200.0, 200.0, 200.0, 200.0, 200.0, 200.0, 200.0, 200.0, 200.0, 200.0, 200.0, 200.0, 200.0, 200.0, 200.0, 200.0, 200.0, 200.0, 200.0, 200.0, 200.0, 200.0, 200.0, 200.0, 200.0, 200.0, 200.0, 200.0, 200.0]",1,2948.35,39.6208,0.748143,0.518335,0.06,"[11.276, 12.7147, 16.3397, 34.1234, 54.1135, 35.1733, 27.3729, 21.1545, 16.5278, 13.2219, 10.8794, 9.1984, 7.96626, 7.04275, 5.78815, 4.74559, 4.24229, 4.07055, 4.17073]",-0.457551,"[33.5835, 33.0131, 34.6646, 34.2215]",0.344399
1.0,0.229253,0.0,0.0,9.03,0.0,1966.68,9.11938,93.9827,2,"[200.0, 200.0, 200.0, 200.0, 200.0, 200.0, 200.0, 200.0, 200.0, 200.0, 200.0, 200.0, 200.0, 200.0, 200.0, 200.0, 200.0, 200.0, 200.0, 200.0, 200.0, 200.0, 200.0, 200.0, 200.0, 200.0, 200.0, 200.0, 200.0, 200.0, 200.0, 200.0, 200.0, 200.0, 200.0, 200.0]",1,2999.81,39.9703,0.582404,0.522826,0.061,"[11.3277, 12.7795, 16.4404, 35.3171, 53.9066, 34.9459, 27.1503, 20.9493, 16.348, 13.0683, 10.7487, 9.08625, 7.86861, 6.95639, 5.71766, 4.68876, 4.19244, 4.02369, 4.12391]",-0.463777,"[33.7961, 33.375, 35.3406, 34.7745]",0.345318
1.0,0.230444,0.0,0.0,9.05,0.0,1966.89,9.32703,93.9825,2,"[200.0, 200.0, 200.0, 200.0, 200.0, 200.0, 200.0, 200.0, 200.0, 200.0, 200.0, 200.0, 200.0, 200.0, 200.0, 200.0, 200.0, 200.0, 200.0, 200.0, 200.0, 200.0, 200.0, 200.0, 200.0, 200.0, 200.0, 200.0, 200.0, 200.0, 200.0, 200.0, 200.0, 200.0, 200.0, 200.0]",1,3026.29,40.3344,0.516939,0.527708,0.062,"[11.3812, 12.8471, 16.5464, 37.6263, 53.6825, 34.7023, 26.9134, 20.7325, 16.1592, 12.9079, 10.6127, 8.96978, 7.76741, 6.86706, 5.64492, 4.63023, 4.14119, 3.97561, 4.07591]",-0.470166,"[34.1247, 33.6558, 35.6588, 35.0532]",0.345061
1.0,0.2316,0.0,0.0,9.07,0.0,1967.1,9.53625,93.9823,2,"[200.0, 200.0, 200.0, 200.0, 200.0, 200.0, 200.0, 200.0, 200.0, 200.0, 200.0, 200.0, 200.0, 200.0, 200.0, 200.0, 200.0, 200.0, 200.0, 200.0, 200.0, 200.0, 200.0, 200.0, 200.0, 200.0, 200.0, 200.0, 200.0, 200.0, 200.0, 200.0, 200.0, 200.0, 200.0, 200.0]",1,3031.74,40.7054,0.486906,0.630183,0.063,"[11.4356, 12.9156, 16.6538, 84.4265, 53.4598, 34.4585, 26.6755, 20.5143, 15.9688, 12.746, 10.4753, 8.85206, 7.66501, 6.77656, 5.57112, 4.57074, 4.089, 3.92656, 4.02686]",-0.476686,"[34.4315, 33.9781, 35.4129, 35.4771]",0.343955
1.0,0.232835,0.0,0.0,9.09,0.0,1967.31,9.74719,93.9821,2,"[200.0, 200.0, 200.0, 200.0, 200.0, 200.0, 200.0, 200.0, 200.0, 200.0, 200.0, 200.0, 200.0, 200.0, 200.0, 200.0, 200.0, 200.0, 200.0, 200.0, 200.0, 200.0, 200.0, 200.0, 200.0, 200.0, 200.0, 200.0, 200.0, 200.0, 200.0, 200.0, 200.0, 200.0, 200.0, 200.0]",1,3075.06,41.0669,0.474345,0.578992,0.063,"[11.4912, 12.986, 16.7649, 84.2519, 53.2257, 34.2039, 26.4281, 20.2884, 15.7727, 12.5796, 10.3346, 8.73162, 7.56038, 6.68421, 5.4959, 4.51017, 4.0359, 3.87667, 3.97701]",-0.483316,"[34.6831, 34.2669, 36.2982, 35.6]",0.345877
1.0,0.234041,0.0,0.0,9.11,0.0,1967.52,9.95984,93.9818,2,"[200.0, 200.0, 200.0, 200.0, 200.0, 200.0, 200.0, 200.0, 200.0, 200.0, 200.0, 200.0, 200.0, 200.0, 200.0, 200.0, 200.0, 200.0, 200.0, 200.0, 200.0, 200.0, 200.0, 200.0, 200.0, 200.0, 200.0, 200.0, 200.0, 200.0, 200.0, 200.0, 200.0, 200.0, 200.0, 200.0]",1,3109.13,41.4365,0.470115,0.455563,0.064,"[11.5476, 13.0573, 16.8774, 84.0793, 52.9923, 33.9485, 26.1795, 20.0612, 15.5752, 12.4122, 10.1927, 8.61022, 7.45483, 6.59098, 5.41985, 4.44883, 3.98206, 3.82603, 3.92632]",-0.490049,"[35.0292, 34.546, 36.2364, 36.515]",0.348397
1.0,0.2351,0.0,0.0,9.13,0.0,1967.73,10.1741,93.9816,2,"[200.0, 200.0, 200.0, 200.0, 200.0, 200.0, 200.0, 200.0, 200.0, 200.0, 200.0, 200.0, 200.0, 200.0, 200.0, 200.0, 200.0, 200.0, 200.0, 200.0, 200.0, 200.0, 200.0, 200.0, 200.0, 200.0, 200.0, 200.0, 200.0, 200.0, 200.0, 200.0, 200.0, 200.0, 200.0, 200.0]",1,3114.68,41.8216,0.468256,0.420527,0.065,"[11.6043, 13.1284, 16.9883, 83.9226, 52.7737, 33.7043, 25.9392, 19.8398, 15.3816, 12.2471, 10.0524, 8.48963, 7.34972, 6.49789, 5.34363, 4.38707, 3.92763, 3.77464, 3.87469]",-0.496885,"[35.3822, 34.8569, 36.32, 36.3841]",0.345769
1.0,0.234901,0.0,0.0,9.15,0.0,1967.95,10.3904,93.9814,2,"[200.0, 200.0, 200.0, 200.0, 200.0, 200.0, 200.0, 200.0, 200.0, 200.0, 200.0, 200.0, 200.0, 200.0, 200.0, 200.0, 200.0, 200.0, 200.0, 200.0, 200.0, 200.0, 200.0, 200.0, 200.0, 200.0, 200.0, 200.0, 200.0, 200.0, 200.0, 200.0, 200.0, 200.0, 200.0, 200.0]",1,3137.55,42.1542,0.92544,0.566529,0.8,"[11.6565, 13.1878, 17.0692, 83.9122, 52.703, 33.5828, 25.7996, 19.6943, 15.2422, 12.1203, 9.93918, 8.38884, 7.25935, 6.41608, 5.27434, 4.32893, 3.87499, 3.72375, 3.82234]",-0.50367,"[35.8489, 34.697, 37.2794, 35.9959]",0.341138
1.0,0.230414,0.0,0.0,9.17,0.0,1968.17,10.6088,93.9811,2,"[200.0, 200.0, 200.0, 200.0, 200.0, 200.0, 200.0, 200.0, 200.0, 200.0, 200.0, 200.0, 200.0, 200.0, 200.0, 200.0, 200.0, 200.0, 200.0, 200.0, 200.0, 200.0, 200.0, 200.0, 200.0, 200.0, 200.0, 200.0, 200.0, 200.0, 200.0, 200.0, 200.0, 200.0, 200.0, 200.0]",1,3200.56,42.3589,1.6879,0.691383,0.8,"[11.6905, 13.2043, 17.0422, 84.4041, 53.1451, 33.8932, 26.0161, 19.8194, 15.2973, 12.1308, 9.9243, 8.36018, 7.22338, 6.37636, 5.23188, 4.28582, 3.83103, 3.67719, 3.77032]",-0.509939,"[36.42, 34.0423, 38.1348, 36.6002]",0.342627
1.0,0.221403,0.0,0.0,9.19,0.0,1968.39,10.8289,93.9809,2,"[200.0, 200.0, 200.0, 200.0, 200.0, 200.0, 200.0, 200.0, 200.0, 200.0, 200.0, 200.0, 200.0, 200.0, 200.0, 200.0, 200.0, 200.0, 200.0, 200.0, 200.0, 200.0, 200.0, 200.0, 200.0, 200.0, 200.0, 200.0, 200.0, 200.0, 200.0, 200.0, 200.0, 200.0, 200.0, 200.0]",1,3385.98,42.5078,2.12927,0.540786,0.8,"[11.7055, 13.1759, 16.9049, 36.432, 54.1353, 34.6742, 26.625, 20.245, 15.5684, 12.2933, 10.0175, 8.41046, 7.24679, 6.38248, 5.21863, 4.25927, 3.79688, 3.63589, 3.71956]",-0.51559,"[37.2187, 33.7926, 39.5121, 39.4408]",0.347378
1.0,0.209318,0.0,0.0,9.21,0.0,1968.61,11.0507,93.9807,2,"[200.0, 200.0, 200.0, 200.0, 200.0, 200.0, 200.0, 200.0, 200.0, 200.0, 200.0, 200.0, 200.0, 200.0, 200.0, 200.0, 200.0, 200.0, 200.0, 200.0, 200.0, 200.0, 200.0, 200.0, 200.0, 200.0, 200.0, 200.0, 200.0, 200.0, 200.0, 200.0, 200.0, 200.0, 200.0, 200.0]",1,3371.21,42.8523,2.23203,0.369184,0.069,"[11.7087, 13.1192, 16.7008, 32.1872, 55.5064, 35.797, 27.5272, 20.9002, 16.0058, 12.5723, 10.1927, 8.51979, 7.31411, 6.42226, 5.22662, 4.24482, 3.77013, 3.59895, 3.67059]",-0.52077,"[38.263, 34.2324, 39.4346, 39.8472]",0.347242
1.0,0.199342,0.0,0.0,9.23,0.0,1968.84,11.2751,93.9805,2,"[200.0, 200.0, 200.0, 200.0, 200.0, 200.0, 200.0, 200.0, 200.0, 200.0, 200.0, 200.0, 200.0, 200.0, 200.0, 200.0, 200.0, 200.0, 200.0, 200.0, 200.0, 200.0, 200.0, 200.0, 200.0, 200.0, 200.0, 200.0, 200.0, 200.0, 200.0, 200.0, 200.0, 200.0, 200.0, 200.0]",1,3238.79,43.3619,1.89324,0.326624,0.069,"[11.7182, 13.0811, 16.5488, 30.3458, 56.6372, 36.7308, 28.2817, 21.4489, 16.3696, 12.8001, 10.3317, 8.60306, 7.36226, 6.4477, 5.22642, 4.22701, 3.74277, 3.56354, 3.62538]",-0.525746,"[37.9751, 35.038, 38.8311, 36.8612]",0.34749
1.0,0.195316,0.0,0.0,9.25,0.0,1969.06,11.5015,93.9802,2,"[200.0, 200.0, 200.0, 200.0, 200.0, 200.0, 200.0, 200.0, 200.0, 200.0, 200.0, 200.0, 200.0, 200.0, 200.0, 200.0, 200.0, 200.0, 200.0, 200.0, 200.0, 200.0, 200.0, 200.0, 200.0, 200.0, 200.0, 200.0, 200.0, 200.0, 200.0, 200.0, 200.0, 200.0, 200.0, 200.0]",1,3276.43,43.7745,1.24502,0.324113,0.07,"[11.7472, 13.0943, 16.5272, 29.8683, 57.0554, 37.0492, 28.5194, 21.5995, 16.4467, 12.8275, 10.3299, 8.58526, 7.33587, 6.41677, 5.19196, 4.1915, 3.70651, 3.52522, 3.5828]",-0.530961,"[37.4853, 36.1151, 38.8124, 37.7786]",0.346066
1.0,0.194875,0.0,0.0,9.27,0.0,1969.29,11.7292,93.98,2,"[200.0, 200.0, 200.0, 200.0, 200.0, 200.0, 200.0, 200.0, 200.0, 200.0, 200.0, 200.0, 200.0, 200.0, 200.0, 200.0, 200.0, 200.0, 200.0, 200.0, 200.0, 200.0, 200.0, 200.0, 200.0, 200.0, 200.0, 200.0, 200.0, 200.0, 200.0, 200.0, 200.0, 200.0, 200.0, 200.0]",1,3316.14,44.1763,0.846859,0.336146,0.071,"[11.789, 13.1398, 16.5841, 30.01, 57.0381, 36.9839, 28.4302, 21.4946, 16.338, 12.7243, 10.236, 8.50096, 7.26013, 6.34821, 5.13406, 4.14315, 3.66296, 3.48329, 3.53982]",-0.536554,"[37.4906, 36.7319, 38.7202, 38.7779]",0.346313
1.0,0.195504,0.0,0.0,9.29,0.0,1969.52,11.9587,93.9798,2,"[200.0, 200.0, 200.0, 200.0, 200.0, 200.0, 200.0, 200.0, 200.0, 200.0, 200.0, 200.0, 200.0, 200.0, 200.0, 200.0, 200.0, 200.0, 200.0, 200.0, 200.0, 200.0, 200.0, 200.0, 200.0, 200.0, 200.0, 200.0, 200.0, 200.0, 200.0, 200.0, 200.0, 200.0, 200.0, 200.0]",1,3336.11,44.5806,0.674685,0.40365,0.072,"[11.8358, 13.196, 16.666, 30.343, 56.8884, 36.8001, 28.2389, 21.3088, 16.1699, 12.5788, 10.1119, 8.39458, 7.16771, 6.26669, 5.06775, 4.08981, 3.61615, 3.43925, 3.49564]",-0.542397,"[37.783, 37.1293, 39.0295, 38.9544]",0.345625
1.0,0.196514,0.0,0.0,9.31,0.0,1969.75,12.1901,93.9795,2,"[200.0, 200.0, 200.0, 200.0, 200.0, 200.0, 200.0, 200.0, 200.0, 200.0, 200.0, 200.0, 200.0, 200.0, 200.0, 200.0, 200.0, 200.0, 200.0, 200.0, 200.0, 200.0, 200.0, 200.0, 200.0, 200.0, 200.0, 200.0, 200.0, 200.0, 200.0, 200.0, 200.0, 200.0, 200.0, 200.0]",1,3424.07,44.9544,0.612536,0.441503,0.072,"[11.8848, 13.2569, 16.7582, 30.7634, 56.69, 36.5717, 28.0086, 21.0919, 15.9787, 12.4168, 9.97581, 8.27929, 7.06849, 6.17977, 4.9978, 4.03411, 3.56767, 3.39391, 3.45048]",-0.548401,"[38.0467, 37.4685, 40.5132, 39.8888]",0.343341
1.0,0.197692,0.0,0.0,9.33,0.0,1969.98,12.4231,93.9793,2,"[200.0, 200.0, 200.0, 200.0, 200.0, 200.0, 200.0, 200.0, 200.0, 200.0, 200.0, 200.0, 200.0, 200.0, 200.0, 200.0, 200.0, 200.0, 200.0, 200.0, 200.0, 200.0, 200.0, 200.0, 200.0, 200.0, 200.0, 200.0, 200.0, 200.0, 200.0, 200.0, 200.0, 200.0, 200.0, 200.0]",1,3366.66,45.3969,0.586529,0.445868,0.073,"[11.9354, 13.3203, 16.8558, 31.2436, 56.4688, 36.3219, 27.7594, 20.8596, 15.776, 12.2465, 9.83367, 8.15944, 6.96564, 6.08994, 4.92574, 3.97694, 3.51805, 3.34763, 3.40448]",-0.554527,"[38.3807, 37.8406, 39.2737, 39.7212]",0.344752
1.0,0.198726,0.0,0.0,9.35,0.0,1970.22,12.6581,93.9791,2,"[200.0, 200.0, 200.0, 200.0, 200.0, 200.0, 200.0, 200.0, 200.0, 200.0, 200.0, 200.0, 200.0, 200.0, 200.0, 200.0, 200.0, 200.0, 200.0, 200.0, 200.0, 200.0, 200.0, 200.0, 200.0, 200.0, 200.0, 200.0, 200.0, 200.0, 200.0, 200.0, 200.0, 200.0, 200.0, 200.0]",1,3475.67,45.7775,0.560934,0.216583,0.074,"[11.9865, 13.3837, 16.952, 31.7286, 56.2629, 36.0839, 27.5193, 20.6336, 15.5772, 12.0784, 9.69282, 8.04018, 6.86301, 6.00003, 4.85332, 3.91923, 3.46774, 3.30054, 3.35751]",-0.560766,"[38.7441, 38.1224, 40.4548, 40.7877]",0.348088
1.0,0.199501,0.0,0.0,9.37,0.0,1970.46,12.895,93.9789,2,"[200.0, 200.0, 200.0, 200.0, 200.0, 200.0, 200.0, 200.0, 200.0, 200.0, 200.0, 200.0, 200.0, 200.0, 200.0, 200.0, 200.0, 200.0, 200.0, 200.0, 200.0, 200.0, 200.0, 200.0, 200.0, 200.0, 200.0, 200.0, 200.0, 200.0, 200.0, 200.0, 200.0, 200.0, 200.0, 200.0]",1,3423.55,46.2194,0.553806,0.250399,0.075,"[12.0376, 13.4459, 17.0444, 32.1919, 56.0862, 35.87, 27.2985, 20.4217, 15.3879, 11.9164, 9.55574, 7.92334, 6.76188, 5.91103, 4.78115, 3.86126, 3.41692, 3.25272, 3.30954]",-0.56711,"[39.1397, 38.4862, 39.8625, 40.3532]",0.345248
1.0,0.200414,0.0,0.0,9.39,0.0,1970.69,13.1339,93.9786,2,"[200.0, 200.0, 200.0, 200.0, 200.0, 200.0, 200.0, 200.0, 200.0, 200.0, 200.0, 200.0, 200.0, 200.0, 200.0, 200.0, 200.0, 200.0, 200.0, 200.0, 200.0, 200.0, 200.0, 200.0, 200.0, 200.0, 200.0, 200.0, 200.0, 200.0, 200.0, 200.0, 200.0, 200.0, 200.0, 200.0]",1,3461.61,46.6233,0.574876,0.58747,0.076,"[12.0899, 13.5102, 17.1411, 32.7215, 55.8907, 35.6384, 27.062, 20.1972, 15.1893, 11.7479, 9.41399, 7.803, 6.65808, 5.8199, 4.70746, 3.80227, 3.36533, 3.20426, 3.26102]",-0.573537,"[39.4581, 38.8382, 41.1246, 39.7893]",0.340757
1.0,0.20143,0.0,0.0,9.41,0.0,1970.93,13.3746,93.9784,2,"[200.0, 200.0, 200.0, 200.0, 200.0, 200.0, 200.0, 200.0, 200.0, 200.0, 200.0, 200.0, 200.0, 200.0, 200.0, 200.0, 200.0, 200.0, 200.0, 200.0, 200.0, 200.0, 200.0, 200.0, 200.0, 200.0, 200.0, 200.0, 200.0, 200.0, 200.0, 200.0, 200.0, 200.0, 200.0, 200.0]",1,3552.84,47.0111,0.579682,0.642147,0.076,"[12.1431, 13.5761, 17.2414, 33.3245, 55.6808, 35.3929, 26.8131, 19.9626, 14.9834, 11.5741, 9.26848, 7.67983, 6.55205, 5.72698, 4.6325, 3.74239, 3.31303, 3.15519, 3.21195]",-0.580044,"[39.7733, 39.1572, 41.6237, 41.3693]",0.343153
1.0,0.201262,0.0,0.0,9.43,0.0,1971.18,13.6172,93.9781,2,"[200.0, 200.0, 200.0, 200.0, 200.0, 200.0, 200.0, 200.0, 200.0, 200.0, 200.0, 200.0, 200.0, 200.0, 200.0, 200.0, 200.0, 200.0, 200.0, 200.0, 200.0, 200.0, 200.0, 200.0, 200.0, 200.0, 200.0, 200.0, 200.0, 200.0, 200.0, 200.0, 200.0, 200.0, 200.0, 200.0]",1,3666.84,47.3737,0.861794,0.42193,0.8,"[12.1927, 13.6319, 17.3156, 33.6393, 55.6153, 35.2727, 26.669, 19.8073, 14.8329, 11.4379, 9.14869, 7.57481, 6.45919, 5.64387, 4.56339, 3.68541, 3.26209, 3.10644, 3.16223]",-0.586537,"[40.1613, 39.0616, 42.3747, 43.1478]",0.346908
1.0,0.198213,0.0,0.0,9.45,0.0,1971.42,13.8621,93.9779,2,"[200.0, 200.0, 200.0, 200.0, 200.0, 200.0, 200.0, 200.0, 200.0, 200.0, 200.0, 200.0, 200.0, 200.0, 200.0, 200.0, 200.0, 200.0, 200.0, 200.0, 200.0, 200.0, 200.0, 200.0, 200.0, 200.0, 200.0, 200.0, 200.0, 200.0, 200.0, 200.0, 200.0, 200.0, 200.0, 200.0]",1,3585.97,47.7598,1.26078,0.33612,0.8,"[12.2318, 13.6609, 17.3228, 33.1622, 55.9065, 35.466, 26.7885, 19.8528, 14.8233, 11.3977, 9.09496, 7.51661, 6.40069, 5.5868, 4.5103, 3.63714, 3.21606, 3.06007, 3.11266]",-0.592783,"[40.4316, 38.5724, 42.2707, 41.4967]",0.345747
1.0,0.192535,0.0,0.0,9.47,0.0,1971.67,14.109,93.9776,2,"[200.0, 200.0, 200.0, 200.0, 200.0, 200.0, 200.0, 200.0, 200.0, 200.0, 200.0, 200.0, 200.0, 200.0, 200.0, 200.0, 200.0, 200.0, 200.0, 200.0, 200.0, 200.0, 200.0, 200.0, 200.0, 200.0, 200.0, 200.0, 200.0, 200.0, 200.0, 200.0, 200.0, 200.0, 200.0, 200.0]",1,3603.47,48.0217,1.75979,0.362579,0.8,"[12.2599, 13.6637, 17.2674, 32.1353, 56.5293, 35.9566, 27.1618, 20.0939, 14.9522, 11.4521, 9.10667, 7.50522, 6.3769, 5.5563, 4.47416, 3.59874, 3.17628, 3.01763, 3.06509]",-0.598577,"[40.9346, 38.3227, 42.8945, 41.3363]",0.344902
1.0,0.184267,0.0,0.0,9.49,0.0,1971.92,14.3578,93.9773,2,"[200.0, 200.0, 200.0, 200.0, 200.0, 200.0, 200.0, 200.0, 200.0, 200.0, 200.0, 200.0, 200.0, 200.0, 200.0, 200.0, 200.0, 200.0, 200.0, 200.0, 200.0, 200.0, 200.0, 200.0, 200.0, 200.0, 200.0, 200.0, 200.0, 200.0, 200.0, 200.0, 200.0, 200.0, 200.0, 200.0]",1,3687.38,48.292,2.11076,0.34378,0.08,"[12.2772, 13.6413, 17.1528, 30.8118, 57.4822, 36.7503, 27.7986, 20.5416, 15.2282, 11.6068, 9.18736, 7.54288, 6.38934, 5.55353, 4.45569, 3.57077, 3.14329, 2.97972, 3.02026]",-0.603852,"[42.2959, 39.0683, 43.3636, 42.7727]",0.345908
1.0,0.175794,0.0,0.0,9.51,0.0,1972.17,14.6088,93.977,2,"[200.0, 200.0, 200.0, 200.0, 200.0, 200.0, 200.0, 200.0, 200.0, 200.0, 200.0, 200.0, 200.0, 200.0, 200.0, 200.0, 200.0, 200.0, 200.0, 200.0, 200.0, 200.0, 200.0, 200.0, 200.0, 200.0, 200.0, 200.0, 200.0, 200.0, 200.0, 200.0, 200.0, 200.0, 200.0, 200.0]",1,3683.8,48.7542,1.80728,0.382949,0.081,"[12.2926, 13.616, 17.0347, 29.6963, 58.4693, 37.5869, 28.48, 21.0299, 15.5354, 11.7831, 9.28278, 7.59098, 6.40962, 5.55697, 4.44163, 3.546, 3.11301, 2.94434, 2.97802]",-0.608817,"[42.4009, 39.6321, 43.5979, 42.6947]",0.34512
1.0,0.172206,0.0,0.0,9.53,0.0,1972.42,14.8618,93.9767,2,"[200.0, 200.0, 200.0, 200.0, 200.0, 200.0, 200.0, 200.0, 200.0, 200.0, 200.0, 200.0, 200.0, 200.0, 200.0, 200.0, 200.0, 200.0, 200.0, 200.0, 200.0, 200.0, 200.0, 200.0, 200.0, 200.0, 200.0, 200.0, 200.0, 200.0, 200.0, 200.0, 200.0, 200.0, 200.0, 200.0]",1,3735.99,49.2045,1.18761,0.323067,0.081,"[12.3233, 13.6327, 17.022, 29.3794, 58.8501, 37.881, 28.6973, 21.159, 15.5883, 11.787, 9.26084, 7.5569, 6.37041, 5.51598, 4.40086, 3.50729, 3.07529, 2.90582, 2.9364]",-0.614053,"[42.0772, 40.6393, 44.4835, 42.9023]",0.345402
1.0,0.171566,0.0,0.0,9.55,0.0,1972.68,15.1165,93.9764,2,"[200.0, 200.0, 200.0, 200.0, 200.0, 200.0, 200.0, 200.0, 200.0, 200.0, 200.0, 200.0, 200.0, 200.0, 200.0, 200.0, 200.0, 200.0, 200.0, 200.0, 200.0, 200.0, 200.0, 200.0, 200.0, 200.0, 200.0, 200.0, 200.0, 200.0, 200.0, 200.0, 200.0, 200.0, 200.0, 200.0]",1,3847.72,49.6273,0.892816,0.101276,0.082,"[12.364, 13.6754, 17.0724, 29.4713, 58.8617, 37.8388, 28.6232, 21.0592, 15.4779, 11.6798, 9.16312, 7.46974, 6.29263, 5.44602, 4.34239, 3.45894, 3.03201, 2.86435, 2.89404]",-0.619584,"[42.1484, 41.1954, 44.5765, 45.4845]",0.348475
1.0,0.171463,0.0,0.0,9.57,0.0,1972.93,15.3732,93.9761,2,"[200.0, 200.0, 200.0, 200.0, 200.0, 200.0, 200.0, 200.0, 200.0, 200.0, 200.0, 200.0, 200.0, 200.0, 200.0, 200.0, 200.0, 200.0, 200.0, 200.0, 200.0, 200.0, 200.0, 200.0, 200.0, 200.0, 200.0, 200.0, 200.0, 200.0, 200.0, 200.0, 200.0, 200.0, 200.0, 200.0]",1,3777.03,50.1217,0.734419,0.0664343,0.083,"[12.4077, 13.7241, 17.1361, 29.6416, 58.8039, 37.7316, 28.4912, 20.9124, 15.3327, 11.5481, 9.0482, 7.37, 6.20541, 5.36869, 4.27901, 3.40752, 2.98655, 2.82121, 2.8504]",-0.625317,"[42.519, 41.6076, 43.995, 44.5441]",0.346952
1.0,0.17186,0.0,0.0,9.59,0.0,1973.19,15.6322,93.9758,2,"[200.0, 200.0, 200.0, 200.0, 200.0, 200.0, 200.0, 200.0, 200.0, 200.0, 200.0, 200.0, 200.0, 200.0, 200.0, 200.0, 200.0, 200.0, 200.0, 200.0, 200.0, 200.0, 200.0, 200.0, 200.0, 200.0, 200.0, 200.0, 200.0, 200.0, 200.0, 200.0, 200.0, 200.0, 200.0, 200.0]",1,3766.66,50.5817,0.679903,0.218819,0.083,"[12.4536, 13.7779, 17.2116, 29.8871, 58.6815, 37.5641, 28.3059, 20.7229, 15.1565, 11.3949, 8.91842, 7.25973, 6.11035, 5.28534, 4.21175, 3.35371, 2.93946, 2.77693, 2.80595]",-0.631186,"[42.8932, 42.0885, 44.1422, 43.8816]",0.341177
1.0,0.172689,0.0,0.0,9.61,0.0,1973.45,15.8932,93.9755,2,"[200.0, 200.0, 200.0, 200.0, 200.0, 200.0, 200.0, 200.0, 200.0, 200.0, 200.0, 200.0, 200.0, 200.0, 200.0, 200.0, 200.0, 200.0, 200.0, 200.0, 200.0, 200.0, 200.0, 200.0, 200.0, 200.0, 200.0, 200.0, 200.0, 200.0, 200.0, 200.0, 200.0, 200.0, 200.0, 200.0]",1,3902.89,50.9839,0.677832,0.396626,0.084,"[12.5015, 13.8361, 17.2972, 30.2023, 58.5035, 37.3447, 28.0748, 20.497, 14.9542, 11.2242, 8.77665, 7.14097, 6.00905, 5.19723, 4.14147, 3.29814, 2.8912, 2.73185, 2.76101]",-0.637148,"[43.1818, 42.4648, 46.105, 44.8949]",0.342668
1.0,0.17337,0.0,0.0,9.63,0.0,1973.72,16.156,93.9752,2,"[200.0, 200.0, 200.0, 200.0, 200.0, 200.0, 200.0, 200.0, 200.0, 200.0, 200.0, 200.0, 200.0, 200.0, 200.0, 200.0, 200.0, 200.0, 200.0, 200.0, 200.0, 200.0, 200.0, 200.0, 200.0, 200.0, 200.0, 200.0, 200.0, 200.0, 200.0, 200.0, 200.0, 200.0, 200.0, 200.0]",1,3992.36,51.4183,0.655491,0.320536,0.085,"[12.5496, 13.8939, 17.3811, 30.5082, 58.3423, 37.139, 27.8545, 20.2784, 14.7564, 11.056, 8.63629, 7.02297, 5.9081, 5.1092, 4.07095, 3.24212, 2.84243, 2.68615, 2.7153]",-0.643199,"[43.5788, 42.768, 45.7676, 47.2013]",0.347553
1.0,0.173575,0.0,0.0,9.65,0.0,1973.98,16.4213,93.9749,2,"[200.0, 200.0, 200.0, 200.0, 200.0, 200.0, 200.0, 200.0, 200.0, 200.0, 200.0, 200.0, 200.0, 200.0, 200.0, 200.0, 200.0, 200.0, 200.0, 200.0, 200.0, 200.0, 200.0, 200.0, 200.0, 200.0, 200.0, 200.0, 200.0, 200.0, 200.0, 200.0, 200.0, 200.0, 200.0, 200.0]",1,3868.3,51.9398,0.611759,0.220488,0.086,"[12.5973, 13.9489, 17.4564, 30.753, 58.2388, 36.9839, 27.6764, 20.0911, 14.5792, 10.9006, 8.504, 6.9101, 5.81047, 5.02336, 4.00136, 3.18618, 2.79327, 2.63974, 2.66855]",-0.649357,"[44.0585, 43.1074, 45.0469, 45.4579]",0.346843
1.0,0.174302,0.0,0.0,9.67,0.0,1974.25,16.6887,93.9746,2,"[200.0, 200.0, 200.0, 200.0, 200.0, 200.0, 200.0, 200.0, 200.0, 200.0, 200.0, 200.0, 200.0, 200.0, 200.0, 200.0, 200.0, 200.0, 200.0, 200.0, 200.0, 200.0, 200.0, 200.0, 200.0, 200.0, 200.0, 200.0, 200.0, 200.0, 200.0, 200.0, 200.0, 200.0, 200.0, 200.0]",1,3917.95,52.3839,0.626311,0.274444,0.087,"[12.6471, 14.0089, 17.5439, 31.0888, 58.0679, 36.7663, 27.4433, 19.8606, 14.3715, 10.725, 8.35804, 6.78774, 5.70597, 4.93232, 3.92855, 3.12838, 2.74295, 2.59258, 2.62138]",-0.655601,"[44.3578, 43.6206, 46.0769, 45.5049]",0.34418
1.0,0.173544,0.0,0.0,9.69,0.0,1974.52,16.9583,93.9743,2,"[200.0, 200.0, 200.0, 200.0, 200.0, 200.0, 200.0, 200.0, 200.0, 200.0, 200.0, 200.0, 200.0, 200.0, 200.0, 200.0, 200.0, 200.0, 200.0, 200.0, 200.0, 200.0, 200.0, 200.0, 200.0, 200.0, 200.0, 200.0, 200.0, 200.0, 200.0, 200.0, 200.0, 200.0, 200.0, 200.0]",1,3993.42,52.7719,1.09477,0.369114,0.8,"[12.6922, 14.0558, 17.5989, 31.1882, 58.0853, 36.7197, 27.3572, 19.7427, 14.2417, 10.6005, 8.24606, 6.68872, 5.61821, 4.85372, 3.8632, 3.07455, 2.69482, 2.54649, 2.57429]",-0.661747,"[44.8354, 43.3649, 46.9823, 46.3527]",0.343407
1.0,0.168675,0.0,0.0,9.71,0.0,1974.79,17.2301,93.974,2,"[200.0, 200.0, 200.0, 200.0, 200.0, 200.0, 200.0, 200.0, 200.0, 200.0, 200.0, 200.0, 200.0, 200.0, 200.0, 200.0, 200.0, 200.0, 200.0, 200.0, 200.0, 200.0, 200.0, 200.0, 200.0, 200.0, 200.0, 200.0, 200.0, 200.0, 200.0, 200.0, 200.0, 200.0, 200.0, 200.0]",1,4039.11,53.1118,1.55147,0.359201,0.8,"[12.723, 14.0653, 17.5621, 30.6381, 58.6289, 37.1568, 27.6902, 19.9487, 14.3357, 10.623, 8.23161, 6.65699, 5.57886, 4.81133, 3.81997, 3.03292, 2.65398, 2.50454, 2.52877]",-0.667461,"[45.25, 42.7558, 47.6923, 46.7296]",0.344936
1.0,0.161285,0.0,0.0,9.73,0.0,1975.06,17.504,93.9737,2,"[200.0, 200.0, 200.0, 200.0, 200.0, 200.0, 200.0, 200.0, 200.0, 200.0, 200.0, 200.0, 200.0, 200.0, 200.0, 200.0, 200.0, 200.0, 200.0, 200.0, 200.0, 200.0, 200.0, 200.0, 200.0, 200.0, 200.0, 200.0, 200.0, 200.0, 200.0, 200.0, 200.0, 200.0, 200.0, 200.0]",1,4074.39,53.451,1.78256,0.229687,0.8,"[12.7444, 14.0512, 17.4695, 29.7908, 59.5005, 37.9033, 28.2973, 20.3715, 14.5814, 10.7452, 8.28305, 6.67064, 5.57227, 4.79361, 3.7922, 3.00033, 2.61902, 2.46659, 2.48578]",-0.672727,"[45.7485, 42.5581, 48.5766, 46.8247]",0.34467
1.0,0.152816,0.0,0.0,9.75,0.0,1975.34,17.78,93.9734,2,"[200.0, 200.0, 200.0, 200.0, 200.0, 200.0, 200.0, 200.0, 200.0, 200.0, 200.0, 200.0, 200.0, 200.0, 200.0, 200.0, 200.0, 200.0, 200.0, 200.0, 200.0, 200.0, 200.0, 200.0, 200.0, 200.0, 200.0, 200.0, 200.0, 200.0, 200.0, 200.0, 200.0, 200.0, 200.0, 200.0]",1,4141.18,53.8135,1.88659,0.0775787,0.09,"[12.761, 14.0265, 17.3545, 28.9127, 60.5171, 38.7963, 29.0411, 20.9087, 14.9098, 10.9218, 8.37029, 6.70885, 5.58346, 4.78942, 3.77317, 2.97326, 2.58808, 2.43185, 2.44548]",-0.677616,"[46.6896, 43.529, 48.8531, 47.8536]",0.346505
1.0,0.143989,0.0,0.0,9.77,0.0,1975.62,18.0582,93.973,2,"[200.0, 200.0, 200.0, 200.0, 200.0, 200.0, 200.0, 200.0, 200.0, 200.0, 200.0, 200.0, 200.0, 200.0, 200.0, 200.0, 200.0, 200.0, 200.0, 200.0, 200.0, 200.0, 200.0, 200.0, 200.0, 200.0, 200.0, 200.0, 200.0, 200.0, 200.0, 200.0, 200.0, 200.0, 200.0, 200.0]",1,4244.78,54.2628,1.55881,0.0146308,0.09,"[12.776, 13.9984, 17.234, 28.0981, 61.5858, 39.7501, 29.8481, 21.5044, 15.2831, 11.128, 8.47628, 6.75954, 5.60353, 4.79193, 3.75858, 2.94919, 2.55955, 2.39925, 2.40728]",-0.682249,"[47.2136, 44.1025, 49.1273, 50.3966]",0.347184
1.0,0.139606,0.0,0.0,9.79,0.0,1975.9,18.3389,93.9726,2,"[200.0, 200.0, 200.0, 200.0, 200.0, 200.0, 200.0, 200.0, 200.0, 200.0, 200.0, 200.0, 200.0, 200.0, 200.0, 200.0, 200.0, 200.0, 200.0, 200.0, 200.0, 200.0, 200.0, 200.0, 200.0, 200.0, 200.0, 200.0, 200.0, 200.0, 200.0, 200.0, 200.0, 200.0, 200.0, 200.0]",1,4095.97,54.8456,0.977695,0.203603,0.091,"[12.8031, 14.0065, 17.2038, 27.7923, 62.0885, 40.1767, 30.1915, 21.7348, 15.4008, 11.1671, 8.47319, 6.73659, 5.57176, 4.75653, 3.72182, 2.91376, 2.52494, 2.36393, 2.36918]",-0.687089,"[46.9011, 45.27, 48.3478, 47.4311]",0.343193
1.0,0.13887,0.0,0.0,9.81,0.0,1976.18,18.6217,93.9723,2,"[200.0, 200.0, 200.0, 200.0, 200.0, 200.0, 200.0, 200.0, 200.0, 200.0, 200.0, 200.0, 200.0, 200.0, 200.0, 200.0, 200.0, 200.0, 200.0, 200.0, 200.0, 200.0, 200.0, 200.0, 200.0, 200.0, 200.0, 200.0, 200.0, 200.0, 200.0, 200.0, 200.0, 200.0, 200.0, 200.0]",1,4272.7,55.2777,0.784947,0.18028,0.092,"[12.8398, 14.0436, 17.2452, 27.8483, 62.1246, 40.1624, 30.1417, 21.6502, 15.2958, 11.0609, 8.37608, 6.65075, 5.49606, 4.68919, 3.66648, 2.86875, 2.4851, 2.32608, 2.33082]",-0.692126,"[46.9458, 45.9134, 50.63, 48.6701]",0.34412
1.0,0.138998,0.0,0.0,9.83,0.0,1976.47,18.9065,93.9719,2,"[200.0, 200.0, 200.0, 200.0, 200.0, 200.0, 200.0, 200.0, 200.0, 200.0, 200.0, 200.0, 200.0, 200.0, 200.0, 200.0, 200.0, 200.0, 200.0, 200.0, 200.0, 200.0, 200.0, 200.0, 200.0, 200.0, 200.0, 200.0, 200.0, 200.0, 200.0, 200.0, 200.0, 200.0, 200.0, 200.0]",1,4428.38,55.7195,0.685971,-0.0713888,0.092,"[12.8794, 14.0884, 17.3044, 27.9909, 62.0488, 40.0407, 29.9948, 21.4864, 15.1337, 10.9169, 8.25431, 6.54817, 5.40848, 4.61299, 3.60573, 2.82071, 2.44334, 2.28699, 2.29173]",-0.697297,"[47.3256, 46.2744, 50.1243, 53.1536]",0.348579
1.0,0.138397,0.0,0.0,9.85,0.0,1976.75,19.1937,93.9715,2,"[200.0, 200.0, 200.0, 200.0, 200.0, 200.0, 200.0, 200.0, 200.0, 200.0, 200.0, 200.0, 200.0, 200.0, 200.0, 200.0, 200.0, 200.0, 200.0, 200.0, 200.0, 200.0, 200.0, 200.0, 200.0, 200.0, 200.0, 200.0, 200.0, 200.0, 200.0, 200.0, 200.0, 200.0, 200.0, 200.0]",1,4215.24,56.3139,0.616385,0.00100455,0.093,"[12.9182, 14.1285, 17.351, 28.0659, 62.0649, 40.0046, 29.923, 21.3807, 15.0109, 10.7969, 8.14699, 6.45461, 5.32673, 4.54072, 3.5468, 2.77313, 2.40141, 2.24729, 2.25161]",-0.702574,"[47.9006, 46.693, 49.8307, 49.0923]",0.344505
1.0,0.13848,0.0,0.0,9.87,0.0,1977.04,19.4836,93.9712,2,"[200.0, 200.0, 200.0, 200.0, 200.0, 200.0, 200.0, 200.0, 200.0, 200.0, 200.0, 200.0, 200.0, 200.0, 200.0, 200.0, 200.0, 200.0, 200.0, 200.0, 200.0, 200.0, 200.0, 200.0, 200.0, 200.0, 200.0, 200.0, 200.0, 200.0, 200.0, 200.0, 200.0, 200.0, 200.0, 200.0]",1,4266.86,56.7926,0.659125,0.245815,0.094,"[12.9589, 14.1741, 17.4111, 28.2089, 61.9928, 39.8841, 29.7752, 21.2134, 14.8442, 10.6486, 8.02161, 6.34908, 5.23668, 4.46244, 3.48439, 2.72374, 2.35847, 2.20707, 2.21136]",-0.707895,"[48.1678, 47.219, 50.4633, 49.2526]",0.341094
1.0,0.138937,0.0,0.0,9.89,0.0,1977.34,19.7758,93.9708,2,"[200.0, 200.0, 200.0, 200.0, 200.0, 200.0, 200.0, 200.0, 200.0, 200.0, 200.0, 200.0, 200.0, 200.0, 200.0, 200.0, 200.0, 200.0, 200.0, 200.0, 200.0, 200.0, 200.0, 200.0, 200.0, 200.0, 200.0, 200.0, 200.0, 200.0, 200.0, 200.0, 200.0, 200.0, 200.0, 200.0]",1,4364.7,57.2569,0.6457,0.16502,0.094,"[13.0007, 14.223, 17.4789, 28.3917, 61.8718, 39.7164, 29.5843, 21.011, 14.6526, 10.4841, 7.88582, 6.23668, 5.14183, 4.38061, 3.41987, 2.67321, 2.31482, 2.16641, 2.17087]",-0.713262,"[48.4789, 47.5961, 50.925, 51.0995]",0.346095
1.0,0.139078,0.0,0.0,9.91,0.0,1977.63,20.0702,93.9704,2,"[200.0, 200.0, 200.0, 200.0, 200.0, 200.0, 200.0, 200.0, 200.0, 200.0, 200.0, 200.0, 200.0, 200.0, 200.0, 200.0, 200.0, 200.0, 200.0, 200.0, 200.0, 200.0, 200.0, 200.0, 200.0, 200.0, 200.0, 200.0, 200.0, 200.0, 200.0, 200.0, 200.0, 200.0, 200.0, 200.0]",1,4402.26,57.7518,0.600043,-0.000660925,0.095,"[13.0425, 14.2703, 17.5418, 28.5467, 61.7899, 39.5844, 29.424, 20.8314, 14.4754, 10.3281, 7.75487, 6.12706, 5.04857, 4.29973, 3.35556, 2.62243, 2.27072, 2.12514, 2.1296]",-0.71872,"[49.0256, 47.9025, 51.6768, 51.5529]",0.346274
1.0,0.139354,0.0,0.0,9.93,0.0,1977.93,20.3671,93.97,2,"[200.0, 200.0, 200.0, 200.0, 200.0, 200.0, 200.0, 200.0, 200.0, 200.0, 200.0, 200.0, 200.0, 200.0, 200.0, 200.0, 200.0, 200.0, 200.0, 200.0, 200.0, 200.0, 200.0, 200.0, 200.0, 200.0, 200.0, 200.0, 200.0, 200.0, 200.0, 200.0, 200.0, 200.0, 200.0, 200.0]",1,4375.21,58.2749,0.620502,0.0334459,0.096,"[13.0851, 14.3192, 17.6081, 28.7187, 61.6896, 39.4336, 29.2458, 20.6362, 14.2865, 10.1641, 7.61872, 6.01383, 4.95272, 4.21681, 3.28993, 2.57079, 2.22598, 2.08333, 2.08785]",-0.724246,"[49.4105, 48.3942, 51.4666, 50.8496]",0.342824
1.0,0.13988,0.0,0.0,9.95,0.0,1978.23,20.6663,93.9696,2,"[200.0, 200.0, 200.0, 200.0, 200.0, 200.0, 200.0, 200.0, 200.0, 200.0, 200.0, 200.0, 200.0, 200.0, 200.0, 200.0, 200.0, 200.0, 200.0, 200.0, 200.0, 200.0, 200.0, 200.0, 200.0, 200.0, 200.0, 200.0, 200.0, 200.0, 200.0, 200.0, 200.0, 200.0, 200.0, 200.0]",1,4420.62,58.7634,0.668791,0.150215,0.097,"[13.1287, 14.3704, 17.6799, 28.9202, 61.5558, 39.2499, 29.0375, 20.416, 14.0798, 9.98871, 7.47526, 5.89577, 4.85344, 4.1314, 3.22273, 2.51825, 2.18064, 2.04111, 2.04582]",-0.729819,"[49.8199, 48.8624, 51.7046, 51.5946]",0.343691
1.0,0.140141,0.0,0.0,9.97,0.0,1978.53,20.9679,93.9693,2,"[200.0, 200.0, 200.0, 200.0, 200.0, 200.0, 200.0, 200.0, 200.0, 200.0, 200.0, 200.0, 200.0, 200.0, 200.0, 200.0, 200.0, 200.0, 200.0, 200.0, 200.0, 200.0, 200.0, 200.0, 200.0, 200.0, 200.0, 200.0, 200.0, 200.0, 200.0, 200.0, 200.0, 200.0, 200.0, 200.0]",1,4476.6,59.2522,0.6822,0.229104,0.097,"[13.1719, 14.42, 17.7471, 29.0969, 61.4557, 39.0973, 28.8557, 20.2157, 13.8859, 9.82101, 7.33645, 5.78058, 4.75607, 4.04723, 3.15615, 2.46586, 2.13523, 1.99867, 2.00341]",-0.73543,"[50.2712, 49.2326, 52.2761, 52.3439]",0.344084
1.0,0.140561,0.0,0.0,9.99,0.0,1978.83,21.2717,93.9689,2,"[200.0, 200.0, 200.0, 200.0, 200.0, 200.0, 200.0, 200.0, 200.0, 200.0, 200.0, 200.0, 200.0, 200.0, 200.0, 200.0, 200.0, 200.0, 200.0, 200.0, 200.0, 200.0, 200.0, 200.0, 200.0, 200.0, 200.0, 200.0, 200.0, 200.0, 200.0, 200.0, 200.0, 200.0, 200.0, 200.0]",1,4593.48,59.7258,0.653669,0.0843245,0.098,"[13.2161, 14.4714, 17.8183, 29.2949, 61.3334, 38.9223, 28.6528, 19.9972, 13.6786, 9.64441, 7.19191, 5.66149, 4.65582, 3.96089, 3.08811, 2.41253, 2.08911, 1.95565, 1.9605]",-0.741113,"[50.6332, 49.6113, 54.0435, 53.2688]",0.345247
1.0,0.139959,0.0,0.0,10.01,0.0,1979.14,21.5771,93.9688,3,"[200.0, 200.0, 200.0, 200.0, 200.0, 200.0, 200.0, 200.0, 200.0, 200.0, 200.0, 200.0, 200.0, 200.0, 200.0, 200.0, 200.0, 200.0, 200.0, 200.0, 200.0, 200.0, 200.0, 200.0, 200.0, 200.0, 200.0, 200.0, 200.0, 200.0, 200.0, 200.0, 200.0, 200.0, 200.0, 200.0]",1,3350.35,59.8145,0.9544,-0.00288385,0.8,"[13.2577, 14.5146, 17.8688, 29.3808, 61.3444, 38.8737, 28.5622, 19.8666, 13.5302, 9.50418, 7.06983, 5.55702, 4.56563, 3.88179, 3.02422, 2.36132, 2.04413, 1.91315, 1.91761]",-0.746758,"[50.7656, 49.2926, 51.2585, 50.0635]",0.345851
1.0,0.135929,0.0,0.0,10.03,0.0,1979.44,21.8823,93.9688,3,"[200.0, 200.0, 200.0, 200.0, 200.0, 200.0, 200.0, 200.0, 200.0, 200.0, 200.0, 200.0, 200.0, 200.0, 200.0, 200.0, 200.0, 200.0, 200.0, 200.0, 200.0, 200.0, 200.0, 200.0, 200.0, 200.0, 200.0, 200.0, 200.0, 200.0, 200.0, 200.0, 200.0, 200.0, 200.0, 200.0]",1,3357.66,59.6564,1.52658,0.137114,0.8,"[13.2882, 14.5274, 17.8462, 29.085, 61.8076, 39.2621, 28.8656, 20.0505, 13.5966, 9.49765, 7.03163, 5.50807, 4.51436, 3.83137, 2.97778, 2.31998, 2.00546, 1.87482, 1.87724]",-0.751954,"[50.6407, 48.2054, 51.7001, 49.4022]",0.345438
1.0,0.127766,0.0,0.0,10.05,0.0,1979.75,22.1869,93.9688,3,"[200.0, 200.0, 200.0, 200.0, 200.0, 200.0, 200.0, 200.0, 200.0, 200.0, 200.0, 200.0, 200.0, 200.0, 200.0, 200.0, 200.0, 200.0, 200.0, 200.0, 200.0, 200.0, 200.0, 200.0, 200.0, 200.0, 200.0, 200.0, 200.0, 200.0, 200.0, 200.0, 200.0, 200.0, 200.0, 200.0]",1,3364.92,59.4745,1.90687,0.122232,0.1,"[13.3051, 14.5035, 17.737, 28.3837, 62.8193, 40.1879, 29.6612, 20.6356, 13.9411, 9.66423, 7.10129, 5.53005, 4.51273, 3.81755, 2.95374, 2.29166, 1.97537, 1.84251, 1.84103]",-0.756484,"[51.7713, 48.2493, 51.9938, 48.8358]",0.342273
1.0,0.118004,0.0,0.0,10.07,0.0,1980.05,22.4911,93.9688,3,"[200.0, 200.0, 200.0, 200.0, 200.0, 200.0, 200.0, 200.0, 200.0, 200.0, 200.0, 200.0, 200.0, 200.0, 200.0, 200.0, 200.0, 200.0, 200.0, 200.0, 200.0, 200.0, 200.0, 200.0, 200.0, 200.0, 200.0, 200.0, 200.0, 200.0, 200.0, 200.0, 200.0, 200.0, 200.0, 200.0]",1,3372.12,59.4549,1.46412,-0.125982,0.101,"[13.317, 14.4661, 17.5979, 27.6034, 64.0457, 41.3351, 30.6698, 21.4064, 14.4211, 9.91529, 7.22214, 5.58483, 4.53368, 3.82028, 2.93989, 2.26947, 1.94962, 1.81354, 1.80754]",-0.760632,"[51.8651, 48.3636, 52.0397, 49.0333]",0.346534
1.0,0.112244,0.0,0.0,10.09,0.0,1980.36,22.7952,93.9688,3,"[200.0, 200.0, 200.0, 200.0, 200.0, 200.0, 200.0, 200.0, 200.0, 200.0, 200.0, 200.0, 200.0, 200.0, 200.0, 200.0, 200.0, 200.0, 200.0, 200.0, 200.0, 200.0, 200.0, 200.0, 200.0, 200.0, 200.0, 200.0, 200.0, 200.0, 200.0, 200.0, 200.0, 200.0, 200.0, 200.0]",1,3379.27,59.4691,0.891011,-0.174197,0.101,"[13.3384, 14.46, 17.5376, 27.2212, 64.7503, 41.9812, 31.2276, 21.8178, 14.6564, 10.0156, 7.25049, 5.58021, 4.51433, 3.79433, 2.90992, 2.23936, 1.91979, 1.78289, 1.77435]",-0.764874,"[51.0746, 48.9629, 51.4499, 49.2983]",0.347753
1.0,0.109768,0.0,0.0,10.11,0.0,1980.66,23.099,93.9688,3,"[200.0, 200.0, 200.0, 200.0, 200.0, 200.0, 200.0, 200.0, 200.0, 200.0, 200.0, 200.0, 200.0, 200.0, 200.0, 200.0, 200.0, 200.0, 200.0, 200.0, 200.0, 200.0, 200.0, 200.0, 200.0, 200.0, 200.0, 200.0, 200.0, 200.0, 200.0, 200.0, 200.0, 200.0, 200.0, 200.0]",1,3386.36,59.4557,0.674571,-0.0355801,0.102,"[13.3668, 14.4786, 17.539, 27.1188, 65.0265, 42.2093, 31.4027, 21.9156, 14.6727, 9.98054, 7.19677, 5.52355, 4.46004, 3.74372, 2.86617, 2.20242, 1.88633, 1.75056, 1.74106]",-0.769225,"[50.7509, 49.225, 51.1632, 49.6926]",0.341599
1.0,0.108792,0.0,0.0,10.13,0.0,1980.96,23.4026,93.9688,3,"[200.0, 200.0, 200.0, 200.0, 200.0, 200.0, 200.0, 200.0, 200.0, 200.0, 200.0, 200.0, 200.0, 200.0, 200.0, 200.0, 200.0, 200.0, 200.0, 200.0, 200.0, 200.0, 200.0, 200.0, 200.0, 200.0, 200.0, 200.0, 200.0, 200.0, 200.0, 200.0, 200.0, 200.0, 200.0, 200.0]",1,3393.4,59.4391,0.654232,0.00306135,0.103,"[13.3977, 14.5077, 17.5672, 27.1356, 65.1075, 42.2465, 31.4023, 21.8687, 14.5876, 9.88372, 7.10635, 5.44423, 4.39095, 3.68292, 2.81703, 2.16307, 1.85184, 1.71802, 1.70827]",-0.773548,"[50.6153, 49.321, 51.021, 49.7811]",0.343931
1.0,0.108274,0.0,0.0,10.15,0.0,1981.27,23.7059,93.9688,3,"[200.0, 200.0, 200.0, 200.0, 200.0, 200.0, 200.0, 200.0, 200.0, 200.0, 200.0, 200.0, 200.0, 200.0, 200.0, 200.0, 200.0, 200.0, 200.0, 200.0, 200.0, 200.0, 200.0, 200.0, 200.0, 200.0, 200.0, 200.0, 200.0, 200.0, 200.0, 200.0, 200.0, 200.0, 200.0, 200.0]",1,3177.69,59.425,0.617256,-0.170877,0.103,"[13.4294, 14.5399, 17.6036, 27.1882, 65.1289, 42.2252, 31.3478, 21.7765, 14.4704, 9.76708, 7.00433, 5.35779, 4.31723, 3.61897, 2.76623, 2.123, 1.81705, 1.68543, 1.67564]",-0.777862,"[50.5634, 49.3395, 51.0034, 49.8871]",0.34762
1.0,0.107836,0.0,0.0,10.17,0.0,1981.57,24.0098,93.9686,3,"[200.0, 200.0, 200.0, 200.0, 200.0, 200.0, 200.0, 200.0, 200.0, 200.0, 200.0, 200.0, 200.0, 200.0, 200.0, 200.0, 200.0, 200.0, 200.0, 200.0, 200.0, 200.0, 200.0, 200.0, 200.0, 200.0, 200.0, 200.0, 200.0, 200.0, 200.0, 200.0, 200.0, 200.0, 200.0, 200.0]",1,3255.97,59.6733,0.642817,-0.135116,0.104,"[13.4612, 14.5726, 17.6413, 27.247, 65.1399, 42.1935, 31.2835, 21.6756, 14.3465, 9.64618, 6.89978, 5.26986, 4.24255, 3.55441, 2.71515, 2.08285, 1.78224, 1.65289, 1.64309]",-0.782167,"[50.7309, 49.5449, 52.2138, 51.1285]",0.342942
1.0,0.107576,0.0,0.0,10.19,0.0,1981.88,24.3149,93.9684,3,"[200.0, 200.0, 200.0, 200.0, 200.0, 200.0, 200.0, 200.0, 200.0, 200.0, 200.0, 200.0, 200.0, 200.0, 200.0, 200.0, 200.0, 200.0, 200.0, 200.0, 200.0, 200.0, 200.0, 200.0, 200.0, 200.0, 200.0, 200.0, 200.0, 200.0, 200.0, 200.0, 200.0, 200.0, 200.0, 200.0]",1,3267.69,59.9566,0.700601,0.0343771,0.104,"[13.4931, 14.6063, 17.6819, 27.3191, 65.1278, 42.1394, 31.1982, 21.5572, 14.21, 9.51778, 6.79102, 5.17954, 4.1665, 3.48897, 2.66375, 2.04266, 1.74754, 1.62052, 1.61081]",-0.786441,"[50.94, 49.7989, 52.0905, 51.6013]",0.342662
1.0,0.107518,0.0,0.0,10.21,0.0,1982.18,24.6215,93.9681,3,"[200.0, 200.0, 200.0, 200.0, 200.0, 200.0, 200.0, 200.0, 200.0, 200.0, 200.0, 200.0, 200.0, 200.0, 200.0, 200.0, 200.0, 200.0, 200.0, 200.0, 200.0, 200.0, 200.0, 200.0, 200.0, 200.0, 200.0, 200.0, 200.0, 200.0, 200.0, 200.0, 200.0, 200.0, 200.0, 200.0]",1,3300.01,60.2346,0.690517,-0.0289312,0.105,"[13.5253, 14.6414, 17.7262, 27.4075, 65.0892, 42.0587, 31.0881, 21.4174, 14.0581, 9.38009, 6.67692, 5.08599, 4.0884, 3.42214, 2.6116, 2.00215, 1.71268, 1.58813, 1.57858]",-0.790713,"[51.1521, 50.0323, 52.5248, 52.1516]",0.346073
1.0,0.107695,0.0,0.0,10.23,0.0,1982.49,24.9293,93.9679,3,"[200.0, 200.0, 200.0, 200.0, 200.0, 200.0, 200.0, 200.0, 200.0, 200.0, 200.0, 200.0, 200.0, 200.0, 200.0, 200.0, 200.0, 200.0, 200.0, 200.0, 200.0, 200.0, 200.0, 200.0, 200.0, 200.0, 200.0, 200.0, 200.0, 200.0, 200.0, 200.0, 200.0, 200.0, 200.0, 200.0]",1,3317.79,60.5216,0.676153,-0.176457,0.105,"[13.5582, 14.6785, 17.7752, 27.516, 65.0192, 41.9463, 30.9478, 21.2515, 13.8871, 9.23036, 6.55567, 4.98793, 4.00721, 3.3531, 2.55814, 1.96087, 1.67733, 1.55536, 1.54608]",-0.795027,"[51.3671, 50.2915, 53.243, 52.071]",0.344639
1.0,0.107722,0.0,0.0,10.25,0.0,1982.8,25.2385,93.9677,3,"[200.0, 200.0, 200.0, 200.0, 200.0, 200.0, 200.0, 200.0, 200.0, 200.0, 200.0, 200.0, 200.0, 200.0, 200.0, 200.0, 200.0, 200.0, 200.0, 200.0, 200.0, 200.0, 200.0, 200.0, 200.0, 200.0, 200.0, 200.0, 200.0, 200.0, 200.0, 200.0, 200.0, 200.0, 200.0, 200.0]",1,3325.77,60.811,0.723266,-0.0881237,0.106,"[13.591, 14.7147, 17.8216, 27.613, 64.9686, 41.8525, 30.8243, 21.0985, 13.7241, 9.0851, 6.43689, 4.89138, 3.92698, 3.28468, 2.50497, 1.91969, 1.64197, 1.52253, 1.51345]",-0.799354,"[51.6533, 50.5213, 52.7057, 52.8243]",0.344143
1.0,0.107635,0.0,0.0,10.27,0.0,1983.11,25.5491,93.9675,3,"[200.0, 200.0, 200.0, 200.0, 200.0, 200.0, 200.0, 200.0, 200.0, 200.0, 200.0, 200.0, 200.0, 200.0, 200.0, 200.0, 200.0, 200.0, 200.0, 200.0, 200.0, 200.0, 200.0, 200.0, 200.0, 200.0, 200.0, 200.0, 200.0, 200.0, 200.0, 200.0, 200.0, 200.0, 200.0, 200.0]",1,3325.03,61.1075,0.733529,-0.0131027,0.107,"[13.6235, 14.75, 17.8659, 27.701, 64.9329, 41.7733, 30.7137, 20.9554, 13.5672, 8.9433, 6.3202, 4.79616, 3.84764, 3.21695, 2.45221, 1.87872, 1.60673, 1.48977, 1.48085]",-0.803675,"[51.8943, 50.7334, 53.1085, 52.4796]",0.344282
1.0,0.107717,0.0,0.0,10.29,0.0,1983.42,25.861,93.9672,3,"[200.0, 200.0, 200.0, 200.0, 200.0, 200.0, 200.0, 200.0, 200.0, 200.0, 200.0, 200.0, 200.0, 200.0, 200.0, 200.0, 200.0, 200.0, 200.0, 200.0, 200.0, 200.0, 200.0, 200.0, 200.0, 200.0, 200.0, 200.0, 200.0, 200.0, 200.0, 200.0, 200.0, 200.0, 200.0, 200.0]",1,3394.1,61.3712,0.732056,-0.0559103,0.107,"[13.6565, 14.7867, 17.9135, 27.8035, 64.8746, 41.6711, 30.5813, 20.7933, 13.3963, 8.79295, 6.19852, 4.69789, 3.76633, 3.14778, 2.39862, 1.8373, 1.57121, 1.45681, 1.44811]",-0.808017,"[52.1195, 50.996, 54.6463, 52.7035]",0.344522
1.0,0.107755,0.0,0.0,10.31,0.0,1983.73,26.1741,93.967,3,"[200.0, 200.0, 200.0, 200.0, 200.0, 200.0, 200.0, 200.0, 200.0, 200.0, 200.0, 200.0, 200.0, 200.0, 200.0, 200.0, 200.0, 200.0, 200.0, 200.0, 200.0, 200.0, 200.0, 200.0, 200.0, 200.0, 200.0, 200.0, 200.0, 200.0, 200.0, 200.0, 200.0, 200.0, 200.0, 200.0]",1,3391.13,61.6709,0.687745,-0.241773,0.108,"[13.6898, 14.8236, 17.9609, 27.904, 64.8214, 41.5733, 30.4518, 20.632, 13.2245, 8.64126, 6.07572, 4.59868, 3.68425, 3.07796, 2.3445, 1.79545, 1.53528, 1.42346, 1.41497]",-0.812411,"[52.3727, 51.2326, 53.8428, 53.9372]",0.346752
1.0,0.107516,0.0,0.0,10.33,0.0,1984.05,26.4886,93.9668,3,"[200.0, 200.0, 200.0, 200.0, 200.0, 200.0, 200.0, 200.0, 200.0, 200.0, 200.0, 200.0, 200.0, 200.0, 200.0, 200.0, 200.0, 200.0, 200.0, 200.0, 200.0, 200.0, 200.0, 200.0, 200.0, 200.0, 200.0, 200.0, 200.0, 200.0, 200.0, 200.0, 200.0, 200.0, 200.0, 200.0]",1,3371.55,61.9841,0.71406,-0.15361,0.108,"[13.7228, 14.8586, 18.0034, 27.9823, 64.8043, 41.5106, 30.3544, 20.4961, 13.0685, 8.49801, 5.95748, 4.50213, 3.60376, 3.00919, 2.29084, 1.7537, 1.49932, 1.38999, 1.38161]",-0.81683,"[52.6788, 51.4858, 53.6455, 53.2936]",0.343549
1.0,0.107395,0.0,0.0,10.35,0.0,1984.36,26.8046,93.9665,3,"[200.0, 200.0, 200.0, 200.0, 200.0, 200.0, 200.0, 200.0, 200.0, 200.0, 200.0, 200.0, 200.0, 200.0, 200.0, 200.0, 200.0, 200.0, 200.0, 200.0, 200.0, 200.0, 200.0, 200.0, 200.0, 200.0, 200.0, 200.0, 200.0, 200.0, 200.0, 200.0, 200.0, 200.0, 200.0, 200.0]",1,3434.07,62.2506,0.7543,-0.0252567,0.109,"[13.7559, 14.8943, 18.0479, 28.0699, 64.772, 41.4326, 30.2424, 20.3472, 12.9031, 8.34945, 5.83643, 4.40408, 3.52244, 2.9399, 2.23701, 1.71198, 1.46344, 1.35663, 1.3484]",-0.821231,"[52.8971, 51.7114, 55.423, 53.2286]",0.342483
1.0,0.107173,0.0,0.0,10.37,0.0,1984.68,27.1217,93.9663,3,"[200.0, 200.0, 200.0, 200.0, 200.0, 200.0, 200.0, 200.0, 200.0, 200.0, 200.0, 200.0, 200.0, 200.0, 200.0, 200.0, 200.0, 200.0, 200.0, 200.0, 200.0, 200.0, 200.0, 200.0, 200.0, 200.0, 200.0, 200.0, 200.0, 200.0, 200.0, 200.0, 200.0, 200.0, 200.0, 200.0]",1,3451.35,62.5437,0.710821,-0.161983,0.109,"[13.7889, 14.9295, 18.0908, 28.1497, 64.7527, 41.3671, 30.1412, 20.2061, 12.7416, 8.20245, 5.71615, 4.30642, 3.44134, 2.87073, 2.18318, 1.67017, 1.42747, 1.32314, 1.31504]",-0.82565,"[53.1422, 51.9234, 54.7602, 54.7831]",0.34345
1.0,0.106626,0.0,0.0,10.39,0.0,1985.0,27.4402,93.9661,3,"[200.0, 200.0, 200.0, 200.0, 200.0, 200.0, 200.0, 200.0, 200.0, 200.0, 200.0, 200.0, 200.0, 200.0, 200.0, 200.0, 200.0, 200.0, 200.0, 200.0, 200.0, 200.0, 200.0, 200.0, 200.0, 200.0, 200.0, 200.0, 200.0, 200.0, 200.0, 200.0, 200.0, 200.0, 200.0, 200.0]",1,3427.92,62.8636,0.664941,-0.253029,0.11,"[13.8217, 14.9627, 18.128, 28.203, 64.7761, 41.3434, 30.0782, 20.0947, 12.598, 8.06436, 5.60028, 4.21111, 3.36154, 2.80232, 2.12957, 1.62829, 1.39127, 1.28934, 1.28127]",-0.830119,"[53.4356, 52.1605, 54.9188, 54.1901]",0.347424
1.0,0.106369,0.0,0.0,10.41,0.0,1985.32,27.7603,93.9659,3,"[200.0, 200.0, 200.0, 200.0, 200.0, 200.0, 200.0, 200.0, 200.0, 200.0, 200.0, 200.0, 200.0, 200.0, 200.0, 200.0, 200.0, 200.0, 200.0, 200.0, 200.0, 200.0, 200.0, 200.0, 200.0, 200.0, 200.0, 200.0, 200.0, 200.0, 200.0, 200.0, 200.0, 200.0, 200.0, 200.0]",1,3449.84,63.1552,0.734269,-0.0720828,0.111,"[13.8549, 14.9978, 18.1706, 28.2806, 64.761, 41.2812, 29.9789, 19.9525, 12.4327, 7.91394, 5.4778, 4.11199, 3.27942, 2.73236, 2.07522, 1.58612, 1.35499, 1.25558, 1.24763]",-0.834574,"[53.6783, 52.4488, 55.4918, 53.9684]",0.342153
1.0,0.104505,0.0,0.0,10.43,0.0,1985.64,28.0817,93.9656,3,"[200.0, 200.0, 200.0, 200.0, 200.0, 200.0, 200.0, 200.0, 200.0, 200.0, 200.0, 200.0, 200.0, 200.0, 200.0, 200.0, 200.0, 200.0, 200.0, 200.0, 200.0, 200.0, 200.0, 200.0, 200.0, 200.0, 200.0, 200.0, 200.0, 200.0, 200.0, 200.0, 200.0, 200.0, 200.0, 200.0]",1,3418.15,63.4328,1.10106,-0.0392938,0.8,"[13.884, 15.0198, 18.1811, 28.2177, 64.9623, 41.4369, 30.0844, 19.9814, 12.3823, 7.82803, 5.39162, 4.03522, 3.21221, 2.6731, 2.02717, 1.5475, 1.32101, 1.22342, 1.21507]",-0.83886,"[53.9136, 52.0131, 55.0631, 53.5119]",0.342319
1.0,0.100027,0.0,0.0,10.45,0.0,1985.96,28.4043,93.9654,3,"[200.0, 200.0, 200.0, 200.0, 200.0, 200.0, 200.0, 200.0, 200.0, 200.0, 200.0, 200.0, 200.0, 200.0, 200.0, 200.0, 200.0, 200.0, 200.0, 200.0, 200.0, 200.0, 200.0, 200.0, 200.0, 200.0, 200.0, 200.0, 200.0, 200.0, 200.0, 200.0, 200.0, 200.0, 200.0, 200.0]",1,3555.6,63.5874,1.24625,-0.223395,0.8,"[13.906, 15.0201, 18.1397, 27.9337, 65.5171, 41.9514, 30.5304, 20.299, 12.5286, 7.85236, 5.36703, 3.99605, 3.17018, 2.63192, 1.98993, 1.51513, 1.29121, 1.19427, 1.18475]",-0.842811,"[53.8502, 51.3718, 56.5644, 56.5293]",0.34767
1.0,0.0931083,0.0,0.0,10.47,0.0,1986.29,28.7279,93.9652,3,"[200.0, 200.0, 200.0, 200.0, 200.0, 200.0, 200.0, 200.0, 200.0, 200.0, 200.0, 200.0, 200.0, 200.0, 200.0, 200.0, 200.0, 200.0, 200.0, 200.0, 200.0, 200.0, 200.0, 200.0, 200.0, 200.0, 200.0, 200.0, 200.0, 200.0, 200.0, 200.0, 200.0, 200.0, 200.0, 200.0]",1,3486.85,63.8014,1.51599,-0.245792,0.112,"[13.9216, 15.0005, 18.051, 27.467, 66.4023, 42.8058, 31.3036, 20.9025, 12.876, 7.98963, 5.40446, 3.99433, 3.15308, 2.60863, 1.96345, 1.4891, 1.2658, 1.16846, 1.15705]",-0.846385,"[55.0392, 51.6554, 56.6707, 54.0822]",0.343474
1.0,0.0849377,0.0,0.0,10.49,0.0,1986.61,29.053,93.9649,3,"[200.0, 200.0, 200.0, 200.0, 200.0, 200.0, 200.0, 200.0, 200.0, 200.0, 200.0, 200.0, 200.0, 200.0, 200.0, 200.0, 200.0, 200.0, 200.0, 200.0, 200.0, 200.0, 200.0, 200.0, 200.0, 200.0, 200.0, 200.0, 200.0, 200.0, 200.0, 200.0, 200.0, 200.0, 200.0, 200.0]",1,3500.11,64.0708,1.43682,-0.12227,0.113,"[13.9323, 14.9691, 17.9379, 26.9317, 67.4596, 43.8452, 32.2633, 21.6824, 13.3607, 8.2083, 5.48741, 4.02066, 3.1552, 2.59965, 1.94625, 1.46921, 1.24514, 1.14668, 1.13309]",-0.849459,"[55.4951, 52.3918, 56.576, 54.4941]",0.342951
1.0,0.0803191,0.0,0.0,10.51,0.0,1986.94,29.3794,93.9647,3,"[200.0, 200.0, 200.0, 200.0, 200.0, 200.0, 200.0, 200.0, 200.0, 200.0, 200.0, 200.0, 200.0, 200.0, 200.0, 200.0, 200.0, 200.0, 200.0, 200.0, 200.0, 200.0, 200.0, 200.0, 200.0, 200.0, 200.0, 200.0, 200.0, 200.0, 200.0, 200.0, 200.0, 200.0, 200.0, 200.0]",1,3550.65,64.3772,0.977088,-0.253182,0.113,"[13.949, 14.9631, 17.8893, 26.6726, 68.0436, 44.4084, 32.7744, 22.0839, 13.5887, 8.28525, 5.4941, 4.0028, 3.12945, 2.57182, 1.91919, 1.4448, 1.22233, 1.12415, 1.10948]",-0.852539,"[55.1629, 53.033, 56.6031, 56.0637]",0.34736
1.0,0.0779855,0.0,0.0,10.53,0.0,1987.27,29.7073,93.9645,3,"[200.0, 200.0, 200.0, 200.0, 200.0, 200.0, 200.0, 200.0, 200.0, 200.0, 200.0, 200.0, 200.0, 200.0, 200.0, 200.0, 200.0, 200.0, 200.0, 200.0, 200.0, 200.0, 200.0, 200.0, 200.0, 200.0, 200.0, 200.0, 200.0, 200.0, 200.0, 200.0, 200.0, 200.0, 200.0, 200.0]",1,3554.75,64.6962,0.745706,-0.360728,0.114,"[13.9698, 14.9735, 17.8819, 26.5767, 68.3225, 44.6616, 32.9894, 22.2291, 13.6355, 8.2596, 5.4455, 3.95274, 3.08322, 2.53, 1.88452, 1.41656, 1.19732, 1.1004, 1.08537]",-0.855718,"[55.1948, 53.4967, 57.3274, 55.5549]",0.344699
1.0,0.0766141,0.0,0.0,10.55,0.0,1987.6,30.0366,93.9643,3,"[200.0, 200.0, 200.0, 200.0, 200.0, 200.0, 200.0, 200.0, 200.0, 200.0, 200.0, 200.0, 200.0, 200.0, 200.0, 200.0, 200.0, 200.0, 200.0, 200.0, 200.0, 200.0, 200.0, 200.0, 200.0, 200.0, 200.0, 200.0, 200.0, 200.0, 200.0, 200.0, 200.0, 200.0, 200.0, 200.0]",1,3559.37,65.007,0.715834,-0.232759,0.114,"[13.992, 14.9904, 17.8911, 26.5465, 68.4735, 44.7844, 33.0799, 22.2658, 13.6045, 8.1899, 5.3735, 3.88943, 3.02874, 2.48269, 1.84698, 1.38698, 1.17165, 1.07634, 1.06126]",-0.858908,"[55.3471, 53.8812, 56.4866, 56.4513]",0.343837
1.0,0.0758545,0.0,0.0,10.57,0.0,1987.93,30.3674,93.964,3,"[200.0, 200.0, 200.0, 200.0, 200.0, 200.0, 200.0, 200.0, 200.0, 200.0, 200.0, 200.0, 200.0, 200.0, 200.0, 200.0, 200.0, 200.0, 200.0, 200.0, 200.0, 200.0, 200.0, 200.0, 200.0, 200.0, 200.0, 200.0, 200.0, 200.0, 200.0, 200.0, 200.0, 200.0, 200.0, 200.0]",1,3571.78,65.3156,0.690018,-0.254439,0.115,"[14.0149, 15.0113, 17.9105, 26.5566, 68.5434, 44.8248, 33.0914, 22.2335, 13.524, 8.09259, 5.28736, 3.81837, 2.96968, 2.43241, 1.808, 1.35687, 1.1458, 1.05234, 1.03738]",-0.862075,"[55.5315, 54.1798, 57.0088, 56.3206]",0.345864
1.0,0.0755932,0.0,0.0,10.59,0.0,1988.26,30.6997,93.9638,3,"[200.0, 200.0, 200.0, 200.0, 200.0, 200.0, 200.0, 200.0, 200.0, 200.0, 200.0, 200.0, 200.0, 200.0, 200.0, 200.0, 200.0, 200.0, 200.0, 200.0, 200.0, 200.0, 200.0, 200.0, 200.0, 200.0, 200.0, 200.0, 200.0, 200.0, 200.0, 200.0, 200.0, 200.0, 200.0, 200.0]",1,3631.0,65.5975,0.652843,-0.401789,0.115,"[14.0386, 15.0356, 17.9386, 26.6, 68.5467, 44.7968, 33.0367, 22.1422, 13.4003, 7.97077, 5.18847, 3.74015, 2.90613, 2.3791, 1.76744, 1.32594, 1.1195, 1.02808, 1.01339]",-0.865262,"[55.7317, 54.4224, 58.8965, 56.5846]",0.344839
1.0,0.0751559,0.0,0.0,10.61,0.0,1988.59,31.0334,93.9635,3,"[200.0, 200.0, 200.0, 200.0, 200.0, 200.0, 200.0, 200.0, 200.0, 200.0, 200.0, 200.0, 200.0, 200.0, 200.0, 200.0, 200.0, 200.0, 200.0, 200.0, 200.0, 200.0, 200.0, 200.0, 200.0, 200.0, 200.0, 200.0, 200.0, 200.0, 200.0, 200.0, 200.0, 200.0, 200.0, 200.0]",1,3615.92,65.9226,0.663275,-0.416954,0.115,"[14.062, 15.0588, 17.9638, 26.632, 68.5734, 44.7927, 33.0049, 22.0704, 13.289, 7.85495, 5.09244, 3.66342, 2.84349, 2.32637, 1.72714, 1.29512, 1.09321, 1.00377, 0.989319]",-0.868458,"[56.0325, 54.7409, 57.4229, 57.4611]",0.344408
1.0,0.0745761,0.0,0.0,10.63,0.0,1988.93,31.3687,93.9632,3,"[200.0, 200.0, 200.0, 200.0, 200.0, 200.0, 200.0, 200.0, 200.0, 200.0, 200.0, 200.0, 200.0, 200.0, 200.0, 200.0, 200.0, 200.0, 200.0, 200.0, 200.0, 200.0, 200.0, 200.0, 200.0, 200.0, 200.0, 200.0, 200.0, 200.0, 200.0, 200.0, 200.0, 200.0, 200.0, 200.0]",1,3615.49,66.237,0.734613,-0.223153,0.116,"[14.0851, 15.0807, 17.9861, 26.6536, 68.6196, 44.8088, 32.9927, 22.0159, 13.1899, 7.7456, 4.99998, 3.58901, 2.78244, 2.27488, 1.68764, 1.26483, 1.06734, 0.97982, 0.965561]",-0.871612,"[56.3119, 54.9876, 58.0105, 56.6943]",0.343421
1.0,0.0741154,0.0,0.0,10.65,0.0,1989.27,31.7053,93.9629,3,"[200.0, 200.0, 200.0, 200.0, 200.0, 200.0, 200.0, 200.0, 200.0, 200.0, 200.0, 200.0, 200.0, 200.0, 200.0, 200.0, 200.0, 200.0, 200.0, 200.0, 200.0, 200.0, 200.0, 200.0, 200.0, 200.0, 200.0, 200.0, 200.0, 200.0, 200.0, 200.0, 200.0, 200.0, 200.0, 200.0]",1,3658.41,66.5311,0.702633,-0.312426,0.116,"[14.108, 15.1033, 18.0102, 26.6827, 68.6502, 44.8092, 32.9654, 21.9479, 13.0803, 7.63033, 4.90476, 3.51327, 2.72078, 2.22306, 1.64806, 1.2346, 1.04156, 0.956009, 0.941986]",-0.874743,"[56.5459, 55.1916, 58.8148, 57.437]",0.344637
1.0,0.0734808,0.0,0.0,10.67,0.0,1989.6,32.0433,93.9626,3,"[200.0, 200.0, 200.0, 200.0, 200.0, 200.0, 200.0, 200.0, 200.0, 200.0, 200.0, 200.0, 200.0, 200.0, 200.0, 200.0, 200.0, 200.0, 200.0, 200.0, 200.0, 200.0, 200.0, 200.0, 200.0, 200.0, 200.0, 200.0, 200.0, 200.0, 200.0, 200.0, 200.0, 200.0, 200.0, 200.0]",1,3692.55,66.8279,0.672464,-0.330981,0.117,"[14.1309, 15.1248, 18.0315, 26.7004, 68.704, 44.8331, 32.9606, 21.8988, 12.9827, 7.52032, 4.81173, 3.43856, 2.65962, 2.1715, 1.60857, 1.20433, 1.01571, 0.932091, 0.918251]",-0.877893,"[56.8277, 55.4643, 58.5072, 58.9338]",0.345644
1.0,0.0729763,0.0,0.0,10.69,0.0,1989.94,32.3831,93.9623,3,"[200.0, 200.0, 200.0, 200.0, 200.0, 200.0, 200.0, 200.0, 200.0, 200.0, 200.0, 200.0, 200.0, 200.0, 200.0, 200.0, 200.0, 200.0, 200.0, 200.0, 200.0, 200.0, 200.0, 200.0, 200.0, 200.0, 200.0, 200.0, 200.0, 200.0, 200.0, 200.0, 200.0, 200.0, 200.0, 200.0]",1,3663.35,67.1722,0.665462,-0.306415,0.117,"[14.154, 15.1471, 18.055, 26.7268, 68.7404, 44.8393, 32.9384, 21.8339, 12.8725, 7.40283, 4.71491, 3.36184, 2.59727, 2.11918, 1.5687, 1.17388, 0.989777, 0.908127, 0.894531]",-0.881043,"[56.8395, 55.7816, 58.7558, 57.4794]",0.344829
1.0,0.0726544,0.0,0.0,10.71,0.0,1990.28,32.7241,93.962,3,"[200.0, 200.0, 200.0, 200.0, 200.0, 200.0, 200.0, 200.0, 200.0, 200.0, 200.0, 200.0, 200.0, 200.0, 200.0, 200.0, 200.0, 200.0, 200.0, 200.0, 200.0, 200.0, 200.0, 200.0, 200.0, 200.0, 200.0, 200.0, 200.0, 200.0, 200.0, 200.0, 200.0, 200.0, 200.0, 200.0]",1,3704.68,67.4594,0.709097,-0.223236,0.117,"[14.1772, 15.1706, 18.0815, 26.7649, 68.7525, 44.8205, 32.8921, 21.7473, 12.7461, 7.27649, 4.61401, 3.28309, 2.53382, 2.0662, 1.52858, 1.14343, 0.963905, 0.884285, 0.870964]",-0.884175,"[57.3552, 55.9565, 59.3983, 58.2609]",0.342229
1.0,0.0720755,0.0,0.0,10.73,0.0,1990.63,33.0665,93.9617,3,"[200.0, 200.0, 200.0, 200.0, 200.0, 200.0, 200.0, 200.0, 200.0, 200.0, 200.0, 200.0, 200.0, 200.0, 200.0, 200.0, 200.0, 200.0, 200.0, 200.0, 200.0, 200.0, 200.0, 200.0, 200.0, 200.0, 200.0, 200.0, 200.0, 200.0, 200.0, 200.0, 200.0, 200.0, 200.0, 200.0]",1,3795.82,67.7353,0.611078,-0.431554,0.118,"[14.2002, 15.1924, 18.1037, 26.7863, 68.799, 44.8369, 32.8796, 21.6897, 12.6384, 7.15859, 4.51675, 3.20617, 2.47137, 2.01387, 1.48871, 1.113, 0.937981, 0.860336, 0.847237]",-0.887325,"[57.4909, 56.1955, 59.4254, 61.3163]",0.346812
1.0,0.0713898,0.0,0.0,10.75,0.0,1990.97,33.4105,93.9614,3,"[200.0, 200.0, 200.0, 200.0, 200.0, 200.0, 200.0, 200.0, 200.0, 200.0, 200.0, 200.0, 200.0, 200.0, 200.0, 200.0, 200.0, 200.0, 200.0, 200.0, 200.0, 200.0, 200.0, 200.0, 200.0, 200.0, 200.0, 200.0, 200.0, 200.0, 200.0, 200.0, 200.0, 200.0, 200.0, 200.0]",1,3729.09,68.092,0.633395,-0.371302,0.118,"[14.2232, 15.2138, 18.1242, 26.8009, 68.8598, 44.8677, 32.8807, 21.6435, 12.5367, 7.04236, 4.41987, 3.12928, 2.40887, 1.96138, 1.4487, 1.08243, 0.911911, 0.836227, 0.823349]",-0.890497,"[57.8856, 56.3889, 59.4119, 59.4195]",0.344088
1.0,0.0706908,0.0,0.0,10.77,0.0,1991.32,33.7561,93.9611,3,"[200.0, 200.0, 200.0, 200.0, 200.0, 200.0, 200.0, 200.0, 200.0, 200.0, 200.0, 200.0, 200.0, 200.0, 200.0, 200.0, 200.0, 200.0, 200.0, 200.0, 200.0, 200.0, 200.0, 200.0, 200.0, 200.0, 200.0, 200.0, 200.0, 200.0, 200.0, 200.0, 200.0, 200.0, 200.0, 200.0]",1,3740.62,68.4106,0.662815,-0.306916,0.119,"[14.2457, 15.2345, 18.1439, 26.8134, 68.923, 44.9018, 32.8855, 21.6008, 12.4375, 6.92751, 4.32429, 3.05351, 2.34735, 1.90979, 1.40938, 1.05241, 0.88633, 0.812576, 0.799911]",-0.893609,"[58.1364, 56.7668, 60.2293, 58.4476]",0.341224
1.0,0.0703852,0.0,0.0,10.79,0.0,1991.66,34.103,93.9608,3,"[200.0, 200.0, 200.0, 200.0, 200.0, 200.0, 200.0, 200.0, 200.0, 200.0, 200.0, 200.0, 200.0, 200.0, 200.0, 200.0, 200.0, 200.0, 200.0, 200.0, 200.0, 200.0, 200.0, 200.0, 200.0, 200.0, 200.0, 200.0, 200.0, 200.0, 200.0, 200.0, 200.0, 200.0, 200.0, 200.0]",1,3794.92,68.7029,0.658688,-0.376419,0.119,"[14.2688, 15.2578, 18.1704, 26.852, 68.9334, 44.8812, 32.8368, 21.5098, 12.3026, 6.79373, 4.21974, 2.97311, 2.28311, 1.85645, 1.36918, 1.02201, 0.860558, 0.788864, 0.776497]",-0.89672,"[58.3964, 57.0318, 60.4162, 60.087]",0.347123
1.0,0.0694362,0.0,0.0,10.81,0.0,1992.01,34.4514,93.9604,3,"[200.0, 200.0, 200.0, 200.0, 200.0, 200.0, 200.0, 200.0, 200.0, 200.0, 200.0, 200.0, 200.0, 200.0, 200.0, 200.0, 200.0, 200.0, 200.0, 200.0, 200.0, 200.0, 200.0, 200.0, 200.0, 200.0, 200.0, 200.0, 200.0, 200.0, 200.0, 200.0, 200.0, 200.0, 200.0, 200.0]",1,3765.75,69.0459,0.630273,-0.418061,0.12,"[14.291, 15.2768, 18.1857, 26.8477, 69.0305, 44.9505, 32.8757, 21.4969, 12.2213, 6.68572, 4.12699, 2.89898, 2.22266, 1.80558, 1.33031, 0.992229, 0.835129, 0.76532, 0.753136]",-0.899822,"[58.7285, 57.2251, 60.1151, 59.6961]",0.342904
1.0,0.0688249,0.0,0.0,10.83,0.0,1992.36,34.8015,93.9601,3,"[200.0, 200.0, 200.0, 200.0, 200.0, 200.0, 200.0, 200.0, 200.0, 200.0, 200.0, 200.0, 200.0, 200.0, 200.0, 200.0, 200.0, 200.0, 200.0, 200.0, 200.0, 200.0, 200.0, 200.0, 200.0, 200.0, 200.0, 200.0, 200.0, 200.0, 200.0, 200.0, 200.0, 200.0, 200.0, 200.0]",1,3782.51,69.3606,0.689415,-0.289833,0.12,"[14.3133, 15.2978, 18.2064, 26.8652, 69.0826, 44.9735, 32.8698, 21.4436, 12.1108, 6.56256, 4.02761, 2.82162, 2.16047, 1.75374, 1.29107, 0.962421, 0.809792, 0.741943, 0.730019]",-0.902893,"[58.9784, 57.5595, 60.5644, 59.4592]",0.341192
1.0,0.0681841,0.0,0.0,10.85,0.0,1992.71,35.1531,93.9598,3,"[200.0, 200.0, 200.0, 200.0, 200.0, 200.0, 200.0, 200.0, 200.0, 200.0, 200.0, 200.0, 200.0, 200.0, 200.0, 200.0, 200.0, 200.0, 200.0, 200.0, 200.0, 200.0, 200.0, 200.0, 200.0, 200.0, 200.0, 200.0, 200.0, 200.0, 200.0, 200.0, 200.0, 200.0, 200.0, 200.0]",1,3842.16,69.654,0.682303,-0.292319,0.12,"[14.3353, 15.3182, 18.2261, 26.8798, 69.1399, 45.0016, 32.8692, 21.3952, 12.0031, 6.4408, 3.92936, 2.7453, 2.09915, 1.70266, 1.25243, 0.933071, 0.784859, 0.718933, 0.70726]",-0.905916,"[59.1926, 57.7888, 60.9174, 60.9448]",0.347415
1.0,0.0676524,0.0,0.0,10.87,0.0,1993.07,35.5059,93.9595,3,"[200.0, 200.0, 200.0, 200.0, 200.0, 200.0, 200.0, 200.0, 200.0, 200.0, 200.0, 200.0, 200.0, 200.0, 200.0, 200.0, 200.0, 200.0, 200.0, 200.0, 200.0, 200.0, 200.0, 200.0, 200.0, 200.0, 200.0, 200.0, 200.0, 200.0, 200.0, 200.0, 200.0, 200.0, 200.0, 200.0]",1,4004.03,69.9005,0.584364,-0.560915,0.121,"[14.3578, 15.3397, 18.2482, 26.9024, 69.1868, 45.0137, 32.8523, 21.331, 11.8811, 6.30967, 3.82604, 2.66603, 2.03588, 1.65012, 1.21286, 0.903133, 0.75946, 0.695541, 0.684143]",-0.908987,"[59.4252, 58.0092, 65.4864, 61.4407]",0.341768
1.0,0.0668389,0.0,0.0,10.89,0.0,1993.42,35.8604,93.9592,3,"[200.0, 200.0, 200.0, 200.0, 200.0, 200.0, 200.0, 200.0, 200.0, 200.0, 200.0, 200.0, 200.0, 200.0, 200.0, 200.0, 200.0, 200.0, 200.0, 200.0, 200.0, 200.0, 200.0, 200.0, 200.0, 200.0, 200.0, 200.0, 200.0, 200.0, 200.0, 200.0, 200.0, 200.0, 200.0, 200.0]",1,3820.06,70.3194,0.699909,-0.213725,0.121,"[14.3796, 15.3589, 18.265, 26.9057, 69.2791, 45.0661, 32.8752, 21.3026, 11.7838, 6.19001, 3.7283, 2.58989, 1.9747, 1.59912, 1.17427, 0.873787, 0.734505, 0.672508, 0.661346]",-0.912016,"[59.7839, 58.318, 60.8807, 60.5586]",0.342372
1.0,0.066466,0.0,0.0,10.91,0.0,1993.78,36.2164,93.9589,3,"[200.0, 200.0, 200.0, 200.0, 200.0, 200.0, 200.0, 200.0, 200.0, 200.0, 200.0, 200.0, 200.0, 200.0, 200.0, 200.0, 200.0, 200.0, 200.0, 200.0, 200.0, 200.0, 200.0, 200.0, 200.0, 200.0, 200.0, 200.0, 200.0, 200.0, 200.0, 200.0, 200.0, 200.0, 200.0, 200.0]",1,3928.72,70.593,0.626188,-0.383448,0.122,"[14.4017, 15.3809, 18.2891, 26.9373, 69.3161, 45.0575, 32.8384, 21.2203, 11.6468, 6.05101, 3.62241, 2.50996, 1.91151, 1.54696, 1.13523, 0.844379, 0.709625, 0.649651, 0.638794]",-0.915014,"[59.9179, 58.5997, 63.1197, 61.7611]",0.346546
1.0,0.0660502,0.0,0.0,10.93,0.0,1994.13,36.5739,93.9586,3,"[200.0, 200.0, 200.0, 200.0, 200.0, 200.0, 200.0, 200.0, 200.0, 200.0, 200.0, 200.0, 200.0, 200.0, 200.0, 200.0, 200.0, 200.0, 200.0, 200.0, 200.0, 200.0, 200.0, 200.0, 200.0, 200.0, 200.0, 200.0, 200.0, 200.0, 200.0, 200.0, 200.0, 200.0, 200.0, 200.0]",1,3873.13,70.9575,0.61894,-0.398148,0.122,"[14.4241, 15.4029, 18.3128, 26.9668, 69.3642, 45.0539, 32.806, 21.1403, 11.5085, 5.90899, 3.51446, 2.42866, 1.84729, 1.49398, 1.0956, 0.814533, 0.684387, 0.626442, 0.615906]",-0.918056,"[60.3386, 58.7832, 62.0243, 60.8416]",0.341687
1.0,0.0655472,0.0,0.0,10.95,0.0,1994.49,36.9331,93.9583,3,"[200.0, 200.0, 200.0, 200.0, 200.0, 200.0, 200.0, 200.0, 200.0, 200.0, 200.0, 200.0, 200.0, 200.0, 200.0, 200.0, 200.0, 200.0, 200.0, 200.0, 200.0, 200.0, 200.0, 200.0, 200.0, 200.0, 200.0, 200.0, 200.0, 200.0, 200.0, 200.0, 200.0, 200.0, 200.0, 200.0]",1,3913.95,71.2605,0.659327,-0.32623,0.122,"[14.446, 15.4239, 18.3345, 26.9898, 69.4315, 45.0637, 32.787, 21.0726, 11.3779, 5.77045, 3.40876, 2.34899, 1.78432, 1.44201, 1.05669, 0.78521, 0.659569, 0.60363, 0.593399]",-0.921049,"[60.5007, 59.1488, 62.5771, 61.5913]",0.344178
1.0,0.0651299,0.0,0.0,10.97,0.0,1994.85,37.2937,93.958,3,"[200.0, 200.0, 200.0, 200.0, 200.0, 200.0, 200.0, 200.0, 200.0, 200.0, 200.0, 200.0, 200.0, 200.0, 200.0, 200.0, 200.0, 200.0, 200.0, 200.0, 200.0, 200.0, 200.0, 200.0, 200.0, 200.0, 200.0, 200.0, 200.0, 200.0, 200.0, 200.0, 200.0, 200.0, 200.0, 200.0]",1,3911.77,71.5901,0.643797,-0.330986,0.123,"[14.4681, 15.4455, 18.3577, 27.0183, 69.4925, 45.0614, 32.7559, 20.9931, 11.2366, 5.62538, 3.30018, 2.26789, 1.72054, 1.38951, 1.01754, 0.75576, 0.634689, 0.580772, 0.570862]",-0.924046,"[60.9552, 59.4287, 62.2925, 61.8492]",0.345358
1.0,0.0646874,0.0,0.0,10.99,0.0,1995.22,37.6559,93.9577,3,"[200.0, 200.0, 200.0, 200.0, 200.0, 200.0, 200.0, 200.0, 200.0, 200.0, 200.0, 200.0, 200.0, 200.0, 200.0, 200.0, 200.0, 200.0, 200.0, 200.0, 200.0, 200.0, 200.0, 200.0, 200.0, 200.0, 200.0, 200.0, 200.0, 200.0, 200.0, 200.0, 200.0, 200.0, 200.0, 200.0]",1,3982.81,71.8884,0.616304,-0.407528,0.123,"[14.49, 15.4668, 18.3803, 27.0448, 69.5639, 45.0629, 32.7286, 20.9167, 11.0954, 5.47954, 3.19152, 2.187, 1.657, 1.33729, 0.978577, 0.726494, 0.609962, 0.55806, 0.54847]",-0.927023,"[61.0573, 59.5169, 63.5189, 62.8014]",0.344646
1.0,0.0643384,0.0,0.0,11.01,0.0,1995.58,38.0195,93.9574,3,"[200.0, 200.0, 200.0, 200.0, 200.0, 200.0, 200.0, 200.0, 200.0, 200.0, 200.0, 200.0, 200.0, 200.0, 200.0, 200.0, 200.0, 200.0, 200.0, 200.0, 200.0, 200.0, 200.0, 200.0, 200.0, 200.0, 200.0, 200.0, 200.0, 200.0, 200.0, 200.0, 200.0, 200.0, 200.0, 200.0]",1,3935.29,72.2472,0.605088,-0.418232,0.124,"[14.5123, 15.4891, 18.4049, 27.0782, 69.6274, 45.0502, 32.6868, 20.8252, 10.9397, 5.32448, 3.07833, 2.10352, 1.59179, 1.28381, 0.938839, 0.696697, 0.584824, 0.534981, 0.525742]",-0.930046,"[61.2371, 60.0013, 62.6834, 62.2935]",0.34378
1.0,0.0637914,0.0,0.0,11.03,0.0,1995.94,38.3848,93.9571,3,"[200.0, 200.0, 200.0, 200.0, 200.0, 200.0, 200.0, 200.0, 200.0, 200.0, 200.0, 200.0, 200.0, 200.0, 200.0, 200.0, 200.0, 200.0, 200.0, 200.0, 200.0, 200.0, 200.0, 200.0, 200.0, 200.0, 200.0, 200.0, 200.0, 200.0, 200.0, 200.0, 200.0, 200.0, 200.0, 200.0]",1,4049.52,72.5153,0.671167,-0.306079,0.124,"[14.5339, 15.5095, 18.4254, 27.0973, 69.7293, 45.0671, 32.6746, 20.7615, 10.8029, 5.17776, 2.96965, 2.02297, 1.52865, 1.23194, 0.900192, 0.66766, 0.560303, 0.512444, 0.503525]",-0.933,"[61.6695, 60.162, 65.5578, 62.543]",0.344841
1.0,0.063316,0.0,0.0,11.05,0.0,1996.31,38.7513,93.9568,3,"[200.0, 200.0, 200.0, 200.0, 200.0, 200.0, 200.0, 200.0, 200.0, 200.0, 200.0, 200.0, 200.0, 200.0, 200.0, 200.0, 200.0, 200.0, 200.0, 200.0, 200.0, 200.0, 200.0, 200.0, 200.0, 200.0, 200.0, 200.0, 200.0, 200.0, 200.0, 200.0, 200.0, 200.0, 200.0, 200.0]",1,4007.92,72.8787,0.522432,-0.563688,0.124,"[14.556, 15.5308, 18.4476, 27.1219, 69.8273, 45.0728, 32.6506, 20.6851, 10.6526, 5.02193, 2.8564, 1.93976, 1.46377, 1.17877, 0.860706, 0.638062, 0.535309, 0.489517, 0.480927]",-0.936005,"[61.8682, 60.2604, 64.1499, 63.5773]",0.344677
1.0,0.0623938,0.0,0.0,11.07,0.0,1996.68,39.1196,93.9565,3,"[200.0, 200.0, 200.0, 200.0, 200.0, 200.0, 200.0, 200.0, 200.0, 200.0, 200.0, 200.0, 200.0, 200.0, 200.0, 200.0, 200.0, 200.0, 200.0, 200.0, 200.0, 200.0, 200.0, 200.0, 200.0, 200.0, 200.0, 200.0, 200.0, 200.0, 200.0, 200.0, 200.0, 200.0, 200.0, 200.0]",1,4074.48,73.1714,0.610878,-0.375562,0.125,"[14.5774, 15.549, 18.462, 27.1169, 70.0061, 45.1427, 32.6903, 20.6672, 10.5415, 4.88066, 2.74884, 1.8595, 1.40063, 1.12679, 0.821865, 0.608795, 0.510551, 0.466728, 0.45842]",-0.938995,"[62.2712, 60.6191, 64.3722, 65.1687]",0.344386
1.0,0.0614163,0.0,0.0,11.09,0.0,1997.05,39.4894,93.9562,3,"[200.0, 200.0, 200.0, 200.0, 200.0, 200.0, 200.0, 200.0, 200.0, 200.0, 200.0, 200.0, 200.0, 200.0, 200.0, 200.0, 200.0, 200.0, 200.0, 200.0, 200.0, 200.0, 200.0, 200.0, 200.0, 200.0, 200.0, 200.0, 200.0, 200.0, 200.0, 200.0, 200.0, 200.0, 200.0, 200.0]",1,4117.91,73.4916,0.525693,-0.512342,0.125,"[14.5986, 15.5666, 18.4752, 27.1078, 70.2053, 45.2213, 32.7389, 20.6578, 10.4341, 4.73897, 2.64143, 1.7796, 1.33789, 1.0752, 0.783344, 0.579803, 0.486015, 0.444168, 0.436142]",-0.941957,"[62.4699, 60.9183, 67.3187, 63.6343]",0.342758
1.0,0.0609934,0.0,0.0,11.11,0.0,1997.42,39.8607,93.9559,3,"[200.0, 200.0, 200.0, 200.0, 200.0, 200.0, 200.0, 200.0, 200.0, 200.0, 200.0, 200.0, 200.0, 200.0, 200.0, 200.0, 200.0, 200.0, 200.0, 200.0, 200.0, 200.0, 200.0, 200.0, 200.0, 200.0, 200.0, 200.0, 200.0, 200.0, 200.0, 200.0, 200.0, 200.0, 200.0, 200.0]",1,4077.07,73.854,0.578735,-0.372846,0.125,"[14.6203, 15.5877, 18.4977, 27.1347, 70.324, 45.2211, 32.7093, 20.575, 10.2709, 4.57252, 2.52489, 1.69558, 1.27298, 1.02226, 0.744251, 0.550613, 0.461433, 0.421631, 0.413971]",-0.944906,"[62.7138, 61.4171, 64.449, 64.6006]",0.345679
1.0,0.0599348,0.0,0.0,11.13,0.0,1997.79,40.2334,93.9555,3,"[200.0, 200.0, 200.0, 200.0, 200.0, 200.0, 200.0, 200.0, 200.0, 200.0, 200.0, 200.0, 200.0, 200.0, 200.0, 200.0, 200.0, 200.0, 200.0, 200.0, 200.0, 200.0, 200.0, 200.0, 200.0, 200.0, 200.0, 200.0, 200.0, 200.0, 200.0, 200.0, 200.0, 200.0, 200.0, 200.0]",1,4202.1,74.1257,0.468666,-0.553059,0.126,"[14.6413, 15.6046, 18.5092, 27.12, 70.5606, 45.3122, 32.7707, 20.5767, 10.1654, 4.42639, 2.41577, 1.61519, 1.21014, 0.970722, 0.705894, 0.521786, 0.437065, 0.399231, 0.391861]",-0.947844,"[62.9941, 61.3906, 68.1893, 65.7632]",0.342728
1.0,0.0589148,0.0,0.0,11.15,0.0,1998.17,40.6079,93.9552,3,"[200.0, 200.0, 200.0, 200.0, 200.0, 200.0, 200.0, 200.0, 200.0, 200.0, 200.0, 200.0, 200.0, 200.0, 200.0, 200.0, 200.0, 200.0, 200.0, 200.0, 200.0, 200.0, 200.0, 200.0, 200.0, 200.0, 200.0, 200.0, 200.0, 200.0, 200.0, 200.0, 200.0, 200.0, 200.0, 200.0]",1,4068.31,74.5475,0.533735,-0.323132,0.126,"[14.6621, 15.6216, 18.5212, 27.1076, 70.8051, 45.3985, 32.8275, 20.5742, 10.0538, 4.27469, 2.30472, 1.53408, 1.14709, 0.919117, 0.667587, 0.493053, 0.412811, 0.376953, 0.369896]",-0.950766,"[63.3592, 61.6179, 65.0354, 64.0575]",0.342959
1.0,0.0585973,0.0,0.0,11.17,0.0,1998.54,40.984,93.9549,3,"[200.0, 200.0, 200.0, 200.0, 200.0, 200.0, 200.0, 200.0, 200.0, 200.0, 200.0, 200.0, 200.0, 200.0, 200.0, 200.0, 200.0, 200.0, 200.0, 200.0, 200.0, 200.0, 200.0, 200.0, 200.0, 200.0, 200.0, 200.0, 200.0, 200.0, 200.0, 200.0, 200.0, 200.0, 200.0, 200.0]",1,4257.75,74.7945,0.470751,-0.519798,0.127,"[14.6835, 15.6429, 18.5448, 27.14, 70.9392, 45.3846, 32.7845, 20.4778, 9.87075, 4.09417, 2.18423, 1.44913, 1.08209, 0.866449, 0.628929, 0.464321, 0.38868, 0.354874, 0.348198]",-0.953653,"[63.3919, 62.0759, 67.112, 67.4415]",0.346524
1.0,0.0570866,0.0,0.0,11.19,0.0,1998.92,41.3615,93.9545,3,"[200.0, 200.0, 200.0, 200.0, 200.0, 200.0, 200.0, 200.0, 200.0, 200.0, 200.0, 200.0, 200.0, 200.0, 200.0, 200.0, 200.0, 200.0, 200.0, 200.0, 200.0, 200.0, 200.0, 200.0, 200.0, 200.0, 200.0, 200.0, 200.0, 200.0, 200.0, 200.0, 200.0, 200.0, 200.0, 200.0]",1,4058.14,75.2414,0.44942,-0.438969,0.127,"[14.7038, 15.6566, 18.5483, 27.0959, 71.301, 45.5423, 32.9128, 20.542, 9.80005, 3.9499, 2.07523, 1.36908, 1.01972, 0.815329, 0.590893, 0.435734, 0.364517, 0.332657, 0.326271]",-0.956568,"[64.1479, 62.2761, 65.2069, 63.7829]",0.340451
1.0,0.0560972,0.0,0.0,11.21,0.0,1999.3,41.7408,93.9542,3,"[200.0, 200.0, 200.0, 200.0, 200.0, 200.0, 200.0, 200.0, 200.0, 200.0, 200.0, 200.0, 200.0, 200.0, 200.0, 200.0, 200.0, 200.0, 200.0, 200.0, 200.0, 200.0, 200.0, 200.0, 200.0, 200.0, 200.0, 200.0, 200.0, 200.0, 200.0, 200.0, 200.0, 200.0, 200.0, 200.0]",1,4161.94,75.5305,0.482238,-0.394014,0.127,"[14.7239, 15.6728, 18.5596, 27.0836, 71.5877, 45.6276, 32.9699, 20.5408, 9.6819, 3.7882, 1.96247, 1.28866, 0.957833, 0.765009, 0.553783, 0.408043, 0.341194, 0.311272, 0.305214]",-0.959369,"[64.1934, 62.6176, 66.2768, 65.6259]",0.345846
1.0,0.0553629,0.0,0.0,11.23,0.0,1999.68,42.1216,93.9538,3,"[200.0, 200.0, 200.0, 200.0, 200.0, 200.0, 200.0, 200.0, 200.0, 200.0, 200.0, 200.0, 200.0, 200.0, 200.0, 200.0, 200.0, 200.0, 200.0, 200.0, 200.0, 200.0, 200.0, 200.0, 200.0, 200.0, 200.0, 200.0, 200.0, 200.0, 200.0, 200.0, 200.0, 200.0, 200.0, 200.0]",1,4273.46,75.8116,0.396778,-0.567477,0.128,"[14.7445, 15.691, 18.5757, 27.0883, 71.842, 45.6753, 32.9889, 20.5021, 9.52895, 3.60794, 1.84271, 1.20471, 0.89379, 0.71316, 0.515744, 0.379768, 0.317436, 0.289528, 0.283836]",-0.962213,"[64.5857, 62.8142, 67.2505, 68.7889]",0.344463
1.0,0.0538842,0.0,0.0,11.25,0.0,2000.06,42.5042,93.9534,3,"[200.0, 200.0, 200.0, 200.0, 200.0, 200.0, 200.0, 200.0, 200.0, 200.0, 200.0, 200.0, 200.0, 200.0, 200.0, 200.0, 200.0, 200.0, 200.0, 200.0, 200.0, 200.0, 200.0, 200.0, 200.0, 200.0, 200.0, 200.0, 200.0, 200.0, 200.0, 200.0, 200.0, 200.0, 200.0, 200.0]",1,4192.86,76.2021,0.454715,-0.439552,0.128,"[14.7638, 15.7037, 18.5782, 27.0444, 72.2599, 45.8327, 33.1191, 20.5711, 9.45577, 3.45276, 1.7323, 1.12582, 0.833052, 0.663733, 0.479267, 0.352509, 0.294449, 0.26844, 0.263062]",-0.964976,"[64.8533, 63.1121, 67.9559, 65.3455]",0.341564
1.0,0.0531513,0.0,0.0,11.27,0.0,2000.45,42.8883,93.953,3,"[200.0, 200.0, 200.0, 200.0, 200.0, 200.0, 200.0, 200.0, 200.0, 200.0, 200.0, 200.0, 200.0, 200.0, 200.0, 200.0, 200.0, 200.0, 200.0, 200.0, 200.0, 200.0, 200.0, 200.0, 200.0, 200.0, 200.0, 200.0, 200.0, 200.0, 200.0, 200.0, 200.0, 200.0, 200.0, 200.0]",1,4227.28,76.5332,0.443518,-0.462262,0.129,"[14.7836, 15.721, 18.5931, 27.0472, 72.5524, 45.8832, 33.1423, 20.538, 9.30212, 3.26712, 1.61331, 1.0437, 0.770859, 0.613604, 0.442635, 0.325344, 0.271667, 0.247604, 0.242599]",-0.967699,"[65.0357, 63.5108, 66.9599, 67.2014]",0.343606
1.0,0.0518319,0.0,0.0,11.29,0.0,2000.83,43.2738,93.9527,3,"[200.0, 200.0, 200.0, 200.0, 200.0, 200.0, 200.0, 200.0, 200.0, 200.0, 200.0, 200.0, 200.0, 200.0, 200.0, 200.0, 200.0, 200.0, 200.0, 200.0, 200.0, 200.0, 200.0, 200.0, 200.0, 200.0, 200.0, 200.0, 200.0, 200.0, 200.0, 200.0, 200.0, 200.0, 200.0, 200.0]",1,4388.55,76.7949,0.396315,-0.57928,0.129,"[14.8024, 15.7341, 18.5975, 27.0123, 72.9851, 46.0202, 33.2531, 20.59, 9.2106, 3.097, 1.49984, 0.964558, 0.710604, 0.564865, 0.406891, 0.298771, 0.249336, 0.227158, 0.222481]",-0.970376,"[65.3819, 63.6043, 71.7406, 67.4019]",0.345835
1.0,0.0507924,0.0,0.0,11.31,0.0,2001.22,43.6611,93.9523,3,"[200.0, 200.0, 200.0, 200.0, 200.0, 200.0, 200.0, 200.0, 200.0, 200.0, 200.0, 200.0, 200.0, 200.0, 200.0, 200.0, 200.0, 200.0, 200.0, 200.0, 200.0, 200.0, 200.0, 200.0, 200.0, 200.0, 200.0, 200.0, 200.0, 200.0, 200.0, 200.0, 200.0, 200.0, 200.0, 200.0]",1,4241.61,77.2256,0.436615,-0.480396,0.129,"[14.8214, 15.7488, 18.6065, 26.9949, 73.3848, 46.1171, 33.324, 20.6038, 9.08518, 2.91028, 1.38193, 0.88389, 0.649712, 0.515833, 0.371132, 0.272278, 0.227119, 0.206841, 0.20253]",-0.973031,"[65.6662, 64.066, 67.2708, 67.1236]",0.339717
1.0,0.0499336,0.0,0.0,11.33,0.0,2001.61,44.0502,93.9519,3,"[200.0, 200.0, 200.0, 200.0, 200.0, 200.0, 200.0, 200.0, 200.0, 200.0, 200.0, 200.0, 200.0, 200.0, 200.0, 200.0, 200.0, 200.0, 200.0, 200.0, 200.0, 200.0, 200.0, 200.0, 200.0, 200.0, 200.0, 200.0, 200.0, 200.0, 200.0, 200.0, 200.0, 200.0, 200.0, 200.0]",1,4311.52,77.5344,0.48118,-0.462349,0.13,"[14.8398, 15.7639, 18.6175, 26.9871, 73.7711, 46.1901, 33.3717, 20.597, 8.94309, 2.71697, 1.26482, 0.804842, 0.590412, 0.468262, 0.336536, 0.246716, 0.205704, 0.187302, 0.183342]",-0.975584,"[65.9165, 64.3071, 68.6792, 67.8222]",0.345985
1.0,0.048814,0.0,0.0,11.35,0.0,2002.0,44.4404,93.9515,3,"[200.0, 200.0, 200.0, 200.0, 200.0, 200.0, 200.0, 200.0, 200.0, 200.0, 200.0, 200.0, 200.0, 200.0, 200.0, 200.0, 200.0, 200.0, 200.0, 200.0, 200.0, 200.0, 200.0, 200.0, 200.0, 200.0, 200.0, 200.0, 200.0, 200.0, 200.0, 200.0, 200.0, 200.0, 200.0, 200.0]",1,4257.78,77.9062,0.394953,-0.582061,0.13,"[14.8579, 15.7773, 18.6241, 26.9632, 74.2397, 46.3015, 33.4584, 20.628, 8.82441, 2.5215, 1.1472, 0.725672, 0.531042, 0.420662, 0.301941, 0.221149, 0.184303, 0.16774, 0.164154]",-0.978138,"[66.2726, 64.4646, 68.1042, 68.0826]",0.341856
1.0,0.0478398,0.0,0.0,11.37,0.0,2002.39,44.8328,93.9511,3,"[200.0, 200.0, 200.0, 200.0, 200.0, 200.0, 200.0, 200.0, 200.0, 200.0, 200.0, 200.0, 200.0, 200.0, 200.0, 200.0, 200.0, 200.0, 200.0, 200.0, 200.0, 200.0, 200.0, 200.0, 200.0, 200.0, 200.0, 200.0, 200.0, 200.0, 200.0, 200.0, 200.0, 200.0, 200.0, 200.0]",1,4310.56,78.2366,0.472593,-0.437975,0.13,"[14.8756, 15.791, 18.6324, 26.9469, 74.7054, 46.3935, 33.5265, 20.6424, 8.69058, 2.31773, 1.02972, 0.647682, 0.472923, 0.374201, 0.268265, 0.196331, 0.163551, 0.148804, 0.145584]",-0.980611,"[66.4461, 64.9161, 68.6959, 67.9023]",0.341951
1.0,0.0469696,0.0,0.0,11.39,0.0,2002.79,45.2264,93.9508,3,"[200.0, 200.0, 200.0, 200.0, 200.0, 200.0, 200.0, 200.0, 200.0, 200.0, 200.0, 200.0, 200.0, 200.0, 200.0, 200.0, 200.0, 200.0, 200.0, 200.0, 200.0, 200.0, 200.0, 200.0, 200.0, 200.0, 200.0, 200.0, 200.0, 200.0, 200.0, 200.0, 200.0, 200.0, 200.0, 200.0]",1,4337.29,78.5631,0.420634,-0.543667,0.131,"[14.8933, 15.8052, 18.6423, 26.937, 75.1757, 46.4709, 33.5799, 20.6425, 8.53892, 2.10018, 0.90981, 0.56904, 0.414608, 0.327715, 0.234692, 0.171623, 0.142906, 0.129982, 0.127144]",-0.983066,"[66.8348, 65.051, 70.1775, 68.436]",0.344946
1.0,0.0461261,0.0,0.0,11.41,0.0,2003.18,45.6221,93.9504,3,"[200.0, 200.0, 200.0, 200.0, 200.0, 200.0, 200.0, 200.0, 200.0, 200.0, 200.0, 200.0, 200.0, 200.0, 200.0, 200.0, 200.0, 200.0, 200.0, 200.0, 200.0, 200.0, 200.0, 200.0, 200.0, 200.0, 200.0, 200.0, 200.0, 200.0, 200.0, 200.0, 200.0, 200.0, 200.0, 200.0]",1,4337.57,78.926,0.444273,-0.454639,0.131,"[14.9106, 15.8192, 18.652, 26.9276, 75.6703, 46.5458, 33.6315, 20.6418, 8.38204, 1.87419, 0.790036, 0.491392, 0.357273, 0.282078, 0.201786, 0.147465, 0.122742, 0.11161, 0.109154]",-0.985462,"[67.0148, 65.5299, 68.8623, 68.5981]",0.340946
1.0,0.045427,0.0,0.0,11.43,0.0,2003.58,46.0192,93.95,3,"[200.0, 200.0, 200.0, 200.0, 200.0, 200.0, 200.0, 200.0, 200.0, 200.0, 200.0, 200.0, 200.0, 200.0, 200.0, 200.0, 200.0, 200.0, 200.0, 200.0, 200.0, 200.0, 200.0, 200.0, 200.0, 200.0, 200.0, 200.0, 200.0, 200.0, 200.0, 200.0, 200.0, 200.0, 200.0, 200.0]",1,4366.96,79.2555,0.433509,-0.518036,0.131,"[14.928, 15.834, 18.6641, 26.9271, 76.1603, 46.5997, 33.6619, 20.6198, 8.198, 1.62935, 0.667064, 0.412621, 0.299442, 0.236185, 0.1688, 0.123276, 0.10257, 0.0932465, 0.0911789]",-0.987856,"[67.4735, 65.6828, 69.7546, 69.3008]",0.344403
1.0,0.0445206,0.0,0.0,11.45,0.0,2003.98,46.4181,93.9496,3,"[200.0, 200.0, 200.0, 200.0, 200.0, 200.0, 200.0, 200.0, 200.0, 200.0, 200.0, 200.0, 200.0, 200.0, 200.0, 200.0, 200.0, 200.0, 200.0, 200.0, 200.0, 200.0, 200.0, 200.0, 200.0, 200.0, 200.0, 200.0, 200.0, 200.0, 200.0, 200.0, 200.0, 200.0, 200.0, 200.0]",1,4361.34,79.6223,0.424951,-0.470463,0.132,"[14.9447, 15.8469, 18.672, 26.9128, 76.7376, 46.6858, 33.7258, 20.6326, 8.03868, 1.38015, 0.546391, 0.335932, 0.243223, 0.191618, 0.136806, 0.0998268, 0.0830307, 0.0754623, 0.073761]",-0.990174,"[67.6378, 65.8318, 69.6129, 68.7004]",0.343376
1.0,0.0444333,0.0,0.0,11.47,0.0,2004.38,46.8185,93.9492,3,"[200.0, 200.0, 200.0, 200.0, 200.0, 200.0, 200.0, 200.0, 200.0, 200.0, 200.0, 200.0, 200.0, 200.0, 200.0, 200.0, 200.0, 200.0, 200.0, 200.0, 200.0, 200.0, 200.0, 200.0, 200.0, 200.0, 200.0, 200.0, 200.0, 200.0, 200.0, 200.0, 200.0, 200.0, 200.0, 200.0]",1,4434.2,79.9423,0.31003,-0.727372,0.132,"[14.9625, 15.8655, 18.6942, 26.9492, 77.1313, 46.6504, 33.6652, 20.519, 7.75008, 1.08618, 0.416887, 0.255241, 0.18458, 0.145365, 0.103714, 0.0756721, 0.0629272, 0.0571899, 0.0559006]",-0.992554,"[67.7108, 66.3836, 70.1844, 70.6236]",0.342622
1.0,0.0433156,0.0,0.0,11.49,0.0,2004.78,47.2206,93.9488,3,"[200.0, 200.0, 200.0, 200.0, 200.0, 200.0, 200.0, 200.0, 200.0, 200.0, 200.0, 200.0, 200.0, 200.0, 200.0, 200.0, 200.0, 200.0, 200.0, 200.0, 200.0, 200.0, 200.0, 200.0, 200.0, 200.0, 200.0, 200.0, 200.0, 200.0, 200.0, 200.0, 200.0, 200.0, 200.0, 200.0]",1,4407.96,80.2951,0.523341,-0.377849,0.132,"[14.9788, 15.8769, 18.6983, 26.9217, 77.8384, 46.7682, 33.7618, 20.5643, 7.59539, 0.79692, 0.292269, 0.177687, 0.128178, 0.100782, 0.0718231, 0.0523567, 0.0435181, 0.0395355, 0.0386353]",-0.994854,"[68.381, 66.5081, 71.0813, 68.7566]",0.344089
1.0,0.0424249,0.0,0.0,11.51,0.0,2005.18,47.6244,93.9485,3,"[200.0, 200.0, 200.0, 200.0, 200.0, 200.0, 200.0, 200.0, 200.0, 200.0, 200.0, 200.0, 200.0, 200.0, 200.0, 200.0, 200.0, 200.0, 200.0, 200.0, 200.0, 200.0, 200.0, 200.0, 200.0, 200.0, 200.0, 200.0, 200.0, 200.0, 200.0, 200.0, 200.0, 200.0, 200.0, 200.0]",1,4451.18,80.6423,0.322874,-0.601274,0.132,"[14.995, 15.8894, 18.7058, 26.9072, 78.5293, 46.854, 33.8263, 20.5783, 7.40224, 0.477681, 0.166616, 0.100658, 0.0724195, 0.0569055, 0.040503, 0.0294996, 0.0245069, 0.0222549, 0.0217438]",-0.997103,"[68.4198, 66.6652, 70.4272, 70.9808]",0.343254
1.0,0.0413501,0.0,0.0,11.53,0.0,2005.59,48.0295,93.9481,3,"[200.0, 200.0, 200.0, 200.0, 200.0, 200.0, 200.0, 200.0, 200.0, 200.0, 200.0, 200.0, 200.0, 200.0, 200.0, 200.0, 200.0, 200.0, 200.0, 200.0, 200.0, 200.0, 200.0, 200.0, 200.0, 200.0, 200.0, 200.0, 200.0, 200.0, 200.0, 200.0, 200.0, 200.0, 200.0, 200.0]",1,4583.91,80.9159,0.381544,-0.51445,0.133,"[15.0113, 15.9009, 18.7105, 26.8825, 79.3209, 46.9665, 33.9179, 20.619, 7.21414, 0.109647, 0.0358601, 0.0214977, 0.0154381, 0.0121155, 0.00860214, 0.00625992, 0.00520325, 0.0047226, 0.00461578]",-0.999386,"[68.9304, 67.0433, 74.979, 70.4222]",0.343294
1.0,0.0399715,0.0,0.0,11.55,0.0,2006.0,48.4365,93.9477,3,"[200.0, 200.0, 200.0, 200.0, 200.0, 200.0, 200.0, 200.0, 200.0, 200.0, 200.0, 200.0, 200.0, 200.0, 200.0, 200.0, 200.0, 200.0, 200.0, 200.0, 200.0, 200.0, 200.0, 200.0, 200.0, 200.0, 200.0, 200.0, 200.0, 200.0, 200.0, 200.0, 200.0, 200.0, 200.0, 200.0]",1,4457.63,81.3547,0.317003,-0.485468,0.133,"[-1.0, -1.0, -1.0, -1.0, -1.0, -1.0, -1.0, -1.0, -1.0, -1.0, -1.0, -1.0, -1.0, -1.0, -1.0, -1.0, -1.0, -1.0, -1.0]",-1.00158,"[69.1245, 67.3134, 70.9086, 70.3695]",0.337652
1.0,0.038736,0.0,0.0,11.57,0.0,2006.41,48.845,93.9473,3,"[200.0, 200.0, 200.0, 200.0, 200.0, 200.0, 200.0, 200.0, 200.0, 200.0, 200.0, 200.0, 200.0, 200.0, 200.0, 200.0, 200.0, 200.0, 200.0, 200.0, 200.0, 200.0, 200.0, 200.0, 200.0, 200.0, 200.0, 200.0, 200.0, 200.0, 200.0, 200.0, 200.0, 200.0, 200.0, 200.0]",1,4796.67,81.4897,0.435967,-0.695051,0.8,"[-1.0, -1.0, -1.0, -1.0, -1.0, -1.0, -1.0, -1.0, -1.0, -1.0, -1.0, -1.0, -1.0, -1.0, -1.0, -1.0, -1.0, -1.0, -1.0]",-1.00373,"[68.988, 67.0356, 76.4627, 75.4037]",0.334069
1.0,0.0324327,0.0,0.0,11.59,0.0,2006.81,49.2544,93.9469,3,"[200.0, 200.0, 200.0, 200.0, 200.0, 200.0, 200.0, 200.0, 200.0, 200.0, 200.0, 200.0, 200.0, 200.0, 200.0, 200.0, 200.0, 200.0, 200.0, 200.0, 200.0, 200.0, 200.0, 200.0, 200.0, 200.0, 200.0, 200.0, 200.0, 200.0, 200.0, 200.0, 200.0, 200.0, 200.0, 200.0]",1,4514.92,81.8485,0.584344,-0.660252,0.8,"[-1.0, -1.0, -1.0, -1.0, -1.0, -1.0, -1.0, -1.0, -1.0, -1.0, -1.0, -1.0, -1.0, -1.0, -1.0, -1.0, -1.0, -1.0, -1.0]",-1.00553,"[69.0508, 65.5399, 72.6282, 72.0152]",0.339349
1.0,0.0258171,0.0,0.0,11.61,0.0,2007.23,49.6658,93.9465,3,"[200.0, 200.0, 200.0, 200.0, 200.0, 200.0, 200.0, 200.0, 200.0, 200.0, 200.0, 200.0, 200.0, 200.0, 200.0, 200.0, 200.0, 200.0, 200.0, 200.0, 200.0, 200.0, 200.0, 200.0, 200.0, 200.0, 200.0, 200.0, 200.0, 200.0, 200.0, 200.0, 200.0, 200.0, 200.0, 200.0]",1,4522.88,82.1344,0.613506,-0.549033,0.8,"[-1.0, -1.0, -1.0, -1.0, -1.0, -1.0, -1.0, -1.0, -1.0, -1.0, -1.0, -1.0, -1.0, -1.0, -1.0, -1.0, -1.0, -1.0, -1.0]",-1.00685,"[69.0548, 65.3842, 72.8469, 70.4151]",0.333843
1.0,0.0182573,0.0,0.0,11.63,0.0,2007.64,50.0775,93.9461,3,"[200.0, 200.0, 200.0, 200.0, 200.0, 200.0, 200.0, 200.0, 200.0, 200.0, 200.0, 200.0, 200.0, 200.0, 200.0, 200.0, 200.0, 200.0, 200.0, 200.0, 200.0, 200.0, 200.0, 200.0, 200.0, 200.0, 200.0, 200.0, 200.0, 200.0, 200.0, 200.0, 200.0, 200.0, 200.0, 200.0]",1,4829.26,82.1112,0.5861,-0.683256,0.8,"[-1.0, -1.0, -1.0, -1.0, -1.0, -1.0, -1.0, -1.0, -1.0, -1.0, -1.0, -1.0, -1.0, -1.0, -1.0, -1.0, -1.0, -1.0, -1.0]",-1.00786,"[69.3203, 65.2634, 74.4906, 78.8958]",0.341321
1.0,0.0066654,0.0,0.0,11.65,0.0,2008.05,50.4904,93.9456,3,"[200.0, 200.0, 200.0, 200.0, 200.0, 200.0, 200.0, 200.0, 200.0, 200.0, 200.0, 200.0, 200.0, 200.0, 200.0, 200.0, 200.0, 200.0, 200.0, 200.0, 200.0, 200.0, 200.0, 200.0, 200.0, 200.0, 200.0, 200.0, 200.0, 200.0, 200.0, 200.0, 200.0, 200.0, 200.0, 200.0]",1,4524.01,82.5024,0.427213,-0.541957,0.8,"[-1.0, -1.0, -1.0, -1.0, -1.0, -1.0, -1.0, -1.0, -1.0, -1.0, -1.0, -1.0, -1.0, -1.0, -1.0, -1.0, -1.0, -1.0, -1.0]",-1.00826,"[70.0102, 65.1234, 73.2469, 70.1034]",0.334365
1.0,-0.00292808,0.0,0.0,11.67,0.0,2008.46,50.9044,93.9453,3,"[200.0, 200.0, 200.0, 200.0, 200.0, 200.0, 200.0, 200.0, 200.0, 200.0, 200.0, 200.0, 200.0, 200.0, 200.0, 200.0, 200.0, 200.0, 200.0, 200.0, 200.0, 200.0, 200.0, 200.0, 200.0, 200.0, 200.0, 200.0, 200.0, 200.0, 200.0, 200.0, 200.0, 200.0, 200.0, 200.0]",1,4741.94,82.608,0.123175,-0.696445,0.8,"[-1.0, -1.0, -1.0, -1.0, -1.0, -1.0, -1.0, -1.0, -1.0, -1.0, -1.0, -1.0, -1.0, -1.0, -1.0, -1.0, -1.0, -1.0, -1.0]",-1.00828,"[69.9268, 65.2776, 74.0632, 76.0801]",0.343587
1.0,-0.016775,0.0,0.0,11.69,0.0,2008.88,51.3187,93.9448,3,"[200.0, 200.0, 200.0, 200.0, 200.0, 200.0, 200.0, 200.0, 200.0, 200.0, 200.0, 200.0, 200.0, 200.0, 200.0, 200.0, 200.0, 200.0, 200.0, 200.0, 200.0, 200.0, 200.0, 200.0, 200.0, 200.0, 200.0, 200.0, 200.0, 200.0, 200.0, 200.0, 200.0, 200.0, 200.0, 200.0]",1,4693.46,82.7639,-0.0987,-0.602354,0.8,"[-1.0, -1.0, -1.0, -1.0, -1.0, -1.0, -1.0, -1.0, -1.0, -1.0, -1.0, -1.0, -1.0, -1.0, -1.0, -1.0, -1.0, -1.0, -1.0]",-1.00769,"[70.474, 65.1598, 75.5926, 73.9632]",0.335529
1.0,-0.0297402,0.0,0.0,11.71,0.0,2009.29,51.7346,93.9444,3,"[200.0, 200.0, 200.0, 200.0, 200.0, 200.0, 200.0, 200.0, 200.0, 200.0, 200.0, 200.0, 200.0, 200.0, 200.0, 200.0, 200.0, 200.0, 200.0, 200.0, 200.0, 200.0, 200.0, 200.0, 200.0, 200.0, 200.0, 200.0, 200.0, 200.0, 200.0, 200.0, 200.0, 200.0, 200.0, 200.0]",1,4618.54,83.0624,-0.549155,-0.649375,0.8,"[-1.0, -1.0, -1.0, -1.0, -1.0, -1.0, -1.0, -1.0, -1.0, -1.0, -1.0, -1.0, -1.0, -1.0, -1.0, -1.0, -1.0, -1.0, -1.0]",-1.00659,"[70.6395, 65.1749, 74.3238, 72.0903]",0.345934
1.0,-0.0425952,0.0,0.0,11.73,0.0,2009.71,52.1511,93.944,3,"[200.0, 200.0, 200.0, 200.0, 200.0, 200.0, 200.0, 200.0, 200.0, 200.0, 200.0, 200.0, 200.0, 200.0, 200.0, 200.0, 200.0, 200.0, 200.0, 200.0, 200.0, 200.0, 200.0, 200.0, 200.0, 200.0, 200.0, 200.0, 200.0, 200.0, 200.0, 200.0, 200.0, 200.0, 200.0, 200.0]",1,4933.98,83.0656,-0.988678,-0.804449,0.8,"[-1.0, -1.0, -1.0, -1.0, -1.0, -1.0, -1.0, -1.0, -1.0, -1.0, -1.0, -1.0, -1.0, -1.0, -1.0, -1.0, -1.0, -1.0, -1.0]",-1.00499,"[70.6583, 65.3244, 77.1847, 79.533]",0.336998
1.0,-0.0580247,0.0,0.0,11.75,0.0,2010.13,52.5684,93.9435,3,"[200.0, 200.0, 200.0, 200.0, 200.0, 200.0, 200.0, 200.0, 200.0, 200.0, 200.0, 200.0, 200.0, 200.0, 200.0, 200.0, 200.0, 200.0, 200.0, 200.0, 200.0, 200.0, 200.0, 200.0, 200.0, 200.0, 200.0, 200.0, 200.0, 200.0, 200.0, 200.0, 200.0, 200.0, 200.0, 200.0]",1,4622.7,83.3503,-1.18284,-0.59165,0.8,"[-1.0, -1.0, -1.0, -1.0, -1.0, -1.0, -1.0, -1.0, -1.0, -1.0, -1.0, -1.0, -1.0, -1.0, -1.0, -1.0, -1.0, -1.0, -1.0]",-1.0028,"[71.1574, 65.2531, 74.9234, 71.8731]",0.347484
1.0,-0.0729755,0.0,0.0,11.77,0.0,2010.55,52.9865,93.9431,3,"[200.0, 200.0, 200.0, 200.0, 200.0, 200.0, 200.0, 200.0, 200.0, 200.0, 200.0, 200.0, 200.0, 200.0, 200.0, 200.0, 200.0, 200.0, 200.0, 200.0, 200.0, 200.0, 200.0, 200.0, 200.0, 200.0, 200.0, 200.0, 200.0, 200.0, 200.0, 200.0, 200.0, 200.0, 200.0, 200.0]",1,4897.84,83.407,-1.81744,-0.79554,0.8,"[15.049, 15.3382, 17.1607, 22.0444, 200.0, 68.1685, 50.9359, 37.9818, 24.7395, 11.3128, 0.0492805, 0.00709629, 0.0038929, 0.00263596, 0.00164795, 0.00110626, 0.00087738, 0.000762939, 0.000724792]",-0.999903,"[71.1713, 65.2992, 76.5649, 78.2493]",0.34365
1.0,-0.089721,0.0,0.0,11.79,0.0,2010.96,53.4048,93.9427,3,"[200.0, 200.0, 200.0, 200.0, 200.0, 200.0, 200.0, 200.0, 200.0, 200.0, 200.0, 200.0, 200.0, 200.0, 200.0, 200.0, 200.0, 200.0, 200.0, 200.0, 200.0, 200.0, 200.0, 200.0, 200.0, 200.0, 200.0, 200.0, 200.0, 200.0, 200.0, 200.0, 200.0, 200.0, 200.0, 200.0]",1,4808.02,83.5911,-2.3291,-0.747376,0.134,"[15.049, 15.2538, 16.9523, 21.5124, 200.0, 73.6757, 53.6218, 40.5765, 27.4323, 14.1706, 2.20912, 0.300857, 0.151357, 0.101379, 0.0619392, 0.0406532, 0.0318718, 0.0277557, 0.0261688]",-0.996525,"[72.2454, 66.3806, 77.4166, 75.8136]",0.343391
1.0,-0.105763,0.0,0.0,11.81,0.0,2011.38,53.8247,93.9422,3,"[200.0, 200.0, 200.0, 200.0, 200.0, 200.0, 200.0, 200.0, 200.0, 200.0, 200.0, 200.0, 200.0, 200.0, 200.0, 200.0, 200.0, 200.0, 200.0, 200.0, 200.0, 200.0, 200.0, 200.0, 200.0, 200.0, 200.0, 200.0, 200.0, 200.0, 200.0, 200.0, 200.0, 200.0, 200.0, 200.0]",1,4768.99,83.8706,-2.9768,-0.769947,0.134,"[15.048, 15.1726, 16.7562, 21.0299, 200.0, 80.19, 56.6304, 43.0572, 30.0077, 16.8702, 4.71467, 0.764213, 0.356913, 0.232197, 0.138399, 0.0894737, 0.0695953, 0.0602875, 0.0565796]",-0.992498,"[73.1638, 67.6649, 76.4233, 74.7327]",0.343509
1.0,-0.12039,0.0,0.0,11.83,0.0,2011.81,54.2456,93.9417,3,"[200.0, 200.0, 200.0, 200.0, 200.0, 200.0, 200.0, 200.0, 200.0, 200.0, 200.0, 200.0, 200.0, 200.0, 200.0, 200.0, 200.0, 200.0, 200.0, 200.0, 200.0, 200.0, 200.0, 200.0, 200.0, 200.0, 200.0, 200.0, 200.0, 200.0, 200.0, 200.0, 200.0, 200.0, 200.0, 200.0]",1,4973.33,84.0455,-3.74646,-0.787393,0.134,"[15.0453, 15.0972, 16.5792, 20.609, 37.8657, 87.6554, 59.8585, 45.315, 32.3538, 19.3166, 7.08932, 1.41909, 0.619585, 0.391747, 0.22801, 0.145309, 0.112179, 0.0967178, 0.0904007]",-0.988034,"[73.1405, 67.8583, 78.723, 80.3564]",0.341898
1.0,-0.133782,0.0,0.0,11.85,0.0,2012.23,54.668,93.9413,3,"[200.0, 200.0, 200.0, 200.0, 200.0, 200.0, 200.0, 200.0, 200.0, 200.0, 200.0, 200.0, 200.0, 200.0, 200.0, 200.0, 200.0, 200.0, 200.0, 200.0, 200.0, 200.0, 200.0, 200.0, 200.0, 200.0, 200.0, 200.0, 200.0, 200.0, 200.0, 200.0, 200.0, 200.0, 200.0, 200.0]",1,4915.55,84.3881,-4.53265,-0.960704,0.133,"[15.0414, 15.0272, 16.4187, 20.2384, 34.8337, 96.3342, 63.3434, 47.376, 34.4967, 21.5444, 9.28541, 2.26336, 0.937048, 0.5765, 0.327911, 0.206165, 0.158089, 0.135666, 0.126335]",-0.983306,"[73.1744, 68.2775, 80.2043, 76.7054]",0.344498
1.0,-0.145024,0.0,0.0,11.87,0.0,2012.65,55.0925,93.9408,3,"[200.0, 200.0, 200.0, 200.0, 200.0, 200.0, 200.0, 200.0, 200.0, 200.0, 200.0, 200.0, 200.0, 200.0, 200.0, 200.0, 200.0, 200.0, 200.0, 200.0, 200.0, 200.0, 200.0, 200.0, 200.0, 200.0, 200.0, 200.0, 200.0, 200.0, 200.0, 200.0, 200.0, 200.0, 200.0, 200.0]",1,4760.54,84.76,-4.33485,-0.609387,0.133,"[15.0295, 14.9601, 16.2766, 19.9261, 32.9708, 105.856, 66.8486, 49.1215, 36.3193, 23.4521, 11.2214, 3.279, 1.3289, 0.800027, 0.446323, 0.277401, 0.211494, 0.180794, 0.167824]",-0.977857,"[73.2148, 69.0249, 76.084, 74.5998]",0.339698
1.0,-0.153314,0.0,0.0,11.89,0.0,2013.08,55.5179,93.9404,3,"[200.0, 200.0, 200.0, 200.0, 200.0, 200.0, 200.0, 200.0, 200.0, 200.0, 200.0, 200.0, 200.0, 200.0, 200.0, 200.0, 200.0, 200.0, 200.0, 200.0, 200.0, 200.0, 200.0, 200.0, 200.0, 200.0, 200.0, 200.0, 200.0, 200.0, 200.0, 200.0, 200.0, 200.0, 200.0, 200.0]",1,5114.16,84.8768,-5.28206,-0.983138,-0.8,"[15.0085, 14.8988, 16.1598, 19.6851, 31.7865, 115.367, 70.0102, 50.529, 37.6978, 24.9127, 12.7489, 4.28737, 1.7544, 1.04279, 0.574015, 0.353817, 0.26862, 0.228966, 0.212051]",-0.972057,"[72.9185, 69.2749, 80.112, 82.7324]",0.345128
1.0,-0.152457,0.0,0.0,11.91,0.0,2013.51,55.946,93.9399,3,"[200.0, 200.0, 200.0, 200.0, 200.0, 200.0, 200.0, 200.0, 200.0, 200.0, 200.0, 200.0, 200.0, 200.0, 200.0, 200.0, 200.0, 200.0, 200.0, 200.0, 200.0, 200.0, 200.0, 200.0, 200.0, 200.0, 200.0, 200.0, 200.0, 200.0, 200.0, 200.0, 200.0, 200.0, 200.0, 200.0]",1,4716.76,85.3484,-5.77422,-0.625447,-0.8,"[14.964, 14.8589, 16.1207, 19.6437, 31.7427, 118.158, 70.5418, 50.554, 37.7183, 25.0189, 13.0433, 4.75501, 2.05281, 1.23579, 0.684492, 0.422859, 0.321281, 0.273964, 0.253807]",-0.96655,"[72.0851, 71.2481, 74.9304, 74.6417]",0.340811
1.0,-0.141614,0.0,0.0,11.93,0.0,2013.94,56.3759,93.9395,3,"[200.0, 200.0, 200.0, 200.0, 200.0, 200.0, 200.0, 200.0, 200.0, 200.0, 200.0, 200.0, 200.0, 200.0, 200.0, 200.0, 200.0, 200.0, 200.0, 200.0, 200.0, 200.0, 200.0, 200.0, 200.0, 200.0, 200.0, 200.0, 200.0, 200.0, 200.0, 200.0, 200.0, 200.0, 200.0, 200.0]",1,4893.51,85.5475,-5.56841,-0.82889,-0.8,"[14.8947, 14.8426, 16.1666, 19.82, 32.9566, 112.117, 67.9241, 48.9877, 36.2774, 23.691, 12.0963, 4.62062, 2.16759, 1.35205, 0.768549, 0.481178, 0.367882, 0.314957, 0.292694]",-0.961364,"[70.437, 71.6369, 76.1117, 79.6147]",0.342802
1.0,-0.123039,0.0,0.0,11.95,0.0,2014.37,56.8075,93.939,3,"[200.0, 200.0, 200.0, 200.0, 200.0, 200.0, 200.0, 200.0, 200.0, 200.0, 200.0, 200.0, 200.0, 200.0, 200.0, 200.0, 200.0, 200.0, 200.0, 200.0, 200.0, 200.0, 200.0, 200.0, 200.0, 200.0, 200.0, 200.0, 200.0, 200.0, 200.0, 200.0, 200.0, 200.0, 200.0, 200.0]",1,4754.54,85.8744,-4.92126,-0.752178,-0.8,"[14.8142, 14.8523, 16.2886, 20.1909, 35.8941, 100.845, 63.2718, 46.345, 33.7149, 21.301, 10.3618, 4.14745, 2.13549, 1.39365, 0.822002, 0.525417, 0.405758, 0.349693, 0.326691]",-0.95677,"[69.5467, 73.2602, 75.0104, 75.9972]",0.343502
1.0,-0.098811,0.0,0.0,11.97,0.0,2014.8,57.241,93.9385,3,"[200.0, 200.0, 200.0, 200.0, 200.0, 200.0, 200.0, 200.0, 200.0, 200.0, 200.0, 200.0, 200.0, 200.0, 200.0, 200.0, 200.0, 200.0, 200.0, 200.0, 200.0, 200.0, 200.0, 200.0, 200.0, 200.0, 200.0, 200.0, 200.0, 200.0, 200.0, 200.0, 200.0, 200.0, 200.0, 200.0]",1,4718.53,86.2118,-3.94164,-0.708895,0.129,"[14.7354, 14.8907, 16.4815, 20.7465, 59.8058, 88.2089, 57.7791, 42.9315, 30.3505, 18.2229, 8.33749, 3.58273, 2.01992, 1.38041, 0.848156, 0.555618, 0.434464, 0.377571, 0.355125]",-0.95288,"[69.9254, 74.8825, 73.2077, 76.5278]",0.340326
1.0,-0.0725463,0.0,0.0,11.99,0.0,2015.24,57.6763,93.9381,3,"[200.0, 200.0, 200.0, 200.0, 200.0, 200.0, 200.0, 200.0, 200.0, 200.0, 200.0, 200.0, 200.0, 200.0, 200.0, 200.0, 200.0, 200.0, 200.0, 200.0, 200.0, 200.0, 200.0, 200.0, 200.0, 200.0, 200.0, 200.0, 200.0, 200.0, 200.0, 200.0, 200.0, 200.0, 200.0, 200.0]",1,4951.49,86.4902,-2.57751,-0.728515,0.128,"[14.671, 14.9537, 16.7223, 21.4349, 200.0, 77.2301, 52.6304, 39.2155, 26.7286, 15.0513, 6.57996, 3.09724, 1.88435, 1.34014, 0.855137, 0.573967, 0.454575, 0.398544, 0.377571]",-0.949788,"[70.343, 75.4029, 78.9964, 78.2982]",0.344805
1.0,-0.0505198,0.0,0.0,12.01,0.0,2015.67,58.1138,93.9376,3,"[200.0, 200.0, 200.0, 200.0, 200.0, 200.0, 200.0, 200.0, 200.0, 200.0, 200.0, 200.0, 200.0, 200.0, 200.0, 200.0, 200.0, 200.0, 200.0, 200.0, 200.0, 200.0, 200.0, 200.0, 200.0, 200.0, 200.0, 200.0, 200.0, 200.0, 200.0, 200.0, 200.0, 200.0, 200.0, 200.0]",1,4738.16,87.035,-0.925693,-0.654243,0.128,"[14.626, 15.0163, 16.9422, 22.0799, 200.0, 69.872, 48.8923, 36.1173, 23.7666, 12.6436, 5.49846, 2.8053, 1.79806, 1.31511, 0.86298, 0.590263, 0.472313, 0.417084, 0.397522]",-0.947065,"[70.7524, 74.517, 73.8841, 76.4117]",0.341789
1.0,-0.0379613,0.0,0.0,12.03,0.0,2016.11,58.553,93.9372,3,"[200.0, 200.0, 200.0, 200.0, 200.0, 200.0, 200.0, 200.0, 200.0, 200.0, 200.0, 200.0, 200.0, 200.0, 200.0, 200.0, 200.0, 200.0, 200.0, 200.0, 200.0, 200.0, 200.0, 200.0, 200.0, 200.0, 200.0, 200.0, 200.0, 200.0, 200.0, 200.0, 200.0, 200.0, 200.0, 200.0]",1,4999.9,87.2345,0.196811,-0.638837,0.127,"[14.5958, 15.0475, 17.0655, 22.4652, 200.0, 66.508, 46.9868, 34.3938, 22.1681, 11.4737, 5.08525, 2.72025, 1.79092, 1.32921, 0.885345, 0.611855, 0.492393, 0.436577, 0.417511]",-0.944372,"[72.5473, 73.911, 80.6971, 77.5727]",0.341862
1.0,-0.0295389,0.0,0.0,12.05,0.0,2016.55,58.9941,93.9367,3,"[200.0, 200.0, 200.0, 200.0, 200.0, 200.0, 200.0, 200.0, 200.0, 200.0, 200.0, 200.0, 200.0, 200.0, 200.0, 200.0, 200.0, 200.0, 200.0, 200.0, 200.0, 200.0, 200.0, 200.0, 200.0, 200.0, 200.0, 200.0, 200.0, 200.0, 200.0, 200.0, 200.0, 200.0, 200.0, 200.0]",1,4784.01,87.7261,0.624463,-0.690279,0.127,"[14.5721, 15.065, 17.1456, 22.729, 200.0, 64.5994, 45.7811, 33.2653, 21.15, 10.7936, 4.88777, 2.69765, 1.8065, 1.35332, 0.910179, 0.633293, 0.511566, 0.454803, 0.435944]",-0.9419,"[73.3015, 73.6378, 75.4772, 76.9522]",0.342511
1.0,-0.0259703,0.0,0.0,12.07,0.0,2017.0,59.4375,93.9363,3,"[200.0, 200.0, 200.0, 200.0, 200.0, 200.0, 200.0, 200.0, 200.0, 200.0, 200.0, 200.0, 200.0, 200.0, 200.0, 200.0, 200.0, 200.0, 200.0, 200.0, 200.0, 200.0, 200.0, 200.0, 200.0, 200.0, 200.0, 200.0, 200.0, 200.0, 200.0, 200.0, 200.0, 200.0, 200.0, 200.0]",1,4892.81,88.0358,0.865906,-0.571754,0.126,"[14.5523, 15.0623, 17.168, 22.8259, 200.0, 64.2114, 45.3207, 32.8304, 20.7879, 10.6111, 4.89271, 2.74413, 1.85226, 1.39349, 0.941227, 0.656837, 0.531471, 0.473045, 0.453857]",-0.939506,"[74.3411, 73.4378, 77.9226, 77.0454]",0.341224
1.0,-0.023691,0.0,0.0,12.09,0.0,2017.44,59.8828,93.9358,3,"[200.0, 200.0, 200.0, 200.0, 200.0, 200.0, 200.0, 200.0, 200.0, 200.0, 200.0, 200.0, 200.0, 200.0, 200.0, 200.0, 200.0, 200.0, 200.0, 200.0, 200.0, 200.0, 200.0, 200.0, 200.0, 200.0, 200.0, 200.0, 200.0, 200.0, 200.0, 200.0, 200.0, 200.0, 200.0, 200.0]",1,4860.9,88.431,0.721592,-0.649156,0.126,"[14.5351, 15.0558, 17.1766, 22.88, 200.0, 64.2281, 45.0523, 32.5733, 20.5894, 10.5407, 4.93332, 2.79864, 1.89927, 1.43294, 0.970631, 0.678669, 0.549713, 0.489639, 0.470085]",-0.93734,"[74.8087, 73.7055, 76.843, 77.5833]",0.342375
1.0,-0.0236405,0.0,0.0,12.11,0.0,2017.89,60.3298,93.9353,3,"[200.0, 200.0, 200.0, 200.0, 200.0, 200.0, 200.0, 200.0, 200.0, 200.0, 200.0, 200.0, 200.0, 200.0, 200.0, 200.0, 200.0, 200.0, 200.0, 200.0, 200.0, 200.0, 200.0, 200.0, 200.0, 200.0, 200.0, 200.0, 200.0, 200.0, 200.0, 200.0, 200.0, 200.0, 200.0, 200.0]",1,4964.39,88.7531,0.653591,-0.633608,0.126,"[14.5196, 15.0399, 17.1582, 22.8535, 200.0, 64.9892, 45.1302, 32.6289, 20.6784, 10.6713, 5.0525, 2.88102, 1.95857, 1.47871, 1.00218, 0.700924, 0.567787, 0.50576, 0.485565]",-0.935276,"[75.3505, 73.6133, 81.0744, 76.7549]",0.341499
1.0,-0.0231207,0.0,0.0,12.13,0.0,2018.34,60.7793,93.9349,3,"[200.0, 200.0, 200.0, 200.0, 200.0, 200.0, 200.0, 200.0, 200.0, 200.0, 200.0, 200.0, 200.0, 200.0, 200.0, 200.0, 200.0, 200.0, 200.0, 200.0, 200.0, 200.0, 200.0, 200.0, 200.0, 200.0, 200.0, 200.0, 200.0, 200.0, 200.0, 200.0, 200.0, 200.0, 200.0, 200.0]",1,4894.56,89.1846,0.493952,-0.589225,0.125,"[14.5049, 15.0272, 17.147, 22.8461, 200.0, 65.6559, 45.1455, 32.614, 20.6994, 10.7476, 5.14367, 2.95013, 2.01024, 1.51936, 1.03075, 0.721306, 0.584473, 0.520729, 0.500008]",-0.933351,"[75.5913, 73.864, 77.3095, 77.9167]",0.341612
1.0,-0.0237168,0.0,0.0,12.15,0.0,2018.79,61.2301,93.9344,3,"[200.0, 200.0, 200.0, 200.0, 200.0, 200.0, 200.0, 200.0, 200.0, 200.0, 200.0, 200.0, 200.0, 200.0, 200.0, 200.0, 200.0, 200.0, 200.0, 200.0, 200.0, 200.0, 200.0, 200.0, 200.0, 200.0, 200.0, 200.0, 200.0, 200.0, 200.0, 200.0, 200.0, 200.0, 200.0, 200.0]",1,5160.32,89.4112,0.377033,-0.675683,0.125,"[14.4912, 15.0099, 17.1224, 22.7984, 200.0, 66.7883, 45.3557, 32.754, 20.8616, 10.9215, 5.27392, 3.03361, 2.0682, 1.56326, 1.06033, 0.741837, 0.600983, 0.535362, 0.513969]",-0.931489,"[76.0176, 74.086, 82.816, 81.1851]",0.341828
1.0,-0.0241826,0.0,0.0,12.17,0.0,2019.24,61.6833,93.934,3,"[200.0, 200.0, 200.0, 200.0, 200.0, 200.0, 200.0, 200.0, 200.0, 200.0, 200.0, 200.0, 200.0, 200.0, 200.0, 200.0, 200.0, 200.0, 200.0, 200.0, 200.0, 200.0, 200.0, 200.0, 200.0, 200.0, 200.0, 200.0, 200.0, 200.0, 200.0, 200.0, 200.0, 200.0, 200.0, 200.0]",1,4910.65,89.94,0.276038,-0.525913,0.125,"[14.478, 14.9938, 17.1001, 22.7567, 200.0, 67.9831, 45.5666, 32.873, 21.0025, 11.0767, 5.39411, 3.11199, 2.12313, 1.60497, 1.08858, 0.761482, 0.616821, 0.549393, 0.52739]",-0.929703,"[76.3041, 74.517, 78.1394, 77.7427]",0.341225
1.0,-0.0248545,0.0,0.0,12.19,0.0,2019.7,62.1381,93.9335,3,"[200.0, 200.0, 200.0, 200.0, 200.0, 200.0, 200.0, 200.0, 200.0, 200.0, 200.0, 200.0, 200.0, 200.0, 200.0, 200.0, 200.0, 200.0, 200.0, 200.0, 200.0, 200.0, 200.0, 200.0, 200.0, 200.0, 200.0, 200.0, 200.0, 200.0, 200.0, 200.0, 200.0, 200.0, 200.0, 200.0]",1,5308.13,90.0988,0.135641,-0.723701,0.125,"[14.465, 14.9769, 17.0755, 22.7079, 200.0, 69.3845, 45.8384, 33.0199, 21.1684, 11.2485, 5.52118, 3.19301, 2.17918, 1.64726, 1.11697, 0.781094, 0.632561, 0.563301, 0.540649]",-0.927936,"[76.6531, 74.6436, 84.4931, 83.9787]",0.341622
1.0,-0.0262135,0.0,0.0,12.21,0.0,2020.16,62.5952,93.933,3,"[200.0, 200.0, 200.0, 200.0, 200.0, 200.0, 200.0, 200.0, 200.0, 200.0, 200.0, 200.0, 200.0, 200.0, 200.0, 200.0, 200.0, 200.0, 200.0, 200.0, 200.0, 200.0, 200.0, 200.0, 200.0, 200.0, 200.0, 200.0, 200.0, 200.0, 200.0, 200.0, 200.0, 200.0, 200.0, 200.0]",1,4956.72,90.6771,0.109791,-0.456026,0.124,"[14.4525, 14.9571, 17.0425, 22.6345, 200.0, 71.2421, 46.2664, 33.2622, 21.4212, 11.4821, 5.67581, 3.28528, 2.24063, 1.69254, 1.14659, 0.801128, 0.648445, 0.577217, 0.55381]",-0.926184,"[77.0711, 75.2022, 79.2469, 77.9941]",0.341552
1.0,-0.0269731,0.0,0.0,12.23,0.0,2020.61,63.054,93.9325,3,"[200.0, 200.0, 200.0, 200.0, 200.0, 200.0, 200.0, 200.0, 200.0, 200.0, 200.0, 200.0, 200.0, 200.0, 200.0, 200.0, 200.0, 200.0, 200.0, 200.0, 200.0, 200.0, 200.0, 200.0, 200.0, 200.0, 200.0, 200.0, 200.0, 200.0, 200.0, 200.0, 200.0, 200.0, 200.0, 200.0]",1,5272.85,90.8882,-0.08712,-0.734604,0.124,"[14.4395, 14.9398, 17.0168, 22.5829, 173.391, 73.0348, 46.6237, 33.4205, 21.5966, 11.6602, 5.80684, 3.36865, 2.29806, 1.73569, 1.17542, 0.820953, 0.664322, 0.591217, 0.567131]",-0.92441,"[77.2756, 75.3648, 82.204, 84.9641]",0.341093
1.0,-0.0287383,0.0,0.0,12.25,0.0,2021.08,63.5149,93.9321,3,"[200.0, 200.0, 200.0, 200.0, 200.0, 200.0, 200.0, 200.0, 200.0, 200.0, 200.0, 200.0, 200.0, 200.0, 200.0, 200.0, 200.0, 200.0, 200.0, 200.0, 200.0, 200.0, 200.0, 200.0, 200.0, 200.0, 200.0, 200.0, 200.0, 200.0, 200.0, 200.0, 200.0, 200.0, 200.0, 200.0]",1,4998.6,91.4228,-0.083966,-0.484277,0.124,"[14.4271, 14.9181, 16.9789, 22.4957, 134.796, 75.5626, 47.2208, 33.7189, 21.9007, 11.9318, 5.98156, 3.47027, 2.36449, 1.78398, 1.20647, 0.841698, 0.680618, 0.605415, 0.580482]",-0.922635,"[77.7831, 75.7577, 80.1165, 78.2106]",0.342904
1.0,-0.0297764,0.0,0.0,12.27,0.0,2021.54,63.9778,93.9316,3,"[200.0, 200.0, 200.0, 200.0, 200.0, 200.0, 200.0, 200.0, 200.0, 200.0, 200.0, 200.0, 200.0, 200.0, 200.0, 200.0, 200.0, 200.0, 200.0, 200.0, 200.0, 200.0, 200.0, 200.0, 200.0, 200.0, 200.0, 200.0, 200.0, 200.0, 200.0, 200.0, 200.0, 200.0, 200.0, 200.0]",1,5173.68,91.7107,-0.219882,-0.651519,0.124,"[14.4138, 14.8991, 16.9493, 22.4339, 114.447, 78.0227, 47.7286, 33.9169, 22.1132, 12.1383, 6.12927, 3.56245, 2.42707, 1.83058, 1.23722, 0.86264, 0.697296, 0.620064, 0.594353]",-0.920788,"[77.9838, 75.9843, 80.8925, 82.892]",0.339782
1.0,-0.0316146,0.0,0.0,12.29,0.0,2022.0,64.4425,93.9311,3,"[200.0, 200.0, 200.0, 200.0, 200.0, 200.0, 200.0, 200.0, 200.0, 200.0, 200.0, 200.0, 200.0, 200.0, 200.0, 200.0, 200.0, 200.0, 200.0, 200.0, 200.0, 200.0, 200.0, 200.0, 200.0, 200.0, 200.0, 200.0, 200.0, 200.0, 200.0, 200.0, 200.0, 200.0, 200.0, 200.0]",1,5048.05,92.1593,-0.277813,-0.555737,0.124,"[14.4007, 14.8765, 16.9099, 22.3442, 98.9912, 81.319, 48.4682, 34.2265, 22.4286, 12.4214, 6.31484, 3.67116, 2.49801, 1.88208, 1.27023, 0.884602, 0.714523, 0.635033, 0.608414]",-0.918919,"[78.4019, 76.315, 81.4064, 78.7108]",0.342248
1.0,-0.0327452,0.0,0.0,12.31,0.0,2022.47,64.9094,93.9306,3,"[200.0, 200.0, 200.0, 200.0, 200.0, 200.0, 200.0, 200.0, 200.0, 200.0, 200.0, 200.0, 200.0, 200.0, 200.0, 200.0, 200.0, 200.0, 200.0, 200.0, 200.0, 200.0, 200.0, 200.0, 200.0, 200.0, 200.0, 200.0, 200.0, 200.0, 200.0, 200.0, 200.0, 200.0, 200.0, 200.0]",1,5058.06,92.5298,-0.298201,-0.538576,0.123,"[14.3867, 14.8563, 16.8784, 22.2786, 89.2673, 84.6302, 49.1243, 34.4392, 22.6554, 12.6412, 6.47365, 3.77065, 2.56544, 1.93212, 1.30311, 0.906925, 0.732246, 0.650566, 0.623116]",-0.916963,"[78.6543, 76.6197, 81.059, 79.7278]",0.339831
1.0,-0.0338457,0.0,0.0,12.33,0.0,2022.94,65.3782,93.9302,3,"[200.0, 200.0, 200.0, 200.0, 200.0, 200.0, 200.0, 200.0, 200.0, 200.0, 200.0, 200.0, 200.0, 200.0, 200.0, 200.0, 200.0, 200.0, 200.0, 200.0, 200.0, 200.0, 200.0, 200.0, 200.0, 200.0, 200.0, 200.0, 200.0, 200.0, 200.0, 200.0, 200.0, 200.0, 200.0, 200.0]",1,5249.31,92.8054,-0.361848,-0.622838,0.123,"[14.3721, 14.8357, 16.8467, 22.2134, 81.9189, 88.428, 49.8466, 34.6492, 22.8803, 12.8614, 6.63538, 3.87306, 2.63512, 1.98391, 1.33721, 0.930088, 0.750648, 0.666695, 0.638374]",-0.914931,"[78.9013, 76.9017, 82.9282, 83.7623]",0.341468
1.0,-0.0350211,0.0,0.0,12.35,0.0,2023.41,65.8489,93.9297,3,"[200.0, 200.0, 200.0, 200.0, 200.0, 200.0, 200.0, 200.0, 200.0, 200.0, 200.0, 200.0, 200.0, 200.0, 200.0, 200.0, 200.0, 200.0, 200.0, 200.0, 200.0, 200.0, 200.0, 200.0, 200.0, 200.0, 200.0, 200.0, 200.0, 200.0, 200.0, 200.0, 200.0, 200.0, 200.0, 200.0]",1,5096.65,93.2717,-0.315735,-0.483882,0.123,"[14.3573, 14.8146, 16.8138, 22.1455, 76.0465, 92.9158, 50.6701, 34.8701, 23.1156, 13.0899, 6.80302, 3.97916, 2.70714, 2.0373, 1.37225, 0.953831, 0.769463, 0.683174, 0.653969]",-0.912858,"[79.2801, 77.3149, 81.4115, 80.2792]",0.340522
1.0,-0.0357288,0.0,0.0,12.37,0.0,2023.88,66.3215,93.9292,3,"[200.0, 200.0, 200.0, 200.0, 200.0, 200.0, 200.0, 200.0, 200.0, 200.0, 200.0, 200.0, 200.0, 200.0, 200.0, 200.0, 200.0, 200.0, 200.0, 200.0, 200.0, 200.0, 200.0, 200.0, 200.0, 200.0, 200.0, 200.0, 200.0, 200.0, 200.0, 200.0, 200.0, 200.0, 200.0, 200.0]",1,5271.47,93.557,-0.383293,-0.617544,0.123,"[14.3413, 14.7945, 16.7855, 22.0923, 71.7192, 97.7285, 51.4603, 35.0284, 23.294, 13.2778, 6.95384, 4.08021, 2.77787, 2.09069, 1.40795, 0.97834, 0.789047, 0.700447, 0.670372]",-0.910674,"[79.4742, 77.5798, 83.2373, 84.1903]",0.340486
1.0,-0.0366882,0.0,0.0,12.39,0.0,2024.36,66.7963,93.9287,3,"[200.0, 200.0, 200.0, 200.0, 200.0, 200.0, 200.0, 200.0, 200.0, 200.0, 200.0, 200.0, 200.0, 200.0, 200.0, 200.0, 200.0, 200.0, 200.0, 200.0, 200.0, 200.0, 200.0, 200.0, 200.0, 200.0, 200.0, 200.0, 200.0, 200.0, 200.0, 200.0, 200.0, 200.0, 200.0, 200.0]",1,5141.53,94.0111,-0.317979,-0.470747,0.122,"[14.3253, 14.7733, 16.7541, 22.0305, 67.8973, 103.708, 52.4162, 35.2218, 23.5049, 13.4903, 7.11789, 4.18784, 2.85217, 2.14633, 1.44478, 1.00344, 0.809029, 0.717979, 0.686981]",-0.908464,"[79.8833, 77.96, 82.2031, 80.9026]",0.341659
1.0,-0.0371988,0.0,0.0,12.41,0.0,2024.83,67.2729,93.9282,3,"[200.0, 200.0, 200.0, 200.0, 200.0, 200.0, 200.0, 200.0, 200.0, 200.0, 200.0, 200.0, 200.0, 200.0, 200.0, 200.0, 200.0, 200.0, 200.0, 200.0, 200.0, 200.0, 200.0, 200.0, 200.0, 200.0, 200.0, 200.0, 200.0, 200.0, 200.0, 200.0, 200.0, 200.0, 200.0, 200.0]",1,5268.47,94.3273,-0.371048,-0.586858,0.122,"[14.3083, 14.7531, 16.727, 21.9827, 64.9673, 110.3, 53.3476, 35.3552, 23.6612, 13.6629, 7.26433, 4.28981, 2.92476, 2.20158, 1.48204, 1.02919, 0.829674, 0.736214, 0.70433]",-0.906153,"[80.0995, 78.2219, 83.1784, 83.9765]",0.339638
1.0,-0.0377329,0.0,0.0,12.43,0.0,2025.31,67.7516,93.9277,3,"[200.0, 200.0, 200.0, 200.0, 200.0, 200.0, 200.0, 200.0, 200.0, 200.0, 200.0, 200.0, 200.0, 200.0, 200.0, 200.0, 200.0, 200.0, 200.0, 200.0, 200.0, 200.0, 200.0, 200.0, 200.0, 200.0, 200.0, 200.0, 200.0, 200.0, 200.0, 200.0, 200.0, 200.0, 200.0, 200.0]",1,5196.64,94.7508,-0.344793,-0.527126,0.122,"[14.2912, 14.7327, 16.6996, 21.934, 62.4097, 118.318, 54.3984, 35.4937, 23.8201, 13.8372, 7.41192, 4.39277, 2.99814, 2.25744, 1.5197, 1.05519, 0.850502, 0.754593, 0.721817]",-0.903825,"[80.4526, 78.5669, 83.0709, 81.8424]",0.342843
1.0,-0.0379975,0.0,0.0,12.45,0.0,2025.79,68.2322,93.9271,3,"[200.0, 200.0, 200.0, 200.0, 200.0, 200.0, 200.0, 200.0, 200.0, 200.0, 200.0, 200.0, 200.0, 200.0, 200.0, 200.0, 200.0, 200.0, 200.0, 200.0, 200.0, 200.0, 200.0, 200.0, 200.0, 200.0, 200.0, 200.0, 200.0, 200.0, 200.0, 200.0, 200.0, 200.0, 200.0, 200.0]",1,5272.95,95.0893,-0.280565,-0.480474,0.121,"[14.2733, 14.7129, 16.6747, 21.8934, 60.31, 127.699, 55.4846, 35.6151, 23.9468, 13.9877, 7.54875, 4.4923, 3.07062, 2.31328, 1.55778, 1.0817, 0.871841, 0.773499, 0.739861]",-0.901422,"[80.7624, 78.8951, 83.4113, 83.9405]",0.339067
1.0,-0.0385254,0.0,0.0,12.47,0.0,2026.28,68.7148,93.9266,3,"[200.0, 200.0, 200.0, 200.0, 200.0, 200.0, 200.0, 200.0, 200.0, 200.0, 200.0, 200.0, 200.0, 200.0, 200.0, 200.0, 200.0, 200.0, 200.0, 200.0, 200.0, 200.0, 200.0, 200.0, 200.0, 200.0, 200.0, 200.0, 200.0, 200.0, 200.0, 200.0, 200.0, 200.0, 200.0, 200.0]",1,5257.46,95.4908,-0.368266,-0.547667,0.121,"[14.2552, 14.6916, 16.6463, 21.8434, 58.301, 140.062, 56.8094, 35.8015, 24.1081, 14.165, 7.7007, 4.59971, 3.14759, 2.37206, 1.59748, 1.10912, 0.893822, 0.792885, 0.758308]",-0.898966,"[81.0472, 79.0621, 83.8525, 83.0387]",0.344254
1.0,-0.0384763,0.0,0.0,12.49,0.0,2026.76,69.1996,93.926,3,"[200.0, 200.0, 200.0, 200.0, 200.0, 200.0, 200.0, 200.0, 200.0, 200.0, 200.0, 200.0, 200.0, 200.0, 200.0, 200.0, 200.0, 200.0, 200.0, 200.0, 200.0, 200.0, 200.0, 200.0, 200.0, 200.0, 200.0, 200.0, 200.0, 200.0, 200.0, 200.0, 200.0, 200.0, 200.0, 200.0]",1,5286.3,95.8517,-0.239607,-0.40158,0.121,"[14.2368, 14.6727, 16.6246, 21.8126, 56.769, 154.388, 58.0685, 35.9273, 24.1953, 14.2847, 7.8217, 4.69322, 3.21775, 2.42694, 1.63553, 1.13588, 0.915489, 0.812141, 0.776741]",-0.89651,"[81.4071, 79.5526, 83.9447, 83.8423]",0.339141
1.0,-0.0385888,0.0,0.0,12.51,0.0,2027.25,69.6863,93.9255,3,"[200.0, 200.0, 200.0, 200.0, 200.0, 200.0, 200.0, 200.0, 200.0, 200.0, 200.0, 200.0, 200.0, 200.0, 200.0, 200.0, 200.0, 200.0, 200.0, 200.0, 200.0, 200.0, 200.0, 200.0, 200.0, 200.0, 200.0, 200.0, 200.0, 200.0, 200.0, 200.0, 200.0, 200.0, 200.0, 200.0]",1,5312.19,96.2398,-0.403721,-0.58197,0.121,"[14.218, 14.6527, 16.6005, 21.7758, 55.2991, 173.836, 59.5661, 36.1065, 24.3044, 14.4215, 7.9524, 4.79207, 3.2911, 2.48403, 1.67483, 1.16339, 0.937706, 0.831863, 0.795586]",-0.894,"[81.5965, 79.6035, 84.2209, 84.3706]",0.343881
1.0,-0.0381888,0.0,0.0,12.53,0.0,2027.74,70.1749,93.925,3,"[200.0, 200.0, 200.0, 200.0, 200.0, 200.0, 200.0, 200.0, 200.0, 200.0, 200.0, 200.0, 200.0, 200.0, 200.0, 200.0, 200.0, 200.0, 200.0, 200.0, 200.0, 200.0, 200.0, 200.0, 200.0, 200.0, 200.0, 200.0, 200.0, 200.0, 200.0, 200.0, 200.0, 200.0, 200.0, 200.0]",1,5341.69,96.5998,-0.24629,-0.444467,0.12,"[14.1993, 14.6352, 16.5828, 21.7565, 54.1579, 198.026, 61.0185, 36.2287, 24.3464, 14.5049, 8.05258, 4.87607, 3.35654, 2.53627, 1.71176, 1.18973, 0.95919, 0.851051, 0.814034]",-0.891541,"[81.975, 80.1957, 84.7324, 84.7906]",0.339725
1.0,-0.0380395,0.0,0.0,12.55,0.0,2028.23,70.6658,93.9244,3,"[200.0, 200.0, 200.0, 200.0, 200.0, 200.0, 200.0, 200.0, 200.0, 200.0, 200.0, 200.0, 200.0, 200.0, 200.0, 200.0, 200.0, 200.0, 200.0, 200.0, 200.0, 200.0, 200.0, 200.0, 200.0, 200.0, 200.0, 200.0, 200.0, 200.0, 200.0, 200.0, 200.0, 200.0, 200.0, 200.0]",1,5316.04,97.0152,-0.322672,-0.507974,0.12,"[14.1804, 14.6164, 16.5618, 21.7283, 52.9997, 200.0, 62.8038, 36.4229, 24.4211, 14.6134, 8.16655, 4.96704, 3.42592, 2.59105, 1.75007, 1.21682, 0.981178, 0.870636, 0.832817]",-0.889038,"[82.2431, 80.2557, 84.5877, 84.1151]",0.343229
1.0,-0.0376189,0.0,0.0,12.57,0.0,2028.72,71.1584,93.9239,3,"[200.0, 200.0, 200.0, 200.0, 200.0, 200.0, 200.0, 200.0, 200.0, 200.0, 200.0, 200.0, 200.0, 200.0, 200.0, 200.0, 200.0, 200.0, 200.0, 200.0, 200.0, 200.0, 200.0, 200.0, 200.0, 200.0, 200.0, 200.0, 200.0, 200.0, 200.0, 200.0, 200.0, 200.0, 200.0, 200.0]",1,5444.39,97.3261,-0.254166,-0.49988,0.12,"[14.1615, 14.5988, 16.5442, 21.7094, 52.0166, 200.0, 64.6922, 36.6008, 24.4606, 14.6936, 8.26394, 5.04971, 3.49089, 2.6432, 1.78709, 1.24329, 1.0028, 0.889969, 0.85141]",-0.886558,"[82.5638, 80.7873, 86.4158, 86.3473]",0.340183
1.0,-0.0376924,0.0,0.0,12.59,0.0,2029.21,71.6534,93.9234,3,"[200.0, 200.0, 200.0, 200.0, 200.0, 200.0, 200.0, 200.0, 200.0, 200.0, 200.0, 200.0, 200.0, 200.0, 200.0, 200.0, 200.0, 200.0, 200.0, 200.0, 200.0, 200.0, 200.0, 200.0, 200.0, 200.0, 200.0, 200.0, 200.0, 200.0, 200.0, 200.0, 200.0, 200.0, 200.0, 200.0]",1,5359.92,97.7748,-0.295811,-0.465895,0.119,"[14.1428, 14.5791, 16.5206, 21.6741, 50.9307, 200.0, 67.1762, 36.9057, 24.5618, 14.8205, 8.38666, 5.14458, 3.56229, 2.69913, 1.82588, 1.27055, 1.02484, 0.909538, 0.870132]",-0.884064,"[82.9317, 80.8899, 85.4224, 84.5126]",0.34278
1.0,-0.0374034,0.0,0.0,12.61,0.0,2029.71,72.1503,93.9228,3,"[200.0, 200.0, 200.0, 200.0, 200.0, 200.0, 200.0, 200.0, 200.0, 200.0, 200.0, 200.0, 200.0, 200.0, 200.0, 200.0, 200.0, 200.0, 200.0, 200.0, 200.0, 200.0, 200.0, 200.0, 200.0, 200.0, 200.0, 200.0, 200.0, 200.0, 200.0, 200.0, 200.0, 200.0, 200.0, 200.0]",1,5499.63,98.0832,-0.306999,-0.521473,0.119,"[14.1241, 14.5611, 16.5017, 21.651, 50.0272, 200.0, 69.8128, 37.1833, 24.6161, 14.9102, 8.48755, 5.22849, 3.62777, 2.75146, 1.8629, 1.29693, 1.04636, 0.928749, 0.88858]",-0.881604,"[83.1711, 81.35, 86.8036, 88.0019]",0.340462
1.0,-0.0375856,0.0,0.0,12.63,0.0,2030.21,72.6493,93.9223,3,"[200.0, 200.0, 200.0, 200.0, 200.0, 200.0, 200.0, 200.0, 200.0, 200.0, 200.0, 200.0, 200.0, 200.0, 200.0, 200.0, 200.0, 200.0, 200.0, 200.0, 200.0, 200.0, 200.0, 200.0, 200.0, 200.0, 200.0, 200.0, 200.0, 200.0, 200.0, 200.0, 200.0, 200.0, 200.0, 200.0]",1,5400.27,98.5422,-0.334957,-0.457393,0.119,"[14.1057, 14.5411, 16.4771, 21.6125, 49.0374, 200.0, 73.2737, 37.6039, 24.7286, 15.0439, 8.61263, 5.32414, 3.69945, 2.80754, 1.90164, 1.32407, 1.06827, 0.948174, 0.907135]",-0.879133,"[83.5919, 81.5141, 86.3209, 85.004]",0.342332
1.0,-0.0373896,0.0,0.0,12.65,0.0,2030.71,73.1503,93.9218,3,"[200.0, 200.0, 200.0, 200.0, 200.0, 200.0, 200.0, 200.0, 200.0, 200.0, 200.0, 200.0, 200.0, 200.0, 200.0, 200.0, 200.0, 200.0, 200.0, 200.0, 200.0, 200.0, 200.0, 200.0, 200.0, 200.0, 200.0, 200.0, 200.0, 200.0, 200.0, 200.0, 200.0, 200.0, 200.0, 200.0]",1,5577.53,98.8365,-0.397987,-0.552281,0.119,"[14.0873, 14.523, 16.4573, 21.5868, 48.2097, 200.0, 77.0506, 38.0005, 24.7926, 15.139, 8.71511, 5.40834, 3.76494, 2.85979, 1.93851, 1.35031, 1.08961, 0.967216, 0.925415]",-0.876697,"[83.8432, 82.0453, 87.7032, 89.2184]",0.340663
1.0,-0.0376676,0.0,0.0,12.67,0.0,2031.21,73.6527,93.9217,4,"[200.0, 200.0, 200.0, 200.0, 200.0, 200.0, 200.0, 200.0, 200.0, 200.0, 200.0, 200.0, 200.0, 200.0, 200.0, 200.0, 200.0, 200.0, 200.0, 200.0, 200.0, 200.0, 200.0, 200.0, 200.0, 200.0, 200.0, 200.0, 200.0, 200.0, 200.0, 200.0, 200.0, 200.0, 200.0, 200.0]",1,4333.66,98.9713,-0.341391,-0.414641,0.118,"[14.0692, 14.5029, 16.432, 21.5456, 47.3032, 200.0, 82.0749, 38.5667, 24.9146, 15.2778, 8.84172, 5.50437, 3.83664, 2.91569, 1.97703, 1.37721, 1.11128, 0.986394, 0.94371]",-0.87426,"[84.062, 82.2067, 84.8395, 82.98]",0.341889
1.0,-0.0378202,0.0,0.0,12.69,0.0,2031.72,74.155,93.9217,4,"[200.0, 200.0, 200.0, 200.0, 200.0, 200.0, 200.0, 200.0, 200.0, 200.0, 200.0, 200.0, 200.0, 200.0, 200.0, 200.0, 200.0, 200.0, 200.0, 200.0, 200.0, 200.0, 200.0, 200.0, 200.0, 200.0, 200.0, 200.0, 200.0, 200.0, 200.0, 200.0, 200.0, 200.0, 200.0, 200.0]",1,4331.63,98.9218,-0.41951,-0.518568,0.118,"[14.0507, 14.483, 16.4078, 21.5082, 46.4781, 200.0, 88.0782, 39.1825, 25.0215, 15.4052, 8.96222, 5.59791, 3.90739, 2.97128, 2.01559, 1.40428, 1.13316, 1.0058, 0.962242]",-0.871792,"[84.0231, 82.1439, 84.7808, 82.9919]",0.341978
1.0,-0.0382488,0.0,0.0,12.71,0.0,2032.22,74.6573,93.9217,4,"[200.0, 200.0, 200.0, 200.0, 200.0, 200.0, 200.0, 200.0, 200.0, 200.0, 200.0, 200.0, 200.0, 200.0, 200.0, 200.0, 200.0, 200.0, 200.0, 200.0, 200.0, 200.0, 200.0, 200.0, 200.0, 200.0, 200.0, 200.0, 200.0, 200.0, 200.0, 200.0, 200.0, 200.0, 200.0, 200.0]",1,4329.63,98.8673,-0.362283,-0.417973,0.118,"[14.0325, 14.4621, 16.3806, 21.4619, 45.6343, 200.0, 95.9831, 39.9588, 25.1615, 15.5572, 9.09651, 5.69823, 3.98177, 3.02896, 2.05504, 1.43171, 1.15517, 1.02525, 0.980743]",-0.869329,"[84.0002, 82.0973, 84.7572, 82.9202]",0.340542
1.0,-0.038667,0.0,0.0,12.73,0.0,2032.72,75.1594,93.9217,4,"[200.0, 200.0, 200.0, 200.0, 200.0, 200.0, 200.0, 200.0, 200.0, 200.0, 200.0, 200.0, 200.0, 200.0, 200.0, 200.0, 200.0, 200.0, 200.0, 200.0, 200.0, 200.0, 200.0, 200.0, 200.0, 200.0, 200.0, 200.0, 200.0, 200.0, 200.0, 200.0, 200.0, 200.0, 200.0, 200.0]",1,4327.65,98.8168,-0.447464,-0.515503,0.118,"[14.014, 14.4409, 16.3531, 21.4157, 44.8369, 200.0, 106.155, 40.8456, 25.3007, 15.7087, 9.23116, 5.79942, 4.05701, 3.08743, 2.0951, 1.45956, 1.17754, 1.045, 0.999542]",-0.866827,"[83.9689, 82.0132, 84.7237, 82.9083]",0.340832
1.0,-0.0396774,0.0,0.0,12.75,0.0,2033.22,75.6614,93.9217,4,"[200.0, 200.0, 200.0, 200.0, 200.0, 200.0, 200.0, 200.0, 200.0, 200.0, 200.0, 200.0, 200.0, 200.0, 200.0, 200.0, 200.0, 200.0, 200.0, 200.0, 200.0, 200.0, 200.0, 200.0, 200.0, 200.0, 200.0, 200.0, 200.0, 200.0, 200.0, 200.0, 200.0, 200.0, 200.0, 200.0]",1,4325.69,98.7626,-0.478532,-0.466026,0.117,"[13.9961, 14.4175, 16.3192, 21.3508, 43.9612, 200.0, 121.245, 42.0468, 25.511, 15.9144, 9.3969, 5.91617, 4.14045, 3.15067, 2.13718, 1.48816, 1.2002, 1.0648, 1.01821]",-0.864343,"[84.0213, 81.9168, 84.7637, 82.7309]",0.340678
1.0,-0.0406182,0.0,0.0,12.77,0.0,2033.72,76.1632,93.9217,4,"[200.0, 200.0, 200.0, 200.0, 200.0, 200.0, 200.0, 200.0, 200.0, 200.0, 200.0, 200.0, 200.0, 200.0, 200.0, 200.0, 200.0, 200.0, 200.0, 200.0, 200.0, 200.0, 200.0, 200.0, 200.0, 200.0, 200.0, 200.0, 200.0, 200.0, 200.0, 200.0, 200.0, 200.0, 200.0, 200.0]",1,4323.76,98.7087,-0.463776,-0.380372,0.117,"[13.9774, 14.3938, 16.2854, 21.2875, 43.1451, 194.553, 142.688, 43.4175, 25.7147, 16.1161, 9.5621, 6.03411, 4.22534, 3.21532, 2.18037, 1.51759, 1.22355, 1.08524, 1.03751]",-0.861778,"[83.9353, 81.9193, 84.6573, 82.7317]",0.339727
1.0,-0.0416778,0.0,0.0,12.79,0.0,2034.22,76.6648,93.9217,4,"[200.0, 200.0, 200.0, 200.0, 200.0, 200.0, 200.0, 200.0, 200.0, 200.0, 200.0, 200.0, 200.0, 200.0, 200.0, 200.0, 200.0, 200.0, 200.0, 200.0, 200.0, 200.0, 200.0, 200.0, 200.0, 200.0, 200.0, 200.0, 200.0, 200.0, 200.0, 200.0, 200.0, 200.0, 200.0, 200.0]",1,4321.85,98.6557,-0.563002,-0.448994,0.117,"[13.9589, 14.3696, 16.2502, 21.2206, 42.3499, 169.564, 176.571, 45.0576, 25.9368, 16.3283, 9.73399, 6.15586, 4.31251, 3.28137, 2.22425, 1.54734, 1.24708, 1.10579, 1.05686]",-0.859205,"[83.9431, 81.816, 84.681, 82.6232]",0.341093
1.0,-0.0429385,0.0,0.0,12.81,0.0,2034.73,77.1663,93.9217,4,"[200.0, 200.0, 200.0, 200.0, 200.0, 200.0, 200.0, 200.0, 200.0, 200.0, 200.0, 200.0, 200.0, 200.0, 200.0, 200.0, 200.0, 200.0, 200.0, 200.0, 200.0, 200.0, 200.0, 200.0, 200.0, 200.0, 200.0, 200.0, 200.0, 200.0, 200.0, 200.0, 200.0, 200.0, 200.0, 200.0]",1,4137.91,98.6001,-0.546257,-0.367151,0.118,"[13.9398, 14.3439, 16.2121, 21.1466, 41.5586, 150.315, 200.0, 47.0746, 26.2231, 16.5628, 9.9212, 6.28703, 4.40564, 3.35149, 2.27049, 1.57849, 1.27161, 1.12714, 1.07692]",-0.856541,"[83.8941, 81.7849, 84.6029, 82.5908]",0.33898
1.0,-0.0441311,0.0,0.0,12.83,0.0,2035.23,77.668,93.9213,4,"[200.0, 200.0, 200.0, 200.0, 200.0, 200.0, 200.0, 200.0, 200.0, 200.0, 200.0, 200.0, 200.0, 200.0, 200.0, 200.0, 200.0, 200.0, 200.0, 200.0, 200.0, 200.0, 200.0, 200.0, 200.0, 200.0, 200.0, 200.0, 200.0, 200.0, 200.0, 200.0, 200.0, 200.0, 200.0, 200.0]",1,4260.0,98.7596,-0.679948,-0.433676,0.118,"[13.9206, 14.3184, 16.1748, 21.0751, 40.8176, 135.5, 200.0, 49.4389, 26.5478, 16.7901, 10.1048, 6.4169, 4.49834, 3.42147, 2.3167, 1.60966, 1.29617, 1.14853, 1.09702]",-0.853871,"[84.0129, 81.8176, 88.41, 84.0106]",0.341596
1.0,-0.0455249,0.0,0.0,12.85,0.0,2035.73,78.1711,93.921,4,"[200.0, 200.0, 200.0, 200.0, 200.0, 200.0, 200.0, 200.0, 200.0, 200.0, 200.0, 200.0, 200.0, 200.0, 200.0, 200.0, 200.0, 200.0, 200.0, 200.0, 200.0, 200.0, 200.0, 200.0, 200.0, 200.0, 200.0, 200.0, 200.0, 200.0, 200.0, 200.0, 200.0, 200.0, 200.0, 200.0]",1,4291.53,98.986,-0.627675,-0.29981,0.117,"[13.9008, 14.2914, 16.1344, 20.9965, 40.0767, 123.309, 200.0, 52.4058, 26.9605, 17.0403, 10.3046, 6.55706, 4.59766, 3.49605, 2.36561, 1.64242, 1.32189, 1.17086, 1.11794]",-0.851093,"[84.2152, 82.0567, 86.2312, 86.6586]",0.33847
1.0,-0.0467327,0.0,0.0,12.87,0.0,2036.24,78.6754,93.9206,4,"[200.0, 200.0, 200.0, 200.0, 200.0, 200.0, 200.0, 200.0, 200.0, 200.0, 200.0, 200.0, 200.0, 200.0, 200.0, 200.0, 200.0, 200.0, 200.0, 200.0, 200.0, 200.0, 200.0, 200.0, 200.0, 200.0, 200.0, 200.0, 200.0, 200.0, 200.0, 200.0, 200.0, 200.0, 200.0, 200.0]",1,4311.37,99.2246,-0.853734,-0.505371,0.117,"[13.8807, 14.2649, 16.096, 20.9237, 39.396, 113.579, 200.0, 55.9184, 27.411, 17.273, 10.4947, 6.69311, 4.6952, 3.56983, 2.41433, 1.67528, 1.34775, 1.19337, 1.13908]",-0.848285,"[84.3055, 82.2597, 89.1712, 84.6552]",0.342323
1.0,-0.0475639,0.0,0.0,12.89,0.0,2036.74,79.1813,93.9202,4,"[200.0, 200.0, 200.0, 200.0, 200.0, 200.0, 200.0, 200.0, 200.0, 200.0, 200.0, 200.0, 200.0, 200.0, 200.0, 200.0, 200.0, 200.0, 200.0, 200.0, 200.0, 200.0, 200.0, 200.0, 200.0, 200.0, 200.0, 200.0, 200.0, 200.0, 200.0, 200.0, 200.0, 200.0, 200.0, 200.0]",1,4306.46,99.4621,-0.655433,-0.259239,0.117,"[13.8596, 14.2393, 16.061, 20.8615, 38.7931, 105.831, 200.0, 59.9913, 27.8741, 17.4717, 10.6659, 6.82054, 4.78894, 3.64185, 2.46281, 1.70838, 1.37405, 1.21638, 1.1608]",-0.845398,"[84.5739, 82.4798, 86.6228, 87.0475]",0.338235
1.0,-0.0481342,0.0,0.0,12.91,0.0,2037.25,79.6884,93.9198,4,"[200.0, 200.0, 200.0, 200.0, 200.0, 200.0, 200.0, 200.0, 200.0, 200.0, 200.0, 200.0, 200.0, 200.0, 200.0, 200.0, 200.0, 200.0, 200.0, 200.0, 200.0, 200.0, 200.0, 200.0, 200.0, 200.0, 200.0, 200.0, 200.0, 200.0, 200.0, 200.0, 200.0, 200.0, 200.0, 200.0]",1,4315.02,99.7101,-0.838066,-0.485895,0.116,"[13.8379, 14.2143, 16.0282, 20.8066, 38.244, 99.4355, 200.0, 64.8677, 28.3684, 17.6469, 10.8235, 6.94207, 4.8802, 3.71282, 2.51122, 1.74179, 1.40073, 1.23983, 1.18302]",-0.842444,"[84.6427, 82.7175, 89.0583, 85.0328]",0.342522
1.0,-0.048476,0.0,0.0,12.93,0.0,2037.76,80.1969,93.9194,4,"[200.0, 200.0, 200.0, 200.0, 200.0, 200.0, 200.0, 200.0, 200.0, 200.0, 200.0, 200.0, 200.0, 200.0, 200.0, 200.0, 200.0, 200.0, 200.0, 200.0, 200.0, 200.0, 200.0, 200.0, 200.0, 200.0, 200.0, 200.0, 200.0, 200.0, 200.0, 200.0, 200.0, 200.0, 200.0, 200.0]",1,4298.77,99.9533,-0.59213,-0.224785,0.116,"[13.8155, 14.1895, 15.9974, 20.7577, 37.7384, 94.0478, 200.0, 70.8453, 28.9032, 17.8017, 10.9694, 7.05832, 4.96925, 3.78293, 2.55966, 1.77553, 1.42781, 1.26371, 1.20573]",-0.839423,"[84.9176, 82.9285, 86.9236, 86.7809]",0.337366
1.0,-0.0483425,0.0,0.0,12.95,0.0,2038.27,80.7068,93.9191,4,"[200.0, 200.0, 200.0, 200.0, 200.0, 200.0, 200.0, 200.0, 200.0, 200.0, 200.0, 200.0, 200.0, 200.0, 200.0, 200.0, 200.0, 200.0, 200.0, 200.0, 200.0, 200.0, 200.0, 200.0, 200.0, 200.0, 200.0, 200.0, 200.0, 200.0, 200.0, 200.0, 200.0, 200.0, 200.0, 200.0]",1,4299.21,100.21,-0.693844,-0.406599,0.116,"[13.7922, 14.1661, 15.9711, 20.7223, 37.3022, 89.6315, 200.0, 77.9628, 29.4311, 17.9121, 11.0883, 7.16093, 5.05149, 3.84939, 2.60685, 1.80908, 1.45505, 1.28793, 1.22889]",-0.836336,"[84.9728, 83.1828, 87.2595, 86.3685]",0.34287
1.0,-0.0482276,0.0,0.0,12.97,0.0,2038.78,81.218,93.9187,4,"[200.0, 200.0, 200.0, 200.0, 200.0, 200.0, 200.0, 200.0, 200.0, 200.0, 200.0, 200.0, 200.0, 200.0, 200.0, 200.0, 200.0, 200.0, 200.0, 200.0, 200.0, 200.0, 200.0, 200.0, 200.0, 200.0, 200.0, 200.0, 200.0, 200.0, 200.0, 200.0, 200.0, 200.0, 200.0, 200.0]",1,4285.92,100.456,-0.512057,-0.253144,0.116,"[13.7687, 14.1424, 15.9444, 20.6859, 36.8706, 85.6523, 200.0, 87.4738, 30.0541, 18.0243, 11.2082, 7.26441, 5.13443, 3.91644, 2.65452, 1.84295, 1.48252, 1.31236, 1.25227]",-0.833222,"[85.305, 83.3557, 86.712, 86.3925]",0.336894
1.0,-0.0475295,0.0,0.0,12.99,0.0,2039.29,81.7306,93.9183,4,"[200.0, 200.0, 200.0, 200.0, 200.0, 200.0, 200.0, 200.0, 200.0, 200.0, 200.0, 200.0, 200.0, 200.0, 200.0, 200.0, 200.0, 200.0, 200.0, 200.0, 200.0, 200.0, 200.0, 200.0, 200.0, 200.0, 200.0, 200.0, 200.0, 200.0, 200.0, 200.0, 200.0, 200.0, 200.0, 200.0]",1,4317.48,100.692,-0.550224,-0.35965,0.115,"[13.7444, 14.1205, 15.9236, 20.6662, 36.5112, 82.4044, 200.0, 99.2018, 30.6445, 18.0816, 11.2937, 7.34955, 5.20758, 3.9779, 2.69997, 1.87612, 1.50984, 1.33691, 1.27594]",-0.830064,"[85.2981, 83.5878, 87.6893, 86.665]",0.34319
1.0,-0.0471233,0.0,0.0,13.01,0.0,2039.8,82.2446,93.9179,4,"[200.0, 200.0, 200.0, 200.0, 200.0, 200.0, 200.0, 200.0, 200.0, 200.0, 200.0, 200.0, 200.0, 200.0, 200.0, 200.0, 200.0, 200.0, 200.0, 200.0, 200.0, 200.0, 200.0, 200.0, 200.0, 200.0, 200.0, 200.0, 200.0, 200.0, 200.0, 200.0, 200.0, 200.0, 200.0, 200.0]",1,4317.8,100.93,-0.405198,-0.25309,0.115,"[13.7204, 14.0976, 15.8996, 20.6379, 36.1221, 79.263, 200.0, 116.99, 31.4133, 18.1659, 11.3954, 7.44325, 5.28548, 4.0422, 2.74666, 1.90979, 1.5374, 1.36154, 1.29961]",-0.826908,"[85.6799, 83.7948, 87.2751, 87.1517]",0.336982
1.0,-0.0461934,0.0,0.0,13.03,0.0,2040.32,82.76,93.9175,4,"[200.0, 200.0, 200.0, 200.0, 200.0, 200.0, 200.0, 200.0, 200.0, 200.0, 200.0, 200.0, 200.0, 200.0, 200.0, 200.0, 200.0, 200.0, 200.0, 200.0, 200.0, 200.0, 200.0, 200.0, 200.0, 200.0, 200.0, 200.0, 200.0, 200.0, 200.0, 200.0, 200.0, 200.0, 200.0, 200.0]",1,4341.1,101.174,-0.443232,-0.332089,0.115,"[13.6959, 14.0766, 15.8811, 20.625, 35.7926, 76.6456, 184.377, 141.944, 32.1678, 18.2, 11.4648, 7.51905, 5.35334, 4.10046, 2.79068, 1.9424, 1.56446, 1.38597, 1.32328]",-0.823748,"[85.6947, 83.9638, 88.1343, 87.1137]",0.343371
1.0,-0.0457414,0.0,0.0,13.05,0.0,2040.84,83.2767,93.9172,4,"[200.0, 200.0, 200.0, 200.0, 200.0, 200.0, 200.0, 200.0, 200.0, 200.0, 200.0, 200.0, 200.0, 200.0, 200.0, 200.0, 200.0, 200.0, 200.0, 200.0, 200.0, 200.0, 200.0, 200.0, 200.0, 200.0, 200.0, 200.0, 200.0, 200.0, 200.0, 200.0, 200.0, 200.0, 200.0, 200.0]",1,4337.33,101.417,-0.372781,-0.294497,0.115,"[13.6721, 14.054, 15.8578, 20.5983, 35.4148, 73.9888, 167.439, 188.835, 33.2025, 18.2775, 11.5606, 7.60861, 5.42865, 4.16305, 2.83648, 1.97562, 1.5917, 1.41036, 1.34675]",-0.820618,"[86.0964, 84.1922, 88.1426, 87.2738]",0.337507
1.0,-0.0451887,0.0,0.0,13.07,0.0,2041.36,83.795,93.9168,4,"[200.0, 200.0, 200.0, 200.0, 200.0, 200.0, 200.0, 200.0, 200.0, 200.0, 200.0, 200.0, 200.0, 200.0, 200.0, 200.0, 200.0, 200.0, 200.0, 200.0, 200.0, 200.0, 200.0, 200.0, 200.0, 200.0, 200.0, 200.0, 200.0, 200.0, 200.0, 200.0, 200.0, 200.0, 200.0, 200.0]",1,4365.58,101.653,-0.356621,-0.24608,0.115,"[13.648, 14.0317, 15.8355, 20.5744, 35.0499, 71.5707, 153.718, 200.0, 34.3946, 18.3562, 11.6498, 7.69455, 5.50192, 4.22451, 2.88186, 2.00871, 1.61894, 1.43481, 1.37032]",-0.817473,"[86.197, 84.3796, 88.341, 87.851]",0.343426
1.0,-0.0447124,0.0,0.0,13.09,0.0,2041.87,84.3146,93.9164,4,"[200.0, 200.0, 200.0, 200.0, 200.0, 200.0, 200.0, 200.0, 200.0, 200.0, 200.0, 200.0, 200.0, 200.0, 200.0, 200.0, 200.0, 200.0, 200.0, 200.0, 200.0, 200.0, 200.0, 200.0, 200.0, 200.0, 200.0, 200.0, 200.0, 200.0, 200.0, 200.0, 200.0, 200.0, 200.0, 200.0]",1,4349.03,101.912,-0.392167,-0.284908,0.114,"[13.6247, 14.0098, 15.8131, 20.5492, 34.6819, 69.2918, 142.078, 200.0, 35.8366, 18.4691, 11.7392, 7.77934, 5.57387, 4.28466, 2.92617, 2.04097, 1.64546, 1.45861, 1.39324]",-0.814417,"[86.3983, 84.6224, 88.5626, 87.3461]",0.340467
1.0,-0.044308,0.0,0.0,13.11,0.0,2042.4,84.8357,93.916,4,"[200.0, 200.0, 200.0, 200.0, 200.0, 200.0, 200.0, 200.0, 200.0, 200.0, 200.0, 200.0, 200.0, 200.0, 200.0, 200.0, 200.0, 200.0, 200.0, 200.0, 200.0, 200.0, 200.0, 200.0, 200.0, 200.0, 200.0, 200.0, 200.0, 200.0, 200.0, 200.0, 200.0, 200.0, 200.0, 200.0]",1,4389.57,102.137,-0.361785,-0.204479,0.114,"[13.6013, 13.9875, 15.7897, 20.5191, 34.3093, 67.1361, 132.067, 200.0, 37.6032, 18.625, 11.8326, 7.86648, 5.64724, 4.34582, 2.97107, 2.07358, 1.67223, 1.48259, 1.41632]",-0.811339,"[86.653, 84.7721, 88.5573, 88.6402]",0.341472
1.0,-0.0441178,0.0,0.0,13.13,0.0,2042.92,85.358,93.9156,4,"[200.0, 200.0, 200.0, 200.0, 200.0, 200.0, 200.0, 200.0, 200.0, 200.0, 200.0, 200.0, 200.0, 200.0, 200.0, 200.0, 200.0, 200.0, 200.0, 200.0, 200.0, 200.0, 200.0, 200.0, 200.0, 200.0, 200.0, 200.0, 200.0, 200.0, 200.0, 200.0, 200.0, 200.0, 200.0, 200.0]",1,4373.12,102.399,-0.47173,-0.282948,0.113,"[13.5788, 13.965, 15.7649, 20.4785, 33.9224, 65.0485, 123.19, 200.0, 39.8488, 18.8407, 11.9343, 7.95696, 5.72179, 4.4072, 3.01555, 2.10558, 1.69836, 1.50591, 1.4387]",-0.808358,"[86.8138, 85.0352, 89.5935, 87.2511]",0.340023
1.0,-0.0438193,0.0,0.0,13.15,0.0,2043.44,85.8818,93.9152,4,"[200.0, 200.0, 200.0, 200.0, 200.0, 200.0, 200.0, 200.0, 200.0, 200.0, 200.0, 200.0, 200.0, 200.0, 200.0, 200.0, 200.0, 200.0, 200.0, 200.0, 200.0, 200.0, 200.0, 200.0, 200.0, 200.0, 200.0, 200.0, 200.0, 200.0, 200.0, 200.0, 200.0, 200.0, 200.0, 200.0]",1,4370.41,102.651,-0.465428,-0.20758,0.113,"[13.5562, 13.9431, 15.7413, 20.4356, 33.5486, 63.1287, 115.614, 200.0, 42.5622, 19.0912, 12.0285, 8.04305, 5.79385, 4.46703, 3.0593, 2.13727, 1.72433, 1.52914, 1.46103]",-0.80538,"[87.0965, 85.1423, 89.2958, 87.5073]",0.341099
1.0,-0.043289,0.0,0.0,13.17,0.0,2043.97,86.4071,93.9149,4,"[200.0, 200.0, 200.0, 200.0, 200.0, 200.0, 200.0, 200.0, 200.0, 200.0, 200.0, 200.0, 200.0, 200.0, 200.0, 200.0, 200.0, 200.0, 200.0, 200.0, 200.0, 200.0, 200.0, 200.0, 200.0, 200.0, 200.0, 200.0, 200.0, 200.0, 200.0, 200.0, 200.0, 200.0, 200.0, 200.0]",1,4519.92,102.807,-0.528674,-0.293451,0.112,"[13.5339, 13.9224, 15.7207, 20.3945, 33.1987, 61.3965, 109.195, 200.0, 45.7941, 19.3629, 12.1059, 8.11888, 5.85948, 4.52265, 3.10081, 2.16777, 1.74952, 1.55181, 1.48291]",-0.802461,"[87.1776, 85.4158, 89.9762, 92.2649]",0.340276
1.0,-0.0430577,0.0,0.0,13.19,0.0,2044.49,86.9337,93.9145,4,"[200.0, 200.0, 200.0, 200.0, 200.0, 200.0, 200.0, 200.0, 200.0, 200.0, 200.0, 200.0, 200.0, 200.0, 200.0, 200.0, 200.0, 200.0, 200.0, 200.0, 200.0, 200.0, 200.0, 200.0, 200.0, 200.0, 200.0, 200.0, 200.0, 200.0, 200.0, 200.0, 200.0, 200.0, 200.0, 200.0]",1,4394.64,103.14,-0.534328,-0.200494,0.112,"[13.5122, 13.9011, 15.6974, 20.3406, 32.8267, 59.6744, 103.229, 200.0, 50.1691, 19.73, 12.1981, 8.20234, 5.9291, 4.58038, 3.14303, 2.1983, 1.77451, 1.57416, 1.50439]",-0.799598,"[87.4834, 85.5548, 89.4667, 88.2408]",0.340382
1.0,-0.0426887,0.0,0.0,13.21,0.0,2045.02,87.4617,93.9141,4,"[200.0, 200.0, 200.0, 200.0, 200.0, 200.0, 200.0, 200.0, 200.0, 200.0, 200.0, 200.0, 200.0, 200.0, 200.0, 200.0, 200.0, 200.0, 200.0, 200.0, 200.0, 200.0, 200.0, 200.0, 200.0, 200.0, 200.0, 200.0, 200.0, 200.0, 200.0, 200.0, 200.0, 200.0, 200.0, 200.0]",1,4489.66,103.326,-0.638251,-0.297626,0.111,"[13.4908, 13.8806, 15.6759, 20.2858, 32.4695, 58.0862, 98.0211, 200.0, 55.7877, 20.1471, 12.2798, 8.27926, 5.99461, 4.63538, 3.18374, 2.22803, 1.79897, 1.59611, 1.52552]",-0.796778,"[87.5931, 85.7729, 90.8748, 91.0272]",0.34082
1.0,-0.0423377,0.0,0.0,13.23,0.0,2045.55,87.9912,93.9137,4,"[200.0, 200.0, 200.0, 200.0, 200.0, 200.0, 200.0, 200.0, 200.0, 200.0, 200.0, 200.0, 200.0, 200.0, 200.0, 200.0, 200.0, 200.0, 200.0, 200.0, 200.0, 200.0, 200.0, 200.0, 200.0, 200.0, 200.0, 200.0, 200.0, 200.0, 200.0, 200.0, 200.0, 200.0, 200.0, 200.0]",1,4416.47,103.632,-0.586954,-0.185419,0.111,"[13.4697, 13.8603, 15.6546, 20.2259, 32.1134, 56.5757, 93.3221, 200.0, 63.4785, 20.6464, 12.3604, 8.35494, 6.05902, 4.68955, 3.22383, 2.25731, 1.82307, 1.61773, 1.54636]",-0.794,"[87.8972, 86.0255, 89.3788, 88.9739]",0.339396
1.0,-0.0419076,0.0,0.0,13.25,0.0,2046.08,88.522,93.9133,4,"[200.0, 200.0, 200.0, 200.0, 200.0, 200.0, 200.0, 200.0, 200.0, 200.0, 200.0, 200.0, 200.0, 200.0, 200.0, 200.0, 200.0, 200.0, 200.0, 200.0, 200.0, 200.0, 200.0, 200.0, 200.0, 200.0, 200.0, 200.0, 200.0, 200.0, 200.0, 200.0, 200.0, 200.0, 200.0, 200.0]",1,4476.74,103.842,-0.71268,-0.303456,0.111,"[13.4488, 13.8407, 15.6345, 20.1636, 31.7661, 55.1603, 89.1212, 200.0, 74.3471, 21.2262, 12.4339, 8.42596, 6.12044, 4.74159, 3.26272, 2.28589, 1.84668, 1.63896, 1.56686]",-0.791266,"[88.057, 86.1997, 91.6474, 89.6596]",0.341629
1.0,-0.0412763,0.0,0.0,13.27,0.0,2046.61,89.0543,93.913,4,"[200.0, 200.0, 200.0, 200.0, 200.0, 200.0, 200.0, 200.0, 200.0, 200.0, 200.0, 200.0, 200.0, 200.0, 200.0, 200.0, 200.0, 200.0, 200.0, 200.0, 200.0, 200.0, 200.0, 200.0, 200.0, 200.0, 200.0, 200.0, 200.0, 200.0, 200.0, 200.0, 200.0, 200.0, 200.0, 200.0]",1,4458.99,104.108,-0.59059,-0.149047,0.111,"[13.4283, 13.8223, 15.6172, 20.1021, 31.4355, 53.8572, 85.4093, 200.0, 90.3945, 21.8769, 12.4984, 8.48772, 6.17597, 4.78967, 3.29948, 2.31332, 1.86952, 1.65962, 1.58688]",-0.788592,"[88.3464, 86.4801, 89.9614, 89.875]",0.33827
1.0,-0.0411003,0.0,0.0,13.29,0.0,2047.15,89.5879,93.9126,4,"[200.0, 200.0, 200.0, 200.0, 200.0, 200.0, 200.0, 200.0, 200.0, 200.0, 200.0, 200.0, 200.0, 200.0, 200.0, 200.0, 200.0, 200.0, 200.0, 200.0, 200.0, 200.0, 200.0, 200.0, 200.0, 200.0, 200.0, 200.0, 200.0, 200.0, 200.0, 200.0, 200.0, 200.0, 200.0, 200.0]",1,4475.24,104.35,-0.739143,-0.288009,0.11,"[13.4081, 13.8022, 15.5949, 20.0242, 31.0734, 52.5122, 81.759, 187.763, 120.124, 22.75, 12.6179, 8.56461, 6.24032, 4.84324, 3.33876, 2.3418, 1.89285, 1.6805, 1.60694]",-0.785918,"[88.417, 86.6194, 92.1811, 88.9273]",0.340908
1.0,-0.0407379,0.0,0.0,13.31,0.0,2047.68,90.123,93.9122,4,"[200.0, 200.0, 200.0, 200.0, 200.0, 200.0, 200.0, 200.0, 200.0, 200.0, 200.0, 200.0, 200.0, 200.0, 200.0, 200.0, 200.0, 200.0, 200.0, 200.0, 200.0, 200.0, 200.0, 200.0, 200.0, 200.0, 200.0, 200.0, 200.0, 200.0, 200.0, 200.0, 200.0, 200.0, 200.0, 200.0]",1,4499.64,104.58,-0.60477,-0.0880594,0.11,"[13.3882, 13.7832, 15.5751, 19.9468, 30.7268, 51.2665, 78.5019, 170.235, 182.168, 23.7534, 12.757, 8.63326, 6.29948, 4.89333, 3.37621, 2.36932, 1.91557, 1.70091, 1.62665]",-0.783291,"[88.8134, 86.8538, 91.1026, 90.5574]",0.3383
1.0,-0.0390747,0.0,0.0,13.33,0.0,2048.22,90.6595,93.9118,4,"[200.0, 200.0, 200.0, 200.0, 200.0, 200.0, 200.0, 200.0, 200.0, 200.0, 200.0, 200.0, 200.0, 200.0, 200.0, 200.0, 200.0, 200.0, 200.0, 200.0, 200.0, 200.0, 200.0, 200.0, 200.0, 200.0, 200.0, 200.0, 200.0, 200.0, 200.0, 200.0, 200.0, 200.0, 200.0, 200.0]",1,4543.76,104.814,-1.1584,-0.294873,-0.8,"[13.3686, 13.7704, 15.5706, 19.8979, 30.4707, 50.3276, 76.0822, 158.291, 200.0, 24.6089, 12.8344, 8.6514, 6.32769, 4.92326, 3.40337, 2.39177, 1.93526, 1.71934, 1.645]",-0.78083,"[88.7021, 87.1505, 93.7092, 89.528]",0.341467
1.0,-0.0296505,0.0,0.0,13.35,0.0,2048.76,91.1974,93.9114,4,"[200.0, 200.0, 200.0, 200.0, 200.0, 200.0, 200.0, 200.0, 200.0, 200.0, 200.0, 200.0, 200.0, 200.0, 200.0, 200.0, 200.0, 200.0, 200.0, 200.0, 200.0, 200.0, 200.0, 200.0, 200.0, 200.0, 200.0, 200.0, 200.0, 200.0, 200.0, 200.0, 200.0, 200.0, 200.0, 200.0]",1,4462.71,105.018,-1.85346,-0.111194,-0.8,"[13.3517, 13.7953, 15.6587, 20.0401, 30.7408, 50.9211, 77.2604, 162.608, 200.0, 23.4996, 12.3641, 8.38283, 6.1797, 4.83801, 3.3717, 2.38538, 1.9378, 1.72664, 1.65612]",-0.779279,"[86.7953, 87.6264, 89.7418, 90.8646]",0.336592
1.0,-0.0142382,0.0,0.0,13.37,0.0,2049.3,91.7365,93.911,4,"[200.0, 200.0, 200.0, 200.0, 200.0, 200.0, 200.0, 200.0, 200.0, 200.0, 200.0, 200.0, 200.0, 200.0, 200.0, 200.0, 200.0, 200.0, 200.0, 200.0, 200.0, 200.0, 200.0, 200.0, 200.0, 200.0, 200.0, 200.0, 200.0, 200.0, 200.0, 200.0, 200.0, 200.0, 200.0, 200.0]",1,4518.69,105.181,-1.57213,-0.200682,0.11,"[13.3426, 13.8556, 15.8273, 20.337, 31.4365, 52.7661, 81.4262, 181.255, 132.412, 21.108, 11.5157, 7.91847, 5.90616, 4.66701, 3.29296, 2.35399, 1.92448, 1.72285, 1.65921]",-0.778794,"[86.8804, 89.2461, 91.0344, 91.2545]",0.341907
1.0,0.00257223,0.0,0.0,13.39,0.0,2049.84,92.2765,93.9107,4,"[200.0, 200.0, 200.0, 200.0, 200.0, 200.0, 200.0, 200.0, 200.0, 200.0, 200.0, 200.0, 200.0, 200.0, 200.0, 200.0, 200.0, 200.0, 200.0, 200.0, 200.0, 200.0, 200.0, 200.0, 200.0, 200.0, 200.0, 200.0, 200.0, 200.0, 200.0, 200.0, 200.0, 200.0, 200.0, 200.0]",1,4485.21,105.464,-0.640137,-0.0757096,0.109,"[13.3439, 13.9341, 16.0196, 20.6801, 32.2661, 55.0557, 86.8291, 200.0, 82.6685, 18.7959, 10.6491, 7.4348, 5.6126, 4.47715, 3.19927, 2.31194, 1.90285, 1.7121, 1.65615]",-0.779181,"[87.3451, 89.5517, 89.5744, 91.9575]",0.336238
1.0,0.0146171,0.0,0.0,13.41,0.0,2050.38,92.8177,93.9103,4,"[200.0, 200.0, 200.0, 200.0, 200.0, 200.0, 200.0, 200.0, 200.0, 200.0, 200.0, 200.0, 200.0, 200.0, 200.0, 200.0, 200.0, 200.0, 200.0, 200.0, 200.0, 200.0, 200.0, 200.0, 200.0, 200.0, 200.0, 200.0, 200.0, 200.0, 200.0, 200.0, 200.0, 200.0, 200.0, 200.0]",1,4543.25,105.686,0.138154,-0.134505,0.109,"[13.3518, 13.9983, 16.1564, 20.9035, 32.7624, 56.3588, 89.8749, 200.0, 68.4691, 17.5212, 10.09, 7.10223, 5.40563, 4.33972, 3.12788, 2.27731, 1.88319, 1.70047, 1.65007]",-0.780013,"[88.2136, 89.1051, 91.5955, 91.7153]",0.342029
1.0,0.0219166,0.0,0.0,13.43,0.0,2050.92,93.3602,93.9099,4,"[200.0, 200.0, 200.0, 200.0, 200.0, 200.0, 200.0, 200.0, 200.0, 200.0, 200.0, 200.0, 200.0, 200.0, 200.0, 200.0, 200.0, 200.0, 200.0, 200.0, 200.0, 200.0, 200.0, 200.0, 200.0, 200.0, 200.0, 200.0, 200.0, 200.0, 200.0, 200.0, 200.0, 200.0, 200.0, 200.0]",1,4517.14,105.955,0.618012,-0.0657402,0.109,"[13.3623, 14.0436, 16.2336, 20.9984, 32.8956, 56.5395, 90.0568, 200.0, 67.2647, 17.0196, 9.78497, 6.89563, 5.27309, 4.24883, 3.07769, 2.25062, 1.86633, 1.68887, 1.64194]",-0.781127,"[89.09, 88.7187, 91.2493, 91.1674]",0.33715
1.0,0.0263068,0.0,0.0,13.45,0.0,2051.46,93.9042,93.9095,4,"[200.0, 200.0, 200.0, 200.0, 200.0, 200.0, 200.0, 200.0, 200.0, 200.0, 200.0, 200.0, 200.0, 200.0, 200.0, 200.0, 200.0, 200.0, 200.0, 200.0, 200.0, 200.0, 200.0, 200.0, 200.0, 200.0, 200.0, 200.0, 200.0, 200.0, 200.0, 200.0, 200.0, 200.0, 200.0, 200.0]",1,4561.47,106.189,0.588386,-0.153832,0.109,"[13.3751, 14.0778, 16.2732, 21.0128, 32.8017, 56.0205, 88.4591, 200.0, 73.492, 16.9542, 9.62378, 6.75436, 5.17836, 4.18108, 3.03722, 2.22669, 1.84953, 1.6758, 1.63108]",-0.782596,"[89.5921, 88.678, 92.7952, 91.3632]",0.341486
1.0,0.0289723,0.0,0.0,13.47,0.0,2052.01,94.4489,93.9091,4,"[200.0, 200.0, 200.0, 200.0, 200.0, 200.0, 200.0, 200.0, 200.0, 200.0, 200.0, 200.0, 200.0, 200.0, 200.0, 200.0, 200.0, 200.0, 200.0, 200.0, 200.0, 200.0, 200.0, 200.0, 200.0, 200.0, 200.0, 200.0, 200.0, 200.0, 200.0, 200.0, 200.0, 200.0, 200.0, 200.0]",1,4551.25,106.453,0.538011,-0.0515022,0.109,"[13.3898, 14.106, 16.2895, 20.9785, 32.5756, 55.1145, 85.9419, 198.454, 88.432, 17.1739, 9.55066, 6.64964, 5.10229, 4.12423, 3.00066, 2.20313, 1.83174, 1.66094, 1.61773]",-0.784391,"[90.1451, 88.6756, 91.805, 92.1166]",0.338623
1.0,0.030534,0.0,0.0,13.49,0.0,2052.55,94.9948,93.9088,4,"[200.0, 200.0, 200.0, 200.0, 200.0, 200.0, 200.0, 200.0, 200.0, 200.0, 200.0, 200.0, 200.0, 200.0, 200.0, 200.0, 200.0, 200.0, 200.0, 200.0, 200.0, 200.0, 200.0, 200.0, 200.0, 200.0, 200.0, 200.0, 200.0, 200.0, 200.0, 200.0, 200.0, 200.0, 200.0, 200.0]",1,4598.75,106.687,0.306804,-0.125958,0.11,"[13.406, 14.1307, 16.2897, 20.9124, 32.2685, 53.9957, 82.9912, 182.24, 121.763, 17.631, 9.54272, 6.576, 5.03648, 4.07304, 2.96574, 2.1792, 1.81281, 1.64449, 1.60236]",-0.786449,"[90.3422, 88.7965, 94.4705, 91.4619]",0.341984
1.0,0.0314929,0.0,0.0,13.51,0.0,2053.1,95.5419,93.9084,4,"[200.0, 200.0, 200.0, 200.0, 200.0, 200.0, 200.0, 200.0, 200.0, 200.0, 200.0, 200.0, 200.0, 200.0, 200.0, 200.0, 200.0, 200.0, 200.0, 200.0, 200.0, 200.0, 200.0, 200.0, 200.0, 200.0, 200.0, 200.0, 200.0, 200.0, 200.0, 200.0, 200.0, 200.0, 200.0, 200.0]",1,4584.34,106.958,0.166884,-0.0156898,0.11,"[13.4239, 14.1542, 16.2803, 20.8285, 31.9216, 52.7966, 79.9526, 167.252, 200.0, 18.2924, 9.58047, 6.52332, 4.97345, 4.02266, 2.93005, 2.15383, 1.79225, 1.62625, 1.58498]",-0.788773,"[90.7106, 88.9253, 92.5685, 92.668]",0.337946
1.0,0.032212,0.0,0.0,13.53,0.0,2053.65,96.0902,93.908,4,"[200.0, 200.0, 200.0, 200.0, 200.0, 200.0, 200.0, 200.0, 200.0, 200.0, 200.0, 200.0, 200.0, 200.0, 200.0, 200.0, 200.0, 200.0, 200.0, 200.0, 200.0, 200.0, 200.0, 200.0, 200.0, 200.0, 200.0, 200.0, 200.0, 200.0, 200.0, 200.0, 200.0, 200.0, 200.0, 200.0]",1,4645.55,107.186,-0.0734596,-0.12579,0.111,"[13.4432, 14.175, 16.2651, 20.7358, 31.5618, 51.6003, 77.0258, 154.159, 200.0, 19.1473, 9.6531, 6.48625, 4.91213, 3.97093, 2.8928, 2.12695, 1.77024, 1.60658, 1.56609]",-0.791294,"[90.9297, 89.087, 94.9435, 92.2482]",0.340896
1.0,0.0327031,0.0,0.0,13.55,0.0,2054.2,96.6398,93.9076,4,"[200.0, 200.0, 200.0, 200.0, 200.0, 200.0, 200.0, 200.0, 200.0, 200.0, 200.0, 200.0, 200.0, 200.0, 200.0, 200.0, 200.0, 200.0, 200.0, 200.0, 200.0, 200.0, 200.0, 200.0, 200.0, 200.0, 200.0, 200.0, 200.0, 200.0, 200.0, 200.0, 200.0, 200.0, 200.0, 200.0]",1,4620.92,107.456,-0.194518,-0.0209328,0.112,"[13.4639, 14.192, 16.2445, 20.6352, 31.1914, 50.4124, 74.2147, 142.655, 200.0, 20.2513, 9.76439, 6.4655, 4.86041, 3.91754, 2.85378, 2.09845, 1.74672, 1.58542, 1.54564]",-0.794023,"[91.1514, 89.3247, 93.3731, 93.2275]",0.338807
1.0,0.033292,0.0,0.0,13.57,0.0,2054.75,97.1901,93.9072,4,"[200.0, 200.0, 200.0, 200.0, 200.0, 200.0, 200.0, 200.0, 200.0, 200.0, 200.0, 200.0, 200.0, 200.0, 200.0, 200.0, 200.0, 200.0, 200.0, 200.0, 200.0, 200.0, 200.0, 200.0, 200.0, 200.0, 200.0, 200.0, 200.0, 200.0, 200.0, 200.0, 200.0, 200.0, 200.0, 200.0]",1,4638.37,107.71,-0.366546,-0.0586079,0.112,"[13.4858, 14.2062, 16.2215, 20.5338, 30.831, 49.2903, 71.6363, 132.898, 200.0, 21.602, 9.90358, 6.45633, 4.81647, 3.86436, 2.8125, 2.06839, 1.72195, 1.56315, 1.52415]",-0.79689,"[91.3396, 89.4032, 95.2253, 91.8197]",0.33977
1.0,0.0339729,0.0,0.0,13.59,0.0,2055.3,97.7416,93.9068,4,"[200.0, 200.0, 200.0, 200.0, 200.0, 200.0, 200.0, 200.0, 200.0, 200.0, 200.0, 200.0, 200.0, 200.0, 200.0, 200.0, 200.0, 200.0, 200.0, 200.0, 200.0, 200.0, 200.0, 200.0, 200.0, 200.0, 200.0, 200.0, 200.0, 200.0, 200.0, 200.0, 200.0, 200.0, 200.0, 200.0]",1,4696.36,107.924,-0.42512,0.00196249,0.112,"[13.5088, 14.2179, 16.1963, 20.4318, 30.4797, 48.2272, 69.2601, 124.509, 200.0, 23.2762, 10.0743, 6.45961, 4.78068, 3.81752, 2.7688, 2.03662, 1.6958, 1.53967, 1.50152]",-0.799911,"[91.5187, 89.6507, 93.9482, 95.6283]",0.339585
1.0,0.0347092,0.0,0.0,13.61,0.0,2055.85,98.2943,93.9065,4,"[200.0, 200.0, 200.0, 200.0, 200.0, 200.0, 200.0, 200.0, 200.0, 200.0, 200.0, 200.0, 200.0, 200.0, 200.0, 200.0, 200.0, 200.0, 200.0, 200.0, 200.0, 200.0, 200.0, 200.0, 200.0, 200.0, 200.0, 200.0, 200.0, 200.0, 200.0, 200.0, 200.0, 200.0, 200.0, 200.0]",1,4668.11,108.203,-0.570112,-0.0548855,0.112,"[13.5329, 14.2265, 16.1681, 20.3278, 30.1341, 47.2113, 67.0485, 117.175, 200.0, 25.4056, 10.2849, 6.47844, 4.75484, 3.77836, 2.72532, 2.00351, 1.66855, 1.5152, 1.47792]",-0.80306,"[91.6967, 89.7367, 96.1575, 92.6185]",0.339788
1.0,0.035247,0.0,0.0,13.63,0.0,2056.41,98.848,93.906,4,"[200.0, 200.0, 200.0, 200.0, 200.0, 200.0, 200.0, 200.0, 200.0, 200.0, 200.0, 200.0, 200.0, 200.0, 200.0, 200.0, 200.0, 200.0, 200.0, 200.0, 200.0, 200.0, 200.0, 200.0, 200.0, 200.0, 200.0, 200.0, 200.0, 200.0, 200.0, 200.0, 200.0, 200.0, 200.0, 200.0]",1,4699.81,108.432,-0.598636,-0.00791177,0.112,"[13.5578, 14.2308, 16.1343, 20.2161, 29.7793, 46.2005, 64.9064, 110.478, 200.0, 28.3103, 10.5605, 6.52136, 4.74329, 3.7495, 2.68847, 1.96949, 1.64038, 1.4898, 1.45334]",-0.80634,"[91.9571, 89.9847, 94.428, 95.8832]",0.339175
1.0,0.035772,0.0,0.0,13.65,0.0,2056.96,99.4027,93.9057,4,"[200.0, 200.0, 200.0, 200.0, 200.0, 200.0, 200.0, 200.0, 200.0, 200.0, 200.0, 200.0, 200.0, 200.0, 200.0, 200.0, 200.0, 200.0, 200.0, 200.0, 200.0, 200.0, 200.0, 200.0, 200.0, 200.0, 200.0, 200.0, 200.0, 200.0, 200.0, 200.0, 200.0, 200.0, 200.0, 200.0]",1,4670.04,108.711,-0.705914,-0.048291,0.113,"[13.5834, 14.2315, 16.0966, 20.1006, 29.4256, 45.2217, 62.8833, 104.486, 200.0, 32.2958, 10.9009, 6.58725, 4.74549, 3.73078, 2.65867, 1.93837, 1.61158, 1.46375, 1.42812]",-0.809705,"[92.1754, 90.261, 95.3895, 93.6066]",0.34109
1.0,0.0361587,0.0,0.0,13.67,0.0,2057.52,99.9584,93.9052,4,"[200.0, 200.0, 200.0, 200.0, 200.0, 200.0, 200.0, 200.0, 200.0, 200.0, 200.0, 200.0, 200.0, 200.0, 200.0, 200.0, 200.0, 200.0, 200.0, 200.0, 200.0, 200.0, 200.0, 200.0, 200.0, 200.0, 200.0, 200.0, 200.0, 200.0, 200.0, 200.0, 200.0, 200.0, 200.0, 200.0]",1,4678.64,108.957,-0.757076,-0.0101664,0.113,"[13.6082, 14.2284, 16.0541, 19.9793, 29.067, 44.2573, 60.9376, 99.0056, 200.0, 38.1399, 11.3266, 6.68075, 4.76325, 3.72301, 2.63605, 1.91235, 1.58518, 1.43724, 1.40188]",-0.813203,"[92.4091, 90.3854, 95.7038, 93.9929]",0.337886
1.0,0.0308382,0.0,0.0,13.69,0.0,0.562492,100.562,93.9048,4,"[200.0, 200.0, 200.0, 200.0, 200.0, 200.0, 200.0, 200.0, 200.0, 200.0, 200.0, 200.0, 200.0, 200.0, 200.0, 200.0, 200.0, 200.0, 200.0, 200.0, 200.0, 200.0, 200.0, 200.0, 200.0, 200.0, 200.0, 200.0, 200.0, 200.0, 200.0, 200.0, 200.0, 200.0, 200.0, 200.0]",1,4689.45,109.228,-1.22833,-0.128961,-0.8,"[13.6325, 14.231, 16.0269, 19.8929, 28.804, 43.5498, 59.5248, 95.1532, 200.0, 44.5619, 11.6608, 6.73754, 4.76288, 3.70516, 2.60984, 1.88586, 1.55953, 1.41147, 1.37464]",-0.816801,"[92.1551, 90.6243, 94.3127, 94.9727]",0.340502
1.0,0.0319048,0.0,0.0,13.71,0.0,1.16915,101.168,93.9044,4,"[200.0, 200.0, 200.0, 200.0, 200.0, 200.0, 200.0, 200.0, 200.0, 200.0, 200.0, 200.0, 200.0, 200.0, 200.0, 200.0, 200.0, 200.0, 200.0, 200.0, 200.0, 200.0, 200.0, 200.0, 200.0, 200.0, 200.0, 200.0, 200.0, 200.0, 200.0, 200.0, 200.0, 200.0, 200.0, 200.0]",1,4691.45,109.393,-1.91251,-0.0166285,-0.8,"[13.6609, 14.2648, 16.0704, 19.9564, 28.9205, 43.7808, 59.9186, 96.0565, 200.0, 42.1966, 11.3219, 6.5669, 4.64957, 3.62014, 2.55237, 1.84566, 1.52694, 1.38242, 1.34673]",-0.820527,"[90.8167, 91.1956, 94.8998, 94.1982]",0.336726
1.0,0.0395029,0.0,0.0,13.73,0.0,1.77673,101.776,93.9039,4,"[200.0, 200.0, 200.0, 200.0, 200.0, 200.0, 200.0, 200.0, 200.0, 200.0, 200.0, 200.0, 200.0, 200.0, 200.0, 200.0, 200.0, 200.0, 200.0, 200.0, 200.0, 200.0, 200.0, 200.0, 200.0, 200.0, 200.0, 200.0, 200.0, 200.0, 200.0, 200.0, 200.0, 200.0, 200.0, 200.0]",1,4695.39,109.528,-1.82372,-0.0426413,-0.8,"[13.6959, 14.3308, 16.1839, 20.1659, 29.4047, 44.9221, 62.0727, 101.658, 200.0, 33.293, 10.3997, 6.19019, 4.43056, 3.47045, 2.4631, 1.79015, 1.48552, 1.348, 1.31586]",-0.824689,"[89.0198, 91.0524, 94.0676, 95.5944]",0.341958
1.0,0.0531172,0.0,0.0,13.75,0.0,2.38427,102.383,93.9035,4,"[200.0, 200.0, 200.0, 200.0, 200.0, 200.0, 200.0, 200.0, 200.0, 200.0, 200.0, 200.0, 200.0, 200.0, 200.0, 200.0, 200.0, 200.0, 200.0, 200.0, 200.0, 200.0, 200.0, 200.0, 200.0, 200.0, 200.0, 200.0, 200.0, 200.0, 200.0, 200.0, 200.0, 200.0, 200.0, 200.0]",1,4693.72,109.631,-1.39068,-0.0544419,0.115,"[13.7416, 14.4319, 16.3699, 20.5248, 30.2708, 47.0507, 66.2362, 113.297, 200.0, 24.0672, 9.13203, 5.6617, 4.12537, 3.26441, 2.34337, 1.71825, 1.43353, 1.30612, 1.27959]",-0.829629,"[88.7994, 92.6187, 94.0903, 95.2686]",0.336444
1.0,0.0682174,0.0,0.0,13.77,0.0,2.99232,102.991,93.903,4,"[200.0, 200.0, 200.0, 200.0, 200.0, 200.0, 200.0, 200.0, 200.0, 200.0, 200.0, 200.0, 200.0, 200.0, 200.0, 200.0, 200.0, 200.0, 200.0, 200.0, 200.0, 200.0, 200.0, 200.0, 200.0, 200.0, 200.0, 200.0, 200.0, 200.0, 200.0, 200.0, 200.0, 200.0, 200.0, 200.0]",1,4743.2,109.789,-0.639744,0.0124039,0.116,"[13.7964, 14.5494, 16.5849, 20.9418, 31.2963, 49.6599, 71.5491, 129.711, 200.0, 18.1286, 7.97973, 5.14087, 3.81328, 3.04908, 2.21508, 1.63963, 1.37595, 1.25925, 1.23861]",-0.835236,"[90.2454, 94.2848, 93.4963, 97.9888]",0.338754
1.0,0.0800838,0.0,0.0,13.79,0.0,3.6016,103.601,93.9026,4,"[200.0, 200.0, 200.0, 200.0, 200.0, 200.0, 200.0, 200.0, 200.0, 200.0, 200.0, 200.0, 200.0, 200.0, 200.0, 200.0, 200.0, 200.0, 200.0, 200.0, 200.0, 200.0, 200.0, 200.0, 200.0, 200.0, 200.0, 200.0, 200.0, 200.0, 200.0, 200.0, 200.0, 200.0, 200.0, 200.0]",1,4715.49,110.09,0.633705,0.0378803,0.117,"[13.8533, 14.6572, 16.7736, 21.301, 32.1798, 51.962, 76.4117, 146.422, 200.0, 14.8891, 7.15074, 4.72895, 3.55275, 2.86255, 2.0982, 1.56434, 1.31869, 1.21104, 1.19493]",-0.841186,"[90.4948, 93.5875, 94.8291, 95.6767]",0.340773
1.0,0.0846721,0.0,0.0,13.81,0.0,4.21227,104.211,93.9021,4,"[200.0, 200.0, 200.0, 200.0, 200.0, 200.0, 200.0, 200.0, 200.0, 200.0, 200.0, 200.0, 200.0, 200.0, 200.0, 200.0, 200.0, 200.0, 200.0, 200.0, 200.0, 200.0, 200.0, 200.0, 200.0, 200.0, 200.0, 200.0, 200.0, 200.0, 200.0, 200.0, 200.0, 200.0, 200.0, 200.0]",1,4727.72,110.319,1.50406,0.045335,0.118,"[13.903, 14.7284, 16.881, 21.4853, 32.5981, 53.0114, 78.6207, 154.37, 200.0, 13.5607, 6.70302, 4.47438, 3.37721, 2.72884, 2.00689, 1.50036, 1.26693, 1.16507, 1.15096]",-0.847088,"[92.1701, 92.8517, 95.8339, 95.4361]",0.336182
1.0,0.083438,0.0,0.0,13.83,0.0,4.82454,104.824,93.9016,4,"[200.0, 200.0, 200.0, 200.0, 200.0, 200.0, 200.0, 200.0, 200.0, 200.0, 200.0, 200.0, 200.0, 200.0, 200.0, 200.0, 200.0, 200.0, 200.0, 200.0, 200.0, 200.0, 200.0, 200.0, 200.0, 200.0, 200.0, 200.0, 200.0, 200.0, 200.0, 200.0, 200.0, 200.0, 200.0, 200.0]",1,4739.74,110.571,1.48664,0.0494666,0.119,"[13.945, 14.7679, 16.9192, 21.521, 32.6143, 52.9359, 78.3266, 152.761, 200.0, 13.241, 6.49603, 4.32552, 3.26081, 2.63279, 1.93453, 1.4452, 1.21979, 1.12131, 1.10738]",-0.852863,"[93.3863, 92.6216, 95.8617, 95.4995]",0.341136
1.0,0.0789677,0.0,0.0,13.85,0.0,5.4382,105.437,93.9012,4,"[200.0, 200.0, 200.0, 200.0, 200.0, 200.0, 200.0, 200.0, 200.0, 200.0, 200.0, 200.0, 200.0, 200.0, 200.0, 200.0, 200.0, 200.0, 200.0, 200.0, 200.0, 200.0, 200.0, 200.0, 200.0, 200.0, 200.0, 200.0, 200.0, 200.0, 200.0, 200.0, 200.0, 200.0, 200.0, 200.0]",1,4728.32,110.853,1.3142,0.061738,0.12,"[13.9824, 14.7892, 16.9184, 21.4733, 32.4065, 52.2394, 76.665, 146.079, 200.0, 13.4521, 6.41312, 4.23127, 3.17518, 2.55654, 1.87236, 1.39503, 1.17547, 1.07916, 1.06449]",-0.85851,"[93.5822, 92.4296, 95.436, 95.7664]",0.338976
1.0,0.0727318,0.0,0.0,13.87,0.0,6.0535,106.053,93.9007,4,"[200.0, 200.0, 200.0, 200.0, 200.0, 200.0, 200.0, 200.0, 200.0, 200.0, 200.0, 200.0, 200.0, 200.0, 200.0, 200.0, 200.0, 200.0, 200.0, 200.0, 200.0, 200.0, 200.0, 200.0, 200.0, 200.0, 200.0, 200.0, 200.0, 200.0, 200.0, 200.0, 200.0, 200.0, 200.0, 200.0]",1,4776.83,111.099,0.914935,0.0202971,0.12,"[14.0168, 14.8002, 16.896, 21.3806, 32.0823, 51.2397, 74.3829, 137.562, 200.0, 14.0399, 6.40392, 4.16849, 3.10743, 2.49206, 1.81665, 1.34843, 1.13352, 1.03876, 1.02295]",-0.863967,"[94.1331, 92.4386, 97.6514, 94.9698]",0.33958
1.0,0.0653475,0.0,0.0,13.89,0.0,6.67021,106.669,93.9003,4,"[200.0, 200.0, 200.0, 200.0, 200.0, 200.0, 200.0, 200.0, 200.0, 200.0, 200.0, 200.0, 200.0, 200.0, 200.0, 200.0, 200.0, 200.0, 200.0, 200.0, 200.0, 200.0, 200.0, 200.0, 200.0, 200.0, 200.0, 200.0, 200.0, 200.0, 200.0, 200.0, 200.0, 200.0, 200.0, 200.0]",1,4792.8,111.349,0.558063,0.0103834,0.121,"[14.0487, 14.8038, 16.859, 21.259, 31.6892, 50.0798, 71.8205, 128.649, 200.0, 15.0274, 6.45502, 4.13031, 3.05377, 2.4371, 1.76657, 1.30532, 1.0942, 1.00055, 0.983405]",-0.869159,"[94.5193, 92.5273, 97.0838, 97.1087]",0.339258
1.0,0.057294,0.0,0.0,13.91,0.0,7.28864,107.288,93.8998,4,"[200.0, 200.0, 200.0, 200.0, 200.0, 200.0, 200.0, 200.0, 200.0, 200.0, 200.0, 200.0, 200.0, 200.0, 200.0, 200.0, 200.0, 200.0, 200.0, 200.0, 200.0, 200.0, 200.0, 200.0, 200.0, 200.0, 200.0, 200.0, 200.0, 200.0, 200.0, 200.0, 200.0, 200.0, 200.0, 200.0]",1,4815.28,111.603,0.203368,-0.0162784,0.121,"[14.0778, 14.8019, 16.8124, 21.1205, 31.2614, 48.8606, 69.207, 120.156, 200.0, 16.5073, 6.56164, 4.11416, 3.01318, 2.39142, 1.72249, 1.26635, 1.05824, 0.96537, 0.946807]",-0.873966,"[94.7475, 92.6685, 98.5376, 96.5712]",0.341029
1.0,0.0488423,0.0,0.0,13.93,0.0,7.90858,107.908,93.8994,4,"[200.0, 200.0, 200.0, 200.0, 200.0, 200.0, 200.0, 200.0, 200.0, 200.0, 200.0, 200.0, 200.0, 200.0, 200.0, 200.0, 200.0, 200.0, 200.0, 200.0, 200.0, 200.0, 200.0, 200.0, 200.0, 200.0, 200.0, 200.0, 200.0, 200.0, 200.0, 200.0, 200.0, 200.0, 200.0, 200.0]",1,4765.87,111.909,-0.109169,0.0381267,0.122,"[14.1048, 14.7962, 16.7598, 20.9724, 30.8189, 47.6374, 66.6569, 112.38, 200.0, 18.6797, 6.72125, 4.11696, 2.98361, 2.3536, 1.68363, 1.23112, 1.0254, 0.933077, 0.913088]",-0.8784,"[94.9853, 92.9011, 97.9849, 94.6812]",0.34066
1.0,0.0404625,0.0,0.0,13.95,0.0,8.53017,108.529,93.8989,4,"[200.0, 200.0, 200.0, 200.0, 200.0, 200.0, 200.0, 200.0, 200.0, 200.0, 200.0, 200.0, 200.0, 200.0, 200.0, 200.0, 200.0, 200.0, 200.0, 200.0, 200.0, 200.0, 200.0, 200.0, 200.0, 200.0, 200.0, 200.0, 200.0, 200.0, 200.0, 200.0, 200.0, 200.0, 200.0, 200.0]",1,4885.32,112.104,-0.508085,-0.142364,0.122,"[14.1292, 14.7881, 16.7055, 20.8248, 30.3894, 46.4812, 64.3073, 105.616, 200.0, 21.8124, 6.92677, 4.13581, 2.96407, 2.32348, 1.65041, 1.20025, 0.99639, 0.904408, 0.883068]",-0.882354,"[95.1691, 92.9541, 97.5018, 99.3512]",0.339877
1.0,0.0321687,0.0,0.0,13.97,0.0,9.15334,109.152,93.8984,4,"[200.0, 200.0, 200.0, 200.0, 200.0, 200.0, 200.0, 200.0, 200.0, 200.0, 200.0, 200.0, 200.0, 200.0, 200.0, 200.0, 200.0, 200.0, 200.0, 200.0, 200.0, 200.0, 200.0, 200.0, 200.0, 200.0, 200.0, 200.0, 200.0, 200.0, 200.0, 200.0, 200.0, 200.0, 200.0, 200.0]",1,4839.79,112.389,-0.686604,-0.00782451,0.123,"[14.1512, 14.7778, 16.6497, 20.6782, 29.973, 45.3882, 62.1386, 99.6863, 200.0, 26.6184, 7.18524, 4.17151, 2.9547, 2.30101, 1.6227, 1.17361, 0.971045, 0.879209, 0.856574]",-0.885849,"[95.3578, 93.3082, 97.0116, 98.0404]",0.336967
1.0,0.0250752,0.0,0.0,13.99,0.0,9.77816,109.777,93.898,4,"[200.0, 200.0, 200.0, 200.0, 200.0, 200.0, 200.0, 200.0, 200.0, 200.0, 200.0, 200.0, 200.0, 200.0, 200.0, 200.0, 200.0, 200.0, 200.0, 200.0, 200.0, 200.0, 200.0, 200.0, 200.0, 200.0, 200.0, 200.0, 200.0, 200.0, 200.0, 200.0, 200.0, 200.0, 200.0, 200.0]",1,4836.18,112.647,-0.821818,-0.00201995,0.123,"[14.171, 14.7701, 16.6036, 20.5563, 29.629, 44.4995, 60.4065, 95.1398, 200.0, 33.2434, 7.43494, 4.20353, 2.94568, 2.2806, 1.5981, 1.15027, 0.949001, 0.85741, 0.83376]",-0.888867,"[95.3225, 93.7749, 98.1227, 97.2025]",0.341909
1.0,0.0177882,0.0,0.0,14.01,0.0,10.4044,110.404,93.8975,4,"[200.0, 200.0, 200.0, 200.0, 200.0, 200.0, 200.0, 200.0, 200.0, 200.0, 200.0, 200.0, 200.0, 200.0, 200.0, 200.0, 200.0, 200.0, 200.0, 200.0, 200.0, 200.0, 200.0, 200.0, 200.0, 200.0, 200.0, 200.0, 200.0, 200.0, 200.0, 200.0, 200.0, 200.0, 200.0, 200.0]",1,4813.14,112.922,-1.01072,-0.0765751,0.124,"[14.1874, 14.7582, 16.5522, 20.4274, 29.2768, 43.6128, 58.714, 90.8698, 200.0, 45.8128, 7.77107, 4.26335, 2.95292, 2.2719, 1.58131, 1.13246, 0.931531, 0.839764, 0.815016]",-0.891348,"[95.6662, 93.6976, 98.996, 95.9039]",0.336956
1.0,0.0114312,0.0,0.0,14.03,0.0,11.0322,111.031,93.8971,4,"[200.0, 200.0, 200.0, 200.0, 200.0, 200.0, 200.0, 200.0, 200.0, 200.0, 200.0, 200.0, 200.0, 200.0, 200.0, 200.0, 200.0, 200.0, 200.0, 200.0, 200.0, 200.0, 200.0, 200.0, 200.0, 200.0, 200.0, 200.0, 200.0, 200.0, 200.0, 200.0, 200.0, 200.0, 200.0, 200.0]",1,4916.84,113.114,-0.940139,-0.0391831,0.124,"[14.2008, 14.747, 16.5067, 20.3153, 28.9754, 42.8668, 57.313, 87.4489, 187.426, 69.9934, 8.11963, 4.32728, 2.96501, 2.26821, 1.56921, 1.11878, 0.917864, 0.825836, 0.80014]",-0.893322,"[95.645, 94.0806, 98.7504, 99.5337]",0.337975
1.0,0.00503482,0.0,0.0,14.05,0.0,11.6615,111.661,93.8966,4,"[200.0, 200.0, 200.0, 200.0, 200.0, 200.0, 200.0, 200.0, 200.0, 200.0, 200.0, 200.0, 200.0, 200.0, 200.0, 200.0, 200.0, 200.0, 200.0, 200.0, 200.0, 200.0, 200.0, 200.0, 200.0, 200.0, 200.0, 200.0, 200.0, 200.0, 200.0, 200.0, 200.0, 200.0, 200.0, 200.0]",1,4851.75,113.415,-0.990705,0.0285275,0.124,"[14.211, 14.7322, 16.4572, 20.199, 28.672, 42.1329, 55.9584, 84.2432, 173.009, 156.753, 8.56257, 4.41879, 2.99309, 2.27605, 1.5648, 1.11054, 0.908676, 0.815964, 0.789224]",-0.894771,"[95.9024, 94.4032, 98.3721, 97.3862]",0.341347
1.0,-0.00182573,0.0,0.0,14.07,0.0,12.292,112.291,93.8961,4,"[200.0, 200.0, 200.0, 200.0, 200.0, 200.0, 200.0, 200.0, 200.0, 200.0, 200.0, 200.0, 200.0, 200.0, 200.0, 200.0, 200.0, 200.0, 200.0, 200.0, 200.0, 200.0, 200.0, 200.0, 200.0, 200.0, 200.0, 200.0, 200.0, 200.0, 200.0, 200.0, 200.0, 200.0, 200.0, 200.0]",1,4913.94,113.614,-1.10296,-0.0198247,0.126,"[14.2177, 14.712, 16.3999, 20.0702, 28.3457, 41.3622, 54.5611, 81.0372, 159.795, 200.0, 9.16791, 4.55258, 3.04355, 2.299, 1.56969, 1.10845, 0.904346, 0.810357, 0.782361]",-0.895685,"[96.2253, 94.3773, 99.7562, 99.6632]",0.335197
1.0,-0.0084043,0.0,0.0,14.09,0.0,12.9241,112.923,93.8957,4,"[200.0, 200.0, 200.0, 200.0, 200.0, 200.0, 200.0, 200.0, 200.0, 200.0, 200.0, 200.0, 200.0, 200.0, 200.0, 200.0, 200.0, 200.0, 200.0, 200.0, 200.0, 200.0, 200.0, 200.0, 200.0, 200.0, 200.0, 200.0, 200.0, 200.0, 200.0, 200.0, 200.0, 200.0, 200.0, 200.0]",1,4927.01,113.876,-1.16878,0.00291597,0.126,"[14.2217, 14.6903, 16.3426, 19.945, 28.0354, 40.6431, 53.2775, 78.1737, 148.875, 200.0, 9.8852, 4.70933, 3.10644, 2.33085, 1.58059, 1.11071, 0.903652, 0.808081, 0.778788]",-0.896165,"[96.2756, 94.688, 99.5533, 99.1049]",0.339854
1.0,-0.014756,0.0,0.0,14.11,0.0,13.5575,113.557,93.8952,4,"[200.0, 200.0, 200.0, 200.0, 200.0, 200.0, 200.0, 200.0, 200.0, 200.0, 200.0, 200.0, 200.0, 200.0, 200.0, 200.0, 200.0, 200.0, 200.0, 200.0, 200.0, 200.0, 200.0, 200.0, 200.0, 200.0, 200.0, 200.0, 200.0, 200.0, 200.0, 200.0, 200.0, 200.0, 200.0, 200.0]",1,4939.56,114.135,-1.63717,-0.138473,-0.8,"[14.2234, 14.6671, 16.285, 19.8224, 27.7378, 39.966, 52.0863, 75.5835, 139.641, 200.0, 10.7413, 4.89116, 3.18222, 2.37163, 1.59734, 1.11711, 0.906377, 0.808911, 0.778258]",-0.896244,"[96.6642, 94.7721, 101.288, 97.8328]",0.339177
1.0,-0.0154751,0.0,0.0,14.13,0.0,14.1923,114.191,93.8948,4,"[200.0, 200.0, 200.0, 200.0, 200.0, 200.0, 200.0, 200.0, 200.0, 200.0, 200.0, 200.0, 200.0, 200.0, 200.0, 200.0, 200.0, 200.0, 200.0, 200.0, 200.0, 200.0, 200.0, 200.0, 200.0, 200.0, 200.0, 200.0, 200.0, 200.0, 200.0, 200.0, 200.0, 200.0, 200.0, 200.0]",1,4974.35,114.312,-2.18514,-0.0893019,-0.8,"[14.2247, 14.6657, 16.2798, 19.8102, 27.7067, 39.8939, 51.959, 75.307, 138.679, 200.0, 10.8323, 4.90568, 3.18651, 2.37297, 1.597, 1.11625, 0.9054, 0.807856, 0.777093]",-0.8964,"[95.4191, 95.0741, 101.559, 100.07]",0.334305
1.0,-0.00953032,0.0,0.0,14.15,0.0,14.8281,114.827,93.8943,4,"[200.0, 200.0, 200.0, 200.0, 200.0, 200.0, 200.0, 200.0, 200.0, 200.0, 200.0, 200.0, 200.0, 200.0, 200.0, 200.0, 200.0, 200.0, 200.0, 200.0, 200.0, 200.0, 200.0, 200.0, 200.0, 200.0, 200.0, 200.0, 200.0, 200.0, 200.0, 200.0, 200.0, 200.0, 200.0, 200.0]",1,4907.73,114.513,-2.15162,0.0537937,-0.8,"[14.2277, 14.6921, 16.3388, 19.9311, 27.9933, 40.5376, 53.0835, 77.7326, 147.208, 200.0, 9.95311, 4.70572, 3.09668, 2.32079, 1.57189, 1.10367, 0.897489, 0.802288, 0.772972]",-0.896942,"[93.9451, 94.9182, 98.4313, 100.072]",0.340708
1.0,0.000350374,0.0,0.0,14.17,0.0,15.4647,115.464,93.8939,4,"[200.0, 200.0, 200.0, 200.0, 200.0, 200.0, 200.0, 200.0, 200.0, 200.0, 200.0, 200.0, 200.0, 200.0, 200.0, 200.0, 200.0, 200.0, 200.0, 200.0, 200.0, 200.0, 200.0, 200.0, 200.0, 200.0, 200.0, 200.0, 200.0, 200.0, 200.0, 200.0, 200.0, 200.0, 200.0, 200.0]",1,4942.93,114.654,-1.68485,0.0204803,-0.8,"[14.2338, 14.7373, 16.4391, 20.1366, 28.4848, 41.6568, 55.067, 82.1322, 163.971, 200.0, 8.75655, 4.40385, 2.95666, 2.23818, 1.53155, 1.08325, 0.884599, 0.793196, 0.76624]",-0.897835,"[92.9989, 95.3584, 99.8638, 99.3914]",0.338444
1.0,0.0137354,0.0,0.0,14.19,0.0,16.102,116.101,93.8934,4,"[200.0, 200.0, 200.0, 200.0, 200.0, 200.0, 200.0, 200.0, 200.0, 200.0, 200.0, 200.0, 200.0, 200.0, 200.0, 200.0, 200.0, 200.0, 200.0, 200.0, 200.0, 200.0, 200.0, 200.0, 200.0, 200.0, 200.0, 200.0, 200.0, 200.0, 200.0, 200.0, 200.0, 200.0, 200.0, 200.0]",1,5034.37,114.776,-0.803256,-0.111908,0.127,"[14.2461, 14.8031, 16.5814, 20.4276, 29.1865, 43.2863, 58.0168, 88.9709, 193.899, 54.9892, 7.49059, 4.03551, 2.77613, 2.12817, 1.47559, 1.05375, 0.865339, 0.779127, 0.755349]",-0.899296,"[93.0085, 96.2835, 101.762, 101.211]",0.340266
1.0,0.0294406,0.0,0.0,14.21,0.0,16.7398,116.739,93.8929,4,"[200.0, 200.0, 200.0, 200.0, 200.0, 200.0, 200.0, 200.0, 200.0, 200.0, 200.0, 200.0, 200.0, 200.0, 200.0, 200.0, 200.0, 200.0, 200.0, 200.0, 200.0, 200.0, 200.0, 200.0, 200.0, 200.0, 200.0, 200.0, 200.0, 200.0, 200.0, 200.0, 200.0, 200.0, 200.0, 200.0]",1,5054.26,114.911,0.0874457,0.00864668,0.125,"[14.2664, 14.8872, 16.7584, 20.788, 30.0665, 45.3843, 61.9274, 98.6296, 200.0, 25.1306, 6.35295, 3.65198, 2.57627, 2.00186, 1.40831, 1.01668, 0.840275, 0.760181, 0.740073]",-0.901366,"[94.6274, 98.5598, 102.743, 102.198]",0.332369
1.0,0.0423554,0.0,0.0,14.23,0.0,17.379,117.378,93.8925,4,"[200.0, 200.0, 200.0, 200.0, 200.0, 200.0, 200.0, 200.0, 200.0, 200.0, 200.0, 200.0, 200.0, 200.0, 200.0, 200.0, 200.0, 200.0, 200.0, 200.0, 200.0, 200.0, 200.0, 200.0, 200.0, 200.0, 200.0, 200.0, 200.0, 200.0, 200.0, 200.0, 200.0, 200.0, 200.0, 200.0]",1,5010.72,115.216,1.55567,0.0656172,0.125,"[14.2911, 14.9652, 16.9158, 21.1051, 30.8465, 47.2909, 65.5908, 108.339, 200.0, 17.0451, 5.58365, 3.35393, 2.40991, 1.89183, 1.34597, 0.980071, 0.814216, 0.739471, 0.722386]",-0.903768,"[94.9453, 98.0696, 100.233, 102.254]",0.340977
1.0,0.0492691,0.0,0.0,14.25,0.0,18.0197,118.019,93.892,4,"[200.0, 200.0, 200.0, 200.0, 200.0, 200.0, 200.0, 200.0, 200.0, 200.0, 200.0, 200.0, 200.0, 200.0, 200.0, 200.0, 200.0, 200.0, 200.0, 200.0, 200.0, 200.0, 200.0, 200.0, 200.0, 200.0, 200.0, 200.0, 200.0, 200.0, 200.0, 200.0, 200.0, 200.0, 200.0, 200.0]",1,4981.3,115.496,2.4165,-0.0308734,0.126,"[14.3132, 15.0166, 17.0118, 21.2919, 31.2997, 48.4071, 67.7742, 114.425, 200.0, 14.2972, 5.17315, 3.17262, 2.3005, 1.8153, 1.29902, 0.950144, 0.79151, 0.720334, 0.704982]",-0.906116,"[95.6508, 97.6289, 101.259, 99.6426]",0.337984
1.0,0.0510992,0.0,0.0,14.27,0.0,18.6618,118.661,93.8916,4,"[200.0, 200.0, 200.0, 200.0, 200.0, 200.0, 200.0, 200.0, 200.0, 200.0, 200.0, 200.0, 200.0, 200.0, 200.0, 200.0, 200.0, 200.0, 200.0, 200.0, 200.0, 200.0, 200.0, 200.0, 200.0, 200.0, 200.0, 200.0, 200.0, 200.0, 200.0, 200.0, 200.0, 200.0, 200.0, 200.0]",1,5073.42,115.684,2.67742,-0.140976,0.126,"[14.3326, 15.0444, 17.0534, 21.3619, 31.4513, 48.7569, 68.4402, 116.259, 200.0, 13.4326, 4.97444, 3.06673, 2.22891, 1.76116, 1.26218, 0.924285, 0.77052, 0.701614, 0.686994]",-0.90852,"[96.9568, 97.2789, 103.185, 101.591]",0.333038
1.0,0.0491047,0.0,0.0,14.29,0.0,19.3055,119.305,93.8911,4,"[200.0, 200.0, 200.0, 200.0, 200.0, 200.0, 200.0, 200.0, 200.0, 200.0, 200.0, 200.0, 200.0, 200.0, 200.0, 200.0, 200.0, 200.0, 200.0, 200.0, 200.0, 200.0, 200.0, 200.0, 200.0, 200.0, 200.0, 200.0, 200.0, 200.0, 200.0, 200.0, 200.0, 200.0, 200.0, 200.0]",1,4982.59,116.002,2.45676,-0.0471822,0.126,"[14.3493, 15.0537, 17.053, 21.3418, 31.3687, 48.5036, 67.8937, 114.565, 200.0, 13.6093, 4.9137, 3.01208, 2.18362, 1.72287, 1.23271, 0.901547, 0.750978, 0.683413, 0.668819]",-0.910932,"[97.8098, 97.1112, 101.38, 100.837]",0.340729
1.0,0.0444487,0.0,0.0,14.31,0.0,19.9507,119.95,93.8907,4,"[200.0, 200.0, 200.0, 200.0, 200.0, 200.0, 200.0, 200.0, 200.0, 200.0, 200.0, 200.0, 200.0, 200.0, 200.0, 200.0, 200.0, 200.0, 200.0, 200.0, 200.0, 200.0, 200.0, 200.0, 200.0, 200.0, 200.0, 200.0, 200.0, 200.0, 200.0, 200.0, 200.0, 200.0, 200.0, 200.0]",1,4968.31,116.306,2.02651,0.00601908,0.127,"[14.3643, 15.0504, 17.0236, 21.2598, 31.1265, 47.8452, 66.5456, 110.626, 200.0, 14.6257, 4.94828, 2.9916, 2.15561, 1.69489, 1.20799, 0.880803, 0.732354, 0.66554, 0.650524]",-0.913349,"[98.2232, 97.0078, 100.448, 99.9409]",0.334971
1.0,0.0380068,0.0,0.0,14.33,0.0,20.5973,120.596,93.8902,4,"[200.0, 200.0, 200.0, 200.0, 200.0, 200.0, 200.0, 200.0, 200.0, 200.0, 200.0, 200.0, 200.0, 200.0, 200.0, 200.0, 200.0, 200.0, 200.0, 200.0, 200.0, 200.0, 200.0, 200.0, 200.0, 200.0, 200.0, 200.0, 200.0, 200.0, 200.0, 200.0, 200.0, 200.0, 200.0, 200.0]",1,5024.12,116.547,1.43142,-0.0750852,0.127,"[14.3779, 15.0384, 16.9749, 21.1372, 30.7833, 46.9425, 64.7394, 105.564, 200.0, 16.6441, 5.06169, 2.99814, 2.14142, 1.67542, 1.18757, 0.86226, 0.715104, 0.648611, 0.632894]",-0.915675,"[98.7234, 97.0406, 102.5, 100.14]",0.333954
1.0,0.0302876,0.0,0.0,14.35,0.0,21.2454,121.245,93.8897,4,"[200.0, 200.0, 200.0, 200.0, 200.0, 200.0, 200.0, 200.0, 200.0, 200.0, 200.0, 200.0, 200.0, 200.0, 200.0, 200.0, 200.0, 200.0, 200.0, 200.0, 200.0, 200.0, 200.0, 200.0, 200.0, 200.0, 200.0, 200.0, 200.0, 200.0, 200.0, 200.0, 200.0, 200.0, 200.0, 200.0]",1,5049.04,116.793,0.872684,0.00378211,0.127,"[14.3902, 15.0197, 16.9122, 20.9866, 30.3743, 45.8943, 62.6874, 100.063, 200.0, 20.3551, 5.25574, 3.03067, 2.14068, 1.66454, 1.17189, 0.846491, 0.699855, 0.633307, 0.616694]",-0.917812,"[99.0681, 97.0578, 103.426, 101.067]",0.339688
1.0,0.0223376,0.0,0.0,14.37,0.0,21.8951,121.894,93.8893,4,"[200.0, 200.0, 200.0, 200.0, 200.0, 200.0, 200.0, 200.0, 200.0, 200.0, 200.0, 200.0, 200.0, 200.0, 200.0, 200.0, 200.0, 200.0, 200.0, 200.0, 200.0, 200.0, 200.0, 200.0, 200.0, 200.0, 200.0, 200.0, 200.0, 200.0, 200.0, 200.0, 200.0, 200.0, 200.0, 200.0]",1,5047.17,117.072,0.388469,0.164062,0.127,"[14.4014, 14.9992, 16.8466, 20.832, 29.9621, 44.8604, 60.704, 94.9668, 200.0, 26.9626, 5.50561, 3.07886, 2.14829, 1.65938, 1.15988, 0.833277, 0.68671, 0.619918, 0.602379]",-0.919703,"[99.2989, 97.2967, 101.763, 101.705]",0.334997
1.0,0.0136819,0.0,0.0,14.39,0.0,22.5461,122.545,93.8888,4,"[200.0, 200.0, 200.0, 200.0, 200.0, 200.0, 200.0, 200.0, 200.0, 200.0, 200.0, 200.0, 200.0, 200.0, 200.0, 200.0, 200.0, 200.0, 200.0, 200.0, 200.0, 200.0, 200.0, 200.0, 200.0, 200.0, 200.0, 200.0, 200.0, 200.0, 200.0, 200.0, 200.0, 200.0, 200.0, 200.0]",1,5021.45,117.364,-0.227101,0.0548265,0.128,"[14.4109, 14.9741, 16.7727, 20.6628, 29.5214, 43.7804, 58.6756, 89.9705, 196.0, 43.1588, 5.85924, 3.15585, 2.17079, 1.66404, 1.15372, 0.823866, 0.676543, 0.609131, 0.590532]",-0.92127,"[99.6029, 97.2644, 102.913, 99.5973]",0.336389
1.0,0.00492157,0.0,0.0,14.41,0.0,23.1985,123.198,93.8884,4,"[200.0, 200.0, 200.0, 200.0, 200.0, 200.0, 200.0, 200.0, 200.0, 200.0, 200.0, 200.0, 200.0, 200.0, 200.0, 200.0, 200.0, 200.0, 200.0, 200.0, 200.0, 200.0, 200.0, 200.0, 200.0, 200.0, 200.0, 200.0, 200.0, 200.0, 200.0, 200.0, 200.0, 200.0, 200.0, 200.0]",1,5217.03,117.489,-0.684317,-0.0591155,0.128,"[14.4186, 14.9469, 16.6966, 20.4918, 29.085, 42.7349, 56.7514, 85.4173, 175.296, 118.178, 6.31798, 3.25849, 2.20669, 1.67787, 1.15342, 0.818513, 0.669699, 0.601349, 0.581624]",-0.922451,"[99.7606, 97.4611, 106.035, 104.401]",0.339815
1.0,-0.00354001,0.0,0.0,14.43,0.0,23.8524,123.852,93.8879,4,"[200.0, 200.0, 200.0, 200.0, 200.0, 200.0, 200.0, 200.0, 200.0, 200.0, 200.0, 200.0, 200.0, 200.0, 200.0, 200.0, 200.0, 200.0, 200.0, 200.0, 200.0, 200.0, 200.0, 200.0, 200.0, 200.0, 200.0, 200.0, 200.0, 200.0, 200.0, 200.0, 200.0, 200.0, 200.0, 200.0]",1,5084.1,117.836,-1.06736,0.0540068,0.129,"[14.4244, 14.9191, 16.6219, 20.3273, 28.6731, 41.768, 55.0051, 81.4322, 159.066, 200.0, 6.88336, 3.38295, 2.25391, 1.69962, 1.1584, 0.816983, 0.666064, 0.596522, 0.575649]",-0.923247,"[99.9057, 97.9396, 102.908, 102.302]",0.335553
1.0,-0.0127077,0.0,0.0,14.45,0.0,24.5076,124.507,93.8874,4,"[200.0, 200.0, 200.0, 200.0, 200.0, 200.0, 200.0, 200.0, 200.0, 200.0, 200.0, 200.0, 200.0, 200.0, 200.0, 200.0, 200.0, 200.0, 200.0, 200.0, 200.0, 200.0, 200.0, 200.0, 200.0, 200.0, 200.0, 200.0, 200.0, 200.0, 200.0, 200.0, 200.0, 200.0, 200.0, 200.0]",1,5088.89,118.092,-1.60198,-0.112934,0.13,"[14.428, 14.8863, 16.5386, 20.1482, 28.2345, 40.7614, 53.2212, 77.5017, 144.546, 200.0, 7.69483, 3.55751, 2.32507, 1.73665, 1.17227, 0.821106, 0.666803, 0.59548, 0.573231]",-0.923575,"[100.203, 97.7692, 105.365, 100.479]",0.336894
1.0,-0.02126,0.0,0.0,14.47,0.0,25.1643,125.163,93.8869,4,"[200.0, 200.0, 200.0, 200.0, 200.0, 200.0, 200.0, 200.0, 200.0, 200.0, 200.0, 200.0, 200.0, 200.0, 200.0, 200.0, 200.0, 200.0, 200.0, 200.0, 200.0, 200.0, 200.0, 200.0, 200.0, 200.0, 200.0, 200.0, 200.0, 200.0, 200.0, 200.0, 200.0, 200.0, 200.0, 200.0]",1,5238.55,118.238,-1.7871,-0.0173228,0.13,"[14.4286, 14.8529, 16.4586, 19.9803, 27.8321, 39.8579, 51.6491, 74.1493, 133.181, 200.0, 8.71266, 3.76407, 2.4123, 1.78489, 1.19357, 0.830557, 0.671976, 0.598491, 0.574804]",-0.923377,"[100.365, 98.1164, 104.71, 106.326]",0.338798
1.0,-0.0284593,0.0,0.0,14.49,0.0,25.8224,125.822,93.8865,4,"[200.0, 200.0, 200.0, 200.0, 200.0, 200.0, 200.0, 200.0, 200.0, 200.0, 200.0, 200.0, 200.0, 200.0, 200.0, 200.0, 200.0, 200.0, 200.0, 200.0, 200.0, 200.0, 200.0, 200.0, 200.0, 200.0, 200.0, 200.0, 200.0, 200.0, 200.0, 200.0, 200.0, 200.0, 200.0, 200.0]",1,5159.11,118.544,-2.45981,0.0121058,-0.8,"[14.4266, 14.8224, 16.389, 19.8376, 27.4974, 39.1208, 50.3869, 71.5311, 124.89, 200.0, 9.85585, 3.97967, 2.50514, 1.83809, 1.2191, 0.843542, 0.680324, 0.604548, 0.579495]",-0.922765,"[100.363, 98.761, 105.27, 102.507]",0.33464
1.0,-0.0294159,0.0,0.0,14.51,0.0,26.4817,126.481,93.886,4,"[200.0, 200.0, 200.0, 200.0, 200.0, 200.0, 200.0, 200.0, 200.0, 200.0, 200.0, 200.0, 200.0, 200.0, 200.0, 200.0, 200.0, 200.0, 200.0, 200.0, 200.0, 200.0, 200.0, 200.0, 200.0, 200.0, 200.0, 200.0, 200.0, 200.0, 200.0, 200.0, 200.0, 200.0, 200.0, 200.0]",1,5092.99,118.808,-2.89212,-0.0485203,-0.8,"[14.4232, 14.8152, 16.3762, 19.8144, 27.4475, 39.0164, 50.2128, 71.1814, 123.838, 200.0, 10.0844, 4.03201, 2.53177, 1.8555, 1.22928, 0.849939, 0.685193, 0.60869, 0.583314]",-0.922258,"[99.6312, 98.8234, 104.536, 102.241]",0.336989
1.0,-0.0238511,0.0,0.0,14.53,0.0,27.1423,127.141,93.8855,4,"[200.0, 200.0, 200.0, 200.0, 200.0, 200.0, 200.0, 200.0, 200.0, 200.0, 200.0, 200.0, 200.0, 200.0, 200.0, 200.0, 200.0, 200.0, 200.0, 200.0, 200.0, 200.0, 200.0, 200.0, 200.0, 200.0, 200.0, 200.0, 200.0, 200.0, 200.0, 200.0, 200.0, 200.0, 200.0, 200.0]",1,5226.08,118.885,-2.84469,0.0117418,-0.8,"[14.419, 14.8329, 16.4234, 19.9165, 27.6938, 39.5652, 51.1563, 73.1405, 129.994, 200.0, 9.23235, 3.89762, 2.48222, 1.83117, 1.22094, 0.847892, 0.685223, 0.609791, 0.585248]",-0.921989,"[98.0979, 98.62, 104.151, 106.497]",0.33889
1.0,-0.0134897,0.0,0.0,14.55,0.0,27.8037,127.803,93.885,4,"[200.0, 200.0, 200.0, 200.0, 200.0, 200.0, 200.0, 200.0, 200.0, 200.0, 200.0, 200.0, 200.0, 200.0, 200.0, 200.0, 200.0, 200.0, 200.0, 200.0, 200.0, 200.0, 200.0, 200.0, 200.0, 200.0, 200.0, 200.0, 200.0, 200.0, 200.0, 200.0, 200.0, 200.0, 200.0, 200.0]",1,5126.38,119.122,-2.2027,0.0691689,-0.8,"[14.4172, 14.872, 16.5188, 20.1175, 28.176, 40.6464, 53.0335, 77.1245, 143.319, 200.0, 7.925, 3.64302, 2.37686, 1.77384, 1.19636, 0.837487, 0.679875, 0.607006, 0.584203]",-0.922113,"[97.0848, 99.0668, 102.7, 104.494]",0.334489
1.0,0.00080317,0.0,0.0,14.57,0.0,28.4657,128.465,93.8845,4,"[200.0, 200.0, 200.0, 200.0, 200.0, 200.0, 200.0, 200.0, 200.0, 200.0, 200.0, 200.0, 200.0, 200.0, 200.0, 200.0, 200.0, 200.0, 200.0, 200.0, 200.0, 200.0, 200.0, 200.0, 200.0, 200.0, 200.0, 200.0, 200.0, 200.0, 200.0, 200.0, 200.0, 200.0, 200.0, 200.0]",1,5164.55,119.263,-1.28473,-0.0112529,0.129,"[14.4207, 14.9326, 16.6593, 20.4104, 28.8816, 42.2566, 55.8849, 83.4256, 166.992, 200.0, 6.58612, 3.32086, 2.23151, 1.69, 1.15697, 0.81858, 0.668595, 0.599595, 0.579289]",-0.922761,"[97.0139, 100.388, 104.927, 103.36]",0.337353
1.0,0.0171772,0.0,0.0,14.59,0.0,29.1285,129.128,93.884,4,"[200.0, 200.0, 200.0, 200.0, 200.0, 200.0, 200.0, 200.0, 200.0, 200.0, 200.0, 200.0, 200.0, 200.0, 200.0, 200.0, 200.0, 200.0, 200.0, 200.0, 200.0, 200.0, 200.0, 200.0, 200.0, 200.0, 200.0, 200.0, 200.0, 200.0, 200.0, 200.0, 200.0, 200.0, 200.0, 200.0]",1,5325.57,119.352,-0.126374,-0.0167809,0.13,"[14.4321, 15.0103, 16.8317, 20.7668, 29.7493, 44.2868, 59.5811, 92.0822, 200.0, 33.1887, 5.468, 2.99185, 2.07015, 1.59186, 1.10734, 0.792689, 0.651881, 0.587553, 0.570145]",-0.923992,"[98.1584, 102.522, 106.561, 107.779]",0.338534
1.0,0.0319685,0.0,0.0,14.61,0.0,29.7925,129.792,93.8835,4,"[200.0, 200.0, 200.0, 200.0, 200.0, 200.0, 200.0, 200.0, 200.0, 200.0, 200.0, 200.0, 200.0, 200.0, 200.0, 200.0, 200.0, 200.0, 200.0, 200.0, 200.0, 200.0, 200.0, 200.0, 200.0, 200.0, 200.0, 200.0, 200.0, 200.0, 200.0, 200.0, 200.0, 200.0, 200.0, 200.0]",1,5230.71,119.678,1.58698,0.0218346,0.128,"[14.4489, 15.0879, 16.998, 21.1089, 30.5923, 46.3152, 63.392, 101.642, 200.0, 17.4726, 4.69495, 2.72378, 1.9287, 1.50176, 1.05887, 0.765722, 0.633506, 0.573558, 0.558762]",-0.925536,"[98.3489, 101.972, 106.163, 106.051]",0.335166
1.0,0.0398796,0.0,0.0,14.63,0.0,30.4581,130.457,93.8829,4,"[200.0, 200.0, 200.0, 200.0, 200.0, 200.0, 200.0, 200.0, 200.0, 200.0, 200.0, 200.0, 200.0, 200.0, 200.0, 200.0, 200.0, 200.0, 200.0, 200.0, 200.0, 200.0, 200.0, 200.0, 200.0, 200.0, 200.0, 200.0, 200.0, 200.0, 200.0, 200.0, 200.0, 200.0, 200.0, 200.0]",1,5175.95,119.962,2.74472,0.0486847,0.128,"[14.4637, 15.1358, 17.0951, 21.3049, 31.075, 47.4959, 65.6612, 107.654, 200.0, 13.7395, 4.31993, 2.57449, 1.84362, 1.44453, 1.02556, 0.74555, 0.618774, 0.561554, 0.548219]",-0.926962,"[99.6893, 101.591, 105.113, 104.127]",0.33747
1.0,0.0426918,0.0,0.0,14.65,0.0,31.1252,131.124,93.8824,4,"[200.0, 200.0, 200.0, 200.0, 200.0, 200.0, 200.0, 200.0, 200.0, 200.0, 200.0, 200.0, 200.0, 200.0, 200.0, 200.0, 200.0, 200.0, 200.0, 200.0, 200.0, 200.0, 200.0, 200.0, 200.0, 200.0, 200.0, 200.0, 200.0, 200.0, 200.0, 200.0, 200.0, 200.0, 200.0, 200.0]",1,5328.41,120.12,3.21337,-0.0279712,0.129,"[14.4765, 15.1607, 17.1387, 21.3864, 31.2663, 47.9546, 66.5411, 110.021, 200.0, 12.5757, 4.14156, 2.49033, 1.7902, 1.4057, 1.00039, 0.7286, 0.605381, 0.549863, 0.537206]",-0.928438,"[100.824, 101.076, 108.04, 106.671]",0.338009
1.0,0.0417751,0.0,0.0,14.67,0.0,31.7939,131.793,93.8819,4,"[200.0, 200.0, 200.0, 200.0, 200.0, 200.0, 200.0, 200.0, 200.0, 200.0, 200.0, 200.0, 200.0, 200.0, 200.0, 200.0, 200.0, 200.0, 200.0, 200.0, 200.0, 200.0, 200.0, 200.0, 200.0, 200.0, 200.0, 200.0, 200.0, 200.0, 200.0, 200.0, 200.0, 200.0, 200.0, 200.0]",1,5228.67,120.466,2.94198,-0.0580286,0.129,"[14.4872, 15.1682, 17.1421, 21.3818, 31.2359, 47.8535, 66.3202, 109.351, 200.0, 12.5804, 4.08284, 2.44796, 1.75757, 1.37911, 0.980705, 0.713831, 0.592895, 0.538373, 0.525853]",-0.929947,"[101.237, 100.968, 106.864, 104.641]",0.336186
1.0,0.0376468,0.0,0.0,14.69,0.0,32.464,132.463,93.8814,4,"[200.0, 200.0, 200.0, 200.0, 200.0, 200.0, 200.0, 200.0, 200.0, 200.0, 200.0, 200.0, 200.0, 200.0, 200.0, 200.0, 200.0, 200.0, 200.0, 200.0, 200.0, 200.0, 200.0, 200.0, 200.0, 200.0, 200.0, 200.0, 200.0, 200.0, 200.0, 200.0, 200.0, 200.0, 200.0, 200.0]",1,5154.68,120.805,2.5057,0.00426382,0.129,"[14.4964, 15.1608, 17.1111, 21.3033, 31.0161, 47.2769, 65.1704, 106.157, 200.0, 13.6539, 4.12479, 2.44029, 1.7421, 1.36261, 0.965545, 0.700885, 0.581186, 0.527089, 0.514267]",-0.93148,"[102.037, 100.807, 105.358, 102.74]",0.336854
1.0,0.0315368,0.0,0.0,14.71,0.0,33.1357,133.135,93.8809,4,"[200.0, 200.0, 200.0, 200.0, 200.0, 200.0, 200.0, 200.0, 200.0, 200.0, 200.0, 200.0, 200.0, 200.0, 200.0, 200.0, 200.0, 200.0, 200.0, 200.0, 200.0, 200.0, 200.0, 200.0, 200.0, 200.0, 200.0, 200.0, 200.0, 200.0, 200.0, 200.0, 200.0, 200.0, 200.0, 200.0]",1,5308.52,120.984,1.90151,-0.045298,0.129,"[14.5049, 15.1446, 17.0595, 21.1812, 30.6866, 46.4342, 63.5214, 101.732, 200.0, 15.9302, 4.23799, 2.45488, 1.73719, 1.35217, 0.953031, 0.688982, 0.569918, 0.51592, 0.502553]",-0.933026,"[102.512, 100.773, 107.039, 107.373]",0.336599
1.0,0.0243626,0.0,0.0,14.73,0.0,33.8091,133.808,93.8803,4,"[200.0, 200.0, 200.0, 200.0, 200.0, 200.0, 200.0, 200.0, 200.0, 200.0, 200.0, 200.0, 200.0, 200.0, 200.0, 200.0, 200.0, 200.0, 200.0, 200.0, 200.0, 200.0, 200.0, 200.0, 200.0, 200.0, 200.0, 200.0, 200.0, 200.0, 200.0, 200.0, 200.0, 200.0, 200.0, 200.0]",1,5243.47,121.324,1.18082,-0.044919,0.129,"[14.5128, 15.1235, 16.9971, 21.0368, 30.3047, 45.4773, 61.6827, 96.9778, 200.0, 20.1756, 4.41196, 2.48742, 1.74116, 1.34723, 0.943435, 0.678726, 0.559806, 0.505668, 0.491627]",-0.934469,"[102.754, 101.044, 106.742, 104.482]",0.336633
1.0,0.0160676,0.0,0.0,14.75,0.0,34.4838,134.483,93.8798,4,"[200.0, 200.0, 200.0, 200.0, 200.0, 200.0, 200.0, 200.0, 200.0, 200.0, 200.0, 200.0, 200.0, 200.0, 200.0, 200.0, 200.0, 200.0, 200.0, 200.0, 200.0, 200.0, 200.0, 200.0, 200.0, 200.0, 200.0, 200.0, 200.0, 200.0, 200.0, 200.0, 200.0, 200.0, 200.0, 200.0]",1,5222.4,121.61,0.532186,0.00901382,0.129,"[14.5196, 15.0968, 16.9228, 20.8692, 29.8706, 44.4133, 59.6783, 91.9991, 200.0, 30.0166, 4.67544, 2.54567, 1.75816, 1.35063, 0.938549, 0.671337, 0.551833, 0.49721, 0.482335]",-0.935697,"[103.175, 100.887, 108.065, 103.27]",0.336331
1.0,0.00772424,0.0,0.0,14.77,0.0,35.1601,135.159,93.8793,4,"[200.0, 200.0, 200.0, 200.0, 200.0, 200.0, 200.0, 200.0, 200.0, 200.0, 200.0, 200.0, 200.0, 200.0, 200.0, 200.0, 200.0, 200.0, 200.0, 200.0, 200.0, 200.0, 200.0, 200.0, 200.0, 200.0, 200.0, 200.0, 200.0, 200.0, 200.0, 200.0, 200.0, 200.0, 200.0, 200.0]",1,5341.82,121.811,0.0301336,0.0163927,0.13,"[14.5251, 15.0687, 16.8473, 20.7015, 29.4442, 43.3895, 57.7867, 87.4791, 182.796, 61.5346, 5.01122, 2.62237, 1.78503, 1.36086, 0.938085, 0.667048, 0.546413, 0.491069, 0.475318]",-0.936626,"[103.32, 101.107, 106.48, 108.593]",0.336032
1.0,-0.00065518,0.0,0.0,14.79,0.0,35.8378,135.837,93.8787,4,"[200.0, 200.0, 200.0, 200.0, 200.0, 200.0, 200.0, 200.0, 200.0, 200.0, 200.0, 200.0, 200.0, 200.0, 200.0, 200.0, 200.0, 200.0, 200.0, 200.0, 200.0, 200.0, 200.0, 200.0, 200.0, 200.0, 200.0, 200.0, 200.0, 200.0, 200.0, 200.0, 200.0, 200.0, 200.0, 200.0]",1,5284.17,122.118,-0.550411,-0.0123436,0.13,"[14.5292, 15.0391, 16.7706, 20.534, 29.0255, 42.4043, 55.9997, 83.3608, 165.465, 200.0, 5.44226, 2.72118, 1.82338, 1.37893, 0.942613, 0.666208, 0.543806, 0.487465, 0.470772]",-0.93723,"[103.533, 101.662, 107.562, 105.267]",0.337267
1.0,-0.00984802,0.0,0.0,14.81,0.0,36.5168,136.516,93.8782,4,"[200.0, 200.0, 200.0, 200.0, 200.0, 200.0, 200.0, 200.0, 200.0, 200.0, 200.0, 200.0, 200.0, 200.0, 200.0, 200.0, 200.0, 200.0, 200.0, 200.0, 200.0, 200.0, 200.0, 200.0, 200.0, 200.0, 200.0, 200.0, 200.0, 200.0, 200.0, 200.0, 200.0, 200.0, 200.0, 200.0]",1,5254.36,122.386,-1.07952,0.00063688,0.132,"[14.5311, 15.0041, 16.6842, 20.3497, 28.5748, 41.3669, 54.1536, 79.2548, 149.857, 200.0, 6.0715, 2.8643, 1.88363, 1.4112, 0.955498, 0.67072, 0.545348, 0.487452, 0.4696]",-0.93739,"[103.845, 101.381, 109.334, 104.162]",0.336585
1.0,-0.0184408,0.0,0.0,14.83,0.0,37.1975,137.197,93.8777,4,"[200.0, 200.0, 200.0, 200.0, 200.0, 200.0, 200.0, 200.0, 200.0, 200.0, 200.0, 200.0, 200.0, 200.0, 200.0, 200.0, 200.0, 200.0, 200.0, 200.0, 200.0, 200.0, 200.0, 200.0, 200.0, 200.0, 200.0, 200.0, 200.0, 200.0, 200.0, 200.0, 200.0, 200.0, 200.0, 200.0]",1,5398.14,122.567,-1.42988,-0.0542307,0.131,"[14.5306, 14.9692, 16.6017, 20.1772, 28.1616, 40.4357, 52.5265, 75.7548, 137.694, 200.0, 6.86146, 3.03534, 1.95827, 1.45355, 0.97505, 0.679981, 0.550828, 0.491027, 0.471952]",-0.937084,"[103.876, 101.666, 107.92, 109.263]",0.335701
1.0,-0.0270101,0.0,0.0,14.85,0.0,37.8794,137.879,93.8771,4,"[200.0, 200.0, 200.0, 200.0, 200.0, 200.0, 200.0, 200.0, 200.0, 200.0, 200.0, 200.0, 200.0, 200.0, 200.0, 200.0, 200.0, 200.0, 200.0, 200.0, 200.0, 200.0, 200.0, 200.0, 200.0, 200.0, 200.0, 200.0, 200.0, 200.0, 200.0, 200.0, 200.0, 200.0, 200.0, 200.0]",1,5378.82,122.832,-1.85923,-0.0462581,0.131,"[14.5278, 14.9322, 16.5176, 20.0049, 27.7567, 39.5413, 50.9898, 72.5466, 127.359, 200.0, 7.92958, 3.24869, 2.05263, 1.50867, 1.00229, 0.694318, 0.560333, 0.498151, 0.477693]",-0.936331,"[104.09, 102.199, 109.819, 106.637]",0.336592
1.0,-0.0364346,0.0,0.0,14.87,0.0,38.5626,138.562,93.8766,4,"[200.0, 200.0, 200.0, 200.0, 200.0, 200.0, 200.0, 200.0, 200.0, 200.0, 200.0, 200.0, 200.0, 200.0, 200.0, 200.0, 200.0, 200.0, 200.0, 200.0, 200.0, 200.0, 200.0, 200.0, 200.0, 200.0, 200.0, 200.0, 200.0, 200.0, 200.0, 200.0, 200.0, 200.0, 200.0, 200.0]",1,5252.81,123.153,-2.3215,-0.0424222,0.131,"[14.5224, 14.8892, 16.4233, 19.8154, 27.3199, 38.5953, 49.3911, 69.3042, 117.621, 200.0, 9.59024, 3.53974, 2.18059, 1.58432, 1.04093, 0.715662, 0.57514, 0.509783, 0.487603]",-0.935029,"[104.422, 101.915, 108.551, 104.928]",0.335933
1.0,-0.0431775,0.0,0.0,14.89,0.0,39.2472,139.246,93.8761,4,"[200.0, 200.0, 200.0, 200.0, 200.0, 200.0, 200.0, 200.0, 200.0, 200.0, 200.0, 200.0, 200.0, 200.0, 200.0, 200.0, 200.0, 200.0, 200.0, 200.0, 200.0, 200.0, 200.0, 200.0, 200.0, 200.0, 200.0, 200.0, 200.0, 200.0, 200.0, 200.0, 200.0, 200.0, 200.0, 200.0]",1,5484.05,123.275,-2.97963,-0.19768,-0.8,"[14.5137, 14.8537, 16.3511, 19.6754, 27.0064, 37.9324, 48.2901, 67.1319, 111.476, 200.0, 11.3414, 3.81642, 2.30476, 1.65991, 1.08161, 0.73953, 0.592515, 0.52405, 0.500334]",-0.933351,"[104.425, 102.624, 109.429, 111.231]",0.335339
1.0,-0.0447531,0.0,0.0,14.91,0.0,39.9333,139.932,93.8755,4,"[200.0, 200.0, 200.0, 200.0, 200.0, 200.0, 200.0, 200.0, 200.0, 200.0, 200.0, 200.0, 200.0, 200.0, 200.0, 200.0, 200.0, 200.0, 200.0, 200.0, 200.0, 200.0, 200.0, 200.0, 200.0, 200.0, 200.0, 200.0, 200.0, 200.0, 200.0, 200.0, 200.0, 200.0, 200.0, 200.0]",1,5389.75,123.537,-3.49744,-0.026308,-0.8,"[14.5021, 14.8357, 16.3236, 19.63, 26.9165, 37.7559, 48.0083, 66.5997, 110.058, 200.0, 12.0557, 3.95913, 2.3793, 1.70998, 1.11203, 0.759338, 0.60795, 0.537429, 0.512887]",-0.931683,"[103.272, 102.791, 109.757, 108.262]",0.334519
1.0,-0.0394252,0.0,0.0,14.93,0.0,40.6205,140.62,93.875,4,"[200.0, 200.0, 200.0, 200.0, 200.0, 200.0, 200.0, 200.0, 200.0, 200.0, 200.0, 200.0, 200.0, 200.0, 200.0, 200.0, 200.0, 200.0, 200.0, 200.0, 200.0, 200.0, 200.0, 200.0, 200.0, 200.0, 200.0, 200.0, 200.0, 200.0, 200.0, 200.0, 200.0, 200.0, 200.0, 200.0]",1,5284.79,123.829,-3.21808,-0.0607,-0.8,"[14.4887, 14.8429, 16.3576, 19.7125, 27.1242, 38.2199, 48.7965, 68.1838, 114.579, 200.0, 10.9273, 3.87965, 2.36947, 1.71496, 1.12267, 0.769983, 0.617963, 0.547216, 0.522984]",-0.930323,"[101.951, 102.754, 106.571, 106.583]",0.33376
1.0,-0.0281104,0.0,0.0,14.95,0.0,41.3084,141.308,93.8745,4,"[200.0, 200.0, 200.0, 200.0, 200.0, 200.0, 200.0, 200.0, 200.0, 200.0, 200.0, 200.0, 200.0, 200.0, 200.0, 200.0, 200.0, 200.0, 200.0, 200.0, 200.0, 200.0, 200.0, 200.0, 200.0, 200.0, 200.0, 200.0, 200.0, 200.0, 200.0, 200.0, 200.0, 200.0, 200.0, 200.0]",1,5476.86,123.818,-2.62169,-0.105014,-0.8,"[14.4758, 14.8744, 16.4482, 19.912, 27.6071, 39.2892, 50.6185, 71.8978, 125.695, 200.0, 8.96311, 3.63203, 2.28837, 1.67974, 1.11452, 0.771396, 0.622234, 0.552989, 0.530122]",-0.929345,"[100.8, 103.246, 109.268, 111.77]",0.335049
1.0,-0.0128164,0.0,0.0,14.97,0.0,41.9973,141.996,93.8739,4,"[200.0, 200.0, 200.0, 200.0, 200.0, 200.0, 200.0, 200.0, 200.0, 200.0, 200.0, 200.0, 200.0, 200.0, 200.0, 200.0, 200.0, 200.0, 200.0, 200.0, 200.0, 200.0, 200.0, 200.0, 200.0, 200.0, 200.0, 200.0, 200.0, 200.0, 200.0, 200.0, 200.0, 200.0, 200.0, 200.0]",1,5434.92,123.965,-1.6649,0.0977787,-0.8,"[14.4678, 14.9269, 16.5833, 20.2017, 28.3072, 40.8621, 53.3475, 77.671, 144.788, 200.0, 7.17079, 3.31261, 2.1645, 1.61653, 1.09105, 0.764159, 0.620528, 0.554137, 0.533417]",-0.928884,"[99.8791, 103.881, 109.247, 110.495]",0.334243
1.0,0.00527336,0.0,0.0,14.99,0.0,42.6867,142.686,93.8734,4,"[200.0, 200.0, 200.0, 200.0, 200.0, 200.0, 200.0, 200.0, 200.0, 200.0, 200.0, 200.0, 200.0, 200.0, 200.0, 200.0, 200.0, 200.0, 200.0, 200.0, 200.0, 200.0, 200.0, 200.0, 200.0, 200.0, 200.0, 200.0, 200.0, 200.0, 200.0, 200.0, 200.0, 200.0, 200.0, 200.0]",1,5378.7,124.2,-0.229195,0.081948,0.13,"[14.4682, 14.9998, 16.7574, 20.5696, 29.2031, 42.9241, 57.023, 85.8876, 176.652, 100.888, 5.75725, 2.97483, 2.0159, 1.53331, 1.05441, 0.748446, 0.612462, 0.550013, 0.532022]",-0.929065,"[100.21, 104.966, 108.337, 108.697]",0.333397
1.0,0.0246353,0.0,0.0,15.01,0.0,43.3768,143.376,93.8729,4,"[200.0, 200.0, 200.0, 200.0, 200.0, 200.0, 200.0, 200.0, 200.0, 200.0, 200.0, 200.0, 200.0, 200.0, 200.0, 200.0, 200.0, 200.0, 200.0, 200.0, 200.0, 200.0, 200.0, 200.0, 200.0, 200.0, 200.0, 200.0, 200.0, 200.0, 200.0, 200.0, 200.0, 200.0, 200.0, 200.0]",1,5412.03,124.34,1.26507,0.0758634,0.129,"[14.4791, 15.0895, 16.9603, 20.9939, 30.2492, 45.4082, 61.6085, 96.9267, 200.0, 21.3239, 4.70381, 2.65482, 1.85913, 1.43884, 1.00784, 0.725196, 0.5982, 0.540393, 0.525426]",-0.929964,"[101.5, 106.794, 109.835, 109.403]",0.335259
1.0,0.0398839,0.0,0.0,15.03,0.0,44.0682,144.067,93.8723,4,"[200.0, 200.0, 200.0, 200.0, 200.0, 200.0, 200.0, 200.0, 200.0, 200.0, 200.0, 200.0, 200.0, 200.0, 200.0, 200.0, 200.0, 200.0, 200.0, 200.0, 200.0, 200.0, 200.0, 200.0, 200.0, 200.0, 200.0, 200.0, 200.0, 200.0, 200.0, 200.0, 200.0, 200.0, 200.0, 200.0]",1,5523.09,124.507,3.21009,0.161114,0.129,"[14.4959, 15.1695, 17.1332, 21.3524, 31.1444, 47.6022, 65.8086, 107.897, 200.0, 12.9316, 4.0662, 2.42331, 1.73537, 1.35971, 0.965352, 0.701782, 0.582449, 0.528589, 0.516037]",-0.93125,"[102.705, 106.101, 110.936, 111.87]",0.335662
1.0,0.0484163,0.0,0.0,15.05,0.0,44.7611,144.76,93.8718,4,"[200.0, 200.0, 200.0, 200.0, 200.0, 200.0, 200.0, 200.0, 200.0, 200.0, 200.0, 200.0, 200.0, 200.0, 200.0, 200.0, 200.0, 200.0, 200.0, 200.0, 200.0, 200.0, 200.0, 200.0, 200.0, 200.0, 200.0, 200.0, 200.0, 200.0, 200.0, 200.0, 200.0, 200.0, 200.0, 200.0]",1,5464.28,124.791,4.04667,0.137604,0.129,"[14.5113, 15.2208, 17.2384, 21.567, 31.6814, 48.9438, 68.4442, 115.233, 200.0, 10.4498, 3.73885, 2.28733, 1.65674, 1.3065, 0.934265, 0.682975, 0.568756, 0.517479, 0.506336]",-0.932568,"[103.622, 105.639, 111.289, 109.48]",0.335992
1.0,0.0513221,0.0,0.0,15.07,0.0,45.4554,145.455,93.8713,4,"[200.0, 200.0, 200.0, 200.0, 200.0, 200.0, 200.0, 200.0, 200.0, 200.0, 200.0, 200.0, 200.0, 200.0, 200.0, 200.0, 200.0, 200.0, 200.0, 200.0, 200.0, 200.0, 200.0, 200.0, 200.0, 200.0, 200.0, 200.0, 200.0, 200.0, 200.0, 200.0, 200.0, 200.0, 200.0, 200.0]",1,5400.18,125.091,4.32711,0.135187,0.129,"[14.5242, 15.2464, 17.2837, 21.6525, 31.8852, 49.4439, 69.4266, 118.024, 200.0, 9.64803, 3.58275, 2.21015, 1.60679, 1.26981, 0.910203, 0.66663, 0.555778, 0.506109, 0.495592]",-0.934008,"[104.756, 105.363, 110.407, 107.873]",0.336854
1.0,0.0501779,0.0,0.0,15.09,0.0,46.1513,146.15,93.8707,4,"[200.0, 200.0, 200.0, 200.0, 200.0, 200.0, 200.0, 200.0, 200.0, 200.0, 200.0, 200.0, 200.0, 200.0, 200.0, 200.0, 200.0, 200.0, 200.0, 200.0, 200.0, 200.0, 200.0, 200.0, 200.0, 200.0, 200.0, 200.0, 200.0, 200.0, 200.0, 200.0, 200.0, 200.0, 200.0, 200.0]",1,5557.25,125.273,4.07534,0.0381289,0.13,"[14.5357, 15.2537, 17.2856, 21.6435, 31.8411, 49.3022, 69.1155, 117.043, 200.0, 9.62169, 3.52227, 2.1658, 1.57227, 1.24149, 0.889069, 0.650674, 0.542232, 0.493605, 0.483202]",-0.935654,"[105.597, 105.04, 111.739, 112.326]",0.336942
1.0,0.0460022,0.0,0.0,15.11,0.0,46.8488,146.848,93.8702,4,"[200.0, 200.0, 200.0, 200.0, 200.0, 200.0, 200.0, 200.0, 200.0, 200.0, 200.0, 200.0, 200.0, 200.0, 200.0, 200.0, 200.0, 200.0, 200.0, 200.0, 200.0, 200.0, 200.0, 200.0, 200.0, 200.0, 200.0, 200.0, 200.0, 200.0, 200.0, 200.0, 200.0, 200.0, 200.0, 200.0]",1,5459.67,125.645,3.32335,0.0093133,0.13,"[14.5463, 15.2475, 17.2552, 21.5643, 31.6132, 48.6886, 67.8614, 113.366, 200.0, 10.2011, 3.53046, 2.14448, 1.5484, 1.21887, 0.869853, 0.634895, 0.528215, 0.480247, 0.469605]",-0.937452,"[105.969, 104.957, 110.657, 109.358]",0.338456
1.0,0.0396456,0.0,0.0,15.13,0.0,47.5477,147.547,93.8697,4,"[200.0, 200.0, 200.0, 200.0, 200.0, 200.0, 200.0, 200.0, 200.0, 200.0, 200.0, 200.0, 200.0, 200.0, 200.0, 200.0, 200.0, 200.0, 200.0, 200.0, 200.0, 200.0, 200.0, 200.0, 200.0, 200.0, 200.0, 200.0, 200.0, 200.0, 200.0, 200.0, 200.0, 200.0, 200.0, 200.0]",1,5390.2,125.978,2.52812,0.000372721,0.13,"[14.5563, 15.2317, 17.2021, 21.436, 31.2603, 47.7654, 66.0138, 108.157, 200.0, 11.4828, 3.59577, 2.1413, 1.53291, 1.20086, 0.852397, 0.61957, 0.514168, 0.466588, 0.45548]",-0.939317,"[106.632, 104.885, 110.636, 107.969]",0.338029
1.0,0.0318287,0.0,0.0,15.15,0.0,48.2482,148.247,93.8691,4,"[200.0, 200.0, 200.0, 200.0, 200.0, 200.0, 200.0, 200.0, 200.0, 200.0, 200.0, 200.0, 200.0, 200.0, 200.0, 200.0, 200.0, 200.0, 200.0, 200.0, 200.0, 200.0, 200.0, 200.0, 200.0, 200.0, 200.0, 200.0, 200.0, 200.0, 200.0, 200.0, 200.0, 200.0, 200.0, 200.0]",1,5565.06,126.172,1.70367,-0.148621,0.13,"[14.5661, 15.2097, 17.1345, 21.2771, 30.8326, 46.6712, 63.8685, 102.368, 200.0, 13.8656, 3.71378, 2.15348, 1.52456, 1.18695, 0.836798, 0.605071, 0.500567, 0.45318, 0.441473]",-0.941167,"[106.976, 104.954, 111.088, 112.876]",0.335605
1.0,0.0235432,0.0,0.0,15.17,0.0,48.9503,148.949,93.8686,4,"[200.0, 200.0, 200.0, 200.0, 200.0, 200.0, 200.0, 200.0, 200.0, 200.0, 200.0, 200.0, 200.0, 200.0, 200.0, 200.0, 200.0, 200.0, 200.0, 200.0, 200.0, 200.0, 200.0, 200.0, 200.0, 200.0, 200.0, 200.0, 200.0, 200.0, 200.0, 200.0, 200.0, 200.0, 200.0, 200.0]",1,5528.8,126.482,0.933195,-0.120544,0.13,"[14.5757, 15.1857, 17.0625, 21.1102, 30.3909, 45.5643, 61.742, 96.8752, 200.0, 18.1965, 3.87368, 2.17683, 1.52179, 1.17667, 0.823383, 0.592025, 0.488133, 0.440816, 0.428483]",-0.942885,"[107.307, 105.288, 112.111, 110.419]",0.337299
1.0,0.0144053,0.0,0.0,15.19,0.0,49.6538,149.653,93.8681,4,"[200.0, 200.0, 200.0, 200.0, 200.0, 200.0, 200.0, 200.0, 200.0, 200.0, 200.0, 200.0, 200.0, 200.0, 200.0, 200.0, 200.0, 200.0, 200.0, 200.0, 200.0, 200.0, 200.0, 200.0, 200.0, 200.0, 200.0, 200.0, 200.0, 200.0, 200.0, 200.0, 200.0, 200.0, 200.0, 200.0]",1,5390.99,126.865,0.104685,-0.186075,0.131,"[14.5842, 15.1572, 16.9816, 20.9266, 29.9148, 44.3986, 59.5507, 91.4594, 200.0, 28.972, 4.11181, 2.22204, 1.53035, 1.17387, 0.814435, 0.58188, 0.477972, 0.430441, 0.417379]",-0.944355,"[107.586, 105.127, 109.382, 108.201]",0.337647
1.0,0.00486597,0.0,0.0,15.21,0.0,50.3588,150.358,93.8675,4,"[200.0, 200.0, 200.0, 200.0, 200.0, 200.0, 200.0, 200.0, 200.0, 200.0, 200.0, 200.0, 200.0, 200.0, 200.0, 200.0, 200.0, 200.0, 200.0, 200.0, 200.0, 200.0, 200.0, 200.0, 200.0, 200.0, 200.0, 200.0, 200.0, 200.0, 200.0, 200.0, 200.0, 200.0, 200.0, 200.0]",1,5554.15,127.009,-0.59757,-0.287854,0.131,"[14.5913, 15.1258, 16.8961, 20.7361, 29.4307, 43.2402, 57.4192, 86.4127, 177.276, 84.0258, 4.4441, 2.29136, 1.55158, 1.17969, 0.810909, 0.575432, 0.470802, 0.422744, 0.408872]",-0.945484,"[107.76, 105.287, 113.707, 111.598]",0.332316
1.0,-0.00435884,0.0,0.0,15.23,0.0,51.0656,151.065,93.867,4,"[200.0, 200.0, 200.0, 200.0, 200.0, 200.0, 200.0, 200.0, 200.0, 200.0, 200.0, 200.0, 200.0, 200.0, 200.0, 200.0, 200.0, 200.0, 200.0, 200.0, 200.0, 200.0, 200.0, 200.0, 200.0, 200.0, 200.0, 200.0, 200.0, 200.0, 200.0, 200.0, 200.0, 200.0, 200.0, 200.0]",1,5517.11,127.295,-1.00936,-0.0702602,0.131,"[14.5966, 15.0939, 16.8124, 20.5531, 28.9744, 42.1725, 55.4941, 82.0306, 159.529, 200.0, 4.87301, 2.38286, 1.58499, 1.19421, 0.813242, 0.573206, 0.467156, 0.418275, 0.403551]",-0.946194,"[107.983, 105.572, 111.216, 112.1]",0.332258
1.0,-0.0141411,0.0,0.0,15.25,0.0,51.7736,151.773,93.8665,4,"[200.0, 200.0, 200.0, 200.0, 200.0, 200.0, 200.0, 200.0, 200.0, 200.0, 200.0, 200.0, 200.0, 200.0, 200.0, 200.0, 200.0, 200.0, 200.0, 200.0, 200.0, 200.0, 200.0, 200.0, 200.0, 200.0, 200.0, 200.0, 200.0, 200.0, 200.0, 200.0, 200.0, 200.0, 200.0, 200.0]",1,5493.65,127.588,-1.70177,-0.206227,0.133,"[14.5996, 15.0576, 16.7216, 20.3591, 28.5011, 41.0899, 53.5807, 77.8333, 144.202, 200.0, 5.50022, 2.51618, 1.63929, 1.22254, 0.823957, 0.576507, 0.467879, 0.417647, 0.401887]",-0.94642,"[108.278, 105.797, 112.106, 109.137]",0.335198
1.0,-0.0245349,0.0,0.0,15.27,0.0,52.4829,152.482,93.8659,4,"[200.0, 200.0, 200.0, 200.0, 200.0, 200.0, 200.0, 200.0, 200.0, 200.0, 200.0, 200.0, 200.0, 200.0, 200.0, 200.0, 200.0, 200.0, 200.0, 200.0, 200.0, 200.0, 200.0, 200.0, 200.0, 200.0, 200.0, 200.0, 200.0, 200.0, 200.0, 200.0, 200.0, 200.0, 200.0, 200.0]",1,5514.3,127.792,-2.21486,-0.0876078,0.133,"[14.6, 15.0163, 16.6231, 20.1529, 28.0094, 39.9911, 51.6771, 73.8061, 130.821, 200.0, 6.45127, 2.70639, 1.72066, 1.26835, 0.845025, 0.586519, 0.473852, 0.421597, 0.404554]",-0.946076,"[108.59, 105.771, 114.613, 109.752]",0.331381
1.0,-0.0342713,0.0,0.0,15.29,0.0,53.1937,153.193,93.8654,4,"[200.0, 200.0, 200.0, 200.0, 200.0, 200.0, 200.0, 200.0, 200.0, 200.0, 200.0, 200.0, 200.0, 200.0, 200.0, 200.0, 200.0, 200.0, 200.0, 200.0, 200.0, 200.0, 200.0, 200.0, 200.0, 200.0, 200.0, 200.0, 200.0, 200.0, 200.0, 200.0, 200.0, 200.0, 200.0, 200.0]",1,5645.27,127.975,-2.57701,-0.0770337,0.132,"[14.597, 14.9744, 16.528, 19.959, 27.5576, 39.0047, 50.0008, 70.3769, 120.328, 200.0, 7.76962, 2.94387, 1.82453, 1.32924, 0.875599, 0.603051, 0.48511, 0.430281, 0.411802]",-0.945125,"[108.508, 106.029, 112.876, 114.267]",0.328908
1.0,-0.0425048,0.0,0.0,15.31,0.0,53.9058,153.905,93.8649,4,"[200.0, 200.0, 200.0, 200.0, 200.0, 200.0, 200.0, 200.0, 200.0, 200.0, 200.0, 200.0, 200.0, 200.0, 200.0, 200.0, 200.0, 200.0, 200.0, 200.0, 200.0, 200.0, 200.0, 200.0, 200.0, 200.0, 200.0, 200.0, 200.0, 200.0, 200.0, 200.0, 200.0, 200.0, 200.0, 200.0]",1,5573.82,128.252,-3.3654,0.142636,-0.8,"[14.5906, 14.9351, 16.444, 19.7924, 27.1791, 38.1967, 48.6515, 67.6956, 112.648, 200.0, 9.44371, 3.20996, 1.94251, 1.40027, 0.913184, 0.624721, 0.500683, 0.442925, 0.422957]",-0.943657,"[108.547, 106.888, 113.725, 111.227]",0.332776
1.0,-0.0435497,0.0,0.0,15.33,0.0,54.6193,154.618,93.8643,4,"[200.0, 200.0, 200.0, 200.0, 200.0, 200.0, 200.0, 200.0, 200.0, 200.0, 200.0, 200.0, 200.0, 200.0, 200.0, 200.0, 200.0, 200.0, 200.0, 200.0, 200.0, 200.0, 200.0, 200.0, 200.0, 200.0, 200.0, 200.0, 200.0, 200.0, 200.0, 200.0, 200.0, 200.0, 200.0, 200.0]",1,5477.41,128.566,-3.67364,0.171284,-0.8,"[14.5807, 14.9208, 16.4231, 19.7591, 27.1148, 38.0727, 48.455, 67.3275, 111.672, 200.0, 9.91124, 3.31638, 2.00049, 1.44006, 0.937913, 0.641084, 0.513553, 0.454158, 0.43356]",-0.942247,"[107.453, 107.023, 110.825, 110.189]",0.333686
1.0,-0.0373382,0.0,0.0,15.35,0.0,55.3338,155.333,93.8638,4,"[200.0, 200.0, 200.0, 200.0, 200.0, 200.0, 200.0, 200.0, 200.0, 200.0, 200.0, 200.0, 200.0, 200.0, 200.0, 200.0, 200.0, 200.0, 200.0, 200.0, 200.0, 200.0, 200.0, 200.0, 200.0, 200.0, 200.0, 200.0, 200.0, 200.0, 200.0, 200.0, 200.0, 200.0, 200.0, 200.0]",1,5639.86,128.605,-3.5186,0.171585,-0.8,"[14.5679, 14.9323, 16.4664, 19.8602, 27.3651, 38.6289, 49.399, 69.2269, 117.134, 200.0, 8.86245, 3.23404, 1.98715, 1.44212, 0.94646, 0.650237, 0.522349, 0.462858, 0.442611]",-0.941026,"[106.173, 106.842, 113.453, 114.589]",0.331972
1.0,-0.0257608,0.0,0.0,15.37,0.0,56.0494,156.049,93.8633,4,"[200.0, 200.0, 200.0, 200.0, 200.0, 200.0, 200.0, 200.0, 200.0, 200.0, 200.0, 200.0, 200.0, 200.0, 200.0, 200.0, 200.0, 200.0, 200.0, 200.0, 200.0, 200.0, 200.0, 200.0, 200.0, 200.0, 200.0, 200.0, 200.0, 200.0, 200.0, 200.0, 200.0, 200.0, 200.0, 200.0]",1,5560.84,128.814,-2.68031,0.374011,-0.8,"[14.556, 14.9661, 16.5614, 20.0682, 27.8682, 39.7452, 51.3063, 73.1371, 129.015, 200.0, 7.30233, 3.0282, 1.91938, 1.41281, 0.93995, 0.651777, 0.52629, 0.468071, 0.449001]",-0.940153,"[104.735, 107.36, 111.184, 114.306]",0.334505
1.0,-0.0107747,0.0,0.0,15.39,0.0,56.7657,156.765,93.8627,4,"[200.0, 200.0, 200.0, 200.0, 200.0, 200.0, 200.0, 200.0, 200.0, 200.0, 200.0, 200.0, 200.0, 200.0, 200.0, 200.0, 200.0, 200.0, 200.0, 200.0, 200.0, 200.0, 200.0, 200.0, 200.0, 200.0, 200.0, 200.0, 200.0, 200.0, 200.0, 200.0, 200.0, 200.0, 200.0, 200.0]",1,5587.28,129.04,-1.31935,0.234789,0.131,"[14.549, 15.0189, 16.6959, 20.356, 28.5648, 41.3153, 54.0398, 78.9592, 148.626, 200.0, 5.91312, 2.77171, 1.81912, 1.36155, 0.920969, 0.646031, 0.525065, 0.469186, 0.45189]",-0.939752,"[104.652, 108.553, 112.485, 112.707]",0.337794
1.0,0.006482,0.0,0.0,15.41,0.0,57.4828,157.482,93.8622,4,"[200.0, 200.0, 200.0, 200.0, 200.0, 200.0, 200.0, 200.0, 200.0, 200.0, 200.0, 200.0, 200.0, 200.0, 200.0, 200.0, 200.0, 200.0, 200.0, 200.0, 200.0, 200.0, 200.0, 200.0, 200.0, 200.0, 200.0, 200.0, 200.0, 200.0, 200.0, 200.0, 200.0, 200.0, 200.0, 200.0]",1,5644.2,129.175,0.121613,0.207685,0.132,"[14.5497, 15.0891, 16.8636, 20.7106, 29.4297, 43.3117, 57.6092, 86.9859, 180.297, 69.5235, 4.81403, 2.50321, 1.70008, 1.29458, 0.891307, 0.63322, 0.518433, 0.465745, 0.450657]",-0.939914,"[106.288, 110.533, 115.793, 112.917]",0.337481
1.0,0.0203469,0.0,0.0,15.43,0.0,58.2012,158.2,93.8616,4,"[200.0, 200.0, 200.0, 200.0, 200.0, 200.0, 200.0, 200.0, 200.0, 200.0, 200.0, 200.0, 200.0, 200.0, 200.0, 200.0, 200.0, 200.0, 200.0, 200.0, 200.0, 200.0, 200.0, 200.0, 200.0, 200.0, 200.0, 200.0, 200.0, 200.0, 200.0, 200.0, 200.0, 200.0, 200.0, 200.0]",1,5750.63,129.388,2.0887,0.154443,0.13,"[14.5553, 15.1514, 17.0069, 21.0119, 30.1742, 45.0772, 60.8596, 94.7566, 200.0, 22.0037, 4.1681, 2.3118, 1.60793, 1.23987, 0.86505, 0.620614, 0.511036, 0.461052, 0.44777]",-0.94031,"[106.703, 110.084, 114.031, 117.608]",0.337254
1.0,0.0287979,0.0,0.0,15.45,0.0,58.9212,158.92,93.8611,4,"[200.0, 200.0, 200.0, 200.0, 200.0, 200.0, 200.0, 200.0, 200.0, 200.0, 200.0, 200.0, 200.0, 200.0, 200.0, 200.0, 200.0, 200.0, 200.0, 200.0, 200.0, 200.0, 200.0, 200.0, 200.0, 200.0, 200.0, 200.0, 200.0, 200.0, 200.0, 200.0, 200.0, 200.0, 200.0, 200.0]",1,5755.07,129.644,3.15708,0.0467836,0.13,"[14.5612, 15.1921, 17.0982, 21.2034, 30.6517, 46.2332, 63.0369, 100.229, 200.0, 15.449, 3.84129, 2.2029, 1.55252, 1.20573, 0.847745, 0.611733, 0.50546, 0.457191, 0.445021]",-0.940688,"[107.374, 109.672, 116.532, 115.343]",0.340021
1.0,0.0325376,0.0,0.0,15.47,0.0,59.6425,159.642,93.8605,4,"[200.0, 200.0, 200.0, 200.0, 200.0, 200.0, 200.0, 200.0, 200.0, 200.0, 200.0, 200.0, 200.0, 200.0, 200.0, 200.0, 200.0, 200.0, 200.0, 200.0, 200.0, 200.0, 200.0, 200.0, 200.0, 200.0, 200.0, 200.0, 200.0, 200.0, 200.0, 200.0, 200.0, 200.0, 200.0, 200.0]",1,5627.18,129.992,3.55777,-0.14496,0.13,"[14.5656, 15.2121, 17.141, 21.2919, 30.8717, 46.7695, 64.0587, 102.869, 200.0, 13.5896, 3.69899, 2.15033, 1.52391, 1.18712, 0.837445, 0.605829, 0.501336, 0.453973, 0.442329]",-0.941054,"[108.463, 109.536, 114.785, 112.777]",0.34007
1.0,0.0322329,0.0,0.0,15.49,0.0,60.3655,160.365,93.8599,4,"[200.0, 200.0, 200.0, 200.0, 200.0, 200.0, 200.0, 200.0, 200.0, 200.0, 200.0, 200.0, 200.0, 200.0, 200.0, 200.0, 200.0, 200.0, 200.0, 200.0, 200.0, 200.0, 200.0, 200.0, 200.0, 200.0, 200.0, 200.0, 200.0, 200.0, 200.0, 200.0, 200.0, 200.0, 200.0, 200.0]",1,5710.13,130.207,3.58846,-0.319857,0.13,"[14.5689, 15.2143, 17.1419, 21.29, 30.8614, 46.7371, 63.9904, 102.675, 200.0, 13.6111, 3.67948, 2.13667, 1.51356, 1.17877, 0.831328, 0.60128, 0.497511, 0.450468, 0.438878]",-0.941513,"[109.286, 109.249, 116.21, 115.508]",0.336071
1.0,0.0290136,0.0,0.0,15.51,0.0,61.0901,161.089,93.8593,4,"[200.0, 200.0, 200.0, 200.0, 200.0, 200.0, 200.0, 200.0, 200.0, 200.0, 200.0, 200.0, 200.0, 200.0, 200.0, 200.0, 200.0, 200.0, 200.0, 200.0, 200.0, 200.0, 200.0, 200.0, 200.0, 200.0, 200.0, 200.0, 200.0, 200.0, 200.0, 200.0, 200.0, 200.0, 200.0, 200.0]",1,5689.64,130.512,3.15511,-0.260629,0.13,"[14.5715, 15.2037, 17.1124, 21.2231, 30.6854, 46.2955, 63.1383, 100.446, 200.0, 14.9839, 3.74662, 2.15033, 1.51597, 1.17755, 0.828093, 0.597639, 0.493857, 0.446725, 0.434859]",-0.942043,"[110.14, 109.121, 113.967, 116.542]",0.334832
1.0,0.0234594,0.0,0.0,15.53,0.0,61.8165,161.816,93.8588,4,"[200.0, 200.0, 200.0, 200.0, 200.0, 200.0, 200.0, 200.0, 200.0, 200.0, 200.0, 200.0, 200.0, 200.0, 200.0, 200.0, 200.0, 200.0, 200.0, 200.0, 200.0, 200.0, 200.0, 200.0, 200.0, 200.0, 200.0, 200.0, 200.0, 200.0, 200.0, 200.0, 200.0, 200.0, 200.0, 200.0]",1,5631.84,130.87,2.40826,-0.362378,0.13,"[14.5734, 15.1829, 17.059, 21.1051, 30.3814, 45.5458, 61.7111, 96.8067, 200.0, 18.3588, 3.89726, 2.18934, 1.53034, 1.1832, 0.827885, 0.595228, 0.490757, 0.443175, 0.430765]",-0.94258,"[110.547, 109.21, 113.911, 112.942]",0.335782
1.0,0.015817,0.0,0.0,15.55,0.0,62.5443,162.543,93.8582,4,"[200.0, 200.0, 200.0, 200.0, 200.0, 200.0, 200.0, 200.0, 200.0, 200.0, 200.0, 200.0, 200.0, 200.0, 200.0, 200.0, 200.0, 200.0, 200.0, 200.0, 200.0, 200.0, 200.0, 200.0, 200.0, 200.0, 200.0, 200.0, 200.0, 200.0, 200.0, 200.0, 200.0, 200.0, 200.0, 200.0]",1,5563.65,131.187,1.63883,-0.178823,0.131,"[14.5746, 15.1529, 16.9844, 20.9429, 29.9703, 44.5494, 59.8448, 92.2033, 200.0, 27.0125, 4.15194, 2.2581, 1.5589, 1.19728, 0.831794, 0.594872, 0.488929, 0.440498, 0.427292]",-0.943035,"[111.164, 109.058, 114.808, 111.174]",0.33296
1.0,0.00691347,0.0,0.0,15.57,0.0,63.2737,163.273,93.8577,4,"[200.0, 200.0, 200.0, 200.0, 200.0, 200.0, 200.0, 200.0, 200.0, 200.0, 200.0, 200.0, 200.0, 200.0, 200.0, 200.0, 200.0, 200.0, 200.0, 200.0, 200.0, 200.0, 200.0, 200.0, 200.0, 200.0, 200.0, 200.0, 200.0, 200.0, 200.0, 200.0, 200.0, 200.0, 200.0, 200.0]",1,5733.14,131.363,0.852281,-0.140744,0.131,"[14.5751, 15.1172, 16.8973, 20.7557, 29.5034, 43.4398, 57.8052, 87.3597, 181.579, 61.5171, 4.52242, 2.35681, 1.60191, 1.22032, 0.840539, 0.597338, 0.489144, 0.439491, 0.425302]",-0.943294,"[111.472, 109.114, 115.794, 116.277]",0.329429
1.0,-0.00221324,0.0,0.0,15.59,0.0,64.0046,164.004,93.8571,4,"[200.0, 200.0, 200.0, 200.0, 200.0, 200.0, 200.0, 200.0, 200.0, 200.0, 200.0, 200.0, 200.0, 200.0, 200.0, 200.0, 200.0, 200.0, 200.0, 200.0, 200.0, 200.0, 200.0, 200.0, 200.0, 200.0, 200.0, 200.0, 200.0, 200.0, 200.0, 200.0, 200.0, 200.0, 200.0, 200.0]",1,5710.07,131.652,0.182918,0.0946837,0.131,"[14.5744, 15.0796, 16.8076, 20.5658, 29.0375, 42.3552, 55.8499, 82.8903, 163.097, 200.0, 5.01026, 2.48224, 1.65819, 1.25206, 0.854528, 0.603261, 0.492099, 0.440902, 0.425626]",-0.94325,"[111.724, 109.413, 116.291, 114.673]",0.331385
1.0,-0.011963,0.0,0.0,15.61,0.0,64.737,164.736,93.8565,4,"[200.0, 200.0, 200.0, 200.0, 200.0, 200.0, 200.0, 200.0, 200.0, 200.0, 200.0, 200.0, 200.0, 200.0, 200.0, 200.0, 200.0, 200.0, 200.0, 200.0, 200.0, 200.0, 200.0, 200.0, 200.0, 200.0, 200.0, 200.0, 200.0, 200.0, 200.0, 200.0, 200.0, 200.0, 200.0, 200.0]",1,5640.61,131.989,-0.588865,0.086802,0.133,"[14.572, 15.0378, 16.7109, 20.3643, 28.5524, 41.2498, 53.8955, 78.5849, 147.082, 200.0, 5.70282, 2.65075, 1.73526, 1.29714, 0.876292, 0.614139, 0.49889, 0.445631, 0.429067]",-0.942795,"[111.998, 109.441, 114.714, 112.677]",0.333888
1.0,-0.0219568,0.0,0.0,15.63,0.0,65.4707,165.47,93.8559,4,"[200.0, 200.0, 200.0, 200.0, 200.0, 200.0, 200.0, 200.0, 200.0, 200.0, 200.0, 200.0, 200.0, 200.0, 200.0, 200.0, 200.0, 200.0, 200.0, 200.0, 200.0, 200.0, 200.0, 200.0, 200.0, 200.0, 200.0, 200.0, 200.0, 200.0, 200.0, 200.0, 200.0, 200.0, 200.0, 200.0]",1,5693.36,132.196,-1.21506,0.11213,0.132,"[14.5673, 14.993, 16.6103, 20.1586, 28.0671, 40.1685, 52.0204, 74.5991, 133.605, 200.0, 6.68331, 2.86985, 1.83614, 1.3575, 0.90706, 0.630846, 0.510241, 0.454343, 0.43628]",-0.941843,"[112.192, 109.549, 117.876, 113.129]",0.332099
1.0,-0.0315312,0.0,0.0,15.65,0.0,66.2058,166.205,93.8554,4,"[200.0, 200.0, 200.0, 200.0, 200.0, 200.0, 200.0, 200.0, 200.0, 200.0, 200.0, 200.0, 200.0, 200.0, 200.0, 200.0, 200.0, 200.0, 200.0, 200.0, 200.0, 200.0, 200.0, 200.0, 200.0, 200.0, 200.0, 200.0, 200.0, 200.0, 200.0, 200.0, 200.0, 200.0, 200.0, 200.0]",1,5819.17,132.388,-1.70119,0.124356,0.132,"[14.56, 14.9473, 16.5117, 19.9613, 27.6115, 39.1756, 50.3308, 71.1248, 122.789, 200.0, 8.02853, 3.13821, 1.95953, 1.43243, 0.946643, 0.653418, 0.52627, 0.467197, 0.447463]",-0.940368,"[112.228, 109.763, 116.666, 117.531]",0.331779
1.0,-0.0399732,0.0,0.0,15.67,0.0,66.9423,166.941,93.8548,4,"[200.0, 200.0, 200.0, 200.0, 200.0, 200.0, 200.0, 200.0, 200.0, 200.0, 200.0, 200.0, 200.0, 200.0, 200.0, 200.0, 200.0, 200.0, 200.0, 200.0, 200.0, 200.0, 200.0, 200.0, 200.0, 200.0, 200.0, 200.0, 200.0, 200.0, 200.0, 200.0, 200.0, 200.0, 200.0, 200.0]",1,5770.69,132.66,-2.70984,0.198972,-0.8,"[14.5503, 14.9038, 16.422, 19.7859, 27.2153, 38.3303, 48.9166, 68.2999, 114.571, 200.0, 9.7588, 3.43898, 2.09695, 1.51664, 0.992175, 0.680177, 0.545753, 0.483188, 0.461722]",-0.938486,"[112.341, 110.484, 117.816, 115.176]",0.334536
1.0,-0.0420843,0.0,0.0,15.69,0.0,67.6801,167.679,93.8542,4,"[200.0, 200.0, 200.0, 200.0, 200.0, 200.0, 200.0, 200.0, 200.0, 200.0, 200.0, 200.0, 200.0, 200.0, 200.0, 200.0, 200.0, 200.0, 200.0, 200.0, 200.0, 200.0, 200.0, 200.0, 200.0, 200.0, 200.0, 200.0, 200.0, 200.0, 200.0, 200.0, 200.0, 200.0, 200.0, 200.0]",1,5704.41,132.973,-3.13334,0.0563444,-0.8,"[14.5382, 14.8831, 16.3888, 19.7293, 27.0998, 38.099, 48.5426, 67.5825, 112.608, 200.0, 10.5097, 3.59447, 2.17797, 1.57088, 1.02498, 0.701447, 0.562282, 0.497485, 0.475112]",-0.936708,"[111.608, 110.516, 116.101, 113.77]",0.335544
1.0,-0.0379033,0.0,0.0,15.71,0.0,68.419,168.418,93.8536,4,"[200.0, 200.0, 200.0, 200.0, 200.0, 200.0, 200.0, 200.0, 200.0, 200.0, 200.0, 200.0, 200.0, 200.0, 200.0, 200.0, 200.0, 200.0, 200.0, 200.0, 200.0, 200.0, 200.0, 200.0, 200.0, 200.0, 200.0, 200.0, 200.0, 200.0, 200.0, 200.0, 200.0, 200.0, 200.0, 200.0]",1,5860.31,133.029,-3.21101,-0.0333592,-0.8,"[14.5239, 14.885, 16.4114, 19.7894, 27.2575, 38.4581, 49.1588, 68.8357, 116.254, 200.0, 9.86031, 3.5721, 2.19132, 1.58913, 1.04223, 0.715704, 0.574794, 0.509238, 0.486888]",-0.935128,"[109.942, 110.158, 118.992, 118.302]",0.334958
1.0,-0.0284096,0.0,0.0,15.73,0.0,69.1591,169.158,93.853,4,"[200.0, 200.0, 200.0, 200.0, 200.0, 200.0, 200.0, 200.0, 200.0, 200.0, 200.0, 200.0, 200.0, 200.0, 200.0, 200.0, 200.0, 200.0, 200.0, 200.0, 200.0, 200.0, 200.0, 200.0, 200.0, 200.0, 200.0, 200.0, 200.0, 200.0, 200.0, 200.0, 200.0, 200.0, 200.0, 200.0]",1,5835.9,133.211,-2.60316,0.0156686,-0.8,"[14.5099, 14.9082, 16.4841, 19.9531, 27.6585, 39.3517, 50.6864, 71.9617, 125.665, 200.0, 8.43126, 3.40616, 2.1444, 1.5735, 1.04367, 0.722186, 0.582462, 0.517594, 0.496151]",-0.933873,"[108.763, 110.635, 115.777, 119.22]",0.335299
1.0,-0.0148696,0.0,0.0,15.75,0.0,69.9,169.899,93.8524,4,"[200.0, 200.0, 200.0, 200.0, 200.0, 200.0, 200.0, 200.0, 200.0, 200.0, 200.0, 200.0, 200.0, 200.0, 200.0, 200.0, 200.0, 200.0, 200.0, 200.0, 200.0, 200.0, 200.0, 200.0, 200.0, 200.0, 200.0, 200.0, 200.0, 200.0, 200.0, 200.0, 200.0, 200.0, 200.0, 200.0]",1,5844.99,133.384,-1.50552,-0.00736992,-0.8,"[14.4998, 14.9517, 16.6004, 20.2053, 28.2713, 40.7304, 53.0771, 77.0064, 142.197, 200.0, 6.93787, 3.15652, 2.05313, 1.52996, 1.03033, 0.720504, 0.58456, 0.521681, 0.501897]",-0.933088,"[107.926, 111.072, 117.901, 117.612]",0.335078
1.0,0.00175287,0.0,0.0,15.77,0.0,70.6415,170.641,93.8517,4,"[200.0, 200.0, 200.0, 200.0, 200.0, 200.0, 200.0, 200.0, 200.0, 200.0, 200.0, 200.0, 200.0, 200.0, 200.0, 200.0, 200.0, 200.0, 200.0, 200.0, 200.0, 200.0, 200.0, 200.0, 200.0, 200.0, 200.0, 200.0, 200.0, 200.0, 200.0, 200.0, 200.0, 200.0, 200.0, 200.0]",1,5776.03,133.619,-0.0583926,-0.0748985,0.131,"[14.4968, 15.0152, 16.7564, 20.5375, 29.0818, 42.5908, 56.38, 84.3217, 169.732, 200.0, 5.66093, 2.86968, 1.93184, 1.4644, 1.00349, 0.710483, 0.580536, 0.520777, 0.503268]",-0.932898,"[108.048, 111.917, 116.166, 116.944]",0.334543
1.0,0.0197405,0.0,0.0,15.79,0.0,71.3838,171.383,93.8511,4,"[200.0, 200.0, 200.0, 200.0, 200.0, 200.0, 200.0, 200.0, 200.0, 200.0, 200.0, 200.0, 200.0, 200.0, 200.0, 200.0, 200.0, 200.0, 200.0, 200.0, 200.0, 200.0, 200.0, 200.0, 200.0, 200.0, 200.0, 200.0, 200.0, 200.0, 200.0, 200.0, 200.0, 200.0, 200.0, 200.0]",1,5902.58,133.684,1.46981,-0.161083,0.131,"[14.503, 15.0945, 16.9397, 20.9235, 30.033, 44.836, 60.4926, 94.0502, 200.0, 25.3208, 4.67975, 2.58898, 1.79895, 1.38643, 0.966758, 0.69329, 0.570739, 0.51482, 0.499909]",-0.933358,"[109.455, 114.449, 119.953, 118.922]",0.334142
1.0,0.0344941,0.0,0.0,15.81,0.0,72.1274,172.127,93.8505,4,"[200.0, 200.0, 200.0, 200.0, 200.0, 200.0, 200.0, 200.0, 200.0, 200.0, 200.0, 200.0, 200.0, 200.0, 200.0, 200.0, 200.0, 200.0, 200.0, 200.0, 200.0, 200.0, 200.0, 200.0, 200.0, 200.0, 200.0, 200.0, 200.0, 200.0, 200.0, 200.0, 200.0, 200.0, 200.0, 200.0]",1,5911.97,133.922,3.4442,-0.0381035,0.129,"[14.515, 15.1673, 17.1012, 21.261, 30.8754, 46.8841, 64.3718, 103.928, 200.0, 14.3129, 4.06401, 2.37877, 1.69059, 1.31903, 0.932105, 0.675192, 0.559175, 0.506647, 0.493908]",-0.934185,"[110.554, 113.986, 118.104, 120.497]",0.33374
1.0,0.0424361,0.0,0.0,15.83,0.0,72.8728,172.872,93.8499,4,"[200.0, 200.0, 200.0, 200.0, 200.0, 200.0, 200.0, 200.0, 200.0, 200.0, 200.0, 200.0, 200.0, 200.0, 200.0, 200.0, 200.0, 200.0, 200.0, 200.0, 200.0, 200.0, 200.0, 200.0, 200.0, 200.0, 200.0, 200.0, 200.0, 200.0, 200.0, 200.0, 200.0, 200.0, 200.0, 200.0]",1,5859.34,134.212,4.29144,-0.0425897,0.129,"[14.5262, 15.2118, 17.195, 21.4542, 31.3588, 48.0812, 66.694, 110.188, 200.0, 11.4755, 3.76396, 2.26147, 1.62512, 1.27583, 0.90777, 0.66103, 0.549184, 0.498781, 0.487267]",-0.93509,"[111.475, 113.397, 117.978, 118.344]",0.333916
1.0,0.0444417,0.0,0.0,15.85,0.0,73.6196,173.619,93.8493,4,"[200.0, 200.0, 200.0, 200.0, 200.0, 200.0, 200.0, 200.0, 200.0, 200.0, 200.0, 200.0, 200.0, 200.0, 200.0, 200.0, 200.0, 200.0, 200.0, 200.0, 200.0, 200.0, 200.0, 200.0, 200.0, 200.0, 200.0, 200.0, 200.0, 200.0, 200.0, 200.0, 200.0, 200.0, 200.0, 200.0]",1,5772.04,134.525,4.34103,0.043813,0.13,"[14.5355, 15.2297, 17.2264, 21.513, 31.497, 48.4143, 67.3365, 111.938, 200.0, 10.779, 3.64644, 2.20449, 1.58844, 1.24893, 0.890139, 0.649042, 0.539652, 0.490417, 0.479351]",-0.93615,"[112.921, 113.239, 117.456, 115.864]",0.334045
1.0,0.0419296,0.0,0.0,15.87,0.0,74.3678,174.367,93.8487,4,"[200.0, 200.0, 200.0, 200.0, 200.0, 200.0, 200.0, 200.0, 200.0, 200.0, 200.0, 200.0, 200.0, 200.0, 200.0, 200.0, 200.0, 200.0, 200.0, 200.0, 200.0, 200.0, 200.0, 200.0, 200.0, 200.0, 200.0, 200.0, 200.0, 200.0, 200.0, 200.0, 200.0, 200.0, 200.0, 200.0]",1,5852.22,134.761,3.93781,-0.0617735,0.13,"[14.5434, 15.2276, 17.2101, 21.4681, 31.366, 48.062, 66.6228, 109.901, 200.0, 11.1981, 3.64331, 2.1855, 1.56946, 1.23165, 0.87596, 0.637655, 0.529657, 0.480973, 0.469807]",-0.937414,"[113.514, 112.834, 120.009, 117.173]",0.333051
1.0,0.0364983,0.0,0.0,15.89,0.0,75.1177,175.117,93.8481,4,"[200.0, 200.0, 200.0, 200.0, 200.0, 200.0, 200.0, 200.0, 200.0, 200.0, 200.0, 200.0, 200.0, 200.0, 200.0, 200.0, 200.0, 200.0, 200.0, 200.0, 200.0, 200.0, 200.0, 200.0, 200.0, 200.0, 200.0, 200.0, 200.0, 200.0, 200.0, 200.0, 200.0, 200.0, 200.0, 200.0]",1,5885.18,135.042,3.1584,0.0735356,0.13,"[14.5507, 15.2128, 17.1635, 21.3576, 31.0661, 47.2873, 65.0895, 105.678, 200.0, 12.5791, 3.71824, 2.19132, 1.56183, 1.22051, 0.863994, 0.626692, 0.519425, 0.470914, 0.459319]",-0.938798,"[114.253, 112.687, 118.246, 119.682]",0.333216
1.0,0.0292746,0.0,0.0,15.91,0.0,75.8691,175.868,93.8475,4,"[200.0, 200.0, 200.0, 200.0, 200.0, 200.0, 200.0, 200.0, 200.0, 200.0, 200.0, 200.0, 200.0, 200.0, 200.0, 200.0, 200.0, 200.0, 200.0, 200.0, 200.0, 200.0, 200.0, 200.0, 200.0, 200.0, 200.0, 200.0, 200.0, 200.0, 200.0, 200.0, 200.0, 200.0, 200.0, 200.0]",1,5859.49,135.375,2.22473,0.0355243,0.13,"[14.5577, 15.1904, 17.0989, 21.2087, 30.671, 46.2879, 63.1477, 100.53, 200.0, 15.3243, 3.85758, 2.21616, 1.56299, 1.21433, 0.85416, 0.616562, 0.509547, 0.460955, 0.448742]",-0.940193,"[114.579, 112.843, 118.789, 117.236]",0.335223
1.0,0.0205489,0.0,0.0,15.93,0.0,76.622,176.621,93.8469,4,"[200.0, 200.0, 200.0, 200.0, 200.0, 200.0, 200.0, 200.0, 200.0, 200.0, 200.0, 200.0, 200.0, 200.0, 200.0, 200.0, 200.0, 200.0, 200.0, 200.0, 200.0, 200.0, 200.0, 200.0, 200.0, 200.0, 200.0, 200.0, 200.0, 200.0, 200.0, 200.0, 200.0, 200.0, 200.0, 200.0]",1,5757.63,135.736,1.26904,0.0607246,0.13,"[14.5641, 15.1614, 17.0191, 21.0289, 30.2033, 45.1309, 60.9459, 94.9366, 200.0, 21.3642, 4.07949, 2.26457, 1.5756, 1.21515, 0.847961, 0.608438, 0.501052, 0.452072, 0.439073]",-0.941469,"[115.045, 112.699, 117.426, 115.55]",0.335456
1.0,0.0110206,0.0,0.0,15.95,0.0,77.3765,177.376,93.8463,4,"[200.0, 200.0, 200.0, 200.0, 200.0, 200.0, 200.0, 200.0, 200.0, 200.0, 200.0, 200.0, 200.0, 200.0, 200.0, 200.0, 200.0, 200.0, 200.0, 200.0, 200.0, 200.0, 200.0, 200.0, 200.0, 200.0, 200.0, 200.0, 200.0, 200.0, 200.0, 200.0, 200.0, 200.0, 200.0, 200.0]",1,5944.66,135.889,0.369127,-0.0624484,0.13,"[14.5698, 15.1284, 16.9314, 20.8344, 29.7066, 43.9293, 58.7079, 89.4978, 191.263, 39.121, 4.39349, 2.33686, 1.60004, 1.22356, 0.846157, 0.603098, 0.494707, 0.44505, 0.431155]",-0.942516,"[115.316, 112.841, 121.469, 119.264]",0.332865
1.0,0.00139246,0.0,0.0,15.97,0.0,78.1326,178.132,93.8456,4,"[200.0, 200.0, 200.0, 200.0, 200.0, 200.0, 200.0, 200.0, 200.0, 200.0, 200.0, 200.0, 200.0, 200.0, 200.0, 200.0, 200.0, 200.0, 200.0, 200.0, 200.0, 200.0, 200.0, 200.0, 200.0, 200.0, 200.0, 200.0, 200.0, 200.0, 200.0, 200.0, 200.0, 200.0, 200.0, 200.0]",1,5930.12,136.185,-0.34163,0.0531741,0.131,"[14.5742, 15.094, 16.8424, 20.6398, 29.219, 42.7759, 56.6047, 84.5978, 169.925, 200.0, 4.80858, 2.43267, 1.63653, 1.24011, 0.849482, 0.601286, 0.491237, 0.44062, 0.425765]",-0.943231,"[115.55, 113.045, 118.883, 120.165]",0.332809
1.0,-0.00852913,0.0,0.0,15.99,0.0,78.8901,178.889,93.845,4,"[200.0, 200.0, 200.0, 200.0, 200.0, 200.0, 200.0, 200.0, 200.0, 200.0, 200.0, 200.0, 200.0, 200.0, 200.0, 200.0, 200.0, 200.0, 200.0, 200.0, 200.0, 200.0, 200.0, 200.0, 200.0, 200.0, 200.0, 200.0, 200.0, 200.0, 200.0, 200.0, 200.0, 200.0, 200.0, 200.0]",1,5919.75,136.465,-1.14727,0.00855184,0.133,"[14.5771, 15.0569, 16.7497, 20.4407, 28.7297, 41.6446, 54.5839, 80.0727, 152.396, 200.0, 5.38377, 2.56269, 1.69, 1.26789, 0.859662, 0.604045, 0.491414, 0.439424, 0.423481]",-0.943538,"[115.742, 113.455, 120.348, 117.978]",0.335821
1.0,-0.0196663,0.0,0.0,16.012,0.0,79.7251,179.724,93.8444,4,"[200.0, 200.0, 200.0, 200.0, 200.0, 200.0, 200.0, 200.0, 200.0, 200.0, 200.0, 200.0, 200.0, 200.0, 200.0, 200.0, 200.0, 200.0, 200.0, 200.0, 200.0, 200.0, 200.0, 200.0, 200.0, 200.0, 200.0, 200.0, 200.0, 200.0, 200.0, 200.0, 200.0, 200.0, 200.0, 200.0]",1,5871.96,136.791,-1.9298,-0.0185045,0.132,"[14.5774, 15.0126, 16.6436, 20.2179, 28.1944, 40.4364, 52.4712, 75.5237, 136.557, 200.0, 6.2974, 2.75777, 1.77409, 1.31504, 0.880939, 0.613769, 0.496926, 0.442806, 0.425464]",-0.943282,"[116.0, 113.31, 119.98, 116.692]",0.336653
1.0,-0.0305401,0.0,0.0,16.034,0.0,80.5616,180.561,93.8437,4,"[200.0, 200.0, 200.0, 200.0, 200.0, 200.0, 200.0, 200.0, 200.0, 200.0, 200.0, 200.0, 200.0, 200.0, 200.0, 200.0, 200.0, 200.0, 200.0, 200.0, 200.0, 200.0, 200.0, 200.0, 200.0, 200.0, 200.0, 200.0, 200.0, 200.0, 200.0, 200.0, 200.0, 200.0, 200.0, 200.0]",1,5863.81,137.049,-2.5499,0.0266171,0.132,"[14.5744, 14.966, 16.5374, 20.0003, 27.684, 39.313, 50.5481, 71.5366, 123.944, 200.0, 7.62618, 3.01314, 1.88642, 1.38065, 0.913485, 0.631031, 0.508462, 0.45153, 0.432575]",-0.94235,"[116.189, 113.566, 121.094, 117.209]",0.335269
1.0,-0.040949,0.0,0.0,16.056,0.0,81.3997,181.399,93.843,4,"[200.0, 200.0, 200.0, 200.0, 200.0, 200.0, 200.0, 200.0, 200.0, 200.0, 200.0, 200.0, 200.0, 200.0, 200.0, 200.0, 200.0, 200.0, 200.0, 200.0, 200.0, 200.0, 200.0, 200.0, 200.0, 200.0, 200.0, 200.0, 200.0, 200.0, 200.0, 200.0, 200.0, 200.0, 200.0, 200.0]",1,6029.1,137.211,-3.06127,-0.0344136,0.132,"[14.5675, 14.9176, 16.4324, 19.7907, 27.2044, 38.283, 48.8195, 68.0731, 113.834, 200.0, 9.60539, 3.3392, 2.03022, 1.4665, 0.958224, 0.656376, 0.526423, 0.465928, 0.445112]",-0.940702,"[116.312, 113.828, 123.089, 121.184]",0.333432
1.0,-0.0487048,0.0,0.0,16.078,0.0,82.2396,182.239,93.8423,4,"[200.0, 200.0, 200.0, 200.0, 200.0, 200.0, 200.0, 200.0, 200.0, 200.0, 200.0, 200.0, 200.0, 200.0, 200.0, 200.0, 200.0, 200.0, 200.0, 200.0, 200.0, 200.0, 200.0, 200.0, 200.0, 200.0, 200.0, 200.0, 200.0, 200.0, 200.0, 200.0, 200.0, 200.0, 200.0, 200.0]",1,6064.32,137.479,-3.94712,-0.0922105,-0.8,"[14.556, 14.8752, 16.3478, 19.6286, 26.8456, 37.5326, 47.5841, 65.671, 107.256, 200.0, 11.9637, 3.67521, 2.18088, 1.5589, 1.00871, 0.686508, 0.54865, 0.484389, 0.461773]",-0.938503,"[116.303, 114.628, 121.61, 122.708]",0.33311
1.0,-0.0488206,0.0,0.0,16.1,0.0,83.0811,183.08,93.8417,4,"[200.0, 200.0, 200.0, 200.0, 200.0, 200.0, 200.0, 200.0, 200.0, 200.0, 200.0, 200.0, 200.0, 200.0, 200.0, 200.0, 200.0, 200.0, 200.0, 200.0, 200.0, 200.0, 200.0, 200.0, 200.0, 200.0, 200.0, 200.0, 200.0, 200.0, 200.0, 200.0, 200.0, 200.0, 200.0, 200.0]",1,5988.84,137.761,-4.30198,0.0113022,-0.8,"[14.5397, 14.8581, 16.3284, 19.6044, 26.8106, 37.48, 47.5134, 65.5636, 107.044, 200.0, 12.4254, 3.80909, 2.25947, 1.61482, 1.04473, 0.710956, 0.568158, 0.501594, 0.478159]",-0.936321,"[115.085, 114.694, 119.606, 122.042]",0.33374
1.0,-0.0407545,0.0,0.0,16.122,0.0,83.9241,183.923,93.841,4,"[200.0, 200.0, 200.0, 200.0, 200.0, 200.0, 200.0, 200.0, 200.0, 200.0, 200.0, 200.0, 200.0, 200.0, 200.0, 200.0, 200.0, 200.0, 200.0, 200.0, 200.0, 200.0, 200.0, 200.0, 200.0, 200.0, 200.0, 200.0, 200.0, 200.0, 200.0, 200.0, 200.0, 200.0, 200.0, 200.0]",1,6032.72,137.949,-3.71869,0.0174394,-0.8,"[14.5202, 14.87, 16.3809, 19.7302, 27.1247, 38.1772, 48.6919, 67.9133, 113.637, 200.0, 10.5777, 3.68732, 2.24317, 1.62074, 1.05926, 0.725699, 0.582073, 0.515215, 0.492222]",-0.934425,"[113.337, 114.623, 121.432, 121.601]",0.333944
1.0,-0.0258453,0.0,0.0,16.144,0.0,84.768,184.767,93.8403,4,"[200.0, 200.0, 200.0, 200.0, 200.0, 200.0, 200.0, 200.0, 200.0, 200.0, 200.0, 200.0, 200.0, 200.0, 200.0, 200.0, 200.0, 200.0, 200.0, 200.0, 200.0, 200.0, 200.0, 200.0, 200.0, 200.0, 200.0, 200.0, 200.0, 200.0, 200.0, 200.0, 200.0, 200.0, 200.0, 200.0]",1,5983.67,138.196,-2.37041,-0.00765436,-0.8,"[14.5026, 14.9109, 16.4999, 19.993, 27.7622, 39.5909, 51.1035, 72.8385, 128.446, 200.0, 8.18178, 3.39015, 2.14834, 1.58118, 1.05187, 0.729335, 0.588895, 0.523736, 0.502386]",-0.933038,"[112.26, 115.122, 120.873, 120.298]",0.333671
1.0,-0.00617255,0.0,0.0,16.166,0.0,85.6128,185.612,93.8397,4,"[200.0, 200.0, 200.0, 200.0, 200.0, 200.0, 200.0, 200.0, 200.0, 200.0, 200.0, 200.0, 200.0, 200.0, 200.0, 200.0, 200.0, 200.0, 200.0, 200.0, 200.0, 200.0, 200.0, 200.0, 200.0, 200.0, 200.0, 200.0, 200.0, 200.0, 200.0, 200.0, 200.0, 200.0, 200.0, 200.0]",1,5963.03,138.374,-0.668235,0.00562285,-0.8,"[14.493, 14.9794, 16.6756, 20.3704, 28.6793, 41.6679, 54.7355, 80.6387, 155.329, 200.0, 6.26289, 3.02762, 2.00642, 1.50894, 1.02564, 0.721937, 0.587916, 0.526103, 0.507336]",-0.932356,"[111.28, 115.685, 119.928, 120.934]",0.333592
1.0,0.0159605,0.0,0.0,16.188,0.0,86.4583,186.457,93.839,4,"[200.0, 200.0, 200.0, 200.0, 200.0, 200.0, 200.0, 200.0, 200.0, 200.0, 200.0, 200.0, 200.0, 200.0, 200.0, 200.0, 200.0, 200.0, 200.0, 200.0, 200.0, 200.0, 200.0, 200.0, 200.0, 200.0, 200.0, 200.0, 200.0, 200.0, 200.0, 200.0, 200.0, 200.0, 200.0, 200.0]",1,6085.9,138.406,1.2089,0.00901545,0.131,"[14.4959, 15.0717, 16.8941, 20.8328, 29.8161, 44.3272, 59.5556, 91.7876, 200.0, 31.7009, 4.90995, 2.67207, 1.84513, 1.4173, 0.984782, 0.704355, 0.578948, 0.521623, 0.506004]",-0.932541,"[111.779, 117.103, 124.702, 121.849]",0.333869
1.0,0.0385587,0.0,0.0,16.21,0.0,87.3048,187.304,93.8383,4,"[200.0, 200.0, 200.0, 200.0, 200.0, 200.0, 200.0, 200.0, 200.0, 200.0, 200.0, 200.0, 200.0, 200.0, 200.0, 200.0, 200.0, 200.0, 200.0, 200.0, 200.0, 200.0, 200.0, 200.0, 200.0, 200.0, 200.0, 200.0, 200.0, 200.0, 200.0, 200.0, 200.0, 200.0, 200.0, 200.0]",1,6139.73,138.558,3.32667,-0.0802254,0.129,"[14.5129, 15.1818, 17.1398, 21.3479, 31.1042, 47.4637, 65.5046, 106.983, 200.0, 12.9149, 3.96721, 2.35413, 1.68274, 1.31712, 0.934045, 0.678429, 0.56277, 0.510527, 0.498228]",-0.933619,"[113.367, 119.01, 124.114, 124.404]",0.333777
1.0,0.0559192,0.0,0.0,16.232,0.0,88.1528,188.152,93.8376,4,"[200.0, 200.0, 200.0, 200.0, 200.0, 200.0, 200.0, 200.0, 200.0, 200.0, 200.0, 200.0, 200.0, 200.0, 200.0, 200.0, 200.0, 200.0, 200.0, 200.0, 200.0, 200.0, 200.0, 200.0, 200.0, 200.0, 200.0, 200.0, 200.0, 200.0, 200.0, 200.0, 200.0, 200.0, 200.0, 200.0]",1,6195.84,138.759,5.64568,-0.0431744,0.129,"[14.537, 15.2789, 17.3464, 21.7774, 32.1954, 50.2281, 70.9989, 122.653, 200.0, 8.69155, 3.40422, 2.12668, 1.55496, 1.23291, 0.887058, 0.651586, 0.54421, 0.496251, 0.486532]",-0.93523,"[114.796, 118.212, 124.837, 124.715]",0.333447
1.0,0.0648574,0.0,0.0,16.254,0.0,89.0028,189.002,93.837,4,"[200.0, 200.0, 200.0, 200.0, 200.0, 200.0, 200.0, 200.0, 200.0, 200.0, 200.0, 200.0, 200.0, 200.0, 200.0, 200.0, 200.0, 200.0, 200.0, 200.0, 200.0, 200.0, 200.0, 200.0, 200.0, 200.0, 200.0, 200.0, 200.0, 200.0, 200.0, 200.0, 200.0, 200.0, 200.0, 200.0]",1,6140.75,139.052,6.52297,0.0485071,0.13,"[14.5588, 15.3393, 17.4659, 22.0193, 32.8082, 51.8126, 74.2477, 132.731, 200.0, 7.28039, 3.11378, 1.99003, 1.47051, 1.17317, 0.850071, 0.627927, 0.526265, 0.481156, 0.472849]",-0.937086,"[115.946, 117.6, 123.058, 124.398]",0.333768
1.0,0.067615,0.0,0.0,16.276,0.0,89.8545,189.854,93.8363,4,"[200.0, 200.0, 200.0, 200.0, 200.0, 200.0, 200.0, 200.0, 200.0, 200.0, 200.0, 200.0, 200.0, 200.0, 200.0, 200.0, 200.0, 200.0, 200.0, 200.0, 200.0, 200.0, 200.0, 200.0, 200.0, 200.0, 200.0, 200.0, 200.0, 200.0, 200.0, 200.0, 200.0, 200.0, 200.0, 200.0]",1,6076.39,139.398,6.4204,-0.0112062,0.13,"[14.5781, 15.3713, 17.5183, 22.1141, 33.0304, 52.3666, 75.3748, 136.297, 200.0, 6.73734, 2.95079, 1.89833, 1.40715, 1.1247, 0.816692, 0.604299, 0.506999, 0.463917, 0.456241]",-0.939307,"[116.801, 117.234, 122.889, 122.32]",0.334686
1.0,0.0653784,0.0,0.0,16.298,0.0,90.708,190.707,93.8356,4,"[200.0, 200.0, 200.0, 200.0, 200.0, 200.0, 200.0, 200.0, 200.0, 200.0, 200.0, 200.0, 200.0, 200.0, 200.0, 200.0, 200.0, 200.0, 200.0, 200.0, 200.0, 200.0, 200.0, 200.0, 200.0, 200.0, 200.0, 200.0, 200.0, 200.0, 200.0, 200.0, 200.0, 200.0, 200.0, 200.0]",1,6018.5,139.77,5.64269,0.00252088,0.131,"[14.5959, 15.3806, 17.516, 22.0879, 32.9256, 52.036, 74.6296, 133.698, 200.0, 6.66226, 2.86255, 1.83177, 1.35437, 1.0809, 0.783527, 0.57896, 0.485323, 0.443791, 0.43619]",-0.941966,"[117.731, 117.141, 122.386, 120.35]",0.335424
1.0,0.0594566,0.0,0.0,16.32,0.0,91.5633,191.562,93.835,4,"[200.0, 200.0, 200.0, 200.0, 200.0, 200.0, 200.0, 200.0, 200.0, 200.0, 200.0, 200.0, 200.0, 200.0, 200.0, 200.0, 200.0, 200.0, 200.0, 200.0, 200.0, 200.0, 200.0, 200.0, 200.0, 200.0, 200.0, 200.0, 200.0, 200.0, 200.0, 200.0, 200.0, 200.0, 200.0, 200.0]",1,6028.32,140.106,4.5459,-0.0493316,0.131,"[14.6132, 15.374, 17.4745, 21.9743, 32.5862, 51.0804, 72.5869, 127.043, 200.0, 6.94334, 2.82211, 1.77945, 1.30664, 1.03859, 0.749367, 0.551676, 0.461397, 0.421177, 0.413315]",-0.944989,"[118.429, 116.971, 124.443, 119.626]",0.334288
1.0,0.0508287,0.0,0.0,16.342,0.0,92.4204,192.42,93.8343,4,"[200.0, 200.0, 200.0, 200.0, 200.0, 200.0, 200.0, 200.0, 200.0, 200.0, 200.0, 200.0, 200.0, 200.0, 200.0, 200.0, 200.0, 200.0, 200.0, 200.0, 200.0, 200.0, 200.0, 200.0, 200.0, 200.0, 200.0, 200.0, 200.0, 200.0, 200.0, 200.0, 200.0, 200.0, 200.0, 200.0]",1,6069.42,140.432,3.26389,-0.111183,0.131,"[14.6305, 15.3559, 17.4051, 21.7997, 32.0885, 49.7272, 69.7755, 118.419, 200.0, 7.64421, 2.82135, 1.73803, 1.26277, 0.997578, 0.714779, 0.523336, 0.436228, 0.397184, 0.38888]",-0.948216,"[119.005, 116.914, 125.492, 120.072]",0.331573
1.0,0.0405031,0.0,0.0,16.364,0.0,93.2796,193.279,93.8336,4,"[200.0, 200.0, 200.0, 200.0, 200.0, 200.0, 200.0, 200.0, 200.0, 200.0, 200.0, 200.0, 200.0, 200.0, 200.0, 200.0, 200.0, 200.0, 200.0, 200.0, 200.0, 200.0, 200.0, 200.0, 200.0, 200.0, 200.0, 200.0, 200.0, 200.0, 200.0, 200.0, 200.0, 200.0, 200.0, 200.0]",1,6140.06,140.721,1.95843,-0.0365894,0.132,"[14.6479, 15.3311, 17.3191, 21.5902, 31.5073, 48.1935, 66.6799, 109.526, 200.0, 8.99283, 2.85773, 1.7065, 1.22309, 0.958788, 0.681068, 0.495318, 0.411194, 0.37324, 0.364437]",-0.951448,"[119.497, 116.971, 123.787, 124.491]",0.329383
1.0,0.0293593,0.0,0.0,16.386,0.0,94.1407,194.14,93.8329,4,"[200.0, 200.0, 200.0, 200.0, 200.0, 200.0, 200.0, 200.0, 200.0, 200.0, 200.0, 200.0, 200.0, 200.0, 200.0, 200.0, 200.0, 200.0, 200.0, 200.0, 200.0, 200.0, 200.0, 200.0, 200.0, 200.0, 200.0, 200.0, 200.0, 200.0, 200.0, 200.0, 200.0, 200.0, 200.0, 200.0]",1,6135.65,141.057,0.777255,0.00543851,0.132,"[14.6649, 15.3027, 17.2256, 21.3668, 30.9017, 46.6406, 63.6354, 101.328, 200.0, 11.6303, 2.93403, 1.68611, 1.18932, 0.924079, 0.650045, 0.469251, 0.387818, 0.350843, 0.341555]",-0.954479,"[119.72, 117.102, 123.034, 124.54]",0.329716
1.0,0.0177671,0.0,0.0,16.408,0.0,95.0036,195.003,93.8323,4,"[200.0, 200.0, 200.0, 200.0, 200.0, 200.0, 200.0, 200.0, 200.0, 200.0, 200.0, 200.0, 200.0, 200.0, 200.0, 200.0, 200.0, 200.0, 200.0, 200.0, 200.0, 200.0, 200.0, 200.0, 200.0, 200.0, 200.0, 200.0, 200.0, 200.0, 200.0, 200.0, 200.0, 200.0, 200.0, 200.0]",1,6155.31,141.351,-0.288854,-0.00537861,0.132,"[14.6808, 15.2714, 17.1277, 21.1374, 30.294, 45.1269, 60.751, 94.0179, 200.0, 18.0962, 3.06655, 1.68221, 1.16511, 0.896387, 0.623898, 0.446801, 0.367523, 0.331315, 0.32155]",-0.957133,"[119.965, 117.376, 125.292, 123.227]",0.332649
1.0,0.00596182,0.0,0.0,16.43,0.0,95.8683,195.867,93.8316,4,"[200.0, 200.0, 200.0, 200.0, 200.0, 200.0, 200.0, 200.0, 200.0, 200.0, 200.0, 200.0, 200.0, 200.0, 200.0, 200.0, 200.0, 200.0, 200.0, 200.0, 200.0, 200.0, 200.0, 200.0, 200.0, 200.0, 200.0, 200.0, 200.0, 200.0, 200.0, 200.0, 200.0, 200.0, 200.0, 200.0]",1,6143.03,141.663,-1.30045,-0.0795351,0.132,"[14.6949, 15.2376, 17.0268, 20.9064, 29.6964, 43.6805, 58.0688, 87.586, 180.935, 51.2203, 3.28019, 1.70104, 1.15418, 0.87845, 0.604496, 0.429298, 0.3514, 0.315637, 0.305369]",-0.959285,"[120.182, 117.698, 125.403, 122.176]",0.335741
1.0,-0.00559493,0.0,0.0,16.452,0.0,96.735,196.734,93.8309,4,"[200.0, 200.0, 200.0, 200.0, 200.0, 200.0, 200.0, 200.0, 200.0, 200.0, 200.0, 200.0, 200.0, 200.0, 200.0, 200.0, 200.0, 200.0, 200.0, 200.0, 200.0, 200.0, 200.0, 200.0, 200.0, 200.0, 200.0, 200.0, 200.0, 200.0, 200.0, 200.0, 200.0, 200.0, 200.0, 200.0]",1,6098.18,141.978,-2.1559,-0.0178025,0.133,"[14.7064, 15.2023, 16.9268, 20.6822, 29.1304, 42.3475, 55.6588, 82.0859, 158.594, 200.0, 3.6023, 1.74787, 1.15969, 0.872672, 0.593518, 0.417952, 0.340447, 0.304707, 0.293883]",-0.960816,"[120.353, 117.645, 124.852, 121.574]",0.336605
1.0,-0.0165752,0.0,0.0,16.474,0.0,97.6034,197.602,93.8302,4,"[200.0, 200.0, 200.0, 200.0, 200.0, 200.0, 200.0, 200.0, 200.0, 200.0, 200.0, 200.0, 200.0, 200.0, 200.0, 200.0, 200.0, 200.0, 200.0, 200.0, 200.0, 200.0, 200.0, 200.0, 200.0, 200.0, 200.0, 200.0, 200.0, 200.0, 200.0, 200.0, 200.0, 200.0, 200.0, 200.0]",1,6142.96,142.228,-2.8515,-0.0831422,0.135,"[14.7141, 15.1658, 16.8293, 20.4696, 28.6069, 41.1472, 53.5388, 77.4537, 141.933, 200.0, 4.07608, 1.83026, 1.18589, 0.882063, 0.59291, 0.414077, 0.335701, 0.299431, 0.287943]",-0.961613,"[120.506, 117.892, 126.429, 121.511]",0.334598
1.0,-0.026769,0.0,0.0,16.496,0.0,98.4734,198.473,93.8295,4,"[200.0, 200.0, 200.0, 200.0, 200.0, 200.0, 200.0, 200.0, 200.0, 200.0, 200.0, 200.0, 200.0, 200.0, 200.0, 200.0, 200.0, 200.0, 200.0, 200.0, 200.0, 200.0, 200.0, 200.0, 200.0, 200.0, 200.0, 200.0, 200.0, 200.0, 200.0, 200.0, 200.0, 200.0, 200.0, 200.0]",1,6151.61,142.486,-3.30299,-0.0509672,0.135,"[14.7176, 15.1282, 16.7357, 20.271, 28.1306, 40.0827, 51.6983, 73.5817, 129.295, 200.0, 4.75836, 1.95408, 1.23541, 0.908277, 0.603584, 0.418203, 0.337536, 0.300102, 0.287796]",-0.961641,"[120.635, 118.223, 125.416, 123.184]",0.330808
1.0,-0.0362015,0.0,0.0,16.518,0.0,99.3452,199.344,93.8288,4,"[200.0, 200.0, 200.0, 200.0, 200.0, 200.0, 200.0, 200.0, 200.0, 200.0, 200.0, 200.0, 200.0, 200.0, 200.0, 200.0, 200.0, 200.0, 200.0, 200.0, 200.0, 200.0, 200.0, 200.0, 200.0, 200.0, 200.0, 200.0, 200.0, 200.0, 200.0, 200.0, 200.0, 200.0, 200.0, 200.0]",1,6176.51,142.73,-3.64225,-0.0143882,0.134,"[14.7162, 15.0889, 16.6448, 20.0845, 27.6951, 39.1333, 50.0889, 70.3065, 119.416, 200.0, 5.74861, 2.12795, 1.31175, 0.953342, 0.626537, 0.430841, 0.34628, 0.306953, 0.293617]",-0.960877,"[120.742, 118.564, 125.052, 124.933]",0.327504
1.0,-0.0449475,0.0,0.0,16.54,0.0,100.219,200.218,93.8281,4,"[200.0, 200.0, 200.0, 200.0, 200.0, 200.0, 200.0, 200.0, 200.0, 200.0, 200.0, 200.0, 200.0, 200.0, 200.0, 200.0, 200.0, 200.0, 200.0, 200.0, 200.0, 200.0, 200.0, 200.0, 200.0, 200.0, 200.0, 200.0, 200.0, 200.0, 200.0, 200.0, 200.0, 200.0, 200.0, 200.0]",1,6236.95,142.953,-3.82928,0.0276989,0.134,"[14.7094, 15.047, 16.5551, 19.9069, 27.2927, 38.2774, 48.6642, 67.4922, 111.467, 200.0, 7.21922, 2.3635, 1.41952, 1.01993, 0.663115, 0.452727, 0.362436, 0.320374, 0.305728]",-0.959277,"[120.808, 118.833, 126.658, 125.733]",0.326866
1.0,-0.0515348,0.0,0.0,16.562,0.0,101.093,201.093,93.8274,4,"[200.0, 200.0, 200.0, 200.0, 200.0, 200.0, 200.0, 200.0, 200.0, 200.0, 200.0, 200.0, 200.0, 200.0, 200.0, 200.0, 200.0, 200.0, 200.0, 200.0, 200.0, 200.0, 200.0, 200.0, 200.0, 200.0, 200.0, 200.0, 200.0, 200.0, 200.0, 200.0, 200.0, 200.0, 200.0, 200.0]",1,6275.27,143.205,-4.52392,0.0423273,-0.8,"[14.6968, 15.0079, 16.4797, 19.765, 26.983, 37.6369, 47.6177, 65.4807, 106.084, 200.0, 9.03273, 2.63012, 1.54603, 1.10071, 0.709626, 0.481804, 0.384552, 0.339201, 0.323114]",-0.956975,"[120.932, 119.802, 127.054, 125.7]",0.329272
1.0,-0.0497196,0.0,0.0,16.584,0.0,101.97,201.969,93.8267,4,"[200.0, 200.0, 200.0, 200.0, 200.0, 200.0, 200.0, 200.0, 200.0, 200.0, 200.0, 200.0, 200.0, 200.0, 200.0, 200.0, 200.0, 200.0, 200.0, 200.0, 200.0, 200.0, 200.0, 200.0, 200.0, 200.0, 200.0, 200.0, 200.0, 200.0, 200.0, 200.0, 200.0, 200.0, 200.0, 200.0]",1,6234.06,143.49,-4.53779,0.120219,-0.8,"[14.6782, 14.996, 16.4756, 19.7741, 27.027, 37.7545, 47.8298, 65.9241, 107.354, 200.0, 9.05595, 2.7307, 1.61498, 1.15276, 0.744931, 0.506553, 0.404643, 0.357132, 0.340364]",-0.954674,"[119.501, 119.725, 125.623, 125.709]",0.332988
1.0,-0.0396029,0.0,0.0,16.606,0.0,102.848,202.847,93.8259,4,"[200.0, 200.0, 200.0, 200.0, 200.0, 200.0, 200.0, 200.0, 200.0, 200.0, 200.0, 200.0, 200.0, 200.0, 200.0, 200.0, 200.0, 200.0, 200.0, 200.0, 200.0, 200.0, 200.0, 200.0, 200.0, 200.0, 200.0, 200.0, 200.0, 200.0, 200.0, 200.0, 200.0, 200.0, 200.0, 200.0]",1,6211.92,143.754,-3.54854,0.105142,-0.8,"[14.6564, 15.014, 16.5453, 19.9373, 27.4303, 38.6454, 49.3329, 68.9164, 115.743, 200.0, 7.45221, 2.63947, 1.6112, 1.16588, 0.763054, 0.523265, 0.419921, 0.371826, 0.355343]",-0.952658,"[117.905, 119.653, 125.15, 125.436]",0.335785
1.0,-0.0231443,0.0,0.0,16.628,0.0,103.727,203.726,93.8252,4,"[200.0, 200.0, 200.0, 200.0, 200.0, 200.0, 200.0, 200.0, 200.0, 200.0, 200.0, 200.0, 200.0, 200.0, 200.0, 200.0, 200.0, 200.0, 200.0, 200.0, 200.0, 200.0, 200.0, 200.0, 200.0, 200.0, 200.0, 200.0, 200.0, 200.0, 200.0, 200.0, 200.0, 200.0, 200.0, 200.0]",1,6211.66,143.973,-1.97318,0.06295,-0.8,"[14.6376, 15.0606, 16.6792, 20.2324, 28.1468, 40.2384, 52.0581, 74.5127, 132.809, 200.0, 5.71611, 2.42873, 1.54943, 1.14397, 0.76336, 0.530413, 0.428786, 0.381668, 0.366377]",-0.951163,"[116.737, 119.948, 125.221, 125.131]",0.33688
1.0,-0.00304445,0.0,0.0,16.65,0.0,104.607,204.606,93.8244,4,"[200.0, 200.0, 200.0, 200.0, 200.0, 200.0, 200.0, 200.0, 200.0, 200.0, 200.0, 200.0, 200.0, 200.0, 200.0, 200.0, 200.0, 200.0, 200.0, 200.0, 200.0, 200.0, 200.0, 200.0, 200.0, 200.0, 200.0, 200.0, 200.0, 200.0, 200.0, 200.0, 200.0, 200.0, 200.0, 200.0]",1,6195.34,144.147,-0.127929,0.0800048,0.133,"[14.6278, 15.1315, 16.8611, 20.6241, 29.1022, 42.4141, 55.8826, 82.8084, 162.191, 200.0, 4.4252, 2.18143, 1.45484, 1.0976, 0.748469, 0.528064, 0.430607, 0.385707, 0.372261]",-0.950365,"[116.808, 121.208, 124.672, 126.07]",0.335937
1.0,0.0179585,0.0,0.0,16.672,0.0,105.488,205.487,93.8237,4,"[200.0, 200.0, 200.0, 200.0, 200.0, 200.0, 200.0, 200.0, 200.0, 200.0, 200.0, 200.0, 200.0, 200.0, 200.0, 200.0, 200.0, 200.0, 200.0, 200.0, 200.0, 200.0, 200.0, 200.0, 200.0, 200.0, 200.0, 200.0, 200.0, 200.0, 200.0, 200.0, 200.0, 200.0, 200.0, 200.0]",1,6311.27,144.264,1.95053,0.0318743,0.133,"[14.6301, 15.2194, 17.0704, 21.0685, 30.1997, 44.9959, 60.5875, 93.8064, 200.0, 20.7297, 3.54424, 1.94587, 1.34815, 1.03738, 0.722163, 0.517242, 0.425499, 0.383602, 0.372314]",-0.950366,"[118.504, 123.585, 129.123, 126.368]",0.333864
1.0,0.0337257,0.0,0.0,16.694,0.0,106.371,206.37,93.8229,4,"[200.0, 200.0, 200.0, 200.0, 200.0, 200.0, 200.0, 200.0, 200.0, 200.0, 200.0, 200.0, 200.0, 200.0, 200.0, 200.0, 200.0, 200.0, 200.0, 200.0, 200.0, 200.0, 200.0, 200.0, 200.0, 200.0, 200.0, 200.0, 200.0, 200.0, 200.0, 200.0, 200.0, 200.0, 200.0, 200.0]",1,6344.14,144.505,4.32072,-0.0512575,0.132,"[14.6387, 15.2934, 17.2392, 21.4252, 31.0945, 47.1736, 64.7073, 104.248, 200.0, 10.9606, 3.06206, 1.78752, 1.26899, 0.98948, 0.698752, 0.505897, 0.418841, 0.379407, 0.369792]",-0.950722,"[119.401, 122.888, 128.829, 128.005]",0.331527
1.0,0.0414164,0.0,0.0,16.716,0.0,107.255,207.254,93.8222,4,"[200.0, 200.0, 200.0, 200.0, 200.0, 200.0, 200.0, 200.0, 200.0, 200.0, 200.0, 200.0, 200.0, 200.0, 200.0, 200.0, 200.0, 200.0, 200.0, 200.0, 200.0, 200.0, 200.0, 200.0, 200.0, 200.0, 200.0, 200.0, 200.0, 200.0, 200.0, 200.0, 200.0, 200.0, 200.0, 200.0]",1,6416.99,144.736,5.38059,-0.0545955,0.132,"[14.6464, 15.3333, 17.3267, 21.6086, 31.5578, 48.3252, 66.9423, 110.258, 200.0, 8.84416, 2.85354, 1.70897, 1.22639, 0.962049, 0.683917, 0.49769, 0.413313, 0.375265, 0.366503]",-0.951175,"[120.846, 122.283, 127.762, 130.525]",0.330353
1.0,0.0430183,0.0,0.0,16.738,0.0,108.142,208.141,93.8214,4,"[200.0, 200.0, 200.0, 200.0, 200.0, 200.0, 200.0, 200.0, 200.0, 200.0, 200.0, 200.0, 200.0, 200.0, 200.0, 200.0, 200.0, 200.0, 200.0, 200.0, 200.0, 200.0, 200.0, 200.0, 200.0, 200.0, 200.0, 200.0, 200.0, 200.0, 200.0, 200.0, 200.0, 200.0, 200.0, 200.0]",1,6351.89,145.077,5.36966,-0.0375083,0.132,"[14.6521, 15.346, 17.35, 21.6533, 31.6651, 48.5859, 67.4464, 111.629, 200.0, 8.40446, 2.78205, 1.67455, 1.2043, 0.945877, 0.673336, 0.490504, 0.407605, 0.37026, 0.361769]",-0.951809,"[121.662, 121.914, 127.466, 129.366]",0.330675
1.0,0.0398874,0.0,0.0,16.76,0.0,109.03,209.029,93.8206,4,"[200.0, 200.0, 200.0, 200.0, 200.0, 200.0, 200.0, 200.0, 200.0, 200.0, 200.0, 200.0, 200.0, 200.0, 200.0, 200.0, 200.0, 200.0, 200.0, 200.0, 200.0, 200.0, 200.0, 200.0, 200.0, 200.0, 200.0, 200.0, 200.0, 200.0, 200.0, 200.0, 200.0, 200.0, 200.0, 200.0]",1,6364.83,145.403,4.70687,-0.0792706,0.132,"[14.6567, 15.3378, 17.3233, 21.5894, 31.4902, 48.1309, 66.5398, 109.097, 200.0, 8.90038, 2.79879, 1.668, 1.19448, 0.935917, 0.664471, 0.483052, 0.400913, 0.36384, 0.355201]",-0.952678,"[122.616, 121.694, 128.68, 128.438]",0.33233
1.0,0.03327,0.0,0.0,16.782,0.0,109.92,209.919,93.8199,4,"[200.0, 200.0, 200.0, 200.0, 200.0, 200.0, 200.0, 200.0, 200.0, 200.0, 200.0, 200.0, 200.0, 200.0, 200.0, 200.0, 200.0, 200.0, 200.0, 200.0, 200.0, 200.0, 200.0, 200.0, 200.0, 200.0, 200.0, 200.0, 200.0, 200.0, 200.0, 200.0, 200.0, 200.0, 200.0, 200.0]",1,6335.69,145.777,3.62314,-0.129787,0.132,"[14.661, 15.3148, 17.2607, 21.4476, 31.1157, 47.1801, 64.6797, 104.074, 200.0, 10.4354, 2.88678, 1.68251, 1.19365, 0.930396, 0.656765, 0.475353, 0.393481, 0.356386, 0.347312]",-0.953717,"[123.302, 121.679, 128.608, 126.597]",0.334381
1.0,0.0242034,0.0,0.0,16.804,0.0,110.813,210.812,93.8191,4,"[200.0, 200.0, 200.0, 200.0, 200.0, 200.0, 200.0, 200.0, 200.0, 200.0, 200.0, 200.0, 200.0, 200.0, 200.0, 200.0, 200.0, 200.0, 200.0, 200.0, 200.0, 200.0, 200.0, 200.0, 200.0, 200.0, 200.0, 200.0, 200.0, 200.0, 200.0, 200.0, 200.0, 200.0, 200.0, 200.0]",1,6280.09,146.156,2.38588,-0.101736,0.132,"[14.6653, 15.2817, 17.174, 21.2543, 30.6141, 45.9334, 62.2898, 97.8938, 200.0, 14.0094, 3.04786, 1.71727, 1.20176, 0.929741, 0.650985, 0.46828, 0.386207, 0.348841, 0.33914]",-0.954795,"[123.875, 121.757, 127.626, 125.48]",0.335469
1.0,0.0135526,0.0,0.0,16.826,0.0,111.707,211.706,93.8184,4,"[200.0, 200.0, 200.0, 200.0, 200.0, 200.0, 200.0, 200.0, 200.0, 200.0, 200.0, 200.0, 200.0, 200.0, 200.0, 200.0, 200.0, 200.0, 200.0, 200.0, 200.0, 200.0, 200.0, 200.0, 200.0, 200.0, 200.0, 200.0, 200.0, 200.0, 200.0, 200.0, 200.0, 200.0, 200.0, 200.0]",1,6263.97,146.504,1.12747,-0.115288,0.132,"[14.6692, 15.2421, 17.0722, 21.0305, 30.0438, 44.5489, 59.6972, 91.5109, 199.165, 24.5052, 3.29961, 1.77614, 1.22147, 0.936222, 0.649025, 0.463422, 0.380533, 0.342602, 0.33213]",-0.95572,"[124.215, 121.675, 127.573, 125.044]",0.334773
1.0,0.002111,0.0,0.0,16.848,0.0,112.603,212.602,93.8176,4,"[200.0, 200.0, 200.0, 200.0, 200.0, 200.0, 200.0, 200.0, 200.0, 200.0, 200.0, 200.0, 200.0, 200.0, 200.0, 200.0, 200.0, 200.0, 200.0, 200.0, 200.0, 200.0, 200.0, 200.0, 200.0, 200.0, 200.0, 200.0, 200.0, 200.0, 200.0, 200.0, 200.0, 200.0, 200.0, 200.0]",1,6246.77,146.822,-0.0254604,-0.0911261,0.132,"[14.6723, 15.1985, 16.9628, 20.7937, 29.4523, 43.1492, 57.1396, 85.5183, 172.508, 155.25, 3.6717, 1.865, 1.25636, 0.952696, 0.653074, 0.462505, 0.37797, 0.3391, 0.327731]",-0.956303,"[124.522, 121.784, 128.306, 124.597]",0.332338
1.0,-0.00954043,0.0,0.0,16.87,0.0,113.501,213.5,93.8169,4,"[200.0, 200.0, 200.0, 200.0, 200.0, 200.0, 200.0, 200.0, 200.0, 200.0, 200.0, 200.0, 200.0, 200.0, 200.0, 200.0, 200.0, 200.0, 200.0, 200.0, 200.0, 200.0, 200.0, 200.0, 200.0, 200.0, 200.0, 200.0, 200.0, 200.0, 200.0, 200.0, 200.0, 200.0, 200.0, 200.0]",1,6281.69,147.092,-1.02942,-0.0641383,0.134,"[14.6734, 15.1523, 16.8506, 20.5552, 28.8698, 41.8063, 54.7445, 80.1633, 151.804, 200.0, 4.21456, 1.99246, 1.31115, 0.98262, 0.665531, 0.467283, 0.379988, 0.339679, 0.327266]",-0.956366,"[124.764, 121.982, 129.476, 125.277]",0.329217
1.0,-0.0208583,0.0,0.0,16.892,0.0,114.4,214.399,93.8161,4,"[200.0, 200.0, 200.0, 200.0, 200.0, 200.0, 200.0, 200.0, 200.0, 200.0, 200.0, 200.0, 200.0, 200.0, 200.0, 200.0, 200.0, 200.0, 200.0, 200.0, 200.0, 200.0, 200.0, 200.0, 200.0, 200.0, 200.0, 200.0, 200.0, 200.0, 200.0, 200.0, 200.0, 200.0, 200.0, 200.0]",1,6363.2,147.317,-1.79264,0.0634829,0.134,"[14.6715, 15.1046, 16.7396, 20.3246, 28.3197, 40.5712, 52.5917, 75.5513, 135.926, 200.0, 4.99853, 2.16697, 1.39009, 1.02901, 0.688418, 0.479192, 0.387767, 0.345406, 0.331772]",-0.955773,"[124.936, 122.234, 130.574, 127.42]",0.326738
1.0,-0.0317237,0.0,0.0,16.914,0.0,115.302,215.301,93.8154,4,"[200.0, 200.0, 200.0, 200.0, 200.0, 200.0, 200.0, 200.0, 200.0, 200.0, 200.0, 200.0, 200.0, 200.0, 200.0, 200.0, 200.0, 200.0, 200.0, 200.0, 200.0, 200.0, 200.0, 200.0, 200.0, 200.0, 200.0, 200.0, 200.0, 200.0, 200.0, 200.0, 200.0, 200.0, 200.0, 200.0]",1,6423.95,147.56,-2.4708,0.0847082,0.134,"[14.6657, 15.055, 16.6297, 20.1024, 27.8031, 39.4407, 50.6634, 71.5745, 123.48, 200.0, 6.15569, 2.40105, 1.49847, 1.09513, 0.723572, 0.499367, 0.402161, 0.356997, 0.3419]",-0.954436,"[125.001, 122.517, 130.273, 129.684]",0.325882
1.0,-0.0419052,0.0,0.0,16.936,0.0,116.204,216.204,93.8146,4,"[200.0, 200.0, 200.0, 200.0, 200.0, 200.0, 200.0, 200.0, 200.0, 200.0, 200.0, 200.0, 200.0, 200.0, 200.0, 200.0, 200.0, 200.0, 200.0, 200.0, 200.0, 200.0, 200.0, 200.0, 200.0, 200.0, 200.0, 200.0, 200.0, 200.0, 200.0, 200.0, 200.0, 200.0, 200.0, 200.0]",1,6479.28,147.804,-3.00066,0.0989019,0.133,"[14.6553, 15.0037, 16.5225, 19.8917, 27.326, 38.4229, 48.9619, 68.1829, 113.672, 200.0, 7.88551, 2.704, 1.6393, 1.18264, 0.771831, 0.528282, 0.423506, 0.374724, 0.357889]",-0.952323,"[125.102, 122.842, 130.376, 130.968]",0.326887
1.0,-0.0495801,0.0,0.0,16.958,0.0,117.109,217.108,93.8139,4,"[200.0, 200.0, 200.0, 200.0, 200.0, 200.0, 200.0, 200.0, 200.0, 200.0, 200.0, 200.0, 200.0, 200.0, 200.0, 200.0, 200.0, 200.0, 200.0, 200.0, 200.0, 200.0, 200.0, 200.0, 200.0, 200.0, 200.0, 200.0, 200.0, 200.0, 200.0, 200.0, 200.0, 200.0, 200.0, 200.0]",1,6444.52,148.097,-3.9798,0.186349,-0.8,"[14.64, 14.9576, 16.434, 19.7254, 26.9627, 37.6691, 47.7264, 65.7935, 107.184, 200.0, 10.0313, 3.03265, 1.79439, 1.28107, 0.827998, 0.563105, 0.449846, 0.397046, 0.378418]",-0.949606,"[125.107, 123.682, 129.906, 129.921]",0.329217
1.0,-0.0487478,0.0,0.0,16.98,0.0,118.015,218.014,93.8131,4,"[200.0, 200.0, 200.0, 200.0, 200.0, 200.0, 200.0, 200.0, 200.0, 200.0, 200.0, 200.0, 200.0, 200.0, 200.0, 200.0, 200.0, 200.0, 200.0, 200.0, 200.0, 200.0, 200.0, 200.0, 200.0, 200.0, 200.0, 200.0, 200.0, 200.0, 200.0, 200.0, 200.0, 200.0, 200.0, 200.0]",1,6425.15,148.346,-4.27388,0.21223,-0.8,"[14.6197, 14.9401, 16.4189, 19.7136, 26.9611, 37.6928, 47.7856, 65.9455, 107.691, 200.0, 10.3268, 3.16991, 1.88077, 1.3443, 0.869797, 0.591947, 0.473068, 0.417654, 0.398149]",-0.946976,"[123.657, 123.591, 129.862, 130.064]",0.331876
1.0,-0.0392176,0.0,0.0,17.002,0.0,118.922,218.922,93.8123,4,"[200.0, 200.0, 200.0, 200.0, 200.0, 200.0, 200.0, 200.0, 200.0, 200.0, 200.0, 200.0, 200.0, 200.0, 200.0, 200.0, 200.0, 200.0, 200.0, 200.0, 200.0, 200.0, 200.0, 200.0, 200.0, 200.0, 200.0, 200.0, 200.0, 200.0, 200.0, 200.0, 200.0, 200.0, 200.0, 200.0]",1,6474.66,148.535,-3.49749,0.174934,-0.8,"[14.5965, 14.9542, 16.4813, 19.8632, 27.3353, 38.5243, 49.193, 68.7576, 115.622, 200.0, 8.63367, 3.07391, 1.87851, 1.35999, 0.890516, 0.610864, 0.490305, 0.434202, 0.414998]",-0.94471,"[121.811, 123.46, 130.655, 130.381]",0.334121
1.0,-0.0230588,0.0,0.0,17.024,0.0,119.831,219.83,93.8116,4,"[200.0, 200.0, 200.0, 200.0, 200.0, 200.0, 200.0, 200.0, 200.0, 200.0, 200.0, 200.0, 200.0, 200.0, 200.0, 200.0, 200.0, 200.0, 200.0, 200.0, 200.0, 200.0, 200.0, 200.0, 200.0, 200.0, 200.0, 200.0, 200.0, 200.0, 200.0, 200.0, 200.0, 200.0, 200.0, 200.0]",1,6458.62,148.759,-1.88925,0.116757,-0.8,"[14.5764, 14.9979, 16.6102, 20.1495, 28.033, 40.079, 51.8556, 74.2328, 132.355, 200.0, 6.66208, 2.83284, 1.80761, 1.33472, 0.890734, 0.618959, 0.500385, 0.445412, 0.427576]",-0.943005,"[120.702, 123.829, 130.47, 129.729]",0.335629
1.0,-0.00312901,0.0,0.0,17.046,0.0,120.74,220.739,93.8108,4,"[200.0, 200.0, 200.0, 200.0, 200.0, 200.0, 200.0, 200.0, 200.0, 200.0, 200.0, 200.0, 200.0, 200.0, 200.0, 200.0, 200.0, 200.0, 200.0, 200.0, 200.0, 200.0, 200.0, 200.0, 200.0, 200.0, 200.0, 200.0, 200.0, 200.0, 200.0, 200.0, 200.0, 200.0, 200.0, 200.0]",1,6445.22,148.958,0.0877462,0.0812284,0.132,"[14.5653, 15.0665, 16.7883, 20.5342, 28.9736, 42.2232, 55.6265, 82.4158, 161.348, 200.0, 5.17324, 2.54887, 1.6996, 1.28215, 0.874241, 0.616762, 0.502917, 0.450466, 0.434752]",-0.942033,"[120.538, 125.115, 129.962, 129.712]",0.336456
1.0,0.0178888,0.0,0.0,17.068,0.0,121.651,221.65,93.8101,4,"[200.0, 200.0, 200.0, 200.0, 200.0, 200.0, 200.0, 200.0, 200.0, 200.0, 200.0, 200.0, 200.0, 200.0, 200.0, 200.0, 200.0, 200.0, 200.0, 200.0, 200.0, 200.0, 200.0, 200.0, 200.0, 200.0, 200.0, 200.0, 200.0, 200.0, 200.0, 200.0, 200.0, 200.0, 200.0, 200.0]",1,6460.04,149.127,2.21103,0.0363121,0.132,"[14.5662, 15.1527, 16.9952, 20.975, 30.0641, 44.7904, 60.3061, 93.3557, 200.0, 24.3799, 4.15489, 2.28044, 1.57977, 1.21554, 0.846128, 0.606001, 0.498501, 0.449406, 0.436174]",-0.941853,"[122.355, 127.445, 130.447, 130.581]",0.33646
1.0,0.0338864,0.0,0.0,17.09,0.0,122.563,222.562,93.8093,4,"[200.0, 200.0, 200.0, 200.0, 200.0, 200.0, 200.0, 200.0, 200.0, 200.0, 200.0, 200.0, 200.0, 200.0, 200.0, 200.0, 200.0, 200.0, 200.0, 200.0, 200.0, 200.0, 200.0, 200.0, 200.0, 200.0, 200.0, 200.0, 200.0, 200.0, 200.0, 200.0, 200.0, 200.0, 200.0, 200.0]",1,6514.46,149.335,4.60065,-0.0173721,0.13,"[14.5734, 15.2258, 17.1639, 21.3331, 30.965, 46.9861, 64.4629, 103.9, 200.0, 12.8371, 3.59864, 2.10194, 1.49254, 1.16394, 0.82207, 0.595244, 0.492844, 0.446465, 0.435169]",-0.942011,"[123.477, 127.071, 133.756, 130.059]",0.335575
1.0,0.0419194,0.0,0.0,17.112,0.0,123.476,223.475,93.8092,5,"[200.0, 200.0, 200.0, 200.0, 200.0, 200.0, 200.0, 200.0, 200.0, 200.0, 200.0, 200.0, 200.0, 200.0, 200.0, 200.0, 200.0, 200.0, 200.0, 200.0, 200.0, 200.0, 200.0, 200.0, 200.0, 200.0, 200.0, 200.0, 200.0, 200.0, 200.0, 200.0, 200.0, 200.0, 200.0, 200.0]",1,5293.68,149.369,5.68774,-0.185743,0.13,"[14.5803, 15.2662, 17.2537, 21.5224, 31.445, 48.1825, 66.7889, 110.172, 200.0, 10.3207, 3.35729, 2.01386, 1.44618, 1.1349, 0.807141, 0.587554, 0.488039, 0.44318, 0.43289]",-0.942332,"[124.624, 126.415, 127.393, 127.305]",0.333836
1.0,0.0428565,0.0,0.0,17.134,0.0,124.39,224.389,93.8092,5,"[200.0, 200.0, 200.0, 200.0, 200.0, 200.0, 200.0, 200.0, 200.0, 200.0, 200.0, 200.0, 200.0, 200.0, 200.0, 200.0, 200.0, 200.0, 200.0, 200.0, 200.0, 200.0, 200.0, 200.0, 200.0, 200.0, 200.0, 200.0, 200.0, 200.0, 200.0, 200.0, 200.0, 200.0, 200.0, 200.0]",1,5277.85,149.289,5.53292,-0.286948,0.131,"[14.5855, 15.2755, 17.2694, 21.5512, 31.5115, 48.3406, 67.0913, 110.986, 200.0, 9.9877, 3.29778, 1.98398, 1.42652, 1.12028, 0.797375, 0.580802, 0.48261, 0.438372, 0.4283]",-0.942946,"[125.425, 125.597, 126.545, 126.616]",0.33153
1.0,0.0385225,0.0,0.0,17.156,0.0,125.302,225.301,93.8092,5,"[200.0, 200.0, 200.0, 200.0, 200.0, 200.0, 200.0, 200.0, 200.0, 200.0, 200.0, 200.0, 200.0, 200.0, 200.0, 200.0, 200.0, 200.0, 200.0, 200.0, 200.0, 200.0, 200.0, 200.0, 200.0, 200.0, 200.0, 200.0, 200.0, 200.0, 200.0, 200.0, 200.0, 200.0, 200.0, 200.0]",1,5262.25,149.21,4.61254,-0.353892,0.131,"[14.5898, 15.262, 17.2302, 21.4601, 31.2667, 47.7097, 65.841, 107.521, 200.0, 10.9332, 3.35628, 1.99137, 1.42336, 1.11407, 0.790026, 0.57381, 0.475979, 0.431788, 0.421383]",-0.943857,"[126.031, 124.921, 127.101, 126.059]",0.329114
1.0,0.0303315,0.0,0.0,17.178,0.0,126.214,226.213,93.8092,5,"[200.0, 200.0, 200.0, 200.0, 200.0, 200.0, 200.0, 200.0, 200.0, 200.0, 200.0, 200.0, 200.0, 200.0, 200.0, 200.0, 200.0, 200.0, 200.0, 200.0, 200.0, 200.0, 200.0, 200.0, 200.0, 200.0, 200.0, 200.0, 200.0, 200.0, 200.0, 200.0, 200.0, 200.0, 200.0, 200.0]",1,5246.9,149.139,3.29978,-0.265346,0.131,"[14.5939, 15.2325, 17.152, 21.2846, 30.8066, 46.55, 63.5864, 101.51, 200.0, 13.6138, 3.5189, 2.02946, 1.43358, 1.11476, 0.78486, 0.566943, 0.468741, 0.424175, 0.413053]",-0.944952,"[126.432, 124.376, 127.496, 125.586]",0.327296
1.0,0.0196236,0.0,0.0,17.2,0.0,127.125,227.124,93.8092,5,"[200.0, 200.0, 200.0, 200.0, 200.0, 200.0, 200.0, 200.0, 200.0, 200.0, 200.0, 200.0, 200.0, 200.0, 200.0, 200.0, 200.0, 200.0, 200.0, 200.0, 200.0, 200.0, 200.0, 200.0, 200.0, 200.0, 200.0, 200.0, 200.0, 200.0, 200.0, 200.0, 200.0, 200.0, 200.0, 200.0]",1,5231.77,149.062,1.91621,-0.104584,0.131,"[14.5979, 15.1928, 17.0494, 21.0578, 30.2232, 45.1141, 60.8597, 94.5949, 200.0, 20.6352, 3.79533, 2.09865, 1.45797, 1.12353, 0.783349, 0.561717, 0.462401, 0.417082, 0.404989]",-0.946012,"[126.596, 123.972, 127.673, 125.244]",0.326677
1.0,0.00746638,0.0,0.0,17.222,0.0,128.036,228.035,93.8092,5,"[200.0, 200.0, 200.0, 200.0, 200.0, 200.0, 200.0, 200.0, 200.0, 200.0, 200.0, 200.0, 200.0, 200.0, 200.0, 200.0, 200.0, 200.0, 200.0, 200.0, 200.0, 200.0, 200.0, 200.0, 200.0, 200.0, 200.0, 200.0, 200.0, 200.0, 200.0, 200.0, 200.0, 200.0, 200.0, 200.0]",1,5216.88,148.968,0.626097,0.0595213,0.131,"[14.6013, 15.1467, 16.9331, 20.8047, 29.5852, 43.5855, 58.0323, 87.8037, 183.163, 53.4516, 4.21907, 2.20495, 1.50019, 1.14343, 0.788005, 0.560227, 0.458861, 0.412352, 0.399098]",-0.946788,"[126.584, 123.72, 127.704, 125.016]",0.327432
1.0,-0.00562338,0.0,0.0,17.244,0.0,128.946,228.945,93.8092,5,"[200.0, 200.0, 200.0, 200.0, 200.0, 200.0, 200.0, 200.0, 200.0, 200.0, 200.0, 200.0, 200.0, 200.0, 200.0, 200.0, 200.0, 200.0, 200.0, 200.0, 200.0, 200.0, 200.0, 200.0, 200.0, 200.0, 200.0, 200.0, 200.0, 200.0, 200.0, 200.0, 200.0, 200.0, 200.0, 200.0]",1,5112.4,148.856,-0.596629,0.115881,0.131,"[14.6032, 15.0956, 16.8077, 20.5365, 28.9246, 42.0472, 55.2626, 81.4973, 157.433, 200.0, 4.86864, 2.36188, 1.56699, 1.17913, 0.801921, 0.564696, 0.459973, 0.411682, 0.397055]",-0.94706,"[126.534, 123.563, 127.691, 124.816]",0.329159
1.0,-0.0194168,0.0,0.0,17.266,0.0,129.856,229.855,93.8087,5,"[200.0, 200.0, 200.0, 200.0, 200.0, 200.0, 200.0, 200.0, 200.0, 200.0, 200.0, 200.0, 200.0, 200.0, 200.0, 200.0, 200.0, 200.0, 200.0, 200.0, 200.0, 200.0, 200.0, 200.0, 200.0, 200.0, 200.0, 200.0, 200.0, 200.0, 200.0, 200.0, 200.0, 200.0, 200.0, 200.0]",1,5230.26,148.935,-1.79601,0.149147,0.133,"[14.6027, 15.0396, 16.6748, 20.258, 28.2551, 40.5329, 52.6079, 75.7511, 137.113, 200.0, 5.90024, 2.58923, 1.66665, 1.23574, 0.828047, 0.577029, 0.467232, 0.416378, 0.400098]",-0.946664,"[126.606, 123.559, 130.828, 126.92]",0.331042
1.0,-0.0338653,0.0,0.0,17.288,0.0,130.766,230.765,93.8081,5,"[200.0, 200.0, 200.0, 200.0, 200.0, 200.0, 200.0, 200.0, 200.0, 200.0, 200.0, 200.0, 200.0, 200.0, 200.0, 200.0, 200.0, 200.0, 200.0, 200.0, 200.0, 200.0, 200.0, 200.0, 200.0, 200.0, 200.0, 200.0, 200.0, 200.0, 200.0, 200.0, 200.0, 200.0, 200.0, 200.0]",1,5221.56,149.102,-3.00348,0.11962,0.132,"[14.5996, 14.9786, 16.5347, 19.9703, 27.5807, 39.0514, 50.0769, 70.5253, 120.752, 200.0, 7.65912, 2.91583, 1.80918, 1.31872, 0.869089, 0.598764, 0.481749, 0.427355, 0.409046]",-0.945492,"[126.791, 123.421, 131.244, 126.356]",0.332317
1.0,-0.0462971,0.0,0.0,17.31,0.0,131.678,231.677,93.8075,5,"[200.0, 200.0, 200.0, 200.0, 200.0, 200.0, 200.0, 200.0, 200.0, 200.0, 200.0, 200.0, 200.0, 200.0, 200.0, 200.0, 200.0, 200.0, 200.0, 200.0, 200.0, 200.0, 200.0, 200.0, 200.0, 200.0, 200.0, 200.0, 200.0, 200.0, 200.0, 200.0, 200.0, 200.0, 200.0, 200.0]",1,5226.43,149.259,-4.35407,0.134403,-0.8,"[14.5932, 14.9227, 16.4118, 19.7241, 27.0183, 37.8497, 48.0718, 66.5522, 109.468, 200.0, 10.3141, 3.30334, 1.97554, 1.41682, 0.919593, 0.627125, 0.501743, 0.443321, 0.422899]",-0.943674,"[126.656, 123.65, 131.081, 126.782]",0.332739
1.0,-0.0489623,0.0,0.0,17.332,0.0,132.591,232.59,93.8069,5,"[200.0, 200.0, 200.0, 200.0, 200.0, 200.0, 200.0, 200.0, 200.0, 200.0, 200.0, 200.0, 200.0, 200.0, 200.0, 200.0, 200.0, 200.0, 200.0, 200.0, 200.0, 200.0, 200.0, 200.0, 200.0, 200.0, 200.0, 200.0, 200.0, 200.0, 200.0, 200.0, 200.0, 200.0, 200.0, 200.0]",1,5211.48,149.375,-5.17451,0.174603,-0.8,"[14.5815, 14.9002, 16.374, 19.6581, 26.8815, 37.5747, 47.6285, 65.7105, 107.24, 200.0, 11.3848, 3.48112, 2.06396, 1.4748, 0.953968, 0.649113, 0.518703, 0.457911, 0.436501]",-0.94187,"[125.039, 124.13, 129.892, 127.937]",0.332776
1.0,-0.04205,0.0,0.0,17.354,0.0,133.504,233.503,93.8063,5,"[200.0, 200.0, 200.0, 200.0, 200.0, 200.0, 200.0, 200.0, 200.0, 200.0, 200.0, 200.0, 200.0, 200.0, 200.0, 200.0, 200.0, 200.0, 200.0, 200.0, 200.0, 200.0, 200.0, 200.0, 200.0, 200.0, 200.0, 200.0, 200.0, 200.0, 200.0, 200.0, 200.0, 200.0, 200.0, 200.0]",1,5220.05,149.471,-4.57684,0.166871,-0.8,"[14.5645, 14.9102, 16.4188, 19.7657, 27.1504, 38.1712, 48.6359, 67.7155, 112.841, 200.0, 9.91952, 3.3943, 2.05689, 1.48362, 0.968087, 0.66253, 0.531095, 0.469897, 0.448769]",-0.940217,"[123.095, 123.855, 130.075, 128.714]",0.332659
1.0,-0.0282538,0.0,0.0,17.376,0.0,134.418,234.417,93.8057,5,"[200.0, 200.0, 200.0, 200.0, 200.0, 200.0, 200.0, 200.0, 200.0, 200.0, 200.0, 200.0, 200.0, 200.0, 200.0, 200.0, 200.0, 200.0, 200.0, 200.0, 200.0, 200.0, 200.0, 200.0, 200.0, 200.0, 200.0, 200.0, 200.0, 200.0, 200.0, 200.0, 200.0, 200.0, 200.0, 200.0]",1,5251.77,149.573,-3.04993,0.0868227,-0.8,"[14.5471, 14.9471, 16.5279, 20.0073, 27.7366, 39.4684, 50.8433, 72.2014, 126.157, 200.0, 7.77682, 3.14675, 1.98189, 1.45452, 0.964926, 0.66778, 0.538619, 0.478658, 0.458847]",-0.938845,"[121.981, 124.401, 129.661, 130.042]",0.332701
1.0,-0.0107991,0.0,0.0,17.398,0.0,135.333,235.332,93.8052,5,"[200.0, 200.0, 200.0, 200.0, 200.0, 200.0, 200.0, 200.0, 200.0, 200.0, 200.0, 200.0, 200.0, 200.0, 200.0, 200.0, 200.0, 200.0, 200.0, 200.0, 200.0, 200.0, 200.0, 200.0, 200.0, 200.0, 200.0, 200.0, 200.0, 200.0, 200.0, 200.0, 200.0, 200.0, 200.0, 200.0]",1,5268.98,149.683,-1.17141,0.0391643,0.131,"[14.5358, 15.0051, 16.6804, 20.337, 28.5377, 41.275, 53.986, 78.8771, 148.454, 200.0, 6.08808, 2.85323, 1.87253, 1.40148, 0.947958, 0.66495, 0.540436, 0.482918, 0.465113]",-0.937988,"[121.828, 126.244, 128.759, 131.432]",0.333148
1.0,0.00724253,0.0,0.0,17.42,0.0,136.248,236.247,93.8046,5,"[200.0, 200.0, 200.0, 200.0, 200.0, 200.0, 200.0, 200.0, 200.0, 200.0, 200.0, 200.0, 200.0, 200.0, 200.0, 200.0, 200.0, 200.0, 200.0, 200.0, 200.0, 200.0, 200.0, 200.0, 200.0, 200.0, 200.0, 200.0, 200.0, 200.0, 200.0, 200.0, 200.0, 200.0, 200.0, 200.0]",1,5288.5,149.816,0.796855,0.00987504,0.132,"[14.5337, 15.0757, 16.8526, 20.7037, 29.4367, 43.3565, 57.714, 87.2815, 181.807, 64.4326, 4.945, 2.58138, 1.7556, 1.33781, 0.921765, 0.655217, 0.536613, 0.482191, 0.466664]",-0.93778,"[123.172, 128.038, 129.083, 131.817]",0.333583
1.0,0.0206484,0.0,0.0,17.442,0.0,137.164,237.163,93.804,5,"[200.0, 200.0, 200.0, 200.0, 200.0, 200.0, 200.0, 200.0, 200.0, 200.0, 200.0, 200.0, 200.0, 200.0, 200.0, 200.0, 200.0, 200.0, 200.0, 200.0, 200.0, 200.0, 200.0, 200.0, 200.0, 200.0, 200.0, 200.0, 200.0, 200.0, 200.0, 200.0, 200.0, 200.0, 200.0, 200.0]",1,5306.18,149.98,2.87792,-0.00974759,0.13,"[14.5375, 15.1341, 16.989, 20.9926, 30.1535, 45.0615, 60.859, 94.8237, 200.0, 22.5515, 4.32308, 2.40079, 1.67064, 1.28856, 0.899272, 0.6453, 0.53143, 0.479495, 0.465719]",-0.937917,"[124.176, 127.101, 129.671, 132.026]",0.333883
1.0,0.0264938,0.0,0.0,17.464,0.0,138.082,238.081,93.8034,5,"[200.0, 200.0, 200.0, 200.0, 200.0, 200.0, 200.0, 200.0, 200.0, 200.0, 200.0, 200.0, 200.0, 200.0, 200.0, 200.0, 200.0, 200.0, 200.0, 200.0, 200.0, 200.0, 200.0, 200.0, 200.0, 200.0, 200.0, 200.0, 200.0, 200.0, 200.0, 200.0, 200.0, 200.0, 200.0, 200.0]",1,5301.92,150.148,3.79602,-0.0178145,0.13,"[14.5406, 15.1612, 17.051, 21.1233, 30.4803, 45.8524, 62.3467, 98.5466, 200.0, 17.5332, 4.09168, 2.32611, 1.63363, 1.26629, 0.88848, 0.640123, 0.528424, 0.477629, 0.46463]",-0.938071,"[125.466, 126.504, 130.555, 131.726]",0.333843
1.0,0.026315,0.0,0.0,17.486,0.0,139.0,238.999,93.8028,5,"[200.0, 200.0, 200.0, 200.0, 200.0, 200.0, 200.0, 200.0, 200.0, 200.0, 200.0, 200.0, 200.0, 200.0, 200.0, 200.0, 200.0, 200.0, 200.0, 200.0, 200.0, 200.0, 200.0, 200.0, 200.0, 200.0, 200.0, 200.0, 200.0, 200.0, 200.0, 200.0, 200.0, 200.0, 200.0, 200.0]",1,5316.73,150.341,3.76999,-0.10236,0.13,"[14.542, 15.1619, 17.0507, 21.1214, 30.4732, 45.8323, 62.3063, 98.4382, 200.0, 17.599, 4.08573, 2.32113, 1.62968, 1.26304, 0.886058, 0.6383, 0.526881, 0.476209, 0.463226]",-0.938258,"[126.418, 126.085, 132.026, 130.63]",0.333398
1.0,0.021621,0.0,0.0,17.508,0.0,139.92,239.919,93.8022,5,"[200.0, 200.0, 200.0, 200.0, 200.0, 200.0, 200.0, 200.0, 200.0, 200.0, 200.0, 200.0, 200.0, 200.0, 200.0, 200.0, 200.0, 200.0, 200.0, 200.0, 200.0, 200.0, 200.0, 200.0, 200.0, 200.0, 200.0, 200.0, 200.0, 200.0, 200.0, 200.0, 200.0, 200.0, 200.0, 200.0]",1,5309.38,150.58,3.09568,-0.22532,0.13,"[14.5419, 15.1426, 17.0038, 21.0199, 30.2155, 45.2033, 61.118, 95.4491, 200.0, 21.3467, 4.24672, 2.36791, 1.65033, 1.27397, 0.889888, 0.638996, 0.526448, 0.47514, 0.461609]",-0.938466,"[127.045, 125.871, 131.879, 129.713]",0.332587
1.0,0.013671,0.0,0.0,17.53,0.0,140.841,240.84,93.8016,5,"[200.0, 200.0, 200.0, 200.0, 200.0, 200.0, 200.0, 200.0, 200.0, 200.0, 200.0, 200.0, 200.0, 200.0, 200.0, 200.0, 200.0, 200.0, 200.0, 200.0, 200.0, 200.0, 200.0, 200.0, 200.0, 200.0, 200.0, 200.0, 200.0, 200.0, 200.0, 200.0, 200.0, 200.0, 200.0, 200.0]",1,5279.3,150.833,2.07443,-0.292669,0.13,"[14.5409, 15.1092, 16.924, 20.849, 29.7872, 44.1741, 59.2026, 90.7763, 197.739, 33.6809, 4.56935, 2.46098, 1.69278, 1.29761, 0.899654, 0.642432, 0.527551, 0.474983, 0.460479]",-0.938608,"[127.588, 125.776, 131.185, 128.961]",0.331438
1.0,0.00350856,0.0,0.0,17.552,0.0,141.764,241.763,93.801,5,"[200.0, 200.0, 200.0, 200.0, 200.0, 200.0, 200.0, 200.0, 200.0, 200.0, 200.0, 200.0, 200.0, 200.0, 200.0, 200.0, 200.0, 200.0, 200.0, 200.0, 200.0, 200.0, 200.0, 200.0, 200.0, 200.0, 200.0, 200.0, 200.0, 200.0, 200.0, 200.0, 200.0, 200.0, 200.0, 200.0]",1,5259.21,151.069,0.920877,-0.265705,0.13,"[14.5391, 15.0661, 16.8223, 20.6337, 29.2559, 42.9231, 56.9199, 85.427, 173.786, 131.401, 5.08577, 2.60317, 1.75826, 1.33509, 0.91649, 0.649715, 0.531275, 0.476845, 0.46103]",-0.93853,"[128.006, 125.683, 130.829, 128.271]",0.330071
1.0,-0.00808655,0.0,0.0,17.574,0.0,142.687,242.687,93.8005,5,"[200.0, 200.0, 200.0, 200.0, 200.0, 200.0, 200.0, 200.0, 200.0, 200.0, 200.0, 200.0, 200.0, 200.0, 200.0, 200.0, 200.0, 200.0, 200.0, 200.0, 200.0, 200.0, 200.0, 200.0, 200.0, 200.0, 200.0, 200.0, 200.0, 200.0, 200.0, 200.0, 200.0, 200.0, 200.0, 200.0]",1,5244.32,151.279,-0.190846,-0.0965425,0.131,"[14.5358, 15.016, 16.7064, 20.3918, 28.6699, 41.576, 54.5165, 80.0374, 152.668, 200.0, 5.87528, 2.80493, 1.85147, 1.38966, 0.94267, 0.66259, 0.539145, 0.482172, 0.464733]",-0.938038,"[128.359, 125.59, 130.839, 127.742]",0.3289
1.0,-0.0204813,0.0,0.0,17.596,0.0,143.612,243.611,93.7999,5,"[200.0, 200.0, 200.0, 200.0, 200.0, 200.0, 200.0, 200.0, 200.0, 200.0, 200.0, 200.0, 200.0, 200.0, 200.0, 200.0, 200.0, 200.0, 200.0, 200.0, 200.0, 200.0, 200.0, 200.0, 200.0, 200.0, 200.0, 200.0, 200.0, 200.0, 200.0, 200.0, 200.0, 200.0, 200.0, 200.0]",1,5252.36,151.447,-1.24919,0.00488522,0.132,"[14.5302, 14.9606, 16.5819, 20.1363, 28.0646, 40.2198, 52.1533, 74.9669, 135.086, 200.0, 7.08583, 3.08177, 1.97871, 1.46536, 0.980748, 0.682877, 0.552682, 0.492363, 0.472976]",-0.93695,"[128.571, 125.572, 131.945, 127.856]",0.328236
1.0,-0.0331096,0.0,0.0,17.618,0.0,144.538,244.537,93.7993,5,"[200.0, 200.0, 200.0, 200.0, 200.0, 200.0, 200.0, 200.0, 200.0, 200.0, 200.0, 200.0, 200.0, 200.0, 200.0, 200.0, 200.0, 200.0, 200.0, 200.0, 200.0, 200.0, 200.0, 200.0, 200.0, 200.0, 200.0, 200.0, 200.0, 200.0, 200.0, 200.0, 200.0, 200.0, 200.0, 200.0]",1,5259.69,151.599,-2.22739,0.113035,0.131,"[14.5215, 14.9015, 16.4534, 19.8782, 27.4673, 38.9167, 49.9344, 70.4017, 120.86, 200.0, 8.98617, 3.45099, 2.14566, 1.56545, 1.03262, 0.711865, 0.57294, 0.508373, 0.486692]",-0.935143,"[128.676, 125.65, 132.242, 128.793]",0.328136
1.0,-0.0425624,0.0,0.0,17.64,0.0,145.465,245.464,93.7987,5,"[200.0, 200.0, 200.0, 200.0, 200.0, 200.0, 200.0, 200.0, 200.0, 200.0, 200.0, 200.0, 200.0, 200.0, 200.0, 200.0, 200.0, 200.0, 200.0, 200.0, 200.0, 200.0, 200.0, 200.0, 200.0, 200.0, 200.0, 200.0, 200.0, 200.0, 200.0, 200.0, 200.0, 200.0, 200.0, 200.0]",1,5310.6,151.732,-3.426,0.0785847,-0.8,"[14.5091, 14.8514, 16.3516, 19.6808, 27.0247, 37.9779, 48.3707, 67.2996, 111.968, 200.0, 11.2795, 3.8307, 2.31774, 1.67063, 1.08942, 0.745252, 0.597267, 0.528357, 0.50453]",-0.93279,"[128.387, 126.217, 132.84, 130.59]",0.328665
1.0,-0.0433762,0.0,0.0,17.662,0.0,146.392,246.392,93.7981,5,"[200.0, 200.0, 200.0, 200.0, 200.0, 200.0, 200.0, 200.0, 200.0, 200.0, 200.0, 200.0, 200.0, 200.0, 200.0, 200.0, 200.0, 200.0, 200.0, 200.0, 200.0, 200.0, 200.0, 200.0, 200.0, 200.0, 200.0, 200.0, 200.0, 200.0, 200.0, 200.0, 200.0, 200.0, 200.0, 200.0]",1,5364.82,151.823,-3.93773,0.0491336,-0.8,"[14.4919, 14.8306, 16.3247, 19.6421, 26.9572, 37.857, 48.1868, 66.9705, 111.139, 200.0, 11.8913, 3.98947, 2.4078, 1.73366, 1.12938, 0.772066, 0.618528, 0.547022, 0.522238]",-0.930434,"[127.099, 126.347, 132.779, 132.309]",0.329805
1.0,-0.035354,0.0,0.0,17.684,0.0,147.321,247.32,93.7975,5,"[200.0, 200.0, 200.0, 200.0, 200.0, 200.0, 200.0, 200.0, 200.0, 200.0, 200.0, 200.0, 200.0, 200.0, 200.0, 200.0, 200.0, 200.0, 200.0, 200.0, 200.0, 200.0, 200.0, 200.0, 200.0, 200.0, 200.0, 200.0, 200.0, 200.0, 200.0, 200.0, 200.0, 200.0, 200.0, 200.0]",1,5368.17,151.91,-3.32542,0.0789033,-0.8,"[14.472, 14.8419, 16.3764, 19.7674, 27.2732, 38.5657, 49.3954, 69.4169, 118.245, 200.0, 10.3498, 3.87115, 2.39202, 1.74031, 1.1449, 0.787835, 0.633448, 0.56166, 0.53738]",-0.928394,"[125.332, 125.911, 131.398, 133.314]",0.331345
1.0,-0.0207885,0.0,0.0,17.706,0.0,148.25,248.249,93.7969,5,"[200.0, 200.0, 200.0, 200.0, 200.0, 200.0, 200.0, 200.0, 200.0, 200.0, 200.0, 200.0, 200.0, 200.0, 200.0, 200.0, 200.0, 200.0, 200.0, 200.0, 200.0, 200.0, 200.0, 200.0, 200.0, 200.0, 200.0, 200.0, 200.0, 200.0, 200.0, 200.0, 200.0, 200.0, 200.0, 200.0]",1,5369.86,151.978,-1.95893,0.062254,-0.8,"[14.4549, 14.8819, 16.4931, 20.0259, 27.9049, 39.9795, 51.8278, 74.4622, 134.005, 200.0, 8.253, 3.58, 2.29692, 1.70042, 1.13768, 0.79196, 0.640881, 0.570882, 0.548357]",-0.926901,"[123.9, 126.436, 130.945, 133.67]",0.332675
1.0,-0.00209725,0.0,0.0,17.728,0.0,149.179,249.178,93.7963,5,"[200.0, 200.0, 200.0, 200.0, 200.0, 200.0, 200.0, 200.0, 200.0, 200.0, 200.0, 200.0, 200.0, 200.0, 200.0, 200.0, 200.0, 200.0, 200.0, 200.0, 200.0, 200.0, 200.0, 200.0, 200.0, 200.0, 200.0, 200.0, 200.0, 200.0, 200.0, 200.0, 200.0, 200.0, 200.0, 200.0]",1,5396.74,152.012,-0.17604,0.0304783,0.13,"[14.4462, 14.9474, 16.6608, 20.3872, 28.7878, 41.9958, 55.3823, 82.2144, 161.871, 200.0, 6.51074, 3.22786, 2.15677, 1.62872, 1.11173, 0.784902, 0.640301, 0.573706, 0.553846]",-0.926154,"[123.636, 128.567, 131.749, 134.28]",0.333292
1.0,0.0179505,0.0,0.0,17.75,0.0,150.108,250.107,93.7958,5,"[200.0, 200.0, 200.0, 200.0, 200.0, 200.0, 200.0, 200.0, 200.0, 200.0, 200.0, 200.0, 200.0, 200.0, 200.0, 200.0, 200.0, 200.0, 200.0, 200.0, 200.0, 200.0, 200.0, 200.0, 200.0, 200.0, 200.0, 200.0, 200.0, 200.0, 200.0, 200.0, 200.0, 200.0, 200.0, 200.0]",1,5411.23,152.11,1.92218,0.0933377,0.13,"[14.4492, 15.0313, 16.8593, 20.8079, 29.8259, 44.4386, 59.8366, 92.642, 200.0, 30.8139, 5.26643, 2.89129, 2.00313, 1.54138, 1.07301, 0.768525, 0.63221, 0.569957, 0.553185]",-0.926254,"[125.551, 130.13, 132.51, 134.122]",0.333199
1.0,0.0330875,0.0,0.0,17.772,0.0,151.039,251.038,93.7952,5,"[200.0, 200.0, 200.0, 200.0, 200.0, 200.0, 200.0, 200.0, 200.0, 200.0, 200.0, 200.0, 200.0, 200.0, 200.0, 200.0, 200.0, 200.0, 200.0, 200.0, 200.0, 200.0, 200.0, 200.0, 200.0, 200.0, 200.0, 200.0, 200.0, 200.0, 200.0, 200.0, 200.0, 200.0, 200.0, 200.0]",1,5396.61,152.274,4.27882,0.230577,0.128,"[14.459, 15.103, 17.0211, 21.1481, 30.6767, 46.5044, 63.7388, 102.509, 200.0, 16.5934, 4.57203, 2.66303, 1.88877, 1.47199, 1.03891, 0.75185, 0.62231, 0.563612, 0.549236]",-0.926809,"[126.371, 129.196, 132.147, 133.772]",0.331705
1.0,0.0394414,0.0,0.0,17.794,0.0,151.97,251.97,93.7946,5,"[200.0, 200.0, 200.0, 200.0, 200.0, 200.0, 200.0, 200.0, 200.0, 200.0, 200.0, 200.0, 200.0, 200.0, 200.0, 200.0, 200.0, 200.0, 200.0, 200.0, 200.0, 200.0, 200.0, 200.0, 200.0, 200.0, 200.0, 200.0, 200.0, 200.0, 200.0, 200.0, 200.0, 200.0, 200.0, 200.0]",1,5369.43,152.46,5.12968,0.311121,0.128,"[14.4669, 15.1373, 17.0944, 21.2998, 31.0565, 47.4421, 65.5495, 107.333, 200.0, 13.805, 4.3076, 2.5635, 1.83464, 1.437, 1.01984, 0.741175, 0.615035, 0.558088, 0.544771]",-0.92742,"[127.52, 128.488, 132.039, 132.747]",0.330395
1.0,0.0390496,0.0,0.0,17.816,0.0,152.903,252.902,93.794,5,"[200.0, 200.0, 200.0, 200.0, 200.0, 200.0, 200.0, 200.0, 200.0, 200.0, 200.0, 200.0, 200.0, 200.0, 200.0, 200.0, 200.0, 200.0, 200.0, 200.0, 200.0, 200.0, 200.0, 200.0, 200.0, 200.0, 200.0, 200.0, 200.0, 200.0, 200.0, 200.0, 200.0, 200.0, 200.0, 200.0]",1,5351.29,152.677,4.84572,0.326446,0.129,"[14.4728, 15.1419, 17.0974, 21.2998, 31.0466, 47.4042, 65.4639, 107.069, 200.0, 13.7863, 4.2722, 2.53919, 1.81626, 1.42217, 1.00897, 0.733088, 0.60823, 0.551848, 0.538624]",-0.928238,"[128.363, 128.014, 132.423, 131.898]",0.329523
1.0,0.0337793,0.0,0.0,17.838,0.0,153.837,253.837,93.7934,5,"[200.0, 200.0, 200.0, 200.0, 200.0, 200.0, 200.0, 200.0, 200.0, 200.0, 200.0, 200.0, 200.0, 200.0, 200.0, 200.0, 200.0, 200.0, 200.0, 200.0, 200.0, 200.0, 200.0, 200.0, 200.0, 200.0, 200.0, 200.0, 200.0, 200.0, 200.0, 200.0, 200.0, 200.0, 200.0, 200.0]",1,5344.17,152.911,3.88215,0.309397,0.129,"[14.4778, 15.1254, 17.0501, 21.1907, 30.7556, 46.6624, 64.0104, 103.14, 200.0, 15.7079, 4.39336, 2.56517, 1.82119, 1.42011, 1.0029, 0.72613, 0.601189, 0.544596, 0.530802]",-0.929267,"[129.1, 127.779, 132.931, 131.094]",0.329276
1.0,0.0252457,0.0,0.0,17.86,0.0,154.773,254.772,93.7928,5,"[200.0, 200.0, 200.0, 200.0, 200.0, 200.0, 200.0, 200.0, 200.0, 200.0, 200.0, 200.0, 200.0, 200.0, 200.0, 200.0, 200.0, 200.0, 200.0, 200.0, 200.0, 200.0, 200.0, 200.0, 200.0, 200.0, 200.0, 200.0, 200.0, 200.0, 200.0, 200.0, 200.0, 200.0, 200.0, 200.0]",1,5348.47,153.143,2.60182,0.301638,0.129,"[14.4825, 15.0956, 16.9704, 21.012, 30.2898, 45.5008, 61.7781, 97.3414, 200.0, 20.6823, 4.65006, 2.63078, 1.84405, 1.4279, 1.00073, 0.720385, 0.594379, 0.537041, 0.522252]",-0.930389,"[129.653, 127.646, 133.509, 130.558]",0.329435
1.0,0.0148936,0.0,0.0,17.882,0.0,155.709,255.708,93.7922,5,"[200.0, 200.0, 200.0, 200.0, 200.0, 200.0, 200.0, 200.0, 200.0, 200.0, 200.0, 200.0, 200.0, 200.0, 200.0, 200.0, 200.0, 200.0, 200.0, 200.0, 200.0, 200.0, 200.0, 200.0, 200.0, 200.0, 200.0, 200.0, 200.0, 200.0, 200.0, 200.0, 200.0, 200.0, 200.0, 200.0]",1,5338.49,153.381,1.28528,0.33054,0.129,"[14.4872, 15.0583, 16.8734, 20.7977, 29.7416, 44.165, 59.2687, 91.1258, 200.0, 34.5426, 5.04443, 2.7321, 1.88319, 1.44516, 1.00312, 0.716935, 0.589029, 0.530533, 0.5145]",-0.931408,"[130.03, 127.558, 133.061, 130.129]",0.329817
1.0,0.0037503,0.0,0.0,17.904,0.0,156.647,256.646,93.7916,5,"[200.0, 200.0, 200.0, 200.0, 200.0, 200.0, 200.0, 200.0, 200.0, 200.0, 200.0, 200.0, 200.0, 200.0, 200.0, 200.0, 200.0, 200.0, 200.0, 200.0, 200.0, 200.0, 200.0, 200.0, 200.0, 200.0, 200.0, 200.0, 200.0, 200.0, 200.0, 200.0, 200.0, 200.0, 200.0, 200.0]",1,5334.4,153.591,0.0984274,0.384453,0.129,"[14.4909, 15.0172, 16.769, 20.5704, 29.1713, 42.8097, 56.7833, 85.2633, 173.711, 135.777, 5.6023, 2.87131, 1.94025, 1.47363, 1.01183, 0.717431, 0.586706, 0.526636, 0.509203]",-0.932107,"[130.242, 127.582, 133.349, 129.808]",0.330453
1.0,-0.00758216,0.0,0.0,17.926,0.0,157.586,257.585,93.7911,5,"[200.0, 200.0, 200.0, 200.0, 200.0, 200.0, 200.0, 200.0, 200.0, 200.0, 200.0, 200.0, 200.0, 200.0, 200.0, 200.0, 200.0, 200.0, 200.0, 200.0, 200.0, 200.0, 200.0, 200.0, 200.0, 200.0, 200.0, 200.0, 200.0, 200.0, 200.0, 200.0, 200.0, 200.0, 200.0, 200.0]",1,5327.24,153.778,-0.977093,0.354172,0.13,"[14.4928, 14.9736, 16.6619, 20.3417, 28.6099, 41.5094, 54.455, 80.0198, 153.024, 200.0, 6.37704, 3.05466, 2.01844, 1.51578, 1.02876, 0.723378, 0.588734, 0.526604, 0.507627]",-0.932318,"[130.362, 127.681, 133.801, 130.103]",0.33095
1.0,-0.018717,0.0,0.0,17.948,0.0,158.526,258.525,93.7905,5,"[200.0, 200.0, 200.0, 200.0, 200.0, 200.0, 200.0, 200.0, 200.0, 200.0, 200.0, 200.0, 200.0, 200.0, 200.0, 200.0, 200.0, 200.0, 200.0, 200.0, 200.0, 200.0, 200.0, 200.0, 200.0, 200.0, 200.0, 200.0, 200.0, 200.0, 200.0, 200.0, 200.0, 200.0, 200.0, 200.0]",1,5367.55,153.921,-1.91991,0.297334,0.131,"[14.4921, 14.9284, 16.5551, 20.1183, 28.074, 40.2994, 52.3369, 75.4471, 136.972, 200.0, 7.45212, 3.2892, 2.12068, 1.57362, 1.05527, 0.735769, 0.595948, 0.531202, 0.510528]",-0.931941,"[130.465, 127.82, 135.118, 130.941]",0.331045
1.0,-0.029879,0.0,0.0,17.97,0.0,159.467,259.466,93.7899,5,"[200.0, 200.0, 200.0, 200.0, 200.0, 200.0, 200.0, 200.0, 200.0, 200.0, 200.0, 200.0, 200.0, 200.0, 200.0, 200.0, 200.0, 200.0, 200.0, 200.0, 200.0, 200.0, 200.0, 200.0, 200.0, 200.0, 200.0, 200.0, 200.0, 200.0, 200.0, 200.0, 200.0, 200.0, 200.0, 200.0]",1,5419.16,154.034,-2.67983,0.290065,0.13,"[14.4879, 14.8798, 16.4454, 19.8944, 27.5497, 39.1454, 50.3598, 71.3403, 123.903, 200.0, 9.04067, 3.5972, 2.25601, 1.65247, 1.09418, 0.756252, 0.60954, 0.541404, 0.518768]",-0.930862,"[130.562, 127.874, 135.743, 133.337]",0.331056
1.0,-0.0391629,0.0,0.0,17.992,0.0,160.409,260.408,93.7893,5,"[200.0, 200.0, 200.0, 200.0, 200.0, 200.0, 200.0, 200.0, 200.0, 200.0, 200.0, 200.0, 200.0, 200.0, 200.0, 200.0, 200.0, 200.0, 200.0, 200.0, 200.0, 200.0, 200.0, 200.0, 200.0, 200.0, 200.0, 200.0, 200.0, 200.0, 200.0, 200.0, 200.0, 200.0, 200.0, 200.0]",1,5471.15,154.161,-3.99136,0.243825,-0.8,"[14.4799, 14.8349, 16.3501, 19.7056, 27.1193, 38.2217, 48.8086, 68.2255, 114.747, 200.0, 11.0471, 3.93607, 2.40578, 1.74183, 1.14063, 0.782467, 0.628056, 0.5562, 0.531608]",-0.929173,"[130.402, 128.417, 135.673, 134.649]",0.331367
1.0,-0.0386224,0.0,0.0,18.014,0.0,161.352,261.352,93.7887,5,"[200.0, 200.0, 200.0, 200.0, 200.0, 200.0, 200.0, 200.0, 200.0, 200.0, 200.0, 200.0, 200.0, 200.0, 200.0, 200.0, 200.0, 200.0, 200.0, 200.0, 200.0, 200.0, 200.0, 200.0, 200.0, 200.0, 200.0, 200.0, 200.0, 200.0, 200.0, 200.0, 200.0, 200.0, 200.0, 200.0]",1,5471.93,154.269,-4.4772,0.352049,-0.8,"[14.4683, 14.8252, 16.342, 19.7001, 27.1214, 38.2425, 48.8557, 68.3426, 115.148, 200.0, 11.1562, 4.00369, 2.45097, 1.77579, 1.16363, 0.7986, 0.641162, 0.567905, 0.542875]",-0.927671,"[128.76, 128.509, 134.65, 135.296]",0.327553
1.0,-0.0277155,0.0,0.0,18.036,0.0,162.296,262.295,93.7881,5,"[200.0, 200.0, 200.0, 200.0, 200.0, 200.0, 200.0, 200.0, 200.0, 200.0, 200.0, 200.0, 200.0, 200.0, 200.0, 200.0, 200.0, 200.0, 200.0, 200.0, 200.0, 200.0, 200.0, 200.0, 200.0, 200.0, 200.0, 200.0, 200.0, 200.0, 200.0, 200.0, 200.0, 200.0, 200.0, 200.0]",1,5412.23,154.379,-3.6028,0.581613,-0.8,"[14.4556, 14.8552, 16.429, 19.8919, 27.5866, 39.274, 50.6155, 71.9366, 125.95, 200.0, 9.2399, 3.75909, 2.37084, 1.74109, 1.15576, 0.800186, 0.64557, 0.5738, 0.550131]",-0.926677,"[126.514, 128.41, 133.513, 133.204]",0.325037
1.0,-0.00944435,0.0,0.0,18.058,0.0,163.24,263.239,93.7875,5,"[200.0, 200.0, 200.0, 200.0, 200.0, 200.0, 200.0, 200.0, 200.0, 200.0, 200.0, 200.0, 200.0, 200.0, 200.0, 200.0, 200.0, 200.0, 200.0, 200.0, 200.0, 200.0, 200.0, 200.0, 200.0, 200.0, 200.0, 200.0, 200.0, 200.0, 200.0, 200.0, 200.0, 200.0, 200.0, 200.0]",1,5417.07,154.408,-1.87713,0.772809,-0.8,"[14.4486, 14.9206, 16.5934, 20.2423, 28.4322, 41.1765, 53.9245, 78.9761, 149.627, 200.0, 7.10044, 3.35898, 2.21084, 1.65705, 1.12244, 0.788143, 0.640934, 0.572962, 0.552038]",-0.926398,"[125.1, 128.941, 132.928, 134.243]",0.323621
1.0,0.0129463,0.0,0.0,18.08,0.0,164.183,264.182,93.7869,5,"[200.0, 200.0, 200.0, 200.0, 200.0, 200.0, 200.0, 200.0, 200.0, 200.0, 200.0, 200.0, 200.0, 200.0, 200.0, 200.0, 200.0, 200.0, 200.0, 200.0, 200.0, 200.0, 200.0, 200.0, 200.0, 200.0, 200.0, 200.0, 200.0, 200.0, 200.0, 200.0, 200.0, 200.0, 200.0, 200.0]",1,5413.65,154.409,0.210662,0.962439,-0.8,"[14.4545, 15.0165, 16.8163, 20.7098, 29.5721, 43.8208, 58.6833, 89.8363, 200.0, 42.2334, 5.46503, 2.93348, 2.01528, 1.54381, 1.06961, 0.763402, 0.626701, 0.564128, 0.546796]",-0.9271,"[124.055, 129.25, 133.003, 134.518]",0.32369
1.0,0.0364514,0.0,0.0,18.102,0.0,165.126,265.126,93.7864,5,"[200.0, 200.0, 200.0, 200.0, 200.0, 200.0, 200.0, 200.0, 200.0, 200.0, 200.0, 200.0, 200.0, 200.0, 200.0, 200.0, 200.0, 200.0, 200.0, 200.0, 200.0, 200.0, 200.0, 200.0, 200.0, 200.0, 200.0, 200.0, 200.0, 200.0, 200.0, 200.0, 200.0, 200.0, 200.0, 200.0]",1,5451.0,154.357,2.39209,1.05758,-0.8,"[14.4768, 15.1353, 17.0758, 21.2481, 30.9056, 47.0403, 64.7457, 105.106, 200.0, 14.6218, 4.31812, 2.54446, 1.8134, 1.41705, 1.00308, 0.727556, 0.603014, 0.546689, 0.533221]",-0.928951,"[123.34, 129.141, 134.401, 134.526]",0.325188
1.0,0.0601004,0.0,0.0,18.124,0.0,166.069,266.068,93.7858,5,"[200.0, 200.0, 200.0, 200.0, 200.0, 200.0, 200.0, 200.0, 200.0, 200.0, 200.0, 200.0, 200.0, 200.0, 200.0, 200.0, 200.0, 200.0, 200.0, 200.0, 200.0, 200.0, 200.0, 200.0, 200.0, 200.0, 200.0, 200.0, 200.0, 200.0, 200.0, 200.0, 200.0, 200.0, 200.0, 200.0]",1,5463.21,154.269,4.47736,1.18873,-0.8,"[14.5166, 15.275, 17.3657, 21.844, 32.4113, 50.8506, 72.3313, 126.905, 200.0, 8.48382, 3.47041, 2.19185, 1.6107, 1.28084, 0.924626, 0.680975, 0.569679, 0.520119, 0.510497]",-0.932057,"[122.66, 128.801, 134.831, 134.555]",0.327915
1.0,0.0829102,0.0,0.0,18.146,0.0,167.012,267.011,93.7852,5,"[200.0, 200.0, 200.0, 200.0, 200.0, 200.0, 200.0, 200.0, 200.0, 200.0, 200.0, 200.0, 200.0, 200.0, 200.0, 200.0, 200.0, 200.0, 200.0, 200.0, 200.0, 200.0, 200.0, 200.0, 200.0, 200.0, 200.0, 200.0, 200.0, 200.0, 200.0, 200.0, 200.0, 200.0, 200.0, 200.0]",1,5472.97,154.168,6.52061,1.2017,-0.8,"[14.573, 15.4307, 17.6755, 22.4772, 34.0465, 55.2152, 81.6186, 158.73, 200.0, 5.76057, 2.81692, 1.87371, 1.41175, 1.13948, 0.836949, 0.625052, 0.527457, 0.4848, 0.478708]",-0.936392,"[122.221, 128.275, 135.299, 134.718]",0.330751
1.0,0.104209,0.0,0.0,18.168,0.0,167.953,267.953,93.7846,5,"[200.0, 200.0, 200.0, 200.0, 200.0, 200.0, 200.0, 200.0, 200.0, 200.0, 200.0, 200.0, 200.0, 200.0, 200.0, 200.0, 200.0, 200.0, 200.0, 200.0, 200.0, 200.0, 200.0, 200.0, 200.0, 200.0, 200.0, 200.0, 200.0, 200.0, 200.0, 200.0, 200.0, 200.0, 200.0, 200.0]",1,5501.51,154.043,8.4497,1.06423,-0.8,"[14.6436, 15.5973, 17.9956, 23.1281, 35.7663, 60.0788, 92.8015, 200.0, 25.7264, 4.19012, 2.29029, 1.5841, 1.21786, 0.995315, 0.742052, 0.56108, 0.477217, 0.441329, 0.438238]",-0.941885,"[121.896, 127.614, 136.109, 135.488]",0.332388
1.0,0.124993,0.0,0.0,18.19,0.0,168.894,268.893,93.784,5,"[200.0, 200.0, 200.0, 200.0, 200.0, 200.0, 200.0, 200.0, 200.0, 200.0, 200.0, 200.0, 200.0, 200.0, 200.0, 200.0, 200.0, 200.0, 200.0, 200.0, 200.0, 200.0, 200.0, 200.0, 200.0, 200.0, 200.0, 200.0, 200.0, 200.0, 200.0, 200.0, 200.0, 200.0, 200.0, 200.0]",1,5527.47,153.846,10.1636,0.993343,-0.8,"[14.729, 15.7799, 18.3379, 23.8233, 37.6522, 65.7693, 107.157, 200.0, 10.2314, 3.09547, 1.83181, 1.30786, 1.02303, 0.845356, 0.638849, 0.488647, 0.418734, 0.389546, 0.388941]",-0.948546,"[121.297, 126.971, 137.213, 136.09]",0.332399
1.0,0.145202,0.0,0.0,18.212,0.0,169.834,269.833,93.7834,5,"[200.0, 200.0, 200.0, 200.0, 200.0, 200.0, 200.0, 200.0, 200.0, 200.0, 200.0, 200.0, 200.0, 200.0, 200.0, 200.0, 200.0, 200.0, 200.0, 200.0, 200.0, 200.0, 200.0, 200.0, 200.0, 200.0, 200.0, 200.0, 200.0, 200.0, 200.0, 200.0, 200.0, 200.0, 200.0, 200.0]",1,5541.73,153.632,11.726,0.98685,-0.8,"[14.829, 15.9781, 18.702, 24.5632, 39.7176, 72.4752, 126.128, 200.0, 5.64887, 2.26058, 1.41978, 1.04064, 0.82628, 0.689498, 0.527524, 0.407853, 0.35199, 0.329325, 0.330568]",-0.956388,"[120.727, 126.361, 137.675, 135.958]",0.33112
1.0,0.164719,0.0,0.0,18.234,0.0,170.773,270.772,93.7828,5,"[200.0, 200.0, 200.0, 200.0, 200.0, 200.0, 200.0, 200.0, 200.0, 200.0, 200.0, 200.0, 200.0, 200.0, 200.0, 200.0, 200.0, 200.0, 200.0, 200.0, 200.0, 200.0, 200.0, 200.0, 200.0, 200.0, 200.0, 200.0, 200.0, 200.0, 200.0, 200.0, 200.0, 200.0, 200.0, 200.0]",1,5561.12,153.418,13.3346,0.848497,-0.8,"[14.9434, 16.1917, 19.0869, 25.3463, 41.9706, 80.4189, 152.084, 200.0, 3.34582, 1.5788, 1.03833, 0.77794, 0.625773, 0.526747, 0.407539, 0.318241, 0.2765, 0.260109, 0.262437]",-0.965482,"[120.375, 125.814, 137.424, 137.351]",0.329607
1.0,0.185039,0.0,0.0,18.256,0.0,171.71,271.709,93.7822,5,"[200.0, 200.0, 200.0, 200.0, 200.0, 200.0, 200.0, 200.0, 200.0, 200.0, 200.0, 200.0, 200.0, 200.0, 200.0, 200.0, 200.0, 200.0, 200.0, 200.0, 200.0, 200.0, 200.0, 200.0, 200.0, 200.0, 200.0, 200.0, 200.0, 200.0, 200.0, 200.0, 200.0, 200.0, 200.0, 200.0]",1,5546.64,153.114,14.7197,0.969492,-0.8,"[15.0763, 16.4323, 19.5179, 26.2311, 44.6181, 90.7511, 200.0, 17.2318, 1.85454, 0.983962, 0.673108, 0.514486, 0.418947, 0.355617, 0.278172, 0.2194, 0.191929, 0.181569, 0.184178]",-0.975862,"[119.634, 125.279, 136.514, 137.936]",0.334733
1.0,0.205112,0.0,0.0,18.278,0.0,172.645,272.644,93.7817,5,"[200.0, 200.0, 200.0, 200.0, 200.0, 200.0, 200.0, 200.0, 200.0, 200.0, 200.0, 200.0, 200.0, 200.0, 200.0, 200.0, 200.0, 200.0, 200.0, 200.0, 200.0, 200.0, 200.0, 200.0, 200.0, 200.0, 200.0, 200.0, 200.0, 200.0, 200.0, 200.0, 200.0, 200.0, 200.0, 200.0]",1,5536.31,152.801,15.9622,1.137,-0.8,"[15.2264, 16.6941, 19.9819, 27.1898, 47.607, 103.914, 200.0, 3.03526, 0.7893, 0.455625, 0.321965, 0.250412, 0.206163, 0.176344, 0.139359, 0.110964, 0.0977142, 0.0929495, 0.094787]",-0.987627,"[119.033, 124.755, 136.005, 137.204]",0.331901
1.0,0.224678,0.0,0.0,18.3,0.0,173.578,273.577,93.7811,5,"[200.0, 200.0, 200.0, 200.0, 200.0, 200.0, 200.0, 200.0, 200.0, 200.0, 200.0, 200.0, 200.0, 200.0, 200.0, 200.0, 200.0, 200.0, 200.0, 200.0, 200.0, 200.0, 200.0, 200.0, 200.0, 200.0, 200.0, 200.0, 200.0, 200.0, 200.0, 200.0, 200.0, 200.0, 200.0, 200.0]",1,5537.13,152.469,17.2495,1.21723,-0.8,"[-1.0, -1.0, -1.0, -1.0, -1.0, -1.0, -1.0, -1.0, -1.0, -1.0, -1.0, -1.0, -1.0, -1.0, -1.0, -1.0, -1.0, -1.0, -1.0]",-1.00071,"[118.521, 124.171, 137.335, 136.444]",0.327531
1.0,0.243575,0.0,0.0,18.322,0.0,174.509,274.508,93.7805,5,"[200.0, 200.0, 200.0, 200.0, 200.0, 200.0, 200.0, 200.0, 200.0, 200.0, 200.0, 200.0, 200.0, 200.0, 200.0, 200.0, 200.0, 200.0, 200.0, 200.0, 200.0, 200.0, 200.0, 200.0, 200.0, 200.0, 200.0, 200.0, 200.0, 200.0, 200.0, 200.0, 200.0, 200.0, 200.0, 200.0]",1,5514.47,152.137,18.2353,1.42662,-0.8,"[-1.0, -1.0, -1.0, -1.0, -1.0, -1.0, -1.0, -1.0, -1.0, -1.0, -1.0, -1.0, -1.0, -1.0, -1.0, -1.0, -1.0, -1.0, -1.0]",-1.01528,"[117.942, 123.573, 136.123, 135.86]",0.339733
1.0,0.260559,0.0,0.0,18.344,0.0,175.436,275.435,93.7799,5,"[200.0, 200.0, 200.0, 200.0, 200.0, 200.0, 200.0, 200.0, 200.0, 200.0, 200.0, 200.0, 200.0, 200.0, 200.0, 200.0, 200.0, 200.0, 200.0, 200.0, 200.0, 200.0, 200.0, 200.0, 200.0, 200.0, 200.0, 200.0, 200.0, 200.0, 200.0, 200.0, 200.0, 200.0, 200.0, 200.0]",1,5494.87,151.828,19.0375,1.58786,-0.8,"[-1.0, -1.0, -1.0, -1.0, -1.0, -1.0, -1.0, -1.0, -1.0, -1.0, -1.0, -1.0, -1.0, -1.0, -1.0, -1.0, -1.0, -1.0, -1.0]",-1.03137,"[117.523, 122.955, 135.309, 136.201]",0.328652
1.0,0.276132,0.0,0.0,18.366,0.0,176.361,276.36,93.7793,5,"[200.0, 200.0, 200.0, 200.0, 200.0, 200.0, 200.0, 200.0, 200.0, 200.0, 200.0, 200.0, 200.0, 200.0, 200.0, 200.0, 200.0, 200.0, 200.0, 200.0, 200.0, 200.0, 200.0, 200.0, 200.0, 200.0, 200.0, 200.0, 200.0, 200.0, 200.0, 200.0, 200.0, 200.0, 200.0, 200.0]",1,5546.91,151.483,19.6906,1.58215,-0.8,"[-1.0, -1.0, -1.0, -1.0, -1.0, -1.0, -1.0, -1.0, -1.0, -1.0, -1.0, -1.0, -1.0, -1.0, -1.0, -1.0, -1.0, -1.0, -1.0]",-1.04895,"[117.171, 122.34, 136.971, 136.977]",0.325024
1.0,0.289841,0.0,0.0,18.388,0.0,177.283,277.282,93.7787,5,"[200.0, 200.0, 200.0, 200.0, 200.0, 200.0, 200.0, 200.0, 200.0, 200.0, 200.0, 200.0, 200.0, 200.0, 200.0, 200.0, 200.0, 200.0, 200.0, 200.0, 200.0, 200.0, 200.0, 200.0, 200.0, 200.0, 200.0, 200.0, 200.0, 200.0, 200.0, 200.0, 200.0, 200.0, 200.0, 200.0]",1,5522.18,151.233,19.9722,1.82671,-0.8,"[-1.0, -1.0, -1.0, -1.0, -1.0, -1.0, -1.0, -1.0, -1.0, -1.0, -1.0, -1.0, -1.0, -1.0, -1.0, -1.0, -1.0, -1.0, -1.0]",-1.06789,"[116.804, 121.77, 135.628, 136.501]",0.326889
1.0,0.301115,0.0,0.0,18.41,0.0,178.202,278.201,93.7781,5,"[200.0, 200.0, 200.0, 200.0, 200.0, 200.0, 200.0, 200.0, 200.0, 200.0, 200.0, 200.0, 200.0, 200.0, 200.0, 200.0, 200.0, 200.0, 200.0, 200.0, 200.0, 200.0, 200.0, 200.0, 200.0, 200.0, 200.0, 200.0, 200.0, 200.0, 200.0, 200.0, 200.0, 200.0, 200.0, 200.0]",1,5547.16,151.036,20.242,1.78059,-0.8,"[-1.0, -1.0, -1.0, -1.0, -1.0, -1.0, -1.0, -1.0, -1.0, -1.0, -1.0, -1.0, -1.0, -1.0, -1.0, -1.0, -1.0, -1.0, -1.0]",-1.08807,"[116.543, 121.289, 137.574, 136.108]",0.316518
1.0,0.309734,0.0,0.0,18.432,0.0,179.12,279.119,93.7775,5,"[200.0, 200.0, 200.0, 200.0, 200.0, 200.0, 200.0, 200.0, 200.0, 200.0, 200.0, 200.0, 200.0, 200.0, 200.0, 200.0, 200.0, 200.0, 200.0, 200.0, 200.0, 200.0, 200.0, 200.0, 200.0, 200.0, 200.0, 200.0, 200.0, 200.0, 200.0, 200.0, 200.0, 200.0, 200.0, 200.0]",1,5478.52,150.986,20.1167,1.90337,-0.8,"[-1.0, -1.0, -1.0, -1.0, -1.0, -1.0, -1.0, -1.0, -1.0, -1.0, -1.0, -1.0, -1.0, -1.0, -1.0, -1.0, -1.0, -1.0, -1.0]",-1.10932,"[116.41, 120.775, 136.765, 133.827]",0.333056
1.0,0.315738,0.0,0.0,18.454,0.0,180.035,280.034,93.777,5,"[200.0, 200.0, 200.0, 200.0, 200.0, 200.0, 200.0, 200.0, 200.0, 200.0, 200.0, 200.0, 200.0, 200.0, 200.0, 200.0, 200.0, 200.0, 200.0, 200.0, 200.0, 200.0, 200.0, 200.0, 200.0, 200.0, 200.0, 200.0, 200.0, 200.0, 200.0, 200.0, 200.0, 200.0, 200.0, 200.0]",1,5504.03,150.894,19.7259,1.82771,-0.8,"[-1.0, -1.0, -1.0, -1.0, -1.0, -1.0, -1.0, -1.0, -1.0, -1.0, -1.0, -1.0, -1.0, -1.0, -1.0, -1.0, -1.0, -1.0, -1.0]",-1.13168,"[116.326, 120.383, 137.994, 134.723]",0.329043
1.0,0.319414,0.0,0.0,18.476,0.0,180.948,280.947,93.7764,5,"[200.0, 200.0, 200.0, 200.0, 200.0, 200.0, 200.0, 200.0, 200.0, 200.0, 200.0, 200.0, 200.0, 200.0, 200.0, 200.0, 200.0, 200.0, 200.0, 200.0, 200.0, 200.0, 200.0, 200.0, 200.0, 200.0, 200.0, 200.0, 200.0, 200.0, 200.0, 200.0, 200.0, 200.0, 200.0, 200.0]",1,5494.24,150.91,18.9594,1.81235,-0.8,"[-1.0, -1.0, -1.0, -1.0, -1.0, -1.0, -1.0, -1.0, -1.0, -1.0, -1.0, -1.0, -1.0, -1.0, -1.0, -1.0, -1.0, -1.0, -1.0]",-1.15515,"[116.361, 119.979, 137.017, 134.306]",0.343583
1.0,0.322457,0.0,0.0,18.498,0.0,181.858,281.857,93.7758,5,"[200.0, 200.0, 200.0, 200.0, 200.0, 200.0, 200.0, 200.0, 200.0, 200.0, 200.0, 200.0, 200.0, 200.0, 200.0, 200.0, 200.0, 200.0, 200.0, 200.0, 200.0, 200.0, 200.0, 200.0, 200.0, 200.0, 200.0, 200.0, 200.0, 200.0, 200.0, 200.0, 200.0, 200.0, 200.0, 200.0]",1,5461.79,150.887,18.047,2.04926,-0.8,"[-1.0, -1.0, -1.0, -1.0, -1.0, -1.0, -1.0, -1.0, -1.0, -1.0, -1.0, -1.0, -1.0, -1.0, -1.0, -1.0, -1.0, -1.0, -1.0]",-1.17966,"[116.495, 119.746, 135.733, 135.59]",0.317852
1.0,0.32611,0.0,0.0,18.52,0.0,182.766,282.766,93.7752,5,"[200.0, 200.0, 200.0, 200.0, 200.0, 200.0, 200.0, 200.0, 200.0, 200.0, 200.0, 200.0, 200.0, 200.0, 200.0, 200.0, 200.0, 200.0, 200.0, 200.0, 200.0, 200.0, 200.0, 200.0, 200.0, 200.0, 200.0, 200.0, 200.0, 200.0, 200.0, 200.0, 200.0, 200.0, 200.0, 200.0]",1,5533.26,150.799,17.3506,2.06495,-0.8,"[-1.0, -1.0, -1.0, -1.0, -1.0, -1.0, -1.0, -1.0, -1.0, -1.0, -1.0, -1.0, -1.0, -1.0, -1.0, -1.0, -1.0, -1.0, -1.0]",-1.20513,"[116.608, 119.719, 136.025, 136.752]",0.326428
1.0,0.330383,0.0,0.0,18.542,0.0,183.672,283.671,93.7746,5,"[200.0, 200.0, 200.0, 200.0, 200.0, 200.0, 200.0, 200.0, 200.0, 200.0, 200.0, 200.0, 200.0, 200.0, 200.0, 200.0, 200.0, 200.0, 200.0, 200.0, 200.0, 200.0, 200.0, 200.0, 200.0, 200.0, 200.0, 200.0, 200.0, 200.0, 200.0, 200.0, 200.0, 200.0, 200.0, 200.0]",1,5545.35,150.714,16.7014,2.17915,-0.8,"[-1.0, -1.0, -1.0, -1.0, -1.0, -1.0, -1.0, -1.0, -1.0, -1.0, -1.0, -1.0, -1.0, -1.0, -1.0, -1.0, -1.0, -1.0, -1.0]",-1.23158,"[116.737, 119.788, 137.798, 136.261]",0.323148
1.0,0.334513,0.0,0.0,18.564,0.0,184.576,284.575,93.774,5,"[200.0, 200.0, 200.0, 200.0, 200.0, 200.0, 200.0, 200.0, 200.0, 200.0, 200.0, 200.0, 200.0, 200.0, 200.0, 200.0, 200.0, 200.0, 200.0, 200.0, 200.0, 200.0, 200.0, 200.0, 200.0, 200.0, 200.0, 200.0, 200.0, 200.0, 200.0, 200.0, 200.0, 200.0, 200.0, 200.0]",1,5503.77,150.748,16.118,2.21507,-0.8,"[-1.0, -1.0, -1.0, -1.0, -1.0, -1.0, -1.0, -1.0, -1.0, -1.0, -1.0, -1.0, -1.0, -1.0, -1.0, -1.0, -1.0, -1.0, -1.0]",-1.25907,"[116.838, 119.875, 135.235, 135.894]",0.329863
1.0,0.338608,0.0,0.0,18.586,0.0,185.477,285.476,93.7734,5,"[200.0, 200.0, 200.0, 200.0, 200.0, 200.0, 200.0, 200.0, 200.0, 200.0, 200.0, 200.0, 200.0, 200.0, 200.0, 200.0, 200.0, 200.0, 200.0, 200.0, 200.0, 200.0, 200.0, 200.0, 200.0, 200.0, 200.0, 200.0, 200.0, 200.0, 200.0, 200.0, 200.0, 200.0, 200.0, 200.0]",1,5443.48,150.739,15.414,2.54018,-0.8,"[-1.0, -1.0, -1.0, -1.0, -1.0, -1.0, -1.0, -1.0, -1.0, -1.0, -1.0, -1.0, -1.0, -1.0, -1.0, -1.0, -1.0, -1.0, -1.0]",-1.28754,"[116.948, 119.976, 134.858, 134.805]",0.33203
1.0,0.342172,0.0,0.0,18.608,0.0,186.376,286.375,93.7729,5,"[200.0, 200.0, 200.0, 200.0, 200.0, 200.0, 200.0, 200.0, 200.0, 200.0, 200.0, 200.0, 200.0, 200.0, 200.0, 200.0, 200.0, 200.0, 200.0, 200.0, 200.0, 200.0, 200.0, 200.0, 200.0, 200.0, 200.0, 200.0, 200.0, 200.0, 200.0, 200.0, 200.0, 200.0, 200.0, 200.0]",1,5382.02,150.75,14.4901,2.80115,-0.8,"[-1.0, -1.0, -1.0, -1.0, -1.0, -1.0, -1.0, -1.0, -1.0, -1.0, -1.0, -1.0, -1.0, -1.0, -1.0, -1.0, -1.0, -1.0, -1.0]",-1.31705,"[117.128, 120.061, 132.566, 133.045]",0.309499
1.0,0.345238,0.0,0.0,18.63,0.0,187.272,287.271,93.7723,5,"[200.0, 200.0, 200.0, 200.0, 200.0, 200.0, 200.0, 200.0, 200.0, 200.0, 200.0, 200.0, 200.0, 200.0, 200.0, 200.0, 200.0, 200.0, 200.0, 200.0, 200.0, 200.0, 200.0, 200.0, 200.0, 200.0, 200.0, 200.0, 200.0, 200.0, 200.0, 200.0, 200.0, 200.0, 200.0, 200.0]",1,5423.25,150.72,13.8135,2.76353,-0.8,"[-1.0, -1.0, -1.0, -1.0, -1.0, -1.0, -1.0, -1.0, -1.0, -1.0, -1.0, -1.0, -1.0, -1.0, -1.0, -1.0, -1.0, -1.0, -1.0]",-1.34756,"[117.266, 120.141, 133.534, 133.93]",0.322641
1.0,0.347672,0.0,0.0,18.652,0.0,188.166,288.165,93.7717,5,"[200.0, 200.0, 200.0, 200.0, 200.0, 200.0, 200.0, 200.0, 200.0, 200.0, 200.0, 200.0, 200.0, 200.0, 200.0, 200.0, 200.0, 200.0, 200.0, 200.0, 200.0, 200.0, 200.0, 200.0, 200.0, 200.0, 200.0, 200.0, 200.0, 200.0, 200.0, 200.0, 200.0, 200.0, 200.0, 200.0]",1,5450.03,150.701,13.0804,2.79469,-0.8,"[-1.0, -1.0, -1.0, -1.0, -1.0, -1.0, -1.0, -1.0, -1.0, -1.0, -1.0, -1.0, -1.0, -1.0, -1.0, -1.0, -1.0, -1.0, -1.0]",-1.37899,"[117.425, 120.222, 135.254, 134.625]",0.337715
1.0,0.349552,0.0,0.0,18.674,0.0,189.058,289.057,93.7711,5,"[200.0, 200.0, 200.0, 200.0, 200.0, 200.0, 200.0, 200.0, 200.0, 200.0, 200.0, 200.0, 200.0, 200.0, 200.0, 200.0, 200.0, 200.0, 200.0, 200.0, 200.0, 200.0, 200.0, 200.0, 200.0, 200.0, 200.0, 200.0, 200.0, 200.0, 200.0, 200.0, 200.0, 200.0, 200.0, 200.0]",1,5348.82,150.775,11.981,3.16114,-0.8,"[-1.0, -1.0, -1.0, -1.0, -1.0, -1.0, -1.0, -1.0, -1.0, -1.0, -1.0, -1.0, -1.0, -1.0, -1.0, -1.0, -1.0, -1.0, -1.0]",-1.41138,"[117.687, 120.325, 132.543, 132.48]",0.320181
1.0,0.351624,0.0,0.0,18.696,0.0,189.947,289.946,93.7705,5,"[200.0, 200.0, 200.0, 200.0, 200.0, 200.0, 200.0, 200.0, 200.0, 200.0, 200.0, 200.0, 200.0, 200.0, 200.0, 200.0, 200.0, 200.0, 200.0, 200.0, 200.0, 200.0, 200.0, 200.0, 200.0, 200.0, 200.0, 200.0, 200.0, 200.0, 200.0, 200.0, 200.0, 200.0, 200.0, 200.0]",1,5403.41,150.751,11.1427,3.15442,-0.8,"[-1.0, -1.0, -1.0, -1.0, -1.0, -1.0, -1.0, -1.0, -1.0, -1.0, -1.0, -1.0, -1.0, -1.0, -1.0, -1.0, -1.0, -1.0, -1.0]",-1.44474,"[117.909, 120.478, 132.959, 133.336]",0.314821
1.0,0.354257,0.0,0.0,18.718,0.0,190.834,290.833,93.7699,5,"[200.0, 200.0, 200.0, 200.0, 200.0, 200.0, 200.0, 200.0, 200.0, 200.0, 200.0, 200.0, 200.0, 200.0, 200.0, 200.0, 200.0, 200.0, 200.0, 200.0, 200.0, 200.0, 200.0, 200.0, 200.0, 200.0, 200.0, 200.0, 200.0, 200.0, 200.0, 200.0, 200.0, 200.0, 200.0, 200.0]",1,5475.04,150.693,10.4784,3.04325,-0.8,"[-1.0, -1.0, -1.0, -1.0, -1.0, -1.0, -1.0, -1.0, -1.0, -1.0, -1.0, -1.0, -1.0, -1.0, -1.0, -1.0, -1.0, -1.0, -1.0]",-1.47896,"[118.08, 120.714, 135.105, 134.769]",0.335804
1.0,0.357789,0.0,0.0,18.74,0.0,191.719,291.718,93.7693,5,"[200.0, 200.0, 200.0, 200.0, 200.0, 200.0, 200.0, 200.0, 200.0, 200.0, 200.0, 200.0, 200.0, 200.0, 200.0, 200.0, 200.0, 200.0, 200.0, 200.0, 200.0, 200.0, 200.0, 200.0, 200.0, 200.0, 200.0, 200.0, 200.0, 200.0, 200.0, 200.0, 200.0, 200.0, 200.0, 200.0]",1,5403.06,150.705,9.8043,3.32471,-0.8,"[-1.0, -1.0, -1.0, -1.0, -1.0, -1.0, -1.0, -1.0, -1.0, -1.0, -1.0, -1.0, -1.0, -1.0, -1.0, -1.0, -1.0, -1.0, -1.0]",-1.51406,"[118.273, 120.94, 135.307, 133.244]",0.325624
1.0,0.362725,0.0,0.0,18.762,0.0,192.602,292.601,93.7687,5,"[200.0, 200.0, 200.0, 200.0, 200.0, 200.0, 200.0, 200.0, 200.0, 200.0, 200.0, 200.0, 200.0, 200.0, 200.0, 200.0, 200.0, 200.0, 200.0, 200.0, 200.0, 200.0, 200.0, 200.0, 200.0, 200.0, 200.0, 200.0, 200.0, 200.0, 200.0, 200.0, 200.0, 200.0, 200.0, 200.0]",1,5348.33,150.729,9.29329,3.4206,-0.8,"[-1.0, -1.0, -1.0, -1.0, -1.0, -1.0, -1.0, -1.0, -1.0, -1.0, -1.0, -1.0, -1.0, -1.0, -1.0, -1.0, -1.0, -1.0, -1.0]",-1.55004,"[118.421, 121.172, 131.803, 132.404]",0.311335
1.0,0.369116,0.0,0.0,18.784,66.0,193.481,293.481,93.7682,5,"[200.0, 200.0, 200.0, 200.0, 200.0, 200.0, 200.0, 200.0, 200.0, 200.0, 200.0, 200.0, 200.0, 200.0, 200.0, 200.0, 200.0, 200.0, 200.0, 200.0, 200.0, 200.0, 200.0, 200.0, 200.0, 200.0, 200.0, 200.0, 200.0, 200.0, 200.0, 200.0, 200.0, 200.0, 200.0, 200.0]",1,5417.3,135.634,47.9253,3.47194,-0.8,"[-1.0, -1.0, -1.0, -1.0, -1.0, -1.0, -1.0, -1.0, -1.0, -1.0, -1.0, -1.0, -1.0, -1.0, -1.0, -1.0, -1.0, -1.0, -1.0]",-1.57202,"[118.156, 120.318, 132.871, 134.088]",0.329029
1.0,0.376492,0.0,0.0,18.806,77.0,194.36,294.359,93.7676,5,"[200.0, 200.0, 200.0, 200.0, 200.0, 200.0, 200.0, 200.0, 200.0, 200.0, 200.0, 200.0, 200.0, 200.0, 200.0, 200.0, 200.0, 200.0, 200.0, 200.0, 200.0, 200.0, 200.0, 200.0, 200.0, 200.0, 200.0, 200.0, 200.0, 200.0, 200.0, 200.0, 200.0, 200.0, 200.0, 200.0]",1,5482.71,132.885,54.4283,3.39206,-0.8,"[-1.0, -1.0, -1.0, -1.0, -1.0, -1.0, -1.0, -1.0, -1.0, -1.0, -1.0, -1.0, -1.0, -1.0, -1.0, -1.0, -1.0, -1.0, -1.0]",-1.56896,"[112.193, 114.636, 135.125, 135.373]",0.329025
1.0,0.383543,0.0,0.0,18.828,86.0,195.236,295.235,93.767,5,"[200.0, 200.0, 200.0, 200.0, 200.0, 200.0, 200.0, 200.0, 200.0, 200.0, 200.0, 200.0, 200.0, 200.0, 200.0, 200.0, 200.0, 200.0, 200.0, 200.0, 200.0, 200.0, 200.0, 200.0, 200.0, 200.0, 200.0, 200.0, 200.0, 200.0, 200.0, 200.0, 200.0, 200.0, 200.0, 200.0]",1,5534.42,132.377,55.2053,3.15044,-0.8,"[-1.0, -1.0, -1.0, -1.0, -1.0, -1.0, -1.0, -1.0, -1.0, -1.0, -1.0, -1.0, -1.0, -1.0, -1.0, -1.0, -1.0, -1.0, -1.0]",-1.5673,"[109.036, 110.385, 136.752, 136.252]",0.335959
1.0,0.388603,0.0,0.0,18.85,95.0,196.112,296.111,93.7664,5,"[200.0, 200.0, 200.0, 200.0, 200.0, 200.0, 200.0, 200.0, 200.0, 200.0, 200.0, 200.0, 200.0, 200.0, 200.0, 200.0, 200.0, 200.0, 200.0, 200.0, 200.0, 200.0, 200.0, 200.0, 200.0, 200.0, 200.0, 200.0, 200.0, 200.0, 200.0, 200.0, 200.0, 200.0, 200.0, 200.0]",1,5543.65,132.161,55.261,2.97572,-0.8,"[-1.0, -1.0, -1.0, -1.0, -1.0, -1.0, -1.0, -1.0, -1.0, -1.0, -1.0, -1.0, -1.0, -1.0, -1.0, -1.0, -1.0, -1.0, -1.0]",-1.56614,"[106.553, 107.167, 136.621, 136.764]",0.338536
1.0,0.391978,0.0,0.0,18.872,104.0,196.987,296.986,93.7658,5,"[200.0, 200.0, 200.0, 200.0, 200.0, 200.0, 200.0, 200.0, 200.0, 200.0, 200.0, 200.0, 200.0, 200.0, 200.0, 200.0, 200.0, 200.0, 200.0, 200.0, 200.0, 200.0, 200.0, 200.0, 200.0, 200.0, 200.0, 200.0, 200.0, 200.0, 200.0, 200.0, 200.0, 200.0, 200.0, 200.0]",1,5556.9,131.977,55.22,2.81523,-0.8,"[-1.0, -1.0, -1.0, -1.0, -1.0, -1.0, -1.0, -1.0, -1.0, -1.0, -1.0, -1.0, -1.0, -1.0, -1.0, -1.0, -1.0, -1.0, -1.0]",-1.56538,"[103.977, 105.011, 137.54, 137.333]",0.34008
1.0,0.394099,0.0,0.0,18.894,115.0,197.861,297.86,93.7652,5,"[200.0, 200.0, 200.0, 200.0, 200.0, 200.0, 200.0, 200.0, 200.0, 200.0, 200.0, 200.0, 200.0, 200.0, 200.0, 200.0, 200.0, 200.0, 200.0, 200.0, 200.0, 200.0, 200.0, 200.0, 200.0, 200.0, 200.0, 200.0, 200.0, 200.0, 200.0, 200.0, 200.0, 200.0, 200.0, 200.0]",1,5618.42,131.812,55.1667,2.52715,-0.8,"[-1.0, -1.0, -1.0, -1.0, -1.0, -1.0, -1.0, -1.0, -1.0, -1.0, -1.0, -1.0, -1.0, -1.0, -1.0, -1.0, -1.0, -1.0, -1.0]",-1.56489,"[101.614, 103.776, 139.615, 138.193]",0.343077
1.0,0.39526,0.0,0.0,18.916,126.0,198.733,298.732,93.7646,5,"[200.0, 200.0, 200.0, 200.0, 200.0, 200.0, 200.0, 200.0, 200.0, 200.0, 200.0, 200.0, 200.0, 200.0, 200.0, 200.0, 200.0, 200.0, 200.0, 200.0, 200.0, 200.0, 200.0, 200.0, 200.0, 200.0, 200.0, 200.0, 200.0, 200.0, 200.0, 200.0, 200.0, 200.0, 200.0, 200.0]",1,5655.35,131.618,55.0793,2.29545,-0.8,"[-1.0, -1.0, -1.0, -1.0, -1.0, -1.0, -1.0, -1.0, -1.0, -1.0, -1.0, -1.0, -1.0, -1.0, -1.0, -1.0, -1.0, -1.0, -1.0]",-1.56462,"[99.4566, 102.207, 139.287, 139.373]",0.340714
1.0,0.396133,0.0,0.0,18.938,137.0,199.604,299.603,93.764,5,"[200.0, 200.0, 200.0, 200.0, 200.0, 200.0, 200.0, 200.0, 200.0, 200.0, 200.0, 200.0, 200.0, 200.0, 200.0, 200.0, 200.0, 200.0, 200.0, 200.0, 200.0, 200.0, 200.0, 200.0, 200.0, 200.0, 200.0, 200.0, 200.0, 200.0, 200.0, 200.0, 200.0, 200.0, 200.0, 200.0]",1,5625.85,131.372,54.9685,2.31095,-0.8,"[-1.0, -1.0, -1.0, -1.0, -1.0, -1.0, -1.0, -1.0, -1.0, -1.0, -1.0, -1.0, -1.0, -1.0, -1.0, -1.0, -1.0, -1.0, -1.0]",-1.56443,"[97.653, 100.422, 138.037, 139.274]",0.335189
1.0,0.396521,0.0,0.0,18.96,148.0,200.474,300.473,93.7635,5,"[200.0, 200.0, 200.0, 200.0, 200.0, 200.0, 200.0, 200.0, 200.0, 200.0, 200.0, 200.0, 200.0, 200.0, 200.0, 200.0, 200.0, 200.0, 200.0, 200.0, 200.0, 200.0, 200.0, 200.0, 200.0, 200.0, 200.0, 200.0, 200.0, 200.0, 200.0, 200.0, 200.0, 200.0, 200.0, 200.0]",1,5575.99,131.18,54.7396,2.35576,-0.8,"[-1.0, -1.0, -1.0, -1.0, -1.0, -1.0, -1.0, -1.0, -1.0, -1.0, -1.0, -1.0, -1.0, -1.0, -1.0, -1.0, -1.0, -1.0, -1.0]",-1.56436,"[96.3634, 99.1023, 138.719, 137.292]",0.335525
1.0,0.397051,0.0,0.0,18.982,159.0,201.341,301.34,93.7629,5,"[200.0, 200.0, 200.0, 200.0, 200.0, 200.0, 200.0, 200.0, 200.0, 200.0, 200.0, 200.0, 200.0, 200.0, 200.0, 200.0, 200.0, 200.0, 200.0, 200.0, 200.0, 200.0, 200.0, 200.0, 200.0, 200.0, 200.0, 200.0, 200.0, 200.0, 200.0, 200.0, 200.0, 200.0, 200.0, 200.0]",1,5578.63,130.846,54.7222,2.34128,-0.8,"[-1.0, -1.0, -1.0, -1.0, -1.0, -1.0, -1.0, -1.0, -1.0, -1.0, -1.0, -1.0, -1.0, -1.0, -1.0, -1.0, -1.0, -1.0, -1.0]",-1.56424,"[95.2613, 97.9859, 138.964, 137.06]",0.337629
1.0,0.397792,0.0,0.0,19.004,170.0,202.207,302.206,93.7623,5,"[200.0, 200.0, 200.0, 200.0, 200.0, 200.0, 200.0, 200.0, 200.0, 200.0, 200.0, 200.0, 200.0, 200.0, 200.0, 200.0, 200.0, 200.0, 200.0, 200.0, 200.0, 200.0, 200.0, 200.0, 200.0, 200.0, 200.0, 200.0, 200.0, 200.0, 200.0, 200.0, 200.0, 200.0, 200.0, 200.0]",1,5583.89,130.374,54.9367,2.31057,-0.8,"[-1.0, -1.0, -1.0, -1.0, -1.0, -1.0, -1.0, -1.0, -1.0, -1.0, -1.0, -1.0, -1.0, -1.0, -1.0, -1.0, -1.0, -1.0, -1.0]",-1.56406,"[94.207, 97.1007, 137.78, 137.42]",0.335546
1.0,0.399517,0.0,0.0,19.026,181.0,203.07,303.069,93.7617,5,"[200.0, 200.0, 200.0, 200.0, 200.0, 200.0, 200.0, 200.0, 200.0, 200.0, 200.0, 200.0, 200.0, 200.0, 200.0, 200.0, 200.0, 200.0, 200.0, 200.0, 200.0, 200.0, 200.0, 200.0, 200.0, 200.0, 200.0, 200.0, 200.0, 200.0, 200.0, 200.0, 200.0, 200.0, 200.0, 200.0]",1,5488.94,129.835,55.1292,2.6108,-0.8,"[-1.0, -1.0, -1.0, -1.0, -1.0, -1.0, -1.0, -1.0, -1.0, -1.0, -1.0, -1.0, -1.0, -1.0, -1.0, -1.0, -1.0, -1.0, -1.0]",-1.56367,"[93.2411, 96.2432, 135.924, 134.958]",0.327289
1.0,0.401724,0.0,0.0,19.048,192.0,203.931,303.93,93.7611,5,"[200.0, 200.0, 200.0, 200.0, 200.0, 200.0, 200.0, 200.0, 200.0, 200.0, 200.0, 200.0, 200.0, 200.0, 200.0, 200.0, 200.0, 200.0, 200.0, 200.0, 200.0, 200.0, 200.0, 200.0, 200.0, 200.0, 200.0, 200.0, 200.0, 200.0, 200.0, 200.0, 200.0, 200.0, 200.0, 200.0]",1,5426.2,129.311,55.2345,2.91329,-0.8,"[-1.0, -1.0, -1.0, -1.0, -1.0, -1.0, -1.0, -1.0, -1.0, -1.0, -1.0, -1.0, -1.0, -1.0, -1.0, -1.0, -1.0, -1.0, -1.0]",-1.56319,"[92.5505, 95.4717, 135.057, 133.389]",0.326689
1.0,0.40433,0.0,0.0,19.07,203.0,204.789,304.788,93.7605,5,"[200.0, 200.0, 200.0, 200.0, 200.0, 200.0, 200.0, 200.0, 200.0, 200.0, 200.0, 200.0, 200.0, 200.0, 200.0, 200.0, 200.0, 200.0, 200.0, 200.0, 200.0, 200.0, 200.0, 200.0, 200.0, 200.0, 200.0, 200.0, 200.0, 200.0, 200.0, 200.0, 200.0, 200.0, 200.0, 200.0]",1,5440.43,128.687,55.6939,2.94403,-0.8,"[-1.0, -1.0, -1.0, -1.0, -1.0, -1.0, -1.0, -1.0, -1.0, -1.0, -1.0, -1.0, -1.0, -1.0, -1.0, -1.0, -1.0, -1.0, -1.0]",-1.56258,"[91.9235, 94.971, 136.136, 133.036]",0.334608
1.0,0.407078,0.0,0.0,19.092,214.0,205.644,305.643,93.7599,5,"[200.0, 200.0, 200.0, 200.0, 200.0, 200.0, 200.0, 200.0, 200.0, 200.0, 200.0, 200.0, 200.0, 200.0, 200.0, 200.0, 200.0, 200.0, 200.0, 200.0, 200.0, 200.0, 200.0, 200.0, 200.0, 200.0, 200.0, 200.0, 200.0, 200.0, 200.0, 200.0, 200.0, 200.0, 200.0, 200.0]",1,5418.7,128.152,55.8756,3.0504,-0.8,"[-1.0, -1.0, -1.0, -1.0, -1.0, -1.0, -1.0, -1.0, -1.0, -1.0, -1.0, -1.0, -1.0, -1.0, -1.0, -1.0, -1.0, -1.0, -1.0]",-1.56196,"[91.2187, 94.4691, 133.687, 133.406]",0.331185
1.0,0.409651,0.0,0.0,19.114,225.0,206.497,306.496,93.7593,5,"[200.0, 200.0, 200.0, 200.0, 200.0, 200.0, 200.0, 200.0, 200.0, 200.0, 200.0, 200.0, 200.0, 200.0, 200.0, 200.0, 200.0, 200.0, 200.0, 200.0, 200.0, 200.0, 200.0, 200.0, 200.0, 200.0, 200.0, 200.0, 200.0, 200.0, 200.0, 200.0, 200.0, 200.0, 200.0, 200.0]",1,5357.98,127.709,55.8513,3.27317,-0.8,"[-1.0, -1.0, -1.0, -1.0, -1.0, -1.0, -1.0, -1.0, -1.0, -1.0, -1.0, -1.0, -1.0, -1.0, -1.0, -1.0, -1.0, -1.0, -1.0]",-1.56138,"[90.6966, 93.9311, 131.646, 132.661]",0.325538
1.0,0.411608,0.0,0.0,19.136,236.0,207.348,307.347,93.7588,5,"[200.0, 200.0, 200.0, 200.0, 200.0, 200.0, 200.0, 200.0, 200.0, 200.0, 200.0, 200.0, 200.0, 200.0, 200.0, 200.0, 200.0, 200.0, 200.0, 200.0, 200.0, 200.0, 200.0, 200.0, 200.0, 200.0, 200.0, 200.0, 200.0, 200.0, 200.0, 200.0, 200.0, 200.0, 200.0, 200.0]",1,5343.26,127.354,55.8463,3.27353,-0.8,"[-1.0, -1.0, -1.0, -1.0, -1.0, -1.0, -1.0, -1.0, -1.0, -1.0, -1.0, -1.0, -1.0, -1.0, -1.0, -1.0, -1.0, -1.0, -1.0]",-1.56092,"[90.3072, 93.54, 133.246, 130.85]",0.338423
1.0,0.412647,0.0,0.0,19.158,247.0,208.196,308.196,93.7582,5,"[200.0, 200.0, 200.0, 200.0, 200.0, 200.0, 200.0, 200.0, 200.0, 200.0, 200.0, 200.0, 200.0, 200.0, 200.0, 200.0, 200.0, 200.0, 200.0, 200.0, 200.0, 200.0, 200.0, 200.0, 200.0, 200.0, 200.0, 200.0, 200.0, 200.0, 200.0, 200.0, 200.0, 200.0, 200.0, 200.0]",1,5383.55,127.041,55.7404,3.12482,-0.8,"[-1.0, -1.0, -1.0, -1.0, -1.0, -1.0, -1.0, -1.0, -1.0, -1.0, -1.0, -1.0, -1.0, -1.0, -1.0, -1.0, -1.0, -1.0, -1.0]",-1.56069,"[89.8814, 93.2305, 132.841, 132.946]",0.342414
1.0,0.41287,0.0,0.0,19.18,258.0,209.043,309.042,93.7576,5,"[200.0, 200.0, 200.0, 200.0, 200.0, 200.0, 200.0, 200.0, 200.0, 200.0, 200.0, 200.0, 200.0, 200.0, 200.0, 200.0, 200.0, 200.0, 200.0, 200.0, 200.0, 200.0, 200.0, 200.0, 200.0, 200.0, 200.0, 200.0, 200.0, 200.0, 200.0, 200.0, 200.0, 200.0, 200.0, 200.0]",1,5401.0,126.834,55.3813,3.07989,-0.8,"[-1.0, -1.0, -1.0, -1.0, -1.0, -1.0, -1.0, -1.0, -1.0, -1.0, -1.0, -1.0, -1.0, -1.0, -1.0, -1.0, -1.0, -1.0, -1.0]",-1.56065,"[89.5812, 92.881, 132.858, 133.369]",0.331016
1.0,0.412571,0.0,0.0,19.202,269.0,209.888,309.887,93.757,5,"[200.0, 200.0, 200.0, 200.0, 200.0, 200.0, 200.0, 200.0, 200.0, 200.0, 200.0, 200.0, 200.0, 200.0, 200.0, 200.0, 200.0, 200.0, 200.0, 200.0, 200.0, 200.0, 200.0, 200.0, 200.0, 200.0, 200.0, 200.0, 200.0, 200.0, 200.0, 200.0, 200.0, 200.0, 200.0, 200.0]",1,5418.09,126.627,55.1465,2.96437,-0.8,"[-1.0, -1.0, -1.0, -1.0, -1.0, -1.0, -1.0, -1.0, -1.0, -1.0, -1.0, -1.0, -1.0, -1.0, -1.0, -1.0, -1.0, -1.0, -1.0]",-1.56072,"[89.3806, 92.5737, 134.857, 133.105]",0.338902
1.0,0.411928,0.0,0.0,19.224,280.0,210.731,310.73,93.7564,5,"[200.0, 200.0, 200.0, 200.0, 200.0, 200.0, 200.0, 200.0, 200.0, 200.0, 200.0, 200.0, 200.0, 200.0, 200.0, 200.0, 200.0, 200.0, 200.0, 200.0, 200.0, 200.0, 200.0, 200.0, 200.0, 200.0, 200.0, 200.0, 200.0, 200.0, 200.0, 200.0, 200.0, 200.0, 200.0, 200.0]",1,5477.12,126.425,54.8976,2.77954,-0.8,"[-1.0, -1.0, -1.0, -1.0, -1.0, -1.0, -1.0, -1.0, -1.0, -1.0, -1.0, -1.0, -1.0, -1.0, -1.0, -1.0, -1.0, -1.0, -1.0]",-1.56086,"[89.1594, 92.3594, 135.549, 135.159]",0.346322
1.0,0.411215,0.0,0.0,19.246,291.0,211.572,311.571,93.7558,5,"[200.0, 200.0, 200.0, 200.0, 200.0, 200.0, 200.0, 200.0, 200.0, 200.0, 200.0, 200.0, 200.0, 200.0, 200.0, 200.0, 200.0, 200.0, 200.0, 200.0, 200.0, 200.0, 200.0, 200.0, 200.0, 200.0, 200.0, 200.0, 200.0, 200.0, 200.0, 200.0, 200.0, 200.0, 200.0, 200.0]",1,5489.11,126.224,54.6185,2.65512,-0.8,"[-1.0, -1.0, -1.0, -1.0, -1.0, -1.0, -1.0, -1.0, -1.0, -1.0, -1.0, -1.0, -1.0, -1.0, -1.0, -1.0, -1.0, -1.0, -1.0]",-1.56102,"[88.9701, 92.0981, 134.323, 135.868]",0.332994
1.0,0.410882,0.0,0.0,19.268,302.0,212.412,312.411,93.7552,5,"[200.0, 200.0, 200.0, 200.0, 200.0, 200.0, 200.0, 200.0, 200.0, 200.0, 200.0, 200.0, 200.0, 200.0, 200.0, 200.0, 200.0, 200.0, 200.0, 200.0, 200.0, 200.0, 200.0, 200.0, 200.0, 200.0, 200.0, 200.0, 200.0, 200.0, 200.0, 200.0, 200.0, 200.0, 200.0, 200.0]",1,5449.79,125.878,54.5167,2.78883,-0.8,"[-1.0, -1.0, -1.0, -1.0, -1.0, -1.0, -1.0, -1.0, -1.0, -1.0, -1.0, -1.0, -1.0, -1.0, -1.0, -1.0, -1.0, -1.0, -1.0]",-1.56111,"[88.7651, 91.8054, 135.086, 134.398]",0.335233
1.0,0.411175,0.0,0.0,19.29,313.0,213.249,313.248,93.7546,5,"[200.0, 200.0, 200.0, 200.0, 200.0, 200.0, 200.0, 200.0, 200.0, 200.0, 200.0, 200.0, 200.0, 200.0, 200.0, 200.0, 200.0, 200.0, 200.0, 200.0, 200.0, 200.0, 200.0, 200.0, 200.0, 200.0, 200.0, 200.0, 200.0, 200.0, 200.0, 200.0, 200.0, 200.0, 200.0, 200.0]",1,5467.74,125.466,54.5983,2.77405,-0.8,"[-1.0, -1.0, -1.0, -1.0, -1.0, -1.0, -1.0, -1.0, -1.0, -1.0, -1.0, -1.0, -1.0, -1.0, -1.0, -1.0, -1.0, -1.0, -1.0]",-1.56104,"[88.5306, 91.564, 136.423, 134.149]",0.341178
1.0,0.412042,0.0,0.0,19.312,324.0,214.084,314.083,93.7541,5,"[200.0, 200.0, 200.0, 200.0, 200.0, 200.0, 200.0, 200.0, 200.0, 200.0, 200.0, 200.0, 200.0, 200.0, 200.0, 200.0, 200.0, 200.0, 200.0, 200.0, 200.0, 200.0, 200.0, 200.0, 200.0, 200.0, 200.0, 200.0, 200.0, 200.0, 200.0, 200.0, 200.0, 200.0, 200.0, 200.0]",1,5441.74,125.022,54.7662,2.77797,-0.8,"[-1.0, -1.0, -1.0, -1.0, -1.0, -1.0, -1.0, -1.0, -1.0, -1.0, -1.0, -1.0, -1.0, -1.0, -1.0, -1.0, -1.0, -1.0, -1.0]",-1.56083,"[88.2143, 91.3356, 133.922, 134.723]",0.335867
1.0,0.413049,0.0,0.0,19.334,335.0,214.917,314.916,93.7535,5,"[200.0, 200.0, 200.0, 200.0, 200.0, 200.0, 200.0, 200.0, 200.0, 200.0, 200.0, 200.0, 200.0, 200.0, 200.0, 200.0, 200.0, 200.0, 200.0, 200.0, 200.0, 200.0, 200.0, 200.0, 200.0, 200.0, 200.0, 200.0, 200.0, 200.0, 200.0, 200.0, 200.0, 200.0, 200.0, 200.0]",1,5358.87,124.658,54.6423,2.96851,-0.8,"[-1.0, -1.0, -1.0, -1.0, -1.0, -1.0, -1.0, -1.0, -1.0, -1.0, -1.0, -1.0, -1.0, -1.0, -1.0, -1.0, -1.0, -1.0, -1.0]",-1.56062,"[87.9222, 91.0171, 132.008, 132.379]",0.3253
1.0,0.414361,0.0,0.0,19.356,346.0,215.747,315.746,93.7529,5,"[200.0, 200.0, 200.0, 200.0, 200.0, 200.0, 200.0, 200.0, 200.0, 200.0, 200.0, 200.0, 200.0, 200.0, 200.0, 200.0, 200.0, 200.0, 200.0, 200.0, 200.0, 200.0, 200.0, 200.0, 200.0, 200.0, 200.0, 200.0, 200.0, 200.0, 200.0, 200.0, 200.0, 200.0, 200.0, 200.0]",1,5321.43,124.214,54.7494,3.08439,-0.8,"[-1.0, -1.0, -1.0, -1.0, -1.0, -1.0, -1.0, -1.0, -1.0, -1.0, -1.0, -1.0, -1.0, -1.0, -1.0, -1.0, -1.0, -1.0, -1.0]",-1.56033,"[87.6176, 90.7336, 133.109, 130.043]",0.338982
1.0,0.415179,0.0,0.0,19.378,357.0,216.575,316.575,93.7523,5,"[200.0, 200.0, 200.0, 200.0, 200.0, 200.0, 200.0, 200.0, 200.0, 200.0, 200.0, 200.0, 200.0, 200.0, 200.0, 200.0, 200.0, 200.0, 200.0, 200.0, 200.0, 200.0, 200.0, 200.0, 200.0, 200.0, 200.0, 200.0, 200.0, 200.0, 200.0, 200.0, 200.0, 200.0, 200.0, 200.0]",1,5306.31,123.86,54.6581,3.07004,-0.8,"[-1.0, -1.0, -1.0, -1.0, -1.0, -1.0, -1.0, -1.0, -1.0, -1.0, -1.0, -1.0, -1.0, -1.0, -1.0, -1.0, -1.0, -1.0, -1.0]",-1.56014,"[87.29, 90.4665, 130.688, 130.939]",0.334397
1.0,0.415481,0.0,0.0,19.4,368.0,217.402,317.401,93.7517,5,"[200.0, 200.0, 200.0, 200.0, 200.0, 200.0, 200.0, 200.0, 200.0, 200.0, 200.0, 200.0, 200.0, 200.0, 200.0, 200.0, 200.0, 200.0, 200.0, 200.0, 200.0, 200.0, 200.0, 200.0, 200.0, 200.0, 200.0, 200.0, 200.0, 200.0, 200.0, 200.0, 200.0, 200.0, 200.0, 200.0]",1,5206.14,123.645,54.2557,3.28725,-0.8,"[-1.0, -1.0, -1.0, -1.0, -1.0, -1.0, -1.0, -1.0, -1.0, -1.0, -1.0, -1.0, -1.0, -1.0, -1.0, -1.0, -1.0, -1.0, -1.0]",-1.56006,"[87.0529, 90.1457, 128.516, 128.629]",0.326438
1.0,0.415154,0.0,0.0,19.422,379.0,218.226,318.225,93.7511,5,"[200.0, 200.0, 200.0, 200.0, 200.0, 200.0, 200.0, 200.0, 200.0, 200.0, 200.0, 200.0, 200.0, 200.0, 200.0, 200.0, 200.0, 200.0, 200.0, 200.0, 200.0, 200.0, 200.0, 200.0, 200.0, 200.0, 200.0, 200.0, 200.0, 200.0, 200.0, 200.0, 200.0, 200.0, 200.0, 200.0]",1,5236.82,123.378,54.0579,3.22144,-0.8,"[-1.0, -1.0, -1.0, -1.0, -1.0, -1.0, -1.0, -1.0, -1.0, -1.0, -1.0, -1.0, -1.0, -1.0, -1.0, -1.0, -1.0, -1.0, -1.0]",-1.56014,"[86.841, 89.935, 130.898, 128.049]",0.342989
1.0,0.414135,0.0,0.0,19.444,390.0,219.048,319.047,93.7505,5,"[200.0, 200.0, 200.0, 200.0, 200.0, 200.0, 200.0, 200.0, 200.0, 200.0, 200.0, 200.0, 200.0, 200.0, 200.0, 200.0, 200.0, 200.0, 200.0, 200.0, 200.0, 200.0, 200.0, 200.0, 200.0, 200.0, 200.0, 200.0, 200.0, 200.0, 200.0, 200.0, 200.0, 200.0, 200.0, 200.0]",1,5241.9,123.19,53.6713,3.13984,-0.8,"[-1.0, -1.0, -1.0, -1.0, -1.0, -1.0, -1.0, -1.0, -1.0, -1.0, -1.0, -1.0, -1.0, -1.0, -1.0, -1.0, -1.0, -1.0, -1.0]",-1.56037,"[86.6638, 89.7159, 129.292, 129.068]",0.334573
1.0,0.412763,0.0,0.0,19.466,401.0,219.868,319.867,93.7499,5,"[200.0, 200.0, 200.0, 200.0, 200.0, 200.0, 200.0, 200.0, 200.0, 200.0, 200.0, 200.0, 200.0, 200.0, 200.0, 200.0, 200.0, 200.0, 200.0, 200.0, 200.0, 200.0, 200.0, 200.0, 200.0, 200.0, 200.0, 200.0, 200.0, 200.0, 200.0, 200.0, 200.0, 200.0, 200.0, 200.0]",1,5205.69,123.021,53.2434,3.23531,-0.8,"[-1.0, -1.0, -1.0, -1.0, -1.0, -1.0, -1.0, -1.0, -1.0, -1.0, -1.0, -1.0, -1.0, -1.0, -1.0, -1.0, -1.0, -1.0, -1.0]",-1.56067,"[86.558, 89.4737, 129.002, 128.561]",0.332114
1.0,0.411441,0.0,0.0,19.488,412.0,220.686,320.685,93.7494,5,"[200.0, 200.0, 200.0, 200.0, 200.0, 200.0, 200.0, 200.0, 200.0, 200.0, 200.0, 200.0, 200.0, 200.0, 200.0, 200.0, 200.0, 200.0, 200.0, 200.0, 200.0, 200.0, 200.0, 200.0, 200.0, 200.0, 200.0, 200.0, 200.0, 200.0, 200.0, 200.0, 200.0, 200.0, 200.0, 200.0]",1,5252.49,122.763,53.0522,3.08381,-0.8,"[-1.0, -1.0, -1.0, -1.0, -1.0, -1.0, -1.0, -1.0, -1.0, -1.0, -1.0, -1.0, -1.0, -1.0, -1.0, -1.0, -1.0, -1.0, -1.0]",-1.56096,"[86.4297, 89.3173, 130.563, 129.28]",0.345304
1.0,0.410313,0.0,0.0,19.51,423.0,221.502,321.501,93.7488,5,"[200.0, 200.0, 200.0, 200.0, 200.0, 200.0, 200.0, 200.0, 200.0, 200.0, 200.0, 200.0, 200.0, 200.0, 200.0, 200.0, 200.0, 200.0, 200.0, 200.0, 200.0, 200.0, 200.0, 200.0, 200.0, 200.0, 200.0, 200.0, 200.0, 200.0, 200.0, 200.0, 200.0, 200.0, 200.0, 200.0]",1,5304.9,122.513,52.8024,2.95319,-0.8,"[-1.0, -1.0, -1.0, -1.0, -1.0, -1.0, -1.0, -1.0, -1.0, -1.0, -1.0, -1.0, -1.0, -1.0, -1.0, -1.0, -1.0, -1.0, -1.0]",-1.56123,"[86.2869, 89.1456, 130.382, 130.837]",0.332364
1.0,0.409487,0.0,0.0,19.532,434.0,222.317,322.316,93.7482,5,"[200.0, 200.0, 200.0, 200.0, 200.0, 200.0, 200.0, 200.0, 200.0, 200.0, 200.0, 200.0, 200.0, 200.0, 200.0, 200.0, 200.0, 200.0, 200.0, 200.0, 200.0, 200.0, 200.0, 200.0, 200.0, 200.0, 200.0, 200.0, 200.0, 200.0, 200.0, 200.0, 200.0, 200.0, 200.0, 200.0]",1,5271.74,122.245,52.5954,3.05352,-0.8,"[-1.0, -1.0, -1.0, -1.0, -1.0, -1.0, -1.0, -1.0, -1.0, -1.0, -1.0, -1.0, -1.0, -1.0, -1.0, -1.0, -1.0, -1.0, -1.0]",-1.56143,"[86.1483, 88.9662, 131.71, 129.131]",0.337056
1.0,0.408829,0.0,0.0,19.554,445.0,223.129,323.128,93.7476,5,"[200.0, 200.0, 200.0, 200.0, 200.0, 200.0, 200.0, 200.0, 200.0, 200.0, 200.0, 200.0, 200.0, 200.0, 200.0, 200.0, 200.0, 200.0, 200.0, 200.0, 200.0, 200.0, 200.0, 200.0, 200.0, 200.0, 200.0, 200.0, 200.0, 200.0, 200.0, 200.0, 200.0, 200.0, 200.0, 200.0]",1,5303.84,121.965,52.5069,2.90419,-0.8,"[-1.0, -1.0, -1.0, -1.0, -1.0, -1.0, -1.0, -1.0, -1.0, -1.0, -1.0, -1.0, -1.0, -1.0, -1.0, -1.0, -1.0, -1.0, -1.0]",-1.56156,"[85.988, 88.8317, 131.276, 130.546]",0.343637
1.0,0.40877,0.0,0.0,19.576,456.0,223.939,323.938,93.747,5,"[200.0, 200.0, 200.0, 200.0, 200.0, 200.0, 200.0, 200.0, 200.0, 200.0, 200.0, 200.0, 200.0, 200.0, 200.0, 200.0, 200.0, 200.0, 200.0, 200.0, 200.0, 200.0, 200.0, 200.0, 200.0, 200.0, 200.0, 200.0, 200.0, 200.0, 200.0, 200.0, 200.0, 200.0, 200.0, 200.0]",1,5260.64,121.556,52.5142,2.98404,-0.8,"[-1.0, -1.0, -1.0, -1.0, -1.0, -1.0, -1.0, -1.0, -1.0, -1.0, -1.0, -1.0, -1.0, -1.0, -1.0, -1.0, -1.0, -1.0, -1.0]",-1.56158,"[85.7529, 88.639, 129.339, 129.985]",0.331279
1.0,0.409391,0.0,0.0,19.598,467.0,224.747,324.746,93.7464,5,"[200.0, 200.0, 200.0, 200.0, 200.0, 200.0, 200.0, 200.0, 200.0, 200.0, 200.0, 200.0, 200.0, 200.0, 200.0, 200.0, 200.0, 200.0, 200.0, 200.0, 200.0, 200.0, 200.0, 200.0, 200.0, 200.0, 200.0, 200.0, 200.0, 200.0, 200.0, 200.0, 200.0, 200.0, 200.0, 200.0]",1,5228.57,121.18,52.5088,3.08512,-0.8,"[-1.0, -1.0, -1.0, -1.0, -1.0, -1.0, -1.0, -1.0, -1.0, -1.0, -1.0, -1.0, -1.0, -1.0, -1.0, -1.0, -1.0, -1.0, -1.0]",-1.56144,"[85.5407, 88.4127, 130.47, 128.104]",0.334507
1.0,0.410169,0.0,0.0,19.62,478.0,225.553,325.552,93.7458,5,"[200.0, 200.0, 200.0, 200.0, 200.0, 200.0, 200.0, 200.0, 200.0, 200.0, 200.0, 200.0, 200.0, 200.0, 200.0, 200.0, 200.0, 200.0, 200.0, 200.0, 200.0, 200.0, 200.0, 200.0, 200.0, 200.0, 200.0, 200.0, 200.0, 200.0, 200.0, 200.0, 200.0, 200.0, 200.0, 200.0]",1,5234.38,120.793,52.6232,2.9732,-0.8,"[-1.0, -1.0, -1.0, -1.0, -1.0, -1.0, -1.0, -1.0, -1.0, -1.0, -1.0, -1.0, -1.0, -1.0, -1.0, -1.0, -1.0, -1.0, -1.0]",-1.56125,"[85.2437, 88.2525, 129.717, 128.694]",0.339416
1.0,0.410738,0.0,0.0,19.642,489.0,226.357,326.356,93.7453,5,"[200.0, 200.0, 200.0, 200.0, 200.0, 200.0, 200.0, 200.0, 200.0, 200.0, 200.0, 200.0, 200.0, 200.0, 200.0, 200.0, 200.0, 200.0, 200.0, 200.0, 200.0, 200.0, 200.0, 200.0, 200.0, 200.0, 200.0, 200.0, 200.0, 200.0, 200.0, 200.0, 200.0, 200.0, 200.0, 200.0]",1,5163.56,120.52,52.3746,3.13421,-0.8,"[-1.0, -1.0, -1.0, -1.0, -1.0, -1.0, -1.0, -1.0, -1.0, -1.0, -1.0, -1.0, -1.0, -1.0, -1.0, -1.0, -1.0, -1.0, -1.0]",-1.56113,"[84.9943, 87.982, 127.038, 127.575]",0.32678
1.0,0.411221,0.0,0.0,19.664,500.0,227.159,327.158,93.7447,5,"[200.0, 200.0, 200.0, 200.0, 200.0, 200.0, 200.0, 200.0, 200.0, 200.0, 200.0, 200.0, 200.0, 200.0, 200.0, 200.0, 200.0, 200.0, 200.0, 200.0, 200.0, 200.0, 200.0, 200.0, 200.0, 200.0, 200.0, 200.0, 200.0, 200.0, 200.0, 200.0, 200.0, 200.0, 200.0, 200.0]",1,5135.51,120.194,52.3016,3.17841,-0.8,"[-1.0, -1.0, -1.0, -1.0, -1.0, -1.0, -1.0, -1.0, -1.0, -1.0, -1.0, -1.0, -1.0, -1.0, -1.0, -1.0, -1.0, -1.0, -1.0]",-1.56103,"[84.7584, 87.7509, 128.64, 125.292]",0.340808
1.0,0.411198,0.0,0.0,19.686,511.0,227.959,327.958,93.7442,5,"[200.0, 200.0, 200.0, 200.0, 200.0, 200.0, 200.0, 200.0, 200.0, 200.0, 200.0, 200.0, 200.0, 200.0, 200.0, 200.0, 200.0, 200.0, 200.0, 200.0, 200.0, 200.0, 200.0, 200.0, 200.0, 200.0, 200.0, 200.0, 200.0, 200.0, 200.0, 200.0, 200.0, 200.0, 200.0, 200.0]",1,5102.74,119.923,52.064,3.16676,-0.8,"[-1.0, -1.0, -1.0, -1.0, -1.0, -1.0, -1.0, -1.0, -1.0, -1.0, -1.0, -1.0, -1.0, -1.0, -1.0, -1.0, -1.0, -1.0, -1.0]",-1.56104,"[84.5181, 87.5138, 125.793, 126.004]",0.33153
1.0,0.410621,0.0,0.0,19.708,522.0,228.757,328.756,93.7437,5,"[200.0, 200.0, 200.0, 200.0, 200.0, 200.0, 200.0, 200.0, 200.0, 200.0, 200.0, 200.0, 200.0, 200.0, 200.0, 200.0, 200.0, 200.0, 200.0, 200.0, 200.0, 200.0, 200.0, 200.0, 200.0, 200.0, 200.0, 200.0, 200.0, 200.0, 200.0, 200.0, 200.0, 200.0, 200.0, 200.0]",1,5041.4,119.744,51.6702,3.27888,-0.8,"[-1.0, -1.0, -1.0, -1.0, -1.0, -1.0, -1.0, -1.0, -1.0, -1.0, -1.0, -1.0, -1.0, -1.0, -1.0, -1.0, -1.0, -1.0, -1.0]",-1.56115,"[84.3781, 87.2535, 125.322, 124.253]",0.333879
1.0,0.409524,0.0,0.0,19.73,533.0,229.553,329.552,93.7432,5,"[200.0, 200.0, 200.0, 200.0, 200.0, 200.0, 200.0, 200.0, 200.0, 200.0, 200.0, 200.0, 200.0, 200.0, 200.0, 200.0, 200.0, 200.0, 200.0, 200.0, 200.0, 200.0, 200.0, 200.0, 200.0, 200.0, 200.0, 200.0, 200.0, 200.0, 200.0, 200.0, 200.0, 200.0, 200.0, 200.0]",1,5097.97,119.513,51.4561,3.08949,-0.8,"[-1.0, -1.0, -1.0, -1.0, -1.0, -1.0, -1.0, -1.0, -1.0, -1.0, -1.0, -1.0, -1.0, -1.0, -1.0, -1.0, -1.0, -1.0, -1.0]",-1.5614,"[84.2114, 87.1191, 126.135, 125.788]",0.340369
1.0,0.408103,0.0,0.0,19.752,544.0,230.347,330.346,93.7427,5,"[200.0, 200.0, 200.0, 200.0, 200.0, 200.0, 200.0, 200.0, 200.0, 200.0, 200.0, 200.0, 200.0, 200.0, 200.0, 200.0, 200.0, 200.0, 200.0, 200.0, 200.0, 200.0, 200.0, 200.0, 200.0, 200.0, 200.0, 200.0, 200.0, 200.0, 200.0, 200.0, 200.0, 200.0, 200.0, 200.0]",1,5054.0,119.367,50.935,3.19602,-0.8,"[-1.0, -1.0, -1.0, -1.0, -1.0, -1.0, -1.0, -1.0, -1.0, -1.0, -1.0, -1.0, -1.0, -1.0, -1.0, -1.0, -1.0, -1.0, -1.0]",-1.56172,"[84.096, 86.8951, 124.324, 124.879]",0.329314
1.0,0.406703,0.0,0.0,19.774,555.0,231.139,331.138,93.7422,5,"[200.0, 200.0, 200.0, 200.0, 200.0, 200.0, 200.0, 200.0, 200.0, 200.0, 200.0, 200.0, 200.0, 200.0, 200.0, 200.0, 200.0, 200.0, 200.0, 200.0, 200.0, 200.0, 200.0, 200.0, 200.0, 200.0, 200.0, 200.0, 200.0, 200.0, 200.0, 200.0, 200.0, 200.0, 200.0, 200.0]",1,5085.63,119.124,50.7327,3.10839,-0.8,"[-1.0, -1.0, -1.0, -1.0, -1.0, -1.0, -1.0, -1.0, -1.0, -1.0, -1.0, -1.0, -1.0, -1.0, -1.0, -1.0, -1.0, -1.0, -1.0]",-1.56204,"[83.9906, 86.7504, 127.194, 124.401]",0.341924
1.0,0.405592,0.0,0.0,19.796,566.0,231.929,331.928,93.7417,5,"[200.0, 200.0, 200.0, 200.0, 200.0, 200.0, 200.0, 200.0, 200.0, 200.0, 200.0, 200.0, 200.0, 200.0, 200.0, 200.0, 200.0, 200.0, 200.0, 200.0, 200.0, 200.0, 200.0, 200.0, 200.0, 200.0, 200.0, 200.0, 200.0, 200.0, 200.0, 200.0, 200.0, 200.0, 200.0, 200.0]",1,5097.09,118.798,50.5656,3.08449,-0.8,"[-1.0, -1.0, -1.0, -1.0, -1.0, -1.0, -1.0, -1.0, -1.0, -1.0, -1.0, -1.0, -1.0, -1.0, -1.0, -1.0, -1.0, -1.0, -1.0]",-1.5623,"[83.8468, 86.5704, 125.425, 125.609]",0.331662
1.0,0.405155,0.0,0.0,19.818,577.0,232.717,332.716,93.7412,5,"[200.0, 200.0, 200.0, 200.0, 200.0, 200.0, 200.0, 200.0, 200.0, 200.0, 200.0, 200.0, 200.0, 200.0, 200.0, 200.0, 200.0, 200.0, 200.0, 200.0, 200.0, 200.0, 200.0, 200.0, 200.0, 200.0, 200.0, 200.0, 200.0, 200.0, 200.0, 200.0, 200.0, 200.0, 200.0, 200.0]",1,5080.73,118.431,50.519,3.18629,-0.8,"[-1.0, -1.0, -1.0, -1.0, -1.0, -1.0, -1.0, -1.0, -1.0, -1.0, -1.0, -1.0, -1.0, -1.0, -1.0, -1.0, -1.0, -1.0, -1.0]",-1.56241,"[83.6952, 86.3795, 127.393, 123.961]",0.338115
1.0,0.405298,0.0,0.0,19.84,588.0,233.503,333.502,93.7407,5,"[200.0, 200.0, 200.0, 200.0, 200.0, 200.0, 200.0, 200.0, 200.0, 200.0, 200.0, 200.0, 200.0, 200.0, 200.0, 200.0, 200.0, 200.0, 200.0, 200.0, 200.0, 200.0, 200.0, 200.0, 200.0, 200.0, 200.0, 200.0, 200.0, 200.0, 200.0, 200.0, 200.0, 200.0, 200.0, 200.0]",1,5131.93,118.047,50.6204,3.02316,-0.8,"[-1.0, -1.0, -1.0, -1.0, -1.0, -1.0, -1.0, -1.0, -1.0, -1.0, -1.0, -1.0, -1.0, -1.0, -1.0, -1.0, -1.0, -1.0, -1.0]",-1.56235,"[83.4595, 86.2382, 126.46, 126.396]",0.341583
1.0,0.406223,0.0,0.0,19.862,599.0,234.286,334.285,93.7402,5,"[200.0, 200.0, 200.0, 200.0, 200.0, 200.0, 200.0, 200.0, 200.0, 200.0, 200.0, 200.0, 200.0, 200.0, 200.0, 200.0, 200.0, 200.0, 200.0, 200.0, 200.0, 200.0, 200.0, 200.0, 200.0, 200.0, 200.0, 200.0, 200.0, 200.0, 200.0, 200.0, 200.0, 200.0, 200.0, 200.0]",1,5064.92,117.623,50.6897,3.19771,-0.8,"[-1.0, -1.0, -1.0, -1.0, -1.0, -1.0, -1.0, -1.0, -1.0, -1.0, -1.0, -1.0, -1.0, -1.0, -1.0, -1.0, -1.0, -1.0, -1.0]",-1.56216,"[83.1786, 86.0017, 125.959, 124.693]",0.33052
1.0,0.407417,0.0,0.0,19.884,610.0,235.068,335.067,93.7397,5,"[200.0, 200.0, 200.0, 200.0, 200.0, 200.0, 200.0, 200.0, 200.0, 200.0, 200.0, 200.0, 200.0, 200.0, 200.0, 200.0, 200.0, 200.0, 200.0, 200.0, 200.0, 200.0, 200.0, 200.0, 200.0, 200.0, 200.0, 200.0, 200.0, 200.0, 200.0, 200.0, 200.0, 200.0, 200.0, 200.0]",1,5081.76,117.281,50.7871,3.09815,-0.8,"[-1.0, -1.0, -1.0, -1.0, -1.0, -1.0, -1.0, -1.0, -1.0, -1.0, -1.0, -1.0, -1.0, -1.0, -1.0, -1.0, -1.0, -1.0, -1.0]",-1.56187,"[82.906, 85.8242, 127.144, 124.281]",0.34299
1.0,0.408623,0.0,0.0,19.906,621.0,235.848,335.847,93.7392,5,"[200.0, 200.0, 200.0, 200.0, 200.0, 200.0, 200.0, 200.0, 200.0, 200.0, 200.0, 200.0, 200.0, 200.0, 200.0, 200.0, 200.0, 200.0, 200.0, 200.0, 200.0, 200.0, 200.0, 200.0, 200.0, 200.0, 200.0, 200.0, 200.0, 200.0, 200.0, 200.0, 200.0, 200.0, 200.0, 200.0]",1,5084.73,116.927,50.7954,3.04362,-0.8,"[-1.0, -1.0, -1.0, -1.0, -1.0, -1.0, -1.0, -1.0, -1.0, -1.0, -1.0, -1.0, -1.0, -1.0, -1.0, -1.0, -1.0, -1.0, -1.0]",-1.56161,"[82.6001, 85.5742, 125.07, 125.329]",0.331208
1.0,0.409823,0.0,0.0,19.928,632.0,236.626,336.625,93.7387,5,"[200.0, 200.0, 200.0, 200.0, 200.0, 200.0, 200.0, 200.0, 200.0, 200.0, 200.0, 200.0, 200.0, 200.0, 200.0, 200.0, 200.0, 200.0, 200.0, 200.0, 200.0, 200.0, 200.0, 200.0, 200.0, 200.0, 200.0, 200.0, 200.0, 200.0, 200.0, 200.0, 200.0, 200.0, 200.0, 200.0]",1,5052.4,116.639,50.7918,3.06885,-0.8,"[-1.0, -1.0, -1.0, -1.0, -1.0, -1.0, -1.0, -1.0, -1.0, -1.0, -1.0, -1.0, -1.0, -1.0, -1.0, -1.0, -1.0, -1.0, -1.0]",-1.56134,"[82.382, 85.3298, 126.896, 123.084]",0.340311
1.0,0.410797,0.0,0.0,19.95,643.0,237.403,337.402,93.7382,5,"[200.0, 200.0, 200.0, 200.0, 200.0, 200.0, 200.0, 200.0, 200.0, 200.0, 200.0, 200.0, 200.0, 200.0, 200.0, 200.0, 200.0, 200.0, 200.0, 200.0, 200.0, 200.0, 200.0, 200.0, 200.0, 200.0, 200.0, 200.0, 200.0, 200.0, 200.0, 200.0, 200.0, 200.0, 200.0, 200.0]",1,5086.88,116.306,50.8259,2.91614,-0.8,"[-1.0, -1.0, -1.0, -1.0, -1.0, -1.0, -1.0, -1.0, -1.0, -1.0, -1.0, -1.0, -1.0, -1.0, -1.0, -1.0, -1.0, -1.0, -1.0]",-1.56112,"[82.0752, 85.116, 125.347, 125.155]",0.334233
1.0,0.411633,0.0,0.0,19.972,654.0,238.177,338.177,93.7377,5,"[200.0, 200.0, 200.0, 200.0, 200.0, 200.0, 200.0, 200.0, 200.0, 200.0, 200.0, 200.0, 200.0, 200.0, 200.0, 200.0, 200.0, 200.0, 200.0, 200.0, 200.0, 200.0, 200.0, 200.0, 200.0, 200.0, 200.0, 200.0, 200.0, 200.0, 200.0, 200.0, 200.0, 200.0, 200.0, 200.0]",1,4983.98,116.077,50.6564,3.09698,-0.8,"[-1.0, -1.0, -1.0, -1.0, -1.0, -1.0, -1.0, -1.0, -1.0, -1.0, -1.0, -1.0, -1.0, -1.0, -1.0, -1.0, -1.0, -1.0, -1.0]",-1.56093,"[81.8781, 84.8138, 124.481, 122.613]",0.334989
1.0,0.412093,0.0,0.0,19.994,665.0,238.95,338.949,93.7372,5,"[200.0, 200.0, 200.0, 200.0, 200.0, 200.0, 200.0, 200.0, 200.0, 200.0, 200.0, 200.0, 200.0, 200.0, 200.0, 200.0, 200.0, 200.0, 200.0, 200.0, 200.0, 200.0, 200.0, 200.0, 200.0, 200.0, 200.0, 200.0, 200.0, 200.0, 200.0, 200.0, 200.0, 200.0, 200.0, 200.0]",1,4995.7,115.77,50.595,2.98755,-0.8,"[-1.0, -1.0, -1.0, -1.0, -1.0, -1.0, -1.0, -1.0, -1.0, -1.0, -1.0, -1.0, -1.0, -1.0, -1.0, -1.0, -1.0, -1.0, -1.0]",-1.56082,"[81.6082, 84.5946, 123.047, 123.197]",0.338064
1.0,0.412221,0.0,0.0,20.016,676.0,239.721,339.721,93.7367,5,"[200.0, 200.0, 200.0, 200.0, 200.0, 200.0, 200.0, 200.0, 200.0, 200.0, 200.0, 200.0, 200.0, 200.0, 200.0, 200.0, 200.0, 200.0, 200.0, 200.0, 200.0, 200.0, 200.0, 200.0, 200.0, 200.0, 200.0, 200.0, 200.0, 200.0, 200.0, 200.0, 200.0, 200.0, 200.0, 200.0]",1,4915.25,115.549,50.263,3.14684,-0.8,"[-1.0, -1.0, -1.0, -1.0, -1.0, -1.0, -1.0, -1.0, -1.0, -1.0, -1.0, -1.0, -1.0, -1.0, -1.0, -1.0, -1.0, -1.0, -1.0]",-1.5608,"[81.4099, 84.2972, 122.168, 121.077]",0.330615
1.0,0.412418,0.0,0.0,20.038,687.0,240.49,340.489,93.7362,5,"[200.0, 200.0, 200.0, 200.0, 200.0, 200.0, 200.0, 200.0, 200.0, 200.0, 200.0, 200.0, 200.0, 200.0, 200.0, 200.0, 200.0, 200.0, 200.0, 200.0, 200.0, 200.0, 200.0, 200.0, 200.0, 200.0, 200.0, 200.0, 200.0, 200.0, 200.0, 200.0, 200.0, 200.0, 200.0, 200.0]",1,4952.15,115.177,50.3269,3.02323,-0.8,"[-1.0, -1.0, -1.0, -1.0, -1.0, -1.0, -1.0, -1.0, -1.0, -1.0, -1.0, -1.0, -1.0, -1.0, -1.0, -1.0, -1.0, -1.0, -1.0]",-1.56075,"[81.1739, 84.1054, 122.976, 121.855]",0.341298
1.0,0.412629,0.0,0.0,20.06,698.0,241.257,341.256,93.7357,5,"[200.0, 200.0, 200.0, 200.0, 200.0, 200.0, 200.0, 200.0, 200.0, 200.0, 200.0, 200.0, 200.0, 200.0, 200.0, 200.0, 200.0, 200.0, 200.0, 200.0, 200.0, 200.0, 200.0, 200.0, 200.0, 200.0, 200.0, 200.0, 200.0, 200.0, 200.0, 200.0, 200.0, 200.0, 200.0, 200.0]",1,4900.77,114.886,50.1085,3.14853,-0.8,"[-1.0, -1.0, -1.0, -1.0, -1.0, -1.0, -1.0, -1.0, -1.0, -1.0, -1.0, -1.0, -1.0, -1.0, -1.0, -1.0, -1.0, -1.0, -1.0]",-1.56071,"[80.9618, 83.8078, 121.081, 120.628]",0.328566
1.0,0.412977,0.0,0.0,20.082,709.0,242.022,342.021,93.7352,5,"[200.0, 200.0, 200.0, 200.0, 200.0, 200.0, 200.0, 200.0, 200.0, 200.0, 200.0, 200.0, 200.0, 200.0, 200.0, 200.0, 200.0, 200.0, 200.0, 200.0, 200.0, 200.0, 200.0, 200.0, 200.0, 200.0, 200.0, 200.0, 200.0, 200.0, 200.0, 200.0, 200.0, 200.0, 200.0, 200.0]",1,4903.07,114.539,50.1344,3.11176,-0.8,"[-1.0, -1.0, -1.0, -1.0, -1.0, -1.0, -1.0, -1.0, -1.0, -1.0, -1.0, -1.0, -1.0, -1.0, -1.0, -1.0, -1.0, -1.0, -1.0]",-1.56062,"[80.7481, 83.5894, 121.784, 120.783]",0.343696
1.0,0.41346,0.0,0.0,20.104,720.0,242.785,342.784,93.7347,5,"[200.0, 200.0, 200.0, 200.0, 200.0, 200.0, 200.0, 200.0, 200.0, 200.0, 200.0, 200.0, 200.0, 200.0, 200.0, 200.0, 200.0, 200.0, 200.0, 200.0, 200.0, 200.0, 200.0, 200.0, 200.0, 200.0, 200.0, 200.0, 200.0, 200.0, 200.0, 200.0, 200.0, 200.0, 200.0, 200.0]",1,4882.6,114.183,50.0045,3.17962,-0.8,"[-1.0, -1.0, -1.0, -1.0, -1.0, -1.0, -1.0, -1.0, -1.0, -1.0, -1.0, -1.0, -1.0, -1.0, -1.0, -1.0, -1.0, -1.0, -1.0]",-1.56052,"[80.4732, 83.3165, 120.425, 120.318]",0.328587
1.0,0.414468,0.0,0.0,20.126,731.0,243.546,343.545,93.7342,5,"[200.0, 200.0, 200.0, 200.0, 200.0, 200.0, 200.0, 200.0, 200.0, 200.0, 200.0, 200.0, 200.0, 200.0, 200.0, 200.0, 200.0, 200.0, 200.0, 200.0, 200.0, 200.0, 200.0, 200.0, 200.0, 200.0, 200.0, 200.0, 200.0, 200.0, 200.0, 200.0, 200.0, 200.0, 200.0, 200.0]",1,4912.31,113.767,50.149,3.12975,-0.8,"[-1.0, -1.0, -1.0, -1.0, -1.0, -1.0, -1.0, -1.0, -1.0, -1.0, -1.0, -1.0, -1.0, -1.0, -1.0, -1.0, -1.0, -1.0, -1.0]",-1.5603,"[80.2356, 83.0728, 122.99, 120.151]",0.34584
1.0,0.415636,0.0,0.0,20.148,742.0,244.304,344.304,93.7337,5,"[200.0, 200.0, 200.0, 200.0, 200.0, 200.0, 200.0, 200.0, 200.0, 200.0, 200.0, 200.0, 200.0, 200.0, 200.0, 200.0, 200.0, 200.0, 200.0, 200.0, 200.0, 200.0, 200.0, 200.0, 200.0, 200.0, 200.0, 200.0, 200.0, 200.0, 200.0, 200.0, 200.0, 200.0, 200.0, 200.0]",1,4890.65,113.403,50.1857,3.12916,-0.8,"[-1.0, -1.0, -1.0, -1.0, -1.0, -1.0, -1.0, -1.0, -1.0, -1.0, -1.0, -1.0, -1.0, -1.0, -1.0, -1.0, -1.0, -1.0, -1.0]",-1.56004,"[79.9029, 82.8263, 120.838, 120.306]",0.333285
1.0,0.416669,0.0,0.0,20.17,753.0,245.061,345.06,93.7332,5,"[200.0, 200.0, 200.0, 200.0, 200.0, 200.0, 200.0, 200.0, 200.0, 200.0, 200.0, 200.0, 200.0, 200.0, 200.0, 200.0, 200.0, 200.0, 200.0, 200.0, 200.0, 200.0, 200.0, 200.0, 200.0, 200.0, 200.0, 200.0, 200.0, 200.0, 200.0, 200.0, 200.0, 200.0, 200.0, 200.0]",1,4903.21,113.082,50.1654,3.06147,-0.8,"[-1.0, -1.0, -1.0, -1.0, -1.0, -1.0, -1.0, -1.0, -1.0, -1.0, -1.0, -1.0, -1.0, -1.0, -1.0, -1.0, -1.0, -1.0, -1.0]",-1.55981,"[79.6759, 82.5641, 122.717, 118.969]",0.342811
1.0,0.417898,0.0,0.0,20.192,764.0,245.816,345.815,93.7327,5,"[200.0, 200.0, 200.0, 200.0, 200.0, 200.0, 200.0, 200.0, 200.0, 200.0, 200.0, 200.0, 200.0, 200.0, 200.0, 200.0, 200.0, 200.0, 200.0, 200.0, 200.0, 200.0, 200.0, 200.0, 200.0, 200.0, 200.0, 200.0, 200.0, 200.0, 200.0, 200.0, 200.0, 200.0, 200.0, 200.0]",1,4944.02,112.693,50.2969,2.92657,-0.8,"[-1.0, -1.0, -1.0, -1.0, -1.0, -1.0, -1.0, -1.0, -1.0, -1.0, -1.0, -1.0, -1.0, -1.0, -1.0, -1.0, -1.0, -1.0, -1.0]",-1.55953,"[79.3488, 82.3455, 121.711, 121.745]",0.335069
1.0,0.419134,0.0,0.0,20.214,775.0,246.57,346.569,93.7322,5,"[200.0, 200.0, 200.0, 200.0, 200.0, 200.0, 200.0, 200.0, 200.0, 200.0, 200.0, 200.0, 200.0, 200.0, 200.0, 200.0, 200.0, 200.0, 200.0, 200.0, 200.0, 200.0, 200.0, 200.0, 200.0, 200.0, 200.0, 200.0, 200.0, 200.0, 200.0, 200.0, 200.0, 200.0, 200.0, 200.0]",1,4877.9,112.396,50.2378,3.02975,-0.8,"[-1.0, -1.0, -1.0, -1.0, -1.0, -1.0, -1.0, -1.0, -1.0, -1.0, -1.0, -1.0, -1.0, -1.0, -1.0, -1.0, -1.0, -1.0, -1.0]",-1.55925,"[79.1267, 82.0377, 121.894, 119.244]",0.342771
1.0,0.420568,0.0,0.0,20.236,786.0,247.321,347.32,93.7317,5,"[200.0, 200.0, 200.0, 200.0, 200.0, 200.0, 200.0, 200.0, 200.0, 200.0, 200.0, 200.0, 200.0, 200.0, 200.0, 200.0, 200.0, 200.0, 200.0, 200.0, 200.0, 200.0, 200.0, 200.0, 200.0, 200.0, 200.0, 200.0, 200.0, 200.0, 200.0, 200.0, 200.0, 200.0, 200.0, 200.0]",1,4942.35,111.976,50.4182,2.84649,-0.8,"[-1.0, -1.0, -1.0, -1.0, -1.0, -1.0, -1.0, -1.0, -1.0, -1.0, -1.0, -1.0, -1.0, -1.0, -1.0, -1.0, -1.0, -1.0, -1.0]",-1.55894,"[78.7798, 81.8149, 121.865, 121.498]",0.335516
1.0,0.422134,0.0,0.0,20.258,797.0,248.07,348.07,93.7311,5,"[200.0, 200.0, 200.0, 200.0, 200.0, 200.0, 200.0, 200.0, 200.0, 200.0, 200.0, 200.0, 200.0, 200.0, 200.0, 200.0, 200.0, 200.0, 200.0, 200.0, 200.0, 200.0, 200.0, 200.0, 200.0, 200.0, 200.0, 200.0, 200.0, 200.0, 200.0, 200.0, 200.0, 200.0, 200.0, 200.0]",1,4877.33,111.702,50.3692,2.93414,-0.8,"[-1.0, -1.0, -1.0, -1.0, -1.0, -1.0, -1.0, -1.0, -1.0, -1.0, -1.0, -1.0, -1.0, -1.0, -1.0, -1.0, -1.0, -1.0, -1.0]",-1.55858,"[78.5777, 81.4897, 122.466, 118.689]",0.342641
1.0,0.423863,0.0,0.0,20.28,808.0,248.818,348.817,93.7306,5,"[200.0, 200.0, 200.0, 200.0, 200.0, 200.0, 200.0, 200.0, 200.0, 200.0, 200.0, 200.0, 200.0, 200.0, 200.0, 200.0, 200.0, 200.0, 200.0, 200.0, 200.0, 200.0, 200.0, 200.0, 200.0, 200.0, 200.0, 200.0, 200.0, 200.0, 200.0, 200.0, 200.0, 200.0, 200.0, 200.0]",1,4929.74,111.236,50.6026,2.78216,-0.8,"[-1.0, -1.0, -1.0, -1.0, -1.0, -1.0, -1.0, -1.0, -1.0, -1.0, -1.0, -1.0, -1.0, -1.0, -1.0, -1.0, -1.0, -1.0, -1.0]",-1.55821,"[78.1688, 81.2554, 121.375, 121.37]",0.334314
1.0,0.425951,0.0,0.0,20.302,819.0,249.564,349.563,93.7301,5,"[200.0, 200.0, 200.0, 200.0, 200.0, 200.0, 200.0, 200.0, 200.0, 200.0, 200.0, 200.0, 200.0, 200.0, 200.0, 200.0, 200.0, 200.0, 200.0, 200.0, 200.0, 200.0, 200.0, 200.0, 200.0, 200.0, 200.0, 200.0, 200.0, 200.0, 200.0, 200.0, 200.0, 200.0, 200.0, 200.0]",1,4856.96,110.851,50.7105,2.92247,-0.8,"[-1.0, -1.0, -1.0, -1.0, -1.0, -1.0, -1.0, -1.0, -1.0, -1.0, -1.0, -1.0, -1.0, -1.0, -1.0, -1.0, -1.0, -1.0, -1.0]",-1.55774,"[77.8831, 80.9115, 121.908, 118.244]",0.343137
1.0,0.428207,0.0,0.0,20.324,830.0,250.308,350.307,93.7296,5,"[200.0, 200.0, 200.0, 200.0, 200.0, 200.0, 200.0, 200.0, 200.0, 200.0, 200.0, 200.0, 200.0, 200.0, 200.0, 200.0, 200.0, 200.0, 200.0, 200.0, 200.0, 200.0, 200.0, 200.0, 200.0, 200.0, 200.0, 200.0, 200.0, 200.0, 200.0, 200.0, 200.0, 200.0, 200.0, 200.0]",1,4878.65,110.434,50.8987,2.79038,-0.8,"[-1.0, -1.0, -1.0, -1.0, -1.0, -1.0, -1.0, -1.0, -1.0, -1.0, -1.0, -1.0, -1.0, -1.0, -1.0, -1.0, -1.0, -1.0, -1.0]",-1.55724,"[77.4825, 80.6512, 119.994, 120.542]",0.33207
1.0,0.43034,0.0,0.0,20.346,841.0,251.05,351.049,93.7291,5,"[200.0, 200.0, 200.0, 200.0, 200.0, 200.0, 200.0, 200.0, 200.0, 200.0, 200.0, 200.0, 200.0, 200.0, 200.0, 200.0, 200.0, 200.0, 200.0, 200.0, 200.0, 200.0, 200.0, 200.0, 200.0, 200.0, 200.0, 200.0, 200.0, 200.0, 200.0, 200.0, 200.0, 200.0, 200.0, 200.0]",1,4829.32,110.056,50.9805,2.88435,-0.8,"[-1.0, -1.0, -1.0, -1.0, -1.0, -1.0, -1.0, -1.0, -1.0, -1.0, -1.0, -1.0, -1.0, -1.0, -1.0, -1.0, -1.0, -1.0, -1.0]",-1.55678,"[77.2208, 80.276, 120.957, 117.828]",0.344759
1.0,0.432679,0.0,0.0,20.368,852.0,251.79,351.789,93.7286,5,"[200.0, 200.0, 200.0, 200.0, 200.0, 200.0, 200.0, 200.0, 200.0, 200.0, 200.0, 200.0, 200.0, 200.0, 200.0, 200.0, 200.0, 200.0, 200.0, 200.0, 200.0, 200.0, 200.0, 200.0, 200.0, 200.0, 200.0, 200.0, 200.0, 200.0, 200.0, 200.0, 200.0, 200.0, 200.0, 200.0]",1,4852.73,109.626,51.1189,2.80262,-0.8,"[-1.0, -1.0, -1.0, -1.0, -1.0, -1.0, -1.0, -1.0, -1.0, -1.0, -1.0, -1.0, -1.0, -1.0, -1.0, -1.0, -1.0, -1.0, -1.0]",-1.55627,"[76.8052, 79.9555, 119.149, 119.864]",0.328783
1.0,0.435351,0.0,0.0,20.39,863.0,252.529,352.528,93.7281,5,"[200.0, 200.0, 200.0, 200.0, 200.0, 200.0, 200.0, 200.0, 200.0, 200.0, 200.0, 200.0, 200.0, 200.0, 200.0, 200.0, 200.0, 200.0, 200.0, 200.0, 200.0, 200.0, 200.0, 200.0, 200.0, 200.0, 200.0, 200.0, 200.0, 200.0, 200.0, 200.0, 200.0, 200.0, 200.0, 200.0]",1,4810.34,109.186,51.3674,2.84708,-0.8,"[-1.0, -1.0, -1.0, -1.0, -1.0, -1.0, -1.0, -1.0, -1.0, -1.0, -1.0, -1.0, -1.0, -1.0, -1.0, -1.0, -1.0, -1.0, -1.0]",-1.55567,"[76.4996, 79.6181, 120.597, 117.226]",0.34718
1.0,0.438089,0.0,0.0,20.412,874.0,253.265,353.264,93.7276,5,"[200.0, 200.0, 200.0, 200.0, 200.0, 200.0, 200.0, 200.0, 200.0, 200.0, 200.0, 200.0, 200.0, 200.0, 200.0, 200.0, 200.0, 200.0, 200.0, 200.0, 200.0, 200.0, 200.0, 200.0, 200.0, 200.0, 200.0, 200.0, 200.0, 200.0, 200.0, 200.0, 200.0, 200.0, 200.0, 200.0]",1,4800.35,108.731,51.5151,2.83737,-0.8,"[-1.0, -1.0, -1.0, -1.0, -1.0, -1.0, -1.0, -1.0, -1.0, -1.0, -1.0, -1.0, -1.0, -1.0, -1.0, -1.0, -1.0, -1.0, -1.0]",-1.55508,"[76.0309, 79.2829, 118.32, 118.187]",0.325284
1.0,0.441382,0.0,0.0,20.434,885.0,253.999,353.998,93.7271,5,"[200.0, 200.0, 200.0, 200.0, 200.0, 200.0, 200.0, 200.0, 200.0, 200.0, 200.0, 200.0, 200.0, 200.0, 200.0, 200.0, 200.0, 200.0, 200.0, 200.0, 200.0, 200.0, 200.0, 200.0, 200.0, 200.0, 200.0, 200.0, 200.0, 200.0, 200.0, 200.0, 200.0, 200.0, 200.0, 200.0]",1,4788.57,108.197,51.8479,2.83995,-0.8,"[-1.0, -1.0, -1.0, -1.0, -1.0, -1.0, -1.0, -1.0, -1.0, -1.0, -1.0, -1.0, -1.0, -1.0, -1.0, -1.0, -1.0, -1.0, -1.0]",-1.55437,"[75.6162, 78.88, 119.615, 116.508]",0.350136
1.0,0.444976,0.0,0.0,20.456,896.0,254.731,354.73,93.7266,5,"[200.0, 200.0, 200.0, 200.0, 200.0, 200.0, 200.0, 200.0, 200.0, 200.0, 200.0, 200.0, 200.0, 200.0, 200.0, 200.0, 200.0, 200.0, 200.0, 200.0, 200.0, 200.0, 200.0, 200.0, 200.0, 200.0, 200.0, 200.0, 200.0, 200.0, 200.0, 200.0, 200.0, 200.0, 200.0, 200.0]",1,4778.74,107.7,52.1759,2.80055,-0.8,"[-1.0, -1.0, -1.0, -1.0, -1.0, -1.0, -1.0, -1.0, -1.0, -1.0, -1.0, -1.0, -1.0, -1.0, -1.0, -1.0, -1.0, -1.0, -1.0]",-1.55358,"[75.0999, 78.5795, 117.87, 117.715]",0.329346
1.0,0.448867,0.0,0.0,20.478,907.0,255.462,355.461,93.7261,5,"[200.0, 200.0, 200.0, 200.0, 200.0, 200.0, 200.0, 200.0, 200.0, 200.0, 200.0, 200.0, 200.0, 200.0, 200.0, 200.0, 200.0, 200.0, 200.0, 200.0, 200.0, 200.0, 200.0, 200.0, 200.0, 200.0, 200.0, 200.0, 200.0, 200.0, 200.0, 200.0, 200.0, 200.0, 200.0, 200.0]",1,4777.16,107.163,52.5526,2.79435,-0.8,"[-1.0, -1.0, -1.0, -1.0, -1.0, -1.0, -1.0, -1.0, -1.0, -1.0, -1.0, -1.0, -1.0, -1.0, -1.0, -1.0, -1.0, -1.0, -1.0]",-1.55274,"[74.7285, 78.1423, 119.781, 116.001]",0.348641
1.0,0.452627,0.0,0.0,20.5,918.0,256.19,356.189,93.7256,5,"[200.0, 200.0, 200.0, 200.0, 200.0, 200.0, 200.0, 200.0, 200.0, 200.0, 200.0, 200.0, 200.0, 200.0, 200.0, 200.0, 200.0, 200.0, 200.0, 200.0, 200.0, 200.0, 200.0, 200.0, 200.0, 200.0, 200.0, 200.0, 200.0, 200.0, 200.0, 200.0, 200.0, 200.0, 200.0, 200.0]",1,4787.51,106.667,52.7908,2.74952,-0.8,"[-1.0, -1.0, -1.0, -1.0, -1.0, -1.0, -1.0, -1.0, -1.0, -1.0, -1.0, -1.0, -1.0, -1.0, -1.0, -1.0, -1.0, -1.0, -1.0]",-1.55193,"[74.2028, 77.7499, 117.57, 118.438]",0.324862
1.0,0.456109,0.0,0.0,20.522,929.0,256.916,356.915,93.7251,5,"[200.0, 200.0, 200.0, 200.0, 200.0, 200.0, 200.0, 200.0, 200.0, 200.0, 200.0, 200.0, 200.0, 200.0, 200.0, 200.0, 200.0, 200.0, 200.0, 200.0, 200.0, 200.0, 200.0, 200.0, 200.0, 200.0, 200.0, 200.0, 200.0, 200.0, 200.0, 200.0, 200.0, 200.0, 200.0, 200.0]",1,4694.14,106.316,52.8594,2.81849,-0.8,"[-1.0, -1.0, -1.0, -1.0, -1.0, -1.0, -1.0, -1.0, -1.0, -1.0, -1.0, -1.0, -1.0, -1.0, -1.0, -1.0, -1.0, -1.0, -1.0]",-1.55118,"[73.7716, 77.3743, 116.721, 115.105]",0.353138
1.0,0.459074,0.0,0.0,20.544,940.0,257.641,357.64,93.7246,5,"[200.0, 200.0, 200.0, 200.0, 200.0, 200.0, 200.0, 200.0, 200.0, 200.0, 200.0, 200.0, 200.0, 200.0, 200.0, 200.0, 200.0, 200.0, 200.0, 200.0, 200.0, 200.0, 200.0, 200.0, 200.0, 200.0, 200.0, 200.0, 200.0, 200.0, 200.0, 200.0, 200.0, 200.0, 200.0, 200.0]",1,4708.22,105.874,52.9949,2.74696,-0.8,"[-1.0, -1.0, -1.0, -1.0, -1.0, -1.0, -1.0, -1.0, -1.0, -1.0, -1.0, -1.0, -1.0, -1.0, -1.0, -1.0, -1.0, -1.0, -1.0]",-1.55055,"[73.4199, 76.8774, 116.218, 116.009]",0.324026
1.0,0.461609,0.0,0.0,20.566,948.0,258.363,358.362,93.7242,5,"[200.0, 200.0, 200.0, 200.0, 200.0, 200.0, 200.0, 200.0, 200.0, 200.0, 200.0, 200.0, 200.0, 200.0, 200.0, 200.0, 200.0, 200.0, 200.0, 200.0, 200.0, 200.0, 200.0, 200.0, 200.0, 200.0, 200.0, 200.0, 200.0, 200.0, 200.0, 200.0, 200.0, 200.0, 200.0, 200.0]",1,4625.37,105.558,52.9822,2.81631,-0.8,"[-1.0, -1.0, -1.0, -1.0, -1.0, -1.0, -1.0, -1.0, -1.0, -1.0, -1.0, -1.0, -1.0, -1.0, -1.0, -1.0, -1.0, -1.0, -1.0]",-1.55,"[73.01, 76.552, 114.957, 113.84]",0.352092
1.0,0.463891,0.0,0.0,20.588,959.0,259.084,359.083,93.7237,5,"[200.0, 200.0, 200.0, 200.0, 200.0, 200.0, 200.0, 200.0, 200.0, 200.0, 200.0, 200.0, 200.0, 200.0, 200.0, 200.0, 200.0, 200.0, 200.0, 200.0, 200.0, 200.0, 200.0, 200.0, 200.0, 200.0, 200.0, 200.0, 200.0, 200.0, 200.0, 200.0, 200.0, 200.0, 200.0, 200.0]",1,4681.2,105.107,53.1269,2.65315,-0.8,"[-1.0, -1.0, -1.0, -1.0, -1.0, -1.0, -1.0, -1.0, -1.0, -1.0, -1.0, -1.0, -1.0, -1.0, -1.0, -1.0, -1.0, -1.0, -1.0]",-1.54953,"[72.7606, 76.032, 116.14, 114.434]",0.329614
1.0,0.466205,0.0,0.0,20.61,970.0,259.802,359.802,93.7233,5,"[200.0, 200.0, 200.0, 200.0, 200.0, 200.0, 200.0, 200.0, 200.0, 200.0, 200.0, 200.0, 200.0, 200.0, 200.0, 200.0, 200.0, 200.0, 200.0, 200.0, 200.0, 200.0, 200.0, 200.0, 200.0, 200.0, 200.0, 200.0, 200.0, 200.0, 200.0, 200.0, 200.0, 200.0, 200.0, 200.0]",1,4629.95,104.705,53.2147,2.70339,-0.8,"[-1.0, -1.0, -1.0, -1.0, -1.0, -1.0, -1.0, -1.0, -1.0, -1.0, -1.0, -1.0, -1.0, -1.0, -1.0, -1.0, -1.0, -1.0, -1.0]",-1.54904,"[72.3419, 75.7047, 115.287, 114.763]",0.343203
1.0,0.468604,0.0,0.0,20.632,981.0,260.519,360.518,93.7228,5,"[200.0, 200.0, 200.0, 200.0, 200.0, 200.0, 200.0, 200.0, 200.0, 200.0, 200.0, 200.0, 200.0, 200.0, 200.0, 200.0, 200.0, 200.0, 200.0, 200.0, 200.0, 200.0, 200.0, 200.0, 200.0, 200.0, 200.0, 200.0, 200.0, 200.0, 200.0, 200.0, 200.0, 200.0, 200.0, 200.0]",1,4640.77,104.296,53.2462,2.65985,-0.8,"[-1.0, -1.0, -1.0, -1.0, -1.0, -1.0, -1.0, -1.0, -1.0, -1.0, -1.0, -1.0, -1.0, -1.0, -1.0, -1.0, -1.0, -1.0, -1.0]",-1.54855,"[72.0584, 75.2109, 115.005, 113.825]",0.340524
1.0,0.470722,0.0,0.0,20.654,990.0,261.234,361.233,93.7224,5,"[200.0, 200.0, 200.0, 200.0, 200.0, 200.0, 200.0, 200.0, 200.0, 200.0, 200.0, 200.0, 200.0, 200.0, 200.0, 200.0, 200.0, 200.0, 200.0, 200.0, 200.0, 200.0, 200.0, 200.0, 200.0, 200.0, 200.0, 200.0, 200.0, 200.0, 200.0, 200.0, 200.0, 200.0, 200.0, 200.0]",1,4616.06,103.918,53.2739,2.70339,-0.8,"[-1.0, -1.0, -1.0, -1.0, -1.0, -1.0, -1.0, -1.0, -1.0, -1.0, -1.0, -1.0, -1.0, -1.0, -1.0, -1.0, -1.0, -1.0, -1.0]",-1.54811,"[71.6707, 74.8951, 114.907, 114.064]",0.330358
1.0,0.472602,0.0,0.0,20.676,1001.0,261.946,361.945,93.722,5,"[200.0, 200.0, 200.0, 200.0, 200.0, 200.0, 200.0, 200.0, 200.0, 200.0, 200.0, 200.0, 200.0, 200.0, 200.0, 200.0, 200.0, 200.0, 200.0, 200.0, 200.0, 200.0, 200.0, 200.0, 200.0, 200.0, 200.0, 200.0, 200.0, 200.0, 200.0, 200.0, 200.0, 200.0, 200.0, 200.0]",1,4561.14,103.565,53.2046,2.76566,-0.8,"[-1.0, -1.0, -1.0, -1.0, -1.0, -1.0, -1.0, -1.0, -1.0, -1.0, -1.0, -1.0, -1.0, -1.0, -1.0, -1.0, -1.0, -1.0, -1.0]",-1.54769,"[71.322, 74.5073, 112.656, 112.166]",0.351005
1.0,0.474207,0.0,0.0,20.698,1012.0,262.657,362.656,93.7216,5,"[200.0, 200.0, 200.0, 200.0, 200.0, 200.0, 200.0, 200.0, 200.0, 200.0, 200.0, 200.0, 200.0, 200.0, 200.0, 200.0, 200.0, 200.0, 200.0, 200.0, 200.0, 200.0, 200.0, 200.0, 200.0, 200.0, 200.0, 200.0, 200.0, 200.0, 200.0, 200.0, 200.0, 200.0, 200.0, 200.0]",1,4597.32,103.154,53.2829,2.63104,-0.8,"[-1.0, -1.0, -1.0, -1.0, -1.0, -1.0, -1.0, -1.0, -1.0, -1.0, -1.0, -1.0, -1.0, -1.0, -1.0, -1.0, -1.0, -1.0, -1.0]",-1.54736,"[71.0211, 74.1723, 113.371, 113.085]",0.323819
1.0,0.475513,0.0,0.0,20.72,1023.0,263.365,363.364,93.7211,5,"[200.0, 200.0, 200.0, 200.0, 200.0, 200.0, 200.0, 200.0, 200.0, 200.0, 200.0, 200.0, 200.0, 200.0, 200.0, 200.0, 200.0, 200.0, 200.0, 200.0, 200.0, 200.0, 200.0, 200.0, 200.0, 200.0, 200.0, 200.0, 200.0, 200.0, 200.0, 200.0, 200.0, 200.0, 200.0, 200.0]",1,4494.73,102.819,53.0696,2.85583,-0.8,"[-1.0, -1.0, -1.0, -1.0, -1.0, -1.0, -1.0, -1.0, -1.0, -1.0, -1.0, -1.0, -1.0, -1.0, -1.0, -1.0, -1.0, -1.0, -1.0]",-1.54709,"[70.6336, 73.817, 110.96, 111.031]",0.351389
1.0,0.476912,0.0,0.0,20.742,1034.0,264.071,364.07,93.7207,5,"[200.0, 200.0, 200.0, 200.0, 200.0, 200.0, 200.0, 200.0, 200.0, 200.0, 200.0, 200.0, 200.0, 200.0, 200.0, 200.0, 200.0, 200.0, 200.0, 200.0, 200.0, 200.0, 200.0, 200.0, 200.0, 200.0, 200.0, 200.0, 200.0, 200.0, 200.0, 200.0, 200.0, 200.0, 200.0, 200.0]",1,4539.65,102.398,53.1593,2.71469,-0.8,"[-1.0, -1.0, -1.0, -1.0, -1.0, -1.0, -1.0, -1.0, -1.0, -1.0, -1.0, -1.0, -1.0, -1.0, -1.0, -1.0, -1.0, -1.0, -1.0]",-1.54679,"[70.3434, 73.5221, 111.974, 111.544]",0.331932
1.0,0.478024,0.0,0.0,20.764,1045.0,264.775,364.774,93.7203,5,"[200.0, 200.0, 200.0, 200.0, 200.0, 200.0, 200.0, 200.0, 200.0, 200.0, 200.0, 200.0, 200.0, 200.0, 200.0, 200.0, 200.0, 200.0, 200.0, 200.0, 200.0, 200.0, 200.0, 200.0, 200.0, 200.0, 200.0, 200.0, 200.0, 200.0, 200.0, 200.0, 200.0, 200.0, 200.0, 200.0]",1,4458.49,102.089,53.0228,2.82427,-0.8,"[-1.0, -1.0, -1.0, -1.0, -1.0, -1.0, -1.0, -1.0, -1.0, -1.0, -1.0, -1.0, -1.0, -1.0, -1.0, -1.0, -1.0, -1.0, -1.0]",-1.54655,"[70.0117, 73.2657, 110.853, 110.39]",0.350453
1.0,0.478236,0.0,0.0,20.786,1056.0,265.477,365.476,93.7199,5,"[200.0, 200.0, 200.0, 200.0, 200.0, 200.0, 200.0, 200.0, 200.0, 200.0, 200.0, 200.0, 200.0, 200.0, 200.0, 200.0, 200.0, 200.0, 200.0, 200.0, 200.0, 200.0, 200.0, 200.0, 200.0, 200.0, 200.0, 200.0, 200.0, 200.0, 200.0, 200.0, 200.0, 200.0, 200.0, 200.0]",1,4456.24,101.883,52.6641,2.76522,-0.8,"[-1.0, -1.0, -1.0, -1.0, -1.0, -1.0, -1.0, -1.0, -1.0, -1.0, -1.0, -1.0, -1.0, -1.0, -1.0, -1.0, -1.0, -1.0, -1.0]",-1.54652,"[69.8733, 72.8365, 109.962, 110.009]",0.3378
1.0,0.478282,0.0,0.0,20.808,1067.0,266.176,366.176,93.7195,5,"[200.0, 200.0, 200.0, 200.0, 200.0, 200.0, 200.0, 200.0, 200.0, 200.0, 200.0, 200.0, 200.0, 200.0, 200.0, 200.0, 200.0, 200.0, 200.0, 200.0, 200.0, 200.0, 200.0, 200.0, 200.0, 200.0, 200.0, 200.0, 200.0, 200.0, 200.0, 200.0, 200.0, 200.0, 200.0, 200.0]",1,4521.44,101.572,52.5241,2.63944,-0.8,"[-1.0, -1.0, -1.0, -1.0, -1.0, -1.0, -1.0, -1.0, -1.0, -1.0, -1.0, -1.0, -1.0, -1.0, -1.0, -1.0, -1.0, -1.0, -1.0]",-1.54652,"[69.6539, 72.6073, 113.012, 110.237]",0.336456
1.0,0.478377,0.0,0.0,20.83,1078.0,266.874,366.873,93.719,5,"[200.0, 200.0, 200.0, 200.0, 200.0, 200.0, 200.0, 200.0, 200.0, 200.0, 200.0, 200.0, 200.0, 200.0, 200.0, 200.0, 200.0, 200.0, 200.0, 200.0, 200.0, 200.0, 200.0, 200.0, 200.0, 200.0, 200.0, 200.0, 200.0, 200.0, 200.0, 200.0, 200.0, 200.0, 200.0, 200.0]",1,4490.36,101.283,52.3542,2.64567,-0.8,"[-1.0, -1.0, -1.0, -1.0, -1.0, -1.0, -1.0, -1.0, -1.0, -1.0, -1.0, -1.0, -1.0, -1.0, -1.0, -1.0, -1.0, -1.0, -1.0]",-1.54649,"[69.4497, 72.3293, 110.924, 110.375]",0.35468
1.0,0.478735,0.0,0.0,20.852,1089.0,267.57,367.569,93.7186,5,"[200.0, 200.0, 200.0, 200.0, 200.0, 200.0, 200.0, 200.0, 200.0, 200.0, 200.0, 200.0, 200.0, 200.0, 200.0, 200.0, 200.0, 200.0, 200.0, 200.0, 200.0, 200.0, 200.0, 200.0, 200.0, 200.0, 200.0, 200.0, 200.0, 200.0, 200.0, 200.0, 200.0, 200.0, 200.0, 200.0]",1,4550.65,100.916,52.4308,2.41844,-0.8,"[-1.0, -1.0, -1.0, -1.0, -1.0, -1.0, -1.0, -1.0, -1.0, -1.0, -1.0, -1.0, -1.0, -1.0, -1.0, -1.0, -1.0, -1.0, -1.0]",-1.54641,"[69.2579, 72.103, 112.683, 111.857]",0.328297
1.0,0.479274,0.0,0.0,20.874,1100.0,268.264,368.263,93.7182,5,"[200.0, 200.0, 200.0, 200.0, 200.0, 200.0, 200.0, 200.0, 200.0, 200.0, 200.0, 200.0, 200.0, 200.0, 200.0, 200.0, 200.0, 200.0, 200.0, 200.0, 200.0, 200.0, 200.0, 200.0, 200.0, 200.0, 200.0, 200.0, 200.0, 200.0, 200.0, 200.0, 200.0, 200.0, 200.0, 200.0]",1,4477.65,100.608,52.289,2.50321,-0.8,"[-1.0, -1.0, -1.0, -1.0, -1.0, -1.0, -1.0, -1.0, -1.0, -1.0, -1.0, -1.0, -1.0, -1.0, -1.0, -1.0, -1.0, -1.0, -1.0]",-1.5463,"[68.9433, 71.8997, 110.99, 110.622]",0.35112
1.0,0.480505,0.0,0.0,20.896,1111.0,268.955,368.954,93.7178,5,"[200.0, 200.0, 200.0, 200.0, 200.0, 200.0, 200.0, 200.0, 200.0, 200.0, 200.0, 200.0, 200.0, 200.0, 200.0, 200.0, 200.0, 200.0, 200.0, 200.0, 200.0, 200.0, 200.0, 200.0, 200.0, 200.0, 200.0, 200.0, 200.0, 200.0, 200.0, 200.0, 200.0, 200.0, 200.0, 200.0]",1,4512.85,100.093,52.3869,2.43807,-0.8,"[-1.0, -1.0, -1.0, -1.0, -1.0, -1.0, -1.0, -1.0, -1.0, -1.0, -1.0, -1.0, -1.0, -1.0, -1.0, -1.0, -1.0, -1.0, -1.0]",-1.54607,"[68.6789, 71.5455, 111.644, 110.877]",0.342088
1.0,0.482391,0.0,0.0,20.918,1122.0,269.645,369.644,93.7174,5,"[200.0, 200.0, 200.0, 200.0, 200.0, 200.0, 200.0, 200.0, 200.0, 200.0, 200.0, 200.0, 200.0, 200.0, 200.0, 200.0, 200.0, 200.0, 200.0, 200.0, 200.0, 200.0, 200.0, 200.0, 200.0, 200.0, 200.0, 200.0, 200.0, 200.0, 200.0, 200.0, 200.0, 200.0, 200.0, 200.0]",1,4508.76,99.6044,52.5646,2.42125,-0.8,"[-1.0, -1.0, -1.0, -1.0, -1.0, -1.0, -1.0, -1.0, -1.0, -1.0, -1.0, -1.0, -1.0, -1.0, -1.0, -1.0, -1.0, -1.0, -1.0]",-1.54566,"[68.2931, 71.3285, 112.314, 110.407]",0.331648
1.0,0.484651,0.0,0.0,20.94,1133.0,270.332,370.331,93.7169,5,"[200.0, 200.0, 200.0, 200.0, 200.0, 200.0, 200.0, 200.0, 200.0, 200.0, 200.0, 200.0, 200.0, 200.0, 200.0, 200.0, 200.0, 200.0, 200.0, 200.0, 200.0, 200.0, 200.0, 200.0, 200.0, 200.0, 200.0, 200.0, 200.0, 200.0, 200.0, 200.0, 200.0, 200.0, 200.0, 200.0]",1,4461.83,99.1418,52.6362,2.4783,-0.8,"[-1.0, -1.0, -1.0, -1.0, -1.0, -1.0, -1.0, -1.0, -1.0, -1.0, -1.0, -1.0, -1.0, -1.0, -1.0, -1.0, -1.0, -1.0, -1.0]",-1.54519,"[67.8704, 71.039, 109.945, 110.537]",0.354916
1.0,0.487319,0.0,0.0,20.962,1144.0,271.016,371.015,93.7165,5,"[200.0, 200.0, 200.0, 200.0, 200.0, 200.0, 200.0, 200.0, 200.0, 200.0, 200.0, 200.0, 200.0, 200.0, 200.0, 200.0, 200.0, 200.0, 200.0, 200.0, 200.0, 200.0, 200.0, 200.0, 200.0, 200.0, 200.0, 200.0, 200.0, 200.0, 200.0, 200.0, 200.0, 200.0, 200.0, 200.0]",1,4445.06,98.6158,52.878,2.4035,-0.8,"[-1.0, -1.0, -1.0, -1.0, -1.0, -1.0, -1.0, -1.0, -1.0, -1.0, -1.0, -1.0, -1.0, -1.0, -1.0, -1.0, -1.0, -1.0, -1.0]",-1.54464,"[67.5276, 70.6758, 110.823, 108.641]",0.332632
1.0,0.490176,0.0,0.0,20.984,1155.0,271.699,371.698,93.7161,5,"[200.0, 200.0, 200.0, 200.0, 200.0, 200.0, 200.0, 200.0, 200.0, 200.0, 200.0, 200.0, 200.0, 200.0, 200.0, 200.0, 200.0, 200.0, 200.0, 200.0, 200.0, 200.0, 200.0, 200.0, 200.0, 200.0, 200.0, 200.0, 200.0, 200.0, 200.0, 200.0, 200.0, 200.0, 200.0, 200.0]",1,4465.93,98.1686,53.0287,2.31044,-0.8,"[-1.0, -1.0, -1.0, -1.0, -1.0, -1.0, -1.0, -1.0, -1.0, -1.0, -1.0, -1.0, -1.0, -1.0, -1.0, -1.0, -1.0, -1.0, -1.0]",-1.54406,"[67.0841, 70.4376, 110.832, 110.112]",0.339687
1.0,0.492945,0.0,0.0,21.006,1166.0,272.38,372.379,93.7157,5,"[200.0, 200.0, 200.0, 200.0, 200.0, 200.0, 200.0, 200.0, 200.0, 200.0, 200.0, 200.0, 200.0, 200.0, 200.0, 200.0, 200.0, 200.0, 200.0, 200.0, 200.0, 200.0, 200.0, 200.0, 200.0, 200.0, 200.0, 200.0, 200.0, 200.0, 200.0, 200.0, 200.0, 200.0, 200.0, 200.0]",1,4430.71,97.7684,53.0322,2.33445,-0.8,"[-1.0, -1.0, -1.0, -1.0, -1.0, -1.0, -1.0, -1.0, -1.0, -1.0, -1.0, -1.0, -1.0, -1.0, -1.0, -1.0, -1.0, -1.0, -1.0]",-1.54349,"[66.7157, 70.0232, 108.878, 110.168]",0.350536
1.0,0.495398,0.0,0.0,21.028,1177.0,273.059,373.058,93.7153,5,"[200.0, 200.0, 200.0, 200.0, 200.0, 200.0, 200.0, 200.0, 200.0, 200.0, 200.0, 200.0, 200.0, 200.0, 200.0, 200.0, 200.0, 200.0, 200.0, 200.0, 200.0, 200.0, 200.0, 200.0, 200.0, 200.0, 200.0, 200.0, 200.0, 200.0, 200.0, 200.0, 200.0, 200.0, 200.0, 200.0]",1,4411.64,97.3919,53.1702,2.1901,-0.8,"[-1.0, -1.0, -1.0, -1.0, -1.0, -1.0, -1.0, -1.0, -1.0, -1.0, -1.0, -1.0, -1.0, -1.0, -1.0, -1.0, -1.0, -1.0, -1.0]",-1.54297,"[66.4521, 69.685, 109.967, 107.464]",0.328187
1.0,0.497915,0.0,0.0,21.05,1188.0,273.735,373.734,93.7149,5,"[200.0, 200.0, 200.0, 200.0, 200.0, 200.0, 200.0, 200.0, 200.0, 200.0, 200.0, 200.0, 200.0, 200.0, 200.0, 200.0, 200.0, 200.0, 200.0, 200.0, 200.0, 200.0, 200.0, 200.0, 200.0, 200.0, 200.0, 200.0, 200.0, 200.0, 200.0, 200.0, 200.0, 200.0, 200.0, 200.0]",1,4379.13,96.9081,53.2082,2.3194,-0.8,"[-1.0, -1.0, -1.0, -1.0, -1.0, -1.0, -1.0, -1.0, -1.0, -1.0, -1.0, -1.0, -1.0, -1.0, -1.0, -1.0, -1.0, -1.0, -1.0]",-1.54249,"[65.973, 69.3112, 108.299, 108.566]",0.342477
1.0,0.500713,0.0,0.0,21.072,1199.0,274.41,374.409,93.7144,5,"[200.0, 200.0, 200.0, 200.0, 200.0, 200.0, 200.0, 200.0, 200.0, 200.0, 200.0, 200.0, 200.0, 200.0, 200.0, 200.0, 200.0, 200.0, 200.0, 200.0, 200.0, 200.0, 200.0, 200.0, 200.0, 200.0, 200.0, 200.0, 200.0, 200.0, 200.0, 200.0, 200.0, 200.0, 200.0, 200.0]",1,4346.81,96.3823,53.3715,2.36189,-0.8,"[-1.0, -1.0, -1.0, -1.0, -1.0, -1.0, -1.0, -1.0, -1.0, -1.0, -1.0, -1.0, -1.0, -1.0, -1.0, -1.0, -1.0, -1.0, -1.0]",-1.54192,"[65.6308, 68.8611, 108.543, 106.701]",0.344257
1.0,0.503548,0.0,0.0,21.094,1210.0,275.082,375.081,93.714,5,"[200.0, 200.0, 200.0, 200.0, 200.0, 200.0, 200.0, 200.0, 200.0, 200.0, 200.0, 200.0, 200.0, 200.0, 200.0, 200.0, 200.0, 200.0, 200.0, 200.0, 200.0, 200.0, 200.0, 200.0, 200.0, 200.0, 200.0, 200.0, 200.0, 200.0, 200.0, 200.0, 200.0, 200.0, 200.0, 200.0]",1,4317.5,95.9953,53.4102,2.31501,-0.8,"[-1.0, -1.0, -1.0, -1.0, -1.0, -1.0, -1.0, -1.0, -1.0, -1.0, -1.0, -1.0, -1.0, -1.0, -1.0, -1.0, -1.0, -1.0, -1.0]",-1.54133,"[65.3088, 68.5121, 108.08, 104.554]",0.327643
1.0,0.505734,0.0,0.0,21.116,1219.0,275.752,375.751,93.7136,5,"[200.0, 200.0, 200.0, 200.0, 200.0, 200.0, 200.0, 200.0, 200.0, 200.0, 200.0, 200.0, 200.0, 200.0, 200.0, 200.0, 200.0, 200.0, 200.0, 200.0, 200.0, 200.0, 200.0, 200.0, 200.0, 200.0, 200.0, 200.0, 200.0, 200.0, 200.0, 200.0, 200.0, 200.0, 200.0, 200.0]",1,4250.53,95.6299,53.2995,2.39619,-0.8,"[-1.0, -1.0, -1.0, -1.0, -1.0, -1.0, -1.0, -1.0, -1.0, -1.0, -1.0, -1.0, -1.0, -1.0, -1.0, -1.0, -1.0, -1.0, -1.0]",-1.5409,"[64.9215, 68.1496, 106.048, 104.436]",0.348499
1.0,0.507211,0.0,0.0,21.138,1230.0,276.42,376.419,93.7132,5,"[200.0, 200.0, 200.0, 200.0, 200.0, 200.0, 200.0, 200.0, 200.0, 200.0, 200.0, 200.0, 200.0, 200.0, 200.0, 200.0, 200.0, 200.0, 200.0, 200.0, 200.0, 200.0, 200.0, 200.0, 200.0, 200.0, 200.0, 200.0, 200.0, 200.0, 200.0, 200.0, 200.0, 200.0, 200.0, 200.0]",1,4222.52,95.343,53.1584,2.33186,-0.8,"[-1.0, -1.0, -1.0, -1.0, -1.0, -1.0, -1.0, -1.0, -1.0, -1.0, -1.0, -1.0, -1.0, -1.0, -1.0, -1.0, -1.0, -1.0, -1.0]",-1.54059,"[64.7102, 67.7457, 105.517, 102.825]",0.33577
1.0,0.508299,0.0,0.0,21.16,1241.0,277.086,377.085,93.7128,5,"[200.0, 200.0, 200.0, 200.0, 200.0, 200.0, 200.0, 200.0, 200.0, 200.0, 200.0, 200.0, 200.0, 200.0, 200.0, 200.0, 200.0, 200.0, 200.0, 200.0, 200.0, 200.0, 200.0, 200.0, 200.0, 200.0, 200.0, 200.0, 200.0, 200.0, 200.0, 200.0, 200.0, 200.0, 200.0, 200.0]",1,4236.36,94.9777,53.0774,2.31349,-0.8,"[-1.0, -1.0, -1.0, -1.0, -1.0, -1.0, -1.0, -1.0, -1.0, -1.0, -1.0, -1.0, -1.0, -1.0, -1.0, -1.0, -1.0, -1.0, -1.0]",-1.54037,"[64.4026, 67.4559, 106.204, 103.229]",0.334859
1.0,0.508929,0.0,0.0,21.182,1252.0,277.749,377.749,93.7123,5,"[200.0, 200.0, 200.0, 200.0, 200.0, 200.0, 200.0, 200.0, 200.0, 200.0, 200.0, 200.0, 200.0, 200.0, 200.0, 200.0, 200.0, 200.0, 200.0, 200.0, 200.0, 200.0, 200.0, 200.0, 200.0, 200.0, 200.0, 200.0, 200.0, 200.0, 200.0, 200.0, 200.0, 200.0, 200.0, 200.0]",1,4240.78,94.6899,52.8331,2.26449,-0.8,"[-1.0, -1.0, -1.0, -1.0, -1.0, -1.0, -1.0, -1.0, -1.0, -1.0, -1.0, -1.0, -1.0, -1.0, -1.0, -1.0, -1.0, -1.0, -1.0]",-1.54026,"[64.0812, 67.168, 103.892, 105.041]",0.349875
1.0,0.509803,0.0,0.0,21.204,1263.0,278.411,378.41,93.7119,5,"[200.0, 200.0, 200.0, 200.0, 200.0, 200.0, 200.0, 200.0, 200.0, 200.0, 200.0, 200.0, 200.0, 200.0, 200.0, 200.0, 200.0, 200.0, 200.0, 200.0, 200.0, 200.0, 200.0, 200.0, 200.0, 200.0, 200.0, 200.0, 200.0, 200.0, 200.0, 200.0, 200.0, 200.0, 200.0, 200.0]",1,4240.46,94.2592,52.8422,2.23303,-0.8,"[-1.0, -1.0, -1.0, -1.0, -1.0, -1.0, -1.0, -1.0, -1.0, -1.0, -1.0, -1.0, -1.0, -1.0, -1.0, -1.0, -1.0, -1.0, -1.0]",-1.54009,"[63.8371, 66.8061, 106.315, 102.917]",0.338322
1.0,0.511459,0.0,0.0,21.226,1274.0,279.07,379.069,93.7115,5,"[200.0, 200.0, 200.0, 200.0, 200.0, 200.0, 200.0, 200.0, 200.0, 200.0, 200.0, 200.0, 200.0, 200.0, 200.0, 200.0, 200.0, 200.0, 200.0, 200.0, 200.0, 200.0, 200.0, 200.0, 200.0, 200.0, 200.0, 200.0, 200.0, 200.0, 200.0, 200.0, 200.0, 200.0, 200.0, 200.0]",1,4294.86,93.7708,53.0316,2.09616,-0.8,"[-1.0, -1.0, -1.0, -1.0, -1.0, -1.0, -1.0, -1.0, -1.0, -1.0, -1.0, -1.0, -1.0, -1.0, -1.0, -1.0, -1.0, -1.0, -1.0]",-1.53974,"[63.5644, 66.5297, 107.816, 104.416]",0.334692
1.0,0.513552,0.0,0.0,21.248,1285.0,279.727,379.726,93.7111,5,"[200.0, 200.0, 200.0, 200.0, 200.0, 200.0, 200.0, 200.0, 200.0, 200.0, 200.0, 200.0, 200.0, 200.0, 200.0, 200.0, 200.0, 200.0, 200.0, 200.0, 200.0, 200.0, 200.0, 200.0, 200.0, 200.0, 200.0, 200.0, 200.0, 200.0, 200.0, 200.0, 200.0, 200.0, 200.0, 200.0]",1,4319.8,93.3073,53.0903,2.04431,-0.8,"[-1.0, -1.0, -1.0, -1.0, -1.0, -1.0, -1.0, -1.0, -1.0, -1.0, -1.0, -1.0, -1.0, -1.0, -1.0, -1.0, -1.0, -1.0, -1.0]",-1.53934,"[63.0887, 66.2657, 105.686, 107.122]",0.347915
1.0,0.5168,0.0,0.0,21.27,1296.0,280.382,380.381,93.7107,5,"[200.0, 200.0, 200.0, 200.0, 200.0, 200.0, 200.0, 200.0, 200.0, 200.0, 200.0, 200.0, 200.0, 200.0, 200.0, 200.0, 200.0, 200.0, 200.0, 200.0, 200.0, 200.0, 200.0, 200.0, 200.0, 200.0, 200.0, 200.0, 200.0, 200.0, 200.0, 200.0, 200.0, 200.0, 200.0, 200.0]",1,4266.15,92.6673,53.3909,2.09837,-0.8,"[-1.0, -1.0, -1.0, -1.0, -1.0, -1.0, -1.0, -1.0, -1.0, -1.0, -1.0, -1.0, -1.0, -1.0, -1.0, -1.0, -1.0, -1.0, -1.0]",-1.5387,"[62.7163, 65.7976, 106.896, 104.211]",0.340801
1.0,0.520984,0.0,0.0,21.292,1307.0,281.034,381.033,93.7102,5,"[200.0, 200.0, 200.0, 200.0, 200.0, 200.0, 200.0, 200.0, 200.0, 200.0, 200.0, 200.0, 200.0, 200.0, 200.0, 200.0, 200.0, 200.0, 200.0, 200.0, 200.0, 200.0, 200.0, 200.0, 200.0, 200.0, 200.0, 200.0, 200.0, 200.0, 200.0, 200.0, 200.0, 200.0, 200.0, 200.0]",1,4354.93,91.9498,53.9792,1.86796,-0.8,"[-1.0, -1.0, -1.0, -1.0, -1.0, -1.0, -1.0, -1.0, -1.0, -1.0, -1.0, -1.0, -1.0, -1.0, -1.0, -1.0, -1.0, -1.0, -1.0]",-1.53785,"[62.2686, 65.5008, 109.27, 105.178]",0.334113
1.0,0.526376,0.0,0.0,21.314,1318.0,281.684,381.684,93.7098,5,"[200.0, 200.0, 200.0, 200.0, 200.0, 200.0, 200.0, 200.0, 200.0, 200.0, 200.0, 200.0, 200.0, 200.0, 200.0, 200.0, 200.0, 200.0, 200.0, 200.0, 200.0, 200.0, 200.0, 200.0, 200.0, 200.0, 200.0, 200.0, 200.0, 200.0, 200.0, 200.0, 200.0, 200.0, 200.0, 200.0]",1,4318.35,91.2844,54.3544,1.93396,-0.8,"[-1.0, -1.0, -1.0, -1.0, -1.0, -1.0, -1.0, -1.0, -1.0, -1.0, -1.0, -1.0, -1.0, -1.0, -1.0, -1.0, -1.0, -1.0, -1.0]",-1.53681,"[61.5111, 65.1377, 106.762, 106.409]",0.342486
1.0,0.532604,0.0,0.0,21.336,1329.0,282.332,382.331,93.7094,5,"[200.0, 200.0, 200.0, 200.0, 200.0, 200.0, 200.0, 200.0, 200.0, 200.0, 200.0, 200.0, 200.0, 200.0, 200.0, 200.0, 200.0, 200.0, 200.0, 200.0, 200.0, 200.0, 200.0, 200.0, 200.0, 200.0, 200.0, 200.0, 200.0, 200.0, 200.0, 200.0, 200.0, 200.0, 200.0, 200.0]",1,4262.6,90.5467,54.8276,2.01928,-0.8,"[-1.0, -1.0, -1.0, -1.0, -1.0, -1.0, -1.0, -1.0, -1.0, -1.0, -1.0, -1.0, -1.0, -1.0, -1.0, -1.0, -1.0, -1.0, -1.0]",-1.53561,"[60.9273, 64.5658, 106.954, 104.656]",0.341583
1.0,0.538795,0.0,0.0,21.358,1339.0,282.978,382.977,93.709,5,"[200.0, 200.0, 200.0, 200.0, 200.0, 200.0, 200.0, 200.0, 200.0, 200.0, 200.0, 200.0, 200.0, 200.0, 200.0, 200.0, 200.0, 200.0, 200.0, 200.0, 200.0, 200.0, 200.0, 200.0, 200.0, 200.0, 200.0, 200.0, 200.0, 200.0, 200.0, 200.0, 200.0, 200.0, 200.0, 200.0]",1,4172.4,89.9399,55.2094,2.00729,-0.8,"[-1.0, -1.0, -1.0, -1.0, -1.0, -1.0, -1.0, -1.0, -1.0, -1.0, -1.0, -1.0, -1.0, -1.0, -1.0, -1.0, -1.0, -1.0, -1.0]",-1.53438,"[60.3366, 64.1299, 103.431, 102.526]",0.338373
1.0,0.544346,0.0,0.0,21.38,1343.0,283.622,383.621,93.7086,5,"[200.0, 200.0, 200.0, 200.0, 200.0, 200.0, 200.0, 200.0, 200.0, 200.0, 200.0, 200.0, 200.0, 200.0, 200.0, 200.0, 200.0, 200.0, 200.0, 200.0, 200.0, 200.0, 200.0, 200.0, 200.0, 200.0, 200.0, 200.0, 200.0, 200.0, 200.0, 200.0, 200.0, 200.0, 200.0, 200.0]",1,4193.56,89.436,55.3446,1.94276,-0.8,"[-1.0, -1.0, -1.0, -1.0, -1.0, -1.0, -1.0, -1.0, -1.0, -1.0, -1.0, -1.0, -1.0, -1.0, -1.0, -1.0, -1.0, -1.0, -1.0]",-1.53333,"[59.7867, 63.6687, 103.23, 103.202]",0.339727
1.0,0.550338,0.0,0.0,21.402,1349.0,284.263,384.262,93.7082,5,"[200.0, 200.0, 200.0, 200.0, 200.0, 200.0, 200.0, 200.0, 200.0, 200.0, 200.0, 200.0, 200.0, 200.0, 200.0, 200.0, 200.0, 200.0, 200.0, 200.0, 200.0, 200.0, 200.0, 200.0, 200.0, 200.0, 200.0, 200.0, 200.0, 200.0, 200.0, 200.0, 200.0, 200.0, 200.0, 200.0]",1,4165.6,88.6462,55.75,2.05212,-0.8,"[-1.0, -1.0, -1.0, -1.0, -1.0, -1.0, -1.0, -1.0, -1.0, -1.0, -1.0, -1.0, -1.0, -1.0, -1.0, -1.0, -1.0, -1.0, -1.0]",-1.53225,"[59.0655, 63.0341, 104.025, 102.345]",0.338535
1.0,0.556185,0.0,0.0,21.424,1354.0,284.902,384.901,93.7079,5,"[200.0, 200.0, 200.0, 200.0, 200.0, 200.0, 200.0, 200.0, 200.0, 200.0, 200.0, 200.0, 200.0, 200.0, 200.0, 200.0, 200.0, 200.0, 200.0, 200.0, 200.0, 200.0, 200.0, 200.0, 200.0, 200.0, 200.0, 200.0, 200.0, 200.0, 200.0, 200.0, 200.0, 200.0, 200.0, 200.0]",1,4056.67,88.0448,56.1472,2.03483,-0.8,"[-1.0, -1.0, -1.0, -1.0, -1.0, -1.0, -1.0, -1.0, -1.0, -1.0, -1.0, -1.0, -1.0, -1.0, -1.0, -1.0, -1.0, -1.0, -1.0]",-1.53107,"[58.6559, 62.5611, 101.815, 99.2951]",0.34124
1.0,0.561767,0.0,0.0,21.446,1358.0,285.539,385.538,93.7075,5,"[200.0, 200.0, 200.0, 200.0, 200.0, 200.0, 200.0, 200.0, 200.0, 200.0, 200.0, 200.0, 200.0, 200.0, 200.0, 200.0, 200.0, 200.0, 200.0, 200.0, 200.0, 200.0, 200.0, 200.0, 200.0, 200.0, 200.0, 200.0, 200.0, 200.0, 200.0, 200.0, 200.0, 200.0, 200.0, 200.0]",1,4077.96,87.4882,56.4111,1.9103,-0.8,"[-1.0, -1.0, -1.0, -1.0, -1.0, -1.0, -1.0, -1.0, -1.0, -1.0, -1.0, -1.0, -1.0, -1.0, -1.0, -1.0, -1.0, -1.0, -1.0]",-1.53,"[58.1658, 62.1014, 100.196, 100.53]",0.345095
1.0,0.567126,0.0,0.0,21.468,1361.0,286.174,386.173,93.7072,5,"[200.0, 200.0, 200.0, 200.0, 200.0, 200.0, 200.0, 200.0, 200.0, 200.0, 200.0, 200.0, 200.0, 200.0, 200.0, 200.0, 200.0, 200.0, 200.0, 200.0, 200.0, 200.0, 200.0, 200.0, 200.0, 200.0, 200.0, 200.0, 200.0, 200.0, 200.0, 200.0, 200.0, 200.0, 200.0, 200.0]",1,4071.01,86.9921,56.4628,1.87354,-0.8,"[-1.0, -1.0, -1.0, -1.0, -1.0, -1.0, -1.0, -1.0, -1.0, -1.0, -1.0, -1.0, -1.0, -1.0, -1.0, -1.0, -1.0, -1.0, -1.0]",-1.52905,"[57.5431, 61.5759, 100.552, 100.388]",0.336233
1.0,0.571315,0.0,0.0,21.49,1366.0,286.806,386.805,93.7068,5,"[200.0, 200.0, 200.0, 200.0, 200.0, 200.0, 200.0, 200.0, 200.0, 200.0, 200.0, 200.0, 200.0, 200.0, 200.0, 200.0, 200.0, 200.0, 200.0, 200.0, 200.0, 200.0, 200.0, 200.0, 200.0, 200.0, 200.0, 200.0, 200.0, 200.0, 200.0, 200.0, 200.0, 200.0, 200.0, 200.0]",1,4013.05,86.5574,56.4796,1.87136,-0.8,"[-1.0, -1.0, -1.0, -1.0, -1.0, -1.0, -1.0, -1.0, -1.0, -1.0, -1.0, -1.0, -1.0, -1.0, -1.0, -1.0, -1.0, -1.0, -1.0]",-1.52832,"[57.2147, 60.8915, 101.27, 97.1467]",0.342023
1.0,0.574418,0.0,0.0,21.512,1371.0,287.437,387.436,93.7065,5,"[200.0, 200.0, 200.0, 200.0, 200.0, 200.0, 200.0, 200.0, 200.0, 200.0, 200.0, 200.0, 200.0, 200.0, 200.0, 200.0, 200.0, 200.0, 200.0, 200.0, 200.0, 200.0, 200.0, 200.0, 200.0, 200.0, 200.0, 200.0, 200.0, 200.0, 200.0, 200.0, 200.0, 200.0, 200.0, 200.0]",1,3972.66,86.2204,56.4288,1.76679,-0.8,"[-1.0, -1.0, -1.0, -1.0, -1.0, -1.0, -1.0, -1.0, -1.0, -1.0, -1.0, -1.0, -1.0, -1.0, -1.0, -1.0, -1.0, -1.0, -1.0]",-1.5277,"[56.8695, 60.4498, 97.7825, 97.786]",0.350753
1.0,0.577273,0.0,0.0,21.534,1377.0,288.065,388.065,93.7062,5,"[200.0, 200.0, 200.0, 200.0, 200.0, 200.0, 200.0, 200.0, 200.0, 200.0, 200.0, 200.0, 200.0, 200.0, 200.0, 200.0, 200.0, 200.0, 200.0, 200.0, 200.0, 200.0, 200.0, 200.0, 200.0, 200.0, 200.0, 200.0, 200.0, 200.0, 200.0, 200.0, 200.0, 200.0, 200.0, 200.0]",1,4002.55,85.7907,56.5299,1.6108,-0.8,"[-1.0, -1.0, -1.0, -1.0, -1.0, -1.0, -1.0, -1.0, -1.0, -1.0, -1.0, -1.0, -1.0, -1.0, -1.0, -1.0, -1.0, -1.0, -1.0]",-1.52715,"[56.4829, 60.1325, 98.7366, 98.7766]",0.342892
1.0,0.580027,0.0,0.0,21.556,1383.0,288.692,388.691,93.7058,5,"[200.0, 200.0, 200.0, 200.0, 200.0, 200.0, 200.0, 200.0, 200.0, 200.0, 200.0, 200.0, 200.0, 200.0, 200.0, 200.0, 200.0, 200.0, 200.0, 200.0, 200.0, 200.0, 200.0, 200.0, 200.0, 200.0, 200.0, 200.0, 200.0, 200.0, 200.0, 200.0, 200.0, 200.0, 200.0, 200.0]",1,3966.11,85.3365,56.3193,1.75284,-0.8,"[-1.0, -1.0, -1.0, -1.0, -1.0, -1.0, -1.0, -1.0, -1.0, -1.0, -1.0, -1.0, -1.0, -1.0, -1.0, -1.0, -1.0, -1.0, -1.0]",-1.52672,"[55.9633, 59.4952, 99.5244, 96.5132]",0.333959
1.0,0.582899,0.0,0.0,21.578,1391.0,289.315,389.314,93.7055,5,"[200.0, 200.0, 200.0, 200.0, 200.0, 200.0, 200.0, 200.0, 200.0, 200.0, 200.0, 200.0, 200.0, 200.0, 200.0, 200.0, 200.0, 200.0, 200.0, 200.0, 200.0, 200.0, 200.0, 200.0, 200.0, 200.0, 200.0, 200.0, 200.0, 200.0, 200.0, 200.0, 200.0, 200.0, 200.0, 200.0]",1,3921.01,84.7286,56.5035,1.74468,-0.8,"[-1.0, -1.0, -1.0, -1.0, -1.0, -1.0, -1.0, -1.0, -1.0, -1.0, -1.0, -1.0, -1.0, -1.0, -1.0, -1.0, -1.0, -1.0, -1.0]",-1.52618,"[55.6167, 58.9427, 98.2157, 96.1128]",0.342521
1.0,0.58605,0.0,0.0,21.6,1399.0,289.936,389.935,93.7052,5,"[200.0, 200.0, 200.0, 200.0, 200.0, 200.0, 200.0, 200.0, 200.0, 200.0, 200.0, 200.0, 200.0, 200.0, 200.0, 200.0, 200.0, 200.0, 200.0, 200.0, 200.0, 200.0, 200.0, 200.0, 200.0, 200.0, 200.0, 200.0, 200.0, 200.0, 200.0, 200.0, 200.0, 200.0, 200.0, 200.0]",1,3986.16,84.1425,56.691,1.55501,-0.8,"[-1.0, -1.0, -1.0, -1.0, -1.0, -1.0, -1.0, -1.0, -1.0, -1.0, -1.0, -1.0, -1.0, -1.0, -1.0, -1.0, -1.0, -1.0, -1.0]",-1.52559,"[55.2309, 58.5102, 98.0196, 98.0507]",0.351885
1.0,0.590611,0.0,0.0,21.622,1410.0,290.555,390.554,93.7048,5,"[200.0, 200.0, 200.0, 200.0, 200.0, 200.0, 200.0, 200.0, 200.0, 200.0, 200.0, 200.0, 200.0, 200.0, 200.0, 200.0, 200.0, 200.0, 200.0, 200.0, 200.0, 200.0, 200.0, 200.0, 200.0, 200.0, 200.0, 200.0, 200.0, 200.0, 200.0, 200.0, 200.0, 200.0, 200.0, 200.0]",1,4005.85,83.4375,57.0121,1.50716,-0.8,"[-1.0, -1.0, -1.0, -1.0, -1.0, -1.0, -1.0, -1.0, -1.0, -1.0, -1.0, -1.0, -1.0, -1.0, -1.0, -1.0, -1.0, -1.0, -1.0]",-1.52478,"[54.7195, 58.0793, 99.9027, 98.0336]",0.342609
1.0,0.596489,0.0,0.0,21.644,1416.0,291.17,391.17,93.7045,5,"[200.0, 200.0, 200.0, 200.0, 200.0, 200.0, 200.0, 200.0, 200.0, 200.0, 200.0, 200.0, 200.0, 200.0, 200.0, 200.0, 200.0, 200.0, 200.0, 200.0, 200.0, 200.0, 200.0, 200.0, 200.0, 200.0, 200.0, 200.0, 200.0, 200.0, 200.0, 200.0, 200.0, 200.0, 200.0, 200.0]",1,4012.85,82.6767,57.1717,1.63825,-0.8,"[-1.0, -1.0, -1.0, -1.0, -1.0, -1.0, -1.0, -1.0, -1.0, -1.0, -1.0, -1.0, -1.0, -1.0, -1.0, -1.0, -1.0, -1.0, -1.0]",-1.52379,"[53.8236, 57.5448, 101.007, 96.8498]",0.329601
1.0,0.60341,0.0,0.0,21.666,1422.0,291.783,391.782,93.7042,5,"[200.0, 200.0, 200.0, 200.0, 200.0, 200.0, 200.0, 200.0, 200.0, 200.0, 200.0, 200.0, 200.0, 200.0, 200.0, 200.0, 200.0, 200.0, 200.0, 200.0, 200.0, 200.0, 200.0, 200.0, 200.0, 200.0, 200.0, 200.0, 200.0, 200.0, 200.0, 200.0, 200.0, 200.0, 200.0, 200.0]",1,3972.48,81.5772,57.9157,1.69521,-0.8,"[-1.0, -1.0, -1.0, -1.0, -1.0, -1.0, -1.0, -1.0, -1.0, -1.0, -1.0, -1.0, -1.0, -1.0, -1.0, -1.0, -1.0, -1.0, -1.0]",-1.52257,"[53.0927, 56.9045, 99.6532, 97.4547]",0.336413
1.0,0.611133,0.0,0.0,21.688,1429.0,292.394,392.393,93.7038,5,"[200.0, 200.0, 200.0, 200.0, 200.0, 200.0, 200.0, 200.0, 200.0, 200.0, 200.0, 200.0, 200.0, 200.0, 200.0, 200.0, 200.0, 200.0, 200.0, 200.0, 200.0, 200.0, 200.0, 200.0, 200.0, 200.0, 200.0, 200.0, 200.0, 200.0, 200.0, 200.0, 200.0, 200.0, 200.0, 200.0]",1,3925.45,80.7024,58.4641,1.68378,-0.8,"[-1.0, -1.0, -1.0, -1.0, -1.0, -1.0, -1.0, -1.0, -1.0, -1.0, -1.0, -1.0, -1.0, -1.0, -1.0, -1.0, -1.0, -1.0, -1.0]",-1.52119,"[52.3479, 56.3968, 97.6649, 96.5456]",0.353301
1.0,0.620102,0.0,0.0,21.71,1440.0,293.001,393.0,93.7035,5,"[200.0, 200.0, 200.0, 200.0, 200.0, 200.0, 200.0, 200.0, 200.0, 200.0, 200.0, 200.0, 200.0, 200.0, 200.0, 200.0, 200.0, 200.0, 200.0, 200.0, 200.0, 200.0, 200.0, 200.0, 200.0, 200.0, 200.0, 200.0, 200.0, 200.0, 200.0, 200.0, 200.0, 200.0, 200.0, 200.0]",1,3967.9,79.7633,59.1532,1.4913,-0.8,"[-1.0, -1.0, -1.0, -1.0, -1.0, -1.0, -1.0, -1.0, -1.0, -1.0, -1.0, -1.0, -1.0, -1.0, -1.0, -1.0, -1.0, -1.0, -1.0]",-1.51964,"[51.6152, 55.8857, 99.0585, 96.5657]",0.352609
1.0,0.629256,0.0,0.0,21.732,1445.0,293.607,393.606,93.7031,5,"[200.0, 200.0, 200.0, 200.0, 200.0, 200.0, 200.0, 200.0, 200.0, 200.0, 200.0, 200.0, 200.0, 200.0, 200.0, 200.0, 200.0, 200.0, 200.0, 200.0, 200.0, 200.0, 200.0, 200.0, 200.0, 200.0, 200.0, 200.0, 200.0, 200.0, 200.0, 200.0, 200.0, 200.0, 200.0, 200.0]",1,3904.32,78.9894,59.6047,1.47494,-0.8,"[-1.0, -1.0, -1.0, -1.0, -1.0, -1.0, -1.0, -1.0, -1.0, -1.0, -1.0, -1.0, -1.0, -1.0, -1.0, -1.0, -1.0, -1.0, -1.0]",-1.51806,"[50.9242, 55.2912, 94.8255, 97.9467]",0.334938
1.0,0.63842,0.0,0.0,21.754,1449.0,294.209,394.209,93.7028,5,"[200.0, 200.0, 200.0, 200.0, 200.0, 200.0, 200.0, 200.0, 200.0, 200.0, 200.0, 200.0, 200.0, 200.0, 200.0, 200.0, 200.0, 200.0, 200.0, 200.0, 200.0, 200.0, 200.0, 200.0, 200.0, 200.0, 200.0, 200.0, 200.0, 200.0, 200.0, 200.0, 200.0, 200.0, 200.0, 200.0]",1,3902.67,78.153,59.9205,1.50365,-0.8,"[-1.0, -1.0, -1.0, -1.0, -1.0, -1.0, -1.0, -1.0, -1.0, -1.0, -1.0, -1.0, -1.0, -1.0, -1.0, -1.0, -1.0, -1.0, -1.0]",-1.51656,"[49.9819, 54.3949, 94.6355, 97.4156]",0.327905
1.0,0.647445,0.0,0.0,21.776,1455.0,294.81,394.809,93.7025,5,"[200.0, 200.0, 200.0, 200.0, 200.0, 200.0, 200.0, 200.0, 200.0, 200.0, 200.0, 200.0, 200.0, 200.0, 200.0, 200.0, 200.0, 200.0, 200.0, 200.0, 200.0, 200.0, 200.0, 200.0, 200.0, 200.0, 200.0, 200.0, 200.0, 200.0, 200.0, 200.0, 200.0, 200.0, 200.0, 200.0]",1,3814.82,77.3148,60.3488,1.48785,-0.8,"[-1.0, -1.0, -1.0, -1.0, -1.0, -1.0, -1.0, -1.0, -1.0, -1.0, -1.0, -1.0, -1.0, -1.0, -1.0, -1.0, -1.0, -1.0, -1.0]",-1.51513,"[49.1639, 53.648, 95.23, 93.8941]",0.341407
1.0,0.655477,0.0,0.0,21.798,1460.0,295.408,395.408,93.7021,5,"[200.0, 200.0, 200.0, 200.0, 200.0, 200.0, 200.0, 200.0, 200.0, 200.0, 200.0, 200.0, 200.0, 200.0, 200.0, 200.0, 200.0, 200.0, 200.0, 200.0, 200.0, 200.0, 200.0, 200.0, 200.0, 200.0, 200.0, 200.0, 200.0, 200.0, 200.0, 200.0, 200.0, 200.0, 200.0, 200.0]",1,3744.86,76.6543,60.6735,1.37359,-0.8,"[-1.0, -1.0, -1.0, -1.0, -1.0, -1.0, -1.0, -1.0, -1.0, -1.0, -1.0, -1.0, -1.0, -1.0, -1.0, -1.0, -1.0, -1.0, -1.0]",-1.51382,"[48.627, 53.0562, 94.6507, 90.0079]",0.355093
1.0,0.662419,0.0,0.0,21.82,1465.0,296.004,396.004,93.7018,5,"[200.0, 200.0, 200.0, 200.0, 200.0, 200.0, 200.0, 200.0, 200.0, 200.0, 200.0, 200.0, 200.0, 200.0, 200.0, 200.0, 200.0, 200.0, 200.0, 200.0, 200.0, 200.0, 200.0, 200.0, 200.0, 200.0, 200.0, 200.0, 200.0, 200.0, 200.0, 200.0, 200.0, 200.0, 200.0, 200.0]",1,3663.92,76.0887,60.8618,1.31621,-0.8,"[-1.0, -1.0, -1.0, -1.0, -1.0, -1.0, -1.0, -1.0, -1.0, -1.0, -1.0, -1.0, -1.0, -1.0, -1.0, -1.0, -1.0, -1.0, -1.0]",-1.51269,"[48.0869, 52.5276, 92.0645, 89.5434]",0.338966
1.0,0.668487,0.0,0.0,21.842,1470.0,296.598,396.597,93.7015,5,"[200.0, 200.0, 200.0, 200.0, 200.0, 200.0, 200.0, 200.0, 200.0, 200.0, 200.0, 200.0, 200.0, 200.0, 200.0, 200.0, 200.0, 200.0, 200.0, 200.0, 200.0, 200.0, 200.0, 200.0, 200.0, 200.0, 200.0, 200.0, 200.0, 200.0, 200.0, 200.0, 200.0, 200.0, 200.0, 200.0]",1,3610.66,75.5356,60.8499,1.34959,-0.8,"[-1.0, -1.0, -1.0, -1.0, -1.0, -1.0, -1.0, -1.0, -1.0, -1.0, -1.0, -1.0, -1.0, -1.0, -1.0, -1.0, -1.0, -1.0, -1.0]",-1.51173,"[47.4903, 51.7041, 88.3253, 89.8231]",0.328458
1.0,0.673583,0.0,0.0,21.864,1475.0,297.189,397.188,93.7012,5,"[200.0, 200.0, 200.0, 200.0, 200.0, 200.0, 200.0, 200.0, 200.0, 200.0, 200.0, 200.0, 200.0, 200.0, 200.0, 200.0, 200.0, 200.0, 200.0, 200.0, 200.0, 200.0, 200.0, 200.0, 200.0, 200.0, 200.0, 200.0, 200.0, 200.0, 200.0, 200.0, 200.0, 200.0, 200.0, 200.0]",1,3523.76,75.0503,60.617,1.47285,-0.8,"[-1.0, -1.0, -1.0, -1.0, -1.0, -1.0, -1.0, -1.0, -1.0, -1.0, -1.0, -1.0, -1.0, -1.0, -1.0, -1.0, -1.0, -1.0, -1.0]",-1.51097,"[46.7744, 50.8519, 87.0674, 87.5904]",0.333832
1.0,0.678284,0.0,0.0,21.886,1482.0,297.778,397.777,93.701,5,"[200.0, 200.0, 200.0, 200.0, 200.0, 200.0, 200.0, 200.0, 200.0, 200.0, 200.0, 200.0, 200.0, 200.0, 200.0, 200.0, 200.0, 200.0, 200.0, 200.0, 200.0, 200.0, 200.0, 200.0, 200.0, 200.0, 200.0, 200.0, 200.0, 200.0, 200.0, 200.0, 200.0, 200.0, 200.0, 200.0]",1,3504.68,74.3808,60.7289,1.36813,-0.8,"[-1.0, -1.0, -1.0, -1.0, -1.0, -1.0, -1.0, -1.0, -1.0, -1.0, -1.0, -1.0, -1.0, -1.0, -1.0, -1.0, -1.0, -1.0, -1.0]",-1.51027,"[46.2157, 50.1961, 87.7834, 85.0054]",0.34731
1.0,0.682896,0.0,0.0,21.908,1488.0,298.363,398.362,93.7007,5,"[200.0, 200.0, 200.0, 200.0, 200.0, 200.0, 200.0, 200.0, 200.0, 200.0, 200.0, 200.0, 200.0, 200.0, 200.0, 200.0, 200.0, 200.0, 200.0, 200.0, 200.0, 200.0, 200.0, 200.0, 200.0, 200.0, 200.0, 200.0, 200.0, 200.0, 200.0, 200.0, 200.0, 200.0, 200.0, 200.0]",1,3539.68,73.5922,60.9518,1.26311,-0.8,"[-1.0, -1.0, -1.0, -1.0, -1.0, -1.0, -1.0, -1.0, -1.0, -1.0, -1.0, -1.0, -1.0, -1.0, -1.0, -1.0, -1.0, -1.0, -1.0]",-1.50955,"[45.7186, 49.5239, 89.2432, 85.0789]",0.353896
1.0,0.688301,0.0,0.0,21.93,1495.0,298.946,398.945,93.7005,5,"[200.0, 200.0, 200.0, 200.0, 200.0, 200.0, 200.0, 200.0, 200.0, 200.0, 200.0, 200.0, 200.0, 200.0, 200.0, 200.0, 200.0, 200.0, 200.0, 200.0, 200.0, 200.0, 200.0, 200.0, 200.0, 200.0, 200.0, 200.0, 200.0, 200.0, 200.0, 200.0, 200.0, 200.0, 200.0, 200.0]",1,3550.19,72.8019,61.2047,1.15662,-0.8,"[-1.0, -1.0, -1.0, -1.0, -1.0, -1.0, -1.0, -1.0, -1.0, -1.0, -1.0, -1.0, -1.0, -1.0, -1.0, -1.0, -1.0, -1.0, -1.0]",-1.50871,"[45.1117, 48.9853, 88.9047, 86.4967]",0.348283
1.0,0.695292,0.0,0.0,21.952,1502.0,299.525,399.524,93.7002,5,"[200.0, 200.0, 200.0, 200.0, 200.0, 200.0, 200.0, 200.0, 200.0, 200.0, 200.0, 200.0, 200.0, 200.0, 200.0, 200.0, 200.0, 200.0, 200.0, 200.0, 200.0, 200.0, 200.0, 200.0, 200.0, 200.0, 200.0, 200.0, 200.0, 200.0, 200.0, 200.0, 200.0, 200.0, 200.0, 200.0]",1,3571.48,71.86,61.5567,1.08707,-0.8,"[-1.0, -1.0, -1.0, -1.0, -1.0, -1.0, -1.0, -1.0, -1.0, -1.0, -1.0, -1.0, -1.0, -1.0, -1.0, -1.0, -1.0, -1.0, -1.0]",-1.50765,"[44.475, 48.318, 88.1845, 87.7561]",0.33806
1.0,0.704296,0.0,0.0,21.974,1512.0,300.101,400.1,93.6999,5,"[200.0, 200.0, 200.0, 200.0, 200.0, 200.0, 200.0, 200.0, 200.0, 200.0, 200.0, 200.0, 200.0, 200.0, 200.0, 200.0, 200.0, 200.0, 200.0, 200.0, 200.0, 200.0, 200.0, 200.0, 200.0, 200.0, 200.0, 200.0, 200.0, 200.0, 200.0, 200.0, 200.0, 200.0, 200.0, 200.0]",1,3643.51,70.7,62.012,1.07346,-0.8,"[-1.0, -1.0, -1.0, -1.0, -1.0, -1.0, -1.0, -1.0, -1.0, -1.0, -1.0, -1.0, -1.0, -1.0, -1.0, -1.0, -1.0, -1.0, -1.0]",-1.50635,"[43.4455, 47.543, 90.0392, 89.6459]",0.333439
1.0,0.716028,0.0,0.0,21.996,1523.0,300.673,400.673,93.6996,5,"[200.0, 200.0, 200.0, 200.0, 200.0, 200.0, 200.0, 200.0, 200.0, 200.0, 200.0, 200.0, 200.0, 200.0, 200.0, 200.0, 200.0, 200.0, 200.0, 200.0, 200.0, 200.0, 200.0, 200.0, 200.0, 200.0, 200.0, 200.0, 200.0, 200.0, 200.0, 200.0, 200.0, 200.0, 200.0, 200.0]",1,3592.05,69.3055,62.6978,1.14499,-0.8,"[-1.0, -1.0, -1.0, -1.0, -1.0, -1.0, -1.0, -1.0, -1.0, -1.0, -1.0, -1.0, -1.0, -1.0, -1.0, -1.0, -1.0, -1.0, -1.0]",-1.50467,"[42.1296, 46.7277, 89.7183, 88.6432]",0.336692
1.0,0.728828,0.0,0.0,22.018,1534.0,301.243,401.242,93.6993,5,"[200.0, 200.0, 200.0, 200.0, 200.0, 200.0, 200.0, 200.0, 200.0, 200.0, 200.0, 200.0, 200.0, 200.0, 200.0, 200.0, 200.0, 200.0, 200.0, 200.0, 200.0, 200.0, 200.0, 200.0, 200.0, 200.0, 200.0, 200.0, 200.0, 200.0, 200.0, 200.0, 200.0, 200.0, 200.0, 200.0]",1,3532.35,67.9775,63.397,1.10517,-0.8,"[-1.0, -1.0, -1.0, -1.0, -1.0, -1.0, -1.0, -1.0, -1.0, -1.0, -1.0, -1.0, -1.0, -1.0, -1.0, -1.0, -1.0, -1.0, -1.0]",-1.50285,"[41.0415, 45.8882, 86.8356, 88.1035]",0.341674
1.0,0.742707,0.0,0.0,22.04,1545.0,301.809,401.808,93.6991,5,"[200.0, 200.0, 200.0, 200.0, 200.0, 200.0, 200.0, 200.0, 200.0, 200.0, 200.0, 200.0, 200.0, 200.0, 200.0, 200.0, 200.0, 200.0, 200.0, 200.0, 200.0, 200.0, 200.0, 200.0, 200.0, 200.0, 200.0, 200.0, 200.0, 200.0, 200.0, 200.0, 200.0, 200.0, 200.0, 200.0]",1,3448.54,66.6654,64.0319,1.13114,-0.8,"[-1.0, -1.0, -1.0, -1.0, -1.0, -1.0, -1.0, -1.0, -1.0, -1.0, -1.0, -1.0, -1.0, -1.0, -1.0, -1.0, -1.0, -1.0, -1.0]",-1.50095,"[39.8576, 45.0172, 85.5175, 85.2111]",0.342992
1.0,0.756793,0.0,0.0,22.062,1550.0,302.372,402.371,93.6988,5,"[200.0, 200.0, 200.0, 200.0, 200.0, 200.0, 200.0, 200.0, 200.0, 200.0, 200.0, 200.0, 200.0, 200.0, 200.0, 200.0, 200.0, 200.0, 200.0, 200.0, 200.0, 200.0, 200.0, 200.0, 200.0, 200.0, 200.0, 200.0, 200.0, 200.0, 200.0, 200.0, 200.0, 200.0, 200.0, 200.0]",1,3387.11,65.4241,64.6014,1.09563,-0.8,"[-1.0, -1.0, -1.0, -1.0, -1.0, -1.0, -1.0, -1.0, -1.0, -1.0, -1.0, -1.0, -1.0, -1.0, -1.0, -1.0, -1.0, -1.0, -1.0]",-1.49909,"[38.878, 44.0712, 85.434, 82.1023]",0.341249
1.0,0.771377,0.0,0.0,22.084,1550.0,302.932,402.931,93.6986,5,"[200.0, 200.0, 200.0, 200.0, 200.0, 200.0, 200.0, 200.0, 200.0, 200.0, 200.0, 200.0, 200.0, 200.0, 200.0, 200.0, 200.0, 200.0, 200.0, 200.0, 200.0, 200.0, 200.0, 200.0, 200.0, 200.0, 200.0, 200.0, 200.0, 200.0, 200.0, 200.0, 200.0, 200.0, 200.0, 200.0]",1,3325.68,64.1358,65.1496,1.07168,-0.8,"[-1.0, -1.0, -1.0, -1.0, -1.0, -1.0, -1.0, -1.0, -1.0, -1.0, -1.0, -1.0, -1.0, -1.0, -1.0, -1.0, -1.0, -1.0, -1.0]",-1.49722,"[37.8029, 42.9238, 83.2116, 80.6462]",0.340256
1.0,0.78614,0.0,0.0,22.106,1550.0,303.489,403.488,93.6983,5,"[200.0, 200.0, 200.0, 200.0, 200.0, 200.0, 200.0, 200.0, 200.0, 200.0, 200.0, 200.0, 200.0, 200.0, 200.0, 200.0, 200.0, 200.0, 200.0, 200.0, 200.0, 200.0, 200.0, 200.0, 200.0, 200.0, 200.0, 200.0, 200.0, 200.0, 200.0, 200.0, 200.0, 200.0, 200.0, 200.0]",1,3294.49,62.8303,65.7553,0.954507,-0.8,"[-1.0, -1.0, -1.0, -1.0, -1.0, -1.0, -1.0, -1.0, -1.0, -1.0, -1.0, -1.0, -1.0, -1.0, -1.0, -1.0, -1.0, -1.0, -1.0]",-1.4954,"[36.7935, 41.8, 82.134, 80.0901]",0.342738
1.0,0.801008,0.0,0.0,22.128,1550.0,304.043,404.042,93.6981,5,"[200.0, 200.0, 200.0, 200.0, 200.0, 200.0, 200.0, 200.0, 200.0, 200.0, 200.0, 200.0, 200.0, 200.0, 200.0, 200.0, 200.0, 200.0, 200.0, 200.0, 200.0, 200.0, 200.0, 200.0, 200.0, 200.0, 200.0, 200.0, 200.0, 200.0, 200.0, 200.0, 200.0, 200.0, 200.0, 200.0]",1,3256.69,61.5663,66.3122,0.875086,-0.8,"[-1.0, -1.0, -1.0, -1.0, -1.0, -1.0, -1.0, -1.0, -1.0, -1.0, -1.0, -1.0, -1.0, -1.0, -1.0, -1.0, -1.0, -1.0, -1.0]",-1.49362,"[35.6779, 40.8092, 81.904, 78.4867]",0.347764
1.0,0.815451,0.0,0.0,22.15,1550.0,304.594,404.593,93.6978,5,"[200.0, 200.0, 200.0, 200.0, 200.0, 200.0, 200.0, 200.0, 200.0, 200.0, 200.0, 200.0, 200.0, 200.0, 200.0, 200.0, 200.0, 200.0, 200.0, 200.0, 200.0, 200.0, 200.0, 200.0, 200.0, 200.0, 200.0, 200.0, 200.0, 200.0, 200.0, 200.0, 200.0, 200.0, 200.0, 200.0]",1,3160.25,60.3867,66.7015,0.888558,-0.8,"[-1.0, -1.0, -1.0, -1.0, -1.0, -1.0, -1.0, -1.0, -1.0, -1.0, -1.0, -1.0, -1.0, -1.0, -1.0, -1.0, -1.0, -1.0, -1.0]",-1.49197,"[34.1764, 39.8263, 77.429, 78.4843]",0.352034
1.0,0.829039,0.0,0.0,22.172,1550.0,305.142,405.141,93.6976,5,"[200.0, 200.0, 200.0, 200.0, 200.0, 200.0, 200.0, 200.0, 200.0, 200.0, 200.0, 200.0, 200.0, 200.0, 200.0, 200.0, 200.0, 200.0, 200.0, 200.0, 200.0, 200.0, 200.0, 200.0, 200.0, 200.0, 200.0, 200.0, 200.0, 200.0, 200.0, 200.0, 200.0, 200.0, 200.0, 200.0]",1,3026.75,59.2382,66.937,0.974071,-0.8,"[-1.0, -1.0, -1.0, -1.0, -1.0, -1.0, -1.0, -1.0, -1.0, -1.0, -1.0, -1.0, -1.0, -1.0, -1.0, -1.0, -1.0, -1.0, -1.0]",-1.49047,"[32.8008, 38.6535, 73.3193, 76.0046]",0.353052
1.0,0.841824,0.0,0.0,22.194,1550.0,305.686,405.685,93.6974,5,"[200.0, 200.0, 200.0, 200.0, 200.0, 200.0, 200.0, 200.0, 200.0, 200.0, 200.0, 200.0, 200.0, 200.0, 200.0, 200.0, 200.0, 200.0, 200.0, 200.0, 200.0, 200.0, 200.0, 200.0, 200.0, 200.0, 200.0, 200.0, 200.0, 200.0, 200.0, 200.0, 200.0, 200.0, 200.0, 200.0]",1,2919.99,58.1719,67.1353,1.00345,-0.8,"[-1.0, -1.0, -1.0, -1.0, -1.0, -1.0, -1.0, -1.0, -1.0, -1.0, -1.0, -1.0, -1.0, -1.0, -1.0, -1.0, -1.0, -1.0, -1.0]",-1.48912,"[31.4994, 37.8901, 72.7359, 71.9771]",0.35006
1.0,0.854053,0.0,0.0,22.216,1550.0,306.227,406.226,93.6972,5,"[200.0, 200.0, 200.0, 200.0, 200.0, 200.0, 200.0, 200.0, 200.0, 200.0, 200.0, 200.0, 200.0, 200.0, 200.0, 200.0, 200.0, 200.0, 200.0, 200.0, 200.0, 200.0, 200.0, 200.0, 200.0, 200.0, 200.0, 200.0, 200.0, 200.0, 200.0, 200.0, 200.0, 200.0, 200.0, 200.0]",1,2815.91,57.0932,67.3053,1.03076,-0.8,"[-1.0, -1.0, -1.0, -1.0, -1.0, -1.0, -1.0, -1.0, -1.0, -1.0, -1.0, -1.0, -1.0, -1.0, -1.0, -1.0, -1.0, -1.0, -1.0]",-1.48787,"[30.3821, 37.0137, 70.9362, 68.4506]",0.344071
1.0,0.865715,0.0,0.0,22.238,1550.0,306.764,406.763,93.697,5,"[200.0, 200.0, 200.0, 200.0, 200.0, 200.0, 200.0, 200.0, 200.0, 200.0, 200.0, 200.0, 200.0, 200.0, 200.0, 200.0, 200.0, 200.0, 200.0, 200.0, 200.0, 200.0, 200.0, 200.0, 200.0, 200.0, 200.0, 200.0, 200.0, 200.0, 200.0, 200.0, 200.0, 200.0, 200.0, 200.0]",1,2741.44,55.8739,67.5372,1.01414,-0.8,"[-1.0, -1.0, -1.0, -1.0, -1.0, -1.0, -1.0, -1.0, -1.0, -1.0, -1.0, -1.0, -1.0, -1.0, -1.0, -1.0, -1.0, -1.0, -1.0]",-1.48671,"[29.4141, 35.7963, 69.3042, 65.9231]",0.32934
1.0,0.876143,0.0,0.0,22.26,1550.0,307.298,407.297,93.6969,5,"[200.0, 200.0, 200.0, 200.0, 200.0, 200.0, 200.0, 200.0, 200.0, 200.0, 200.0, 200.0, 200.0, 200.0, 200.0, 200.0, 200.0, 200.0, 200.0, 200.0, 200.0, 200.0, 200.0, 200.0, 200.0, 200.0, 200.0, 200.0, 200.0, 200.0, 200.0, 200.0, 200.0, 200.0, 200.0, 200.0]",1,2680.59,54.9368,67.5711,0.99355,-0.8,"[-1.0, -1.0, -1.0, -1.0, -1.0, -1.0, -1.0, -1.0, -1.0, -1.0, -1.0, -1.0, -1.0, -1.0, -1.0, -1.0, -1.0, -1.0, -1.0]",-1.48572,"[28.702, 34.6979, 67.7351, 64.5563]",0.329369
1.0,0.885581,0.0,0.0,22.282,1550.0,307.828,407.827,93.6967,5,"[200.0, 200.0, 200.0, 200.0, 200.0, 200.0, 200.0, 200.0, 200.0, 200.0, 200.0, 200.0, 200.0, 200.0, 200.0, 200.0, 200.0, 200.0, 200.0, 200.0, 200.0, 200.0, 200.0, 200.0, 200.0, 200.0, 200.0, 200.0, 200.0, 200.0, 200.0, 200.0, 200.0, 200.0, 200.0, 200.0]",1,2625.05,54.0671,67.5361,0.944993,-0.8,"[-1.0, -1.0, -1.0, -1.0, -1.0, -1.0, -1.0, -1.0, -1.0, -1.0, -1.0, -1.0, -1.0, -1.0, -1.0, -1.0, -1.0, -1.0, -1.0]",-1.48485,"[28.1587, 33.4149, 65.8826, 63.8735]",0.331386
1.0,0.89466,0.0,0.0,22.304,1550.0,308.354,408.354,93.6965,5,"[200.0, 200.0, 200.0, 200.0, 200.0, 200.0, 200.0, 200.0, 200.0, 200.0, 200.0, 200.0, 200.0, 200.0, 200.0, 200.0, 200.0, 200.0, 200.0, 200.0, 200.0, 200.0, 200.0, 200.0, 200.0, 200.0, 200.0, 200.0, 200.0, 200.0, 200.0, 200.0, 200.0, 200.0, 200.0, 200.0]",1,2580.96,53.0982,67.4986,0.904621,-0.8,"[-1.0, -1.0, -1.0, -1.0, -1.0, -1.0, -1.0, -1.0, -1.0, -1.0, -1.0, -1.0, -1.0, -1.0, -1.0, -1.0, -1.0, -1.0, -1.0]",-1.48404,"[27.344, 32.2359, 63.6589, 63.7317]",0.334543
1.0,0.904162,0.0,0.0,22.326,1550.0,308.878,408.877,93.6964,5,"[200.0, 200.0, 200.0, 200.0, 200.0, 200.0, 200.0, 200.0, 200.0, 200.0, 200.0, 200.0, 200.0, 200.0, 200.0, 200.0, 200.0, 200.0, 200.0, 200.0, 200.0, 200.0, 200.0, 200.0, 200.0, 200.0, 200.0, 200.0, 200.0, 200.0, 200.0, 200.0, 200.0, 200.0, 200.0, 200.0]",1,2608.32,52.0656,67.5637,0.77887,-0.8,"[-1.0, -1.0, -1.0, -1.0, -1.0, -1.0, -1.0, -1.0, -1.0, -1.0, -1.0, -1.0, -1.0, -1.0, -1.0, -1.0, -1.0, -1.0, -1.0]",-1.48323,"[26.5254, 31.1685, 64.1855, 64.2457]",0.337778
1.0,0.914783,0.0,0.0,22.348,1550.0,309.397,409.396,93.6962,5,"[200.0, 200.0, 200.0, 200.0, 200.0, 200.0, 200.0, 200.0, 200.0, 200.0, 200.0, 200.0, 200.0, 200.0, 200.0, 200.0, 200.0, 200.0, 200.0, 200.0, 200.0, 200.0, 200.0, 200.0, 200.0, 200.0, 200.0, 200.0, 200.0, 200.0, 200.0, 200.0, 200.0, 200.0, 200.0, 200.0]",1,2615.08,50.9385,67.6797,0.669431,-0.8,"[-1.0, -1.0, -1.0, -1.0, -1.0, -1.0, -1.0, -1.0, -1.0, -1.0, -1.0, -1.0, -1.0, -1.0, -1.0, -1.0, -1.0, -1.0, -1.0]",-1.48234,"[25.5586, 30.2605, 63.6863, 65.2226]",0.34047
1.0,0.925977,0.0,0.0,22.37,1550.0,309.913,409.912,93.696,5,"[200.0, 200.0, 200.0, 200.0, 200.0, 200.0, 200.0, 200.0, 200.0, 200.0, 200.0, 200.0, 200.0, 200.0, 200.0, 200.0, 200.0, 200.0, 200.0, 200.0, 200.0, 200.0, 200.0, 200.0, 200.0, 200.0, 200.0, 200.0, 200.0, 200.0, 200.0, 200.0, 200.0, 200.0, 200.0, 200.0]",1,2552.95,49.7993,67.7232,0.641498,-0.8,"[-1.0, -1.0, -1.0, -1.0, -1.0, -1.0, -1.0, -1.0, -1.0, -1.0, -1.0, -1.0, -1.0, -1.0, -1.0, -1.0, -1.0, -1.0, -1.0]",-1.48145,"[24.4903, 29.3797, 62.4913, 63.8284]",0.342412
1.0,0.936595,0.0,0.0,22.392,1550.0,310.425,410.424,93.6959,5,"[200.0, 200.0, 200.0, 200.0, 200.0, 200.0, 200.0, 200.0, 200.0, 200.0, 200.0, 200.0, 200.0, 200.0, 200.0, 200.0, 200.0, 200.0, 200.0, 200.0, 200.0, 200.0, 200.0, 200.0, 200.0, 200.0, 200.0, 200.0, 200.0, 200.0, 200.0, 200.0, 200.0, 200.0, 200.0, 200.0]",1,2451.95,48.744,67.6439,0.684471,-0.8,"[-1.0, -1.0, -1.0, -1.0, -1.0, -1.0, -1.0, -1.0, -1.0, -1.0, -1.0, -1.0, -1.0, -1.0, -1.0, -1.0, -1.0, -1.0, -1.0]",-1.48065,"[23.5068, 28.4526, 60.8564, 61.2396]",0.343545
1.0,0.946993,0.0,0.0,22.414,1550.0,310.932,410.931,93.6957,5,"[200.0, 200.0, 200.0, 200.0, 200.0, 200.0, 200.0, 200.0, 200.0, 200.0, 200.0, 200.0, 200.0, 200.0, 200.0, 200.0, 200.0, 200.0, 200.0, 200.0, 200.0, 200.0, 200.0, 200.0, 200.0, 200.0, 200.0, 200.0, 200.0, 200.0, 200.0, 200.0, 200.0, 200.0, 200.0, 200.0]",1,2370.47,47.6445,67.5353,0.745141,-0.8,"[-1.0, -1.0, -1.0, -1.0, -1.0, -1.0, -1.0, -1.0, -1.0, -1.0, -1.0, -1.0, -1.0, -1.0, -1.0, -1.0, -1.0, -1.0, -1.0]",-1.4799,"[22.539, 27.5112, 59.4538, 58.4562]",0.344111
1.0,0.957577,0.0,0.0,22.436,1550.0,311.435,411.434,93.6956,5,"[200.0, 200.0, 200.0, 200.0, 200.0, 200.0, 200.0, 200.0, 200.0, 200.0, 200.0, 200.0, 200.0, 200.0, 200.0, 200.0, 200.0, 200.0, 200.0, 200.0, 200.0, 200.0, 200.0, 200.0, 200.0, 200.0, 200.0, 200.0, 200.0, 200.0, 200.0, 200.0, 200.0, 200.0, 200.0, 200.0]",1,2283.26,46.5349,67.4041,0.822602,-0.8,"[-1.0, -1.0, -1.0, -1.0, -1.0, -1.0, -1.0, -1.0, -1.0, -1.0, -1.0, -1.0, -1.0, -1.0, -1.0, -1.0, -1.0, -1.0, -1.0]",-1.47916,"[21.5577, 26.6269, 57.7924, 55.7753]",0.344148
1.0,0.967801,0.0,0.0,22.458,1550.0,311.933,411.933,93.6955,5,"[200.0, 200.0, 200.0, 200.0, 200.0, 200.0, 200.0, 200.0, 200.0, 200.0, 200.0, 200.0, 200.0, 200.0, 200.0, 200.0, 200.0, 200.0, 200.0, 200.0, 200.0, 200.0, 200.0, 200.0, 200.0, 200.0, 200.0, 200.0, 200.0, 200.0, 200.0, 200.0, 200.0, 200.0, 200.0, 200.0]",1,2179.36,45.4818,67.1697,0.918308,-0.8,"[-1.0, -1.0, -1.0, -1.0, -1.0, -1.0, -1.0, -1.0, -1.0, -1.0, -1.0, -1.0, -1.0, -1.0, -1.0, -1.0, -1.0, -1.0, -1.0]",-1.47849,"[20.574, 25.7755, 55.1704, 53.035]",0.343843
1.0,0.977176,0.0,0.0,22.48,1550.0,312.427,412.426,93.6954,5,"[200.0, 200.0, 200.0, 200.0, 200.0, 200.0, 200.0, 200.0, 200.0, 200.0, 200.0, 200.0, 200.0, 200.0, 200.0, 200.0, 200.0, 200.0, 200.0, 200.0, 200.0, 200.0, 200.0, 200.0, 200.0, 200.0, 200.0, 200.0, 200.0, 200.0, 200.0, 200.0, 200.0, 200.0, 200.0, 200.0]",1,2081.09,44.497,66.8965,0.970288,-0.8,"[-1.0, -1.0, -1.0, -1.0, -1.0, -1.0, -1.0, -1.0, -1.0, -1.0, -1.0, -1.0, -1.0, -1.0, -1.0, -1.0, -1.0, -1.0, -1.0]",-1.4779,"[19.816, 24.8842, 52.5029, 50.6464]",0.343307
1.0,0.985329,0.0,0.0,22.502,1550.0,312.915,412.915,93.6953,5,"[200.0, 200.0, 200.0, 200.0, 200.0, 200.0, 200.0, 200.0, 200.0, 200.0, 200.0, 200.0, 200.0, 200.0, 200.0, 200.0, 200.0, 200.0, 200.0, 200.0, 200.0, 200.0, 200.0, 200.0, 200.0, 200.0, 200.0, 200.0, 200.0, 200.0, 200.0, 200.0, 200.0, 200.0, 200.0, 200.0]",1,2024.89,43.5923,66.5838,0.952409,-0.8,"[-1.0, -1.0, -1.0, -1.0, -1.0, -1.0, -1.0, -1.0, -1.0, -1.0, -1.0, -1.0, -1.0, -1.0, -1.0, -1.0, -1.0, -1.0, -1.0]",-1.4774,"[19.1275, 24.0973, 50.6217, 49.2156]",0.342399
1.0,0.992825,0.0,0.0,22.524,1550.0,313.399,413.398,93.6952,5,"[200.0, 200.0, 200.0, 200.0, 200.0, 200.0, 200.0, 200.0, 200.0, 200.0, 200.0, 200.0, 200.0, 200.0, 200.0, 200.0, 200.0, 200.0, 200.0, 200.0, 200.0, 200.0, 200.0, 200.0, 200.0, 200.0, 200.0, 200.0, 200.0, 200.0, 200.0, 200.0, 200.0, 200.0, 200.0, 200.0]",1,1988.51,42.7475,66.2625,0.897222,-0.8,"[-1.0, -1.0, -1.0, -1.0, -1.0, -1.0, -1.0, -1.0, -1.0, -1.0, -1.0, -1.0, -1.0, -1.0, -1.0, -1.0, -1.0, -1.0, -1.0]",-1.47697,"[18.491, 23.3343, 49.3269, 48.6087]",0.34081
1.0,0.999694,0.0,0.0,22.546,1550.0,313.879,413.878,93.6952,4,"[200.0, 200.0, 200.0, 200.0, 200.0, 200.0, 200.0, 200.0, 200.0, 200.0, 200.0, 200.0, 200.0, 200.0, 200.0, 200.0, 200.0, 200.0, 200.0, 200.0, 200.0, 200.0, 200.0, 200.0, 200.0, 200.0, 200.0, 200.0, 200.0, 200.0, 200.0, 200.0, 200.0, 200.0, 200.0, 200.0]",1,2426.06,41.9392,65.9199,0.85586,-0.8,"[-1.0, -1.0, -1.0, -1.0, -1.0, -1.0, -1.0, -1.0, -1.0, -1.0, -1.0, -1.0, -1.0, -1.0, -1.0, -1.0, -1.0, -1.0, -1.0]",-1.47659,"[17.9041, 22.6063, 45.2978, 43.9583]",0.338705
1.0,1.00627,0.0,0.0,22.568,1550.0,314.354,414.353,93.6952,4,"[200.0, 200.0, 200.0, 200.0, 200.0, 200.0, 200.0, 200.0, 200.0, 200.0, 200.0, 200.0, 200.0, 200.0, 200.0, 200.0, 200.0, 200.0, 200.0, 200.0, 200.0, 200.0, 200.0, 200.0, 200.0, 200.0, 200.0, 200.0, 200.0, 200.0, 200.0, 200.0, 200.0, 200.0, 200.0, 200.0]",1,2438.97,41.1891,65.6096,0.738563,-0.8,"[-1.0, -1.0, -1.0, -1.0, -1.0, -1.0, -1.0, -1.0, -1.0, -1.0, -1.0, -1.0, -1.0, -1.0, -1.0, -1.0, -1.0, -1.0, -1.0]",-1.47623,"[17.4659, 22.0162, 41.9877, 40.7418]",0.3363
1.0,1.01233,0.0,0.0,22.59,1550.0,314.824,414.823,93.6952,4,"[200.0, 200.0, 200.0, 200.0, 200.0, 200.0, 200.0, 200.0, 200.0, 200.0, 200.0, 200.0, 200.0, 200.0, 200.0, 200.0, 200.0, 200.0, 200.0, 200.0, 200.0, 200.0, 200.0, 200.0, 200.0, 200.0, 200.0, 200.0, 200.0, 200.0, 200.0, 200.0, 200.0, 200.0, 200.0, 200.0]",1,2451.85,40.4123,65.1848,0.652793,-0.8,"[-1.0, -1.0, -1.0, -1.0, -1.0, -1.0, -1.0, -1.0, -1.0, -1.0, -1.0, -1.0, -1.0, -1.0, -1.0, -1.0, -1.0, -1.0, -1.0]",-1.47592,"[17.0182, 21.3022, 38.9613, 38.4118]",0.334256
1.0,1.01865,0.0,0.0,22.612,1550.0,315.289,415.288,93.6952,4,"[200.0, 200.0, 200.0, 200.0, 200.0, 200.0, 200.0, 200.0, 200.0, 200.0, 200.0, 200.0, 200.0, 200.0, 200.0, 200.0, 200.0, 200.0, 200.0, 200.0, 200.0, 200.0, 200.0, 200.0, 200.0, 200.0, 200.0, 200.0, 200.0, 200.0, 200.0, 200.0, 200.0, 200.0, 200.0, 200.0]",1,2464.69,39.5695,64.8118,0.533585,-0.8,"[-1.0, -1.0, -1.0, -1.0, -1.0, -1.0, -1.0, -1.0, -1.0, -1.0, -1.0, -1.0, -1.0, -1.0, -1.0, -1.0, -1.0, -1.0, -1.0]",-1.47561,"[16.5114, 20.5983, 37.3721, 36.9071]",0.333395
1.0,1.02572,0.0,0.0,22.634,1550.0,315.75,415.749,93.6952,4,"[200.0, 200.0, 200.0, 200.0, 200.0, 200.0, 200.0, 200.0, 200.0, 200.0, 200.0, 200.0, 200.0, 200.0, 200.0, 200.0, 200.0, 200.0, 200.0, 200.0, 200.0, 200.0, 200.0, 200.0, 200.0, 200.0, 200.0, 200.0, 200.0, 200.0, 200.0, 200.0, 200.0, 200.0, 200.0, 200.0]",1,2477.5,38.6438,64.3557,0.508132,-0.8,"[-1.0, -1.0, -1.0, -1.0, -1.0, -1.0, -1.0, -1.0, -1.0, -1.0, -1.0, -1.0, -1.0, -1.0, -1.0, -1.0, -1.0, -1.0, -1.0]",-1.47527,"[15.8502, 19.9639, 35.7991, 35.6563]",0.334744
1.0,1.03331,0.0,0.0,22.656,1550.0,316.205,416.204,93.6952,4,"[200.0, 200.0, 200.0, 200.0, 200.0, 200.0, 200.0, 200.0, 200.0, 200.0, 200.0, 200.0, 200.0, 200.0, 200.0, 200.0, 200.0, 200.0, 200.0, 200.0, 200.0, 200.0, 200.0, 200.0, 200.0, 200.0, 200.0, 200.0, 200.0, 200.0, 200.0, 200.0, 200.0, 200.0, 200.0, 200.0]",1,2490.27,37.7275,63.9452,0.457342,-0.8,"[-1.0, -1.0, -1.0, -1.0, -1.0, -1.0, -1.0, -1.0, -1.0, -1.0, -1.0, -1.0, -1.0, -1.0, -1.0, -1.0, -1.0, -1.0, -1.0]",-1.47494,"[15.0884, 19.4522, 34.3484, 34.6652]",0.338467
1.0,1.04157,0.0,0.0,22.678,1550.0,316.656,416.655,93.6952,4,"[200.0, 200.0, 200.0, 200.0, 200.0, 200.0, 200.0, 200.0, 200.0, 200.0, 200.0, 200.0, 200.0, 200.0, 200.0, 200.0, 200.0, 200.0, 200.0, 200.0, 200.0, 200.0, 200.0, 200.0, 200.0, 200.0, 200.0, 200.0, 200.0, 200.0, 200.0, 200.0, 200.0, 200.0, 200.0, 200.0]",1,1653.07,36.7241,63.4358,0.517348,-0.8,"[-1.0, -1.0, -1.0, -1.0, -1.0, -1.0, -1.0, -1.0, -1.0, -1.0, -1.0, -1.0, -1.0, -1.0, -1.0, -1.0, -1.0, -1.0, -1.0]",-1.47459,"[14.1866, 18.8303, 33.1, 33.671]",0.343584
1.0,1.05015,0.0,0.0,22.7,1550.0,317.101,417.1,93.6952,3,"[200.0, 200.0, 200.0, 200.0, 200.0, 200.0, 200.0, 200.0, 200.0, 200.0, 200.0, 200.0, 200.0, 200.0, 200.0, 200.0, 200.0, 200.0, 200.0, 200.0, 200.0, 200.0, 200.0, 200.0, 200.0, 200.0, 200.0, 200.0, 200.0, 200.0, 200.0, 200.0, 200.0, 200.0, 200.0, 200.0]",1,2165.45,35.7246,62.9499,0.559334,-0.8,"[-1.0, -1.0, -1.0, -1.0, -1.0, -1.0, -1.0, -1.0, -1.0, -1.0, -1.0, -1.0, -1.0, -1.0, -1.0, -1.0, -1.0, -1.0, -1.0]",-1.47426,"[13.4307, 18.1037, 32.4278, 33.0985]",0.341244
1.0,1.05917,0.0,0.0,22.722,1550.0,317.54,417.539,93.6952,3,"[200.0, 200.0, 200.0, 200.0, 200.0, 200.0, 200.0, 200.0, 200.0, 200.0, 200.0, 200.0, 200.0, 200.0, 200.0, 200.0, 200.0, 200.0, 200.0, 200.0, 200.0, 200.0, 200.0, 200.0, 200.0, 200.0, 200.0, 200.0, 200.0, 200.0, 200.0, 200.0, 200.0, 200.0, 200.0, 200.0]",1,2178.79,34.7214,62.4115,0.60743,-0.8,"[-1.0, -1.0, -1.0, -1.0, -1.0, -1.0, -1.0, -1.0, -1.0, -1.0, -1.0, -1.0, -1.0, -1.0, -1.0, -1.0, -1.0, -1.0, -1.0]",-1.47394,"[12.7235, 17.3887, 31.049, 32.1079]",0.348355
1.0,1.06738,0.0,0.0,22.744,1550.0,317.974,417.973,93.6952,3,"[200.0, 200.0, 200.0, 200.0, 200.0, 200.0, 200.0, 200.0, 200.0, 200.0, 200.0, 200.0, 200.0, 200.0, 200.0, 200.0, 200.0, 200.0, 200.0, 200.0, 200.0, 200.0, 200.0, 200.0, 200.0, 200.0, 200.0, 200.0, 200.0, 200.0, 200.0, 200.0, 200.0, 200.0, 200.0, 200.0]",1,2192.12,33.8055,61.8615,0.612409,-0.8,"[-1.0, -1.0, -1.0, -1.0, -1.0, -1.0, -1.0, -1.0, -1.0, -1.0, -1.0, -1.0, -1.0, -1.0, -1.0, -1.0, -1.0, -1.0, -1.0]",-1.47367,"[12.0417, 16.6091, 29.9758, 31.1615]",0.351676
1.0,1.07483,0.0,0.0,22.766,1550.0,318.402,418.401,93.6952,3,"[200.0, 200.0, 200.0, 200.0, 200.0, 200.0, 200.0, 200.0, 200.0, 200.0, 200.0, 200.0, 200.0, 200.0, 200.0, 200.0, 200.0, 200.0, 200.0, 200.0, 200.0, 200.0, 200.0, 200.0, 200.0, 200.0, 200.0, 200.0, 200.0, 200.0, 200.0, 200.0, 200.0, 200.0, 200.0, 200.0]",1,2205.44,32.9639,61.2812,0.616767,-0.8,"[-1.0, -1.0, -1.0, -1.0, -1.0, -1.0, -1.0, -1.0, -1.0, -1.0, -1.0, -1.0, -1.0, -1.0, -1.0, -1.0, -1.0, -1.0, -1.0]",-1.47344,"[11.4739, 15.8851, 28.8742, 30.295]",0.348763
1.0,1.08199,0.0,0.0,22.788,1550.0,318.824,418.823,93.6952,3,"[200.0, 200.0, 200.0, 200.0, 200.0, 200.0, 200.0, 200.0, 200.0, 200.0, 200.0, 200.0, 200.0, 200.0, 200.0, 200.0, 200.0, 200.0, 200.0, 200.0, 200.0, 200.0, 200.0, 200.0, 200.0, 200.0, 200.0, 200.0, 200.0, 200.0, 200.0, 200.0, 200.0, 200.0, 200.0, 200.0]",1,2218.74,32.1521,60.8628,0.485726,-0.8,"[-1.0, -1.0, -1.0, -1.0, -1.0, -1.0, -1.0, -1.0, -1.0, -1.0, -1.0, -1.0, -1.0, -1.0, -1.0, -1.0, -1.0, -1.0, -1.0]",-1.47322,"[11.225, 15.0703, 28.1978, 29.7192]",0.341379
1.0,1.08946,0.0,0.0,22.81,1550.0,319.241,419.241,93.6952,3,"[200.0, 200.0, 200.0, 200.0, 200.0, 200.0, 200.0, 200.0, 200.0, 200.0, 200.0, 200.0, 200.0, 200.0, 200.0, 200.0, 200.0, 200.0, 200.0, 200.0, 200.0, 200.0, 200.0, 200.0, 200.0, 200.0, 200.0, 200.0, 200.0, 200.0, 200.0, 200.0, 200.0, 200.0, 200.0, 200.0]",1,2232.03,31.2886,60.2947,0.447446,-0.8,"[-1.0, -1.0, -1.0, -1.0, -1.0, -1.0, -1.0, -1.0, -1.0, -1.0, -1.0, -1.0, -1.0, -1.0, -1.0, -1.0, -1.0, -1.0, -1.0]",-1.47303,"[10.6316, 14.4256, 27.3787, 28.8854]",0.336421
1.0,1.09712,0.0,0.0,22.832,1550.0,319.654,419.653,93.6952,3,"[200.0, 200.0, 200.0, 200.0, 200.0, 200.0, 200.0, 200.0, 200.0, 200.0, 200.0, 200.0, 200.0, 200.0, 200.0, 200.0, 200.0, 200.0, 200.0, 200.0, 200.0, 200.0, 200.0, 200.0, 200.0, 200.0, 200.0, 200.0, 200.0, 200.0, 200.0, 200.0, 200.0, 200.0, 200.0, 200.0]",1,1720.69,30.4714,59.7001,0.480377,-0.8,"[-1.0, -1.0, -1.0, -1.0, -1.0, -1.0, -1.0, -1.0, -1.0, -1.0, -1.0, -1.0, -1.0, -1.0, -1.0, -1.0, -1.0, -1.0, -1.0]",-1.47285,"[9.90482, 13.8944, 26.512, 28.0702]",0.339573
1.0,1.10509,0.0,0.0,22.854,1550.0,320.061,420.06,93.6952,2,"[200.0, 200.0, 200.0, 200.0, 200.0, 200.0, 200.0, 200.0, 200.0, 200.0, 200.0, 200.0, 200.0, 200.0, 200.0, 200.0, 200.0, 200.0, 200.0, 200.0, 200.0, 200.0, 200.0, 200.0, 200.0, 200.0, 200.0, 200.0, 200.0, 200.0, 200.0, 200.0, 200.0, 200.0, 200.0, 200.0]",1,2437.8,29.673,59.2658,0.376731,-0.8,"[-1.0, -1.0, -1.0, -1.0, -1.0, -1.0, -1.0, -1.0, -1.0, -1.0, -1.0, -1.0, -1.0, -1.0, -1.0, -1.0, -1.0, -1.0, -1.0]",-1.47268,"[9.22947, 13.6233, 26.5964, 27.4968]",0.348067
1.0,1.11272,0.0,0.0,22.876,1550.0,320.464,420.463,93.6952,2,"[200.0, 200.0, 200.0, 200.0, 200.0, 200.0, 200.0, 200.0, 200.0, 200.0, 200.0, 200.0, 200.0, 200.0, 200.0, 200.0, 200.0, 200.0, 200.0, 200.0, 200.0, 200.0, 200.0, 200.0, 200.0, 200.0, 200.0, 200.0, 200.0, 200.0, 200.0, 200.0, 200.0, 200.0, 200.0, 200.0]",1,2450.68,28.847,58.7197,0.312259,-0.8,"[-1.0, -1.0, -1.0, -1.0, -1.0, -1.0, -1.0, -1.0, -1.0, -1.0, -1.0, -1.0, -1.0, -1.0, -1.0, -1.0, -1.0, -1.0, -1.0]",-1.47254,"[8.589, 12.9696, 25.894, 26.6138]",0.351395
1.0,1.12058,0.0,0.0,22.898,1550.0,320.861,420.86,93.6952,2,"[200.0, 200.0, 200.0, 200.0, 200.0, 200.0, 200.0, 200.0, 200.0, 200.0, 200.0, 200.0, 200.0, 200.0, 200.0, 200.0, 200.0, 200.0, 200.0, 200.0, 200.0, 200.0, 200.0, 200.0, 200.0, 200.0, 200.0, 200.0, 200.0, 200.0, 200.0, 200.0, 200.0, 200.0, 200.0, 200.0]",1,2463.52,28.0512,58.1754,0.287759,-0.8,"[-1.0, -1.0, -1.0, -1.0, -1.0, -1.0, -1.0, -1.0, -1.0, -1.0, -1.0, -1.0, -1.0, -1.0, -1.0, -1.0, -1.0, -1.0, -1.0]",-1.47242,"[8.2684, 12.2935, 24.8487, 25.8631]",0.343662
1.0,1.12884,0.0,0.0,22.92,1550.0,321.252,421.251,93.6952,2,"[200.0, 200.0, 200.0, 200.0, 200.0, 200.0, 200.0, 200.0, 200.0, 200.0, 200.0, 200.0, 200.0, 200.0, 200.0, 200.0, 200.0, 200.0, 200.0, 200.0, 200.0, 200.0, 200.0, 200.0, 200.0, 200.0, 200.0, 200.0, 200.0, 200.0, 200.0, 200.0, 200.0, 200.0, 200.0, 200.0]",1,2476.33,27.1394,57.5029,0.349753,-0.8,"[-1.0, -1.0, -1.0, -1.0, -1.0, -1.0, -1.0, -1.0, -1.0, -1.0, -1.0, -1.0, -1.0, -1.0, -1.0, -1.0, -1.0, -1.0, -1.0]",-1.47231,"[7.77431, 11.6295, 23.7531, 25.202]",0.334954
1.0,1.13715,0.0,0.0,22.942,1550.0,321.637,421.636,93.6952,2,"[200.0, 200.0, 200.0, 200.0, 200.0, 200.0, 200.0, 200.0, 200.0, 200.0, 200.0, 200.0, 200.0, 200.0, 200.0, 200.0, 200.0, 200.0, 200.0, 200.0, 200.0, 200.0, 200.0, 200.0, 200.0, 200.0, 200.0, 200.0, 200.0, 200.0, 200.0, 200.0, 200.0, 200.0, 200.0, 200.0]",1,2489.11,26.3023,56.8643,0.377246,-0.8,"[-1.0, -1.0, -1.0, -1.0, -1.0, -1.0, -1.0, -1.0, -1.0, -1.0, -1.0, -1.0, -1.0, -1.0, -1.0, -1.0, -1.0, -1.0, -1.0]",-1.47222,"[7.04901, 11.209, 22.7839, 24.2953]",0.338468
1.0,1.14572,0.0,0.0,22.964,1550.0,322.017,422.016,93.6952,2,"[200.0, 200.0, 200.0, 200.0, 200.0, 200.0, 200.0, 200.0, 200.0, 200.0, 200.0, 200.0, 200.0, 200.0, 200.0, 200.0, 200.0, 200.0, 200.0, 200.0, 200.0, 200.0, 200.0, 200.0, 200.0, 200.0, 200.0, 200.0, 200.0, 200.0, 200.0, 200.0, 200.0, 200.0, 200.0, 200.0]",1,2501.85,25.4552,56.1745,0.445009,-0.8,"[-1.0, -1.0, -1.0, -1.0, -1.0, -1.0, -1.0, -1.0, -1.0, -1.0, -1.0, -1.0, -1.0, -1.0, -1.0, -1.0, -1.0, -1.0, -1.0]",-1.47215,"[6.34766, 10.841, 22.0445, 23.46]",0.347985
1.0,1.15391,0.0,0.0,22.986,1550.0,322.391,422.39,93.6952,2,"[200.0, 200.0, 200.0, 200.0, 200.0, 200.0, 200.0, 200.0, 200.0, 200.0, 200.0, 200.0, 200.0, 200.0, 200.0, 200.0, 200.0, 200.0, 200.0, 200.0, 200.0, 200.0, 200.0, 200.0, 200.0, 200.0, 200.0, 200.0, 200.0, 200.0, 200.0, 200.0, 200.0, 200.0, 200.0, 200.0]",1,1895.35,24.6102,55.5259,0.450856,-0.8,"[-1.0, -1.0, -1.0, -1.0, -1.0, -1.0, -1.0, -1.0, -1.0, -1.0, -1.0, -1.0, -1.0, -1.0, -1.0, -1.0, -1.0, -1.0, -1.0]",-1.47211,"[6.23537, 10.0822, 21.7684, 22.5146]",0.345344
1.0,1.16242,0.0,0.0,23.008,1550.0,322.759,422.758,93.6952,1,"[200.0, 200.0, 200.0, 200.0, 200.0, 200.0, 200.0, 200.0, 200.0, 200.0, 200.0, 200.0, 200.0, 200.0, 200.0, 200.0, 200.0, 200.0, 200.0, 200.0, 200.0, 200.0, 200.0, 200.0, 200.0, 200.0, 200.0, 200.0, 200.0, 200.0, 200.0, 200.0, 200.0, 200.0, 200.0, 200.0]",1,3211.04,23.7892,54.8034,0.529629,-0.8,"[-1.0, -1.0, -1.0, -1.0, -1.0, -1.0, -1.0, -1.0, -1.0, -1.0, -1.0, -1.0, -1.0, -1.0, -1.0, -1.0, -1.0, -1.0, -1.0]",-1.47209,"[5.64356, 9.48194, 21.6088, 22.4757]",0.335431
1.0,1.171,0.0,0.0,23.03,1550.0,323.121,423.12,93.6952,1,"[200.0, 200.0, 200.0, 200.0, 200.0, 200.0, 200.0, 200.0, 200.0, 200.0, 200.0, 200.0, 200.0, 200.0, 200.0, 200.0, 200.0, 200.0, 200.0, 200.0, 200.0, 200.0, 200.0, 200.0, 200.0, 200.0, 200.0, 200.0, 200.0, 200.0, 200.0, 200.0, 200.0, 200.0, 200.0, 200.0]",1,3220.18,22.999,54.247,0.443497,-0.8,"[-1.0, -1.0, -1.0, -1.0, -1.0, -1.0, -1.0, -1.0, -1.0, -1.0, -1.0, -1.0, -1.0, -1.0, -1.0, -1.0, -1.0, -1.0, -1.0]",-1.47209,"[4.95559, 9.27451, 20.2635, 21.6524]",0.340604
1.0,1.1796,0.0,0.0,23.052,1550.0,323.478,423.477,93.6952,1,"[200.0, 200.0, 200.0, 200.0, 200.0, 200.0, 200.0, 200.0, 200.0, 200.0, 200.0, 200.0, 200.0, 200.0, 200.0, 200.0, 200.0, 200.0, 200.0, 200.0, 200.0, 200.0, 200.0, 200.0, 200.0, 200.0, 200.0, 200.0, 200.0, 200.0, 200.0, 200.0, 200.0, 200.0, 200.0, 200.0]",1,3229.26,22.2335,53.546,0.486216,-0.8,"[-1.0, -1.0, -1.0, -1.0, -1.0, -1.0, -1.0, -1.0, -1.0, -1.0, -1.0, -1.0, -1.0, -1.0, -1.0, -1.0, -1.0, -1.0, -1.0]",-1.47212,"[4.27993, 8.69089, 19.4565, 20.7752]",0.350304
1.0,1.18814,0.0,0.0,23.074,1550.0,323.829,423.828,93.6952,1,"[200.0, 200.0, 200.0, 200.0, 200.0, 200.0, 200.0, 200.0, 200.0, 200.0, 200.0, 200.0, 200.0, 200.0, 200.0, 200.0, 200.0, 200.0, 200.0, 200.0, 200.0, 200.0, 200.0, 200.0, 200.0, 200.0, 200.0, 200.0, 200.0, 200.0, 200.0, 200.0, 200.0, 200.0, 200.0, 200.0]",1,3238.26,21.4011,52.833,0.483902,-0.8,"[-1.0, -1.0, -1.0, -1.0, -1.0, -1.0, -1.0, -1.0, -1.0, -1.0, -1.0, -1.0, -1.0, -1.0, -1.0, -1.0, -1.0, -1.0, -1.0]",-1.47217,"[4.28463, 8.00663, 19.1398, 19.7884]",0.341406
1.0,1.19642,0.0,0.0,23.096,1550.0,324.174,424.174,93.6952,1,"[200.0, 200.0, 200.0, 200.0, 200.0, 200.0, 200.0, 200.0, 200.0, 200.0, 200.0, 200.0, 200.0, 200.0, 200.0, 200.0, 200.0, 200.0, 200.0, 200.0, 200.0, 200.0, 200.0, 200.0, 200.0, 200.0, 200.0, 200.0, 200.0, 200.0, 200.0, 200.0, 200.0, 200.0, 200.0, 200.0]",1,3247.19,20.7085,52.2407,0.429281,-0.8,"[-1.0, -1.0, -1.0, -1.0, -1.0, -1.0, -1.0, -1.0, -1.0, -1.0, -1.0, -1.0, -1.0, -1.0, -1.0, -1.0, -1.0, -1.0, -1.0]",-1.47224,"[3.65218, 7.56115, 18.2155, 19.148]",0.337391
1.0,1.20437,0.0,0.0,23.118,1550.0,324.515,424.514,93.6952,1,"[200.0, 200.0, 200.0, 200.0, 200.0, 200.0, 200.0, 200.0, 200.0, 200.0, 200.0, 200.0, 200.0, 200.0, 200.0, 200.0, 200.0, 200.0, 200.0, 200.0, 200.0, 200.0, 200.0, 200.0, 200.0, 200.0, 200.0, 200.0, 200.0, 200.0, 200.0, 200.0, 200.0, 200.0, 200.0, 200.0]",1,3256.06,19.9794,51.5858,0.37136,-0.8,"[-1.0, -1.0, -1.0, -1.0, -1.0, -1.0, -1.0, -1.0, -1.0, -1.0, -1.0, -1.0, -1.0, -1.0, -1.0, -1.0, -1.0, -1.0, -1.0]",-1.47234,"[3.04866, 7.21909, 17.2058, 18.5421]",0.349996
1.0,1.21243,0.0,0.0,23.14,1550.0,324.85,424.849,93.6952,1,"[200.0, 200.0, 200.0, 200.0, 200.0, 200.0, 200.0, 200.0, 200.0, 200.0, 200.0, 200.0, 200.0, 200.0, 200.0, 200.0, 200.0, 200.0, 200.0, 200.0, 200.0, 200.0, 200.0, 200.0, 200.0, 200.0, 200.0, 200.0, 200.0, 200.0, 200.0, 200.0, 200.0, 200.0, 200.0, 200.0]",1,2366.52,19.2676,50.9189,0.296834,-0.8,"[-1.0, -1.0, -1.0, -1.0, -1.0, -1.0, -1.0, -1.0, -1.0, -1.0, -1.0, -1.0, -1.0, -1.0, -1.0, -1.0, -1.0, -1.0, -1.0]",-1.47245,"[2.95893, 6.54897, 17.2003, 17.869]",0.342867
1.0,1.22011,0.0,0.0,23.162,1550.0,325.18,425.179,93.6949,1,"[200.0, 200.0, 200.0, 200.0, 200.0, 200.0, 200.0, 200.0, 200.0, 200.0, 200.0, 200.0, 200.0, 200.0, 200.0, 200.0, 200.0, 200.0, 200.0, 200.0, 200.0, 200.0, 200.0, 200.0, 200.0, 200.0, 200.0, 200.0, 200.0, 200.0, 200.0, 200.0, 200.0, 200.0, 200.0, 200.0]",1,4178.19,18.6546,50.1663,0.396639,-0.8,"[-1.0, -1.0, -1.0, -1.0, -1.0, -1.0, -1.0, -1.0, -1.0, -1.0, -1.0, -1.0, -1.0, -1.0, -1.0, -1.0, -1.0, -1.0, -1.0]",-1.47258,"[2.37109, 6.06393, 30.9328, 29.7474]",0.335641
1.0,1.22894,0.0,0.0,23.184,1550.0,325.505,425.504,93.6944,1,"[200.0, 200.0, 200.0, 200.0, 200.0, 200.0, 200.0, 200.0, 200.0, 200.0, 200.0, 200.0, 200.0, 200.0, 200.0, 200.0, 200.0, 200.0, 200.0, 200.0, 200.0, 200.0, 200.0, 200.0, 200.0, 200.0, 200.0, 200.0, 200.0, 200.0, 200.0, 200.0, 200.0, 200.0, 200.0, 200.0]",1,6329.83,18.051,49.7655,0.328207,-0.8,"[-1.0, -1.0, -1.0, -1.0, -1.0, -1.0, -1.0, -1.0, -1.0, -1.0, -1.0, -1.0, -1.0, -1.0, -1.0, -1.0, -1.0, -1.0, -1.0]",-1.47276,"[1.90054, 6.07933, 46.1926, 46.1926]",0.349519
1.0,1.24013,0.0,0.0,23.206,1550.0,325.826,425.825,93.6935,1,"[200.0, 200.0, 200.0, 200.0, 200.0, 200.0, 200.0, 200.0, 200.0, 200.0, 200.0, 200.0, 200.0, 200.0, 200.0, 200.0, 200.0, 200.0, 200.0, 200.0, 200.0, 200.0, 200.0, 200.0, 200.0, 200.0, 200.0, 200.0, 200.0, 200.0, 200.0, 200.0, 200.0, 200.0, 200.0, 200.0]",1,8519.41,17.4628,49.2794,0.466621,-0.8,"[-1.0, -1.0, -1.0, -1.0, -1.0, -1.0, -1.0, -1.0, -1.0, -1.0, -1.0, -1.0, -1.0, -1.0, -1.0, -1.0, -1.0, -1.0, -1.0]",-1.47301,"[1.64037, 6.0783, 62.5607, 62.5607]",0.339338
1.0,1.25295,0.0,0.0,23.228,1550.0,326.144,426.144,93.6927,1,"[200.0, 200.0, 200.0, 200.0, 200.0, 200.0, 200.0, 200.0, 200.0, 200.0, 200.0, 200.0, 200.0, 200.0, 200.0, 200.0, 200.0, 200.0, 200.0, 200.0, 200.0, 200.0, 200.0, 200.0, 200.0, 200.0, 200.0, 200.0, 200.0, 200.0, 200.0, 200.0, 200.0, 200.0, 200.0, 200.0]",1,9126.01,16.8141,49.0278,0.607003,-0.8,"[-1.0, -1.0, -1.0, -1.0, -1.0, -1.0, -1.0, -1.0, -1.0, -1.0, -1.0, -1.0, -1.0, -1.0, -1.0, -1.0, -1.0, -1.0, -1.0]",-1.47335,"[0.959917, 5.74577, 70.0109, 69.248]",0.337324
1.0,1.26871,0.0,0.0,23.25,1550.0,326.46,426.459,93.692,1,"[200.0, 200.0, 200.0, 200.0, 200.0, 200.0, 200.0, 200.0, 200.0, 200.0, 200.0, 200.0, 200.0, 200.0, 200.0, 200.0, 200.0, 200.0, 200.0, 200.0, 200.0, 200.0, 200.0, 200.0, 200.0, 200.0, 200.0, 200.0, 200.0, 200.0, 200.0, 200.0, 200.0, 200.0, 200.0, 200.0]",1,10119.7,16.1099,48.942,0.475546,-0.8,"[-1.0, -1.0, -1.0, -1.0, -1.0, -1.0, -1.0, -1.0, -1.0, -1.0, -1.0, -1.0, -1.0, -1.0, -1.0, -1.0, -1.0, -1.0, -1.0]",-1.47384,"[-0.283453, 5.59146, 73.6995, 71.9367]",0.351541
1.0,1.28505,0.0,0.0,23.272,1550.0,326.774,426.773,93.6915,1,"[200.0, 200.0, 200.0, 200.0, 200.0, 200.0, 200.0, 200.0, 200.0, 200.0, 200.0, 200.0, 200.0, 200.0, 200.0, 200.0, 200.0, 200.0, 200.0, 200.0, 200.0, 200.0, 200.0, 200.0, 200.0, 200.0, 200.0, 200.0, 200.0, 200.0, 200.0, 200.0, 200.0, 200.0, 200.0, 200.0]",1,9201.13,15.3627,49.0276,0.56727,-0.8,"[-1.0, -1.0, -1.0, -1.0, -1.0, -1.0, -1.0, -1.0, -1.0, -1.0, -1.0, -1.0, -1.0, -1.0, -1.0, -1.0, -1.0, -1.0, -1.0]",-1.47444,"[-0.884383, 5.50983, 71.1558, 68.8837]",0.334702
1.0,1.30342,0.0,0.0,23.294,1550.0,327.087,427.086,93.6911,1,"[200.0, 200.0, 200.0, 200.0, 200.0, 200.0, 200.0, 200.0, 200.0, 200.0, 200.0, 200.0, 200.0, 200.0, 200.0, 200.0, 200.0, 200.0, 200.0, 200.0, 200.0, 200.0, 200.0, 200.0, 200.0, 200.0, 200.0, 200.0, 200.0, 200.0, 200.0, 200.0, 200.0, 200.0, 200.0, 200.0]",1,9423.77,14.5429,48.6926,0.627238,-0.8,"[-1.0, -1.0, -1.0, -1.0, -1.0, -1.0, -1.0, -1.0, -1.0, -1.0, -1.0, -1.0, -1.0, -1.0, -1.0, -1.0, -1.0, -1.0, -1.0]",-1.47517,"[-1.14251, 4.95059, 70.3593, 72.6649]",0.344977
1.0,1.32465,0.0,0.0,23.316,1550.0,327.396,427.395,93.6905,1,"[200.0, 200.0, 200.0, 200.0, 200.0, 200.0, 200.0, 200.0, 200.0, 200.0, 200.0, 200.0, 200.0, 200.0, 200.0, 200.0, 200.0, 200.0, 200.0, 200.0, 200.0, 200.0, 200.0, 200.0, 200.0, 200.0, 200.0, 200.0, 200.0, 200.0, 200.0, 200.0, 200.0, 200.0, 200.0, 200.0]",1,9949.21,13.6992,48.6775,0.38274,-0.8,"[-1.0, -1.0, -1.0, -1.0, -1.0, -1.0, -1.0, -1.0, -1.0, -1.0, -1.0, -1.0, -1.0, -1.0, -1.0, -1.0, -1.0, -1.0, -1.0]",-1.47622,"[-1.90682, 4.91739, 73.6551, 72.6483]",0.355351
1.0,1.34887,0.0,0.0,23.338,1550.0,327.703,427.702,93.6899,1,"[200.0, 200.0, 200.0, 200.0, 200.0, 200.0, 200.0, 200.0, 200.0, 200.0, 200.0, 200.0, 200.0, 200.0, 200.0, 200.0, 200.0, 200.0, 200.0, 200.0, 200.0, 200.0, 200.0, 200.0, 200.0, 200.0, 200.0, 200.0, 200.0, 200.0, 200.0, 200.0, 200.0, 200.0, 200.0, 200.0]",1,9470.33,12.8916,48.2531,0.631566,-0.8,"[-1.0, -1.0, -1.0, -1.0, -1.0, -1.0, -1.0, -1.0, -1.0, -1.0, -1.0, -1.0, -1.0, -1.0, -1.0, -1.0, -1.0, -1.0, -1.0]",-1.47746,"[-2.77364, 4.44961, 69.7943, 69.7943]",0.333848
1.0,1.37622,0.0,0.0,23.36,1550.0,328.007,428.006,93.6897,1,"[200.0, 200.0, 200.0, 200.0, 200.0, 200.0, 200.0, 200.0, 200.0, 200.0, 200.0, 200.0, 200.0, 200.0, 200.0, 200.0, 200.0, 200.0, 200.0, 200.0, 200.0, 200.0, 200.0, 200.0, 200.0, 200.0, 200.0, 200.0, 200.0, 200.0, 200.0, 200.0, 200.0, 200.0, 200.0, 200.0]",1,9418.9,11.666,48.2484,0.313334,-0.8,"[-1.0, -1.0, -1.0, -1.0, -1.0, -1.0, -1.0, -1.0, -1.0, -1.0, -1.0, -1.0, -1.0, -1.0, -1.0, -1.0, -1.0, -1.0, -1.0]",-1.479,"[-3.79429, 3.8857, 68.2867, 70.6426]",0.347677
1.0,1.40659,0.0,0.0,23.382,1550.0,328.308,428.307,93.6889,1,"[200.0, 200.0, 200.0, 200.0, 200.0, 200.0, 200.0, 200.0, 200.0, 200.0, 200.0, 200.0, 200.0, 200.0, 200.0, 200.0, 200.0, 200.0, 200.0, 200.0, 200.0, 200.0, 200.0, 200.0, 200.0, 200.0, 200.0, 200.0, 200.0, 200.0, 200.0, 200.0, 200.0, 200.0, 200.0, 200.0]",1,9944.41,10.5939,48.0135,0.309368,-0.8,"[-1.0, -1.0, -1.0, -1.0, -1.0, -1.0, -1.0, -1.0, -1.0, -1.0, -1.0, -1.0, -1.0, -1.0, -1.0, -1.0, -1.0, -1.0, -1.0]",-1.48093,"[-4.58105, 4.0632, 73.8765, 72.4669]",0.348633
1.0,1.43928,0.0,0.0,23.404,1550.0,328.606,428.606,93.6883,1,"[200.0, 200.0, 200.0, 200.0, 200.0, 200.0, 200.0, 200.0, 200.0, 200.0, 200.0, 200.0, 200.0, 200.0, 200.0, 200.0, 200.0, 200.0, 200.0, 200.0, 200.0, 200.0, 200.0, 200.0, 200.0, 200.0, 200.0, 200.0, 200.0, 200.0, 200.0, 200.0, 200.0, 200.0, 200.0, 200.0]",1,9375.94,9.54597,47.7266,0.527363,-0.8,"[-1.0, -1.0, -1.0, -1.0, -1.0, -1.0, -1.0, -1.0, -1.0, -1.0, -1.0, -1.0, -1.0, -1.0, -1.0, -1.0, -1.0, -1.0, -1.0]",-1.48319,"[-5.63766, 3.4738, 71.142, 69.568]",0.329972
1.0,1.47591,0.0,0.0,23.426,1550.0,328.902,428.901,93.6878,1,"[200.0, 200.0, 200.0, 200.0, 200.0, 200.0, 200.0, 200.0, 200.0, 200.0, 200.0, 200.0, 200.0, 200.0, 200.0, 200.0, 200.0, 200.0, 200.0, 200.0, 200.0, 200.0, 200.0, 200.0, 200.0, 200.0, 200.0, 200.0, 200.0, 200.0, 200.0, 200.0, 200.0, 200.0, 200.0, 200.0]",1,9001.2,8.10911,47.5106,0.581891,-0.8,"[-1.0, -1.0, -1.0, -1.0, -1.0, -1.0, -1.0, -1.0, -1.0, -1.0, -1.0, -1.0, -1.0, -1.0, -1.0, -1.0, -1.0, -1.0, -1.0]",-1.48577,"[-6.42486, 2.61346, 67.5276, 67.5276]",0.355367
1.0,1.51763,0.0,0.0,23.448,1550.0,329.193,429.192,93.6873,1,"[200.0, 200.0, 200.0, 200.0, 200.0, 200.0, 200.0, 200.0, 200.0, 200.0, 200.0, 200.0, 200.0, 200.0, 200.0, 200.0, 200.0, 200.0, 200.0, 200.0, 200.0, 200.0, 200.0, 200.0, 200.0, 200.0, 200.0, 200.0, 200.0, 200.0, 200.0, 200.0, 200.0, 200.0, 200.0, 200.0]",1,9467.98,6.34076,47.0501,0.681031,-0.8,"[-1.0, -1.0, -1.0, -1.0, -1.0, -1.0, -1.0, -1.0, -1.0, -1.0, -1.0, -1.0, -1.0, -1.0, -1.0, -1.0, -1.0, -1.0, -1.0]",-1.48871,"[-8.38705, 2.64737, 71.8758, 70.2987]",0.329035
1.0,1.56197,0.0,0.0,23.47,1550.0,329.481,429.481,93.6866,1,"[200.0, 200.0, 200.0, 200.0, 200.0, 200.0, 200.0, 200.0, 200.0, 200.0, 200.0, 200.0, 200.0, 200.0, 200.0, 200.0, 200.0, 200.0, 200.0, 200.0, 200.0, 200.0, 200.0, 200.0, 200.0, 200.0, 200.0, 200.0, 200.0, 200.0, 200.0, 200.0, 200.0, 200.0, 200.0, 200.0]",1,9868.3,4.73383,46.9582,0.665655,-0.8,"[-1.0, -1.0, -1.0, -1.0, -1.0, -1.0, -1.0, -1.0, -1.0, -1.0, -1.0, -1.0, -1.0, -1.0, -1.0, -1.0, -1.0, -1.0, -1.0]",-1.492,"[-8.61921, 2.55639, 72.2956, 71.4099]",0.345681
1.0,1.61,0.0,0.0,23.492,1550.0,329.767,429.766,93.686,1,"[200.0, 200.0, 200.0, 200.0, 200.0, 200.0, 200.0, 200.0, 200.0, 200.0, 200.0, 200.0, 200.0, 200.0, 200.0, 200.0, 200.0, 200.0, 200.0, 200.0, 200.0, 200.0, 200.0, 200.0, 200.0, 200.0, 200.0, 200.0, 200.0, 200.0, 200.0, 200.0, 200.0, 200.0, 200.0, 200.0]",1,9442.05,-2.798,46.3521,1.03442,-0.8,"[-1.0, -1.0, -1.0, -1.0, -1.0, -1.0, -1.0, -1.0, -1.0, -1.0, -1.0, -1.0, -1.0, -1.0, -1.0, -1.0, -1.0, -1.0, -1.0]",-1.49516,"[-11.0936, 1.01444, 70.6658, 70.9202]",0.339544
1.0,1.66106,0.0,0.0,23.514,1550.0,330.05,430.049,93.6856,1,"[200.0, 200.0, 200.0, 200.0, 200.0, 200.0, 200.0, 200.0, 200.0, 200.0, 200.0, 200.0, 200.0, 200.0, 200.0, 200.0, 200.0, 200.0, 200.0, 200.0, 200.0, 200.0, 200.0, 200.0, 200.0, 200.0, 200.0, 200.0, 200.0, 200.0, 200.0, 200.0, 200.0, 200.0, 200.0, 200.0]",1,10210.2,-10.5831,45.4994,0.617986,-0.8,"[-1.0, -1.0, -1.0, -1.0, -1.0, -1.0, -1.0, -1.0, -1.0, -1.0, -1.0, -1.0, -1.0, -1.0, -1.0, -1.0, -1.0, -1.0, -1.0]",-1.48821,"[-13.1659, -0.804895, 74.2702, 70.4513]",0.3504
1.0,1.71306,0.0,0.0,23.536,1550.0,330.332,430.331,93.6854,1,"[200.0, 200.0, 200.0, 200.0, 200.0, 200.0, 200.0, 200.0, 200.0, 200.0, 200.0, 200.0, 200.0, 200.0, 200.0, 200.0, 200.0, 200.0, 200.0, 200.0, 200.0, 200.0, 200.0, 200.0, 200.0, 200.0, 200.0, 200.0, 200.0, 200.0, 200.0, 200.0, 200.0, 200.0, 200.0, 200.0]",1,9849.13,-12.8318,44.8285,0.0203474,-0.8,"[-1.0, -1.0, -1.0, -1.0, -1.0, -1.0, -1.0, -1.0, -1.0, -1.0, -1.0, -1.0, -1.0, -1.0, -1.0, -1.0, -1.0, -1.0, -1.0]",-1.48279,"[-13.1659, -0.804851, 70.2601, 72.3385]",0.371029
1.0,1.76489,0.0,0.0,23.558,1550.0,330.614,430.613,93.6852,1,"[200.0, 200.0, 200.0, 200.0, 200.0, 200.0, 200.0, 200.0, 200.0, 200.0, 200.0, 200.0, 200.0, 200.0, 200.0, 200.0, 200.0, 200.0, 200.0, 200.0, 200.0, 200.0, 200.0, 200.0, 200.0, 200.0, 200.0, 200.0, 200.0, 200.0, 200.0, 200.0, 200.0, 200.0, 200.0, 200.0]",1,10085.9,-15.0267,44.0645,-0.569844,-0.8,"[-1.0, -1.0, -1.0, -1.0, -1.0, -1.0, -1.0, -1.0, -1.0, -1.0, -1.0, -1.0, -1.0, -1.0, -1.0, -1.0, -1.0, -1.0, -1.0]",-1.47754,"[-13.1659, -0.804851, 75.4914, 74.1207]",0.35531
1.0,1.81634,0.0,0.0,23.58,1550.0,330.895,430.894,93.6849,1,"[200.0, 200.0, 200.0, 200.0, 200.0, 200.0, 200.0, 200.0, 200.0, 200.0, 200.0, 200.0, 200.0, 200.0, 200.0, 200.0, 200.0, 200.0, 200.0, 200.0, 200.0, 200.0, 200.0, 200.0, 200.0, 200.0, 200.0, 200.0, 200.0, 200.0, 200.0, 200.0, 200.0, 200.0, 200.0, 200.0]",1,10157.4,-17.1143,43.1648,-1.12073,-0.8,"[-1.0, -1.0, -1.0, -1.0, -1.0, -1.0, -1.0, -1.0, -1.0, -1.0, -1.0, -1.0, -1.0, -1.0, -1.0, -1.0, -1.0, -1.0, -1.0]",-1.47234,"[-13.1659, -0.804851, 73.3459, 72.5108]",0.375
1.0,1.8681,0.0,0.0,23.602,1550.0,331.176,431.175,93.6849,1,"[200.0, 200.0, 200.0, 200.0, 200.0, 200.0, 200.0, 200.0, 200.0, 200.0, 200.0, 200.0, 200.0, 200.0, 200.0, 200.0, 200.0, 200.0, 200.0, 200.0, 200.0, 200.0, 200.0, 200.0, 200.0, 200.0, 200.0, 200.0, 200.0, 200.0, 200.0, 200.0, 200.0, 200.0, 200.0, 200.0]",1,9596.68,-19.375,42.164,-1.80053,-0.8,"[-1.0, -1.0, -1.0, -1.0, -1.0, -1.0, -1.0, -1.0, -1.0, -1.0, -1.0, -1.0, -1.0, -1.0, -1.0, -1.0, -1.0, -1.0, -1.0]",-1.46713,"[-13.1659, -0.804851, 71.5618, 72.6063]",0.363541
1.0,1.91863,0.0,0.0,23.624,1550.0,331.456,431.455,93.6843,1,"[200.0, 200.0, 200.0, 200.0, 200.0, 200.0, 200.0, 200.0, 200.0, 200.0, 200.0, 200.0, 200.0, 200.0, 200.0, 200.0, 200.0, 200.0, 200.0, 200.0, 200.0, 200.0, 200.0, 200.0, 200.0, 200.0, 200.0, 200.0, 200.0, 200.0, 200.0, 200.0, 200.0, 200.0, 200.0, 200.0]",1,9885.19,-21.0868,41.0019,-2.20947,-0.8,"[-1.0, -1.0, -1.0, -1.0, -1.0, -1.0, -1.0, -1.0, -1.0, -1.0, -1.0, -1.0, -1.0, -1.0, -1.0, -1.0, -1.0, -1.0, -1.0]",-1.46218,"[-13.1659, -0.804851, 73.5015, 73.46]",0.353399
1.0,1.97064,0.0,0.0,23.646,1550.0,331.732,431.731,93.6843,2,"[200.0, 200.0, 200.0, 200.0, 200.0, 200.0, 200.0, 200.0, 200.0, 200.0, 200.0, 200.0, 200.0, 200.0, 200.0, 200.0, 200.0, 200.0, 200.0, 200.0, 200.0, 200.0, 200.0, 200.0, 200.0, 200.0, 200.0, 200.0, 200.0, 200.0, 200.0, 200.0, 200.0, 200.0, 200.0, 200.0]",1,6253.39,-22.3282,39.1475,-1.95284,-0.8,"[-1.0, -1.0, -1.0, -1.0, -1.0, -1.0, -1.0, -1.0, -1.0, -1.0, -1.0, -1.0, -1.0, -1.0, -1.0, -1.0, -1.0, -1.0, -1.0]",-1.45743,"[-24.5934, -12.4805, 53.1081, 56.0867]",0.357644
1.0,2.02371,0.0,0.0,23.668,1550.0,332.004,432.003,93.6842,2,"[200.0, 200.0, 200.0, 200.0, 200.0, 200.0, 200.0, 200.0, 200.0, 200.0, 200.0, 200.0, 200.0, 200.0, 200.0, 200.0, 200.0, 200.0, 200.0, 200.0, 200.0, 200.0, 200.0, 200.0, 200.0, 200.0, 200.0, 200.0, 200.0, 200.0, 200.0, 200.0, 200.0, 200.0, 200.0, 200.0]",1,6221.79,-23.8503,37.4525,-1.95768,-0.8,"[-1.0, -1.0, -1.0, -1.0, -1.0, -1.0, -1.0, -1.0, -1.0, -1.0, -1.0, -1.0, -1.0, -1.0, -1.0, -1.0, -1.0, -1.0, -1.0]",-1.45296,"[-29.7674, -12.4968, 38.8888, 38.4425]",0.338821
1.0,2.07823,0.0,0.0,23.69,1550.0,332.27,432.269,93.6841,2,"[200.0, 200.0, 200.0, 200.0, 200.0, 200.0, 200.0, 200.0, 200.0, 200.0, 200.0, 200.0, 200.0, 200.0, 200.0, 200.0, 200.0, 200.0, 200.0, 200.0, 200.0, 200.0, 200.0, 200.0, 200.0, 200.0, 200.0, 200.0, 200.0, 200.0, 200.0, 200.0, 200.0, 200.0, 200.0, 200.0]",1,6190.75,-25.0948,35.2257,-1.58022,-0.8,"[-1.0, -1.0, -1.0, -1.0, -1.0, -1.0, -1.0, -1.0, -1.0, -1.0, -1.0, -1.0, -1.0, -1.0, -1.0, -1.0, -1.0, -1.0, -1.0]",-1.44881,"[-30.4277, -18.8006, 18.3671, 13.1546]",0.338848
1.0,2.1332,0.0,0.0,23.712,1550.0,332.528,432.527,93.684,2,"[200.0, 200.0, 200.0, 200.0, 200.0, 200.0, 200.0, 200.0, 200.0, 200.0, 200.0, 200.0, 200.0, 200.0, 200.0, 200.0, 200.0, 200.0, 200.0, 200.0, 200.0, 200.0, 200.0, 200.0, 200.0, 200.0, 200.0, 200.0, 200.0, 200.0, 200.0, 200.0, 200.0, 200.0, 200.0, 200.0]",1,6160.25,-26.4142,32.8144,-1.36156,-0.8,"[-1.0, -1.0, -1.0, -1.0, -1.0, -1.0, -1.0, -1.0, -1.0, -1.0, -1.0, -1.0, -1.0, -1.0, -1.0, -1.0, -1.0, -1.0, -1.0]",-1.44475,"[-32.0364, -19.0405, -5.72523, -3.30855]",0.333419
1.0,2.18339,0.0,0.0,23.734,1550.0,332.779,432.779,93.6839,2,"[200.0, 200.0, 200.0, 200.0, 200.0, 200.0, 200.0, 200.0, 200.0, 200.0, 200.0, 200.0, 200.0, 200.0, 200.0, 200.0, 200.0, 200.0, 200.0, 200.0, 200.0, 200.0, 200.0, 200.0, 200.0, 200.0, 200.0, 200.0, 200.0, 200.0, 200.0, 200.0, 200.0, 200.0, 200.0, 200.0]",1,6130.29,-27.7426,30.0659,-0.846134,-0.8,"[-1.0, -1.0, -1.0, -1.0, -1.0, -1.0, -1.0, -1.0, -1.0, -1.0, -1.0, -1.0, -1.0, -1.0, -1.0, -1.0, -1.0, -1.0, -1.0]",-1.4405,"[-32.4273, -20.0589, -16.5439, -17.0241]",0.331553
1.0,2.23318,0.0,0.0,23.756,1550.0,333.023,433.022,93.6838,2,"[200.0, 200.0, 200.0, 200.0, 200.0, 200.0, 200.0, 200.0, 200.0, 200.0, 200.0, 200.0, 200.0, 200.0, 200.0, 200.0, 200.0, 200.0, 200.0, 200.0, 200.0, 200.0, 200.0, 200.0, 200.0, 200.0, 200.0, 200.0, 200.0, 200.0, 200.0, 200.0, 200.0, 200.0, 200.0, 200.0]",1,6100.84,-29.2439,27.1853,-0.405387,-0.8,"[-1.0, -1.0, -1.0, -1.0, -1.0, -1.0, -1.0, -1.0, -1.0, -1.0, -1.0, -1.0, -1.0, -1.0, -1.0, -1.0, -1.0, -1.0, -1.0]",-1.43551,"[-32.7875, -21.5575, -23.0943, -20.7472]",0.333874
1.0,2.27974,0.0,0.0,23.778,1550.0,333.261,433.26,93.6838,2,"[200.0, 200.0, 200.0, 200.0, 200.0, 200.0, 200.0, 200.0, 200.0, 200.0, 200.0, 200.0, 200.0, 200.0, 200.0, 200.0, 200.0, 200.0, 200.0, 200.0, 200.0, 200.0, 200.0, 200.0, 200.0, 200.0, 200.0, 200.0, 200.0, 200.0, 200.0, 200.0, 200.0, 200.0, 200.0, 200.0]",1,942.478,-30.6514,24.6543,-0.320912,-0.8,"[-1.0, -1.0, -1.0, -1.0, -1.0, -1.0, -1.0, -1.0, -1.0, -1.0, -1.0, -1.0, -1.0, -1.0, -1.0, -1.0, -1.0, -1.0, -1.0]",-1.42978,"[-33.2111, -22.4694, -22.5316, -21.0327]",0.338192
1.0,2.32499,0.0,0.0,23.8,1550.0,333.495,433.494,93.6838,1,"[200.0, 200.0, 200.0, 200.0, 200.0, 200.0, 200.0, 200.0, 200.0, 200.0, 200.0, 200.0, 200.0, 200.0, 200.0, 200.0, 200.0, 200.0, 200.0, 200.0, 200.0, 200.0, 200.0, 200.0, 200.0, 200.0, 200.0, 200.0, 200.0, 200.0, 200.0, 200.0, 200.0, 200.0, 200.0, 200.0]",1,957.884,-31.7828,22.3977,-0.429617,-0.8,"[-1.0, -1.0, -1.0, -1.0, -1.0, -1.0, -1.0, -1.0, -1.0, -1.0, -1.0, -1.0, -1.0, -1.0, -1.0, -1.0, -1.0, -1.0, -1.0]",-1.42346,"[-33.3494, -23.3546, -24.2944, -22.8465]",0.350389
1.0,2.3694,0.0,0.0,23.822,1550.0,333.726,433.725,93.6838,1,"[200.0, 200.0, 200.0, 200.0, 200.0, 200.0, 200.0, 200.0, 200.0, 200.0, 200.0, 200.0, 200.0, 200.0, 200.0, 200.0, 200.0, 200.0, 200.0, 200.0, 200.0, 200.0, 200.0, 200.0, 200.0, 200.0, 200.0, 200.0, 200.0, 200.0, 200.0, 200.0, 200.0, 200.0, 200.0, 200.0]",1,974.847,-32.8125,20.4509,-0.82056,-0.8,"[-1.0, -1.0, -1.0, -1.0, -1.0, -1.0, -1.0, -1.0, -1.0, -1.0, -1.0, -1.0, -1.0, -1.0, -1.0, -1.0, -1.0, -1.0, -1.0]",-1.41674,"[-33.8815, -23.3978, -25.4789, -22.8876]",0.340684
1.0,2.41175,0.0,0.0,23.844,1550.0,333.956,433.955,93.6838,1,"[200.0, 200.0, 200.0, 200.0, 200.0, 200.0, 200.0, 200.0, 200.0, 200.0, 200.0, 200.0, 200.0, 200.0, 200.0, 200.0, 200.0, 200.0, 200.0, 200.0, 200.0, 200.0, 200.0, 200.0, 200.0, 200.0, 200.0, 200.0, 200.0, 200.0, 200.0, 200.0, 200.0, 200.0, 200.0, 200.0]",1,991.824,-33.7027,18.7714,-0.948775,-0.8,"[-1.0, -1.0, -1.0, -1.0, -1.0, -1.0, -1.0, -1.0, -1.0, -1.0, -1.0, -1.0, -1.0, -1.0, -1.0, -1.0, -1.0, -1.0, -1.0]",-1.40982,"[-34.1619, -24.4716, -25.5101, -24.0241]",0.362408
1.0,2.45499,0.0,0.0,23.866,1550.0,334.186,434.185,93.6838,1,"[200.0, 200.0, 200.0, 200.0, 200.0, 200.0, 200.0, 200.0, 200.0, 200.0, 200.0, 200.0, 200.0, 200.0, 200.0, 200.0, 200.0, 200.0, 200.0, 200.0, 200.0, 200.0, 200.0, 200.0, 200.0, 200.0, 200.0, 200.0, 200.0, 200.0, 200.0, 200.0, 200.0, 200.0, 200.0, 200.0]",1,1008.82,-34.5441,17.1788,-1.49336,-0.8,"[-1.0, -1.0, -1.0, -1.0, -1.0, -1.0, -1.0, -1.0, -1.0, -1.0, -1.0, -1.0, -1.0, -1.0, -1.0, -1.0, -1.0, -1.0, -1.0]",-1.40268,"[-34.6483, -24.7556, -25.5101, -24.0241]",0.350586
1.0,2.49537,0.0,0.0,23.888,1550.0,334.415,434.414,93.6838,1,"[200.0, 200.0, 200.0, 200.0, 200.0, 200.0, 200.0, 200.0, 200.0, 200.0, 200.0, 200.0, 200.0, 200.0, 200.0, 200.0, 200.0, 200.0, 200.0, 200.0, 200.0, 200.0, 200.0, 200.0, 200.0, 200.0, 200.0, 200.0, 200.0, 200.0, 200.0, 200.0, 200.0, 200.0, 200.0, 200.0]",1,1025.82,-35.2373,15.333,-1.54167,-0.8,"[-1.0, -1.0, -1.0, -1.0, -1.0, -1.0, -1.0, -1.0, -1.0, -1.0, -1.0, -1.0, -1.0, -1.0, -1.0, -1.0, -1.0, -1.0, -1.0]",-1.39541,"[-34.4914, -24.8596, -26.3673, -24.6134]",0.347548
1.0,2.53238,0.0,0.0,23.91,1550.0,334.642,434.641,93.6838,1,"[200.0, 200.0, 200.0, 200.0, 200.0, 200.0, 200.0, 200.0, 200.0, 200.0, 200.0, 200.0, 200.0, 200.0, 200.0, 200.0, 200.0, 200.0, 200.0, 200.0, 200.0, 200.0, 200.0, 200.0, 200.0, 200.0, 200.0, 200.0, 200.0, 200.0, 200.0, 200.0, 200.0, 200.0, 200.0, 200.0]",1,1042.84,-35.6984,13.7356,-1.95819,-0.8,"[-1.0, -1.0, -1.0, -1.0, -1.0, -1.0, -1.0, -1.0, -1.0, -1.0, -1.0, -1.0, -1.0, -1.0, -1.0, -1.0, -1.0, -1.0, -1.0]",-1.38791,"[-34.3024, -26.1306, -29.264, -26.7029]",0.365686
1.0,2.56289,0.0,0.0,23.932,1550.0,334.867,434.866,93.6838,1,"[200.0, 200.0, 200.0, 200.0, 200.0, 200.0, 200.0, 200.0, 200.0, 200.0, 200.0, 200.0, 200.0, 200.0, 200.0, 200.0, 200.0, 200.0, 200.0, 200.0, 200.0, 200.0, 200.0, 200.0, 200.0, 200.0, 200.0, 200.0, 200.0, 200.0, 200.0, 200.0, 200.0, 200.0, 200.0, 200.0]",1,942.478,-36.0153,12.1503,-1.94532,-0.8,"[-1.0, -1.0, -1.0, -1.0, -1.0, -1.0, -1.0, -1.0, -1.0, -1.0, -1.0, -1.0, -1.0, -1.0, -1.0, -1.0, -1.0, -1.0, -1.0]",-1.38012,"[-33.5253, -27.299, -30.3512, -28.539]",0.337039
1.0,2.58681,0.0,0.0,23.954,1550.0,335.092,435.091,93.6838,1,"[200.0, 200.0, 200.0, 200.0, 200.0, 200.0, 200.0, 200.0, 200.0, 200.0, 200.0, 200.0, 200.0, 200.0, 200.0, 200.0, 200.0, 200.0, 200.0, 200.0, 200.0, 200.0, 200.0, 200.0, 200.0, 200.0, 200.0, 200.0, 200.0, 200.0, 200.0, 200.0, 200.0, 200.0, 200.0, 200.0]",1,942.478,-36.1666,11.2097,-2.23074,-0.8,"[-1.0, -1.0, -1.0, -1.0, -1.0, -1.0, -1.0, -1.0, -1.0, -1.0, -1.0, -1.0, -1.0, -1.0, -1.0, -1.0, -1.0, -1.0, -1.0]",-1.37237,"[-33.3942, -28.0373, -22.7942, -21.5969]",0.352152
1.0,2.60257,0.0,0.0,23.976,1550.0,335.314,435.314,93.6838,1,"[200.0, 200.0, 200.0, 200.0, 200.0, 200.0, 200.0, 200.0, 200.0, 200.0, 200.0, 200.0, 200.0, 200.0, 200.0, 200.0, 200.0, 200.0, 200.0, 200.0, 200.0, 200.0, 200.0, 200.0, 200.0, 200.0, 200.0, 200.0, 200.0, 200.0, 200.0, 200.0, 200.0, 200.0, 200.0, 200.0]",1,942.478,-35.9836,10.6867,-1.82142,-0.8,"[-1.0, -1.0, -1.0, -1.0, -1.0, -1.0, -1.0, -1.0, -1.0, -1.0, -1.0, -1.0, -1.0, -1.0, -1.0, -1.0, -1.0, -1.0, -1.0]",-1.36465,"[-32.3627, -29.0628, -18.4877, -18.7916]",0.345906
1.0,2.61463,0.0,0.0,23.998,1550.0,335.536,435.535,93.6838,1,"[200.0, 200.0, 200.0, 200.0, 200.0, 200.0, 200.0, 200.0, 200.0, 200.0, 200.0, 200.0, 200.0, 200.0, 200.0, 200.0, 200.0, 200.0, 200.0, 200.0, 200.0, 200.0, 200.0, 200.0, 200.0, 200.0, 200.0, 200.0, 200.0, 200.0, 200.0, 200.0, 200.0, 200.0, 200.0, 200.0]",1,942.478,-35.8228,10.0441,-2.0126,-0.8,"[-1.0, -1.0, -1.0, -1.0, -1.0, -1.0, -1.0, -1.0, -1.0, -1.0, -1.0, -1.0, -1.0, -1.0, -1.0, -1.0, -1.0, -1.0, -1.0]",-1.35702,"[-32.0096, -29.5291, -15.5913, -16.0256]",0.340807
1.0,2.62031,0.0,0.0,24.02,1550.0,335.754,435.753,93.6838,1,"[200.0, 200.0, 200.0, 200.0, 200.0, 200.0, 200.0, 200.0, 200.0, 200.0, 200.0, 200.0, 200.0, 200.0, 200.0, 200.0, 200.0, 200.0, 200.0, 200.0, 200.0, 200.0, 200.0, 200.0, 200.0, 200.0, 200.0, 200.0, 200.0, 200.0, 200.0, 200.0, 200.0, 200.0, 200.0, 200.0]",1,942.478,-35.4678,9.82401,-1.74801,-0.8,"[-1.0, -1.0, -1.0, -1.0, -1.0, -1.0, -1.0, -1.0, -1.0, -1.0, -1.0, -1.0, -1.0, -1.0, -1.0, -1.0, -1.0, -1.0, -1.0]",-1.34951,"[-31.1633, -30.42, -14.7212, -14.707]",0.336001
1.0,2.62133,0.0,0.0,24.042,1550.0,335.971,435.97,93.6838,1,"[200.0, 200.0, 200.0, 200.0, 200.0, 200.0, 200.0, 200.0, 200.0, 200.0, 200.0, 200.0, 200.0, 200.0, 200.0, 200.0, 200.0, 200.0, 200.0, 200.0, 200.0, 200.0, 200.0, 200.0, 200.0, 200.0, 200.0, 200.0, 200.0, 200.0, 200.0, 200.0, 200.0, 200.0, 200.0, 200.0]",1,942.478,-35.1003,9.54932,-1.56186,-0.8,"[-1.0, -1.0, -1.0, -1.0, -1.0, -1.0, -1.0, -1.0, -1.0, -1.0, -1.0, -1.0, -1.0, -1.0, -1.0, -1.0, -1.0, -1.0, -1.0]",-1.34205,"[-30.5356, -30.5303, -13.6781, -15.056]",0.346664
1.0,2.62078,0.0,0.0,24.064,1550.0,336.184,436.183,93.6838,1,"[200.0, 200.0, 200.0, 200.0, 200.0, 200.0, 200.0, 200.0, 200.0, 200.0, 200.0, 200.0, 200.0, 200.0, 200.0, 200.0, 200.0, 200.0, 200.0, 200.0, 200.0, 200.0, 200.0, 200.0, 200.0, 200.0, 200.0, 200.0, 200.0, 200.0, 200.0, 200.0, 200.0, 200.0, 200.0, 200.0]",1,942.478,-34.9065,9.19105,-1.60168,-0.8,"[-1.0, -1.0, -1.0, -1.0, -1.0, -1.0, -1.0, -1.0, -1.0, -1.0, -1.0, -1.0, -1.0, -1.0, -1.0, -1.0, -1.0, -1.0, -1.0]",-1.33448,"[-30.3668, -30.2131, -11.4494, -11.2241]",0.33843
1.0,2.61786,0.0,0.0,24.086,1550.0,336.395,436.395,93.6838,1,"[200.0, 200.0, 200.0, 200.0, 200.0, 200.0, 200.0, 200.0, 200.0, 200.0, 200.0, 200.0, 200.0, 200.0, 200.0, 200.0, 200.0, 200.0, 200.0, 200.0, 200.0, 200.0, 200.0, 200.0, 200.0, 200.0, 200.0, 200.0, 200.0, 200.0, 200.0, 200.0, 200.0, 200.0, 200.0, 200.0]",1,942.478,-34.2988,9.02455,-1.30869,-0.8,"[-1.0, -1.0, -1.0, -1.0, -1.0, -1.0, -1.0, -1.0, -1.0, -1.0, -1.0, -1.0, -1.0, -1.0, -1.0, -1.0, -1.0, -1.0, -1.0]",-1.32685,"[-29.5827, -30.3865, -16.4691, -15.4121]",0.331716
1.0,2.61307,0.0,0.0,24.108,1550.0,336.604,436.603,93.6838,1,"[200.0, 200.0, 200.0, 200.0, 200.0, 200.0, 200.0, 200.0, 200.0, 200.0, 200.0, 200.0, 200.0, 200.0, 200.0, 200.0, 200.0, 200.0, 200.0, 200.0, 200.0, 200.0, 200.0, 200.0, 200.0, 200.0, 200.0, 200.0, 200.0, 200.0, 200.0, 200.0, 200.0, 200.0, 200.0, 200.0]",1,942.478,-34.2282,8.84817,-1.48525,-0.8,"[-1.0, -1.0, -1.0, -1.0, -1.0, -1.0, -1.0, -1.0, -1.0, -1.0, -1.0, -1.0, -1.0, -1.0, -1.0, -1.0, -1.0, -1.0, -1.0]",-1.31911,"[-29.4669, -30.3873, -8.07297, -10.1013]",0.35342
1.0,2.60775,0.0,0.0,24.13,1550.0,336.808,436.808,93.6838,1,"[200.0, 200.0, 200.0, 200.0, 200.0, 200.0, 200.0, 200.0, 200.0, 200.0, 200.0, 200.0, 200.0, 200.0, 200.0, 200.0, 200.0, 200.0, 200.0, 200.0, 200.0, 200.0, 200.0, 200.0, 200.0, 200.0, 200.0, 200.0, 200.0, 200.0, 200.0, 200.0, 200.0, 200.0, 200.0, 200.0]",1,942.478,-33.5055,8.46572,-1.19765,-0.8,"[-1.0, -1.0, -1.0, -1.0, -1.0, -1.0, -1.0, -1.0, -1.0, -1.0, -1.0, -1.0, -1.0, -1.0, -1.0, -1.0, -1.0, -1.0, -1.0]",-1.31126,"[-28.26, -29.9444, -17.5305, -18.9159]",0.338754
1.0,2.60213,0.0,0.0,24.152,1550.0,337.01,437.01,93.6838,1,"[200.0, 200.0, 200.0, 200.0, 200.0, 200.0, 200.0, 200.0, 200.0, 200.0, 200.0, 200.0, 200.0, 200.0, 200.0, 200.0, 200.0, 200.0, 200.0, 200.0, 200.0, 200.0, 200.0, 200.0, 200.0, 200.0, 200.0, 200.0, 200.0, 200.0, 200.0, 200.0, 200.0, 200.0, 200.0, 200.0]",1,942.478,-33.2284,8.35352,-1.52267,-0.8,"[-1.0, -1.0, -1.0, -1.0, -1.0, -1.0, -1.0, -1.0, -1.0, -1.0, -1.0, -1.0, -1.0, -1.0, -1.0, -1.0, -1.0, -1.0, -1.0]",-1.30324,"[-28.7239, -29.8464, -16.065, -14.3805]",0.343785
1.0,2.59354,0.0,0.0,24.174,1550.0,337.208,437.207,93.6838,1,"[200.0, 200.0, 200.0, 200.0, 200.0, 200.0, 200.0, 200.0, 200.0, 200.0, 200.0, 200.0, 200.0, 200.0, 200.0, 200.0, 200.0, 200.0, 200.0, 200.0, 200.0, 200.0, 200.0, 200.0, 200.0, 200.0, 200.0, 200.0, 200.0, 200.0, 200.0, 200.0, 200.0, 200.0, 200.0, 200.0]",1,942.478,-32.7335,8.13944,-1.4388,-0.8,"[-1.0, -1.0, -1.0, -1.0, -1.0, -1.0, -1.0, -1.0, -1.0, -1.0, -1.0, -1.0, -1.0, -1.0, -1.0, -1.0, -1.0, -1.0, -1.0]",-1.29512,"[-28.2193, -29.7798, -18.139, -18.238]",0.341457
1.0,2.58551,0.0,0.0,24.196,1550.0,337.404,437.403,93.6838,1,"[200.0, 200.0, 200.0, 200.0, 200.0, 200.0, 200.0, 200.0, 200.0, 200.0, 200.0, 200.0, 200.0, 200.0, 200.0, 200.0, 200.0, 200.0, 200.0, 200.0, 200.0, 200.0, 200.0, 200.0, 200.0, 200.0, 200.0, 200.0, 200.0, 200.0, 200.0, 200.0, 200.0, 200.0, 200.0, 200.0]",1,942.478,-32.4538,8.01954,-1.6223,-0.8,"[-1.0, -1.0, -1.0, -1.0, -1.0, -1.0, -1.0, -1.0, -1.0, -1.0, -1.0, -1.0, -1.0, -1.0, -1.0, -1.0, -1.0, -1.0, -1.0]",-1.28676,"[-27.7723, -29.5545, -15.4496, -16.2227]",0.36177
1.0,2.57631,0.0,0.0,24.218,1550.0,337.596,437.595,93.6838,1,"[200.0, 200.0, 200.0, 200.0, 200.0, 200.0, 200.0, 200.0, 200.0, 200.0, 200.0, 200.0, 200.0, 200.0, 200.0, 200.0, 200.0, 200.0, 200.0, 200.0, 200.0, 200.0, 200.0, 200.0, 200.0, 200.0, 200.0, 200.0, 200.0, 200.0, 200.0, 200.0, 200.0, 200.0, 200.0, 200.0]",1,942.478,-32.0026,7.9089,-1.90267,-0.8,"[-1.0, -1.0, -1.0, -1.0, -1.0, -1.0, -1.0, -1.0, -1.0, -1.0, -1.0, -1.0, -1.0, -1.0, -1.0, -1.0, -1.0, -1.0, -1.0]",-1.27833,"[-27.479, -29.0448, -17.2764, -17.8356]",0.337844
1.0,2.56723,0.0,0.0,24.24,1550.0,337.786,437.785,93.6838,1,"[200.0, 200.0, 200.0, 200.0, 200.0, 200.0, 200.0, 200.0, 200.0, 200.0, 200.0, 200.0, 200.0, 200.0, 200.0, 200.0, 200.0, 200.0, 200.0, 200.0, 200.0, 200.0, 200.0, 200.0, 200.0, 200.0, 200.0, 200.0, 200.0, 200.0, 200.0, 200.0, 200.0, 200.0, 200.0, 200.0]",1,942.478,-31.5073,7.79688,-1.97915,-0.8,"[-1.0, -1.0, -1.0, -1.0, -1.0, -1.0, -1.0, -1.0, -1.0, -1.0, -1.0, -1.0, -1.0, -1.0, -1.0, -1.0, -1.0, -1.0, -1.0]",-1.26975,"[-27.1837, -28.9974, -19.7635, -19.5228]",0.350148
1.0,2.55612,0.0,0.0,24.262,1550.0,337.972,437.971,93.6838,1,"[200.0, 200.0, 200.0, 200.0, 200.0, 200.0, 200.0, 200.0, 200.0, 200.0, 200.0, 200.0, 200.0, 200.0, 200.0, 200.0, 200.0, 200.0, 200.0, 200.0, 200.0, 200.0, 200.0, 200.0, 200.0, 200.0, 200.0, 200.0, 200.0, 200.0, 200.0, 200.0, 200.0, 200.0, 200.0, 200.0]",1,942.478,-31.3037,7.4419,-1.83312,-0.8,"[-1.0, -1.0, -1.0, -1.0, -1.0, -1.0, -1.0, -1.0, -1.0, -1.0, -1.0, -1.0, -1.0, -1.0, -1.0, -1.0, -1.0, -1.0, -1.0]",-1.26096,"[-26.2626, -28.5621, -17.0118, -17.1833]",0.347847
1.0,2.54653,0.0,0.0,24.284,1550.0,338.155,438.155,93.6838,1,"[200.0, 200.0, 200.0, 200.0, 200.0, 200.0, 200.0, 200.0, 200.0, 200.0, 200.0, 200.0, 200.0, 200.0, 200.0, 200.0, 200.0, 200.0, 200.0, 200.0, 200.0, 200.0, 200.0, 200.0, 200.0, 200.0, 200.0, 200.0, 200.0, 200.0, 200.0, 200.0, 200.0, 200.0, 200.0, 200.0]",1,942.478,-30.9744,7.41167,-2.09277,-0.8,"[-1.0, -1.0, -1.0, -1.0, -1.0, -1.0, -1.0, -1.0, -1.0, -1.0, -1.0, -1.0, -1.0, -1.0, -1.0, -1.0, -1.0, -1.0, -1.0]",-1.25184,"[-26.5585, -28.4799, -15.2261, -15.5124]",0.355215
1.0,2.53569,0.0,0.0,24.306,1550.0,338.336,438.335,93.6838,1,"[200.0, 200.0, 200.0, 200.0, 200.0, 200.0, 200.0, 200.0, 200.0, 200.0, 200.0, 200.0, 200.0, 200.0, 200.0, 200.0, 200.0, 200.0, 200.0, 200.0, 200.0, 200.0, 200.0, 200.0, 200.0, 200.0, 200.0, 200.0, 200.0, 200.0, 200.0, 200.0, 200.0, 200.0, 200.0, 200.0]",1,942.478,-30.7302,7.31974,-2.28805,-0.8,"[-1.0, -1.0, -1.0, -1.0, -1.0, -1.0, -1.0, -1.0, -1.0, -1.0, -1.0, -1.0, -1.0, -1.0, -1.0, -1.0, -1.0, -1.0, -1.0]",-1.24265,"[-26.2127, -28.2225, -12.6677, -12.8358]",0.333289
1.0,2.52701,0.0,0.0,24.328,1550.0,338.514,438.514,93.6838,1,"[200.0, 200.0, 200.0, 200.0, 200.0, 200.0, 200.0, 200.0, 200.0, 200.0, 200.0, 200.0, 200.0, 200.0, 200.0, 200.0, 200.0, 200.0, 200.0, 200.0, 200.0, 200.0, 200.0, 200.0, 200.0, 200.0, 200.0, 200.0, 200.0, 200.0, 200.0, 200.0, 200.0, 200.0, 200.0, 200.0]",1,942.478,-30.3107,7.17407,-2.13419,-0.8,"[-1.0, -1.0, -1.0, -1.0, -1.0, -1.0, -1.0, -1.0, -1.0, -1.0, -1.0, -1.0, -1.0, -1.0, -1.0, -1.0, -1.0, -1.0, -1.0]",-1.23325,"[-25.5258, -27.5791, -12.6182, -16.0075]",0.343581
1.0,2.5186,0.0,0.0,24.35,1550.0,338.689,438.688,93.6838,1,"[200.0, 200.0, 200.0, 200.0, 200.0, 200.0, 200.0, 200.0, 200.0, 200.0, 200.0, 200.0, 200.0, 200.0, 200.0, 200.0, 200.0, 200.0, 200.0, 200.0, 200.0, 200.0, 200.0, 200.0, 200.0, 200.0, 200.0, 200.0, 200.0, 200.0, 200.0, 200.0, 200.0, 200.0, 200.0, 200.0]",1,942.478,-29.9943,6.94139,-1.99831,-0.8,"[-1.0, -1.0, -1.0, -1.0, -1.0, -1.0, -1.0, -1.0, -1.0, -1.0, -1.0, -1.0, -1.0, -1.0, -1.0, -1.0, -1.0, -1.0, -1.0]",-1.22369,"[-25.4757, -27.4288, -13.7999, -13.5095]",0.341273
1.0,2.50951,0.0,0.0,24.372,1550.0,338.861,438.86,93.6838,1,"[200.0, 200.0, 200.0, 200.0, 200.0, 200.0, 200.0, 200.0, 200.0, 200.0, 200.0, 200.0, 200.0, 200.0, 200.0, 200.0, 200.0, 200.0, 200.0, 200.0, 200.0, 200.0, 200.0, 200.0, 200.0, 200.0, 200.0, 200.0, 200.0, 200.0, 200.0, 200.0, 200.0, 200.0, 200.0, 200.0]",1,942.478,-29.4501,6.88117,-2.05198,-0.8,"[-1.0, -1.0, -1.0, -1.0, -1.0, -1.0, -1.0, -1.0, -1.0, -1.0, -1.0, -1.0, -1.0, -1.0, -1.0, -1.0, -1.0, -1.0, -1.0]",-1.21403,"[-25.1907, -27.2157, -17.9865, -16.3494]",0.357909
1.0,2.49692,0.0,0.0,24.394,1550.0,339.029,439.029,93.6838,1,"[200.0, 200.0, 200.0, 200.0, 200.0, 200.0, 200.0, 200.0, 200.0, 200.0, 200.0, 200.0, 200.0, 200.0, 200.0, 200.0, 200.0, 200.0, 200.0, 200.0, 200.0, 200.0, 200.0, 200.0, 200.0, 200.0, 200.0, 200.0, 200.0, 200.0, 200.0, 200.0, 200.0, 200.0, 200.0, 200.0]",1,942.478,-29.1416,6.73527,-2.24105,-0.8,"[-1.0, -1.0, -1.0, -1.0, -1.0, -1.0, -1.0, -1.0, -1.0, -1.0, -1.0, -1.0, -1.0, -1.0, -1.0, -1.0, -1.0, -1.0, -1.0]",-1.20429,"[-24.4526, -27.205, -16.3438, -15.3688]",0.339559
1.0,2.48529,0.0,0.0,24.416,1550.0,339.195,439.195,93.6838,1,"[200.0, 200.0, 200.0, 200.0, 200.0, 200.0, 200.0, 200.0, 200.0, 200.0, 200.0, 200.0, 200.0, 200.0, 200.0, 200.0, 200.0, 200.0, 200.0, 200.0, 200.0, 200.0, 200.0, 200.0, 200.0, 200.0, 200.0, 200.0, 200.0, 200.0, 200.0, 200.0, 200.0, 200.0, 200.0, 200.0]",1,942.478,-28.8641,6.59021,-2.11697,-0.8,"[-1.0, -1.0, -1.0, -1.0, -1.0, -1.0, -1.0, -1.0, -1.0, -1.0, -1.0, -1.0, -1.0, -1.0, -1.0, -1.0, -1.0, -1.0, -1.0]",-1.1943,"[-23.7915, -26.2769, -14.1875, -14.986]",0.344862
1.0,2.47385,0.0,0.0,24.438,1550.0,339.358,439.357,93.6838,1,"[200.0, 200.0, 200.0, 200.0, 200.0, 200.0, 200.0, 200.0, 200.0, 200.0, 200.0, 200.0, 200.0, 200.0, 200.0, 200.0, 200.0, 200.0, 200.0, 200.0, 200.0, 200.0, 200.0, 200.0, 200.0, 200.0, 200.0, 200.0, 200.0, 200.0, 200.0, 200.0, 200.0, 200.0, 200.0, 200.0]",1,942.478,-28.3735,6.271,-2.10276,-0.8,"[-1.0, -1.0, -1.0, -1.0, -1.0, -1.0, -1.0, -1.0, -1.0, -1.0, -1.0, -1.0, -1.0, -1.0, -1.0, -1.0, -1.0, -1.0, -1.0]",-1.1841,"[-24.0709, -26.591, -18.5907, -17.2905]",0.330145
1.0,2.45871,0.0,0.0,24.46,1550.0,339.514,439.514,93.6838,1,"[200.0, 200.0, 200.0, 200.0, 200.0, 200.0, 200.0, 200.0, 200.0, 200.0, 200.0, 200.0, 200.0, 200.0, 200.0, 200.0, 200.0, 200.0, 200.0, 200.0, 200.0, 200.0, 200.0, 200.0, 200.0, 200.0, 200.0, 200.0, 200.0, 200.0, 200.0, 200.0, 200.0, 200.0, 200.0, 200.0]",1,942.478,-27.8397,5.84461,-2.07641,-0.8,"[-1.0, -1.0, -1.0, -1.0, -1.0, -1.0, -1.0, -1.0, -1.0, -1.0, -1.0, -1.0, -1.0, -1.0, -1.0, -1.0, -1.0, -1.0, -1.0]",-1.17369,"[-22.9567, -26.4917, -21.238, -22.535]",0.351614
1.0,2.44093,0.0,0.0,24.482,1550.0,339.667,439.667,93.6838,1,"[200.0, 200.0, 200.0, 200.0, 200.0, 200.0, 200.0, 200.0, 200.0, 200.0, 200.0, 200.0, 200.0, 200.0, 200.0, 200.0, 200.0, 200.0, 200.0, 200.0, 200.0, 200.0, 200.0, 200.0, 200.0, 200.0, 200.0, 200.0, 200.0, 200.0, 200.0, 200.0, 200.0, 200.0, 200.0, 200.0]",1,942.478,-27.6084,5.76988,-2.3986,-0.8,"[-1.0, -1.0, -1.0, -1.0, -1.0, -1.0, -1.0, -1.0, -1.0, -1.0, -1.0, -1.0, -1.0, -1.0, -1.0, -1.0, -1.0, -1.0, -1.0]",-1.1629,"[-22.9565, -26.5337, -18.7839, -17.4317]",0.343802
1.0,2.42316,0.0,0.0,24.504,1550.0,339.816,439.816,93.6838,1,"[200.0, 200.0, 200.0, 200.0, 200.0, 200.0, 200.0, 200.0, 200.0, 200.0, 200.0, 200.0, 200.0, 200.0, 200.0, 200.0, 200.0, 200.0, 200.0, 200.0, 200.0, 200.0, 200.0, 200.0, 200.0, 200.0, 200.0, 200.0, 200.0, 200.0, 200.0, 200.0, 200.0, 200.0, 200.0, 200.0]",1,942.478,-27.1886,5.44694,-2.1793,-0.8,"[-1.0, -1.0, -1.0, -1.0, -1.0, -1.0, -1.0, -1.0, -1.0, -1.0, -1.0, -1.0, -1.0, -1.0, -1.0, -1.0, -1.0, -1.0, -1.0]",-1.15189,"[-22.2535, -26.5337, -20.3887, -21.1487]",0.361609
1.0,2.40663,0.0,0.0,24.526,1550.0,339.962,439.961,93.6838,1,"[200.0, 200.0, 200.0, 200.0, 200.0, 200.0, 200.0, 200.0, 200.0, 200.0, 200.0, 200.0, 200.0, 200.0, 200.0, 200.0, 200.0, 200.0, 200.0, 200.0, 200.0, 200.0, 200.0, 200.0, 200.0, 200.0, 200.0, 200.0, 200.0, 200.0, 200.0, 200.0, 200.0, 200.0, 200.0, 200.0]",1,942.478,-27.0226,5.33301,-2.38101,-0.8,"[-1.0, -1.0, -1.0, -1.0, -1.0, -1.0, -1.0, -1.0, -1.0, -1.0, -1.0, -1.0, -1.0, -1.0, -1.0, -1.0, -1.0, -1.0, -1.0]",-1.14048,"[-22.2122, -25.8171, -18.2051, -15.6594]",0.347915
1.0,2.38891,0.0,0.0,24.548,1550.0,340.104,440.103,93.6838,1,"[200.0, 200.0, 200.0, 200.0, 200.0, 200.0, 200.0, 200.0, 200.0, 200.0, 200.0, 200.0, 200.0, 200.0, 200.0, 200.0, 200.0, 200.0, 200.0, 200.0, 200.0, 200.0, 200.0, 200.0, 200.0, 200.0, 200.0, 200.0, 200.0, 200.0, 200.0, 200.0, 200.0, 200.0, 200.0, 200.0]",1,942.478,-26.5495,5.12862,-2.28666,-0.8,"[-1.0, -1.0, -1.0, -1.0, -1.0, -1.0, -1.0, -1.0, -1.0, -1.0, -1.0, -1.0, -1.0, -1.0, -1.0, -1.0, -1.0, -1.0, -1.0]",-1.12895,"[-21.744, -25.1959, -19.8829, -20.6183]",0.354965
1.0,2.37186,0.0,0.0,24.57,1550.0,340.242,440.242,93.6838,1,"[200.0, 200.0, 200.0, 200.0, 200.0, 200.0, 200.0, 200.0, 200.0, 200.0, 200.0, 200.0, 200.0, 200.0, 200.0, 200.0, 200.0, 200.0, 200.0, 200.0, 200.0, 200.0, 200.0, 200.0, 200.0, 200.0, 200.0, 200.0, 200.0, 200.0, 200.0, 200.0, 200.0, 200.0, 200.0, 200.0]",1,942.478,-26.3775,4.99157,-2.47088,-0.8,"[-1.0, -1.0, -1.0, -1.0, -1.0, -1.0, -1.0, -1.0, -1.0, -1.0, -1.0, -1.0, -1.0, -1.0, -1.0, -1.0, -1.0, -1.0, -1.0]",-1.11702,"[-21.5638, -25.1325, -17.7116, -15.4968]",0.344527
1.0,2.35346,0.0,0.0,24.592,1550.0,340.378,440.377,93.6838,1,"[200.0, 200.0, 200.0, 200.0, 200.0, 200.0, 200.0, 200.0, 200.0, 200.0, 200.0, 200.0, 200.0, 200.0, 200.0, 200.0, 200.0, 200.0, 200.0, 200.0, 200.0, 200.0, 200.0, 200.0, 200.0, 200.0, 200.0, 200.0, 200.0, 200.0, 200.0, 200.0, 200.0, 200.0, 200.0, 200.0]",1,942.478,-25.8299,5.14905,-2.76865,-0.8,"[-1.0, -1.0, -1.0, -1.0, -1.0, -1.0, -1.0, -1.0, -1.0, -1.0, -1.0, -1.0, -1.0, -1.0, -1.0, -1.0, -1.0, -1.0, -1.0]",-1.10508,"[-21.5638, -25.1674, -19.3916, -20.3707]",0.344736
1.0,2.33439,0.0,0.0,24.614,1550.0,340.51,440.509,93.6838,1,"[200.0, 200.0, 200.0, 200.0, 200.0, 200.0, 200.0, 200.0, 200.0, 200.0, 200.0, 200.0, 200.0, 200.0, 200.0, 200.0, 200.0, 200.0, 200.0, 200.0, 200.0, 200.0, 200.0, 200.0, 200.0, 200.0, 200.0, 200.0, 200.0, 200.0, 200.0, 200.0, 200.0, 200.0, 200.0, 200.0]",1,942.478,-25.6779,5.0226,-2.93986,-0.8,"[-1.0, -1.0, -1.0, -1.0, -1.0, -1.0, -1.0, -1.0, -1.0, -1.0, -1.0, -1.0, -1.0, -1.0, -1.0, -1.0, -1.0, -1.0, -1.0]",-1.09299,"[-20.494, -24.8745, -17.5799, -15.2788]",0.343221
1.0,2.31546,0.0,0.0,24.636,1550.0,340.639,440.638,93.6838,1,"[200.0, 200.0, 200.0, 200.0, 200.0, 200.0, 200.0, 200.0, 200.0, 200.0, 200.0, 200.0, 200.0, 200.0, 200.0, 200.0, 200.0, 200.0, 200.0, 200.0, 200.0, 200.0, 200.0, 200.0, 200.0, 200.0, 200.0, 200.0, 200.0, 200.0, 200.0, 200.0, 200.0, 200.0, 200.0, 200.0]",1,942.478,-25.1256,5.0907,-3.09461,-0.8,"[-1.0, -1.0, -1.0, -1.0, -1.0, -1.0, -1.0, -1.0, -1.0, -1.0, -1.0, -1.0, -1.0, -1.0, -1.0, -1.0, -1.0, -1.0, -1.0]",-1.08079,"[-20.7431, -24.8618, -19.2333, -20.8826]",0.335399
1.0,2.29735,0.0,0.0,24.658,1550.0,340.764,440.763,93.6838,1,"[200.0, 200.0, 200.0, 200.0, 200.0, 200.0, 200.0, 200.0, 200.0, 200.0, 200.0, 200.0, 200.0, 200.0, 200.0, 200.0, 200.0, 200.0, 200.0, 200.0, 200.0, 200.0, 200.0, 200.0, 200.0, 200.0, 200.0, 200.0, 200.0, 200.0, 200.0, 200.0, 200.0, 200.0, 200.0, 200.0]",1,942.478,-25.0389,4.61818,-2.77585,-0.8,"[-1.0, -1.0, -1.0, -1.0, -1.0, -1.0, -1.0, -1.0, -1.0, -1.0, -1.0, -1.0, -1.0, -1.0, -1.0, -1.0, -1.0, -1.0, -1.0]",-1.06828,"[-20.4542, -24.116, -17.6047, -15.7546]",0.346605
1.0,2.28103,0.0,0.0,24.68,1550.0,340.884,440.883,93.6838,1,"[200.0, 200.0, 200.0, 200.0, 200.0, 200.0, 200.0, 200.0, 200.0, 200.0, 200.0, 200.0, 200.0, 200.0, 200.0, 200.0, 200.0, 200.0, 200.0, 200.0, 200.0, 200.0, 200.0, 200.0, 200.0, 200.0, 200.0, 200.0, 200.0, 200.0, 200.0, 200.0, 200.0, 200.0, 200.0, 200.0]",1,942.478,-24.572,4.40463,-2.78523,-0.8,"[-1.0, -1.0, -1.0, -1.0, -1.0, -1.0, -1.0, -1.0, -1.0, -1.0, -1.0, -1.0, -1.0, -1.0, -1.0, -1.0, -1.0, -1.0, -1.0]",-1.05553,"[-20.0557, -23.2967, -19.2692, -21.6409]",0.334807
1.0,2.26489,0.0,0.0,24.702,1550.0,341.0,440.999,93.6838,1,"[200.0, 200.0, 200.0, 200.0, 200.0, 200.0, 200.0, 200.0, 200.0, 200.0, 200.0, 200.0, 200.0, 200.0, 200.0, 200.0, 200.0, 200.0, 200.0, 200.0, 200.0, 200.0, 200.0, 200.0, 200.0, 200.0, 200.0, 200.0, 200.0, 200.0, 200.0, 200.0, 200.0, 200.0, 200.0, 200.0]",1,942.478,-24.2695,4.1344,-2.65981,-0.8,"[-1.0, -1.0, -1.0, -1.0, -1.0, -1.0, -1.0, -1.0, -1.0, -1.0, -1.0, -1.0, -1.0, -1.0, -1.0, -1.0, -1.0, -1.0, -1.0]",-1.04258,"[-20.0558, -23.8269, -18.6972, -20.8384]",0.351703
1.0,2.24903,0.0,0.0,24.724,1550.0,341.113,441.112,93.6838,1,"[200.0, 200.0, 200.0, 200.0, 200.0, 200.0, 200.0, 200.0, 200.0, 200.0, 200.0, 200.0, 200.0, 200.0, 200.0, 200.0, 200.0, 200.0, 200.0, 200.0, 200.0, 200.0, 200.0, 200.0, 200.0, 200.0, 200.0, 200.0, 200.0, 200.0, 200.0, 200.0, 200.0, 200.0, 200.0, 200.0]",1,942.478,-23.9733,3.99945,-2.71156,-0.8,"[-1.0, -1.0, -1.0, -1.0, -1.0, -1.0, -1.0, -1.0, -1.0, -1.0, -1.0, -1.0, -1.0, -1.0, -1.0, -1.0, -1.0, -1.0, -1.0]",-1.02949,"[-18.8682, -22.9663, -18.1192, -21.1765]",0.34179
1.0,2.23341,0.0,0.0,24.746,1550.0,341.222,441.221,93.6838,1,"[200.0, 200.0, 200.0, 200.0, 200.0, 200.0, 200.0, 200.0, 200.0, 200.0, 200.0, 200.0, 200.0, 200.0, 200.0, 200.0, 200.0, 200.0, 200.0, 200.0, 200.0, 200.0, 200.0, 200.0, 200.0, 200.0, 200.0, 200.0, 200.0, 200.0, 200.0, 200.0, 200.0, 200.0, 200.0, 200.0]",1,942.478,-23.668,3.86532,-2.60208,-0.8,"[-1.0, -1.0, -1.0, -1.0, -1.0, -1.0, -1.0, -1.0, -1.0, -1.0, -1.0, -1.0, -1.0, -1.0, -1.0, -1.0, -1.0, -1.0, -1.0]",-1.0163,"[-19.0696, -22.6906, -18.1387, -20.1228]",0.350611
1.0,2.21768,0.0,0.0,24.768,1550.0,341.329,441.328,93.6838,1,"[200.0, 200.0, 200.0, 200.0, 200.0, 200.0, 200.0, 200.0, 200.0, 200.0, 200.0, 200.0, 200.0, 200.0, 200.0, 200.0, 200.0, 200.0, 200.0, 200.0, 200.0, 200.0, 200.0, 200.0, 200.0, 200.0, 200.0, 200.0, 200.0, 200.0, 200.0, 200.0, 200.0, 200.0, 200.0, 200.0]",1,942.478,-23.3732,3.93909,-2.8661,-0.8,"[-1.0, -1.0, -1.0, -1.0, -1.0, -1.0, -1.0, -1.0, -1.0, -1.0, -1.0, -1.0, -1.0, -1.0, -1.0, -1.0, -1.0, -1.0, -1.0]",-1.00305,"[-18.7673, -22.4337, -17.8715, -17.3276]",0.35292
1.0,2.20223,0.0,0.0,24.79,1550.0,341.432,441.432,93.6838,1,"[200.0, 200.0, 200.0, 200.0, 200.0, 200.0, 200.0, 200.0, 200.0, 200.0, 200.0, 200.0, 200.0, 200.0, 200.0, 200.0, 200.0, 200.0, 200.0, 200.0, 200.0, 200.0, 200.0, 200.0, 200.0, 200.0, 200.0, 200.0, 200.0, 200.0, 200.0, 200.0, 200.0, 200.0, 200.0, 200.0]",1,942.478,-23.0447,3.8629,-2.92076,-0.8,"[0.12985, 0.0983835, 0.0837889, 0.0775682, 0.0770984, 0.0798112, 0.0822025, 0.0854117, 0.0895911, 0.0949605, 0.101839, 0.1107, 0.122269, 0.13771, 0.18978, 0.499806, 138.664, 41.3079, 25.281]",-0.98978,"[-18.7133, -22.2643, -16.977, -19.3744]",0.35008
1.0,2.18706,0.0,0.0,24.812,1550.0,341.533,441.532,93.6838,1,"[200.0, 200.0, 200.0, 200.0, 200.0, 200.0, 200.0, 200.0, 200.0, 200.0, 200.0, 200.0, 200.0, 200.0, 200.0, 200.0, 200.0, 200.0, 200.0, 200.0, 200.0, 200.0, 200.0, 200.0, 200.0, 200.0, 200.0, 200.0, 200.0, 200.0, 200.0, 200.0, 200.0, 200.0, 200.0, 200.0]",1,942.478,-22.6817,3.86045,-3.19355,-0.8,"[0.304906, 0.229022, 0.193966, 0.178784, 0.176993, 0.182717, 0.187916, 0.194946, 0.204136, 0.215961, 0.231107, 0.250589, 0.275951, 0.309646, 0.421896, 1.04697, 160.196, 42.7086, 25.647]",-0.976502,"[-18.7136, -21.9568, -18.1796, -19.2408]",0.350267
1.0,2.17218,0.0,0.0,24.834,1550.0,341.631,441.63,93.6838,1,"[200.0, 200.0, 200.0, 200.0, 200.0, 200.0, 200.0, 200.0, 200.0, 200.0, 200.0, 200.0, 200.0, 200.0, 200.0, 200.0, 200.0, 200.0, 200.0, 200.0, 200.0, 200.0, 200.0, 200.0, 200.0, 200.0, 200.0, 200.0, 200.0, 200.0, 200.0, 200.0, 200.0, 200.0, 200.0, 200.0]",1,942.478,-22.3993,3.69753,-3.11796,-0.8,"[0.487397, 0.362886, 0.305636, 0.280499, 0.2766, 0.284781, 0.292466, 0.302946, 0.316706, 0.334441, 0.35716, 0.386345, 0.42424, 0.47438, 0.639544, 1.50713, 189.473, 44.2037, 26.0243]",-0.963232,"[-18.2677, -20.7623, -17.3443, -19.3187]",0.346815
1.0,2.15825,0.0,0.0,24.856,1550.0,341.725,441.725,93.6838,1,"[200.0, 200.0, 200.0, 200.0, 200.0, 200.0, 200.0, 200.0, 200.0, 200.0, 200.0, 200.0, 200.0, 200.0, 200.0, 200.0, 200.0, 200.0, 200.0, 200.0, 200.0, 200.0, 200.0, 200.0, 200.0, 200.0, 200.0, 200.0, 200.0, 200.0, 200.0, 200.0, 200.0, 200.0, 200.0, 200.0]",1,942.478,-22.1086,3.53689,-3.05277,-0.8,"[0.678482, 0.500867, 0.419615, 0.383534, 0.376813, 0.38699, 0.396906, 0.410551, 0.428546, 0.451786, 0.481566, 0.519784, 0.569298, 0.634575, 0.847489, 1.91224, 200.0, 45.7097, 26.3853]",-0.949861,"[-18.2389, -20.6578, -16.304, -19.3203]",0.344351
1.0,2.144,0.0,0.0,24.878,1550.0,341.817,441.816,93.6838,1,"[200.0, 200.0, 200.0, 200.0, 200.0, 200.0, 200.0, 200.0, 200.0, 200.0, 200.0, 200.0, 200.0, 200.0, 200.0, 200.0, 200.0, 200.0, 200.0, 200.0, 200.0, 200.0, 200.0, 200.0, 200.0, 200.0, 200.0, 200.0, 200.0, 200.0, 200.0, 200.0, 200.0, 200.0, 200.0, 200.0]",1,942.478,-21.7749,3.52849,-3.23527,-0.8,"[0.877958, 0.642304, 0.535136, 0.487062, 0.476723, 0.488352, 0.500194, 0.516654, 0.538471, 0.566715, 0.602929, 0.649367, 0.709405, 0.788286, 1.04314, 2.26076, 200.0, 47.4029, 26.7808]",-0.936515,"[-17.7773, -20.7038, -17.1168, -18.6138]",0.342311
1.0,2.13074,0.0,0.0,24.9,1550.0,341.906,441.905,93.6838,1,"[200.0, 200.0, 200.0, 200.0, 200.0, 200.0, 200.0, 200.0, 200.0, 200.0, 200.0, 200.0, 200.0, 200.0, 200.0, 200.0, 200.0, 200.0, 200.0, 200.0, 200.0, 200.0, 200.0, 200.0, 200.0, 200.0, 200.0, 200.0, 200.0, 200.0, 200.0, 200.0, 200.0, 200.0, 200.0, 200.0]",1,942.478,-21.4925,3.36048,-2.70803,-0.8,"[1.08522, 0.787073, 0.652315, 0.591365, 0.57678, 0.589456, 0.603001, 0.622028, 0.647382, 0.680288, 0.722512, 0.776626, 0.846466, 0.937951, 1.23109, 2.57837, 200.0, 49.1026, 27.1561]",-0.923147,"[-17.8468, -19.5133, -16.9443, -18.1168]",0.344024
