accel,angle,brake,clutch,curLapTime,damage,dist_from_start,dist_raced,fuel,gear,opponents,race_pos,rpm,speed_x,speed_y,speed_z,steer,track,track_pos,wheel_spin_vel,z
0.0,0.00365799,0.0,0.0,-0.982,0.0,1957.56,0.0,94.0,0,"[200.0, 200.0, 200.0, 200.0, 200.0, 200.0, 200.0, 200.0, 200.0, 200.0, 200.0, 200.0, 200.0, 200.0, 200.0, 200.0, 200.0, 200.0, 200.0, 200.0, 200.0, 200.0, 200.0, 200.0, 200.0, 200.0, 200.0, 200.0, 200.0, 200.0, 200.0, 200.0, 200.0, 200.0, 200.0, 200.0]",1,942.478,0.00187065,0.0500377,-0.00546558,0.0,"[7.48658, 7.79293, 8.84666, 11.3686, 20.0323, 64.566, 55.6536, 47.2582, 39.6464, 33.0363, 27.5369, 23.121, 19.6564, 16.9654, 13.2439, 10.1237, 8.52418, 7.74488, 7.51352]",0.00179749,"[0.0, 0.0, 0.0, 0.0]",0.346282
0.0,0.00365799,0.0,0.0,-0.962,0.0,1957.56,0.0,94.0,0,"[200.0, 200.0, 200.0, 200.0, 200.0, 200.0, 200.0, 200.0, 200.0, 200.0, 200.0, 200.0, 200.0, 200.0, 200.0, 200.0, 200.0, 200.0, 200.0, 200.0, 200.0, 200.0, 200.0, 200.0, 200.0, 200.0, 200.0, 200.0, 200.0, 200.0, 200.0, 200.0, 200.0, 200.0, 200.0, 200.0]",1,942.478,0.00187065,0.0500377,-0.00546558,0.0,"[7.48658, 7.79293, 8.84666, 11.3686, 20.0323, 64.566, 55.6536, 47.2582, 39.6464, 33.0363, 27.5369, 23.121, 19.6564, 16.9654, 13.2439, 10.1237, 8.52418, 7.74488, 7.51352]",0.00179749,"[0.0, 0.0, 0.0, 0.0]",0.346282
0.0,0.00365799,0.0,0.0,-0.942,0.0,1957.56,0.0,94.0,0,"[200.0, 200.0, 200.0, 200.0, 200.0, 200.0, 200.0, 200.0, 200.0, 200.0, 200.0, 200.0, 200.0, 200.0, 200.0, 200.0, 200.0, 200.0, 200.0, 200.0, 200.0, 200.0, 200.0, 200.0, 200.0, 200.0, 200.0, 200.0, 200.0, 200.0, 200.0, 200.0, 200.0, 200.0, 200.0, 200.0]",1,942.478,0.00187065,0.0500377,-0.00546558,0.0,"[7.48658, 7.79293, 8.84666, 11.3686, 20.0323, 64.566, 55.6536, 47.2582, 39.6464, 33.0363, 27.5369, 23.121, 19.6564, 16.9654, 13.2439, 10.1237, 8.52418, 7.74488, 7.51352]",0.00179749,"[0.0, 0.0, 0.0, 0.0]",0.346282
0.0,0.00365799,0.0,0.0,-0.922,0.0,1957.56,0.0,94.0,0,"[200.0, 200.0, 200.0, 200.0, 200.0, 200.0, 200.0, 200.0, 200.0, 200.0, 200.0, 200.0, 200.0, 200.0, 200.0, 200.0, 200.0, 200.0, 200.0, 200.0, 200.0, 200.0, 200.0, 200.0, 200.0, 200.0, 200.0, 200.0, 200.0, 200.0, 200.0, 200.0, 200.0, 200.0, 200.0, 200.0]",1,942.478,0.00187065,0.0500377,-0.00546558,0.0,"[7.48658, 7.79293, 8.84666, 11.3686, 20.0323, 64.566, 55.6536, 47.2582, 39.6464, 33.0363, 27.5369, 23.121, 19.6564, 16.9654, 13.2439, 10.1237, 8.52418, 7.74488, 7.51352]",0.00179749,"[0.0, 0.0, 0.0, 0.0]",0.346282
0.0,0.00365799,0.0,0.0,-0.902,0.0,1957.56,0.0,94.0,0,"[200.0, 200.0, 200.0, 200.0, 200.0, 200.0, 200.0, 200.0, 200.0, 200.0, 200.0, 200.0, 200.0, 200.0, 200.0, 200.0, 200.0, 200.0, 200.0, 200.0, 200.0, 200.0, 200.0, 200.0, 200.0, 200.0, 200.0, 200.0, 200.0, 200.0, 200.0, 200.0, 200.0, 200.0, 200.0, 200.0]",1,942.478,0.00187065,0.0500377,-0.00546558,0.0,"[7.48658, 7.79293, 8.84666, 11.3686, 20.0323, 64.566, 55.6536, 47.2582, 39.6464, 33.0363, 27.5369, 23.121, 19.6564, 16.9654, 13.2439, 10.1237, 8.52418, 7.74488, 7.51352]",0.00179749,"[0.0, 0.0, 0.0, 0.0]",0.346282
0.0,0.00365799,0.0,0.0,-0.882,0.0,1957.56,0.0,94.0,0,"[200.0, 200.0, 200.0, 200.0, 200.0, 200.0, 200.0, 200.0, 200.0, 200.0, 200.0, 200.0, 200.0, 200.0, 200.0, 200.0, 200.0, 200.0, 200.0, 200.0, 200.0, 200.0, 200.0, 200.0, 200.0, 200.0, 200.0, 200.0, 200.0, 200.0, 200.0, 200.0, 200.0, 200.0, 200.0, 200.0]",1,942.478,0.00187065,0.0500377,-0.00546558,0.0,"[7.48658, 7.79293, 8.84666, 11.3686, 20.0323, 64.566, 55.6536, 47.2582, 39.6464, 33.0363, 27.5369, 23.121, 19.6564, 16.9654, 13.2439, 10.1237, 8.52418, 7.74488, 7.51352]",0.00179749,"[0.0, 0.0, 0.0, 0.0]",0.346282
0.0,0.00365799,0.0,0.0,-0.862,0.0,1957.56,0.0,94.0,0,"[200.0, 200.0, 200.0, 200.0, 200.0, 200.0, 200.0, 200.0, 200.0, 200.0, 200.0, 200.0, 200.0, 200.0, 200.0, 200.0, 200.0, 200.0, 200.0, 200.0, 200.0, 200.0, 200.0, 200.0, 200.0, 200.0, 200.0, 200.0, 200.0, 200.0, 200.0, 200.0, 200.0, 200.0, 200.0, 200.0]",1,942.478,0.00187065,0.0500377,-0.00546558,0.0,"[7.48658, 7.79293, 8.84666, 11.3686, 20.0323, 64.566, 55.6536, 47.2582, 39.6464, 33.0363, 27.5369, 23.121, 19.6564, 16.9654, 13.2439, 10.1237, 8.52418, 7.74488, 7.51352]",0.00179749,"[0.0, 0.0, 0.0, 0.0]",0.346282
0.0,0.00365799,0.0,0.0,-0.842,0.0,1957.56,0.0,94.0,0,"[200.0, 200.0, 200.0, 200.0, 200.0, 200.0, 200.0, 200.0, 200.0, 200.0, 200.0, 200.0, 200.0, 200.0, 200.0, 200.0, 200.0, 200.0, 200.0, 200.0, 200.0, 200.0, 200.0, 200.0, 200.0, 200.0, 200.0, 200.0, 200.0, 200.0, 200.0, 200.0, 200.0, 200.0, 200.0, 200.0]",1,942.478,0.00187065,0.0500377,-0.00546558,0.0,"[7.48658, 7.79293, 8.84666, 11.3686, 20.0323, 64.566, 55.6536, 47.2582, 39.6464, 33.0363, 27.5369, 23.121, 19.6564, 16.9654, 13.2439, 10.1237, 8.52418, 7.74488, 7.51352]",0.00179749,"[0.0, 0.0, 0.0, 0.0]",0.346282
0.0,0.00365799,0.0,0.0,-0.822,0.0,1957.56,0.0,94.0,0,"[200.0, 200.0, 200.0, 200.0, 200.0, 200.0, 200.0, 200.0, 200.0, 200.0, 200.0, 200.0, 200.0, 200.0, 200.0, 200.0, 200.0, 200.0, 200.0, 200.0, 200.0, 200.0, 200.0, 200.0, 200.0, 200.0, 200.0, 200.0, 200.0, 200.0, 200.0, 200.0, 200.0, 200.0, 200.0, 200.0]",1,942.478,0.00187065,0.0500377,-0.00546558,0.0,"[7.48658, 7.79293, 8.84666, 11.3686, 20.0323, 64.566, 55.6536, 47.2582, 39.6464, 33.0363, 27.5369, 23.121, 19.6564, 16.9654, 13.2439, 10.1237, 8.52418, 7.74488, 7.51352]",0.00179749,"[0.0, 0.0, 0.0, 0.0]",0.346282
0.0,0.00365799,0.0,0.0,-0.802,0.0,1957.56,0.0,94.0,0,"[200.0, 200.0, 200.0, 200.0, 200.0, 200.0, 200.0, 200.0, 200.0, 200.0, 200.0, 200.0, 200.0, 200.0, 200.0, 200.0, 200.0, 200.0, 200.0, 200.0, 200.0, 200.0, 200.0, 200.0, 200.0, 200.0, 200.0, 200.0, 200.0, 200.0, 200.0, 200.0, 200.0, 200.0, 200.0, 200.0]",1,942.478,0.00187065,0.0500377,-0.00546558,0.0,"[7.48658, 7.79293, 8.84666, 11.3686, 20.0323, 64.566, 55.6536, 47.2582, 39.6464, 33.0363, 27.5369, 23.121, 19.6564, 16.9654, 13.2439, 10.1237, 8.52418, 7.74488, 7.51352]",0.00179749,"[0.0, 0.0, 0.0, 0.0]",0.346282
0.0,0.00365799,0.0,0.0,-0.782,0.0,1957.56,0.0,94.0,0,"[200.0, 200.0, 200.0, 200.0, 200.0, 200.0, 200.0, 200.0, 200.0, 200.0, 200.0, 200.0, 200.0, 200.0, 200.0, 200.0, 200.0, 200.0, 200.0, 200.0, 200.0, 200.0, 200.0, 200.0, 200.0, 200.0, 200.0, 200.0, 200.0, 200.0, 200.0, 200.0, 200.0, 200.0, 200.0, 200.0]",1,942.478,0.00187065,0.0500377,-0.00546558,0.0,"[7.48658, 7.79293, 8.84666, 11.3686, 20.0323, 64.566, 55.6536, 47.2582, 39.6464, 33.0363, 27.5369, 23.121, 19.6564, 16.9654, 13.2439, 10.1237, 8.52418, 7.74488, 7.51352]",0.00179749,"[0.0, 0.0, 0.0, 0.0]",0.346282
0.0,0.00365799,0.0,0.0,-0.762,0.0,1957.56,0.0,94.0,0,"[200.0, 200.0, 200.0, 200.0, 200.0, 200.0, 200.0, 200.0, 200.0, 200.0, 200.0, 200.0, 200.0, 200.0, 200.0, 200.0, 200.0, 200.0, 200.0, 200.0, 200.0, 200.0, 200.0, 200.0, 200.0, 200.0, 200.0, 200.0, 200.0, 200.0, 200.0, 200.0, 200.0, 200.0, 200.0, 200.0]",1,942.478,0.00187065,0.0500377,-0.00546558,0.0,"[7.48658, 7.79293, 8.84666, 11.3686, 20.0323, 64.566, 55.6536, 47.2582, 39.6464, 33.0363, 27.5369, 23.121, 19.6564, 16.9654, 13.2439, 10.1237, 8.52418, 7.74488, 7.51352]",0.00179749,"[0.0, 0.0, 0.0, 0.0]",0.346282
0.0,0.00365799,0.0,0.0,-0.742,0.0,1957.56,0.0,94.0,0,"[200.0, 200.0, 200.0, 200.0, 200.0, 200.0, 200.0, 200.0, 200.0, 200.0, 200.0, 200.0, 200.0, 200.0, 200.0, 200.0, 200.0, 200.0, 200.0, 200.0, 200.0, 200.0, 200.0, 200.0, 200.0, 200.0, 200.0, 200.0, 200.0, 200.0, 200.0, 200.0, 200.0, 200.0, 200.0, 200.0]",1,942.478,0.00187065,0.0500377,-0.00546558,0.0,"[7.48658, 7.79293, 8.84666, 11.3686, 20.0323, 64.566, 55.6536, 47.2582, 39.6464, 33.0363, 27.5369, 23.121, 19.6564, 16.9654, 13.2439, 10.1237, 8.52418, 7.74488, 7.51352]",0.00179749,"[0.0, 0.0, 0.0, 0.0]",0.346282
0.0,0.00365799,0.0,0.0,-0.722,0.0,1957.56,0.0,94.0,0,"[200.0, 200.0, 200.0, 200.0, 200.0, 200.0, 200.0, 200.0, 200.0, 200.0, 200.0, 200.0, 200.0, 200.0, 200.0, 200.0, 200.0, 200.0, 200.0, 200.0, 200.0, 200.0, 200.0, 200.0, 200.0, 200.0, 200.0, 200.0, 200.0, 200.0, 200.0, 200.0, 200.0, 200.0, 200.0, 200.0]",1,942.478,0.00187065,0.0500377,-0.00546558,0.0,"[7.48658, 7.79293, 8.84666, 11.3686, 20.0323, 64.566, 55.6536, 47.2582, 39.6464, 33.0363, 27.5369, 23.121, 19.6564, 16.9654, 13.2439, 10.1237, 8.52418, 7.74488, 7.51352]",0.00179749,"[0.0, 0.0, 0.0, 0.0]",0.346282
0.0,0.00365799,0.0,0.0,-0.702,0.0,1957.56,0.0,94.0,0,"[200.0, 200.0, 200.0, 200.0, 200.0, 200.0, 200.0, 200.0, 200.0, 200.0, 200.0, 200.0, 200.0, 200.0, 200.0, 200.0, 200.0, 200.0, 200.0, 200.0, 200.0, 200.0, 200.0, 200.0, 200.0, 200.0, 200.0, 200.0, 200.0, 200.0, 200.0, 200.0, 200.0, 200.0, 200.0, 200.0]",1,942.478,0.00187065,0.0500377,-0.00546558,0.0,"[7.48658, 7.79293, 8.84666, 11.3686, 20.0323, 64.566, 55.6536, 47.2582, 39.6464, 33.0363, 27.5369, 23.121, 19.6564, 16.9654, 13.2439, 10.1237, 8.52418, 7.74488, 7.51352]",0.00179749,"[0.0, 0.0, 0.0, 0.0]",0.346282
0.0,0.00365799,0.0,0.0,-0.682,0.0,1957.56,0.0,94.0,0,"[200.0, 200.0, 200.0, 200.0, 200.0, 200.0, 200.0, 200.0, 200.0, 200.0, 200.0, 200.0, 200.0, 200.0, 200.0, 200.0, 200.0, 200.0, 200.0, 200.0, 200.0, 200.0, 200.0, 200.0, 200.0, 200.0, 200.0, 200.0, 200.0, 200.0, 200.0, 200.0, 200.0, 200.0, 200.0, 200.0]",1,942.478,0.00187065,0.0500377,-0.00546558,0.0,"[7.48658, 7.79293, 8.84666, 11.3686, 20.0323, 64.566, 55.6536, 47.2582, 39.6464, 33.0363, 27.5369, 23.121, 19.6564, 16.9654, 13.2439, 10.1237, 8.52418, 7.74488, 7.51352]",0.00179749,"[0.0, 0.0, 0.0, 0.0]",0.346282
0.0,0.00365799,0.0,0.0,-0.662,0.0,1957.56,0.0,94.0,0,"[200.0, 200.0, 200.0, 200.0, 200.0, 200.0, 200.0, 200.0, 200.0, 200.0, 200.0, 200.0, 200.0, 200.0, 200.0, 200.0, 200.0, 200.0, 200.0, 200.0, 200.0, 200.0, 200.0, 200.0, 200.0, 200.0, 200.0, 200.0, 200.0, 200.0, 200.0, 200.0, 200.0, 200.0, 200.0, 200.0]",1,942.478,0.00187065,0.0500377,-0.00546558,0.0,"[7.48658, 7.79293, 8.84666, 11.3686, 20.0323, 64.566, 55.6536, 47.2582, 39.6464, 33.0363, 27.5369, 23.121, 19.6564, 16.9654, 13.2439, 10.1237, 8.52418, 7.74488, 7.51352]",0.00179749,"[0.0, 0.0, 0.0, 0.0]",0.346282
0.0,0.00365799,0.0,0.0,-0.642,0.0,1957.56,0.0,94.0,0,"[200.0, 200.0, 200.0, 200.0, 200.0, 200.0, 200.0, 200.0, 200.0, 200.0, 200.0, 200.0, 200.0, 200.0, 200.0, 200.0, 200.0, 200.0, 200.0, 200.0, 200.0, 200.0, 200.0, 200.0, 200.0, 200.0, 200.0, 200.0, 200.0, 200.0, 200.0, 200.0, 200.0, 200.0, 200.0, 200.0]",1,942.478,0.00187065,0.0500377,-0.00546558,0.0,"[7.48658, 7.79293, 8.84666, 11.3686, 20.0323, 64.566, 55.6536, 47.2582, 39.6464, 33.0363, 27.5369, 23.121, 19.6564, 16.9654, 13.2439, 10.1237, 8.52418, 7.74488, 7.51352]",0.00179749,"[0.0, 0.0, 0.0, 0.0]",0.346282
0.0,0.00365799,0.0,0.0,-0.622,0.0,1957.56,0.0,94.0,0,"[200.0, 200.0, 200.0, 200.0, 200.0, 200.0, 200.0, 200.0, 200.0, 200.0, 200.0, 200.0, 200.0, 200.0, 200.0, 200.0, 200.0, 200.0, 200.0, 200.0, 200.0, 200.0, 200.0, 200.0, 200.0, 200.0, 200.0, 200.0, 200.0, 200.0, 200.0, 200.0, 200.0, 200.0, 200.0, 200.0]",1,942.478,0.00187065,0.0500377,-0.00546558,0.0,"[7.48658, 7.79293, 8.84666, 11.3686, 20.0323, 64.566, 55.6536, 47.2582, 39.6464, 33.0363, 27.5369, 23.121, 19.6564, 16.9654, 13.2439, 10.1237, 8.52418, 7.74488, 7.51352]",0.00179749,"[0.0, 0.0, 0.0, 0.0]",0.346282
0.0,0.00365799,0.0,0.0,-0.602,0.0,1957.56,0.0,94.0,0,"[200.0, 200.0, 200.0, 200.0, 200.0, 200.0, 200.0, 200.0, 200.0, 200.0, 200.0, 200.0, 200.0, 200.0, 200.0, 200.0, 200.0, 200.0, 200.0, 200.0, 200.0, 200.0, 200.0, 200.0, 200.0, 200.0, 200.0, 200.0, 200.0, 200.0, 200.0, 200.0, 200.0, 200.0, 200.0, 200.0]",1,942.478,0.00187065,0.0500377,-0.00546558,0.0,"[7.48658, 7.79293, 8.84666, 11.3686, 20.0323, 64.566, 55.6536, 47.2582, 39.6464, 33.0363, 27.5369, 23.121, 19.6564, 16.9654, 13.2439, 10.1237, 8.52418, 7.74488, 7.51352]",0.00179749,"[0.0, 0.0, 0.0, 0.0]",0.346282
0.0,0.00365799,0.0,0.0,-0.582,0.0,1957.56,0.0,94.0,0,"[200.0, 200.0, 200.0, 200.0, 200.0, 200.0, 200.0, 200.0, 200.0, 200.0, 200.0, 200.0, 200.0, 200.0, 200.0, 200.0, 200.0, 200.0, 200.0, 200.0, 200.0, 200.0, 200.0, 200.0, 200.0, 200.0, 200.0, 200.0, 200.0, 200.0, 200.0, 200.0, 200.0, 200.0, 200.0, 200.0]",1,942.478,0.00187065,0.0500377,-0.00546558,0.0,"[7.48658, 7.79293, 8.84666, 11.3686, 20.0323, 64.566, 55.6536, 47.2582, 39.6464, 33.0363, 27.5369, 23.121, 19.6564, 16.9654, 13.2439, 10.1237, 8.52418, 7.74488, 7.51352]",0.00179749,"[0.0, 0.0, 0.0, 0.0]",0.346282
0.0,0.00365799,0.0,0.0,-0.562,0.0,1957.56,0.0,94.0,0,"[200.0, 200.0, 200.0, 200.0, 200.0, 200.0, 200.0, 200.0, 200.0, 200.0, 200.0, 200.0, 200.0, 200.0, 200.0, 200.0, 200.0, 200.0, 200.0, 200.0, 200.0, 200.0, 200.0, 200.0, 200.0, 200.0, 200.0, 200.0, 200.0, 200.0, 200.0, 200.0, 200.0, 200.0, 200.0, 200.0]",1,942.478,0.00187065,0.0500377,-0.00546558,0.0,"[7.48658, 7.79293, 8.84666, 11.3686, 20.0323, 64.566, 55.6536, 47.2582, 39.6464, 33.0363, 27.5369, 23.121, 19.6564, 16.9654, 13.2439, 10.1237, 8.52418, 7.74488, 7.51352]",0.00179749,"[0.0, 0.0, 0.0, 0.0]",0.346282
0.0,0.00365799,0.0,0.0,-0.542,0.0,1957.56,0.0,94.0,0,"[200.0, 200.0, 200.0, 200.0, 200.0, 200.0, 200.0, 200.0, 200.0, 200.0, 200.0, 200.0, 200.0, 200.0, 200.0, 200.0, 200.0, 200.0, 200.0, 200.0, 200.0, 200.0, 200.0, 200.0, 200.0, 200.0, 200.0, 200.0, 200.0, 200.0, 200.0, 200.0, 200.0, 200.0, 200.0, 200.0]",1,942.478,0.00187065,0.0500377,-0.00546558,0.0,"[7.48658, 7.79293, 8.84666, 11.3686, 20.0323, 64.566, 55.6536, 47.2582, 39.6464, 33.0363, 27.5369, 23.121, 19.6564, 16.9654, 13.2439, 10.1237, 8.52418, 7.74488, 7.51352]",0.00179749,"[0.0, 0.0, 0.0, 0.0]",0.346282
0.0,0.00365799,0.0,0.0,-0.522,0.0,1957.56,0.0,94.0,0,"[200.0, 200.0, 200.0, 200.0, 200.0, 200.0, 200.0, 200.0, 200.0, 200.0, 200.0, 200.0, 200.0, 200.0, 200.0, 200.0, 200.0, 200.0, 200.0, 200.0, 200.0, 200.0, 200.0, 200.0, 200.0, 200.0, 200.0, 200.0, 200.0, 200.0, 200.0, 200.0, 200.0, 200.0, 200.0, 200.0]",1,942.478,0.00187065,0.0500377,-0.00546558,0.0,"[7.48658, 7.79293, 8.84666, 11.3686, 20.0323, 64.566, 55.6536, 47.2582, 39.6464, 33.0363, 27.5369, 23.121, 19.6564, 16.9654, 13.2439, 10.1237, 8.52418, 7.74488, 7.51352]",0.00179749,"[0.0, 0.0, 0.0, 0.0]",0.346282
0.0,0.00365799,0.0,0.0,-0.502,0.0,1957.56,0.0,94.0,0,"[200.0, 200.0, 200.0, 200.0, 200.0, 200.0, 200.0, 200.0, 200.0, 200.0, 200.0, 200.0, 200.0, 200.0, 200.0, 200.0, 200.0, 200.0, 200.0, 200.0, 200.0, 200.0, 200.0, 200.0, 200.0, 200.0, 200.0, 200.0, 200.0, 200.0, 200.0, 200.0, 200.0, 200.0, 200.0, 200.0]",1,942.478,0.00187065,0.0500377,-0.00546558,0.0,"[7.48658, 7.79293, 8.84666, 11.3686, 20.0323, 64.566, 55.6536, 47.2582, 39.6464, 33.0363, 27.5369, 23.121, 19.6564, 16.9654, 13.2439, 10.1237, 8.52418, 7.74488, 7.51352]",0.00179749,"[0.0, 0.0, 0.0, 0.0]",0.346282
0.0,0.00365799,0.0,0.0,-0.482,0.0,1957.56,0.0,94.0,0,"[200.0, 200.0, 200.0, 200.0, 200.0, 200.0, 200.0, 200.0, 200.0, 200.0, 200.0, 200.0, 200.0, 200.0, 200.0, 200.0, 200.0, 200.0, 200.0, 200.0, 200.0, 200.0, 200.0, 200.0, 200.0, 200.0, 200.0, 200.0, 200.0, 200.0, 200.0, 200.0, 200.0, 200.0, 200.0, 200.0]",1,942.478,0.00187065,0.0500377,-0.00546558,0.0,"[7.48658, 7.79293, 8.84666, 11.3686, 20.0323, 64.566, 55.6536, 47.2582, 39.6464, 33.0363, 27.5369, 23.121, 19.6564, 16.9654, 13.2439, 10.1237, 8.52418, 7.74488, 7.51352]",0.00179749,"[0.0, 0.0, 0.0, 0.0]",0.346282
0.0,0.00365799,0.0,0.0,-0.462,0.0,1957.56,0.0,94.0,0,"[200.0, 200.0, 200.0, 200.0, 200.0, 200.0, 200.0, 200.0, 200.0, 200.0, 200.0, 200.0, 200.0, 200.0, 200.0, 200.0, 200.0, 200.0, 200.0, 200.0, 200.0, 200.0, 200.0, 200.0, 200.0, 200.0, 200.0, 200.0, 200.0, 200.0, 200.0, 200.0, 200.0, 200.0, 200.0, 200.0]",1,942.478,0.00187065,0.0500377,-0.00546558,0.0,"[7.48658, 7.79293, 8.84666, 11.3686, 20.0323, 64.566, 55.6536, 47.2582, 39.6464, 33.0363, 27.5369, 23.121, 19.6564, 16.9654, 13.2439, 10.1237, 8.52418, 7.74488, 7.51352]",0.00179749,"[0.0, 0.0, 0.0, 0.0]",0.346282
0.0,0.00365799,0.0,0.0,-0.442,0.0,1957.56,0.0,94.0,0,"[200.0, 200.0, 200.0, 200.0, 200.0, 200.0, 200.0, 200.0, 200.0, 200.0, 200.0, 200.0, 200.0, 200.0, 200.0, 200.0, 200.0, 200.0, 200.0, 200.0, 200.0, 200.0, 200.0, 200.0, 200.0, 200.0, 200.0, 200.0, 200.0, 200.0, 200.0, 200.0, 200.0, 200.0, 200.0, 200.0]",1,942.478,0.00187065,0.0500377,-0.00546558,0.0,"[7.48658, 7.79293, 8.84666, 11.3686, 20.0323, 64.566, 55.6536, 47.2582, 39.6464, 33.0363, 27.5369, 23.121, 19.6564, 16.9654, 13.2439, 10.1237, 8.52418, 7.74488, 7.51352]",0.00179749,"[0.0, 0.0, 0.0, 0.0]",0.346282
0.0,0.00365799,0.0,0.0,-0.422,0.0,1957.56,0.0,94.0,0,"[200.0, 200.0, 200.0, 200.0, 200.0, 200.0, 200.0, 200.0, 200.0, 200.0, 200.0, 200.0, 200.0, 200.0, 200.0, 200.0, 200.0, 200.0, 200.0, 200.0, 200.0, 200.0, 200.0, 200.0, 200.0, 200.0, 200.0, 200.0, 200.0, 200.0, 200.0, 200.0, 200.0, 200.0, 200.0, 200.0]",1,942.478,0.00187065,0.0500377,-0.00546558,0.0,"[7.48658, 7.79293, 8.84666, 11.3686, 20.0323, 64.566, 55.6536, 47.2582, 39.6464, 33.0363, 27.5369, 23.121, 19.6564, 16.9654, 13.2439, 10.1237, 8.52418, 7.74488, 7.51352]",0.00179749,"[0.0, 0.0, 0.0, 0.0]",0.346282
0.0,0.00365799,0.0,0.0,-0.402,0.0,1957.56,0.0,94.0,0,"[200.0, 200.0, 200.0, 200.0, 200.0, 200.0, 200.0, 200.0, 200.0, 200.0, 200.0, 200.0, 200.0, 200.0, 200.0, 200.0, 200.0, 200.0, 200.0, 200.0, 200.0, 200.0, 200.0, 200.0, 200.0, 200.0, 200.0, 200.0, 200.0, 200.0, 200.0, 200.0, 200.0, 200.0, 200.0, 200.0]",1,942.478,0.00187065,0.0500377,-0.00546558,0.0,"[7.48658, 7.79293, 8.84666, 11.3686, 20.0323, 64.566, 55.6536, 47.2582, 39.6464, 33.0363, 27.5369, 23.121, 19.6564, 16.9654, 13.2439, 10.1237, 8.52418, 7.74488, 7.51352]",0.00179749,"[0.0, 0.0, 0.0, 0.0]",0.346282
0.0,0.00365799,0.0,0.0,-0.382,0.0,1957.56,0.0,94.0,0,"[200.0, 200.0, 200.0, 200.0, 200.0, 200.0, 200.0, 200.0, 200.0, 200.0, 200.0, 200.0, 200.0, 200.0, 200.0, 200.0, 200.0, 200.0, 200.0, 200.0, 200.0, 200.0, 200.0, 200.0, 200.0, 200.0, 200.0, 200.0, 200.0, 200.0, 200.0, 200.0, 200.0, 200.0, 200.0, 200.0]",1,942.478,0.00187065,0.0500377,-0.00546558,0.0,"[7.48658, 7.79293, 8.84666, 11.3686, 20.0323, 64.566, 55.6536, 47.2582, 39.6464, 33.0363, 27.5369, 23.121, 19.6564, 16.9654, 13.2439, 10.1237, 8.52418, 7.74488, 7.51352]",0.00179749,"[0.0, 0.0, 0.0, 0.0]",0.346282
0.0,0.00365799,0.0,0.0,-0.362,0.0,1957.56,0.0,94.0,0,"[200.0, 200.0, 200.0, 200.0, 200.0, 200.0, 200.0, 200.0, 200.0, 200.0, 200.0, 200.0, 200.0, 200.0, 200.0, 200.0, 200.0, 200.0, 200.0, 200.0, 200.0, 200.0, 200.0, 200.0, 200.0, 200.0, 200.0, 200.0, 200.0, 200.0, 200.0, 200.0, 200.0, 200.0, 200.0, 200.0]",1,942.478,0.00187065,0.0500377,-0.00546558,0.0,"[7.48658, 7.79293, 8.84666, 11.3686, 20.0323, 64.566, 55.6536, 47.2582, 39.6464, 33.0363, 27.5369, 23.121, 19.6564, 16.9654, 13.2439, 10.1237, 8.52418, 7.74488, 7.51352]",0.00179749,"[0.0, 0.0, 0.0, 0.0]",0.346282
0.0,0.00365799,0.0,0.0,-0.342,0.0,1957.56,0.0,94.0,0,"[200.0, 200.0, 200.0, 200.0, 200.0, 200.0, 200.0, 200.0, 200.0, 200.0, 200.0, 200.0, 200.0, 200.0, 200.0, 200.0, 200.0, 200.0, 200.0, 200.0, 200.0, 200.0, 200.0, 200.0, 200.0, 200.0, 200.0, 200.0, 200.0, 200.0, 200.0, 200.0, 200.0, 200.0, 200.0, 200.0]",1,942.478,0.00187065,0.0500377,-0.00546558,0.0,"[7.48658, 7.79293, 8.84666, 11.3686, 20.0323, 64.566, 55.6536, 47.2582, 39.6464, 33.0363, 27.5369, 23.121, 19.6564, 16.9654, 13.2439, 10.1237, 8.52418, 7.74488, 7.51352]",0.00179749,"[0.0, 0.0, 0.0, 0.0]",0.346282
0.0,0.00365799,0.0,0.0,-0.322,0.0,1957.56,0.0,94.0,0,"[200.0, 200.0, 200.0, 200.0, 200.0, 200.0, 200.0, 200.0, 200.0, 200.0, 200.0, 200.0, 200.0, 200.0, 200.0, 200.0, 200.0, 200.0, 200.0, 200.0, 200.0, 200.0, 200.0, 200.0, 200.0, 200.0, 200.0, 200.0, 200.0, 200.0, 200.0, 200.0, 200.0, 200.0, 200.0, 200.0]",1,942.478,0.00187065,0.0500377,-0.00546558,0.0,"[7.48658, 7.79293, 8.84666, 11.3686, 20.0323, 64.566, 55.6536, 47.2582, 39.6464, 33.0363, 27.5369, 23.121, 19.6564, 16.9654, 13.2439, 10.1237, 8.52418, 7.74488, 7.51352]",0.00179749,"[0.0, 0.0, 0.0, 0.0]",0.346282
0.0,0.00365799,0.0,0.0,-0.302,0.0,1957.56,0.0,94.0,0,"[200.0, 200.0, 200.0, 200.0, 200.0, 200.0, 200.0, 200.0, 200.0, 200.0, 200.0, 200.0, 200.0, 200.0, 200.0, 200.0, 200.0, 200.0, 200.0, 200.0, 200.0, 200.0, 200.0, 200.0, 200.0, 200.0, 200.0, 200.0, 200.0, 200.0, 200.0, 200.0, 200.0, 200.0, 200.0, 200.0]",1,942.478,0.00187065,0.0500377,-0.00546558,0.0,"[7.48658, 7.79293, 8.84666, 11.3686, 20.0323, 64.566, 55.6536, 47.2582, 39.6464, 33.0363, 27.5369, 23.121, 19.6564, 16.9654, 13.2439, 10.1237, 8.52418, 7.74488, 7.51352]",0.00179749,"[0.0, 0.0, 0.0, 0.0]",0.346282
0.0,0.00365799,0.0,0.0,-0.282,0.0,1957.56,0.0,94.0,0,"[200.0, 200.0, 200.0, 200.0, 200.0, 200.0, 200.0, 200.0, 200.0, 200.0, 200.0, 200.0, 200.0, 200.0, 200.0, 200.0, 200.0, 200.0, 200.0, 200.0, 200.0, 200.0, 200.0, 200.0, 200.0, 200.0, 200.0, 200.0, 200.0, 200.0, 200.0, 200.0, 200.0, 200.0, 200.0, 200.0]",1,942.478,0.00187065,0.0500377,-0.00546558,0.0,"[7.48658, 7.79293, 8.84666, 11.3686, 20.0323, 64.566, 55.6536, 47.2582, 39.6464, 33.0363, 27.5369, 23.121, 19.6564, 16.9654, 13.2439, 10.1237, 8.52418, 7.74488, 7.51352]",0.00179749,"[0.0, 0.0, 0.0, 0.0]",0.346282
0.0,0.00365799,0.0,0.0,-0.262,0.0,1957.56,0.0,94.0,0,"[200.0, 200.0, 200.0, 200.0, 200.0, 200.0, 200.0, 200.0, 200.0, 200.0, 200.0, 200.0, 200.0, 200.0, 200.0, 200.0, 200.0, 200.0, 200.0, 200.0, 200.0, 200.0, 200.0, 200.0, 200.0, 200.0, 200.0, 200.0, 200.0, 200.0, 200.0, 200.0, 200.0, 200.0, 200.0, 200.0]",1,942.478,0.00187065,0.0500377,-0.00546558,0.0,"[7.48658, 7.79293, 8.84666, 11.3686, 20.0323, 64.566, 55.6536, 47.2582, 39.6464, 33.0363, 27.5369, 23.121, 19.6564, 16.9654, 13.2439, 10.1237, 8.52418, 7.74488, 7.51352]",0.00179749,"[0.0, 0.0, 0.0, 0.0]",0.346282
0.0,0.00365799,0.0,0.0,-0.242,0.0,1957.56,0.0,94.0,0,"[200.0, 200.0, 200.0, 200.0, 200.0, 200.0, 200.0, 200.0, 200.0, 200.0, 200.0, 200.0, 200.0, 200.0, 200.0, 200.0, 200.0, 200.0, 200.0, 200.0, 200.0, 200.0, 200.0, 200.0, 200.0, 200.0, 200.0, 200.0, 200.0, 200.0, 200.0, 200.0, 200.0, 200.0, 200.0, 200.0]",1,942.478,0.00187065,0.0500377,-0.00546558,0.0,"[7.48658, 7.79293, 8.84666, 11.3686, 20.0323, 64.566, 55.6536, 47.2582, 39.6464, 33.0363, 27.5369, 23.121, 19.6564, 16.9654, 13.2439, 10.1237, 8.52418, 7.74488, 7.51352]",0.00179749,"[0.0, 0.0, 0.0, 0.0]",0.346282
0.0,0.00365799,0.0,0.0,-0.222,0.0,1957.56,0.0,94.0,0,"[200.0, 200.0, 200.0, 200.0, 200.0, 200.0, 200.0, 200.0, 200.0, 200.0, 200.0, 200.0, 200.0, 200.0, 200.0, 200.0, 200.0, 200.0, 200.0, 200.0, 200.0, 200.0, 200.0, 200.0, 200.0, 200.0, 200.0, 200.0, 200.0, 200.0, 200.0, 200.0, 200.0, 200.0, 200.0, 200.0]",1,942.478,0.00187065,0.0500377,-0.00546558,0.0,"[7.48658, 7.79293, 8.84666, 11.3686, 20.0323, 64.566, 55.6536, 47.2582, 39.6464, 33.0363, 27.5369, 23.121, 19.6564, 16.9654, 13.2439, 10.1237, 8.52418, 7.74488, 7.51352]",0.00179749,"[0.0, 0.0, 0.0, 0.0]",0.346282
0.0,0.00365799,0.0,0.0,-0.202,0.0,1957.56,0.0,94.0,0,"[200.0, 200.0, 200.0, 200.0, 200.0, 200.0, 200.0, 200.0, 200.0, 200.0, 200.0, 200.0, 200.0, 200.0, 200.0, 200.0, 200.0, 200.0, 200.0, 200.0, 200.0, 200.0, 200.0, 200.0, 200.0, 200.0, 200.0, 200.0, 200.0, 200.0, 200.0, 200.0, 200.0, 200.0, 200.0, 200.0]",1,942.478,0.00187065,0.0500377,-0.00546558,0.0,"[7.48658, 7.79293, 8.84666, 11.3686, 20.0323, 64.566, 55.6536, 47.2582, 39.6464, 33.0363, 27.5369, 23.121, 19.6564, 16.9654, 13.2439, 10.1237, 8.52418, 7.74488, 7.51352]",0.00179749,"[0.0, 0.0, 0.0, 0.0]",0.346282
0.0,0.00365799,0.0,0.0,-0.182,0.0,1957.56,0.0,94.0,0,"[200.0, 200.0, 200.0, 200.0, 200.0, 200.0, 200.0, 200.0, 200.0, 200.0, 200.0, 200.0, 200.0, 200.0, 200.0, 200.0, 200.0, 200.0, 200.0, 200.0, 200.0, 200.0, 200.0, 200.0, 200.0, 200.0, 200.0, 200.0, 200.0, 200.0, 200.0, 200.0, 200.0, 200.0, 200.0, 200.0]",1,942.478,0.00187065,0.0500377,-0.00546558,0.0,"[7.48658, 7.79293, 8.84666, 11.3686, 20.0323, 64.566, 55.6536, 47.2582, 39.6464, 33.0363, 27.5369, 23.121, 19.6564, 16.9654, 13.2439, 10.1237, 8.52418, 7.74488, 7.51352]",0.00179749,"[0.0, 0.0, 0.0, 0.0]",0.346282
0.0,0.00365799,0.0,0.0,-0.162,0.0,1957.56,0.0,94.0,0,"[200.0, 200.0, 200.0, 200.0, 200.0, 200.0, 200.0, 200.0, 200.0, 200.0, 200.0, 200.0, 200.0, 200.0, 200.0, 200.0, 200.0, 200.0, 200.0, 200.0, 200.0, 200.0, 200.0, 200.0, 200.0, 200.0, 200.0, 200.0, 200.0, 200.0, 200.0, 200.0, 200.0, 200.0, 200.0, 200.0]",1,942.478,0.00187065,0.0500377,-0.00546558,0.0,"[7.48658, 7.79293, 8.84666, 11.3686, 20.0323, 64.566, 55.6536, 47.2582, 39.6464, 33.0363, 27.5369, 23.121, 19.6564, 16.9654, 13.2439, 10.1237, 8.52418, 7.74488, 7.51352]",0.00179749,"[0.0, 0.0, 0.0, 0.0]",0.346282
0.0,0.00365799,0.0,0.0,-0.142,0.0,1957.56,0.0,94.0,0,"[200.0, 200.0, 200.0, 200.0, 200.0, 200.0, 200.0, 200.0, 200.0, 200.0, 200.0, 200.0, 200.0, 200.0, 200.0, 200.0, 200.0, 200.0, 200.0, 200.0, 200.0, 200.0, 200.0, 200.0, 200.0, 200.0, 200.0, 200.0, 200.0, 200.0, 200.0, 200.0, 200.0, 200.0, 200.0, 200.0]",1,942.478,0.00187065,0.0500377,-0.00546558,0.0,"[7.48658, 7.79293, 8.84666, 11.3686, 20.0323, 64.566, 55.6536, 47.2582, 39.6464, 33.0363, 27.5369, 23.121, 19.6564, 16.9654, 13.2439, 10.1237, 8.52418, 7.74488, 7.51352]",0.00179749,"[0.0, 0.0, 0.0, 0.0]",0.346282
0.0,0.00365799,0.0,0.0,-0.122,0.0,1957.56,0.0,94.0,0,"[200.0, 200.0, 200.0, 200.0, 200.0, 200.0, 200.0, 200.0, 200.0, 200.0, 200.0, 200.0, 200.0, 200.0, 200.0, 200.0, 200.0, 200.0, 200.0, 200.0, 200.0, 200.0, 200.0, 200.0, 200.0, 200.0, 200.0, 200.0, 200.0, 200.0, 200.0, 200.0, 200.0, 200.0, 200.0, 200.0]",1,942.478,0.00187065,0.0500377,-0.00546558,0.0,"[7.48658, 7.79293, 8.84666, 11.3686, 20.0323, 64.566, 55.6536, 47.2582, 39.6464, 33.0363, 27.5369, 23.121, 19.6564, 16.9654, 13.2439, 10.1237, 8.52418, 7.74488, 7.51352]",0.00179749,"[0.0, 0.0, 0.0, 0.0]",0.346282
0.0,0.00365799,0.0,0.0,-0.102,0.0,1957.56,0.0,94.0,0,"[200.0, 200.0, 200.0, 200.0, 200.0, 200.0, 200.0, 200.0, 200.0, 200.0, 200.0, 200.0, 200.0, 200.0, 200.0, 200.0, 200.0, 200.0, 200.0, 200.0, 200.0, 200.0, 200.0, 200.0, 200.0, 200.0, 200.0, 200.0, 200.0, 200.0, 200.0, 200.0, 200.0, 200.0, 200.0, 200.0]",1,942.478,0.00187065,0.0500377,-0.00546558,0.0,"[7.48658, 7.79293, 8.84666, 11.3686, 20.0323, 64.566, 55.6536, 47.2582, 39.6464, 33.0363, 27.5369, 23.121, 19.6564, 16.9654, 13.2439, 10.1237, 8.52418, 7.74488, 7.51352]",0.00179749,"[0.0, 0.0, 0.0, 0.0]",0.346282
0.0,0.00365799,0.0,0.0,-0.082,0.0,1957.56,0.0,94.0,0,"[200.0, 200.0, 200.0, 200.0, 200.0, 200.0, 200.0, 200.0, 200.0, 200.0, 200.0, 200.0, 200.0, 200.0, 200.0, 200.0, 200.0, 200.0, 200.0, 200.0, 200.0, 200.0, 200.0, 200.0, 200.0, 200.0, 200.0, 200.0, 200.0, 200.0, 200.0, 200.0, 200.0, 200.0, 200.0, 200.0]",1,942.478,0.00187065,0.0500377,-0.00546558,0.0,"[7.48658, 7.79293, 8.84666, 11.3686, 20.0323, 64.566, 55.6536, 47.2582, 39.6464, 33.0363, 27.5369, 23.121, 19.6564, 16.9654, 13.2439, 10.1237, 8.52418, 7.74488, 7.51352]",0.00179749,"[0.0, 0.0, 0.0, 0.0]",0.346282
0.0,0.00365799,0.0,0.0,-0.062,0.0,1957.56,0.0,94.0,0,"[200.0, 200.0, 200.0, 200.0, 200.0, 200.0, 200.0, 200.0, 200.0, 200.0, 200.0, 200.0, 200.0, 200.0, 200.0, 200.0, 200.0, 200.0, 200.0, 200.0, 200.0, 200.0, 200.0, 200.0, 200.0, 200.0, 200.0, 200.0, 200.0, 200.0, 200.0, 200.0, 200.0, 200.0, 200.0, 200.0]",1,942.478,0.00187065,0.0500377,-0.00546558,0.0,"[7.48658, 7.79293, 8.84666, 11.3686, 20.0323, 64.566, 55.6536, 47.2582, 39.6464, 33.0363, 27.5369, 23.121, 19.6564, 16.9654, 13.2439, 10.1237, 8.52418, 7.74488, 7.51352]",0.00179749,"[0.0, 0.0, 0.0, 0.0]",0.346282
0.0,0.00365799,0.0,0.0,-0.042,0.0,1957.56,0.0,94.0,0,"[200.0, 200.0, 200.0, 200.0, 200.0, 200.0, 200.0, 200.0, 200.0, 200.0, 200.0, 200.0, 200.0, 200.0, 200.0, 200.0, 200.0, 200.0, 200.0, 200.0, 200.0, 200.0, 200.0, 200.0, 200.0, 200.0, 200.0, 200.0, 200.0, 200.0, 200.0, 200.0, 200.0, 200.0, 200.0, 200.0]",1,942.478,0.00187065,0.0500377,-0.00546558,0.0,"[7.48658, 7.79293, 8.84666, 11.3686, 20.0323, 64.566, 55.6536, 47.2582, 39.6464, 33.0363, 27.5369, 23.121, 19.6564, 16.9654, 13.2439, 10.1237, 8.52418, 7.74488, 7.51352]",0.00179749,"[0.0, 0.0, 0.0, 0.0]",0.346282
0.0,0.00365799,0.0,0.0,-0.022,0.0,1957.56,0.0,94.0,0,"[200.0, 200.0, 200.0, 200.0, 200.0, 200.0, 200.0, 200.0, 200.0, 200.0, 200.0, 200.0, 200.0, 200.0, 200.0, 200.0, 200.0, 200.0, 200.0, 200.0, 200.0, 200.0, 200.0, 200.0, 200.0, 200.0, 200.0, 200.0, 200.0, 200.0, 200.0, 200.0, 200.0, 200.0, 200.0, 200.0]",1,942.478,0.00187065,0.0500377,-0.00546558,0.0,"[7.48658, 7.79293, 8.84666, 11.3686, 20.0323, 64.566, 55.6536, 47.2582, 39.6464, 33.0363, 27.5369, 23.121, 19.6564, 16.9654, 13.2439, 10.1237, 8.52418, 7.74488, 7.51352]",0.00179749,"[0.0, 0.0, 0.0, 0.0]",0.346282
0.0,0.00335854,0.0,0.0,0.018,0.0,1957.56,0.0,94.0,0,"[200.0, 200.0, 200.0, 200.0, 200.0, 200.0, 200.0, 200.0, 200.0, 200.0, 200.0, 200.0, 200.0, 200.0, 200.0, 200.0, 200.0, 200.0, 200.0, 200.0, 200.0, 200.0, 200.0, 200.0, 200.0, 200.0, 200.0, 200.0, 200.0, 200.0, 200.0, 200.0, 200.0, 200.0, 200.0, 200.0]",1,942.478,0.000173795,0.111707,-0.00626341,0.0,"[7.48606, 7.79169, 8.84425, 11.3633, 20.0055, 64.5977, 55.6842, 47.2866, 39.6719, 33.0582, 27.5549, 23.1355, 19.6678, 16.9744, 13.2496, 10.1268, 8.52603, 7.74595, 7.51402]",0.00186462,"[-0.888954, 0.851896, -2.04519, 2.16271]",0.346289
0.0,0.00328034,0.0,0.0,0.038,0.0,1957.56,0.0,94.0,0,"[200.0, 200.0, 200.0, 200.0, 200.0, 200.0, 200.0, 200.0, 200.0, 200.0, 200.0, 200.0, 200.0, 200.0, 200.0, 200.0, 200.0, 200.0, 200.0, 200.0, 200.0, 200.0, 200.0, 200.0, 200.0, 200.0, 200.0, 200.0, 200.0, 200.0, 200.0, 200.0, 200.0, 200.0, 200.0, 200.0]",1,942.478,0.000843995,0.132914,-0.00870325,0.0,"[7.48537, 7.79078, 8.84294, 11.3611, 19.9963, 64.6067, 55.693, 47.2951, 39.6797, 33.0651, 27.5608, 23.1404, 19.6719, 16.9778, 13.252, 10.1284, 8.52713, 7.7468, 7.5147]",0.00195618,"[0.969726, -0.910476, 2.08346, -2.09566]",0.346301
0.0,0.00332898,0.0,0.0,0.058,0.0,1957.56,0.00012207,94.0,0,"[200.0, 200.0, 200.0, 200.0, 200.0, 200.0, 200.0, 200.0, 200.0, 200.0, 200.0, 200.0, 200.0, 200.0, 200.0, 200.0, 200.0, 200.0, 200.0, 200.0, 200.0, 200.0, 200.0, 200.0, 200.0, 200.0, 200.0, 200.0, 200.0, 200.0, 200.0, 200.0, 200.0, 200.0, 200.0, 200.0]",1,942.478,-0.000301251,0.152759,-0.0117344,0.0,"[7.48457, 7.79006, 8.84229, 11.3605, 19.9971, 64.6026, 55.6893, 47.292, 39.6772, 33.0634, 27.5598, 23.1399, 19.6718, 16.978, 13.2524, 10.129, 8.52781, 7.74753, 7.51551]",0.00206299,"[-0.928366, 0.902647, -2.02812, 2.14064]",0.346307
0.0,0.00341767,0.0,0.0,0.078,0.0,1957.56,0.0,94.0,0,"[200.0, 200.0, 200.0, 200.0, 200.0, 200.0, 200.0, 200.0, 200.0, 200.0, 200.0, 200.0, 200.0, 200.0, 200.0, 200.0, 200.0, 200.0, 200.0, 200.0, 200.0, 200.0, 200.0, 200.0, 200.0, 200.0, 200.0, 200.0, 200.0, 200.0, 200.0, 200.0, 200.0, 200.0, 200.0, 200.0]",1,942.478,0.000545309,0.166916,-0.0147127,0.0,"[7.48368, 7.78934, 8.84173, 11.3603, 20.0007, 64.5944, 55.6819, 47.2854, 39.6718, 33.0591, 27.5567, 23.1378, 19.6704, 16.9772, 13.2524, 10.1294, 8.52844, 7.74829, 7.51641]",0.00218201,"[0.954553, -0.886973, 2.07507, -2.09664]",0.346302
0.0,0.00353354,0.0,0.0,0.098,0.0,1957.56,0.0,94.0,0,"[200.0, 200.0, 200.0, 200.0, 200.0, 200.0, 200.0, 200.0, 200.0, 200.0, 200.0, 200.0, 200.0, 200.0, 200.0, 200.0, 200.0, 200.0, 200.0, 200.0, 200.0, 200.0, 200.0, 200.0, 200.0, 200.0, 200.0, 200.0, 200.0, 200.0, 200.0, 200.0, 200.0, 200.0, 200.0, 200.0]",1,942.478,-0.000590354,0.180012,-0.0173205,0.0,"[7.48271, 7.78859, 8.84125, 11.3605, 20.0063, 64.5835, 55.6717, 47.2764, 39.6642, 33.0531, 27.5522, 23.1347, 19.6683, 16.9759, 13.252, 10.1297, 8.52903, 7.74907, 7.51739]",0.00231222,"[-0.943295, 0.91657, -2.03379, 2.13769]",0.346289
0.0,0.00367611,0.0,0.0,0.118,0.0,1957.56,0.0,94.0,0,"[200.0, 200.0, 200.0, 200.0, 200.0, 200.0, 200.0, 200.0, 200.0, 200.0, 200.0, 200.0, 200.0, 200.0, 200.0, 200.0, 200.0, 200.0, 200.0, 200.0, 200.0, 200.0, 200.0, 200.0, 200.0, 200.0, 200.0, 200.0, 200.0, 200.0, 200.0, 200.0, 200.0, 200.0, 200.0, 200.0]",1,942.478,0.000556628,0.191744,-0.019423,0.0,"[7.48168, 7.78784, 8.84085, 11.3609, 20.0138, 64.5699, 55.6591, 47.2651, 39.6546, 33.0454, 27.5463, 23.1304, 19.6654, 16.9739, 13.2513, 10.1298, 8.52959, 7.74988, 7.51842]",0.00245056,"[0.94378, -0.885637, 2.06707, -2.10348]",0.346268
0.0,0.00384253,0.0,0.0,0.138,0.0,1957.56,0.0,94.0,0,"[200.0, 200.0, 200.0, 200.0, 200.0, 200.0, 200.0, 200.0, 200.0, 200.0, 200.0, 200.0, 200.0, 200.0, 200.0, 200.0, 200.0, 200.0, 200.0, 200.0, 200.0, 200.0, 200.0, 200.0, 200.0, 200.0, 200.0, 200.0, 200.0, 200.0, 200.0, 200.0, 200.0, 200.0, 200.0, 200.0]",1,942.478,-0.000910343,0.202067,-0.0211089,0.0,"[7.48058, 7.7871, 8.84053, 11.3616, 20.023, 64.5538, 55.6441, 47.2517, 39.6431, 33.0362, 27.5393, 23.1253, 19.6618, 16.9714, 13.2503, 10.1299, 8.53009, 7.75071, 7.51953]",0.00259705,"[-0.94974, 0.92059, -2.04054, 2.13701]",0.346241
0.0,0.00403374,0.0,0.0,0.158,0.0,1957.56,0.0,94.0,0,"[200.0, 200.0, 200.0, 200.0, 200.0, 200.0, 200.0, 200.0, 200.0, 200.0, 200.0, 200.0, 200.0, 200.0, 200.0, 200.0, 200.0, 200.0, 200.0, 200.0, 200.0, 200.0, 200.0, 200.0, 200.0, 200.0, 200.0, 200.0, 200.0, 200.0, 200.0, 200.0, 200.0, 200.0, 200.0, 200.0]",1,942.478,0.000106884,0.213625,-0.0223737,0.0,"[7.47944, 7.78635, 8.84029, 11.3625, 20.0341, 64.5353, 55.6267, 47.2361, 39.6298, 33.0253, 27.5309, 23.1191, 19.6574, 16.9684, 13.2489, 10.1298, 8.53056, 7.75153, 7.52069]",0.00275065,"[0.944333, -0.881349, 2.06753, -2.11099]",0.34621
0.0,0.00424927,0.0,0.0,0.178,0.0,1957.56,0.00012207,94.0,0,"[200.0, 200.0, 200.0, 200.0, 200.0, 200.0, 200.0, 200.0, 200.0, 200.0, 200.0, 200.0, 200.0, 200.0, 200.0, 200.0, 200.0, 200.0, 200.0, 200.0, 200.0, 200.0, 200.0, 200.0, 200.0, 200.0, 200.0, 200.0, 200.0, 200.0, 200.0, 200.0, 200.0, 200.0, 200.0, 200.0]",1,942.478,-0.00141579,0.222588,-0.0234263,0.0,"[7.47823, 7.7856, 8.84014, 11.3638, 20.047, 64.5143, 55.607, 47.2183, 39.6145, 33.0129, 27.5213, 23.112, 19.6522, 16.9648, 13.2473, 10.1295, 8.53099, 7.75238, 7.5219]",0.00291239,"[-0.944414, 0.919479, -2.04576, 2.13641]",0.346177
0.0,0.0044896,0.0,0.0,0.198,0.0,1957.56,0.00012207,94.0,0,"[200.0, 200.0, 200.0, 200.0, 200.0, 200.0, 200.0, 200.0, 200.0, 200.0, 200.0, 200.0, 200.0, 200.0, 200.0, 200.0, 200.0, 200.0, 200.0, 200.0, 200.0, 200.0, 200.0, 200.0, 200.0, 200.0, 200.0, 200.0, 200.0, 200.0, 200.0, 200.0, 200.0, 200.0, 200.0, 200.0]",1,942.478,-0.000170705,0.234781,-0.0243348,0.0,"[7.47698, 7.78485, 8.84007, 11.3653, 20.0618, 64.4908, 55.585, 47.1984, 39.5974, 32.9989, 27.5103, 23.1038, 19.6464, 16.9606, 13.2453, 10.1291, 8.53138, 7.75324, 7.52317]",0.00308126,"[0.941932, -0.893877, 2.06855, -2.11631]",0.346143
0.0,0.00475376,0.0,0.0,0.218,0.0,1957.56,0.00012207,94.0,0,"[200.0, 200.0, 200.0, 200.0, 200.0, 200.0, 200.0, 200.0, 200.0, 200.0, 200.0, 200.0, 200.0, 200.0, 200.0, 200.0, 200.0, 200.0, 200.0, 200.0, 200.0, 200.0, 200.0, 200.0, 200.0, 200.0, 200.0, 200.0, 200.0, 200.0, 200.0, 200.0, 200.0, 200.0, 200.0, 200.0]",1,942.478,-0.00163869,0.243023,-0.025201,0.0,"[7.47565, 7.7841, 8.84005, 11.3671, 20.0784, 64.4649, 55.5606, 47.1764, 39.5784, 32.9834, 27.4983, 23.0948, 19.6398, 16.9559, 13.2431, 10.1286, 8.53173, 7.75412, 7.52451]",0.00325826,"[-0.938427, 0.89755, -2.04965, 2.13046]",0.34611
0.0,0.0050413,0.0,0.0,0.238,0.0,1957.56,0.00012207,94.0,0,"[200.0, 200.0, 200.0, 200.0, 200.0, 200.0, 200.0, 200.0, 200.0, 200.0, 200.0, 200.0, 200.0, 200.0, 200.0, 200.0, 200.0, 200.0, 200.0, 200.0, 200.0, 200.0, 200.0, 200.0, 200.0, 200.0, 200.0, 200.0, 200.0, 200.0, 200.0, 200.0, 200.0, 200.0, 200.0, 200.0]",1,942.478,-0.000442955,0.256225,-0.0260748,0.0,"[7.47428, 7.78333, 8.84011, 11.3691, 20.0967, 64.4367, 55.534, 47.1524, 39.5577, 32.9664, 27.4851, 23.0849, 19.6325, 16.9508, 13.2405, 10.128, 8.53205, 7.75503, 7.52592]",0.00344442,"[0.964629, -0.92723, 2.06034, -2.12391]",0.346077
0.0,0.00533551,0.0,0.0,0.26,0.0,1957.56,0.0,94.0,0,"[200.0, 200.0, 200.0, 200.0, 200.0, 200.0, 200.0, 200.0, 200.0, 200.0, 200.0, 200.0, 200.0, 200.0, 200.0, 200.0, 200.0, 200.0, 200.0, 200.0, 200.0, 200.0, 200.0, 200.0, 200.0, 200.0, 200.0, 200.0, 200.0, 200.0, 200.0, 200.0, 200.0, 200.0, 200.0, 200.0]",1,942.478,-0.0015282,0.265467,-0.0271519,0.0,"[7.47268, 7.78236, 8.83993, 11.3708, 20.1147, 64.408, 55.5072, 47.1282, 39.5369, 32.9494, 27.4719, 23.0751, 19.6255, 16.9458, 13.2382, 10.1277, 8.53261, 7.75615, 7.52753]",0.00365804,"[-1.87663, 1.76284, -2.0305, 2.14853]",0.34604
0.0,0.005768,0.0,0.0,0.28,0.0,1957.56,0.0,94.0,0,"[200.0, 200.0, 200.0, 200.0, 200.0, 200.0, 200.0, 200.0, 200.0, 200.0, 200.0, 200.0, 200.0, 200.0, 200.0, 200.0, 200.0, 200.0, 200.0, 200.0, 200.0, 200.0, 200.0, 200.0, 200.0, 200.0, 200.0, 200.0, 200.0, 200.0, 200.0, 200.0, 200.0, 200.0, 200.0, 200.0]",1,942.478,-0.000389271,0.278875,-0.0279164,0.0,"[7.47119, 7.78181, 8.84073, 11.3748, 20.1449, 64.3648, 55.4663, 47.091, 39.5046, 32.9227, 27.4507, 23.0589, 19.6134, 16.9369, 13.2335, 10.126, 8.53244, 7.75691, 7.52906]",0.00385946,"[1.91652, -1.86541, 2.01632, -2.17515]",0.346006
0.0,0.00602978,0.0,0.0,0.3,0.0,1957.56,0.0,94.0,0,"[200.0, 200.0, 200.0, 200.0, 200.0, 200.0, 200.0, 200.0, 200.0, 200.0, 200.0, 200.0, 200.0, 200.0, 200.0, 200.0, 200.0, 200.0, 200.0, 200.0, 200.0, 200.0, 200.0, 200.0, 200.0, 200.0, 200.0, 200.0, 200.0, 200.0, 200.0, 200.0, 200.0, 200.0, 200.0, 200.0]",1,942.478,-0.00203222,0.287292,-0.0291656,0.0,"[7.46962, 7.7808, 8.8404, 11.3761, 20.1605, 64.3395, 55.4427, 47.0698, 39.4864, 32.9079, 27.4394, 23.0506, 19.6074, 16.9327, 13.2317, 10.1259, 8.53309, 7.75805, 7.53065]",0.00407003,"[-1.85934, 1.72153, -2.03357, 2.14687]",0.345971
0.0,0.00650662,0.0,0.0,0.32,0.0,1957.56,0.0,94.0,0,"[200.0, 200.0, 200.0, 200.0, 200.0, 200.0, 200.0, 200.0, 200.0, 200.0, 200.0, 200.0, 200.0, 200.0, 200.0, 200.0, 200.0, 200.0, 200.0, 200.0, 200.0, 200.0, 200.0, 200.0, 200.0, 200.0, 200.0, 200.0, 200.0, 200.0, 200.0, 200.0, 200.0, 200.0, 200.0, 200.0]",1,942.478,-0.00124846,0.301707,-0.029989,0.0,"[7.46801, 7.78024, 8.84132, 11.3806, 20.1943, 64.2918, 55.3976, 47.0288, 39.4508, 32.8785, 27.416, 23.0327, 19.5941, 16.9229, 13.2264, 10.124, 8.5329, 7.75887, 7.53231]",0.00428874,"[1.94086, -1.91104, 2.02034, -2.16918]",0.345936
0.0,0.00680989,0.0,0.0,0.34,0.0,1957.56,0.0,94.0,0,"[200.0, 200.0, 200.0, 200.0, 200.0, 200.0, 200.0, 200.0, 200.0, 200.0, 200.0, 200.0, 200.0, 200.0, 200.0, 200.0, 200.0, 200.0, 200.0, 200.0, 200.0, 200.0, 200.0, 200.0, 200.0, 200.0, 200.0, 200.0, 200.0, 200.0, 200.0, 200.0, 200.0, 200.0, 200.0, 200.0]",1,942.478,-0.00280175,0.310184,-0.0312557,0.0,"[7.46633, 7.77919, 8.8411, 11.3824, 20.2131, 64.2624, 55.37, 47.004, 39.4295, 32.8611, 27.4026, 23.0228, 19.587, 16.9179, 13.2241, 10.1237, 8.5335, 7.76007, 7.53403]",0.00451558,"[-1.81972, 1.66702, -2.03421, 2.1403]",0.345899
0.0,0.00732582,0.0,0.0,0.36,0.0,1957.56,0.00012207,94.0,0,"[200.0, 200.0, 200.0, 200.0, 200.0, 200.0, 200.0, 200.0, 200.0, 200.0, 200.0, 200.0, 200.0, 200.0, 200.0, 200.0, 200.0, 200.0, 200.0, 200.0, 200.0, 200.0, 200.0, 200.0, 200.0, 200.0, 200.0, 200.0, 200.0, 200.0, 200.0, 200.0, 200.0, 200.0, 200.0, 200.0]",1,942.478,-0.0020535,0.3256,-0.0322092,0.0,"[7.4646, 7.7786, 8.84211, 11.3872, 20.2501, 64.2109, 55.3214, 46.9596, 39.391, 32.8292, 27.3774, 23.0035, 19.5726, 16.9073, 13.2184, 10.1217, 8.53327, 7.76093, 7.53581]",0.00475057,"[1.98062, -1.97086, 2.01915, -2.17023]",0.345861
0.0,0.00766629,0.0,0.0,0.38,0.0,1957.56,0.00012207,94.0,0,"[200.0, 200.0, 200.0, 200.0, 200.0, 200.0, 200.0, 200.0, 200.0, 200.0, 200.0, 200.0, 200.0, 200.0, 200.0, 200.0, 200.0, 200.0, 200.0, 200.0, 200.0, 200.0, 200.0, 200.0, 200.0, 200.0, 200.0, 200.0, 200.0, 200.0, 200.0, 200.0, 200.0, 200.0, 200.0, 200.0]",1,942.478,-0.00340826,0.334238,-0.033627,0.0,"[7.46278, 7.77749, 8.84195, 11.3893, 20.2718, 64.1777, 55.2903, 46.9318, 39.367, 32.8097, 27.3622, 22.9922, 19.5645, 16.9015, 13.2158, 10.1212, 8.53386, 7.76221, 7.53767]",0.00499573,"[-1.7796, 1.59779, -2.03964, 2.13496]",0.345823
0.0,0.00821656,0.0,0.0,0.4,0.0,1957.56,0.00012207,94.0,0,"[200.0, 200.0, 200.0, 200.0, 200.0, 200.0, 200.0, 200.0, 200.0, 200.0, 200.0, 200.0, 200.0, 200.0, 200.0, 200.0, 200.0, 200.0, 200.0, 200.0, 200.0, 200.0, 200.0, 200.0, 200.0, 200.0, 200.0, 200.0, 200.0, 200.0, 200.0, 200.0, 200.0, 200.0, 200.0, 200.0]",1,942.478,-0.00278283,0.350798,-0.0347318,0.0,"[7.4609, 7.77684, 8.843, 11.3945, 20.3115, 64.1228, 55.2385, 46.8846, 39.3261, 32.7758, 27.3355, 22.9718, 19.5492, 16.8903, 13.2098, 10.1191, 8.53366, 7.76318, 7.53961]",0.00525106,"[2.02163, -2.04638, 2.01867, -2.17539]",0.345783
0.0,0.00858992,0.0,0.0,0.42,0.0,1957.56,0.0,94.0,0,"[200.0, 200.0, 200.0, 200.0, 200.0, 200.0, 200.0, 200.0, 200.0, 200.0, 200.0, 200.0, 200.0, 200.0, 200.0, 200.0, 200.0, 200.0, 200.0, 200.0, 200.0, 200.0, 200.0, 200.0, 200.0, 200.0, 200.0, 200.0, 200.0, 200.0, 200.0, 200.0, 200.0, 200.0, 200.0, 200.0]",1,942.478,-0.00437209,0.358799,-0.0362601,0.0,"[7.45895, 7.77566, 8.84286, 11.3968, 20.3358, 64.0864, 55.2044, 46.8539, 39.2997, 32.7543, 27.3188, 22.9594, 19.5402, 16.8839, 13.2068, 10.1186, 8.5343, 7.76454, 7.54161]",0.00551453,"[-1.73333, 1.52812, -2.04482, 2.13087]",0.345742
0.0,0.00917214,0.0,0.0,0.44,0.0,1957.56,0.0,94.0,0,"[200.0, 200.0, 200.0, 200.0, 200.0, 200.0, 200.0, 200.0, 200.0, 200.0, 200.0, 200.0, 200.0, 200.0, 200.0, 200.0, 200.0, 200.0, 200.0, 200.0, 200.0, 200.0, 200.0, 200.0, 200.0, 200.0, 200.0, 200.0, 200.0, 200.0, 200.0, 200.0, 200.0, 200.0, 200.0, 200.0]",1,942.478,-0.00397027,0.373696,-0.0373311,0.0,"[7.45695, 7.77495, 8.84396, 11.4023, 20.3783, 64.0284, 55.1496, 46.8042, 39.2566, 32.7186, 27.2906, 22.9379, 19.5242, 16.8721, 13.2004, 10.1164, 8.5341, 7.76559, 7.54369]",0.00578613,"[2.07094, -2.11353, 2.01388, -2.17626]",0.345698
0.0,0.0095784,0.0,0.0,0.46,0.0,1957.56,0.0,94.0,0,"[200.0, 200.0, 200.0, 200.0, 200.0, 200.0, 200.0, 200.0, 200.0, 200.0, 200.0, 200.0, 200.0, 200.0, 200.0, 200.0, 200.0, 200.0, 200.0, 200.0, 200.0, 200.0, 200.0, 200.0, 200.0, 200.0, 200.0, 200.0, 200.0, 200.0, 200.0, 200.0, 200.0, 200.0, 200.0, 200.0]",1,942.478,-0.00549755,0.379432,-0.0387326,0.0,"[7.45489, 7.77374, 8.84389, 11.405, 20.4054, 63.9888, 55.1124, 46.7707, 39.2278, 32.6952, 27.2724, 22.9243, 19.5143, 16.8651, 13.1971, 10.1157, 8.53472, 7.76701, 7.54581]",0.00606588,"[-1.68435, 1.4591, -2.05251, 2.12667]",0.345652
0.0,0.0101935,0.0,0.0,0.48,0.0,1957.56,0.0,94.0,0,"[200.0, 200.0, 200.0, 200.0, 200.0, 200.0, 200.0, 200.0, 200.0, 200.0, 200.0, 200.0, 200.0, 200.0, 200.0, 200.0, 200.0, 200.0, 200.0, 200.0, 200.0, 200.0, 200.0, 200.0, 200.0, 200.0, 200.0, 200.0, 200.0, 200.0, 200.0, 200.0, 200.0, 200.0, 200.0, 200.0]",1,942.478,-0.00494903,0.392646,-0.0395739,0.0,"[7.45279, 7.773, 8.84506, 11.4108, 20.451, 63.9276, 55.0547, 46.7183, 39.1823, 32.6576, 27.2427, 22.9016, 19.4974, 16.8526, 13.1905, 10.1134, 8.53451, 7.7681, 7.54799]",0.00635173,"[2.11256, -2.18341, 2.00579, -2.18931]",0.345605
0.0,0.0107333,0.0,0.0,0.502,0.0,1957.56,0.0,94.0,0,"[200.0, 200.0, 200.0, 200.0, 200.0, 200.0, 200.0, 200.0, 200.0, 200.0, 200.0, 200.0, 200.0, 200.0, 200.0, 200.0, 200.0, 200.0, 200.0, 200.0, 200.0, 200.0, 200.0, 200.0, 200.0, 200.0, 200.0, 200.0, 200.0, 200.0, 200.0, 200.0, 200.0, 200.0, 200.0, 200.0]",1,942.478,-0.00579349,0.401247,-0.0406652,0.0,"[7.45043, 7.7718, 8.84543, 11.415, 20.4891, 63.8745, 55.0048, 46.6732, 39.1434, 32.6257, 27.2178, 22.8829, 19.4837, 16.8427, 13.1855, 10.1121, 8.53493, 7.76961, 7.55045]",0.00667419,"[1.20469, -1.31, 2.02653, -2.16556]",0.345551
0.0,0.0112883,0.0,0.0,0.522,0.0,1957.56,0.0,94.0,0,"[200.0, 200.0, 200.0, 200.0, 200.0, 200.0, 200.0, 200.0, 200.0, 200.0, 200.0, 200.0, 200.0, 200.0, 200.0, 200.0, 200.0, 200.0, 200.0, 200.0, 200.0, 200.0, 200.0, 200.0, 200.0, 200.0, 200.0, 200.0, 200.0, 200.0, 200.0, 200.0, 200.0, 200.0, 200.0, 200.0]",1,942.478,-0.00809888,0.401332,-0.0413966,0.0,"[7.44825, 7.77083, 8.84613, 11.4198, 20.5297, 63.8196, 54.9531, 46.6264, 39.103, 32.5925, 27.1917, 22.8631, 19.469, 16.832, 13.18, 10.1104, 8.53508, 7.77091, 7.55272]",0.00697123,"[-0.651776, 0.466936, -2.09427, 2.08219]",0.3455
0.0,0.0118644,0.0,0.0,0.542,0.0,1957.56,0.0,94.0,0,"[200.0, 200.0, 200.0, 200.0, 200.0, 200.0, 200.0, 200.0, 200.0, 200.0, 200.0, 200.0, 200.0, 200.0, 200.0, 200.0, 200.0, 200.0, 200.0, 200.0, 200.0, 200.0, 200.0, 200.0, 200.0, 200.0, 200.0, 200.0, 200.0, 200.0, 200.0, 200.0, 200.0, 200.0, 200.0, 200.0]",1,942.478,-0.00765495,0.408628,-0.0418997,0.0,"[7.44606, 7.76989, 8.84695, 11.4248, 20.5725, 63.7626, 54.8995, 46.5778, 39.061, 32.5579, 27.1645, 22.8425, 19.4537, 16.8208, 13.1742, 10.1085, 8.53515, 7.77218, 7.555]",0.0072703,"[1.25751, -1.37909, 2.03354, -2.16818]",0.345446
0.0,0.0124652,0.0,0.0,0.562,0.0,1957.56,0.0,94.0,0,"[200.0, 200.0, 200.0, 200.0, 200.0, 200.0, 200.0, 200.0, 200.0, 200.0, 200.0, 200.0, 200.0, 200.0, 200.0, 200.0, 200.0, 200.0, 200.0, 200.0, 200.0, 200.0, 200.0, 200.0, 200.0, 200.0, 200.0, 200.0, 200.0, 200.0, 200.0, 200.0, 200.0, 200.0, 200.0, 200.0]",1,942.478,-0.00983171,0.40407,-0.0422094,0.0,"[7.44386, 7.769, 8.84791, 11.4303, 20.618, 63.7031, 54.8434, 46.5271, 39.0171, 32.5218, 27.136, 22.8208, 19.4376, 16.809, 13.1679, 10.1065, 8.53513, 7.77344, 7.55731]",0.00757141,"[-0.601462, 0.399546, -2.09812, 2.0748]",0.345392
0.0,0.0130927,0.0,0.0,0.582,0.0,1957.56,0.0,94.0,0,"[200.0, 200.0, 200.0, 200.0, 200.0, 200.0, 200.0, 200.0, 200.0, 200.0, 200.0, 200.0, 200.0, 200.0, 200.0, 200.0, 200.0, 200.0, 200.0, 200.0, 200.0, 200.0, 200.0, 200.0, 200.0, 200.0, 200.0, 200.0, 200.0, 200.0, 200.0, 200.0, 200.0, 200.0, 200.0, 200.0]",1,942.478,-0.00932343,0.404522,-0.042221,0.0,"[7.44168, 7.7682, 8.84905, 11.4362, 20.6664, 63.6408, 54.7847, 46.4738, 38.971, 32.4837, 27.106, 22.798, 19.4207, 16.7966, 13.1613, 10.1042, 8.535, 7.77461, 7.55962]",0.00787048,"[1.28898, -1.43637, 2.02784, -2.1724]",0.345336
0.0,0.0137469,0.0,0.0,0.602,0.0,1957.56,0.0,94.0,0,"[200.0, 200.0, 200.0, 200.0, 200.0, 200.0, 200.0, 200.0, 200.0, 200.0, 200.0, 200.0, 200.0, 200.0, 200.0, 200.0, 200.0, 200.0, 200.0, 200.0, 200.0, 200.0, 200.0, 200.0, 200.0, 200.0, 200.0, 200.0, 200.0, 200.0, 200.0, 200.0, 200.0, 200.0, 200.0, 200.0]",1,942.478,-0.0117829,0.395142,-0.0419116,0.0,"[7.43953, 7.76749, 8.85038, 11.4425, 20.7178, 63.5757, 54.7234, 46.4183, 38.9229, 32.444, 27.0747, 22.7741, 19.4028, 16.7833, 13.1543, 10.1017, 8.53473, 7.77575, 7.5619]",0.00816752,"[-0.588309, 0.354968, -2.09996, 2.08042]",0.34528
0.0,0.0144259,0.0,0.0,0.622,0.0,1957.56,-0.00012207,94.0,0,"[200.0, 200.0, 200.0, 200.0, 200.0, 200.0, 200.0, 200.0, 200.0, 200.0, 200.0, 200.0, 200.0, 200.0, 200.0, 200.0, 200.0, 200.0, 200.0, 200.0, 200.0, 200.0, 200.0, 200.0, 200.0, 200.0, 200.0, 200.0, 200.0, 200.0, 200.0, 200.0, 200.0, 200.0, 200.0, 200.0]",1,942.478,-0.0111852,0.389408,-0.0412458,0.0,"[7.43744, 7.7669, 8.85194, 11.4494, 20.7724, 63.508, 54.6596, 46.3603, 38.8725, 32.4024, 27.0418, 22.749, 19.384, 16.7694, 13.1467, 10.099, 8.53432, 7.77677, 7.56414]",0.00845744,"[1.28812, -1.47632, 2.02973, -2.16822]",0.345223
0.0,0.015124,0.0,0.0,0.642,0.0,1957.56,-0.00012207,94.0,0,"[200.0, 200.0, 200.0, 200.0, 200.0, 200.0, 200.0, 200.0, 200.0, 200.0, 200.0, 200.0, 200.0, 200.0, 200.0, 200.0, 200.0, 200.0, 200.0, 200.0, 200.0, 200.0, 200.0, 200.0, 200.0, 200.0, 200.0, 200.0, 200.0, 200.0, 200.0, 200.0, 200.0, 200.0, 200.0, 200.0]",1,942.478,-0.0137982,0.377752,-0.0403416,0.0,"[7.43539, 7.7664, 8.85367, 11.4566, 20.8297, 63.4384, 54.5939, 46.3006, 38.8208, 32.3596, 27.0079, 22.723, 19.3645, 16.755, 13.1388, 10.096, 8.53376, 7.77772, 7.56634]",0.00874125,"[-0.596514, 0.33973, -2.10562, 2.0762]",0.345167
0.0,0.0158312,0.0,0.0,0.662,0.0,1957.56,-0.00012207,94.0,0,"[200.0, 200.0, 200.0, 200.0, 200.0, 200.0, 200.0, 200.0, 200.0, 200.0, 200.0, 200.0, 200.0, 200.0, 200.0, 200.0, 200.0, 200.0, 200.0, 200.0, 200.0, 200.0, 200.0, 200.0, 200.0, 200.0, 200.0, 200.0, 200.0, 200.0, 200.0, 200.0, 200.0, 200.0, 200.0, 200.0]",1,942.478,-0.013528,0.370669,-0.0391967,0.0,"[7.43341, 7.76599, 8.85554, 11.4641, 20.8887, 63.3677, 54.5272, 46.2402, 38.7683, 32.3161, 26.9735, 22.6966, 19.3446, 16.7401, 13.1307, 10.0929, 8.53312, 7.77861, 7.56849]",0.00901794,"[1.27559, -1.48573, 2.03417, -2.16758]",0.345112
0.0,0.0165345,0.0,0.0,0.682,0.0,1957.56,-0.00012207,94.0,0,"[200.0, 200.0, 200.0, 200.0, 200.0, 200.0, 200.0, 200.0, 200.0, 200.0, 200.0, 200.0, 200.0, 200.0, 200.0, 200.0, 200.0, 200.0, 200.0, 200.0, 200.0, 200.0, 200.0, 200.0, 200.0, 200.0, 200.0, 200.0, 200.0, 200.0, 200.0, 200.0, 200.0, 200.0, 200.0, 200.0]",1,942.478,-0.0162303,0.361602,-0.0380068,0.0,"[7.43147, 7.76562, 8.85744, 11.4716, 20.9482, 63.2975, 54.461, 46.18, 38.7161, 32.2729, 26.9392, 22.6703, 19.3249, 16.7254, 13.1225, 10.0898, 8.53244, 7.77947, 7.57059]",0.00928853,"[-0.612094, 0.32105, -2.0949, 2.08588]",0.345061
0.0,0.0172259,0.0,0.0,0.702,0.0,1957.56,-0.00012207,94.0,0,"[200.0, 200.0, 200.0, 200.0, 200.0, 200.0, 200.0, 200.0, 200.0, 200.0, 200.0, 200.0, 200.0, 200.0, 200.0, 200.0, 200.0, 200.0, 200.0, 200.0, 200.0, 200.0, 200.0, 200.0, 200.0, 200.0, 200.0, 200.0, 200.0, 200.0, 200.0, 200.0, 200.0, 200.0, 200.0, 200.0]",1,942.478,-0.0156323,0.358738,-0.0368789,0.0,"[7.42958, 7.76526, 8.85933, 11.479, 21.0075, 63.2283, 54.3958, 46.1208, 38.6647, 32.2304, 26.9056, 22.6445, 19.3055, 16.7109, 13.1146, 10.0867, 8.53179, 7.7803, 7.57267]",0.00955404,"[1.25209, -1.50796, 2.03901, -2.16558]",0.345013
0.0,0.0178935,0.0,0.0,0.722,0.0,1957.56,-0.000244141,94.0,0,"[200.0, 200.0, 200.0, 200.0, 200.0, 200.0, 200.0, 200.0, 200.0, 200.0, 200.0, 200.0, 200.0, 200.0, 200.0, 200.0, 200.0, 200.0, 200.0, 200.0, 200.0, 200.0, 200.0, 200.0, 200.0, 200.0, 200.0, 200.0, 200.0, 200.0, 200.0, 200.0, 200.0, 200.0, 200.0, 200.0]",1,942.478,-0.0182549,0.354731,-0.0360342,0.0,"[7.42768, 7.76485, 8.86107, 11.4861, 21.0649, 63.1618, 54.3331, 46.0639, 38.6154, 32.1897, 26.8733, 22.6198, 19.2869, 16.6971, 13.107, 10.0838, 8.53123, 7.78118, 7.57475]",0.00981954,"[-0.623751, 0.303992, -2.10467, 2.08]",0.344971
0.0,0.0185353,0.0,0.0,0.742,0.0,1957.56,-0.000244141,94.0,0,"[200.0, 200.0, 200.0, 200.0, 200.0, 200.0, 200.0, 200.0, 200.0, 200.0, 200.0, 200.0, 200.0, 200.0, 200.0, 200.0, 200.0, 200.0, 200.0, 200.0, 200.0, 200.0, 200.0, 200.0, 200.0, 200.0, 200.0, 200.0, 200.0, 200.0, 200.0, 200.0, 200.0, 200.0, 200.0, 200.0]",1,942.478,-0.0177643,0.358998,-0.0355035,0.0,"[7.42579, 7.76439, 8.86267, 11.4928, 21.1206, 63.0979, 54.2729, 46.0094, 38.5681, 32.1507, 26.8425, 22.5962, 19.2692, 16.684, 13.0998, 10.0812, 8.53077, 7.78209, 7.57681]",0.010084,"[1.24224, -1.5273, 2.03233, -2.17366]",0.344933
0.0,0.019149,0.0,0.0,0.762,0.0,1957.56,-0.000366211,94.0,0,"[200.0, 200.0, 200.0, 200.0, 200.0, 200.0, 200.0, 200.0, 200.0, 200.0, 200.0, 200.0, 200.0, 200.0, 200.0, 200.0, 200.0, 200.0, 200.0, 200.0, 200.0, 200.0, 200.0, 200.0, 200.0, 200.0, 200.0, 200.0, 200.0, 200.0, 200.0, 200.0, 200.0, 200.0, 200.0, 200.0]",1,942.478,-0.0204143,0.359409,-0.0354024,0.0,"[7.42389, 7.76384, 8.86407, 11.499, 21.1739, 63.037, 54.2155, 45.9575, 38.5233, 32.1137, 26.8133, 22.5739, 19.2526, 16.6717, 13.0932, 10.0787, 8.53044, 7.78307, 7.57889]",0.0103505,"[-0.625265, 0.267201, -2.10722, 2.07693]",0.344898
0.0,0.0197465,0.0,0.0,0.782,0.0,1957.56,-0.000488281,94.0,0,"[200.0, 200.0, 200.0, 200.0, 200.0, 200.0, 200.0, 200.0, 200.0, 200.0, 200.0, 200.0, 200.0, 200.0, 200.0, 200.0, 200.0, 200.0, 200.0, 200.0, 200.0, 200.0, 200.0, 200.0, 200.0, 200.0, 200.0, 200.0, 200.0, 200.0, 200.0, 200.0, 200.0, 200.0, 200.0, 200.0]",1,942.478,-0.0205524,0.364542,-0.0355524,0.0,"[7.42197, 7.76323, 8.86535, 11.505, 21.2259, 62.9778, 54.1599, 45.9071, 38.4798, 32.0778, 26.785, 22.5524, 19.2365, 16.6598, 13.0868, 10.0765, 8.53023, 7.78411, 7.58099]",0.0106201,"[1.25613, -1.56762, 2.03792, -2.16325]",0.344864
0.0,0.0203416,0.0,0.0,0.802,0.0,1957.56,-0.000488281,94.0,0,"[200.0, 200.0, 200.0, 200.0, 200.0, 200.0, 200.0, 200.0, 200.0, 200.0, 200.0, 200.0, 200.0, 200.0, 200.0, 200.0, 200.0, 200.0, 200.0, 200.0, 200.0, 200.0, 200.0, 200.0, 200.0, 200.0, 200.0, 200.0, 200.0, 200.0, 200.0, 200.0, 200.0, 200.0, 200.0, 200.0]",1,942.478,-0.0234459,0.36189,-0.0359078,0.0,"[7.42005, 7.76262, 8.86663, 11.511, 21.2783, 62.9188, 54.1044, 45.857, 38.4365, 32.0423, 26.757, 22.531, 19.2205, 16.648, 13.0805, 10.0743, 8.53001, 7.78516, 7.58308]",0.0108897,"[-0.607714, 0.237852, -2.09861, 2.08327]",0.344829
0.0,0.0209419,0.0,0.0,0.822,0.0,1957.56,-0.000610352,94.0,0,"[200.0, 200.0, 200.0, 200.0, 200.0, 200.0, 200.0, 200.0, 200.0, 200.0, 200.0, 200.0, 200.0, 200.0, 200.0, 200.0, 200.0, 200.0, 200.0, 200.0, 200.0, 200.0, 200.0, 200.0, 200.0, 200.0, 200.0, 200.0, 200.0, 200.0, 200.0, 200.0, 200.0, 200.0, 200.0, 200.0]",1,942.478,-0.023186,0.363413,-0.0361827,0.0,"[7.41813, 7.76202, 8.86794, 11.517, 21.3316, 62.8593, 54.0485, 45.8065, 38.3929, 32.0063, 26.7288, 22.5095, 19.2045, 16.6362, 13.0741, 10.072, 8.52977, 7.7862, 7.5852]",0.0111593,"[1.26216, -1.59183, 2.03258, -2.16298]",0.344793
0.0,0.0215456,0.0,0.0,0.842,0.0,1957.56,-0.000732422,94.0,0,"[200.0, 200.0, 200.0, 200.0, 200.0, 200.0, 200.0, 200.0, 200.0, 200.0, 200.0, 200.0, 200.0, 200.0, 200.0, 200.0, 200.0, 200.0, 200.0, 200.0, 200.0, 200.0, 200.0, 200.0, 200.0, 200.0, 200.0, 200.0, 200.0, 200.0, 200.0, 200.0, 200.0, 200.0, 200.0, 200.0]",1,942.478,-0.0258522,0.359207,-0.0363432,0.0,"[7.41623, 7.76145, 8.86929, 11.5232, 21.3862, 62.7995, 53.9923, 45.7557, 38.349, 31.9703, 26.7004, 22.4878, 19.1883, 16.6242, 13.0677, 10.0697, 8.52952, 7.78721, 7.58729]",0.0114268,"[-0.614205, 0.220743, -2.10731, 2.07242]",0.344755
0.0,0.0221564,0.0,0.0,0.862,0.0,1957.56,-0.000854492,94.0,0,"[200.0, 200.0, 200.0, 200.0, 200.0, 200.0, 200.0, 200.0, 200.0, 200.0, 200.0, 200.0, 200.0, 200.0, 200.0, 200.0, 200.0, 200.0, 200.0, 200.0, 200.0, 200.0, 200.0, 200.0, 200.0, 200.0, 200.0, 200.0, 200.0, 200.0, 200.0, 200.0, 200.0, 200.0, 200.0, 200.0]",1,942.478,-0.0258751,0.358685,-0.0363214,0.0,"[7.41433, 7.76091, 8.87071, 11.5295, 21.4421, 62.739, 53.9354, 45.7043, 38.3046, 31.9337, 26.6715, 22.4659, 19.1719, 16.612, 13.0611, 10.0673, 8.52923, 7.78822, 7.58939]",0.0116933,"[1.25171, -1.6205, 2.03844, -2.15843]",0.344715
0.0,0.0227734,0.0,0.0,0.882,0.0,1957.56,-0.000976563,94.0,0,"[200.0, 200.0, 200.0, 200.0, 200.0, 200.0, 200.0, 200.0, 200.0, 200.0, 200.0, 200.0, 200.0, 200.0, 200.0, 200.0, 200.0, 200.0, 200.0, 200.0, 200.0, 200.0, 200.0, 200.0, 200.0, 200.0, 200.0, 200.0, 200.0, 200.0, 200.0, 200.0, 200.0, 200.0, 200.0, 200.0]",1,942.478,-0.0287321,0.353162,-0.0362596,0.0,"[7.41248, 7.76042, 8.8722, 11.5359, 21.4994, 62.6778, 53.8779, 45.6523, 38.2597, 31.8968, 26.6424, 22.4437, 19.1553, 16.5997, 13.0544, 10.0649, 8.52888, 7.78918, 7.59145]",0.0119568,"[-0.623405, 0.195564, -2.1018, 2.08034]",0.344675
0.0,0.0233971,0.0,0.0,0.902,0.0,1957.56,-0.000976563,94.0,0,"[200.0, 200.0, 200.0, 200.0, 200.0, 200.0, 200.0, 200.0, 200.0, 200.0, 200.0, 200.0, 200.0, 200.0, 200.0, 200.0, 200.0, 200.0, 200.0, 200.0, 200.0, 200.0, 200.0, 200.0, 200.0, 200.0, 200.0, 200.0, 200.0, 200.0, 200.0, 200.0, 200.0, 200.0, 200.0, 200.0]",1,942.478,-0.028829,0.350471,-0.0359494,0.0,"[7.41063, 7.75995, 8.87375, 11.5425, 21.5582, 62.6159, 53.8198, 45.5998, 38.2143, 31.8594, 26.613, 22.4212, 19.1384, 16.5872, 13.0476, 10.0624, 8.5285, 7.79014, 7.59351]",0.0122182,"[1.23126, -1.637, 2.05162, -2.15096]",0.344635
0.0,0.0240237,0.0,0.0,0.922,0.0,1957.56,-0.0012207,94.0,0,"[200.0, 200.0, 200.0, 200.0, 200.0, 200.0, 200.0, 200.0, 200.0, 200.0, 200.0, 200.0, 200.0, 200.0, 200.0, 200.0, 200.0, 200.0, 200.0, 200.0, 200.0, 200.0, 200.0, 200.0, 200.0, 200.0, 200.0, 200.0, 200.0, 200.0, 200.0, 200.0, 200.0, 200.0, 200.0, 200.0]",1,942.478,-0.031743,0.344188,-0.0355566,0.0,"[7.40884, 7.75954, 8.87537, 11.5492, 21.6181, 62.5538, 53.7614, 45.5469, 38.1687, 31.8219, 26.5833, 22.3985, 19.1214, 16.5746, 13.0408, 10.0598, 8.52807, 7.79105, 7.59554]",0.0124746,"[-0.646813, 0.184372, -2.09261, 2.08969]",0.344594
0.0,0.0246546,0.0,0.0,0.942,0.0,1957.56,-0.0012207,94.0,0,"[200.0, 200.0, 200.0, 200.0, 200.0, 200.0, 200.0, 200.0, 200.0, 200.0, 200.0, 200.0, 200.0, 200.0, 200.0, 200.0, 200.0, 200.0, 200.0, 200.0, 200.0, 200.0, 200.0, 200.0, 200.0, 200.0, 200.0, 200.0, 200.0, 200.0, 200.0, 200.0, 200.0, 200.0, 200.0, 200.0]",1,942.478,-0.0320682,0.33974,-0.0350564,0.0,"[7.40705, 7.75916, 8.87703, 11.5561, 21.6794, 62.4911, 53.7025, 45.4937, 38.1227, 31.7841, 26.5535, 22.3757, 19.1043, 16.5619, 13.0338, 10.0572, 8.52761, 7.79192, 7.59755]",0.0127289,"[1.20666, -1.63905, 2.06205, -2.1381]",0.344554
0.0,0.025284,0.0,0.0,0.962,0.0,1957.56,-0.00134277,94.0,0,"[200.0, 200.0, 200.0, 200.0, 200.0, 200.0, 200.0, 200.0, 200.0, 200.0, 200.0, 200.0, 200.0, 200.0, 200.0, 200.0, 200.0, 200.0, 200.0, 200.0, 200.0, 200.0, 200.0, 200.0, 200.0, 200.0, 200.0, 200.0, 200.0, 200.0, 200.0, 200.0, 200.0, 200.0, 200.0, 200.0]",1,942.478,-0.0352253,0.333081,-0.0344433,0.0,"[7.40532, 7.75883, 8.87876, 11.563, 21.7416, 62.4286, 53.6438, 45.4406, 38.0769, 31.7462, 26.5237, 22.3529, 19.0872, 16.5491, 13.0268, 10.0546, 8.5271, 7.79277, 7.59952]",0.0129771,"[-0.676472, 0.193462, -2.07724, 2.10606]",0.344515
0.0,0.0259129,0.0,0.0,0.982,0.0,1957.56,-0.00146484,94.0,0,"[200.0, 200.0, 200.0, 200.0, 200.0, 200.0, 200.0, 200.0, 200.0, 200.0, 200.0, 200.0, 200.0, 200.0, 200.0, 200.0, 200.0, 200.0, 200.0, 200.0, 200.0, 200.0, 200.0, 200.0, 200.0, 200.0, 200.0, 200.0, 200.0, 200.0, 200.0, 200.0, 200.0, 200.0, 200.0, 200.0]",1,942.478,-0.0353332,0.327308,-0.0336956,0.0,"[7.40362, 7.75853, 8.88053, 11.57, 21.8045, 62.3661, 53.5851, 45.3875, 38.0311, 31.7085, 26.4939, 22.3301, 19.07, 16.5364, 13.0197, 10.0519, 8.52656, 7.79359, 7.60146]",0.0132212,"[1.17252, -1.63162, 2.07389, -2.12548]",0.344476
0.0,0.02655,0.0,0.0,1.004,0.0,1957.56,-0.00158691,94.0,0,"[200.0, 200.0, 200.0, 200.0, 200.0, 200.0, 200.0, 200.0, 200.0, 200.0, 200.0, 200.0, 200.0, 200.0, 200.0, 200.0, 200.0, 200.0, 200.0, 200.0, 200.0, 200.0, 200.0, 200.0, 200.0, 200.0, 200.0, 200.0, 200.0, 200.0, 200.0, 200.0, 200.0, 200.0, 200.0, 200.0]",1,942.478,-0.0383904,0.319123,-0.0329922,0.0,"[7.40177, 7.75809, 8.88217, 11.5768, 21.8685, 62.303, 53.5258, 45.3341, 37.9849, 31.6706, 26.464, 22.3073, 19.053, 16.5237, 13.0128, 10.0493, 8.52617, 7.79455, 7.60355]",0.0134857,"[-1.64864, 1.12091, -2.0514, 2.13467]",0.344436
0.0,0.0272676,0.0,0.0,1.024,0.0,1957.56,-0.00183105,94.0,0,"[200.0, 200.0, 200.0, 200.0, 200.0, 200.0, 200.0, 200.0, 200.0, 200.0, 200.0, 200.0, 200.0, 200.0, 200.0, 200.0, 200.0, 200.0, 200.0, 200.0, 200.0, 200.0, 200.0, 200.0, 200.0, 200.0, 200.0, 200.0, 200.0, 200.0, 200.0, 200.0, 200.0, 200.0, 200.0, 200.0]",1,942.478,-0.0389346,0.314426,-0.032091,0.0,"[7.40019, 7.75813, 8.88461, 11.5854, 21.944, 62.2314, 53.4584, 45.2731, 37.9321, 31.6269, 26.4294, 22.2806, 19.0328, 16.5086, 13.0043, 10.0459, 8.52518, 7.79512, 7.60544]",0.0137187,"[2.06272, -2.52926, 2.06823, -2.13216]",0.344401
0.0,0.0277774,0.0,0.0,1.044,0.0,1957.56,-0.00195313,94.0,0,"[200.0, 200.0, 200.0, 200.0, 200.0, 200.0, 200.0, 200.0, 200.0, 200.0, 200.0, 200.0, 200.0, 200.0, 200.0, 200.0, 200.0, 200.0, 200.0, 200.0, 200.0, 200.0, 200.0, 200.0, 200.0, 200.0, 200.0, 200.0, 200.0, 200.0, 200.0, 200.0, 200.0, 200.0, 200.0, 200.0]",1,942.478,-0.0422783,0.306353,-0.031567,0.0,"[7.39857, 7.75763, 8.88576, 11.5907, 21.9959, 62.1811, 53.4113, 45.2306, 37.8956, 31.597, 26.4059, 22.2628, 19.0195, 16.4987, 12.999, 10.044, 8.52504, 7.79604, 7.60727]",0.0139496,"[-1.68483, 1.16084, -2.03665, 2.15259]",0.344368
0.0,0.0284745,0.0,0.0,1.064,0.0,1957.56,-0.00219727,94.0,0,"[200.0, 200.0, 200.0, 200.0, 200.0, 200.0, 200.0, 200.0, 200.0, 200.0, 200.0, 200.0, 200.0, 200.0, 200.0, 200.0, 200.0, 200.0, 200.0, 200.0, 200.0, 200.0, 200.0, 200.0, 200.0, 200.0, 200.0, 200.0, 200.0, 200.0, 200.0, 200.0, 200.0, 200.0, 200.0, 200.0]",1,942.478,-0.0427025,0.301538,-0.0306956,0.0,"[7.39703, 7.75766, 8.88816, 11.5991, 22.0712, 62.1116, 53.3459, 45.1715, 37.8444, 31.5547, 26.3724, 22.237, 19.0, 16.4841, 12.9908, 10.0406, 8.52409, 7.79662, 7.6091]",0.0141764,"[2.02461, -2.49085, 2.08349, -2.11457]",0.344336
0.0,0.0289599,0.0,0.0,1.084,0.0,1957.56,-0.00244141,94.0,0,"[200.0, 200.0, 200.0, 200.0, 200.0, 200.0, 200.0, 200.0, 200.0, 200.0, 200.0, 200.0, 200.0, 200.0, 200.0, 200.0, 200.0, 200.0, 200.0, 200.0, 200.0, 200.0, 200.0, 200.0, 200.0, 200.0, 200.0, 200.0, 200.0, 200.0, 200.0, 200.0, 200.0, 200.0, 200.0, 200.0]",1,942.478,-0.0462248,0.294031,-0.0301894,0.0,"[7.39549, 7.75719, 8.88923, 11.6042, 22.1217, 62.0638, 53.3011, 45.1311, 37.8098, 31.5263, 26.3501, 22.22, 18.9874, 16.4748, 12.9858, 10.0389, 8.52396, 7.79752, 7.61086]",0.0143972,"[-1.72148, 1.20945, -2.02196, 2.17177]",0.344305
0.0,0.0296294,0.0,0.0,1.104,0.0,1957.56,-0.00268555,94.0,0,"[200.0, 200.0, 200.0, 200.0, 200.0, 200.0, 200.0, 200.0, 200.0, 200.0, 200.0, 200.0, 200.0, 200.0, 200.0, 200.0, 200.0, 200.0, 200.0, 200.0, 200.0, 200.0, 200.0, 200.0, 200.0, 200.0, 200.0, 200.0, 200.0, 200.0, 200.0, 200.0, 200.0, 200.0, 200.0, 200.0]",1,942.478,-0.0468507,0.28931,-0.0293298,0.0,"[7.39401, 7.75721, 8.89153, 11.6122, 22.1959, 61.997, 53.2383, 45.0744, 37.7607, 31.4859, 26.3181, 22.1954, 18.9688, 16.4608, 12.9779, 10.0357, 8.52308, 7.79808, 7.61263]",0.0146159,"[1.98311, -2.43506, 2.10786, -2.09139]",0.344277
0.0,0.0300853,0.0,0.0,1.124,0.0,1957.56,-0.00292969,94.0,0,"[200.0, 200.0, 200.0, 200.0, 200.0, 200.0, 200.0, 200.0, 200.0, 200.0, 200.0, 200.0, 200.0, 200.0, 200.0, 200.0, 200.0, 200.0, 200.0, 200.0, 200.0, 200.0, 200.0, 200.0, 200.0, 200.0, 200.0, 200.0, 200.0, 200.0, 200.0, 200.0, 200.0, 200.0, 200.0, 200.0]",1,942.478,-0.0503487,0.282643,-0.0288748,0.0,"[7.39254, 7.75675, 8.89253, 11.6169, 22.2445, 61.9522, 53.1964, 45.0367, 37.7283, 31.4594, 26.2972, 22.1796, 18.957, 16.4521, 12.9733, 10.0341, 8.52299, 7.79895, 7.61431]",0.0148275,"[-1.74826, 1.26659, -2.00594, 2.18849]",0.344248
0.0,0.0307247,0.0,0.0,1.144,0.0,1957.56,-0.00317383,94.0,0,"[200.0, 200.0, 200.0, 200.0, 200.0, 200.0, 200.0, 200.0, 200.0, 200.0, 200.0, 200.0, 200.0, 200.0, 200.0, 200.0, 200.0, 200.0, 200.0, 200.0, 200.0, 200.0, 200.0, 200.0, 200.0, 200.0, 200.0, 200.0, 200.0, 200.0, 200.0, 200.0, 200.0, 200.0, 200.0, 200.0]",1,942.478,-0.0511833,0.278074,-0.0280878,0.0,"[7.39113, 7.75678, 8.89474, 11.6247, 22.3169, 61.8885, 53.1365, 44.9826, 37.6816, 31.4208, 26.2667, 22.1562, 18.9392, 16.4388, 12.9658, 10.031, 8.52215, 7.79949, 7.61601]",0.015036,"[1.96787, -2.37644, 2.12761, -2.07358]",0.344221
0.0,0.0311505,0.0,0.0,1.164,0.0,1957.56,-0.00341797,94.0,0,"[200.0, 200.0, 200.0, 200.0, 200.0, 200.0, 200.0, 200.0, 200.0, 200.0, 200.0, 200.0, 200.0, 200.0, 200.0, 200.0, 200.0, 200.0, 200.0, 200.0, 200.0, 200.0, 200.0, 200.0, 200.0, 200.0, 200.0, 200.0, 200.0, 200.0, 200.0, 200.0, 200.0, 200.0, 200.0, 200.0]",1,942.478,-0.0545797,0.272092,-0.027691,0.0,"[7.3897, 7.75628, 8.8956, 11.629, 22.3631, 61.8467, 53.0975, 44.9475, 37.6515, 31.3962, 26.2475, 22.1416, 18.9284, 16.4308, 12.9616, 10.0296, 8.52213, 7.80035, 7.61764]",0.0152405,"[-1.77272, 1.33264, -1.98471, 2.20647]",0.344195
0.0,0.0317571,0.0,0.0,1.184,0.0,1957.56,-0.00366211,94.0,0,"[200.0, 200.0, 200.0, 200.0, 200.0, 200.0, 200.0, 200.0, 200.0, 200.0, 200.0, 200.0, 200.0, 200.0, 200.0, 200.0, 200.0, 200.0, 200.0, 200.0, 200.0, 200.0, 200.0, 200.0, 200.0, 200.0, 200.0, 200.0, 200.0, 200.0, 200.0, 200.0, 200.0, 200.0, 200.0, 200.0]",1,942.478,-0.0554325,0.267802,-0.0269448,0.0,"[7.38835, 7.75629, 8.89767, 11.6364, 22.4334, 61.7863, 53.0408, 44.8963, 37.6073, 31.3598, 26.2187, 22.1195, 18.9117, 16.4183, 12.9545, 10.0268, 8.52136, 7.80091, 7.61928]",0.0154419,"[1.93484, -2.30599, 2.15151, -2.04953]",0.34417
0.0,0.032149,0.0,0.0,1.204,0.0,1957.56,-0.00390625,94.0,0,"[200.0, 200.0, 200.0, 200.0, 200.0, 200.0, 200.0, 200.0, 200.0, 200.0, 200.0, 200.0, 200.0, 200.0, 200.0, 200.0, 200.0, 200.0, 200.0, 200.0, 200.0, 200.0, 200.0, 200.0, 200.0, 200.0, 200.0, 200.0, 200.0, 200.0, 200.0, 200.0, 200.0, 200.0, 200.0, 200.0]",1,942.478,-0.0588616,0.262722,-0.0265799,0.0,"[7.38698, 7.75578, 8.8984, 11.6403, 22.4765, 61.748, 53.005, 44.8642, 37.5798, 31.3374, 26.2011, 22.1062, 18.9019, 16.4111, 12.9508, 10.0255, 8.52141, 7.80176, 7.62083]",0.0156382,"[-1.7959, 1.4009, -1.96245, 2.23036]",0.344145
0.0,0.0327231,0.0,0.0,1.224,0.0,1957.56,-0.00415039,94.0,0,"[200.0, 200.0, 200.0, 200.0, 200.0, 200.0, 200.0, 200.0, 200.0, 200.0, 200.0, 200.0, 200.0, 200.0, 200.0, 200.0, 200.0, 200.0, 200.0, 200.0, 200.0, 200.0, 200.0, 200.0, 200.0, 200.0, 200.0, 200.0, 200.0, 200.0, 200.0, 200.0, 200.0, 200.0, 200.0, 200.0]",1,942.478,-0.0595173,0.258728,-0.0259202,0.0,"[7.38567, 7.75577, 8.90034, 11.6472, 22.5444, 61.6909, 52.9514, 44.8158, 37.5381, 31.303, 26.174, 22.0854, 18.8861, 16.3993, 12.9441, 10.0229, 8.52073, 7.80232, 7.62242]",0.0158325,"[1.90757, -2.24039, 2.17451, -2.02447]",0.344123
0.0,0.0330846,0.0,0.0,1.244,0.0,1957.56,-0.00439453,94.0,0,"[200.0, 200.0, 200.0, 200.0, 200.0, 200.0, 200.0, 200.0, 200.0, 200.0, 200.0, 200.0, 200.0, 200.0, 200.0, 200.0, 200.0, 200.0, 200.0, 200.0, 200.0, 200.0, 200.0, 200.0, 200.0, 200.0, 200.0, 200.0, 200.0, 200.0, 200.0, 200.0, 200.0, 200.0, 200.0, 200.0]",1,942.478,-0.0627922,0.254476,-0.0256206,0.0,"[7.38434, 7.75521, 8.90092, 11.6507, 22.5848, 61.6557, 52.9185, 44.7863, 37.5129, 31.2825, 26.1581, 22.0733, 18.8772, 16.3928, 12.9408, 10.0219, 8.52086, 7.80319, 7.62394]",0.0160238,"[-1.81751, 1.47433, -1.94762, 2.24455]",0.3441
0.0,0.0336282,0.0,0.0,1.264,0.0,1957.56,-0.00476074,94.0,0,"[200.0, 200.0, 200.0, 200.0, 200.0, 200.0, 200.0, 200.0, 200.0, 200.0, 200.0, 200.0, 200.0, 200.0, 200.0, 200.0, 200.0, 200.0, 200.0, 200.0, 200.0, 200.0, 200.0, 200.0, 200.0, 200.0, 200.0, 200.0, 200.0, 200.0, 200.0, 200.0, 200.0, 200.0, 200.0, 200.0]",1,942.478,-0.0634322,0.250876,-0.0251613,0.0,"[7.38306, 7.75516, 8.9027, 11.6572, 22.6502, 61.6018, 52.8679, 44.7407, 37.4736, 31.2502, 26.1325, 22.0538, 18.8625, 16.3817, 12.9346, 10.0194, 8.52026, 7.80376, 7.62549]",0.016213,"[1.88457, -2.1723, 2.19461, -2.00378]",0.34408
0.0,0.0339605,0.0,0.0,1.284,0.0,1957.56,-0.00512695,94.0,0,"[200.0, 200.0, 200.0, 200.0, 200.0, 200.0, 200.0, 200.0, 200.0, 200.0, 200.0, 200.0, 200.0, 200.0, 200.0, 200.0, 200.0, 200.0, 200.0, 200.0, 200.0, 200.0, 200.0, 200.0, 200.0, 200.0, 200.0, 200.0, 200.0, 200.0, 200.0, 200.0, 200.0, 200.0, 200.0, 200.0]",1,942.478,-0.0669298,0.247323,-0.0250292,0.0,"[7.38176, 7.75456, 8.90314, 11.6603, 22.6876, 61.5695, 52.8379, 44.7138, 37.4506, 31.2316, 26.1181, 22.0429, 18.8545, 16.376, 12.9317, 10.0186, 8.52048, 7.80465, 7.62697]",0.0164001,"[-1.83374, 1.54556, -1.92333, 2.2699]",0.34406
0.0,0.0344779,0.0,0.0,1.304,0.0,1957.55,-0.00537109,94.0,0,"[200.0, 200.0, 200.0, 200.0, 200.0, 200.0, 200.0, 200.0, 200.0, 200.0, 200.0, 200.0, 200.0, 200.0, 200.0, 200.0, 200.0, 200.0, 200.0, 200.0, 200.0, 200.0, 200.0, 200.0, 200.0, 200.0, 200.0, 200.0, 200.0, 200.0, 200.0, 200.0, 200.0, 200.0, 200.0, 200.0]",1,942.478,-0.0675725,0.243976,-0.0245548,0.0,"[7.38053, 7.7545, 8.90482, 11.6665, 22.7512, 61.5182, 52.7898, 44.6705, 37.4133, 31.2009, 26.0939, 22.0244, 18.8405, 16.3655, 12.9258, 10.0163, 8.51993, 7.80521, 7.62846]",0.0165833,"[1.865, -2.1037, 2.22457, -1.9737]",0.344039
0.0,0.0347854,0.0,0.0,1.324,0.0,1957.55,-0.0057373,94.0,0,"[200.0, 200.0, 200.0, 200.0, 200.0, 200.0, 200.0, 200.0, 200.0, 200.0, 200.0, 200.0, 200.0, 200.0, 200.0, 200.0, 200.0, 200.0, 200.0, 200.0, 200.0, 200.0, 200.0, 200.0, 200.0, 200.0, 200.0, 200.0, 200.0, 200.0, 200.0, 200.0, 200.0, 200.0, 200.0, 200.0]",1,942.478,-0.0705891,0.24111,-0.0244113,0.0,"[7.37926, 7.75389, 8.90516, 11.6693, 22.7862, 61.4884, 52.7621, 44.6457, 37.3922, 31.1838, 26.0806, 22.0144, 18.8333, 16.3603, 12.9232, 10.0156, 8.5202, 7.8061, 7.62989]",0.0167643,"[-1.85684, 1.61595, -1.90248, 2.28845]",0.344019
0.0,0.0352794,0.0,0.0,1.344,0.0,1957.55,-0.00610352,94.0,0,"[200.0, 200.0, 200.0, 200.0, 200.0, 200.0, 200.0, 200.0, 200.0, 200.0, 200.0, 200.0, 200.0, 200.0, 200.0, 200.0, 200.0, 200.0, 200.0, 200.0, 200.0, 200.0, 200.0, 200.0, 200.0, 200.0, 200.0, 200.0, 200.0, 200.0, 200.0, 200.0, 200.0, 200.0, 200.0, 200.0]",1,942.478,-0.0709674,0.238224,-0.0239881,0.0,"[7.37805, 7.75379, 8.90672, 11.6751, 22.8477, 61.4395, 52.7163, 44.6045, 37.3568, 31.1547, 26.0577, 21.9969, 18.82, 16.3504, 12.9177, 10.0134, 8.51972, 7.80669, 7.63136]",0.0169444,"[1.83492, -2.04066, 2.24573, -1.95259]",0.344
0.0,0.0355651,0.0,0.0,1.364,0.0,1957.55,-0.00646973,94.0,0,"[200.0, 200.0, 200.0, 200.0, 200.0, 200.0, 200.0, 200.0, 200.0, 200.0, 200.0, 200.0, 200.0, 200.0, 200.0, 200.0, 200.0, 200.0, 200.0, 200.0, 200.0, 200.0, 200.0, 200.0, 200.0, 200.0, 200.0, 200.0, 200.0, 200.0, 200.0, 200.0, 200.0, 200.0, 200.0, 200.0]",1,942.478,-0.0741748,0.235998,-0.0238294,0.0,"[7.3768, 7.75316, 8.90695, 11.6776, 22.8805, 61.412, 52.6906, 44.5817, 37.3374, 31.1391, 26.0455, 21.9878, 18.8134, 16.3456, 12.9153, 10.0129, 8.52004, 7.80758, 7.63276]",0.0171214,"[-1.87793, 1.67917, -1.87832, 2.31236]",0.34398
0.0,0.0360405,0.0,0.0,1.384,0.0,1957.55,-0.00683594,94.0,0,"[200.0, 200.0, 200.0, 200.0, 200.0, 200.0, 200.0, 200.0, 200.0, 200.0, 200.0, 200.0, 200.0, 200.0, 200.0, 200.0, 200.0, 200.0, 200.0, 200.0, 200.0, 200.0, 200.0, 200.0, 200.0, 200.0, 200.0, 200.0, 200.0, 200.0, 200.0, 200.0, 200.0, 200.0, 200.0, 200.0]",1,942.478,-0.0746116,0.233332,-0.0234114,0.0,"[7.37563, 7.75305, 8.90845, 11.6832, 22.941, 61.365, 52.6466, 44.542, 37.3033, 31.1111, 26.0235, 21.971, 18.8008, 16.3361, 12.9101, 10.0108, 8.51961, 7.80815, 7.63419]",0.0172963,"[1.81684, -1.97971, 2.27355, -1.92498]",0.343961
0.0,0.0363099,0.0,0.0,1.404,0.0,1957.55,-0.00720215,94.0,0,"[200.0, 200.0, 200.0, 200.0, 200.0, 200.0, 200.0, 200.0, 200.0, 200.0, 200.0, 200.0, 200.0, 200.0, 200.0, 200.0, 200.0, 200.0, 200.0, 200.0, 200.0, 200.0, 200.0, 200.0, 200.0, 200.0, 200.0, 200.0, 200.0, 200.0, 200.0, 200.0, 200.0, 200.0, 200.0, 200.0]",1,942.478,-0.0779079,0.231598,-0.023348,0.0,"[7.37441, 7.75239, 8.9086, 11.6855, 22.9721, 61.339, 52.6226, 44.5206, 37.2851, 31.0964, 26.0123, 21.9626, 18.7947, 16.3318, 12.908, 10.0104, 8.51998, 7.80904, 7.63557]",0.0174703,"[-1.88927, 1.74792, -1.85432, 2.33975]",0.343944
0.0,0.0367681,0.0,0.0,1.424,0.0,1957.55,-0.00756836,94.0,0,"[200.0, 200.0, 200.0, 200.0, 200.0, 200.0, 200.0, 200.0, 200.0, 200.0, 200.0, 200.0, 200.0, 200.0, 200.0, 200.0, 200.0, 200.0, 200.0, 200.0, 200.0, 200.0, 200.0, 200.0, 200.0, 200.0, 200.0, 200.0, 200.0, 200.0, 200.0, 200.0, 200.0, 200.0, 200.0, 200.0]",1,942.478,-0.0780842,0.229163,-0.0229264,0.0,"[7.37327, 7.75227, 8.91004, 11.6909, 23.0314, 61.2938, 52.5802, 44.4826, 37.2524, 31.0695, 25.9911, 21.9464, 18.7825, 16.3227, 12.9029, 10.0084, 8.51956, 7.80961, 7.63696]",0.0176412,"[1.79523, -1.91531, 2.30085, -1.89773]",0.343926
0.0,0.0370218,0.0,0.0,1.444,0.0,1957.55,-0.00793457,94.0,0,"[200.0, 200.0, 200.0, 200.0, 200.0, 200.0, 200.0, 200.0, 200.0, 200.0, 200.0, 200.0, 200.0, 200.0, 200.0, 200.0, 200.0, 200.0, 200.0, 200.0, 200.0, 200.0, 200.0, 200.0, 200.0, 200.0, 200.0, 200.0, 200.0, 200.0, 200.0, 200.0, 200.0, 200.0, 200.0, 200.0]",1,942.478,-0.0811742,0.227943,-0.022987,0.0,"[7.37205, 7.75159, 8.9101, 11.6929, 23.0609, 61.2695, 52.5577, 44.4625, 37.2354, 31.0559, 25.9806, 21.9386, 18.7769, 16.3187, 12.9011, 10.0081, 8.52, 7.81053, 7.63831]",0.0178131,"[-1.91239, 1.81147, -1.82806, 2.36236]",0.343909
0.0,0.0374657,0.0,0.0,1.464,0.0,1957.55,-0.00842285,94.0,0,"[200.0, 200.0, 200.0, 200.0, 200.0, 200.0, 200.0, 200.0, 200.0, 200.0, 200.0, 200.0, 200.0, 200.0, 200.0, 200.0, 200.0, 200.0, 200.0, 200.0, 200.0, 200.0, 200.0, 200.0, 200.0, 200.0, 200.0, 200.0, 200.0, 200.0, 200.0, 200.0, 200.0, 200.0, 200.0, 200.0]",1,942.478,-0.0814483,0.225756,-0.0227428,0.0,"[7.3709, 7.75143, 8.91144, 11.6981, 23.1192, 61.2257, 52.5167, 44.4257, 37.2038, 31.03, 25.9603, 21.9231, 18.7652, 16.31, 12.8963, 10.0062, 8.51964, 7.81113, 7.63971]",0.017984,"[1.76967, -1.85345, 2.33109, -1.86545]",0.343893
0.0,0.0377066,0.0,0.0,1.484,0.0,1957.55,-0.00878906,94.0,0,"[200.0, 200.0, 200.0, 200.0, 200.0, 200.0, 200.0, 200.0, 200.0, 200.0, 200.0, 200.0, 200.0, 200.0, 200.0, 200.0, 200.0, 200.0, 200.0, 200.0, 200.0, 200.0, 200.0, 200.0, 200.0, 200.0, 200.0, 200.0, 200.0, 200.0, 200.0, 200.0, 200.0, 200.0, 200.0, 200.0]",1,942.478,-0.0845036,0.224981,-0.022896,0.0,"[7.36971, 7.75073, 8.91143, 11.6999, 23.1475, 61.2027, 52.4954, 44.4068, 37.1879, 31.0172, 25.9505, 21.9158, 18.76, 16.3064, 12.8945, 10.006, 8.52009, 7.81204, 7.64104]",0.0181539,"[-1.93179, 1.87866, -1.80355, 2.39008]",0.343877
0.0,0.0381381,0.0,0.0,1.504,0.0,1957.55,-0.00927734,94.0,0,"[200.0, 200.0, 200.0, 200.0, 200.0, 200.0, 200.0, 200.0, 200.0, 200.0, 200.0, 200.0, 200.0, 200.0, 200.0, 200.0, 200.0, 200.0, 200.0, 200.0, 200.0, 200.0, 200.0, 200.0, 200.0, 200.0, 200.0, 200.0, 200.0, 200.0, 200.0, 200.0, 200.0, 200.0, 200.0, 200.0]",1,942.478,-0.0849174,0.222959,-0.0225667,0.0,"[7.36858, 7.75058, 8.91272, 11.705, 23.2052, 61.1602, 52.4557, 44.3711, 37.1572, 30.9921, 25.9307, 21.9007, 18.7487, 16.2979, 12.8899, 10.0042, 8.51976, 7.81263, 7.64242]",0.0183207,"[1.75169, -1.78183, 2.35965, -1.83429]",0.343859
0.0,0.0383679,0.0,0.0,1.524,0.0,1957.55,-0.00964355,94.0,0,"[200.0, 200.0, 200.0, 200.0, 200.0, 200.0, 200.0, 200.0, 200.0, 200.0, 200.0, 200.0, 200.0, 200.0, 200.0, 200.0, 200.0, 200.0, 200.0, 200.0, 200.0, 200.0, 200.0, 200.0, 200.0, 200.0, 200.0, 200.0, 200.0, 200.0, 200.0, 200.0, 200.0, 200.0, 200.0, 200.0]",1,942.478,-0.0874577,0.222545,-0.0225674,0.0,"[7.3674, 7.74987, 8.91269, 11.7067, 23.2324, 61.1383, 52.4355, 44.3532, 37.1421, 30.98, 25.9214, 21.8939, 18.7438, 16.2944, 12.8883, 10.004, 8.52025, 7.81355, 7.64373]",0.0184886,"[-1.95734, 1.9439, -1.77811, 2.41198]",0.343843
0.0,0.0387904,0.0,0.0,1.544,0.0,1957.55,-0.0101318,94.0,0,"[200.0, 200.0, 200.0, 200.0, 200.0, 200.0, 200.0, 200.0, 200.0, 200.0, 200.0, 200.0, 200.0, 200.0, 200.0, 200.0, 200.0, 200.0, 200.0, 200.0, 200.0, 200.0, 200.0, 200.0, 200.0, 200.0, 200.0, 200.0, 200.0, 200.0, 200.0, 200.0, 200.0, 200.0, 200.0, 200.0]",1,942.478,-0.0876879,0.22074,-0.0223723,0.0,"[7.36627, 7.74969, 8.91393, 11.7116, 23.2897, 61.0967, 52.3965, 44.3182, 37.1121, 30.9555, 25.9022, 21.8792, 18.7328, 16.2863, 12.8838, 10.0023, 8.51995, 7.81416, 7.6451]",0.0186554,"[1.72702, -1.72932, 2.38427, -1.81028]",0.343828
0.0,0.0390126,0.0,0.0,1.564,0.0,1957.55,-0.010498,94.0,0,"[200.0, 200.0, 200.0, 200.0, 200.0, 200.0, 200.0, 200.0, 200.0, 200.0, 200.0, 200.0, 200.0, 200.0, 200.0, 200.0, 200.0, 200.0, 200.0, 200.0, 200.0, 200.0, 200.0, 200.0, 200.0, 200.0, 200.0, 200.0, 200.0, 200.0, 200.0, 200.0, 200.0, 200.0, 200.0, 200.0]",1,942.478,-0.0905227,0.220624,-0.0223627,0.0,"[7.3651, 7.74898, 8.91386, 11.7132, 23.3163, 61.0756, 52.377, 44.301, 37.0976, 30.9439, 25.8933, 21.8727, 18.7281, 16.283, 12.8823, 10.0021, 8.52044, 7.81507, 7.6464]",0.0188212,"[-1.97047, 2.00805, -1.75856, 2.43718]",0.343812
0.0,0.0394289,0.0,0.0,1.584,0.0,1957.55,-0.0109863,94.0,0,"[200.0, 200.0, 200.0, 200.0, 200.0, 200.0, 200.0, 200.0, 200.0, 200.0, 200.0, 200.0, 200.0, 200.0, 200.0, 200.0, 200.0, 200.0, 200.0, 200.0, 200.0, 200.0, 200.0, 200.0, 200.0, 200.0, 200.0, 200.0, 200.0, 200.0, 200.0, 200.0, 200.0, 200.0, 200.0, 200.0]",1,942.478,-0.0906936,0.21884,-0.0220673,0.0,"[7.36401, 7.7488, 8.91507, 11.718, 23.3737, 61.0346, 52.3388, 44.2666, 37.0682, 30.9198, 25.8744, 21.8583, 18.7173, 16.2749, 12.8779, 10.0005, 8.52017, 7.81567, 7.64776]",0.018986,"[1.71701, -1.67594, 2.41212, -1.78538]",0.343797
0.0,0.0396463,0.0,0.0,1.604,0.0,1957.55,-0.0114746,94.0,0,"[200.0, 200.0, 200.0, 200.0, 200.0, 200.0, 200.0, 200.0, 200.0, 200.0, 200.0, 200.0, 200.0, 200.0, 200.0, 200.0, 200.0, 200.0, 200.0, 200.0, 200.0, 200.0, 200.0, 200.0, 200.0, 200.0, 200.0, 200.0, 200.0, 200.0, 200.0, 200.0, 200.0, 200.0, 200.0, 200.0]",1,942.478,-0.0933861,0.218916,-0.0221312,0.0,"[7.36284, 7.74808, 8.91498, 11.7195, 23.4002, 61.014, 52.3198, 44.2498, 37.054, 30.9084, 25.8658, 21.8519, 18.7127, 16.2718, 12.8765, 10.0004, 8.52067, 7.81659, 7.64905]",0.0191508,"[-1.97858, 2.05463, -1.73168, 2.46218]",0.343782
0.0,0.0400578,0.0,0.0,1.624,0.0,1957.55,-0.0118408,94.0,0,"[200.0, 200.0, 200.0, 200.0, 200.0, 200.0, 200.0, 200.0, 200.0, 200.0, 200.0, 200.0, 200.0, 200.0, 200.0, 200.0, 200.0, 200.0, 200.0, 200.0, 200.0, 200.0, 200.0, 200.0, 200.0, 200.0, 200.0, 200.0, 200.0, 200.0, 200.0, 200.0, 200.0, 200.0, 200.0, 200.0]",1,942.478,-0.0936597,0.217159,-0.0219039,0.0,"[7.36175, 7.74791, 8.9162, 11.7244, 23.4579, 60.9736, 52.282, 44.2159, 37.0249, 30.8846, 25.8471, 21.8377, 18.702, 16.2638, 12.8721, 9.99873, 8.52039, 7.81717, 7.65038]",0.0193136,"[1.70007, -1.62885, 2.44473, -1.74906]",0.343768
0.0,0.0402695,0.0,0.0,1.644,0.0,1957.55,-0.0123291,94.0,0,"[200.0, 200.0, 200.0, 200.0, 200.0, 200.0, 200.0, 200.0, 200.0, 200.0, 200.0, 200.0, 200.0, 200.0, 200.0, 200.0, 200.0, 200.0, 200.0, 200.0, 200.0, 200.0, 200.0, 200.0, 200.0, 200.0, 200.0, 200.0, 200.0, 200.0, 200.0, 200.0, 200.0, 200.0, 200.0, 200.0]",1,942.478,-0.0960707,0.217525,-0.0220233,0.0,"[7.36059, 7.74719, 8.91607, 11.7258, 23.4842, 60.9535, 52.2635, 44.1995, 37.0111, 30.8737, 25.8388, 21.8316, 18.6977, 16.2608, 12.8708, 9.99863, 8.52091, 7.8181, 7.65167]",0.0194773,"[-2.00544, 2.10631, -1.70048, 2.48999]",0.343754
0.0,0.0406739,0.0,0.0,1.664,0.0,1957.55,-0.0128174,94.0,0,"[200.0, 200.0, 200.0, 200.0, 200.0, 200.0, 200.0, 200.0, 200.0, 200.0, 200.0, 200.0, 200.0, 200.0, 200.0, 200.0, 200.0, 200.0, 200.0, 200.0, 200.0, 200.0, 200.0, 200.0, 200.0, 200.0, 200.0, 200.0, 200.0, 200.0, 200.0, 200.0, 200.0, 200.0, 200.0, 200.0]",1,942.478,-0.0961507,0.215891,-0.0219616,0.0,"[7.35949, 7.747, 8.91723, 11.7305, 23.5418, 60.9138, 52.2264, 44.1663, 36.9827, 30.8504, 25.8205, 21.8177, 18.6873, 16.2531, 12.8666, 9.99706, 8.52067, 7.8187, 7.65302]",0.0196411,"[1.67439, -1.57675, 2.46964, -1.72566]",0.343741
0.0,0.0408794,0.0,0.0,1.684,0.0,1957.55,-0.0134277,94.0,0,"[200.0, 200.0, 200.0, 200.0, 200.0, 200.0, 200.0, 200.0, 200.0, 200.0, 200.0, 200.0, 200.0, 200.0, 200.0, 200.0, 200.0, 200.0, 200.0, 200.0, 200.0, 200.0, 200.0, 200.0, 200.0, 200.0, 200.0, 200.0, 200.0, 200.0, 200.0, 200.0, 200.0, 200.0, 200.0, 200.0]",1,942.478,-0.098796,0.216529,-0.022146,0.0,"[7.35835, 7.74626, 8.91708, 11.7319, 23.5673, 60.8944, 52.2085, 44.1505, 36.9694, 30.8399, 25.8125, 21.8119, 18.6832, 16.2502, 12.8653, 9.99702, 8.52121, 7.81963, 7.65429]",0.0198039,"[-2.01164, 2.16231, -1.68173, 2.51158]",0.343727
0.0,0.0412785,0.0,0.0,1.704,0.0,1957.55,-0.013916,94.0,0,"[200.0, 200.0, 200.0, 200.0, 200.0, 200.0, 200.0, 200.0, 200.0, 200.0, 200.0, 200.0, 200.0, 200.0, 200.0, 200.0, 200.0, 200.0, 200.0, 200.0, 200.0, 200.0, 200.0, 200.0, 200.0, 200.0, 200.0, 200.0, 200.0, 200.0, 200.0, 200.0, 200.0, 200.0, 200.0, 200.0]",1,942.478,-0.0987977,0.214924,-0.0220083,0.0,"[7.35724, 7.74605, 8.9182, 11.7365, 23.6252, 60.8552, 52.1719, 44.1177, 36.9414, 30.817, 25.7945, 21.7982, 18.6729, 16.2426, 12.8612, 9.9955, 8.521, 7.82026, 7.65563]",0.0199677,"[1.65786, -1.53158, 2.49624, -1.6949]",0.343713
0.0,0.0414807,0.0,0.0,1.724,0.0,1957.55,-0.0144043,94.0,0,"[200.0, 200.0, 200.0, 200.0, 200.0, 200.0, 200.0, 200.0, 200.0, 200.0, 200.0, 200.0, 200.0, 200.0, 200.0, 200.0, 200.0, 200.0, 200.0, 200.0, 200.0, 200.0, 200.0, 200.0, 200.0, 200.0, 200.0, 200.0, 200.0, 200.0, 200.0, 200.0, 200.0, 200.0, 200.0, 200.0]",1,942.478,-0.101212,0.215797,-0.0221049,0.0,"[7.35609, 7.74532, 8.91804, 11.7378, 23.6509, 60.8362, 52.1544, 44.1022, 36.9284, 30.8067, 25.7867, 21.7925, 18.6689, 16.2398, 12.86, 9.99546, 8.52154, 7.82118, 7.65692]",0.0201304,"[-2.03951, 2.21635, -1.65711, 2.53541]",0.343699
0.0,0.0418755,0.0,0.0,1.744,0.0,1957.55,-0.0150146,94.0,0,"[200.0, 200.0, 200.0, 200.0, 200.0, 200.0, 200.0, 200.0, 200.0, 200.0, 200.0, 200.0, 200.0, 200.0, 200.0, 200.0, 200.0, 200.0, 200.0, 200.0, 200.0, 200.0, 200.0, 200.0, 200.0, 200.0, 200.0, 200.0, 200.0, 200.0, 200.0, 200.0, 200.0, 200.0, 200.0, 200.0]",1,942.478,-0.101082,0.214349,-0.0219337,0.0,"[7.35501, 7.74511, 8.91915, 11.7424, 23.7091, 60.7974, 52.1183, 44.0699, 36.9007, 30.784, 25.769, 21.779, 18.6588, 16.2323, 12.8559, 9.99396, 8.52134, 7.8218, 7.65825]",0.0202932,"[1.61504, -1.48077, 2.52717, -1.66704]",0.343686
0.0,0.0420715,0.0,0.0,1.764,0.0,1957.54,-0.0155029,94.0,0,"[200.0, 200.0, 200.0, 200.0, 200.0, 200.0, 200.0, 200.0, 200.0, 200.0, 200.0, 200.0, 200.0, 200.0, 200.0, 200.0, 200.0, 200.0, 200.0, 200.0, 200.0, 200.0, 200.0, 200.0, 200.0, 200.0, 200.0, 200.0, 200.0, 200.0, 200.0, 200.0, 200.0, 200.0, 200.0, 200.0]",1,942.478,-0.103713,0.215569,-0.0219914,0.0,"[7.35386, 7.74435, 8.91895, 11.7436, 23.7342, 60.779, 52.1013, 44.0549, 36.8882, 30.7742, 25.7615, 21.7736, 18.6549, 16.2296, 12.8548, 9.99398, 8.5219, 7.82274, 7.65952]",0.0204549,"[-2.07333, 2.2686, -1.62563, 2.56692]",0.343673
0.0,0.0424601,0.0,0.0,1.784,0.0,1957.54,-0.0159912,94.0,0,"[200.0, 200.0, 200.0, 200.0, 200.0, 200.0, 200.0, 200.0, 200.0, 200.0, 200.0, 200.0, 200.0, 200.0, 200.0, 200.0, 200.0, 200.0, 200.0, 200.0, 200.0, 200.0, 200.0, 200.0, 200.0, 200.0, 200.0, 200.0, 200.0, 200.0, 200.0, 200.0, 200.0, 200.0, 200.0, 200.0]",1,942.478,-0.103779,0.214277,-0.0218034,0.0,"[7.35278, 7.74413, 8.92002, 11.7481, 23.7925, 60.741, 52.0658, 44.0231, 36.8611, 30.752, 25.7441, 21.7603, 18.6451, 16.2223, 12.8508, 9.99253, 8.52171, 7.82338, 7.66085]",0.0206177,"[1.58039, -1.42877, 2.5632, -1.62644]",0.34366
0.0,0.0426504,0.0,0.0,1.804,0.0,1957.54,-0.0164795,94.0,0,"[200.0, 200.0, 200.0, 200.0, 200.0, 200.0, 200.0, 200.0, 200.0, 200.0, 200.0, 200.0, 200.0, 200.0, 200.0, 200.0, 200.0, 200.0, 200.0, 200.0, 200.0, 200.0, 200.0, 200.0, 200.0, 200.0, 200.0, 200.0, 200.0, 200.0, 200.0, 200.0, 200.0, 200.0, 200.0, 200.0]",1,942.478,-0.106361,0.21579,-0.0218963,0.0,"[7.35162, 7.74337, 8.91978, 11.7492, 23.817, 60.7231, 52.0494, 44.0087, 36.849, 30.7424, 25.7369, 21.7551, 18.6414, 16.2198, 12.8498, 9.99259, 8.52231, 7.82431, 7.66212]",0.0207794,"[-2.09458, 2.32722, -1.59857, 2.59416]",0.343647
0.0,0.0430352,0.0,0.0,1.824,0.0,1957.54,-0.0169678,94.0,0,"[200.0, 200.0, 200.0, 200.0, 200.0, 200.0, 200.0, 200.0, 200.0, 200.0, 200.0, 200.0, 200.0, 200.0, 200.0, 200.0, 200.0, 200.0, 200.0, 200.0, 200.0, 200.0, 200.0, 200.0, 200.0, 200.0, 200.0, 200.0, 200.0, 200.0, 200.0, 200.0, 200.0, 200.0, 200.0, 200.0]",1,942.478,-0.106231,0.214573,-0.0216778,0.0,"[7.35054, 7.74314, 8.92085, 11.7537, 23.8758, 60.6854, 52.0143, 43.9773, 36.8221, 30.7205, 25.7198, 21.742, 18.6316, 16.2126, 12.8458, 9.99114, 8.52214, 7.82495, 7.66345]",0.0209412,"[1.56549, -1.36902, 2.58302, -1.60919]",0.343634
0.0,0.0432216,0.0,0.0,1.844,0.0,1957.54,-0.0175781,94.0,0,"[200.0, 200.0, 200.0, 200.0, 200.0, 200.0, 200.0, 200.0, 200.0, 200.0, 200.0, 200.0, 200.0, 200.0, 200.0, 200.0, 200.0, 200.0, 200.0, 200.0, 200.0, 200.0, 200.0, 200.0, 200.0, 200.0, 200.0, 200.0, 200.0, 200.0, 200.0, 200.0, 200.0, 200.0, 200.0, 200.0]",1,942.478,-0.108802,0.216375,-0.0217586,0.0,"[7.34939, 7.74236, 8.92057, 11.7547, 23.9001, 60.6681, 51.9983, 43.9632, 36.8104, 30.7112, 25.7128, 21.7371, 18.6281, 16.2102, 12.8449, 9.99125, 8.52276, 7.82591, 7.66473]",0.0211039,"[-2.11367, 2.38813, -1.57852, 2.6137]",0.343623
0.0,0.0436017,0.0,0.0,1.864,0.0,1957.54,-0.0180664,94.0,0,"[200.0, 200.0, 200.0, 200.0, 200.0, 200.0, 200.0, 200.0, 200.0, 200.0, 200.0, 200.0, 200.0, 200.0, 200.0, 200.0, 200.0, 200.0, 200.0, 200.0, 200.0, 200.0, 200.0, 200.0, 200.0, 200.0, 200.0, 200.0, 200.0, 200.0, 200.0, 200.0, 200.0, 200.0, 200.0, 200.0]",1,942.478,-0.108782,0.215334,-0.0216439,0.0,"[7.34829, 7.74211, 8.92158, 11.759, 23.9589, 60.6309, 51.9637, 43.9323, 36.784, 30.6897, 25.6959, 21.7242, 18.6185, 16.2031, 12.8411, 9.98988, 8.52263, 7.82656, 7.66607]",0.0212677,"[1.54012, -1.31233, 2.60937, -1.57998]",0.343612
0.0,0.0437819,0.0,0.0,1.884,0.0,1957.54,-0.0186768,94.0,0,"[200.0, 200.0, 200.0, 200.0, 200.0, 200.0, 200.0, 200.0, 200.0, 200.0, 200.0, 200.0, 200.0, 200.0, 200.0, 200.0, 200.0, 200.0, 200.0, 200.0, 200.0, 200.0, 200.0, 200.0, 200.0, 200.0, 200.0, 200.0, 200.0, 200.0, 200.0, 200.0, 200.0, 200.0, 200.0, 200.0]",1,942.478,-0.111312,0.217558,-0.0218328,0.0,"[7.34713, 7.7413, 8.92126, 11.76, 23.9825, 60.6141, 51.9483, 43.9188, 36.7727, 30.6808, 25.6893, 21.7195, 18.6153, 16.2009, 12.8402, 9.99005, 8.52326, 7.82753, 7.66735]",0.0214315,"[-2.13876, 2.44507, -1.55393, 2.64167]",0.343602
0.0,0.0441534,0.0,0.0,1.904,0.0,1957.54,-0.0192871,94.0,0,"[200.0, 200.0, 200.0, 200.0, 200.0, 200.0, 200.0, 200.0, 200.0, 200.0, 200.0, 200.0, 200.0, 200.0, 200.0, 200.0, 200.0, 200.0, 200.0, 200.0, 200.0, 200.0, 200.0, 200.0, 200.0, 200.0, 200.0, 200.0, 200.0, 200.0, 200.0, 200.0, 200.0, 200.0, 200.0, 200.0]",1,942.478,-0.111031,0.216833,-0.02185,0.0,"[7.34602, 7.74102, 8.92221, 11.7642, 24.041, 60.5779, 51.9146, 43.8886, 36.747, 30.6599, 25.673, 21.7071, 18.606, 16.194, 12.8365, 9.98874, 8.52318, 7.82821, 7.66871]",0.0215963,"[1.50857, -1.26134, 2.63503, -1.55617]",0.343592
0.0,0.044327,0.0,0.0,1.924,0.0,1957.54,-0.0197754,94.0,0,"[200.0, 200.0, 200.0, 200.0, 200.0, 200.0, 200.0, 200.0, 200.0, 200.0, 200.0, 200.0, 200.0, 200.0, 200.0, 200.0, 200.0, 200.0, 200.0, 200.0, 200.0, 200.0, 200.0, 200.0, 200.0, 200.0, 200.0, 200.0, 200.0, 200.0, 200.0, 200.0, 200.0, 200.0, 200.0, 200.0]",1,942.478,-0.11314,0.219251,-0.0221518,0.0,"[7.34486, 7.74018, 8.92183, 11.765, 24.0638, 60.5618, 51.8998, 43.8757, 36.7363, 30.6515, 25.6667, 21.7026, 18.6029, 16.192, 12.8358, 9.98897, 8.52387, 7.82921, 7.67]",0.0217611,"[-2.16103, 2.49085, -1.54114, 2.64801]",0.343582
0.0,0.0446898,0.0,0.0,1.944,0.0,1957.54,-0.0203857,94.0,0,"[200.0, 200.0, 200.0, 200.0, 200.0, 200.0, 200.0, 200.0, 200.0, 200.0, 200.0, 200.0, 200.0, 200.0, 200.0, 200.0, 200.0, 200.0, 200.0, 200.0, 200.0, 200.0, 200.0, 200.0, 200.0, 200.0, 200.0, 200.0, 200.0, 200.0, 200.0, 200.0, 200.0, 200.0, 200.0, 200.0]",1,942.478,-0.113137,0.218456,-0.0221428,0.0,"[7.34373, 7.73987, 8.9227, 11.769, 24.1216, 60.5265, 51.867, 43.8464, 36.7112, 30.6311, 25.6508, 21.6905, 18.5939, 16.1854, 12.8323, 9.98777, 8.52381, 7.82992, 7.67136]",0.0219279,"[1.4903, -1.21864, 2.6512, -1.53958]",0.343572
0.0,0.0448458,0.0,0.0,1.964,0.0,1957.54,-0.0209961,94.0,0,"[200.0, 200.0, 200.0, 200.0, 200.0, 200.0, 200.0, 200.0, 200.0, 200.0, 200.0, 200.0, 200.0, 200.0, 200.0, 200.0, 200.0, 200.0, 200.0, 200.0, 200.0, 200.0, 200.0, 200.0, 200.0, 200.0, 200.0, 200.0, 200.0, 200.0, 200.0, 200.0, 200.0, 200.0, 200.0, 200.0]",1,942.478,-0.115602,0.220807,-0.0223541,0.0,"[7.34255, 7.73897, 8.9222, 11.7695, 24.1415, 60.5122, 51.854, 43.8351, 36.7019, 30.6239, 25.6455, 21.6868, 18.5915, 16.1838, 12.8318, 9.98815, 8.52458, 7.83095, 7.67265]",0.0220937,"[-2.16679, 2.54205, -1.52785, 2.66843]",0.343561
0.0,0.0451886,0.0,0.0,1.984,0.0,1957.54,-0.0216064,94.0,0,"[200.0, 200.0, 200.0, 200.0, 200.0, 200.0, 200.0, 200.0, 200.0, 200.0, 200.0, 200.0, 200.0, 200.0, 200.0, 200.0, 200.0, 200.0, 200.0, 200.0, 200.0, 200.0, 200.0, 200.0, 200.0, 200.0, 200.0, 200.0, 200.0, 200.0, 200.0, 200.0, 200.0, 200.0, 200.0, 200.0]",1,942.478,-0.115773,0.218248,-0.0223222,0.0,"[7.34142, 7.73859, 8.92293, 11.7732, 24.1966, 60.479, 51.8231, 43.8075, 36.6784, 30.6049, 25.6306, 21.6756, 18.5832, 16.1777, 12.8286, 9.98708, 8.52462, 7.8317, 7.67401]",0.0222605,"[1.48187, -1.16689, 2.6744, -1.5145]",0.343552
0.0,0.0454079,0.0,0.0,2.006,0.0,1957.54,-0.0222168,94.0,0,"[200.0, 200.0, 200.0, 200.0, 200.0, 200.0, 200.0, 200.0, 200.0, 200.0, 200.0, 200.0, 200.0, 200.0, 200.0, 200.0, 200.0, 200.0, 200.0, 200.0, 200.0, 200.0, 200.0, 200.0, 200.0, 200.0, 200.0, 200.0, 200.0, 200.0, 200.0, 200.0, 200.0, 200.0, 200.0, 200.0]",1,942.478,-0.117081,0.215666,-0.022402,0.0,"[7.34013, 7.73776, 8.92272, 11.7746, 24.228, 60.4584, 51.8042, 43.7909, 36.6645, 30.5938, 25.6223, 21.6696, 18.5789, 16.1748, 12.8274, 9.98711, 8.52526, 7.83274, 7.67545]",0.0224426,"[0.563098, -0.206403, 2.67211, -1.48583]",0.34354
0.0,0.0456292,0.0,0.0,2.028,0.0,1957.54,-0.0229492,94.0,0,"[200.0, 200.0, 200.0, 200.0, 200.0, 200.0, 200.0, 200.0, 200.0, 200.0, 200.0, 200.0, 200.0, 200.0, 200.0, 200.0, 200.0, 200.0, 200.0, 200.0, 200.0, 200.0, 200.0, 200.0, 200.0, 200.0, 200.0, 200.0, 200.0, 200.0, 200.0, 200.0, 200.0, 200.0, 200.0, 200.0]",1,942.478,-0.119689,0.213663,-0.0221792,0.0,"[7.33887, 7.73694, 8.92252, 11.776, 24.26, 60.4376, 51.7851, 43.7741, 36.6505, 30.5827, 25.6139, 21.6635, 18.5746, 16.1718, 12.8261, 9.98712, 8.52588, 7.83377, 7.67686]",0.0226217,"[-2.17755, 2.63308, -1.49148, 2.69995]",0.343527
0.0,0.0459515,0.0,0.0,2.05,0.0,1957.54,-0.0235596,94.0,0,"[200.0, 200.0, 200.0, 200.0, 200.0, 200.0, 200.0, 200.0, 200.0, 200.0, 200.0, 200.0, 200.0, 200.0, 200.0, 200.0, 200.0, 200.0, 200.0, 200.0, 200.0, 200.0, 200.0, 200.0, 200.0, 200.0, 200.0, 200.0, 200.0, 200.0, 200.0, 200.0, 200.0, 200.0, 200.0, 200.0]",1,942.478,-0.120587,0.20978,-0.0217889,0.0,"[7.33767, 7.73644, 8.92304, 11.7793, 24.3123, 60.4065, 51.7562, 43.7484, 36.6287, 30.5651, 25.6003, 21.6532, 18.5671, 16.1664, 12.8233, 9.98631, 8.52608, 7.83463, 7.67828]",0.0227976,"[-1.2719, 1.71924, -1.47149, 2.68645]",0.343515
0.0,0.0462758,0.0,0.0,2.072,0.0,1957.54,-0.024292,94.0,0,"[200.0, 200.0, 200.0, 200.0, 200.0, 200.0, 200.0, 200.0, 200.0, 200.0, 200.0, 200.0, 200.0, 200.0, 200.0, 200.0, 200.0, 200.0, 200.0, 200.0, 200.0, 200.0, 200.0, 200.0, 200.0, 200.0, 200.0, 200.0, 200.0, 200.0, 200.0, 200.0, 200.0, 200.0, 200.0, 200.0]",1,942.478,-0.120116,0.204327,-0.0213633,0.0,"[7.3365, 7.73598, 8.92362, 11.7826, 24.3656, 60.3752, 51.7272, 43.7225, 36.6068, 30.5474, 25.5865, 21.6428, 18.5594, 16.1608, 12.8204, 9.98545, 8.52624, 7.83543, 7.67968]",0.0229696,"[1.44734, -1.08225, 2.72093, -1.47239]",0.343502
0.0,0.0465061,0.0,0.0,2.094,0.0,1957.54,-0.0249023,94.0,0,"[200.0, 200.0, 200.0, 200.0, 200.0, 200.0, 200.0, 200.0, 200.0, 200.0, 200.0, 200.0, 200.0, 200.0, 200.0, 200.0, 200.0, 200.0, 200.0, 200.0, 200.0, 200.0, 200.0, 200.0, 200.0, 200.0, 200.0, 200.0, 200.0, 200.0, 200.0, 200.0, 200.0, 200.0, 200.0, 200.0]",1,942.478,-0.120601,0.200718,-0.020923,0.0,"[7.33532, 7.73526, 8.92358, 11.7843, 24.4011, 60.3534, 51.7071, 43.7049, 36.592, 30.5355, 25.5775, 21.6363, 18.5547, 16.1575, 12.8189, 9.98529, 8.52674, 7.83637, 7.68102]",0.0231394,"[0.519898, -0.133039, 2.7076, -1.45047]",0.343491
0.0,0.0467374,0.0,0.0,2.116,0.0,1957.53,-0.0256348,94.0,0,"[200.0, 200.0, 200.0, 200.0, 200.0, 200.0, 200.0, 200.0, 200.0, 200.0, 200.0, 200.0, 200.0, 200.0, 200.0, 200.0, 200.0, 200.0, 200.0, 200.0, 200.0, 200.0, 200.0, 200.0, 200.0, 200.0, 200.0, 200.0, 200.0, 200.0, 200.0, 200.0, 200.0, 200.0, 200.0, 200.0]",1,942.478,-0.122621,0.198403,-0.0205535,0.0,"[7.33415, 7.73458, 8.92358, 11.7862, 24.4375, 60.3316, 51.687, 43.6871, 36.577, 30.5236, 25.5684, 21.6296, 18.5499, 16.1541, 12.8174, 9.98509, 8.52722, 7.8373, 7.68236]",0.0233063,"[-2.21331, 2.69183, -1.46868, 2.72876]",0.34348
0.0,0.0470673,0.0,0.0,2.138,0.0,1957.53,-0.0262451,94.0,0,"[200.0, 200.0, 200.0, 200.0, 200.0, 200.0, 200.0, 200.0, 200.0, 200.0, 200.0, 200.0, 200.0, 200.0, 200.0, 200.0, 200.0, 200.0, 200.0, 200.0, 200.0, 200.0, 200.0, 200.0, 200.0, 200.0, 200.0, 200.0, 200.0, 200.0, 200.0, 200.0, 200.0, 200.0, 200.0, 200.0]",1,942.478,-0.123332,0.194148,-0.0199886,0.0,"[7.33306, 7.7342, 8.92427, 11.7897, 24.4942, 60.2996, 51.6573, 43.6606, 36.5545, 30.5054, 25.5543, 21.6189, 18.5419, 16.1483, 12.8143, 9.9841, 8.52727, 7.83804, 7.68368]",0.023469,"[-1.30708, 1.7638, -1.43643, 2.71938]",0.343471
0.0,0.0473997,0.0,0.0,2.16,0.0,1957.53,-0.0269775,94.0,0,"[200.0, 200.0, 200.0, 200.0, 200.0, 200.0, 200.0, 200.0, 200.0, 200.0, 200.0, 200.0, 200.0, 200.0, 200.0, 200.0, 200.0, 200.0, 200.0, 200.0, 200.0, 200.0, 200.0, 200.0, 200.0, 200.0, 200.0, 200.0, 200.0, 200.0, 200.0, 200.0, 200.0, 200.0, 200.0, 200.0]",1,942.478,-0.122405,0.189159,-0.0194593,0.0,"[7.33198, 7.73385, 8.92502, 11.7933, 24.5522, 60.2674, 51.6274, 43.6339, 36.5319, 30.487, 25.54, 21.6081, 18.5339, 16.1424, 12.8112, 9.98309, 8.5273, 7.83875, 7.68501]",0.0236298,"[1.40266, -1.04677, 2.75553, -1.43713]",0.343463
0.0,0.0476343,0.0,0.0,2.182,0.0,1957.53,-0.0275879,94.0,0,"[200.0, 200.0, 200.0, 200.0, 200.0, 200.0, 200.0, 200.0, 200.0, 200.0, 200.0, 200.0, 200.0, 200.0, 200.0, 200.0, 200.0, 200.0, 200.0, 200.0, 200.0, 200.0, 200.0, 200.0, 200.0, 200.0, 200.0, 200.0, 200.0, 200.0, 200.0, 200.0, 200.0, 200.0, 200.0, 200.0]",1,942.478,-0.122791,0.186274,-0.0191282,0.0,"[7.33089, 7.73324, 8.92512, 11.7953, 24.5908, 60.2451, 51.6068, 43.6158, 36.5165, 30.4747, 25.5306, 21.6011, 18.5289, 16.1388, 12.8095, 9.98278, 8.5277, 7.8396, 7.68626]",0.0237864,"[0.476858, -0.101183, 2.74458, -1.41104]",0.343455
0.0,0.0478665,0.0,0.0,2.204,0.0,1957.53,-0.0283203,94.0,0,"[200.0, 200.0, 200.0, 200.0, 200.0, 200.0, 200.0, 200.0, 200.0, 200.0, 200.0, 200.0, 200.0, 200.0, 200.0, 200.0, 200.0, 200.0, 200.0, 200.0, 200.0, 200.0, 200.0, 200.0, 200.0, 200.0, 200.0, 200.0, 200.0, 200.0, 200.0, 200.0, 200.0, 200.0, 200.0, 200.0]",1,942.478,-0.124171,0.185356,-0.0188483,0.0,"[7.32981, 7.73267, 8.92524, 11.7973, 24.6297, 60.2231, 51.5864, 43.5978, 36.5014, 30.4626, 25.5212, 21.5942, 18.5239, 16.1353, 12.8078, 9.98248, 8.52808, 7.84042, 7.6875]",0.0239421,"[-2.2619, 2.71219, -1.43296, 2.75743]",0.343449
0.0,0.0481908,0.0,0.0,2.226,0.0,1957.53,-0.0289307,94.0,0,"[200.0, 200.0, 200.0, 200.0, 200.0, 200.0, 200.0, 200.0, 200.0, 200.0, 200.0, 200.0, 200.0, 200.0, 200.0, 200.0, 200.0, 200.0, 200.0, 200.0, 200.0, 200.0, 200.0, 200.0, 200.0, 200.0, 200.0, 200.0, 200.0, 200.0, 200.0, 200.0, 200.0, 200.0, 200.0, 200.0]",1,942.478,-0.124282,0.183247,-0.0185663,0.0,"[7.32879, 7.73235, 8.92599, 11.8009, 24.6885, 60.1916, 51.5572, 43.5717, 36.4793, 30.4446, 25.5073, 21.5836, 18.5161, 16.1295, 12.8047, 9.98146, 8.52809, 7.8411, 7.68876]",0.0240957,"[-1.35948, 1.76825, -1.40741, 2.74503]",0.343444
0.0,0.0485102,0.0,0.0,2.248,0.0,1957.53,-0.0296631,94.0,0,"[200.0, 200.0, 200.0, 200.0, 200.0, 200.0, 200.0, 200.0, 200.0, 200.0, 200.0, 200.0, 200.0, 200.0, 200.0, 200.0, 200.0, 200.0, 200.0, 200.0, 200.0, 200.0, 200.0, 200.0, 200.0, 200.0, 200.0, 200.0, 200.0, 200.0, 200.0, 200.0, 200.0, 200.0, 200.0, 200.0]",1,942.478,-0.123275,0.180106,-0.0183404,0.0,"[7.32777, 7.73203, 8.92672, 11.8044, 24.747, 60.1606, 51.5284, 43.5461, 36.4574, 30.427, 25.4935, 21.5733, 18.5083, 16.1238, 12.8017, 9.98047, 8.52811, 7.84179, 7.69001]",0.0242482,"[1.35064, -1.05047, 2.78919, -1.40741]",0.343439
0.0,0.0487291,0.0,0.0,2.27,0.0,1957.53,-0.0303955,94.0,0,"[200.0, 200.0, 200.0, 200.0, 200.0, 200.0, 200.0, 200.0, 200.0, 200.0, 200.0, 200.0, 200.0, 200.0, 200.0, 200.0, 200.0, 200.0, 200.0, 200.0, 200.0, 200.0, 200.0, 200.0, 200.0, 200.0, 200.0, 200.0, 200.0, 200.0, 200.0, 200.0, 200.0, 200.0, 200.0, 200.0]",1,942.478,-0.12341,0.179094,-0.0181904,0.0,"[7.32672, 7.73143, 8.92678, 11.8062, 24.7847, 60.1398, 51.5094, 43.5292, 36.4433, 30.4156, 25.4849, 21.5669, 18.5037, 16.1206, 12.8002, 9.98022, 8.5285, 7.8426, 7.69122]",0.0243998,"[0.43343, -0.112512, 2.7676, -1.38424]",0.343434
0.0,0.0489418,0.0,0.0,2.292,0.0,1957.53,-0.0310059,94.0,0,"[200.0, 200.0, 200.0, 200.0, 200.0, 200.0, 200.0, 200.0, 200.0, 200.0, 200.0, 200.0, 200.0, 200.0, 200.0, 200.0, 200.0, 200.0, 200.0, 200.0, 200.0, 200.0, 200.0, 200.0, 200.0, 200.0, 200.0, 200.0, 200.0, 200.0, 200.0, 200.0, 200.0, 200.0, 200.0, 200.0]",1,942.478,-0.124897,0.179244,-0.0182337,0.0,"[7.32567, 7.73084, 8.92681, 11.8079, 24.8214, 60.1197, 51.4908, 43.5129, 36.4296, 30.4047, 25.4766, 21.5607, 18.4993, 16.1174, 12.7988, 9.98004, 8.52893, 7.84343, 7.69242]",0.0245504,"[-2.29887, 2.71034, -1.41371, 2.78084]",0.343431
0.0,0.0492474,0.0,0.0,2.314,0.0,1957.53,-0.0317383,94.0,0,"[200.0, 200.0, 200.0, 200.0, 200.0, 200.0, 200.0, 200.0, 200.0, 200.0, 200.0, 200.0, 200.0, 200.0, 200.0, 200.0, 200.0, 200.0, 200.0, 200.0, 200.0, 200.0, 200.0, 200.0, 200.0, 200.0, 200.0, 200.0, 200.0, 200.0, 200.0, 200.0, 200.0, 200.0, 200.0, 200.0]",1,942.478,-0.124932,0.177854,-0.0181616,0.0,"[7.32468, 7.73051, 8.9275, 11.8113, 24.8791, 60.0902, 51.4634, 43.4885, 36.4088, 30.3878, 25.4635, 21.5508, 18.492, 16.1121, 12.7959, 9.9791, 8.52896, 7.8441, 7.69364]",0.0246989,"[-1.40681, 1.76267, -1.37989, 2.77213]",0.343427
0.0,0.0495478,0.0,0.0,2.336,0.0,1957.53,-0.0324707,94.0,0,"[200.0, 200.0, 200.0, 200.0, 200.0, 200.0, 200.0, 200.0, 200.0, 200.0, 200.0, 200.0, 200.0, 200.0, 200.0, 200.0, 200.0, 200.0, 200.0, 200.0, 200.0, 200.0, 200.0, 200.0, 200.0, 200.0, 200.0, 200.0, 200.0, 200.0, 200.0, 200.0, 200.0, 200.0, 200.0, 200.0]",1,942.478,-0.123705,0.175991,-0.0180304,0.0,"[7.32368, 7.73017, 8.92814, 11.8146, 24.9362, 60.0612, 51.4365, 43.4645, 36.3884, 30.3714, 25.4507, 21.5412, 18.4848, 16.1068, 12.7932, 9.97822, 8.52904, 7.84478, 7.69486]",0.0248474,"[1.29061, -1.0665, 2.81943, -1.37421]",0.343423
0.0,0.0497467,0.0,0.0,2.358,0.0,1957.53,-0.0330811,94.0,0,"[200.0, 200.0, 200.0, 200.0, 200.0, 200.0, 200.0, 200.0, 200.0, 200.0, 200.0, 200.0, 200.0, 200.0, 200.0, 200.0, 200.0, 200.0, 200.0, 200.0, 200.0, 200.0, 200.0, 200.0, 200.0, 200.0, 200.0, 200.0, 200.0, 200.0, 200.0, 200.0, 200.0, 200.0, 200.0, 200.0]",1,942.478,-0.124133,0.17553,-0.0181235,0.0,"[7.32265, 7.72955, 8.92809, 11.8161, 24.9715, 60.0424, 51.4192, 43.4493, 36.3758, 30.3613, 25.443, 21.5356, 18.4808, 16.104, 12.7919, 9.97811, 8.52949, 7.84561, 7.69604]",0.0249959,"[0.372177, -0.120805, 2.8025, -1.34536]",0.343419
0.0,0.0499446,0.0,0.0,2.38,0.0,1957.53,-0.0338135,94.0,0,"[200.0, 200.0, 200.0, 200.0, 200.0, 200.0, 200.0, 200.0, 200.0, 200.0, 200.0, 200.0, 200.0, 200.0, 200.0, 200.0, 200.0, 200.0, 200.0, 200.0, 200.0, 200.0, 200.0, 200.0, 200.0, 200.0, 200.0, 200.0, 200.0, 200.0, 200.0, 200.0, 200.0, 200.0, 200.0, 200.0]",1,942.478,-0.125394,0.175515,-0.0180952,0.0,"[7.32162, 7.72892, 8.92806, 11.8176, 25.0068, 60.0237, 51.4021, 43.4342, 36.3631, 30.3513, 25.4353, 21.53, 18.4768, 16.1012, 12.7906, 9.97798, 8.52994, 7.84644, 7.69722]",0.0251434,"[-2.35761, 2.71161, -1.38723, 2.80312]",0.343415
0.0,0.0502378,0.0,0.0,2.402,0.0,1957.53,-0.0345459,94.0,0,"[200.0, 200.0, 200.0, 200.0, 200.0, 200.0, 200.0, 200.0, 200.0, 200.0, 200.0, 200.0, 200.0, 200.0, 200.0, 200.0, 200.0, 200.0, 200.0, 200.0, 200.0, 200.0, 200.0, 200.0, 200.0, 200.0, 200.0, 200.0, 200.0, 200.0, 200.0, 200.0, 200.0, 200.0, 200.0, 200.0]",1,942.478,-0.125376,0.174383,-0.0179457,0.0,"[7.32064, 7.72859, 8.92867, 11.8207, 25.0646, 59.9954, 51.3758, 43.4108, 36.3433, 30.3352, 25.4229, 21.5206, 18.4699, 16.0961, 12.788, 9.97714, 8.53002, 7.84711, 7.69842]",0.0252899,"[-1.46419, 1.76736, -1.35894, 2.79112]",0.34341
0.0,0.0505277,0.0,0.0,2.424,0.0,1957.53,-0.0351563,94.0,0,"[200.0, 200.0, 200.0, 200.0, 200.0, 200.0, 200.0, 200.0, 200.0, 200.0, 200.0, 200.0, 200.0, 200.0, 200.0, 200.0, 200.0, 200.0, 200.0, 200.0, 200.0, 200.0, 200.0, 200.0, 200.0, 200.0, 200.0, 200.0, 200.0, 200.0, 200.0, 200.0, 200.0, 200.0, 200.0, 200.0]",1,942.478,-0.124363,0.172933,-0.0177322,0.0,"[7.31967, 7.72824, 8.92928, 11.8239, 25.1222, 59.9674, 51.3499, 43.3878, 36.3237, 30.3194, 25.4106, 21.5114, 18.463, 16.0911, 12.7853, 9.97632, 8.5301, 7.84779, 7.69962]",0.0254354,"[1.2357, -1.06479, 2.84604, -1.34839]",0.343406
0.0,0.050719,0.0,0.0,2.446,0.0,1957.52,-0.0358887,94.0,0,"[200.0, 200.0, 200.0, 200.0, 200.0, 200.0, 200.0, 200.0, 200.0, 200.0, 200.0, 200.0, 200.0, 200.0, 200.0, 200.0, 200.0, 200.0, 200.0, 200.0, 200.0, 200.0, 200.0, 200.0, 200.0, 200.0, 200.0, 200.0, 200.0, 200.0, 200.0, 200.0, 200.0, 200.0, 200.0, 200.0]",1,942.478,-0.124506,0.172913,-0.0177982,0.0,"[7.31864, 7.72761, 8.9292, 11.8253, 25.1573, 59.9495, 51.3334, 43.3733, 36.3116, 30.3098, 25.4034, 21.506, 18.4592, 16.0885, 12.7842, 9.97625, 8.53057, 7.84862, 7.70078]",0.0255819,"[0.321366, -0.12279, 2.82038, -1.32971]",0.343404
0.0,0.0509068,0.0,0.0,2.468,0.0,1957.52,-0.0366211,94.0,0,"[200.0, 200.0, 200.0, 200.0, 200.0, 200.0, 200.0, 200.0, 200.0, 200.0, 200.0, 200.0, 200.0, 200.0, 200.0, 200.0, 200.0, 200.0, 200.0, 200.0, 200.0, 200.0, 200.0, 200.0, 200.0, 200.0, 200.0, 200.0, 200.0, 200.0, 200.0, 200.0, 200.0, 200.0, 200.0, 200.0]",1,942.478,-0.125817,0.173529,-0.0178457,0.0,"[7.31763, 7.72698, 8.92911, 11.8266, 25.1922, 59.9319, 51.3172, 43.3591, 36.2997, 30.3004, 25.3962, 21.5008, 18.4556, 16.0859, 12.7831, 9.97619, 8.53106, 7.84945, 7.70195]",0.0257284,"[-2.40125, 2.70827, -1.37467, 2.81901]",0.343402
0.0,0.0511891,0.0,0.0,2.49,0.0,1957.52,-0.0373535,94.0,0,"[200.0, 200.0, 200.0, 200.0, 200.0, 200.0, 200.0, 200.0, 200.0, 200.0, 200.0, 200.0, 200.0, 200.0, 200.0, 200.0, 200.0, 200.0, 200.0, 200.0, 200.0, 200.0, 200.0, 200.0, 200.0, 200.0, 200.0, 200.0, 200.0, 200.0, 200.0, 200.0, 200.0, 200.0, 200.0, 200.0]",1,942.478,-0.126037,0.172645,-0.0178215,0.0,"[7.31665, 7.72661, 8.92967, 11.8297, 25.2499, 59.9047, 51.2921, 43.3368, 36.2808, 30.2851, 25.3843, 21.4919, 18.4489, 16.0811, 12.7805, 9.97543, 8.53116, 7.85014, 7.70315]",0.0258738,"[-1.50589, 1.75916, -1.33436, 2.8107]",0.343399
0.0,0.0514695,0.0,0.0,2.512,0.0,1957.52,-0.0379639,94.0,0,"[200.0, 200.0, 200.0, 200.0, 200.0, 200.0, 200.0, 200.0, 200.0, 200.0, 200.0, 200.0, 200.0, 200.0, 200.0, 200.0, 200.0, 200.0, 200.0, 200.0, 200.0, 200.0, 200.0, 200.0, 200.0, 200.0, 200.0, 200.0, 200.0, 200.0, 200.0, 200.0, 200.0, 200.0, 200.0, 200.0]",1,942.478,-0.125196,0.171151,-0.0177691,0.0,"[7.31568, 7.72624, 8.9302, 11.8326, 25.308, 59.8777, 51.2671, 43.3145, 36.262, 30.2699, 25.3726, 21.4831, 18.4424, 16.0763, 12.7781, 9.97468, 8.53129, 7.85083, 7.70433]",0.0260193,"[1.18746, -1.07872, 2.87911, -1.31575]",0.343396
0.0,0.0516493,0.0,0.0,2.534,0.0,1957.52,-0.0386963,94.0,0,"[200.0, 200.0, 200.0, 200.0, 200.0, 200.0, 200.0, 200.0, 200.0, 200.0, 200.0, 200.0, 200.0, 200.0, 200.0, 200.0, 200.0, 200.0, 200.0, 200.0, 200.0, 200.0, 200.0, 200.0, 200.0, 200.0, 200.0, 200.0, 200.0, 200.0, 200.0, 200.0, 200.0, 200.0, 200.0, 200.0]",1,942.478,-0.125448,0.171018,-0.017775,0.0,"[7.31467, 7.72561, 8.9301, 11.8339, 25.3425, 59.8609, 51.2516, 43.301, 36.2507, 30.2609, 25.3658, 21.4781, 18.4389, 16.0739, 12.777, 9.97465, 8.53177, 7.85165, 7.70547]",0.0261627,"[0.26766, -0.126018, 2.85143, -1.29593]",0.343393
0.0,0.0518276,0.0,0.0,2.556,0.0,1957.52,-0.0393066,94.0,0,"[200.0, 200.0, 200.0, 200.0, 200.0, 200.0, 200.0, 200.0, 200.0, 200.0, 200.0, 200.0, 200.0, 200.0, 200.0, 200.0, 200.0, 200.0, 200.0, 200.0, 200.0, 200.0, 200.0, 200.0, 200.0, 200.0, 200.0, 200.0, 200.0, 200.0, 200.0, 200.0, 200.0, 200.0, 200.0, 200.0]",1,942.478,-0.126764,0.171125,-0.0177298,0.0,"[7.31367, 7.72497, 8.92996, 11.8351, 25.3767, 59.8443, 51.2364, 43.2876, 36.2395, 30.2521, 25.3592, 21.4733, 18.4355, 16.0715, 12.776, 9.97465, 8.53227, 7.85248, 7.70662]",0.0263062,"[-2.4506, 2.71593, -1.34894, 2.84204]",0.34339
0.0,0.0521018,0.0,0.0,2.578,0.0,1957.52,-0.0400391,94.0,0,"[200.0, 200.0, 200.0, 200.0, 200.0, 200.0, 200.0, 200.0, 200.0, 200.0, 200.0, 200.0, 200.0, 200.0, 200.0, 200.0, 200.0, 200.0, 200.0, 200.0, 200.0, 200.0, 200.0, 200.0, 200.0, 200.0, 200.0, 200.0, 200.0, 200.0, 200.0, 200.0, 200.0, 200.0, 200.0, 200.0]",1,942.478,-0.126944,0.170025,-0.0175612,0.0,"[7.31271, 7.7246, 8.93048, 11.838, 25.4353, 59.8179, 51.2119, 43.2659, 36.2212, 30.2373, 25.3477, 21.4647, 18.4291, 16.0669, 12.7736, 9.97393, 8.53239, 7.85316, 7.70779]",0.0264496,"[-1.55583, 1.76828, -1.31088, 2.83232]",0.343388
0.0,0.0523745,0.0,0.0,2.6,0.0,1957.52,-0.0407715,94.0,0,"[200.0, 200.0, 200.0, 200.0, 200.0, 200.0, 200.0, 200.0, 200.0, 200.0, 200.0, 200.0, 200.0, 200.0, 200.0, 200.0, 200.0, 200.0, 200.0, 200.0, 200.0, 200.0, 200.0, 200.0, 200.0, 200.0, 200.0, 200.0, 200.0, 200.0, 200.0, 200.0, 200.0, 200.0, 200.0, 200.0]",1,942.478,-0.125899,0.168559,-0.0174025,0.0,"[7.31175, 7.72423, 8.93099, 11.8409, 25.4946, 59.7917, 51.1877, 43.2444, 36.203, 30.2226, 25.3363, 21.4561, 18.4228, 16.0623, 12.7712, 9.97322, 8.53254, 7.85385, 7.70897]",0.026593,"[1.12662, -1.07081, 2.90032, -1.29305]",0.343386
0.0,0.0525481,0.0,0.0,2.622,0.0,1957.52,-0.0415039,94.0,0,"[200.0, 200.0, 200.0, 200.0, 200.0, 200.0, 200.0, 200.0, 200.0, 200.0, 200.0, 200.0, 200.0, 200.0, 200.0, 200.0, 200.0, 200.0, 200.0, 200.0, 200.0, 200.0, 200.0, 200.0, 200.0, 200.0, 200.0, 200.0, 200.0, 200.0, 200.0, 200.0, 200.0, 200.0, 200.0, 200.0]",1,942.478,-0.125955,0.168932,-0.0173899,0.0,"[7.31075, 7.72357, 8.93083, 11.8421, 25.5291, 59.7755, 51.1729, 43.2314, 36.1922, 30.2141, 25.3299, 21.4514, 18.4196, 16.06, 12.7703, 9.97326, 8.53305, 7.85468, 7.71011]",0.0267364,"[0.217841, -0.124338, 2.86697, -1.28556]",0.343385
0.0,0.0527212,0.0,0.0,2.644,0.0,1957.52,-0.0421143,94.0,0,"[200.0, 200.0, 200.0, 200.0, 200.0, 200.0, 200.0, 200.0, 200.0, 200.0, 200.0, 200.0, 200.0, 200.0, 200.0, 200.0, 200.0, 200.0, 200.0, 200.0, 200.0, 200.0, 200.0, 200.0, 200.0, 200.0, 200.0, 200.0, 200.0, 200.0, 200.0, 200.0, 200.0, 200.0, 200.0, 200.0]",1,942.478,-0.127183,0.169424,-0.0174287,0.0,"[7.30975, 7.72293, 8.93067, 11.8432, 25.5638, 59.7594, 51.1581, 43.2185, 36.1814, 30.2056, 25.3235, 21.4468, 18.4163, 16.0578, 12.7694, 9.97328, 8.53355, 7.85551, 7.71124]",0.0268789,"[-2.48768, 2.72193, -1.34853, 2.84255]",0.343384
0.0,0.0529901,0.0,0.0,2.666,0.0,1957.52,-0.0428467,94.0,0,"[200.0, 200.0, 200.0, 200.0, 200.0, 200.0, 200.0, 200.0, 200.0, 200.0, 200.0, 200.0, 200.0, 200.0, 200.0, 200.0, 200.0, 200.0, 200.0, 200.0, 200.0, 200.0, 200.0, 200.0, 200.0, 200.0, 200.0, 200.0, 200.0, 200.0, 200.0, 200.0, 200.0, 200.0, 200.0, 200.0]",1,942.478,-0.127388,0.16852,-0.0173656,0.0,"[7.3088, 7.72256, 8.93118, 11.8461, 25.6239, 59.7335, 51.1342, 43.1973, 36.1635, 30.1911, 25.3123, 21.4384, 18.4101, 16.0533, 12.767, 9.97261, 8.5337, 7.85619, 7.71241]",0.0270213,"[-1.5952, 1.76946, -1.3068, 2.83776]",0.343384
0.0,0.0532567,0.0,0.0,2.688,0.0,1957.52,-0.0435791,94.0,0,"[200.0, 200.0, 200.0, 200.0, 200.0, 200.0, 200.0, 200.0, 200.0, 200.0, 200.0, 200.0, 200.0, 200.0, 200.0, 200.0, 200.0, 200.0, 200.0, 200.0, 200.0, 200.0, 200.0, 200.0, 200.0, 200.0, 200.0, 200.0, 200.0, 200.0, 200.0, 200.0, 200.0, 200.0, 200.0, 200.0]",1,942.478,-0.126367,0.167602,-0.0173472,0.0,"[7.30784, 7.72218, 8.93166, 11.8489, 25.6849, 59.7079, 51.1106, 43.1763, 36.1458, 30.1768, 25.3012, 21.4301, 18.4039, 16.0488, 12.7647, 9.97193, 8.53385, 7.85688, 7.71358]",0.0271637,"[1.08615, -1.08337, 2.91039, -1.28143]",0.343383
0.0,0.0534236,0.0,0.0,2.71,0.0,1957.52,-0.0441895,94.0,0,"[200.0, 200.0, 200.0, 200.0, 200.0, 200.0, 200.0, 200.0, 200.0, 200.0, 200.0, 200.0, 200.0, 200.0, 200.0, 200.0, 200.0, 200.0, 200.0, 200.0, 200.0, 200.0, 200.0, 200.0, 200.0, 200.0, 200.0, 200.0, 200.0, 200.0, 200.0, 200.0, 200.0, 200.0, 200.0, 200.0]",1,942.478,-0.126816,0.167529,-0.0173364,0.0,"[7.30685, 7.72151, 8.93147, 11.8499, 25.7193, 59.6925, 51.0964, 43.1639, 36.1355, 30.1687, 25.2952, 21.4257, 18.4009, 16.0467, 12.7639, 9.972, 8.53438, 7.85773, 7.71471]",0.0273061,"[0.1812, -0.125905, 2.87807, -1.26764]",0.343383
0.0,0.05359,0.0,0.0,2.732,0.0,1957.52,-0.0449219,94.0,0,"[200.0, 200.0, 200.0, 200.0, 200.0, 200.0, 200.0, 200.0, 200.0, 200.0, 200.0, 200.0, 200.0, 200.0, 200.0, 200.0, 200.0, 200.0, 200.0, 200.0, 200.0, 200.0, 200.0, 200.0, 200.0, 200.0, 200.0, 200.0, 200.0, 200.0, 200.0, 200.0, 200.0, 200.0, 200.0, 200.0]",1,942.478,-0.12835,0.167779,-0.0173494,0.0,"[7.30587, 7.72087, 8.93129, 11.851, 25.7544, 59.677, 51.0822, 43.1516, 36.1251, 30.1606, 25.289, 21.4213, 18.3978, 16.0446, 12.763, 9.97206, 8.53488, 7.85855, 7.71581]",0.0274455,"[-2.51185, 2.72585, -1.33445, 2.85786]",0.343382
0.0,0.0538518,0.0,0.0,2.754,0.0,1957.51,-0.0456543,94.0,0,"[200.0, 200.0, 200.0, 200.0, 200.0, 200.0, 200.0, 200.0, 200.0, 200.0, 200.0, 200.0, 200.0, 200.0, 200.0, 200.0, 200.0, 200.0, 200.0, 200.0, 200.0, 200.0, 200.0, 200.0, 200.0, 200.0, 200.0, 200.0, 200.0, 200.0, 200.0, 200.0, 200.0, 200.0, 200.0, 200.0]",1,942.478,-0.128665,0.166531,-0.0172456,0.0,"[7.30493, 7.7205, 8.93177, 11.8538, 25.8158, 59.652, 51.0591, 43.131, 36.1078, 30.1466, 25.2782, 21.4131, 18.3918, 16.0402, 12.7607, 9.9714, 8.53504, 7.85922, 7.71696]",0.0275859,"[-1.61939, 1.77575, -1.29038, 2.85335]",0.343382
0.0,0.0541112,0.0,0.0,2.776,0.0,1957.51,-0.0463867,94.0,0,"[200.0, 200.0, 200.0, 200.0, 200.0, 200.0, 200.0, 200.0, 200.0, 200.0, 200.0, 200.0, 200.0, 200.0, 200.0, 200.0, 200.0, 200.0, 200.0, 200.0, 200.0, 200.0, 200.0, 200.0, 200.0, 200.0, 200.0, 200.0, 200.0, 200.0, 200.0, 200.0, 200.0, 200.0, 200.0, 200.0]",1,942.478,-0.127704,0.165194,-0.0171798,0.0,"[7.30399, 7.72012, 8.93221, 11.8565, 25.8779, 59.6271, 51.036, 43.1106, 36.0906, 30.1328, 25.2675, 21.4051, 18.3859, 16.0359, 12.7585, 9.97078, 8.53521, 7.85992, 7.71812]",0.0277273,"[1.05168, -1.07961, 2.93663, -1.25795]",0.343383
0.0,0.0542704,0.0,0.0,2.798,0.0,1957.51,-0.0469971,94.0,0,"[200.0, 200.0, 200.0, 200.0, 200.0, 200.0, 200.0, 200.0, 200.0, 200.0, 200.0, 200.0, 200.0, 200.0, 200.0, 200.0, 200.0, 200.0, 200.0, 200.0, 200.0, 200.0, 200.0, 200.0, 200.0, 200.0, 200.0, 200.0, 200.0, 200.0, 200.0, 200.0, 200.0, 200.0, 200.0, 200.0]",1,942.478,-0.128209,0.165075,-0.0171893,0.0,"[7.303, 7.71945, 8.93199, 11.8575, 25.9124, 59.6124, 51.0226, 43.0989, 36.0808, 30.1251, 25.2618, 21.401, 18.383, 16.034, 12.7578, 9.97089, 8.53575, 7.86076, 7.71924]",0.0278676,"[0.147893, -0.120338, 2.90318, -1.24337]",0.343384
0.0,0.0544278,0.0,0.0,2.82,0.0,1957.51,-0.0477295,94.0,0,"[200.0, 200.0, 200.0, 200.0, 200.0, 200.0, 200.0, 200.0, 200.0, 200.0, 200.0, 200.0, 200.0, 200.0, 200.0, 200.0, 200.0, 200.0, 200.0, 200.0, 200.0, 200.0, 200.0, 200.0, 200.0, 200.0, 200.0, 200.0, 200.0, 200.0, 200.0, 200.0, 200.0, 200.0, 200.0, 200.0]",1,942.478,-0.129388,0.165166,-0.0171209,0.0,"[7.30203, 7.71879, 8.93175, 11.8584, 25.9466, 59.5978, 51.0093, 43.0873, 36.0712, 30.1175, 25.2562, 21.397, 18.3802, 16.0321, 12.7571, 9.97101, 8.53629, 7.86157, 7.72034]",0.028006,"[-2.55142, 2.73729, -1.32217, 2.87393]",0.343383
0.0,0.05468,0.0,0.0,2.842,0.0,1957.51,-0.0484619,94.0,0,"[200.0, 200.0, 200.0, 200.0, 200.0, 200.0, 200.0, 200.0, 200.0, 200.0, 200.0, 200.0, 200.0, 200.0, 200.0, 200.0, 200.0, 200.0, 200.0, 200.0, 200.0, 200.0, 200.0, 200.0, 200.0, 200.0, 200.0, 200.0, 200.0, 200.0, 200.0, 200.0, 200.0, 200.0, 200.0, 200.0]",1,942.478,-0.129478,0.164062,-0.016927,0.0,"[7.3011, 7.71841, 8.93219, 11.861, 26.0092, 59.5737, 50.987, 43.0675, 36.0545, 30.1041, 25.2458, 21.3892, 18.3745, 16.0279, 12.7549, 9.97041, 8.53647, 7.86226, 7.72147]",0.0281443,"[-1.66818, 1.78092, -1.27468, 2.86735]",0.343383
0.0,0.0549304,0.0,0.0,2.864,0.0,1957.51,-0.0491943,94.0,0,"[200.0, 200.0, 200.0, 200.0, 200.0, 200.0, 200.0, 200.0, 200.0, 200.0, 200.0, 200.0, 200.0, 200.0, 200.0, 200.0, 200.0, 200.0, 200.0, 200.0, 200.0, 200.0, 200.0, 200.0, 200.0, 200.0, 200.0, 200.0, 200.0, 200.0, 200.0, 200.0, 200.0, 200.0, 200.0, 200.0]",1,942.478,-0.128661,0.162868,-0.0168008,0.0,"[7.30017, 7.71802, 8.93261, 11.8636, 26.072, 59.5497, 50.9649, 43.0479, 36.038, 30.0909, 25.2355, 21.3815, 18.3688, 16.0238, 12.7528, 9.96983, 8.53665, 7.86294, 7.72261]",0.0282827,"[1.00377, -1.07557, 2.95796, -1.23994]",0.343385
0.0,0.0550825,0.0,0.0,2.886,0.0,1957.51,-0.0498047,94.0,0,"[200.0, 200.0, 200.0, 200.0, 200.0, 200.0, 200.0, 200.0, 200.0, 200.0, 200.0, 200.0, 200.0, 200.0, 200.0, 200.0, 200.0, 200.0, 200.0, 200.0, 200.0, 200.0, 200.0, 200.0, 200.0, 200.0, 200.0, 200.0, 200.0, 200.0, 200.0, 200.0, 200.0, 200.0, 200.0, 200.0]",1,942.478,-0.128853,0.163161,-0.0168725,0.0,"[7.29921, 7.71735, 8.93235, 11.8645, 26.1063, 59.5357, 50.9521, 43.0368, 36.0288, 30.0836, 25.2301, 21.3776, 18.3661, 16.022, 12.7522, 9.96997, 8.53721, 7.86377, 7.72369]",0.02842,"[0.0961935, -0.120747, 2.91446, -1.22708]",0.343387
0.0,0.0552332,0.0,0.0,2.908,0.0,1957.51,-0.0505371,94.0,0,"[200.0, 200.0, 200.0, 200.0, 200.0, 200.0, 200.0, 200.0, 200.0, 200.0, 200.0, 200.0, 200.0, 200.0, 200.0, 200.0, 200.0, 200.0, 200.0, 200.0, 200.0, 200.0, 200.0, 200.0, 200.0, 200.0, 200.0, 200.0, 200.0, 200.0, 200.0, 200.0, 200.0, 200.0, 200.0, 200.0]",1,942.478,-0.130561,0.163412,-0.0169379,0.0,"[7.29824, 7.71669, 8.9321, 11.8653, 26.1409, 59.5218, 50.9395, 43.0257, 36.0197, 30.0765, 25.2248, 21.3738, 18.3635, 16.0203, 12.7515, 9.97013, 8.53776, 7.8646, 7.72479]",0.0285583,"[-2.5712, 2.74268, -1.30784, 2.88152]",0.34339
0.0,0.0554787,0.0,0.0,2.93,0.0,1957.51,-0.0512695,94.0,0,"[200.0, 200.0, 200.0, 200.0, 200.0, 200.0, 200.0, 200.0, 200.0, 200.0, 200.0, 200.0, 200.0, 200.0, 200.0, 200.0, 200.0, 200.0, 200.0, 200.0, 200.0, 200.0, 200.0, 200.0, 200.0, 200.0, 200.0, 200.0, 200.0, 200.0, 200.0, 200.0, 200.0, 200.0, 200.0, 200.0]",1,942.478,-0.130656,0.162216,-0.0168845,0.0,"[7.29732, 7.71628, 8.93249, 11.8678, 26.2047, 59.4984, 50.9179, 43.0066, 36.0036, 30.0635, 25.2148, 21.3663, 18.358, 16.0162, 12.7495, 9.96959, 8.53795, 7.86529, 7.72591]",0.0286957,"[-1.68634, 1.78558, -1.26313, 2.8775]",0.343392
0.0,0.055721,0.0,0.0,2.952,0.0,1957.51,-0.052002,94.0,0,"[200.0, 200.0, 200.0, 200.0, 200.0, 200.0, 200.0, 200.0, 200.0, 200.0, 200.0, 200.0, 200.0, 200.0, 200.0, 200.0, 200.0, 200.0, 200.0, 200.0, 200.0, 200.0, 200.0, 200.0, 200.0, 200.0, 200.0, 200.0, 200.0, 200.0, 200.0, 200.0, 200.0, 200.0, 200.0, 200.0]",1,942.478,-0.130237,0.16109,-0.0168965,0.0,"[7.29638, 7.71587, 8.93283, 11.8703, 26.2686, 59.4753, 50.8965, 42.9878, 35.9876, 30.0507, 25.2049, 21.359, 18.3526, 16.0123, 12.7475, 9.96906, 8.53817, 7.86599, 7.72706]",0.028835,"[0.992272, -1.07952, 2.97978, -1.21484]",0.343396
0.0,0.0558645,0.0,0.0,2.974,0.0,1957.51,-0.0527344,94.0,0,"[200.0, 200.0, 200.0, 200.0, 200.0, 200.0, 200.0, 200.0, 200.0, 200.0, 200.0, 200.0, 200.0, 200.0, 200.0, 200.0, 200.0, 200.0, 200.0, 200.0, 200.0, 200.0, 200.0, 200.0, 200.0, 200.0, 200.0, 200.0, 200.0, 200.0, 200.0, 200.0, 200.0, 200.0, 200.0, 200.0]",1,942.478,-0.130468,0.160892,-0.0169127,0.0,"[7.29542, 7.71519, 8.93255, 11.8711, 26.3026, 59.4622, 50.8845, 42.9773, 35.979, 30.044, 25.2, 21.3554, 18.3502, 16.0107, 12.747, 9.96927, 8.53874, 7.8668, 7.72813]",0.0289714,"[0.0951599, -0.121352, 2.9352, -1.21099]",0.343397
0.0,0.0560042,0.0,0.0,2.996,0.0,1957.51,-0.0534668,94.0,0,"[200.0, 200.0, 200.0, 200.0, 200.0, 200.0, 200.0, 200.0, 200.0, 200.0, 200.0, 200.0, 200.0, 200.0, 200.0, 200.0, 200.0, 200.0, 200.0, 200.0, 200.0, 200.0, 200.0, 200.0, 200.0, 200.0, 200.0, 200.0, 200.0, 200.0, 200.0, 200.0, 200.0, 200.0, 200.0, 200.0]",1,942.478,-0.131893,0.161278,-0.0169337,0.0,"[7.29445, 7.7145, 8.93221, 11.8717, 26.3355, 59.4494, 50.873, 42.9673, 35.9708, 30.0376, 25.1952, 21.3521, 18.3479, 16.0093, 12.7465, 9.96952, 8.53936, 7.86767, 7.72923]",0.0291087,"[-2.57847, 2.74539, -1.29807, 2.89511]",0.3434
0.0,0.0562393,0.0,0.0,3.018,0.0,1957.51,-0.0543213,94.0,0,"[200.0, 200.0, 200.0, 200.0, 200.0, 200.0, 200.0, 200.0, 200.0, 200.0, 200.0, 200.0, 200.0, 200.0, 200.0, 200.0, 200.0, 200.0, 200.0, 200.0, 200.0, 200.0, 200.0, 200.0, 200.0, 200.0, 200.0, 200.0, 200.0, 200.0, 200.0, 200.0, 200.0, 200.0, 200.0, 200.0]",1,942.478,-0.132533,0.159849,-0.0168296,0.0,"[7.29354, 7.71408, 8.93254, 11.874, 26.3996, 59.427, 50.8523, 42.949, 35.9554, 30.0252, 25.1857, 21.345, 18.3427, 16.0055, 12.7446, 9.96903, 8.53957, 7.86835, 7.73034]",0.029245,"[-1.6708, 1.78665, -1.24373, 2.8953]",0.343404
0.0,0.0564706,0.0,0.0,3.04,0.0,1957.51,-0.0550537,94.0,0,"[200.0, 200.0, 200.0, 200.0, 200.0, 200.0, 200.0, 200.0, 200.0, 200.0, 200.0, 200.0, 200.0, 200.0, 200.0, 200.0, 200.0, 200.0, 200.0, 200.0, 200.0, 200.0, 200.0, 200.0, 200.0, 200.0, 200.0, 200.0, 200.0, 200.0, 200.0, 200.0, 200.0, 200.0, 200.0, 200.0]",1,942.478,-0.131595,0.158761,-0.0167632,0.0,"[7.29263, 7.71366, 8.93287, 11.8764, 26.4641, 59.405, 50.832, 42.9311, 35.9403, 30.0131, 25.1764, 21.338, 18.3376, 16.0018, 12.7427, 9.96857, 8.5398, 7.86904, 7.73145]",0.0293803,"[0.987149, -1.0838, 2.99735, -1.2002]",0.343406
0.0,0.0566031,0.0,0.0,3.062,0.0,1957.5,-0.0559082,94.0,0,"[200.0, 200.0, 200.0, 200.0, 200.0, 200.0, 200.0, 200.0, 200.0, 200.0, 200.0, 200.0, 200.0, 200.0, 200.0, 200.0, 200.0, 200.0, 200.0, 200.0, 200.0, 200.0, 200.0, 200.0, 200.0, 200.0, 200.0, 200.0, 200.0, 200.0, 200.0, 200.0, 200.0, 200.0, 200.0, 200.0]",1,942.478,-0.131828,0.159076,-0.0168032,0.0,"[7.29166, 7.71296, 8.93249, 11.8769, 26.4962, 59.393, 50.8211, 42.9217, 35.9326, 30.0071, 25.172, 21.3349, 18.3355, 16.0005, 12.7423, 9.96885, 8.54043, 7.86989, 7.73252]",0.0295166,"[0.0986413, -0.123598, 2.94631, -1.20047]",0.34341
0.0,0.0567328,0.0,0.0,3.084,0.0,1957.5,-0.0566406,94.0,0,"[200.0, 200.0, 200.0, 200.0, 200.0, 200.0, 200.0, 200.0, 200.0, 200.0, 200.0, 200.0, 200.0, 200.0, 200.0, 200.0, 200.0, 200.0, 200.0, 200.0, 200.0, 200.0, 200.0, 200.0, 200.0, 200.0, 200.0, 200.0, 200.0, 200.0, 200.0, 200.0, 200.0, 200.0, 200.0, 200.0]",1,942.478,-0.132957,0.159313,-0.0168419,0.0,"[7.2907, 7.71222, 8.93209, 11.8774, 26.528, 59.3812, 50.8105, 42.9125, 35.925, 30.0013, 25.1678, 21.3319, 18.3336, 15.9993, 12.742, 9.96916, 8.54106, 7.87075, 7.7336]",0.0296539,"[-2.57053, 2.74949, -1.29866, 2.88955]",0.343414
0.0,0.0569593,0.0,0.0,3.106,0.0,1957.5,-0.0574951,94.0,0,"[200.0, 200.0, 200.0, 200.0, 200.0, 200.0, 200.0, 200.0, 200.0, 200.0, 200.0, 200.0, 200.0, 200.0, 200.0, 200.0, 200.0, 200.0, 200.0, 200.0, 200.0, 200.0, 200.0, 200.0, 200.0, 200.0, 200.0, 200.0, 200.0, 200.0, 200.0, 200.0, 200.0, 200.0, 200.0, 200.0]",1,942.478,-0.133292,0.158234,-0.0167618,0.0,"[7.28978, 7.7118, 8.93237, 11.8796, 26.5933, 59.3597, 50.7906, 42.8949, 35.9103, 29.9895, 25.1587, 21.3252, 18.3286, 15.9957, 12.7402, 9.96873, 8.54132, 7.87145, 7.73473]",0.0297902,"[-1.6786, 1.79099, -1.25015, 2.89069]",0.343419
0.0,0.0571844,0.0,0.0,3.128,0.0,1957.5,-0.0582275,94.0,0,"[200.0, 200.0, 200.0, 200.0, 200.0, 200.0, 200.0, 200.0, 200.0, 200.0, 200.0, 200.0, 200.0, 200.0, 200.0, 200.0, 200.0, 200.0, 200.0, 200.0, 200.0, 200.0, 200.0, 200.0, 200.0, 200.0, 200.0, 200.0, 200.0, 200.0, 200.0, 200.0, 200.0, 200.0, 200.0, 200.0]",1,942.478,-0.132453,0.15754,-0.0166455,0.0,"[7.28885, 7.71134, 8.93264, 11.8818, 26.6592, 59.3383, 50.7709, 42.8776, 35.8957, 29.9778, 25.1497, 21.3185, 18.3237, 15.9922, 12.7385, 9.96833, 8.54157, 7.87216, 7.73583]",0.0299266,"[0.982665, -1.08816, 2.99684, -1.1997]",0.343423
0.0,0.0573108,0.0,0.0,3.15,0.0,1957.5,-0.059082,94.0,0,"[200.0, 200.0, 200.0, 200.0, 200.0, 200.0, 200.0, 200.0, 200.0, 200.0, 200.0, 200.0, 200.0, 200.0, 200.0, 200.0, 200.0, 200.0, 200.0, 200.0, 200.0, 200.0, 200.0, 200.0, 200.0, 200.0, 200.0, 200.0, 200.0, 200.0, 200.0, 200.0, 200.0, 200.0, 200.0, 200.0]",1,942.478,-0.133079,0.157856,-0.0165339,0.0,"[7.2879, 7.71063, 8.93223, 11.8822, 26.6914, 59.3269, 50.7606, 42.8687, 35.8884, 29.9722, 25.1456, 21.3156, 18.3218, 15.991, 12.7382, 9.96866, 8.54221, 7.87301, 7.7369]",0.0300618,"[0.107266, -0.117899, 2.94655, -1.2007]",0.343426
0.0,0.0574371,0.0,0.0,3.172,0.0,1957.5,-0.0598145,94.0,0,"[200.0, 200.0, 200.0, 200.0, 200.0, 200.0, 200.0, 200.0, 200.0, 200.0, 200.0, 200.0, 200.0, 200.0, 200.0, 200.0, 200.0, 200.0, 200.0, 200.0, 200.0, 200.0, 200.0, 200.0, 200.0, 200.0, 200.0, 200.0, 200.0, 200.0, 200.0, 200.0, 200.0, 200.0, 200.0, 200.0]",1,942.478,-0.134295,0.157852,-0.01649,0.0,"[7.28694, 7.70992, 8.93184, 11.8827, 26.724, 59.3155, 50.7503, 42.8597, 35.8811, 29.9666, 25.1414, 21.3127, 18.3199, 15.9898, 12.7379, 9.96896, 8.54283, 7.87384, 7.73796]",0.0301961,"[-2.55959, 2.76111, -1.29878, 2.88688]",0.343431
0.0,0.0576593,0.0,0.0,3.194,0.0,1957.5,-0.0605469,94.0,0,"[200.0, 200.0, 200.0, 200.0, 200.0, 200.0, 200.0, 200.0, 200.0, 200.0, 200.0, 200.0, 200.0, 200.0, 200.0, 200.0, 200.0, 200.0, 200.0, 200.0, 200.0, 200.0, 200.0, 200.0, 200.0, 200.0, 200.0, 200.0, 200.0, 200.0, 200.0, 200.0, 200.0, 200.0, 200.0, 200.0]",1,942.478,-0.134537,0.156679,-0.0164608,0.0,"[7.28603, 7.70948, 8.9321, 11.8849, 26.7917, 59.2945, 50.7309, 42.8426, 35.8667, 29.955, 25.1326, 21.3062, 18.3151, 15.9863, 12.7361, 9.96857, 8.5431, 7.87455, 7.73906]",0.0303304,"[-1.66914, 1.79884, -1.25024, 2.88762]",0.343437
1.0,0.0579593,0.0,0.0,3.216,0.0,1957.5,-0.0611572,94.0,1,"[200.0, 200.0, 200.0, 200.0, 200.0, 200.0, 200.0, 200.0, 200.0, 200.0, 200.0, 200.0, 200.0, 200.0, 200.0, 200.0, 200.0, 200.0, 200.0, 200.0, 200.0, 200.0, 200.0, 200.0, 200.0, 200.0, 200.0, 200.0, 200.0, 200.0, 200.0, 200.0, 200.0, 200.0, 200.0, 200.0]",1,957.884,-0.0808326,0.115959,-0.0152113,-0.8,"[7.28533, 7.70944, 8.93311, 11.8887, 26.8925, 59.2653, 50.7038, 42.8185, 35.8462, 29.9384, 25.1196, 21.2963, 18.3076, 15.9807, 12.7331, 9.96738, 8.54289, 7.87497, 7.74003]",0.0304443,"[0.985488, -1.82916, 2.6803, -0.683427]",0.343428
1.0,0.0579669,0.0,0.0,3.238,0.0,1957.5,-0.0616455,94.0,1,"[200.0, 200.0, 200.0, 200.0, 200.0, 200.0, 200.0, 200.0, 200.0, 200.0, 200.0, 200.0, 200.0, 200.0, 200.0, 200.0, 200.0, 200.0, 200.0, 200.0, 200.0, 200.0, 200.0, 200.0, 200.0, 200.0, 200.0, 200.0, 200.0, 200.0, 200.0, 200.0, 200.0, 200.0, 200.0, 200.0]",1,974.847,-0.13072,0.124281,-0.0134667,-0.8,"[7.28454, 7.70862, 8.93216, 11.8874, 26.8852, 59.2656, 50.7044, 42.8193, 35.8472, 29.9396, 25.1209, 21.2975, 18.3089, 15.9819, 12.7341, 9.96832, 8.54372, 7.87577, 7.74082]",0.0305491,"[0.0862281, -0.779512, 1.66245, 1.54303]",0.343423
1.0,0.0578992,0.0,0.0,3.26,0.0,1957.5,-0.0621338,94.0,1,"[200.0, 200.0, 200.0, 200.0, 200.0, 200.0, 200.0, 200.0, 200.0, 200.0, 200.0, 200.0, 200.0, 200.0, 200.0, 200.0, 200.0, 200.0, 200.0, 200.0, 200.0, 200.0, 200.0, 200.0, 200.0, 200.0, 200.0, 200.0, 200.0, 200.0, 200.0, 200.0, 200.0, 200.0, 200.0, 200.0]",1,991.824,-0.0994911,0.11795,-0.012317,-0.8,"[7.28374, 7.70761, 8.93073, 11.8849, 26.8497, 59.2735, 50.7121, 42.8266, 35.8539, 29.9453, 25.1258, 21.3017, 18.3124, 15.9849, 12.7363, 9.96977, 8.54482, 7.87665, 7.74156]",0.0306519,"[-2.56039, 2.17255, -1.401, 1.87482]",0.343424
1.0,0.0578653,0.0,0.0,3.282,0.0,1957.5,-0.0627441,94.0,1,"[200.0, 200.0, 200.0, 200.0, 200.0, 200.0, 200.0, 200.0, 200.0, 200.0, 200.0, 200.0, 200.0, 200.0, 200.0, 200.0, 200.0, 200.0, 200.0, 200.0, 200.0, 200.0, 200.0, 200.0, 200.0, 200.0, 200.0, 200.0, 200.0, 200.0, 200.0, 200.0, 200.0, 200.0, 200.0, 200.0]",1,1008.82,-0.0674061,0.112301,-0.0114656,-0.8,"[7.28298, 7.70671, 8.92955, 11.8829, 26.8279, 59.2779, 50.7164, 42.8308, 35.8579, 29.949, 25.129, 21.3045, 18.3148, 15.987, 12.7379, 9.97095, 8.54575, 7.87745, 7.74229]",0.0307505,"[-1.68574, 1.28297, -0.399448, -0.380178]",0.343431
1.0,0.0577785,0.0,0.0,3.304,0.0,1957.5,-0.0634766,94.0,1,"[200.0, 200.0, 200.0, 200.0, 200.0, 200.0, 200.0, 200.0, 200.0, 200.0, 200.0, 200.0, 200.0, 200.0, 200.0, 200.0, 200.0, 200.0, 200.0, 200.0, 200.0, 200.0, 200.0, 200.0, 200.0, 200.0, 200.0, 200.0, 200.0, 200.0, 200.0, 200.0, 200.0, 200.0, 200.0, 200.0]",1,1025.82,-0.121288,0.110244,-0.0108937,-0.8,"[7.28222, 7.70571, 8.92806, 11.8801, 26.7867, 59.2876, 50.7258, 42.8396, 35.8657, 29.9558, 25.1347, 21.3093, 18.3188, 15.9902, 12.7402, 9.97248, 8.54686, 7.8783, 7.74298]",0.0308462,"[0.964861, -1.53989, 2.6256, -0.728118]",0.34344
1.0,0.0576021,0.0,0.0,3.326,0.0,1957.5,-0.064209,94.0,1,"[200.0, 200.0, 200.0, 200.0, 200.0, 200.0, 200.0, 200.0, 200.0, 200.0, 200.0, 200.0, 200.0, 200.0, 200.0, 200.0, 200.0, 200.0, 200.0, 200.0, 200.0, 200.0, 200.0, 200.0, 200.0, 200.0, 200.0, 200.0, 200.0, 200.0, 200.0, 200.0, 200.0, 200.0, 200.0, 200.0]",1,1042.84,-0.175285,0.108639,-0.010739,-0.8,"[7.28143, 7.70445, 8.92595, 11.8757, 26.7138, 59.3064, 50.7437, 42.856, 35.8802, 29.9682, 25.1449, 21.3175, 18.3254, 15.9956, 12.7438, 9.97467, 8.5483, 7.87928, 7.74361]",0.0309397,"[0.0886987, -0.515708, 1.61291, 1.49488]",0.343451
1.0,0.0574395,0.0,0.0,3.348,0.0,1957.5,-0.0649414,94.0,1,"[200.0, 200.0, 200.0, 200.0, 200.0, 200.0, 200.0, 200.0, 200.0, 200.0, 200.0, 200.0, 200.0, 200.0, 200.0, 200.0, 200.0, 200.0, 200.0, 200.0, 200.0, 200.0, 200.0, 200.0, 200.0, 200.0, 200.0, 200.0, 200.0, 200.0, 200.0, 200.0, 200.0, 200.0, 200.0, 200.0]",1,942.478,-0.14302,0.105741,-0.010763,-0.8,"[7.28065, 7.70322, 8.92393, 11.8715, 26.6473, 59.3237, 50.7603, 42.8713, 35.8937, 29.9796, 25.1544, 21.3252, 18.3316, 16.0007, 12.7473, 9.97675, 8.54968, 7.88023, 7.74425]",0.0310333,"[-2.57553, 2.44001, -1.33638, 1.88107]",0.343462
1.0,0.0575134,0.0,0.0,3.37,0.0,1957.5,-0.0645752,94.0,1,"[200.0, 200.0, 200.0, 200.0, 200.0, 200.0, 200.0, 200.0, 200.0, 200.0, 200.0, 200.0, 200.0, 200.0, 200.0, 200.0, 200.0, 200.0, 200.0, 200.0, 200.0, 200.0, 200.0, 200.0, 200.0, 200.0, 200.0, 200.0, 200.0, 200.0, 200.0, 200.0, 200.0, 200.0, 200.0, 200.0]",1,942.478,0.233179,0.0668938,-0.00952503,-0.8,"[7.28006, 7.70276, 8.92364, 11.8717, 26.6656, 59.3171, 50.7542, 42.8661, 35.8895, 29.9764, 25.1521, 21.3236, 18.3306, 16.0, 12.7471, 9.977, 8.55009, 7.88076, 7.7449]",0.0311178,"[0.367119, 1.41488, -0.846861, 0.718255]",0.343458
1.0,0.0576956,0.0,0.0,3.392,0.0,1957.5,-0.0623779,94.0,1,"[200.0, 200.0, 200.0, 200.0, 200.0, 200.0, 200.0, 200.0, 200.0, 200.0, 200.0, 200.0, 200.0, 200.0, 200.0, 200.0, 200.0, 200.0, 200.0, 200.0, 200.0, 200.0, 200.0, 200.0, 200.0, 200.0, 200.0, 200.0, 200.0, 200.0, 200.0, 200.0, 200.0, 200.0, 200.0, 200.0]",1,942.478,0.482328,0.0338523,-0.00289763,-0.8,"[7.28008, 7.70322, 8.92483, 11.8748, 26.7299, 59.2988, 50.7371, 42.8506, 35.8761, 29.9653, 25.1432, 21.3167, 18.3252, 15.9958, 12.7446, 9.97569, 8.54946, 7.88056, 7.74504]",0.0311259,"[3.17043, -1.4088, 2.96337, 3.40808]",0.343404
1.0,0.0580479,0.0,0.0,3.414,0.0,1957.5,-0.0579834,94.0,1,"[200.0, 200.0, 200.0, 200.0, 200.0, 200.0, 200.0, 200.0, 200.0, 200.0, 200.0, 200.0, 200.0, 200.0, 200.0, 200.0, 200.0, 200.0, 200.0, 200.0, 200.0, 200.0, 200.0, 200.0, 200.0, 200.0, 200.0, 200.0, 200.0, 200.0, 200.0, 200.0, 200.0, 200.0, 200.0, 200.0]",1,942.478,0.768814,-0.0292033,0.00609055,-0.8,"[7.28056, 7.70458, 8.92767, 11.8817, 26.8639, 59.2628, 50.7032, 42.8199, 35.8494, 29.943, 25.1252, 21.3024, 18.314, 15.987, 12.739, 9.97269, 8.54779, 7.87972, 7.74487]",0.0310832,"[2.91289, -0.134484, 4.92382, 4.32315]",0.343339
1.0,0.0585853,0.0,0.0,3.436,0.0,1957.51,-0.0512695,94.0,1,"[200.0, 200.0, 200.0, 200.0, 200.0, 200.0, 200.0, 200.0, 200.0, 200.0, 200.0, 200.0, 200.0, 200.0, 200.0, 200.0, 200.0, 200.0, 200.0, 200.0, 200.0, 200.0, 200.0, 200.0, 200.0, 200.0, 200.0, 200.0, 200.0, 200.0, 200.0, 200.0, 200.0, 200.0, 200.0, 200.0]",1,942.478,1.2074,-0.117634,0.017259,-0.8,"[7.28173, 7.7071, 8.93254, 11.893, 27.0843, 59.2073, 50.6508, 42.7723, 35.8078, 29.9082, 25.0969, 21.2798, 18.2961, 15.9728, 12.7298, 9.96757, 8.54477, 7.87802, 7.74418]",0.0309621,"[0.20867, 2.58375, 3.42994, 2.33806]",0.343262
1.0,0.0594575,0.0,0.0,3.458,0.0,1957.52,-0.0426025,94.0,1,"[200.0, 200.0, 200.0, 200.0, 200.0, 200.0, 200.0, 200.0, 200.0, 200.0, 200.0, 200.0, 200.0, 200.0, 200.0, 200.0, 200.0, 200.0, 200.0, 200.0, 200.0, 200.0, 200.0, 200.0, 200.0, 200.0, 200.0, 200.0, 200.0, 200.0, 200.0, 200.0, 200.0, 200.0, 200.0, 200.0]",1,942.478,1.49991,-0.142696,0.0289009,-0.8,"[7.28351, 7.71108, 8.94033, 11.9112, 27.4764, 59.1175, 50.5661, 42.6952, 35.7407, 29.8519, 25.0512, 21.2434, 18.2673, 15.95, 12.7151, 9.95939, 8.54, 7.87536, 7.74317]",0.030781,"[2.61846, 2.10295, 1.76868, 5.10372]",0.343204
1.0,0.0606076,0.0,0.0,3.48,0.0,1957.53,-0.0317383,94.0,1,"[200.0, 200.0, 200.0, 200.0, 200.0, 200.0, 200.0, 200.0, 200.0, 200.0, 200.0, 200.0, 200.0, 200.0, 200.0, 200.0, 200.0, 200.0, 200.0, 200.0, 200.0, 200.0, 200.0, 200.0, 200.0, 200.0, 200.0, 200.0, 200.0, 200.0, 200.0, 200.0, 200.0, 200.0, 200.0, 200.0]",1,942.478,1.91662,-0.195056,0.0390013,-0.8,"[7.28578, 7.71626, 8.95053, 11.9351, 28.0885, 58.9992, 50.4546, 42.594, 35.6525, 29.7781, 24.9913, 21.1958, 18.2297, 15.9202, 12.6959, 9.94874, 8.53382, 7.87196, 7.74194]",0.0305532,"[2.03485, 0.142805, 1.18037, 4.97014]",0.343174
1.0,0.0619613,0.0,0.0,3.502,0.0,1957.54,-0.0189209,94.0,1,"[200.0, 200.0, 200.0, 200.0, 200.0, 200.0, 200.0, 200.0, 200.0, 200.0, 200.0, 200.0, 200.0, 200.0, 200.0, 200.0, 200.0, 200.0, 200.0, 200.0, 200.0, 200.0, 200.0, 200.0, 200.0, 200.0, 200.0, 200.0, 200.0, 200.0, 200.0, 200.0, 200.0, 200.0, 200.0, 200.0]",1,942.478,2.32449,-0.250764,0.0480774,-0.8,"[7.2886, 7.7225, 8.9627, 11.9636, 29.0897, 58.8599, 50.3233, 42.4747, 35.5486, 29.6911, 24.9208, 21.1397, 18.1853, 15.885, 12.6732, 9.93609, 8.52642, 7.86787, 7.74039]",0.0302684,"[0.256648, 1.31012, 3.3359, 1.81305]",0.343168
1.0,0.063503,0.0,0.0,3.524,0.0,1957.56,-0.00390625,94.0,1,"[200.0, 200.0, 200.0, 200.0, 200.0, 200.0, 200.0, 200.0, 200.0, 200.0, 200.0, 200.0, 200.0, 200.0, 200.0, 200.0, 200.0, 200.0, 200.0, 200.0, 200.0, 200.0, 200.0, 200.0, 200.0, 200.0, 200.0, 200.0, 200.0, 200.0, 200.0, 200.0, 200.0, 200.0, 200.0, 200.0]",1,942.478,2.64972,-0.30076,0.0566689,-0.8,"[7.29198, 7.7298, 8.97685, 11.9966, 76.7927, 58.7011, 50.1736, 42.3389, 35.4303, 29.5921, 24.8405, 21.0756, 18.1346, 15.8448, 12.6472, 9.92153, 8.51787, 7.86304, 7.73848]",0.0299245,"[1.31889, 3.80926, 4.06439, 1.1176]",0.343191
1.0,0.0652444,0.0,0.0,3.546,0.0,1957.57,0.0131836,94.0,1,"[200.0, 200.0, 200.0, 200.0, 200.0, 200.0, 200.0, 200.0, 200.0, 200.0, 200.0, 200.0, 200.0, 200.0, 200.0, 200.0, 200.0, 200.0, 200.0, 200.0, 200.0, 200.0, 200.0, 200.0, 200.0, 200.0, 200.0, 200.0, 200.0, 200.0, 200.0, 200.0, 200.0, 200.0, 200.0, 200.0]",1,942.478,2.92594,-0.329705,0.0655798,-0.8,"[7.29599, 7.73827, 8.99311, 12.0344, 76.6077, 58.5216, 50.0045, 42.1855, 35.2968, 29.4803, 24.7497, 21.0033, 18.0773, 15.7993, 12.6177, 9.90494, 8.50805, 7.85744, 7.73615]",0.0295115,"[3.67216, 3.30004, 4.09782, 3.01065]",0.34325
1.0,0.067289,0.0,0.0,3.568,0.0,1957.59,0.0323486,94.0,1,"[200.0, 200.0, 200.0, 200.0, 200.0, 200.0, 200.0, 200.0, 200.0, 200.0, 200.0, 200.0, 200.0, 200.0, 200.0, 200.0, 200.0, 200.0, 200.0, 200.0, 200.0, 200.0, 200.0, 200.0, 200.0, 200.0, 200.0, 200.0, 200.0, 200.0, 200.0, 200.0, 200.0, 200.0, 200.0, 200.0]",1,942.478,3.33131,-0.383899,0.0738981,-0.8,"[7.30063, 7.74814, 9.01217, 12.079, 76.3906, 58.3112, 49.8065, 42.0061, 35.1407, 29.3499, 24.644, 20.9191, 18.0106, 15.7463, 12.5834, 9.88568, 8.49669, 7.85101, 7.73358]",0.0290426,"[3.18621, 1.43067, 1.62495, 4.93397]",0.343366
1.0,0.069534,0.0,0.0,3.59,0.0,1957.61,0.0535889,94.0,1,"[200.0, 200.0, 200.0, 200.0, 200.0, 200.0, 200.0, 200.0, 200.0, 200.0, 200.0, 200.0, 200.0, 200.0, 200.0, 200.0, 200.0, 200.0, 200.0, 200.0, 200.0, 200.0, 200.0, 200.0, 200.0, 200.0, 200.0, 200.0, 200.0, 200.0, 200.0, 200.0, 200.0, 200.0, 200.0, 200.0]",1,942.478,3.66926,-0.449093,0.0822647,-0.8,"[7.30587, 7.75916, 9.03338, 12.1286, 76.152, 58.0803, 49.5894, 41.8094, 34.9698, 29.2071, 24.5282, 20.8269, 17.9376, 15.6883, 12.5458, 9.8645, 8.48415, 7.84389, 7.73066]",0.0285126,"[1.42042, 2.58214, 3.16597, 5.5326]",0.343551
1.0,0.072024,0.0,0.0,3.612,0.0,1957.64,0.0769043,94.0,1,"[200.0, 200.0, 200.0, 200.0, 200.0, 200.0, 200.0, 200.0, 200.0, 200.0, 200.0, 200.0, 200.0, 200.0, 200.0, 200.0, 200.0, 200.0, 200.0, 200.0, 200.0, 200.0, 200.0, 200.0, 200.0, 200.0, 200.0, 200.0, 200.0, 200.0, 200.0, 200.0, 200.0, 200.0, 200.0, 200.0]",1,942.478,3.99126,-0.481473,0.0909746,-0.8,"[7.31178, 7.77152, 9.05711, 12.1843, 75.8871, 57.8243, 49.3488, 41.5917, 34.7809, 29.0494, 24.4004, 20.7252, 17.857, 15.6242, 12.5042, 9.84106, 8.47026, 7.83598, 7.72742]",0.0279185,"[2.47182, 5.06119, 5.73161, 2.64634]",0.343819
1.0,0.0747883,0.0,0.0,3.634,0.0,1957.66,0.102173,94.0,1,"[200.0, 200.0, 200.0, 200.0, 200.0, 200.0, 200.0, 200.0, 200.0, 200.0, 200.0, 200.0, 200.0, 200.0, 200.0, 200.0, 200.0, 200.0, 200.0, 200.0, 200.0, 200.0, 200.0, 200.0, 200.0, 200.0, 200.0, 200.0, 200.0, 200.0, 200.0, 200.0, 200.0, 200.0, 200.0, 200.0]",1,942.478,4.31431,-0.517304,0.100152,-0.8,"[7.31841, 7.78532, 9.08367, 12.2469, 75.5931, 57.5405, 49.0824, 41.351, 34.5722, 28.8754, 24.2597, 20.6131, 17.7683, 15.5537, 12.4583, 9.81519, 8.45492, 7.82725, 7.72388]",0.0272583,"[4.75378, 4.59161, 4.2368, 3.89681]",0.344183
1.0,0.0777656,0.0,0.0,3.656,0.0,1957.69,0.129517,94.0,1,"[200.0, 200.0, 200.0, 200.0, 200.0, 200.0, 200.0, 200.0, 200.0, 200.0, 200.0, 200.0, 200.0, 200.0, 200.0, 200.0, 200.0, 200.0, 200.0, 200.0, 200.0, 200.0, 200.0, 200.0, 200.0, 200.0, 200.0, 200.0, 200.0, 200.0, 200.0, 200.0, 200.0, 200.0, 200.0, 200.0]",1,942.478,4.6654,-0.577539,0.109515,-0.8,"[7.32579, 7.80049, 9.11273, 12.3156, 75.276, 57.235, 48.7959, 41.0925, 34.3484, 28.6889, 24.1087, 20.493, 17.6731, 15.4779, 12.409, 9.7873, 8.43832, 7.81776, 7.71995]",0.0265249,"[4.26045, 2.76628, 3.18143, 6.94288]",0.344648
1.0,0.0810115,0.0,0.0,3.678,0.0,1957.72,0.158936,94.0,1,"[200.0, 200.0, 200.0, 200.0, 200.0, 200.0, 200.0, 200.0, 200.0, 200.0, 200.0, 200.0, 200.0, 200.0, 200.0, 200.0, 200.0, 200.0, 200.0, 200.0, 200.0, 200.0, 200.0, 200.0, 200.0, 200.0, 200.0, 200.0, 200.0, 200.0, 200.0, 200.0, 200.0, 200.0, 200.0, 200.0]",1,942.478,5.05218,-0.633151,0.11851,-0.8,"[7.33396, 7.81719, 9.14474, 12.3915, 74.9303, 56.9024, 48.4844, 40.8117, 34.1056, 28.4869, 23.9455, 20.3631, 17.5701, 15.396, 12.3557, 9.75704, 8.42031, 7.80745, 7.71571]",0.0257222,"[2.59268, 3.88749, 4.53169, 5.30548]",0.34522
1.0,0.0844871,0.0,0.0,3.7,0.0,1957.75,0.190308,94.0,1,"[200.0, 200.0, 200.0, 200.0, 200.0, 200.0, 200.0, 200.0, 200.0, 200.0, 200.0, 200.0, 200.0, 200.0, 200.0, 200.0, 200.0, 200.0, 200.0, 200.0, 200.0, 200.0, 200.0, 200.0, 200.0, 200.0, 200.0, 200.0, 200.0, 200.0, 200.0, 200.0, 200.0, 200.0, 200.0, 200.0]",1,942.478,5.34513,-0.671231,0.127095,-0.8,"[7.34291, 7.83537, 9.17951, 12.4744, 74.5598, 56.5467, 48.1516, 40.5123, 33.8471, 28.2721, 23.7719, 20.225, 17.4607, 15.3088, 12.2988, 9.72477, 8.40102, 7.79639, 7.71112]",0.0248464,"[3.64349, 6.38064, 6.34602, 4.14996]",0.345886
1.0,0.0881912,0.0,0.0,3.722,0.0,1957.78,0.223755,94.0,1,"[200.0, 200.0, 200.0, 200.0, 200.0, 200.0, 200.0, 200.0, 200.0, 200.0, 200.0, 200.0, 200.0, 200.0, 200.0, 200.0, 200.0, 200.0, 200.0, 200.0, 200.0, 200.0, 200.0, 200.0, 200.0, 200.0, 200.0, 200.0, 200.0, 200.0, 200.0, 200.0, 200.0, 200.0, 200.0, 200.0]",1,942.478,5.65354,-0.707202,0.134751,-0.8,"[7.35273, 7.85506, 9.21715, 12.5645, 74.1647, 56.1681, 47.7979, 40.1944, 33.5731, 28.0447, 23.5883, 20.079, 17.3449, 15.2166, 12.2385, 9.69044, 8.38047, 7.78456, 7.70618]",0.0238932,"[5.78698, 5.8756, 5.79085, 5.41432]",0.346619
1.0,0.0921633,0.0,0.0,3.744,0.0,1957.82,0.259155,94.0,1,"[200.0, 200.0, 200.0, 200.0, 200.0, 200.0, 200.0, 200.0, 200.0, 200.0, 200.0, 200.0, 200.0, 200.0, 200.0, 200.0, 200.0, 200.0, 200.0, 200.0, 200.0, 200.0, 200.0, 200.0, 200.0, 200.0, 200.0, 200.0, 200.0, 200.0, 200.0, 200.0, 200.0, 200.0, 200.0, 200.0]",1,942.478,6.03923,-0.764268,0.140719,-0.8,"[7.36348, 7.8765, 9.25808, 12.663, 73.7408, 55.7627, 47.4198, 39.8553, 33.2813, 27.8028, 23.3933, 19.9239, 17.2219, 15.1185, 12.1744, 9.65383, 8.35852, 7.7719, 7.7009]",0.0228597,"[5.29527, 4.04644, 4.04737, 7.40816]",0.347378
1.0,0.0963589,0.0,0.0,3.766,0.0,1957.86,0.296631,94.0,1,"[200.0, 200.0, 200.0, 200.0, 200.0, 200.0, 200.0, 200.0, 200.0, 200.0, 200.0, 200.0, 200.0, 200.0, 200.0, 200.0, 200.0, 200.0, 200.0, 200.0, 200.0, 200.0, 200.0, 200.0, 200.0, 200.0, 200.0, 200.0, 200.0, 200.0, 200.0, 200.0, 200.0, 200.0, 200.0, 200.0]",1,942.478,6.3895,-0.822439,0.14483,-0.8,"[7.37517, 7.89957, 9.30209, 12.7696, 73.2925, 55.3353, 47.0217, 39.4988, 32.975, 27.5493, 23.189, 19.7615, 17.093, 15.0158, 12.107, 9.61526, 8.33533, 7.75847, 7.69524]",0.0217428,"[3.8143, 5.22085, 5.54558, 7.15574]",0.348106
1.0,0.100789,0.0,0.0,3.788,0.0,1957.9,0.335938,94.0,1,"[200.0, 200.0, 200.0, 200.0, 200.0, 200.0, 200.0, 200.0, 200.0, 200.0, 200.0, 200.0, 200.0, 200.0, 200.0, 200.0, 200.0, 200.0, 200.0, 200.0, 200.0, 200.0, 200.0, 200.0, 200.0, 200.0, 200.0, 200.0, 200.0, 200.0, 200.0, 200.0, 200.0, 200.0, 200.0, 200.0]",1,942.478,6.69086,-0.857781,0.146897,-0.8,"[7.38785, 7.92439, 9.34938, 12.8848, 72.819, 54.8848, 46.6028, 39.1244, 32.6541, 27.2841, 22.9754, 19.5917, 16.9583, 14.9082, 12.0363, 9.57472, 8.31086, 7.74428, 7.68921]",0.0205404,"[4.85912, 7.6674, 7.62162, 5.32143]",0.348736
1.0,0.105464,0.0,0.0,3.81,0.0,1957.94,0.377319,94.0,1,"[200.0, 200.0, 200.0, 200.0, 200.0, 200.0, 200.0, 200.0, 200.0, 200.0, 200.0, 200.0, 200.0, 200.0, 200.0, 200.0, 200.0, 200.0, 200.0, 200.0, 200.0, 200.0, 200.0, 200.0, 200.0, 200.0, 200.0, 200.0, 200.0, 200.0, 200.0, 200.0, 200.0, 200.0, 200.0, 200.0]",1,942.478,7.00818,-0.895496,0.146994,-0.8,"[7.40161, 7.9511, 9.4002, 13.0095, 72.3191, 54.4102, 46.1624, 38.7316, 32.318, 27.0067, 22.7522, 19.4143, 16.8175, 14.7957, 11.9624, 9.53212, 8.2851, 7.72928, 7.68283]",0.0192485,"[6.77464, 7.12678, 6.64835, 6.51866]",0.349192
1.0,0.110383,0.0,0.0,3.832,0.0,1957.98,0.420654,94.0,1,"[200.0, 200.0, 200.0, 200.0, 200.0, 200.0, 200.0, 200.0, 200.0, 200.0, 200.0, 200.0, 200.0, 200.0, 200.0, 200.0, 200.0, 200.0, 200.0, 200.0, 200.0, 200.0, 200.0, 200.0, 200.0, 200.0, 200.0, 200.0, 200.0, 200.0, 200.0, 200.0, 200.0, 200.0, 200.0, 200.0]",1,942.478,7.38153,-0.954063,0.145612,-0.8,"[7.41653, 7.97977, 9.45473, 13.1444, 71.7925, 53.912, 45.7009, 38.3209, 31.9672, 26.7177, 22.5199, 19.2297, 16.6709, 14.6785, 11.8851, 9.4875, 8.25803, 7.71347, 7.67606]",0.0178599,"[6.26522, 5.36096, 5.24878, 8.75332]",0.349399
1.0,0.115543,0.0,0.0,3.854,0.0,1958.03,0.465942,94.0,1,"[200.0, 200.0, 200.0, 200.0, 200.0, 200.0, 200.0, 200.0, 200.0, 200.0, 200.0, 200.0, 200.0, 200.0, 200.0, 200.0, 200.0, 200.0, 200.0, 200.0, 200.0, 200.0, 200.0, 200.0, 200.0, 200.0, 200.0, 200.0, 200.0, 200.0, 200.0, 200.0, 200.0, 200.0, 200.0, 200.0]",1,1004.64,7.73538,-1.01079,0.143959,-0.8,"[7.43262, 8.01046, 9.5131, 13.2901, 71.2399, 53.3907, 45.2189, 37.893, 31.6025, 26.4178, 22.2791, 19.0383, 16.5188, 14.5569, 11.8047, 9.44093, 8.22969, 7.69687, 7.66891]",0.0163747,"[5.0026, 6.57742, 6.67433, 8.22867]",0.349307
1.0,0.120953,0.0,0.0,3.876,0.0,1958.07,0.513306,94.0,1,"[200.0, 200.0, 200.0, 200.0, 200.0, 200.0, 200.0, 200.0, 200.0, 200.0, 200.0, 200.0, 200.0, 200.0, 200.0, 200.0, 200.0, 200.0, 200.0, 200.0, 200.0, 200.0, 200.0, 200.0, 200.0, 200.0, 200.0, 200.0, 200.0, 200.0, 200.0, 200.0, 200.0, 200.0, 200.0, 200.0]",1,1050.0,8.03615,-1.04957,0.144455,-0.8,"[7.45, 8.04334, 9.57559, 13.4476, 70.6601, 52.8455, 44.716, 37.4475, 31.2238, 26.1068, 22.0295, 18.84, 16.3611, 14.4306, 11.7211, 9.39236, 8.20004, 7.67944, 7.66134]",0.0147858,"[6.30411, 8.89223, 8.58424, 6.68063]",0.346869
1.0,0.126591,0.0,0.0,3.898,0.0,1958.12,0.5625,93.9999,1,"[200.0, 200.0, 200.0, 200.0, 200.0, 200.0, 200.0, 200.0, 200.0, 200.0, 200.0, 200.0, 200.0, 200.0, 200.0, 200.0, 200.0, 200.0, 200.0, 200.0, 200.0, 200.0, 200.0, 200.0, 200.0, 200.0, 200.0, 200.0, 200.0, 200.0, 200.0, 200.0, 200.0, 200.0, 200.0, 200.0]",1,1053.08,8.37806,-1.08427,0.148583,-0.8,"[7.46871, 8.07841, 9.64223, 13.6173, 70.0555, 52.2789, 44.1945, 36.9867, 30.8329, 25.7864, 21.7726, 18.6359, 16.1987, 14.3005, 11.6347, 9.34196, 8.16916, 7.66122, 7.65339]",0.013089,"[7.06642, 8.29366, 7.86273, 7.79567]",0.347073
1.0,0.132477,0.0,0.0,3.92,0.0,1958.17,0.61377,93.9998,1,"[200.0, 200.0, 200.0, 200.0, 200.0, 200.0, 200.0, 200.0, 200.0, 200.0, 200.0, 200.0, 200.0, 200.0, 200.0, 200.0, 200.0, 200.0, 200.0, 200.0, 200.0, 200.0, 200.0, 200.0, 200.0, 200.0, 200.0, 200.0, 200.0, 200.0, 200.0, 200.0, 200.0, 200.0, 200.0, 200.0]",1,1100.61,8.78585,-1.15132,0.157085,-0.8,"[7.48885, 8.11588, 9.71345, 13.8007, 69.424, 51.6892, 43.6531, 36.5095, 30.4291, 25.456, 21.5079, 18.4256, 16.0313, 14.1661, 11.5454, 9.28964, 8.13699, 7.64215, 7.64502]",0.0112803,"[5.74997, 6.80591, 6.59738, 9.87439]",0.347031
1.0,0.138601,0.0,0.0,3.942,0.0,1958.23,0.666992,93.9997,1,"[200.0, 200.0, 200.0, 200.0, 200.0, 200.0, 200.0, 200.0, 200.0, 200.0, 200.0, 200.0, 200.0, 200.0, 200.0, 200.0, 200.0, 200.0, 200.0, 200.0, 200.0, 200.0, 200.0, 200.0, 200.0, 200.0, 200.0, 200.0, 200.0, 200.0, 200.0, 200.0, 200.0, 200.0, 200.0, 200.0]",1,1229.31,9.10181,-1.19981,0.172827,-0.8,"[7.51047, 8.1558, 9.78935, 13.9987, 68.7668, 51.0777, 43.0931, 36.0173, 30.0136, 25.1166, 21.2362, 18.2097, 15.8594, 14.028, 11.4533, 9.2355, 8.10358, 7.62228, 7.63622]",0.00935567,"[6.85628, 8.27073, 8.01169, 9.91969]",0.346724
1.0,0.144991,0.0,0.0,3.964,0.0,1958.28,0.72229,93.9996,1,"[200.0, 200.0, 200.0, 200.0, 200.0, 200.0, 200.0, 200.0, 200.0, 200.0, 200.0, 200.0, 200.0, 200.0, 200.0, 200.0, 200.0, 200.0, 200.0, 200.0, 200.0, 200.0, 200.0, 200.0, 200.0, 200.0, 200.0, 200.0, 200.0, 200.0, 200.0, 200.0, 200.0, 200.0, 200.0, 200.0]",1,1102.16,9.47709,-1.24149,0.197399,-0.8,"[7.53377, 8.19849, 9.87054, 14.2137, 68.0807, 50.442, 42.5125, 35.5084, 29.5852, 24.7673, 20.9568, 17.9876, 15.6824, 13.8857, 11.3581, 9.17933, 8.06879, 7.60149, 7.62696]",0.00730184,"[8.81592, 7.56411, 8.34477, 7.84626]",0.346184
1.0,0.151477,0.0,0.0,3.986,0.0,1958.34,0.779419,93.9995,1,"[200.0, 200.0, 200.0, 200.0, 200.0, 200.0, 200.0, 200.0, 200.0, 200.0, 200.0, 200.0, 200.0, 200.0, 200.0, 200.0, 200.0, 200.0, 200.0, 200.0, 200.0, 200.0, 200.0, 200.0, 200.0, 200.0, 200.0, 200.0, 200.0, 200.0, 200.0, 200.0, 200.0, 200.0, 200.0, 200.0]",1,1201.82,9.84039,-1.2942,0.229627,-0.8,"[7.55851, 8.24327, 9.95562, 14.4419, 67.3836, 49.7987, 41.9263, 34.9961, 29.1549, 24.4169, 20.6766, 17.7648, 15.5045, 13.7425, 11.262, 9.12225, 8.03321, 7.58004, 7.61715]",0.00512695,"[6.52883, 8.73148, 9.87843, 8.50259]",0.345529
1.0,0.158252,0.0,0.0,4.008,0.0,1958.4,0.838501,93.9995,1,"[200.0, 200.0, 200.0, 200.0, 200.0, 200.0, 200.0, 200.0, 200.0, 200.0, 200.0, 200.0, 200.0, 200.0, 200.0, 200.0, 200.0, 200.0, 200.0, 200.0, 200.0, 200.0, 200.0, 200.0, 200.0, 200.0, 200.0, 200.0, 200.0, 200.0, 200.0, 200.0, 200.0, 200.0, 200.0, 200.0]",1,1208.26,10.1268,-1.31465,0.26674,-0.8,"[7.58506, 8.29112, 10.0467, 14.6906, 66.6554, 49.1296, 41.3185, 34.4665, 28.7113, 24.0563, 20.3886, 17.5358, 15.3216, 13.595, 11.1627, 9.06314, 7.99625, 7.5577, 7.60695]",0.00282084,"[9.57291, 10.8424, 8.65378, 9.98859]",0.344909
1.0,0.165334,0.0,0.0,4.03,0.0,1958.46,0.89978,93.9994,1,"[200.0, 200.0, 200.0, 200.0, 200.0, 200.0, 200.0, 200.0, 200.0, 200.0, 200.0, 200.0, 200.0, 200.0, 200.0, 200.0, 200.0, 200.0, 200.0, 200.0, 200.0, 200.0, 200.0, 200.0, 200.0, 200.0, 200.0, 200.0, 200.0, 200.0, 200.0, 200.0, 200.0, 200.0, 200.0, 200.0]",1,1393.37,10.5213,-1.38592,0.303123,-0.8,"[7.61358, 8.3423, 10.1444, 14.9629, 65.8944, 48.4337, 40.6884, 33.9192, 28.2541, 23.6855, 20.0925, 17.3003, 15.1334, 13.4431, 11.0603, 9.00187, 7.95782, 7.53443, 7.59631]",0.000373332,"[7.79772, 9.74189, 8.0759, 11.5171]",0.344489
1.0,0.172574,0.0,0.0,4.052,0.0,1958.52,0.962769,93.9993,1,"[200.0, 200.0, 200.0, 200.0, 200.0, 200.0, 200.0, 200.0, 200.0, 200.0, 200.0, 200.0, 200.0, 200.0, 200.0, 200.0, 200.0, 200.0, 200.0, 200.0, 200.0, 200.0, 200.0, 200.0, 200.0, 200.0, 200.0, 200.0, 200.0, 200.0, 200.0, 200.0, 200.0, 200.0, 200.0, 200.0]",1,1332.7,10.8522,-1.41032,0.332009,-0.8,"[7.64399, 8.39634, 10.2477, 15.2563, 65.1161, 47.7253, 40.0488, 33.3654, 27.7927, 23.3117, 19.7942, 17.0629, 14.9434, 13.2895, 10.9563, 8.93933, 7.91835, 7.51032, 7.58506]",-0.00222168,"[8.92702, 11.9988, 10.0062, 9.98205]",0.344406
1.0,0.180152,0.0,0.0,4.074,0.0,1958.59,1.02795,93.9992,1,"[200.0, 200.0, 200.0, 200.0, 200.0, 200.0, 200.0, 200.0, 200.0, 200.0, 200.0, 200.0, 200.0, 200.0, 200.0, 200.0, 200.0, 200.0, 200.0, 200.0, 200.0, 200.0, 200.0, 200.0, 200.0, 200.0, 200.0, 200.0, 200.0, 200.0, 200.0, 200.0, 200.0, 200.0, 200.0, 200.0]",1,1360.15,11.2792,-1.46851,0.34687,-0.8,"[7.67658, 8.45416, 10.3586, 15.5795, 64.3019, 46.9883, 39.3858, 32.7934, 27.3175, 22.9276, 19.4879, 16.819, 14.7481, 13.1314, 10.849, 8.87463, 7.87743, 7.48532, 7.57347]",-0.00496114,"[9.50391, 8.88501, 10.8782, 9.41376]",0.344697
1.0,0.187893,0.0,0.0,4.096,0.0,1958.66,1.09509,93.9991,1,"[200.0, 200.0, 200.0, 200.0, 200.0, 200.0, 200.0, 200.0, 200.0, 200.0, 200.0, 200.0, 200.0, 200.0, 200.0, 200.0, 200.0, 200.0, 200.0, 200.0, 200.0, 200.0, 200.0, 200.0, 200.0, 200.0, 200.0, 200.0, 200.0, 200.0, 200.0, 200.0, 200.0, 200.0, 200.0, 200.0]",1,1447.45,11.6064,-1.50221,0.351724,-0.8,"[7.71121, 8.51514, 10.4758, 15.9301, 63.4701, 46.2393, 38.7143, 32.2159, 26.8391, 22.5414, 19.18, 16.5738, 14.5513, 12.972, 10.7404, 8.80872, 7.83551, 7.45951, 7.56132]",-0.00785217,"[8.04069, 11.974, 10.2608, 11.0578]",0.345276
1.0,0.195893,0.0,0.0,4.118,0.0,1958.72,1.16406,93.999,1,"[200.0, 200.0, 200.0, 200.0, 200.0, 200.0, 200.0, 200.0, 200.0, 200.0, 200.0, 200.0, 200.0, 200.0, 200.0, 200.0, 200.0, 200.0, 200.0, 200.0, 200.0, 200.0, 200.0, 200.0, 200.0, 200.0, 200.0, 200.0, 200.0, 200.0, 200.0, 200.0, 200.0, 200.0, 200.0, 200.0]",1,1477.61,11.9633,-1.54966,0.354813,-0.8,"[7.74819, 8.57998, 10.6009, 16.3155, 62.611, 45.4702, 38.0271, 31.6271, 26.3526, 22.1493, 18.8675, 16.3247, 14.3513, 12.8096, 10.6294, 8.74106, 7.79228, 7.43279, 7.54864]",-0.010908,"[10.7687, 11.1758, 9.28989, 12.7928]",0.345943
1.0,0.204112,0.0,0.0,4.14,0.0,1958.8,1.23511,93.999,1,"[200.0, 200.0, 200.0, 200.0, 200.0, 200.0, 200.0, 200.0, 200.0, 200.0, 200.0, 200.0, 200.0, 200.0, 200.0, 200.0, 200.0, 200.0, 200.0, 200.0, 200.0, 200.0, 200.0, 200.0, 200.0, 200.0, 200.0, 200.0, 200.0, 200.0, 200.0, 200.0, 200.0, 200.0, 200.0, 200.0]",1,1521.88,12.3863,-1.60035,0.369045,-0.8,"[7.78762, 8.64874, 10.7341, 16.7395, 61.7287, 44.6849, 37.3281, 31.0303, 25.8608, 21.7536, 18.5521, 16.0731, 14.149, 12.645, 10.5165, 8.67187, 7.74783, 7.40512, 7.53535]",-0.0141368,"[9.5263, 9.83442, 10.1909, 12.0933]",0.346442
1.0,0.212541,0.0,0.0,4.162,0.0,1958.87,1.30798,93.9989,1,"[200.0, 200.0, 200.0, 200.0, 200.0, 200.0, 200.0, 200.0, 200.0, 200.0, 200.0, 200.0, 200.0, 200.0, 200.0, 200.0, 200.0, 200.0, 200.0, 200.0, 200.0, 200.0, 200.0, 200.0, 200.0, 200.0, 200.0, 200.0, 200.0, 200.0, 200.0, 200.0, 200.0, 200.0, 200.0, 200.0]",1,1586.94,12.6919,-1.63932,0.407779,-0.8,"[7.82956, 8.72151, 10.8756, 17.2074, 60.8245, 43.8851, 36.6188, 30.4268, 25.365, 21.3551, 18.2346, 15.8196, 13.9448, 12.4787, 10.4019, 8.60125, 7.70222, 7.37654, 7.52145]",-0.0175405,"[9.88732, 13.2914, 12.3373, 10.8741]",0.346548
1.0,0.221223,0.0,0.0,4.184,0.0,1958.94,1.38269,93.9988,1,"[200.0, 200.0, 200.0, 200.0, 200.0, 200.0, 200.0, 200.0, 200.0, 200.0, 200.0, 200.0, 200.0, 200.0, 200.0, 200.0, 200.0, 200.0, 200.0, 200.0, 200.0, 200.0, 200.0, 200.0, 200.0, 200.0, 200.0, 200.0, 200.0, 200.0, 200.0, 200.0, 200.0, 200.0, 200.0, 200.0]",1,1532.69,13.1079,-1.69415,0.476797,-0.8,"[7.87426, 8.79884, 11.0267, 17.7297, 59.8942, 43.0676, 35.8967, 29.8148, 24.8634, 20.9524, 17.9138, 15.5631, 13.738, 12.3099, 10.2853, 8.52897, 7.6553, 7.34699, 7.50695]",-0.0211314,"[11.9642, 10.8141, 11.4804, 11.9586]",0.346174
1.0,0.230123,0.0,0.0,4.206,0.0,1959.02,1.45935,93.9987,1,"[200.0, 200.0, 200.0, 200.0, 200.0, 200.0, 200.0, 200.0, 200.0, 200.0, 200.0, 200.0, 200.0, 200.0, 200.0, 200.0, 200.0, 200.0, 200.0, 200.0, 200.0, 200.0, 200.0, 200.0, 200.0, 200.0, 200.0, 200.0, 200.0, 200.0, 200.0, 200.0, 200.0, 200.0, 200.0, 200.0]",1,1700.59,13.4555,-1.74509,0.563803,-0.8,"[7.92184, 8.88081, 11.1878, 18.3149, 58.9415, 42.2359, 35.1652, 29.197, 24.3584, 20.5476, 17.5911, 15.305, 13.5295, 12.1394, 10.1669, 8.45518, 7.60712, 7.31644, 7.49177]",-0.0249186,"[9.4205, 12.6977, 11.2441, 13.9408]",0.345433
1.0,0.239271,0.0,0.0,4.228,0.0,1959.1,1.53784,93.9986,1,"[200.0, 200.0, 200.0, 200.0, 200.0, 200.0, 200.0, 200.0, 200.0, 200.0, 200.0, 200.0, 200.0, 200.0, 200.0, 200.0, 200.0, 200.0, 200.0, 200.0, 200.0, 200.0, 200.0, 200.0, 200.0, 200.0, 200.0, 200.0, 200.0, 200.0, 200.0, 200.0, 200.0, 200.0, 200.0, 200.0]",1,1735.07,13.8027,-1.78433,0.642376,-0.8,"[7.9725, 8.96784, 11.36, 18.9789, 57.9639, 41.3887, 34.423, 28.5727, 23.8494, 20.1399, 17.2661, 15.0447, 13.3188, 11.9668, 10.0467, 8.37981, 7.55763, 7.28487, 7.47592]",-0.0289083,"[11.7794, 13.9263, 11.0417, 13.8464]",0.344618
1.0,0.248699,0.0,0.0,4.25,0.0,1959.18,1.61816,93.9985,1,"[200.0, 200.0, 200.0, 200.0, 200.0, 200.0, 200.0, 200.0, 200.0, 200.0, 200.0, 200.0, 200.0, 200.0, 200.0, 200.0, 200.0, 200.0, 200.0, 200.0, 200.0, 200.0, 200.0, 200.0, 200.0, 200.0, 200.0, 200.0, 200.0, 200.0, 200.0, 200.0, 200.0, 200.0, 200.0, 200.0]",1,1679.47,14.2516,-1.83556,0.677517,-0.8,"[8.02645, 9.06042, 11.5446, 19.7442, 56.9583, 40.5238, 33.6687, 27.9406, 23.3355, 19.7288, 16.9383, 14.7818, 13.1058, 11.7919, 9.92436, 8.30275, 7.50681, 7.2523, 7.45949]",-0.0331024,"[11.5951, 11.6621, 12.4785, 12.4253]",0.344088
1.0,0.258318,0.0,0.0,4.272,0.0,1959.26,1.70032,93.9985,1,"[200.0, 200.0, 200.0, 200.0, 200.0, 200.0, 200.0, 200.0, 200.0, 200.0, 200.0, 200.0, 200.0, 200.0, 200.0, 200.0, 200.0, 200.0, 200.0, 200.0, 200.0, 200.0, 200.0, 200.0, 200.0, 200.0, 200.0, 200.0, 200.0, 200.0, 200.0, 200.0, 200.0, 200.0, 200.0, 200.0]",1,1754.53,14.6018,-1.86742,0.605815,-0.8,"[8.08361, 9.15829, 11.7413, 20.6336, 55.9344, 39.65, 32.9101, 27.3073, 22.8217, 19.318, 16.6106, 14.5187, 12.8921, 11.6161, 9.8009, 8.22447, 7.45485, 7.21875, 7.44232]",-0.0375051,"[10.4637, 14.5863, 12.0491, 13.3923]",0.343925
1.0,0.267086,0.0,0.0,4.294,0.0,1959.34,1.78479,93.9984,1,"[200.0, 200.0, 200.0, 200.0, 200.0, 200.0, 200.0, 200.0, 200.0, 200.0, 200.0, 200.0, 200.0, 200.0, 200.0, 200.0, 200.0, 200.0, 200.0, 200.0, 200.0, 200.0, 200.0, 200.0, 200.0, 200.0, 200.0, 200.0, 200.0, 200.0, 200.0, 200.0, 200.0, 200.0, 200.0, 200.0]",1,1780.18,15.0434,-1.52229,0.576943,0.0,"[8.14061, 9.25406, 11.9331, 21.5837, 54.9987, 38.8555, 32.2221, 26.7338, 22.3565, 18.9455, 16.3124, 14.2782, 12.6959, 11.454, 9.68579, 8.1502, 7.40446, 7.18505, 7.4234]",-0.0420054,"[12.9128, 14.1135, 13.839, 12.9951]",0.344454
1.0,0.27279,0.0,0.0,4.316,0.0,1959.43,1.87268,93.9983,1,"[200.0, 200.0, 200.0, 200.0, 200.0, 200.0, 200.0, 200.0, 200.0, 200.0, 200.0, 200.0, 200.0, 200.0, 200.0, 200.0, 200.0, 200.0, 200.0, 200.0, 200.0, 200.0, 200.0, 200.0, 200.0, 200.0, 200.0, 200.0, 200.0, 200.0, 200.0, 200.0, 200.0, 200.0, 200.0, 200.0]",1,1882.96,15.5249,-0.827883,0.499046,0.0,"[8.18859, 9.3295, 12.0778, 22.3356, 54.3766, 38.3234, 31.7589, 26.3451, 22.0384, 18.688, 16.1038, 14.1078, 12.5549, 11.3358, 9.59931, 8.0915, 7.36195, 7.15353, 7.40116]",-0.0462474,"[13.0566, 13.1422, 13.688, 14.1771]",0.345775
1.0,0.27537,0.0,0.0,4.338,0.0,1959.52,1.96423,93.9982,1,"[200.0, 200.0, 200.0, 200.0, 200.0, 200.0, 200.0, 200.0, 200.0, 200.0, 200.0, 200.0, 200.0, 200.0, 200.0, 200.0, 200.0, 200.0, 200.0, 200.0, 200.0, 200.0, 200.0, 200.0, 200.0, 200.0, 200.0, 200.0, 200.0, 200.0, 200.0, 200.0, 200.0, 200.0, 200.0, 200.0]",1,1882.92,15.9873,-0.211149,0.399855,0.0,"[8.22555, 9.38152, 12.1685, 22.7801, 54.0731, 38.0543, 31.5195, 26.1393, 21.8654, 18.544, 15.9838, 14.0068, 12.469, 11.2617, 9.542, 8.0491, 7.32807, 7.12498, 7.37633]",-0.0500834,"[12.1842, 13.2556, 13.246, 14.6964]",0.347251
1.0,0.276855,0.0,0.0,4.36,0.0,1959.62,2.05872,93.9981,1,"[200.0, 200.0, 200.0, 200.0, 200.0, 200.0, 200.0, 200.0, 200.0, 200.0, 200.0, 200.0, 200.0, 200.0, 200.0, 200.0, 200.0, 200.0, 200.0, 200.0, 200.0, 200.0, 200.0, 200.0, 200.0, 200.0, 200.0, 200.0, 200.0, 200.0, 200.0, 200.0, 200.0, 200.0, 200.0, 200.0]",1,2040.89,16.336,0.0045561,0.349447,0.004,"[8.25823, 9.42479, 12.2393, 23.1065, 53.8816, 37.8774, 31.3585, 25.9975, 21.7433, 18.4399, 15.895, 13.9305, 12.4027, 11.2033, 9.49522, 8.01273, 7.29754, 7.09774, 7.35089]",-0.0537323,"[14.9436, 14.4988, 14.9535, 15.3329]",0.348149
1.0,0.278166,0.0,0.0,4.382,0.0,1959.72,2.15601,93.998,1,"[200.0, 200.0, 200.0, 200.0, 200.0, 200.0, 200.0, 200.0, 200.0, 200.0, 200.0, 200.0, 200.0, 200.0, 200.0, 200.0, 200.0, 200.0, 200.0, 200.0, 200.0, 200.0, 200.0, 200.0, 200.0, 200.0, 200.0, 200.0, 200.0, 200.0, 200.0, 200.0, 200.0, 200.0, 200.0, 200.0]",1,2026.5,16.8558,0.0531698,0.309525,0.004,"[8.29079, 9.46735, 12.308, 23.4261, 53.7068, 37.7139, 31.2087, 25.8647, 21.6282, 18.3412, 15.8102, 13.8573, 12.3388, 11.1469, 9.44954, 7.9768, 7.26704, 7.07024, 7.32483]",-0.0574168,"[13.7746, 12.8778, 15.2608, 14.6315]",0.347972
1.0,0.279486,0.0,0.0,4.404,0.0,1959.82,2.25574,93.998,1,"[200.0, 200.0, 200.0, 200.0, 200.0, 200.0, 200.0, 200.0, 200.0, 200.0, 200.0, 200.0, 200.0, 200.0, 200.0, 200.0, 200.0, 200.0, 200.0, 200.0, 200.0, 200.0, 200.0, 200.0, 200.0, 200.0, 200.0, 200.0, 200.0, 200.0, 200.0, 200.0, 200.0, 200.0, 200.0, 200.0]",1,2101.3,17.2427,0.0632476,0.340441,0.004,"[8.32415, 9.51096, 12.3784, 23.7651, 53.53, 37.5484, 31.057, 25.7302, 21.5116, 18.241, 15.7243, 13.7829, 12.2738, 11.0894, 9.40298, 7.9401, 7.23582, 7.04204, 7.29806]",-0.0611959,"[13.5736, 15.5196, 16.6368, 14.3167]",0.346903
1.0,0.280845,0.0,0.0,4.426,0.0,1959.92,2.35779,93.9979,1,"[200.0, 200.0, 200.0, 200.0, 200.0, 200.0, 200.0, 200.0, 200.0, 200.0, 200.0, 200.0, 200.0, 200.0, 200.0, 200.0, 200.0, 200.0, 200.0, 200.0, 200.0, 200.0, 200.0, 200.0, 200.0, 200.0, 200.0, 200.0, 200.0, 200.0, 200.0, 200.0, 200.0, 200.0, 200.0, 200.0]",1,2159.71,17.6809,0.0679972,0.406791,0.004,"[8.35857, 9.55597, 12.4513, 24.1316, 53.3475, 37.3778, 30.9008, 25.5918, 21.3917, 18.1381, 15.6359, 13.7065, 12.207, 11.0303, 9.35512, 7.90237, 7.20373, 7.01302, 7.2705]",-0.0650859,"[15.9331, 15.1152, 15.8181, 16.054]",0.345751
1.0,0.282263,0.0,0.0,4.448,0.0,1960.02,2.46265,93.9978,1,"[200.0, 200.0, 200.0, 200.0, 200.0, 200.0, 200.0, 200.0, 200.0, 200.0, 200.0, 200.0, 200.0, 200.0, 200.0, 200.0, 200.0, 200.0, 200.0, 200.0, 200.0, 200.0, 200.0, 200.0, 200.0, 200.0, 200.0, 200.0, 200.0, 200.0, 200.0, 200.0, 200.0, 200.0, 200.0, 200.0]",1,2205.37,18.1822,0.0731451,0.460524,0.004,"[8.39412, 9.60263, 12.5272, 24.5329, 53.1576, 37.2007, 30.7389, 25.4484, 21.2675, 18.0317, 15.5446, 13.6276, 12.1381, 10.9694, 9.30578, 7.86348, 7.17065, 6.98312, 7.24213]",-0.0690949,"[15.2232, 13.7725, 14.8856, 17.7867]",0.345315
1.0,0.283691,0.0,0.0,4.47,0.0,1960.13,2.56995,93.9977,1,"[200.0, 200.0, 200.0, 200.0, 200.0, 200.0, 200.0, 200.0, 200.0, 200.0, 200.0, 200.0, 200.0, 200.0, 200.0, 200.0, 200.0, 200.0, 200.0, 200.0, 200.0, 200.0, 200.0, 200.0, 200.0, 200.0, 200.0, 200.0, 200.0, 200.0, 200.0, 200.0, 200.0, 200.0, 200.0, 200.0]",1,2268.66,18.6163,0.0742361,0.468163,0.004,"[8.43074, 9.65063, 12.6052, 24.9669, 52.9649, 37.0207, 30.5742, 25.3027, 21.1413, 17.9234, 15.4516, 13.5472, 12.0678, 10.9072, 9.25529, 7.82359, 7.13664, 6.95232, 7.21281]",-0.0732269,"[14.9559, 16.6109, 16.9253, 16.6646]",0.345824
1.0,0.285159,0.0,0.0,4.492,0.0,1960.24,2.68005,93.9976,1,"[200.0, 200.0, 200.0, 200.0, 200.0, 200.0, 200.0, 200.0, 200.0, 200.0, 200.0, 200.0, 200.0, 200.0, 200.0, 200.0, 200.0, 200.0, 200.0, 200.0, 200.0, 200.0, 200.0, 200.0, 200.0, 200.0, 200.0, 200.0, 200.0, 200.0, 200.0, 200.0, 200.0, 200.0, 200.0, 200.0]",1,2327.31,19.0976,0.076298,0.431828,0.005,"[8.46854, 9.70021, 12.6862, 25.4453, 52.7664, 36.8355, 30.4049, 25.1528, 21.0116, 17.8121, 15.3561, 13.4646, 11.9955, 10.8432, 9.20336, 7.78255, 7.10163, 6.92058, 7.18258]",-0.0774852,"[16.8635, 16.2241, 18.1526, 16.2544]",0.346678
1.0,0.286686,0.0,0.0,4.514,0.0,1960.35,2.79285,93.9974,1,"[200.0, 200.0, 200.0, 200.0, 200.0, 200.0, 200.0, 200.0, 200.0, 200.0, 200.0, 200.0, 200.0, 200.0, 200.0, 200.0, 200.0, 200.0, 200.0, 200.0, 200.0, 200.0, 200.0, 200.0, 200.0, 200.0, 200.0, 200.0, 200.0, 200.0, 200.0, 200.0, 200.0, 200.0, 200.0, 200.0]",1,2360.72,19.6476,0.0771029,0.408558,0.005,"[8.50765, 9.75164, 12.7704, 25.9829, 52.5599, 36.6432, 30.2293, 24.9977, 20.8775, 17.6972, 15.2575, 13.3792, 11.9209, 10.7772, 9.1498, 7.7402, 7.06551, 6.88783, 7.15138]",-0.0818807,"[15.8947, 15.0474, 17.2924, 17.6161]",0.346786
1.0,0.288198,0.0,0.0,4.536,0.0,1960.47,2.90845,93.9973,1,"[200.0, 200.0, 200.0, 200.0, 200.0, 200.0, 200.0, 200.0, 200.0, 200.0, 200.0, 200.0, 200.0, 200.0, 200.0, 200.0, 200.0, 200.0, 200.0, 200.0, 200.0, 200.0, 200.0, 200.0, 200.0, 200.0, 200.0, 200.0, 200.0, 200.0, 200.0, 200.0, 200.0, 200.0, 200.0, 200.0]",1,2416.76,20.09,0.0761622,0.465351,0.005,"[8.54787, 9.8044, 12.8567, 26.5778, 52.3531, 36.45, 30.0526, 24.8413, 20.742, 17.581, 15.1576, 13.2927, 11.8451, 10.71, 9.09516, 7.69683, 7.0284, 6.85407, 7.11909]",-0.0864136,"[16.5762, 18.433, 17.1577, 18.6491]",0.345545
1.0,0.289823,0.0,0.0,4.558,0.0,1960.59,3.02698,93.9971,1,"[200.0, 200.0, 200.0, 200.0, 200.0, 200.0, 200.0, 200.0, 200.0, 200.0, 200.0, 200.0, 200.0, 200.0, 200.0, 200.0, 200.0, 200.0, 200.0, 200.0, 200.0, 200.0, 200.0, 200.0, 200.0, 200.0, 200.0, 200.0, 200.0, 200.0, 200.0, 200.0, 200.0, 200.0, 200.0, 200.0]",1,2489.94,20.6289,0.0783299,0.60078,0.005,"[8.58963, 9.8595, 12.9476, 27.2837, 52.1328, 36.2454, 29.866, 24.6767, 20.5999, 17.4593, 15.0532, 13.2025, 11.7662, 10.6402, 9.03841, 7.65191, 6.99004, 6.81926, 7.08588]",-0.0910909,"[18.8088, 16.5098, 18.6488, 18.3739]",0.343488
1.0,0.291454,0.0,0.0,4.58,0.0,1960.71,3.14832,93.9969,1,"[200.0, 200.0, 200.0, 200.0, 200.0, 200.0, 200.0, 200.0, 200.0, 200.0, 200.0, 200.0, 200.0, 200.0, 200.0, 200.0, 200.0, 200.0, 200.0, 200.0, 200.0, 200.0, 200.0, 200.0, 200.0, 200.0, 200.0, 200.0, 200.0, 200.0, 200.0, 200.0, 200.0, 200.0, 200.0, 200.0]",1,2566.74,21.1829,0.077997,0.736832,0.005,"[8.63266, 9.9162, 13.0412, 28.1166, 51.9098, 36.0379, 29.6767, 24.5096, 20.4555, 17.3355, 14.9469, 13.1105, 11.6857, 10.5688, 8.98034, 7.60585, 6.95058, 6.78336, 7.05153]",-0.0959157,"[16.911, 17.0076, 19.9185, 17.9496]",0.342091
1.0,0.293054,0.0,0.0,4.602,0.0,1960.83,3.27271,93.9968,1,"[200.0, 200.0, 200.0, 200.0, 200.0, 200.0, 200.0, 200.0, 200.0, 200.0, 200.0, 200.0, 200.0, 200.0, 200.0, 200.0, 200.0, 200.0, 200.0, 200.0, 200.0, 200.0, 200.0, 200.0, 200.0, 200.0, 200.0, 200.0, 200.0, 200.0, 200.0, 200.0, 200.0, 200.0, 200.0, 200.0]",1,2636.2,21.6905,0.0827487,0.789272,0.006,"[8.67688, 9.97428, 13.1368, 29.1424, 51.6876, 35.8303, 29.487, 24.3418, 20.3102, 17.2107, 14.8396, 13.0174, 11.6041, 10.4963, 8.9212, 7.5587, 6.91006, 6.74633, 7.01594]",-0.10089,"[17.5901, 19.4384, 19.3244, 19.6233]",0.34273
1.0,0.294758,0.0,0.0,4.624,0.0,1960.96,3.40015,93.9966,1,"[200.0, 200.0, 200.0, 200.0, 200.0, 200.0, 200.0, 200.0, 200.0, 200.0, 200.0, 200.0, 200.0, 200.0, 200.0, 200.0, 200.0, 200.0, 200.0, 200.0, 200.0, 200.0, 200.0, 200.0, 200.0, 200.0, 200.0, 200.0, 200.0, 200.0, 200.0, 200.0, 200.0, 200.0, 200.0, 200.0]",1,2705.51,22.2581,0.0888456,0.707538,0.006,"[8.72269, 10.0347, 13.2371, 30.6737, 51.4528, 35.612, 29.288, 24.1663, 20.1586, 17.0808, 14.728, 12.9207, 11.5194, 10.4213, 8.86, 7.50999, 6.86827, 6.7082, 6.97935]",-0.106017,"[19.1558, 18.7246, 19.4695, 20.5517]",0.345349
1.0,0.296509,0.0,0.0,4.646,0.0,1961.09,3.53088,93.9964,1,"[200.0, 200.0, 200.0, 200.0, 200.0, 200.0, 200.0, 200.0, 200.0, 200.0, 200.0, 200.0, 200.0, 200.0, 200.0, 200.0, 200.0, 200.0, 200.0, 200.0, 200.0, 200.0, 200.0, 200.0, 200.0, 200.0, 200.0, 200.0, 200.0, 200.0, 200.0, 200.0, 200.0, 200.0, 200.0, 200.0]",1,2823.78,22.846,0.096415,0.539962,0.006,"[8.77002, 10.0973, 13.3413, 79.0542, 51.2107, 35.3872, 29.0833, 23.9858, 20.0028, 16.9474, 14.6134, 12.8215, 11.4324, 10.3441, 8.79707, 7.45989, 6.82522, 6.66889, 6.9416]",-0.111304,"[19.1684, 18.4714, 20.9318, 20.8441]",0.348058
1.0,0.298299,0.0,0.0,4.668,0.0,1961.22,3.66467,93.9963,1,"[200.0, 200.0, 200.0, 200.0, 200.0, 200.0, 200.0, 200.0, 200.0, 200.0, 200.0, 200.0, 200.0, 200.0, 200.0, 200.0, 200.0, 200.0, 200.0, 200.0, 200.0, 200.0, 200.0, 200.0, 200.0, 200.0, 200.0, 200.0, 200.0, 200.0, 200.0, 200.0, 200.0, 200.0, 200.0, 200.0]",1,2857.77,23.4399,0.0970123,0.435211,0.005,"[8.8189, 10.162, 13.4493, 78.8304, 50.9622, 35.1564, 28.8733, 23.8008, 19.8431, 16.8106, 14.4959, 12.7197, 11.3432, 10.2649, 8.73242, 7.40834, 6.78088, 6.62834, 6.9026]",-0.116758,"[19.0087, 20.3037, 21.1233, 21.2265]",0.348729
1.0,0.300092,0.0,0.0,4.69,0.0,1961.36,3.802,93.9961,1,"[200.0, 200.0, 200.0, 200.0, 200.0, 200.0, 200.0, 200.0, 200.0, 200.0, 200.0, 200.0, 200.0, 200.0, 200.0, 200.0, 200.0, 200.0, 200.0, 200.0, 200.0, 200.0, 200.0, 200.0, 200.0, 200.0, 200.0, 200.0, 200.0, 200.0, 200.0, 200.0, 200.0, 200.0, 200.0, 200.0]",1,2876.49,24.0531,0.0898258,0.478533,0.005,"[8.86936, 10.2286, 13.5607, 78.6048, 50.7106, 34.9224, 28.66, 23.6128, 19.6808, 16.6714, 14.3762, 12.6158, 11.252, 10.1839, 8.66616, 7.35535, 6.73517, 6.58643, 6.86214]",-0.122398,"[21.2599, 20.0319, 21.6149, 21.0089]",0.347123
1.0,0.301902,0.0,0.0,4.712,0.0,1961.5,3.94263,93.9959,1,"[200.0, 200.0, 200.0, 200.0, 200.0, 200.0, 200.0, 200.0, 200.0, 200.0, 200.0, 200.0, 200.0, 200.0, 200.0, 200.0, 200.0, 200.0, 200.0, 200.0, 200.0, 200.0, 200.0, 200.0, 200.0, 200.0, 200.0, 200.0, 200.0, 200.0, 200.0, 200.0, 200.0, 200.0, 200.0, 200.0]",1,2936.83,24.6947,0.0878282,0.599049,0.006,"[8.92148, 10.2975, 13.6759, 78.3754, 50.4543, 34.6838, 28.4427, 23.4211, 19.5151, 16.5292, 14.2538, 12.5096, 11.1587, 10.1009, 8.59816, 7.30085, 6.68806, 6.54314, 6.82026]",-0.128223,"[20.8619, 19.488, 22.0831, 21.3838]",0.345154
1.0,0.303752,0.0,0.0,4.734,0.0,1961.65,4.08667,93.9957,1,"[200.0, 200.0, 200.0, 200.0, 200.0, 200.0, 200.0, 200.0, 200.0, 200.0, 200.0, 200.0, 200.0, 200.0, 200.0, 200.0, 200.0, 200.0, 200.0, 200.0, 200.0, 200.0, 200.0, 200.0, 200.0, 200.0, 200.0, 200.0, 200.0, 200.0, 200.0, 200.0, 200.0, 200.0, 200.0, 200.0]",1,3074.66,25.2829,0.0912282,0.678833,0.006,"[8.97528, 10.3686, 13.7954, 78.14, 50.1912, 34.4389, 28.2196, 23.2245, 19.3453, 16.3835, 14.1284, 12.4006, 11.063, 10.0158, 8.52833, 7.24479, 6.63956, 6.4985, 6.77701]",-0.134231,"[21.0938, 21.6057, 23.9469, 21.5056]",0.344872
1.0,0.305662,0.0,0.0,4.756,0.0,1961.79,4.23413,93.9955,1,"[200.0, 200.0, 200.0, 200.0, 200.0, 200.0, 200.0, 200.0, 200.0, 200.0, 200.0, 200.0, 200.0, 200.0, 200.0, 200.0, 200.0, 200.0, 200.0, 200.0, 200.0, 200.0, 200.0, 200.0, 200.0, 200.0, 200.0, 200.0, 200.0, 200.0, 200.0, 200.0, 200.0, 200.0, 200.0, 200.0]",1,3171.29,25.9355,0.0969251,0.661456,0.006,"[9.03088, 10.4423, 13.9198, 77.8962, 49.919, 34.1859, 27.9896, 23.0219, 19.1705, 16.2336, 13.9995, 12.2886, 10.9646, 9.92822, 8.45649, 7.18711, 6.58959, 6.45251, 6.7324]",-0.140425,"[21.687, 22.2332, 23.3303, 23.5837]",0.345914
1.0,0.307682,0.0,0.0,4.778,0.0,1961.95,4.38525,93.9952,1,"[200.0, 200.0, 200.0, 200.0, 200.0, 200.0, 200.0, 200.0, 200.0, 200.0, 200.0, 200.0, 200.0, 200.0, 200.0, 200.0, 200.0, 200.0, 200.0, 200.0, 200.0, 200.0, 200.0, 200.0, 200.0, 200.0, 200.0, 200.0, 200.0, 200.0, 200.0, 200.0, 200.0, 200.0, 200.0, 200.0]",1,3327.33,26.6079,0.101043,0.636041,0.006,"[9.08857, 10.5191, 14.0504, 77.6385, 49.6326, 33.9211, 27.7492, 22.8109, 18.9887, 16.078, 13.8657, 12.1726, 10.8627, 9.83762, 8.38223, 7.12752, 6.53802, 6.40505, 6.68642]",-0.146817,"[22.5306, 21.542, 24.4737, 24.7378]",0.345827
1.0,0.309701,0.0,0.0,4.8,0.0,1962.1,4.54004,93.995,1,"[200.0, 200.0, 200.0, 200.0, 200.0, 200.0, 200.0, 200.0, 200.0, 200.0, 200.0, 200.0, 200.0, 200.0, 200.0, 200.0, 200.0, 200.0, 200.0, 200.0, 200.0, 200.0, 200.0, 200.0, 200.0, 200.0, 200.0, 200.0, 200.0, 200.0, 200.0, 200.0, 200.0, 200.0, 200.0, 200.0]",1,3348.28,27.32,0.103899,0.663023,0.007,"[9.14805, 10.5982, 14.1852, 77.3787, 49.3428, 33.6524, 27.5053, 22.5966, 18.804, 15.9198, 13.7296, 12.0544, 10.7587, 9.7451, 8.30621, 7.06634, 6.48495, 6.35606, 6.6388]",-0.153417,"[22.0756, 22.9469, 24.7883, 24.8321]",0.343236
1.0,0.311781,0.0,0.0,4.822,0.0,1962.26,4.69873,93.9947,1,"[200.0, 200.0, 200.0, 200.0, 200.0, 200.0, 200.0, 200.0, 200.0, 200.0, 200.0, 200.0, 200.0, 200.0, 200.0, 200.0, 200.0, 200.0, 200.0, 200.0, 200.0, 200.0, 200.0, 200.0, 200.0, 200.0, 200.0, 200.0, 200.0, 200.0, 200.0, 200.0, 200.0, 200.0, 200.0, 200.0]",1,3402.7,27.9949,0.101733,0.821981,0.007,"[9.20966, 10.6803, 14.3257, 77.1101, 49.0433, 33.3752, 27.2539, 22.3759, 18.6139, 15.757, 13.5896, 11.9327, 10.6518, 9.64983, 8.22791, 7.00326, 6.43015, 6.30547, 6.58955]",-0.160237,"[24.3126, 24.2416, 24.4326, 25.9323]",0.340836
1.0,0.313949,0.0,0.0,4.844,0.0,1962.42,4.86121,93.9945,1,"[200.0, 200.0, 200.0, 200.0, 200.0, 200.0, 200.0, 200.0, 200.0, 200.0, 200.0, 200.0, 200.0, 200.0, 200.0, 200.0, 200.0, 200.0, 200.0, 200.0, 200.0, 200.0, 200.0, 200.0, 200.0, 200.0, 200.0, 200.0, 200.0, 200.0, 200.0, 200.0, 200.0, 200.0, 200.0, 200.0]",1,3520.39,28.7355,0.107803,0.92211,0.007,"[9.2735, 10.7656, 14.4728, 76.8296, 48.7312, 33.0872, 26.9931, 22.1474, 18.4175, 15.5889, 13.445, 11.8072, 10.5415, 9.5516, 8.14715, 6.93821, 6.37361, 6.25321, 6.5387]",-0.16728,"[24.5532, 22.673, 26.1165, 25.97]",0.342201
1.0,0.316141,0.0,0.0,4.866,0.0,1962.59,5.02576,93.9944,2,"[200.0, 200.0, 200.0, 200.0, 200.0, 200.0, 200.0, 200.0, 200.0, 200.0, 200.0, 200.0, 200.0, 200.0, 200.0, 200.0, 200.0, 200.0, 200.0, 200.0, 200.0, 200.0, 200.0, 200.0, 200.0, 200.0, 200.0, 200.0, 200.0, 200.0, 200.0, 200.0, 200.0, 200.0, 200.0, 200.0]",1,2162.51,28.7813,0.111394,0.839114,0.008,"[9.33877, 10.8529, 14.6241, 76.5444, 48.4139, 32.7946, 26.7286, 21.9157, 18.2183, 15.4185, 13.2985, 11.68, 10.4295, 9.45191, 8.06512, 6.872, 6.31601, 6.19991, 6.48673]",-0.174467,"[24.1551, 24.1087, 24.6947, 24.9103]",0.34618
1.0,0.318273,0.0,0.0,4.888,0.0,1962.75,5.18994,93.9944,2,"[200.0, 200.0, 200.0, 200.0, 200.0, 200.0, 200.0, 200.0, 200.0, 200.0, 200.0, 200.0, 200.0, 200.0, 200.0, 200.0, 200.0, 200.0, 200.0, 200.0, 200.0, 200.0, 200.0, 200.0, 200.0, 200.0, 200.0, 200.0, 200.0, 200.0, 200.0, 200.0, 200.0, 200.0, 200.0, 200.0]",1,2175.86,28.7645,0.11285,0.650298,0.008,"[9.40433, 10.9406, 14.7762, 76.2646, 48.1013, 32.5058, 26.4671, 21.6866, 18.0212, 15.2497, 13.1533, 11.5537, 10.3183, 9.35272, 7.98332, 6.80581, 6.25824, 6.14632, 6.43428]",-0.181695,"[23.9243, 24.676, 24.1209, 24.4974]",0.347836
1.0,0.320425,0.0,0.0,4.91,0.0,1962.91,5.35364,93.9944,2,"[200.0, 200.0, 200.0, 200.0, 200.0, 200.0, 200.0, 200.0, 200.0, 200.0, 200.0, 200.0, 200.0, 200.0, 200.0, 200.0, 200.0, 200.0, 200.0, 200.0, 200.0, 200.0, 200.0, 200.0, 200.0, 200.0, 200.0, 200.0, 200.0, 200.0, 200.0, 200.0, 200.0, 200.0, 200.0, 200.0]",1,2189.19,28.7337,0.104274,0.683415,0.008,"[9.47047, 11.0293, 14.9312, 75.9813, 47.7852, 32.2144, 26.2038, 21.4562, 17.8233, 15.0804, 13.0076, 11.427, 10.2067, 9.25321, 7.90123, 6.73934, 6.2002, 6.09241, 6.38151]",-0.188964,"[25.0133, 23.2342, 24.6146, 24.2104]",0.345927
1.0,0.322509,0.0,0.0,4.932,0.0,1963.08,5.51697,93.9944,2,"[200.0, 200.0, 200.0, 200.0, 200.0, 200.0, 200.0, 200.0, 200.0, 200.0, 200.0, 200.0, 200.0, 200.0, 200.0, 200.0, 200.0, 200.0, 200.0, 200.0, 200.0, 200.0, 200.0, 200.0, 200.0, 200.0, 200.0, 200.0, 200.0, 200.0, 200.0, 200.0, 200.0, 200.0, 200.0, 200.0]",1,2202.51,28.7047,0.100505,0.910449,0.009,"[9.5369, 11.1183, 15.0868, 75.7041, 47.4743, 31.9271, 25.9439, 21.2287, 17.6276, 14.9127, 12.8632, 11.3012, 10.0959, 9.15421, 7.81936, 6.67283, 6.14197, 6.03817, 6.32822]",-0.196278,"[22.9813, 24.8327, 23.9889, 24.8547]",0.344671
1.0,0.324564,0.0,0.0,4.954,0.0,1963.24,5.67993,93.9944,2,"[200.0, 200.0, 200.0, 200.0, 200.0, 200.0, 200.0, 200.0, 200.0, 200.0, 200.0, 200.0, 200.0, 200.0, 200.0, 200.0, 200.0, 200.0, 200.0, 200.0, 200.0, 200.0, 200.0, 200.0, 200.0, 200.0, 200.0, 200.0, 200.0, 200.0, 200.0, 200.0, 200.0, 200.0, 200.0, 200.0]",1,2215.82,28.6786,0.106365,0.996475,0.009,"[9.60369, 11.2078, 15.244, 75.429, 47.1652, 31.6412, 25.6854, 21.0024, 17.4329, 14.7459, 12.7194, 11.1759, 9.98536, 9.0554, 7.73756, 6.60625, 6.08355, 5.98366, 6.27454]",-0.203629,"[23.6135, 24.8805, 23.923, 24.023]",0.346557
1.0,0.326445,0.0,0.0,4.976,0.0,1963.4,5.84253,93.9944,2,"[200.0, 200.0, 200.0, 200.0, 200.0, 200.0, 200.0, 200.0, 200.0, 200.0, 200.0, 200.0, 200.0, 200.0, 200.0, 200.0, 200.0, 200.0, 200.0, 200.0, 200.0, 200.0, 200.0, 200.0, 200.0, 200.0, 200.0, 200.0, 200.0, 200.0, 200.0, 200.0, 200.0, 200.0, 200.0, 200.0]",1,2229.11,28.6471,0.165779,0.798049,0.027,"[9.67005, 11.2962, 15.3985, 75.1719, 46.8723, 31.3679, 25.4373, 20.7843, 17.2446, 14.584, 12.5794, 11.0536, 9.87714, 8.95845, 7.65692, 6.54023, 6.02534, 5.92904, 6.22044]",-0.210986,"[24.385, 23.5641, 24.477, 23.9677]",0.347928
1.0,0.328149,0.0,0.0,4.998,0.0,1963.56,6.00476,93.9944,2,"[200.0, 200.0, 200.0, 200.0, 200.0, 200.0, 200.0, 200.0, 200.0, 200.0, 200.0, 200.0, 200.0, 200.0, 200.0, 200.0, 200.0, 200.0, 200.0, 200.0, 200.0, 200.0, 200.0, 200.0, 200.0, 200.0, 200.0, 200.0, 200.0, 200.0, 200.0, 200.0, 200.0, 200.0, 200.0, 200.0]",1,2082.99,28.6107,0.191452,0.588064,0.028,"[9.73589, 11.3833, 15.55, 74.9337, 46.5963, 31.1076, 25.1997, 20.5746, 17.0629, 14.4272, 12.4433, 10.9343, 9.77131, 8.86339, 7.5775, 6.47485, 5.96736, 5.87436, 6.16595]",-0.218345,"[24.2704, 23.9118, 24.4428, 24.2063]",0.348879
1.0,0.32979,0.0,0.0,5.02,0.0,1963.73,6.16748,93.9943,2,"[200.0, 200.0, 200.0, 200.0, 200.0, 200.0, 200.0, 200.0, 200.0, 200.0, 200.0, 200.0, 200.0, 200.0, 200.0, 200.0, 200.0, 200.0, 200.0, 200.0, 200.0, 200.0, 200.0, 200.0, 200.0, 200.0, 200.0, 200.0, 200.0, 200.0, 200.0, 200.0, 200.0, 200.0, 200.0, 200.0]",1,2140.12,28.8751,0.198065,0.659019,0.029,"[9.80208, 11.4708, 15.7022, 74.701, 46.3248, 30.8504, 24.9648, 20.367, 16.8827, 14.2714, 12.308, 10.8156, 9.66582, 8.76853, 7.49807, 6.40927, 5.90907, 5.81924, 6.11085]",-0.22576,"[23.7791, 24.8045, 25.2863, 24.5636]",0.346575
1.0,0.331466,0.0,0.0,5.042,0.0,1963.89,6.33167,93.9943,2,"[200.0, 200.0, 200.0, 200.0, 200.0, 200.0, 200.0, 200.0, 200.0, 200.0, 200.0, 200.0, 200.0, 200.0, 200.0, 200.0, 200.0, 200.0, 200.0, 200.0, 200.0, 200.0, 200.0, 200.0, 200.0, 200.0, 200.0, 200.0, 200.0, 200.0, 200.0, 200.0, 200.0, 200.0, 200.0, 200.0]",1,2154.96,29.1545,0.204369,0.836038,0.03,"[9.86942, 11.56, 15.8583, 74.4629, 46.0474, 30.5882, 24.7255, 20.1558, 16.6997, 14.1134, 12.1708, 10.6952, 9.55893, 8.67242, 7.41759, 6.3428, 5.84998, 5.76333, 6.05493]",-0.233282,"[25.866, 22.6581, 24.8996, 25.4596]",0.343147
1.0,0.333089,0.0,0.0,5.064,0.0,1964.06,6.49707,93.9942,2,"[200.0, 200.0, 200.0, 200.0, 200.0, 200.0, 200.0, 200.0, 200.0, 200.0, 200.0, 200.0, 200.0, 200.0, 200.0, 200.0, 200.0, 200.0, 200.0, 200.0, 200.0, 200.0, 200.0, 200.0, 200.0, 200.0, 200.0, 200.0, 200.0, 200.0, 200.0, 200.0, 200.0, 200.0, 200.0, 200.0]",1,2193.9,29.4149,0.213022,0.816749,0.031,"[9.93751, 11.65, 16.0161, 74.2294, 45.7729, 30.3276, 24.4875, 19.9454, 16.5171, 13.9555, 12.0336, 10.5746, 9.45172, 8.5759, 7.33661, 6.27573, 5.79018, 5.70661, 5.99804]",-0.240909,"[24.7916, 24.8278, 25.7798, 25.4556]",0.342279
1.0,0.333132,0.0,0.0,5.086,0.0,1964.22,6.66431,93.9941,2,"[200.0, 200.0, 200.0, 200.0, 200.0, 200.0, 200.0, 200.0, 200.0, 200.0, 200.0, 200.0, 200.0, 200.0, 200.0, 200.0, 200.0, 200.0, 200.0, 200.0, 200.0, 200.0, 200.0, 200.0, 200.0, 200.0, 200.0, 200.0, 200.0, 200.0, 200.0, 200.0, 200.0, 200.0, 200.0, 200.0]",1,2219.99,29.6631,0.686896,0.651108,0.8,"[9.99878, 11.7242, 16.1295, 74.1722, 45.6569, 30.1853, 24.3436, 19.8073, 16.3889, 13.8386, 11.9274, 10.478, 9.3632, 8.49417, 7.26515, 6.21364, 5.73257, 5.64981, 5.93866]",-0.248468,"[25.2761, 24.401, 26.1643, 25.5924]",0.34415
1.0,0.329167,0.0,0.0,5.108,0.0,1964.39,6.83386,93.994,2,"[200.0, 200.0, 200.0, 200.0, 200.0, 200.0, 200.0, 200.0, 200.0, 200.0, 200.0, 200.0, 200.0, 200.0, 200.0, 200.0, 200.0, 200.0, 200.0, 200.0, 200.0, 200.0, 200.0, 200.0, 200.0, 200.0, 200.0, 200.0, 200.0, 200.0, 200.0, 200.0, 200.0, 200.0, 200.0, 200.0]",1,2254.7,29.7947,1.46648,0.647582,0.8,"[10.0397, 11.7538, 16.1223, 74.5687, 45.9527, 30.3529, 24.4473, 19.8594, 16.4045, 13.8302, 11.9042, 10.4457, 9.32545, 8.45308, 7.22065, 6.1667, 5.6829, 5.59537, 5.87577]",-0.255521,"[25.7778, 23.9278, 26.4812, 26.1751]",0.345838
1.0,0.321104,0.0,0.0,5.13,0.0,1964.57,7.00562,93.9939,2,"[200.0, 200.0, 200.0, 200.0, 200.0, 200.0, 200.0, 200.0, 200.0, 200.0, 200.0, 200.0, 200.0, 200.0, 200.0, 200.0, 200.0, 200.0, 200.0, 200.0, 200.0, 200.0, 200.0, 200.0, 200.0, 200.0, 200.0, 200.0, 200.0, 200.0, 200.0, 200.0, 200.0, 200.0, 200.0, 200.0]",1,2239.12,29.8936,2.24894,0.728039,0.8,"[10.0586, 11.7366, 15.9926, 75.4318, 46.6798, 30.8505, 24.8165, 20.1164, 16.575, 13.939, 11.9705, 10.4831, 9.34279, 8.45628, 7.20591, 6.13715, 5.64318, 5.54524, 5.81154]",-0.261841,"[26.6057, 23.8568, 27.2382, 24.8689]",0.345993
1.0,0.311018,0.0,0.0,5.152,0.0,1964.74,7.17957,93.9938,2,"[200.0, 200.0, 200.0, 200.0, 200.0, 200.0, 200.0, 200.0, 200.0, 200.0, 200.0, 200.0, 200.0, 200.0, 200.0, 200.0, 200.0, 200.0, 200.0, 200.0, 200.0, 200.0, 200.0, 200.0, 200.0, 200.0, 200.0, 200.0, 200.0, 200.0, 200.0, 200.0, 200.0, 200.0, 200.0, 200.0]",1,2212.85,30.1412,2.4964,0.746295,0.034,"[10.0653, 11.6956, 15.8069, 76.5282, 47.6343, 31.531, 25.3358, 20.4908, 16.8347, 14.1154, 12.0887, 10.5608, 9.3922, 8.48545, 7.20909, 6.11876, 5.61076, 5.49969, 5.74938]",-0.267532,"[27.0082, 24.2436, 26.4514, 25.2036]",0.346412
1.0,0.303955,0.0,0.0,5.174,0.0,1964.92,7.35522,93.9938,2,"[200.0, 200.0, 200.0, 200.0, 200.0, 200.0, 200.0, 200.0, 200.0, 200.0, 200.0, 200.0, 200.0, 200.0, 200.0, 200.0, 200.0, 200.0, 200.0, 200.0, 200.0, 200.0, 200.0, 200.0, 200.0, 200.0, 200.0, 200.0, 200.0, 200.0, 200.0, 200.0, 200.0, 200.0, 200.0, 200.0]",1,2271.46,30.4788,1.89672,0.585811,0.035,"[10.085, 11.6852, 15.7075, 77.2857, 48.2851, 31.9858, 25.6759, 20.728, 16.9914, 14.2145, 12.1482, 10.5935, 9.40646, 8.48688, 7.19449, 6.09125, 5.57459, 5.45468, 5.6924]",-0.273309,"[26.6207, 24.6741, 27.1934, 25.3428]",0.347857
1.0,0.300862,0.0,0.0,5.196,0.0,1965.09,7.53149,93.9937,2,"[200.0, 200.0, 200.0, 200.0, 200.0, 200.0, 200.0, 200.0, 200.0, 200.0, 200.0, 200.0, 200.0, 200.0, 200.0, 200.0, 200.0, 200.0, 200.0, 200.0, 200.0, 200.0, 200.0, 200.0, 200.0, 200.0, 200.0, 200.0, 200.0, 200.0, 200.0, 200.0, 200.0, 200.0, 200.0, 200.0]",1,2293.28,30.7867,1.15204,0.453602,0.036,"[10.1236, 11.7163, 15.717, 77.5949, 48.5195, 32.1189, 25.7559, 20.7638, 16.9957, 14.1987, 12.1202, 10.5586, 9.3677, 8.44603, 7.15204, 6.04812, 5.53013, 5.40698, 5.6384]",-0.279581,"[26.338, 25.4181, 27.0462, 26.4811]",0.348463
1.0,0.301512,0.0,0.0,5.218,0.0,1965.27,7.70825,93.9936,2,"[200.0, 200.0, 200.0, 200.0, 200.0, 200.0, 200.0, 200.0, 200.0, 200.0, 200.0, 200.0, 200.0, 200.0, 200.0, 200.0, 200.0, 200.0, 200.0, 200.0, 200.0, 200.0, 200.0, 200.0, 200.0, 200.0, 200.0, 200.0, 200.0, 200.0, 200.0, 200.0, 200.0, 200.0, 200.0, 200.0]",1,2308.62,31.0965,0.539994,0.511969,0.037,"[10.1808, 11.7873, 15.8287, 77.4794, 48.354, 31.939, 25.5815, 20.6022, 16.8506, 14.0702, 12.0066, 10.4575, 9.27689, 8.36361, 7.08194, 5.98912, 5.47674, 5.35555, 5.58586]",-0.28645,"[26.2455, 25.9752, 26.9907, 26.986]",0.345779
1.0,0.303231,0.0,0.0,5.24,0.0,1965.45,7.88574,93.9934,2,"[200.0, 200.0, 200.0, 200.0, 200.0, 200.0, 200.0, 200.0, 200.0, 200.0, 200.0, 200.0, 200.0, 200.0, 200.0, 200.0, 200.0, 200.0, 200.0, 200.0, 200.0, 200.0, 200.0, 200.0, 200.0, 200.0, 200.0, 200.0, 200.0, 200.0, 200.0, 200.0, 200.0, 200.0, 200.0, 200.0]",1,2323.4,31.3882,0.33141,0.753501,0.038,"[10.2452, 11.8723, 15.9741, 77.2404, 48.0699, 31.6648, 25.3296, 20.3799, 16.659, 13.9061, 11.8654, 10.3347, 9.16872, 8.26696, 7.0019, 5.92375, 5.41908, 5.30132, 5.53186]",-0.293723,"[26.4208, 26.9703, 27.0587, 27.2603]",0.342217
1.0,0.30486,0.0,0.0,5.262,0.0,1965.62,8.0647,93.9932,2,"[200.0, 200.0, 200.0, 200.0, 200.0, 200.0, 200.0, 200.0, 200.0, 200.0, 200.0, 200.0, 200.0, 200.0, 200.0, 200.0, 200.0, 200.0, 200.0, 200.0, 200.0, 200.0, 200.0, 200.0, 200.0, 200.0, 200.0, 200.0, 200.0, 200.0, 200.0, 200.0, 200.0, 200.0, 200.0, 200.0]",1,2345.78,31.716,0.285001,0.859615,0.039,"[10.311, 11.9585, 16.1211, 77.0093, 47.7914, 31.3935, 25.0794, 20.1583, 16.4675, 13.7416, 11.7236, 10.2111, 9.05951, 8.16925, 6.92065, 5.85712, 5.36007, 5.24561, 5.47616]",-0.301189,"[26.7297, 25.7547, 27.6435, 27.2174]",0.342577
1.0,0.30646,0.0,0.0,5.284,0.0,1965.81,8.245,93.9931,2,"[200.0, 200.0, 200.0, 200.0, 200.0, 200.0, 200.0, 200.0, 200.0, 200.0, 200.0, 200.0, 200.0, 200.0, 200.0, 200.0, 200.0, 200.0, 200.0, 200.0, 200.0, 200.0, 200.0, 200.0, 200.0, 200.0, 200.0, 200.0, 200.0, 200.0, 200.0, 200.0, 200.0, 200.0, 200.0, 200.0]",1,2396.08,32.0047,0.282292,0.711511,0.04,"[10.3779, 12.0461, 16.2705, 76.7799, 47.5131, 31.1214, 24.8283, 19.9358, 16.2749, 13.5762, 11.5808, 10.0865, 8.94938, 8.07061, 6.83853, 5.78962, 5.30018, 5.18896, 5.41939]",-0.308783,"[27.0134, 26.292, 28.0665, 27.9259]",0.346262
1.0,0.306347,0.0,0.0,5.306,0.0,1965.99,8.42712,93.9929,2,"[200.0, 200.0, 200.0, 200.0, 200.0, 200.0, 200.0, 200.0, 200.0, 200.0, 200.0, 200.0, 200.0, 200.0, 200.0, 200.0, 200.0, 200.0, 200.0, 200.0, 200.0, 200.0, 200.0, 200.0, 200.0, 200.0, 200.0, 200.0, 200.0, 200.0, 200.0, 200.0, 200.0, 200.0, 200.0, 200.0]",1,2402.56,32.2722,0.796847,0.567343,0.8,"[10.4375, 12.1167, 16.3739, 76.7447, 47.4151, 30.9872, 24.6874, 19.7974, 16.145, 13.4572, 11.4728, 9.98835, 8.8597, 7.98802, 6.76664, 5.72748, 5.24273, 5.13248, 5.36044]",-0.316304,"[27.5245, 26.4559, 28.3076, 27.9502]",0.34782
1.0,0.301772,0.0,0.0,5.328,0.0,1966.17,8.61182,93.9927,2,"[200.0, 200.0, 200.0, 200.0, 200.0, 200.0, 200.0, 200.0, 200.0, 200.0, 200.0, 200.0, 200.0, 200.0, 200.0, 200.0, 200.0, 200.0, 200.0, 200.0, 200.0, 200.0, 200.0, 200.0, 200.0, 200.0, 200.0, 200.0, 200.0, 200.0, 200.0, 200.0, 200.0, 200.0, 200.0, 200.0]",1,2399.22,32.445,1.59036,0.619277,0.8,"[10.4754, 12.139, 16.3497, 77.2208, 47.7969, 31.2238, 24.8443, 19.8866, 16.185, 13.4648, 11.4601, 9.96328, 8.82711, 7.95078, 6.72458, 5.68215, 5.19439, 5.07932, 5.29898]",-0.323263,"[28.0448, 26.0004, 28.777, 27.2843]",0.346201
1.0,0.294062,0.0,0.0,5.35,0.0,1966.36,8.79871,93.9926,2,"[200.0, 200.0, 200.0, 200.0, 200.0, 200.0, 200.0, 200.0, 200.0, 200.0, 200.0, 200.0, 200.0, 200.0, 200.0, 200.0, 200.0, 200.0, 200.0, 200.0, 200.0, 200.0, 200.0, 200.0, 200.0, 200.0, 200.0, 200.0, 200.0, 200.0, 200.0, 200.0, 200.0, 200.0, 200.0, 200.0]",1,2405.38,32.6057,2.18408,0.682701,0.8,"[10.4962, 12.1254, 16.2356, 78.0587, 48.5267, 31.7359, 25.2246, 20.1481, 16.3541, 13.5688, 11.5203, 9.99436, 8.83865, 7.9489, 6.70632, 5.65104, 5.15473, 5.03086, 5.2384]",-0.329545,"[28.635, 26.0433, 28.875, 27.4019]",0.345427
1.0,0.284898,0.0,0.0,5.372,0.0,1966.55,8.98767,93.9924,2,"[200.0, 200.0, 200.0, 200.0, 200.0, 200.0, 200.0, 200.0, 200.0, 200.0, 200.0, 200.0, 200.0, 200.0, 200.0, 200.0, 200.0, 200.0, 200.0, 200.0, 200.0, 200.0, 200.0, 200.0, 200.0, 200.0, 200.0, 200.0, 200.0, 200.0, 200.0, 200.0, 200.0, 200.0, 200.0, 200.0]",1,2454.9,32.8495,2.38869,0.578625,0.043,"[10.5085, 12.095, 16.0832, 79.066, 49.4283, 32.3918, 25.7245, 20.503, 16.5934, 13.7251, 11.62, 10.0558, 8.87407, 7.96624, 6.70123, 5.6282, 5.12067, 4.98618, 5.18006]",-0.335342,"[29.2687, 26.5137, 29.6019, 27.8786]",0.346797
1.0,0.278151,0.0,0.0,5.394,0.0,1966.74,9.17834,93.9922,2,"[200.0, 200.0, 200.0, 200.0, 200.0, 200.0, 200.0, 200.0, 200.0, 200.0, 200.0, 200.0, 200.0, 200.0, 200.0, 200.0, 200.0, 200.0, 200.0, 200.0, 200.0, 200.0, 200.0, 200.0, 200.0, 200.0, 200.0, 200.0, 200.0, 200.0, 200.0, 200.0, 200.0, 200.0, 200.0, 200.0]",1,2493.58,33.228,1.6782,0.457514,0.044,"[10.5307, 12.0885, 15.9968, 79.7989, 50.0766, 32.8548, 26.0707, 20.7408, 16.7457, 13.817, 11.6714, 10.0806, 8.88114, 7.96136, 6.68205, 5.59813, 5.08348, 4.94159, 5.12519]",-0.341204,"[28.7726, 27.0804, 29.5898, 28.7191]",0.346812
1.0,0.277399,0.0,0.0,5.416,0.0,1966.93,9.36963,93.9921,2,"[200.0, 200.0, 200.0, 200.0, 200.0, 200.0, 200.0, 200.0, 200.0, 200.0, 200.0, 200.0, 200.0, 200.0, 200.0, 200.0, 200.0, 200.0, 200.0, 200.0, 200.0, 200.0, 200.0, 200.0, 200.0, 200.0, 200.0, 200.0, 200.0, 200.0, 200.0, 200.0, 200.0, 200.0, 200.0, 200.0]",1,2495.41,33.5792,0.780283,0.586311,0.045,"[10.5799, 12.1427, 16.0662, 79.8471, 50.0667, 32.7944, 25.9909, 20.6502, 16.6527, 13.7269, 11.5866, 10.0017, 8.80786, 7.89305, 6.62158, 5.54505, 5.03384, 4.89232, 5.07326]",-0.347765,"[28.4004, 27.9979, 29.177, 29.1768]",0.344272
1.0,0.278923,0.0,0.0,5.438,0.0,1967.12,9.56177,93.9919,2,"[200.0, 200.0, 200.0, 200.0, 200.0, 200.0, 200.0, 200.0, 200.0, 200.0, 200.0, 200.0, 200.0, 200.0, 200.0, 200.0, 200.0, 200.0, 200.0, 200.0, 200.0, 200.0, 200.0, 200.0, 200.0, 200.0, 200.0, 200.0, 200.0, 200.0, 200.0, 200.0, 200.0, 200.0, 200.0, 200.0]",1,2517.43,33.9081,0.460598,0.740344,0.046,"[10.6415, 12.2227, 16.1988, 79.6329, 49.8007, 32.5271, 25.7411, 20.4276, 16.4603, 13.5624, 11.4456, 9.87957, 8.70062, 7.79756, 6.54281, 5.48091, 4.97733, 4.83912, 5.02014]",-0.354873,"[28.6349, 28.4405, 29.4241, 29.4255]",0.343599
1.0,0.280454,0.0,0.0,5.46,0.0,1967.32,9.75525,93.9917,2,"[200.0, 200.0, 200.0, 200.0, 200.0, 200.0, 200.0, 200.0, 200.0, 200.0, 200.0, 200.0, 200.0, 200.0, 200.0, 200.0, 200.0, 200.0, 200.0, 200.0, 200.0, 200.0, 200.0, 200.0, 200.0, 200.0, 200.0, 200.0, 200.0, 200.0, 200.0, 200.0, 200.0, 200.0, 200.0, 200.0]",1,2555.83,34.2329,0.381461,0.662098,0.047,"[10.7052, 12.3053, 16.3358, 79.4155, 49.5294, 32.2536, 25.4853, 20.1995, 16.2631, 13.3939, 11.3011, 9.75429, 8.59054, 7.69944, 6.46177, 5.41484, 4.919, 4.78414, 4.96516]",-0.362219,"[28.8937, 28.8823, 29.9091, 29.817]",0.34691
1.0,0.281978,0.0,0.0,5.482,0.0,1967.51,9.9502,93.9916,2,"[200.0, 200.0, 200.0, 200.0, 200.0, 200.0, 200.0, 200.0, 200.0, 200.0, 200.0, 200.0, 200.0, 200.0, 200.0, 200.0, 200.0, 200.0, 200.0, 200.0, 200.0, 200.0, 200.0, 200.0, 200.0, 200.0, 200.0, 200.0, 200.0, 200.0, 200.0, 200.0, 200.0, 200.0, 200.0, 200.0]",1,2572.42,34.5793,0.357158,0.508966,0.048,"[10.7701, 12.3894, 16.4757, 79.1974, 49.2556, 31.9769, 25.2265, 19.9686, 16.0635, 13.2232, 11.1547, 9.62734, 8.47891, 7.59989, 6.37944, 5.3476, 4.85955, 4.72802, 4.90896]",-0.369717,"[29.1776, 28.7503, 29.7972, 30.4412]",0.349319
1.0,0.281813,0.0,0.0,5.504,0.0,1967.71,10.1472,93.9914,2,"[200.0, 200.0, 200.0, 200.0, 200.0, 200.0, 200.0, 200.0, 200.0, 200.0, 200.0, 200.0, 200.0, 200.0, 200.0, 200.0, 200.0, 200.0, 200.0, 200.0, 200.0, 200.0, 200.0, 200.0, 200.0, 200.0, 200.0, 200.0, 200.0, 200.0, 200.0, 200.0, 200.0, 200.0, 200.0, 200.0]",1,2589.01,34.8745,0.836465,0.514038,0.8,"[10.8284, 12.4575, 16.5725, 79.1724, 49.1665, 31.8451, 25.0841, 19.8262, 15.9289, 13.1, 11.0433, 9.5266, 8.38733, 7.51595, 6.30694, 5.28546, 4.80246, 4.67217, 4.85091]",-0.377161,"[29.6888, 28.6757, 30.7901, 29.7826]",0.346576
1.0,0.277702,0.0,0.0,5.526,0.0,1967.91,10.3467,93.9912,2,"[200.0, 200.0, 200.0, 200.0, 200.0, 200.0, 200.0, 200.0, 200.0, 200.0, 200.0, 200.0, 200.0, 200.0, 200.0, 200.0, 200.0, 200.0, 200.0, 200.0, 200.0, 200.0, 200.0, 200.0, 200.0, 200.0, 200.0, 200.0, 200.0, 200.0, 200.0, 200.0, 200.0, 200.0, 200.0, 200.0]",1,2579.64,35.0808,1.58441,0.676617,0.8,"[10.8681, 12.4836, 16.5612, 79.6037, 49.5186, 32.0636, 25.2249, 19.8997, 15.9538, 13.094, 11.0189, 9.49187, 8.34682, 7.4723, 6.26076, 5.23823, 4.75371, 4.61991, 4.79182]",-0.384085,"[30.1222, 28.136, 30.6592, 29.7083]",0.343459
1.0,0.269785,0.0,0.0,5.548,0.0,1968.11,10.5483,93.9911,2,"[200.0, 200.0, 200.0, 200.0, 200.0, 200.0, 200.0, 200.0, 200.0, 200.0, 200.0, 200.0, 200.0, 200.0, 200.0, 200.0, 200.0, 200.0, 200.0, 200.0, 200.0, 200.0, 200.0, 200.0, 200.0, 200.0, 200.0, 200.0, 200.0, 200.0, 200.0, 200.0, 200.0, 200.0, 200.0, 200.0]",1,2644.07,35.221,2.20877,0.681246,0.8,"[10.8887, 12.4683, 16.4466, 80.4768, 50.3054, 32.6341, 25.6529, 20.1936, 16.1417, 13.2076, 11.0835, 9.52457, 8.35864, 7.47011, 6.24198, 5.20705, 4.71461, 4.57275, 4.73357]",-0.390319,"[30.9055, 28.1134, 31.7532, 30.0734]",0.344774
1.0,0.258998,0.0,0.0,5.57,0.0,1968.31,10.752,93.9909,2,"[200.0, 200.0, 200.0, 200.0, 200.0, 200.0, 200.0, 200.0, 200.0, 200.0, 200.0, 200.0, 200.0, 200.0, 200.0, 200.0, 200.0, 200.0, 200.0, 200.0, 200.0, 200.0, 200.0, 200.0, 200.0, 200.0, 200.0, 200.0, 200.0, 200.0, 200.0, 200.0, 200.0, 200.0, 200.0, 200.0]",1,2776.64,35.4534,2.39865,0.443676,0.051,"[10.8957, 12.4234, 16.2612, 81.6822, 51.4291, 33.4872, 26.3155, 20.6692, 16.4641, 13.4194, 11.2205, 9.61173, 8.41239, 7.50097, 6.2449, 5.18859, 4.68333, 4.53004, 4.67674]",-0.395998,"[31.7488, 28.4808, 32.4017, 32.7169]",0.346906
1.0,0.250399,0.0,0.0,5.592,0.0,1968.52,10.9575,93.9907,2,"[200.0, 200.0, 200.0, 200.0, 200.0, 200.0, 200.0, 200.0, 200.0, 200.0, 200.0, 200.0, 200.0, 200.0, 200.0, 200.0, 200.0, 200.0, 200.0, 200.0, 200.0, 200.0, 200.0, 200.0, 200.0, 200.0, 200.0, 200.0, 200.0, 200.0, 200.0, 200.0, 200.0, 200.0, 200.0, 200.0]",1,2698.17,35.9312,1.67778,0.349802,0.052,"[10.9116, 12.4003, 16.1353, 82.6363, 52.3175, 34.1607, 26.8359, 21.0381, 16.7083, 13.5739, 11.3149, 9.66677, 8.44149, 7.51257, 6.23576, 5.16402, 4.64946, 4.48744, 4.62288]",-0.40171,"[31.2711, 29.1357, 32.4063, 30.8581]",0.346042
1.0,0.248606,0.0,0.0,5.614,0.0,1968.72,11.1644,93.9905,2,"[200.0, 200.0, 200.0, 200.0, 200.0, 200.0, 200.0, 200.0, 200.0, 200.0, 200.0, 200.0, 200.0, 200.0, 200.0, 200.0, 200.0, 200.0, 200.0, 200.0, 200.0, 200.0, 200.0, 200.0, 200.0, 200.0, 200.0, 200.0, 200.0, 200.0, 200.0, 200.0, 200.0, 200.0, 200.0, 200.0]",1,2699.02,36.3161,0.85861,0.506547,0.053,"[10.9552, 12.4422, 16.175, 82.8092, 52.4345, 34.2036, 26.8386, 21.0083, 16.658, 13.5137, 11.2515, 9.60382, 8.38046, 7.45397, 6.18185, 5.11507, 4.60265, 4.44016, 4.5722]",-0.408027,"[30.7959, 30.1835, 31.8089, 31.3361]",0.344632
1.0,0.249781,0.0,0.0,5.636,0.0,1968.93,11.3724,93.9904,2,"[200.0, 200.0, 200.0, 200.0, 200.0, 200.0, 200.0, 200.0, 200.0, 200.0, 200.0, 200.0, 200.0, 200.0, 200.0, 200.0, 200.0, 200.0, 200.0, 200.0, 200.0, 200.0, 200.0, 200.0, 200.0, 200.0, 200.0, 200.0, 200.0, 200.0, 200.0, 200.0, 200.0, 200.0, 200.0, 200.0]",1,2733.84,36.6733,0.551837,0.567804,0.054,"[11.0124, 12.5145, 16.2891, 82.6399, 52.2089, 33.9619, 26.6054, 20.7955, 16.4718, 13.3539, 11.1147, 9.48546, 8.27675, 7.3618, 6.10603, 5.05344, 4.54835, 4.38895, 4.5209]",-0.414846,"[30.9561, 30.6667, 32.0062, 31.9083]",0.344581
1.0,0.251214,0.0,0.0,5.658,0.0,1969.14,11.5822,93.9902,2,"[200.0, 200.0, 200.0, 200.0, 200.0, 200.0, 200.0, 200.0, 200.0, 200.0, 200.0, 200.0, 200.0, 200.0, 200.0, 200.0, 200.0, 200.0, 200.0, 200.0, 200.0, 200.0, 200.0, 200.0, 200.0, 200.0, 200.0, 200.0, 200.0, 200.0, 200.0, 200.0, 200.0, 200.0, 200.0, 200.0]",1,2753.42,37.0402,0.461658,0.43934,0.055,"[11.0725, 12.5914, 16.4129, 82.439, 51.9496, 33.6905, 26.3469, 20.5623, 16.2698, 13.1822, 10.9685, 9.35971, 8.16703, 7.26458, 6.02647, 4.98915, 4.49191, 4.33595, 4.468]",-0.421905,"[31.2712, 30.9396, 32.0572, 32.3795]",0.347415
1.0,0.252587,0.0,0.0,5.68,0.0,1969.35,11.7936,93.99,2,"[200.0, 200.0, 200.0, 200.0, 200.0, 200.0, 200.0, 200.0, 200.0, 200.0, 200.0, 200.0, 200.0, 200.0, 200.0, 200.0, 200.0, 200.0, 200.0, 200.0, 200.0, 200.0, 200.0, 200.0, 200.0, 200.0, 200.0, 200.0, 200.0, 200.0, 200.0, 200.0, 200.0, 200.0, 200.0, 200.0]",1,2770.27,37.4103,0.419386,0.44613,0.056,"[11.1337, 12.6695, 16.5382, 82.2435, 51.6939, 33.4204, 26.0886, 20.3287, 16.0671, 13.0094, 10.8211, 9.23281, 8.05609, 7.16617, 5.94572, 4.92371, 4.43432, 4.28172, 4.41376]",-0.429126,"[31.6108, 31.2317, 32.5817, 32.173]",0.347589
1.0,0.253973,0.0,0.0,5.702,0.0,1969.57,12.0068,93.9899,2,"[200.0, 200.0, 200.0, 200.0, 200.0, 200.0, 200.0, 200.0, 200.0, 200.0, 200.0, 200.0, 200.0, 200.0, 200.0, 200.0, 200.0, 200.0, 200.0, 200.0, 200.0, 200.0, 200.0, 200.0, 200.0, 200.0, 200.0, 200.0, 200.0, 200.0, 200.0, 200.0, 200.0, 200.0, 200.0, 200.0]",1,2816.6,37.7695,0.408752,0.678124,0.056,"[11.1961, 12.7492, 16.6664, 82.0449, 51.4337, 33.1452, 25.8255, 20.0909, 15.861, 12.8339, 10.6716, 9.10394, 7.94347, 7.06623, 5.8637, 4.85718, 4.37572, 4.22652, 4.35847]",-0.436481,"[31.9142, 31.5409, 33.0313, 32.7215]",0.343637
1.0,0.255343,0.0,0.0,5.724,0.0,1969.78,12.2218,93.9897,2,"[200.0, 200.0, 200.0, 200.0, 200.0, 200.0, 200.0, 200.0, 200.0, 200.0, 200.0, 200.0, 200.0, 200.0, 200.0, 200.0, 200.0, 200.0, 200.0, 200.0, 200.0, 200.0, 200.0, 200.0, 200.0, 200.0, 200.0, 200.0, 200.0, 200.0, 200.0, 200.0, 200.0, 200.0, 200.0, 200.0]",1,2860.43,38.1428,0.412805,0.69502,0.057,"[11.2594, 12.83, 16.7966, 81.8469, 51.1725, 32.8681, 25.5602, 19.8511, 15.6531, 12.6568, 10.5207, 8.97388, 7.82974, 6.96527, 5.78074, 4.78979, 4.3163, 4.17046, 4.30225]",-0.44395,"[32.2221, 31.8972, 33.5319, 33.1327]",0.341971
1.0,0.2551,0.0,0.0,5.746,0.0,1970.0,12.439,93.9895,2,"[200.0, 200.0, 200.0, 200.0, 200.0, 200.0, 200.0, 200.0, 200.0, 200.0, 200.0, 200.0, 200.0, 200.0, 200.0, 200.0, 200.0, 200.0, 200.0, 200.0, 200.0, 200.0, 200.0, 200.0, 200.0, 200.0, 200.0, 200.0, 200.0, 200.0, 200.0, 200.0, 200.0, 200.0, 200.0, 200.0]",1,2903.47,38.4733,0.862167,0.597398,0.8,"[11.3167, 12.8956, 16.8871, 81.8352, 51.0953, 32.7399, 25.4157, 19.7027, 15.5113, 12.5271, 10.4039, 8.86906, 7.73504, 6.87899, 5.70691, 4.72716, 4.25917, 4.11488, 4.24477]",-0.45136,"[32.7088, 31.6523, 33.9232, 33.7626]",0.345031
1.0,0.250862,0.0,0.0,5.768,0.0,1970.22,12.6584,93.9894,2,"[200.0, 200.0, 200.0, 200.0, 200.0, 200.0, 200.0, 200.0, 200.0, 200.0, 200.0, 200.0, 200.0, 200.0, 200.0, 200.0, 200.0, 200.0, 200.0, 200.0, 200.0, 200.0, 200.0, 200.0, 200.0, 200.0, 200.0, 200.0, 200.0, 200.0, 200.0, 200.0, 200.0, 200.0, 200.0, 200.0]",1,2943.05,38.7303,1.42964,0.460167,0.8,"[11.3566, 12.9206, 16.8738, 82.2894, 51.4824, 32.9918, 25.5809, 19.7891, 15.54, 12.5196, 10.376, 8.83021, 7.69059, 6.83181, 5.65814, 4.67847, 4.20981, 4.06273, 4.18658]",-0.458333,"[33.1287, 31.107, 34.5514, 34.3568]",0.346713
1.0,0.243221,0.0,0.0,5.79,0.0,1970.44,12.8804,93.9892,2,"[200.0, 200.0, 200.0, 200.0, 200.0, 200.0, 200.0, 200.0, 200.0, 200.0, 200.0, 200.0, 200.0, 200.0, 200.0, 200.0, 200.0, 200.0, 200.0, 200.0, 200.0, 200.0, 200.0, 200.0, 200.0, 200.0, 200.0, 200.0, 200.0, 200.0, 200.0, 200.0, 200.0, 200.0, 200.0, 200.0]",1,2899.03,38.971,2.03417,0.477908,0.8,"[11.3803, 12.9097, 16.7722, 83.1415, 52.2739, 33.5825, 26.0255, 20.0894, 15.7242, 12.6239, 10.4294, 8.85195, 7.69248, 6.82095, 5.63308, 4.64364, 4.16893, 4.01538, 4.1299]",-0.464703,"[33.846, 31.0786, 34.771, 33.1084]",0.345677
1.0,0.233847,0.0,0.0,5.812,0.0,1970.66,13.1046,93.989,2,"[200.0, 200.0, 200.0, 200.0, 200.0, 200.0, 200.0, 200.0, 200.0, 200.0, 200.0, 200.0, 200.0, 200.0, 200.0, 200.0, 200.0, 200.0, 200.0, 200.0, 200.0, 200.0, 200.0, 200.0, 200.0, 200.0, 200.0, 200.0, 200.0, 200.0, 200.0, 200.0, 200.0, 200.0, 200.0, 200.0]",1,2934.66,39.2629,2.33985,0.428525,0.061,"[11.3945, 12.8793, 16.6274, 84.1967, 53.282, 34.3653, 26.6341, 20.5181, 16.0033, 12.7967, 10.5327, 8.91101, 7.7231, 6.83288, 5.62338, 4.61849, 4.13477, 3.97289, 4.07661]",-0.470478,"[34.6753, 31.7555, 35.2409, 33.3327]",0.346415
1.0,0.226345,0.0,0.0,5.834,0.0,1970.89,13.3311,93.9889,2,"[200.0, 200.0, 200.0, 200.0, 200.0, 200.0, 200.0, 200.0, 200.0, 200.0, 200.0, 200.0, 200.0, 200.0, 200.0, 200.0, 200.0, 200.0, 200.0, 200.0, 200.0, 200.0, 200.0, 200.0, 200.0, 200.0, 200.0, 200.0, 200.0, 200.0, 200.0, 200.0, 200.0, 200.0, 200.0, 200.0]",1,2978.21,39.6935,1.78467,0.321807,0.062,"[11.4148, 12.8656, 16.5289, 34.9767, 54.0811, 34.984, 27.1122, 20.8502, 16.2131, 12.9201, 10.6006, 8.94408, 7.73436, 6.83011, 5.60496, 4.58938, 4.09939, 3.93126, 4.02634]",-0.476145,"[34.4035, 32.3168, 35.3048, 34.351]",0.347025
1.0,0.224451,0.0,0.0,5.856,0.0,1971.12,13.5591,93.9887,2,"[200.0, 200.0, 200.0, 200.0, 200.0, 200.0, 200.0, 200.0, 200.0, 200.0, 200.0, 200.0, 200.0, 200.0, 200.0, 200.0, 200.0, 200.0, 200.0, 200.0, 200.0, 200.0, 200.0, 200.0, 200.0, 200.0, 200.0, 200.0, 200.0, 200.0, 200.0, 200.0, 200.0, 200.0, 200.0, 200.0]",1,2987.24,40.1183,0.976436,0.464879,0.064,"[11.4572, 12.9051, 16.5637, 34.6191, 54.2202, 35.0461, 27.1282, 20.8265, 16.1636, 12.8583, 10.5348, 8.87885, 7.67145, 6.77007, 5.55036, 4.54043, 4.05307, 3.88483, 3.97696]",-0.482365,"[34.0803, 33.3346, 35.0404, 34.8158]",0.344341
1.0,0.22547,0.0,0.0,5.878,0.0,1971.35,13.7885,93.9885,2,"[200.0, 200.0, 200.0, 200.0, 200.0, 200.0, 200.0, 200.0, 200.0, 200.0, 200.0, 200.0, 200.0, 200.0, 200.0, 200.0, 200.0, 200.0, 200.0, 200.0, 200.0, 200.0, 200.0, 200.0, 200.0, 200.0, 200.0, 200.0, 200.0, 200.0, 200.0, 200.0, 200.0, 200.0, 200.0, 200.0]",1,3032.36,40.515,0.654564,0.624684,0.064,"[11.5126, 12.974, 16.6694, 35.9071, 54.0109, 34.8099, 26.8941, 20.6087, 15.9719, 12.6942, 10.3951, 8.75883, 7.56689, 6.67757, 5.47476, 4.47935, 3.99936, 3.83424, 3.92625]",-0.489088,"[34.2509, 33.8226, 35.6284, 35.2288]",0.34344
1.0,0.226913,0.0,0.0,5.9,0.0,1971.58,14.0197,93.9882,2,"[200.0, 200.0, 200.0, 200.0, 200.0, 200.0, 200.0, 200.0, 200.0, 200.0, 200.0, 200.0, 200.0, 200.0, 200.0, 200.0, 200.0, 200.0, 200.0, 200.0, 200.0, 200.0, 200.0, 200.0, 200.0, 200.0, 200.0, 200.0, 200.0, 200.0, 200.0, 200.0, 200.0, 200.0, 200.0, 200.0]",1,3120.68,40.9015,0.572294,0.424294,0.065,"[11.5713, 13.0489, 16.7883, 84.8769, 53.7474, 34.5255, 26.6186, 20.3583, 15.7556, 12.512, 10.2419, 8.62848, 7.45417, 6.57844, 5.39449, 4.4151, 3.9433, 3.78177, 3.87399]",-0.496055,"[34.5448, 34.1406, 36.6287, 36.2586]",0.347606
1.0,0.228166,0.0,0.0,5.922,0.0,1971.81,14.2528,93.988,2,"[200.0, 200.0, 200.0, 200.0, 200.0, 200.0, 200.0, 200.0, 200.0, 200.0, 200.0, 200.0, 200.0, 200.0, 200.0, 200.0, 200.0, 200.0, 200.0, 200.0, 200.0, 200.0, 200.0, 200.0, 200.0, 200.0, 200.0, 200.0, 200.0, 200.0, 200.0, 200.0, 200.0, 200.0, 200.0, 200.0]",1,3088.59,41.3431,0.525115,0.197777,0.065,"[11.6307, 13.1238, 16.9056, 84.6978, 53.5029, 34.2553, 26.3539, 20.1152, 15.544, 12.3326, 10.0902, 8.49882, 7.3416, 6.47913, 5.31364, 4.35, 3.88619, 3.7281, 3.82028]",-0.503188,"[34.9786, 34.4511, 35.8929, 36.3868]",0.348637
1.0,0.229294,0.0,0.0,5.944,0.0,1972.05,14.4882,93.9877,2,"[200.0, 200.0, 200.0, 200.0, 200.0, 200.0, 200.0, 200.0, 200.0, 200.0, 200.0, 200.0, 200.0, 200.0, 200.0, 200.0, 200.0, 200.0, 200.0, 200.0, 200.0, 200.0, 200.0, 200.0, 200.0, 200.0, 200.0, 200.0, 200.0, 200.0, 200.0, 200.0, 200.0, 200.0, 200.0, 200.0]",1,3090.83,41.7623,0.500597,0.415588,0.066,"[11.691, 13.1991, 17.0226, 84.5318, 53.27, 33.993, 26.0947, 19.8754, 15.3342, 12.1541, 9.93866, 8.36896, 7.22862, 6.37922, 5.23202, 4.28401, 3.82813, 3.67334, 3.76532]",-0.510468,"[35.323, 34.8418, 36.0383, 36.3528]",0.343603
1.0,0.228311,0.0,0.0,5.966,0.0,1972.29,14.7258,93.9875,2,"[200.0, 200.0, 200.0, 200.0, 200.0, 200.0, 200.0, 200.0, 200.0, 200.0, 200.0, 200.0, 200.0, 200.0, 200.0, 200.0, 200.0, 200.0, 200.0, 200.0, 200.0, 200.0, 200.0, 200.0, 200.0, 200.0, 200.0, 200.0, 200.0, 200.0, 200.0, 200.0, 200.0, 200.0, 200.0, 200.0]",1,3140.02,42.1091,1.0867,0.656028,0.8,"[11.7435, 13.2547, 17.0891, 84.612, 53.2879, 33.9413, 26.0087, 19.7669, 15.2181, 12.0411, 9.83366, 8.27285, 7.14078, 6.29853, 5.1623, 4.22432, 3.77332, 3.61973, 3.7095]",-0.517628,"[35.9164, 34.5271, 37.2631, 36.1447]",0.342149
1.0,0.223036,0.0,0.0,5.988,0.0,1972.53,14.9661,93.9872,2,"[200.0, 200.0, 200.0, 200.0, 200.0, 200.0, 200.0, 200.0, 200.0, 200.0, 200.0, 200.0, 200.0, 200.0, 200.0, 200.0, 200.0, 200.0, 200.0, 200.0, 200.0, 200.0, 200.0, 200.0, 200.0, 200.0, 200.0, 200.0, 200.0, 200.0, 200.0, 200.0, 200.0, 200.0, 200.0, 200.0]",1,3253.03,42.3787,1.58784,0.512781,0.8,"[11.7779, 13.2675, 17.0491, 85.1949, 53.8237, 34.3304, 26.2882, 19.9365, 15.3012, 12.0682, 9.82826, 8.24948, 7.10762, 6.26008, 5.11943, 4.17975, 3.72735, 3.57067, 3.65441]",-0.524252,"[36.3002, 34.0663, 37.9879, 38.0169]",0.345545
1.0,0.213764,0.0,0.0,6.01,0.0,1972.77,15.2083,93.987,2,"[200.0, 200.0, 200.0, 200.0, 200.0, 200.0, 200.0, 200.0, 200.0, 200.0, 200.0, 200.0, 200.0, 200.0, 200.0, 200.0, 200.0, 200.0, 200.0, 200.0, 200.0, 200.0, 200.0, 200.0, 200.0, 200.0, 200.0, 200.0, 200.0, 200.0, 200.0, 200.0, 200.0, 200.0, 200.0, 200.0]",1,3293.47,42.6277,2.07045,0.413356,0.8,"[11.7958, 13.2412, 16.9137, 34.0586, 54.8492, 35.146, 26.9263, 20.3816, 15.582, 12.2336, 9.92067, 8.2971, 7.12761, 6.26254, 5.10259, 4.15, 3.6903, 3.52663, 3.60094]",-0.5303,"[37.2112, 33.8745, 38.4166, 38.7151]",0.346688
1.0,0.202598,0.0,0.0,6.032,0.0,1973.01,15.4532,93.9867,2,"[200.0, 200.0, 200.0, 200.0, 200.0, 200.0, 200.0, 200.0, 200.0, 200.0, 200.0, 200.0, 200.0, 200.0, 200.0, 200.0, 200.0, 200.0, 200.0, 200.0, 200.0, 200.0, 200.0, 200.0, 200.0, 200.0, 200.0, 200.0, 200.0, 200.0, 200.0, 200.0, 200.0, 200.0, 200.0, 200.0]",1,3233.15,43.0095,2.33225,0.34595,0.071,"[11.8048, 13.1958, 16.7367, 31.3995, 56.1178, 36.1887, 27.7642, 20.9866, 15.98, 12.4814, 10.0712, 8.38698, 7.17934, 6.28967, 5.10192, 4.13022, 3.66011, 3.48759, 3.55109]",-0.535766,"[38.0715, 34.6845, 38.7926, 36.804]",0.346596
1.0,0.193908,0.0,0.0,6.054,0.0,1973.26,15.7007,93.9865,2,"[200.0, 200.0, 200.0, 200.0, 200.0, 200.0, 200.0, 200.0, 200.0, 200.0, 200.0, 200.0, 200.0, 200.0, 200.0, 200.0, 200.0, 200.0, 200.0, 200.0, 200.0, 200.0, 200.0, 200.0, 200.0, 200.0, 200.0, 200.0, 200.0, 200.0, 200.0, 200.0, 200.0, 200.0, 200.0, 200.0]",1,3268.55,43.4825,1.80574,0.23002,0.071,"[11.8208, 13.1712, 16.6168, 30.0222, 57.0987, 36.9966, 28.4137, 21.4527, 16.281, 12.6623, 10.175, 8.44352, 7.20676, 6.29874, 5.09093, 4.10604, 3.62882, 3.44989, 3.50504]",-0.541028,"[37.7877, 35.368, 38.8131, 37.6059]",0.347991
1.0,0.190625,0.0,0.0,6.076,0.0,1973.51,15.9502,93.9862,2,"[200.0, 200.0, 200.0, 200.0, 200.0, 200.0, 200.0, 200.0, 200.0, 200.0, 200.0, 200.0, 200.0, 200.0, 200.0, 200.0, 200.0, 200.0, 200.0, 200.0, 200.0, 200.0, 200.0, 200.0, 200.0, 200.0, 200.0, 200.0, 200.0, 200.0, 200.0, 200.0, 200.0, 200.0, 200.0, 200.0]",1,3274.93,43.9485,1.16426,0.17895,0.072,"[11.8553, 13.1943, 16.6158, 29.7115, 57.4248, 37.2322, 28.5787, 21.5434, 16.3112, 12.6539, 10.146, 8.40467, 7.16375, 6.25438, 5.04708, 4.06435, 3.58806, 3.40811, 3.45976]",-0.546685,"[37.5314, 36.3236, 38.3766, 38.3774]",0.346364
1.0,0.19052,0.0,0.0,6.098,0.0,1973.76,16.2017,93.986,2,"[200.0, 200.0, 200.0, 200.0, 200.0, 200.0, 200.0, 200.0, 200.0, 200.0, 200.0, 200.0, 200.0, 200.0, 200.0, 200.0, 200.0, 200.0, 200.0, 200.0, 200.0, 200.0, 200.0, 200.0, 200.0, 200.0, 200.0, 200.0, 200.0, 200.0, 200.0, 200.0, 200.0, 200.0, 200.0, 200.0]",1,3318.52,44.3902,0.782994,0.324491,0.073,"[11.9017, 13.2465, 16.6849, 29.9181, 57.3616, 37.1214, 28.4469, 21.401, 16.1718, 12.5266, 10.0333, 8.30552, 7.07594, 6.17579, 4.98178, 4.01066, 3.54022, 3.36246, 3.41336]",-0.552761,"[37.6377, 36.9485, 39.0966, 38.4598]",0.342825
1.0,0.191678,0.0,0.0,6.12,0.0,1974.02,16.4551,93.9857,2,"[200.0, 200.0, 200.0, 200.0, 200.0, 200.0, 200.0, 200.0, 200.0, 200.0, 200.0, 200.0, 200.0, 200.0, 200.0, 200.0, 200.0, 200.0, 200.0, 200.0, 200.0, 200.0, 200.0, 200.0, 200.0, 200.0, 200.0, 200.0, 200.0, 200.0, 200.0, 200.0, 200.0, 200.0, 200.0, 200.0]",1,3482.62,44.7804,0.665221,0.402893,0.074,"[11.9537, 13.3113, 16.7833, 30.3453, 57.1409, 36.869, 28.193, 21.1623, 15.9622, 12.3498, 9.88565, 8.18095, 6.96914, 6.08251, 4.90703, 3.95142, 3.48881, 3.31452, 3.36571]",-0.559103,"[37.8838, 37.3772, 41.6741, 39.5948]",0.342544
1.0,0.192871,0.0,0.0,6.142,0.0,1974.27,16.7106,93.9855,2,"[200.0, 200.0, 200.0, 200.0, 200.0, 200.0, 200.0, 200.0, 200.0, 200.0, 200.0, 200.0, 200.0, 200.0, 200.0, 200.0, 200.0, 200.0, 200.0, 200.0, 200.0, 200.0, 200.0, 200.0, 200.0, 200.0, 200.0, 200.0, 200.0, 200.0, 200.0, 200.0, 200.0, 200.0, 200.0, 200.0]",1,3434.68,45.2682,0.6198,0.244874,0.075,"[12.0071, 13.3779, 16.8849, 30.8064, 56.913, 36.6083, 27.9308, 20.9161, 15.7464, 12.1683, 9.73415, 8.0533, 6.85972, 5.98697, 4.83046, 3.89072, 3.43612, 3.26537, 3.31684]",-0.565608,"[38.2836, 37.7026, 39.854, 40.5073]",0.345689
1.0,0.193688,0.0,0.0,6.164,0.0,1974.53,16.9686,93.9852,2,"[200.0, 200.0, 200.0, 200.0, 200.0, 200.0, 200.0, 200.0, 200.0, 200.0, 200.0, 200.0, 200.0, 200.0, 200.0, 200.0, 200.0, 200.0, 200.0, 200.0, 200.0, 200.0, 200.0, 200.0, 200.0, 200.0, 200.0, 200.0, 200.0, 200.0, 200.0, 200.0, 200.0, 200.0, 200.0, 200.0]",1,3393.12,45.7488,0.57716,0.196148,0.075,"[12.0606, 13.4429, 16.9808, 31.2284, 56.7282, 36.3835, 27.6978, 20.6914, 15.545, 11.9958, 9.58844, 7.92926, 6.75253, 5.89279, 4.75425, 3.82967, 3.3827, 3.21516, 3.26655]",-0.572265,"[38.738, 38.0754, 39.651, 39.6282]",0.347989
1.0,0.194743,0.0,0.0,6.186,0.0,1974.79,17.229,93.985,2,"[200.0, 200.0, 200.0, 200.0, 200.0, 200.0, 200.0, 200.0, 200.0, 200.0, 200.0, 200.0, 200.0, 200.0, 200.0, 200.0, 200.0, 200.0, 200.0, 200.0, 200.0, 200.0, 200.0, 200.0, 200.0, 200.0, 200.0, 200.0, 200.0, 200.0, 200.0, 200.0, 200.0, 200.0, 200.0, 200.0]",1,3459.77,46.182,0.577096,0.386108,0.076,"[12.1158, 13.511, 17.0836, 31.7243, 56.5118, 36.1293, 27.4387, 20.4457, 15.3282, 11.8125, 9.43495, 7.79949, 6.64097, 5.79511, 4.67564, 3.76702, 3.32808, 3.16401, 3.21548]",-0.579042,"[39.1081, 38.4991, 40.7306, 39.9226]",0.343786
1.0,0.19573,0.0,0.0,6.208,0.0,1975.05,17.4915,93.9847,2,"[200.0, 200.0, 200.0, 200.0, 200.0, 200.0, 200.0, 200.0, 200.0, 200.0, 200.0, 200.0, 200.0, 200.0, 200.0, 200.0, 200.0, 200.0, 200.0, 200.0, 200.0, 200.0, 200.0, 200.0, 200.0, 200.0, 200.0, 200.0, 200.0, 200.0, 200.0, 200.0, 200.0, 200.0, 200.0, 200.0]",1,3488.44,46.6326,0.578511,0.443694,0.077,"[12.1716, 13.5796, 17.1866, 32.2419, 56.3015, 35.8788, 27.1819, 20.201, 15.1117, 11.6291, 9.28105, 7.66921, 6.52879, 5.69681, 4.59637, 3.70371, 3.27278, 3.11213, 3.16358]",-0.585918,"[39.4558, 38.8401, 41.7516, 40.4353]",0.342425
1.0,0.196635,0.0,0.0,6.23,0.0,1975.32,17.7565,93.9844,2,"[200.0, 200.0, 200.0, 200.0, 200.0, 200.0, 200.0, 200.0, 200.0, 200.0, 200.0, 200.0, 200.0, 200.0, 200.0, 200.0, 200.0, 200.0, 200.0, 200.0, 200.0, 200.0, 200.0, 200.0, 200.0, 200.0, 200.0, 200.0, 200.0, 200.0, 200.0, 200.0, 200.0, 200.0, 200.0, 200.0]",1,3564.77,47.0793,0.57046,0.417747,0.078,"[12.2281, 13.6486, 17.2896, 32.7815, 56.0988, 35.6333, 26.9281, 19.9577, 14.8955, 11.4455, 9.12673, 7.53831, 6.41595, 5.59779, 4.51635, 3.63963, 3.21671, 3.05942, 3.11074]",-0.59291,"[39.8782, 39.1882, 41.5373, 41.7732]",0.345368
1.0,0.195934,0.0,0.0,6.252,0.0,1975.58,18.0239,93.9842,2,"[200.0, 200.0, 200.0, 200.0, 200.0, 200.0, 200.0, 200.0, 200.0, 200.0, 200.0, 200.0, 200.0, 200.0, 200.0, 200.0, 200.0, 200.0, 200.0, 200.0, 200.0, 200.0, 200.0, 200.0, 200.0, 200.0, 200.0, 200.0, 200.0, 200.0, 200.0, 200.0, 200.0, 200.0, 200.0, 200.0]",1,3558.07,47.5159,0.974088,0.351531,0.8,"[12.2795, 13.7036, 17.3569, 32.9576, 56.0937, 35.5607, 26.8197, 19.8248, 14.7564, 11.3139, 9.0079, 7.43236, 6.32119, 5.5123, 4.44443, 3.5797, 3.16272, 3.00741, 3.05735]",-0.599848,"[40.3319, 39.0426, 41.7818, 41.4706]",0.345155
1.0,0.191693,0.0,0.0,6.274,0.0,1975.85,18.2939,93.9839,2,"[200.0, 200.0, 200.0, 200.0, 200.0, 200.0, 200.0, 200.0, 200.0, 200.0, 200.0, 200.0, 200.0, 200.0, 200.0, 200.0, 200.0, 200.0, 200.0, 200.0, 200.0, 200.0, 200.0, 200.0, 200.0, 200.0, 200.0, 200.0, 200.0, 200.0, 200.0, 200.0, 200.0, 200.0, 200.0, 200.0]",1,3601.85,47.8569,1.46447,0.275448,0.8,"[12.3173, 13.7248, 17.3412, 32.3068, 56.5318, 35.8827, 27.0459, 19.948, 14.7973, 11.3047, 8.9732, 7.38613, 6.27039, 5.46022, 4.39337, 3.53147, 3.11572, 2.95932, 3.00526]",-0.606357,"[40.5745, 38.3809, 42.7344, 41.4638]",0.345735
1.0,0.184287,0.0,0.0,6.296,0.0,1976.13,18.5663,93.9836,2,"[200.0, 200.0, 200.0, 200.0, 200.0, 200.0, 200.0, 200.0, 200.0, 200.0, 200.0, 200.0, 200.0, 200.0, 200.0, 200.0, 200.0, 200.0, 200.0, 200.0, 200.0, 200.0, 200.0, 200.0, 200.0, 200.0, 200.0, 200.0, 200.0, 200.0, 200.0, 200.0, 200.0, 200.0, 200.0, 200.0]",1,3682.79,48.1419,1.87359,0.201588,0.8,"[12.3426, 13.7155, 17.2526, 31.14, 57.3713, 36.5692, 27.586, 20.3148, 15.0101, 11.4119, 9.01823, 7.39632, 6.2611, 5.43972, 4.36226, 3.49474, 3.07597, 2.91577, 2.9555]",-0.612354,"[41.3512, 38.3632, 43.4244, 42.7641]",0.346505
1.0,0.173816,0.0,0.0,6.318,0.0,1976.4,18.8412,93.9833,2,"[200.0, 200.0, 200.0, 200.0, 200.0, 200.0, 200.0, 200.0, 200.0, 200.0, 200.0, 200.0, 200.0, 200.0, 200.0, 200.0, 200.0, 200.0, 200.0, 200.0, 200.0, 200.0, 200.0, 200.0, 200.0, 200.0, 200.0, 200.0, 200.0, 200.0, 200.0, 200.0, 200.0, 200.0, 200.0, 200.0]",1,3638.24,48.4984,2.33467,0.358,0.082,"[12.3553, 13.6768, 17.0964, 29.7145, 58.6051, 37.625, 28.4522, 20.9412, 15.4091, 11.6456, 9.14948, 7.46737, 6.29646, 5.45331, 4.35283, 3.47091, 3.04474, 2.87812, 2.90961]",-0.61768,"[42.7131, 39.2045, 43.4766, 41.5936]",0.34367
1.0,0.164743,0.0,0.0,6.34,0.0,1976.68,19.1187,93.9829,2,"[200.0, 200.0, 200.0, 200.0, 200.0, 200.0, 200.0, 200.0, 200.0, 200.0, 200.0, 200.0, 200.0, 200.0, 200.0, 200.0, 200.0, 200.0, 200.0, 200.0, 200.0, 200.0, 200.0, 200.0, 200.0, 200.0, 200.0, 200.0, 200.0, 200.0, 200.0, 200.0, 200.0, 200.0, 200.0, 200.0]",1,3732.79,48.9835,1.79304,0.292188,0.082,"[12.3704, 13.6485, 16.971, 28.7105, 59.6747, 38.5486, 29.2161, 21.4975, 15.7631, 11.8502, 9.26143, 7.5253, 6.32288, 5.46075, 4.34068, 3.44691, 3.01478, 2.84286, 2.86737]",-0.62267,"[42.5139, 39.9056, 44.7212, 42.7118]",0.34521
1.0,0.160579,0.0,0.0,6.362,0.0,1976.96,19.3982,93.9826,2,"[200.0, 200.0, 200.0, 200.0, 200.0, 200.0, 200.0, 200.0, 200.0, 200.0, 200.0, 200.0, 200.0, 200.0, 200.0, 200.0, 200.0, 200.0, 200.0, 200.0, 200.0, 200.0, 200.0, 200.0, 200.0, 200.0, 200.0, 200.0, 200.0, 200.0, 200.0, 200.0, 200.0, 200.0, 200.0, 200.0]",1,3896.58,49.4452,1.17948,-0.0270071,0.083,"[12.4011, 13.6622, 16.9496, 28.3853, 60.1307, 38.9154, 29.4986, 21.6775, 15.8497, 11.8739, 9.25063, 7.49763, 6.28742, 5.422, 4.30067, 3.40812, 2.97664, 2.80369, 2.82488]",-0.628019,"[42.3804, 40.7067, 44.7771, 46.6983]",0.349581
1.0,0.158609,0.0,0.0,6.384,0.0,1977.24,19.6803,93.9823,2,"[200.0, 200.0, 200.0, 200.0, 200.0, 200.0, 200.0, 200.0, 200.0, 200.0, 200.0, 200.0, 200.0, 200.0, 200.0, 200.0, 200.0, 200.0, 200.0, 200.0, 200.0, 200.0, 200.0, 200.0, 200.0, 200.0, 200.0, 200.0, 200.0, 200.0, 200.0, 200.0, 200.0, 200.0, 200.0, 200.0]",1,3715.96,50.0475,0.79576,0.0236656,0.084,"[12.4398, 13.6958, 16.9752, 28.3266, 60.3095, 39.0264, 29.5565, 21.6784, 15.8069, 11.8088, 9.17905, 7.42717, 6.22078, 5.35969, 4.246, 3.36105, 2.93339, 2.7614, 2.7809]",-0.633703,"[42.6183, 41.4697, 43.9077, 43.2282]",0.345567
1.0,0.158832,0.0,0.0,6.406,0.0,1977.53,19.9651,93.9819,2,"[200.0, 200.0, 200.0, 200.0, 200.0, 200.0, 200.0, 200.0, 200.0, 200.0, 200.0, 200.0, 200.0, 200.0, 200.0, 200.0, 200.0, 200.0, 200.0, 200.0, 200.0, 200.0, 200.0, 200.0, 200.0, 200.0, 200.0, 200.0, 200.0, 200.0, 200.0, 200.0, 200.0, 200.0, 200.0, 200.0]",1,3787.69,50.52,0.698179,0.317209,0.085,"[12.4853, 13.7479, 17.0459, 28.5179, 60.2115, 38.8806, 29.3884, 21.4995, 15.6351, 11.6567, 9.04908, 7.31633, 6.1251, 5.27576, 4.1783, 3.30694, 2.88607, 2.71691, 2.73626]",-0.639597,"[42.8135, 42.0566, 44.8134, 43.6856]",0.341593
1.0,0.159631,0.0,0.0,6.428,0.0,1977.81,20.2523,93.9816,2,"[200.0, 200.0, 200.0, 200.0, 200.0, 200.0, 200.0, 200.0, 200.0, 200.0, 200.0, 200.0, 200.0, 200.0, 200.0, 200.0, 200.0, 200.0, 200.0, 200.0, 200.0, 200.0, 200.0, 200.0, 200.0, 200.0, 200.0, 200.0, 200.0, 200.0, 200.0, 200.0, 200.0, 200.0, 200.0, 200.0]",1,3883.34,50.9897,0.650708,0.198988,0.085,"[12.5333, 13.8057, 17.1295, 28.7816, 60.039, 38.6645, 29.1577, 21.2701, 15.4267, 11.4798, 8.9022, 7.19367, 6.02079, 5.18529, 4.10643, 3.25037, 2.83714, 2.6713, 2.69089]",-0.64562,"[43.1762, 42.3888, 44.9217, 45.8074]",0.34628
1.0,0.159991,0.0,0.0,6.45,0.0,1978.1,20.542,93.9813,2,"[200.0, 200.0, 200.0, 200.0, 200.0, 200.0, 200.0, 200.0, 200.0, 200.0, 200.0, 200.0, 200.0, 200.0, 200.0, 200.0, 200.0, 200.0, 200.0, 200.0, 200.0, 200.0, 200.0, 200.0, 200.0, 200.0, 200.0, 200.0, 200.0, 200.0, 200.0, 200.0, 200.0, 200.0, 200.0, 200.0]",1,3918.07,51.4894,0.613685,0.128441,0.086,"[12.581, 13.8612, 17.2061, 29.0025, 59.9196, 38.4955, 28.9667, 21.0704, 15.2382, 11.3152, 8.76293, 7.07567, 5.91943, 5.09668, 4.03526, 3.1937, 2.78768, 2.62489, 2.64439]",-0.651765,"[43.6683, 42.7329, 45.7192, 46.2281]",0.347167
1.0,0.160509,0.0,0.0,6.472,0.0,1978.39,20.8345,93.9809,2,"[200.0, 200.0, 200.0, 200.0, 200.0, 200.0, 200.0, 200.0, 200.0, 200.0, 200.0, 200.0, 200.0, 200.0, 200.0, 200.0, 200.0, 200.0, 200.0, 200.0, 200.0, 200.0, 200.0, 200.0, 200.0, 200.0, 200.0, 200.0, 200.0, 200.0, 200.0, 200.0, 200.0, 200.0, 200.0, 200.0]",1,3890.43,52.018,0.605356,0.0895708,0.087,"[12.6301, 13.9188, 17.2871, 29.2492, 59.7786, 38.305, 28.7556, 20.8536, 15.0367, 11.1414, 8.61725, 6.95304, 5.81456, 5.0053, 3.96217, 3.13572, 2.73722, 2.57764, 2.59714]",-0.658018,"[44.0869, 43.2698, 45.7122, 45.2393]",0.343542
1.0,0.161361,0.0,0.0,6.494,0.0,1978.69,21.1296,93.9806,2,"[200.0, 200.0, 200.0, 200.0, 200.0, 200.0, 200.0, 200.0, 200.0, 200.0, 200.0, 200.0, 200.0, 200.0, 200.0, 200.0, 200.0, 200.0, 200.0, 200.0, 200.0, 200.0, 200.0, 200.0, 200.0, 200.0, 200.0, 200.0, 200.0, 200.0, 200.0, 200.0, 200.0, 200.0, 200.0, 200.0]",1,3937.27,52.5119,0.639647,0.207273,0.088,"[12.6806, 13.9799, 17.376, 29.5449, 59.5935, 38.0724, 28.5068, 20.6064, 14.8134, 10.9531, 8.46181, 6.82369, 5.70481, 4.9102, 3.88672, 3.07633, 2.68582, 2.5297, 2.54941]",-0.66435,"[44.4853, 43.7103, 46.0848, 45.9229]",0.343994
1.0,0.161971,0.0,0.0,6.516,0.0,1978.99,21.4272,93.9802,2,"[200.0, 200.0, 200.0, 200.0, 200.0, 200.0, 200.0, 200.0, 200.0, 200.0, 200.0, 200.0, 200.0, 200.0, 200.0, 200.0, 200.0, 200.0, 200.0, 200.0, 200.0, 200.0, 200.0, 200.0, 200.0, 200.0, 200.0, 200.0, 200.0, 200.0, 200.0, 200.0, 200.0, 200.0, 200.0, 200.0]",1,3979.46,53.0134,0.647973,0.29777,0.089,"[12.7311, 14.0397, 17.4612, 29.8189, 59.4376, 37.8652, 28.2789, 20.3743, 14.6, 10.7709, 8.31008, 6.69658, 5.59643, 4.81594, 3.81152, 3.01681, 2.63407, 2.48126, 2.50099]",-0.67076,"[44.9384, 44.0904, 46.6724, 46.3635]",0.343915
1.0,0.162726,0.0,0.0,6.538,0.0,1979.29,21.7275,93.9799,2,"[200.0, 200.0, 200.0, 200.0, 200.0, 200.0, 200.0, 200.0, 200.0, 200.0, 200.0, 200.0, 200.0, 200.0, 200.0, 200.0, 200.0, 200.0, 200.0, 200.0, 200.0, 200.0, 200.0, 200.0, 200.0, 200.0, 200.0, 200.0, 200.0, 200.0, 200.0, 200.0, 200.0, 200.0, 200.0, 200.0]",1,4084.71,53.4974,0.644742,0.224646,0.089,"[12.7827, 14.1016, 17.5506, 30.1217, 59.2613, 37.6375, 28.0319, 20.1263, 14.3746, 10.5805, 8.15274, 6.56544, 5.48502, 4.71931, 3.73469, 2.95615, 2.58144, 2.43208, 2.4519]",-0.677263,"[45.3198, 44.519, 48.2086, 47.1929]",0.343361
1.0,0.163384,0.0,0.0,6.56,0.0,1979.59,22.0304,93.9796,2,"[200.0, 200.0, 200.0, 200.0, 200.0, 200.0, 200.0, 200.0, 200.0, 200.0, 200.0, 200.0, 200.0, 200.0, 200.0, 200.0, 200.0, 200.0, 200.0, 200.0, 200.0, 200.0, 200.0, 200.0, 200.0, 200.0, 200.0, 200.0, 200.0, 200.0, 200.0, 200.0, 200.0, 200.0, 200.0, 200.0]",1,4083.39,54.0315,0.627751,0.098764,0.09,"[12.8349, 14.1637, 17.6395, 30.4225, 59.0953, 37.4174, 27.79, 19.8807, 14.1501, 10.3901, 7.99497, 6.43373, 5.37291, 4.62195, 3.65709, 2.89477, 2.52808, 2.38213, 2.40195]",-0.683873,"[45.746, 44.9208, 47.7336, 47.8727]",0.345937
1.0,0.162506,0.0,0.0,6.582,0.0,1979.9,22.3362,93.9792,2,"[200.0, 200.0, 200.0, 200.0, 200.0, 200.0, 200.0, 200.0, 200.0, 200.0, 200.0, 200.0, 200.0, 200.0, 200.0, 200.0, 200.0, 200.0, 200.0, 200.0, 200.0, 200.0, 200.0, 200.0, 200.0, 200.0, 200.0, 200.0, 200.0, 200.0, 200.0, 200.0, 200.0, 200.0, 200.0, 200.0]",1,4071.63,54.5221,1.02944,0.181274,0.8,"[12.8828, 14.2131, 17.6961, 30.5118, 59.1253, 37.3776, 27.7043, 19.755, 14.007, 10.2518, 7.87098, 6.3247, 5.27677, 4.53626, 3.58631, 2.83681, 2.47647, 2.33286, 2.35176]",-0.690439,"[46.2427, 44.8026, 48.0905, 47.1222]",0.346202
1.0,0.157299,0.0,0.0,6.604,0.0,1980.2,22.6447,93.9789,2,"[200.0, 200.0, 200.0, 200.0, 200.0, 200.0, 200.0, 200.0, 200.0, 200.0, 200.0, 200.0, 200.0, 200.0, 200.0, 200.0, 200.0, 200.0, 200.0, 200.0, 200.0, 200.0, 200.0, 200.0, 200.0, 200.0, 200.0, 200.0, 200.0, 200.0, 200.0, 200.0, 200.0, 200.0, 200.0, 200.0]",1,4249.85,54.8082,1.69106,0.269322,0.8,"[12.9155, 14.2227, 17.6566, 30.0024, 59.7167, 37.8634, 28.0801, 19.9899, 14.1126, 10.2747, 7.85247, 6.28776, 5.23226, 4.48909, 3.5392, 2.79223, 2.4332, 2.28881, 2.3043]",-0.696442,"[46.6212, 43.9584, 49.84, 48.7711]",0.341712
1.0,0.147318,0.0,0.0,6.626,0.0,1980.52,22.9552,93.9785,2,"[200.0, 200.0, 200.0, 200.0, 200.0, 200.0, 200.0, 200.0, 200.0, 200.0, 200.0, 200.0, 200.0, 200.0, 200.0, 200.0, 200.0, 200.0, 200.0, 200.0, 200.0, 200.0, 200.0, 200.0, 200.0, 200.0, 200.0, 200.0, 200.0, 200.0, 200.0, 200.0, 200.0, 200.0, 200.0, 200.0]",1,4265.72,55.1975,1.83786,0.130733,0.8,"[12.9326, 14.1901, 17.516, 28.9701, 60.9301, 38.9421, 28.9858, 20.6464, 14.5112, 10.4861, 7.95559, 6.33278, 5.24585, 4.48499, 3.51833, 2.76243, 2.3992, 2.25066, 2.26013]",-0.701819,"[47.3078, 43.8323, 50.4051, 48.9975]",0.34603
1.0,0.135969,0.0,0.0,6.648,0.0,1980.83,23.2682,93.9781,2,"[200.0, 200.0, 200.0, 200.0, 200.0, 200.0, 200.0, 200.0, 200.0, 200.0, 200.0, 200.0, 200.0, 200.0, 200.0, 200.0, 200.0, 200.0, 200.0, 200.0, 200.0, 200.0, 200.0, 200.0, 200.0, 200.0, 200.0, 200.0, 200.0, 200.0, 200.0, 200.0, 200.0, 200.0, 200.0, 200.0]",1,4527.64,55.5802,1.67555,-0.129276,0.094,"[12.9452, 14.1462, 17.3513, 27.9385, 62.3276, 40.2123, 30.0764, 21.4636, 15.028, 10.7737, 8.10658, 6.40922, 5.28134, 4.49707, 3.50747, 2.73869, 2.36949, 2.21589, 2.21877]",-0.706818,"[48.676, 44.4379, 51.5936, 54.1257]",0.348417
1.0,0.12588,0.0,0.0,6.67,0.0,1981.14,23.5834,93.978,3,"[200.0, 200.0, 200.0, 200.0, 200.0, 200.0, 200.0, 200.0, 200.0, 200.0, 200.0, 200.0, 200.0, 200.0, 200.0, 200.0, 200.0, 200.0, 200.0, 200.0, 200.0, 200.0, 200.0, 200.0, 200.0, 200.0, 200.0, 200.0, 200.0, 200.0, 200.0, 200.0, 200.0, 200.0, 200.0, 200.0]",1,3285.17,55.8089,1.2589,0.0265179,0.094,"[12.9602, 14.1118, 17.2143, 27.1448, 63.5698, 41.3524, 31.0655, 22.2157, 15.5081, 11.0392, 8.24309, 6.47593, 5.31024, 4.50471, 3.49482, 2.71509, 2.34097, 2.18313, 2.18032]",-0.711525,"[48.3638, 45.5935, 48.8891, 45.7154]",0.342751
1.0,0.122579,0.0,0.0,6.692,0.0,1981.46,23.8984,93.978,3,"[200.0, 200.0, 200.0, 200.0, 200.0, 200.0, 200.0, 200.0, 200.0, 200.0, 200.0, 200.0, 200.0, 200.0, 200.0, 200.0, 200.0, 200.0, 200.0, 200.0, 200.0, 200.0, 200.0, 200.0, 200.0, 200.0, 200.0, 200.0, 200.0, 200.0, 200.0, 200.0, 200.0, 200.0, 200.0, 200.0]",1,3293.73,55.807,0.836478,0.111726,0.095,"[12.9904, 14.1286, 17.2062, 26.9792, 63.9408, 41.6628, 31.3104, 22.3695, 15.5686, 11.0362, 8.21, 6.43161, 5.26306, 4.45793, 3.45147, 2.67648, 2.3049, 2.14748, 2.1429]",-0.716365,"[47.6812, 46.1959, 48.0282, 46.5765]",0.344873
1.0,0.121639,0.0,0.0,6.714,0.0,1981.77,24.2133,93.978,3,"[200.0, 200.0, 200.0, 200.0, 200.0, 200.0, 200.0, 200.0, 200.0, 200.0, 200.0, 200.0, 200.0, 200.0, 200.0, 200.0, 200.0, 200.0, 200.0, 200.0, 200.0, 200.0, 200.0, 200.0, 200.0, 200.0, 200.0, 200.0, 200.0, 200.0, 200.0, 200.0, 200.0, 200.0, 200.0, 200.0]",1,3302.23,55.7949,0.698396,-0.0842574,0.096,"[13.026, 14.1632, 17.2422, 27.0136, 64.0076, 41.6804, 31.2895, 22.306, 15.4742, 10.9337, 8.11394, 6.34616, 5.18771, 4.39098, 3.39666, 2.63211, 2.26575, 2.11037, 2.10537]",-0.721302,"[47.4919, 46.3112, 47.8781, 46.739]",0.347484
1.0,0.121299,0.0,0.0,6.736,0.0,1982.09,24.5277,93.978,3,"[200.0, 200.0, 200.0, 200.0, 200.0, 200.0, 200.0, 200.0, 200.0, 200.0, 200.0, 200.0, 200.0, 200.0, 200.0, 200.0, 200.0, 200.0, 200.0, 200.0, 200.0, 200.0, 200.0, 200.0, 200.0, 200.0, 200.0, 200.0, 200.0, 200.0, 200.0, 200.0, 200.0, 200.0, 200.0, 200.0]",1,3310.66,55.7775,0.664675,-0.116968,0.096,"[13.063, 14.2024, 17.2895, 27.0982, 63.997, 41.6226, 31.1997, 22.1854, 15.3386, 10.8044, 8.00105, 6.24981, 5.10488, 4.31867, 3.33879, 2.58618, 2.22573, 2.07281, 2.06772]",-0.726276,"[47.4356, 46.3382, 47.8256, 46.7689]",0.344233
1.0,0.121096,0.0,0.0,6.758,0.0,1982.4,24.8419,93.978,3,"[200.0, 200.0, 200.0, 200.0, 200.0, 200.0, 200.0, 200.0, 200.0, 200.0, 200.0, 200.0, 200.0, 200.0, 200.0, 200.0, 200.0, 200.0, 200.0, 200.0, 200.0, 200.0, 200.0, 200.0, 200.0, 200.0, 200.0, 200.0, 200.0, 200.0, 200.0, 200.0, 200.0, 200.0, 200.0, 200.0]",1,3319.02,55.7566,0.684712,0.0462197,0.097,"[13.1002, 14.2425, 17.339, 27.194, 63.9687, 41.5477, 31.0942, 22.0514, 15.1932, 10.6689, 7.88443, 6.15116, 5.02059, 4.24541, 3.28045, 2.5401, 2.18571, 2.03535, 2.03024]",-0.731232,"[47.406, 46.3331, 47.7939, 46.7629]",0.344422
1.0,0.121049,0.0,0.0,6.78,0.0,1982.72,25.156,93.978,3,"[200.0, 200.0, 200.0, 200.0, 200.0, 200.0, 200.0, 200.0, 200.0, 200.0, 200.0, 200.0, 200.0, 200.0, 200.0, 200.0, 200.0, 200.0, 200.0, 200.0, 200.0, 200.0, 200.0, 200.0, 200.0, 200.0, 200.0, 200.0, 200.0, 200.0, 200.0, 200.0, 200.0, 200.0, 200.0, 200.0]",1,3327.32,55.738,0.683585,0.0442875,0.098,"[13.1375, 14.2835, 17.3913, 27.3027, 63.9204, 41.4534, 30.9707, 21.9024, 15.0369, 10.5266, 7.76375, 6.05, 4.93474, 4.17112, 3.22163, 2.49387, 2.14568, 1.99797, 1.99293]",-0.73617,"[47.3679, 46.3366, 47.7595, 46.7667]",0.344608
1.0,0.121022,0.0,0.0,6.802,0.0,1983.03,25.4697,93.978,3,"[200.0, 200.0, 200.0, 200.0, 200.0, 200.0, 200.0, 200.0, 200.0, 200.0, 200.0, 200.0, 200.0, 200.0, 200.0, 200.0, 200.0, 200.0, 200.0, 200.0, 200.0, 200.0, 200.0, 200.0, 200.0, 200.0, 200.0, 200.0, 200.0, 200.0, 200.0, 200.0, 200.0, 200.0, 200.0, 200.0]",1,2978.74,55.7211,0.662038,-0.11215,0.098,"[13.175, 14.3247, 17.444, 27.4138, 63.8692, 41.3558, 30.8435, 21.7495, 14.8773, 10.382, 7.6416, 5.94794, 4.84825, 4.09635, 3.16253, 2.44747, 2.10553, 1.96049, 1.95553]",-0.741121,"[47.3664, 46.3078, 47.7687, 46.7615]",0.345044
1.0,0.120822,0.0,0.0,6.824,0.0,1983.34,25.7839,93.9778,3,"[200.0, 200.0, 200.0, 200.0, 200.0, 200.0, 200.0, 200.0, 200.0, 200.0, 200.0, 200.0, 200.0, 200.0, 200.0, 200.0, 200.0, 200.0, 200.0, 200.0, 200.0, 200.0, 200.0, 200.0, 200.0, 200.0, 200.0, 200.0, 200.0, 200.0, 200.0, 200.0, 200.0, 200.0, 200.0, 200.0]",1,3076.7,55.9724,0.652225,-0.16501,0.099,"[13.2123, 14.3649, 17.4938, 27.5109, 63.84, 41.2789, 30.7347, 21.6107, 14.7267, 10.2426, 7.5225, 5.84772, 4.76297, 4.02243, 3.10384, 2.4012, 2.06537, 1.92292, 1.91795]",-0.746092,"[47.5564, 46.4742, 48.8767, 48.8823]",0.345573
1.0,0.120713,0.0,0.0,6.846,0.0,1983.66,26.0996,93.9775,3,"[200.0, 200.0, 200.0, 200.0, 200.0, 200.0, 200.0, 200.0, 200.0, 200.0, 200.0, 200.0, 200.0, 200.0, 200.0, 200.0, 200.0, 200.0, 200.0, 200.0, 200.0, 200.0, 200.0, 200.0, 200.0, 200.0, 200.0, 200.0, 200.0, 200.0, 200.0, 200.0, 200.0, 200.0, 200.0, 200.0]",1,3058.73,56.287,0.695516,0.0297872,0.1,"[13.2498, 14.4058, 17.5453, 27.6162, 63.799, 41.1901, 30.6144, 21.4618, 14.5684, 10.0981, 7.40034, 5.74562, 4.67642, 3.94759, 3.04464, 2.35466, 2.02507, 1.88528, 1.88035]",-0.751067,"[47.8033, 46.7825, 48.9835, 48.0991]",0.341451
1.0,0.120874,0.0,0.0,6.868,0.0,1983.98,26.417,93.9773,3,"[200.0, 200.0, 200.0, 200.0, 200.0, 200.0, 200.0, 200.0, 200.0, 200.0, 200.0, 200.0, 200.0, 200.0, 200.0, 200.0, 200.0, 200.0, 200.0, 200.0, 200.0, 200.0, 200.0, 200.0, 200.0, 200.0, 200.0, 200.0, 200.0, 200.0, 200.0, 200.0, 200.0, 200.0, 200.0, 200.0]",1,3124.11,56.5586,0.709725,0.0638078,0.1,"[13.2878, 14.4487, 17.6019, 27.7453, 63.7225, 41.0666, 30.4621, 21.2861, 14.391, 9.94185, 7.27109, 5.63908, 4.58697, 3.87076, 2.98437, 2.30765, 1.98454, 1.84755, 1.8428]",-0.756043,"[48.002, 47.0049, 50.3624, 48.7433]",0.343708
1.0,0.120836,0.0,0.0,6.89,0.0,1984.3,26.7357,93.977,3,"[200.0, 200.0, 200.0, 200.0, 200.0, 200.0, 200.0, 200.0, 200.0, 200.0, 200.0, 200.0, 200.0, 200.0, 200.0, 200.0, 200.0, 200.0, 200.0, 200.0, 200.0, 200.0, 200.0, 200.0, 200.0, 200.0, 200.0, 200.0, 200.0, 200.0, 200.0, 200.0, 200.0, 200.0, 200.0, 200.0]",1,3154.39,56.8528,0.669218,-0.102084,0.101,"[13.3258, 14.4905, 17.6553, 27.8588, 63.6714, 40.9666, 30.3302, 21.1258, 14.2231, 9.79077, 7.14467, 5.53417, 4.49843, 3.79444, 2.92423, 2.26051, 1.94378, 1.80952, 1.80485]",-0.761069,"[48.2726, 47.2148, 49.6093, 50.7242]",0.345367
1.0,0.120842,0.0,0.0,6.912,0.0,1984.62,27.056,93.9768,3,"[200.0, 200.0, 200.0, 200.0, 200.0, 200.0, 200.0, 200.0, 200.0, 200.0, 200.0, 200.0, 200.0, 200.0, 200.0, 200.0, 200.0, 200.0, 200.0, 200.0, 200.0, 200.0, 200.0, 200.0, 200.0, 200.0, 200.0, 200.0, 200.0, 200.0, 200.0, 200.0, 200.0, 200.0, 200.0, 200.0]",1,3104.63,57.1943,0.683035,-0.0730322,0.102,"[13.3643, 14.533, 17.7101, 27.9779, 63.6137, 40.8595, 30.1909, 20.958, 14.0488, 9.63531, 7.01532, 5.42719, 4.40842, 3.71698, 2.8633, 2.21285, 1.9026, 1.77111, 1.76653]",-0.766141,"[48.5478, 47.5362, 49.742, 48.8727]",0.346161
1.0,0.121051,0.0,0.0,6.934,0.0,1984.94,27.3779,93.9765,3,"[200.0, 200.0, 200.0, 200.0, 200.0, 200.0, 200.0, 200.0, 200.0, 200.0, 200.0, 200.0, 200.0, 200.0, 200.0, 200.0, 200.0, 200.0, 200.0, 200.0, 200.0, 200.0, 200.0, 200.0, 200.0, 200.0, 200.0, 200.0, 200.0, 200.0, 200.0, 200.0, 200.0, 200.0, 200.0, 200.0]",1,3140.16,57.4835,0.733479,0.0874577,0.102,"[13.4031, 14.577, 17.7687, 28.1156, 63.5292, 40.7259, 30.027, 20.7695, 13.8599, 9.47083, 6.88073, 5.31706, 4.31637, 3.63813, 2.80166, 2.16486, 1.86127, 1.73268, 1.72829]",-0.77121,"[48.8045, 47.7803, 50.3923, 49.2726]",0.34082
1.0,0.121016,0.0,0.0,6.956,0.0,1985.26,27.7014,93.9763,3,"[200.0, 200.0, 200.0, 200.0, 200.0, 200.0, 200.0, 200.0, 200.0, 200.0, 200.0, 200.0, 200.0, 200.0, 200.0, 200.0, 200.0, 200.0, 200.0, 200.0, 200.0, 200.0, 200.0, 200.0, 200.0, 200.0, 200.0, 200.0, 200.0, 200.0, 200.0, 200.0, 200.0, 200.0, 200.0, 200.0]",1,3184.87,57.7724,0.701985,-0.016073,0.103,"[13.4417, 14.6195, 17.8231, 28.2328, 63.4762, 40.6222, 29.8893, 20.601, 13.6836, 9.3135, 6.75029, 5.20942, 4.2259, 3.56032, 2.7405, 2.117, 1.81992, 1.6941, 1.6898]",-0.776306,"[49.0095, 47.9875, 50.5497, 50.8033]",0.344994
1.0,0.121015,0.0,0.0,6.978,0.0,1985.59,28.0264,93.976,3,"[200.0, 200.0, 200.0, 200.0, 200.0, 200.0, 200.0, 200.0, 200.0, 200.0, 200.0, 200.0, 200.0, 200.0, 200.0, 200.0, 200.0, 200.0, 200.0, 200.0, 200.0, 200.0, 200.0, 200.0, 200.0, 200.0, 200.0, 200.0, 200.0, 200.0, 200.0, 200.0, 200.0, 200.0, 200.0, 200.0]",1,3186.98,58.0919,0.674317,-0.152049,0.103,"[13.4808, 14.6627, 17.8787, 28.355, 63.4179, 40.5122, 29.7448, 20.4254, 13.5008, 9.15162, 6.61668, 5.09959, 4.13378, 3.48122, 2.67842, 2.06849, 1.77802, 1.65504, 1.65082]",-0.781466,"[49.3134, 48.2717, 50.5254, 50.6066]",0.346462
1.0,0.121164,0.0,0.0,7.0,0.0,1985.91,28.3529,93.9758,3,"[200.0, 200.0, 200.0, 200.0, 200.0, 200.0, 200.0, 200.0, 200.0, 200.0, 200.0, 200.0, 200.0, 200.0, 200.0, 200.0, 200.0, 200.0, 200.0, 200.0, 200.0, 200.0, 200.0, 200.0, 200.0, 200.0, 200.0, 200.0, 200.0, 200.0, 200.0, 200.0, 200.0, 200.0, 200.0, 200.0]",1,3177.06,58.41,0.7239,-0.0390058,0.104,"[13.5203, 14.7073, 17.9376, 28.4923, 63.3393, 40.3817, 29.5809, 20.2327, 13.3056, 8.98202, 6.47851, 4.98688, 4.03968, 3.4007, 2.61551, 2.01951, 1.73582, 1.61576, 1.6117]",-0.786649,"[49.5989, 48.5531, 50.8456, 49.9989]",0.342012
1.0,0.12118,0.0,0.0,7.022,0.0,1986.24,28.681,93.9755,3,"[200.0, 200.0, 200.0, 200.0, 200.0, 200.0, 200.0, 200.0, 200.0, 200.0, 200.0, 200.0, 200.0, 200.0, 200.0, 200.0, 200.0, 200.0, 200.0, 200.0, 200.0, 200.0, 200.0, 200.0, 200.0, 200.0, 200.0, 200.0, 200.0, 200.0, 200.0, 200.0, 200.0, 200.0, 200.0, 200.0]",1,3208.63,58.7077,0.745337,0.0760983,0.105,"[13.5596, 14.7508, 17.9938, 28.6179, 63.278, 40.2676, 29.4311, 20.0505, 13.1167, 8.81597, 6.34258, 4.87563, 3.94669, 3.32097, 2.55307, 1.97078, 1.69377, 1.57656, 1.57261]",-0.791825,"[49.848, 48.7844, 50.9033, 50.8954]",0.344452
1.0,0.121325,0.0,0.0,7.044,0.0,1986.57,29.0106,93.9753,3,"[200.0, 200.0, 200.0, 200.0, 200.0, 200.0, 200.0, 200.0, 200.0, 200.0, 200.0, 200.0, 200.0, 200.0, 200.0, 200.0, 200.0, 200.0, 200.0, 200.0, 200.0, 200.0, 200.0, 200.0, 200.0, 200.0, 200.0, 200.0, 200.0, 200.0, 200.0, 200.0, 200.0, 200.0, 200.0, 200.0]",1,3229.36,59.0176,0.711506,-0.0684668,0.106,"[13.5995, 14.7957, 18.0532, 28.7576, 63.1989, 40.1351, 29.2633, 19.8521, 12.9154, 8.64221, 6.20184, 4.76131, 3.85151, 3.23965, 2.48961, 1.9214, 1.65125, 1.53697, 1.53318]",-0.797049,"[50.0977, 49.0344, 51.6443, 50.818]",0.345303
1.0,0.120038,0.0,0.0,7.066,0.0,1986.9,29.3418,93.975,3,"[200.0, 200.0, 200.0, 200.0, 200.0, 200.0, 200.0, 200.0, 200.0, 200.0, 200.0, 200.0, 200.0, 200.0, 200.0, 200.0, 200.0, 200.0, 200.0, 200.0, 200.0, 200.0, 200.0, 200.0, 200.0, 200.0, 200.0, 200.0, 200.0, 200.0, 200.0, 200.0, 200.0, 200.0, 200.0, 200.0]",1,3243.26,59.2752,1.11534,-0.161808,0.8,"[13.6358, 14.829, 18.0837, 28.7589, 63.3103, 40.1898, 29.2672, 19.7921, 12.8063, 8.52218, 6.09282, 4.66689, 3.76976, 3.16791, 2.4317, 1.875, 1.61049, 1.49844, 1.49424]",-0.802174,"[50.336, 48.6351, 51.7818, 51.1234]",0.344751
1.0,0.113526,0.0,0.0,7.088,0.0,1987.23,29.6743,93.9748,3,"[200.0, 200.0, 200.0, 200.0, 200.0, 200.0, 200.0, 200.0, 200.0, 200.0, 200.0, 200.0, 200.0, 200.0, 200.0, 200.0, 200.0, 200.0, 200.0, 200.0, 200.0, 200.0, 200.0, 200.0, 200.0, 200.0, 200.0, 200.0, 200.0, 200.0, 200.0, 200.0, 200.0, 200.0, 200.0, 200.0]",1,3269.02,59.3993,1.7081,-0.036994,0.8,"[13.6571, 14.818, 18.0077, 28.2698, 64.121, 40.9399, 29.9165, 20.2637, 13.0582, 8.61474, 6.10904, 4.65171, 3.74195, 3.1352, 2.39707, 1.84175, 1.57823, 1.46572, 1.45915]",-0.806675,"[50.6066, 47.5375, 52.4014, 51.4871]",0.344686
1.0,0.104068,0.0,0.0,7.11,0.0,1987.57,30.0082,93.9745,3,"[200.0, 200.0, 200.0, 200.0, 200.0, 200.0, 200.0, 200.0, 200.0, 200.0, 200.0, 200.0, 200.0, 200.0, 200.0, 200.0, 200.0, 200.0, 200.0, 200.0, 200.0, 200.0, 200.0, 200.0, 200.0, 200.0, 200.0, 200.0, 200.0, 200.0, 200.0, 200.0, 200.0, 200.0, 200.0, 200.0]",1,3265.54,59.5994,1.88718,-0.110213,0.108,"[13.6686, 14.7809, 17.8725, 27.5604, 65.3302, 42.0984, 30.9571, 21.0746, 13.5529, 8.85313, 6.21127, 4.69108, 3.75172, 3.13013, 2.37969, 1.8191, 1.55357, 1.43896, 1.42902]",-0.810476,"[51.7396, 48.1915, 53.1284, 50.42]",0.344005
1.0,0.0952727,0.0,0.0,7.132,0.0,1987.9,30.3434,93.9743,3,"[200.0, 200.0, 200.0, 200.0, 200.0, 200.0, 200.0, 200.0, 200.0, 200.0, 200.0, 200.0, 200.0, 200.0, 200.0, 200.0, 200.0, 200.0, 200.0, 200.0, 200.0, 200.0, 200.0, 200.0, 200.0, 200.0, 200.0, 200.0, 200.0, 200.0, 200.0, 200.0, 200.0, 200.0, 200.0, 200.0]",1,3314.67,59.908,1.3483,-0.319693,0.108,"[13.6805, 14.7481, 17.7512, 26.9597, 66.4553, 43.1855, 31.9435, 21.8586, 14.0431, 9.09167, 6.31332, 4.73043, 3.76188, 3.12583, 2.3636, 1.79808, 1.53075, 1.41428, 1.40131]",-0.81399,"[51.8295, 48.961, 52.8941, 52.3956]",0.347052
1.0,0.0907203,0.0,0.0,7.154,0.0,1988.24,30.6801,93.974,3,"[200.0, 200.0, 200.0, 200.0, 200.0, 200.0, 200.0, 200.0, 200.0, 200.0, 200.0, 200.0, 200.0, 200.0, 200.0, 200.0, 200.0, 200.0, 200.0, 200.0, 200.0, 200.0, 200.0, 200.0, 200.0, 200.0, 200.0, 200.0, 200.0, 200.0, 200.0, 200.0, 200.0, 200.0, 200.0, 200.0]",1,3321.51,60.2536,0.813508,-0.200762,0.109,"[13.7016, 14.7475, 17.7101, 26.7069, 67.0178, 43.7126, 32.4083, 22.2076, 14.2327, 9.15295, 6.31273, 4.70662, 3.73035, 3.0923, 2.33109, 1.76866, 1.50314, 1.38694, 1.3726]",-0.817726,"[51.5513, 49.6811, 52.9977, 52.9499]",0.344799
1.0,0.0891659,0.0,0.0,7.176,0.0,1988.58,31.0186,93.9737,3,"[200.0, 200.0, 200.0, 200.0, 200.0, 200.0, 200.0, 200.0, 200.0, 200.0, 200.0, 200.0, 200.0, 200.0, 200.0, 200.0, 200.0, 200.0, 200.0, 200.0, 200.0, 200.0, 200.0, 200.0, 200.0, 200.0, 200.0, 200.0, 200.0, 200.0, 200.0, 200.0, 200.0, 200.0, 200.0, 200.0]",1,3339.74,60.5823,0.725958,-0.144919,0.109,"[13.7281, 14.7684, 17.7226, 26.6736, 67.184, 43.8425, 32.499, 22.2389, 14.1981, 9.08212, 6.23751, 4.63821, 3.67001, 3.03897, 2.28785, 1.734, 1.47274, 1.35825, 1.34367]",-0.821544,"[51.588, 50.2574, 53.9902, 51.7087]",0.342483
1.0,0.0884702,0.0,0.0,7.198,0.0,1988.92,31.3588,93.9735,3,"[200.0, 200.0, 200.0, 200.0, 200.0, 200.0, 200.0, 200.0, 200.0, 200.0, 200.0, 200.0, 200.0, 200.0, 200.0, 200.0, 200.0, 200.0, 200.0, 200.0, 200.0, 200.0, 200.0, 200.0, 200.0, 200.0, 200.0, 200.0, 200.0, 200.0, 200.0, 200.0, 200.0, 200.0, 200.0, 200.0]",1,3360.94,60.8992,0.672774,-0.28536,0.11,"[13.756, 14.7952, 17.7503, 26.7013, 67.2368, 43.8581, 32.4818, 22.1775, 14.097, 8.97208, 6.14025, 4.55674, 3.60135, 2.97998, 2.2416, 1.69792, 1.4416, 1.32923, 1.31471]",-0.825379,"[51.7921, 50.5264, 53.5295, 53.1701]",0.347961
1.0,0.0876624,0.0,0.0,7.22,0.0,1989.26,31.7006,93.9732,3,"[200.0, 200.0, 200.0, 200.0, 200.0, 200.0, 200.0, 200.0, 200.0, 200.0, 200.0, 200.0, 200.0, 200.0, 200.0, 200.0, 200.0, 200.0, 200.0, 200.0, 200.0, 200.0, 200.0, 200.0, 200.0, 200.0, 200.0, 200.0, 200.0, 200.0, 200.0, 200.0, 200.0, 200.0, 200.0, 200.0]",1,3330.61,61.2476,0.6468,-0.340357,0.11,"[13.7839, 14.8215, 17.7762, 26.7216, 67.3043, 43.8882, 32.4779, 22.1265, 14.0018, 8.86426, 6.04382, 4.47553, 3.53274, 2.9209, 2.1952, 1.66166, 1.41029, 1.30002, 1.28554]",-0.829243,"[52.0966, 50.7871, 53.3979, 52.6356]",0.343792
1.0,0.0872142,0.0,0.0,7.242,0.0,1989.6,32.0443,93.973,3,"[200.0, 200.0, 200.0, 200.0, 200.0, 200.0, 200.0, 200.0, 200.0, 200.0, 200.0, 200.0, 200.0, 200.0, 200.0, 200.0, 200.0, 200.0, 200.0, 200.0, 200.0, 200.0, 200.0, 200.0, 200.0, 200.0, 200.0, 200.0, 200.0, 200.0, 200.0, 200.0, 200.0, 200.0, 200.0, 200.0]",1,3359.87,61.5601,0.724615,-0.141526,0.111,"[13.812, 14.8499, 17.808, 26.7661, 67.3247, 43.8712, 32.4294, 22.0374, 13.8794, 8.74094, 5.93925, 4.38987, 3.46154, 2.86026, 2.14818, 1.62529, 1.37907, 1.27104, 1.25673]",-0.833063,"[52.3285, 51.1033, 54.0183, 52.6052]",0.341658
1.0,0.0868232,0.0,0.0,7.264,0.0,1989.95,32.3896,93.9727,3,"[200.0, 200.0, 200.0, 200.0, 200.0, 200.0, 200.0, 200.0, 200.0, 200.0, 200.0, 200.0, 200.0, 200.0, 200.0, 200.0, 200.0, 200.0, 200.0, 200.0, 200.0, 200.0, 200.0, 200.0, 200.0, 200.0, 200.0, 200.0, 200.0, 200.0, 200.0, 200.0, 200.0, 200.0, 200.0, 200.0]",1,3407.1,61.8649,0.709306,-0.211471,0.111,"[13.8401, 14.8784, 17.8404, 26.8141, 67.3377, 43.847, 32.3741, 21.9418, 13.7519, 8.61449, 5.83316, 4.30352, 3.39004, 2.79954, 2.10121, 1.58904, 1.34802, 1.24223, 1.22812]",-0.836858,"[52.5648, 51.3578, 53.834, 54.3939]",0.343836
1.0,0.086332,0.0,0.0,7.286,0.0,1990.3,32.7366,93.9725,3,"[200.0, 200.0, 200.0, 200.0, 200.0, 200.0, 200.0, 200.0, 200.0, 200.0, 200.0, 200.0, 200.0, 200.0, 200.0, 200.0, 200.0, 200.0, 200.0, 200.0, 200.0, 200.0, 200.0, 200.0, 200.0, 200.0, 200.0, 200.0, 200.0, 200.0, 200.0, 200.0, 200.0, 200.0, 200.0, 200.0]",1,3389.84,62.2126,0.672335,-0.331741,0.112,"[13.8683, 14.9066, 17.8716, 26.8558, 67.3638, 43.8353, 32.3301, 21.8549, 13.6286, 8.48936, 5.72724, 4.21704, 3.31832, 2.73849, 2.05394, 1.55251, 1.31667, 1.21313, 1.1992]",-0.840693,"[52.896, 51.6291, 54.0918, 53.478]",0.346903
1.0,0.0860321,0.0,0.0,7.308,0.0,1990.65,33.0853,93.9722,3,"[200.0, 200.0, 200.0, 200.0, 200.0, 200.0, 200.0, 200.0, 200.0, 200.0, 200.0, 200.0, 200.0, 200.0, 200.0, 200.0, 200.0, 200.0, 200.0, 200.0, 200.0, 200.0, 200.0, 200.0, 200.0, 200.0, 200.0, 200.0, 200.0, 200.0, 200.0, 200.0, 200.0, 200.0, 200.0, 200.0]",1,3405.77,62.5323,0.746126,-0.141656,0.112,"[13.8966, 14.9359, 17.9057, 26.9105, 67.3647, 43.7983, 32.262, 21.7468, 13.4899, 8.35536, 5.61687, 4.1282, 3.24524, 2.67669, 2.00637, 1.51596, 1.28543, 1.1842, 1.1705]",-0.844502,"[53.1504, 51.9256, 54.4609, 53.6151]",0.34126
1.0,0.085643,0.0,0.0,7.33,0.0,1991.0,33.4357,93.972,3,"[200.0, 200.0, 200.0, 200.0, 200.0, 200.0, 200.0, 200.0, 200.0, 200.0, 200.0, 200.0, 200.0, 200.0, 200.0, 200.0, 200.0, 200.0, 200.0, 200.0, 200.0, 200.0, 200.0, 200.0, 200.0, 200.0, 200.0, 200.0, 200.0, 200.0, 200.0, 200.0, 200.0, 200.0, 200.0, 200.0]",1,3440.91,62.8507,0.733053,-0.142199,0.113,"[13.9245, 14.9643, 17.9381, 26.9583, 67.3776, 43.7738, 32.2056, 21.6482, 13.357, 8.22437, 5.50827, 4.04058, 3.17307, 2.61557, 1.95928, 1.47973, 1.25442, 1.15546, 1.14198]",-0.848287,"[53.3546, 52.1775, 54.5463, 54.4538]",0.344796
1.0,0.0854484,0.0,0.0,7.352,0.0,1991.35,33.7877,93.9717,3,"[200.0, 200.0, 200.0, 200.0, 200.0, 200.0, 200.0, 200.0, 200.0, 200.0, 200.0, 200.0, 200.0, 200.0, 200.0, 200.0, 200.0, 200.0, 200.0, 200.0, 200.0, 200.0, 200.0, 200.0, 200.0, 200.0, 200.0, 200.0, 200.0, 200.0, 200.0, 200.0, 200.0, 200.0, 200.0, 200.0]",1,3465.52,63.1739,0.692482,-0.307627,0.113,"[13.9531, 14.9944, 17.9743, 27.0207, 67.3644, 43.7218, 32.1224, 21.5254, 13.2054, 8.08189, 5.39315, 3.94899, 3.09827, 2.55259, 1.91106, 1.44282, 1.22292, 1.12637, 1.11315]",-0.852114,"[53.6751, 52.4182, 55.281, 54.7405]",0.346128
1.0,0.0851638,0.0,0.0,7.374,0.0,1991.7,34.1415,93.9715,3,"[200.0, 200.0, 200.0, 200.0, 200.0, 200.0, 200.0, 200.0, 200.0, 200.0, 200.0, 200.0, 200.0, 200.0, 200.0, 200.0, 200.0, 200.0, 200.0, 200.0, 200.0, 200.0, 200.0, 200.0, 200.0, 200.0, 200.0, 200.0, 200.0, 200.0, 200.0, 200.0, 200.0, 200.0, 200.0, 200.0]",1,3461.75,63.5107,0.735329,-0.238562,0.114,"[13.9816, 15.024, 18.009, 27.0769, 67.363, 43.6818, 32.0502, 21.411, 13.0582, 7.94115, 5.27884, 3.85787, 3.02375, 2.48976, 1.86291, 1.40591, 1.19142, 1.09721, 1.08426]",-0.855949,"[53.981, 52.7296, 55.2096, 54.6543]",0.34252
1.0,0.0847637,0.0,0.0,7.396,0.0,1992.06,34.4969,93.9712,3,"[200.0, 200.0, 200.0, 200.0, 200.0, 200.0, 200.0, 200.0, 200.0, 200.0, 200.0, 200.0, 200.0, 200.0, 200.0, 200.0, 200.0, 200.0, 200.0, 200.0, 200.0, 200.0, 200.0, 200.0, 200.0, 200.0, 200.0, 200.0, 200.0, 200.0, 200.0, 200.0, 200.0, 200.0, 200.0, 200.0]",1,3484.35,63.8349,0.746035,-0.161191,0.114,"[14.0097, 15.0525, 18.0413, 27.1243, 67.3773, 43.6579, 31.9932, 21.3092, 12.9189, 7.80454, 5.16692, 3.76837, 2.95037, 2.42781, 1.81535, 1.36939, 1.16019, 1.06831, 1.05557]",-0.859755,"[54.2142, 52.9954, 55.476, 55.1869]",0.345229
1.0,0.0846831,0.0,0.0,7.418,0.0,1992.41,34.8541,93.971,3,"[200.0, 200.0, 200.0, 200.0, 200.0, 200.0, 200.0, 200.0, 200.0, 200.0, 200.0, 200.0, 200.0, 200.0, 200.0, 200.0, 200.0, 200.0, 200.0, 200.0, 200.0, 200.0, 200.0, 200.0, 200.0, 200.0, 200.0, 200.0, 200.0, 200.0, 200.0, 200.0, 200.0, 200.0, 200.0, 200.0]",1,3531.96,64.1518,0.698477,-0.33315,0.115,"[14.0385, 15.0835, 18.0796, 27.1952, 67.3485, 43.5896, 31.8933, 21.169, 12.7511, 7.65153, 5.04623, 3.67374, 2.87375, 2.3636, 1.76651, 1.33216, 1.12852, 1.03908, 1.02666]",-0.863595,"[54.4822, 53.1938, 57.0869, 55.1812]",0.344953
1.0,0.0843536,0.0,0.0,7.44,0.0,1992.77,35.213,93.9707,3,"[200.0, 200.0, 200.0, 200.0, 200.0, 200.0, 200.0, 200.0, 200.0, 200.0, 200.0, 200.0, 200.0, 200.0, 200.0, 200.0, 200.0, 200.0, 200.0, 200.0, 200.0, 200.0, 200.0, 200.0, 200.0, 200.0, 200.0, 200.0, 200.0, 200.0, 200.0, 200.0, 200.0, 200.0, 200.0, 200.0]",1,3539.97,64.488,0.733034,-0.289394,0.115,"[14.0672, 15.113, 18.1137, 27.2487, 67.3529, 43.5545, 31.8245, 21.0542, 12.5988, 7.50572, 4.92895, 3.58088, 2.79811, 2.3, 1.71787, 1.29494, 1.09677, 1.0097, 0.997559]",-0.867459,"[54.8264, 53.5247, 56.0612, 56.242]",0.34441
1.0,0.0836584,0.0,0.0,7.462,0.0,1993.13,35.5736,93.9705,3,"[200.0, 200.0, 200.0, 200.0, 200.0, 200.0, 200.0, 200.0, 200.0, 200.0, 200.0, 200.0, 200.0, 200.0, 200.0, 200.0, 200.0, 200.0, 200.0, 200.0, 200.0, 200.0, 200.0, 200.0, 200.0, 200.0, 200.0, 200.0, 200.0, 200.0, 200.0, 200.0, 200.0, 200.0, 200.0, 200.0]",1,3533.52,64.8335,0.739976,-0.201976,0.116,"[14.0951, 15.1397, 18.141, 27.2752, 67.4066, 43.5701, 31.8042, 20.9812, 12.4742, 7.37428, 4.81919, 3.49249, 2.72539, 2.23845, 1.67045, 1.2584, 1.06545, 0.980644, 0.968666]",-0.87129,"[55.1179, 53.7923, 56.4704, 55.6489]",0.344007
1.0,0.0835506,0.0,0.0,7.484,0.0,1993.5,35.9359,93.9702,3,"[200.0, 200.0, 200.0, 200.0, 200.0, 200.0, 200.0, 200.0, 200.0, 200.0, 200.0, 200.0, 200.0, 200.0, 200.0, 200.0, 200.0, 200.0, 200.0, 200.0, 200.0, 200.0, 200.0, 200.0, 200.0, 200.0, 200.0, 200.0, 200.0, 200.0, 200.0, 200.0, 200.0, 200.0, 200.0, 200.0]",1,3597.28,65.1429,0.675878,-0.39531,0.116,"[14.124, 15.1707, 18.1791, 27.3446, 67.3812, 43.5044, 31.7053, 20.8386, 12.2995, 7.2153, 4.69523, 3.39606, 2.64766, 2.17349, 1.62116, 1.22091, 1.03358, 0.951248, 0.939598]",-0.875153,"[55.3279, 54.0963, 58.1853, 56.2056]",0.344577
1.0,0.0829565,0.0,0.0,7.506,0.0,1993.86,36.2999,93.9699,3,"[200.0, 200.0, 200.0, 200.0, 200.0, 200.0, 200.0, 200.0, 200.0, 200.0, 200.0, 200.0, 200.0, 200.0, 200.0, 200.0, 200.0, 200.0, 200.0, 200.0, 200.0, 200.0, 200.0, 200.0, 200.0, 200.0, 200.0, 200.0, 200.0, 200.0, 200.0, 200.0, 200.0, 200.0, 200.0, 200.0]",1,3611.51,65.479,0.688884,-0.367855,0.117,"[14.1524, 15.1985, 18.2087, 27.3792, 67.4209, 43.5048, 31.6695, 20.7492, 12.1593, 7.07295, 4.57924, 3.3039, 2.57246, 2.11014, 1.57261, 1.18368, 1.00174, 0.921768, 0.910324]",-0.879035,"[55.697, 54.3105, 57.1999, 57.5479]",0.345166
1.0,0.0822212,0.0,0.0,7.528,0.0,1994.23,36.6658,93.9697,3,"[200.0, 200.0, 200.0, 200.0, 200.0, 200.0, 200.0, 200.0, 200.0, 200.0, 200.0, 200.0, 200.0, 200.0, 200.0, 200.0, 200.0, 200.0, 200.0, 200.0, 200.0, 200.0, 200.0, 200.0, 200.0, 200.0, 200.0, 200.0, 200.0, 200.0, 200.0, 200.0, 200.0, 200.0, 200.0, 200.0]",1,3595.85,65.8313,0.735073,-0.20582,0.117,"[14.1804, 15.225, 18.2353, 27.4028, 67.4803, 43.5257, 31.6533, 20.6766, 12.0291, 6.93524, 4.46585, 3.21346, 2.49851, 2.04777, 1.52473, 1.14688, 0.970261, 0.89257, 0.881325]",-0.882883,"[55.9749, 54.6327, 57.8811, 56.2112]",0.341557
1.0,0.0817138,0.0,0.0,7.55,0.0,1994.59,37.0333,93.9694,3,"[200.0, 200.0, 200.0, 200.0, 200.0, 200.0, 200.0, 200.0, 200.0, 200.0, 200.0, 200.0, 200.0, 200.0, 200.0, 200.0, 200.0, 200.0, 200.0, 200.0, 200.0, 200.0, 200.0, 200.0, 200.0, 200.0, 200.0, 200.0, 200.0, 200.0, 200.0, 200.0, 200.0, 200.0, 200.0, 200.0]",1,3634.92,66.1598,0.682603,-0.349093,0.118,"[14.2086, 15.2529, 18.2659, 27.4426, 67.5132, 43.5153, 31.6068, 20.5769, 11.8786, 6.78648, 4.34704, 3.1202, 2.42292, 1.98439, 1.47641, 1.10993, 0.938742, 0.863424, 0.852417]",-0.886719,"[56.2227, 54.8775, 57.4391, 57.8756]",0.346113
1.0,0.0807301,0.0,0.0,7.572,0.0,1994.96,37.4023,93.969,3,"[200.0, 200.0, 200.0, 200.0, 200.0, 200.0, 200.0, 200.0, 200.0, 200.0, 200.0, 200.0, 200.0, 200.0, 200.0, 200.0, 200.0, 200.0, 200.0, 200.0, 200.0, 200.0, 200.0, 200.0, 200.0, 200.0, 200.0, 200.0, 200.0, 200.0, 200.0, 200.0, 200.0, 200.0, 200.0, 200.0]",1,3673.42,66.4822,0.662064,-0.332936,0.118,"[14.2363, 15.2779, 18.2883, 27.4485, 67.6176, 43.5701, 31.6229, 20.5301, 11.7613, 6.65235, 4.23464, 3.03016, 2.34911, 1.92205, 1.42847, 1.07304, 0.907127, 0.834084, 0.823242]",-0.890588,"[56.6, 55.058, 58.2457, 58.9095]",0.346761
1.0,0.0797631,0.0,0.0,7.594,0.0,1995.33,37.7736,93.9687,3,"[200.0, 200.0, 200.0, 200.0, 200.0, 200.0, 200.0, 200.0, 200.0, 200.0, 200.0, 200.0, 200.0, 200.0, 200.0, 200.0, 200.0, 200.0, 200.0, 200.0, 200.0, 200.0, 200.0, 200.0, 200.0, 200.0, 200.0, 200.0, 200.0, 200.0, 200.0, 200.0, 200.0, 200.0, 200.0, 200.0]",1,3660.93,66.843,0.687183,-0.228788,0.119,"[14.2636, 15.3024, 18.3104, 27.4545, 67.7285, 43.6244, 31.6386, 20.4834, 11.6431, 6.51738, 4.12245, 2.94067, 2.276, 1.86041, 1.38117, 1.03668, 0.875999, 0.805206, 0.79454]",-0.894395,"[56.818, 55.4514, 59.0008, 57.1174]",0.341782
1.0,0.0793731,0.0,0.0,7.616,0.0,1995.71,38.1464,93.9684,3,"[200.0, 200.0, 200.0, 200.0, 200.0, 200.0, 200.0, 200.0, 200.0, 200.0, 200.0, 200.0, 200.0, 200.0, 200.0, 200.0, 200.0, 200.0, 200.0, 200.0, 200.0, 200.0, 200.0, 200.0, 200.0, 200.0, 200.0, 200.0, 200.0, 200.0, 200.0, 200.0, 200.0, 200.0, 200.0, 200.0]",1,3739.04,67.1569,0.642855,-0.376763,0.119,"[14.292, 15.3312, 18.343, 27.5023, 67.7641, 43.5979, 31.5759, 20.3662, 11.4738, 6.3556, 3.99714, 2.84409, 2.19852, 1.79583, 1.33229, 0.999527, 0.844406, 0.776047, 0.765694]",-0.898227,"[57.1152, 55.7442, 58.5773, 59.6284]",0.343576
1.0,0.0780327,0.0,0.0,7.638,0.0,1996.08,38.5208,93.968,3,"[200.0, 200.0, 200.0, 200.0, 200.0, 200.0, 200.0, 200.0, 200.0, 200.0, 200.0, 200.0, 200.0, 200.0, 200.0, 200.0, 200.0, 200.0, 200.0, 200.0, 200.0, 200.0, 200.0, 200.0, 200.0, 200.0, 200.0, 200.0, 200.0, 200.0, 200.0, 200.0, 200.0, 200.0, 200.0, 200.0]",1,3717.54,67.5176,0.647277,-0.283605,0.12,"[14.3187, 15.353, 18.3582, 27.4811, 67.9457, 43.7048, 31.6426, 20.3628, 11.3803, 6.22951, 3.88861, 2.75661, 2.12668, 1.73509, 1.28548, 0.96344, 0.813446, 0.747284, 0.737045]",-0.902024,"[57.49, 55.9824, 59.3605, 58.3113]",0.346524
1.0,0.0774786,0.0,0.0,7.66,0.0,1996.46,38.8972,93.9677,3,"[200.0, 200.0, 200.0, 200.0, 200.0, 200.0, 200.0, 200.0, 200.0, 200.0, 200.0, 200.0, 200.0, 200.0, 200.0, 200.0, 200.0, 200.0, 200.0, 200.0, 200.0, 200.0, 200.0, 200.0, 200.0, 200.0, 200.0, 200.0, 200.0, 200.0, 200.0, 200.0, 200.0, 200.0, 200.0, 200.0]",1,3695.2,67.8871,0.599682,-0.396217,0.12,"[14.3466, 15.3804, 18.3875, 27.5164, 68.0208, 43.702, 31.6027, 20.2641, 11.219, 6.06927, 3.76414, 2.66078, 2.04985, 1.6711, 1.23706, 0.926632, 0.782127, 0.718369, 0.70842]",-0.905825,"[57.5017, 56.3841, 59.145, 58.1432]",0.340263
1.0,0.0770256,0.0,0.0,7.682,0.0,1996.84,39.2754,93.9673,3,"[200.0, 200.0, 200.0, 200.0, 200.0, 200.0, 200.0, 200.0, 200.0, 200.0, 200.0, 200.0, 200.0, 200.0, 200.0, 200.0, 200.0, 200.0, 200.0, 200.0, 200.0, 200.0, 200.0, 200.0, 200.0, 200.0, 200.0, 200.0, 200.0, 200.0, 200.0, 200.0, 200.0, 200.0, 200.0, 200.0]",1,3745.21,68.1993,0.722623,-0.171215,0.121,"[14.3742, 15.408, 18.418, 27.5579, 68.0886, 43.6861, 31.5501, 20.1536, 11.0479, 5.90407, 3.63807, 2.56456, 1.97311, 1.60734, 1.18897, 0.890148, 0.751144, 0.689796, 0.680161]",-0.909578,"[57.978, 56.5694, 59.4237, 59.3712]",0.346088
1.0,0.0765168,0.0,0.0,7.704,0.0,1997.22,39.6553,93.967,3,"[200.0, 200.0, 200.0, 200.0, 200.0, 200.0, 200.0, 200.0, 200.0, 200.0, 200.0, 200.0, 200.0, 200.0, 200.0, 200.0, 200.0, 200.0, 200.0, 200.0, 200.0, 200.0, 200.0, 200.0, 200.0, 200.0, 200.0, 200.0, 200.0, 200.0, 200.0, 200.0, 200.0, 200.0, 200.0, 200.0]",1,3747.59,68.5604,0.59443,-0.454921,0.121,"[14.4018, 15.4352, 18.4475, 27.5952, 68.1726, 43.678, 31.5049, 20.0486, 10.8777, 5.73795, 3.51159, 2.46825, 1.89636, 1.54363, 1.14094, 0.853725, 0.720215, 0.66127, 0.651939]",-0.913327,"[58.0986, 56.8898, 59.7939, 59.2511]",0.344088
1.0,0.0762383,0.0,0.0,7.726,0.0,1997.6,40.0371,93.9667,3,"[200.0, 200.0, 200.0, 200.0, 200.0, 200.0, 200.0, 200.0, 200.0, 200.0, 200.0, 200.0, 200.0, 200.0, 200.0, 200.0, 200.0, 200.0, 200.0, 200.0, 200.0, 200.0, 200.0, 200.0, 200.0, 200.0, 200.0, 200.0, 200.0, 200.0, 200.0, 200.0, 200.0, 200.0, 200.0, 200.0]",1,3772.55,68.8891,0.733639,-0.198852,0.122,"[14.4297, 15.464, 18.4812, 27.6492, 68.2284, 43.6373, 31.4274, 19.9133, 10.6833, 5.55911, 3.37949, 2.36901, 1.81791, 1.47881, 1.0923, 0.817005, 0.689102, 0.632622, 0.62365]",-0.917086,"[58.5885, 57.1716, 60.1395, 59.5095]",0.342374
1.0,0.0739528,0.0,0.0,7.748,0.0,1997.98,40.4204,93.9663,3,"[200.0, 200.0, 200.0, 200.0, 200.0, 200.0, 200.0, 200.0, 200.0, 200.0, 200.0, 200.0, 200.0, 200.0, 200.0, 200.0, 200.0, 200.0, 200.0, 200.0, 200.0, 200.0, 200.0, 200.0, 200.0, 200.0, 200.0, 200.0, 200.0, 200.0, 200.0, 200.0, 200.0, 200.0, 200.0, 200.0]",1,3804.73,69.189,0.915062,-0.393845,0.8,"[14.4535, 15.4774, 18.4771, 27.5559, 68.6167, 43.884, 31.6329, 20.034, 10.6653, 5.46159, 3.28484, 2.29054, 1.75267, 1.42324, 1.04916, 0.783508, 0.660217, 0.605705, 0.596748]",-0.920649,"[58.7061, 56.8032, 61.2757, 59.9063]",0.346472
1.0,0.0706045,0.0,0.0,7.77,0.0,1998.37,40.8057,93.966,3,"[200.0, 200.0, 200.0, 200.0, 200.0, 200.0, 200.0, 200.0, 200.0, 200.0, 200.0, 200.0, 200.0, 200.0, 200.0, 200.0, 200.0, 200.0, 200.0, 200.0, 200.0, 200.0, 200.0, 200.0, 200.0, 200.0, 200.0, 200.0, 200.0, 200.0, 200.0, 200.0, 200.0, 200.0, 200.0, 200.0]",1,3811.16,69.5079,0.986388,-0.337892,0.123,"[14.4742, 15.4817, 18.452, 27.386, 69.2078, 44.2876, 31.9954, 20.3022, 10.7538, 5.41339, 3.21355, 2.22562, 1.69657, 1.3745, 1.01044, 0.752937, 0.633621, 0.580719, 0.571625]",-0.923972,"[59.4413, 57.5097, 60.8199, 60.031]",0.343255
1.0,0.0679528,0.0,0.0,7.792,0.0,1998.75,41.1923,93.9657,3,"[200.0, 200.0, 200.0, 200.0, 200.0, 200.0, 200.0, 200.0, 200.0, 200.0, 200.0, 200.0, 200.0, 200.0, 200.0, 200.0, 200.0, 200.0, 200.0, 200.0, 200.0, 200.0, 200.0, 200.0, 200.0, 200.0, 200.0, 200.0, 200.0, 200.0, 200.0, 200.0, 200.0, 200.0, 200.0, 200.0]",1,4005.98,69.766,0.693614,-0.452617,0.123,"[14.4956, 15.4905, 18.4391, 27.2672, 69.7145, 44.5949, 32.2651, 20.489, 10.7868, 5.33801, 3.13016, 2.15483, 1.63723, 1.32379, 0.970932, 0.72221, 0.607109, 0.555969, 0.54689]",-0.927249,"[59.5348, 57.7062, 65.3448, 62.3662]",0.344608
1.0,0.0660712,0.0,0.0,7.814,0.0,1999.14,41.5809,93.9653,3,"[200.0, 200.0, 200.0, 200.0, 200.0, 200.0, 200.0, 200.0, 200.0, 200.0, 200.0, 200.0, 200.0, 200.0, 200.0, 200.0, 200.0, 200.0, 200.0, 200.0, 200.0, 200.0, 200.0, 200.0, 200.0, 200.0, 200.0, 200.0, 200.0, 200.0, 200.0, 200.0, 200.0, 200.0, 200.0, 200.0]",1,3812.78,70.2415,0.681789,-0.197376,0.124,"[14.5182, 15.5048, 18.44, 27.2028, 70.1143, 44.7934, 32.4282, 20.579, 10.7497, 5.22766, 3.03111, 2.07585, 1.57303, 1.26986, 0.929752, 0.690651, 0.580116, 0.530937, 0.522003]",-0.93055,"[59.7777, 58.1629, 60.6162, 60.2817]",0.344882
1.0,0.0656096,0.0,0.0,7.836,0.0,1999.53,41.9714,93.965,3,"[200.0, 200.0, 200.0, 200.0, 200.0, 200.0, 200.0, 200.0, 200.0, 200.0, 200.0, 200.0, 200.0, 200.0, 200.0, 200.0, 200.0, 200.0, 200.0, 200.0, 200.0, 200.0, 200.0, 200.0, 200.0, 200.0, 200.0, 200.0, 200.0, 200.0, 200.0, 200.0, 200.0, 200.0, 200.0, 200.0]",1,4107.44,70.4599,0.485831,-0.668356,0.124,"[14.5424, 15.5286, 18.4654, 27.234, 70.2802, 44.7906, 32.3927, 20.4867, 10.5812, 5.05818, 2.90798, 1.98513, 1.50215, 1.21173, 0.886492, 0.65818, 0.552704, 0.505775, 0.497192]",-0.933849,"[59.8245, 58.5075, 65.7868, 63.799]",0.344762
1.0,0.0643937,0.0,0.0,7.858,0.0,1999.92,42.3636,93.9647,3,"[200.0, 200.0, 200.0, 200.0, 200.0, 200.0, 200.0, 200.0, 200.0, 200.0, 200.0, 200.0, 200.0, 200.0, 200.0, 200.0, 200.0, 200.0, 200.0, 200.0, 200.0, 200.0, 200.0, 200.0, 200.0, 200.0, 200.0, 200.0, 200.0, 200.0, 200.0, 200.0, 200.0, 200.0, 200.0, 200.0]",1,3855.32,70.9485,0.653582,-0.237746,0.124,"[14.566, 15.5475, 18.4781, 27.2151, 70.5977, 44.8949, 32.4628, 20.4905, 10.476, 4.91189, 2.79336, 1.89838, 1.43345, 1.15488, 0.843781, 0.62588, 0.525291, 0.480499, 0.472198]",-0.93717,"[60.4171, 58.7916, 61.7714, 60.528]",0.343353
1.0,0.0637476,0.0,0.0,7.88,0.0,2000.32,42.7579,93.9643,3,"[200.0, 200.0, 200.0, 200.0, 200.0, 200.0, 200.0, 200.0, 200.0, 200.0, 200.0, 200.0, 200.0, 200.0, 200.0, 200.0, 200.0, 200.0, 200.0, 200.0, 200.0, 200.0, 200.0, 200.0, 200.0, 200.0, 200.0, 200.0, 200.0, 200.0, 200.0, 200.0, 200.0, 200.0, 200.0, 200.0]",1,3988.84,71.2545,0.543865,-0.450134,0.125,"[14.5893, 15.5692, 18.4993, 27.232, 70.8289, 44.9208, 32.4564, 20.425, 10.322, 4.74636, 2.67324, 1.81021, 1.36463, 1.09848, 0.801853, 0.59441, 0.498718, 0.456093, 0.448135]",-0.94037,"[60.4854, 59.022, 63.7054, 62.2521]",0.34399
1.0,0.0629889,0.0,0.0,7.902,0.0,2000.71,43.1538,93.964,3,"[200.0, 200.0, 200.0, 200.0, 200.0, 200.0, 200.0, 200.0, 200.0, 200.0, 200.0, 200.0, 200.0, 200.0, 200.0, 200.0, 200.0, 200.0, 200.0, 200.0, 200.0, 200.0, 200.0, 200.0, 200.0, 200.0, 200.0, 200.0, 200.0, 200.0, 200.0, 200.0, 200.0, 200.0, 200.0, 200.0]",1,3970.02,71.6159,0.544886,-0.457015,0.125,"[14.6134, 15.591, 18.5197, 27.2435, 71.0958, 44.9605, 32.4626, 20.3682, 10.1662, 4.57343, 2.54811, 1.71865, 1.29327, 1.04003, 0.758434, 0.561836, 0.471214, 0.430824, 0.423225]",-0.943682,"[61.0164, 59.2519, 63.0724, 63.6565]",0.34533
1.0,0.0616862,0.0,0.0,7.924,0.0,2001.11,43.5519,93.9636,3,"[200.0, 200.0, 200.0, 200.0, 200.0, 200.0, 200.0, 200.0, 200.0, 200.0, 200.0, 200.0, 200.0, 200.0, 200.0, 200.0, 200.0, 200.0, 200.0, 200.0, 200.0, 200.0, 200.0, 200.0, 200.0, 200.0, 200.0, 200.0, 200.0, 200.0, 200.0, 200.0, 200.0, 200.0, 200.0, 200.0]",1,3929.52,72.0114,0.58204,-0.317257,0.126,"[14.6358, 15.6082, 18.5293, 27.2164, 71.4909, 45.0812, 32.5506, 20.3896, 10.0668, 4.42379, 2.43389, 1.63356, 1.22643, 0.985008, 0.717308, 0.530827, 0.444946, 0.406647, 0.399323]",-0.946857,"[61.1873, 59.705, 63.0546, 61.6245]",0.342494
1.0,0.0614845,0.0,0.0,7.946,0.0,2001.51,43.9519,93.9633,3,"[200.0, 200.0, 200.0, 200.0, 200.0, 200.0, 200.0, 200.0, 200.0, 200.0, 200.0, 200.0, 200.0, 200.0, 200.0, 200.0, 200.0, 200.0, 200.0, 200.0, 200.0, 200.0, 200.0, 200.0, 200.0, 200.0, 200.0, 200.0, 200.0, 200.0, 200.0, 200.0, 200.0, 200.0, 200.0, 200.0]",1,3969.07,72.3587,0.566458,-0.372465,0.126,"[14.6596, 15.6328, 18.5582, 27.2626, 71.6857, 45.0436, 32.4807, 20.2622, 9.85496, 4.22638, 2.30178, 1.54, 1.15472, 0.926815, 0.674526, 0.499001, 0.418205, 0.382172, 0.375275]",-0.950058,"[61.4691, 60.0617, 63.0307, 62.6506]",0.345116
1.0,0.0601408,0.0,0.0,7.968,0.0,2001.91,44.3533,93.963,3,"[200.0, 200.0, 200.0, 200.0, 200.0, 200.0, 200.0, 200.0, 200.0, 200.0, 200.0, 200.0, 200.0, 200.0, 200.0, 200.0, 200.0, 200.0, 200.0, 200.0, 200.0, 200.0, 200.0, 200.0, 200.0, 200.0, 200.0, 200.0, 200.0, 200.0, 200.0, 200.0, 200.0, 200.0, 200.0, 200.0]",1,4148.31,72.6289,0.498222,-0.53879,0.127,"[14.6819, 15.6495, 18.5669, 27.2326, 72.1346, 45.1714, 32.5761, 20.2898, 9.75151, 4.0677, 2.18416, 1.45368, 1.08735, 0.871592, 0.633419, 0.468098, 0.392075, 0.358139, 0.351547]",-0.953211,"[61.7423, 60.09, 65.7219, 66.1821]",0.344849
1.0,0.0589964,0.0,0.0,7.99,0.0,2002.32,44.7571,93.9626,3,"[200.0, 200.0, 200.0, 200.0, 200.0, 200.0, 200.0, 200.0, 200.0, 200.0, 200.0, 200.0, 200.0, 200.0, 200.0, 200.0, 200.0, 200.0, 200.0, 200.0, 200.0, 200.0, 200.0, 200.0, 200.0, 200.0, 200.0, 200.0, 200.0, 200.0, 200.0, 200.0, 200.0, 200.0, 200.0, 200.0]",1,3973.05,73.0963,0.561498,-0.332992,0.127,"[14.7043, 15.6675, 18.5789, 27.2157, 72.5698, 45.2711, 32.6436, 20.2912, 9.62455, 3.89582, 2.06177, 1.36532, 1.01897, 0.815754, 0.592068, 0.437134, 0.365944, 0.334152, 0.327904]",-0.956356,"[62.1084, 60.6187, 63.466, 62.513]",0.341541
1.0,0.0584156,0.0,0.0,8.01,0.0,2002.69,45.1255,93.9623,3,"[200.0, 200.0, 200.0, 200.0, 200.0, 200.0, 200.0, 200.0, 200.0, 200.0, 200.0, 200.0, 200.0, 200.0, 200.0, 200.0, 200.0, 200.0, 200.0, 200.0, 200.0, 200.0, 200.0, 200.0, 200.0, 200.0, 200.0, 200.0, 200.0, 200.0, 200.0, 200.0, 200.0, 200.0, 200.0, 200.0]",1,4220.51,73.2955,0.530891,-0.528433,0.127,"[14.7246, 15.6862, 18.5969, 27.2291, 72.889, 45.2972, 32.6412, 20.2331, 9.46432, 3.72262, 1.94638, 1.28398, 0.956722, 0.765289, 0.554996, 0.409534, 0.342743, 0.312897, 0.306992]",-0.959137,"[62.3173, 60.7935, 68.1587, 65.9075]",0.347304
1.0,0.0565821,0.0,0.0,8.03,0.0,2003.06,45.4952,93.9619,3,"[200.0, 200.0, 200.0, 200.0, 200.0, 200.0, 200.0, 200.0, 200.0, 200.0, 200.0, 200.0, 200.0, 200.0, 200.0, 200.0, 200.0, 200.0, 200.0, 200.0, 200.0, 200.0, 200.0, 200.0, 200.0, 200.0, 200.0, 200.0, 200.0, 200.0, 200.0, 200.0, 200.0, 200.0, 200.0, 200.0]",1,3998.67,73.762,0.480046,-0.471035,0.128,"[14.7437, 15.6968, 18.5936, 27.1614, 73.5124, 45.5044, 32.8205, 20.3469, 9.42558, 3.58576, 1.842, 1.20749, 0.897079, 0.716413, 0.5186, 0.382164, 0.319595, 0.291595, 0.285957]",-0.961933,"[62.8519, 61.0092, 64.1215, 63.3175]",0.341321
1.0,0.0557019,0.0,0.0,8.05,0.0,2003.43,45.8671,93.9616,3,"[200.0, 200.0, 200.0, 200.0, 200.0, 200.0, 200.0, 200.0, 200.0, 200.0, 200.0, 200.0, 200.0, 200.0, 200.0, 200.0, 200.0, 200.0, 200.0, 200.0, 200.0, 200.0, 200.0, 200.0, 200.0, 200.0, 200.0, 200.0, 200.0, 200.0, 200.0, 200.0, 200.0, 200.0, 200.0, 200.0]",1,4149.22,74.0273,0.504865,-0.497984,0.128,"[14.7631, 15.7129, 18.6058, 27.1542, 73.9512, 45.576, 32.8646, 20.3338, 9.29238, 3.41539, 1.7287, 1.12799, 0.836409, 0.667261, 0.482521, 0.355305, 0.297005, 0.270912, 0.265602]",-0.96464,"[62.9365, 61.427, 67.1469, 64.0798]",0.342888
1.0,0.0544016,0.0,0.0,8.07,0.0,2003.8,46.2402,93.9613,3,"[200.0, 200.0, 200.0, 200.0, 200.0, 200.0, 200.0, 200.0, 200.0, 200.0, 200.0, 200.0, 200.0, 200.0, 200.0, 200.0, 200.0, 200.0, 200.0, 200.0, 200.0, 200.0, 200.0, 200.0, 200.0, 200.0, 200.0, 200.0, 200.0, 200.0, 200.0, 200.0, 200.0, 200.0, 200.0, 200.0]",1,4161.84,74.3611,0.499405,-0.48738,0.128,"[14.782, 15.7261, 18.6106, 27.1198, 74.5184, 45.7094, 32.9711, 20.3809, 9.2005, 3.25398, 1.61844, 1.05016, 0.776817, 0.618879, 0.446903, 0.328751, 0.274651, 0.25042, 0.245438]",-0.967324,"[63.3993, 61.549, 64.9974, 66.7168]",0.345885
1.0,0.0532367,0.0,0.0,8.09,0.0,2004.18,46.6152,93.961,3,"[200.0, 200.0, 200.0, 200.0, 200.0, 200.0, 200.0, 200.0, 200.0, 200.0, 200.0, 200.0, 200.0, 200.0, 200.0, 200.0, 200.0, 200.0, 200.0, 200.0, 200.0, 200.0, 200.0, 200.0, 200.0, 200.0, 200.0, 200.0, 200.0, 200.0, 200.0, 200.0, 200.0, 200.0, 200.0, 200.0]",1,4111.16,74.7313,0.491698,-0.476085,0.129,"[14.8005, 15.7397, 18.617, 27.0931, 75.088, 45.8247, 33.0605, 20.4128, 9.0958, 3.08536, 1.50724, 0.972738, 0.717892, 0.571239, 0.411953, 0.302765, 0.252808, 0.230415, 0.225761]",-0.969941,"[63.533, 61.9949, 66.1172, 64.1672]",0.339675
1.0,0.0525557,0.0,0.0,8.11,0.0,2004.55,46.9916,93.9606,3,"[200.0, 200.0, 200.0, 200.0, 200.0, 200.0, 200.0, 200.0, 200.0, 200.0, 200.0, 200.0, 200.0, 200.0, 200.0, 200.0, 200.0, 200.0, 200.0, 200.0, 200.0, 200.0, 200.0, 200.0, 200.0, 200.0, 200.0, 200.0, 200.0, 200.0, 200.0, 200.0, 200.0, 200.0, 200.0, 200.0]",1,4106.75,75.0722,0.498046,-0.511436,0.129,"[14.8194, 15.7564, 18.6315, 27.097, 75.5683, 45.8701, 33.0796, 20.3766, 8.93365, 2.89357, 1.38965, 0.892782, 0.657709, 0.522858, 0.376728, 0.276707, 0.230972, 0.210464, 0.206169]",-0.972548,"[63.8856, 62.2244, 65.1027, 65.5451]",0.344547
1.0,0.0511853,0.0,0.0,8.13,0.0,2004.93,47.3698,93.9603,3,"[200.0, 200.0, 200.0, 200.0, 200.0, 200.0, 200.0, 200.0, 200.0, 200.0, 200.0, 200.0, 200.0, 200.0, 200.0, 200.0, 200.0, 200.0, 200.0, 200.0, 200.0, 200.0, 200.0, 200.0, 200.0, 200.0, 200.0, 200.0, 200.0, 200.0, 200.0, 200.0, 200.0, 200.0, 200.0, 200.0]",1,4140.97,75.395,0.55716,-0.360868,0.13,"[14.8368, 15.7676, 18.6332, 27.0555, 76.2642, 46.0188, 33.2042, 20.4452, 8.85297, 2.72488, 1.2812, 0.818109, 0.60114, 0.477247, 0.343364, 0.251923, 0.210159, 0.191429, 0.187454]",-0.97504,"[64.1509, 62.4601, 65.9577, 65.3794]",0.34373
1.0,0.0505483,0.0,0.0,8.15,0.0,2005.31,47.7495,93.9599,3,"[200.0, 200.0, 200.0, 200.0, 200.0, 200.0, 200.0, 200.0, 200.0, 200.0, 200.0, 200.0, 200.0, 200.0, 200.0, 200.0, 200.0, 200.0, 200.0, 200.0, 200.0, 200.0, 200.0, 200.0, 200.0, 200.0, 200.0, 200.0, 200.0, 200.0, 200.0, 200.0, 200.0, 200.0, 200.0, 200.0]",1,4147.88,75.7403,0.434283,-0.583791,0.13,"[14.8551, 15.7838, 18.6476, 27.0606, 76.8024, 46.0601, 33.2201, 20.4071, 8.6814, 2.52158, 1.16302, 0.739229, 0.542217, 0.430063, 0.309139, 0.226688, 0.189049, 0.172157, 0.168556]",-0.977555,"[64.3468, 62.8346, 66.4285, 65.5102]",0.340902
1.0,0.0494677,0.0,0.0,8.17,0.0,2005.69,48.131,93.9596,3,"[200.0, 200.0, 200.0, 200.0, 200.0, 200.0, 200.0, 200.0, 200.0, 200.0, 200.0, 200.0, 200.0, 200.0, 200.0, 200.0, 200.0, 200.0, 200.0, 200.0, 200.0, 200.0, 200.0, 200.0, 200.0, 200.0, 200.0, 200.0, 200.0, 200.0, 200.0, 200.0, 200.0, 200.0, 200.0, 200.0]",1,4175.42,76.0608,0.593213,-0.314394,0.13,"[14.8724, 15.7965, 18.6536, 27.0366, 77.5025, 46.1681, 33.3044, 20.4375, 8.56198, 2.32931, 1.04996, 0.663586, 0.485609, 0.384691, 0.276192, 0.202347, 0.168663, 0.153549, 0.150284]",-0.979987,"[64.7239, 63.0243, 66.576, 65.9096]",0.343317
1.0,0.0486976,0.0,0.0,8.19,0.0,2006.07,48.5139,93.9592,3,"[200.0, 200.0, 200.0, 200.0, 200.0, 200.0, 200.0, 200.0, 200.0, 200.0, 200.0, 200.0, 200.0, 200.0, 200.0, 200.0, 200.0, 200.0, 200.0, 200.0, 200.0, 200.0, 200.0, 200.0, 200.0, 200.0, 200.0, 200.0, 200.0, 200.0, 200.0, 200.0, 200.0, 200.0, 200.0, 200.0]",1,4189.83,76.4119,0.446902,-0.54074,0.13,"[14.8898, 15.8109, 18.6646, 27.0315, 78.1582, 46.2317, 33.3441, 20.4246, 8.40227, 2.11953, 0.933785, 0.587111, 0.428812, 0.339367, 0.243401, 0.178204, 0.148491, 0.135139, 0.132248]",-0.982388,"[64.7527, 63.3595, 66.5767, 66.3818]",0.345221
1.0,0.0481164,0.0,0.0,8.21,0.0,2006.46,48.8984,93.9588,3,"[200.0, 200.0, 200.0, 200.0, 200.0, 200.0, 200.0, 200.0, 200.0, 200.0, 200.0, 200.0, 200.0, 200.0, 200.0, 200.0, 200.0, 200.0, 200.0, 200.0, 200.0, 200.0, 200.0, 200.0, 200.0, 200.0, 200.0, 200.0, 200.0, 200.0, 200.0, 200.0, 200.0, 200.0, 200.0, 200.0]",1,4227.3,76.7229,0.553236,-0.416986,0.131,"[14.9073, 15.8265, 18.6787, 27.0381, 78.7994, 46.2677, 33.3559, 20.3837, 8.21118, 1.89277, 0.814245, 0.509493, 0.371481, 0.293743, 0.210506, 0.154034, 0.128311, 0.116753, 0.114227]",-0.984787,"[65.2727, 63.6037, 68.0351, 66.3828]",0.341147
1.0,0.0469081,0.0,0.0,8.23,0.0,2006.84,49.2847,93.9584,3,"[200.0, 200.0, 200.0, 200.0, 200.0, 200.0, 200.0, 200.0, 200.0, 200.0, 200.0, 200.0, 200.0, 200.0, 200.0, 200.0, 200.0, 200.0, 200.0, 200.0, 200.0, 200.0, 200.0, 200.0, 200.0, 200.0, 200.0, 200.0, 200.0, 200.0, 200.0, 200.0, 200.0, 200.0, 200.0, 200.0]",1,4206.13,77.0915,0.47104,-0.513836,0.131,"[14.9238, 15.8376, 18.6816, 27.0049, 79.6819, 46.3972, 33.4634, 20.4386, 8.09516, 1.6746, 0.698762, 0.434422, 0.315935, 0.2495, 0.178547, 0.130527, 0.108665, 0.0988464, 0.0966797]",-0.987124,"[65.3969, 63.8712, 66.9041, 66.723]",0.345209
1.0,0.0465786,0.0,0.0,8.25,0.0,2007.23,49.6725,93.9581,3,"[200.0, 200.0, 200.0, 200.0, 200.0, 200.0, 200.0, 200.0, 200.0, 200.0, 200.0, 200.0, 200.0, 200.0, 200.0, 200.0, 200.0, 200.0, 200.0, 200.0, 200.0, 200.0, 200.0, 200.0, 200.0, 200.0, 200.0, 200.0, 200.0, 200.0, 200.0, 200.0, 200.0, 200.0, 200.0, 200.0]",1,4257.45,77.4077,0.530684,-0.404154,0.131,"[14.9409, 15.8542, 18.6992, 27.0257, 80.339, 46.3982, 33.4403, 20.364, 7.85984, 1.42092, 0.577336, 0.357346, 0.259501, 0.204784, 0.146465, 0.107029, 0.0890884, 0.0810165, 0.0792465]",-0.989446,"[65.7662, 64.2107, 67.9728, 66.9695]",0.343354
1.0,0.0457861,0.0,0.0,8.27,0.0,2007.62,50.0616,93.9577,3,"[200.0, 200.0, 200.0, 200.0, 200.0, 200.0, 200.0, 200.0, 200.0, 200.0, 200.0, 200.0, 200.0, 200.0, 200.0, 200.0, 200.0, 200.0, 200.0, 200.0, 200.0, 200.0, 200.0, 200.0, 200.0, 200.0, 200.0, 200.0, 200.0, 200.0, 200.0, 200.0, 200.0, 200.0, 200.0, 200.0]",1,4386.62,77.6824,0.464847,-0.587499,0.132,"[14.9575, 15.8677, 18.7088, 27.0177, 81.1972, 46.4676, 33.4872, 20.3588, 7.67304, 1.16196, 0.456476, 0.280884, 0.203556, 0.16048, 0.114651, 0.0837288, 0.069664, 0.0633469, 0.0619354]",-0.99175,"[65.9782, 64.3553, 70.0055, 69.9529]",0.343046
1.0,0.0445825,0.0,0.0,8.29,0.0,2008.01,50.4528,93.9573,3,"[200.0, 200.0, 200.0, 200.0, 200.0, 200.0, 200.0, 200.0, 200.0, 200.0, 200.0, 200.0, 200.0, 200.0, 200.0, 200.0, 200.0, 200.0, 200.0, 200.0, 200.0, 200.0, 200.0, 200.0, 200.0, 200.0, 200.0, 200.0, 200.0, 200.0, 200.0, 200.0, 200.0, 200.0, 200.0, 200.0]",1,4265.07,78.1055,0.516274,-0.396902,0.132,"[14.9735, 15.8783, 18.7111, 26.9839, 82.2622, 46.5986, 33.5974, 20.4179, 7.53468, 0.892391, 0.33609, 0.205379, 0.148443, 0.116854, 0.0833702, 0.060833, 0.0505905, 0.0459824, 0.0449448]",-0.994013,"[66.4159, 64.7243, 68.2187, 67.0491]",0.344603
1.0,0.0442402,0.0,0.0,8.31,0.0,2008.41,50.8452,93.9569,3,"[200.0, 200.0, 200.0, 200.0, 200.0, 200.0, 200.0, 200.0, 200.0, 200.0, 200.0, 200.0, 200.0, 200.0, 200.0, 200.0, 200.0, 200.0, 200.0, 200.0, 200.0, 200.0, 200.0, 200.0, 200.0, 200.0, 200.0, 200.0, 200.0, 200.0, 200.0, 200.0, 200.0, 200.0, 200.0, 200.0]",1,4535.27,78.3155,0.414056,-0.687544,0.132,"[14.9902, 15.8942, 18.7278, 27.0027, 83.089, 46.6032, 33.5786, 20.3473, 7.26281, 0.583275, 0.211277, 0.128483, 0.0927162, 0.0729504, 0.0520134, 0.0379295, 0.0315399, 0.0286636, 0.0280075]",-0.996269,"[66.5303, 65.0657, 73.1874, 70.3602]",0.342856
1.0,0.042483,0.0,0.0,8.33,0.0,2008.8,51.2394,93.9565,3,"[200.0, 200.0, 200.0, 200.0, 200.0, 200.0, 200.0, 200.0, 200.0, 200.0, 200.0, 200.0, 200.0, 200.0, 200.0, 200.0, 200.0, 200.0, 200.0, 200.0, 200.0, 200.0, 200.0, 200.0, 200.0, 200.0, 200.0, 200.0, 200.0, 200.0, 200.0, 200.0, 200.0, 200.0, 200.0, 200.0]",1,4284.43,78.7985,0.473438,-0.43569,0.133,"[15.0054, 15.9009, 18.7204, 26.9349, 84.5191, 46.8175, 33.7746, 20.4944, 7.18454, 0.25772, 0.0874701, 0.0527172, 0.0379047, 0.0297756, 0.0211983, 0.0154305, 0.0128174, 0.0116425, 0.0113754]",-0.998484,"[67.0908, 65.198, 68.4755, 67.819]",0.343403
1.0,0.0417344,0.0,0.0,8.35,0.0,2009.2,51.6354,93.9561,3,"[200.0, 200.0, 200.0, 200.0, 200.0, 200.0, 200.0, 200.0, 200.0, 200.0, 200.0, 200.0, 200.0, 200.0, 200.0, 200.0, 200.0, 200.0, 200.0, 200.0, 200.0, 200.0, 200.0, 200.0, 200.0, 200.0, 200.0, 200.0, 200.0, 200.0, 200.0, 200.0, 200.0, 200.0, 200.0, 200.0]",1,4470.3,79.067,0.344228,-0.654907,0.133,"[-1.0, -1.0, -1.0, -1.0, -1.0, -1.0, -1.0, -1.0, -1.0, -1.0, -1.0, -1.0, -1.0, -1.0, -1.0, -1.0, -1.0, -1.0, -1.0]",-1.00066,"[67.1543, 65.3785, 72.5506, 68.9476]",0.345244
1.0,0.039735,0.0,0.0,8.37,0.0,2009.59,52.0327,93.9558,3,"[200.0, 200.0, 200.0, 200.0, 200.0, 200.0, 200.0, 200.0, 200.0, 200.0, 200.0, 200.0, 200.0, 200.0, 200.0, 200.0, 200.0, 200.0, 200.0, 200.0, 200.0, 200.0, 200.0, 200.0, 200.0, 200.0, 200.0, 200.0, 200.0, 200.0, 200.0, 200.0, 200.0, 200.0, 200.0, 200.0]",1,4431.12,79.3822,0.646908,-0.540742,0.8,"[-1.0, -1.0, -1.0, -1.0, -1.0, -1.0, -1.0, -1.0, -1.0, -1.0, -1.0, -1.0, -1.0, -1.0, -1.0, -1.0, -1.0, -1.0, -1.0]",-1.00272,"[67.3179, 65.2958, 69.6695, 71.2104]",0.337578
1.0,0.0343844,0.0,0.0,8.39,0.0,2009.99,52.4316,93.9554,3,"[200.0, 200.0, 200.0, 200.0, 200.0, 200.0, 200.0, 200.0, 200.0, 200.0, 200.0, 200.0, 200.0, 200.0, 200.0, 200.0, 200.0, 200.0, 200.0, 200.0, 200.0, 200.0, 200.0, 200.0, 200.0, 200.0, 200.0, 200.0, 200.0, 200.0, 200.0, 200.0, 200.0, 200.0, 200.0, 200.0]",1,4406.87,79.6458,0.792001,-0.551988,0.8,"[-1.0, -1.0, -1.0, -1.0, -1.0, -1.0, -1.0, -1.0, -1.0, -1.0, -1.0, -1.0, -1.0, -1.0, -1.0, -1.0, -1.0, -1.0, -1.0]",-1.00437,"[67.3129, 63.8538, 71.4412, 68.1543]",0.345335
1.0,0.0273764,0.0,0.0,8.41,0.0,2010.39,52.8315,93.955,3,"[200.0, 200.0, 200.0, 200.0, 200.0, 200.0, 200.0, 200.0, 200.0, 200.0, 200.0, 200.0, 200.0, 200.0, 200.0, 200.0, 200.0, 200.0, 200.0, 200.0, 200.0, 200.0, 200.0, 200.0, 200.0, 200.0, 200.0, 200.0, 200.0, 200.0, 200.0, 200.0, 200.0, 200.0, 200.0, 200.0]",1,4476.43,79.8035,0.928793,-0.434434,0.8,"[-1.0, -1.0, -1.0, -1.0, -1.0, -1.0, -1.0, -1.0, -1.0, -1.0, -1.0, -1.0, -1.0, -1.0, -1.0, -1.0, -1.0, -1.0, -1.0]",-1.00559,"[67.3505, 63.6693, 70.3265, 71.1417]",0.341124
1.0,0.0189277,0.0,0.0,8.43,0.0,2010.79,53.2322,93.9546,3,"[200.0, 200.0, 200.0, 200.0, 200.0, 200.0, 200.0, 200.0, 200.0, 200.0, 200.0, 200.0, 200.0, 200.0, 200.0, 200.0, 200.0, 200.0, 200.0, 200.0, 200.0, 200.0, 200.0, 200.0, 200.0, 200.0, 200.0, 200.0, 200.0, 200.0, 200.0, 200.0, 200.0, 200.0, 200.0, 200.0]",1,4555.51,79.9982,0.57119,-0.668358,0.8,"[-1.0, -1.0, -1.0, -1.0, -1.0, -1.0, -1.0, -1.0, -1.0, -1.0, -1.0, -1.0, -1.0, -1.0, -1.0, -1.0, -1.0, -1.0, -1.0]",-1.00648,"[67.4103, 63.4853, 73.3519, 72.0535]",0.336191
1.0,0.00824707,0.0,0.0,8.45,0.0,2011.19,53.6342,93.9542,3,"[200.0, 200.0, 200.0, 200.0, 200.0, 200.0, 200.0, 200.0, 200.0, 200.0, 200.0, 200.0, 200.0, 200.0, 200.0, 200.0, 200.0, 200.0, 200.0, 200.0, 200.0, 200.0, 200.0, 200.0, 200.0, 200.0, 200.0, 200.0, 200.0, 200.0, 200.0, 200.0, 200.0, 200.0, 200.0, 200.0]",1,4416.13,80.2045,0.78103,-0.365176,0.8,"[-1.0, -1.0, -1.0, -1.0, -1.0, -1.0, -1.0, -1.0, -1.0, -1.0, -1.0, -1.0, -1.0, -1.0, -1.0, -1.0, -1.0, -1.0, -1.0]",-1.00684,"[68.2902, 63.524, 71.3453, 68.6807]",0.337366
1.0,-0.00221569,0.0,0.0,8.47,0.0,2011.6,54.0369,93.9539,3,"[200.0, 200.0, 200.0, 200.0, 200.0, 200.0, 200.0, 200.0, 200.0, 200.0, 200.0, 200.0, 200.0, 200.0, 200.0, 200.0, 200.0, 200.0, 200.0, 200.0, 200.0, 200.0, 200.0, 200.0, 200.0, 200.0, 200.0, 200.0, 200.0, 200.0, 200.0, 200.0, 200.0, 200.0, 200.0, 200.0]",1,4674.24,80.3848,0.0891833,-0.749674,0.8,"[-1.0, -1.0, -1.0, -1.0, -1.0, -1.0, -1.0, -1.0, -1.0, -1.0, -1.0, -1.0, -1.0, -1.0, -1.0, -1.0, -1.0, -1.0, -1.0]",-1.00673,"[68.3191, 63.5417, 72.6728, 75.2691]",0.337846
1.0,-0.0149205,0.0,0.0,8.49,0.0,2012.0,54.4403,93.9535,3,"[200.0, 200.0, 200.0, 200.0, 200.0, 200.0, 200.0, 200.0, 200.0, 200.0, 200.0, 200.0, 200.0, 200.0, 200.0, 200.0, 200.0, 200.0, 200.0, 200.0, 200.0, 200.0, 200.0, 200.0, 200.0, 200.0, 200.0, 200.0, 200.0, 200.0, 200.0, 200.0, 200.0, 200.0, 200.0, 200.0]",1,4650.64,80.4712,0.122554,-0.526478,0.8,"[-1.0, -1.0, -1.0, -1.0, -1.0, -1.0, -1.0, -1.0, -1.0, -1.0, -1.0, -1.0, -1.0, -1.0, -1.0, -1.0, -1.0, -1.0, -1.0]",-1.00627,"[68.8559, 63.4915, 73.6985, 74.192]",0.338437
1.0,-0.0298236,0.0,0.0,8.51,0.0,2012.4,54.8447,93.9531,3,"[200.0, 200.0, 200.0, 200.0, 200.0, 200.0, 200.0, 200.0, 200.0, 200.0, 200.0, 200.0, 200.0, 200.0, 200.0, 200.0, 200.0, 200.0, 200.0, 200.0, 200.0, 200.0, 200.0, 200.0, 200.0, 200.0, 200.0, 200.0, 200.0, 200.0, 200.0, 200.0, 200.0, 200.0, 200.0, 200.0]",1,4454.81,80.8504,-0.567045,-0.664011,0.8,"[-1.0, -1.0, -1.0, -1.0, -1.0, -1.0, -1.0, -1.0, -1.0, -1.0, -1.0, -1.0, -1.0, -1.0, -1.0, -1.0, -1.0, -1.0, -1.0]",-1.00512,"[69.2011, 63.401, 72.1633, 69.4458]",0.338472
1.0,-0.0407789,0.0,0.0,8.53,0.0,2012.81,55.2506,93.9527,3,"[200.0, 200.0, 200.0, 200.0, 200.0, 200.0, 200.0, 200.0, 200.0, 200.0, 200.0, 200.0, 200.0, 200.0, 200.0, 200.0, 200.0, 200.0, 200.0, 200.0, 200.0, 200.0, 200.0, 200.0, 200.0, 200.0, 200.0, 200.0, 200.0, 200.0, 200.0, 200.0, 200.0, 200.0, 200.0, 200.0]",1,4731.26,80.8799,-0.589314,-0.584312,0.8,"[-1.0, -1.0, -1.0, -1.0, -1.0, -1.0, -1.0, -1.0, -1.0, -1.0, -1.0, -1.0, -1.0, -1.0, -1.0, -1.0, -1.0, -1.0, -1.0]",-1.00356,"[68.6406, 63.7574, 73.8158, 75.5742]",0.340425
1.0,-0.0567177,0.0,0.0,8.55,0.0,2013.22,55.6561,93.9522,3,"[200.0, 200.0, 200.0, 200.0, 200.0, 200.0, 200.0, 200.0, 200.0, 200.0, 200.0, 200.0, 200.0, 200.0, 200.0, 200.0, 200.0, 200.0, 200.0, 200.0, 200.0, 200.0, 200.0, 200.0, 200.0, 200.0, 200.0, 200.0, 200.0, 200.0, 200.0, 200.0, 200.0, 200.0, 200.0, 200.0]",1,4699.88,81.0493,-1.31634,-0.749655,0.8,"[-1.0, -1.0, -1.0, -1.0, -1.0, -1.0, -1.0, -1.0, -1.0, -1.0, -1.0, -1.0, -1.0, -1.0, -1.0, -1.0, -1.0, -1.0, -1.0]",-1.00138,"[69.1008, 63.4174, 76.6666, 73.9357]",0.338608
1.0,-0.069701,0.0,0.0,8.57,0.0,2013.62,56.0637,93.9518,3,"[200.0, 200.0, 200.0, 200.0, 200.0, 200.0, 200.0, 200.0, 200.0, 200.0, 200.0, 200.0, 200.0, 200.0, 200.0, 200.0, 200.0, 200.0, 200.0, 200.0, 200.0, 200.0, 200.0, 200.0, 200.0, 200.0, 200.0, 200.0, 200.0, 200.0, 200.0, 200.0, 200.0, 200.0, 200.0, 200.0]",1,4568.74,81.3456,-1.42618,-0.580026,0.8,"[15.0356, 15.3411, 17.1864, 22.13, 200.0, 71.2918, 50.6484, 37.5222, 24.2928, 10.9329, 0.470776, 0.0921774, 0.0507078, 0.0351543, 0.02211, 0.0147781, 0.0116959, 0.0102539, 0.00971985]",-0.998707,"[68.9891, 63.595, 73.0973, 71.4909]",0.343379
1.0,-0.0851768,0.0,0.0,8.59,0.0,2014.03,56.4709,93.9514,3,"[200.0, 200.0, 200.0, 200.0, 200.0, 200.0, 200.0, 200.0, 200.0, 200.0, 200.0, 200.0, 200.0, 200.0, 200.0, 200.0, 200.0, 200.0, 200.0, 200.0, 200.0, 200.0, 200.0, 200.0, 200.0, 200.0, 200.0, 200.0, 200.0, 200.0, 200.0, 200.0, 200.0, 200.0, 200.0, 200.0]",1,4990.63,81.2529,-2.18707,-0.87813,0.134,"[15.0333, 15.2606, 16.99, 21.6282, 200.0, 77.9696, 53.5646, 39.9258, 26.7873, 13.5746, 2.15042, 0.374671, 0.194046, 0.131233, 0.0807915, 0.0532646, 0.0418434, 0.036499, 0.034462]",-0.995422,"[69.7285, 64.6109, 79.7832, 79.4395]",0.343865
1.0,-0.100165,0.0,0.0,8.61,0.0,2014.44,56.88,93.951,3,"[200.0, 200.0, 200.0, 200.0, 200.0, 200.0, 200.0, 200.0, 200.0, 200.0, 200.0, 200.0, 200.0, 200.0, 200.0, 200.0, 200.0, 200.0, 200.0, 200.0, 200.0, 200.0, 200.0, 200.0, 200.0, 200.0, 200.0, 200.0, 200.0, 200.0, 200.0, 200.0, 200.0, 200.0, 200.0, 200.0]",1,4531.87,81.7742,-2.49765,-0.57694,0.134,"[15.031, 15.1833, 16.8042, 21.1681, 89.7265, 86.163, 56.8982, 42.2463, 29.1946, 16.0906, 4.2652, 0.786508, 0.382094, 0.25178, 0.151594, 0.0985527, 0.07687, 0.0667267, 0.0627289]",-0.991679,"[71.0401, 66.1937, 73.3145, 70.3664]",0.343045
1.0,-0.112521,0.0,0.0,8.63,0.0,2014.85,57.2903,93.9506,3,"[200.0, 200.0, 200.0, 200.0, 200.0, 200.0, 200.0, 200.0, 200.0, 200.0, 200.0, 200.0, 200.0, 200.0, 200.0, 200.0, 200.0, 200.0, 200.0, 200.0, 200.0, 200.0, 200.0, 200.0, 200.0, 200.0, 200.0, 200.0, 200.0, 200.0, 200.0, 200.0, 200.0, 200.0, 200.0, 200.0]",1,4931.91,81.8668,-3.24393,-0.797833,0.133,"[15.0233, 15.114, 16.6473, 20.7971, 40.5561, 95.0567, 60.1987, 44.1695, 31.1979, 18.1902, 6.25184, 1.33906, 0.619173, 0.399139, 0.235756, 0.151493, 0.117443, 0.101524, 0.095108]",-0.987399,"[71.0761, 66.3801, 78.8481, 77.1471]",0.342592
1.0,-0.124486,0.0,0.0,8.65,0.0,2015.26,57.7021,93.9501,3,"[200.0, 200.0, 200.0, 200.0, 200.0, 200.0, 200.0, 200.0, 200.0, 200.0, 200.0, 200.0, 200.0, 200.0, 200.0, 200.0, 200.0, 200.0, 200.0, 200.0, 200.0, 200.0, 200.0, 200.0, 200.0, 200.0, 200.0, 200.0, 200.0, 200.0, 200.0, 200.0, 200.0, 200.0, 200.0, 200.0]",1,4602.13,82.3561,-3.64234,-0.740776,0.133,"[15.0154, 15.047, 16.4977, 20.4513, 36.6292, 106.179, 63.9701, 46.0243, 33.1289, 20.2023, 8.19031, 2.03643, 0.90166, 0.568443, 0.329319, 0.209152, 0.161186, 0.138779, 0.12957]",-0.982858,"[71.1771, 66.7495, 74.4128, 72.1544]",0.345206
1.0,-0.133288,0.0,0.0,8.67,0.0,2015.68,58.1158,93.9497,3,"[200.0, 200.0, 200.0, 200.0, 200.0, 200.0, 200.0, 200.0, 200.0, 200.0, 200.0, 200.0, 200.0, 200.0, 200.0, 200.0, 200.0, 200.0, 200.0, 200.0, 200.0, 200.0, 200.0, 200.0, 200.0, 200.0, 200.0, 200.0, 200.0, 200.0, 200.0, 200.0, 200.0, 200.0, 200.0, 200.0]",1,4790.49,82.5542,-3.71741,-0.775152,0.133,"[14.9978, 14.9861, 16.3759, 20.1876, 34.73, 117.624, 67.4072, 47.4927, 34.5893, 21.7467, 9.76524, 2.81376, 1.22854, 0.763336, 0.43623, 0.274715, 0.210773, 0.180931, 0.16851]",-0.97773,"[71.0922, 67.3957, 77.2517, 74.7162]",0.342817
1.0,-0.142995,0.0,0.0,8.69,0.0,2016.09,58.5304,93.9493,3,"[200.0, 200.0, 200.0, 200.0, 200.0, 200.0, 200.0, 200.0, 200.0, 200.0, 200.0, 200.0, 200.0, 200.0, 200.0, 200.0, 200.0, 200.0, 200.0, 200.0, 200.0, 200.0, 200.0, 200.0, 200.0, 200.0, 200.0, 200.0, 200.0, 200.0, 200.0, 200.0, 200.0, 200.0, 200.0, 200.0]",1,4828.25,82.8316,-3.82317,-0.73081,0.132,"[14.9802, 14.921, 16.2453, 19.9076, 33.0797, 133.669, 71.761, 49.3021, 36.1811, 23.4156, 11.442, 3.7534, 1.62351, 0.992588, 0.558451, 0.348328, 0.265949, 0.227531, 0.211342]",-0.972108,"[71.4296, 67.3904, 76.0457, 77.7908]",0.341335
1.0,-0.149053,0.0,0.0,8.71,0.0,2016.51,58.947,93.9488,3,"[200.0, 200.0, 200.0, 200.0, 200.0, 200.0, 200.0, 200.0, 200.0, 200.0, 200.0, 200.0, 200.0, 200.0, 200.0, 200.0, 200.0, 200.0, 200.0, 200.0, 200.0, 200.0, 200.0, 200.0, 200.0, 200.0, 200.0, 200.0, 200.0, 200.0, 200.0, 200.0, 200.0, 200.0, 200.0, 200.0]",1,4741.39,83.2156,-4.39304,-0.883042,-0.8,"[14.9514, 14.863, 16.1452, 19.7116, 32.1349, 149.324, 75.3638, 50.6582, 37.2313, 24.5461, 12.6467, 4.60057, 2.02368, 1.23008, 0.686441, 0.425758, 0.3241, 0.276718, 0.256607]",-0.966164,"[71.1043, 68.5241, 76.792, 73.5725]",0.345017
1.0,-0.144708,0.0,0.0,8.73,0.0,2016.93,59.3658,93.9484,3,"[200.0, 200.0, 200.0, 200.0, 200.0, 200.0, 200.0, 200.0, 200.0, 200.0, 200.0, 200.0, 200.0, 200.0, 200.0, 200.0, 200.0, 200.0, 200.0, 200.0, 200.0, 200.0, 200.0, 200.0, 200.0, 200.0, 200.0, 200.0, 200.0, 200.0, 200.0, 200.0, 200.0, 200.0, 200.0, 200.0]",1,4707.09,83.4779,-4.91731,-0.614258,-0.8,"[14.8968, 14.8297, 16.1339, 19.7438, 32.5242, 149.603, 74.7978, 50.1187, 36.7496, 24.164, 12.5217, 4.84443, 2.25548, 1.3983, 0.790464, 0.493279, 0.376514, 0.321999, 0.298981]",-0.960551,"[69.7568, 69.9772, 73.2305, 76.2106]",0.338841
1.0,-0.132074,0.0,0.0,8.75,0.0,2017.35,59.7866,93.948,3,"[200.0, 200.0, 200.0, 200.0, 200.0, 200.0, 200.0, 200.0, 200.0, 200.0, 200.0, 200.0, 200.0, 200.0, 200.0, 200.0, 200.0, 200.0, 200.0, 200.0, 200.0, 200.0, 200.0, 200.0, 200.0, 200.0, 200.0, 200.0, 200.0, 200.0, 200.0, 200.0, 200.0, 200.0, 200.0, 200.0]",1,4743.55,83.797,-4.40563,-0.893768,-0.8,"[14.8248, 14.8191, 16.1972, 19.9663, 34.1881, 136.63, 70.8519, 48.0736, 35.0624, 22.6168, 11.4406, 4.63109, 2.32333, 1.4915, 0.866508, 0.54879, 0.421837, 0.362419, 0.337723]",-0.955361,"[68.7851, 70.2019, 76.3602, 74.6607]",0.344528
1.0,-0.111686,0.0,0.0,8.77,0.0,2017.77,60.2092,93.9476,3,"[200.0, 200.0, 200.0, 200.0, 200.0, 200.0, 200.0, 200.0, 200.0, 200.0, 200.0, 200.0, 200.0, 200.0, 200.0, 200.0, 200.0, 200.0, 200.0, 200.0, 200.0, 200.0, 200.0, 200.0, 200.0, 200.0, 200.0, 200.0, 200.0, 200.0, 200.0, 200.0, 200.0, 200.0, 200.0, 200.0]",1,4579.36,84.0419,-4.13379,-0.543367,-0.8,"[14.7449, 14.8377, 16.3417, 20.397, 38.5521, 116.377, 64.5378, 44.8854, 32.2603, 20.0399, 9.66445, 4.12536, 2.25055, 1.50817, 0.909279, 0.588501, 0.457256, 0.395668, 0.370819]",-0.950864,"[67.6387, 72.0371, 71.0543, 74.0705]",0.339822
1.0,-0.0862396,0.0,0.0,8.79,0.0,2018.19,60.6333,93.9472,3,"[200.0, 200.0, 200.0, 200.0, 200.0, 200.0, 200.0, 200.0, 200.0, 200.0, 200.0, 200.0, 200.0, 200.0, 200.0, 200.0, 200.0, 200.0, 200.0, 200.0, 200.0, 200.0, 200.0, 200.0, 200.0, 200.0, 200.0, 200.0, 200.0, 200.0, 200.0, 200.0, 200.0, 200.0, 200.0, 200.0]",1,4705.13,84.2866,-3.17116,-0.665359,0.128,"[14.6722, 14.8878, 16.5581, 21.0165, 57.4658, 96.8816, 57.7032, 41.2468, 28.7514, 16.8998, 7.73763, 3.56024, 2.10371, 1.4707, 0.922234, 0.611732, 0.481396, 0.420174, 0.396576]",-0.947318,"[68.1781, 73.0972, 74.1195, 75.2023]",0.342043
1.0,-0.0605491,0.0,0.0,8.81,0.0,2018.62,61.0593,93.9467,3,"[200.0, 200.0, 200.0, 200.0, 200.0, 200.0, 200.0, 200.0, 200.0, 200.0, 200.0, 200.0, 200.0, 200.0, 200.0, 200.0, 200.0, 200.0, 200.0, 200.0, 200.0, 200.0, 200.0, 200.0, 200.0, 200.0, 200.0, 200.0, 200.0, 200.0, 200.0, 200.0, 200.0, 200.0, 200.0, 200.0]",1,4693.12,84.697,-1.86998,-0.617925,0.128,"[14.6172, 14.9576, 16.8063, 21.73, 106.006, 82.4136, 51.9446, 37.6239, 25.2551, 13.9423, 6.21929, 3.11355, 1.96126, 1.41962, 0.921219, 0.625103, 0.497955, 0.438316, 0.416634]",-0.944551,"[68.8693, 73.597, 72.8723, 76.0353]",0.341811
1.0,-0.0414847,0.0,0.0,8.83,0.0,2019.05,61.4877,93.9463,3,"[200.0, 200.0, 200.0, 200.0, 200.0, 200.0, 200.0, 200.0, 200.0, 200.0, 200.0, 200.0, 200.0, 200.0, 200.0, 200.0, 200.0, 200.0, 200.0, 200.0, 200.0, 200.0, 200.0, 200.0, 200.0, 200.0, 200.0, 200.0, 200.0, 200.0, 200.0, 200.0, 200.0, 200.0, 200.0, 200.0]",1,4648.79,85.1126,-0.449722,-0.52261,0.127,"[14.5811, 15.0147, 17.0027, 22.3143, 200.0, 74.3143, 48.321, 34.9625, 22.7452, 11.9926, 5.39404, 2.87853, 1.88752, 1.397, 0.92746, 0.639351, 0.513756, 0.455025, 0.434753]",-0.942083,"[69.782, 72.8019, 73.2447, 74.3403]",0.340595
1.0,-0.0294116,0.0,0.0,8.85,0.0,2019.48,61.9178,93.9459,3,"[200.0, 200.0, 200.0, 200.0, 200.0, 200.0, 200.0, 200.0, 200.0, 200.0, 200.0, 200.0, 200.0, 200.0, 200.0, 200.0, 200.0, 200.0, 200.0, 200.0, 200.0, 200.0, 200.0, 200.0, 200.0, 200.0, 200.0, 200.0, 200.0, 200.0, 200.0, 200.0, 200.0, 200.0, 200.0, 200.0]",1,4783.5,85.4078,0.274137,-0.632869,0.126,"[14.5571, 15.05, 17.1289, 22.7065, 200.0, 70.2632, 46.2814, 33.3067, 21.2243, 10.9149, 5.00562, 2.77918, 1.86474, 1.39808, 0.940884, 0.654858, 0.52906, 0.47039, 0.45089]",-0.939907,"[70.8918, 72.1395, 74.9349, 76.3266]",0.342657
1.0,-0.023516,0.0,0.0,8.87,0.0,2019.91,62.3496,93.9455,3,"[200.0, 200.0, 200.0, 200.0, 200.0, 200.0, 200.0, 200.0, 200.0, 200.0, 200.0, 200.0, 200.0, 200.0, 200.0, 200.0, 200.0, 200.0, 200.0, 200.0, 200.0, 200.0, 200.0, 200.0, 200.0, 200.0, 200.0, 200.0, 200.0, 200.0, 200.0, 200.0, 200.0, 200.0, 200.0, 200.0]",1,4646.29,85.8255,0.826001,-0.508597,0.126,"[14.5382, 15.0599, 17.1827, 22.8924, 200.0, 68.9735, 45.4058, 32.5356, 20.5467, 10.4963, 4.90146, 2.77882, 1.88572, 1.42274, 0.963814, 0.673962, 0.545929, 0.486298, 0.466888]",-0.937765,"[72.2208, 71.7402, 74.4255, 73.5357]",0.340967
1.0,-0.0208858,0.0,0.0,8.89,0.0,2020.34,62.7837,93.945,3,"[200.0, 200.0, 200.0, 200.0, 200.0, 200.0, 200.0, 200.0, 200.0, 200.0, 200.0, 200.0, 200.0, 200.0, 200.0, 200.0, 200.0, 200.0, 200.0, 200.0, 200.0, 200.0, 200.0, 200.0, 200.0, 200.0, 200.0, 200.0, 200.0, 200.0, 200.0, 200.0, 200.0, 200.0, 200.0, 200.0]",1,4761.12,86.1403,0.78947,-0.527994,0.126,"[14.5219, 15.0562, 17.1973, 22.9624, 200.0, 69.052, 45.1083, 32.2262, 20.2988, 10.3878, 4.91991, 2.8214, 1.92547, 1.4572, 0.990234, 0.693943, 0.56279, 0.50174, 0.482056]",-0.935739,"[72.7266, 71.791, 75.2656, 75.5643]",0.342895
1.0,-0.0198339,0.0,0.0,8.91,0.0,2020.78,63.2192,93.9446,3,"[200.0, 200.0, 200.0, 200.0, 200.0, 200.0, 200.0, 200.0, 200.0, 200.0, 200.0, 200.0, 200.0, 200.0, 200.0, 200.0, 200.0, 200.0, 200.0, 200.0, 200.0, 200.0, 200.0, 200.0, 200.0, 200.0, 200.0, 200.0, 200.0, 200.0, 200.0, 200.0, 200.0, 200.0, 200.0, 200.0]",1,4808.23,86.4762,0.745663,-0.566292,0.125,"[14.508, 15.0468, 17.1939, 22.9767, 200.0, 69.8389, 45.0929, 32.1338, 20.2475, 10.4106, 4.98444, 2.87761, 1.96973, 1.49292, 1.016, 0.712687, 0.578281, 0.515738, 0.495659]",-0.933925,"[73.3979, 71.8026, 76.2476, 77.1718]",0.342109
1.0,-0.0199598,0.0,0.0,8.93,0.0,2021.22,63.6571,93.9441,3,"[200.0, 200.0, 200.0, 200.0, 200.0, 200.0, 200.0, 200.0, 200.0, 200.0, 200.0, 200.0, 200.0, 200.0, 200.0, 200.0, 200.0, 200.0, 200.0, 200.0, 200.0, 200.0, 200.0, 200.0, 200.0, 200.0, 200.0, 200.0, 200.0, 200.0, 200.0, 200.0, 200.0, 200.0, 200.0, 200.0]",1,4757.55,86.8922,0.624619,-0.472873,0.125,"[14.4946, 15.0322, 17.1757, 22.9471, 177.643, 71.2553, 45.3089, 32.2063, 20.347, 10.537, 5.09059, 2.94977, 2.02143, 1.53277, 1.04343, 0.731987, 0.593948, 0.529701, 0.509064]",-0.932139,"[73.6984, 72.1104, 76.0648, 74.8]",0.342866
1.0,-0.0202101,0.0,0.0,8.95,0.0,2021.66,64.0967,93.9437,3,"[200.0, 200.0, 200.0, 200.0, 200.0, 200.0, 200.0, 200.0, 200.0, 200.0, 200.0, 200.0, 200.0, 200.0, 200.0, 200.0, 200.0, 200.0, 200.0, 200.0, 200.0, 200.0, 200.0, 200.0, 200.0, 200.0, 200.0, 200.0, 200.0, 200.0, 200.0, 200.0, 200.0, 200.0, 200.0, 200.0]",1,4969.92,87.1432,0.462258,-0.581307,0.125,"[14.4823, 15.0182, 17.1573, 22.9148, 147.596, 72.8803, 45.5712, 32.2919, 20.4552, 10.6645, 5.19292, 3.01815, 2.07003, 1.57008, 1.06895, 0.749893, 0.608452, 0.542603, 0.521423]",-0.930491,"[74.1145, 72.2854, 77.7512, 80.3156]",0.341958
1.0,-0.0212987,0.0,0.0,8.97,0.0,2022.1,64.5383,93.9432,3,"[200.0, 200.0, 200.0, 200.0, 200.0, 200.0, 200.0, 200.0, 200.0, 200.0, 200.0, 200.0, 200.0, 200.0, 200.0, 200.0, 200.0, 200.0, 200.0, 200.0, 200.0, 200.0, 200.0, 200.0, 200.0, 200.0, 200.0, 200.0, 200.0, 200.0, 200.0, 200.0, 200.0, 200.0, 200.0, 200.0]",1,4783.06,87.6338,0.339682,-0.486134,0.125,"[14.4706, 15.0005, 17.1286, 22.8517, 125.071, 75.1463, 46.0322, 32.4938, 20.669, 10.8645, 5.32582, 3.09852, 2.12437, 1.61048, 1.09569, 0.768154, 0.623016, 0.555405, 0.533577]",-0.928872,"[74.3358, 72.6759, 76.6162, 75.1589]",0.343177
1.0,-0.0215252,0.0,0.0,8.99,0.0,2022.54,64.9819,93.9428,3,"[200.0, 200.0, 200.0, 200.0, 200.0, 200.0, 200.0, 200.0, 200.0, 200.0, 200.0, 200.0, 200.0, 200.0, 200.0, 200.0, 200.0, 200.0, 200.0, 200.0, 200.0, 200.0, 200.0, 200.0, 200.0, 200.0, 200.0, 200.0, 200.0, 200.0, 200.0, 200.0, 200.0, 200.0, 200.0, 200.0]",1,4835.8,87.9775,0.293727,-0.442694,0.124,"[14.4587, 14.9869, 17.1111, 22.8212, 111.828, 77.1897, 46.3576, 32.5734, 20.7701, 10.9838, 5.42323, 3.16437, 2.17134, 1.64657, 1.12038, 0.785473, 0.637024, 0.567886, 0.545525]",-0.92728,"[74.7251, 72.9771, 77.0536, 76.1206]",0.341948
1.0,-0.0225599,0.0,0.0,9.01,0.0,2022.99,65.4271,93.9423,3,"[200.0, 200.0, 200.0, 200.0, 200.0, 200.0, 200.0, 200.0, 200.0, 200.0, 200.0, 200.0, 200.0, 200.0, 200.0, 200.0, 200.0, 200.0, 200.0, 200.0, 200.0, 200.0, 200.0, 200.0, 200.0, 200.0, 200.0, 200.0, 200.0, 200.0, 200.0, 200.0, 200.0, 200.0, 200.0, 200.0]",1,4971.94,88.2778,0.0857016,-0.638477,0.124,"[14.4475, 14.97, 17.0837, 22.7615, 100.31, 80.0054, 46.8958, 32.7647, 20.9723, 11.1732, 5.55055, 3.24195, 2.22375, 1.68556, 1.14616, 0.803043, 0.651031, 0.580185, 0.557205]",-0.925725,"[74.8186, 73.1228, 78.1898, 80.2966]",0.343137
0.779,-0.0233429,0.0,0.0,9.03,0.0,2023.43,65.8744,93.942,3,"[200.0, 200.0, 200.0, 200.0, 200.0, 200.0, 200.0, 200.0, 200.0, 200.0, 200.0, 200.0, 200.0, 200.0, 200.0, 200.0, 200.0, 200.0, 200.0, 200.0, 200.0, 200.0, 200.0, 200.0, 200.0, 200.0, 200.0, 200.0, 200.0, 200.0, 200.0, 200.0, 200.0, 200.0, 200.0, 200.0]",1,4829.09,88.6252,0.15357,-0.418611,0.124,"[14.436, 14.9542, 17.0595, 22.7111, 91.9575, 83.0418, 47.4333, 32.9207, 21.1421, 11.3395, 5.66853, 3.31609, 2.27469, 1.7238, 1.17166, 0.820583, 0.665047, 0.592552, 0.56897]",-0.924159,"[75.3379, 73.4947, 77.5278, 75.6597]",0.342283
0.621,-0.0238822,0.0,0.0,9.05,0.0,2023.88,66.3228,93.9418,3,"[200.0, 200.0, 200.0, 200.0, 200.0, 200.0, 200.0, 200.0, 200.0, 200.0, 200.0, 200.0, 200.0, 200.0, 200.0, 200.0, 200.0, 200.0, 200.0, 200.0, 200.0, 200.0, 200.0, 200.0, 200.0, 200.0, 200.0, 200.0, 200.0, 200.0, 200.0, 200.0, 200.0, 200.0, 200.0, 200.0]",1,4875.64,88.7982,-0.0168018,-0.665073,0.124,"[14.4245, 14.9395, 17.0383, 22.6698, 85.6591, 86.325, 47.9687, 33.0424, 21.2801, 11.483, 5.77665, 3.38649, 2.32384, 1.76105, 1.19678, 0.837975, 0.679031, 0.604919, 0.58075]",-0.922588,"[75.3556, 73.6448, 77.2448, 77.7089]",0.342108
0.481,-0.0247801,0.0,0.0,9.07,0.0,2024.33,66.7721,93.9416,3,"[200.0, 200.0, 200.0, 200.0, 200.0, 200.0, 200.0, 200.0, 200.0, 200.0, 200.0, 200.0, 200.0, 200.0, 200.0, 200.0, 200.0, 200.0, 200.0, 200.0, 200.0, 200.0, 200.0, 200.0, 200.0, 200.0, 200.0, 200.0, 200.0, 200.0, 200.0, 200.0, 200.0, 200.0, 200.0, 200.0]",1,4808.27,88.9535,0.105124,-0.449498,0.124,"[14.4127, 14.9228, 17.0123, 22.6149, 80.1132, 90.4204, 48.6551, 33.2153, 21.4654, 11.6613, 5.90228, 3.46511, 2.3776, 1.80123, 1.22345, 0.856228, 0.693588, 0.617729, 0.592918]",-0.920969,"[75.66, 73.7841, 77.3463, 75.2273]",0.3431
0.446,-0.0252875,0.0,0.0,9.09,0.0,2024.78,67.2222,93.9415,3,"[200.0, 200.0, 200.0, 200.0, 200.0, 200.0, 200.0, 200.0, 200.0, 200.0, 200.0, 200.0, 200.0, 200.0, 200.0, 200.0, 200.0, 200.0, 200.0, 200.0, 200.0, 200.0, 200.0, 200.0, 200.0, 200.0, 200.0, 200.0, 200.0, 200.0, 200.0, 200.0, 200.0, 200.0, 200.0, 200.0]",1,4870.22,89.0382,-0.0498075,-0.660669,0.124,"[14.4006, 14.9076, 16.9909, 22.5741, 75.8914, 94.8041, 49.3114, 33.3341, 21.6012, 11.8043, 6.01263, 3.53798, 2.4288, 1.84011, 1.24971, 0.874416, 0.708214, 0.630669, 0.605255]",-0.919325,"[75.6531, 73.9327, 76.8828, 77.4388]",0.340533
0.372,-0.026358,0.0,0.0,9.11,0.0,2025.23,67.6726,93.9413,3,"[200.0, 200.0, 200.0, 200.0, 200.0, 200.0, 200.0, 200.0, 200.0, 200.0, 200.0, 200.0, 200.0, 200.0, 200.0, 200.0, 200.0, 200.0, 200.0, 200.0, 200.0, 200.0, 200.0, 200.0, 200.0, 200.0, 200.0, 200.0, 200.0, 200.0, 200.0, 200.0, 200.0, 200.0, 200.0, 200.0]",1,4805.11,89.1364,0.0623242,-0.46766,0.123,"[14.3884, 14.8896, 16.9622, 22.5125, 71.8403, 100.582, 50.2015, 33.5319, 21.8099, 12.0011, 6.14954, 3.62301, 2.48648, 1.88304, 1.27801, 0.893661, 0.723518, 0.644096, 0.617966]",-0.917633,"[75.853, 73.9261, 77.3031, 75.1491]",0.343916
0.325,-0.0271791,0.0,0.0,9.13,0.0,2025.68,68.1235,93.9412,3,"[200.0, 200.0, 200.0, 200.0, 200.0, 200.0, 200.0, 200.0, 200.0, 200.0, 200.0, 200.0, 200.0, 200.0, 200.0, 200.0, 200.0, 200.0, 200.0, 200.0, 200.0, 200.0, 200.0, 200.0, 200.0, 200.0, 200.0, 200.0, 200.0, 200.0, 200.0, 200.0, 200.0, 200.0, 200.0, 200.0]",1,4815.12,89.1893,-0.0498156,-0.592634,0.123,"[14.3757, 14.8723, 16.9361, 22.4594, 68.5675, 107.174, 51.1188, 33.6962, 21.9885, 12.177, 6.27869, 3.70588, 2.54372, 1.926, 1.30662, 0.913281, 0.739189, 0.65789, 0.631065]",-0.915888,"[75.8297, 74.0546, 76.7428, 75.9657]",0.339212
0.244,-0.0284956,0.0,0.0,9.15,0.0,2026.13,68.5747,93.9411,3,"[200.0, 200.0, 200.0, 200.0, 200.0, 200.0, 200.0, 200.0, 200.0, 200.0, 200.0, 200.0, 200.0, 200.0, 200.0, 200.0, 200.0, 200.0, 200.0, 200.0, 200.0, 200.0, 200.0, 200.0, 200.0, 200.0, 200.0, 200.0, 200.0, 200.0, 200.0, 200.0, 200.0, 200.0, 200.0, 200.0]",1,4791.11,89.2069,-0.0191407,-0.515931,0.123,"[14.3628, 14.8524, 16.9035, 22.3883, 65.4121, 115.951, 52.3047, 33.9304, 22.2314, 12.4012, 6.43289, 3.80071, 2.60741, 1.97301, 1.33735, 0.934018, 0.755581, 0.672225, 0.644597]",-0.914089,"[76.0098, 73.8904, 77.2769, 74.7264]",0.344451
0.172,-0.0296171,0.0,0.0,9.17,0.0,2026.59,69.026,93.9411,3,"[200.0, 200.0, 200.0, 200.0, 200.0, 200.0, 200.0, 200.0, 200.0, 200.0, 200.0, 200.0, 200.0, 200.0, 200.0, 200.0, 200.0, 200.0, 200.0, 200.0, 200.0, 200.0, 200.0, 200.0, 200.0, 200.0, 200.0, 200.0, 200.0, 200.0, 200.0, 200.0, 200.0, 200.0, 200.0, 200.0]",1,4772.91,89.199,-0.0516066,-0.494879,0.123,"[14.3495, 14.833, 16.8729, 22.3238, 62.7794, 126.543, 53.5684, 34.1404, 22.4509, 12.6097, 6.58178, 3.89439, 2.67111, 2.02041, 1.36853, 0.955177, 0.772385, 0.686951, 0.658524]",-0.912235,"[75.8263, 74.0574, 76.5386, 74.9791]",0.342211
0.098,-0.0312751,0.0,0.0,9.19,0.0,2027.04,69.4771,93.9411,3,"[200.0, 200.0, 200.0, 200.0, 200.0, 200.0, 200.0, 200.0, 200.0, 200.0, 200.0, 200.0, 200.0, 200.0, 200.0, 200.0, 200.0, 200.0, 200.0, 200.0, 200.0, 200.0, 200.0, 200.0, 200.0, 200.0, 200.0, 200.0, 200.0, 200.0, 200.0, 200.0, 200.0, 200.0, 200.0, 200.0]",1,4752.65,89.1478,-0.094689,-0.516973,0.122,"[14.3357, 14.8106, 16.835, 22.2396, 60.1835, 141.405, 55.198, 34.4549, 22.7416, 12.8734, 6.76121, 4.00331, 2.7435, 2.07338, 1.40272, 0.978035, 0.790352, 0.702576, 0.67321]",-0.910281,"[76.029, 73.7979, 76.4271, 74.4714]",0.339467
0.015,-0.0326675,0.0,0.0,9.21,0.0,2027.49,69.928,93.9411,3,"[200.0, 200.0, 200.0, 200.0, 200.0, 200.0, 200.0, 200.0, 200.0, 200.0, 200.0, 200.0, 200.0, 200.0, 200.0, 200.0, 200.0, 200.0, 200.0, 200.0, 200.0, 200.0, 200.0, 200.0, 200.0, 200.0, 200.0, 200.0, 200.0, 200.0, 200.0, 200.0, 200.0, 200.0, 200.0, 200.0]",1,4743.51,89.0635,-0.131278,-0.492849,0.122,"[14.3217, 14.7892, 16.8003, 22.1651, 58.0177, 160.499, 56.9367, 34.7674, 22.9984, 13.1125, 6.93003, 4.10846, 2.81425, 2.12553, 1.43668, 1.00088, 0.80838, 0.718315, 0.688034]",-0.90831,"[75.6713, 73.9247, 76.2577, 74.3329]",0.343372
0.0,-0.0344051,0.067,0.0,9.23,0.0,2027.94,70.3781,93.941,3,"[200.0, 200.0, 200.0, 200.0, 200.0, 200.0, 200.0, 200.0, 200.0, 200.0, 200.0, 200.0, 200.0, 200.0, 200.0, 200.0, 200.0, 200.0, 200.0, 200.0, 200.0, 200.0, 200.0, 200.0, 200.0, 200.0, 200.0, 200.0, 200.0, 200.0, 200.0, 200.0, 200.0, 200.0, 200.0, 200.0]",1,4664.32,88.8425,-0.120628,-0.438595,0.122,"[14.3067, 14.7651, 16.7602, 22.0771, 55.9352, 188.775, 59.0812, 35.1796, 23.3045, 13.3927, 7.12506, 4.22817, 2.89396, 2.18382, 1.47427, 1.02596, 0.828079, 0.735435, 0.704117]",-0.906173,"[74.7314, 72.6911, 74.7396, 73.5029]",0.338116
0.0,-0.0359982,0.172,0.0,9.25,0.0,2028.39,70.8265,93.9409,3,"[200.0, 200.0, 200.0, 200.0, 200.0, 200.0, 200.0, 200.0, 200.0, 200.0, 200.0, 200.0, 200.0, 200.0, 200.0, 200.0, 200.0, 200.0, 200.0, 200.0, 200.0, 200.0, 200.0, 200.0, 200.0, 200.0, 200.0, 200.0, 200.0, 200.0, 200.0, 200.0, 200.0, 200.0, 200.0, 200.0]",1,4672.37,88.2729,-0.276594,-0.466273,0.122,"[14.292, 14.7421, 16.7224, 21.9955, 54.1319, 200.0, 61.4654, 35.6142, 23.5893, 13.656, 7.31134, 4.34394, 2.97133, 2.24056, 1.5109, 1.05043, 0.847298, 0.752151, 0.719826]",-0.904085,"[74.1946, 71.381, 75.1587, 73.1465]",0.344142
0.0,-0.0377558,0.192,0.0,9.27,0.0,2028.83,71.2719,93.9408,3,"[200.0, 200.0, 200.0, 200.0, 200.0, 200.0, 200.0, 200.0, 200.0, 200.0, 200.0, 200.0, 200.0, 200.0, 200.0, 200.0, 200.0, 200.0, 200.0, 200.0, 200.0, 200.0, 200.0, 200.0, 200.0, 200.0, 200.0, 200.0, 200.0, 200.0, 200.0, 200.0, 200.0, 200.0, 200.0, 200.0]",1,4519.05,87.7552,-0.221437,-0.373138,0.122,"[14.2763, 14.7172, 16.6814, 21.907, 52.4445, 200.0, 64.314, 36.1346, 23.8999, 13.9426, 7.51497, 4.4705, 3.05571, 2.30225, 1.55058, 1.07684, 0.868011, 0.770149, 0.736702]",-0.901842,"[71.8392, 70.639, 71.7618, 72.0327]",0.338163
0.0,-0.0395959,0.115,0.0,9.29,0.0,2029.28,71.715,93.9408,3,"[200.0, 200.0, 200.0, 200.0, 200.0, 200.0, 200.0, 200.0, 200.0, 200.0, 200.0, 200.0, 200.0, 200.0, 200.0, 200.0, 200.0, 200.0, 200.0, 200.0, 200.0, 200.0, 200.0, 200.0, 200.0, 200.0, 200.0, 200.0, 200.0, 200.0, 200.0, 200.0, 200.0, 200.0, 200.0, 200.0]",1,4611.84,87.2395,-0.38185,-0.446294,0.121,"[14.261, 14.6924, 16.64, 21.817, 50.8926, 200.0, 67.6842, 36.7303, 24.2183, 14.2347, 7.72203, 4.5986, 3.14068, 2.36407, 1.59011, 1.10301, 0.888474, 0.787857, 0.753288]",-0.89964,"[74.6748, 70.284, 74.1123, 72.1901]",0.343762
0.0,-0.0419224,0.11,0.0,9.31,0.0,2029.72,72.1558,93.9407,3,"[200.0, 200.0, 200.0, 200.0, 200.0, 200.0, 200.0, 200.0, 200.0, 200.0, 200.0, 200.0, 200.0, 200.0, 200.0, 200.0, 200.0, 200.0, 200.0, 200.0, 200.0, 200.0, 200.0, 200.0, 200.0, 200.0, 200.0, 200.0, 200.0, 200.0, 200.0, 200.0, 200.0, 200.0, 200.0, 200.0]",1,4515.97,86.8956,-0.353992,-0.38347,0.121,"[14.2449, 14.6645, 16.5917, 21.71, 49.3317, 200.0, 72.0379, 37.5018, 24.6036, 14.5823, 7.96454, 4.74616, 3.23706, 2.43345, 1.63387, 1.13166, 0.91069, 0.806999, 0.771111]",-0.897275,"[72.1254, 71.0619, 71.9184, 71.66]",0.340021
0.0,-0.0444492,0.049,0.0,9.33,0.0,2030.16,72.5951,93.9406,3,"[200.0, 200.0, 200.0, 200.0, 200.0, 200.0, 200.0, 200.0, 200.0, 200.0, 200.0, 200.0, 200.0, 200.0, 200.0, 200.0, 200.0, 200.0, 200.0, 200.0, 200.0, 200.0, 200.0, 200.0, 200.0, 200.0, 200.0, 200.0, 200.0, 200.0, 200.0, 200.0, 200.0, 200.0, 200.0, 200.0]",1,4594.66,86.6049,-0.454754,-0.413072,0.121,"[14.2288, 14.6356, 16.5412, 21.5973, 47.856, 200.0, 77.4813, 38.4136, 25.0144, 14.9517, 8.22202, 4.90214, 3.33827, 2.50586, 1.67914, 1.16106, 0.933403, 0.826508, 0.789223]",-0.894874,"[73.4072, 70.27, 73.8889, 71.8355]",0.341865
0.0,-0.0465658,0.041,0.0,9.35,0.0,2030.59,73.0332,93.9405,3,"[200.0, 200.0, 200.0, 200.0, 200.0, 200.0, 200.0, 200.0, 200.0, 200.0, 200.0, 200.0, 200.0, 200.0, 200.0, 200.0, 200.0, 200.0, 200.0, 200.0, 200.0, 200.0, 200.0, 200.0, 200.0, 200.0, 200.0, 200.0, 200.0, 200.0, 200.0, 200.0, 200.0, 200.0, 200.0, 200.0]",1,4542.66,86.3994,-0.544082,-0.57944,0.121,"[14.2114, 14.6075, 16.4944, 21.4972, 46.6051, 200.0, 83.7716, 39.3505, 25.3769, 15.287, 8.46632, 5.05525, 3.43959, 2.57922, 1.72563, 1.19163, 0.957169, 0.847008, 0.80835]",-0.892336,"[73.3601, 71.0782, 72.685, 71.6376]",0.34223
0.022,-0.0494688,0.0,0.0,9.37,0.0,2031.03,73.4705,93.9405,3,"[200.0, 200.0, 200.0, 200.0, 200.0, 200.0, 200.0, 200.0, 200.0, 200.0, 200.0, 200.0, 200.0, 200.0, 200.0, 200.0, 200.0, 200.0, 200.0, 200.0, 200.0, 200.0, 200.0, 200.0, 200.0, 200.0, 200.0, 200.0, 200.0, 200.0, 200.0, 200.0, 200.0, 200.0, 200.0, 200.0]",1,4597.66,86.261,-0.372564,-0.300878,0.12,"[14.1937, 14.5752, 16.4377, 21.3717, 45.2634, 200.0, 92.7155, 40.6178, 25.8436, 15.708, 8.76463, 5.23704, 3.55694, 2.66269, 1.77738, 1.22497, 0.982792, 0.868912, 0.828613]",-0.889651,"[73.6231, 71.3187, 74.0655, 71.8023]",0.339319
0.033,-0.0519579,0.0,0.0,9.39,0.0,2031.47,73.9075,93.9405,3,"[200.0, 200.0, 200.0, 200.0, 200.0, 200.0, 200.0, 200.0, 200.0, 200.0, 200.0, 200.0, 200.0, 200.0, 200.0, 200.0, 200.0, 200.0, 200.0, 200.0, 200.0, 200.0, 200.0, 200.0, 200.0, 200.0, 200.0, 200.0, 200.0, 200.0, 200.0, 200.0, 200.0, 200.0, 200.0, 200.0]",1,4572.9,86.1944,-0.540691,-0.530141,0.12,"[14.1742, 14.5432, 16.3843, 21.258, 44.1123, 200.0, 103.794, 41.9574, 26.2633, 16.0972, 9.05225, 5.41851, 3.67654, 2.74877, 1.83146, 1.26023, 1.01008, 0.892372, 0.850433]",-0.88676,"[73.5471, 71.3198, 73.5225, 71.7037]",0.342979
0.109,-0.0543025,0.0,0.0,9.41,0.0,2031.9,74.3441,93.9405,3,"[200.0, 200.0, 200.0, 200.0, 200.0, 200.0, 200.0, 200.0, 200.0, 200.0, 200.0, 200.0, 200.0, 200.0, 200.0, 200.0, 200.0, 200.0, 200.0, 200.0, 200.0, 200.0, 200.0, 200.0, 200.0, 200.0, 200.0, 200.0, 200.0, 200.0, 200.0, 200.0, 200.0, 200.0, 200.0, 200.0]",1,4601.81,86.1229,-0.368714,-0.319802,0.12,"[14.1538, 14.511, 16.3318, 21.1486, 43.0701, 200.0, 118.456, 43.45, 26.6668, 16.476, 9.33857, 5.60242, 3.79877, 2.83713, 1.88721, 1.29668, 1.03831, 0.916672, 0.873055]",-0.883763,"[73.4136, 71.3069, 74.0801, 72.0184]",0.34047
0.162,-0.0561178,0.0,0.0,9.43,0.0,2032.34,74.7806,93.9405,3,"[200.0, 200.0, 200.0, 200.0, 200.0, 200.0, 200.0, 200.0, 200.0, 200.0, 200.0, 200.0, 200.0, 200.0, 200.0, 200.0, 200.0, 200.0, 200.0, 200.0, 200.0, 200.0, 200.0, 200.0, 200.0, 200.0, 200.0, 200.0, 200.0, 200.0, 200.0, 200.0, 200.0, 200.0, 200.0, 200.0]",1,4605.9,86.0983,-0.332734,-0.337825,0.12,"[14.1311, 14.479, 16.2831, 21.053, 42.1898, 200.0, 137.512, 44.9954, 27.0096, 16.8108, 9.60619, 5.78269, 3.922, 2.92771, 1.94544, 1.3353, 1.06851, 0.942833, 0.897545]",-0.880513,"[73.3351, 71.3093, 74.0294, 72.1814]",0.340789
0.263,-0.0575207,0.0,0.0,9.45,0.0,2032.78,75.2173,93.9404,3,"[200.0, 200.0, 200.0, 200.0, 200.0, 200.0, 200.0, 200.0, 200.0, 200.0, 200.0, 200.0, 200.0, 200.0, 200.0, 200.0, 200.0, 200.0, 200.0, 200.0, 200.0, 200.0, 200.0, 200.0, 200.0, 200.0, 200.0, 200.0, 200.0, 200.0, 200.0, 200.0, 200.0, 200.0, 200.0, 200.0]",1,4614.79,86.118,-0.30248,-0.403025,0.12,"[14.1073, 14.4479, 16.2381, 20.9691, 41.4313, 177.4, 163.671, 46.6197, 27.3021, 17.1056, 9.85289, 5.95537, 4.04265, 3.01756, 2.004, 1.37452, 1.09937, 0.969666, 0.92276]",-0.877167,"[73.3004, 71.3518, 74.1784, 72.3642]",0.342059
0.431,-0.0588062,0.0,0.0,9.47,0.0,2033.21,75.6542,93.9402,3,"[200.0, 200.0, 200.0, 200.0, 200.0, 200.0, 200.0, 200.0, 200.0, 200.0, 200.0, 200.0, 200.0, 200.0, 200.0, 200.0, 200.0, 200.0, 200.0, 200.0, 200.0, 200.0, 200.0, 200.0, 200.0, 200.0, 200.0, 200.0, 200.0, 200.0, 200.0, 200.0, 200.0, 200.0, 200.0, 200.0]",1,4641.79,86.2025,-0.188901,-0.331567,0.12,"[14.0823, 14.4161, 16.1932, 20.8872, 40.7262, 157.546, 200.0, 48.4494, 27.6095, 17.3932, 10.0987, 6.13076, 4.16663, 3.11039, 2.06482, 1.41541, 1.13155, 0.997711, 0.949127]",-0.873665,"[73.3375, 71.4465, 74.5923, 72.7431]",0.340108
0.265,-0.0592654,0.0,0.0,9.49,0.0,2033.65,76.0916,93.9402,3,"[200.0, 200.0, 200.0, 200.0, 200.0, 200.0, 200.0, 200.0, 200.0, 200.0, 200.0, 200.0, 200.0, 200.0, 200.0, 200.0, 200.0, 200.0, 200.0, 200.0, 200.0, 200.0, 200.0, 200.0, 200.0, 200.0, 200.0, 200.0, 200.0, 200.0, 200.0, 200.0, 200.0, 200.0, 200.0, 200.0]",1,4630.94,86.2357,-0.0791026,-0.295732,0.12,"[14.0553, 14.3861, 16.1557, 20.8278, 40.1836, 143.793, 200.0, 50.1915, 27.846, 17.6002, 10.2984, 6.28634, 4.28223, 3.19954, 2.1251, 1.45683, 1.16461, 1.02676, 0.976662]",-0.870004,"[73.2615, 71.6255, 74.1041, 72.8811]",0.342087
0.234,-0.0598467,0.0,0.0,9.51,0.0,2034.09,76.5292,93.9401,3,"[200.0, 200.0, 200.0, 200.0, 200.0, 200.0, 200.0, 200.0, 200.0, 200.0, 200.0, 200.0, 200.0, 200.0, 200.0, 200.0, 200.0, 200.0, 200.0, 200.0, 200.0, 200.0, 200.0, 200.0, 200.0, 200.0, 200.0, 200.0, 200.0, 200.0, 200.0, 200.0, 200.0, 200.0, 200.0, 200.0]",1,4619.71,86.2555,-0.0812635,-0.395309,0.12,"[14.0279, 14.3553, 16.1165, 20.7643, 39.6388, 132.281, 200.0, 52.2627, 28.1362, 17.8198, 10.5063, 6.44703, 4.4012, 3.29102, 2.18674, 1.49908, 1.19824, 1.05627, 1.00459]",-0.86629,"[73.3382, 71.5702, 74.2542, 72.4482]",0.341655
0.232,-0.0605448,0.0,0.0,9.53,0.0,2034.53,76.967,93.94,3,"[200.0, 200.0, 200.0, 200.0, 200.0, 200.0, 200.0, 200.0, 200.0, 200.0, 200.0, 200.0, 200.0, 200.0, 200.0, 200.0, 200.0, 200.0, 200.0, 200.0, 200.0, 200.0, 200.0, 200.0, 200.0, 200.0, 200.0, 200.0, 200.0, 200.0, 200.0, 200.0, 200.0, 200.0, 200.0, 200.0]",1,4622.6,86.2647,0.0498454,-0.259065,0.119,"[13.9999, 14.3232, 16.0751, 20.6964, 39.092, 122.499, 200.0, 54.7451, 28.4881, 18.0536, 10.7243, 6.61485, 4.52515, 3.38616, 2.25064, 1.54275, 1.23295, 1.08669, 1.03335]",-0.862468,"[73.3419, 71.589, 74.1225, 72.6095]",0.34138
0.206,-0.0610436,0.0,0.0,9.55,0.0,2034.97,77.405,93.9399,3,"[200.0, 200.0, 200.0, 200.0, 200.0, 200.0, 200.0, 200.0, 200.0, 200.0, 200.0, 200.0, 200.0, 200.0, 200.0, 200.0, 200.0, 200.0, 200.0, 200.0, 200.0, 200.0, 200.0, 200.0, 200.0, 200.0, 200.0, 200.0, 200.0, 200.0, 200.0, 200.0, 200.0, 200.0, 200.0, 200.0]",1,4647.55,86.255,-0.0316405,-0.438947,0.119,"[13.9713, 14.2915, 16.0354, 20.6336, 38.5913, 114.491, 200.0, 57.5332, 28.8557, 18.2668, 10.93, 6.77725, 4.64701, 3.48052, 2.31458, 1.58669, 1.26798, 1.11746, 1.06248]",-0.858595,"[73.3255, 71.5938, 74.1418, 73.5068]",0.342805
0.196,-0.0620344,0.0,0.0,9.57,0.0,2035.4,77.8431,93.9398,3,"[200.0, 200.0, 200.0, 200.0, 200.0, 200.0, 200.0, 200.0, 200.0, 200.0, 200.0, 200.0, 200.0, 200.0, 200.0, 200.0, 200.0, 200.0, 200.0, 200.0, 200.0, 200.0, 200.0, 200.0, 200.0, 200.0, 200.0, 200.0, 200.0, 200.0, 200.0, 200.0, 200.0, 200.0, 200.0, 200.0]",1,4617.66,86.2648,0.0568726,-0.308262,0.118,"[13.943, 14.2578, 15.9904, 20.5567, 38.0367, 107.041, 200.0, 61.2062, 29.3585, 18.5294, 11.167, 6.95672, 4.77839, 3.58067, 2.38128, 1.63192, 1.30374, 1.14868, 1.0919]",-0.854689,"[73.433, 71.5245, 74.2606, 72.3415]",0.341614
0.205,-0.0630081,0.0,0.0,9.59,0.0,2035.84,78.2814,93.9398,3,"[200.0, 200.0, 200.0, 200.0, 200.0, 200.0, 200.0, 200.0, 200.0, 200.0, 200.0, 200.0, 200.0, 200.0, 200.0, 200.0, 200.0, 200.0, 200.0, 200.0, 200.0, 200.0, 200.0, 200.0, 200.0, 200.0, 200.0, 200.0, 200.0, 200.0, 200.0, 200.0, 200.0, 200.0, 200.0, 200.0]",1,4644.87,86.2518,0.0660763,-0.291482,0.118,"[13.9137, 14.2232, 15.9446, 20.4792, 37.5008, 100.632, 200.0, 65.6519, 29.9289, 18.7928, 11.4064, 7.13963, 4.91308, 3.68367, 2.44998, 1.67852, 1.3406, 1.18086, 1.12223]",-0.850662,"[73.4005, 71.5379, 74.1647, 73.2143]",0.341949
0.202,-0.0639733,0.0,0.0,9.61,0.0,2036.28,78.7198,93.9397,3,"[200.0, 200.0, 200.0, 200.0, 200.0, 200.0, 200.0, 200.0, 200.0, 200.0, 200.0, 200.0, 200.0, 200.0, 200.0, 200.0, 200.0, 200.0, 200.0, 200.0, 200.0, 200.0, 200.0, 200.0, 200.0, 200.0, 200.0, 200.0, 200.0, 200.0, 200.0, 200.0, 200.0, 200.0, 200.0, 200.0]",1,4634.42,86.2621,-0.0713361,-0.499253,0.117,"[13.8846, 14.1888, 15.8991, 20.4024, 36.9841, 95.0537, 200.0, 71.1189, 30.5717, 19.0523, 11.6429, 7.3214, 5.04725, 3.78638, 2.51853, 1.72502, 1.37736, 1.21294, 1.15245]",-0.84665,"[73.368, 71.5746, 74.6333, 72.4649]",0.343631
0.239,-0.0651029,0.0,0.0,9.63,0.0,2036.72,79.1584,93.9396,3,"[200.0, 200.0, 200.0, 200.0, 200.0, 200.0, 200.0, 200.0, 200.0, 200.0, 200.0, 200.0, 200.0, 200.0, 200.0, 200.0, 200.0, 200.0, 200.0, 200.0, 200.0, 200.0, 200.0, 200.0, 200.0, 200.0, 200.0, 200.0, 200.0, 200.0, 200.0, 200.0, 200.0, 200.0, 200.0, 200.0]",1,4638.42,86.2696,0.0942651,-0.228876,0.117,"[13.8548, 14.1531, 15.851, 20.3201, 36.4612, 90.0105, 200.0, 78.2328, 31.3407, 19.3307, 11.8933, 7.51249, 5.18781, 3.89361, 2.58972, 1.7731, 1.41526, 1.24596, 1.18347]",-0.842532,"[73.4376, 71.5322, 74.1857, 72.9641]",0.34011
0.252,-0.0662583,0.0,0.0,9.65,0.0,2037.16,79.5973,93.9395,3,"[200.0, 200.0, 200.0, 200.0, 200.0, 200.0, 200.0, 200.0, 200.0, 200.0, 200.0, 200.0, 200.0, 200.0, 200.0, 200.0, 200.0, 200.0, 200.0, 200.0, 200.0, 200.0, 200.0, 200.0, 200.0, 200.0, 200.0, 200.0, 200.0, 200.0, 200.0, 200.0, 200.0, 200.0, 200.0, 200.0]",1,4637.53,86.2992,-0.0558163,-0.446556,0.116,"[13.8246, 14.1168, 15.8022, 20.2366, 35.9504, 85.5242, 200.0, 87.5437, 32.2249, 19.6122, 12.1469, 7.70687, 5.33109, 4.003, 2.66238, 1.82212, 1.45388, 1.27956, 1.21506]",-0.838343,"[73.4267, 71.5605, 74.5826, 72.5324]",0.342847
0.318,-0.0672987,0.0,0.0,9.67,0.0,2037.6,80.0364,93.9395,3,"[200.0, 200.0, 200.0, 200.0, 200.0, 200.0, 200.0, 200.0, 200.0, 200.0, 200.0, 200.0, 200.0, 200.0, 200.0, 200.0, 200.0, 200.0, 200.0, 200.0, 200.0, 200.0, 200.0, 200.0, 200.0, 200.0, 200.0, 200.0, 200.0, 200.0, 200.0, 200.0, 200.0, 200.0, 200.0, 200.0]",1,4643.93,86.342,0.0480257,-0.274841,0.116,"[13.7941, 14.0807, 15.7544, 20.1564, 35.4678, 81.5911, 200.0, 99.8751, 33.2067, 19.8806, 12.3923, 7.89774, 5.47309, 4.11199, 2.73509, 1.87133, 1.49269, 1.31338, 1.24684]",-0.834126,"[73.4856, 71.6008, 74.3974, 72.98]",0.341593
0.385,-0.0683811,0.0,0.0,9.69,0.0,2038.04,80.476,93.9393,3,"[200.0, 200.0, 200.0, 200.0, 200.0, 200.0, 200.0, 200.0, 200.0, 200.0, 200.0, 200.0, 200.0, 200.0, 200.0, 200.0, 200.0, 200.0, 200.0, 200.0, 200.0, 200.0, 200.0, 200.0, 200.0, 200.0, 200.0, 200.0, 200.0, 200.0, 200.0, 200.0, 200.0, 200.0, 200.0, 200.0]",1,4637.48,86.4294,0.0331453,-0.268499,0.116,"[13.7625, 14.0434, 15.7051, 20.0736, 34.991, 78.0202, 200.0, 117.485, 34.3511, 20.1566, 12.6448, 8.09488, 5.62018, 4.22494, 2.81044, 1.92228, 1.53286, 1.34834, 1.27969]",-0.829767,"[73.523, 71.6463, 74.363, 72.9128]",0.339913
0.505,-0.0688065,0.0,0.0,9.71,0.0,2038.48,80.9163,93.9392,3,"[200.0, 200.0, 200.0, 200.0, 200.0, 200.0, 200.0, 200.0, 200.0, 200.0, 200.0, 200.0, 200.0, 200.0, 200.0, 200.0, 200.0, 200.0, 200.0, 200.0, 200.0, 200.0, 200.0, 200.0, 200.0, 200.0, 200.0, 200.0, 200.0, 200.0, 200.0, 200.0, 200.0, 200.0, 200.0, 200.0]",1,4696.13,86.5363,0.0132869,-0.359774,0.115,"[13.7301, 14.0083, 15.6622, 20.0086, 34.5955, 75.1218, 187.516, 141.079, 35.4703, 20.3635, 12.851, 8.26687, 5.75392, 4.33028, 2.88268, 1.97209, 1.57256, 1.38316, 1.31261]",-0.825392,"[73.5325, 71.8335, 75.613, 73.5577]",0.343636
0.653,-0.0696724,0.0,0.0,9.73,0.0,2038.92,81.3575,93.9389,3,"[200.0, 200.0, 200.0, 200.0, 200.0, 200.0, 200.0, 200.0, 200.0, 200.0, 200.0, 200.0, 200.0, 200.0, 200.0, 200.0, 200.0, 200.0, 200.0, 200.0, 200.0, 200.0, 200.0, 200.0, 200.0, 200.0, 200.0, 200.0, 200.0, 200.0, 200.0, 200.0, 200.0, 200.0, 200.0, 200.0]",1,4704.7,86.7367,0.0871274,-0.221967,0.115,"[13.6975, 13.971, 15.6143, 19.931, 34.1608, 72.2444, 168.392, 182.587, 36.9103, 20.6176, 13.0889, 8.45801, 5.89923, 4.44314, 2.95877, 2.02387, 1.61352, 1.41891, 1.34625]",-0.820928,"[73.7513, 71.9155, 75.0714, 74.3247]",0.33849
0.964,-0.0681203,0.0,0.0,9.75,0.0,2039.36,81.8004,93.9386,3,"[200.0, 200.0, 200.0, 200.0, 200.0, 200.0, 200.0, 200.0, 200.0, 200.0, 200.0, 200.0, 200.0, 200.0, 200.0, 200.0, 200.0, 200.0, 200.0, 200.0, 200.0, 200.0, 200.0, 200.0, 200.0, 200.0, 200.0, 200.0, 200.0, 200.0, 200.0, 200.0, 200.0, 200.0, 200.0, 200.0]",1,4795.27,87.0456,-0.385907,-0.279614,-0.8,"[13.6629, 13.9426, 15.5912, 19.919, 33.9749, 70.6672, 158.263, 200.0, 37.6909, 20.6325, 13.1541, 8.54984, 5.98859, 4.52221, 3.01953, 2.06901, 1.65093, 1.45263, 1.37886]",-0.816571,"[73.4059, 72.3384, 76.2775, 75.8353]",0.343956
1.0,-0.0604747,0.0,0.0,9.77,0.0,2039.81,82.2452,93.9381,3,"[200.0, 200.0, 200.0, 200.0, 200.0, 200.0, 200.0, 200.0, 200.0, 200.0, 200.0, 200.0, 200.0, 200.0, 200.0, 200.0, 200.0, 200.0, 200.0, 200.0, 200.0, 200.0, 200.0, 200.0, 200.0, 200.0, 200.0, 200.0, 200.0, 200.0, 200.0, 200.0, 200.0, 200.0, 200.0, 200.0]",1,4785.15,87.3369,-1.05435,-0.253905,-0.8,"[13.6275, 13.941, 15.6357, 20.0812, 34.4006, 71.8697, 162.643, 200.0, 36.3179, 19.9926, 12.782, 8.3829, 5.92607, 4.50581, 3.03365, 2.09173, 1.67497, 1.47746, 1.40533]",-0.81296,"[72.4391, 72.769, 75.8204, 76.2428]",0.339609
0.981,-0.0472887,0.0,0.0,9.79,0.0,2040.25,82.6921,93.9376,3,"[200.0, 200.0, 200.0, 200.0, 200.0, 200.0, 200.0, 200.0, 200.0, 200.0, 200.0, 200.0, 200.0, 200.0, 200.0, 200.0, 200.0, 200.0, 200.0, 200.0, 200.0, 200.0, 200.0, 200.0, 200.0, 200.0, 200.0, 200.0, 200.0, 200.0, 200.0, 200.0, 200.0, 200.0, 200.0, 200.0]",1,4808.63,87.6138,-1.16932,-0.217237,0.114,"[13.5957, 13.9681, 15.7486, 20.4208, 35.4149, 75.8015, 182.129, 147.214, 33.2345, 18.8113, 12.0517, 8.00145, 5.7321, 4.40318, 3.00291, 2.09152, 1.6846, 1.49219, 1.42437]",-0.810293,"[72.4689, 73.7325, 76.1542, 76.4808]",0.343068
0.529,-0.0335868,0.0,0.0,9.81,0.0,2040.7,83.1404,93.9374,3,"[200.0, 200.0, 200.0, 200.0, 200.0, 200.0, 200.0, 200.0, 200.0, 200.0, 200.0, 200.0, 200.0, 200.0, 200.0, 200.0, 200.0, 200.0, 200.0, 200.0, 200.0, 200.0, 200.0, 200.0, 200.0, 200.0, 200.0, 200.0, 200.0, 200.0, 200.0, 200.0, 200.0, 200.0, 200.0, 200.0]",1,4775.85,87.782,-0.499928,-0.266419,0.113,"[13.5717, 14.0058, 15.8792, 20.8077, 36.5354, 80.4039, 200.0, 111.18, 30.358, 17.6322, 11.3282, 7.61646, 5.5272, 4.28783, 2.96112, 2.08315, 1.6878, 1.50145, 1.43845]",-0.808313,"[72.7108, 74.4743, 74.6496, 77.0816]",0.341235
0.093,-0.0245002,0.0,0.0,9.83,0.0,2041.15,83.5891,93.9374,3,"[200.0, 200.0, 200.0, 200.0, 200.0, 200.0, 200.0, 200.0, 200.0, 200.0, 200.0, 200.0, 200.0, 200.0, 200.0, 200.0, 200.0, 200.0, 200.0, 200.0, 200.0, 200.0, 200.0, 200.0, 200.0, 200.0, 200.0, 200.0, 200.0, 200.0, 200.0, 200.0, 200.0, 200.0, 200.0, 200.0]",1,4685.19,87.7697,0.181799,-0.199967,0.112,"[13.5538, 14.0291, 15.9652, 21.0728, 37.1662, 82.6732, 200.0, 99.8884, 28.8671, 16.9073, 10.9011, 7.39551, 5.4125, 4.22566, 2.94182, 2.08306, 1.69426, 1.51144, 1.45153]",-0.80652,"[73.6012, 73.9117, 74.2323, 74.4502]",0.34228
0.0,-0.0194171,0.027,0.0,9.85,0.0,2041.6,84.0376,93.9373,3,"[200.0, 200.0, 200.0, 200.0, 200.0, 200.0, 200.0, 200.0, 200.0, 200.0, 200.0, 200.0, 200.0, 200.0, 200.0, 200.0, 200.0, 200.0, 200.0, 200.0, 200.0, 200.0, 200.0, 200.0, 200.0, 200.0, 200.0, 200.0, 200.0, 200.0, 200.0, 200.0, 200.0, 200.0, 200.0, 200.0]",1,4644.1,87.633,0.479862,-0.243507,0.112,"[13.5394, 14.0375, 16.0085, 21.2122, 37.3363, 82.6105, 200.0, 100.844, 28.3586, 16.5411, 10.6979, 7.29826, 5.36763, 4.20576, 2.9412, 2.0902, 1.70374, 1.52231, 1.46394]",-0.804845,"[73.4798, 73.2186, 74.3391, 72.9552]",0.342362
0.0,-0.0171426,0.037,0.0,9.87,0.0,2042.05,84.4852,93.9373,3,"[200.0, 200.0, 200.0, 200.0, 200.0, 200.0, 200.0, 200.0, 200.0, 200.0, 200.0, 200.0, 200.0, 200.0, 200.0, 200.0, 200.0, 200.0, 200.0, 200.0, 200.0, 200.0, 200.0, 200.0, 200.0, 200.0, 200.0, 200.0, 200.0, 200.0, 200.0, 200.0, 200.0, 200.0, 200.0, 200.0]",1,4642.87,87.4364,0.561302,-0.23479,0.112,"[13.527, 14.0351, 16.0206, 21.2556, 37.1795, 80.9461, 200.0, 111.482, 28.5216, 16.4112, 10.6389, 7.28056, 5.36794, 4.21339, 2.95286, 2.10203, 1.71507, 1.53352, 1.47562]",-0.80328,"[73.8272, 72.4644, 74.0681, 73.3185]",0.341711
0.0,-0.0161794,0.0,0.0,9.89,0.0,2042.49,84.932,93.9372,3,"[200.0, 200.0, 200.0, 200.0, 200.0, 200.0, 200.0, 200.0, 200.0, 200.0, 200.0, 200.0, 200.0, 200.0, 200.0, 200.0, 200.0, 200.0, 200.0, 200.0, 200.0, 200.0, 200.0, 200.0, 200.0, 200.0, 200.0, 200.0, 200.0, 200.0, 200.0, 200.0, 200.0, 200.0, 200.0, 200.0]",1,4631.03,87.3432,0.51737,-0.212037,0.112,"[13.5158, 14.0278, 16.0184, 21.2525, 36.8763, 78.6748, 187.471, 132.284, 29.0515, 16.3867, 10.6429, 7.29707, 5.38744, 4.23252, 2.9694, 2.11546, 1.72679, 1.54449, 1.48655]",-0.801819,"[74.0604, 72.6834, 74.6352, 72.4611]",0.342393
0.17,-0.0162538,0.0,0.0,9.91,0.0,2042.94,85.3788,93.9372,3,"[200.0, 200.0, 200.0, 200.0, 200.0, 200.0, 200.0, 200.0, 200.0, 200.0, 200.0, 200.0, 200.0, 200.0, 200.0, 200.0, 200.0, 200.0, 200.0, 200.0, 200.0, 200.0, 200.0, 200.0, 200.0, 200.0, 200.0, 200.0, 200.0, 200.0, 200.0, 200.0, 200.0, 200.0, 200.0, 200.0]",1,4672.87,87.3091,0.403855,-0.245619,0.112,"[13.5056, 14.0168, 16.005, 21.2132, 36.4662, 76.0454, 171.346, 174.497, 29.9492, 16.4488, 10.6955, 7.34013, 5.42185, 4.26056, 2.98963, 2.13004, 1.73873, 1.55515, 1.4968]",-0.800454,"[74.1889, 72.5263, 75.0484, 73.2529]",0.341881
0.591,-0.0166667,0.0,0.0,9.93,0.0,2043.39,85.8257,93.937,3,"[200.0, 200.0, 200.0, 200.0, 200.0, 200.0, 200.0, 200.0, 200.0, 200.0, 200.0, 200.0, 200.0, 200.0, 200.0, 200.0, 200.0, 200.0, 200.0, 200.0, 200.0, 200.0, 200.0, 200.0, 200.0, 200.0, 200.0, 200.0, 200.0, 200.0, 200.0, 200.0, 200.0, 200.0, 200.0, 200.0]",1,4724.4,87.4581,0.30101,-0.213377,0.112,"[13.4959, 14.0048, 15.9881, 21.1604, 36.0298, 73.4571, 157.23, 200.0, 31.0981, 16.5585, 10.7629, 7.39092, 5.46034, 4.29088, 3.01064, 2.14466, 1.75043, 1.56547, 1.50656]",-0.799153,"[74.3539, 72.5574, 76.1787, 74.1613]",0.341674
0.836,-0.0171493,0.0,0.0,9.95,0.0,2043.83,86.2738,93.9366,3,"[200.0, 200.0, 200.0, 200.0, 200.0, 200.0, 200.0, 200.0, 200.0, 200.0, 200.0, 200.0, 200.0, 200.0, 200.0, 200.0, 200.0, 200.0, 200.0, 200.0, 200.0, 200.0, 200.0, 200.0, 200.0, 200.0, 200.0, 200.0, 200.0, 200.0, 200.0, 200.0, 200.0, 200.0, 200.0, 200.0]",1,4911.22,87.6625,0.219848,-0.189645,0.112,"[13.4866, 13.9928, 15.9708, 21.1026, 35.5957, 71.0266, 145.253, 200.0, 32.4762, 16.6996, 10.8325, 7.44263, 5.49916, 4.32124, 3.03148, 2.15907, 1.76192, 1.57553, 1.51606]",-0.797888,"[74.4885, 72.7593, 76.4924, 78.7896]",0.34165
0.794,-0.0178631,0.0,0.0,9.97,0.0,2044.28,86.7234,93.9362,3,"[200.0, 200.0, 200.0, 200.0, 200.0, 200.0, 200.0, 200.0, 200.0, 200.0, 200.0, 200.0, 200.0, 200.0, 200.0, 200.0, 200.0, 200.0, 200.0, 200.0, 200.0, 200.0, 200.0, 200.0, 200.0, 200.0, 200.0, 200.0, 200.0, 200.0, 200.0, 200.0, 200.0, 200.0, 200.0, 200.0]",1,4855.84,87.9703,0.0933265,-0.204617,0.112,"[13.4777, 13.9802, 15.9514, 21.0352, 35.1485, 68.6763, 134.711, 200.0, 34.2086, 16.891, 10.912, 7.49949, 5.54072, 4.35308, 3.05273, 2.17341, 1.77318, 1.58527, 1.52515]",-0.796678,"[74.7749, 72.9651, 78.7648, 75.192]",0.341682
0.789,-0.0181459,0.0,0.0,9.99,0.0,2044.73,87.1744,93.9359,3,"[200.0, 200.0, 200.0, 200.0, 200.0, 200.0, 200.0, 200.0, 200.0, 200.0, 200.0, 200.0, 200.0, 200.0, 200.0, 200.0, 200.0, 200.0, 200.0, 200.0, 200.0, 200.0, 200.0, 200.0, 200.0, 200.0, 200.0, 200.0, 200.0, 200.0, 200.0, 200.0, 200.0, 200.0, 200.0, 200.0]",1,4891.69,88.2269,0.060489,-0.173243,0.111,"[13.4687, 13.9695, 15.9369, 20.9774, 34.7499, 66.6404, 126.222, 200.0, 36.1075, 17.0749, 10.9696, 7.54394, 5.57497, 4.38035, 3.07184, 2.18685, 1.784, 1.59485, 1.53426]",-0.795465,"[74.9236, 73.2641, 76.9826, 78.0386]",0.341084
0.766,-0.0184744,0.0,0.0,10.01,0.0,2045.19,87.6268,93.9356,3,"[200.0, 200.0, 200.0, 200.0, 200.0, 200.0, 200.0, 200.0, 200.0, 200.0, 200.0, 200.0, 200.0, 200.0, 200.0, 200.0, 200.0, 200.0, 200.0, 200.0, 200.0, 200.0, 200.0, 200.0, 200.0, 200.0, 200.0, 200.0, 200.0, 200.0, 200.0, 200.0, 200.0, 200.0, 200.0, 200.0]",1,4841.2,88.5178,-0.00861415,-0.198032,0.111,"[13.4599, 13.9588, 15.9222, 20.9153, 34.3539, 64.7135, 118.737, 200.0, 38.4394, 17.2988, 11.0283, 7.58886, 5.60931, 4.4075, 3.09076, 2.20008, 1.79462, 1.6042, 1.54314]",-0.794283,"[75.1983, 73.462, 78.4528, 75.3478]",0.342258
0.721,-0.0184901,0.0,0.0,10.03,0.0,2045.64,88.0807,93.9353,3,"[200.0, 200.0, 200.0, 200.0, 200.0, 200.0, 200.0, 200.0, 200.0, 200.0, 200.0, 200.0, 200.0, 200.0, 200.0, 200.0, 200.0, 200.0, 200.0, 200.0, 200.0, 200.0, 200.0, 200.0, 200.0, 200.0, 200.0, 200.0, 200.0, 200.0, 200.0, 200.0, 200.0, 200.0, 200.0, 200.0]",1,4860.52,88.7544,0.0192997,-0.144985,0.111,"[13.4509, 13.9494, 15.911, 20.8584, 33.9902, 62.9969, 112.445, 200.0, 41.1255, 17.5299, 11.0716, 7.62505, 5.63867, 4.43165, 3.10832, 2.21281, 1.80506, 1.61356, 1.55213]",-0.793084,"[75.3591, 73.7482, 77.0105, 76.8913]",0.340557
0.678,-0.0184391,0.0,0.0,10.05,0.0,2046.1,88.5356,93.935,3,"[200.0, 200.0, 200.0, 200.0, 200.0, 200.0, 200.0, 200.0, 200.0, 200.0, 200.0, 200.0, 200.0, 200.0, 200.0, 200.0, 200.0, 200.0, 200.0, 200.0, 200.0, 200.0, 200.0, 200.0, 200.0, 200.0, 200.0, 200.0, 200.0, 200.0, 200.0, 200.0, 200.0, 200.0, 200.0, 200.0]",1,4839.2,88.9894,-0.0558754,-0.226456,0.111,"[13.4421, 13.9404, 15.9008, 20.8002, 33.6368, 61.3927, 106.879, 200.0, 44.424, 17.7953, 11.1104, 7.65851, 5.6662, 4.45449, 3.12519, 2.22512, 1.81522, 1.62268, 1.56094]",-0.791909,"[75.5523, 73.8937, 78.0426, 75.5562]",0.342919
0.643,-0.0182126,0.0,0.0,10.07,0.0,2046.55,88.9919,93.9348,3,"[200.0, 200.0, 200.0, 200.0, 200.0, 200.0, 200.0, 200.0, 200.0, 200.0, 200.0, 200.0, 200.0, 200.0, 200.0, 200.0, 200.0, 200.0, 200.0, 200.0, 200.0, 200.0, 200.0, 200.0, 200.0, 200.0, 200.0, 200.0, 200.0, 200.0, 200.0, 200.0, 200.0, 200.0, 200.0, 200.0]",1,4842.3,89.1931,0.0174078,-0.137412,0.11,"[13.4333, 13.9323, 15.8927, 20.7434, 33.3012, 59.9182, 102.005, 200.0, 48.4561, 18.0865, 11.1395, 7.68638, 5.69041, 4.47521, 3.14095, 2.23694, 1.8251, 1.63165, 1.56967]",-0.790745,"[75.7502, 74.0672, 76.8045, 76.6602]",0.340077
0.607,-0.0182756,0.0,0.0,10.09,0.0,2047.01,89.4491,93.9345,3,"[200.0, 200.0, 200.0, 200.0, 200.0, 200.0, 200.0, 200.0, 200.0, 200.0, 200.0, 200.0, 200.0, 200.0, 200.0, 200.0, 200.0, 200.0, 200.0, 200.0, 200.0, 200.0, 200.0, 200.0, 200.0, 200.0, 200.0, 200.0, 200.0, 200.0, 200.0, 200.0, 200.0, 200.0, 200.0, 200.0]",1,4850.71,89.373,-0.0117761,-0.161481,0.11,"[13.4243, 13.9226, 15.881, 20.6747, 32.9443, 58.4346, 97.3549, 200.0, 54.0379, 18.4725, 11.1849, 7.72374, 5.72039, 4.49973, 3.15871, 2.24974, 1.83557, 1.64101, 1.57865]",-0.789548,"[75.8314, 74.2025, 77.8427, 76.4324]",0.343229
0.579,-0.0180934,0.0,0.0,10.11,0.0,2047.47,89.9073,93.9343,3,"[200.0, 200.0, 200.0, 200.0, 200.0, 200.0, 200.0, 200.0, 200.0, 200.0, 200.0, 200.0, 200.0, 200.0, 200.0, 200.0, 200.0, 200.0, 200.0, 200.0, 200.0, 200.0, 200.0, 200.0, 200.0, 200.0, 200.0, 200.0, 200.0, 200.0, 200.0, 200.0, 200.0, 200.0, 200.0, 200.0]",1,4834.0,89.5579,-0.00150113,-0.144179,0.11,"[13.4156, 13.9143, 15.8724, 20.6097, 32.6107, 57.0851, 93.2935, 200.0, 61.2369, 18.8874, 11.2161, 7.75256, 5.74513, 4.52077, 3.1746, 2.26159, 1.84544, 1.64996, 1.58733]",-0.788389,"[76.0324, 74.3691, 77.3104, 76.3339]",0.342713
0.562,-0.018257,0.0,0.0,10.13,0.0,2047.93,90.3665,93.9341,3,"[200.0, 200.0, 200.0, 200.0, 200.0, 200.0, 200.0, 200.0, 200.0, 200.0, 200.0, 200.0, 200.0, 200.0, 200.0, 200.0, 200.0, 200.0, 200.0, 200.0, 200.0, 200.0, 200.0, 200.0, 200.0, 200.0, 200.0, 200.0, 200.0, 200.0, 200.0, 200.0, 200.0, 200.0, 200.0, 200.0]",1,4883.24,89.6957,0.00405941,-0.114532,0.11,"[13.4066, 13.9042, 15.8595, 20.5316, 32.2527, 55.711, 89.3497, 200.0, 72.1644, 19.4336, 11.2783, 7.79295, 5.77699, 4.5465, 3.19296, 2.27466, 1.85606, 1.65939, 1.59636]",-0.787187,"[76.1662, 74.4437, 78.0691, 77.2347]",0.339938
0.555,-0.0181459,0.0,0.0,10.15,0.0,2048.39,90.8265,93.9339,3,"[200.0, 200.0, 200.0, 200.0, 200.0, 200.0, 200.0, 200.0, 200.0, 200.0, 200.0, 200.0, 200.0, 200.0, 200.0, 200.0, 200.0, 200.0, 200.0, 200.0, 200.0, 200.0, 200.0, 200.0, 200.0, 200.0, 200.0, 200.0, 200.0, 200.0, 200.0, 200.0, 200.0, 200.0, 200.0, 200.0]",1,4858.76,89.8699,-0.0426103,-0.159054,0.11,"[13.3979, 13.8956, 15.8501, 20.4581, 31.9195, 54.4636, 85.8937, 200.0, 88.089, 20.0237, 11.3444, 7.82362, 5.80275, 4.56816, 3.20914, 2.28661, 1.86597, 1.66833, 1.60501]",-0.786033,"[76.2994, 74.6451, 78.494, 76.3824]",0.343272
0.562,-0.0184792,0.0,0.0,10.17,0.0,2048.85,91.2875,93.9336,3,"[200.0, 200.0, 200.0, 200.0, 200.0, 200.0, 200.0, 200.0, 200.0, 200.0, 200.0, 200.0, 200.0, 200.0, 200.0, 200.0, 200.0, 200.0, 200.0, 200.0, 200.0, 200.0, 200.0, 200.0, 200.0, 200.0, 200.0, 200.0, 200.0, 200.0, 200.0, 200.0, 200.0, 200.0, 200.0, 200.0]",1,4881.04,90.0302,-0.0163077,-0.104834,0.11,"[13.3892, 13.885, 15.8355, 20.3699, 31.5566, 53.1716, 82.4643, 186.791, 117.745, 20.8062, 11.4591, 7.86814, 5.83692, 4.59523, 3.22798, 2.29979, 1.87653, 1.67763, 1.61382]",-0.784859,"[76.4969, 74.7464, 77.6269, 77.1628]",0.338804
0.516,-0.0182713,0.0,0.0,10.19,0.0,2049.31,91.7491,93.9334,3,"[200.0, 200.0, 200.0, 200.0, 200.0, 200.0, 200.0, 200.0, 200.0, 200.0, 200.0, 200.0, 200.0, 200.0, 200.0, 200.0, 200.0, 200.0, 200.0, 200.0, 200.0, 200.0, 200.0, 200.0, 200.0, 200.0, 200.0, 200.0, 200.0, 200.0, 200.0, 200.0, 200.0, 200.0, 200.0, 200.0]",1,4877.88,90.1795,-0.0604201,-0.191612,0.11,"[13.3804, 13.8767, 15.8261, 20.2922, 31.2353, 52.0473, 79.5651, 171.594, 174.659, 21.6151, 11.5673, 7.89635, 5.86132, 4.61611, 3.2439, 2.31169, 1.88647, 1.68665, 1.6226]",-0.783688,"[76.5262, 74.9363, 78.248, 76.54]",0.343277
0.59,-0.0183628,0.0,0.0,10.21,0.0,2049.77,92.2115,93.9332,3,"[200.0, 200.0, 200.0, 200.0, 200.0, 200.0, 200.0, 200.0, 200.0, 200.0, 200.0, 200.0, 200.0, 200.0, 200.0, 200.0, 200.0, 200.0, 200.0, 200.0, 200.0, 200.0, 200.0, 200.0, 200.0, 200.0, 200.0, 200.0, 200.0, 200.0, 200.0, 200.0, 200.0, 200.0, 200.0, 200.0]",1,4881.73,90.3532,0.0174994,-0.0643262,0.11,"[13.3715, 13.867, 15.81, 20.2037, 30.8952, 50.9064, 76.7264, 158.14, 200.0, 22.6471, 11.7223, 7.93396, 5.89154, 4.64077, 3.26169, 2.32448, 1.89693, 1.69598, 1.63154]",-0.782497,"[76.7619, 74.9892, 77.7556, 77.1524]",0.338522
0.614,-0.0181955,0.0,0.0,10.23,0.0,2050.24,92.6752,93.9329,3,"[200.0, 200.0, 200.0, 200.0, 200.0, 200.0, 200.0, 200.0, 200.0, 200.0, 200.0, 200.0, 200.0, 200.0, 200.0, 200.0, 200.0, 200.0, 200.0, 200.0, 200.0, 200.0, 200.0, 200.0, 200.0, 200.0, 200.0, 200.0, 200.0, 200.0, 200.0, 200.0, 200.0, 200.0, 200.0, 200.0]",1,4921.32,90.5258,-0.0495204,-0.164442,0.11,"[13.3624, 13.8584, 15.7935, 20.1184, 30.5747, 49.8574, 74.1896, 147.098, 200.0, 23.81, 11.8917, 7.96399, 5.9172, 4.66255, 3.27815, 2.33674, 1.90714, 1.70522, 1.64051]",-0.781301,"[76.7976, 75.2179, 78.7018, 77.6491]",0.343137
0.525,-0.0182374,0.0,0.0,10.25,0.0,2050.7,93.1395,93.9327,3,"[200.0, 200.0, 200.0, 200.0, 200.0, 200.0, 200.0, 200.0, 200.0, 200.0, 200.0, 200.0, 200.0, 200.0, 200.0, 200.0, 200.0, 200.0, 200.0, 200.0, 200.0, 200.0, 200.0, 200.0, 200.0, 200.0, 200.0, 200.0, 200.0, 200.0, 200.0, 200.0, 200.0, 200.0, 200.0, 200.0]",1,4896.3,90.6829,0.0194605,-0.0538419,0.11,"[13.3535, 13.8489, 15.7716, 20.0252, 30.2427, 48.8086, 71.7299, 137.211, 200.0, 25.2707, 12.1095, 8.00254, 5.94632, 4.68652, 3.29561, 2.34937, 1.91749, 1.71447, 1.64941]",-0.780115,"[77.0593, 75.2651, 78.5856, 77.0529]",0.339118
0.443,-0.0181621,0.0,0.0,10.27,0.0,2051.17,93.6049,93.9326,3,"[200.0, 200.0, 200.0, 200.0, 200.0, 200.0, 200.0, 200.0, 200.0, 200.0, 200.0, 200.0, 200.0, 200.0, 200.0, 200.0, 200.0, 200.0, 200.0, 200.0, 200.0, 200.0, 200.0, 200.0, 200.0, 200.0, 200.0, 200.0, 200.0, 200.0, 200.0, 200.0, 200.0, 200.0, 200.0, 200.0]",1,4911.9,90.791,-0.0456577,-0.145386,0.11,"[13.3445, 13.8398, 15.7476, 19.9316, 29.92, 47.817, 69.4662, 128.728, 200.0, 27.006, 12.3587, 8.05249, 5.97363, 4.70941, 3.31261, 2.36188, 1.92783, 1.72379, 1.65841]",-0.778914,"[77.0637, 75.4529, 78.2942, 77.624]",0.342571
0.372,-0.0157898,0.0,0.0,10.29,0.0,2051.63,94.0707,93.9324,3,"[200.0, 200.0, 200.0, 200.0, 200.0, 200.0, 200.0, 200.0, 200.0, 200.0, 200.0, 200.0, 200.0, 200.0, 200.0, 200.0, 200.0, 200.0, 200.0, 200.0, 200.0, 200.0, 200.0, 200.0, 200.0, 200.0, 200.0, 200.0, 200.0, 200.0, 200.0, 200.0, 200.0, 200.0, 200.0, 200.0]",1,4900.16,90.8657,-0.648474,-0.170107,-0.8,"[13.3368, 13.8425, 15.7471, 19.8902, 29.7427, 47.2401, 68.1379, 123.884, 200.0, 28.139, 12.4547, 8.03641, 5.95334, 4.7008, 3.31327, 2.36627, 1.93334, 1.73, 1.66542]",-0.777971,"[76.4412, 75.7275, 78.5423, 77.3171]",0.339971
0.34,-0.00575334,0.0,0.0,10.31,0.0,2052.1,94.5365,93.9323,3,"[200.0, 200.0, 200.0, 200.0, 200.0, 200.0, 200.0, 200.0, 200.0, 200.0, 200.0, 200.0, 200.0, 200.0, 200.0, 200.0, 200.0, 200.0, 200.0, 200.0, 200.0, 200.0, 200.0, 200.0, 200.0, 200.0, 200.0, 200.0, 200.0, 200.0, 200.0, 200.0, 200.0, 200.0, 200.0, 200.0]",1,4883.02,90.8376,-1.25276,-0.000828308,-0.8,"[13.3351, 13.8866, 15.8327, 20.0306, 30.0442, 47.9523, 69.5564, 128.367, 200.0, 26.2561, 11.9344, 7.76039, 5.77812, 4.58881, 3.25936, 2.34308, 1.92216, 1.7252, 1.66519]",-0.777979,"[75.0792, 76.1516, 76.8209, 78.16]",0.341472
0.367,0.00911826,0.0,0.0,10.33,0.0,2052.56,95.0023,93.9322,3,"[200.0, 200.0, 200.0, 200.0, 200.0, 200.0, 200.0, 200.0, 200.0, 200.0, 200.0, 200.0, 200.0, 200.0, 200.0, 200.0, 200.0, 200.0, 200.0, 200.0, 200.0, 200.0, 200.0, 200.0, 200.0, 200.0, 200.0, 200.0, 200.0, 200.0, 200.0, 200.0, 200.0, 200.0, 200.0, 200.0]",1,4940.22,90.8112,-1.19728,-0.154152,0.109,"[13.3429, 13.9633, 15.9767, 20.293, 30.6686, 49.5525, 72.9226, 140.029, 200.0, 23.0196, 11.085, 7.33694, 5.5135, 4.41403, 3.1694, 2.29986, 1.89781, 1.71091, 1.65782]",-0.778965,"[75.0494, 77.3463, 78.0266, 78.5051]",0.344096
0.399,0.0245659,0.0,0.0,10.35,0.0,2053.03,95.4679,93.932,3,"[200.0, 200.0, 200.0, 200.0, 200.0, 200.0, 200.0, 200.0, 200.0, 200.0, 200.0, 200.0, 200.0, 200.0, 200.0, 200.0, 200.0, 200.0, 200.0, 200.0, 200.0, 200.0, 200.0, 200.0, 200.0, 200.0, 200.0, 200.0, 200.0, 200.0, 200.0, 200.0, 200.0, 200.0, 200.0, 200.0]",1,4894.05,90.9284,-0.460886,0.0286669,0.11,"[13.3605, 14.0542, 16.1332, 20.5802, 31.3622, 51.3759, 76.878, 154.995, 200.0, 20.2225, 10.2666, 6.91489, 5.2431, 4.23074, 3.0704, 2.24897, 1.86688, 1.69069, 1.64484]",-0.780753,"[75.3167, 77.2778, 76.8227, 78.5699]",0.338464
0.42,0.0345585,0.0,0.0,10.37,0.0,2053.49,95.9342,93.9319,3,"[200.0, 200.0, 200.0, 200.0, 200.0, 200.0, 200.0, 200.0, 200.0, 200.0, 200.0, 200.0, 200.0, 200.0, 200.0, 200.0, 200.0, 200.0, 200.0, 200.0, 200.0, 200.0, 200.0, 200.0, 200.0, 200.0, 200.0, 200.0, 200.0, 200.0, 200.0, 200.0, 200.0, 200.0, 200.0, 200.0]",1,4925.51,91.0076,0.219308,-0.0975198,0.11,"[13.3806, 14.1207, 16.2278, 20.7351, 31.7002, 52.2113, 78.6532, 161.855, 200.0, 18.9964, 9.81982, 6.65544, 5.06258, 4.10289, 2.99717, 2.20818, 1.83992, 1.67112, 1.63004]",-0.78279,"[75.8722, 76.6605, 78.1702, 78.2358]",0.343482
0.407,0.0403125,0.0,0.0,10.39,0.0,2053.96,96.4005,93.9317,3,"[200.0, 200.0, 200.0, 200.0, 200.0, 200.0, 200.0, 200.0, 200.0, 200.0, 200.0, 200.0, 200.0, 200.0, 200.0, 200.0, 200.0, 200.0, 200.0, 200.0, 200.0, 200.0, 200.0, 200.0, 200.0, 200.0, 200.0, 200.0, 200.0, 200.0, 200.0, 200.0, 200.0, 200.0, 200.0, 200.0]",1,4906.73,91.0977,0.624013,-0.0551455,0.111,"[13.4007, 14.163, 16.2715, 20.7815, 31.7432, 52.2045, 78.498, 160.617, 200.0, 18.702, 9.62116, 6.50983, 4.94752, 4.0135, 2.94233, 2.17479, 1.81595, 1.65207, 1.61385]",-0.784991,"[76.7848, 76.2765, 78.0474, 77.7746]",0.339193
0.377,0.0430438,0.0,0.0,10.41,0.0,2054.43,96.8673,93.9316,3,"[200.0, 200.0, 200.0, 200.0, 200.0, 200.0, 200.0, 200.0, 200.0, 200.0, 200.0, 200.0, 200.0, 200.0, 200.0, 200.0, 200.0, 200.0, 200.0, 200.0, 200.0, 200.0, 200.0, 200.0, 200.0, 200.0, 200.0, 200.0, 200.0, 200.0, 200.0, 200.0, 200.0, 200.0, 200.0, 200.0]",1,4906.83,91.1795,0.651307,0.0080629,0.111,"[13.4201, 14.1871, 16.2776, 20.749, 31.5738, 51.5979, 76.9819, 153.832, 200.0, 19.0608, 9.59484, 6.44378, 4.87869, 3.94948, 2.89939, 2.14612, 1.79374, 1.63312, 1.59646]",-0.787332,"[77.0346, 76.0223, 78.2377, 77.5406]",0.342388
0.324,0.0446326,0.0,0.0,10.43,0.0,2054.89,97.3344,93.9315,3,"[200.0, 200.0, 200.0, 200.0, 200.0, 200.0, 200.0, 200.0, 200.0, 200.0, 200.0, 200.0, 200.0, 200.0, 200.0, 200.0, 200.0, 200.0, 200.0, 200.0, 200.0, 200.0, 200.0, 200.0, 200.0, 200.0, 200.0, 200.0, 200.0, 200.0, 200.0, 200.0, 200.0, 200.0, 200.0, 200.0]",1,4914.02,91.2282,0.568153,-0.0592973,0.111,"[13.4403, 14.2036, 16.2687, 20.6861, 31.3271, 50.7883, 75.045, 145.779, 200.0, 19.7448, 9.64237, 6.41098, 4.82931, 3.89743, 2.85891, 2.11774, 1.77095, 1.61308, 1.57751]",-0.789871,"[77.3579, 75.9836, 78.9442, 77.1813]",0.340461
0.27,0.045118,0.0,0.0,10.45,0.0,2055.36,97.8014,93.9314,3,"[200.0, 200.0, 200.0, 200.0, 200.0, 200.0, 200.0, 200.0, 200.0, 200.0, 200.0, 200.0, 200.0, 200.0, 200.0, 200.0, 200.0, 200.0, 200.0, 200.0, 200.0, 200.0, 200.0, 200.0, 200.0, 200.0, 200.0, 200.0, 200.0, 200.0, 200.0, 200.0, 200.0, 200.0, 200.0, 200.0]",1,4900.48,91.2671,0.497956,0.0499921,0.111,"[13.4606, 14.2122, 16.245, 20.5941, 31.0093, 49.803, 72.7712, 136.992, 200.0, 20.8463, 9.77287, 6.41439, 4.80104, 3.85963, 2.82153, 2.09024, 1.74815, 1.59249, 1.55756]",-0.792532,"[77.4786, 75.8722, 78.3389, 77.2554]",0.341718
0.218,0.0454809,0.0,0.0,10.47,0.0,2055.83,98.2682,93.9313,3,"[200.0, 200.0, 200.0, 200.0, 200.0, 200.0, 200.0, 200.0, 200.0, 200.0, 200.0, 200.0, 200.0, 200.0, 200.0, 200.0, 200.0, 200.0, 200.0, 200.0, 200.0, 200.0, 200.0, 200.0, 200.0, 200.0, 200.0, 200.0, 200.0, 200.0, 200.0, 200.0, 200.0, 200.0, 200.0, 200.0]",1,4902.84,91.2756,0.32176,-0.0678804,0.111,"[13.4819, 14.2181, 16.2179, 20.4978, 30.6875, 48.8327, 70.5882, 129.075, 200.0, 22.2147, 9.93679, 6.43124, 4.78097, 3.82787, 2.78508, 2.0617, 1.72439, 1.57095, 1.53664]",-0.795323,"[77.5003, 75.9006, 78.7503, 76.8359]",0.341518
0.173,0.0452673,0.0,0.0,10.49,0.0,2056.3,98.735,93.9313,3,"[200.0, 200.0, 200.0, 200.0, 200.0, 200.0, 200.0, 200.0, 200.0, 200.0, 200.0, 200.0, 200.0, 200.0, 200.0, 200.0, 200.0, 200.0, 200.0, 200.0, 200.0, 200.0, 200.0, 200.0, 200.0, 200.0, 200.0, 200.0, 200.0, 200.0, 200.0, 200.0, 200.0, 200.0, 200.0, 200.0]",1,4890.07,91.2633,0.268323,0.0257839,0.112,"[13.5033, 14.2191, 16.1823, 20.3862, 30.3339, 47.8029, 68.3362, 121.411, 200.0, 24.1121, 10.1709, 6.47593, 4.77689, 3.80704, 2.75525, 2.03329, 1.70036, 1.54893, 1.51499]",-0.798204,"[77.5795, 75.7785, 78.2928, 76.9041]",0.341552
0.132,0.0449154,0.0,0.0,10.51,0.0,2056.76,99.2015,93.9313,3,"[200.0, 200.0, 200.0, 200.0, 200.0, 200.0, 200.0, 200.0, 200.0, 200.0, 200.0, 200.0, 200.0, 200.0, 200.0, 200.0, 200.0, 200.0, 200.0, 200.0, 200.0, 200.0, 200.0, 200.0, 200.0, 200.0, 200.0, 200.0, 200.0, 200.0, 200.0, 200.0, 200.0, 200.0, 200.0, 200.0]",1,4876.71,91.2349,0.142997,-0.0332864,0.112,"[13.525, 14.2168, 16.1426, 20.2698, 29.9767, 46.791, 66.1786, 114.487, 200.0, 26.59, 10.4588, 6.54063, 4.7846, 3.79468, 2.73107, 2.0066, 1.67609, 1.52661, 1.49302]",-0.801127,"[77.5565, 75.767, 78.2905, 76.5205]",0.341784
0.093,0.0445287,0.0,0.0,10.53,0.0,2057.23,99.6676,93.9313,3,"[200.0, 200.0, 200.0, 200.0, 200.0, 200.0, 200.0, 200.0, 200.0, 200.0, 200.0, 200.0, 200.0, 200.0, 200.0, 200.0, 200.0, 200.0, 200.0, 200.0, 200.0, 200.0, 200.0, 200.0, 200.0, 200.0, 200.0, 200.0, 200.0, 200.0, 200.0, 200.0, 200.0, 200.0, 200.0, 200.0]",1,4861.65,91.1881,0.0235703,-0.0729524,0.112,"[13.5465, 14.2122, 16.1005, 20.1513, 29.6228, 45.8135, 64.1426, 108.292, 200.0, 29.8484, 10.7995, 6.62307, 4.80242, 3.78954, 2.71176, 1.98346, 1.65231, 1.50371, 1.47046]",-0.804129,"[77.5051, 75.7169, 78.1473, 76.1993]",0.342002
0.065,0.0418778,0.0,0.0,10.55,0.0,0.146912,100.146,93.9313,3,"[200.0, 200.0, 200.0, 200.0, 200.0, 200.0, 200.0, 200.0, 200.0, 200.0, 200.0, 200.0, 200.0, 200.0, 200.0, 200.0, 200.0, 200.0, 200.0, 200.0, 200.0, 200.0, 200.0, 200.0, 200.0, 200.0, 200.0, 200.0, 200.0, 200.0, 200.0, 200.0, 200.0, 200.0, 200.0, 200.0]",1,4855.82,91.1178,0.00371787,-0.0162953,0.113,"[13.5662, 14.2043, 16.0533, 20.0246, 29.2557, 44.8256, 62.1322, 102.478, 200.0, 34.5313, 11.2254, 6.73265, 4.83452, 3.7938, 2.69806, 1.96399, 1.63132, 1.48135, 1.44694]",-0.807244,"[77.5033, 75.6233, 77.9275, 76.2526]",0.340823
0.6,0.0346795,0.0,0.0,10.57,0.0,0.653,100.652,93.9311,3,"[200.0, 200.0, 200.0, 200.0, 200.0, 200.0, 200.0, 200.0, 200.0, 200.0, 200.0, 200.0, 200.0, 200.0, 200.0, 200.0, 200.0, 200.0, 200.0, 200.0, 200.0, 200.0, 200.0, 200.0, 200.0, 200.0, 200.0, 200.0, 200.0, 200.0, 200.0, 200.0, 200.0, 200.0, 200.0, 200.0]",1,5002.87,91.2268,-0.0943912,-0.06201,0.113,"[13.5825, 14.1936, 16.0043, 19.8989, 28.9017, 43.8967, 60.2841, 97.3781, 200.0, 41.1189, 11.7203, 6.86456, 4.87995, 3.808, 2.69138, 1.94981, 1.6149, 1.46328, 1.42656]",-0.809907,"[77.5406, 75.7392, 79.2091, 79.162]",0.342666
0.568,0.0293891,0.0,0.0,10.59,0.0,1.16,101.159,93.9309,3,"[200.0, 200.0, 200.0, 200.0, 200.0, 200.0, 200.0, 200.0, 200.0, 200.0, 200.0, 200.0, 200.0, 200.0, 200.0, 200.0, 200.0, 200.0, 200.0, 200.0, 200.0, 200.0, 200.0, 200.0, 200.0, 200.0, 200.0, 200.0, 200.0, 200.0, 200.0, 200.0, 200.0, 200.0, 200.0, 200.0]",1,4959.69,91.4184,-0.705053,0.00475966,-0.8,"[13.5985, 14.19, 15.9733, 19.8137, 28.6561, 43.2528, 59.0153, 93.979, 200.0, 47.8945, 12.0917, 6.94959, 4.90218, 3.80901, 2.67952, 1.93432, 1.59866, 1.44626, 1.40798]",-0.81235,"[77.1155, 76.0493, 79.5065, 77.7288]",0.339702
0.627,0.0303619,0.0,0.0,10.61,0.0,1.66791,101.667,93.9306,3,"[200.0, 200.0, 200.0, 200.0, 200.0, 200.0, 200.0, 200.0, 200.0, 200.0, 200.0, 200.0, 200.0, 200.0, 200.0, 200.0, 200.0, 200.0, 200.0, 200.0, 200.0, 200.0, 200.0, 200.0, 200.0, 200.0, 200.0, 200.0, 200.0, 200.0, 200.0, 200.0, 200.0, 200.0, 200.0, 200.0]",1,4986.32,91.548,-1.15756,-0.0848998,-0.8,"[13.6191, 14.2153, 16.0067, 19.8637, 28.7507, 43.445, 59.3472, 94.7496, 200.0, 45.6935, 11.8197, 6.81756, 4.81604, 3.74506, 2.63683, 1.90475, 1.57484, 1.42513, 1.38777]",-0.815049,"[75.8227, 76.1846, 79.2764, 78.5895]",0.342951
0.635,0.0379114,0.0,0.0,10.63,0.0,2.17592,102.175,93.9303,3,"[200.0, 200.0, 200.0, 200.0, 200.0, 200.0, 200.0, 200.0, 200.0, 200.0, 200.0, 200.0, 200.0, 200.0, 200.0, 200.0, 200.0, 200.0, 200.0, 200.0, 200.0, 200.0, 200.0, 200.0, 200.0, 200.0, 200.0, 200.0, 200.0, 200.0, 200.0, 200.0, 200.0, 200.0, 200.0, 200.0]",1,4995.4,91.5522,-1.50079,-0.0312428,-0.8,"[13.6475, 14.274, 16.1116, 20.0614, 29.2143, 44.5447, 61.425, 100.132, 200.0, 35.9418, 10.9112, 6.4609, 4.61408, 3.60973, 2.55844, 1.85749, 1.54042, 1.39715, 1.36326]",-0.818363,"[74.1604, 76.2758, 78.0435, 81.1138]",0.33846
0.644,0.049188,0.0,0.0,10.65,0.0,2.68407,102.683,93.93,3,"[200.0, 200.0, 200.0, 200.0, 200.0, 200.0, 200.0, 200.0, 200.0, 200.0, 200.0, 200.0, 200.0, 200.0, 200.0, 200.0, 200.0, 200.0, 200.0, 200.0, 200.0, 200.0, 200.0, 200.0, 200.0, 200.0, 200.0, 200.0, 200.0, 200.0, 200.0, 200.0, 200.0, 200.0, 200.0, 200.0]",1,5051.35,91.6046,-1.33323,-0.0627786,0.114,"[13.6836, 14.3557, 16.2627, 20.3535, 29.9182, 46.2658, 64.7688, 109.322, 200.0, 27.1097, 9.79872, 6.00802, 4.35601, 3.43709, 2.4594, 1.79879, 1.49842, 1.36364, 1.33455]",-0.822275,"[74.5262, 77.8359, 80.1391, 80.4691]",0.343199
0.616,0.0638815,0.0,0.0,10.67,0.0,3.19225,103.191,93.9298,3,"[200.0, 200.0, 200.0, 200.0, 200.0, 200.0, 200.0, 200.0, 200.0, 200.0, 200.0, 200.0, 200.0, 200.0, 200.0, 200.0, 200.0, 200.0, 200.0, 200.0, 200.0, 200.0, 200.0, 200.0, 200.0, 200.0, 200.0, 200.0, 200.0, 200.0, 200.0, 200.0, 200.0, 200.0, 200.0, 200.0]",1,4966.9,91.7779,-0.959509,0.0119147,0.115,"[13.7303, 14.4625, 16.4623, 20.7445, 30.8822, 48.7045, 69.6861, 124.086, 200.0, 20.3288, 8.61874, 5.49517, 4.05606, 3.23378, 2.34139, 1.72848, 1.4481, 1.32359, 1.3004]",-0.826966,"[75.2213, 79.0961, 77.31, 80.5878]",0.337301
0.647,0.0749718,0.0,0.0,10.69,0.0,3.70136,103.701,93.9295,3,"[200.0, 200.0, 200.0, 200.0, 200.0, 200.0, 200.0, 200.0, 200.0, 200.0, 200.0, 200.0, 200.0, 200.0, 200.0, 200.0, 200.0, 200.0, 200.0, 200.0, 200.0, 200.0, 200.0, 200.0, 200.0, 200.0, 200.0, 200.0, 200.0, 200.0, 200.0, 200.0, 200.0, 200.0, 200.0, 200.0]",1,5025.27,91.9706,0.112567,-0.0358748,0.116,"[13.7786, 14.5577, 16.6314, 21.0684, 31.6785, 50.7616, 73.9728, 138.233, 200.0, 16.8234, 7.80114, 5.10318, 3.81338, 3.06263, 2.23635, 1.66222, 1.39849, 1.28241, 1.26365]",-0.831987,"[75.782, 78.2964, 79.4231, 80.1975]",0.343637
0.6,0.0782712,0.0,0.0,10.71,0.0,4.21159,104.211,93.9292,3,"[200.0, 200.0, 200.0, 200.0, 200.0, 200.0, 200.0, 200.0, 200.0, 200.0, 200.0, 200.0, 200.0, 200.0, 200.0, 200.0, 200.0, 200.0, 200.0, 200.0, 200.0, 200.0, 200.0, 200.0, 200.0, 200.0, 200.0, 200.0, 200.0, 200.0, 200.0, 200.0, 200.0, 200.0, 200.0, 200.0]",1,4971.96,92.1642,0.930786,0.0528664,0.117,"[13.8179, 14.6125, 16.7124, 21.2046, 31.9803, 51.4982, 75.483, 143.327, 200.0, 15.6587, 7.43022, 4.89513, 3.67069, 2.95422, 2.16249, 1.61052, 1.35669, 1.24528, 1.22813]",-0.83675,"[77.1236, 77.4951, 79.2781, 78.8189]",0.337028
0.569,0.0767995,0.0,0.0,10.73,0.0,4.72299,104.722,93.929,3,"[200.0, 200.0, 200.0, 200.0, 200.0, 200.0, 200.0, 200.0, 200.0, 200.0, 200.0, 200.0, 200.0, 200.0, 200.0, 200.0, 200.0, 200.0, 200.0, 200.0, 200.0, 200.0, 200.0, 200.0, 200.0, 200.0, 200.0, 200.0, 200.0, 200.0, 200.0, 200.0, 200.0, 200.0, 200.0, 200.0]",1,5008.14,92.3159,0.956483,0.0127717,0.117,"[13.851, 14.6415, 16.7374, 21.2213, 31.962, 51.3553, 75.0773, 141.53, 200.0, 15.5075, 7.2846, 4.78418, 3.58195, 2.88011, 2.10595, 1.56702, 1.31931, 1.21046, 1.19332]",-0.84136,"[77.9069, 77.2679, 79.4635, 79.4088]",0.343815
0.539,0.0723877,0.0,0.0,10.75,0.0,5.23528,105.234,93.9288,3,"[200.0, 200.0, 200.0, 200.0, 200.0, 200.0, 200.0, 200.0, 200.0, 200.0, 200.0, 200.0, 200.0, 200.0, 200.0, 200.0, 200.0, 200.0, 200.0, 200.0, 200.0, 200.0, 200.0, 200.0, 200.0, 200.0, 200.0, 200.0, 200.0, 200.0, 200.0, 200.0, 200.0, 200.0, 200.0, 200.0]",1,4992.8,92.4815,0.957669,0.0596666,0.118,"[13.8796, 14.6539, 16.7271, 21.1634, 31.7465, 50.6779, 73.5244, 135.761, 200.0, 15.9939, 7.27623, 4.73266, 3.52667, 2.82764, 2.06075, 1.52929, 1.28539, 1.17782, 1.15979]",-0.845766,"[78.306, 77.0273, 79.9359, 78.619]",0.337878
0.508,0.0666432,0.0,0.0,10.77,0.0,5.7486,105.748,93.9286,3,"[200.0, 200.0, 200.0, 200.0, 200.0, 200.0, 200.0, 200.0, 200.0, 200.0, 200.0, 200.0, 200.0, 200.0, 200.0, 200.0, 200.0, 200.0, 200.0, 200.0, 200.0, 200.0, 200.0, 200.0, 200.0, 200.0, 200.0, 200.0, 200.0, 200.0, 200.0, 200.0, 200.0, 200.0, 200.0, 200.0]",1,5012.41,92.6193,0.750072,0.0474283,0.118,"[13.9053, 14.658, 16.7, 21.0715, 31.4458, 49.7859, 71.5475, 128.849, 200.0, 16.9013, 7.34183, 4.71236, 3.48924, 2.78706, 2.02228, 1.49546, 1.2542, 1.1473, 1.12803]",-0.84993,"[78.6042, 77.0677, 79.8286, 79.2297]",0.343576
0.482,0.0601069,0.0,0.0,10.79,0.0,6.26271,106.262,93.9283,3,"[200.0, 200.0, 200.0, 200.0, 200.0, 200.0, 200.0, 200.0, 200.0, 200.0, 200.0, 200.0, 200.0, 200.0, 200.0, 200.0, 200.0, 200.0, 200.0, 200.0, 200.0, 200.0, 200.0, 200.0, 200.0, 200.0, 200.0, 200.0, 200.0, 200.0, 200.0, 200.0, 200.0, 200.0, 200.0, 200.0]",1,5018.72,92.7468,0.591656,0.010637,0.119,"[13.9288, 14.6565, 16.6625, 20.9596, 31.0991, 48.7924, 69.4043, 121.773, 200.0, 18.2516, 7.46652, 4.71579, 3.46546, 2.75578, 1.98938, 1.46516, 1.2257, 1.11907, 1.09837]",-0.853815,"[78.7639, 77.0353, 80.742, 78.7606]",0.339288
0.464,0.0531667,0.0,0.0,10.81,0.0,6.77773,106.777,93.9282,3,"[200.0, 200.0, 200.0, 200.0, 200.0, 200.0, 200.0, 200.0, 200.0, 200.0, 200.0, 200.0, 200.0, 200.0, 200.0, 200.0, 200.0, 200.0, 200.0, 200.0, 200.0, 200.0, 200.0, 200.0, 200.0, 200.0, 200.0, 200.0, 200.0, 200.0, 200.0, 200.0, 200.0, 200.0, 200.0, 200.0]",1,5009.42,92.8764,0.475308,0.117804,0.119,"[13.9499, 14.6509, 16.6186, 20.837, 30.7326, 47.7716, 67.2559, 115.06, 200.0, 20.1311, 7.64295, 4.73914, 3.45337, 2.73275, 1.9618, 1.43851, 1.20017, 1.09351, 1.07131]",-0.85736,"[78.8963, 77.1275, 80.199, 78.8005]",0.342986
0.454,0.0460191,0.0,0.0,10.83,0.0,7.29346,107.293,93.928,3,"[200.0, 200.0, 200.0, 200.0, 200.0, 200.0, 200.0, 200.0, 200.0, 200.0, 200.0, 200.0, 200.0, 200.0, 200.0, 200.0, 200.0, 200.0, 200.0, 200.0, 200.0, 200.0, 200.0, 200.0, 200.0, 200.0, 200.0, 200.0, 200.0, 200.0, 200.0, 200.0, 200.0, 200.0, 200.0, 200.0]",1,5023.7,92.9873,0.247207,-0.0364377,0.12,"[13.9689, 14.6423, 16.5704, 20.7086, 30.3593, 46.7583, 65.1725, 108.88, 200.0, 22.7362, 7.87058, 4.781, 3.45214, 2.71751, 1.93939, 1.41555, 1.17771, 1.07076, 1.04704]",-0.860542,"[79.0324, 77.1709, 80.3502, 79.2781]",0.340686
0.45,0.0387183,0.0,0.0,10.85,0.0,7.80996,107.809,93.9279,3,"[200.0, 200.0, 200.0, 200.0, 200.0, 200.0, 200.0, 200.0, 200.0, 200.0, 200.0, 200.0, 200.0, 200.0, 200.0, 200.0, 200.0, 200.0, 200.0, 200.0, 200.0, 200.0, 200.0, 200.0, 200.0, 200.0, 200.0, 200.0, 200.0, 200.0, 200.0, 200.0, 200.0, 200.0, 200.0, 200.0]",1,5014.54,93.1063,0.190896,0.0688578,0.12,"[13.9855, 14.6307, 16.5185, 20.5755, 29.9827, 45.7613, 63.1681, 103.215, 200.0, 26.4793, 8.1573, 4.84306, 3.46259, 2.71059, 1.9225, 1.39653, 1.15852, 1.05102, 1.02575]",-0.863336,"[79.108, 77.2783, 80.4971, 78.6784]",0.341225
0.453,0.0313481,0.0,0.0,10.87,0.0,8.32716,108.326,93.9277,3,"[200.0, 200.0, 200.0, 200.0, 200.0, 200.0, 200.0, 200.0, 200.0, 200.0, 200.0, 200.0, 200.0, 200.0, 200.0, 200.0, 200.0, 200.0, 200.0, 200.0, 200.0, 200.0, 200.0, 200.0, 200.0, 200.0, 200.0, 200.0, 200.0, 200.0, 200.0, 200.0, 200.0, 200.0, 200.0, 200.0]",1,5034.67,93.2107,0.0397304,-0.0208194,0.12,"[13.9996, 14.6163, 16.4635, 20.4394, 29.6074, 44.7913, 61.2597, 98.0599, 200.0, 32.136, 8.51163, 4.92706, 3.48565, 2.71269, 1.91163, 1.38182, 1.14294, 1.03459, 1.00773]",-0.865702,"[79.2607, 77.3204, 80.1061, 79.6605]",0.341942
0.457,0.0237976,0.0,0.0,10.89,0.0,8.84506,108.844,93.9276,3,"[200.0, 200.0, 200.0, 200.0, 200.0, 200.0, 200.0, 200.0, 200.0, 200.0, 200.0, 200.0, 200.0, 200.0, 200.0, 200.0, 200.0, 200.0, 200.0, 200.0, 200.0, 200.0, 200.0, 200.0, 200.0, 200.0, 200.0, 200.0, 200.0, 200.0, 200.0, 200.0, 200.0, 200.0, 200.0, 200.0]",1,5026.59,93.3302,-0.0290846,0.0268604,0.121,"[14.0113, 14.5987, 16.4043, 20.2981, 29.2276, 43.8328, 59.4132, 93.2796, 200.0, 41.7167, 8.95615, 5.03806, 3.52345, 2.72497, 1.90726, 1.37159, 1.13101, 1.02146, 0.992945]",-0.867645,"[79.3033, 77.4519, 80.8524, 78.6782]",0.341861
0.483,0.0162606,0.0,0.0,10.91,0.0,9.36372,109.363,93.9273,3,"[200.0, 200.0, 200.0, 200.0, 200.0, 200.0, 200.0, 200.0, 200.0, 200.0, 200.0, 200.0, 200.0, 200.0, 200.0, 200.0, 200.0, 200.0, 200.0, 200.0, 200.0, 200.0, 200.0, 200.0, 200.0, 200.0, 200.0, 200.0, 200.0, 200.0, 200.0, 200.0, 200.0, 200.0, 200.0, 200.0]",1,5040.3,93.4506,-0.127843,-0.0287705,0.121,"[14.0202, 14.5783, 16.3426, 20.1554, 28.8532, 42.9096, 57.6701, 88.9422, 197.592, 60.37, 9.49863, 5.17622, 3.57611, 2.74765, 1.90969, 1.36617, 1.12307, 1.01196, 0.981739]",-0.869119,"[79.421, 77.4634, 81.3319, 78.7076]",0.341343
0.511,0.00884574,0.0,0.0,10.93,0.0,9.88313,109.882,93.9271,3,"[200.0, 200.0, 200.0, 200.0, 200.0, 200.0, 200.0, 200.0, 200.0, 200.0, 200.0, 200.0, 200.0, 200.0, 200.0, 200.0, 200.0, 200.0, 200.0, 200.0, 200.0, 200.0, 200.0, 200.0, 200.0, 200.0, 200.0, 200.0, 200.0, 200.0, 200.0, 200.0, 200.0, 200.0, 200.0, 200.0]",1,5086.09,93.5665,-0.147547,-0.0172723,0.121,"[14.0265, 14.5558, 16.2796, 20.0136, 28.4896, 42.0324, 56.0446, 85.042, 179.039, 110.113, 10.1498, 5.34139, 3.64318, 2.78037, 1.91871, 1.36544, 1.11903, 1.00603, 0.974054]",-0.870131,"[79.5174, 77.5942, 80.3675, 80.7509]",0.341813
0.508,0.000859351,0.0,0.0,10.95,0.0,10.4032,110.402,93.9269,3,"[200.0, 200.0, 200.0, 200.0, 200.0, 200.0, 200.0, 200.0, 200.0, 200.0, 200.0, 200.0, 200.0, 200.0, 200.0, 200.0, 200.0, 200.0, 200.0, 200.0, 200.0, 200.0, 200.0, 200.0, 200.0, 200.0, 200.0, 200.0, 200.0, 200.0, 200.0, 200.0, 200.0, 200.0, 200.0, 200.0]",1,5055.17,93.7229,-0.259885,-0.0422893,0.122,"[14.0299, 14.5282, 16.2084, 19.8583, 28.1016, 41.1177, 54.3817, 81.1906, 162.572, 200.0, 11.0226, 5.5596, 3.73627, 2.82976, 1.93736, 1.37078, 1.11964, 1.00411, 0.97012]",-0.870651,"[79.6863, 77.5756, 81.7663, 78.5812]",0.340846
0.712,-0.00452455,0.0,0.0,10.97,0.0,10.9244,110.924,93.9266,3,"[200.0, 200.0, 200.0, 200.0, 200.0, 200.0, 200.0, 200.0, 200.0, 200.0, 200.0, 200.0, 200.0, 200.0, 200.0, 200.0, 200.0, 200.0, 200.0, 200.0, 200.0, 200.0, 200.0, 200.0, 200.0, 200.0, 200.0, 200.0, 200.0, 200.0, 200.0, 200.0, 200.0, 200.0, 200.0, 200.0]",1,5152.74,93.9058,-0.856877,-0.0015274,-0.8,"[14.0319, 14.5093, 16.1604, 19.7547, 27.8456, 40.5228, 53.3148, 78.7848, 153.081, 200.0, 11.7154, 5.72284, 3.80533, 2.86664, 1.95182, 1.37555, 1.12098, 1.00363, 0.968261]",-0.8709,"[79.3937, 78.2133, 81.0482, 81.9915]",0.34133
0.668,-0.00352464,0.0,0.0,10.99,0.0,11.4466,111.446,93.9263,3,"[200.0, 200.0, 200.0, 200.0, 200.0, 200.0, 200.0, 200.0, 200.0, 200.0, 200.0, 200.0, 200.0, 200.0, 200.0, 200.0, 200.0, 200.0, 200.0, 200.0, 200.0, 200.0, 200.0, 200.0, 200.0, 200.0, 200.0, 200.0, 200.0, 200.0, 200.0, 200.0, 200.0, 200.0, 200.0, 200.0]",1,5153.98,94.0773,-1.33602,-0.044986,-0.8,"[14.0359, 14.5173, 16.1743, 19.78, 27.9014, 40.6446, 53.5264, 79.2454, 154.807, 200.0, 11.5274, 5.66587, 3.77505, 2.8467, 1.94025, 1.36841, 1.11563, 0.999158, 0.964201]",-0.871441,"[77.7552, 78.3149, 82.1403, 80.7172]",0.340594
0.673,0.00374343,0.0,0.0,11.01,0.0,11.9695,111.969,93.926,3,"[200.0, 200.0, 200.0, 200.0, 200.0, 200.0, 200.0, 200.0, 200.0, 200.0, 200.0, 200.0, 200.0, 200.0, 200.0, 200.0, 200.0, 200.0, 200.0, 200.0, 200.0, 200.0, 200.0, 200.0, 200.0, 200.0, 200.0, 200.0, 200.0, 200.0, 200.0, 200.0, 200.0, 200.0, 200.0, 200.0]",1,5152.25,94.1447,-1.52635,-0.00975235,-0.8,"[14.0437, 14.5537, 16.2514, 19.9354, 28.2706, 41.4876, 55.0294, 82.6285, 168.336, 200.0, 10.5236, 5.3934, 3.64447, 2.76797, 1.90055, 1.34756, 1.10202, 0.989184, 0.956437]",-0.872476,"[76.8473, 78.3739, 79.5805, 83.5276]",0.340867
0.714,0.0152038,0.0,0.0,11.03,0.0,12.4926,112.492,93.9257,3,"[200.0, 200.0, 200.0, 200.0, 200.0, 200.0, 200.0, 200.0, 200.0, 200.0, 200.0, 200.0, 200.0, 200.0, 200.0, 200.0, 200.0, 200.0, 200.0, 200.0, 200.0, 200.0, 200.0, 200.0, 200.0, 200.0, 200.0, 200.0, 200.0, 200.0, 200.0, 200.0, 200.0, 200.0, 200.0, 200.0]",1,5220.66,94.2064,-1.36597,-0.0424826,-0.8,"[14.0578, 14.6133, 16.3764, 20.1877, 28.8762, 42.8943, 57.5829, 88.5956, 195.224, 62.0777, 9.22643, 5.00413, 3.45108, 2.64908, 1.83934, 1.31487, 1.08043, 0.973222, 0.94389]",-0.874163,"[75.5684, 78.639, 82.921, 82.3114]",0.340496
0.443,0.0304101,0.0,0.0,11.05,0.0,13.0156,113.015,93.9255,3,"[200.0, 200.0, 200.0, 200.0, 200.0, 200.0, 200.0, 200.0, 200.0, 200.0, 200.0, 200.0, 200.0, 200.0, 200.0, 200.0, 200.0, 200.0, 200.0, 200.0, 200.0, 200.0, 200.0, 200.0, 200.0, 200.0, 200.0, 200.0, 200.0, 200.0, 200.0, 200.0, 200.0, 200.0, 200.0, 200.0]",1,5114.27,94.183,-1.14833,0.0136251,0.122,"[14.0811, 14.6976, 16.5501, 20.5384, 29.7285, 44.9251, 61.3726, 97.9957, 200.0, 30.436, 7.88225, 4.54725, 3.21249, 2.4982, 1.75901, 1.27069, 1.05062, 0.950756, 0.925845]",-0.876611,"[76.0942, 80.7338, 78.8579, 83.1594]",0.340316
0.429,0.0468239,0.0,0.0,11.07,0.0,13.5384,113.538,93.9253,3,"[200.0, 200.0, 200.0, 200.0, 200.0, 200.0, 200.0, 200.0, 200.0, 200.0, 200.0, 200.0, 200.0, 200.0, 200.0, 200.0, 200.0, 200.0, 200.0, 200.0, 200.0, 200.0, 200.0, 200.0, 200.0, 200.0, 200.0, 200.0, 200.0, 200.0, 200.0, 200.0, 200.0, 200.0, 200.0, 200.0]",1,5143.53,94.227,-0.449609,-0.0453876,0.122,"[14.1144, 14.7981, 16.7511, 20.9421, 30.7223, 47.3657, 66.0919, 110.7, 200.0, 19.2506, 6.73996, 4.10404, 2.96647, 2.33659, 1.66866, 1.21859, 1.01416, 0.922288, 0.902047]",-0.879859,"[77.2178, 81.2806, 80.7815, 82.2711]",0.340852
0.385,0.0591298,0.0,0.0,11.09,0.0,14.0616,114.061,93.9252,3,"[200.0, 200.0, 200.0, 200.0, 200.0, 200.0, 200.0, 200.0, 200.0, 200.0, 200.0, 200.0, 200.0, 200.0, 200.0, 200.0, 200.0, 200.0, 200.0, 200.0, 200.0, 200.0, 200.0, 200.0, 200.0, 200.0, 200.0, 200.0, 200.0, 200.0, 200.0, 200.0, 200.0, 200.0, 200.0, 200.0]",1,5117.34,94.3388,0.729506,-0.120055,0.122,"[14.1499, 14.8851, 16.9171, 21.2701, 31.533, 49.4074, 70.1748, 122.67, 200.0, 14.8042, 5.99738, 3.77841, 2.77339, 2.20394, 1.58978, 1.17014, 0.978526, 0.893141, 0.876392]",-0.883352,"[77.4605, 80.5927, 79.3404, 82.7612]",0.339066
0.323,0.0636569,0.0,0.0,11.11,0.0,14.5852,114.584,93.9251,3,"[200.0, 200.0, 200.0, 200.0, 200.0, 200.0, 200.0, 200.0, 200.0, 200.0, 200.0, 200.0, 200.0, 200.0, 200.0, 200.0, 200.0, 200.0, 200.0, 200.0, 200.0, 200.0, 200.0, 200.0, 200.0, 200.0, 200.0, 200.0, 200.0, 200.0, 200.0, 200.0, 200.0, 200.0, 200.0, 200.0]",1,5096.95,94.3734,1.39327,0.0725001,0.123,"[14.1795, 14.9348, 16.9987, 21.4181, 31.8786, 50.2603, 71.8867, 127.889, 200.0, 13.3494, 5.64816, 3.59919, 2.65592, 2.11717, 1.53265, 1.13129, 0.947693, 0.866154, 0.85093]",-0.886772,"[78.4012, 79.5811, 81.112, 80.6549]",0.341834
0.301,0.0633551,0.0,0.0,11.13,0.0,15.1091,115.108,93.925,3,"[200.0, 200.0, 200.0, 200.0, 200.0, 200.0, 200.0, 200.0, 200.0, 200.0, 200.0, 200.0, 200.0, 200.0, 200.0, 200.0, 200.0, 200.0, 200.0, 200.0, 200.0, 200.0, 200.0, 200.0, 200.0, 200.0, 200.0, 200.0, 200.0, 200.0, 200.0, 200.0, 200.0, 200.0, 200.0, 200.0]",1,5089.89,94.4087,1.42305,-0.0492181,0.124,"[14.2047, 14.9601, 17.0258, 21.4493, 31.9165, 50.2989, 71.9078, 127.773, 200.0, 13.0112, 5.48991, 3.49575, 2.57869, 2.05518, 1.48742, 1.0977, 0.91945, 0.840267, 0.825432]",-0.890163,"[79.3671, 79.1207, 80.55, 81.2299]",0.343249
0.301,0.0595703,0.0,0.0,11.15,0.0,15.6332,115.632,93.925,3,"[200.0, 200.0, 200.0, 200.0, 200.0, 200.0, 200.0, 200.0, 200.0, 200.0, 200.0, 200.0, 200.0, 200.0, 200.0, 200.0, 200.0, 200.0, 200.0, 200.0, 200.0, 200.0, 200.0, 200.0, 200.0, 200.0, 200.0, 200.0, 200.0, 200.0, 200.0, 200.0, 200.0, 200.0, 200.0, 200.0]",1,5077.79,94.4547,1.26431,0.0903664,0.124,"[14.2262, 14.9673, 17.0128, 21.3949, 31.7302, 49.7462, 70.7032, 123.799, 200.0, 13.421, 5.46114, 3.44447, 2.5296, 2.01082, 1.45099, 1.06828, 0.893498, 0.815639, 0.800437]",-0.893464,"[79.8046, 78.8136, 81.235, 79.955]",0.337448
0.304,0.0541578,0.0,0.0,11.17,0.0,16.1575,116.157,93.9249,3,"[200.0, 200.0, 200.0, 200.0, 200.0, 200.0, 200.0, 200.0, 200.0, 200.0, 200.0, 200.0, 200.0, 200.0, 200.0, 200.0, 200.0, 200.0, 200.0, 200.0, 200.0, 200.0, 200.0, 200.0, 200.0, 200.0, 200.0, 200.0, 200.0, 200.0, 200.0, 200.0, 200.0, 200.0, 200.0, 200.0]",1,5089.69,94.4941,0.973767,-0.0156431,0.124,"[14.2458, 14.9657, 16.9811, 21.3013, 31.444, 48.9413, 69.0017, 118.457, 200.0, 14.3193, 5.49914, 3.41912, 2.49455, 1.97541, 1.41926, 1.04135, 0.869146, 0.792138, 0.776261]",-0.89665,"[80.0997, 78.6645, 81.0895, 80.5803]",0.345132
0.307,0.0477654,0.0,0.0,11.19,0.0,16.6822,116.681,93.9248,3,"[200.0, 200.0, 200.0, 200.0, 200.0, 200.0, 200.0, 200.0, 200.0, 200.0, 200.0, 200.0, 200.0, 200.0, 200.0, 200.0, 200.0, 200.0, 200.0, 200.0, 200.0, 200.0, 200.0, 200.0, 200.0, 200.0, 200.0, 200.0, 200.0, 200.0, 200.0, 200.0, 200.0, 200.0, 200.0, 200.0]",1,5100.03,94.53,0.723588,-0.00464345,0.125,"[14.2634, 14.9581, 16.9374, 21.1841, 31.1018, 48.0085, 67.0756, 112.689, 200.0, 15.7684, 5.59267, 3.41493, 2.47139, 1.94799, 1.39224, 1.01734, 0.846986, 0.770476, 0.753755]",-0.899614,"[80.2768, 78.6062, 81.2375, 80.7493]",0.336464
0.313,0.0411702,0.0,0.0,11.21,0.0,17.2072,117.206,93.9247,3,"[200.0, 200.0, 200.0, 200.0, 200.0, 200.0, 200.0, 200.0, 200.0, 200.0, 200.0, 200.0, 200.0, 200.0, 200.0, 200.0, 200.0, 200.0, 200.0, 200.0, 200.0, 200.0, 200.0, 200.0, 200.0, 200.0, 200.0, 200.0, 200.0, 200.0, 200.0, 200.0, 200.0, 200.0, 200.0, 200.0]",1,5091.02,94.5795,0.525058,0.0799551,0.125,"[14.2794, 14.9481, 16.8901, 21.0617, 30.753, 47.0784, 65.194, 107.299, 200.0, 17.8019, 5.72048, 3.42329, 2.45579, 1.9261, 1.36897, 0.996043, 0.827096, 0.750902, 0.733322]",-0.902307,"[80.2787, 78.6434, 81.5375, 80.0013]",0.345847
0.327,0.0338012,0.0,0.0,11.23,0.0,17.7324,117.732,93.9247,3,"[200.0, 200.0, 200.0, 200.0, 200.0, 200.0, 200.0, 200.0, 200.0, 200.0, 200.0, 200.0, 200.0, 200.0, 200.0, 200.0, 200.0, 200.0, 200.0, 200.0, 200.0, 200.0, 200.0, 200.0, 200.0, 200.0, 200.0, 200.0, 200.0, 200.0, 200.0, 200.0, 200.0, 200.0, 200.0, 200.0]",1,5084.88,94.6248,0.208493,-0.046935,0.125,"[14.2935, 14.933, 16.8334, 20.9215, 30.3655, 46.0717, 63.2017, 101.844, 200.0, 21.1465, 5.91726, 3.4552, 2.45316, 1.91294, 1.35097, 0.978155, 0.809856, 0.733625, 0.715048]",-0.904715,"[80.5007, 78.4978, 82.0004, 80.0026]",0.335941
0.352,0.0262744,0.0,0.0,11.25,0.0,18.258,118.257,93.9245,3,"[200.0, 200.0, 200.0, 200.0, 200.0, 200.0, 200.0, 200.0, 200.0, 200.0, 200.0, 200.0, 200.0, 200.0, 200.0, 200.0, 200.0, 200.0, 200.0, 200.0, 200.0, 200.0, 200.0, 200.0, 200.0, 200.0, 200.0, 200.0, 200.0, 200.0, 200.0, 200.0, 200.0, 200.0, 200.0, 200.0]",1,5093.49,94.6792,0.0100063,0.0099821,0.126,"[14.3058, 14.9155, 16.7734, 20.7775, 29.9761, 45.0825, 61.2841, 96.8132, 200.0, 26.6124, 6.17089, 3.50517, 2.46086, 1.90716, 1.33787, 0.963752, 0.79551, 0.718993, 0.699385]",-0.906781,"[80.4642, 78.5564, 81.9527, 80.1575]",0.345338
0.375,0.0185064,0.0,0.0,11.27,0.0,18.784,118.783,93.9244,3,"[200.0, 200.0, 200.0, 200.0, 200.0, 200.0, 200.0, 200.0, 200.0, 200.0, 200.0, 200.0, 200.0, 200.0, 200.0, 200.0, 200.0, 200.0, 200.0, 200.0, 200.0, 200.0, 200.0, 200.0, 200.0, 200.0, 200.0, 200.0, 200.0, 200.0, 200.0, 200.0, 200.0, 200.0, 200.0, 200.0]",1,5090.73,94.7478,-0.215827,-0.0264839,0.126,"[14.3161, 14.8949, 16.7093, 20.6278, 29.5804, 44.0999, 59.4172, 92.1116, 200.0, 37.0916, 6.50143, 3.5779, 2.48109, 1.91009, 1.33037, 0.953231, 0.784334, 0.707221, 0.686511]",-0.908481,"[80.5768, 78.5512, 82.011, 80.0595]",0.33573
0.405,0.0107932,0.0,0.0,11.29,0.0,19.3105,119.31,93.9242,3,"[200.0, 200.0, 200.0, 200.0, 200.0, 200.0, 200.0, 200.0, 200.0, 200.0, 200.0, 200.0, 200.0, 200.0, 200.0, 200.0, 200.0, 200.0, 200.0, 200.0, 200.0, 200.0, 200.0, 200.0, 200.0, 200.0, 200.0, 200.0, 200.0, 200.0, 200.0, 200.0, 200.0, 200.0, 200.0, 200.0]",1,5089.81,94.8296,-0.359724,0.0212452,0.126,"[14.3241, 14.8725, 16.6438, 20.4784, 29.1941, 43.1609, 57.6672, 87.8682, 187.481, 62.6975, 6.91186, 3.67233, 2.51343, 1.92164, 1.32862, 0.946819, 0.776579, 0.698581, 0.676729]",-0.909775,"[80.6082, 78.6015, 81.4644, 80.3467]",0.344041
0.396,0.00305724,0.0,0.0,11.31,0.0,19.8375,119.837,93.924,3,"[200.0, 200.0, 200.0, 200.0, 200.0, 200.0, 200.0, 200.0, 200.0, 200.0, 200.0, 200.0, 200.0, 200.0, 200.0, 200.0, 200.0, 200.0, 200.0, 200.0, 200.0, 200.0, 200.0, 200.0, 200.0, 200.0, 200.0, 200.0, 200.0, 200.0, 200.0, 200.0, 200.0, 200.0, 200.0, 200.0]",1,5099.9,94.9016,-0.495448,-0.00115039,0.126,"[14.3298, 14.8474, 16.5759, 20.3275, 28.8121, 42.2524, 56.005, 83.9779, 170.369, 200.0, 7.4311, 3.79429, 2.56061, 1.94349, 1.33353, 0.945051, 0.772626, 0.693372, 0.670295]",-0.910628,"[80.6644, 78.6696, 81.3732, 80.4087]",0.335904
0.689,-0.00467186,0.0,0.0,11.33,0.0,20.3651,120.364,93.9237,3,"[200.0, 200.0, 200.0, 200.0, 200.0, 200.0, 200.0, 200.0, 200.0, 200.0, 200.0, 200.0, 200.0, 200.0, 200.0, 200.0, 200.0, 200.0, 200.0, 200.0, 200.0, 200.0, 200.0, 200.0, 200.0, 200.0, 200.0, 200.0, 200.0, 200.0, 200.0, 200.0, 200.0, 200.0, 200.0, 200.0]",1,5154.81,95.0893,-0.613008,0.0305034,0.128,"[14.3329, 14.82, 16.5057, 20.1756, 28.4358, 41.3756, 54.4292, 80.4096, 156.115, 200.0, 8.08739, 3.94696, 2.6237, 1.97619, 1.34533, 0.948024, 0.772526, 0.691625, 0.667223]",-0.911038,"[80.7601, 78.7765, 82.1333, 81.3956]",0.342677
0.622,-0.012276,0.0,0.0,11.35,0.0,20.8938,120.893,93.9234,3,"[200.0, 200.0, 200.0, 200.0, 200.0, 200.0, 200.0, 200.0, 200.0, 200.0, 200.0, 200.0, 200.0, 200.0, 200.0, 200.0, 200.0, 200.0, 200.0, 200.0, 200.0, 200.0, 200.0, 200.0, 200.0, 200.0, 200.0, 200.0, 200.0, 200.0, 200.0, 200.0, 200.0, 200.0, 200.0, 200.0]",1,5190.15,95.2572,-0.720478,0.00803568,0.128,"[14.3333, 14.7903, 16.4342, 20.0245, 28.0698, 40.5404, 52.9535, 77.1695, 144.219, 200.0, 8.91292, 4.13355, 2.70411, 2.0207, 1.36463, 0.956162, 0.776623, 0.693648, 0.667808]",-0.910966,"[80.8979, 78.9762, 82.3371, 81.981]",0.336844
0.569,-0.0200455,0.0,0.0,11.37,0.0,21.4234,121.423,93.9232,3,"[200.0, 200.0, 200.0, 200.0, 200.0, 200.0, 200.0, 200.0, 200.0, 200.0, 200.0, 200.0, 200.0, 200.0, 200.0, 200.0, 200.0, 200.0, 200.0, 200.0, 200.0, 200.0, 200.0, 200.0, 200.0, 200.0, 200.0, 200.0, 200.0, 200.0, 200.0, 200.0, 200.0, 200.0, 200.0, 200.0]",1,5165.79,95.4227,-0.820809,0.0236793,0.128,"[14.3313, 14.7575, 16.359, 19.8691, 27.7006, 39.7143, 51.5172, 74.1048, 133.777, 200.0, 9.99871, 4.36473, 2.80535, 2.07856, 1.39183, 0.969435, 0.784755, 0.699204, 0.671751]",-0.910451,"[81.05, 79.1287, 82.7558, 81.0268]",0.34146
0.539,-0.0260003,0.0,0.0,11.39,0.0,21.9539,121.953,93.923,3,"[200.0, 200.0, 200.0, 200.0, 200.0, 200.0, 200.0, 200.0, 200.0, 200.0, 200.0, 200.0, 200.0, 200.0, 200.0, 200.0, 200.0, 200.0, 200.0, 200.0, 200.0, 200.0, 200.0, 200.0, 200.0, 200.0, 200.0, 200.0, 200.0, 200.0, 200.0, 200.0, 200.0, 200.0, 200.0, 200.0]",1,5214.77,95.5481,-1.16686,-0.0437994,-0.8,"[14.3265, 14.7293, 16.2981, 19.7472, 27.418, 39.0946, 50.4563, 71.8989, 126.713, 200.0, 11.0788, 4.58372, 2.90357, 2.13664, 1.42113, 0.985252, 0.795478, 0.707427, 0.678561]",-0.909556,"[81.066, 79.4166, 82.7656, 82.4153]",0.338494
0.522,-0.0267343,0.0,0.0,11.41,0.0,22.4851,122.484,93.9228,3,"[200.0, 200.0, 200.0, 200.0, 200.0, 200.0, 200.0, 200.0, 200.0, 200.0, 200.0, 200.0, 200.0, 200.0, 200.0, 200.0, 200.0, 200.0, 200.0, 200.0, 200.0, 200.0, 200.0, 200.0, 200.0, 200.0, 200.0, 200.0, 200.0, 200.0, 200.0, 200.0, 200.0, 200.0, 200.0, 200.0]",1,5208.69,95.6273,-1.75041,0.0530881,-0.8,"[14.3211, 14.7208, 16.2852, 19.7256, 27.3743, 39.0063, 50.3115, 71.6117, 125.85, 200.0, 11.307, 4.64495, 2.93689, 2.1593, 1.43499, 0.994285, 0.802512, 0.713516, 0.684265]",-0.908797,"[80.0619, 79.5983, 82.7641, 82.203]",0.340323
0.537,-0.0216735,0.0,0.0,11.43,0.0,23.0166,123.016,93.9225,3,"[200.0, 200.0, 200.0, 200.0, 200.0, 200.0, 200.0, 200.0, 200.0, 200.0, 200.0, 200.0, 200.0, 200.0, 200.0, 200.0, 200.0, 200.0, 200.0, 200.0, 200.0, 200.0, 200.0, 200.0, 200.0, 200.0, 200.0, 200.0, 200.0, 200.0, 200.0, 200.0, 200.0, 200.0, 200.0, 200.0]",1,5230.76,95.7093,-1.64889,-0.0832283,-0.8,"[14.316, 14.7355, 16.3264, 19.8164, 27.596, 39.5046, 51.1731, 73.4172, 131.642, 200.0, 10.486, 4.51393, 2.89, 2.13733, 1.42859, 0.993778, 0.803888, 0.715884, 0.687475]",-0.908358,"[78.9491, 79.4693, 82.6467, 83.0902]",0.340712
0.517,-0.0124865,0.0,0.0,11.45,0.0,23.5484,123.548,93.9223,3,"[200.0, 200.0, 200.0, 200.0, 200.0, 200.0, 200.0, 200.0, 200.0, 200.0, 200.0, 200.0, 200.0, 200.0, 200.0, 200.0, 200.0, 200.0, 200.0, 200.0, 200.0, 200.0, 200.0, 200.0, 200.0, 200.0, 200.0, 200.0, 200.0, 200.0, 200.0, 200.0, 200.0, 200.0, 200.0, 200.0]",1,5236.62,95.6916,-1.59711,0.0253359,-0.8,"[14.3137, 14.7692, 16.4097, 19.9929, 28.0213, 40.4622, 52.8413, 76.9778, 143.718, 200.0, 9.20135, 4.26084, 2.78609, 2.0815, 1.40537, 0.98455, 0.799608, 0.71413, 0.687489]",-0.908342,"[77.7242, 79.8593, 82.7709, 83.1103]",0.339114
0.54,-0.000388887,0.0,0.0,11.47,0.0,24.0802,124.079,93.9221,3,"[200.0, 200.0, 200.0, 200.0, 200.0, 200.0, 200.0, 200.0, 200.0, 200.0, 200.0, 200.0, 200.0, 200.0, 200.0, 200.0, 200.0, 200.0, 200.0, 200.0, 200.0, 200.0, 200.0, 200.0, 200.0, 200.0, 200.0, 200.0, 200.0, 200.0, 200.0, 200.0, 200.0, 200.0, 200.0, 200.0]",1,5252.73,95.7338,-1.12896,-0.017136,-0.8,"[14.3164, 14.8199, 16.5275, 20.2386, 28.6135, 41.8137, 55.2342, 82.2635, 163.535, 200.0, 7.87838, 3.94536, 2.64504, 2.00083, 1.36811, 0.967124, 0.789523, 0.707782, 0.683594]",-0.908854,"[77.1405, 80.1788, 82.7012, 83.7218]",0.342991
0.563,0.014112,0.0,0.0,11.49,0.0,24.612,124.611,93.9218,3,"[200.0, 200.0, 200.0, 200.0, 200.0, 200.0, 200.0, 200.0, 200.0, 200.0, 200.0, 200.0, 200.0, 200.0, 200.0, 200.0, 200.0, 200.0, 200.0, 200.0, 200.0, 200.0, 200.0, 200.0, 200.0, 200.0, 200.0, 200.0, 200.0, 200.0, 200.0, 200.0, 200.0, 200.0, 200.0, 200.0]",1,5313.07,95.7309,-0.655919,-0.0282301,0.128,"[14.3262, 14.8879, 16.6784, 20.5504, 29.3704, 43.5768, 58.4298, 89.6793, 195.991, 47.847, 6.67154, 3.60049, 2.47846, 1.90063, 1.31829, 0.941671, 0.77342, 0.696446, 0.675259]",-0.909974,"[77.1216, 81.5041, 84.3046, 83.9619]",0.33805
0.277,0.02936,0.0,0.0,11.51,0.0,25.1439,125.143,93.9218,3,"[200.0, 200.0, 200.0, 200.0, 200.0, 200.0, 200.0, 200.0, 200.0, 200.0, 200.0, 200.0, 200.0, 200.0, 200.0, 200.0, 200.0, 200.0, 200.0, 200.0, 200.0, 200.0, 200.0, 200.0, 200.0, 200.0, 200.0, 200.0, 200.0, 200.0, 200.0, 200.0, 200.0, 200.0, 200.0, 200.0]",1,5163.92,95.768,0.0781708,-0.0392494,0.126,"[14.3439, 14.9677, 16.8486, 20.8991, 30.2253, 45.6197, 62.2426, 99.1107, 200.0, 22.5608, 5.69162, 3.27084, 2.30712, 1.7926, 1.26101, 0.910289, 0.75232, 0.680593, 0.662575]",-0.911695,"[78.6111, 82.4481, 80.3653, 83.4416]",0.344245
0.248,0.041617,0.0,0.0,11.53,0.0,25.6759,125.675,93.9217,3,"[200.0, 200.0, 200.0, 200.0, 200.0, 200.0, 200.0, 200.0, 200.0, 200.0, 200.0, 200.0, 200.0, 200.0, 200.0, 200.0, 200.0, 200.0, 200.0, 200.0, 200.0, 200.0, 200.0, 200.0, 200.0, 200.0, 200.0, 200.0, 200.0, 200.0, 200.0, 200.0, 200.0, 200.0, 200.0, 200.0]",1,5156.19,95.7798,1.24007,-0.120404,0.127,"[14.3652, 15.0398, 16.9961, 21.1982, 30.9637, 47.4272, 65.7156, 108.303, 200.0, 15.5561, 5.03562, 3.01772, 2.16617, 1.69952, 1.20839, 0.879469, 0.730424, 0.663225, 0.647774]",-0.913705,"[78.9272, 81.7261, 80.7417, 82.893]",0.336877
0.152,0.0470556,0.0,0.0,11.55,0.0,26.2078,126.207,93.9217,3,"[200.0, 200.0, 200.0, 200.0, 200.0, 200.0, 200.0, 200.0, 200.0, 200.0, 200.0, 200.0, 200.0, 200.0, 200.0, 200.0, 200.0, 200.0, 200.0, 200.0, 200.0, 200.0, 200.0, 200.0, 200.0, 200.0, 200.0, 200.0, 200.0, 200.0, 200.0, 200.0, 200.0, 200.0, 200.0, 200.0]",1,5109.15,95.7446,1.99065,-0.209105,0.127,"[14.3828, 15.0805, 17.072, 21.3455, 31.3202, 48.3018, 67.4195, 113.007, 200.0, 13.4593, 4.72751, 2.88062, 2.08279, 1.64082, 1.17201, 0.856021, 0.712481, 0.647984, 0.633802]",-0.915587,"[79.756, 80.9374, 80.4579, 81.7419]",0.34356
0.131,0.04773,0.0,0.0,11.57,0.0,26.7394,126.739,93.9217,3,"[200.0, 200.0, 200.0, 200.0, 200.0, 200.0, 200.0, 200.0, 200.0, 200.0, 200.0, 200.0, 200.0, 200.0, 200.0, 200.0, 200.0, 200.0, 200.0, 200.0, 200.0, 200.0, 200.0, 200.0, 200.0, 200.0, 200.0, 200.0, 200.0, 200.0, 200.0, 200.0, 200.0, 200.0, 200.0, 200.0]",1,5109.78,95.689,2.06979,-0.155497,0.127,"[14.3973, 15.0985, 17.0961, 21.3823, 31.3918, 48.4539, 67.6947, 113.716, 200.0, 12.9749, 4.5997, 2.80832, 2.0323, 1.60185, 1.14481, 0.836522, 0.696436, 0.633519, 0.619764]",-0.917459,"[80.2847, 80.2925, 81.0911, 81.1038]",0.335903
0.137,0.0444309,0.0,0.0,11.59,0.0,27.2708,127.27,93.9217,3,"[200.0, 200.0, 200.0, 200.0, 200.0, 200.0, 200.0, 200.0, 200.0, 200.0, 200.0, 200.0, 200.0, 200.0, 200.0, 200.0, 200.0, 200.0, 200.0, 200.0, 200.0, 200.0, 200.0, 200.0, 200.0, 200.0, 200.0, 200.0, 200.0, 200.0, 200.0, 200.0, 200.0, 200.0, 200.0, 200.0]",1,5111.25,95.6395,1.85881,-0.0818735,0.127,"[14.4087, 15.0968, 17.0761, 21.3251, 31.2217, 47.9904, 66.746, 110.953, 200.0, 13.6326, 4.61103, 2.78755, 2.00854, 1.57923, 1.12554, 0.820675, 0.682354, 0.620099, 0.606105]",-0.919266,"[80.8437, 79.9312, 81.5897, 80.6479]",0.342256
0.15,0.0391318,0.0,0.0,11.61,0.0,27.8019,127.801,93.9217,3,"[200.0, 200.0, 200.0, 200.0, 200.0, 200.0, 200.0, 200.0, 200.0, 200.0, 200.0, 200.0, 200.0, 200.0, 200.0, 200.0, 200.0, 200.0, 200.0, 200.0, 200.0, 200.0, 200.0, 200.0, 200.0, 200.0, 200.0, 200.0, 200.0, 200.0, 200.0, 200.0, 200.0, 200.0, 200.0, 200.0]",1,5112.02,95.6067,1.48373,0.0183285,0.128,"[14.4188, 15.0857, 17.0345, 21.2222, 30.9355, 47.2393, 65.2432, 106.734, 200.0, 15.1375, 4.69775, 2.79287, 1.99793, 1.56453, 1.11005, 0.80657, 0.669218, 0.607198, 0.592661]",-0.921039,"[81.0275, 79.6176, 81.8311, 80.4603]",0.336503
0.175,0.0322117,0.0,0.0,11.63,0.0,28.3329,128.332,93.9217,3,"[200.0, 200.0, 200.0, 200.0, 200.0, 200.0, 200.0, 200.0, 200.0, 200.0, 200.0, 200.0, 200.0, 200.0, 200.0, 200.0, 200.0, 200.0, 200.0, 200.0, 200.0, 200.0, 200.0, 200.0, 200.0, 200.0, 200.0, 200.0, 200.0, 200.0, 200.0, 200.0, 200.0, 200.0, 200.0, 200.0]",1,5108.16,95.5897,1.04221,-0.0101972,0.128,"[14.4274, 15.0664, 16.9751, 21.0827, 30.5604, 46.2801, 63.363, 101.662, 200.0, 18.0121, 4.86685, 2.82597, 2.00177, 1.55896, 1.09944, 0.795188, 0.657949, 0.595732, 0.580401]",-0.922653,"[81.2323, 79.443, 81.9295, 80.2682]",0.341272
0.215,0.0250049,0.0,0.0,11.65,0.0,28.8638,128.863,93.9216,3,"[200.0, 200.0, 200.0, 200.0, 200.0, 200.0, 200.0, 200.0, 200.0, 200.0, 200.0, 200.0, 200.0, 200.0, 200.0, 200.0, 200.0, 200.0, 200.0, 200.0, 200.0, 200.0, 200.0, 200.0, 200.0, 200.0, 200.0, 200.0, 200.0, 200.0, 200.0, 200.0, 200.0, 200.0, 200.0, 200.0]",1,5122.28,95.5765,0.730884,0.114135,0.128,"[14.4351, 15.0452, 16.9124, 20.938, 30.1775, 45.3196, 61.5147, 96.8683, 200.0, 22.7737, 5.08225, 2.87259, 2.01278, 1.55824, 1.09185, 0.785841, 0.648323, 0.585738, 0.569571]",-0.924081,"[81.2543, 79.3727, 81.9409, 80.5847]",0.337607
0.251,0.0167048,0.0,0.0,11.67,0.0,29.3947,129.394,93.9215,3,"[200.0, 200.0, 200.0, 200.0, 200.0, 200.0, 200.0, 200.0, 200.0, 200.0, 200.0, 200.0, 200.0, 200.0, 200.0, 200.0, 200.0, 200.0, 200.0, 200.0, 200.0, 200.0, 200.0, 200.0, 200.0, 200.0, 200.0, 200.0, 200.0, 200.0, 200.0, 200.0, 200.0, 200.0, 200.0, 200.0]",1,5120.92,95.5958,0.276301,-0.0176644,0.128,"[14.4413, 15.0179, 16.8377, 20.77, 29.7432, 44.2547, 59.5069, 91.868, 200.0, 33.5706, 5.40317, 2.95023, 2.03974, 1.56783, 1.09014, 0.780116, 0.641416, 0.578037, 0.560841]",-0.925232,"[81.3402, 79.2147, 82.279, 80.1213]",0.34034
0.311,0.0089395,0.0,0.0,11.69,0.0,29.9258,129.925,93.9215,3,"[200.0, 200.0, 200.0, 200.0, 200.0, 200.0, 200.0, 200.0, 200.0, 200.0, 200.0, 200.0, 200.0, 200.0, 200.0, 200.0, 200.0, 200.0, 200.0, 200.0, 200.0, 200.0, 200.0, 200.0, 200.0, 200.0, 200.0, 200.0, 200.0, 200.0, 200.0, 200.0, 200.0, 200.0, 200.0, 200.0]",1,5164.43,95.6036,0.0779898,0.0781122,0.128,"[14.4461, 14.9916, 16.7675, 20.6142, 29.3466, 43.3011, 57.7419, 87.6349, 184.615, 62.0256, 5.77229, 3.03913, 2.07323, 1.58237, 1.09208, 0.777226, 0.636988, 0.572684, 0.554495]",-0.92607,"[81.3266, 79.3058, 82.4179, 81.279]",0.338283
0.297,0.00033949,0.0,0.0,11.71,0.0,30.457,130.456,93.9214,3,"[200.0, 200.0, 200.0, 200.0, 200.0, 200.0, 200.0, 200.0, 200.0, 200.0, 200.0, 200.0, 200.0, 200.0, 200.0, 200.0, 200.0, 200.0, 200.0, 200.0, 200.0, 200.0, 200.0, 200.0, 200.0, 200.0, 200.0, 200.0, 200.0, 200.0, 200.0, 200.0, 200.0, 200.0, 200.0, 200.0]",1,5136.06,95.6563,-0.338542,-0.0796693,0.129,"[14.4492, 14.9603, 16.6878, 20.4412, 28.9155, 42.2862, 55.8984, 83.3704, 166.432, 200.0, 6.2949, 3.16564, 2.1253, 1.60883, 1.10088, 0.778636, 0.635845, 0.570143, 0.550766]",-0.926565,"[81.3966, 79.17, 82.7023, 80.0558]",0.338949
0.611,-0.00725814,0.0,0.0,11.73,0.0,30.9886,130.988,93.9211,3,"[200.0, 200.0, 200.0, 200.0, 200.0, 200.0, 200.0, 200.0, 200.0, 200.0, 200.0, 200.0, 200.0, 200.0, 200.0, 200.0, 200.0, 200.0, 200.0, 200.0, 200.0, 200.0, 200.0, 200.0, 200.0, 200.0, 200.0, 200.0, 200.0, 200.0, 200.0, 200.0, 200.0, 200.0, 200.0, 200.0]",1,5284.69,95.7464,-0.382088,0.0850505,0.13,"[14.4501, 14.9308, 16.6159, 20.2883, 28.5414, 41.4232, 54.3584, 79.9248, 153.095, 200.0, 6.88524, 3.30512, 2.18541, 1.64172, 1.11462, 0.783937, 0.63811, 0.570826, 0.550304]",-0.926628,"[81.3732, 79.373, 83.3792, 84.0982]",0.338442
0.536,-0.0156811,0.0,0.0,11.75,0.0,31.521,131.52,93.9208,3,"[200.0, 200.0, 200.0, 200.0, 200.0, 200.0, 200.0, 200.0, 200.0, 200.0, 200.0, 200.0, 200.0, 200.0, 200.0, 200.0, 200.0, 200.0, 200.0, 200.0, 200.0, 200.0, 200.0, 200.0, 200.0, 200.0, 200.0, 200.0, 200.0, 200.0, 200.0, 200.0, 200.0, 200.0, 200.0, 200.0]",1,5162.08,95.9667,-0.72697,-0.003483,0.13,"[14.449, 14.8961, 16.5345, 20.1184, 28.1337, 40.5009, 52.7398, 76.4122, 140.584, 200.0, 7.729, 3.49472, 2.26895, 1.6893, 1.13663, 0.794346, 0.644242, 0.574797, 0.552879]",-0.926292,"[81.5929, 79.3311, 83.068, 80.6275]",0.338057
0.52,-0.0234792,0.0,0.0,11.77,0.0,32.0543,132.053,93.9206,3,"[200.0, 200.0, 200.0, 200.0, 200.0, 200.0, 200.0, 200.0, 200.0, 200.0, 200.0, 200.0, 200.0, 200.0, 200.0, 200.0, 200.0, 200.0, 200.0, 200.0, 200.0, 200.0, 200.0, 200.0, 200.0, 200.0, 200.0, 200.0, 200.0, 200.0, 200.0, 200.0, 200.0, 200.0, 200.0, 200.0]",1,5301.7,96.0143,-0.772734,0.0404763,0.13,"[14.4451, 14.8611, 16.4566, 19.9597, 27.761, 39.6747, 51.3142, 73.4091, 130.666, 200.0, 8.76801, 3.71417, 2.36755, 1.74733, 1.16553, 0.809647, 0.654423, 0.582449, 0.559063]",-0.925479,"[81.6167, 79.5194, 83.2642, 84.7116]",0.339024
0.471,-0.0308464,0.0,0.0,11.79,0.0,32.5881,132.587,93.9204,3,"[200.0, 200.0, 200.0, 200.0, 200.0, 200.0, 200.0, 200.0, 200.0, 200.0, 200.0, 200.0, 200.0, 200.0, 200.0, 200.0, 200.0, 200.0, 200.0, 200.0, 200.0, 200.0, 200.0, 200.0, 200.0, 200.0, 200.0, 200.0, 200.0, 200.0, 200.0, 200.0, 200.0, 200.0, 200.0, 200.0]",1,5196.81,96.1838,-1.36187,0.0739553,-0.8,"[14.4396, 14.8264, 16.3816, 19.8094, 27.414, 38.9191, 50.029, 70.7699, 122.479, 200.0, 10.0601, 3.96174, 2.47828, 1.81315, 1.19921, 0.828208, 0.66725, 0.592481, 0.567561]",-0.924361,"[81.4667, 79.7491, 82.8633, 81.8236]",0.337024
0.496,-0.0313709,0.0,0.0,11.81,0.0,33.1225,133.122,93.9202,3,"[200.0, 200.0, 200.0, 200.0, 200.0, 200.0, 200.0, 200.0, 200.0, 200.0, 200.0, 200.0, 200.0, 200.0, 200.0, 200.0, 200.0, 200.0, 200.0, 200.0, 200.0, 200.0, 200.0, 200.0, 200.0, 200.0, 200.0, 200.0, 200.0, 200.0, 200.0, 200.0, 200.0, 200.0, 200.0, 200.0]",1,5292.76,96.1898,-1.96858,0.0703931,-0.8,"[14.4324, 14.8169, 16.3685, 19.7895, 27.3768, 38.8481, 49.9165, 70.556, 121.877, 200.0, 10.287, 4.02805, 2.51624, 1.83975, 1.21605, 0.839486, 0.676179, 0.600309, 0.574978]",-0.923374,"[80.3053, 80.0785, 82.8647, 84.7525]",0.340081
0.496,-0.0266105,0.0,0.0,11.83,0.0,33.6573,133.657,93.9199,3,"[200.0, 200.0, 200.0, 200.0, 200.0, 200.0, 200.0, 200.0, 200.0, 200.0, 200.0, 200.0, 200.0, 200.0, 200.0, 200.0, 200.0, 200.0, 200.0, 200.0, 200.0, 200.0, 200.0, 200.0, 200.0, 200.0, 200.0, 200.0, 200.0, 200.0, 200.0, 200.0, 200.0, 200.0, 200.0, 200.0]",1,5217.37,96.2764,-1.96733,0.0920451,-0.8,"[14.4256, 14.8287, 16.4051, 19.8719, 27.5797, 39.3033, 50.6999, 72.1782, 126.906, 200.0, 9.56025, 3.93213, 2.48697, 1.82877, 1.21551, 0.842289, 0.679869, 0.604498, 0.579736]",-0.922729,"[79.0245, 79.8654, 82.7153, 82.7318]",0.336477
0.501,-0.0171754,0.0,0.0,11.85,0.0,34.1921,134.191,93.9197,3,"[200.0, 200.0, 200.0, 200.0, 200.0, 200.0, 200.0, 200.0, 200.0, 200.0, 200.0, 200.0, 200.0, 200.0, 200.0, 200.0, 200.0, 200.0, 200.0, 200.0, 200.0, 200.0, 200.0, 200.0, 200.0, 200.0, 200.0, 200.0, 200.0, 200.0, 200.0, 200.0, 200.0, 200.0, 200.0, 200.0]",1,5280.8,96.2262,-1.78944,-0.00817208,-0.8,"[14.4209, 14.8612, 16.4883, 20.0498, 28.0085, 40.2637, 52.3614, 75.6747, 138.307, 200.0, 8.29924, 3.70896, 2.39986, 1.78383, 1.19827, 0.836468, 0.677965, 0.604601, 0.581312]",-0.922503,"[78.0934, 80.3047, 82.288, 85.7672]",0.340871
0.493,-0.00492819,0.0,0.0,11.87,0.0,34.7271,134.726,93.9195,3,"[200.0, 200.0, 200.0, 200.0, 200.0, 200.0, 200.0, 200.0, 200.0, 200.0, 200.0, 200.0, 200.0, 200.0, 200.0, 200.0, 200.0, 200.0, 200.0, 200.0, 200.0, 200.0, 200.0, 200.0, 200.0, 200.0, 200.0, 200.0, 200.0, 200.0, 200.0, 200.0, 200.0, 200.0, 200.0, 200.0]",1,5217.19,96.2937,-1.361,0.0997129,0.129,"[14.4211, 14.9101, 16.6048, 20.2945, 28.598, 41.6011, 54.7124, 80.7896, 156.64, 200.0, 7.04123, 3.43088, 2.27945, 1.71646, 1.1682, 0.823049, 0.670613, 0.600337, 0.579115]",-0.922786,"[78.2561, 81.7261, 82.0382, 83.9643]",0.336303
0.532,0.0100622,0.0,0.0,11.89,0.0,35.262,135.261,93.9192,3,"[200.0, 200.0, 200.0, 200.0, 200.0, 200.0, 200.0, 200.0, 200.0, 200.0, 200.0, 200.0, 200.0, 200.0, 200.0, 200.0, 200.0, 200.0, 200.0, 200.0, 200.0, 200.0, 200.0, 200.0, 200.0, 200.0, 200.0, 200.0, 200.0, 200.0, 200.0, 200.0, 200.0, 200.0, 200.0, 200.0]",1,5263.19,96.35,-0.602513,-0.0190561,0.13,"[14.4283, 14.9777, 16.7578, 20.6122, 29.3685, 43.3851, 57.922, 88.1181, 187.061, 56.8868, 5.89035, 3.1185, 2.13163, 1.62863, 1.12524, 0.801465, 0.657161, 0.591024, 0.572424]",-0.923681,"[78.9064, 82.9747, 83.3127, 85.0181]",0.341249
0.217,0.0219427,0.0,0.0,11.91,0.0,35.7975,135.797,93.9192,3,"[200.0, 200.0, 200.0, 200.0, 200.0, 200.0, 200.0, 200.0, 200.0, 200.0, 200.0, 200.0, 200.0, 200.0, 200.0, 200.0, 200.0, 200.0, 200.0, 200.0, 200.0, 200.0, 200.0, 200.0, 200.0, 200.0, 200.0, 200.0, 200.0, 200.0, 200.0, 200.0, 200.0, 200.0, 200.0, 200.0]",1,5161.63,96.42,0.578484,0.0994381,0.128,"[14.4394, 15.0372, 16.8871, 20.8786, 30.0199, 44.9269, 60.7665, 94.9738, 200.0, 25.71, 5.1756, 2.88965, 2.015, 1.5559, 1.08715, 0.780814, 0.643372, 0.580725, 0.564236]",-0.924787,"[79.3007, 82.0629, 80.6927, 83.2554]",0.337463
0.182,0.0272884,0.0,0.0,11.93,0.0,36.333,136.332,93.9192,3,"[200.0, 200.0, 200.0, 200.0, 200.0, 200.0, 200.0, 200.0, 200.0, 200.0, 200.0, 200.0, 200.0, 200.0, 200.0, 200.0, 200.0, 200.0, 200.0, 200.0, 200.0, 200.0, 200.0, 200.0, 200.0, 200.0, 200.0, 200.0, 200.0, 200.0, 200.0, 200.0, 200.0, 200.0, 200.0, 200.0]",1,5151.96,96.3785,1.36609,-0.00304234,0.128,"[14.448, 15.0679, 16.9503, 21.0059, 30.3299, 45.668, 62.1543, 98.4414, 200.0, 20.4273, 4.87607, 2.78047, 1.9551, 1.51648, 1.06479, 0.767564, 0.633832, 0.573042, 0.557564]",-0.925686,"[80.146, 81.5711, 81.3416, 82.2509]",0.341107
0.112,0.0282061,0.0,0.0,11.95,0.0,36.8682,136.867,93.9192,3,"[200.0, 200.0, 200.0, 200.0, 200.0, 200.0, 200.0, 200.0, 200.0, 200.0, 200.0, 200.0, 200.0, 200.0, 200.0, 200.0, 200.0, 200.0, 200.0, 200.0, 200.0, 200.0, 200.0, 200.0, 200.0, 200.0, 200.0, 200.0, 200.0, 200.0, 200.0, 200.0, 200.0, 200.0, 200.0, 200.0]",1,5148.86,96.3061,1.63053,0.106747,0.128,"[14.4551, 15.079, 16.9676, 21.036, 30.3954, 45.8152, 62.4228, 99.1, 200.0, 19.5267, 4.77971, 2.73499, 1.92581, 1.4949, 1.0505, 0.757738, 0.62595, 0.566073, 0.550918]",-0.926573,"[80.9257, 80.8531, 81.7592, 81.7056]",0.338513
0.103,0.0254114,0.0,0.0,11.97,0.0,37.4031,137.402,93.9192,3,"[200.0, 200.0, 200.0, 200.0, 200.0, 200.0, 200.0, 200.0, 200.0, 200.0, 200.0, 200.0, 200.0, 200.0, 200.0, 200.0, 200.0, 200.0, 200.0, 200.0, 200.0, 200.0, 200.0, 200.0, 200.0, 200.0, 200.0, 200.0, 200.0, 200.0, 200.0, 200.0, 200.0, 200.0, 200.0, 200.0]",1,5139.8,96.2485,1.52763,-0.0117603,0.128,"[14.4593, 15.0721, 16.9449, 20.9819, 30.2504, 45.4502, 61.7213, 97.2923, 200.0, 21.4624, 4.84998, 2.74566, 1.92506, 1.49084, 1.04501, 0.752339, 0.620785, 0.560928, 0.545505]",-0.927289,"[81.3001, 80.5683, 82.0146, 81.1635]",0.340431
0.121,0.0206172,0.0,0.0,11.99,0.0,37.9378,137.937,93.9192,3,"[200.0, 200.0, 200.0, 200.0, 200.0, 200.0, 200.0, 200.0, 200.0, 200.0, 200.0, 200.0, 200.0, 200.0, 200.0, 200.0, 200.0, 200.0, 200.0, 200.0, 200.0, 200.0, 200.0, 200.0, 200.0, 200.0, 200.0, 200.0, 200.0, 200.0, 200.0, 200.0, 200.0, 200.0, 200.0, 200.0]",1,5140.36,96.1956,1.31109,0.0521273,0.129,"[14.4626, 15.056, 16.9012, 20.8839, 29.9966, 44.8254, 60.538, 94.3165, 200.0, 26.216, 5.01941, 2.78713, 1.93938, 1.4958, 1.04387, 0.749046, 0.616861, 0.556572, 0.540577]",-0.927938,"[81.5949, 80.1597, 82.2093, 80.9849]",0.338972
0.157,0.0142163,0.0,0.0,12.01,0.0,38.4721,138.471,93.9192,3,"[200.0, 200.0, 200.0, 200.0, 200.0, 200.0, 200.0, 200.0, 200.0, 200.0, 200.0, 200.0, 200.0, 200.0, 200.0, 200.0, 200.0, 200.0, 200.0, 200.0, 200.0, 200.0, 200.0, 200.0, 200.0, 200.0, 200.0, 200.0, 200.0, 200.0, 200.0, 200.0, 200.0, 200.0, 200.0, 200.0]",1,5144.56,96.1685,0.900447,-0.0729702,0.129,"[14.4645, 15.032, 16.8404, 20.7509, 29.6594, 44.0105, 59.018, 90.6031, 198.164, 37.7718, 5.30022, 2.86179, 1.97031, 1.51109, 1.04821, 0.748805, 0.615041, 0.553847, 0.537013]",-0.928405,"[81.6201, 80.0197, 82.4383, 80.8487]",0.33909
0.215,0.00729974,0.0,0.0,12.03,0.0,39.0064,139.006,93.9191,3,"[200.0, 200.0, 200.0, 200.0, 200.0, 200.0, 200.0, 200.0, 200.0, 200.0, 200.0, 200.0, 200.0, 200.0, 200.0, 200.0, 200.0, 200.0, 200.0, 200.0, 200.0, 200.0, 200.0, 200.0, 200.0, 200.0, 200.0, 200.0, 200.0, 200.0, 200.0, 200.0, 200.0, 200.0, 200.0, 200.0]",1,5175.39,96.1406,0.660454,0.0889165,0.129,"[14.4653, 15.0049, 16.7738, 20.6074, 29.301, 43.1592, 57.4548, 86.8998, 181.079, 73.3063, 5.66704, 2.95916, 2.01274, 1.53384, 1.05689, 0.751299, 0.615318, 0.552922, 0.535127]",-0.928652,"[81.7375, 79.8048, 82.6732, 81.5384]",0.338903
0.225,-0.000467589,0.0,0.0,12.05,0.0,39.5405,139.54,93.919,3,"[200.0, 200.0, 200.0, 200.0, 200.0, 200.0, 200.0, 200.0, 200.0, 200.0, 200.0, 200.0, 200.0, 200.0, 200.0, 200.0, 200.0, 200.0, 200.0, 200.0, 200.0, 200.0, 200.0, 200.0, 200.0, 200.0, 200.0, 200.0, 200.0, 200.0, 200.0, 200.0, 200.0, 200.0, 200.0, 200.0]",1,5154.95,96.1544,0.257389,0.0396938,0.129,"[14.4646, 14.973, 16.6978, 20.4465, 28.9058, 42.2375, 55.7897, 83.0782, 165.081, 200.0, 6.17574, 3.0913, 2.07214, 1.56734, 1.07162, 0.757488, 0.618364, 0.55433, 0.535375]",-0.928617,"[81.7628, 79.7681, 82.6176, 81.0184]",0.33847
0.531,-0.0082538,0.0,0.0,12.07,0.0,40.0748,140.074,93.9188,3,"[200.0, 200.0, 200.0, 200.0, 200.0, 200.0, 200.0, 200.0, 200.0, 200.0, 200.0, 200.0, 200.0, 200.0, 200.0, 200.0, 200.0, 200.0, 200.0, 200.0, 200.0, 200.0, 200.0, 200.0, 200.0, 200.0, 200.0, 200.0, 200.0, 200.0, 200.0, 200.0, 200.0, 200.0, 200.0, 200.0]",1,5315.13,96.2112,0.0582356,0.0803471,0.131,"[14.4622, 14.9393, 16.6203, 20.2851, 28.5166, 41.3469, 54.2076, 79.56, 151.629, 200.0, 6.8204, 3.25252, 2.14616, 1.61057, 1.09233, 0.767687, 0.624617, 0.558583, 0.538356]",-0.928222,"[81.7932, 79.7148, 83.457, 84.924]",0.339682
0.458,-0.0166803,0.0,0.0,12.09,0.0,40.6097,140.609,93.9186,3,"[200.0, 200.0, 200.0, 200.0, 200.0, 200.0, 200.0, 200.0, 200.0, 200.0, 200.0, 200.0, 200.0, 200.0, 200.0, 200.0, 200.0, 200.0, 200.0, 200.0, 200.0, 200.0, 200.0, 200.0, 200.0, 200.0, 200.0, 200.0, 200.0, 200.0, 200.0, 200.0, 200.0, 200.0, 200.0, 200.0]",1,5203.33,96.3846,-0.318708,0.0250663,0.13,"[14.4584, 14.9018, 16.5358, 20.1117, 28.1047, 40.4209, 52.5888, 76.066, 139.325, 200.0, 7.70814, 3.45829, 2.24021, 1.66607, 1.11978, 0.781969, 0.63393, 0.565419, 0.543712]",-0.927515,"[81.9927, 79.8988, 83.1694, 81.7711]",0.338034
0.445,-0.0250866,0.0,0.0,12.11,0.0,41.1453,141.144,93.9184,3,"[200.0, 200.0, 200.0, 200.0, 200.0, 200.0, 200.0, 200.0, 200.0, 200.0, 200.0, 200.0, 200.0, 200.0, 200.0, 200.0, 200.0, 200.0, 200.0, 200.0, 200.0, 200.0, 200.0, 200.0, 200.0, 200.0, 200.0, 200.0, 200.0, 200.0, 200.0, 200.0, 200.0, 200.0, 200.0, 200.0]",1,5314.67,96.4204,-0.549968,-0.0472961,0.13,"[14.4523, 14.8622, 16.4498, 19.9383, 27.7007, 39.5305, 51.0581, 72.8593, 128.863, 200.0, 8.88734, 3.70915, 2.35496, 1.7348, 1.15506, 0.801364, 0.64727, 0.57579, 0.552431]",-0.926366,"[82.0357, 79.8538, 83.9053, 84.4272]",0.340273
0.413,-0.0322997,0.0,0.0,12.13,0.0,41.6813,141.681,93.9183,3,"[200.0, 200.0, 200.0, 200.0, 200.0, 200.0, 200.0, 200.0, 200.0, 200.0, 200.0, 200.0, 200.0, 200.0, 200.0, 200.0, 200.0, 200.0, 200.0, 200.0, 200.0, 200.0, 200.0, 200.0, 200.0, 200.0, 200.0, 200.0, 200.0, 200.0, 200.0, 200.0, 200.0, 200.0, 200.0, 200.0]",1,5216.98,96.5505,-1.18233,0.0592992,-0.8,"[14.4448, 14.826, 16.374, 19.7886, 27.3585, 38.7902, 49.8046, 70.3018, 121.035, 200.0, 10.2431, 3.96987, 2.47371, 1.8066, 1.19284, 0.822845, 0.662501, 0.587992, 0.56304]",-0.924967,"[81.7638, 80.179, 83.5056, 82.0788]",0.336895
0.445,-0.033052,0.0,0.0,12.15,0.0,42.2177,142.217,93.9181,3,"[200.0, 200.0, 200.0, 200.0, 200.0, 200.0, 200.0, 200.0, 200.0, 200.0, 200.0, 200.0, 200.0, 200.0, 200.0, 200.0, 200.0, 200.0, 200.0, 200.0, 200.0, 200.0, 200.0, 200.0, 200.0, 200.0, 200.0, 200.0, 200.0, 200.0, 200.0, 200.0, 200.0, 200.0, 200.0, 200.0]",1,5335.76,96.5276,-1.84731,-0.0753353,-0.8,"[14.4361, 14.8141, 16.3571, 19.7623, 27.3082, 38.6932, 49.65, 70.0066, 120.206, 200.0, 10.5525, 4.05519, 2.52172, 1.83995, 1.21377, 0.836784, 0.673498, 0.597609, 0.572132]",-0.923757,"[80.5334, 80.3345, 83.7169, 85.2811]",0.340749
0.441,-0.0285019,0.0,0.0,12.17,0.0,42.7544,142.754,93.918,3,"[200.0, 200.0, 200.0, 200.0, 200.0, 200.0, 200.0, 200.0, 200.0, 200.0, 200.0, 200.0, 200.0, 200.0, 200.0, 200.0, 200.0, 200.0, 200.0, 200.0, 200.0, 200.0, 200.0, 200.0, 200.0, 200.0, 200.0, 200.0, 200.0, 200.0, 200.0, 200.0, 200.0, 200.0, 200.0, 200.0]",1,5263.29,96.5779,-1.86375,0.00361054,-0.8,"[14.4274, 14.8231, 16.3895, 19.8378, 27.497, 39.1187, 50.3825, 71.5202, 124.851, 200.0, 9.84947, 3.97537, 2.50216, 1.83581, 1.21752, 0.842425, 0.67941, 0.603728, 0.578701]",-0.922871,"[79.2511, 80.0913, 83.4965, 83.2241]",0.336003
0.451,-0.0191563,0.0,0.0,12.19,0.0,43.2909,143.29,93.9178,3,"[200.0, 200.0, 200.0, 200.0, 200.0, 200.0, 200.0, 200.0, 200.0, 200.0, 200.0, 200.0, 200.0, 200.0, 200.0, 200.0, 200.0, 200.0, 200.0, 200.0, 200.0, 200.0, 200.0, 200.0, 200.0, 200.0, 200.0, 200.0, 200.0, 200.0, 200.0, 200.0, 200.0, 200.0, 200.0, 200.0]",1,5213.32,96.5648,-1.70168,-0.0204217,-0.8,"[14.4209, 14.8534, 16.4697, 20.0109, 27.9155, 40.0555, 52.0001, 74.9078, 135.737, 200.0, 8.54737, 3.759, 2.42109, 1.79565, 1.20358, 0.838889, 0.679342, 0.605452, 0.581819]",-0.922438,"[78.256, 80.497, 82.3133, 83.6902]",0.3406
0.46,-0.00713456,0.0,0.0,12.21,0.0,43.8274,143.827,93.9176,3,"[200.0, 200.0, 200.0, 200.0, 200.0, 200.0, 200.0, 200.0, 200.0, 200.0, 200.0, 200.0, 200.0, 200.0, 200.0, 200.0, 200.0, 200.0, 200.0, 200.0, 200.0, 200.0, 200.0, 200.0, 200.0, 200.0, 200.0, 200.0, 200.0, 200.0, 200.0, 200.0, 200.0, 200.0, 200.0, 200.0]",1,5219.7,96.5678,-1.35145,0.121389,0.129,"[14.4194, 14.8996, 16.5818, 20.2476, 28.4867, 41.3489, 54.2672, 79.8086, 152.969, 200.0, 7.25818, 3.48696, 2.30624, 1.73271, 1.17655, 0.827569, 0.673661, 0.602652, 0.581005]",-0.922535,"[78.3975, 82.0789, 81.3188, 84.252]",0.336238
0.489,0.00752894,0.0,0.0,12.23,0.0,44.3638,144.363,93.9174,3,"[200.0, 200.0, 200.0, 200.0, 200.0, 200.0, 200.0, 200.0, 200.0, 200.0, 200.0, 200.0, 200.0, 200.0, 200.0, 200.0, 200.0, 200.0, 200.0, 200.0, 200.0, 200.0, 200.0, 200.0, 200.0, 200.0, 200.0, 200.0, 200.0, 200.0, 200.0, 200.0, 200.0, 200.0, 200.0, 200.0]",1,5210.05,96.6465,-0.605324,0.0834042,0.13,"[14.4246, 14.9636, 16.7288, 20.5542, 29.2303, 43.0655, 57.3436, 86.773, 181.087, 76.4835, 6.08361, 3.18039, 2.16411, 1.64955, 1.13688, 0.80829, 0.662057, 0.594964, 0.575851]",-0.923222,"[79.4019, 83.1076, 81.3115, 83.9797]",0.340295
0.205,0.0185713,0.0,0.0,12.25,0.0,44.9008,144.9,93.9173,3,"[200.0, 200.0, 200.0, 200.0, 200.0, 200.0, 200.0, 200.0, 200.0, 200.0, 200.0, 200.0, 200.0, 200.0, 200.0, 200.0, 200.0, 200.0, 200.0, 200.0, 200.0, 200.0, 200.0, 200.0, 200.0, 200.0, 200.0, 200.0, 200.0, 200.0, 200.0, 200.0, 200.0, 200.0, 200.0, 200.0]",1,5185.42,96.6452,0.670782,0.201916,0.128,"[14.4335, 15.0174, 16.847, 20.7983, 29.8265, 44.4699, 59.9201, 92.9052, 200.0, 30.6417, 5.38642, 2.96511, 2.05638, 1.58321, 1.10277, 0.790183, 0.650192, 0.58628, 0.569121]",-0.92413,"[79.8304, 82.1727, 80.9599, 83.559]",0.337969
0.157,0.0236251,0.0,0.0,12.27,0.0,45.4376,145.437,93.9173,3,"[200.0, 200.0, 200.0, 200.0, 200.0, 200.0, 200.0, 200.0, 200.0, 200.0, 200.0, 200.0, 200.0, 200.0, 200.0, 200.0, 200.0, 200.0, 200.0, 200.0, 200.0, 200.0, 200.0, 200.0, 200.0, 200.0, 200.0, 200.0, 200.0, 200.0, 200.0, 200.0, 200.0, 200.0, 200.0, 200.0]",1,5163.59,96.6007,1.30567,0.0730438,0.128,"[14.4401, 15.0448, 16.9047, 20.9157, 30.1127, 45.1515, 61.1884, 96.0259, 200.0, 23.8702, 5.09545, 2.86434, 2.00268, 1.54861, 1.08373, 0.779262, 0.642534, 0.580265, 0.564042]",-0.924815,"[80.6513, 81.7941, 81.5079, 82.4007]",0.34016
0.101,0.024086,0.0,0.0,12.29,0.0,45.9741,145.973,93.9173,3,"[200.0, 200.0, 200.0, 200.0, 200.0, 200.0, 200.0, 200.0, 200.0, 200.0, 200.0, 200.0, 200.0, 200.0, 200.0, 200.0, 200.0, 200.0, 200.0, 200.0, 200.0, 200.0, 200.0, 200.0, 200.0, 200.0, 200.0, 200.0, 200.0, 200.0, 200.0, 200.0, 200.0, 200.0, 200.0, 200.0]",1,5155.32,96.5282,1.62495,0.117112,0.128,"[14.4452, 15.0519, 16.9151, 20.9329, 30.1483, 45.2285, 61.3255, 96.3504, 200.0, 23.2109, 5.03052, 2.83304, 1.98223, 1.5334, 1.07354, 0.772178, 0.636812, 0.575178, 0.559166]",-0.925466,"[81.3471, 80.9338, 81.8173, 81.8636]",0.339442
0.088,0.0212688,0.0,0.0,12.31,0.0,46.5103,146.51,93.9173,3,"[200.0, 200.0, 200.0, 200.0, 200.0, 200.0, 200.0, 200.0, 200.0, 200.0, 200.0, 200.0, 200.0, 200.0, 200.0, 200.0, 200.0, 200.0, 200.0, 200.0, 200.0, 200.0, 200.0, 200.0, 200.0, 200.0, 200.0, 200.0, 200.0, 200.0, 200.0, 200.0, 200.0, 200.0, 200.0, 200.0]",1,5145.68,96.4676,1.42533,-0.0469257,0.128,"[14.448, 15.0434, 16.8905, 20.8766, 30.0013, 44.8652, 60.6365, 94.6171, 200.0, 26.1104, 5.12632, 2.85421, 1.98814, 1.53427, 1.07137, 0.769121, 0.633562, 0.571754, 0.55542]",-0.925961,"[81.5048, 80.8108, 82.0952, 81.3071]",0.339434
0.115,0.0162478,0.0,0.0,12.33,0.0,47.0461,147.045,93.9173,3,"[200.0, 200.0, 200.0, 200.0, 200.0, 200.0, 200.0, 200.0, 200.0, 200.0, 200.0, 200.0, 200.0, 200.0, 200.0, 200.0, 200.0, 200.0, 200.0, 200.0, 200.0, 200.0, 200.0, 200.0, 200.0, 200.0, 200.0, 200.0, 200.0, 200.0, 200.0, 200.0, 200.0, 200.0, 200.0, 200.0]",1,5148.88,96.4123,1.23491,-0.0726832,0.128,"[14.4496, 15.0247, 16.843, 20.7723, 29.7361, 44.222, 59.4331, 91.6585, 200.0, 33.9955, 5.34529, 2.91272, 2.01228, 1.54608, 1.07456, 0.768719, 0.631927, 0.569406, 0.552399]",-0.926356,"[81.7878, 80.2596, 82.3559, 81.1179]",0.339841
0.157,0.0100077,0.0,0.0,12.35,0.0,47.5816,147.581,93.9173,3,"[200.0, 200.0, 200.0, 200.0, 200.0, 200.0, 200.0, 200.0, 200.0, 200.0, 200.0, 200.0, 200.0, 200.0, 200.0, 200.0, 200.0, 200.0, 200.0, 200.0, 200.0, 200.0, 200.0, 200.0, 200.0, 200.0, 200.0, 200.0, 200.0, 200.0, 200.0, 200.0, 200.0, 200.0, 200.0, 200.0]",1,5155.95,96.382,0.825327,-0.133419,0.128,"[14.4501, 15.0001, 16.7825, 20.6421, 29.41, 43.4438, 57.9971, 88.2221, 187.212, 55.0222, 5.66962, 3.00083, 2.051, 1.56695, 1.08257, 0.771042, 0.632201, 0.568566, 0.550666]",-0.926582,"[81.7854, 80.2133, 82.6553, 81.0214]",0.337837
0.174,0.00277007,0.0,0.0,12.37,0.0,48.117,148.116,93.9173,3,"[200.0, 200.0, 200.0, 200.0, 200.0, 200.0, 200.0, 200.0, 200.0, 200.0, 200.0, 200.0, 200.0, 200.0, 200.0, 200.0, 200.0, 200.0, 200.0, 200.0, 200.0, 200.0, 200.0, 200.0, 200.0, 200.0, 200.0, 200.0, 200.0, 200.0, 200.0, 200.0, 200.0, 200.0, 200.0, 200.0]",1,5177.27,96.3397,0.548961,-0.0804622,0.129,"[14.4492, 14.97, 16.7113, 20.4911, 29.0378, 42.5707, 56.4107, 84.5378, 171.207, 198.853, 6.12613, 3.12306, 2.10648, 1.59836, 1.09641, 0.776843, 0.635031, 0.569841, 0.550833]",-0.926556,"[81.9317, 79.9499, 82.7913, 81.5259]",0.33944
0.497,-0.00470714,0.0,0.0,12.39,0.0,48.6525,148.652,93.9171,3,"[200.0, 200.0, 200.0, 200.0, 200.0, 200.0, 200.0, 200.0, 200.0, 200.0, 200.0, 200.0, 200.0, 200.0, 200.0, 200.0, 200.0, 200.0, 200.0, 200.0, 200.0, 200.0, 200.0, 200.0, 200.0, 200.0, 200.0, 200.0, 200.0, 200.0, 200.0, 200.0, 200.0, 200.0, 200.0, 200.0]",1,5216.96,96.4521,0.22914,-0.0234481,0.13,"[14.4471, 14.9379, 16.6368, 20.3355, 28.6605, 41.7011, 54.8556, 81.0341, 157.298, 200.0, 6.70683, 3.27247, 2.17518, 1.63831, 1.11527, 0.785885, 0.640392, 0.573323, 0.553089]",-0.926256,"[81.9331, 80.1142, 83.8451, 81.7661]",0.336615
0.453,-0.0127372,0.0,0.0,12.41,0.0,49.1885,149.188,93.9169,3,"[200.0, 200.0, 200.0, 200.0, 200.0, 200.0, 200.0, 200.0, 200.0, 200.0, 200.0, 200.0, 200.0, 200.0, 200.0, 200.0, 200.0, 200.0, 200.0, 200.0, 200.0, 200.0, 200.0, 200.0, 200.0, 200.0, 200.0, 200.0, 200.0, 200.0, 200.0, 200.0, 200.0, 200.0, 200.0, 200.0]",1,5350.8,96.4869,-0.0487605,-0.0846559,0.13,"[14.443, 14.9016, 16.5556, 20.1686, 28.2624, 40.8006, 53.271, 77.5702, 144.654, 200.0, 7.49637, 3.46501, 2.26447, 1.69134, 1.14164, 0.799638, 0.649361, 0.579898, 0.558227]",-0.925576,"[82.0647, 79.9753, 84.415, 85.1229]",0.339727
0.393,-0.0208475,0.0,0.0,12.43,0.0,49.7251,149.724,93.9168,3,"[200.0, 200.0, 200.0, 200.0, 200.0, 200.0, 200.0, 200.0, 200.0, 200.0, 200.0, 200.0, 200.0, 200.0, 200.0, 200.0, 200.0, 200.0, 200.0, 200.0, 200.0, 200.0, 200.0, 200.0, 200.0, 200.0, 200.0, 200.0, 200.0, 200.0, 200.0, 200.0, 200.0, 200.0, 200.0, 200.0]",1,5226.71,96.625,-0.251812,0.0598096,0.13,"[14.4372, 14.8635, 16.4724, 20.0003, 27.868, 39.9245, 51.7539, 74.349, 133.769, 200.0, 8.52652, 3.69677, 2.37151, 1.75553, 1.17447, 0.817533, 0.661558, 0.589289, 0.56603]",-0.924546,"[82.1384, 80.2181, 84.0247, 81.7887]",0.336037
0.399,-0.0296743,0.0,0.0,12.45,0.0,50.2618,150.261,93.9166,3,"[200.0, 200.0, 200.0, 200.0, 200.0, 200.0, 200.0, 200.0, 200.0, 200.0, 200.0, 200.0, 200.0, 200.0, 200.0, 200.0, 200.0, 200.0, 200.0, 200.0, 200.0, 200.0, 200.0, 200.0, 200.0, 200.0, 200.0, 200.0, 200.0, 200.0, 200.0, 200.0, 200.0, 200.0, 200.0, 200.0]",1,5332.42,96.6365,-0.554912,-0.00617065,0.129,"[14.4293, 14.8204, 16.3808, 19.8178, 27.4474, 39.0072, 50.1904, 71.1221, 123.617, 200.0, 10.0256, 3.99767, 2.50851, 1.83788, 1.21724, 0.841442, 0.678265, 0.602486, 0.577328]",-0.923057,"[82.3518, 80.0038, 84.8019, 84.4463]",0.340738
0.377,-0.0364853,0.0,0.0,12.47,0.0,50.7991,150.798,93.9165,3,"[200.0, 200.0, 200.0, 200.0, 200.0, 200.0, 200.0, 200.0, 200.0, 200.0, 200.0, 200.0, 200.0, 200.0, 200.0, 200.0, 200.0, 200.0, 200.0, 200.0, 200.0, 200.0, 200.0, 200.0, 200.0, 200.0, 200.0, 200.0, 200.0, 200.0, 200.0, 200.0, 200.0, 200.0, 200.0, 200.0]",1,5252.93,96.7453,-1.1423,0.0845373,-0.8,"[14.4193, 14.7834, 16.3064, 19.6739, 27.1238, 38.3166, 49.0325, 68.7961, 116.738, 200.0, 11.6287, 4.28942, 2.64204, 1.91947, 1.26104, 0.866962, 0.696716, 0.617534, 0.590658]",-0.921298,"[82.0183, 80.4686, 84.3168, 82.2001]",0.336287
0.406,-0.0375719,0.0,0.0,12.49,0.0,51.3365,151.336,93.9163,3,"[200.0, 200.0, 200.0, 200.0, 200.0, 200.0, 200.0, 200.0, 200.0, 200.0, 200.0, 200.0, 200.0, 200.0, 200.0, 200.0, 200.0, 200.0, 200.0, 200.0, 200.0, 200.0, 200.0, 200.0, 200.0, 200.0, 200.0, 200.0, 200.0, 200.0, 200.0, 200.0, 200.0, 200.0, 200.0, 200.0]",1,5226.05,96.7794,-1.76437,0.024926,-0.8,"[14.4082, 14.7677, 16.2837, 19.6381, 27.0549, 38.1833, 48.8201, 68.3932, 115.633, 200.0, 12.1188, 4.40912, 2.70737, 1.96421, 1.28874, 0.885221, 0.711042, 0.630013, 0.602417]",-0.919734,"[80.8333, 80.4418, 83.8401, 82.8127]",0.341659
0.433,-0.0327622,0.0,0.0,12.51,0.0,51.8743,151.873,93.9162,3,"[200.0, 200.0, 200.0, 200.0, 200.0, 200.0, 200.0, 200.0, 200.0, 200.0, 200.0, 200.0, 200.0, 200.0, 200.0, 200.0, 200.0, 200.0, 200.0, 200.0, 200.0, 200.0, 200.0, 200.0, 200.0, 200.0, 200.0, 200.0, 200.0, 200.0, 200.0, 200.0, 200.0, 200.0, 200.0, 200.0]",1,5249.54,96.7706,-1.81187,0.121412,-0.8,"[14.3965, 14.7746, 16.3149, 19.7136, 27.2463, 38.6154, 49.5617, 69.9116, 120.166, 200.0, 11.22, 4.32592, 2.6922, 1.96504, 1.29674, 0.894189, 0.719794, 0.638748, 0.611565]",-0.918502,"[79.5518, 80.2624, 82.6298, 83.7452]",0.337497
0.424,-0.023512,0.0,0.0,12.53,0.0,52.4118,152.411,93.916,3,"[200.0, 200.0, 200.0, 200.0, 200.0, 200.0, 200.0, 200.0, 200.0, 200.0, 200.0, 200.0, 200.0, 200.0, 200.0, 200.0, 200.0, 200.0, 200.0, 200.0, 200.0, 200.0, 200.0, 200.0, 200.0, 200.0, 200.0, 200.0, 200.0, 200.0, 200.0, 200.0, 200.0, 200.0, 200.0, 200.0]",1,5231.08,96.7578,-1.59542,0.0267698,-0.8,"[14.3868, 14.801, 16.3899, 19.8785, 27.6475, 39.5113, 51.1014, 73.101, 130.1, 200.0, 9.68715, 4.1023, 2.61474, 1.92969, 1.28713, 0.894093, 0.722668, 0.643182, 0.617351]",-0.917709,"[78.6473, 80.6563, 82.1988, 83.5416]",0.341656
0.418,-0.0114138,0.0,0.0,12.55,0.0,52.9491,152.948,93.9159,3,"[200.0, 200.0, 200.0, 200.0, 200.0, 200.0, 200.0, 200.0, 200.0, 200.0, 200.0, 200.0, 200.0, 200.0, 200.0, 200.0, 200.0, 200.0, 200.0, 200.0, 200.0, 200.0, 200.0, 200.0, 200.0, 200.0, 200.0, 200.0, 200.0, 200.0, 200.0, 200.0, 200.0, 200.0, 200.0, 200.0]",1,5266.21,96.697,-1.23002,-0.00133095,-0.8,"[14.3818, 14.8438, 16.498, 20.1095, 28.2061, 40.7711, 53.2968, 77.7864, 145.969, 200.0, 8.16956, 3.8122, 2.49857, 1.86882, 1.26323, 0.885691, 0.719652, 0.642936, 0.619129]",-0.917455,"[77.9881, 81.073, 82.1326, 84.6868]",0.339237
0.425,0.00308221,0.0,0.0,12.57,0.0,53.4863,153.486,93.9157,3,"[200.0, 200.0, 200.0, 200.0, 200.0, 200.0, 200.0, 200.0, 200.0, 200.0, 200.0, 200.0, 200.0, 200.0, 200.0, 200.0, 200.0, 200.0, 200.0, 200.0, 200.0, 200.0, 200.0, 200.0, 200.0, 200.0, 200.0, 200.0, 200.0, 200.0, 200.0, 200.0, 200.0, 200.0, 200.0, 200.0]",1,5236.16,96.7098,-0.621485,-0.070696,0.129,"[14.3834, 14.9031, 16.6381, 20.404, 28.9211, 42.4133, 56.2197, 84.3041, 171.057, 200.0, 6.83521, 3.49051, 2.35571, 1.78801, 1.22688, 0.869487, 0.710857, 0.637944, 0.616715]",-0.917772,"[77.9021, 82.1799, 81.7889, 84.1853]",0.340276
0.47,0.0182493,0.0,0.0,12.59,0.0,54.0235,154.023,93.9155,3,"[200.0, 200.0, 200.0, 200.0, 200.0, 200.0, 200.0, 200.0, 200.0, 200.0, 200.0, 200.0, 200.0, 200.0, 200.0, 200.0, 200.0, 200.0, 200.0, 200.0, 200.0, 200.0, 200.0, 200.0, 200.0, 200.0, 200.0, 200.0, 200.0, 200.0, 200.0, 200.0, 200.0, 200.0, 200.0, 200.0]",1,5317.92,96.7093,0.0484781,-0.0566625,0.129,"[14.3928, 14.9738, 16.7964, 20.733, 29.7254, 44.3035, 59.6744, 92.455, 200.0, 33.4033, 5.78762, 3.18154, 2.20531, 1.69739, 1.18194, 0.846727, 0.696627, 0.628089, 0.609654]",-0.918726,"[79.1575, 83.2636, 82.8519, 85.4643]",0.340477
0.144,0.03104,0.0,0.0,12.61,0.0,54.5608,154.56,93.9155,3,"[200.0, 200.0, 200.0, 200.0, 200.0, 200.0, 200.0, 200.0, 200.0, 200.0, 200.0, 200.0, 200.0, 200.0, 200.0, 200.0, 200.0, 200.0, 200.0, 200.0, 200.0, 200.0, 200.0, 200.0, 200.0, 200.0, 200.0, 200.0, 200.0, 200.0, 200.0, 200.0, 200.0, 200.0, 200.0, 200.0]",1,5149.75,96.7459,1.23606,-0.0549029,0.127,"[14.4064, 15.0398, 16.9388, 21.0267, 30.4505, 46.0501, 62.9578, 100.695, 200.0, 19.349, 5.08763, 2.94176, 2.0802, 1.61851, 1.14025, 0.824053, 0.68151, 0.616847, 0.600786]",-0.919934,"[79.6455, 82.7804, 80.1322, 83.3619]",0.338418
0.076,0.0368299,0.0,0.0,12.63,0.0,55.098,155.097,93.9155,3,"[200.0, 200.0, 200.0, 200.0, 200.0, 200.0, 200.0, 200.0, 200.0, 200.0, 200.0, 200.0, 200.0, 200.0, 200.0, 200.0, 200.0, 200.0, 200.0, 200.0, 200.0, 200.0, 200.0, 200.0, 200.0, 200.0, 200.0, 200.0, 200.0, 200.0, 200.0, 200.0, 200.0, 200.0, 200.0, 200.0]",1,5141.87,96.6442,2.12992,-0.0571247,0.128,"[14.4178, 15.0753, 17.0102, 21.1699, 30.8014, 46.9032, 64.5879, 104.963, 200.0, 16.0758, 4.78223, 2.82153, 2.01195, 1.57267, 1.1136, 0.807922, 0.669724, 0.607237, 0.592337]",-0.921075,"[80.668, 81.6525, 80.9048, 82.4043]",0.341082
0.028,0.0378039,0.0,0.0,12.65,0.0,55.6347,155.634,93.9154,3,"[200.0, 200.0, 200.0, 200.0, 200.0, 200.0, 200.0, 200.0, 200.0, 200.0, 200.0, 200.0, 200.0, 200.0, 200.0, 200.0, 200.0, 200.0, 200.0, 200.0, 200.0, 200.0, 200.0, 200.0, 200.0, 200.0, 200.0, 200.0, 200.0, 200.0, 200.0, 200.0, 200.0, 200.0, 200.0, 200.0]",1,5121.89,96.552,2.10773,-0.0869922,0.128,"[14.4267, 15.0885, 17.0304, 21.2044, 30.8761, 47.0724, 64.9016, 105.767, 200.0, 15.4411, 4.67832, 2.7692, 1.97734, 1.5468, 1.09621, 0.795819, 0.659949, 0.598548, 0.584013]",-0.922187,"[81.1243, 81.0785, 81.036, 81.6526]",0.337191
0.046,0.0349427,0.0,0.0,12.67,0.0,56.1708,156.17,93.9153,3,"[200.0, 200.0, 200.0, 200.0, 200.0, 200.0, 200.0, 200.0, 200.0, 200.0, 200.0, 200.0, 200.0, 200.0, 200.0, 200.0, 200.0, 200.0, 200.0, 200.0, 200.0, 200.0, 200.0, 200.0, 200.0, 200.0, 200.0, 200.0, 200.0, 200.0, 200.0, 200.0, 200.0, 200.0, 200.0, 200.0]",1,5123.61,96.4595,2.0086,-0.152538,0.128,"[14.4333, 15.0838, 17.0095, 21.1512, 30.7271, 46.684, 64.133, 103.671, 200.0, 16.4721, 4.72057, 2.76735, 1.96802, 1.53604, 1.08588, 0.786819, 0.651739, 0.590594, 0.575814]",-0.923272,"[81.5579, 80.621, 81.7898, 80.8885]",0.340935
0.058,0.0299929,0.0,0.0,12.69,0.0,56.7064,156.706,93.9152,3,"[200.0, 200.0, 200.0, 200.0, 200.0, 200.0, 200.0, 200.0, 200.0, 200.0, 200.0, 200.0, 200.0, 200.0, 200.0, 200.0, 200.0, 200.0, 200.0, 200.0, 200.0, 200.0, 200.0, 200.0, 200.0, 200.0, 200.0, 200.0, 200.0, 200.0, 200.0, 200.0, 200.0, 200.0, 200.0, 200.0]",1,5131.28,96.3812,1.57626,-0.0853943,0.128,"[14.4389, 15.0694, 16.9665, 21.0513, 30.4607, 46.009, 62.8216, 100.199, 200.0, 18.9275, 4.85171, 2.79467, 1.97312, 1.53388, 1.07962, 0.779684, 0.644544, 0.583204, 0.56786]",-0.924319,"[81.658, 80.2664, 81.9745, 80.8783]",0.336473
0.097,0.0231329,0.0,0.0,12.71,0.0,57.2417,157.241,93.9152,3,"[200.0, 200.0, 200.0, 200.0, 200.0, 200.0, 200.0, 200.0, 200.0, 200.0, 200.0, 200.0, 200.0, 200.0, 200.0, 200.0, 200.0, 200.0, 200.0, 200.0, 200.0, 200.0, 200.0, 200.0, 200.0, 200.0, 200.0, 200.0, 200.0, 200.0, 200.0, 200.0, 200.0, 200.0, 200.0, 200.0]",1,5138.05,96.3166,1.15863,-0.108253,0.128,"[14.4431, 15.0458, 16.9032, 20.9093, 30.092, 45.0953, 61.0776, 95.7365, 200.0, 24.2451, 5.09015, 2.85571, 1.9951, 1.5421, 1.07869, 0.775375, 0.6392, 0.577169, 0.560958]",-0.925225,"[81.8713, 80.0556, 82.385, 80.6425]",0.340346
0.145,0.015883,0.0,0.0,12.73,0.0,57.7766,157.776,93.9152,3,"[200.0, 200.0, 200.0, 200.0, 200.0, 200.0, 200.0, 200.0, 200.0, 200.0, 200.0, 200.0, 200.0, 200.0, 200.0, 200.0, 200.0, 200.0, 200.0, 200.0, 200.0, 200.0, 200.0, 200.0, 200.0, 200.0, 200.0, 200.0, 200.0, 200.0, 200.0, 200.0, 200.0, 200.0, 200.0, 200.0]",1,5146.23,96.2742,0.767088,-0.0363608,0.128,"[14.4465, 15.0201, 16.8358, 20.7602, 29.7104, 44.1663, 59.3345, 91.4307, 200.0, 34.9638, 5.39305, 2.93397, 2.02572, 1.5559, 1.08101, 0.773138, 0.635464, 0.572529, 0.555375]",-0.925959,"[81.8299, 79.9594, 82.5967, 80.8189]",0.336474
0.205,0.00746151,0.0,0.0,12.75,0.0,58.3113,158.311,93.9152,3,"[200.0, 200.0, 200.0, 200.0, 200.0, 200.0, 200.0, 200.0, 200.0, 200.0, 200.0, 200.0, 200.0, 200.0, 200.0, 200.0, 200.0, 200.0, 200.0, 200.0, 200.0, 200.0, 200.0, 200.0, 200.0, 200.0, 200.0, 200.0, 200.0, 200.0, 200.0, 200.0, 200.0, 200.0, 200.0, 200.0]",1,5142.98,96.2646,0.31378,-0.088586,0.128,"[14.4486, 14.9882, 16.756, 20.587, 29.2755, 43.129, 57.4241, 86.8827, 181.236, 73.9573, 5.8341, 3.04891, 2.07439, 1.58106, 1.0896, 0.774642, 0.634479, 0.570169, 0.551842]",-0.926423,"[81.9438, 79.7655, 82.778, 80.6768]",0.339323
0.221,-0.000250402,0.0,0.0,12.77,0.0,58.8461,158.845,93.9151,3,"[200.0, 200.0, 200.0, 200.0, 200.0, 200.0, 200.0, 200.0, 200.0, 200.0, 200.0, 200.0, 200.0, 200.0, 200.0, 200.0, 200.0, 200.0, 200.0, 200.0, 200.0, 200.0, 200.0, 200.0, 200.0, 200.0, 200.0, 200.0, 200.0, 200.0, 200.0, 200.0, 200.0, 200.0, 200.0, 200.0]",1,5164.3,96.2441,0.115585,0.0784267,0.129,"[14.4493, 14.958, 16.6822, 20.4293, 28.8861, 42.2179, 55.7758, 83.0923, 165.314, 200.0, 6.33648, 3.17575, 2.12966, 1.61119, 1.10184, 0.778974, 0.635963, 0.570144, 0.55068]",-0.926576,"[81.8116, 79.8932, 82.7296, 81.131]",0.33638
0.516,-0.00896816,0.0,0.0,12.79,0.0,59.3809,159.38,93.9149,3,"[200.0, 200.0, 200.0, 200.0, 200.0, 200.0, 200.0, 200.0, 200.0, 200.0, 200.0, 200.0, 200.0, 200.0, 200.0, 200.0, 200.0, 200.0, 200.0, 200.0, 200.0, 200.0, 200.0, 200.0, 200.0, 200.0, 200.0, 200.0, 200.0, 200.0, 200.0, 200.0, 200.0, 200.0, 200.0, 200.0]",1,5201.19,96.3573,-0.289012,-0.0158511,0.13,"[14.4482, 14.922, 16.5974, 20.2512, 28.4543, 41.2278, 54.0155, 79.1766, 150.361, 200.0, 7.06242, 3.35181, 2.20835, 1.65601, 1.1223, 0.788327, 0.641214, 0.573298, 0.552432]",-0.926345,"[81.984, 79.7103, 84.4944, 81.2649]",0.338804
0.466,-0.0167011,0.0,0.0,12.81,0.0,59.9164,159.916,93.9146,3,"[200.0, 200.0, 200.0, 200.0, 200.0, 200.0, 200.0, 200.0, 200.0, 200.0, 200.0, 200.0, 200.0, 200.0, 200.0, 200.0, 200.0, 200.0, 200.0, 200.0, 200.0, 200.0, 200.0, 200.0, 200.0, 200.0, 200.0, 200.0, 200.0, 200.0, 200.0, 200.0, 200.0, 200.0, 200.0, 200.0]",1,5260.08,96.4333,-0.350706,0.134497,0.13,"[14.4448, 14.8877, 16.5201, 20.0924, 28.0773, 40.3807, 52.5356, 75.9864, 139.167, 200.0, 7.90305, 3.54516, 2.29638, 1.7078, 1.1478, 0.801524, 0.649778, 0.57955, 0.557297]",-0.925704,"[81.9608, 79.9569, 84.1169, 82.8906]",0.337209
0.421,-0.0255675,0.0,0.0,12.83,0.0,60.4523,160.452,93.9145,3,"[200.0, 200.0, 200.0, 200.0, 200.0, 200.0, 200.0, 200.0, 200.0, 200.0, 200.0, 200.0, 200.0, 200.0, 200.0, 200.0, 200.0, 200.0, 200.0, 200.0, 200.0, 200.0, 200.0, 200.0, 200.0, 200.0, 200.0, 200.0, 200.0, 200.0, 200.0, 200.0, 200.0, 200.0, 200.0, 200.0]",1,5175.93,96.5664,-0.734483,-0.0064481,0.13,"[14.4396, 14.8472, 16.4308, 19.9115, 27.6543, 39.4469, 50.9296, 72.6218, 128.202, 200.0, 9.16532, 3.80778, 2.41467, 1.77779, 1.18304, 0.82046, 0.662554, 0.589297, 0.565317]",-0.924649,"[82.1759, 79.8551, 84.1712, 80.6365]",0.338726
0.431,-0.0318594,0.0,0.0,12.85,0.0,60.9888,160.988,93.9143,3,"[200.0, 200.0, 200.0, 200.0, 200.0, 200.0, 200.0, 200.0, 200.0, 200.0, 200.0, 200.0, 200.0, 200.0, 200.0, 200.0, 200.0, 200.0, 200.0, 200.0, 200.0, 200.0, 200.0, 200.0, 200.0, 200.0, 200.0, 200.0, 200.0, 200.0, 200.0, 200.0, 200.0, 200.0, 200.0, 200.0]",1,5251.66,96.6152,-1.25375,0.0762874,-0.8,"[14.432, 14.8146, 16.3635, 19.7795, 27.354, 38.7989, 49.8336, 70.3881, 121.374, 200.0, 10.3894, 4.04635, 2.52436, 1.84458, 1.21855, 0.84088, 0.677154, 0.601081, 0.575642]",-0.923287,"[81.9657, 80.325, 83.3038, 83.4178]",0.338506
0.426,-0.0330282,0.0,0.0,12.87,0.0,61.5257,161.525,93.9142,3,"[200.0, 200.0, 200.0, 200.0, 200.0, 200.0, 200.0, 200.0, 200.0, 200.0, 200.0, 200.0, 200.0, 200.0, 200.0, 200.0, 200.0, 200.0, 200.0, 200.0, 200.0, 200.0, 200.0, 200.0, 200.0, 200.0, 200.0, 200.0, 200.0, 200.0, 200.0, 200.0, 200.0, 200.0, 200.0, 200.0]",1,5207.16,96.6987,-1.72163,0.048982,-0.8,"[14.4239, 14.8017, 16.3436, 19.7461, 27.2863, 38.663, 49.6122, 69.9558, 120.129, 200.0, 10.7713, 4.14039, 2.57487, 1.87878, 1.23943, 0.854486, 0.687753, 0.610262, 0.58425]",-0.922143,"[81.0923, 80.3458, 82.4727, 82.6642]",0.338221
0.442,-0.0281491,0.0,0.0,12.89,0.0,62.0628,162.062,93.914,3,"[200.0, 200.0, 200.0, 200.0, 200.0, 200.0, 200.0, 200.0, 200.0, 200.0, 200.0, 200.0, 200.0, 200.0, 200.0, 200.0, 200.0, 200.0, 200.0, 200.0, 200.0, 200.0, 200.0, 200.0, 200.0, 200.0, 200.0, 200.0, 200.0, 200.0, 200.0, 200.0, 200.0, 200.0, 200.0, 200.0]",1,5280.68,96.6444,-1.87964,0.0188364,-0.8,"[14.4153, 14.8121, 16.3791, 19.8281, 27.49, 39.1212, 50.4004, 71.5839, 125.128, 200.0, 9.99223, 4.04747, 2.54986, 1.8716, 1.24177, 0.859439, 0.69324, 0.616086, 0.590604]",-0.921284,"[79.7297, 80.1571, 82.7244, 84.6693]",0.340158
0.434,-0.0190579,0.0,0.0,12.91,0.0,62.5998,162.599,93.9139,3,"[200.0, 200.0, 200.0, 200.0, 200.0, 200.0, 200.0, 200.0, 200.0, 200.0, 200.0, 200.0, 200.0, 200.0, 200.0, 200.0, 200.0, 200.0, 200.0, 200.0, 200.0, 200.0, 200.0, 200.0, 200.0, 200.0, 200.0, 200.0, 200.0, 200.0, 200.0, 200.0, 200.0, 200.0, 200.0, 200.0]",1,5266.45,96.6326,-1.65348,0.041961,-0.8,"[14.4091, 14.8416, 16.4571, 19.9964, 27.8972, 40.033, 51.9753, 74.8841, 135.751, 200.0, 8.70818, 3.83283, 2.46921, 1.83154, 1.22777, 0.855817, 0.69308, 0.617715, 0.593619]",-0.920865,"[78.579, 80.4974, 83.8432, 83.6351]",0.337424
0.434,-0.00677736,0.0,0.0,12.93,0.0,63.1366,163.136,93.9137,3,"[200.0, 200.0, 200.0, 200.0, 200.0, 200.0, 200.0, 200.0, 200.0, 200.0, 200.0, 200.0, 200.0, 200.0, 200.0, 200.0, 200.0, 200.0, 200.0, 200.0, 200.0, 200.0, 200.0, 200.0, 200.0, 200.0, 200.0, 200.0, 200.0, 200.0, 200.0, 200.0, 200.0, 200.0, 200.0, 200.0]",1,5345.99,96.5402,-1.29131,-0.0596358,-0.8,"[14.4077, 14.8889, 16.5717, 20.2383, 28.481, 41.3551, 54.2936, 79.8993, 153.424, 200.0, 7.37131, 3.54956, 2.34938, 1.76577, 1.19945, 0.8439, 0.68706, 0.614707, 0.592683]",-0.920977,"[77.8746, 81.0197, 83.9417, 85.5963]",0.341427
0.448,0.00760714,0.0,0.0,12.95,0.0,63.6733,163.673,93.9136,3,"[200.0, 200.0, 200.0, 200.0, 200.0, 200.0, 200.0, 200.0, 200.0, 200.0, 200.0, 200.0, 200.0, 200.0, 200.0, 200.0, 200.0, 200.0, 200.0, 200.0, 200.0, 200.0, 200.0, 200.0, 200.0, 200.0, 200.0, 200.0, 200.0, 200.0, 200.0, 200.0, 200.0, 200.0, 200.0, 200.0]",1,5300.79,96.5799,-0.731417,-0.051858,0.129,"[14.413, 14.9519, 16.7161, 20.5392, 29.2108, 43.0402, 57.3146, 86.7433, 181.119, 77.2256, 6.20133, 3.24323, 2.20718, 1.6825, 1.15967, 0.824546, 0.675394, 0.606964, 0.587478]",-0.921672,"[78.0695, 82.1571, 83.7604, 84.2073]",0.336825
0.193,0.0241058,0.0,0.0,12.97,0.0,64.2096,164.209,93.9136,3,"[200.0, 200.0, 200.0, 200.0, 200.0, 200.0, 200.0, 200.0, 200.0, 200.0, 200.0, 200.0, 200.0, 200.0, 200.0, 200.0, 200.0, 200.0, 200.0, 200.0, 200.0, 200.0, 200.0, 200.0, 200.0, 200.0, 200.0, 200.0, 200.0, 200.0, 200.0, 200.0, 200.0, 200.0, 200.0, 200.0]",1,5188.45,96.5357,0.057703,-0.101351,0.128,"[14.4271, 15.0331, 16.8941, 20.907, 30.1116, 45.1744, 61.2536, 96.2421, 200.0, 23.9434, 5.19262, 2.92456, 2.04633, 1.58301, 1.10829, 0.797186, 0.657441, 0.593815, 0.577287]",-0.923051,"[79.0272, 83.3866, 80.5999, 84.246]",0.341585
0.175,0.0372199,0.0,0.0,12.99,0.0,64.7458,164.745,93.9136,3,"[200.0, 200.0, 200.0, 200.0, 200.0, 200.0, 200.0, 200.0, 200.0, 200.0, 200.0, 200.0, 200.0, 200.0, 200.0, 200.0, 200.0, 200.0, 200.0, 200.0, 200.0, 200.0, 200.0, 200.0, 200.0, 200.0, 200.0, 200.0, 200.0, 200.0, 200.0, 200.0, 200.0, 200.0, 200.0, 200.0]",1,5165.06,96.523,1.26878,0.00886845,0.128,"[14.4454, 15.1057, 17.0466, 21.219, 30.8827, 47.0491, 64.821, 105.459, 200.0, 15.1725, 4.54709, 2.6863, 1.91657, 1.49858, 1.0615, 0.77032, 0.638654, 0.579134, 0.564982]",-0.924721,"[79.2973, 82.292, 80.4978, 83.3968]",0.337288
0.095,0.0432896,0.0,0.0,13.01,0.0,65.2817,165.281,93.9136,3,"[200.0, 200.0, 200.0, 200.0, 200.0, 200.0, 200.0, 200.0, 200.0, 200.0, 200.0, 200.0, 200.0, 200.0, 200.0, 200.0, 200.0, 200.0, 200.0, 200.0, 200.0, 200.0, 200.0, 200.0, 200.0, 200.0, 200.0, 200.0, 200.0, 200.0, 200.0, 200.0, 200.0, 200.0, 200.0, 200.0]",1,5145.76,96.4371,2.09531,-0.0574425,0.128,"[14.4603, 15.1462, 17.1256, 21.3759, 31.2664, 47.9905, 66.6439, 110.393, 200.0, 12.7844, 4.24976, 2.56014, 1.84187, 1.44693, 1.03025, 0.750642, 0.623844, 0.566733, 0.553776]",-0.926232,"[80.244, 81.6936, 80.8568, 82.3134]",0.341058
0.065,0.0445254,0.0,0.0,13.03,0.0,65.8172,165.816,93.9136,3,"[200.0, 200.0, 200.0, 200.0, 200.0, 200.0, 200.0, 200.0, 200.0, 200.0, 200.0, 200.0, 200.0, 200.0, 200.0, 200.0, 200.0, 200.0, 200.0, 200.0, 200.0, 200.0, 200.0, 200.0, 200.0, 200.0, 200.0, 200.0, 200.0, 200.0, 200.0, 200.0, 200.0, 200.0, 200.0, 200.0]",1,5146.57,96.3436,2.18561,0.0590081,0.129,"[14.4728, 15.1644, 17.153, 21.4221, 31.3663, 48.2183, 67.0715, 111.527, 200.0, 12.1657, 4.12069, 2.49183, 1.79569, 1.41197, 1.00641, 0.733862, 0.610196, 0.55454, 0.542039]",-0.9278,"[80.7766, 80.9894, 81.6571, 81.5962]",0.33835
0.077,0.0419678,0.0,0.0,13.05,0.0,66.3522,166.351,93.9136,3,"[200.0, 200.0, 200.0, 200.0, 200.0, 200.0, 200.0, 200.0, 200.0, 200.0, 200.0, 200.0, 200.0, 200.0, 200.0, 200.0, 200.0, 200.0, 200.0, 200.0, 200.0, 200.0, 200.0, 200.0, 200.0, 200.0, 200.0, 200.0, 200.0, 200.0, 200.0, 200.0, 200.0, 200.0, 200.0, 200.0]",1,5139.76,96.2697,2.03467,-0.0203599,0.129,"[14.4824, 15.1639, 17.1383, 21.3789, 31.2367, 47.8661, 66.3546, 109.471, 200.0, 12.6413, 4.11539, 2.46898, 1.77312, 1.39152, 0.989693, 0.720464, 0.59845, 0.543449, 0.530838]",-0.929284,"[81.2911, 80.6313, 81.9803, 81.1713]",0.340401
0.088,0.0370824,0.0,0.0,13.07,0.0,66.8869,166.886,93.9136,3,"[200.0, 200.0, 200.0, 200.0, 200.0, 200.0, 200.0, 200.0, 200.0, 200.0, 200.0, 200.0, 200.0, 200.0, 200.0, 200.0, 200.0, 200.0, 200.0, 200.0, 200.0, 200.0, 200.0, 200.0, 200.0, 200.0, 200.0, 200.0, 200.0, 200.0, 200.0, 200.0, 200.0, 200.0, 200.0, 200.0]",1,5133.28,96.2074,1.69036,0.104262,0.129,"[14.4908, 15.1526, 17.0988, 21.2826, 30.9718, 47.177, 64.9858, 105.686, 200.0, 14.0038, 4.18592, 2.47179, 1.76319, 1.3785, 0.976327, 0.708446, 0.587323, 0.532565, 0.519532]",-0.930777,"[81.5751, 80.2025, 82.2411, 80.7628]",0.339331
0.115,0.0305132,0.0,0.0,13.09,0.0,67.4212,167.42,93.9136,3,"[200.0, 200.0, 200.0, 200.0, 200.0, 200.0, 200.0, 200.0, 200.0, 200.0, 200.0, 200.0, 200.0, 200.0, 200.0, 200.0, 200.0, 200.0, 200.0, 200.0, 200.0, 200.0, 200.0, 200.0, 200.0, 200.0, 200.0, 200.0, 200.0, 200.0, 200.0, 200.0, 200.0, 200.0, 200.0, 200.0]",1,5135.8,96.1618,1.22757,-0.00373661,0.129,"[14.4978, 15.133, 17.0409, 21.1485, 30.6141, 46.2688, 63.2163, 100.967, 200.0, 16.6824, 4.33126, 2.49963, 1.76618, 1.37359, 0.96725, 0.698779, 0.577784, 0.522879, 0.509193]",-0.932139,"[81.6543, 80.0223, 82.3396, 80.7255]",0.339709
0.153,0.0234211,0.0,0.0,13.11,0.0,67.9553,167.954,93.9136,3,"[200.0, 200.0, 200.0, 200.0, 200.0, 200.0, 200.0, 200.0, 200.0, 200.0, 200.0, 200.0, 200.0, 200.0, 200.0, 200.0, 200.0, 200.0, 200.0, 200.0, 200.0, 200.0, 200.0, 200.0, 200.0, 200.0, 200.0, 200.0, 200.0, 200.0, 200.0, 200.0, 200.0, 200.0, 200.0, 200.0]",1,5146.29,96.1195,0.889649,0.121468,0.129,"[14.504, 15.1105, 16.9774, 21.0038, 30.2348, 45.3241, 61.4079, 96.322, 200.0, 21.3477, 4.52593, 2.54211, 1.77682, 1.37372, 0.96116, 0.691031, 0.569736, 0.51449, 0.500079]",-0.933341,"[81.7533, 79.8223, 82.4872, 80.8681]",0.339687
0.195,0.0154671,0.0,0.0,13.13,0.0,68.4892,168.488,93.9136,3,"[200.0, 200.0, 200.0, 200.0, 200.0, 200.0, 200.0, 200.0, 200.0, 200.0, 200.0, 200.0, 200.0, 200.0, 200.0, 200.0, 200.0, 200.0, 200.0, 200.0, 200.0, 200.0, 200.0, 200.0, 200.0, 200.0, 200.0, 200.0, 200.0, 200.0, 200.0, 200.0, 200.0, 200.0, 200.0, 200.0]",1,5146.42,96.1096,0.425814,0.0265398,0.129,"[14.509, 15.0833, 16.9045, 20.8412, 29.8168, 44.3043, 59.4928, 91.5885, 200.0, 31.8596, 4.80489, 2.60912, 1.80017, 1.38215, 0.959912, 0.686329, 0.564017, 0.508094, 0.492815]",-0.934299,"[81.7334, 79.737, 82.693, 80.7454]",0.339658
0.249,0.00774098,0.0,0.0,13.15,0.0,69.0231,169.022,93.9135,3,"[200.0, 200.0, 200.0, 200.0, 200.0, 200.0, 200.0, 200.0, 200.0, 200.0, 200.0, 200.0, 200.0, 200.0, 200.0, 200.0, 200.0, 200.0, 200.0, 200.0, 200.0, 200.0, 200.0, 200.0, 200.0, 200.0, 200.0, 200.0, 200.0, 200.0, 200.0, 200.0, 200.0, 200.0, 200.0, 200.0]",1,5179.12,96.094,0.204853,0.116247,0.13,"[14.5125, 15.0557, 16.8328, 20.6839, 29.4195, 43.3538, 57.7402, 87.4118, 182.676, 63.0321, 5.14338, 2.69176, 1.83232, 1.39693, 0.962967, 0.684749, 0.560917, 0.504106, 0.487939]",-0.934943,"[81.7465, 79.6406, 82.8463, 81.6551]",0.339933
0.24,-0.000598747,0.0,0.0,13.17,0.0,69.557,169.556,93.9134,3,"[200.0, 200.0, 200.0, 200.0, 200.0, 200.0, 200.0, 200.0, 200.0, 200.0, 200.0, 200.0, 200.0, 200.0, 200.0, 200.0, 200.0, 200.0, 200.0, 200.0, 200.0, 200.0, 200.0, 200.0, 200.0, 200.0, 200.0, 200.0, 200.0, 200.0, 200.0, 200.0, 200.0, 200.0, 200.0, 200.0]",1,5149.72,96.1191,-0.208271,0.0151908,0.13,"[14.5146, 15.0242, 16.7542, 20.5144, 28.9991, 42.3681, 55.955, 83.3033, 165.404, 200.0, 5.60786, 2.8049, 1.87969, 1.42159, 0.971833, 0.686888, 0.5607, 0.502617, 0.485413]",-0.935278,"[81.8018, 79.6217, 82.5091, 80.997]",0.33989
0.56,-0.00874516,0.0,0.0,13.19,0.0,70.0911,170.09,93.9132,3,"[200.0, 200.0, 200.0, 200.0, 200.0, 200.0, 200.0, 200.0, 200.0, 200.0, 200.0, 200.0, 200.0, 200.0, 200.0, 200.0, 200.0, 200.0, 200.0, 200.0, 200.0, 200.0, 200.0, 200.0, 200.0, 200.0, 200.0, 200.0, 200.0, 200.0, 200.0, 200.0, 200.0, 200.0, 200.0, 200.0]",1,5336.08,96.1726,-0.361373,0.035016,0.132,"[14.5145, 14.9914, 16.6757, 20.3486, 28.5958, 41.4418, 54.3072, 79.6358, 151.401, 200.0, 6.1967, 2.94538, 1.94148, 1.45623, 0.987137, 0.693503, 0.564139, 0.504422, 0.486092]",-0.93519,"[81.8006, 79.6023, 83.3615, 85.5304]",0.339613
0.478,-0.0171645,0.0,0.0,13.21,0.0,70.6259,170.625,93.913,3,"[200.0, 200.0, 200.0, 200.0, 200.0, 200.0, 200.0, 200.0, 200.0, 200.0, 200.0, 200.0, 200.0, 200.0, 200.0, 200.0, 200.0, 200.0, 200.0, 200.0, 200.0, 200.0, 200.0, 200.0, 200.0, 200.0, 200.0, 200.0, 200.0, 200.0, 200.0, 200.0, 200.0, 200.0, 200.0, 200.0]",1,5191.39,96.3716,-0.711054,-0.0083635,0.131,"[14.5127, 14.9558, 16.5933, 20.1776, 28.1873, 40.5211, 52.6966, 76.1606, 139.201, 200.0, 6.98798, 3.12322, 2.02091, 1.50217, 1.00909, 0.704408, 0.570932, 0.509153, 0.489542]",-0.934737,"[81.9768, 79.6957, 83.0392, 81.6843]",0.339803
0.472,-0.0253985,0.0,0.0,13.23,0.0,71.1614,171.161,93.9127,3,"[200.0, 200.0, 200.0, 200.0, 200.0, 200.0, 200.0, 200.0, 200.0, 200.0, 200.0, 200.0, 200.0, 200.0, 200.0, 200.0, 200.0, 200.0, 200.0, 200.0, 200.0, 200.0, 200.0, 200.0, 200.0, 200.0, 200.0, 200.0, 200.0, 200.0, 200.0, 200.0, 200.0, 200.0, 200.0, 200.0]",1,5340.15,96.3961,-0.851472,-0.061257,0.131,"[14.5082, 14.9184, 16.5104, 20.0093, 27.7934, 39.6515, 51.201, 73.0279, 129.004, 200.0, 8.03043, 3.34165, 2.11998, 1.56113, 1.03906, 0.720706, 0.582042, 0.517714, 0.49667]",-0.933799,"[81.8957, 79.8156, 84.0494, 85.0235]",0.339579
0.432,-0.0334165,0.0,0.0,13.25,0.0,71.6974,171.697,93.9126,3,"[200.0, 200.0, 200.0, 200.0, 200.0, 200.0, 200.0, 200.0, 200.0, 200.0, 200.0, 200.0, 200.0, 200.0, 200.0, 200.0, 200.0, 200.0, 200.0, 200.0, 200.0, 200.0, 200.0, 200.0, 200.0, 200.0, 200.0, 200.0, 200.0, 200.0, 200.0, 200.0, 200.0, 200.0, 200.0, 200.0]",1,5204.4,96.5554,-1.03679,-0.0265127,0.131,"[14.5016, 14.8799, 16.4279, 19.8449, 27.4158, 38.8331, 49.815, 70.202, 120.388, 200.0, 9.41063, 3.6013, 2.23724, 1.63164, 1.0759, 0.741512, 0.596719, 0.52942, 0.5068]",-0.932464,"[82.0977, 80.1274, 83.3223, 81.7489]",0.339118
0.451,-0.0397693,0.0,0.0,13.27,0.0,72.2338,172.233,93.9124,3,"[200.0, 200.0, 200.0, 200.0, 200.0, 200.0, 200.0, 200.0, 200.0, 200.0, 200.0, 200.0, 200.0, 200.0, 200.0, 200.0, 200.0, 200.0, 200.0, 200.0, 200.0, 200.0, 200.0, 200.0, 200.0, 200.0, 200.0, 200.0, 200.0, 200.0, 200.0, 200.0, 200.0, 200.0, 200.0, 200.0]",1,5365.25,96.5737,-1.54881,-0.206022,-0.8,"[14.4924, 14.8453, 16.3585, 19.711, 27.1159, 38.197, 48.7542, 68.0924, 114.298, 200.0, 10.9331, 3.86357, 2.35727, 1.70537, 1.11592, 0.765136, 0.613978, 0.543627, 0.519505]",-0.930787,"[81.9651, 80.2924, 84.5396, 85.339]",0.339707
0.43,-0.0416161,0.0,0.0,13.29,0.0,72.7709,172.77,93.9123,3,"[200.0, 200.0, 200.0, 200.0, 200.0, 200.0, 200.0, 200.0, 200.0, 200.0, 200.0, 200.0, 200.0, 200.0, 200.0, 200.0, 200.0, 200.0, 200.0, 200.0, 200.0, 200.0, 200.0, 200.0, 200.0, 200.0, 200.0, 200.0, 200.0, 200.0, 200.0, 200.0, 200.0, 200.0, 200.0, 200.0]",1,5245.1,96.6869,-1.92681,-0.0182288,-0.8,"[14.4811, 14.8265, 16.3287, 19.6606, 27.0138, 37.9932, 48.4251, 67.4618, 112.573, 200.0, 11.6464, 4.01037, 2.43341, 1.7562, 1.14657, 0.784959, 0.629359, 0.556916, 0.531938]",-0.929136,"[80.9254, 80.2941, 83.4905, 82.7539]",0.337537
0.467,-0.0365834,0.0,0.0,13.31,0.0,73.3078,173.307,93.912,3,"[200.0, 200.0, 200.0, 200.0, 200.0, 200.0, 200.0, 200.0, 200.0, 200.0, 200.0, 200.0, 200.0, 200.0, 200.0, 200.0, 200.0, 200.0, 200.0, 200.0, 200.0, 200.0, 200.0, 200.0, 200.0, 200.0, 200.0, 200.0, 200.0, 200.0, 200.0, 200.0, 200.0, 200.0, 200.0, 200.0]",1,5330.26,96.6244,-2.14804,-0.154005,-0.8,"[14.4687, 14.8336, 16.3613, 19.7394, 27.2123, 38.4384, 49.1845, 68.9998, 117.045, 200.0, 10.6784, 3.93405, 2.42248, 1.75974, 1.15597, 0.79466, 0.638583, 0.565991, 0.541344]",-0.927869,"[79.3359, 80.2355, 83.8948, 85.748]",0.339458
0.455,-0.0270608,0.0,0.0,13.33,0.0,73.845,173.844,93.9119,3,"[200.0, 200.0, 200.0, 200.0, 200.0, 200.0, 200.0, 200.0, 200.0, 200.0, 200.0, 200.0, 200.0, 200.0, 200.0, 200.0, 200.0, 200.0, 200.0, 200.0, 200.0, 200.0, 200.0, 200.0, 200.0, 200.0, 200.0, 200.0, 200.0, 200.0, 200.0, 200.0, 200.0, 200.0, 200.0, 200.0]",1,5298.38,96.6161,-1.95634,0.0136912,-0.8,"[14.4579, 14.8601, 16.4377, 19.9077, 27.6209, 39.346, 50.7359, 72.1797, 126.69, 200.0, 9.09759, 3.72535, 2.35349, 1.7297, 1.14906, 0.795963, 0.642348, 0.571055, 0.547596]",-0.927014,"[78.2796, 80.7452, 83.8321, 83.99]",0.336854
0.446,-0.0130515,0.0,0.0,13.35,0.0,74.3817,174.381,93.9117,3,"[200.0, 200.0, 200.0, 200.0, 200.0, 200.0, 200.0, 200.0, 200.0, 200.0, 200.0, 200.0, 200.0, 200.0, 200.0, 200.0, 200.0, 200.0, 200.0, 200.0, 200.0, 200.0, 200.0, 200.0, 200.0, 200.0, 200.0, 200.0, 200.0, 200.0, 200.0, 200.0, 200.0, 200.0, 200.0, 200.0]",1,5267.89,96.5989,-1.41064,-0.0512301,-0.8,"[14.452, 14.9097, 16.5629, 20.1749, 28.265, 40.792, 53.2446, 77.4898, 144.292, 200.0, 7.40722, 3.41598, 2.23088, 1.66569, 1.12395, 0.787058, 0.639058, 0.570642, 0.54927]",-0.92677,"[77.5855, 81.265, 83.4502, 83.6878]",0.339042
0.451,0.00270237,0.0,0.0,13.37,0.0,74.9184,174.918,93.9116,3,"[200.0, 200.0, 200.0, 200.0, 200.0, 200.0, 200.0, 200.0, 200.0, 200.0, 200.0, 200.0, 200.0, 200.0, 200.0, 200.0, 200.0, 200.0, 200.0, 200.0, 200.0, 200.0, 200.0, 200.0, 200.0, 200.0, 200.0, 200.0, 200.0, 200.0, 200.0, 200.0, 200.0, 200.0, 200.0, 200.0]",1,5275.09,96.5534,-0.936472,0.133307,0.13,"[14.4537, 14.9744, 16.7158, 20.496, 29.0434, 42.576, 56.4138, 84.5311, 171.123, 200.0, 6.08074, 3.09876, 2.08982, 1.58562, 1.08759, 0.77056, 0.629877, 0.565204, 0.546341]",-0.927155,"[78.1707, 82.7129, 82.66, 85.0288]",0.337526
0.512,0.0202295,0.0,0.0,13.39,0.0,75.455,175.454,93.9113,3,"[200.0, 200.0, 200.0, 200.0, 200.0, 200.0, 200.0, 200.0, 200.0, 200.0, 200.0, 200.0, 200.0, 200.0, 200.0, 200.0, 200.0, 200.0, 200.0, 200.0, 200.0, 200.0, 200.0, 200.0, 200.0, 200.0, 200.0, 200.0, 200.0, 200.0, 200.0, 200.0, 200.0, 200.0, 200.0, 200.0]",1,5273.05,96.6567,0.0565754,0.0875518,0.131,"[14.4645, 15.0564, 16.8996, 20.8784, 29.9797, 44.7807, 60.4512, 94.0946, 200.0, 26.6175, 5.01841, 2.78206, 1.93464, 1.49164, 1.0406, 0.746494, 0.614662, 0.554522, 0.538531]",-0.928211,"[79.4271, 83.3842, 82.5235, 84.4974]",0.338811
0.162,0.0327189,0.0,0.0,13.41,0.0,75.992,175.991,93.9113,3,"[200.0, 200.0, 200.0, 200.0, 200.0, 200.0, 200.0, 200.0, 200.0, 200.0, 200.0, 200.0, 200.0, 200.0, 200.0, 200.0, 200.0, 200.0, 200.0, 200.0, 200.0, 200.0, 200.0, 200.0, 200.0, 200.0, 200.0, 200.0, 200.0, 200.0, 200.0, 200.0, 200.0, 200.0, 200.0, 200.0]",1,5180.97,96.6595,1.49955,0.212565,0.129,"[14.4792, 15.1226, 17.0412, 21.1696, 30.6987, 46.5175, 63.7278, 102.388, 200.0, 16.1571, 4.41569, 2.56862, 1.82083, 1.41863, 1.00092, 0.724178, 0.599316, 0.542727, 0.528831]",-0.929527,"[79.807, 82.3353, 80.6229, 83.7871]",0.339298
0.072,0.0390427,0.0,0.0,13.43,0.0,76.5289,176.528,93.9113,3,"[200.0, 200.0, 200.0, 200.0, 200.0, 200.0, 200.0, 200.0, 200.0, 200.0, 200.0, 200.0, 200.0, 200.0, 200.0, 200.0, 200.0, 200.0, 200.0, 200.0, 200.0, 200.0, 200.0, 200.0, 200.0, 200.0, 200.0, 200.0, 200.0, 200.0, 200.0, 200.0, 200.0, 200.0, 200.0, 200.0]",1,5135.91,96.5825,1.96639,0.102129,0.129,"[14.4916, 15.1615, 17.1196, 21.3274, 31.0865, 47.4648, 65.5471, 107.203, 200.0, 13.3068, 4.12311, 2.45053, 1.75282, 1.37249, 0.973719, 0.707472, 0.586975, 0.532562, 0.5198]",-0.930746,"[80.5967, 82.0782, 80.7687, 82.3743]",0.339652
0.066,0.039969,0.0,0.0,13.45,0.0,77.0652,177.064,93.9113,3,"[200.0, 200.0, 200.0, 200.0, 200.0, 200.0, 200.0, 200.0, 200.0, 200.0, 200.0, 200.0, 200.0, 200.0, 200.0, 200.0, 200.0, 200.0, 200.0, 200.0, 200.0, 200.0, 200.0, 200.0, 200.0, 200.0, 200.0, 200.0, 200.0, 200.0, 200.0, 200.0, 200.0, 200.0, 200.0, 200.0]",1,5127.98,96.4967,2.3232,0.0464615,0.129,"[14.5015, 15.1756, 17.1406, 21.3625, 31.1613, 47.633, 65.8585, 108.006, 200.0, 12.7661, 4.02003, 2.39645, 1.71634, 1.34489, 0.954896, 0.69422, 0.576193, 0.522924, 0.510519]",-0.931985,"[81.243, 81.0015, 81.2191, 81.6605]",0.340532
0.063,0.0377432,0.0,0.0,13.47,0.0,77.6011,177.6,93.9113,3,"[200.0, 200.0, 200.0, 200.0, 200.0, 200.0, 200.0, 200.0, 200.0, 200.0, 200.0, 200.0, 200.0, 200.0, 200.0, 200.0, 200.0, 200.0, 200.0, 200.0, 200.0, 200.0, 200.0, 200.0, 200.0, 200.0, 200.0, 200.0, 200.0, 200.0, 200.0, 200.0, 200.0, 200.0, 200.0, 200.0]",1,5132.39,96.4193,1.9731,0.00490002,0.129,"[14.5093, 15.1747, 17.1273, 21.3245, 31.0494, 47.3331, 65.256, 106.326, 200.0, 13.2774, 4.01825, 2.37801, 1.69787, 1.32812, 0.941182, 0.683244, 0.56658, 0.513857, 0.50137]",-0.933198,"[81.4007, 80.8458, 81.7204, 81.2246]",0.340392
0.082,0.032728,0.0,0.0,13.49,0.0,78.1366,178.136,93.9113,3,"[200.0, 200.0, 200.0, 200.0, 200.0, 200.0, 200.0, 200.0, 200.0, 200.0, 200.0, 200.0, 200.0, 200.0, 200.0, 200.0, 200.0, 200.0, 200.0, 200.0, 200.0, 200.0, 200.0, 200.0, 200.0, 200.0, 200.0, 200.0, 200.0, 200.0, 200.0, 200.0, 200.0, 200.0, 200.0, 200.0]",1,5131.43,96.3515,1.67982,0.0464005,0.129,"[14.5157, 15.1608, 17.0842, 21.2232, 30.7767, 46.6361, 63.891, 102.653, 200.0, 15.0376, 4.11056, 2.3912, 1.69508, 1.32067, 0.931811, 0.674181, 0.557942, 0.50526, 0.492325]",-0.934392,"[81.7346, 80.2613, 82.2976, 80.6452]",0.340641
0.108,0.0265519,0.0,0.0,13.51,0.0,78.6717,178.671,93.9113,3,"[200.0, 200.0, 200.0, 200.0, 200.0, 200.0, 200.0, 200.0, 200.0, 200.0, 200.0, 200.0, 200.0, 200.0, 200.0, 200.0, 200.0, 200.0, 200.0, 200.0, 200.0, 200.0, 200.0, 200.0, 200.0, 200.0, 200.0, 200.0, 200.0, 200.0, 200.0, 200.0, 200.0, 200.0, 200.0, 200.0]",1,5142.58,96.2978,1.20996,0.0476663,0.129,"[14.5213, 15.1413, 17.0289, 21.0965, 30.443, 45.7993, 62.2788, 98.4538, 200.0, 18.2236, 4.25995, 2.42231, 1.70134, 1.31884, 0.925401, 0.66675, 0.550418, 0.497518, 0.483985]",-0.935491,"[81.7393, 80.1216, 82.3992, 80.868]",0.341193
0.151,0.0190176,0.0,0.0,13.53,0.0,79.2065,179.206,93.9113,3,"[200.0, 200.0, 200.0, 200.0, 200.0, 200.0, 200.0, 200.0, 200.0, 200.0, 200.0, 200.0, 200.0, 200.0, 200.0, 200.0, 200.0, 200.0, 200.0, 200.0, 200.0, 200.0, 200.0, 200.0, 200.0, 200.0, 200.0, 200.0, 200.0, 200.0, 200.0, 200.0, 200.0, 200.0, 200.0, 200.0]",1,5163.64,96.253,0.784508,-0.10459,0.13,"[14.5256, 15.1151, 16.959, 20.9406, 30.0409, 44.8118, 60.4109, 93.7638, 200.0, 25.0837, 4.49647, 2.47995, 1.72116, 1.32564, 0.923749, 0.662114, 0.544913, 0.491416, 0.47709]",-0.936399,"[81.8951, 79.8843, 82.6828, 81.213]",0.340209
0.198,0.0114267,0.0,0.0,13.55,0.0,79.7412,179.74,93.9113,3,"[200.0, 200.0, 200.0, 200.0, 200.0, 200.0, 200.0, 200.0, 200.0, 200.0, 200.0, 200.0, 200.0, 200.0, 200.0, 200.0, 200.0, 200.0, 200.0, 200.0, 200.0, 200.0, 200.0, 200.0, 200.0, 200.0, 200.0, 200.0, 200.0, 200.0, 200.0, 200.0, 200.0, 200.0, 200.0, 200.0]",1,5157.64,96.2441,0.414181,-0.0828199,0.13,"[14.5292, 15.0879, 16.8883, 20.7849, 29.6452, 43.8575, 58.6373, 89.4686, 191.749, 41.2849, 4.78764, 2.55147, 1.74823, 1.33738, 0.92523, 0.659648, 0.541184, 0.486923, 0.471772]",-0.937101,"[81.8656, 79.9669, 82.7395, 80.9329]",0.341271
0.217,0.00273192,0.0,0.0,13.57,0.0,80.2758,180.275,93.9112,3,"[200.0, 200.0, 200.0, 200.0, 200.0, 200.0, 200.0, 200.0, 200.0, 200.0, 200.0, 200.0, 200.0, 200.0, 200.0, 200.0, 200.0, 200.0, 200.0, 200.0, 200.0, 200.0, 200.0, 200.0, 200.0, 200.0, 200.0, 200.0, 200.0, 200.0, 200.0, 200.0, 200.0, 200.0, 200.0, 200.0]",1,5189.36,96.2159,-0.017483,-0.215817,0.13,"[14.531, 15.0547, 16.8055, 20.6063, 29.2002, 42.8072, 56.7219, 84.9978, 172.099, 171.682, 5.21846, 2.65977, 1.79387, 1.36111, 0.933624, 0.661488, 0.540726, 0.485211, 0.469021]",-0.937464,"[81.9551, 79.7066, 83.0327, 81.9034]",0.339183
0.453,-0.00525859,0.0,0.0,13.59,0.0,80.8106,180.81,93.911,3,"[200.0, 200.0, 200.0, 200.0, 200.0, 200.0, 200.0, 200.0, 200.0, 200.0, 200.0, 200.0, 200.0, 200.0, 200.0, 200.0, 200.0, 200.0, 200.0, 200.0, 200.0, 200.0, 200.0, 200.0, 200.0, 200.0, 200.0, 200.0, 200.0, 200.0, 200.0, 200.0, 200.0, 200.0, 200.0, 200.0]",1,5247.17,96.2915,-0.210269,-0.0686653,0.132,"[14.5315, 15.0229, 16.7287, 20.4431, 28.8006, 41.8821, 55.0646, 81.26, 157.277, 200.0, 5.72201, 2.78229, 1.84729, 1.39057, 0.946078, 0.66639, 0.542892, 0.48595, 0.468731]",-0.937503,"[81.8969, 79.9262, 84.3366, 81.9676]",0.340491
0.495,-0.0144124,0.0,0.0,13.61,0.0,81.3457,181.345,93.9108,3,"[200.0, 200.0, 200.0, 200.0, 200.0, 200.0, 200.0, 200.0, 200.0, 200.0, 200.0, 200.0, 200.0, 200.0, 200.0, 200.0, 200.0, 200.0, 200.0, 200.0, 200.0, 200.0, 200.0, 200.0, 200.0, 200.0, 200.0, 200.0, 200.0, 200.0, 200.0, 200.0, 200.0, 200.0, 200.0, 200.0]",1,5277.92,96.384,-0.600124,-0.116377,0.132,"[14.5298, 14.9845, 16.6391, 20.2563, 28.3518, 40.8641, 53.2732, 77.351, 143.131, 200.0, 6.48033, 2.95854, 1.92632, 1.43618, 0.967657, 0.676911, 0.549301, 0.490285, 0.47175]",-0.937107,"[82.0808, 79.7271, 85.4258, 83.1327]",0.338673
0.454,-0.0223074,0.0,0.0,13.63,0.0,81.8817,181.881,93.9107,3,"[200.0, 200.0, 200.0, 200.0, 200.0, 200.0, 200.0, 200.0, 200.0, 200.0, 200.0, 200.0, 200.0, 200.0, 200.0, 200.0, 200.0, 200.0, 200.0, 200.0, 200.0, 200.0, 200.0, 200.0, 200.0, 200.0, 200.0, 200.0, 200.0, 200.0, 200.0, 200.0, 200.0, 200.0, 200.0, 200.0]",1,5268.88,96.5009,-0.645297,0.051393,0.131,"[14.5259, 14.949, 16.5598, 20.0944, 27.9709, 40.0179, 51.8098, 74.2557, 132.8, 200.0, 7.35894, 3.15022, 2.01381, 1.48826, 0.994038, 0.691149, 0.55893, 0.497643, 0.477812]",-0.936308,"[81.9604, 80.0211, 84.5267, 82.4135]",0.339708
0.437,-0.031315,0.0,0.0,13.65,0.0,82.418,182.417,93.9105,3,"[200.0, 200.0, 200.0, 200.0, 200.0, 200.0, 200.0, 200.0, 200.0, 200.0, 200.0, 200.0, 200.0, 200.0, 200.0, 200.0, 200.0, 200.0, 200.0, 200.0, 200.0, 200.0, 200.0, 200.0, 200.0, 200.0, 200.0, 200.0, 200.0, 200.0, 200.0, 200.0, 200.0, 200.0, 200.0, 200.0]",1,5213.57,96.613,-1.01755,-0.072192,0.131,"[14.5199, 14.9069, 16.4683, 19.9105, 27.5452, 39.089, 50.2284, 71.0027, 122.674, 200.0, 8.71304, 3.41384, 2.13287, 1.55956, 1.03092, 0.711713, 0.573276, 0.508961, 0.487492]",-0.935033,"[82.2479, 79.9106, 85.2348, 80.9792]",0.339004
0.444,-0.0370178,0.0,0.0,13.67,0.0,82.955,182.954,93.9104,3,"[200.0, 200.0, 200.0, 200.0, 200.0, 200.0, 200.0, 200.0, 200.0, 200.0, 200.0, 200.0, 200.0, 200.0, 200.0, 200.0, 200.0, 200.0, 200.0, 200.0, 200.0, 200.0, 200.0, 200.0, 200.0, 200.0, 200.0, 200.0, 200.0, 200.0, 200.0, 200.0, 200.0, 200.0, 200.0, 200.0]",1,5247.89,96.6859,-1.56537,0.0770304,-0.8,"[14.511, 14.8752, 16.405, 19.7887, 27.2725, 38.5088, 49.2578, 69.0602, 116.977, 200.0, 9.93457, 3.64007, 2.23869, 1.62533, 1.06711, 0.733319, 0.589176, 0.522127, 0.499331]",-0.933468,"[81.6804, 80.4934, 83.5725, 83.4779]",0.339231
0.453,-0.0376204,0.0,0.0,13.69,0.0,83.4923,183.492,93.9102,3,"[200.0, 200.0, 200.0, 200.0, 200.0, 200.0, 200.0, 200.0, 200.0, 200.0, 200.0, 200.0, 200.0, 200.0, 200.0, 200.0, 200.0, 200.0, 200.0, 200.0, 200.0, 200.0, 200.0, 200.0, 200.0, 200.0, 200.0, 200.0, 200.0, 200.0, 200.0, 200.0, 200.0, 200.0, 200.0, 200.0]",1,5202.05,96.7987,-1.81236,-0.0189005,-0.8,"[14.5009, 14.8625, 16.388, 19.7635, 27.2268, 38.4242, 49.1264, 68.8176, 116.332, 200.0, 10.2647, 3.73223, 2.29141, 1.66233, 1.09061, 0.749098, 0.60169, 0.533114, 0.509755]",-0.932081,"[80.8092, 80.613, 83.0062, 82.6293]",0.338976
0.45,-0.0328641,0.0,0.0,13.71,0.0,84.03,184.029,93.91,3,"[200.0, 200.0, 200.0, 200.0, 200.0, 200.0, 200.0, 200.0, 200.0, 200.0, 200.0, 200.0, 200.0, 200.0, 200.0, 200.0, 200.0, 200.0, 200.0, 200.0, 200.0, 200.0, 200.0, 200.0, 200.0, 200.0, 200.0, 200.0, 200.0, 200.0, 200.0, 200.0, 200.0, 200.0, 200.0, 200.0]",1,5239.12,96.7498,-2.02343,0.0895692,-0.8,"[14.4895, 14.8697, 16.4194, 19.8391, 27.4179, 38.855, 49.8651, 70.3292, 120.84, 200.0, 9.53138, 3.67062, 2.28374, 1.6667, 1.09973, 0.758276, 0.61036, 0.541618, 0.518554]",-0.930897,"[79.4112, 80.241, 81.5993, 84.8887]",0.339154
0.46,-0.0236739,0.0,0.0,13.73,0.0,84.5676,184.567,93.9098,3,"[200.0, 200.0, 200.0, 200.0, 200.0, 200.0, 200.0, 200.0, 200.0, 200.0, 200.0, 200.0, 200.0, 200.0, 200.0, 200.0, 200.0, 200.0, 200.0, 200.0, 200.0, 200.0, 200.0, 200.0, 200.0, 200.0, 200.0, 200.0, 200.0, 200.0, 200.0, 200.0, 200.0, 200.0, 200.0, 200.0]",1,5203.07,96.8214,-1.61305,-0.0200595,-0.8,"[14.4803, 14.8966, 16.4949, 20.0046, 27.8197, 39.7515, 51.405, 73.5165, 130.755, 200.0, 8.24151, 3.48496, 2.22038, 1.63834, 1.09259, 0.758864, 0.613323, 0.545836, 0.523892]",-0.930167,"[78.5205, 80.4769, 80.993, 84.0391]",0.338351
0.439,-0.0112795,0.0,0.0,13.75,0.0,85.1052,185.104,93.9097,3,"[200.0, 200.0, 200.0, 200.0, 200.0, 200.0, 200.0, 200.0, 200.0, 200.0, 200.0, 200.0, 200.0, 200.0, 200.0, 200.0, 200.0, 200.0, 200.0, 200.0, 200.0, 200.0, 200.0, 200.0, 200.0, 200.0, 200.0, 200.0, 200.0, 200.0, 200.0, 200.0, 200.0, 200.0, 200.0, 200.0]",1,5273.42,96.7151,-1.3704,0.0198157,0.13,"[14.4756, 14.9411, 16.6069, 20.2433, 28.3965, 41.0517, 53.6702, 78.3497, 147.121, 200.0, 6.91948, 3.23194, 2.11887, 1.58505, 1.07157, 0.751388, 0.610561, 0.545498, 0.525318]",-0.929962,"[78.6068, 82.4044, 81.3155, 85.7776]",0.339327
0.448,0.00320824,0.0,0.0,13.77,0.0,85.6427,185.642,93.9095,3,"[200.0, 200.0, 200.0, 200.0, 200.0, 200.0, 200.0, 200.0, 200.0, 200.0, 200.0, 200.0, 200.0, 200.0, 200.0, 200.0, 200.0, 200.0, 200.0, 200.0, 200.0, 200.0, 200.0, 200.0, 200.0, 200.0, 200.0, 200.0, 200.0, 200.0, 200.0, 200.0, 200.0, 200.0, 200.0, 200.0]",1,5233.65,96.8151,-0.560241,0.0258743,0.13,"[14.4773, 15.0009, 16.7479, 20.5399, 29.1163, 42.7051, 56.6137, 84.9163, 172.431, 162.956, 5.78633, 2.95691, 1.99606, 1.51522, 1.03983, 0.736993, 0.602567, 0.540783, 0.522805]",-0.930293,"[79.4818, 83.2361, 81.7809, 84.2369]",0.337989
0.361,0.0137822,0.0,0.0,13.79,0.0,86.1807,186.18,93.9094,3,"[200.0, 200.0, 200.0, 200.0, 200.0, 200.0, 200.0, 200.0, 200.0, 200.0, 200.0, 200.0, 200.0, 200.0, 200.0, 200.0, 200.0, 200.0, 200.0, 200.0, 200.0, 200.0, 200.0, 200.0, 200.0, 200.0, 200.0, 200.0, 200.0, 200.0, 200.0, 200.0, 200.0, 200.0, 200.0, 200.0]",1,5303.02,96.8494,0.791425,-0.0996338,0.13,"[14.4819, 15.0484, 16.8564, 20.7668, 29.6722, 44.0089, 58.9882, 90.47, 197.234, 37.6904, 5.14926, 2.77473, 1.90896, 1.46347, 1.01475, 0.724681, 0.59512, 0.535837, 0.51949]",-0.930741,"[79.9154, 82.411, 82.3309, 85.7232]",0.339263
0.107,0.0193023,0.0,0.0,13.81,0.0,86.7189,186.718,93.9094,3,"[200.0, 200.0, 200.0, 200.0, 200.0, 200.0, 200.0, 200.0, 200.0, 200.0, 200.0, 200.0, 200.0, 200.0, 200.0, 200.0, 200.0, 200.0, 200.0, 200.0, 200.0, 200.0, 200.0, 200.0, 200.0, 200.0, 200.0, 200.0, 200.0, 200.0, 200.0, 200.0, 200.0, 200.0, 200.0, 200.0]",1,5158.9,96.8508,1.32879,0.035972,0.129,"[14.4861, 15.0751, 16.9157, 20.8898, 29.9745, 44.7269, 60.3156, 93.6784, 200.0, 26.7637, 4.85647, 2.68175, 1.86209, 1.43454, 0.999897, 0.716837, 0.590018, 0.532139, 0.516665]",-0.931124,"[80.5888, 81.6418, 81.3644, 82.4249]",0.338048
0.1,0.0192294,0.0,0.0,13.83,0.0,87.2567,187.256,93.9094,3,"[200.0, 200.0, 200.0, 200.0, 200.0, 200.0, 200.0, 200.0, 200.0, 200.0, 200.0, 200.0, 200.0, 200.0, 200.0, 200.0, 200.0, 200.0, 200.0, 200.0, 200.0, 200.0, 200.0, 200.0, 200.0, 200.0, 200.0, 200.0, 200.0, 200.0, 200.0, 200.0, 200.0, 200.0, 200.0, 200.0]",1,5160.04,96.7662,1.62715,-0.0377857,0.129,"[14.4878, 15.0766, 16.9169, 20.8906, 29.9741, 44.7226, 60.3049, 93.6458, 200.0, 26.7767, 4.84378, 2.67391, 1.85642, 1.43009, 0.996725, 0.714526, 0.588098, 0.530396, 0.514963]",-0.931351,"[81.3936, 81.1903, 81.992, 81.9242]",0.339458
0.085,0.0162151,0.0,0.0,13.85,0.0,87.7941,187.793,93.9094,3,"[200.0, 200.0, 200.0, 200.0, 200.0, 200.0, 200.0, 200.0, 200.0, 200.0, 200.0, 200.0, 200.0, 200.0, 200.0, 200.0, 200.0, 200.0, 200.0, 200.0, 200.0, 200.0, 200.0, 200.0, 200.0, 200.0, 200.0, 200.0, 200.0, 200.0, 200.0, 200.0, 200.0, 200.0, 200.0, 200.0]",1,5152.15,96.701,1.42209,0.0782163,0.129,"[14.4884, 15.0649, 16.8879, 20.8274, 29.8142, 44.3366, 59.5849, 91.8859, 200.0, 31.6708, 4.97132, 2.70855, 1.87112, 1.43759, 0.999118, 0.714736, 0.587542, 0.529408, 0.513591]",-0.93153,"[81.6062, 80.7251, 82.1996, 81.4067]",0.339062
0.124,0.0106328,0.0,0.0,13.87,0.0,88.3312,188.33,93.9094,3,"[200.0, 200.0, 200.0, 200.0, 200.0, 200.0, 200.0, 200.0, 200.0, 200.0, 200.0, 200.0, 200.0, 200.0, 200.0, 200.0, 200.0, 200.0, 200.0, 200.0, 200.0, 200.0, 200.0, 200.0, 200.0, 200.0, 200.0, 200.0, 200.0, 200.0, 200.0, 200.0, 200.0, 200.0, 200.0, 200.0]",1,5160.45,96.6454,1.13235,-0.0424259,0.129,"[14.4874, 15.0413, 16.8319, 20.7084, 29.5184, 43.633, 58.288, 88.7835, 189.222, 48.2888, 5.25294, 2.78876, 1.90816, 1.45866, 1.00836, 0.718512, 0.589283, 0.53007, 0.513467]",-0.931542,"[81.9576, 80.498, 82.6644, 81.2057]",0.340364
0.13,0.00425052,0.0,0.0,13.89,0.0,88.868,188.867,93.9094,3,"[200.0, 200.0, 200.0, 200.0, 200.0, 200.0, 200.0, 200.0, 200.0, 200.0, 200.0, 200.0, 200.0, 200.0, 200.0, 200.0, 200.0, 200.0, 200.0, 200.0, 200.0, 200.0, 200.0, 200.0, 200.0, 200.0, 200.0, 200.0, 200.0, 200.0, 200.0, 200.0, 200.0, 200.0, 200.0, 200.0]",1,5161.68,96.5954,0.846313,0.0791698,0.129,"[14.4856, 15.0137, 16.7677, 20.5732, 29.186, 42.8535, 56.8701, 85.4797, 174.691, 121.055, 5.6303, 2.89345, 1.95704, 1.48709, 1.02159, 0.724609, 0.592701, 0.532099, 0.514554]",-0.931393,"[82.0228, 80.3211, 82.6983, 81.1635]",0.33996
0.238,-0.00356317,0.0,0.0,13.91,0.0,89.4046,189.404,93.9093,3,"[200.0, 200.0, 200.0, 200.0, 200.0, 200.0, 200.0, 200.0, 200.0, 200.0, 200.0, 200.0, 200.0, 200.0, 200.0, 200.0, 200.0, 200.0, 200.0, 200.0, 200.0, 200.0, 200.0, 200.0, 200.0, 200.0, 200.0, 200.0, 200.0, 200.0, 200.0, 200.0, 200.0, 200.0, 200.0, 200.0]",1,5180.01,96.5943,0.401556,-0.0622276,0.13,"[14.4825, 14.9791, 16.6887, 20.4087, 28.7874, 41.9336, 55.2219, 81.7496, 159.666, 200.0, 6.19041, 3.04196, 2.02664, 1.5282, 1.04154, 0.734553, 0.598855, 0.536326, 0.517557]",-0.930993,"[82.1523, 80.1495, 83.645, 80.78]",0.340577
0.444,-0.0110015,0.0,0.0,13.93,0.0,89.9413,189.941,93.9091,3,"[200.0, 200.0, 200.0, 200.0, 200.0, 200.0, 200.0, 200.0, 200.0, 200.0, 200.0, 200.0, 200.0, 200.0, 200.0, 200.0, 200.0, 200.0, 200.0, 200.0, 200.0, 200.0, 200.0, 200.0, 200.0, 200.0, 200.0, 200.0, 200.0, 200.0, 200.0, 200.0, 200.0, 200.0, 200.0, 200.0]",1,5300.01,96.6273,0.187492,0.0130938,0.131,"[14.4782, 14.9449, 16.6125, 20.2524, 28.4149, 41.0894, 53.7331, 78.4798, 147.562, 200.0, 6.86023, 3.21054, 2.10611, 1.57597, 1.06575, 0.74746, 0.607443, 0.54276, 0.52272]",-0.930308,"[82.1252, 80.1371, 84.9824, 83.3838]",0.339886
0.389,-0.01966,0.0,0.0,13.95,0.0,90.4784,190.478,93.909,3,"[200.0, 200.0, 200.0, 200.0, 200.0, 200.0, 200.0, 200.0, 200.0, 200.0, 200.0, 200.0, 200.0, 200.0, 200.0, 200.0, 200.0, 200.0, 200.0, 200.0, 200.0, 200.0, 200.0, 200.0, 200.0, 200.0, 200.0, 200.0, 200.0, 200.0, 200.0, 200.0, 200.0, 200.0, 200.0, 200.0]",1,5181.05,96.7756,-0.279709,-0.131063,0.131,"[14.4726, 14.9046, 16.5239, 20.0726, 27.9918, 40.1462, 52.0949, 74.9828, 135.583, 200.0, 7.84872, 3.43731, 2.21128, 1.63911, 1.09804, 0.765032, 0.619395, 0.551938, 0.530322]",-0.929304,"[82.3516, 80.0801, 83.8217, 80.87]",0.339546
0.394,-0.0273674,0.0,0.0,13.97,0.0,91.016,191.015,93.9088,3,"[200.0, 200.0, 200.0, 200.0, 200.0, 200.0, 200.0, 200.0, 200.0, 200.0, 200.0, 200.0, 200.0, 200.0, 200.0, 200.0, 200.0, 200.0, 200.0, 200.0, 200.0, 200.0, 200.0, 200.0, 200.0, 200.0, 200.0, 200.0, 200.0, 200.0, 200.0, 200.0, 200.0, 200.0, 200.0, 200.0]",1,5262.81,96.8023,-0.396854,-0.0720496,0.13,"[14.4647, 14.8659, 16.4426, 19.9112, 27.6199, 39.3337, 50.7071, 72.105, 126.411, 200.0, 9.03217, 3.68736, 2.32767, 1.7101, 1.13564, 0.786474, 0.634605, 0.564116, 0.540898]",-0.927907,"[82.2538, 80.2198, 83.4641, 83.5459]",0.339001
0.372,-0.0345406,0.0,0.0,13.99,0.0,91.5539,191.553,93.9087,3,"[200.0, 200.0, 200.0, 200.0, 200.0, 200.0, 200.0, 200.0, 200.0, 200.0, 200.0, 200.0, 200.0, 200.0, 200.0, 200.0, 200.0, 200.0, 200.0, 200.0, 200.0, 200.0, 200.0, 200.0, 200.0, 200.0, 200.0, 200.0, 200.0, 200.0, 200.0, 200.0, 200.0, 200.0, 200.0, 200.0]",1,5207.45,96.9034,-1.0172,-0.103949,-0.8,"[14.4555, 14.8281, 16.3653, 19.7604, 27.2784, 38.6004, 49.4719, 69.6055, 118.898, 200.0, 10.4954, 3.96403, 2.45497, 1.78793, 1.17737, 0.810714, 0.652081, 0.578331, 0.553453]",-0.92625,"[82.1311, 80.3256, 82.9921, 82.0151]",0.337174
0.394,-0.0351431,0.0,0.0,14.01,0.0,92.092,192.091,93.9085,3,"[200.0, 200.0, 200.0, 200.0, 200.0, 200.0, 200.0, 200.0, 200.0, 200.0, 200.0, 200.0, 200.0, 200.0, 200.0, 200.0, 200.0, 200.0, 200.0, 200.0, 200.0, 200.0, 200.0, 200.0, 200.0, 200.0, 200.0, 200.0, 200.0, 200.0, 200.0, 200.0, 200.0, 200.0, 200.0, 200.0]",1,5270.31,96.8676,-1.70529,-0.0434643,-0.8,"[14.4446, 14.8146, 16.3473, 19.7339, 27.2309, 38.513, 49.3362, 69.3545, 118.224, 200.0, 10.8318, 4.06175, 2.51127, 1.82756, 1.2026, 0.827682, 0.66555, 0.590163, 0.564684]",-0.924755,"[80.7951, 80.6078, 82.5482, 84.449]",0.33847
0.409,-0.0302413,0.0,0.0,14.03,0.0,92.6303,192.63,93.9084,3,"[200.0, 200.0, 200.0, 200.0, 200.0, 200.0, 200.0, 200.0, 200.0, 200.0, 200.0, 200.0, 200.0, 200.0, 200.0, 200.0, 200.0, 200.0, 200.0, 200.0, 200.0, 200.0, 200.0, 200.0, 200.0, 200.0, 200.0, 200.0, 200.0, 200.0, 200.0, 200.0, 200.0, 200.0, 200.0, 200.0]",1,5217.54,96.8832,-1.77294,0.0884375,-0.8,"[14.434, 14.8231, 16.3809, 19.8134, 27.4308, 38.9639, 50.1114, 70.9502, 123.062, 200.0, 10.046, 3.9819, 2.49489, 1.82665, 1.209, 0.835367, 0.673199, 0.597878, 0.572825]",-0.923658,"[79.2461, 80.3824, 82.3428, 83.2132]",0.335216
0.417,-0.0202844,0.0,0.0,14.05,0.0,93.1683,193.168,93.9082,3,"[200.0, 200.0, 200.0, 200.0, 200.0, 200.0, 200.0, 200.0, 200.0, 200.0, 200.0, 200.0, 200.0, 200.0, 200.0, 200.0, 200.0, 200.0, 200.0, 200.0, 200.0, 200.0, 200.0, 200.0, 200.0, 200.0, 200.0, 200.0, 200.0, 200.0, 200.0, 200.0, 200.0, 200.0, 200.0, 200.0]",1,5284.68,96.7734,-1.63528,0.0133356,-0.8,"[14.4259, 14.854, 16.4647, 19.9956, 27.8724, 39.9516, 51.8143, 74.5034, 134.362, 200.0, 8.62183, 3.75609, 2.41279, 1.78722, 1.19643, 0.833179, 0.674386, 0.600822, 0.577195]",-0.923057,"[78.2912, 80.8421, 82.3128, 85.3023]",0.339179
0.412,-0.00755787,0.0,0.0,14.07,0.0,93.7061,193.705,93.9081,3,"[200.0, 200.0, 200.0, 200.0, 200.0, 200.0, 200.0, 200.0, 200.0, 200.0, 200.0, 200.0, 200.0, 200.0, 200.0, 200.0, 200.0, 200.0, 200.0, 200.0, 200.0, 200.0, 200.0, 200.0, 200.0, 200.0, 200.0, 200.0, 200.0, 200.0, 200.0, 200.0, 200.0, 200.0, 200.0, 200.0]",1,5221.21,96.7793,-1.22839,0.146495,-0.8,"[14.423, 14.9016, 16.5819, 20.2442, 28.4733, 41.3123, 54.1976, 79.6451, 152.326, 200.0, 7.25129, 3.47399, 2.29563, 1.72399, 1.17011, 0.822778, 0.66964, 0.598976, 0.577395]",-0.923016,"[77.8267, 81.18, 81.9331, 84.0487]",0.335074
0.447,0.00804609,0.0,0.0,14.09,0.0,94.2433,194.243,93.9079,3,"[200.0, 200.0, 200.0, 200.0, 200.0, 200.0, 200.0, 200.0, 200.0, 200.0, 200.0, 200.0, 200.0, 200.0, 200.0, 200.0, 200.0, 200.0, 200.0, 200.0, 200.0, 200.0, 200.0, 200.0, 200.0, 200.0, 200.0, 200.0, 200.0, 200.0, 200.0, 200.0, 200.0, 200.0, 200.0, 200.0]",1,5246.9,96.7224,-0.619122,0.040964,0.13,"[14.4281, 14.9694, 16.7379, 20.57, 29.2641, 43.1387, 57.4719, 87.0612, 182.311, 71.1311, 6.01377, 3.15213, 2.14688, 1.63721, 1.12894, 0.802948, 0.657824, 0.591254, 0.572339]",-0.923691,"[77.898, 82.5013, 82.2675, 85.1003]",0.340228
0.176,0.0238451,0.0,0.0,14.11,0.0,94.7805,194.78,93.9079,3,"[200.0, 200.0, 200.0, 200.0, 200.0, 200.0, 200.0, 200.0, 200.0, 200.0, 200.0, 200.0, 200.0, 200.0, 200.0, 200.0, 200.0, 200.0, 200.0, 200.0, 200.0, 200.0, 200.0, 200.0, 200.0, 200.0, 200.0, 200.0, 200.0, 200.0, 200.0, 200.0, 200.0, 200.0, 200.0, 200.0]",1,5175.26,96.6834,0.0626271,0.167397,0.128,"[14.4415, 15.0471, 16.9085, 20.9224, 30.1276, 45.1851, 61.2496, 96.1738, 200.0, 23.5944, 5.07344, 2.85447, 1.99647, 1.5441, 1.08079, 0.777266, 0.640945, 0.578869, 0.562718]",-0.924992,"[79.0214, 83.2759, 80.3986, 83.9959]",0.336929
0.164,0.0367689,0.0,0.0,14.13,0.0,95.3174,195.317,93.9079,3,"[200.0, 200.0, 200.0, 200.0, 200.0, 200.0, 200.0, 200.0, 200.0, 200.0, 200.0, 200.0, 200.0, 200.0, 200.0, 200.0, 200.0, 200.0, 200.0, 200.0, 200.0, 200.0, 200.0, 200.0, 200.0, 200.0, 200.0, 200.0, 200.0, 200.0, 200.0, 200.0, 200.0, 200.0, 200.0, 200.0]",1,5166.56,96.6482,1.32187,0.109741,0.128,"[14.4587, 15.1177, 17.0577, 21.2286, 30.8852, 47.0273, 64.7538, 105.214, 200.0, 14.9913, 4.45442, 2.62758, 1.87349, 1.46437, 1.03686, 0.752216, 0.623532, 0.565344, 0.551463]",-0.926521,"[79.5608, 82.7475, 80.6052, 83.4769]",0.341068
0.084,0.0434304,0.0,0.0,14.15,0.0,95.8541,195.853,93.9079,3,"[200.0, 200.0, 200.0, 200.0, 200.0, 200.0, 200.0, 200.0, 200.0, 200.0, 200.0, 200.0, 200.0, 200.0, 200.0, 200.0, 200.0, 200.0, 200.0, 200.0, 200.0, 200.0, 200.0, 200.0, 200.0, 200.0, 200.0, 200.0, 200.0, 200.0, 200.0, 200.0, 200.0, 200.0, 200.0, 200.0]",1,5155.89,96.5604,2.09123,0.207307,0.128,"[14.4745, 15.1616, 17.1438, 21.4, 31.3053, 48.0586, 66.7511, 110.618, 200.0, 12.4191, 4.13732, 2.49349, 1.79426, 1.40968, 1.00385, 0.73147, 0.607944, 0.552312, 0.539705]",-0.928107,"[80.1536, 81.7238, 81.1135, 82.4909]",0.339586
0.059,0.0449446,0.0,0.0,14.17,0.0,96.3903,196.39,93.9079,3,"[200.0, 200.0, 200.0, 200.0, 200.0, 200.0, 200.0, 200.0, 200.0, 200.0, 200.0, 200.0, 200.0, 200.0, 200.0, 200.0, 200.0, 200.0, 200.0, 200.0, 200.0, 200.0, 200.0, 200.0, 200.0, 200.0, 200.0, 200.0, 200.0, 200.0, 200.0, 200.0, 200.0, 200.0, 200.0, 200.0]",1,5144.87,96.4638,2.31683,0.0910878,0.129,"[14.4862, 15.1802, 17.1732, 21.4514, 31.42, 48.3264, 67.2599, 111.987, 200.0, 11.7609, 4.0084, 2.42703, 1.74996, 1.37645, 0.981439, 0.715847, 0.595316, 0.541085, 0.528946]",-0.929545,"[80.9718, 81.3138, 81.6031, 81.7866]",0.341685
0.066,0.0429029,0.0,0.0,14.19,0.0,96.9261,196.925,93.9079,3,"[200.0, 200.0, 200.0, 200.0, 200.0, 200.0, 200.0, 200.0, 200.0, 200.0, 200.0, 200.0, 200.0, 200.0, 200.0, 200.0, 200.0, 200.0, 200.0, 200.0, 200.0, 200.0, 200.0, 200.0, 200.0, 200.0, 200.0, 200.0, 200.0, 200.0, 200.0, 200.0, 200.0, 200.0, 200.0, 200.0]",1,5137.03,96.3872,2.18155,0.137419,0.129,"[14.4963, 15.1823, 17.1643, 21.4204, 31.3215, 48.0519, 66.6948, 110.346, 200.0, 12.0551, 3.98331, 2.39675, 1.72342, 1.35348, 0.963402, 0.701756, 0.583126, 0.529682, 0.517518]",-0.931061,"[81.4656, 80.6573, 82.032, 81.1349]",0.341211
0.081,0.0385074,0.0,0.0,14.21,0.0,97.4614,197.461,93.9079,3,"[200.0, 200.0, 200.0, 200.0, 200.0, 200.0, 200.0, 200.0, 200.0, 200.0, 200.0, 200.0, 200.0, 200.0, 200.0, 200.0, 200.0, 200.0, 200.0, 200.0, 200.0, 200.0, 200.0, 200.0, 200.0, 200.0, 200.0, 200.0, 200.0, 200.0, 200.0, 200.0, 200.0, 200.0, 200.0, 200.0]",1,5135.17,96.327,1.80422,-0.0484872,0.129,"[14.5045, 15.1728, 17.1294, 21.3344, 31.0832, 47.4288, 65.4521, 106.881, 200.0, 13.1493, 4.03547, 2.39424, 1.71128, 1.33941, 0.94981, 0.689856, 0.572238, 0.519107, 0.506595]",-0.932504,"[81.5939, 80.4938, 82.1197, 80.9811]",0.34117
0.097,0.0324577,0.0,0.0,14.23,0.0,97.9963,197.996,93.9079,3,"[200.0, 200.0, 200.0, 200.0, 200.0, 200.0, 200.0, 200.0, 200.0, 200.0, 200.0, 200.0, 200.0, 200.0, 200.0, 200.0, 200.0, 200.0, 200.0, 200.0, 200.0, 200.0, 200.0, 200.0, 200.0, 200.0, 200.0, 200.0, 200.0, 200.0, 200.0, 200.0, 200.0, 200.0, 200.0, 200.0]",1,5135.44,96.2683,1.43008,0.0515913,0.129,"[14.5119, 15.1557, 17.077, 21.2117, 30.7534, 46.5859, 63.8009, 102.433, 200.0, 15.2756, 4.15045, 2.41209, 1.70922, 1.33139, 0.939152, 0.679369, 0.562174, 0.509052, 0.495984]",-0.933904,"[81.8145, 80.0542, 82.3477, 80.6841]",0.340868
0.131,0.0253286,0.0,0.0,14.25,0.0,98.531,198.53,93.9079,3,"[200.0, 200.0, 200.0, 200.0, 200.0, 200.0, 200.0, 200.0, 200.0, 200.0, 200.0, 200.0, 200.0, 200.0, 200.0, 200.0, 200.0, 200.0, 200.0, 200.0, 200.0, 200.0, 200.0, 200.0, 200.0, 200.0, 200.0, 200.0, 200.0, 200.0, 200.0, 200.0, 200.0, 200.0, 200.0, 200.0]",1,5140.32,96.2296,0.923163,-0.0485623,0.129,"[14.5183, 15.1332, 17.0131, 21.0656, 30.3692, 45.6243, 61.9517, 97.6354, 200.0, 19.2045, 4.32877, 2.44981, 1.71741, 1.32993, 0.932148, 0.67105, 0.553692, 0.500292, 0.486525]",-0.935151,"[81.7768, 80.0004, 82.4815, 80.7125]",0.340454
0.18,0.0177076,0.0,0.0,14.27,0.0,99.0654,199.065,93.9079,3,"[200.0, 200.0, 200.0, 200.0, 200.0, 200.0, 200.0, 200.0, 200.0, 200.0, 200.0, 200.0, 200.0, 200.0, 200.0, 200.0, 200.0, 200.0, 200.0, 200.0, 200.0, 200.0, 200.0, 200.0, 200.0, 200.0, 200.0, 200.0, 200.0, 200.0, 200.0, 200.0, 200.0, 200.0, 200.0, 200.0]",1,5164.25,96.1909,0.60909,0.0169006,0.13,"[14.5236, 15.1076, 16.9436, 20.9097, 29.9663, 44.6358, 60.0859, 92.9759, 200.0, 27.0365, 4.56882, 2.50566, 1.73526, 1.33497, 0.929106, 0.665346, 0.547278, 0.493352, 0.478802]",-0.93617,"[81.8664, 79.7588, 82.6198, 81.2859]",0.339868
0.217,0.00960956,0.0,0.0,14.29,0.0,99.5998,199.599,93.9078,3,"[200.0, 200.0, 200.0, 200.0, 200.0, 200.0, 200.0, 200.0, 200.0, 200.0, 200.0, 200.0, 200.0, 200.0, 200.0, 200.0, 200.0, 200.0, 200.0, 200.0, 200.0, 200.0, 200.0, 200.0, 200.0, 200.0, 200.0, 200.0, 200.0, 200.0, 200.0, 200.0, 200.0, 200.0, 200.0, 200.0]",1,5148.71,96.1983,0.182652,-0.0497396,0.13,"[14.5276, 15.0789, 16.8686, 20.7445, 29.547, 43.6278, 58.2183, 88.4835, 187.254, 49.2299, 4.8909, 2.58362, 1.7646, 1.34765, 0.930693, 0.662685, 0.543265, 0.488523, 0.473092]",-0.936924,"[81.8405, 79.7841, 82.5658, 80.9182]",0.340019
0.225,0.00122622,0.0,0.0,14.31,0.0,100.134,200.133,93.9077,3,"[200.0, 200.0, 200.0, 200.0, 200.0, 200.0, 200.0, 200.0, 200.0, 200.0, 200.0, 200.0, 200.0, 200.0, 200.0, 200.0, 200.0, 200.0, 200.0, 200.0, 200.0, 200.0, 200.0, 200.0, 200.0, 200.0, 200.0, 200.0, 200.0, 200.0, 200.0, 200.0, 200.0, 200.0, 200.0, 200.0]",1,5193.87,96.1634,-0.0774818,-0.0521752,0.13,"[14.5297, 15.0472, 16.7894, 20.5734, 29.1213, 42.6257, 56.3966, 84.2593, 169.08, 200.0, 5.32132, 2.68955, 1.80876, 1.3704, 0.938574, 0.664267, 0.542653, 0.486714, 0.470284]",-0.937295,"[81.8732, 79.6249, 82.7869, 81.9693]",0.338718
0.544,-0.00694406,0.0,0.0,14.33,0.0,100.669,200.668,93.9075,3,"[200.0, 200.0, 200.0, 200.0, 200.0, 200.0, 200.0, 200.0, 200.0, 200.0, 200.0, 200.0, 200.0, 200.0, 200.0, 200.0, 200.0, 200.0, 200.0, 200.0, 200.0, 200.0, 200.0, 200.0, 200.0, 200.0, 200.0, 200.0, 200.0, 200.0, 200.0, 200.0, 200.0, 200.0, 200.0, 200.0]",1,5205.14,96.3117,-0.371748,-0.0189759,0.132,"[14.5303, 15.0149, 16.7112, 20.4072, 28.7152, 41.6884, 54.7226, 80.5062, 154.457, 200.0, 5.85823, 2.8179, 1.86446, 1.40107, 0.95155, 0.669403, 0.544955, 0.487541, 0.470053]",-0.937328,"[81.9095, 79.9143, 83.3335, 81.6249]",0.339798
0.496,-0.0155925,0.0,0.0,14.35,0.0,101.204,201.203,93.9073,3,"[200.0, 200.0, 200.0, 200.0, 200.0, 200.0, 200.0, 200.0, 200.0, 200.0, 200.0, 200.0, 200.0, 200.0, 200.0, 200.0, 200.0, 200.0, 200.0, 200.0, 200.0, 200.0, 200.0, 200.0, 200.0, 200.0, 200.0, 200.0, 200.0, 200.0, 200.0, 200.0, 200.0, 200.0, 200.0, 200.0]",1,5373.41,96.3396,-0.606758,-0.0795273,0.132,"[14.5285, 14.9784, 16.6263, 20.2309, 28.2927, 40.7332, 53.0465, 76.8681, 141.479, 200.0, 6.60938, 2.99052, 1.94199, 1.446, 0.973026, 0.680055, 0.55157, 0.492128, 0.473373]",-0.936891,"[82.0082, 79.7498, 84.4374, 85.6587]",0.33827
0.429,-0.0236523,0.0,0.0,14.37,0.0,101.74,201.739,93.9071,3,"[200.0, 200.0, 200.0, 200.0, 200.0, 200.0, 200.0, 200.0, 200.0, 200.0, 200.0, 200.0, 200.0, 200.0, 200.0, 200.0, 200.0, 200.0, 200.0, 200.0, 200.0, 200.0, 200.0, 200.0, 200.0, 200.0, 200.0, 200.0, 200.0, 200.0, 200.0, 200.0, 200.0, 200.0, 200.0, 200.0]",1,5211.68,96.5151,-0.801836,-0.0214479,0.131,"[14.5246, 14.9422, 16.5455, 20.0661, 27.9057, 39.8753, 51.566, 73.7492, 131.18, 200.0, 7.54259, 3.19005, 2.03259, 1.49982, 1.00024, 0.694729, 0.561494, 0.499713, 0.479626]",-0.936068,"[82.0884, 80.2106, 83.4687, 81.7003]",0.339555
0.448,-0.0322719,0.0,0.0,14.39,0.0,102.276,202.275,93.907,3,"[200.0, 200.0, 200.0, 200.0, 200.0, 200.0, 200.0, 200.0, 200.0, 200.0, 200.0, 200.0, 200.0, 200.0, 200.0, 200.0, 200.0, 200.0, 200.0, 200.0, 200.0, 200.0, 200.0, 200.0, 200.0, 200.0, 200.0, 200.0, 200.0, 200.0, 200.0, 200.0, 200.0, 200.0, 200.0, 200.0]",1,5331.12,96.5365,-1.04107,-0.0735396,0.131,"[14.5181, 14.9013, 16.4573, 19.8896, 27.4986, 38.9898, 50.062, 70.668, 121.678, 200.0, 8.90482, 3.45228, 2.15135, 1.57122, 1.03746, 0.715679, 0.576225, 0.511424, 0.489725]",-0.934737,"[82.0778, 79.9336, 84.9212, 84.7224]",0.338803
0.422,-0.0387324,0.0,0.0,14.41,0.0,102.813,202.812,93.9068,3,"[200.0, 200.0, 200.0, 200.0, 200.0, 200.0, 200.0, 200.0, 200.0, 200.0, 200.0, 200.0, 200.0, 200.0, 200.0, 200.0, 200.0, 200.0, 200.0, 200.0, 200.0, 200.0, 200.0, 200.0, 200.0, 200.0, 200.0, 200.0, 200.0, 200.0, 200.0, 200.0, 200.0, 200.0, 200.0, 200.0]",1,5251.5,96.6653,-1.46939,0.0539538,-0.8,"[14.5089, 14.8663, 16.3868, 19.7532, 27.1926, 38.3392, 48.9751, 68.4992, 115.37, 200.0, 10.3471, 3.7079, 2.26917, 1.64384, 1.07702, 0.739094, 0.593358, 0.525545, 0.502366]",-0.933068,"[81.9126, 80.5004, 84.098, 82.3416]",0.339113
0.447,-0.039157,0.0,0.0,14.43,0.0,103.35,203.349,93.9066,3,"[200.0, 200.0, 200.0, 200.0, 200.0, 200.0, 200.0, 200.0, 200.0, 200.0, 200.0, 200.0, 200.0, 200.0, 200.0, 200.0, 200.0, 200.0, 200.0, 200.0, 200.0, 200.0, 200.0, 200.0, 200.0, 200.0, 200.0, 200.0, 200.0, 200.0, 200.0, 200.0, 200.0, 200.0, 200.0, 200.0]",1,5285.46,96.7014,-1.97554,-0.113449,-0.8,"[14.4982, 14.8538, 16.3708, 19.7306, 27.1539, 38.2706, 48.8714, 68.3138, 114.898, 200.0, 10.6647, 3.80013, 2.32273, 1.68172, 1.10127, 0.75547, 0.606389, 0.537013, 0.51327]",-0.931616,"[80.8814, 80.6028, 84.9389, 83.5365]",0.33956
0.456,-0.0347834,0.0,0.0,14.45,0.0,103.888,203.887,93.9065,3,"[200.0, 200.0, 200.0, 200.0, 200.0, 200.0, 200.0, 200.0, 200.0, 200.0, 200.0, 200.0, 200.0, 200.0, 200.0, 200.0, 200.0, 200.0, 200.0, 200.0, 200.0, 200.0, 200.0, 200.0, 200.0, 200.0, 200.0, 200.0, 200.0, 200.0, 200.0, 200.0, 200.0, 200.0, 200.0, 200.0]",1,5295.3,96.7033,-2.05649,0.0321923,-0.8,"[14.4864, 14.8589, 16.398, 19.798, 27.3259, 38.6594, 49.5379, 69.674, 118.916, 200.0, 9.9574, 3.74999, 2.32084, 1.68974, 1.11239, 0.765817, 0.615902, 0.546202, 0.522671]",-0.930353,"[79.4665, 80.1646, 83.9872, 84.0557]",0.338717
0.453,-0.0251953,0.0,0.0,14.47,0.0,104.425,204.424,93.9063,3,"[200.0, 200.0, 200.0, 200.0, 200.0, 200.0, 200.0, 200.0, 200.0, 200.0, 200.0, 200.0, 200.0, 200.0, 200.0, 200.0, 200.0, 200.0, 200.0, 200.0, 200.0, 200.0, 200.0, 200.0, 200.0, 200.0, 200.0, 200.0, 200.0, 200.0, 200.0, 200.0, 200.0, 200.0, 200.0, 200.0]",1,5236.19,96.7255,-1.77269,-0.0743031,-0.8,"[14.4765, 14.8866, 16.4763, 19.9696, 27.7421, 39.5856, 51.1246, 72.9419, 128.954, 200.0, 8.51362, 3.54954, 2.25301, 1.65948, 1.10478, 0.766414, 0.619011, 0.550633, 0.528279]",-0.929585,"[78.3621, 80.5714, 83.7247, 82.9713]",0.339382
0.441,-0.0127708,0.0,0.0,14.49,0.0,104.962,204.961,93.9062,3,"[200.0, 200.0, 200.0, 200.0, 200.0, 200.0, 200.0, 200.0, 200.0, 200.0, 200.0, 200.0, 200.0, 200.0, 200.0, 200.0, 200.0, 200.0, 200.0, 200.0, 200.0, 200.0, 200.0, 200.0, 200.0, 200.0, 200.0, 200.0, 200.0, 200.0, 200.0, 200.0, 200.0, 200.0, 200.0, 200.0]",1,5257.75,96.648,-1.48383,0.0711567,-0.8,"[14.471, 14.9304, 16.5874, 20.207, 28.3156, 40.8761, 53.368, 77.7068, 144.886, 200.0, 7.12344, 3.29183, 2.15113, 1.60663, 1.08442, 0.759541, 0.61679, 0.550806, 0.530217]",-0.92931,"[77.7607, 81.2068, 82.5885, 84.9019]",0.338793
0.453,0.00284644,0.0,0.0,14.51,0.0,105.499,205.498,93.906,3,"[200.0, 200.0, 200.0, 200.0, 200.0, 200.0, 200.0, 200.0, 200.0, 200.0, 200.0, 200.0, 200.0, 200.0, 200.0, 200.0, 200.0, 200.0, 200.0, 200.0, 200.0, 200.0, 200.0, 200.0, 200.0, 200.0, 200.0, 200.0, 200.0, 200.0, 200.0, 200.0, 200.0, 200.0, 200.0, 200.0]",1,5254.59,96.6746,-0.708739,-0.0122444,0.13,"[14.4725, 14.9945, 16.7389, 20.5257, 29.0884, 42.6483, 56.5179, 84.7114, 171.638, 185.337, 5.86219, 2.98975, 2.01686, 1.53047, 1.04992, 0.743945, 0.608158, 0.54574, 0.527546]",-0.929661,"[78.2529, 81.9182, 82.8404, 84.4545]",0.338721
0.438,0.0189716,0.0,0.0,14.53,0.0,106.036,206.035,93.9059,3,"[200.0, 200.0, 200.0, 200.0, 200.0, 200.0, 200.0, 200.0, 200.0, 200.0, 200.0, 200.0, 200.0, 200.0, 200.0, 200.0, 200.0, 200.0, 200.0, 200.0, 200.0, 200.0, 200.0, 200.0, 200.0, 200.0, 200.0, 200.0, 200.0, 200.0, 200.0, 200.0, 200.0, 200.0, 200.0, 200.0]",1,5279.87,96.6896,0.00688032,0.0950915,0.131,"[14.4825, 15.07, 16.9081, 20.8774, 29.9491, 44.6727, 60.2202, 93.4578, 200.0, 27.4191, 4.90533, 2.70492, 1.87715, 1.44573, 1.00739, 0.72204, 0.59422, 0.535875, 0.520247]",-0.930646,"[79.3768, 83.4921, 81.897, 85.7409]",0.339097
0.161,0.033069,0.0,0.0,14.55,0.0,106.573,206.573,93.9059,3,"[200.0, 200.0, 200.0, 200.0, 200.0, 200.0, 200.0, 200.0, 200.0, 200.0, 200.0, 200.0, 200.0, 200.0, 200.0, 200.0, 200.0, 200.0, 200.0, 200.0, 200.0, 200.0, 200.0, 200.0, 200.0, 200.0, 200.0, 200.0, 200.0, 200.0, 200.0, 200.0, 200.0, 200.0, 200.0, 200.0]",1,5169.26,96.7162,1.18715,0.044683,0.129,"[14.4977, 15.1434, 17.0665, 21.2044, 30.7579, 46.6264, 63.9047, 102.77, 200.0, 15.4306, 4.2499, 2.47524, 1.75553, 1.36814, 0.965593, 0.698782, 0.578381, 0.523823, 0.51046]",-0.931976,"[79.3733, 83.0388, 80.5934, 83.5668]",0.338755
0.096,0.0394586,0.0,0.0,14.57,0.0,107.111,207.11,93.9059,3,"[200.0, 200.0, 200.0, 200.0, 200.0, 200.0, 200.0, 200.0, 200.0, 200.0, 200.0, 200.0, 200.0, 200.0, 200.0, 200.0, 200.0, 200.0, 200.0, 200.0, 200.0, 200.0, 200.0, 200.0, 200.0, 200.0, 200.0, 200.0, 200.0, 200.0, 200.0, 200.0, 200.0, 200.0, 200.0, 200.0]",1,5158.03,96.6241,2.16412,0.058911,0.129,"[14.5109, 15.1834, 17.1466, 21.365, 31.152, 47.589, 65.754, 107.673, 200.0, 12.684, 3.95898, 2.35617, 1.6863, 1.32083, 0.937401, 0.681272, 0.565331, 0.512988, 0.50075]",-0.933285,"[80.6512, 81.7147, 80.9734, 82.7325]",0.339567
0.051,0.0409226,0.0,0.0,14.59,0.0,107.647,207.646,93.9058,3,"[200.0, 200.0, 200.0, 200.0, 200.0, 200.0, 200.0, 200.0, 200.0, 200.0, 200.0, 200.0, 200.0, 200.0, 200.0, 200.0, 200.0, 200.0, 200.0, 200.0, 200.0, 200.0, 200.0, 200.0, 200.0, 200.0, 200.0, 200.0, 200.0, 200.0, 200.0, 200.0, 200.0, 200.0, 200.0, 200.0]",1,5136.08,96.5464,2.09239,0.0899048,0.129,"[14.5216, 15.2007, 17.1741, 21.4135, 31.2602, 47.8403, 66.2275, 108.919, 200.0, 11.99, 3.83706, 2.29439, 1.64539, 1.29025, 0.916846, 0.666976, 0.553791, 0.502737, 0.490934]",-0.934597,"[81.0154, 81.0647, 81.3117, 81.7242]",0.340115
0.072,0.0382807,0.0,0.0,14.61,0.0,108.183,208.182,93.9058,3,"[200.0, 200.0, 200.0, 200.0, 200.0, 200.0, 200.0, 200.0, 200.0, 200.0, 200.0, 200.0, 200.0, 200.0, 200.0, 200.0, 200.0, 200.0, 200.0, 200.0, 200.0, 200.0, 200.0, 200.0, 200.0, 200.0, 200.0, 200.0, 200.0, 200.0, 200.0, 200.0, 200.0, 200.0, 200.0, 200.0]",1,5136.07,96.4626,2.03027,0.0193896,0.13,"[14.5299, 15.1984, 17.1571, 21.3667, 31.1245, 47.4786, 65.5017, 106.892, 200.0, 12.5617, 3.83934, 2.27618, 1.62638, 1.27273, 0.902352, 0.655289, 0.543514, 0.493017, 0.481105]",-0.9359,"[81.5521, 80.6531, 82.0848, 81.0311]",0.339918
0.081,0.0336056,0.0,0.0,14.63,0.0,108.719,208.718,93.9058,3,"[200.0, 200.0, 200.0, 200.0, 200.0, 200.0, 200.0, 200.0, 200.0, 200.0, 200.0, 200.0, 200.0, 200.0, 200.0, 200.0, 200.0, 200.0, 200.0, 200.0, 200.0, 200.0, 200.0, 200.0, 200.0, 200.0, 200.0, 200.0, 200.0, 200.0, 200.0, 200.0, 200.0, 200.0, 200.0, 200.0]",1,5139.77,96.3992,1.61845,0.046684,0.13,"[14.5369, 15.1866, 17.1181, 21.2735, 30.8715, 46.8285, 64.2243, 103.436, 200.0, 14.026, 3.90836, 2.28061, 1.61875, 1.26208, 0.891165, 0.645153, 0.534107, 0.483804, 0.471528]",-0.937165,"[81.6199, 80.2604, 82.238, 80.9792]",0.341445
0.11,0.0269275,0.0,0.0,14.65,0.0,109.254,209.254,93.9058,3,"[200.0, 200.0, 200.0, 200.0, 200.0, 200.0, 200.0, 200.0, 200.0, 200.0, 200.0, 200.0, 200.0, 200.0, 200.0, 200.0, 200.0, 200.0, 200.0, 200.0, 200.0, 200.0, 200.0, 200.0, 200.0, 200.0, 200.0, 200.0, 200.0, 200.0, 200.0, 200.0, 200.0, 200.0, 200.0, 200.0]",1,5143.27,96.3459,1.1915,-0.172421,0.13,"[14.5425, 15.165, 17.0575, 21.1355, 30.5083, 45.9174, 62.4671, 98.8457, 200.0, 17.1874, 4.06122, 2.31263, 1.62524, 1.26025, 0.884587, 0.637507, 0.526357, 0.475823, 0.462927]",-0.938299,"[81.8962, 80.1074, 82.56, 80.7411]",0.339537
0.147,0.0197754,0.0,0.0,14.67,0.0,109.789,209.789,93.9058,3,"[200.0, 200.0, 200.0, 200.0, 200.0, 200.0, 200.0, 200.0, 200.0, 200.0, 200.0, 200.0, 200.0, 200.0, 200.0, 200.0, 200.0, 200.0, 200.0, 200.0, 200.0, 200.0, 200.0, 200.0, 200.0, 200.0, 200.0, 200.0, 200.0, 200.0, 200.0, 200.0, 200.0, 200.0, 200.0, 200.0]",1,5151.01,96.306,0.808776,-0.0676518,0.13,"[14.5474, 15.1408, 16.9919, 20.9883, 30.1269, 44.9779, 60.6863, 94.3592, 200.0, 23.0314, 4.26278, 2.35864, 1.63899, 1.26319, 0.880854, 0.631701, 0.520044, 0.469097, 0.455514]",-0.939277,"[81.847, 80.0038, 82.6271, 80.8934]",0.341634
0.194,0.0113651,0.0,0.0,14.69,0.0,110.324,210.324,93.9058,3,"[200.0, 200.0, 200.0, 200.0, 200.0, 200.0, 200.0, 200.0, 200.0, 200.0, 200.0, 200.0, 200.0, 200.0, 200.0, 200.0, 200.0, 200.0, 200.0, 200.0, 200.0, 200.0, 200.0, 200.0, 200.0, 200.0, 200.0, 200.0, 200.0, 200.0, 200.0, 200.0, 200.0, 200.0, 200.0, 200.0]",1,5161.82,96.282,0.312387,-0.222285,0.13,"[14.5509, 15.1102, 16.9129, 20.8146, 29.6861, 43.9152, 58.7105, 89.5684, 191.879, 39.6036, 4.57074, 2.43516, 1.66835, 1.2762, 0.882855, 0.629409, 0.516363, 0.464581, 0.450118]",-0.939988,"[81.9795, 79.8203, 83.0591, 81.1274]",0.338573
0.211,0.00357811,0.0,0.0,14.71,0.0,110.859,210.858,93.9057,3,"[200.0, 200.0, 200.0, 200.0, 200.0, 200.0, 200.0, 200.0, 200.0, 200.0, 200.0, 200.0, 200.0, 200.0, 200.0, 200.0, 200.0, 200.0, 200.0, 200.0, 200.0, 200.0, 200.0, 200.0, 200.0, 200.0, 200.0, 200.0, 200.0, 200.0, 200.0, 200.0, 200.0, 200.0, 200.0, 200.0]",1,5169.94,96.266,0.116505,-0.00145453,0.13,"[14.5532, 15.081, 16.8393, 20.6552, 29.2878, 42.9731, 56.9901, 85.5442, 174.099, 124.907, 4.92654, 2.52262, 1.70407, 1.29403, 0.888368, 0.62981, 0.515014, 0.46226, 0.446937]",-0.940409,"[81.848, 79.8852, 82.9533, 81.0947]",0.340746
0.317,-0.00529647,0.0,0.0,14.73,0.0,111.394,211.393,93.9056,3,"[200.0, 200.0, 200.0, 200.0, 200.0, 200.0, 200.0, 200.0, 200.0, 200.0, 200.0, 200.0, 200.0, 200.0, 200.0, 200.0, 200.0, 200.0, 200.0, 200.0, 200.0, 200.0, 200.0, 200.0, 200.0, 200.0, 200.0, 200.0, 200.0, 200.0, 200.0, 200.0, 200.0, 200.0, 200.0, 200.0]",1,5171.36,96.3012,-0.309066,-0.108686,0.131,"[14.5536, 15.0456, 16.7538, 20.4734, 28.8426, 41.9415, 55.1408, 81.3667, 157.452, 200.0, 5.45463, 2.65164, 1.76041, 1.32512, 0.901513, 0.634981, 0.517296, 0.463034, 0.446621]",-0.940451,"[82.0244, 79.7201, 83.9307, 80.4189]",0.338223
0.512,-0.0129774,0.0,0.0,14.75,0.0,111.929,211.928,93.9054,3,"[200.0, 200.0, 200.0, 200.0, 200.0, 200.0, 200.0, 200.0, 200.0, 200.0, 200.0, 200.0, 200.0, 200.0, 200.0, 200.0, 200.0, 200.0, 200.0, 200.0, 200.0, 200.0, 200.0, 200.0, 200.0, 200.0, 200.0, 200.0, 200.0, 200.0, 200.0, 200.0, 200.0, 200.0, 200.0, 200.0]",1,5293.52,96.3638,-0.372137,0.0566717,0.132,"[14.552, 15.0131, 16.6782, 20.316, 28.4642, 41.0823, 53.6272, 78.0565, 145.397, 200.0, 6.05257, 2.79276, 1.82418, 1.36213, 0.919191, 0.64371, 0.522682, 0.466736, 0.449264]",-0.940103,"[81.8201, 79.8566, 84.9935, 83.0309]",0.339693
0.451,-0.0219078,0.0,0.0,14.77,0.0,112.465,212.464,93.9052,3,"[200.0, 200.0, 200.0, 200.0, 200.0, 200.0, 200.0, 200.0, 200.0, 200.0, 200.0, 200.0, 200.0, 200.0, 200.0, 200.0, 200.0, 200.0, 200.0, 200.0, 200.0, 200.0, 200.0, 200.0, 200.0, 200.0, 200.0, 200.0, 200.0, 200.0, 200.0, 200.0, 200.0, 200.0, 200.0, 200.0]",1,5173.88,96.526,-0.740239,0.0126556,0.132,"[14.5484, 14.9737, 16.5892, 20.1334, 28.0329, 40.1213, 51.9616, 74.5206, 133.492, 200.0, 6.96806, 2.99342, 1.91542, 1.4162, 0.946331, 0.658183, 0.532364, 0.47405, 0.455208]",-0.93932,"[82.1734, 79.8178, 84.1228, 80.7375]",0.338706
0.461,-0.0295552,0.0,0.0,14.79,0.0,113.001,213.001,93.905,3,"[200.0, 200.0, 200.0, 200.0, 200.0, 200.0, 200.0, 200.0, 200.0, 200.0, 200.0, 200.0, 200.0, 200.0, 200.0, 200.0, 200.0, 200.0, 200.0, 200.0, 200.0, 200.0, 200.0, 200.0, 200.0, 200.0, 200.0, 200.0, 200.0, 200.0, 200.0, 200.0, 200.0, 200.0, 200.0, 200.0]",1,5274.37,96.5714,-0.727692,0.156303,0.131,"[14.5419, 14.9365, 16.5097, 19.9748, 27.667, 39.3235, 50.6023, 71.7186, 124.708, 200.0, 8.05307, 3.21515, 2.01812, 1.4788, 0.979554, 0.677202, 0.545904, 0.484932, 0.464698]",-0.938067,"[82.004, 79.947, 83.7873, 83.8461]",0.339302
0.429,-0.037046,0.0,0.0,14.81,0.0,113.538,213.537,93.9049,3,"[200.0, 200.0, 200.0, 200.0, 200.0, 200.0, 200.0, 200.0, 200.0, 200.0, 200.0, 200.0, 200.0, 200.0, 200.0, 200.0, 200.0, 200.0, 200.0, 200.0, 200.0, 200.0, 200.0, 200.0, 200.0, 200.0, 200.0, 200.0, 200.0, 200.0, 200.0, 200.0, 200.0, 200.0, 200.0, 200.0]",1,5192.73,96.7164,-1.23342,0.0657207,-0.8,"[14.5335, 14.8982, 16.4302, 19.8189, 27.3135, 38.5659, 49.3297, 69.1582, 117.132, 200.0, 9.49228, 3.47677, 2.13808, 1.55223, 1.01909, 0.700299, 0.562639, 0.498606, 0.476833]",-0.936466,"[82.1259, 80.0272, 82.8996, 81.9902]",0.339623
0.443,-0.0384296,0.0,0.0,14.83,0.0,114.075,214.074,93.9047,3,"[200.0, 200.0, 200.0, 200.0, 200.0, 200.0, 200.0, 200.0, 200.0, 200.0, 200.0, 200.0, 200.0, 200.0, 200.0, 200.0, 200.0, 200.0, 200.0, 200.0, 200.0, 200.0, 200.0, 200.0, 200.0, 200.0, 200.0, 200.0, 200.0, 200.0, 200.0, 200.0, 200.0, 200.0, 200.0, 200.0]",1,5258.99,96.7054,-1.91845,0.129743,-0.8,"[14.5225, 14.8815, 16.405, 19.7775, 27.2315, 38.404, 49.0695, 68.6601, 115.756, 200.0, 10.0014, 3.59839, 2.20408, 1.59731, 1.04693, 0.718619, 0.576998, 0.511104, 0.488603]",-0.934901,"[80.9189, 80.4346, 82.0776, 84.4923]",0.339748
0.464,-0.0347267,0.0,0.0,14.85,0.0,114.613,214.612,93.9045,3,"[200.0, 200.0, 200.0, 200.0, 200.0, 200.0, 200.0, 200.0, 200.0, 200.0, 200.0, 200.0, 200.0, 200.0, 200.0, 200.0, 200.0, 200.0, 200.0, 200.0, 200.0, 200.0, 200.0, 200.0, 200.0, 200.0, 200.0, 200.0, 200.0, 200.0, 200.0, 200.0, 200.0, 200.0, 200.0, 200.0]",1,5204.24,96.8126,-1.78578,0.0567327,-0.8,"[14.5111, 14.8845, 16.4265, 19.8328, 27.375, 38.7309, 49.6317, 69.8117, 119.174, 200.0, 9.4757, 3.57099, 2.21041, 1.60945, 1.0596, 0.729511, 0.586719, 0.52033, 0.497922]",-0.933651,"[79.7491, 80.3308, 81.8092, 83.2436]",0.339983
0.439,-0.0262676,0.0,0.0,14.87,0.0,115.15,215.15,93.9044,3,"[200.0, 200.0, 200.0, 200.0, 200.0, 200.0, 200.0, 200.0, 200.0, 200.0, 200.0, 200.0, 200.0, 200.0, 200.0, 200.0, 200.0, 200.0, 200.0, 200.0, 200.0, 200.0, 200.0, 200.0, 200.0, 200.0, 200.0, 200.0, 200.0, 200.0, 200.0, 200.0, 200.0, 200.0, 200.0, 200.0]",1,5285.57,96.7081,-1.76854,0.0133037,-0.8,"[14.5008, 14.9074, 16.4939, 19.9822, 27.7392, 39.543, 51.0236, 72.6774, 127.953, 200.0, 8.27112, 3.41326, 2.16068, 1.58948, 1.05688, 0.732563, 0.59139, 0.525885, 0.50439]",-0.932771,"[78.8363, 80.6362, 81.7776, 85.6069]",0.340533
0.438,-0.0147567,0.0,0.0,14.89,0.0,115.688,215.687,93.9042,3,"[200.0, 200.0, 200.0, 200.0, 200.0, 200.0, 200.0, 200.0, 200.0, 200.0, 200.0, 200.0, 200.0, 200.0, 200.0, 200.0, 200.0, 200.0, 200.0, 200.0, 200.0, 200.0, 200.0, 200.0, 200.0, 200.0, 200.0, 200.0, 200.0, 200.0, 200.0, 200.0, 200.0, 200.0, 200.0, 200.0]",1,5232.47,96.7552,-1.29034,0.00713234,-0.8,"[14.4942, 14.9464, 16.5951, 20.1998, 28.2659, 40.7269, 53.0779, 77.0224, 142.299, 200.0, 7.00345, 3.18908, 2.07483, 1.54632, 1.04148, 0.728362, 0.590964, 0.527415, 0.507429]",-0.93235,"[78.0102, 80.8837, 82.0858, 83.8448]",0.340077
0.435,-1.88209e-05,0.0,0.0,14.91,0.0,116.225,216.224,93.904,3,"[200.0, 200.0, 200.0, 200.0, 200.0, 200.0, 200.0, 200.0, 200.0, 200.0, 200.0, 200.0, 200.0, 200.0, 200.0, 200.0, 200.0, 200.0, 200.0, 200.0, 200.0, 200.0, 200.0, 200.0, 200.0, 200.0, 200.0, 200.0, 200.0, 200.0, 200.0, 200.0, 200.0, 200.0, 200.0, 200.0]",1,5301.38,96.6635,-0.730415,-0.134742,0.131,"[14.4942, 15.0054, 16.7363, 20.4975, 28.9875, 42.376, 55.9974, 83.4599, 166.267, 200.0, 5.80457, 2.91305, 1.95437, 1.47892, 1.01162, 0.715312, 0.584045, 0.523638, 0.505793]",-0.932561,"[77.9716, 82.3842, 82.3303, 85.973]",0.34049
0.464,0.0152017,0.0,0.0,14.93,0.0,116.762,216.761,93.9038,3,"[200.0, 200.0, 200.0, 200.0, 200.0, 200.0, 200.0, 200.0, 200.0, 200.0, 200.0, 200.0, 200.0, 200.0, 200.0, 200.0, 200.0, 200.0, 200.0, 200.0, 200.0, 200.0, 200.0, 200.0, 200.0, 200.0, 200.0, 200.0, 200.0, 200.0, 200.0, 200.0, 200.0, 200.0, 200.0, 200.0]",1,5286.49,96.7453,-0.00435509,-0.0493268,0.131,"[14.5015, 15.0744, 16.8931, 20.8247, 29.7873, 44.2476, 59.3995, 91.3902, 200.0, 32.907, 4.8903, 2.65232, 1.82915, 1.40408, 0.974891, 0.696909, 0.572648, 0.515828, 0.500281]",-0.933304,"[79.1513, 83.2632, 82.8749, 84.5431]",0.339909
0.165,0.027586,0.0,0.0,14.95,0.0,117.3,217.299,93.9038,3,"[200.0, 200.0, 200.0, 200.0, 200.0, 200.0, 200.0, 200.0, 200.0, 200.0, 200.0, 200.0, 200.0, 200.0, 200.0, 200.0, 200.0, 200.0, 200.0, 200.0, 200.0, 200.0, 200.0, 200.0, 200.0, 200.0, 200.0, 200.0, 200.0, 200.0, 200.0, 200.0, 200.0, 200.0, 200.0, 200.0]",1,5170.03,96.77,1.2754,-0.239559,0.129,"[14.5123, 15.1362, 17.0287, 21.1059, 30.4814, 45.9118, 62.5084, 99.0776, 200.0, 17.8806, 4.30358, 2.4568, 1.72829, 1.34089, 0.941748, 0.679007, 0.560771, 0.507034, 0.493378]",-0.934241,"[79.6677, 82.7468, 80.8406, 83.3912]",0.339243
0.086,0.0340538,0.0,0.0,14.97,0.0,117.837,217.836,93.9038,3,"[200.0, 200.0, 200.0, 200.0, 200.0, 200.0, 200.0, 200.0, 200.0, 200.0, 200.0, 200.0, 200.0, 200.0, 200.0, 200.0, 200.0, 200.0, 200.0, 200.0, 200.0, 200.0, 200.0, 200.0, 200.0, 200.0, 200.0, 200.0, 200.0, 200.0, 200.0, 200.0, 200.0, 200.0, 200.0, 200.0]",1,5142.38,96.6939,1.91371,-0.0704849,0.129,"[14.5229, 15.1738, 17.1061, 21.2629, 30.8672, 46.847, 64.2856, 103.662, 200.0, 14.2592, 4.01153, 2.34447, 1.66516, 1.29873, 0.917405, 0.664348, 0.550098, 0.498356, 0.485769]",-0.935268,"[80.2618, 81.7162, 80.8032, 82.5004]",0.339357
0.059,0.0351541,0.0,0.0,14.99,0.0,118.374,218.373,93.9038,3,"[200.0, 200.0, 200.0, 200.0, 200.0, 200.0, 200.0, 200.0, 200.0, 200.0, 200.0, 200.0, 200.0, 200.0, 200.0, 200.0, 200.0, 200.0, 200.0, 200.0, 200.0, 200.0, 200.0, 200.0, 200.0, 200.0, 200.0, 200.0, 200.0, 200.0, 200.0, 200.0, 200.0, 200.0, 200.0, 200.0]",1,5133.98,96.5959,2.1563,-0.148857,0.13,"[14.5302, 15.1859, 17.1258, 21.2979, 30.9455, 47.0276, 64.6222, 104.524, 200.0, 13.6212, 3.92042, 2.29995, 1.63612, 1.27721, 0.903068, 0.654447, 0.542138, 0.491307, 0.479039]",-0.936168,"[81.1174, 81.3355, 81.1794, 81.8558]",0.338077
0.061,0.0325602,0.0,0.0,15.01,0.0,118.91,218.91,93.9038,3,"[200.0, 200.0, 200.0, 200.0, 200.0, 200.0, 200.0, 200.0, 200.0, 200.0, 200.0, 200.0, 200.0, 200.0, 200.0, 200.0, 200.0, 200.0, 200.0, 200.0, 200.0, 200.0, 200.0, 200.0, 200.0, 200.0, 200.0, 200.0, 200.0, 200.0, 200.0, 200.0, 200.0, 200.0, 200.0, 200.0]",1,5129.81,96.5113,1.97684,0.0339178,0.13,"[14.5361, 15.1814, 17.1066, 21.2493, 30.8105, 46.678, 63.9352, 102.677, 200.0, 14.4857, 3.94491, 2.29348, 1.62541, 1.26621, 0.893256, 0.646213, 0.53476, 0.484243, 0.471825]",-0.937123,"[81.5941, 80.7278, 81.775, 81.0561]",0.338862
0.081,0.0274479,0.0,0.0,15.03,0.0,119.446,219.446,93.9038,3,"[200.0, 200.0, 200.0, 200.0, 200.0, 200.0, 200.0, 200.0, 200.0, 200.0, 200.0, 200.0, 200.0, 200.0, 200.0, 200.0, 200.0, 200.0, 200.0, 200.0, 200.0, 200.0, 200.0, 200.0, 200.0, 200.0, 200.0, 200.0, 200.0, 200.0, 200.0, 200.0, 200.0, 200.0, 200.0, 200.0]",1,5139.82,96.44,1.57925,-0.00144745,0.13,"[14.5403, 15.1648, 17.0601, 21.1436, 30.5325, 45.9814, 62.5928, 99.1764, 200.0, 16.9498, 4.06399, 2.31881, 1.63088, 1.26516, 0.888455, 0.640522, 0.528958, 0.478249, 0.465352]",-0.937976,"[81.7726, 80.474, 82.1987, 80.9983]",0.337986
0.115,0.0209133,0.0,0.0,15.05,0.0,119.982,219.981,93.9038,3,"[200.0, 200.0, 200.0, 200.0, 200.0, 200.0, 200.0, 200.0, 200.0, 200.0, 200.0, 200.0, 200.0, 200.0, 200.0, 200.0, 200.0, 200.0, 200.0, 200.0, 200.0, 200.0, 200.0, 200.0, 200.0, 200.0, 200.0, 200.0, 200.0, 200.0, 200.0, 200.0, 200.0, 200.0, 200.0, 200.0]",1,5147.12,96.3833,1.2203,0.137238,0.13,"[14.5437, 15.1416, 16.9989, 21.0073, 30.1808, 45.1156, 60.9503, 95.026, 200.0, 21.9728, 4.25576, 2.36601, 1.64714, 1.27073, 0.887044, 0.636643, 0.524357, 0.473151, 0.45959]",-0.938735,"[81.9574, 80.0597, 82.4914, 80.8749]",0.338809
0.16,0.0132636,0.0,0.0,15.07,0.0,120.517,220.517,93.9038,3,"[200.0, 200.0, 200.0, 200.0, 200.0, 200.0, 200.0, 200.0, 200.0, 200.0, 200.0, 200.0, 200.0, 200.0, 200.0, 200.0, 200.0, 200.0, 200.0, 200.0, 200.0, 200.0, 200.0, 200.0, 200.0, 200.0, 200.0, 200.0, 200.0, 200.0, 200.0, 200.0, 200.0, 200.0, 200.0, 200.0]",1,5150.37,96.3548,0.729255,0.0799601,0.13,"[14.546, 15.1128, 16.9259, 20.8477, 29.7761, 44.1382, 59.1284, 90.5811, 196.722, 34.3274, 4.53657, 2.43871, 1.67629, 1.28449, 0.890215, 0.635509, 0.521778, 0.469727, 0.455334]",-0.939294,"[81.9471, 80.0201, 82.7266, 80.8646]",0.339011
0.2,0.0053503,0.0,0.0,15.09,0.0,121.053,221.052,93.9037,3,"[200.0, 200.0, 200.0, 200.0, 200.0, 200.0, 200.0, 200.0, 200.0, 200.0, 200.0, 200.0, 200.0, 200.0, 200.0, 200.0, 200.0, 200.0, 200.0, 200.0, 200.0, 200.0, 200.0, 200.0, 200.0, 200.0, 200.0, 200.0, 200.0, 200.0, 200.0, 200.0, 200.0, 200.0, 200.0, 200.0]",1,5175.95,96.3224,0.446635,0.194028,0.13,"[14.547, 15.0818, 16.8495, 20.6832, 29.3661, 43.1671, 57.3505, 86.3944, 177.78, 84.7071, 4.90034, 2.53308, 1.71679, 1.30591, 0.8981, 0.637527, 0.521712, 0.468527, 0.453212]",-0.939573,"[82.0041, 79.8275, 82.7628, 81.525]",0.338975
0.23,-0.00314987,0.0,0.0,15.11,0.0,121.588,221.587,93.9036,3,"[200.0, 200.0, 200.0, 200.0, 200.0, 200.0, 200.0, 200.0, 200.0, 200.0, 200.0, 200.0, 200.0, 200.0, 200.0, 200.0, 200.0, 200.0, 200.0, 200.0, 200.0, 200.0, 200.0, 200.0, 200.0, 200.0, 200.0, 200.0, 200.0, 200.0, 200.0, 200.0, 200.0, 200.0, 200.0, 200.0]",1,5159.27,96.337,0.00572796,0.0877342,0.131,"[14.5468, 15.0472, 16.7667, 20.5076, 28.9357, 42.167, 55.5514, 82.3013, 161.105, 200.0, 5.39537, 2.65798, 1.77228, 1.33695, 0.911588, 0.643099, 0.524388, 0.469695, 0.453307]",-0.939559,"[82.0247, 79.8126, 82.6528, 81.1001]",0.340523
0.51,-0.0115557,0.0,0.0,15.13,0.0,122.123,222.122,93.9034,3,"[200.0, 200.0, 200.0, 200.0, 200.0, 200.0, 200.0, 200.0, 200.0, 200.0, 200.0, 200.0, 200.0, 200.0, 200.0, 200.0, 200.0, 200.0, 200.0, 200.0, 200.0, 200.0, 200.0, 200.0, 200.0, 200.0, 200.0, 200.0, 200.0, 200.0, 200.0, 200.0, 200.0, 200.0, 200.0, 200.0]",1,5340.04,96.3707,-0.217616,0.112936,0.132,"[14.5445, 15.0111, 16.6832, 20.3341, 28.5182, 41.2167, 53.8723, 78.6067, 147.409, 200.0, 6.03473, 2.81318, 1.84323, 1.37845, 0.931623, 0.653119, 0.530647, 0.474059, 0.456488]",-0.939139,"[81.9637, 79.7696, 83.8812, 85.1409]",0.339544
0.435,-0.020154,0.0,0.0,15.15,0.0,122.659,222.658,93.9032,3,"[200.0, 200.0, 200.0, 200.0, 200.0, 200.0, 200.0, 200.0, 200.0, 200.0, 200.0, 200.0, 200.0, 200.0, 200.0, 200.0, 200.0, 200.0, 200.0, 200.0, 200.0, 200.0, 200.0, 200.0, 200.0, 200.0, 200.0, 200.0, 200.0, 200.0, 200.0, 200.0, 200.0, 200.0, 200.0, 200.0]",1,5201.93,96.5415,-0.592371,0.0595028,0.132,"[14.5409, 14.9729, 16.5972, 20.1576, 28.1007, 40.2837, 52.251, 75.1471, 135.597, 200.0, 6.89035, 3.00509, 1.93097, 1.43053, 0.95779, 0.667061, 0.539958, 0.481078, 0.462176]",-0.938389,"[82.2108, 80.0186, 83.134, 81.8704]",0.341655
0.445,-0.028895,0.0,0.0,15.17,0.0,123.195,223.194,93.9031,3,"[200.0, 200.0, 200.0, 200.0, 200.0, 200.0, 200.0, 200.0, 200.0, 200.0, 200.0, 200.0, 200.0, 200.0, 200.0, 200.0, 200.0, 200.0, 200.0, 200.0, 200.0, 200.0, 200.0, 200.0, 200.0, 200.0, 200.0, 200.0, 200.0, 200.0, 200.0, 200.0, 200.0, 200.0, 200.0, 200.0]",1,5345.17,96.5579,-0.820069,-0.02662,0.131,"[14.5348, 14.9319, 16.5079, 19.9779, 27.6837, 39.3705, 50.6903, 71.9145, 125.355, 200.0, 8.07837, 3.24743, 2.0419, 1.49741, 0.992645, 0.686613, 0.553652, 0.491917, 0.471476]",-0.937163,"[82.1714, 79.9257, 84.3753, 84.8867]",0.34024
0.41,-0.0364094,0.0,0.0,15.19,0.0,123.732,223.731,93.9029,3,"[200.0, 200.0, 200.0, 200.0, 200.0, 200.0, 200.0, 200.0, 200.0, 200.0, 200.0, 200.0, 200.0, 200.0, 200.0, 200.0, 200.0, 200.0, 200.0, 200.0, 200.0, 200.0, 200.0, 200.0, 200.0, 200.0, 200.0, 200.0, 200.0, 200.0, 200.0, 200.0, 200.0, 200.0, 200.0, 200.0]",1,5230.35,96.6984,-1.33552,-0.0545469,-0.8,"[14.527, 14.8941, 16.4288, 19.8222, 27.3297, 38.61, 49.4109, 69.3345, 117.682, 200.0, 9.49428, 3.50542, 2.15961, 1.56913, 1.03097, 0.708833, 0.569658, 0.504929, 0.482963]",-0.935648,"[82.2676, 80.2809, 83.7387, 82.1265]",0.341358
0.439,-0.0376628,0.0,0.0,15.21,0.0,124.269,224.269,93.9028,3,"[200.0, 200.0, 200.0, 200.0, 200.0, 200.0, 200.0, 200.0, 200.0, 200.0, 200.0, 200.0, 200.0, 200.0, 200.0, 200.0, 200.0, 200.0, 200.0, 200.0, 200.0, 200.0, 200.0, 200.0, 200.0, 200.0, 200.0, 200.0, 200.0, 200.0, 200.0, 200.0, 200.0, 200.0, 200.0, 200.0]",1,5347.92,96.6863,-1.9733,-0.180222,-0.8,"[14.5176, 14.8795, 16.4065, 19.7854, 27.2563, 38.4645, 49.1762, 68.8833, 116.427, 200.0, 9.93703, 3.61111, 2.21678, 1.60809, 1.05497, 0.724596, 0.581999, 0.51566, 0.493061]",-0.934305,"[81.2935, 80.4897, 83.9185, 85.4937]",0.340439
0.442,-0.0343436,0.0,0.0,15.23,0.0,124.807,224.806,93.9026,3,"[200.0, 200.0, 200.0, 200.0, 200.0, 200.0, 200.0, 200.0, 200.0, 200.0, 200.0, 200.0, 200.0, 200.0, 200.0, 200.0, 200.0, 200.0, 200.0, 200.0, 200.0, 200.0, 200.0, 200.0, 200.0, 200.0, 200.0, 200.0, 200.0, 200.0, 200.0, 200.0, 200.0, 200.0, 200.0, 200.0]",1,5271.24,96.753,-2.0122,-0.0474531,-0.8,"[14.5071, 14.8818, 16.4255, 19.8346, 27.3845, 38.7573, 49.6808, 69.9192, 119.516, 200.0, 9.48033, 3.58899, 2.22391, 1.62005, 1.06707, 0.734883, 0.59114, 0.524315, 0.501787]",-0.933134,"[79.8827, 80.0636, 83.674, 83.2855]",0.340049
0.447,-0.0254834,0.0,0.0,15.25,0.0,125.344,225.344,93.9025,3,"[200.0, 200.0, 200.0, 200.0, 200.0, 200.0, 200.0, 200.0, 200.0, 200.0, 200.0, 200.0, 200.0, 200.0, 200.0, 200.0, 200.0, 200.0, 200.0, 200.0, 200.0, 200.0, 200.0, 200.0, 200.0, 200.0, 200.0, 200.0, 200.0, 200.0, 200.0, 200.0, 200.0, 200.0, 200.0, 200.0]",1,5258.06,96.7341,-1.82238,-0.179749,-0.8,"[14.4979, 14.9076, 16.498, 19.9936, 27.7699, 39.6149, 51.15, 72.9457, 128.816, 200.0, 8.20756, 3.4126, 2.16453, 1.59378, 1.06069, 0.735658, 0.594095, 0.528422, 0.50693]",-0.932431,"[78.6712, 80.4955, 83.7382, 83.4827]",0.339833
0.437,-0.0141529,0.0,0.0,15.27,0.0,125.882,225.881,93.9023,3,"[200.0, 200.0, 200.0, 200.0, 200.0, 200.0, 200.0, 200.0, 200.0, 200.0, 200.0, 200.0, 200.0, 200.0, 200.0, 200.0, 200.0, 200.0, 200.0, 200.0, 200.0, 200.0, 200.0, 200.0, 200.0, 200.0, 200.0, 200.0, 200.0, 200.0, 200.0, 200.0, 200.0, 200.0, 200.0, 200.0]",1,5294.89,96.6742,-1.56264,0.0217928,-0.8,"[14.4925, 14.9471, 16.5989, 20.2095, 28.2915, 40.7872, 53.1854, 77.2577, 143.128, 200.0, 6.96685, 3.18684, 2.07617, 1.54834, 1.04352, 0.730125, 0.592549, 0.528929, 0.508969]",-0.932144,"[77.9263, 80.9971, 83.416, 84.3351]",0.339149
0.439,0.00104566,0.0,0.0,15.29,0.0,126.419,226.418,93.9022,3,"[200.0, 200.0, 200.0, 200.0, 200.0, 200.0, 200.0, 200.0, 200.0, 200.0, 200.0, 200.0, 200.0, 200.0, 200.0, 200.0, 200.0, 200.0, 200.0, 200.0, 200.0, 200.0, 200.0, 200.0, 200.0, 200.0, 200.0, 200.0, 200.0, 200.0, 200.0, 200.0, 200.0, 200.0, 200.0, 200.0]",1,5267.76,96.6741,-0.854098,-0.0679407,0.131,"[14.4938, 15.0093, 16.7461, 20.5188, 29.0402, 42.4991, 56.2191, 83.9644, 168.309, 200.0, 5.73945, 2.89793, 1.94822, 1.4758, 1.01058, 0.715134, 0.584162, 0.523915, 0.506205]",-0.932506,"[78.3583, 81.9346, 83.6264, 83.806]",0.33912
0.481,0.0161333,0.0,0.0,15.31,0.0,126.956,226.955,93.9019,3,"[200.0, 200.0, 200.0, 200.0, 200.0, 200.0, 200.0, 200.0, 200.0, 200.0, 200.0, 200.0, 200.0, 200.0, 200.0, 200.0, 200.0, 200.0, 200.0, 200.0, 200.0, 200.0, 200.0, 200.0, 200.0, 200.0, 200.0, 200.0, 200.0, 200.0, 200.0, 200.0, 200.0, 200.0, 200.0, 200.0]",1,5335.16,96.6971,-0.15809,0.0732248,0.131,"[14.5027, 15.0795, 16.9037, 20.8462, 29.8392, 44.3699, 59.6243, 91.9296, 200.0, 30.9443, 4.8366, 2.63419, 1.8195, 1.39783, 0.971409, 0.694874, 0.571196, 0.514666, 0.499278]",-0.933438,"[79.786, 83.2882, 84.0254, 85.4381]",0.339075
0.165,0.0295816,0.0,0.0,15.33,0.0,127.494,227.493,93.9019,3,"[200.0, 200.0, 200.0, 200.0, 200.0, 200.0, 200.0, 200.0, 200.0, 200.0, 200.0, 200.0, 200.0, 200.0, 200.0, 200.0, 200.0, 200.0, 200.0, 200.0, 200.0, 200.0, 200.0, 200.0, 200.0, 200.0, 200.0, 200.0, 200.0, 200.0, 200.0, 200.0, 200.0, 200.0, 200.0, 200.0]",1,5177.02,96.7577,0.99822,-0.00524986,0.129,"[14.5163, 15.1485, 17.0533, 21.1551, 30.6009, 46.1987, 63.0493, 100.453, 200.0, 16.5691, 4.20364, 2.41771, 1.70593, 1.32572, 0.932764, 0.67344, 0.556623, 0.503587, 0.490285]",-0.934657,"[79.5123, 83.2017, 80.7386, 83.6748]",0.338899
0.111,0.0361181,0.0,0.0,15.35,0.0,128.031,228.03,93.9019,3,"[200.0, 200.0, 200.0, 200.0, 200.0, 200.0, 200.0, 200.0, 200.0, 200.0, 200.0, 200.0, 200.0, 200.0, 200.0, 200.0, 200.0, 200.0, 200.0, 200.0, 200.0, 200.0, 200.0, 200.0, 200.0, 200.0, 200.0, 200.0, 200.0, 200.0, 200.0, 200.0, 200.0, 200.0, 200.0, 200.0]",1,5173.29,96.6734,1.94611,0.0892086,0.129,"[14.5288, 15.1884, 17.1339, 21.3172, 30.9977, 47.1616, 64.8851, 105.233, 200.0, 13.31, 3.90527, 2.2986, 1.63741, 1.27919, 0.905231, 0.656436, 0.543996, 0.493134, 0.480943]",-0.935916,"[80.782, 81.7574, 81.3038, 82.8129]",0.338985
0.054,0.0377361,0.0,0.0,15.37,0.0,128.568,228.567,93.9019,3,"[200.0, 200.0, 200.0, 200.0, 200.0, 200.0, 200.0, 200.0, 200.0, 200.0, 200.0, 200.0, 200.0, 200.0, 200.0, 200.0, 200.0, 200.0, 200.0, 200.0, 200.0, 200.0, 200.0, 200.0, 200.0, 200.0, 200.0, 200.0, 200.0, 200.0, 200.0, 200.0, 200.0, 200.0, 200.0, 200.0]",1,5152.13,96.591,1.96924,0.0509421,0.13,"[14.5385, 15.2052, 17.1617, 21.3672, 31.1114, 47.4272, 65.3851, 106.534, 200.0, 12.5076, 3.78477, 2.23978, 1.59916, 1.2509, 0.886454, 0.643511, 0.53363, 0.483972, 0.47221]",-0.937083,"[81.0919, 81.5131, 81.6758, 81.8399]",0.339385
0.07,0.0352231,0.0,0.0,15.39,0.0,129.104,229.104,93.9019,3,"[200.0, 200.0, 200.0, 200.0, 200.0, 200.0, 200.0, 200.0, 200.0, 200.0, 200.0, 200.0, 200.0, 200.0, 200.0, 200.0, 200.0, 200.0, 200.0, 200.0, 200.0, 200.0, 200.0, 200.0, 200.0, 200.0, 200.0, 200.0, 200.0, 200.0, 200.0, 200.0, 200.0, 200.0, 200.0, 200.0]",1,5141.87,96.5153,1.95502,0.0484164,0.13,"[14.5459, 15.2026, 17.145, 21.3224, 30.9828, 47.0882, 64.7111, 104.688, 200.0, 13.151, 3.79038, 2.22418, 1.58238, 1.23532, 0.873505, 0.633052, 0.524429, 0.475269, 0.463409]",-0.93825,"[81.6288, 80.6687, 82.3002, 80.9812]",0.338555
0.081,0.030601,0.0,0.0,15.41,0.0,129.641,229.64,93.9019,3,"[200.0, 200.0, 200.0, 200.0, 200.0, 200.0, 200.0, 200.0, 200.0, 200.0, 200.0, 200.0, 200.0, 200.0, 200.0, 200.0, 200.0, 200.0, 200.0, 200.0, 200.0, 200.0, 200.0, 200.0, 200.0, 200.0, 200.0, 200.0, 200.0, 200.0, 200.0, 200.0, 200.0, 200.0, 200.0, 200.0]",1,5149.32,96.4484,1.53626,0.0510317,0.13,"[14.5519, 15.1898, 17.1054, 21.2294, 30.7333, 46.4538, 63.4758, 101.405, 200.0, 14.8676, 3.8683, 2.23316, 1.57811, 1.22741, 0.86438, 0.624498, 0.516383, 0.467326, 0.455104]",-0.939348,"[81.6957, 80.4965, 82.4125, 81.0875]",0.340219
0.114,0.0240296,0.0,0.0,15.43,0.0,130.176,230.175,93.9019,3,"[200.0, 200.0, 200.0, 200.0, 200.0, 200.0, 200.0, 200.0, 200.0, 200.0, 200.0, 200.0, 200.0, 200.0, 200.0, 200.0, 200.0, 200.0, 200.0, 200.0, 200.0, 200.0, 200.0, 200.0, 200.0, 200.0, 200.0, 200.0, 200.0, 200.0, 200.0, 200.0, 200.0, 200.0, 200.0, 200.0]",1,5151.06,96.3963,1.18185,-0.0546465,0.13,"[14.5566, 15.1678, 17.045, 21.0931, 30.3778, 45.5697, 61.7842, 97.0575, 200.0, 18.6294, 4.03015, 2.26916, 1.58755, 1.22802, 0.8597, 0.618344, 0.509934, 0.460573, 0.447744]",-0.940318,"[81.9197, 80.1236, 82.6467, 80.9005]",0.337773
0.152,0.0169495,0.0,0.0,15.45,0.0,130.712,230.711,93.9019,3,"[200.0, 200.0, 200.0, 200.0, 200.0, 200.0, 200.0, 200.0, 200.0, 200.0, 200.0, 200.0, 200.0, 200.0, 200.0, 200.0, 200.0, 200.0, 200.0, 200.0, 200.0, 200.0, 200.0, 200.0, 200.0, 200.0, 200.0, 200.0, 200.0, 200.0, 200.0, 200.0, 200.0, 200.0, 200.0, 200.0]",1,5152.95,96.3636,0.768628,0.00396436,0.13,"[14.5605, 15.1429, 16.9792, 20.9467, 30.0018, 44.6516, 60.0567, 92.7688, 200.0, 26.0557, 4.24513, 2.32042, 1.60496, 1.2339, 0.85815, 0.614208, 0.505057, 0.455186, 0.441673]",-0.941119,"[81.9018, 80.0985, 82.6174, 80.9523]",0.340685
0.197,0.00874476,0.0,0.0,15.47,0.0,131.247,231.246,93.9018,3,"[200.0, 200.0, 200.0, 200.0, 200.0, 200.0, 200.0, 200.0, 200.0, 200.0, 200.0, 200.0, 200.0, 200.0, 200.0, 200.0, 200.0, 200.0, 200.0, 200.0, 200.0, 200.0, 200.0, 200.0, 200.0, 200.0, 200.0, 200.0, 200.0, 200.0, 200.0, 200.0, 200.0, 200.0, 200.0, 200.0]",1,5193.85,96.3262,0.34901,-0.131769,0.13,"[14.5628, 15.112, 16.901, 20.7766, 29.5736, 43.627, 58.1647, 88.2402, 185.646, 50.0578, 4.56625, 2.40181, 1.6379, 1.24988, 0.862445, 0.613711, 0.502936, 0.452137, 0.437754]",-0.941635,"[81.986, 79.8605, 82.962, 81.9187]",0.337143
0.192,0.000904855,0.0,0.0,15.49,0.0,131.782,231.781,93.9018,3,"[200.0, 200.0, 200.0, 200.0, 200.0, 200.0, 200.0, 200.0, 200.0, 200.0, 200.0, 200.0, 200.0, 200.0, 200.0, 200.0, 200.0, 200.0, 200.0, 200.0, 200.0, 200.0, 200.0, 200.0, 200.0, 200.0, 200.0, 200.0, 200.0, 200.0, 200.0, 200.0, 200.0, 200.0, 200.0, 200.0]",1,5161.45,96.3204,0.0867724,0.0182591,0.13,"[14.564, 15.0814, 16.8259, 20.6153, 29.1737, 42.6884, 56.4617, 84.3034, 168.85, 200.0, 4.9513, 2.49799, 1.67889, 1.27161, 0.87063, 0.616036, 0.503183, 0.451268, 0.435997]",-0.941867,"[81.9758, 80.0169, 82.8222, 80.9727]",0.340845
0.53,-0.00826439,0.0,0.0,15.51,0.0,132.317,232.316,93.9016,3,"[200.0, 200.0, 200.0, 200.0, 200.0, 200.0, 200.0, 200.0, 200.0, 200.0, 200.0, 200.0, 200.0, 200.0, 200.0, 200.0, 200.0, 200.0, 200.0, 200.0, 200.0, 200.0, 200.0, 200.0, 200.0, 200.0, 200.0, 200.0, 200.0, 200.0, 200.0, 200.0, 200.0, 200.0, 200.0, 200.0]",1,5329.27,96.3623,-0.323751,-0.0586559,0.132,"[14.5632, 15.0436, 16.7363, 20.4266, 28.7153, 41.6345, 54.5843, 80.1112, 152.672, 200.0, 5.54114, 2.64228, 1.74345, 1.30835, 0.887345, 0.62362, 0.507396, 0.453753, 0.437321]",-0.941692,"[82.0747, 79.7276, 85.9039, 84.0229]",0.33758
0.455,-0.0164956,0.0,0.0,15.53,0.0,132.853,232.852,93.9014,3,"[200.0, 200.0, 200.0, 200.0, 200.0, 200.0, 200.0, 200.0, 200.0, 200.0, 200.0, 200.0, 200.0, 200.0, 200.0, 200.0, 200.0, 200.0, 200.0, 200.0, 200.0, 200.0, 200.0, 200.0, 200.0, 200.0, 200.0, 200.0, 200.0, 200.0, 200.0, 200.0, 200.0, 200.0, 200.0, 200.0]",1,5259.72,96.5134,-0.470709,0.103016,0.132,"[14.5606, 15.0079, 16.6545, 20.2576, 28.3122, 40.7264, 52.995, 76.6772, 140.56, 200.0, 6.24203, 2.80458, 1.81751, 1.35198, 0.90886, 0.63477, 0.514639, 0.459047, 0.441445]",-0.941149,"[82.0775, 80.0317, 84.2496, 82.3556]",0.341009
0.438,-0.0259427,0.0,0.0,15.55,0.0,133.389,233.389,93.9012,3,"[200.0, 200.0, 200.0, 200.0, 200.0, 200.0, 200.0, 200.0, 200.0, 200.0, 200.0, 200.0, 200.0, 200.0, 200.0, 200.0, 200.0, 200.0, 200.0, 200.0, 200.0, 200.0, 200.0, 200.0, 200.0, 200.0, 200.0, 200.0, 200.0, 200.0, 200.0, 200.0, 200.0, 200.0, 200.0, 200.0]",1,5243.2,96.6072,-0.880525,0.0015733,0.132,"[14.5561, 14.9655, 16.5598, 20.0648, 27.86, 39.7269, 51.2749, 73.0718, 128.809, 200.0, 7.32327, 3.03159, 1.92065, 1.41344, 0.940175, 0.651839, 0.526299, 0.468052, 0.44896]",-0.940159,"[82.3268, 79.8611, 85.5122, 81.337]",0.338966
0.437,-0.0338606,0.0,0.0,15.57,0.0,133.926,233.926,93.9011,3,"[200.0, 200.0, 200.0, 200.0, 200.0, 200.0, 200.0, 200.0, 200.0, 200.0, 200.0, 200.0, 200.0, 200.0, 200.0, 200.0, 200.0, 200.0, 200.0, 200.0, 200.0, 200.0, 200.0, 200.0, 200.0, 200.0, 200.0, 200.0, 200.0, 200.0, 200.0, 200.0, 200.0, 200.0, 200.0, 200.0]",1,5279.61,96.6788,-0.894252,0.123524,0.131,"[14.5488, 14.9265, 16.4772, 19.901, 27.485, 38.916, 49.9035, 70.2815, 120.337, 200.0, 8.60916, 3.27769, 2.03373, 1.4824, 0.976969, 0.673091, 0.541551, 0.480406, 0.459825]",-0.938725,"[82.0803, 80.0963, 84.7015, 82.8599]",0.340802
0.42,-0.041792,0.0,0.0,15.59,0.0,134.464,234.463,93.9009,3,"[200.0, 200.0, 200.0, 200.0, 200.0, 200.0, 200.0, 200.0, 200.0, 200.0, 200.0, 200.0, 200.0, 200.0, 200.0, 200.0, 200.0, 200.0, 200.0, 200.0, 200.0, 200.0, 200.0, 200.0, 200.0, 200.0, 200.0, 200.0, 200.0, 200.0, 200.0, 200.0, 200.0, 200.0, 200.0, 200.0]",1,5179.46,96.8146,-1.4973,-0.00309811,-0.8,"[14.5396, 14.8857, 16.3931, 19.7368, 27.1153, 38.1303, 48.5933, 67.6799, 112.874, 200.0, 10.4065, 3.57432, 2.16767, 1.56406, 1.0209, 0.698824, 0.560253, 0.495737, 0.47348]",-0.936925,"[82.1636, 80.1494, 84.1423, 81.0785]",0.34009
0.435,-0.0439138,0.0,0.0,15.61,0.0,135.001,235.001,93.9008,3,"[200.0, 200.0, 200.0, 200.0, 200.0, 200.0, 200.0, 200.0, 200.0, 200.0, 200.0, 200.0, 200.0, 200.0, 200.0, 200.0, 200.0, 200.0, 200.0, 200.0, 200.0, 200.0, 200.0, 200.0, 200.0, 200.0, 200.0, 200.0, 200.0, 200.0, 200.0, 200.0, 200.0, 200.0, 200.0, 200.0]",1,5226.1,96.8203,-2.05824,0.0975702,-0.8,"[14.5273, 14.8647, 16.3596, 19.6799, 26.9996, 37.8993, 48.2211, 66.9698, 110.954, 200.0, 11.231, 3.73702, 2.2517, 1.6201, 1.05469, 0.720686, 0.577224, 0.510405, 0.487209]",-0.935101,"[81.1302, 80.3957, 82.2416, 83.8904]",0.340294
0.452,-0.0405908,0.0,0.0,15.63,0.0,135.539,235.539,93.9006,3,"[200.0, 200.0, 200.0, 200.0, 200.0, 200.0, 200.0, 200.0, 200.0, 200.0, 200.0, 200.0, 200.0, 200.0, 200.0, 200.0, 200.0, 200.0, 200.0, 200.0, 200.0, 200.0, 200.0, 200.0, 200.0, 200.0, 200.0, 200.0, 200.0, 200.0, 200.0, 200.0, 200.0, 200.0, 200.0, 200.0]",1,5190.7,96.917,-1.9888,-0.0735664,-0.8,"[14.5139, 14.8642, 16.3753, 19.7247, 27.1201, 38.1761, 48.6966, 67.9351, 113.733, 200.0, 10.6736, 3.7293, 2.26981, 1.64034, 1.07228, 0.734723, 0.589354, 0.521688, 0.498428]",-0.933598,"[79.8303, 80.339, 81.1724, 83.2453]",0.339808
0.428,-0.0326867,0.0,0.0,15.65,0.0,136.077,236.077,93.9005,3,"[200.0, 200.0, 200.0, 200.0, 200.0, 200.0, 200.0, 200.0, 200.0, 200.0, 200.0, 200.0, 200.0, 200.0, 200.0, 200.0, 200.0, 200.0, 200.0, 200.0, 200.0, 200.0, 200.0, 200.0, 200.0, 200.0, 200.0, 200.0, 200.0, 200.0, 200.0, 200.0, 200.0, 200.0, 200.0, 200.0]",1,5242.97,96.8112,-2.01971,0.00764724,-0.8,"[14.5007, 14.8818, 16.4337, 19.8577, 27.4469, 38.9022, 49.9329, 70.4429, 121.112, 200.0, 9.29534, 3.58691, 2.23274, 1.62983, 1.07563, 0.741765, 0.597118, 0.529897, 0.507357]",-0.932389,"[78.7493, 80.7068, 81.0179, 85.0968]",0.33978
0.434,-0.0211752,0.0,0.0,15.67,0.0,136.615,236.615,93.9003,3,"[200.0, 200.0, 200.0, 200.0, 200.0, 200.0, 200.0, 200.0, 200.0, 200.0, 200.0, 200.0, 200.0, 200.0, 200.0, 200.0, 200.0, 200.0, 200.0, 200.0, 200.0, 200.0, 200.0, 200.0, 200.0, 200.0, 200.0, 200.0, 200.0, 200.0, 200.0, 200.0, 200.0, 200.0, 200.0, 200.0]",1,5208.19,96.864,-1.45509,-0.03304,-0.8,"[14.4907, 14.9173, 16.5303, 20.068, 27.956, 40.0384, 51.8868, 74.5006, 133.859, 200.0, 7.7603, 3.35509, 2.15063, 1.59143, 1.0643, 0.740653, 0.59926, 0.533741, 0.512629]",-0.931665,"[78.1284, 80.9455, 81.1592, 84.0648]",0.338843
0.415,-0.00677716,0.0,0.0,15.69,0.0,137.153,237.152,93.9002,3,"[200.0, 200.0, 200.0, 200.0, 200.0, 200.0, 200.0, 200.0, 200.0, 200.0, 200.0, 200.0, 200.0, 200.0, 200.0, 200.0, 200.0, 200.0, 200.0, 200.0, 200.0, 200.0, 200.0, 200.0, 200.0, 200.0, 200.0, 200.0, 200.0, 200.0, 200.0, 200.0, 200.0, 200.0, 200.0, 200.0]",1,5289.67,96.7366,-1.05702,-0.0557489,0.13,"[14.487, 14.9709, 16.6629, 20.3498, 28.6378, 41.5829, 54.5926, 80.3394, 154.269, 200.0, 6.38457, 3.07442, 2.03489, 1.5294, 1.03889, 0.730936, 0.595091, 0.532423, 0.513347]",-0.931555,"[78.3082, 82.6424, 81.5396, 85.9808]",0.339493
0.434,0.00895991,0.0,0.0,15.71,0.0,137.691,237.69,93.9,3,"[200.0, 200.0, 200.0, 200.0, 200.0, 200.0, 200.0, 200.0, 200.0, 200.0, 200.0, 200.0, 200.0, 200.0, 200.0, 200.0, 200.0, 200.0, 200.0, 200.0, 200.0, 200.0, 200.0, 200.0, 200.0, 200.0, 200.0, 200.0, 200.0, 200.0, 200.0, 200.0, 200.0, 200.0, 200.0, 200.0]",1,5243.28,96.8259,-0.235039,0.0250646,0.131,"[14.4907, 15.038, 16.8195, 20.6783, 29.4383, 43.4374, 57.9248, 87.9163, 185.233, 56.9054, 5.30674, 2.7943, 1.90628, 1.45498, 1.00418, 0.714678, 0.58573, 0.526604, 0.509881]",-0.932019,"[79.261, 83.4222, 81.9098, 84.3687]",0.338614
0.144,0.0207206,0.0,0.0,15.73,0.0,138.229,238.228,93.9,3,"[200.0, 200.0, 200.0, 200.0, 200.0, 200.0, 200.0, 200.0, 200.0, 200.0, 200.0, 200.0, 200.0, 200.0, 200.0, 200.0, 200.0, 200.0, 200.0, 200.0, 200.0, 200.0, 200.0, 200.0, 200.0, 200.0, 200.0, 200.0, 200.0, 200.0, 200.0, 200.0, 200.0, 200.0, 200.0, 200.0]",1,5175.18,96.8155,1.17486,-0.0708661,0.129,"[14.4979, 15.0931, 16.9434, 20.937, 30.0753, 44.9482, 60.711, 94.6093, 200.0, 24.3847, 4.68772, 2.60407, 1.81231, 1.39792, 0.975656, 0.700147, 0.576615, 0.520276, 0.505338]",-0.932636,"[79.7928, 82.6189, 80.7459, 83.7067]",0.339326
0.103,0.0268619,0.0,0.0,15.75,0.0,138.766,238.766,93.9,3,"[200.0, 200.0, 200.0, 200.0, 200.0, 200.0, 200.0, 200.0, 200.0, 200.0, 200.0, 200.0, 200.0, 200.0, 200.0, 200.0, 200.0, 200.0, 200.0, 200.0, 200.0, 200.0, 200.0, 200.0, 200.0, 200.0, 200.0, 200.0, 200.0, 200.0, 200.0, 200.0, 200.0, 200.0, 200.0, 200.0]",1,5153.84,96.7525,1.71219,0.035504,0.129,"[14.5047, 15.1253, 17.0125, 21.0791, 30.4254, 45.7891, 62.2878, 98.5455, 200.0, 18.6351, 4.39508, 2.50212, 1.75823, 1.3633, 0.956861, 0.689563, 0.569322, 0.514653, 0.500696]",-0.933265,"[80.2983, 81.6242, 81.1467, 82.5107]",0.339233
0.069,0.0275254,0.0,0.0,15.77,0.0,139.304,239.303,93.9,3,"[200.0, 200.0, 200.0, 200.0, 200.0, 200.0, 200.0, 200.0, 200.0, 200.0, 200.0, 200.0, 200.0, 200.0, 200.0, 200.0, 200.0, 200.0, 200.0, 200.0, 200.0, 200.0, 200.0, 200.0, 200.0, 200.0, 200.0, 200.0, 200.0, 200.0, 200.0, 200.0, 200.0, 200.0, 200.0, 200.0]",1,5143.99,96.659,1.97332,-0.0954378,0.129,"[14.5087, 15.1322, 17.0239, 21.0994, 30.4706, 45.8922, 62.4771, 99.0128, 200.0, 18.0493, 4.33693, 2.47527, 1.74112, 1.35078, 0.948642, 0.683949, 0.564838, 0.510703, 0.49694]",-0.933766,"[81.2302, 81.2682, 81.5379, 81.824]",0.339455
0.06,0.024889,0.0,0.0,15.79,0.0,139.84,239.84,93.9,3,"[200.0, 200.0, 200.0, 200.0, 200.0, 200.0, 200.0, 200.0, 200.0, 200.0, 200.0, 200.0, 200.0, 200.0, 200.0, 200.0, 200.0, 200.0, 200.0, 200.0, 200.0, 200.0, 200.0, 200.0, 200.0, 200.0, 200.0, 200.0, 200.0, 200.0, 200.0, 200.0, 200.0, 200.0, 200.0, 200.0]",1,5134.87,96.5788,1.77672,0.0733391,0.129,"[14.5118, 15.1246, 17.0011, 21.0467, 30.3313, 45.5446, 61.8118, 97.308, 200.0, 19.7996, 4.40261, 2.48731, 1.74251, 1.34887, 0.945042, 0.680128, 0.561082, 0.506901, 0.492895]",-0.934301,"[81.5051, 80.7525, 81.8728, 81.2051]",0.340036
0.092,0.019657,0.0,0.0,15.81,0.0,140.377,240.376,93.9,3,"[200.0, 200.0, 200.0, 200.0, 200.0, 200.0, 200.0, 200.0, 200.0, 200.0, 200.0, 200.0, 200.0, 200.0, 200.0, 200.0, 200.0, 200.0, 200.0, 200.0, 200.0, 200.0, 200.0, 200.0, 200.0, 200.0, 200.0, 200.0, 200.0, 200.0, 200.0, 200.0, 200.0, 200.0, 200.0, 200.0]",1,5151.69,96.508,1.4402,-0.0502353,0.129,"[14.5131, 15.1047, 16.9507, 20.9363, 30.0495, 44.8564, 60.5144, 94.0656, 200.0, 24.9127, 4.58842, 2.53755, 1.76298, 1.35861, 0.947284, 0.679285, 0.559191, 0.50439, 0.48977]",-0.93471,"[81.8154, 80.4763, 82.3432, 81.219]",0.339841
0.128,0.0133535,0.0,0.0,15.83,0.0,140.913,240.912,93.9,3,"[200.0, 200.0, 200.0, 200.0, 200.0, 200.0, 200.0, 200.0, 200.0, 200.0, 200.0, 200.0, 200.0, 200.0, 200.0, 200.0, 200.0, 200.0, 200.0, 200.0, 200.0, 200.0, 200.0, 200.0, 200.0, 200.0, 200.0, 200.0, 200.0, 200.0, 200.0, 200.0, 200.0, 200.0, 200.0, 200.0]",1,5155.01,96.4576,1.10285,0.0679452,0.13,"[14.5139, 15.0798, 16.8894, 20.8036, 29.7151, 44.0521, 59.0188, 90.431, 196.526, 36.5012, 4.85221, 2.60948, 1.79395, 1.37477, 0.952859, 0.680273, 0.558551, 0.502845, 0.487449]",-0.935013,"[81.9555, 80.2224, 82.5781, 81.0748]",0.34042
0.162,0.00575875,0.0,0.0,15.85,0.0,141.449,241.448,93.9,3,"[200.0, 200.0, 200.0, 200.0, 200.0, 200.0, 200.0, 200.0, 200.0, 200.0, 200.0, 200.0, 200.0, 200.0, 200.0, 200.0, 200.0, 200.0, 200.0, 200.0, 200.0, 200.0, 200.0, 200.0, 200.0, 200.0, 200.0, 200.0, 200.0, 200.0, 200.0, 200.0, 200.0, 200.0, 200.0, 200.0]",1,5160.41,96.4305,0.623305,-0.07633,0.13,"[14.5135, 15.0487, 16.8147, 20.6441, 29.3195, 43.117, 57.3077, 86.402, 178.258, 84.5151, 5.23947, 2.7142, 1.84093, 1.40087, 0.963803, 0.684368, 0.56014, 0.503101, 0.486708]",-0.935107,"[81.9916, 80.0757, 82.9501, 80.871]",0.339817
0.199,-0.00178114,0.0,0.0,15.87,0.0,141.984,241.983,93.8999,3,"[200.0, 200.0, 200.0, 200.0, 200.0, 200.0, 200.0, 200.0, 200.0, 200.0, 200.0, 200.0, 200.0, 200.0, 200.0, 200.0, 200.0, 200.0, 200.0, 200.0, 200.0, 200.0, 200.0, 200.0, 200.0, 200.0, 200.0, 200.0, 200.0, 200.0, 200.0, 200.0, 200.0, 200.0, 200.0, 200.0]",1,5178.09,96.3998,0.377134,0.0514406,0.13,"[14.512, 15.0168, 16.7398, 20.4866, 28.9348, 42.2237, 55.6999, 82.7357, 163.185, 200.0, 5.71544, 2.83891, 1.89807, 1.43381, 0.979005, 0.691356, 0.564065, 0.505448, 0.487992]",-0.934934,"[82.0104, 79.932, 82.9275, 81.5031]",0.339833
0.473,-0.0101113,0.0,0.0,15.89,0.0,142.52,242.519,93.8997,3,"[200.0, 200.0, 200.0, 200.0, 200.0, 200.0, 200.0, 200.0, 200.0, 200.0, 200.0, 200.0, 200.0, 200.0, 200.0, 200.0, 200.0, 200.0, 200.0, 200.0, 200.0, 200.0, 200.0, 200.0, 200.0, 200.0, 200.0, 200.0, 200.0, 200.0, 200.0, 200.0, 200.0, 200.0, 200.0, 200.0]",1,5191.85,96.5154,-0.0558399,-0.0423679,0.131,"[14.5092, 14.9804, 16.6565, 20.3136, 28.5188, 41.2752, 54.0205, 79.0232, 149.227, 200.0, 6.37773, 3.00331, 1.97393, 1.47845, 1.00075, 0.702346, 0.570998, 0.510337, 0.491612]",-0.934455,"[82.0813, 79.8964, 83.6597, 81.5329]",0.339409
0.433,-0.018006,0.0,0.0,15.91,0.0,143.056,243.056,93.8995,3,"[200.0, 200.0, 200.0, 200.0, 200.0, 200.0, 200.0, 200.0, 200.0, 200.0, 200.0, 200.0, 200.0, 200.0, 200.0, 200.0, 200.0, 200.0, 200.0, 200.0, 200.0, 200.0, 200.0, 200.0, 200.0, 200.0, 200.0, 200.0, 200.0, 200.0, 200.0, 200.0, 200.0, 200.0, 200.0, 200.0]",1,5277.12,96.5624,-0.208704,0.0257064,0.131,"[14.5043, 14.9438, 16.5758, 20.1493, 28.1311, 40.4084, 52.5112, 75.7869, 138.011, 200.0, 7.19701, 3.19504, 2.06338, 1.53231, 1.02838, 0.71741, 0.581258, 0.518224, 0.498151]",-0.933591,"[82.0931, 79.9712, 83.2024, 84.1527]",0.339231
0.398,-0.0264672,0.0,0.0,15.93,0.0,143.593,243.592,93.8994,3,"[200.0, 200.0, 200.0, 200.0, 200.0, 200.0, 200.0, 200.0, 200.0, 200.0, 200.0, 200.0, 200.0, 200.0, 200.0, 200.0, 200.0, 200.0, 200.0, 200.0, 200.0, 200.0, 200.0, 200.0, 200.0, 200.0, 200.0, 200.0, 200.0, 200.0, 200.0, 200.0, 200.0, 200.0, 200.0, 200.0]",1,5195.09,96.6895,-0.56496,-0.0300896,0.131,"[14.4978, 14.9035, 16.4886, 19.9742, 27.7244, 39.5147, 50.9786, 72.591, 127.702, 200.0, 8.34804, 3.43834, 2.17545, 1.59997, 1.06361, 0.737114, 0.595012, 0.529073, 0.50742]",-0.932368,"[82.2611, 80.0167, 82.8472, 81.9258]",0.338571
0.408,-0.0322726,0.0,0.0,15.95,0.0,144.13,244.129,93.8992,3,"[200.0, 200.0, 200.0, 200.0, 200.0, 200.0, 200.0, 200.0, 200.0, 200.0, 200.0, 200.0, 200.0, 200.0, 200.0, 200.0, 200.0, 200.0, 200.0, 200.0, 200.0, 200.0, 200.0, 200.0, 200.0, 200.0, 200.0, 200.0, 200.0, 200.0, 200.0, 200.0, 200.0, 200.0, 200.0, 200.0]",1,5288.17,96.7186,-1.17821,-0.0634101,-0.8,"[14.4892, 14.8717, 16.4246, 19.85, 27.4439, 38.9122, 49.9624, 70.5273, 121.435, 200.0, 9.42975, 3.65575, 2.27815, 1.66382, 1.0986, 0.757858, 0.610185, 0.541565, 0.518586]",-0.930891,"[81.9344, 80.5054, 83.2661, 84.2143]",0.339046
0.402,-0.0338948,0.0,0.0,15.97,0.0,144.668,244.667,93.8991,3,"[200.0, 200.0, 200.0, 200.0, 200.0, 200.0, 200.0, 200.0, 200.0, 200.0, 200.0, 200.0, 200.0, 200.0, 200.0, 200.0, 200.0, 200.0, 200.0, 200.0, 200.0, 200.0, 200.0, 200.0, 200.0, 200.0, 200.0, 200.0, 200.0, 200.0, 200.0, 200.0, 200.0, 200.0, 200.0, 200.0]",1,5211.91,96.8152,-1.47494,-0.0610473,-0.8,"[14.4798, 14.8556, 16.3987, 19.8059, 27.3531, 38.728, 49.6611, 69.9367, 119.732, 200.0, 9.9081, 3.77072, 2.33942, 1.70515, 1.12373, 0.774178, 0.622874, 0.552541, 0.528864]",-0.929525,"[81.2098, 80.4101, 82.8805, 82.511]",0.337127
0.407,-0.0290432,0.0,0.0,15.99,0.0,145.205,245.205,93.8989,3,"[200.0, 200.0, 200.0, 200.0, 200.0, 200.0, 200.0, 200.0, 200.0, 200.0, 200.0, 200.0, 200.0, 200.0, 200.0, 200.0, 200.0, 200.0, 200.0, 200.0, 200.0, 200.0, 200.0, 200.0, 200.0, 200.0, 200.0, 200.0, 200.0, 200.0, 200.0, 200.0, 200.0, 200.0, 200.0, 200.0]",1,5302.19,96.7164,-1.78031,-0.130807,-0.8,"[14.47, 14.8647, 16.4329, 19.8859, 27.5535, 39.1801, 50.439, 71.5421, 124.637, 200.0, 9.2133, 3.69801, 2.32431, 1.70422, 1.12954, 0.781212, 0.629891, 0.559629, 0.536352]",-0.928517,"[79.7016, 80.2147, 82.6238, 85.3691]",0.338952
0.415,-0.0190593,0.0,0.0,16.012,0.0,145.797,245.796,93.8988,3,"[200.0, 200.0, 200.0, 200.0, 200.0, 200.0, 200.0, 200.0, 200.0, 200.0, 200.0, 200.0, 200.0, 200.0, 200.0, 200.0, 200.0, 200.0, 200.0, 200.0, 200.0, 200.0, 200.0, 200.0, 200.0, 200.0, 200.0, 200.0, 200.0, 200.0, 200.0, 200.0, 200.0, 200.0, 200.0, 200.0]",1,5265.68,96.6974,-1.58952,0.0230773,-0.8,"[14.462, 14.896, 16.5175, 20.0697, 27.9995, 40.1797, 52.1657, 75.1583, 136.248, 200.0, 7.93288, 3.49155, 2.24934, 1.66845, 1.11844, 0.779608, 0.631362, 0.562708, 0.540758]",-0.927912,"[78.3935, 80.627, 83.0291, 83.7735]",0.336413
0.425,-0.00418744,0.0,0.0,16.034,0.0,146.387,246.387,93.8986,3,"[200.0, 200.0, 200.0, 200.0, 200.0, 200.0, 200.0, 200.0, 200.0, 200.0, 200.0, 200.0, 200.0, 200.0, 200.0, 200.0, 200.0, 200.0, 200.0, 200.0, 200.0, 200.0, 200.0, 200.0, 200.0, 200.0, 200.0, 200.0, 200.0, 200.0, 200.0, 200.0, 200.0, 200.0, 200.0, 200.0]",1,5269.49,96.6546,-1.05371,-0.0264054,0.13,"[14.4605, 14.9538, 16.6572, 20.3649, 28.7127, 41.7987, 55.0112, 81.3427, 158.337, 200.0, 6.50333, 3.18346, 2.11824, 1.59627, 1.08723, 0.766423, 0.624672, 0.559339, 0.539674]",-0.928044,"[78.6584, 81.9648, 83.3095, 83.6969]",0.338454
0.449,0.0112107,0.0,0.0,16.056,0.0,146.978,246.977,93.8984,3,"[200.0, 200.0, 200.0, 200.0, 200.0, 200.0, 200.0, 200.0, 200.0, 200.0, 200.0, 200.0, 200.0, 200.0, 200.0, 200.0, 200.0, 200.0, 200.0, 200.0, 200.0, 200.0, 200.0, 200.0, 200.0, 200.0, 200.0, 200.0, 200.0, 200.0, 200.0, 200.0, 200.0, 200.0, 200.0, 200.0]",1,5271.65,96.7257,-0.204557,0.169354,0.13,"[14.467, 15.0225, 16.8139, 20.6914, 29.507, 43.6431, 58.3372, 88.9691, 190.388, 47.6236, 5.43019, 2.89091, 1.98006, 1.51443, 1.0475, 0.746705, 0.612552, 0.551099, 0.53392]",-0.928815,"[79.709, 83.0809, 82.1515, 85.2257]",0.338012
0.149,0.0227667,0.0,0.0,16.078,0.0,147.569,247.569,93.8984,3,"[200.0, 200.0, 200.0, 200.0, 200.0, 200.0, 200.0, 200.0, 200.0, 200.0, 200.0, 200.0, 200.0, 200.0, 200.0, 200.0, 200.0, 200.0, 200.0, 200.0, 200.0, 200.0, 200.0, 200.0, 200.0, 200.0, 200.0, 200.0, 200.0, 200.0, 200.0, 200.0, 200.0, 200.0, 200.0, 200.0]",1,5164.44,96.74,0.888049,0.107276,0.129,"[14.4772, 15.0799, 16.9395, 20.9509, 30.1432, 45.1533, 61.1304, 95.7336, 200.0, 23.1318, 4.7954, 2.68638, 1.87571, 1.44937, 1.01348, 0.728319, 0.600318, 0.542, 0.526726]",-0.929788,"[79.9212, 82.5417, 80.9224, 83.1083]",0.338209
0.122,0.0264506,0.0,0.0,16.1,0.0,148.16,248.16,93.8984,3,"[200.0, 200.0, 200.0, 200.0, 200.0, 200.0, 200.0, 200.0, 200.0, 200.0, 200.0, 200.0, 200.0, 200.0, 200.0, 200.0, 200.0, 200.0, 200.0, 200.0, 200.0, 200.0, 200.0, 200.0, 200.0, 200.0, 200.0, 200.0, 200.0, 200.0, 200.0, 200.0, 200.0, 200.0, 200.0, 200.0]",1,5167.03,96.6557,1.64405,0.108708,0.129,"[14.485, 15.103, 16.9852, 21.0415, 30.3612, 45.671, 62.0969, 98.1409, 200.0, 19.6659, 4.58362, 2.60535, 1.82961, 1.41816, 0.994995, 0.716843, 0.591746, 0.534857, 0.520295]",-0.930652,"[80.9889, 81.3863, 81.5745, 82.4851]",0.340286
0.077,0.0254099,0.0,0.0,16.122,0.0,148.751,248.75,93.8984,3,"[200.0, 200.0, 200.0, 200.0, 200.0, 200.0, 200.0, 200.0, 200.0, 200.0, 200.0, 200.0, 200.0, 200.0, 200.0, 200.0, 200.0, 200.0, 200.0, 200.0, 200.0, 200.0, 200.0, 200.0, 200.0, 200.0, 200.0, 200.0, 200.0, 200.0, 200.0, 200.0, 200.0, 200.0, 200.0, 200.0]",1,5147.32,96.5858,1.52986,0.144982,0.129,"[14.4905, 15.1045, 16.9814, 21.0271, 30.3155, 45.548, 61.854, 97.5011, 200.0, 20.237, 4.57287, 2.58878, 1.81506, 1.40565, 0.985289, 0.709346, 0.58531, 0.528873, 0.514331]",-0.931445,"[81.2725, 80.7824, 81.8891, 81.5105]",0.340114
0.101,0.0206056,0.0,0.0,16.144,0.0,149.341,249.34,93.8984,3,"[200.0, 200.0, 200.0, 200.0, 200.0, 200.0, 200.0, 200.0, 200.0, 200.0, 200.0, 200.0, 200.0, 200.0, 200.0, 200.0, 200.0, 200.0, 200.0, 200.0, 200.0, 200.0, 200.0, 200.0, 200.0, 200.0, 200.0, 200.0, 200.0, 200.0, 200.0, 200.0, 200.0, 200.0, 200.0, 200.0]",1,5149.5,96.513,1.32456,0.016152,0.129,"[14.4937, 15.0883, 16.9374, 20.9284, 30.0603, 44.9201, 60.6651, 94.5119, 200.0, 24.7239, 4.73159, 2.62718, 1.82805, 1.40992, 0.983927, 0.706027, 0.58143, 0.524602, 0.509525]",-0.932078,"[81.7149, 80.5323, 82.264, 81.1968]",0.341604
0.131,0.014087,0.0,0.0,16.166,0.0,149.931,249.93,93.8984,3,"[200.0, 200.0, 200.0, 200.0, 200.0, 200.0, 200.0, 200.0, 200.0, 200.0, 200.0, 200.0, 200.0, 200.0, 200.0, 200.0, 200.0, 200.0, 200.0, 200.0, 200.0, 200.0, 200.0, 200.0, 200.0, 200.0, 200.0, 200.0, 200.0, 200.0, 200.0, 200.0, 200.0, 200.0, 200.0, 200.0]",1,5156.41,96.4524,1.03632,0.202263,0.129,"[14.4955, 15.0638, 16.8753, 20.7927, 29.7162, 44.0886, 59.1145, 90.7251, 198.239, 35.9134, 4.99995, 2.69805, 1.85718, 1.42416, 0.987788, 0.705574, 0.579502, 0.521822, 0.505945]",-0.932547,"[81.9367, 80.213, 82.5481, 81.1243]",0.34209
0.169,0.00584892,0.0,0.0,16.188,0.0,150.52,250.519,93.8984,3,"[200.0, 200.0, 200.0, 200.0, 200.0, 200.0, 200.0, 200.0, 200.0, 200.0, 200.0, 200.0, 200.0, 200.0, 200.0, 200.0, 200.0, 200.0, 200.0, 200.0, 200.0, 200.0, 200.0, 200.0, 200.0, 200.0, 200.0, 200.0, 200.0, 200.0, 200.0, 200.0, 200.0, 200.0, 200.0, 200.0]",1,5157.52,96.4273,0.5354,0.0391786,0.129,"[14.4959, 15.0308, 16.7951, 20.6209, 29.2884, 43.0753, 57.2576, 86.3424, 178.237, 86.2355, 5.42459, 2.81142, 1.90719, 1.45142, 0.998666, 0.70917, 0.580461, 0.521368, 0.504392]",-0.932749,"[81.9994, 80.0904, 82.7781, 80.9066]",0.341404
0.202,-0.00289104,0.0,0.0,16.21,0.0,151.109,251.108,93.8983,3,"[200.0, 200.0, 200.0, 200.0, 200.0, 200.0, 200.0, 200.0, 200.0, 200.0, 200.0, 200.0, 200.0, 200.0, 200.0, 200.0, 200.0, 200.0, 200.0, 200.0, 200.0, 200.0, 200.0, 200.0, 200.0, 200.0, 200.0, 200.0, 200.0, 200.0, 200.0, 200.0, 200.0, 200.0, 200.0, 200.0]",1,5190.64,96.3885,0.220693,0.0478779,0.13,"[14.4946, 14.9943, 16.709, 20.4393, 28.8447, 42.0454, 55.405, 82.1245, 160.987, 200.0, 5.99796, 2.95948, 1.97433, 1.48976, 1.01605, 0.716932, 0.584656, 0.523719, 0.505482]",-0.932603,"[82.064, 79.868, 82.8741, 81.8147]",0.340763
0.464,-0.012048,0.0,0.0,16.232,0.0,151.698,251.698,93.8981,3,"[200.0, 200.0, 200.0, 200.0, 200.0, 200.0, 200.0, 200.0, 200.0, 200.0, 200.0, 200.0, 200.0, 200.0, 200.0, 200.0, 200.0, 200.0, 200.0, 200.0, 200.0, 200.0, 200.0, 200.0, 200.0, 200.0, 200.0, 200.0, 200.0, 200.0, 200.0, 200.0, 200.0, 200.0, 200.0, 200.0]",1,5219.96,96.4993,-0.19208,-0.0421849,0.131,"[14.4918, 14.9548, 16.6181, 20.2506, 28.3912, 41.0136, 53.5827, 78.1173, 146.148, 200.0, 6.77622, 3.14776, 2.06024, 1.53993, 1.04021, 0.728976, 0.592154, 0.528925, 0.509253]",-0.932104,"[82.0799, 80.1224, 83.7834, 81.7815]",0.338748
0.418,-0.0217657,0.0,0.0,16.254,0.0,152.288,252.287,93.8979,3,"[200.0, 200.0, 200.0, 200.0, 200.0, 200.0, 200.0, 200.0, 200.0, 200.0, 200.0, 200.0, 200.0, 200.0, 200.0, 200.0, 200.0, 200.0, 200.0, 200.0, 200.0, 200.0, 200.0, 200.0, 200.0, 200.0, 200.0, 200.0, 200.0, 200.0, 200.0, 200.0, 200.0, 200.0, 200.0, 200.0]",1,5259.95,96.5611,-0.580463,-0.1289,0.131,"[14.4866, 14.9107, 16.5201, 20.0507, 27.9205, 39.9657, 51.7664, 74.2574, 133.098, 200.0, 7.89563, 3.39612, 2.17385, 1.60753, 1.07435, 0.747307, 0.604488, 0.538297, 0.516922]",-0.931093,"[82.1792, 79.9088, 84.6617, 83.0708]",0.338242
0.403,-0.0302152,0.0,0.0,16.276,0.0,152.879,252.878,93.8978,3,"[200.0, 200.0, 200.0, 200.0, 200.0, 200.0, 200.0, 200.0, 200.0, 200.0, 200.0, 200.0, 200.0, 200.0, 200.0, 200.0, 200.0, 200.0, 200.0, 200.0, 200.0, 200.0, 200.0, 200.0, 200.0, 200.0, 200.0, 200.0, 200.0, 200.0, 200.0, 200.0, 200.0, 200.0, 200.0, 200.0]",1,5258.25,96.6494,-0.605408,0.0631241,0.13,"[14.4785, 14.8688, 16.4316, 19.8749, 27.5164, 39.0864, 50.2701, 71.1775, 123.468, 200.0, 9.26234, 3.67231, 2.30107, 1.68479, 1.11514, 0.770534, 0.620959, 0.551488, 0.528382]",-0.929581,"[82.0538, 80.207, 84.366, 82.2946]",0.335972
0.393,-0.0378619,0.0,0.0,16.298,0.0,153.469,253.469,93.8976,3,"[200.0, 200.0, 200.0, 200.0, 200.0, 200.0, 200.0, 200.0, 200.0, 200.0, 200.0, 200.0, 200.0, 200.0, 200.0, 200.0, 200.0, 200.0, 200.0, 200.0, 200.0, 200.0, 200.0, 200.0, 200.0, 200.0, 200.0, 200.0, 200.0, 200.0, 200.0, 200.0, 200.0, 200.0, 200.0, 200.0]",1,5181.12,96.7709,-1.18348,0.0635342,-0.8,"[14.4677, 14.8276, 16.3483, 19.7137, 27.1538, 38.3133, 48.9753, 68.5827, 115.842, 200.0, 10.9887, 3.98301, 2.44368, 1.77224, 1.16238, 0.798238, 0.641091, 0.56798, 0.543059]",-0.927644,"[81.9211, 80.2064, 83.1432, 81.5531]",0.335783
0.403,-0.0377554,0.0,0.0,16.32,0.0,154.061,254.06,93.8974,3,"[200.0, 200.0, 200.0, 200.0, 200.0, 200.0, 200.0, 200.0, 200.0, 200.0, 200.0, 200.0, 200.0, 200.0, 200.0, 200.0, 200.0, 200.0, 200.0, 200.0, 200.0, 200.0, 200.0, 200.0, 200.0, 200.0, 200.0, 200.0, 200.0, 200.0, 200.0, 200.0, 200.0, 200.0, 200.0, 200.0]",1,5236.75,96.7365,-1.77876,0.261532,-0.8,"[14.454, 14.814, 16.3338, 19.697, 27.1329, 38.2872, 48.946, 68.5519, 115.831, 200.0, 11.2402, 4.07979, 2.50383, 1.81611, 1.19131, 0.818173, 0.657133, 0.582213, 0.556683]",-0.925829,"[80.4281, 80.4473, 81.9386, 83.9906]",0.336264
0.425,-0.0307224,0.0,0.0,16.342,0.0,154.652,254.651,93.8973,3,"[200.0, 200.0, 200.0, 200.0, 200.0, 200.0, 200.0, 200.0, 200.0, 200.0, 200.0, 200.0, 200.0, 200.0, 200.0, 200.0, 200.0, 200.0, 200.0, 200.0, 200.0, 200.0, 200.0, 200.0, 200.0, 200.0, 200.0, 200.0, 200.0, 200.0, 200.0, 200.0, 200.0, 200.0, 200.0, 200.0]",1,5214.37,96.734,-1.751,0.373052,-0.8,"[14.4407, 14.828, 16.384, 19.8134, 27.4218, 38.9344, 50.0538, 70.8179, 122.617, 200.0, 10.017, 3.95002, 2.47177, 1.80866, 1.19642, 0.826359, 0.665797, 0.591214, 0.566366]",-0.92452,"[78.8108, 80.3498, 82.1959, 83.1058]",0.334188
0.421,-0.018333,0.0,0.0,16.364,0.0,155.243,255.242,93.8971,3,"[200.0, 200.0, 200.0, 200.0, 200.0, 200.0, 200.0, 200.0, 200.0, 200.0, 200.0, 200.0, 200.0, 200.0, 200.0, 200.0, 200.0, 200.0, 200.0, 200.0, 200.0, 200.0, 200.0, 200.0, 200.0, 200.0, 200.0, 200.0, 200.0, 200.0, 200.0, 200.0, 200.0, 200.0, 200.0, 200.0]",1,5263.19,96.6353,-1.43755,0.235997,-0.8,"[14.4312, 14.8672, 16.4891, 20.0413, 27.974, 40.1703, 52.1868, 75.2782, 136.891, 200.0, 8.29357, 3.6721, 2.36967, 1.75913, 1.18017, 0.823099, 0.666794, 0.594423, 0.571348]",-0.923833,"[77.9817, 80.9233, 82.6781, 84.6313]",0.338822
0.422,-0.00346201,0.0,0.0,16.386,0.0,155.833,255.832,93.8969,3,"[200.0, 200.0, 200.0, 200.0, 200.0, 200.0, 200.0, 200.0, 200.0, 200.0, 200.0, 200.0, 200.0, 200.0, 200.0, 200.0, 200.0, 200.0, 200.0, 200.0, 200.0, 200.0, 200.0, 200.0, 200.0, 200.0, 200.0, 200.0, 200.0, 200.0, 200.0, 200.0, 200.0, 200.0, 200.0, 200.0]",1,5232.89,96.6234,-1.04365,0.46936,0.129,"[14.429, 14.9242, 16.628, 20.3353, 28.6861, 41.7902, 55.0384, 81.4934, 159.253, 200.0, 6.82208, 3.35444, 2.23527, 1.68569, 1.149, 0.810399, 0.660718, 0.591749, 0.571055]",-0.92386,"[78.5099, 82.4879, 81.4863, 84.4709]",0.335756
0.465,0.014048,0.0,0.0,16.408,0.0,156.424,256.423,93.8967,3,"[200.0, 200.0, 200.0, 200.0, 200.0, 200.0, 200.0, 200.0, 200.0, 200.0, 200.0, 200.0, 200.0, 200.0, 200.0, 200.0, 200.0, 200.0, 200.0, 200.0, 200.0, 200.0, 200.0, 200.0, 200.0, 200.0, 200.0, 200.0, 200.0, 200.0, 200.0, 200.0, 200.0, 200.0, 200.0, 200.0]",1,5239.69,96.7028,-0.0147934,0.415853,0.13,"[14.4364, 15.0022, 16.8061, 20.7071, 29.5929, 43.9039, 58.8644, 90.3334, 197.347, 40.2208, 5.58629, 3.01392, 2.07446, 1.59072, 1.10327, 0.788044, 0.647225, 0.582799, 0.56506]",-0.924666,"[79.4615, 83.3014, 81.89, 84.1322]",0.339606
0.165,0.02537,0.0,0.0,16.43,0.0,157.015,257.014,93.8967,3,"[200.0, 200.0, 200.0, 200.0, 200.0, 200.0, 200.0, 200.0, 200.0, 200.0, 200.0, 200.0, 200.0, 200.0, 200.0, 200.0, 200.0, 200.0, 200.0, 200.0, 200.0, 200.0, 200.0, 200.0, 200.0, 200.0, 200.0, 200.0, 200.0, 200.0, 200.0, 200.0, 200.0, 200.0, 200.0, 200.0]",1,5182.02,96.6783,1.42966,0.452629,0.128,"[14.4469, 15.059, 16.9299, 20.963, 30.2222, 45.4056, 61.6578, 97.1822, 200.0, 21.9858, 4.96199, 2.80862, 1.96908, 1.52488, 1.06882, 0.769464, 0.634905, 0.57368, 0.5579]",-0.925637,"[80.1333, 82.0499, 80.929, 83.5307]",0.340414
0.087,0.0298674,0.0,0.0,16.452,0.0,157.605,257.605,93.8967,3,"[200.0, 200.0, 200.0, 200.0, 200.0, 200.0, 200.0, 200.0, 200.0, 200.0, 200.0, 200.0, 200.0, 200.0, 200.0, 200.0, 200.0, 200.0, 200.0, 200.0, 200.0, 200.0, 200.0, 200.0, 200.0, 200.0, 200.0, 200.0, 200.0, 200.0, 200.0, 200.0, 200.0, 200.0, 200.0, 200.0]",1,5136.01,96.612,1.83036,0.281936,0.128,"[14.4547, 15.0854, 16.9838, 21.0716, 30.4871, 46.0421, 62.8573, 100.223, 200.0, 18.4751, 4.72098, 2.71811, 1.91871, 1.49143, 1.04962, 0.757957, 0.626551, 0.566902, 0.551969]",-0.926437,"[80.7797, 81.5122, 80.9837, 82.1314]",0.339929
0.071,0.0290252,0.0,0.0,16.474,0.0,158.195,258.195,93.8967,3,"[200.0, 200.0, 200.0, 200.0, 200.0, 200.0, 200.0, 200.0, 200.0, 200.0, 200.0, 200.0, 200.0, 200.0, 200.0, 200.0, 200.0, 200.0, 200.0, 200.0, 200.0, 200.0, 200.0, 200.0, 200.0, 200.0, 200.0, 200.0, 200.0, 200.0, 200.0, 200.0, 200.0, 200.0, 200.0, 200.0]",1,5133.45,96.521,2.00749,0.120541,0.128,"[14.4599, 15.0873, 16.9815, 21.0608, 30.4511, 45.9426, 62.6579, 99.6849, 200.0, 18.8211, 4.70751, 2.70193, 1.90488, 1.47966, 1.04055, 0.75098, 0.620573, 0.56135, 0.54644]",-0.927172,"[81.3727, 80.9045, 81.3893, 81.474]",0.342926
0.067,0.0251546,0.0,0.0,16.496,0.0,158.785,258.784,93.8967,3,"[200.0, 200.0, 200.0, 200.0, 200.0, 200.0, 200.0, 200.0, 200.0, 200.0, 200.0, 200.0, 200.0, 200.0, 200.0, 200.0, 200.0, 200.0, 200.0, 200.0, 200.0, 200.0, 200.0, 200.0, 200.0, 200.0, 200.0, 200.0, 200.0, 200.0, 200.0, 200.0, 200.0, 200.0, 200.0, 200.0]",1,5141.65,96.4348,1.6581,0.165349,0.129,"[14.4636, 15.0755, 16.9473, 20.9826, 30.2453, 45.4291, 61.6742, 97.1556, 200.0, 21.5079, 4.82212, 2.72715, 1.91132, 1.47988, 1.03708, 0.746502, 0.615905, 0.556475, 0.541137]",-0.927871,"[81.5052, 80.4678, 82.0568, 81.0511]",0.340172
0.104,0.0186272,0.0,0.0,16.518,0.0,159.374,259.373,93.8967,3,"[200.0, 200.0, 200.0, 200.0, 200.0, 200.0, 200.0, 200.0, 200.0, 200.0, 200.0, 200.0, 200.0, 200.0, 200.0, 200.0, 200.0, 200.0, 200.0, 200.0, 200.0, 200.0, 200.0, 200.0, 200.0, 200.0, 200.0, 200.0, 200.0, 200.0, 200.0, 200.0, 200.0, 200.0, 200.0, 200.0]",1,5147.0,96.3624,1.31143,0.184747,0.129,"[14.4656, 15.051, 16.8851, 20.8458, 29.8959, 44.5762, 60.067, 93.1451, 200.0, 28.825, 5.07965, 2.79691, 1.9399, 1.49361, 1.04041, 0.745532, 0.613466, 0.553173, 0.536992]",-0.928414,"[81.7868, 80.1909, 82.4542, 80.9651]",0.341808
0.153,0.0110447,0.0,0.0,16.54,0.0,159.963,259.962,93.8967,3,"[200.0, 200.0, 200.0, 200.0, 200.0, 200.0, 200.0, 200.0, 200.0, 200.0, 200.0, 200.0, 200.0, 200.0, 200.0, 200.0, 200.0, 200.0, 200.0, 200.0, 200.0, 200.0, 200.0, 200.0, 200.0, 200.0, 200.0, 200.0, 200.0, 200.0, 200.0, 200.0, 200.0, 200.0, 200.0, 200.0]",1,5158.04,96.3254,0.801565,0.0228799,0.129,"[14.4666, 15.0214, 16.8118, 20.6873, 29.4975, 43.6212, 58.2977, 88.877, 189.968, 48.3774, 5.44358, 2.89573, 1.98278, 1.51628, 1.04861, 0.747411, 0.613089, 0.551553, 0.534336]",-0.928759,"[81.8242, 80.0921, 82.6095, 81.1091]",0.340448
0.167,0.00246362,0.0,0.0,16.562,0.0,160.552,260.551,93.8967,3,"[200.0, 200.0, 200.0, 200.0, 200.0, 200.0, 200.0, 200.0, 200.0, 200.0, 200.0, 200.0, 200.0, 200.0, 200.0, 200.0, 200.0, 200.0, 200.0, 200.0, 200.0, 200.0, 200.0, 200.0, 200.0, 200.0, 200.0, 200.0, 200.0, 200.0, 200.0, 200.0, 200.0, 200.0, 200.0, 200.0]",1,5149.25,96.2843,0.538289,0.333298,0.129,"[14.4661, 14.9863, 16.7278, 20.5087, 29.0561, 42.5842, 56.4113, 84.4873, 170.789, 195.51, 5.95878, 3.03262, 2.04429, 1.55072, 1.06339, 0.753286, 0.615695, 0.552437, 0.533966]",-0.928805,"[81.9738, 79.8669, 82.7265, 80.7586]",0.34072
0.481,-0.00630403,0.0,0.0,16.584,0.0,161.14,261.139,93.8964,3,"[200.0, 200.0, 200.0, 200.0, 200.0, 200.0, 200.0, 200.0, 200.0, 200.0, 200.0, 200.0, 200.0, 200.0, 200.0, 200.0, 200.0, 200.0, 200.0, 200.0, 200.0, 200.0, 200.0, 200.0, 200.0, 200.0, 200.0, 200.0, 200.0, 200.0, 200.0, 200.0, 200.0, 200.0, 200.0, 200.0]",1,5349.73,96.3167,0.0930317,0.178132,0.131,"[14.4637, 14.9487, 16.6407, 20.3266, 28.615, 41.5691, 54.5989, 80.418, 154.798, 200.0, 6.6348, 3.20469, 2.12319, 1.59655, 1.08503, 0.763672, 0.621868, 0.556463, 0.536594]",-0.928456,"[81.9062, 79.86, 84.0353, 85.3904]",0.337137
0.414,-0.0158581,0.0,0.0,16.606,0.0,161.729,261.729,93.8963,3,"[200.0, 200.0, 200.0, 200.0, 200.0, 200.0, 200.0, 200.0, 200.0, 200.0, 200.0, 200.0, 200.0, 200.0, 200.0, 200.0, 200.0, 200.0, 200.0, 200.0, 200.0, 200.0, 200.0, 200.0, 200.0, 200.0, 200.0, 200.0, 200.0, 200.0, 200.0, 200.0, 200.0, 200.0, 200.0, 200.0]",1,5217.56,96.4759,-0.16507,0.350043,0.13,"[14.4591, 14.9058, 16.5444, 20.129, 28.145, 40.5104, 52.7438, 76.3953, 140.441, 200.0, 7.60689, 3.43481, 2.22917, 1.65935, 1.11627, 0.780009, 0.632566, 0.564349, 0.542802]",-0.927635,"[82.1171, 79.9151, 83.8568, 81.5286]",0.338336
0.413,-0.024709,0.0,0.0,16.628,0.0,162.319,262.318,93.8961,3,"[200.0, 200.0, 200.0, 200.0, 200.0, 200.0, 200.0, 200.0, 200.0, 200.0, 200.0, 200.0, 200.0, 200.0, 200.0, 200.0, 200.0, 200.0, 200.0, 200.0, 200.0, 200.0, 200.0, 200.0, 200.0, 200.0, 200.0, 200.0, 200.0, 200.0, 200.0, 200.0, 200.0, 200.0, 200.0, 200.0]",1,5250.94,96.5363,-0.345627,0.44251,0.13,"[14.4518, 14.8632, 16.4527, 19.945, 27.7171, 39.5675, 51.1222, 72.9937, 129.293, 200.0, 8.83951, 3.70227, 2.35281, 1.73397, 1.15501, 0.801566, 0.647541, 0.5761, 0.552785]",-0.926318,"[82.098, 80.0309, 84.4361, 82.2794]",0.335202
0.398,-0.0327763,0.0,0.0,16.65,0.0,162.909,262.908,93.8959,3,"[200.0, 200.0, 200.0, 200.0, 200.0, 200.0, 200.0, 200.0, 200.0, 200.0, 200.0, 200.0, 200.0, 200.0, 200.0, 200.0, 200.0, 200.0, 200.0, 200.0, 200.0, 200.0, 200.0, 200.0, 200.0, 200.0, 200.0, 200.0, 200.0, 200.0, 200.0, 200.0, 200.0, 200.0, 200.0, 200.0]",1,5185.27,96.658,-1.05502,0.435982,-0.8,"[14.4426, 14.8219, 16.3671, 19.7766, 27.333, 38.7378, 49.7183, 70.131, 120.537, 200.0, 10.376, 3.99986, 2.48918, 1.81682, 1.19891, 0.826721, 0.66548, 0.590547, 0.565413]",-0.924652,"[81.9333, 80.0831, 83.0752, 81.4447]",0.33553
0.412,-0.0328004,0.0,0.0,16.672,0.0,163.5,263.499,93.8958,3,"[200.0, 200.0, 200.0, 200.0, 200.0, 200.0, 200.0, 200.0, 200.0, 200.0, 200.0, 200.0, 200.0, 200.0, 200.0, 200.0, 200.0, 200.0, 200.0, 200.0, 200.0, 200.0, 200.0, 200.0, 200.0, 200.0, 200.0, 200.0, 200.0, 200.0, 200.0, 200.0, 200.0, 200.0, 200.0, 200.0]",1,5249.58,96.6231,-1.67743,0.592546,-0.8,"[14.4316, 14.8105, 16.3544, 19.761, 27.3111, 38.7058, 49.6763, 70.0693, 120.421, 200.0, 10.5834, 4.07871, 2.53809, 1.85247, 1.2224, 0.842899, 0.678495, 0.602092, 0.576463]",-0.92318,"[80.496, 80.3211, 82.4083, 83.9079]",0.336694
0.434,-0.0261276,0.0,0.0,16.694,0.0,164.09,264.089,93.8956,3,"[200.0, 200.0, 200.0, 200.0, 200.0, 200.0, 200.0, 200.0, 200.0, 200.0, 200.0, 200.0, 200.0, 200.0, 200.0, 200.0, 200.0, 200.0, 200.0, 200.0, 200.0, 200.0, 200.0, 200.0, 200.0, 200.0, 200.0, 200.0, 200.0, 200.0, 200.0, 200.0, 200.0, 200.0, 200.0, 200.0]",1,5228.17,96.6191,-1.69424,0.705244,-0.8,"[14.4214, 14.8263, 16.4049, 19.8755, 27.5938, 39.3407, 50.7685, 72.3295, 127.409, 200.0, 9.55014, 3.94641, 2.49906, 1.8387, 1.22279, 0.847657, 0.684348, 0.608573, 0.58372]",-0.922197,"[78.8374, 80.1877, 82.5965, 83.0824]",0.333882
0.435,-0.0144517,0.0,0.0,16.716,0.0,164.68,264.68,93.8954,3,"[200.0, 200.0, 200.0, 200.0, 200.0, 200.0, 200.0, 200.0, 200.0, 200.0, 200.0, 200.0, 200.0, 200.0, 200.0, 200.0, 200.0, 200.0, 200.0, 200.0, 200.0, 200.0, 200.0, 200.0, 200.0, 200.0, 200.0, 200.0, 200.0, 200.0, 200.0, 200.0, 200.0, 200.0, 200.0, 200.0]",1,5200.68,96.5793,-1.41356,0.660566,-0.8,"[14.4151, 14.866, 16.5073, 20.0955, 28.126, 40.5371, 52.8451, 76.7243, 141.945, 200.0, 8.06111, 3.67914, 2.3953, 1.78575, 1.20314, 0.841614, 0.682942, 0.60956, 0.58651]",-0.921807,"[78.0245, 80.718, 81.4077, 84.0656]",0.33945
0.441,-0.000369065,0.0,0.0,16.738,0.0,165.271,265.27,93.8952,3,"[200.0, 200.0, 200.0, 200.0, 200.0, 200.0, 200.0, 200.0, 200.0, 200.0, 200.0, 200.0, 200.0, 200.0, 200.0, 200.0, 200.0, 200.0, 200.0, 200.0, 200.0, 200.0, 200.0, 200.0, 200.0, 200.0, 200.0, 200.0, 200.0, 200.0, 200.0, 200.0, 200.0, 200.0, 200.0, 200.0]",1,5222.41,96.5553,-1.02487,0.778517,0.129,"[14.4158, 14.9228, 16.6424, 20.3795, 28.8131, 42.1062, 55.6217, 82.8438, 164.708, 199.311, 6.73155, 3.37144, 2.26036, 1.70988, 1.16919, 0.826515, 0.674742, 0.604888, 0.584219]",-0.922104,"[78.3837, 82.3194, 81.1112, 84.4198]",0.335845
0.488,0.0162289,0.0,0.0,16.76,0.0,165.861,265.86,93.895,3,"[200.0, 200.0, 200.0, 200.0, 200.0, 200.0, 200.0, 200.0, 200.0, 200.0, 200.0, 200.0, 200.0, 200.0, 200.0, 200.0, 200.0, 200.0, 200.0, 200.0, 200.0, 200.0, 200.0, 200.0, 200.0, 200.0, 200.0, 200.0, 200.0, 200.0, 200.0, 200.0, 200.0, 200.0, 200.0, 200.0]",1,5247.73,96.6325,-0.0648568,0.727971,0.13,"[14.4254, 14.9995, 16.8146, 20.7371, 29.6853, 44.1455, 59.3291, 91.4942, 200.0, 35.5261, 5.58047, 3.04062, 2.10057, 1.61389, 1.12167, 0.80241, 0.659618, 0.594354, 0.576599]",-0.92313,"[79.4668, 83.1268, 82.2355, 84.0304]",0.339771
0.181,0.027082,0.0,0.0,16.782,0.0,166.451,266.45,93.895,3,"[200.0, 200.0, 200.0, 200.0, 200.0, 200.0, 200.0, 200.0, 200.0, 200.0, 200.0, 200.0, 200.0, 200.0, 200.0, 200.0, 200.0, 200.0, 200.0, 200.0, 200.0, 200.0, 200.0, 200.0, 200.0, 200.0, 200.0, 200.0, 200.0, 200.0, 200.0, 200.0, 200.0, 200.0, 200.0, 200.0]",1,5173.47,96.625,1.35418,0.723942,0.128,"[14.4376, 15.0561, 16.9359, 20.9863, 30.2966, 45.6069, 62.0561, 98.234, 200.0, 20.9662, 4.97581, 2.83512, 1.9929, 1.54554, 1.08499, 0.782013, 0.645709, 0.583744, 0.567946]",-0.924302,"[80.1146, 81.9784, 80.8352, 83.3219]",0.340417
0.102,0.0313037,0.0,0.0,16.804,0.0,167.042,267.041,93.895,3,"[200.0, 200.0, 200.0, 200.0, 200.0, 200.0, 200.0, 200.0, 200.0, 200.0, 200.0, 200.0, 200.0, 200.0, 200.0, 200.0, 200.0, 200.0, 200.0, 200.0, 200.0, 200.0, 200.0, 200.0, 200.0, 200.0, 200.0, 200.0, 200.0, 200.0, 200.0, 200.0, 200.0, 200.0, 200.0, 200.0]",1,5141.81,96.5562,1.72715,0.583795,0.128,"[14.4468, 15.083, 16.9889, 21.0914, 30.5507, 46.2159, 63.2048, 101.161, 200.0, 17.8995, 4.73596, 2.74103, 1.93901, 1.50898, 1.06333, 0.768603, 0.63572, 0.575447, 0.560503]",-0.925303,"[80.7559, 81.4487, 81.1949, 82.0885]",0.339282
0.084,0.0302225,0.0,0.0,16.826,0.0,167.631,267.631,93.895,3,"[200.0, 200.0, 200.0, 200.0, 200.0, 200.0, 200.0, 200.0, 200.0, 200.0, 200.0, 200.0, 200.0, 200.0, 200.0, 200.0, 200.0, 200.0, 200.0, 200.0, 200.0, 200.0, 200.0, 200.0, 200.0, 200.0, 200.0, 200.0, 200.0, 200.0, 200.0, 200.0, 200.0, 200.0, 200.0, 200.0]",1,5137.2,96.4702,1.88753,0.440837,0.128,"[14.4533, 15.0854, 16.9857, 21.0773, 30.5039, 46.0866, 62.9452, 100.457, 200.0, 18.3101, 4.72017, 2.72119, 1.9219, 1.49434, 1.05201, 0.75986, 0.628215, 0.568468, 0.553546]",-0.926228,"[81.3457, 80.8336, 81.5165, 81.4983]",0.342502
0.083,0.0261145,0.0,0.0,16.848,0.0,168.221,268.22,93.895,3,"[200.0, 200.0, 200.0, 200.0, 200.0, 200.0, 200.0, 200.0, 200.0, 200.0, 200.0, 200.0, 200.0, 200.0, 200.0, 200.0, 200.0, 200.0, 200.0, 200.0, 200.0, 200.0, 200.0, 200.0, 200.0, 200.0, 200.0, 200.0, 200.0, 200.0, 200.0, 200.0, 200.0, 200.0, 200.0, 200.0]",1,5142.79,96.3893,1.5555,0.527828,0.128,"[14.4582, 15.0737, 16.9505, 20.9954, 30.2866, 45.5412, 61.8959, 97.7402, 200.0, 20.9393, 4.83265, 2.74334, 1.92552, 1.49208, 1.04654, 0.753806, 0.622174, 0.562303, 0.546944]",-0.927099,"[81.4968, 80.4079, 82.1236, 81.0468]",0.339437
0.119,0.0195049,0.0,0.0,16.87,0.0,168.81,268.809,93.895,3,"[200.0, 200.0, 200.0, 200.0, 200.0, 200.0, 200.0, 200.0, 200.0, 200.0, 200.0, 200.0, 200.0, 200.0, 200.0, 200.0, 200.0, 200.0, 200.0, 200.0, 200.0, 200.0, 200.0, 200.0, 200.0, 200.0, 200.0, 200.0, 200.0, 200.0, 200.0, 200.0, 200.0, 200.0, 200.0, 200.0]",1,5145.91,96.3289,1.15546,0.410249,0.129,"[14.4613, 15.0501, 16.8886, 20.8582, 29.9339, 44.6764, 60.2612, 93.6385, 200.0, 27.7631, 5.08107, 2.80819, 1.95052, 1.50294, 1.04777, 0.751263, 0.618405, 0.557776, 0.541586]",-0.927802,"[81.7483, 80.2077, 82.4605, 80.9025]",0.341172
0.165,0.0120938,0.0,0.0,16.892,0.0,169.398,269.397,93.895,3,"[200.0, 200.0, 200.0, 200.0, 200.0, 200.0, 200.0, 200.0, 200.0, 200.0, 200.0, 200.0, 200.0, 200.0, 200.0, 200.0, 200.0, 200.0, 200.0, 200.0, 200.0, 200.0, 200.0, 200.0, 200.0, 200.0, 200.0, 200.0, 200.0, 200.0, 200.0, 200.0, 200.0, 200.0, 200.0, 200.0]",1,5160.15,96.2833,0.825416,0.488382,0.129,"[14.4634, 15.0223, 16.8183, 20.7047, 29.5457, 43.7415, 58.5237, 89.4249, 200.0, 44.4613, 5.42045, 2.8979, 1.9879, 1.52166, 1.05339, 0.751378, 0.616612, 0.554901, 0.53773]",-0.928308,"[81.8381, 79.9844, 82.6116, 81.1535]",0.33951
0.216,0.0034187,0.0,0.0,16.914,0.0,169.987,269.986,93.8949,3,"[200.0, 200.0, 200.0, 200.0, 200.0, 200.0, 200.0, 200.0, 200.0, 200.0, 200.0, 200.0, 200.0, 200.0, 200.0, 200.0, 200.0, 200.0, 200.0, 200.0, 200.0, 200.0, 200.0, 200.0, 200.0, 200.0, 200.0, 200.0, 200.0, 200.0, 200.0, 200.0, 200.0, 200.0, 200.0, 200.0]",1,5158.1,96.2707,0.45076,0.602277,0.129,"[14.4637, 14.9876, 16.7342, 20.5249, 29.0996, 42.6899, 56.6055, 84.9397, 172.7, 156.913, 5.92346, 3.03046, 2.04652, 1.55384, 1.06656, 0.756052, 0.618204, 0.554852, 0.536437]",-0.928475,"[81.912, 79.8783, 82.8177, 80.9581]",0.338936
0.367,-0.00505311,0.0,0.0,16.936,0.0,170.575,270.574,93.8947,3,"[200.0, 200.0, 200.0, 200.0, 200.0, 200.0, 200.0, 200.0, 200.0, 200.0, 200.0, 200.0, 200.0, 200.0, 200.0, 200.0, 200.0, 200.0, 200.0, 200.0, 200.0, 200.0, 200.0, 200.0, 200.0, 200.0, 200.0, 200.0, 200.0, 200.0, 200.0, 200.0, 200.0, 200.0, 200.0, 200.0]",1,5282.46,96.2784,0.0406712,0.448191,0.13,"[14.4622, 14.9521, 16.6509, 20.3498, 28.6734, 41.7056, 54.8433, 80.9642, 156.874, 200.0, 6.55125, 3.18963, 2.11863, 1.59516, 1.0855, 0.764713, 0.623048, 0.557735, 0.538001]",-0.928267,"[81.8477, 79.8752, 83.4801, 83.9367]",0.340336
0.446,-0.0142156,0.0,0.0,16.958,0.0,171.164,271.163,93.8946,3,"[200.0, 200.0, 200.0, 200.0, 200.0, 200.0, 200.0, 200.0, 200.0, 200.0, 200.0, 200.0, 200.0, 200.0, 200.0, 200.0, 200.0, 200.0, 200.0, 200.0, 200.0, 200.0, 200.0, 200.0, 200.0, 200.0, 200.0, 200.0, 200.0, 200.0, 200.0, 200.0, 200.0, 200.0, 200.0, 200.0]",1,5227.45,96.4121,-0.161947,0.622396,0.13,"[14.4582, 14.9115, 16.559, 20.1604, 28.2216, 40.684, 53.0478, 77.0495, 142.701, 200.0, 7.4428, 3.40296, 2.21666, 1.65299, 1.11398, 0.779386, 0.632511, 0.56459, 0.543274]",-0.927571,"[82.0154, 79.8876, 83.9953, 81.6672]",0.340204
0.424,-0.0236159,0.0,0.0,16.98,0.0,171.753,271.752,93.8944,3,"[200.0, 200.0, 200.0, 200.0, 200.0, 200.0, 200.0, 200.0, 200.0, 200.0, 200.0, 200.0, 200.0, 200.0, 200.0, 200.0, 200.0, 200.0, 200.0, 200.0, 200.0, 200.0, 200.0, 200.0, 200.0, 200.0, 200.0, 200.0, 200.0, 200.0, 200.0, 200.0, 200.0, 200.0, 200.0, 200.0]",1,5257.35,96.4716,-0.483458,0.572002,0.13,"[14.4522, 14.868, 16.4635, 19.9669, 27.7684, 39.6804, 51.3156, 73.3953, 130.57, 200.0, 8.67494, 3.67018, 2.33872, 1.72578, 1.15098, 0.799453, 0.646144, 0.575056, 0.551946]",-0.926428,"[82.1884, 79.779, 85.2651, 82.3631]",0.336411
0.411,-0.0312374,0.0,0.0,17.002,0.0,172.343,272.342,93.8942,3,"[200.0, 200.0, 200.0, 200.0, 200.0, 200.0, 200.0, 200.0, 200.0, 200.0, 200.0, 200.0, 200.0, 200.0, 200.0, 200.0, 200.0, 200.0, 200.0, 200.0, 200.0, 200.0, 200.0, 200.0, 200.0, 200.0, 200.0, 200.0, 200.0, 200.0, 200.0, 200.0, 200.0, 200.0, 200.0, 200.0]",1,5228.84,96.5798,-1.04071,0.66793,-0.8,"[14.4435, 14.8288, 16.3823, 19.8072, 27.4038, 38.891, 49.9771, 70.6555, 122.108, 200.0, 10.064, 3.94651, 2.46618, 1.80344, 1.19224, 0.823137, 0.66305, 0.588678, 0.563858]",-0.924855,"[81.7551, 80.1391, 83.4536, 82.8031]",0.336717
0.424,-0.0313566,0.0,0.0,17.024,0.0,172.933,272.932,93.8941,3,"[200.0, 200.0, 200.0, 200.0, 200.0, 200.0, 200.0, 200.0, 200.0, 200.0, 200.0, 200.0, 200.0, 200.0, 200.0, 200.0, 200.0, 200.0, 200.0, 200.0, 200.0, 200.0, 200.0, 200.0, 200.0, 200.0, 200.0, 200.0, 200.0, 200.0, 200.0, 200.0, 200.0, 200.0, 200.0, 200.0]",1,5258.02,96.5713,-1.71925,0.80874,-0.8,"[14.4335, 14.8181, 16.3699, 19.7912, 27.3794, 38.8524, 49.9226, 70.566, 121.901, 200.0, 10.2651, 4.02013, 2.51139, 1.83623, 1.21375, 0.837908, 0.674912, 0.599187, 0.573906]",-0.923517,"[80.3631, 80.2691, 82.4397, 84.1203]",0.337517
0.444,-0.0246833,0.0,0.0,17.046,0.0,173.523,273.523,93.8939,3,"[200.0, 200.0, 200.0, 200.0, 200.0, 200.0, 200.0, 200.0, 200.0, 200.0, 200.0, 200.0, 200.0, 200.0, 200.0, 200.0, 200.0, 200.0, 200.0, 200.0, 200.0, 200.0, 200.0, 200.0, 200.0, 200.0, 200.0, 200.0, 200.0, 200.0, 200.0, 200.0, 200.0, 200.0, 200.0, 200.0]",1,5227.47,96.5732,-1.73752,0.923613,-0.8,"[14.4245, 14.8352, 16.4219, 19.9078, 27.6659, 39.4953, 51.0301, 72.8651, 129.078, 200.0, 9.27243, 3.88453, 2.46879, 1.8195, 1.21202, 0.841146, 0.679522, 0.604558, 0.580096]",-0.922677,"[78.7131, 80.1588, 82.6121, 83.0482]",0.334219
0.445,-0.0127545,0.0,0.0,17.068,0.0,174.113,274.113,93.8937,3,"[200.0, 200.0, 200.0, 200.0, 200.0, 200.0, 200.0, 200.0, 200.0, 200.0, 200.0, 200.0, 200.0, 200.0, 200.0, 200.0, 200.0, 200.0, 200.0, 200.0, 200.0, 200.0, 200.0, 200.0, 200.0, 200.0, 200.0, 200.0, 200.0, 200.0, 200.0, 200.0, 200.0, 200.0, 200.0, 200.0]",1,5201.82,96.5278,-1.45735,0.911565,-0.8,"[14.4195, 14.8774, 16.5285, 20.1355, 28.2157, 40.7325, 53.1812, 77.4372, 144.394, 200.0, 7.8131, 3.61096, 2.35976, 1.76248, 1.18964, 0.833245, 0.676647, 0.604263, 0.581678]",-0.922449,"[77.9227, 80.7299, 81.4691, 84.1385]",0.339275
0.457,0.00156823,0.0,0.0,17.09,0.0,174.703,274.702,93.8935,3,"[200.0, 200.0, 200.0, 200.0, 200.0, 200.0, 200.0, 200.0, 200.0, 200.0, 200.0, 200.0, 200.0, 200.0, 200.0, 200.0, 200.0, 200.0, 200.0, 200.0, 200.0, 200.0, 200.0, 200.0, 200.0, 200.0, 200.0, 200.0, 200.0, 200.0, 200.0, 200.0, 200.0, 200.0, 200.0, 200.0]",1,5225.27,96.5039,-1.08007,1.08476,0.129,"[14.4219, 14.9369, 16.668, 20.4277, 28.9223, 42.3492, 56.0499, 83.7976, 168.493, 185.85, 6.51656, 3.3, 2.22075, 1.68311, 1.15314, 0.816328, 0.66697, 0.598279, 0.578136]",-0.922915,"[78.4364, 82.3301, 81.1617, 84.426]",0.335726
0.465,0.0185408,0.0,0.0,17.112,0.0,175.293,275.292,93.8933,3,"[200.0, 200.0, 200.0, 200.0, 200.0, 200.0, 200.0, 200.0, 200.0, 200.0, 200.0, 200.0, 200.0, 200.0, 200.0, 200.0, 200.0, 200.0, 200.0, 200.0, 200.0, 200.0, 200.0, 200.0, 200.0, 200.0, 200.0, 200.0, 200.0, 200.0, 200.0, 200.0, 200.0, 200.0, 200.0, 200.0]",1,5242.01,96.5727,-0.0946606,1.02437,0.13,"[14.4336, 15.0173, 16.8468, 20.7978, 29.825, 44.4663, 59.9132, 92.8879, 200.0, 30.6864, 5.38698, 2.96503, 2.05622, 1.58304, 1.10262, 0.790061, 0.650085, 0.586177, 0.569017]",-0.924144,"[79.4124, 83.1493, 82.0734, 84.0195]",0.339377
0.188,0.0295157,0.0,0.0,17.134,0.0,175.883,275.882,93.8933,3,"[200.0, 200.0, 200.0, 200.0, 200.0, 200.0, 200.0, 200.0, 200.0, 200.0, 200.0, 200.0, 200.0, 200.0, 200.0, 200.0, 200.0, 200.0, 200.0, 200.0, 200.0, 200.0, 200.0, 200.0, 200.0, 200.0, 200.0, 200.0, 200.0, 200.0, 200.0, 200.0, 200.0, 200.0, 200.0, 200.0]",1,5172.73,96.5646,1.33551,1.0411,0.128,"[14.4477, 15.0766, 16.9721, 21.0537, 30.4527, 45.9713, 62.734, 99.934, 200.0, 18.9279, 4.79406, 2.75662, 1.94487, 1.51132, 1.06329, 0.767644, 0.634469, 0.574005, 0.558832]",-0.925521,"[80.0597, 81.9373, 80.8532, 83.2785]",0.340164
0.114,0.0337061,0.0,0.0,17.156,0.0,176.473,276.472,93.8933,3,"[200.0, 200.0, 200.0, 200.0, 200.0, 200.0, 200.0, 200.0, 200.0, 200.0, 200.0, 200.0, 200.0, 200.0, 200.0, 200.0, 200.0, 200.0, 200.0, 200.0, 200.0, 200.0, 200.0, 200.0, 200.0, 200.0, 200.0, 200.0, 200.0, 200.0, 200.0, 200.0, 200.0, 200.0, 200.0, 200.0]",1,5142.61,96.4987,1.68534,0.922423,0.128,"[14.4587, 15.1053, 17.027, 21.1613, 30.7111, 46.5908, 63.9062, 102.952, 200.0, 16.3052, 4.5533, 2.65788, 1.88681, 1.4712, 1.03891, 0.752165, 0.622725, 0.564093, 0.549795]",-0.926736,"[80.7216, 81.4705, 81.25, 82.0448]",0.339413
0.099,0.0325856,0.0,0.0,17.178,0.0,177.063,277.062,93.8933,3,"[200.0, 200.0, 200.0, 200.0, 200.0, 200.0, 200.0, 200.0, 200.0, 200.0, 200.0, 200.0, 200.0, 200.0, 200.0, 200.0, 200.0, 200.0, 200.0, 200.0, 200.0, 200.0, 200.0, 200.0, 200.0, 200.0, 200.0, 200.0, 200.0, 200.0, 200.0, 200.0, 200.0, 200.0, 200.0, 200.0]",1,5139.43,96.418,1.84773,0.784501,0.128,"[14.4668, 15.1091, 17.0252, 21.1485, 30.6649, 46.4589, 63.637, 102.205, 200.0, 16.6027, 4.52401, 2.63038, 1.86425, 1.4523, 1.02456, 0.741214, 0.613382, 0.555442, 0.541202]",-0.927878,"[81.3078, 80.7805, 81.6098, 81.5125]",0.342291
0.097,0.0285203,0.0,0.0,17.2,0.0,177.652,277.651,93.8933,3,"[200.0, 200.0, 200.0, 200.0, 200.0, 200.0, 200.0, 200.0, 200.0, 200.0, 200.0, 200.0, 200.0, 200.0, 200.0, 200.0, 200.0, 200.0, 200.0, 200.0, 200.0, 200.0, 200.0, 200.0, 200.0, 200.0, 200.0, 200.0, 200.0, 200.0, 200.0, 200.0, 200.0, 200.0, 200.0, 200.0]",1,5142.47,96.346,1.51436,0.836893,0.129,"[14.4731, 15.0991, 16.992, 21.0692, 30.4509, 45.9155, 62.583, 99.4352, 200.0, 18.682, 4.61137, 2.64178, 1.86106, 1.44501, 1.01573, 0.732814, 0.605437, 0.547575, 0.53296]",-0.928968,"[81.4536, 80.3164, 82.1079, 81.0748]",0.34011
0.131,0.0219996,0.0,0.0,17.222,0.0,178.24,278.239,93.8933,3,"[200.0, 200.0, 200.0, 200.0, 200.0, 200.0, 200.0, 200.0, 200.0, 200.0, 200.0, 200.0, 200.0, 200.0, 200.0, 200.0, 200.0, 200.0, 200.0, 200.0, 200.0, 200.0, 200.0, 200.0, 200.0, 200.0, 200.0, 200.0, 200.0, 200.0, 200.0, 200.0, 200.0, 200.0, 200.0, 200.0]",1,5143.84,96.2894,1.13465,0.739191,0.129,"[14.4776, 15.0772, 16.9324, 20.9351, 30.1025, 45.0534, 60.9417, 95.2607, 200.0, 23.9051, 4.82225, 2.693, 1.87804, 1.45022, 1.01336, 0.727845, 0.59974, 0.541351, 0.525988]",-0.929885,"[81.7007, 80.1755, 82.4309, 80.8488]",0.341193
0.175,0.0147224,0.0,0.0,17.244,0.0,178.828,278.828,93.8933,3,"[200.0, 200.0, 200.0, 200.0, 200.0, 200.0, 200.0, 200.0, 200.0, 200.0, 200.0, 200.0, 200.0, 200.0, 200.0, 200.0, 200.0, 200.0, 200.0, 200.0, 200.0, 200.0, 200.0, 200.0, 200.0, 200.0, 200.0, 200.0, 200.0, 200.0, 200.0, 200.0, 200.0, 200.0, 200.0, 200.0]",1,5163.89,96.2421,0.821647,0.856457,0.129,"[14.4811, 15.0513, 16.8647, 20.7854, 29.7201, 44.1248, 59.2038, 90.9911, 200.0, 35.3547, 5.11221, 2.76666, 1.90646, 1.46279, 1.01519, 0.725475, 0.596003, 0.536786, 0.520541]",-0.930602,"[81.7929, 79.9548, 82.5916, 81.2913]",0.340171
0.214,0.00648231,0.0,0.0,17.266,0.0,179.417,279.416,93.8932,3,"[200.0, 200.0, 200.0, 200.0, 200.0, 200.0, 200.0, 200.0, 200.0, 200.0, 200.0, 200.0, 200.0, 200.0, 200.0, 200.0, 200.0, 200.0, 200.0, 200.0, 200.0, 200.0, 200.0, 200.0, 200.0, 200.0, 200.0, 200.0, 200.0, 200.0, 200.0, 200.0, 200.0, 200.0, 200.0, 200.0]",1,5150.31,96.2404,0.383187,0.812872,0.129,"[14.4829, 15.0199, 16.7862, 20.6155, 29.2947, 43.113, 57.3449, 86.5869, 200.0, 79.8196, 5.52721, 2.87405, 1.95194, 1.48637, 1.02335, 0.727031, 0.595239, 0.534745, 0.517421]",-0.931012,"[81.8018, 79.8859, 82.5952, 80.9618]",0.339534
0.325,-0.00219229,0.0,0.0,17.288,0.0,180.005,280.004,93.8931,3,"[200.0, 200.0, 200.0, 200.0, 200.0, 200.0, 200.0, 200.0, 200.0, 200.0, 200.0, 200.0, 200.0, 200.0, 200.0, 200.0, 200.0, 200.0, 200.0, 200.0, 200.0, 200.0, 200.0, 200.0, 200.0, 200.0, 200.0, 200.0, 200.0, 200.0, 200.0, 200.0, 200.0, 200.0, 200.0, 200.0]",1,5255.3,96.2247,0.0957601,0.766589,0.13,"[14.4826, 14.9847, 16.7019, 20.4367, 28.8557, 42.0908, 55.5024, 82.3779, 162.107, 186.79, 6.08931, 3.01721, 2.01565, 1.522, 1.03878, 0.733349, 0.598221, 0.535987, 0.517419]",-0.931011,"[81.8832, 79.7479, 83.1432, 83.4327]",0.340242
0.436,-0.0113407,0.0,0.0,17.31,0.0,180.593,280.592,93.893,3,"[200.0, 200.0, 200.0, 200.0, 200.0, 200.0, 200.0, 200.0, 200.0, 200.0, 200.0, 200.0, 200.0, 200.0, 200.0, 200.0, 200.0, 200.0, 200.0, 200.0, 200.0, 200.0, 200.0, 200.0, 200.0, 200.0, 200.0, 200.0, 200.0, 200.0, 200.0, 200.0, 200.0, 200.0, 200.0, 200.0]",1,5218.86,96.3469,-0.191721,0.828942,0.131,"[14.4801, 14.9455, 16.6114, 20.2483, 28.4023, 41.0577, 53.675, 78.3484, 147.075, 196.272, 6.8661, 3.20562, 2.10134, 1.57183, 1.06256, 0.745038, 0.605386, 0.540864, 0.520846]",-0.930558,"[81.9565, 79.8364, 83.8168, 81.5854]",0.339215
0.436,-0.0205042,0.0,0.0,17.332,0.0,181.182,281.181,93.8928,3,"[200.0, 200.0, 200.0, 200.0, 200.0, 200.0, 200.0, 200.0, 200.0, 200.0, 200.0, 200.0, 200.0, 200.0, 200.0, 200.0, 200.0, 200.0, 200.0, 200.0, 200.0, 200.0, 200.0, 200.0, 200.0, 200.0, 200.0, 200.0, 200.0, 200.0, 200.0, 200.0, 200.0, 200.0, 200.0, 200.0]",1,5251.09,96.4104,-0.509179,0.760765,0.13,"[14.4757, 14.9044, 16.5195, 20.0603, 27.9583, 40.0666, 51.9535, 74.6771, 134.551, 200.0, 7.90506, 3.43741, 2.20693, 1.63433, 1.09381, 0.761587, 0.616379, 0.549104, 0.527479]",-0.929684,"[82.1314, 79.7563, 85.0513, 82.4139]",0.340044
0.431,-0.0297579,0.0,0.0,17.354,0.0,181.772,281.771,93.8926,3,"[200.0, 200.0, 200.0, 200.0, 200.0, 200.0, 200.0, 200.0, 200.0, 200.0, 200.0, 200.0, 200.0, 200.0, 200.0, 200.0, 200.0, 200.0, 200.0, 200.0, 200.0, 200.0, 200.0, 200.0, 200.0, 200.0, 200.0, 200.0, 200.0, 200.0, 200.0, 200.0, 200.0, 200.0, 200.0, 200.0]",1,5263.9,96.5056,-0.74206,0.770637,0.13,"[14.468, 14.8598, 16.4239, 19.8694, 27.5173, 39.1036, 50.3109, 71.284, 123.86, 200.0, 9.3675, 3.73199, 2.34129, 1.71519, 1.13587, 0.785141, 0.632859, 0.562138, 0.538652]",-0.928211,"[82.0536, 79.9332, 84.5225, 82.6508]",0.33828
0.421,-0.0366291,0.0,0.0,17.376,0.0,182.362,282.361,93.8925,3,"[200.0, 200.0, 200.0, 200.0, 200.0, 200.0, 200.0, 200.0, 200.0, 200.0, 200.0, 200.0, 200.0, 200.0, 200.0, 200.0, 200.0, 200.0, 200.0, 200.0, 200.0, 200.0, 200.0, 200.0, 200.0, 200.0, 200.0, 200.0, 200.0, 200.0, 200.0, 200.0, 200.0, 200.0, 200.0, 200.0]",1,5181.98,96.6278,-1.51986,0.998074,-0.8,"[14.4586, 14.8231, 16.3494, 19.7247, 27.1913, 38.4072, 49.1428, 68.9368, 116.92, 200.0, 10.8879, 4.00896, 2.46828, 1.7929, 1.17769, 0.809563, 0.650546, 0.576585, 0.55147]",-0.92652,"[81.6718, 80.3646, 82.5868, 81.8606]",0.337475
0.442,-0.0355861,0.0,0.0,17.398,0.0,182.952,282.951,93.8923,3,"[200.0, 200.0, 200.0, 200.0, 200.0, 200.0, 200.0, 200.0, 200.0, 200.0, 200.0, 200.0, 200.0, 200.0, 200.0, 200.0, 200.0, 200.0, 200.0, 200.0, 200.0, 200.0, 200.0, 200.0, 200.0, 200.0, 200.0, 200.0, 200.0, 200.0, 200.0, 200.0, 200.0, 200.0, 200.0, 200.0]",1,5207.02,96.6578,-1.81439,1.05707,-0.8,"[14.4466, 14.8149, 16.3455, 19.7282, 27.215, 38.4755, 49.2709, 69.2189, 117.814, 200.0, 10.8906, 4.06195, 2.50829, 1.82437, 1.19986, 0.825503, 0.663665, 0.588409, 0.562937]",-0.924989,"[80.1125, 80.4613, 82.9026, 82.2448]",0.334594
0.444,-0.0274863,0.0,0.0,17.42,0.0,183.543,283.542,93.8921,3,"[200.0, 200.0, 200.0, 200.0, 200.0, 200.0, 200.0, 200.0, 200.0, 200.0, 200.0, 200.0, 200.0, 200.0, 200.0, 200.0, 200.0, 200.0, 200.0, 200.0, 200.0, 200.0, 200.0, 200.0, 200.0, 200.0, 200.0, 200.0, 200.0, 200.0, 200.0, 200.0, 200.0, 200.0, 200.0, 200.0]",1,5250.78,96.5912,-1.82072,0.970182,-0.8,"[14.4351, 14.835, 16.4078, 19.8681, 27.5579, 39.2412, 50.5828, 71.9153, 126.022, 200.0, 9.54649, 3.89272, 2.45656, 1.80453, 1.19819, 0.829714, 0.66946, 0.595077, 0.570566]",-0.923953,"[78.634, 80.3689, 83.1282, 83.6632]",0.338167
0.445,-0.0151829,0.0,0.0,17.442,0.0,184.133,284.132,93.892,3,"[200.0, 200.0, 200.0, 200.0, 200.0, 200.0, 200.0, 200.0, 200.0, 200.0, 200.0, 200.0, 200.0, 200.0, 200.0, 200.0, 200.0, 200.0, 200.0, 200.0, 200.0, 200.0, 200.0, 200.0, 200.0, 200.0, 200.0, 200.0, 200.0, 200.0, 200.0, 200.0, 200.0, 200.0, 200.0, 200.0]",1,5249.85,96.5512,-1.49604,1.172,-0.8,"[14.4281, 14.8765, 16.5153, 20.0992, 28.1167, 40.4955, 52.7562, 76.5003, 141.062, 195.992, 7.96422, 3.61486, 2.3496, 1.75029, 1.17831, 0.823785, 0.668263, 0.596322, 0.573659]",-0.923521,"[77.9097, 80.8916, 82.6015, 84.2066]",0.334453
0.437,0.000769872,0.0,0.0,17.464,0.0,184.723,284.722,93.8918,3,"[200.0, 200.0, 200.0, 200.0, 200.0, 200.0, 200.0, 200.0, 200.0, 200.0, 200.0, 200.0, 200.0, 200.0, 200.0, 200.0, 200.0, 200.0, 200.0, 200.0, 200.0, 200.0, 200.0, 200.0, 200.0, 200.0, 200.0, 200.0, 200.0, 200.0, 200.0, 200.0, 200.0, 200.0, 200.0, 200.0]",1,5230.59,96.5312,-0.949777,1.23599,0.129,"[14.429, 14.9411, 16.6686, 20.4214, 28.8966, 42.277, 55.9101, 83.4578, 167.024, 177.638, 6.49423, 3.2739, 2.19981, 1.66594, 1.14046, 0.80688, 0.659029, 0.59101, 0.57099]",-0.923868,"[78.4227, 82.078, 81.6918, 84.0561]",0.337506
0.427,0.0170767,0.0,0.0,17.486,0.0,185.313,285.312,93.8916,3,"[200.0, 200.0, 200.0, 200.0, 200.0, 200.0, 200.0, 200.0, 200.0, 200.0, 200.0, 200.0, 200.0, 200.0, 200.0, 200.0, 200.0, 200.0, 200.0, 200.0, 200.0, 200.0, 200.0, 200.0, 200.0, 200.0, 200.0, 200.0, 200.0, 200.0, 200.0, 200.0, 200.0, 200.0, 200.0, 200.0]",1,5297.89,96.5456,-0.0437502,1.30153,0.13,"[14.4392, 15.0173, 16.839, 20.775, 29.7588, 44.296, 59.5869, 92.0698, 200.0, 32.9624, 5.40416, 2.95561, 2.04473, 1.57217, 1.09354, 0.782758, 0.643688, 0.58015, 0.562946]",-0.924951,"[79.5056, 83.0845, 82.5471, 85.2521]",0.338375
0.189,0.0295396,0.0,0.0,17.508,0.0,185.903,285.902,93.8916,3,"[200.0, 200.0, 200.0, 200.0, 200.0, 200.0, 200.0, 200.0, 200.0, 200.0, 200.0, 200.0, 200.0, 200.0, 200.0, 200.0, 200.0, 200.0, 200.0, 200.0, 200.0, 200.0, 200.0, 200.0, 200.0, 200.0, 200.0, 200.0, 200.0, 200.0, 200.0, 200.0, 200.0, 200.0, 200.0, 200.0]",1,5162.45,96.5853,1.11239,1.28811,0.128,"[14.4534, 15.0827, 16.979, 21.0625, 30.466, 45.9927, 62.765, 99.9895, 200.0, 18.7209, 4.74452, 2.72837, 1.925, 1.49592, 1.05248, 0.759849, 0.628032, 0.568185, 0.55317]",-0.926276,"[79.641, 82.3573, 80.8264, 83.0359]",0.337836
0.139,0.0340361,0.0,0.0,17.53,0.0,186.493,286.492,93.8916,3,"[200.0, 200.0, 200.0, 200.0, 200.0, 200.0, 200.0, 200.0, 200.0, 200.0, 200.0, 200.0, 200.0, 200.0, 200.0, 200.0, 200.0, 200.0, 200.0, 200.0, 200.0, 200.0, 200.0, 200.0, 200.0, 200.0, 200.0, 200.0, 200.0, 200.0, 200.0, 200.0, 200.0, 200.0, 200.0, 200.0]",1,5156.78,96.5041,1.91337,1.17411,0.128,"[14.4644, 15.1125, 17.0369, 21.1768, 30.7417, 46.6556, 64.0215, 103.231, 200.0, 15.9863, 4.49571, 2.62728, 1.86598, 1.45534, 1.02801, 0.744438, 0.61641, 0.558427, 0.544321]",-0.927466,"[80.7358, 81.4091, 81.3773, 82.3268]",0.341588
0.087,0.0336321,0.0,0.0,17.552,0.0,187.082,287.081,93.8916,3,"[200.0, 200.0, 200.0, 200.0, 200.0, 200.0, 200.0, 200.0, 200.0, 200.0, 200.0, 200.0, 200.0, 200.0, 200.0, 200.0, 200.0, 200.0, 200.0, 200.0, 200.0, 200.0, 200.0, 200.0, 200.0, 200.0, 200.0, 200.0, 200.0, 200.0, 200.0, 200.0, 200.0, 200.0, 200.0, 200.0]",1,5145.19,96.425,1.85659,1.22692,0.129,"[14.473, 15.1198, 17.043, 21.1805, 30.7372, 46.6262, 63.949, 103.0, 200.0, 15.9163, 4.43764, 2.58969, 1.8382, 1.43322, 1.01203, 0.732663, 0.606561, 0.549438, 0.535501]",-0.92864,"[81.0831, 80.7763, 81.6487, 81.5109]",0.339999
0.104,0.0295849,0.0,0.0,17.574,0.0,187.671,287.671,93.8916,3,"[200.0, 200.0, 200.0, 200.0, 200.0, 200.0, 200.0, 200.0, 200.0, 200.0, 200.0, 200.0, 200.0, 200.0, 200.0, 200.0, 200.0, 200.0, 200.0, 200.0, 200.0, 200.0, 200.0, 200.0, 200.0, 200.0, 200.0, 200.0, 200.0, 200.0, 200.0, 200.0, 200.0, 200.0, 200.0, 200.0]",1,5144.84,96.3477,1.63006,1.0959,0.129,"[14.479, 15.1095, 17.0095, 21.1008, 30.5224, 46.0803, 62.888, 100.197, 200.0, 17.8287, 4.52357, 2.60175, 1.83579, 1.42665, 1.00378, 0.724713, 0.599002, 0.54193, 0.527615]",-0.929682,"[81.5008, 80.5403, 82.1888, 81.1582]",0.341817
0.128,0.0235988,0.0,0.0,17.596,0.0,188.26,288.259,93.8916,3,"[200.0, 200.0, 200.0, 200.0, 200.0, 200.0, 200.0, 200.0, 200.0, 200.0, 200.0, 200.0, 200.0, 200.0, 200.0, 200.0, 200.0, 200.0, 200.0, 200.0, 200.0, 200.0, 200.0, 200.0, 200.0, 200.0, 200.0, 200.0, 200.0, 200.0, 200.0, 200.0, 200.0, 200.0, 200.0, 200.0]",1,5147.35,96.2868,1.30923,1.12049,0.129,"[14.4839, 15.0902, 16.9556, 20.9784, 30.2024, 45.2846, 61.367, 96.2999, 200.0, 22.0446, 4.70159, 2.64266, 1.84761, 1.42867, 0.999769, 0.718877, 0.592737, 0.53529, 0.520321]",-0.930643,"[81.7542, 80.1552, 82.3582, 81.0464]",0.341087
0.169,0.0162698,0.0,0.0,17.618,0.0,188.848,288.848,93.8916,3,"[200.0, 200.0, 200.0, 200.0, 200.0, 200.0, 200.0, 200.0, 200.0, 200.0, 200.0, 200.0, 200.0, 200.0, 200.0, 200.0, 200.0, 200.0, 200.0, 200.0, 200.0, 200.0, 200.0, 200.0, 200.0, 200.0, 200.0, 200.0, 200.0, 200.0, 200.0, 200.0, 200.0, 200.0, 200.0, 200.0]",1,5147.22,96.2568,0.832386,1.08055,0.129,"[14.4874, 15.0641, 16.8872, 20.8271, 29.815, 44.3405, 59.5938, 91.911, 200.0, 31.6264, 4.97848, 2.71311, 1.87444, 1.44021, 1.00099, 0.716104, 0.58868, 0.530442, 0.514601]",-0.931396,"[81.7307, 80.0596, 82.5197, 80.9112]",0.34048
0.214,0.00809002,0.0,0.0,17.64,0.0,189.436,289.436,93.8915,3,"[200.0, 200.0, 200.0, 200.0, 200.0, 200.0, 200.0, 200.0, 200.0, 200.0, 200.0, 200.0, 200.0, 200.0, 200.0, 200.0, 200.0, 200.0, 200.0, 200.0, 200.0, 200.0, 200.0, 200.0, 200.0, 200.0, 200.0, 200.0, 200.0, 200.0, 200.0, 200.0, 200.0, 200.0, 200.0, 200.0]",1,5193.78,96.2149,0.497528,1.02211,0.129,"[14.4893, 15.033, 16.8093, 20.6581, 29.3904, 43.3269, 57.7252, 87.453, 200.0, 63.1874, 5.36889, 2.81474, 1.91724, 1.46215, 1.00827, 0.717143, 0.587538, 0.528088, 0.5112]",-0.931842,"[81.8517, 79.8203, 82.7639, 82.0072]",0.340966
0.285,-0.000208631,0.0,0.0,17.662,0.0,190.025,290.024,93.8914,3,"[200.0, 200.0, 200.0, 200.0, 200.0, 200.0, 200.0, 200.0, 200.0, 200.0, 200.0, 200.0, 200.0, 200.0, 200.0, 200.0, 200.0, 200.0, 200.0, 200.0, 200.0, 200.0, 200.0, 200.0, 200.0, 200.0, 200.0, 200.0, 200.0, 200.0, 200.0, 200.0, 200.0, 200.0, 200.0, 200.0]",1,5178.48,96.2467,0.147791,0.996949,0.13,"[14.4897, 15.0, 16.7292, 20.4872, 28.9689, 42.3407, 55.9402, 83.3441, 166.469, 173.509, 5.86934, 2.94233, 1.97328, 1.49295, 1.02102, 0.721861, 0.589345, 0.528358, 0.510326]",-0.931957,"[81.8459, 80.024, 83.0932, 81.1524]",0.339817
0.42,-0.00966787,0.0,0.0,17.684,0.0,190.613,290.612,93.8913,3,"[200.0, 200.0, 200.0, 200.0, 200.0, 200.0, 200.0, 200.0, 200.0, 200.0, 200.0, 200.0, 200.0, 200.0, 200.0, 200.0, 200.0, 200.0, 200.0, 200.0, 200.0, 200.0, 200.0, 200.0, 200.0, 200.0, 200.0, 200.0, 200.0, 200.0, 200.0, 200.0, 200.0, 200.0, 200.0, 200.0]",1,5241.27,96.2872,-0.2109,0.992294,0.131,"[14.4878, 14.9601, 16.6362, 20.2927, 28.4984, 41.2634, 54.0272, 79.0951, 149.687, 184.191, 6.61592, 3.12499, 2.05585, 1.54052, 1.04326, 0.732424, 0.595564, 0.532367, 0.512895]",-0.931617,"[82.0524, 79.7234, 85.0422, 82.1848]",0.340209
0.406,-0.0187252,0.0,0.0,17.706,0.0,191.202,291.201,93.8911,3,"[200.0, 200.0, 200.0, 200.0, 200.0, 200.0, 200.0, 200.0, 200.0, 200.0, 200.0, 200.0, 200.0, 200.0, 200.0, 200.0, 200.0, 200.0, 200.0, 200.0, 200.0, 200.0, 200.0, 200.0, 200.0, 200.0, 200.0, 200.0, 200.0, 200.0, 200.0, 200.0, 200.0, 200.0, 200.0, 200.0]",1,5247.24,96.3786,-0.488751,0.96425,0.13,"[14.4834, 14.9195, 16.5451, 20.1061, 28.0568, 40.2745, 52.3041, 75.3988, 136.879, 190.924, 7.57957, 3.34523, 2.15676, 1.60037, 1.0732, 0.748268, 0.60607, 0.540223, 0.519197]",-0.930786,"[81.9072, 79.8523, 84.2156, 82.3795]",0.339526
0.401,-0.0280715,0.0,0.0,17.728,0.0,191.791,291.79,93.8909,3,"[200.0, 200.0, 200.0, 200.0, 200.0, 200.0, 200.0, 200.0, 200.0, 200.0, 200.0, 200.0, 200.0, 200.0, 200.0, 200.0, 200.0, 200.0, 200.0, 200.0, 200.0, 200.0, 200.0, 200.0, 200.0, 200.0, 200.0, 200.0, 200.0, 200.0, 200.0, 200.0, 200.0, 200.0, 200.0, 200.0]",1,5185.38,96.4747,-0.622274,1.10261,0.13,"[14.4769, 14.8756, 16.4498, 19.9142, 27.6109, 39.296, 50.6288, 71.9167, 125.746, 196.536, 8.93902, 3.6237, 2.28335, 1.67613, 1.11218, 0.769797, 0.620955, 0.551859, 0.529045]",-0.929488,"[82.1202, 79.8882, 83.6866, 81.2087]",0.339619
0.427,-0.0353191,0.0,0.0,17.75,0.0,192.38,292.38,93.8908,3,"[200.0, 200.0, 200.0, 200.0, 200.0, 200.0, 200.0, 200.0, 200.0, 200.0, 200.0, 200.0, 200.0, 200.0, 200.0, 200.0, 200.0, 200.0, 200.0, 200.0, 200.0, 200.0, 200.0, 200.0, 200.0, 200.0, 200.0, 200.0, 200.0, 200.0, 200.0, 200.0, 200.0, 200.0, 200.0, 200.0]",1,5272.72,96.5288,-1.22881,0.941429,-0.8,"[14.4669, 14.8368, 16.371, 19.761, 27.2652, 38.5554, 49.3837, 69.4038, 118.237, 200.0, 10.4409, 3.90687, 2.41433, 1.75662, 1.15567, 0.795273, 0.639439, 0.566978, 0.542474]",-0.927715,"[81.7644, 80.0942, 83.0115, 84.0037]",0.336646
0.439,-0.0350859,0.0,0.0,17.772,0.0,192.97,292.97,93.8906,3,"[200.0, 200.0, 200.0, 200.0, 200.0, 200.0, 200.0, 200.0, 200.0, 200.0, 200.0, 200.0, 200.0, 200.0, 200.0, 200.0, 200.0, 200.0, 200.0, 200.0, 200.0, 200.0, 200.0, 200.0, 200.0, 200.0, 200.0, 200.0, 200.0, 200.0, 200.0, 200.0, 200.0, 200.0, 200.0, 200.0]",1,5214.71,96.5636,-1.87618,1.18825,-0.8,"[14.4561, 14.8266, 16.3609, 19.7507, 27.2551, 38.5491, 49.3847, 69.4284, 118.373, 199.433, 10.5995, 3.97736, 2.45949, 1.79, 1.17797, 0.810767, 0.651965, 0.578127, 0.553176]",-0.926289,"[80.2857, 80.3539, 82.7829, 82.5504]",0.338341
0.458,-0.027692,0.0,0.0,17.794,0.0,193.56,293.56,93.8904,3,"[200.0, 200.0, 200.0, 200.0, 200.0, 200.0, 200.0, 200.0, 200.0, 200.0, 200.0, 200.0, 200.0, 200.0, 200.0, 200.0, 200.0, 200.0, 200.0, 200.0, 200.0, 200.0, 200.0, 200.0, 200.0, 200.0, 200.0, 200.0, 200.0, 200.0, 200.0, 200.0, 200.0, 200.0, 200.0, 200.0]",1,5300.45,96.4954,-1.84331,1.19055,-0.8,"[14.4449, 14.8443, 16.417, 19.8776, 27.5673, 39.2474, 50.5821, 71.8917, 125.882, 194.477, 9.41561, 3.83147, 2.41663, 1.77477, 1.17815, 0.815703, 0.658095, 0.584937, 0.560812]",-0.925254,"[78.6391, 80.3274, 84.1794, 83.8235]",0.334812
0.435,-0.0144572,0.0,0.0,17.816,0.0,194.15,294.149,93.8902,3,"[200.0, 200.0, 200.0, 200.0, 200.0, 200.0, 200.0, 200.0, 200.0, 200.0, 200.0, 200.0, 200.0, 200.0, 200.0, 200.0, 200.0, 200.0, 200.0, 200.0, 200.0, 200.0, 200.0, 200.0, 200.0, 200.0, 200.0, 200.0, 200.0, 200.0, 200.0, 200.0, 200.0, 200.0, 200.0, 200.0]",1,5222.17,96.4773,-1.45792,1.26418,-0.8,"[14.4382, 14.8899, 16.5338, 20.1278, 28.171, 40.6018, 52.9291, 76.8455, 142.166, 184.747, 7.74293, 3.53378, 2.30063, 1.71516, 1.15557, 0.808339, 0.655939, 0.585458, 0.563318]",-0.924899,"[77.6868, 80.8397, 82.3064, 83.7307]",0.336764
0.414,0.00165139,0.0,0.0,17.838,0.0,194.739,294.739,93.8901,3,"[200.0, 200.0, 200.0, 200.0, 200.0, 200.0, 200.0, 200.0, 200.0, 200.0, 200.0, 200.0, 200.0, 200.0, 200.0, 200.0, 200.0, 200.0, 200.0, 200.0, 200.0, 200.0, 200.0, 200.0, 200.0, 200.0, 200.0, 200.0, 200.0, 200.0, 200.0, 200.0, 200.0, 200.0, 200.0, 200.0]",1,5272.21,96.3647,-1.05607,1.40304,0.129,"[14.44, 14.956, 16.6898, 20.455, 28.9628, 42.4121, 56.1378, 83.9427, 200.0, 165.808, 6.3067, 3.19522, 2.15058, 1.63005, 1.11689, 0.790711, 0.646063, 0.57954, 0.56004]",-0.925328,"[78.2403, 82.6398, 82.048, 85.055]",0.336941
0.543,0.0193112,0.0,0.0,17.86,0.0,195.329,295.328,93.8898,3,"[200.0, 200.0, 200.0, 200.0, 200.0, 200.0, 200.0, 200.0, 200.0, 200.0, 200.0, 200.0, 200.0, 200.0, 200.0, 200.0, 200.0, 200.0, 200.0, 200.0, 200.0, 200.0, 200.0, 200.0, 200.0, 200.0, 200.0, 200.0, 200.0, 200.0, 200.0, 200.0, 200.0, 200.0, 200.0, 200.0]",1,5315.1,96.4797,-0.0190083,1.46005,0.13,"[14.4515, 15.0392, 16.8754, 20.84, 29.9034, 44.6212, 60.1737, 93.46, 200.0, 28.5428, 5.18126, 2.86121, 1.98672, 1.53057, 1.06684, 0.764834, 0.629526, 0.567773, 0.551265]",-0.926512,"[79.2057, 83.0485, 84.1148, 84.2943]",0.336081
0.189,0.0303303,0.0,0.0,17.882,0.0,195.919,295.918,93.8898,3,"[200.0, 200.0, 200.0, 200.0, 200.0, 200.0, 200.0, 200.0, 200.0, 200.0, 200.0, 200.0, 200.0, 200.0, 200.0, 200.0, 200.0, 200.0, 200.0, 200.0, 200.0, 200.0, 200.0, 200.0, 200.0, 200.0, 200.0, 200.0, 200.0, 200.0, 200.0, 200.0, 200.0, 200.0, 200.0, 200.0]",1,5173.69,96.5103,1.44531,1.40659,0.128,"[14.465, 15.098, 17.0005, 21.0966, 30.5345, 46.1387, 63.0245, 100.612, 200.0, 17.8622, 4.61691, 2.66271, 1.88089, 1.46259, 1.02975, 0.74384, 0.614997, 0.556525, 0.541932]",-0.927776,"[79.7046, 82.0531, 81.1224, 83.2278]",0.339603
0.121,0.0344943,0.0,0.0,17.904,0.0,196.508,296.507,93.8898,3,"[200.0, 200.0, 200.0, 200.0, 200.0, 200.0, 200.0, 200.0, 200.0, 200.0, 200.0, 200.0, 200.0, 200.0, 200.0, 200.0, 200.0, 200.0, 200.0, 200.0, 200.0, 200.0, 200.0, 200.0, 200.0, 200.0, 200.0, 200.0, 200.0, 200.0, 200.0, 200.0, 200.0, 200.0, 200.0, 200.0]",1,5152.23,96.4366,1.83086,1.54073,0.129,"[14.4762, 15.1268, 17.0555, 21.2042, 30.7929, 46.7588, 64.1998, 103.65, 200.0, 15.4373, 4.38328, 2.56565, 1.82341, 1.42266, 1.00533, 0.728236, 0.603105, 0.54645, 0.53271]",-0.929014,"[80.5374, 81.1931, 81.3762, 82.0491]",0.338442
0.11,0.0332142,0.0,0.0,17.926,0.0,197.097,297.096,93.8898,3,"[200.0, 200.0, 200.0, 200.0, 200.0, 200.0, 200.0, 200.0, 200.0, 200.0, 200.0, 200.0, 200.0, 200.0, 200.0, 200.0, 200.0, 200.0, 200.0, 200.0, 200.0, 200.0, 200.0, 200.0, 200.0, 200.0, 200.0, 200.0, 200.0, 200.0, 200.0, 200.0, 200.0, 200.0, 200.0, 200.0]",1,5145.71,96.3531,1.8504,1.44872,0.129,"[14.4838, 15.1295, 17.0516, 21.1872, 30.7366, 46.6022, 63.8829, 102.776, 200.0, 15.7837, 4.36099, 2.54124, 1.80272, 1.40508, 0.991791, 0.717812, 0.594167, 0.538143, 0.524434]",-0.930114,"[81.2092, 80.8677, 81.9438, 81.4208]",0.340805
0.118,0.0288435,0.0,0.0,17.948,0.0,197.686,297.685,93.8898,3,"[200.0, 200.0, 200.0, 200.0, 200.0, 200.0, 200.0, 200.0, 200.0, 200.0, 200.0, 200.0, 200.0, 200.0, 200.0, 200.0, 200.0, 200.0, 200.0, 200.0, 200.0, 200.0, 200.0, 200.0, 200.0, 200.0, 200.0, 200.0, 200.0, 200.0, 200.0, 200.0, 200.0, 200.0, 200.0, 200.0]",1,5143.86,96.2859,1.61066,1.45058,0.129,"[14.4901, 15.1181, 17.0151, 21.1009, 30.5046, 46.0136, 62.741, 99.7699, 200.0, 17.8901, 4.45355, 2.55445, 1.80041, 1.3983, 0.983179, 0.709484, 0.58624, 0.530264, 0.516155]",-0.931208,"[81.6318, 80.3403, 82.1737, 81.1329]",0.340909
0.146,0.0225082,0.0,0.0,17.97,0.0,198.274,298.273,93.8898,3,"[200.0, 200.0, 200.0, 200.0, 200.0, 200.0, 200.0, 200.0, 200.0, 200.0, 200.0, 200.0, 200.0, 200.0, 200.0, 200.0, 200.0, 200.0, 200.0, 200.0, 200.0, 200.0, 200.0, 200.0, 200.0, 200.0, 200.0, 200.0, 200.0, 200.0, 200.0, 200.0, 200.0, 200.0, 200.0, 200.0]",1,5142.96,96.2429,1.14858,1.406,0.129,"[14.4947, 15.0971, 16.9575, 20.9707, 30.1657, 45.1738, 61.1401, 95.6885, 200.0, 22.6135, 4.6456, 2.59974, 1.81447, 1.40174, 0.979941, 0.704091, 0.580287, 0.523874, 0.509075]",-0.93214,"[81.6341, 80.218, 82.3824, 80.9036]",0.341096
0.194,0.0150085,0.0,0.0,17.992,0.0,198.862,298.861,93.8898,3,"[200.0, 200.0, 200.0, 200.0, 200.0, 200.0, 200.0, 200.0, 200.0, 200.0, 200.0, 200.0, 200.0, 200.0, 200.0, 200.0, 200.0, 200.0, 200.0, 200.0, 200.0, 200.0, 200.0, 200.0, 200.0, 200.0, 200.0, 200.0, 200.0, 200.0, 200.0, 200.0, 200.0, 200.0, 200.0, 200.0]",1,5180.98,96.1988,0.792835,1.30721,0.129,"[14.4981, 15.0701, 16.8873, 20.8159, 29.7702, 44.2129, 59.3404, 91.2596, 200.0, 33.551, 4.93189, 2.67255, 1.8425, 1.41408, 0.981654, 0.701648, 0.576497, 0.519264, 0.503587]",-0.932863,"[81.7663, 79.8938, 82.6354, 81.754]",0.341686
0.224,0.00719404,0.0,0.0,18.014,0.0,199.45,299.449,93.8897,3,"[200.0, 200.0, 200.0, 200.0, 200.0, 200.0, 200.0, 200.0, 200.0, 200.0, 200.0, 200.0, 200.0, 200.0, 200.0, 200.0, 200.0, 200.0, 200.0, 200.0, 200.0, 200.0, 200.0, 200.0, 200.0, 200.0, 200.0, 200.0, 200.0, 200.0, 200.0, 200.0, 200.0, 200.0, 200.0, 200.0]",1,5162.5,96.2021,0.401535,1.24352,0.129,"[14.5002, 15.0407, 16.8132, 20.6549, 29.3663, 43.2505, 57.57, 87.055, 200.0, 69.5313, 5.30332, 2.76774, 1.88217, 1.4342, 0.988131, 0.702367, 0.575217, 0.516871, 0.500222]",-0.933306,"[81.7713, 80.0031, 82.7801, 81.006]",0.341354
0.315,-0.0017939,0.0,0.0,18.036,0.0,200.038,300.037,93.8896,3,"[200.0, 200.0, 200.0, 200.0, 200.0, 200.0, 200.0, 200.0, 200.0, 200.0, 200.0, 200.0, 200.0, 200.0, 200.0, 200.0, 200.0, 200.0, 200.0, 200.0, 200.0, 200.0, 200.0, 200.0, 200.0, 200.0, 200.0, 200.0, 200.0, 200.0, 200.0, 200.0, 200.0, 200.0, 200.0, 200.0]",1,5190.07,96.2135,-0.00126244,1.10042,0.13,"[14.5002, 15.0045, 16.7261, 20.4697, 28.9106, 42.1878, 55.6519, 82.6624, 200.0, 165.737, 5.85479, 2.90791, 1.94416, 1.4686, 1.00275, 0.708117, 0.577736, 0.517696, 0.499816]",-0.933358,"[81.8549, 79.7377, 83.8412, 81.6503]",0.341087
0.543,-0.0101345,0.0,0.0,18.058,0.0,200.626,300.625,93.8894,3,"[200.0, 200.0, 200.0, 200.0, 200.0, 200.0, 200.0, 200.0, 200.0, 200.0, 200.0, 200.0, 200.0, 200.0, 200.0, 200.0, 200.0, 200.0, 200.0, 200.0, 200.0, 200.0, 200.0, 200.0, 200.0, 200.0, 200.0, 200.0, 200.0, 200.0, 200.0, 200.0, 200.0, 200.0, 200.0, 200.0]",1,5312.66,96.3054,-0.141213,1.26055,0.131,"[14.4983, 14.9691, 16.6438, 20.2979, 28.4963, 41.2417, 53.9755, 78.9542, 149.079, 174.048, 6.52094, 3.07026, 2.01783, 1.5113, 1.02296, 0.717919, 0.583653, 0.521643, 0.502501]",-0.933003,"[81.8343, 79.8557, 85.3868, 83.2095]",0.340536
0.354,-0.0199588,0.0,0.0,18.08,0.0,201.215,301.214,93.8892,3,"[200.0, 200.0, 200.0, 200.0, 200.0, 200.0, 200.0, 200.0, 200.0, 200.0, 200.0, 200.0, 200.0, 200.0, 200.0, 200.0, 200.0, 200.0, 200.0, 200.0, 200.0, 200.0, 200.0, 200.0, 200.0, 200.0, 200.0, 200.0, 200.0, 200.0, 200.0, 200.0, 200.0, 200.0, 200.0, 200.0]",1,5172.74,96.4286,-0.458464,1.27095,0.13,"[14.494, 14.9254, 16.5455, 20.0964, 28.0192, 40.1743, 52.1178, 74.9793, 135.405, 181.01, 7.56662, 3.30546, 2.12496, 1.5746, 1.05448, 0.734509, 0.594605, 0.529798, 0.509009]",-0.932146,"[82.1317, 79.8272, 83.6703, 80.6331]",0.340198
0.376,-0.0287378,0.0,0.0,18.102,0.0,201.804,301.804,93.8891,3,"[200.0, 200.0, 200.0, 200.0, 200.0, 200.0, 200.0, 200.0, 200.0, 200.0, 200.0, 200.0, 200.0, 200.0, 200.0, 200.0, 200.0, 200.0, 200.0, 200.0, 200.0, 200.0, 200.0, 200.0, 200.0, 200.0, 200.0, 200.0, 200.0, 200.0, 200.0, 200.0, 200.0, 200.0, 200.0, 200.0]",1,5262.64,96.4539,-0.818358,1.01987,0.13,"[14.4868, 14.8832, 16.4548, 19.9149, 27.5994, 39.2562, 50.5497, 71.732, 125.11, 185.999, 8.87576, 3.57374, 2.24799, 1.64886, 1.09324, 0.756289, 0.609878, 0.541901, 0.519404]",-0.930775,"[81.9448, 79.9679, 83.0154, 83.746]",0.340079
0.375,-0.0355608,0.0,0.0,18.124,0.0,202.394,302.393,93.8889,3,"[200.0, 200.0, 200.0, 200.0, 200.0, 200.0, 200.0, 200.0, 200.0, 200.0, 200.0, 200.0, 200.0, 200.0, 200.0, 200.0, 200.0, 200.0, 200.0, 200.0, 200.0, 200.0, 200.0, 200.0, 200.0, 200.0, 200.0, 200.0, 200.0, 200.0, 200.0, 200.0, 200.0, 200.0, 200.0, 200.0]",1,5198.6,96.5395,-1.29089,1.24431,-0.8,"[14.4775, 14.8467, 16.3808, 19.7709, 27.2744, 38.5604, 49.3806, 69.3755, 118.091, 189.271, 10.2864, 3.83775, 2.37001, 1.72385, 1.13379, 0.780059, 0.627138, 0.556028, 0.531962]",-0.929117,"[81.8531, 80.3006, 83.0172, 81.9048]",0.339883
0.406,-0.0358879,0.0,0.0,18.146,0.0,202.984,302.983,93.8887,3,"[200.0, 200.0, 200.0, 200.0, 200.0, 200.0, 200.0, 200.0, 200.0, 200.0, 200.0, 200.0, 200.0, 200.0, 200.0, 200.0, 200.0, 200.0, 200.0, 200.0, 200.0, 200.0, 200.0, 200.0, 200.0, 200.0, 200.0, 200.0, 200.0, 200.0, 200.0, 200.0, 200.0, 200.0, 200.0, 200.0]",1,5250.61,96.5089,-1.90415,1.16787,-0.8,"[14.466, 14.8336, 16.3647, 19.749, 27.2382, 38.4983, 49.2882, 69.2135, 117.684, 188.832, 10.5786, 3.93105, 2.42539, 1.7634, 1.15935, 0.797434, 0.641012, 0.56827, 0.543626]",-0.927563,"[80.3281, 80.1375, 83.6317, 83.588]",0.336351
0.42,-0.028193,0.0,0.0,18.168,0.0,203.574,303.573,93.8886,3,"[200.0, 200.0, 200.0, 200.0, 200.0, 200.0, 200.0, 200.0, 200.0, 200.0, 200.0, 200.0, 200.0, 200.0, 200.0, 200.0, 200.0, 200.0, 200.0, 200.0, 200.0, 200.0, 200.0, 200.0, 200.0, 200.0, 200.0, 200.0, 200.0, 200.0, 200.0, 200.0, 200.0, 200.0, 200.0, 200.0]",1,5250.92,96.4655,-1.841,1.32114,-0.8,"[14.455, 14.8527, 16.4238, 19.8818, 27.5637, 39.2245, 50.5316, 71.7655, 125.424, 183.845, 9.3282, 3.77681, 2.37908, 1.74615, 1.15848, 0.801767, 0.646708, 0.574725, 0.550947]",-0.92657,"[78.6054, 80.1891, 83.1771, 83.6827]",0.33751
0.4,-0.0150915,0.0,0.0,18.19,0.0,204.163,304.162,93.8884,3,"[200.0, 200.0, 200.0, 200.0, 200.0, 200.0, 200.0, 200.0, 200.0, 200.0, 200.0, 200.0, 200.0, 200.0, 200.0, 200.0, 200.0, 200.0, 200.0, 200.0, 200.0, 200.0, 200.0, 200.0, 200.0, 200.0, 200.0, 200.0, 200.0, 200.0, 200.0, 200.0, 200.0, 200.0, 200.0, 200.0]",1,5220.91,96.3476,-1.62628,1.48285,-0.8,"[14.448, 14.8974, 16.539, 20.1288, 28.1599, 40.5612, 52.8462, 76.6426, 141.383, 174.549, 7.67734, 3.48707, 2.267, 1.68893, 1.13711, 0.795041, 0.644971, 0.575554, 0.553694]",-0.926183,"[77.576, 80.9944, 81.1664, 84.756]",0.337001
0.404,0.00217951,0.0,0.0,18.212,0.0,204.752,304.751,93.8882,3,"[200.0, 200.0, 200.0, 200.0, 200.0, 200.0, 200.0, 200.0, 200.0, 200.0, 200.0, 200.0, 200.0, 200.0, 200.0, 200.0, 200.0, 200.0, 200.0, 200.0, 200.0, 200.0, 200.0, 200.0, 200.0, 200.0, 200.0, 200.0, 200.0, 200.0, 200.0, 200.0, 200.0, 200.0, 200.0, 200.0]",1,5212.92,96.3228,-0.8984,1.50928,0.129,"[14.4494, 14.9679, 16.7058, 20.4792, 29.0084, 42.5018, 56.2862, 84.2524, 200.0, 154.727, 6.16391, 3.13208, 2.1102, 1.60027, 1.09707, 0.776977, 0.634983, 0.569694, 0.550603]",-0.926586,"[77.9754, 82.1611, 81.4897, 83.9639]",0.335453
0.513,0.020592,0.0,0.0,18.234,0.0,205.34,305.339,93.888,3,"[200.0, 200.0, 200.0, 200.0, 200.0, 200.0, 200.0, 200.0, 200.0, 200.0, 200.0, 200.0, 200.0, 200.0, 200.0, 200.0, 200.0, 200.0, 200.0, 200.0, 200.0, 200.0, 200.0, 200.0, 200.0, 200.0, 200.0, 200.0, 200.0, 200.0, 200.0, 200.0, 200.0, 200.0, 200.0, 200.0]",1,5287.09,96.3521,0.102792,1.52757,0.13,"[14.4615, 15.0547, 16.8996, 20.8817, 29.9929, 44.8186, 60.5271, 94.2939, 200.0, 26.3018, 5.03084, 2.79318, 1.94352, 1.49895, 1.04605, 0.750595, 0.61813, 0.557712, 0.541682]",-0.927791,"[78.9829, 83.2238, 83.2003, 85.5014]",0.338194
0.201,0.0336122,0.0,0.0,18.256,0.0,205.929,305.928,93.8879,3,"[200.0, 200.0, 200.0, 200.0, 200.0, 200.0, 200.0, 200.0, 200.0, 200.0, 200.0, 200.0, 200.0, 200.0, 200.0, 200.0, 200.0, 200.0, 200.0, 200.0, 200.0, 200.0, 200.0, 200.0, 200.0, 200.0, 200.0, 200.0, 200.0, 200.0, 200.0, 200.0, 200.0, 200.0, 200.0, 200.0]",1,5165.44,96.3953,1.39891,1.72761,0.129,"[14.4777, 15.1247, 17.0484, 21.187, 30.7461, 46.6387, 63.9645, 103.019, 194.332, 15.7846, 4.39904, 2.56699, 1.82204, 1.42059, 1.00309, 0.726185, 0.601193, 0.544573, 0.530756]",-0.929272,"[79.2657, 81.948, 80.8916, 83.0945]",0.336854
0.114,0.0382272,0.0,0.0,18.278,0.0,206.518,306.517,93.8879,3,"[200.0, 200.0, 200.0, 200.0, 200.0, 200.0, 200.0, 200.0, 200.0, 200.0, 200.0, 200.0, 200.0, 200.0, 200.0, 200.0, 200.0, 200.0, 200.0, 200.0, 200.0, 200.0, 200.0, 200.0, 200.0, 200.0, 200.0, 200.0, 200.0, 200.0, 200.0, 200.0, 200.0, 200.0, 200.0, 200.0]",1,5141.58,96.2991,2.03222,1.69305,0.129,"[14.4897, 15.1562, 17.109, 21.3064, 31.0353, 47.3394, 65.3053, 106.555, 191.498, 13.6295, 4.16167, 2.46683, 1.76248, 1.37918, 0.977776, 0.710037, 0.588911, 0.534188, 0.521274]",-0.930548,"[80.4624, 81.4419, 81.3035, 81.9376]",0.339398
0.074,0.0375061,0.0,0.0,18.3,0.0,207.106,307.106,93.8879,3,"[200.0, 200.0, 200.0, 200.0, 200.0, 200.0, 200.0, 200.0, 200.0, 200.0, 200.0, 200.0, 200.0, 200.0, 200.0, 200.0, 200.0, 200.0, 200.0, 200.0, 200.0, 200.0, 200.0, 200.0, 200.0, 200.0, 200.0, 200.0, 200.0, 200.0, 200.0, 200.0, 200.0, 200.0, 200.0, 200.0]",1,5126.0,96.2019,2.07972,1.73772,0.129,"[14.4994, 15.1634, 17.1133, 21.3047, 31.0146, 47.2665, 65.1443, 106.072, 191.156, 13.6213, 4.1042, 2.42696, 1.73224, 1.35475, 0.959861, 0.696694, 0.577679, 0.523886, 0.511123]",-0.931898,"[81.2754, 80.6144, 81.6137, 81.1819]",0.33995
0.086,0.0333816,0.0,0.0,18.322,0.0,207.694,307.693,93.8879,3,"[200.0, 200.0, 200.0, 200.0, 200.0, 200.0, 200.0, 200.0, 200.0, 200.0, 200.0, 200.0, 200.0, 200.0, 200.0, 200.0, 200.0, 200.0, 200.0, 200.0, 200.0, 200.0, 200.0, 200.0, 200.0, 200.0, 200.0, 200.0, 200.0, 200.0, 200.0, 200.0, 200.0, 200.0, 200.0, 200.0]",1,5126.77,96.123,1.67977,1.63188,0.129,"[14.5068, 15.1541, 17.0803, 21.2245, 30.7948, 46.6997, 64.0299, 103.059, 192.384, 15.0196, 4.16503, 2.42847, 1.72314, 1.34323, 0.948279, 0.686397, 0.568201, 0.514652, 0.501564]",-0.933162,"[81.3559, 80.4696, 81.8884, 80.8631]",0.340597
0.122,0.0270393,0.0,0.0,18.344,0.0,208.281,308.28,93.8879,3,"[200.0, 200.0, 200.0, 200.0, 200.0, 200.0, 200.0, 200.0, 200.0, 200.0, 200.0, 200.0, 200.0, 200.0, 200.0, 200.0, 200.0, 200.0, 200.0, 200.0, 200.0, 200.0, 200.0, 200.0, 200.0, 200.0, 200.0, 200.0, 200.0, 200.0, 200.0, 200.0, 200.0, 200.0, 200.0, 200.0]",1,5136.17,96.059,1.31325,1.55105,0.129,"[14.513, 15.1346, 17.024, 21.095, 30.4525, 45.8393, 62.3692, 98.7189, 194.522, 18.21, 4.31649, 2.45905, 1.72843, 1.34039, 0.940934, 0.678167, 0.559953, 0.506211, 0.492506]",-0.934357,"[81.558, 79.9253, 82.2488, 80.8101]",0.341053
0.171,0.0199066,0.0,0.0,18.366,0.0,208.868,308.867,93.8879,3,"[200.0, 200.0, 200.0, 200.0, 200.0, 200.0, 200.0, 200.0, 200.0, 200.0, 200.0, 200.0, 200.0, 200.0, 200.0, 200.0, 200.0, 200.0, 200.0, 200.0, 200.0, 200.0, 200.0, 200.0, 200.0, 200.0, 200.0, 200.0, 200.0, 200.0, 200.0, 200.0, 200.0, 200.0, 200.0, 200.0]",1,5139.57,96.0253,0.879222,1.53043,0.129,"[14.5181, 15.1109, 16.959, 20.9488, 30.0733, 44.9044, 60.5961, 94.2481, 196.864, 24.3536, 4.53187, 2.50892, 1.74379, 1.34412, 0.937397, 0.672312, 0.553507, 0.499302, 0.484861]",-0.935365,"[81.5249, 79.8709, 82.3479, 80.7791]",0.341785
0.226,0.0114495,0.0,0.0,18.388,0.0,209.455,309.454,93.8878,3,"[200.0, 200.0, 200.0, 200.0, 200.0, 200.0, 200.0, 200.0, 200.0, 200.0, 200.0, 200.0, 200.0, 200.0, 200.0, 200.0, 200.0, 200.0, 200.0, 200.0, 200.0, 200.0, 200.0, 200.0, 200.0, 200.0, 200.0, 200.0, 200.0, 200.0, 200.0, 200.0, 200.0, 200.0, 200.0, 200.0]",1,5143.78,96.0087,0.438516,1.34815,0.13,"[14.5215, 15.08, 16.8795, 20.7743, 29.6305, 43.8369, 58.6111, 89.4332, 199.655, 41.8806, 4.86528, 2.59313, 1.77685, 1.3593, 0.940416, 0.670485, 0.550081, 0.494931, 0.479533]",-0.936066,"[81.6522, 79.6503, 82.8422, 80.9429]",0.34074
0.29,0.00330881,0.0,0.0,18.41,0.0,210.042,310.041,93.8877,3,"[200.0, 200.0, 200.0, 200.0, 200.0, 200.0, 200.0, 200.0, 200.0, 200.0, 200.0, 200.0, 200.0, 200.0, 200.0, 200.0, 200.0, 200.0, 200.0, 200.0, 200.0, 200.0, 200.0, 200.0, 200.0, 200.0, 200.0, 200.0, 200.0, 200.0, 200.0, 200.0, 200.0, 200.0, 200.0, 200.0]",1,5198.39,96.0012,0.236688,1.49436,0.13,"[14.5233, 15.049, 16.8021, 20.6072, 29.214, 42.8528, 56.8152, 85.2357, 200.0, 143.381, 5.2713, 2.6952, 1.81974, 1.38151, 0.948165, 0.672073, 0.549511, 0.493182, 0.4768]",-0.936427,"[81.5865, 79.6562, 83.356, 81.4617]",0.34149
0.501,-0.00613013,0.0,0.0,18.432,0.0,210.629,310.628,93.8875,3,"[200.0, 200.0, 200.0, 200.0, 200.0, 200.0, 200.0, 200.0, 200.0, 200.0, 200.0, 200.0, 200.0, 200.0, 200.0, 200.0, 200.0, 200.0, 200.0, 200.0, 200.0, 200.0, 200.0, 200.0, 200.0, 200.0, 200.0, 200.0, 200.0, 200.0, 200.0, 200.0, 200.0, 200.0, 200.0, 200.0]",1,5176.83,96.1438,-0.213169,1.38908,0.131,"[14.523, 15.0106, 16.7105, 20.4134, 28.7408, 41.759, 54.8574, 80.8245, 200.0, 159.718, 5.88926, 2.84777, 1.88739, 1.41949, 0.964879, 0.679192, 0.553116, 0.494968, 0.477317]",-0.936359,"[81.781, 79.5476, 83.908, 81.088]",0.340692
0.551,-0.01499,0.0,0.0,18.454,0.0,211.216,311.216,93.8872,3,"[200.0, 200.0, 200.0, 200.0, 200.0, 200.0, 200.0, 200.0, 200.0, 200.0, 200.0, 200.0, 200.0, 200.0, 200.0, 200.0, 200.0, 200.0, 200.0, 200.0, 200.0, 200.0, 200.0, 200.0, 200.0, 200.0, 200.0, 200.0, 200.0, 200.0, 200.0, 200.0, 200.0, 200.0, 200.0, 200.0]",1,5310.07,96.2326,-0.33944,1.44519,0.132,"[14.5201, 14.9722, 16.6225, 20.2313, 28.3053, 40.7746, 53.129, 77.066, 142.229, 166.644, 6.66778, 3.03086, 1.97086, 1.46847, 0.988791, 0.691391, 0.560911, 0.500557, 0.481559]",-0.935799,"[81.8507, 79.671, 83.1584, 84.9287]",0.3404
0.335,-0.0247647,0.0,0.0,18.476,0.0,211.805,311.804,93.887,3,"[200.0, 200.0, 200.0, 200.0, 200.0, 200.0, 200.0, 200.0, 200.0, 200.0, 200.0, 200.0, 200.0, 200.0, 200.0, 200.0, 200.0, 200.0, 200.0, 200.0, 200.0, 200.0, 200.0, 200.0, 200.0, 200.0, 200.0, 200.0, 200.0, 200.0, 200.0, 200.0, 200.0, 200.0, 200.0, 200.0]",1,5179.8,96.3357,-0.630695,1.42879,0.131,"[14.5148, 14.9278, 16.5239, 20.0309, 27.8354, 39.7344, 51.3354, 73.2917, 129.792, 172.602, 7.83923, 3.28162, 2.08519, 1.53665, 1.0235, 0.710271, 0.573774, 0.510463, 0.489797]",-0.934714,"[82.0537, 79.7699, 83.0637, 81.3841]",0.341
0.361,-0.0334058,0.0,0.0,18.498,0.0,212.393,312.393,93.8869,3,"[200.0, 200.0, 200.0, 200.0, 200.0, 200.0, 200.0, 200.0, 200.0, 200.0, 200.0, 200.0, 200.0, 200.0, 200.0, 200.0, 200.0, 200.0, 200.0, 200.0, 200.0, 200.0, 200.0, 200.0, 200.0, 200.0, 200.0, 200.0, 200.0, 200.0, 200.0, 200.0, 200.0, 200.0, 200.0, 200.0]",1,5275.17,96.3335,-0.926551,1.25261,0.13,"[14.5066, 14.885, 16.4337, 19.852, 27.4257, 38.8476, 49.8339, 70.2298, 120.44, 176.987, 9.31597, 3.56551, 2.21507, 1.6155, 1.06526, 0.734191, 0.590831, 0.524198, 0.501802]",-0.93313,"[81.8986, 79.9084, 83.8719, 83.631]",0.340384
0.361,-0.0406085,0.0,0.0,18.52,0.0,212.982,312.982,93.8867,3,"[200.0, 200.0, 200.0, 200.0, 200.0, 200.0, 200.0, 200.0, 200.0, 200.0, 200.0, 200.0, 200.0, 200.0, 200.0, 200.0, 200.0, 200.0, 200.0, 200.0, 200.0, 200.0, 200.0, 200.0, 200.0, 200.0, 200.0, 200.0, 200.0, 200.0, 200.0, 200.0, 200.0, 200.0, 200.0, 200.0]",1,5240.2,96.4094,-1.31227,1.30896,-0.8,"[14.495, 14.8447, 16.3537, 19.6986, 27.084, 38.1246, 48.6302, 67.8408, 113.569, 180.151, 11.0837, 3.87162, 2.35631, 1.70281, 1.1131, 0.762677, 0.611772, 0.541529, 0.517382]",-0.931073,"[81.4371, 80.072, 83.9607, 82.1059]",0.34026
0.391,-0.0418441,0.0,0.0,18.542,0.0,213.572,313.571,93.8865,3,"[200.0, 200.0, 200.0, 200.0, 200.0, 200.0, 200.0, 200.0, 200.0, 200.0, 200.0, 200.0, 200.0, 200.0, 200.0, 200.0, 200.0, 200.0, 200.0, 200.0, 200.0, 200.0, 200.0, 200.0, 200.0, 200.0, 200.0, 200.0, 200.0, 200.0, 200.0, 200.0, 200.0, 200.0, 200.0, 200.0]",1,5214.72,96.3996,-1.98119,1.35327,-0.8,"[14.4811, 14.8257, 16.3267, 19.6564, 27.004, 37.972, 48.3897, 67.3915, 112.375, 180.153, 11.7062, 4.01769, 2.43618, 1.75767, 1.1472, 0.785247, 0.629525, 0.557022, 0.532006]",-0.929128,"[80.4156, 79.9771, 83.9115, 81.8595]",0.33882
0.411,-0.0351799,0.0,0.0,18.564,0.0,214.161,314.16,93.8864,3,"[200.0, 200.0, 200.0, 200.0, 200.0, 200.0, 200.0, 200.0, 200.0, 200.0, 200.0, 200.0, 200.0, 200.0, 200.0, 200.0, 200.0, 200.0, 200.0, 200.0, 200.0, 200.0, 200.0, 200.0, 200.0, 200.0, 200.0, 200.0, 200.0, 200.0, 200.0, 200.0, 200.0, 200.0, 200.0, 200.0]",1,5184.38,96.3929,-1.85164,1.43245,-0.8,"[14.4661, 14.8365, 16.3714, 19.7626, 27.2699, 38.5669, 49.4037, 69.4459, 118.365, 176.114, 10.4264, 3.908, 2.41597, 1.75812, 1.15685, 0.796174, 0.640203, 0.567681, 0.543167]",-0.927623,"[78.6247, 80.0095, 81.5953, 83.1844]",0.337628
0.387,-0.0223232,0.0,0.0,18.586,0.0,214.749,314.748,93.8862,3,"[200.0, 200.0, 200.0, 200.0, 200.0, 200.0, 200.0, 200.0, 200.0, 200.0, 200.0, 200.0, 200.0, 200.0, 200.0, 200.0, 200.0, 200.0, 200.0, 200.0, 200.0, 200.0, 200.0, 200.0, 200.0, 200.0, 200.0, 200.0, 200.0, 200.0, 200.0, 200.0, 200.0, 200.0, 200.0, 200.0]",1,5271.97,96.2154,-1.58455,1.35929,-0.8,"[14.4541, 14.875, 16.4778, 19.9948, 27.832, 39.8185, 51.551, 73.8829, 132.125, 168.107, 8.46655, 3.62386, 2.3165, 1.71193, 1.14341, 0.794996, 0.642907, 0.572408, 0.549596]",-0.926739,"[77.6696, 80.8033, 81.7419, 85.284]",0.339347
0.357,-0.00553769,0.0,0.0,18.608,0.0,215.337,315.336,93.886,3,"[200.0, 200.0, 200.0, 200.0, 200.0, 200.0, 200.0, 200.0, 200.0, 200.0, 200.0, 200.0, 200.0, 200.0, 200.0, 200.0, 200.0, 200.0, 200.0, 200.0, 200.0, 200.0, 200.0, 200.0, 200.0, 200.0, 200.0, 200.0, 200.0, 200.0, 200.0, 200.0, 200.0, 200.0, 200.0, 200.0]",1,5219.07,96.1428,-1.02344,1.53591,-0.8,"[14.4498, 14.9374, 16.632, 20.3226, 28.625, 41.6152, 54.6992, 80.6792, 200.0, 154.71, 6.7423, 3.27261, 2.1716, 1.63423, 1.11153, 0.782767, 0.637626, 0.570699, 0.550435]",-0.92661,"[77.0249, 81.1247, 81.5866, 83.8293]",0.335792
0.538,0.014861,0.0,0.0,18.63,0.0,215.924,315.923,93.8858,3,"[200.0, 200.0, 200.0, 200.0, 200.0, 200.0, 200.0, 200.0, 200.0, 200.0, 200.0, 200.0, 200.0, 200.0, 200.0, 200.0, 200.0, 200.0, 200.0, 200.0, 200.0, 200.0, 200.0, 200.0, 200.0, 200.0, 200.0, 200.0, 200.0, 200.0, 200.0, 200.0, 200.0, 200.0, 200.0, 200.0]",1,5219.97,96.1188,-0.180595,1.63221,0.13,"[14.4572, 15.027, 16.8382, 20.754, 29.6783, 44.0694, 59.1384, 90.9188, 190.959, 36.6356, 5.34009, 2.89181, 1.99316, 1.52951, 1.06164, 0.758738, 0.623365, 0.561454, 0.544482]",-0.92741,"[77.4562, 82.3422, 81.5562, 84.1911]",0.338168
0.223,0.0345494,0.0,0.0,18.652,0.0,216.511,316.51,93.8857,3,"[200.0, 200.0, 200.0, 200.0, 200.0, 200.0, 200.0, 200.0, 200.0, 200.0, 200.0, 200.0, 200.0, 200.0, 200.0, 200.0, 200.0, 200.0, 200.0, 200.0, 200.0, 200.0, 200.0, 200.0, 200.0, 200.0, 200.0, 200.0, 200.0, 200.0, 200.0, 200.0, 200.0, 200.0, 200.0, 200.0]",1,5169.92,96.0627,0.895805,1.87003,0.129,"[14.4764, 15.1272, 17.0563, 21.2057, 30.7965, 46.7673, 64.2159, 103.692, 181.987, 15.4075, 4.37982, 2.56411, 1.82246, 1.42198, 1.0049, 0.727952, 0.602883, 0.546258, 0.532531]",-0.929038,"[78.7618, 82.9209, 79.8913, 84.1145]",0.337075
0.116,0.0494253,0.0,0.0,18.674,0.0,217.098,317.097,93.8857,3,"[200.0, 200.0, 200.0, 200.0, 200.0, 200.0, 200.0, 200.0, 200.0, 200.0, 200.0, 200.0, 200.0, 200.0, 200.0, 200.0, 200.0, 200.0, 200.0, 200.0, 200.0, 200.0, 200.0, 200.0, 200.0, 200.0, 200.0, 200.0, 200.0, 200.0, 200.0, 200.0, 200.0, 200.0, 200.0, 200.0]",1,5112.28,95.9945,2.18213,1.80585,0.129,"[14.4997, 15.2129, 17.2351, 21.5729, 31.7169, 49.0623, 68.7065, 116.059, 174.174, 10.4839, 3.80106, 2.33219, 1.69143, 1.33485, 0.955332, 0.69883, 0.582191, 0.529862, 0.518591]",-0.930939,"[79.1035, 82.3261, 79.6646, 82.7034]",0.337665
0.03,0.0555241,0.0,0.0,18.696,0.0,217.684,317.683,93.8856,3,"[200.0, 200.0, 200.0, 200.0, 200.0, 200.0, 200.0, 200.0, 200.0, 200.0, 200.0, 200.0, 200.0, 200.0, 200.0, 200.0, 200.0, 200.0, 200.0, 200.0, 200.0, 200.0, 200.0, 200.0, 200.0, 200.0, 200.0, 200.0, 200.0, 200.0, 200.0, 200.0, 200.0, 200.0, 200.0, 200.0]",1,5070.79,95.8645,3.03094,1.73867,0.129,"[14.5189, 15.2584, 17.3208, 21.7413, 32.1311, 50.1014, 70.7786, 122.099, 170.253, 9.07167, 3.53771, 2.20774, 1.61345, 1.27892, 0.919872, 0.67552, 0.564114, 0.514341, 0.504214]",-0.932875,"[80.2465, 81.0181, 79.6021, 81.4754]",0.338665
0.025,0.0559195,0.0,0.0,18.718,0.0,218.27,318.269,93.8855,3,"[200.0, 200.0, 200.0, 200.0, 200.0, 200.0, 200.0, 200.0, 200.0, 200.0, 200.0, 200.0, 200.0, 200.0, 200.0, 200.0, 200.0, 200.0, 200.0, 200.0, 200.0, 200.0, 200.0, 200.0, 200.0, 200.0, 200.0, 200.0, 200.0, 200.0, 200.0, 200.0, 200.0, 200.0, 200.0, 200.0]",1,5076.55,95.7456,2.76173,1.7744,0.129,"[14.5345, 15.2764, 17.3436, 21.7738, 32.1901, 50.2199, 70.9872, 122.633, 169.342, 8.73458, 3.42108, 2.13721, 1.56267, 1.23901, 0.891453, 0.654814, 0.546907, 0.49871, 0.488943]",-0.93491,"[80.5509, 80.1249, 80.2131, 80.851]",0.339257
0.042,0.0521392,0.0,0.0,18.74,0.0,218.854,318.853,93.8855,3,"[200.0, 200.0, 200.0, 200.0, 200.0, 200.0, 200.0, 200.0, 200.0, 200.0, 200.0, 200.0, 200.0, 200.0, 200.0, 200.0, 200.0, 200.0, 200.0, 200.0, 200.0, 200.0, 200.0, 200.0, 200.0, 200.0, 200.0, 200.0, 200.0, 200.0, 200.0, 200.0, 200.0, 200.0, 200.0, 200.0]",1,5099.44,95.6201,2.40388,1.70055,0.129,"[14.5474, 15.2742, 17.3198, 21.7059, 31.986, 49.6531, 69.8017, 118.993, 170.681, 9.06347, 3.39929, 2.10179, 1.52959, 1.20951, 0.867561, 0.635732, 0.530187, 0.482922, 0.47299]",-0.93702,"[80.9297, 79.9679, 81.3755, 80.4936]",0.338536
0.056,0.0458112,0.0,0.0,18.762,0.0,219.438,319.437,93.8854,3,"[200.0, 200.0, 200.0, 200.0, 200.0, 200.0, 200.0, 200.0, 200.0, 200.0, 200.0, 200.0, 200.0, 200.0, 200.0, 200.0, 200.0, 200.0, 200.0, 200.0, 200.0, 200.0, 200.0, 200.0, 200.0, 200.0, 200.0, 200.0, 200.0, 200.0, 200.0, 200.0, 200.0, 200.0, 200.0, 200.0]",1,5078.77,95.5374,1.8237,1.82841,0.13,"[14.5592, 15.2603, 17.2686, 21.5791, 31.6299, 48.7025, 67.8632, 113.3, 173.207, 9.9587, 3.43716, 2.08661, 1.50623, 1.18551, 0.845911, 0.617343, 0.513573, 0.466909, 0.456539]",-0.939192,"[81.114, 79.512, 81.3849, 79.923]",0.340913
0.103,0.0380032,0.0,0.0,18.784,0.0,220.022,320.021,93.8854,3,"[200.0, 200.0, 200.0, 200.0, 200.0, 200.0, 200.0, 200.0, 200.0, 200.0, 200.0, 200.0, 200.0, 200.0, 200.0, 200.0, 200.0, 200.0, 200.0, 200.0, 200.0, 200.0, 200.0, 200.0, 200.0, 200.0, 200.0, 200.0, 200.0, 200.0, 200.0, 200.0, 200.0, 200.0, 200.0, 200.0]",1,5093.76,95.4631,1.27451,1.72459,0.13,"[14.5698, 15.239, 17.2013, 21.4192, 31.1938, 47.5683, 65.6021, 106.97, 176.229, 11.6004, 3.5276, 2.08945, 1.49238, 1.16762, 0.827628, 0.600913, 0.498359, 0.45202, 0.441066]",-0.941234,"[81.1422, 79.3908, 81.7491, 79.99]",0.339762
0.154,0.0297106,0.0,0.0,18.806,0.0,220.605,320.604,93.8854,3,"[200.0, 200.0, 200.0, 200.0, 200.0, 200.0, 200.0, 200.0, 200.0, 200.0, 200.0, 200.0, 200.0, 200.0, 200.0, 200.0, 200.0, 200.0, 200.0, 200.0, 200.0, 200.0, 200.0, 200.0, 200.0, 200.0, 200.0, 200.0, 200.0, 200.0, 200.0, 200.0, 200.0, 200.0, 200.0, 200.0]",1,5111.55,95.4039,0.876876,1.81351,0.13,"[14.5794, 15.2148, 17.1287, 21.2499, 30.7411, 46.4173, 63.3576, 100.979, 179.232, 14.3767, 3.65929, 2.10563, 1.48601, 1.15494, 0.8127, 0.586807, 0.485043, 0.438845, 0.427267]",-0.943056,"[81.2042, 79.1261, 81.9698, 80.3052]",0.340089
0.204,0.0209087,0.0,0.0,18.828,0.0,221.187,321.187,93.8853,3,"[200.0, 200.0, 200.0, 200.0, 200.0, 200.0, 200.0, 200.0, 200.0, 200.0, 200.0, 200.0, 200.0, 200.0, 200.0, 200.0, 200.0, 200.0, 200.0, 200.0, 200.0, 200.0, 200.0, 200.0, 200.0, 200.0, 200.0, 200.0, 200.0, 200.0, 200.0, 200.0, 200.0, 200.0, 200.0, 200.0]",1,5099.51,95.395,0.408942,1.69809,0.13,"[14.5875, 15.1872, 17.05, 21.0704, 30.2714, 45.2508, 61.1327, 95.3093, 182.232, 19.8832, 3.85036, 2.14059, 1.4902, 1.14964, 0.802518, 0.575975, 0.474389, 0.428062, 0.415793]",-0.944573,"[81.1594, 79.132, 81.7522, 80.1258]",0.342299
0.267,0.0116885,0.0,0.0,18.85,0.0,221.77,321.769,93.8852,3,"[200.0, 200.0, 200.0, 200.0, 200.0, 200.0, 200.0, 200.0, 200.0, 200.0, 200.0, 200.0, 200.0, 200.0, 200.0, 200.0, 200.0, 200.0, 200.0, 200.0, 200.0, 200.0, 200.0, 200.0, 200.0, 200.0, 200.0, 200.0, 200.0, 200.0, 200.0, 200.0, 200.0, 200.0, 200.0, 200.0]",1,5183.07,95.3553,0.0537509,1.54802,0.13,"[14.5936, 15.1558, 16.9657, 20.8825, 29.7902, 44.0845, 58.9571, 90.0077, 185.197, 34.8592, 4.12419, 2.20065, 1.50854, 1.15429, 0.79877, 0.569593, 0.467353, 0.420528, 0.407471]",-0.945674,"[81.1897, 78.9841, 82.2481, 82.1115]",0.337928
0.308,0.00214317,0.0,0.0,18.872,0.0,222.353,322.352,93.8851,3,"[200.0, 200.0, 200.0, 200.0, 200.0, 200.0, 200.0, 200.0, 200.0, 200.0, 200.0, 200.0, 200.0, 200.0, 200.0, 200.0, 200.0, 200.0, 200.0, 200.0, 200.0, 200.0, 200.0, 200.0, 200.0, 200.0, 200.0, 200.0, 200.0, 200.0, 200.0, 200.0, 200.0, 200.0, 200.0, 200.0]",1,5147.78,95.3981,-0.220178,1.65624,0.131,"[14.5973, 15.121, 16.8764, 20.6881, 29.3034, 42.9326, 56.8545, 85.097, 188.262, 135.278, 4.50998, 2.2912, 1.54357, 1.17052, 0.80242, 0.568285, 0.464423, 0.416666, 0.402699]",-0.946307,"[81.1513, 79.0206, 82.6558, 80.6269]",0.343582
0.544,-0.00744999,0.0,0.0,18.894,0.0,222.936,322.936,93.8849,3,"[200.0, 200.0, 200.0, 200.0, 200.0, 200.0, 200.0, 200.0, 200.0, 200.0, 200.0, 200.0, 200.0, 200.0, 200.0, 200.0, 200.0, 200.0, 200.0, 200.0, 200.0, 200.0, 200.0, 200.0, 200.0, 200.0, 200.0, 200.0, 200.0, 200.0, 200.0, 200.0, 200.0, 200.0, 200.0, 200.0]",1,5263.08,95.4715,-0.554706,1.56201,0.132,"[14.5993, 15.0842, 16.7856, 20.4939, 28.8267, 41.8294, 54.8815, 80.6659, 191.498, 147.679, 5.03042, 2.41171, 1.59403, 1.19723, 0.812677, 0.571492, 0.465146, 0.416075, 0.401095]",-0.946522,"[81.3876, 78.8684, 85.8234, 82.0167]",0.33816
0.581,-0.0170529,0.0,0.0,18.916,0.0,223.521,323.52,93.8846,3,"[200.0, 200.0, 200.0, 200.0, 200.0, 200.0, 200.0, 200.0, 200.0, 200.0, 200.0, 200.0, 200.0, 200.0, 200.0, 200.0, 200.0, 200.0, 200.0, 200.0, 200.0, 200.0, 200.0, 200.0, 200.0, 200.0, 200.0, 200.0, 200.0, 200.0, 200.0, 200.0, 200.0, 200.0, 200.0, 200.0]",1,5307.55,95.6301,-0.822177,1.49711,0.133,"[14.598, 15.0442, 16.692, 20.2985, 28.3583, 40.7713, 53.0273, 76.6527, 194.904, 154.595, 5.76015, 2.57673, 1.66773, 1.2398, 0.83294, 0.581497, 0.471334, 0.420346, 0.404168]",-0.946119,"[81.3372, 79.1079, 84.8164, 83.5892]",0.340631
0.607,-0.027,0.0,0.0,18.938,0.0,224.106,324.105,93.8843,3,"[200.0, 200.0, 200.0, 200.0, 200.0, 200.0, 200.0, 200.0, 200.0, 200.0, 200.0, 200.0, 200.0, 200.0, 200.0, 200.0, 200.0, 200.0, 200.0, 200.0, 200.0, 200.0, 200.0, 200.0, 200.0, 200.0, 200.0, 200.0, 200.0, 200.0, 200.0, 200.0, 200.0, 200.0, 200.0, 200.0]",1,5165.06,95.8762,-0.928003,1.68463,0.133,"[14.5944, 15.0007, 16.5935, 20.0969, 27.8845, 39.7238, 51.2256, 72.8831, 127.954, 160.218, 6.8219, 2.79515, 1.76612, 1.2981, 0.862406, 0.597422, 0.482137, 0.428634, 0.411033]",-0.945216,"[81.6189, 79.2577, 82.8811, 81.5396]",0.337853
0.408,-0.0355126,0.0,0.0,18.96,0.0,224.692,324.691,93.8841,3,"[200.0, 200.0, 200.0, 200.0, 200.0, 200.0, 200.0, 200.0, 200.0, 200.0, 200.0, 200.0, 200.0, 200.0, 200.0, 200.0, 200.0, 200.0, 200.0, 200.0, 200.0, 200.0, 200.0, 200.0, 200.0, 200.0, 200.0, 200.0, 200.0, 200.0, 200.0, 200.0, 200.0, 200.0, 200.0, 200.0]",1,5172.68,95.9654,-1.15505,1.50159,0.131,"[14.5865, 14.9586, 16.5045, 19.9207, 27.4819, 38.8553, 49.7601, 69.9136, 119.027, 164.253, 8.17143, 3.05048, 1.88408, 1.37049, 0.901432, 0.62022, 0.498644, 0.442111, 0.422981]",-0.943638,"[81.5239, 79.3606, 83.1921, 80.7329]",0.342102
0.407,-0.0418799,0.0,0.0,18.982,0.0,225.278,325.277,93.8839,3,"[200.0, 200.0, 200.0, 200.0, 200.0, 200.0, 200.0, 200.0, 200.0, 200.0, 200.0, 200.0, 200.0, 200.0, 200.0, 200.0, 200.0, 200.0, 200.0, 200.0, 200.0, 200.0, 200.0, 200.0, 200.0, 200.0, 200.0, 200.0, 200.0, 200.0, 200.0, 200.0, 200.0, 200.0, 200.0, 200.0]",1,5229.44,95.9989,-1.61971,1.4224,-0.8,"[14.5757, 14.9223, 16.433, 19.7841, 27.1787, 38.2165, 48.6999, 67.8203, 113.077, 166.826, 9.634, 3.30478, 2.00368, 1.44556, 0.943452, 0.645761, 0.517692, 0.458064, 0.437488]",-0.941719,"[81.3281, 79.8132, 84.0647, 82.3237]",0.338129
0.42,-0.042492,0.0,0.0,19.004,0.0,225.865,325.864,93.8838,3,"[200.0, 200.0, 200.0, 200.0, 200.0, 200.0, 200.0, 200.0, 200.0, 200.0, 200.0, 200.0, 200.0, 200.0, 200.0, 200.0, 200.0, 200.0, 200.0, 200.0, 200.0, 200.0, 200.0, 200.0, 200.0, 200.0, 200.0, 200.0, 200.0, 200.0, 200.0, 200.0, 200.0, 200.0, 200.0, 200.0]",1,5240.86,96.0304,-1.87294,1.60625,-0.8,"[14.5613, 14.9051, 16.4111, 19.7529, 27.125, 38.1211, 48.5557, 67.5635, 112.432, 166.505, 10.0956, 3.43218, 2.07706, 1.49729, 0.976472, 0.668025, 0.535392, 0.473632, 0.452281]",-0.93975,"[79.8919, 79.7076, 83.2653, 82.7898]",0.34123
0.424,-0.0362614,0.0,0.0,19.026,0.0,226.452,326.451,93.8836,3,"[200.0, 200.0, 200.0, 200.0, 200.0, 200.0, 200.0, 200.0, 200.0, 200.0, 200.0, 200.0, 200.0, 200.0, 200.0, 200.0, 200.0, 200.0, 200.0, 200.0, 200.0, 200.0, 200.0, 200.0, 200.0, 200.0, 200.0, 200.0, 200.0, 200.0, 200.0, 200.0, 200.0, 200.0, 200.0, 200.0]",1,5184.08,96.0524,-1.77178,1.53419,-0.8,"[14.5458, 14.914, 16.4515, 19.8507, 27.3717, 38.6744, 49.4991, 69.4727, 117.976, 162.807, 9.0963, 3.36467, 2.07376, 1.50703, 0.990351, 0.680987, 0.547316, 0.485148, 0.464062]",-0.938166,"[78.4228, 79.6364, 82.4376, 82.6666]",0.339812
0.397,-0.0256746,0.0,0.0,19.048,0.0,227.039,327.038,93.8834,3,"[200.0, 200.0, 200.0, 200.0, 200.0, 200.0, 200.0, 200.0, 200.0, 200.0, 200.0, 200.0, 200.0, 200.0, 200.0, 200.0, 200.0, 200.0, 200.0, 200.0, 200.0, 200.0, 200.0, 200.0, 200.0, 200.0, 200.0, 200.0, 200.0, 200.0, 200.0, 200.0, 200.0, 200.0, 200.0, 200.0]",1,5165.83,95.958,-1.62519,1.67164,-0.8,"[14.5323, 14.9422, 16.5353, 20.0373, 27.8269, 39.6894, 51.238, 73.0495, 129.274, 156.462, 7.67555, 3.18559, 2.01957, 1.48671, 0.989216, 0.685985, 0.553934, 0.49267, 0.472608]",-0.937006,"[77.6114, 80.296, 80.0978, 84.0244]",0.339916
0.397,-0.0110811,0.0,0.0,19.07,0.0,227.625,327.624,93.8833,3,"[200.0, 200.0, 200.0, 200.0, 200.0, 200.0, 200.0, 200.0, 200.0, 200.0, 200.0, 200.0, 200.0, 200.0, 200.0, 200.0, 200.0, 200.0, 200.0, 200.0, 200.0, 200.0, 200.0, 200.0, 200.0, 200.0, 200.0, 200.0, 200.0, 200.0, 200.0, 200.0, 200.0, 200.0, 200.0, 200.0]",1,5177.12,95.943,-0.932515,1.58331,0.13,"[14.5246, 14.9924, 16.6649, 20.3157, 28.5021, 41.2123, 53.89, 78.6979, 187.507, 146.219, 6.25798, 2.92705, 1.91981, 1.43644, 0.971312, 0.681187, 0.553565, 0.494606, 0.476334]",-0.936493,"[77.8353, 81.4249, 80.7555, 83.4531]",0.340124
0.509,0.00585846,0.0,0.0,19.092,0.0,228.211,328.21,93.883,3,"[200.0, 200.0, 200.0, 200.0, 200.0, 200.0, 200.0, 200.0, 200.0, 200.0, 200.0, 200.0, 200.0, 200.0, 200.0, 200.0, 200.0, 200.0, 200.0, 200.0, 200.0, 200.0, 200.0, 200.0, 200.0, 200.0, 200.0, 200.0, 200.0, 200.0, 200.0, 200.0, 200.0, 200.0, 200.0, 200.0]",1,5312.48,95.9392,-6.58354e-06,1.55573,0.131,"[14.5253, 15.0613, 16.8293, 20.6629, 29.3483, 43.1638, 57.3758, 86.5224, 180.085, 81.0764, 5.10783, 2.64738, 1.79594, 1.36677, 0.940432, 0.667821, 0.546619, 0.490973, 0.474988]",-0.936669,"[78.6605, 82.6994, 82.6784, 85.8777]",0.338517
0.27,0.0186704,0.0,0.0,19.114,0.0,228.798,328.797,93.8829,3,"[200.0, 200.0, 200.0, 200.0, 200.0, 200.0, 200.0, 200.0, 200.0, 200.0, 200.0, 200.0, 200.0, 200.0, 200.0, 200.0, 200.0, 200.0, 200.0, 200.0, 200.0, 200.0, 200.0, 200.0, 200.0, 200.0, 200.0, 200.0, 200.0, 200.0, 200.0, 200.0, 200.0, 200.0, 200.0, 200.0]",1,5176.95,96.0195,1.35422,1.67109,0.13,"[14.5303, 15.1185, 16.9609, 20.9399, 30.0318, 44.781, 60.3459, 93.587, 174.506, 25.2969, 4.46643, 2.45972, 1.70615, 1.31368, 0.915118, 0.655769, 0.539614, 0.486586, 0.472357]",-0.93703,"[78.8334, 81.5887, 81.3338, 82.8982]",0.339661
0.075,0.0232215,0.0,0.0,19.136,0.0,229.384,329.384,93.8829,3,"[200.0, 200.0, 200.0, 200.0, 200.0, 200.0, 200.0, 200.0, 200.0, 200.0, 200.0, 200.0, 200.0, 200.0, 200.0, 200.0, 200.0, 200.0, 200.0, 200.0, 200.0, 200.0, 200.0, 200.0, 200.0, 200.0, 200.0, 200.0, 200.0, 200.0, 200.0, 200.0, 200.0, 200.0, 200.0, 200.0]",1,5088.84,95.9317,2.15566,1.58733,0.129,"[14.5322, 15.139, 17.0084, 21.0402, 30.2825, 45.3853, 61.4767, 96.3828, 172.014, 20.3175, 4.27849, 2.4012, 1.6778, 1.29694, 0.907276, 0.652201, 0.537678, 0.485512, 0.471887]",-0.937099,"[80.1943, 81.0898, 80.0703, 81.5047]",0.33822
0.024,0.0223323,0.0,0.0,19.158,0.0,229.97,329.97,93.8829,3,"[200.0, 200.0, 200.0, 200.0, 200.0, 200.0, 200.0, 200.0, 200.0, 200.0, 200.0, 200.0, 200.0, 200.0, 200.0, 200.0, 200.0, 200.0, 200.0, 200.0, 200.0, 200.0, 200.0, 200.0, 200.0, 200.0, 200.0, 200.0, 200.0, 200.0, 200.0, 200.0, 200.0, 200.0, 200.0, 200.0]",1,5079.8,95.804,2.1753,1.74431,0.129,"[14.5326, 15.1358, 17.0, 21.0217, 30.2348, 45.2684, 61.2557, 95.8286, 171.698, 21.0953, 4.30673, 2.40837, 1.68044, 1.298, 0.90727, 0.651798, 0.537151, 0.484904, 0.471185]",-0.937191,"[80.9663, 80.284, 80.4411, 80.6236]",0.339056
0.041,0.0181244,0.0,0.0,19.18,0.0,230.555,330.555,93.8828,3,"[200.0, 200.0, 200.0, 200.0, 200.0, 200.0, 200.0, 200.0, 200.0, 200.0, 200.0, 200.0, 200.0, 200.0, 200.0, 200.0, 200.0, 200.0, 200.0, 200.0, 200.0, 200.0, 200.0, 200.0, 200.0, 200.0, 200.0, 200.0, 200.0, 200.0, 200.0, 200.0, 200.0, 200.0, 200.0, 200.0]",1,5107.19,95.6809,1.76391,1.72696,0.129,"[14.5313, 15.1173, 16.9568, 20.9298, 30.0047, 44.7135, 60.2184, 93.2708, 172.69, 25.9923, 4.47804, 2.46032, 1.70504, 1.3122, 0.913613, 0.654442, 0.538401, 0.485411, 0.471149]",-0.93719,"[80.9812, 80.1169, 81.687, 80.4115]",0.339133
0.089,0.0116377,0.0,0.0,19.202,0.0,231.14,331.139,93.8828,3,"[200.0, 200.0, 200.0, 200.0, 200.0, 200.0, 200.0, 200.0, 200.0, 200.0, 200.0, 200.0, 200.0, 200.0, 200.0, 200.0, 200.0, 200.0, 200.0, 200.0, 200.0, 200.0, 200.0, 200.0, 200.0, 200.0, 200.0, 200.0, 200.0, 200.0, 200.0, 200.0, 200.0, 200.0, 200.0, 200.0]",1,5100.96,95.608,1.38862,1.64427,0.129,"[14.5294, 15.089, 16.8906, 20.7896, 29.6565, 43.8842, 58.6861, 89.5841, 174.504, 40.5264, 4.77626, 2.54797, 1.74648, 1.3363, 0.924669, 0.659346, 0.540985, 0.486775, 0.471654]",-0.937117,"[81.2023, 79.5615, 81.8941, 80.0532]",0.338273
0.179,0.00443573,0.0,0.0,19.224,0.0,231.724,331.723,93.8828,3,"[200.0, 200.0, 200.0, 200.0, 200.0, 200.0, 200.0, 200.0, 200.0, 200.0, 200.0, 200.0, 200.0, 200.0, 200.0, 200.0, 200.0, 200.0, 200.0, 200.0, 200.0, 200.0, 200.0, 200.0, 200.0, 200.0, 200.0, 200.0, 200.0, 200.0, 200.0, 200.0, 200.0, 200.0, 200.0, 200.0]",1,5115.9,95.573,0.935848,1.63962,0.13,"[14.5265, 15.0568, 16.8168, 20.6351, 29.2779, 42.9966, 57.0709, 85.8135, 176.508, 106.779, 5.17227, 2.6607, 1.80024, 1.36818, 0.940075, 0.666883, 0.545526, 0.489775, 0.473649]",-0.936847,"[81.1648, 79.5204, 81.9687, 80.4016]",0.339802
0.351,-0.00385059,0.0,0.0,19.246,0.0,232.308,332.308,93.8826,3,"[200.0, 200.0, 200.0, 200.0, 200.0, 200.0, 200.0, 200.0, 200.0, 200.0, 200.0, 200.0, 200.0, 200.0, 200.0, 200.0, 200.0, 200.0, 200.0, 200.0, 200.0, 200.0, 200.0, 200.0, 200.0, 200.0, 200.0, 200.0, 200.0, 200.0, 200.0, 200.0, 200.0, 200.0, 200.0, 200.0]",1,5148.77,95.6052,0.60083,1.65319,0.131,"[14.5221, 15.0189, 16.7315, 20.4586, 28.8518, 42.0153, 55.3142, 81.8422, 178.982, 135.014, 5.73697, 2.81416, 1.87379, 1.41253, 0.962423, 0.67861, 0.553179, 0.495375, 0.478002]",-0.936267,"[81.3031, 79.3162, 83.3959, 80.3218]",0.338745
0.427,-0.0120548,0.0,0.0,19.268,0.0,232.893,332.892,93.8824,3,"[200.0, 200.0, 200.0, 200.0, 200.0, 200.0, 200.0, 200.0, 200.0, 200.0, 200.0, 200.0, 200.0, 200.0, 200.0, 200.0, 200.0, 200.0, 200.0, 200.0, 200.0, 200.0, 200.0, 200.0, 200.0, 200.0, 200.0, 200.0, 200.0, 200.0, 200.0, 200.0, 200.0, 200.0, 200.0, 200.0]",1,5223.3,95.6687,0.319673,1.67434,0.131,"[14.5156, 14.9793, 16.6454, 20.2837, 28.4375, 41.0802, 53.6695, 78.2428, 181.533, 141.414, 6.46004, 3.00074, 1.96399, 1.46798, 0.991601, 0.694904, 0.564476, 0.504201, 0.485448]",-0.935278,"[81.2573, 79.3748, 83.6412, 81.8426]",0.340824
0.452,-0.0205138,0.0,0.0,19.29,0.0,233.478,333.477,93.8823,3,"[200.0, 200.0, 200.0, 200.0, 200.0, 200.0, 200.0, 200.0, 200.0, 200.0, 200.0, 200.0, 200.0, 200.0, 200.0, 200.0, 200.0, 200.0, 200.0, 200.0, 200.0, 200.0, 200.0, 200.0, 200.0, 200.0, 200.0, 200.0, 200.0, 200.0, 200.0, 200.0, 200.0, 200.0, 200.0, 200.0]",1,5158.98,95.799,0.0939143,1.76139,0.131,"[14.5076, 14.9372, 16.5558, 20.1043, 28.0194, 40.1538, 52.0663, 74.8379, 184.301, 146.468, 7.42825, 3.2298, 2.07359, 1.53557, 1.0277, 0.715553, 0.57912, 0.51591, 0.495591]",-0.933935,"[81.4645, 79.4292, 83.4147, 80.7297]",0.341023
0.494,-0.0286543,0.0,0.0,19.312,0.0,234.063,334.062,93.882,3,"[200.0, 200.0, 200.0, 200.0, 200.0, 200.0, 200.0, 200.0, 200.0, 200.0, 200.0, 200.0, 200.0, 200.0, 200.0, 200.0, 200.0, 200.0, 200.0, 200.0, 200.0, 200.0, 200.0, 200.0, 200.0, 200.0, 200.0, 200.0, 200.0, 200.0, 200.0, 200.0, 200.0, 200.0, 200.0, 200.0]",1,5261.9,95.8915,-0.256512,1.49828,0.131,"[14.4967, 14.8937, 16.4669, 19.9302, 27.6221, 39.2914, 50.5986, 71.8104, 187.061, 150.543, 8.69319, 3.50323, 2.20411, 1.61684, 1.07211, 0.741723, 0.598154, 0.531498, 0.509445]",-0.932102,"[81.4301, 79.5148, 82.6862, 83.9514]",0.341537
0.503,-0.0350703,0.0,0.0,19.334,0.0,234.649,334.649,93.8818,3,"[200.0, 200.0, 200.0, 200.0, 200.0, 200.0, 200.0, 200.0, 200.0, 200.0, 200.0, 200.0, 200.0, 200.0, 200.0, 200.0, 200.0, 200.0, 200.0, 200.0, 200.0, 200.0, 200.0, 200.0, 200.0, 200.0, 200.0, 200.0, 200.0, 200.0, 200.0, 200.0, 200.0, 200.0, 200.0, 200.0]",1,5200.5,96.0532,-0.819414,1.53279,-0.8,"[14.4845, 14.8558, 16.3932, 19.7899, 27.3095, 38.6265, 49.4845, 69.5702, 118.622, 153.273, 10.0512, 3.77231, 2.3328, 1.69783, 1.11733, 0.769042, 0.618416, 0.548381, 0.524716]",-0.930081,"[81.4594, 79.8928, 82.988, 81.9902]",0.342533
0.303,-0.0357687,0.0,0.0,19.356,0.0,235.236,335.236,93.8817,3,"[200.0, 200.0, 200.0, 200.0, 200.0, 200.0, 200.0, 200.0, 200.0, 200.0, 200.0, 200.0, 200.0, 200.0, 200.0, 200.0, 200.0, 200.0, 200.0, 200.0, 200.0, 200.0, 200.0, 200.0, 200.0, 200.0, 200.0, 200.0, 200.0, 200.0, 200.0, 200.0, 200.0, 200.0, 200.0, 200.0]",1,5194.74,96.0197,-1.34747,1.46219,-0.8,"[14.4703, 14.8385, 16.3707, 19.7572, 27.2516, 38.5212, 49.3223, 69.2731, 117.833, 153.012, 10.4693, 3.89612, 2.40465, 1.74859, 1.14977, 0.790922, 0.635813, 0.563681, 0.539254]",-0.928145,"[79.9847, 79.6367, 82.6201, 82.0816]",0.340241
0.321,-0.0290875,0.0,0.0,19.378,0.0,235.823,335.822,93.8816,3,"[200.0, 200.0, 200.0, 200.0, 200.0, 200.0, 200.0, 200.0, 200.0, 200.0, 200.0, 200.0, 200.0, 200.0, 200.0, 200.0, 200.0, 200.0, 200.0, 200.0, 200.0, 200.0, 200.0, 200.0, 200.0, 200.0, 200.0, 200.0, 200.0, 200.0, 200.0, 200.0, 200.0, 200.0, 200.0, 200.0]",1,5189.48,95.8946,-1.50138,1.28033,-0.8,"[14.457, 14.8512, 16.4177, 19.8673, 27.5268, 39.1406, 50.3864, 71.4627, 185.115, 148.976, 9.4432, 3.78854, 2.38094, 1.74564, 1.15694, 0.800133, 0.645135, 0.573164, 0.549318]",-0.926789,"[78.1379, 79.5267, 82.8835, 82.6702]",0.340999
0.516,-0.016889,0.0,0.0,19.4,0.0,236.408,336.408,93.8813,3,"[200.0, 200.0, 200.0, 200.0, 200.0, 200.0, 200.0, 200.0, 200.0, 200.0, 200.0, 200.0, 200.0, 200.0, 200.0, 200.0, 200.0, 200.0, 200.0, 200.0, 200.0, 200.0, 200.0, 200.0, 200.0, 200.0, 200.0, 200.0, 200.0, 200.0, 200.0, 200.0, 200.0, 200.0, 200.0, 200.0]",1,5300.57,95.7503,-1.39862,1.5008,-0.8,"[14.4477, 14.8899, 16.5216, 20.0927, 28.074, 40.3688, 52.5114, 75.9276, 179.329, 141.291, 7.88394, 3.53136, 2.28645, 1.70006, 1.14237, 0.797615, 0.646555, 0.576642, 0.554473]",-0.926081,"[77.0819, 80.3403, 83.4351, 85.2133]",0.338759
0.47,0.000553102,0.0,0.0,19.422,0.0,236.993,336.993,93.8811,3,"[200.0, 200.0, 200.0, 200.0, 200.0, 200.0, 200.0, 200.0, 200.0, 200.0, 200.0, 200.0, 200.0, 200.0, 200.0, 200.0, 200.0, 200.0, 200.0, 200.0, 200.0, 200.0, 200.0, 200.0, 200.0, 200.0, 200.0, 200.0, 200.0, 200.0, 200.0, 200.0, 200.0, 200.0, 200.0, 200.0]",1,5217.33,95.7849,-0.665075,1.52133,0.129,"[14.4462, 14.958, 16.6864, 20.4413, 28.9201, 42.3021, 55.9313, 83.4541, 171.911, 125.906, 6.31434, 3.17929, 2.13535, 1.61678, 1.10656, 0.782773, 0.639281, 0.573262, 0.55381]",-0.926159,"[77.5252, 81.7142, 81.7775, 83.8194]",0.336545
0.361,0.0191051,0.0,0.0,19.444,0.0,237.579,337.578,93.8809,3,"[200.0, 200.0, 200.0, 200.0, 200.0, 200.0, 200.0, 200.0, 200.0, 200.0, 200.0, 200.0, 200.0, 200.0, 200.0, 200.0, 200.0, 200.0, 200.0, 200.0, 200.0, 200.0, 200.0, 200.0, 200.0, 200.0, 200.0, 200.0, 200.0, 200.0, 200.0, 200.0, 200.0, 200.0, 200.0, 200.0]",1,5225.13,95.767,0.312827,1.64314,0.129,"[14.4557, 15.0426, 16.8782, 20.8416, 29.9009, 44.6073, 60.141, 93.3641, 164.363, 28.6317, 5.15185, 2.84247, 1.97305, 1.51976, 1.0591, 0.759178, 0.624817, 0.563491, 0.547077]",-0.92707,"[78.4232, 82.7614, 81.6999, 84.4224]",0.337761
0.1,0.0322211,0.0,0.0,19.466,0.0,238.164,338.163,93.8809,3,"[200.0, 200.0, 200.0, 200.0, 200.0, 200.0, 200.0, 200.0, 200.0, 200.0, 200.0, 200.0, 200.0, 200.0, 200.0, 200.0, 200.0, 200.0, 200.0, 200.0, 200.0, 200.0, 200.0, 200.0, 200.0, 200.0, 200.0, 200.0, 200.0, 200.0, 200.0, 200.0, 200.0, 200.0, 200.0, 200.0]",1,5097.0,95.7476,1.58828,1.86661,0.128,"[14.4695, 15.1104, 17.0247, 21.1444, 30.6501, 46.4164, 63.5504, 101.965, 158.418, 16.7014, 4.51368, 2.62098, 1.85659, 1.44591, 1.01972, 0.737535, 0.610248, 0.552543, 0.538325]",-0.928261,"[78.8391, 81.368, 79.3194, 82.2809]",0.335175
0.0,0.0365012,0.004,0.0,19.488,0.0,238.749,338.748,93.8808,3,"[200.0, 200.0, 200.0, 200.0, 200.0, 200.0, 200.0, 200.0, 200.0, 200.0, 200.0, 200.0, 200.0, 200.0, 200.0, 200.0, 200.0, 200.0, 200.0, 200.0, 200.0, 200.0, 200.0, 200.0, 200.0, 200.0, 200.0, 200.0, 200.0, 200.0, 200.0, 200.0, 200.0, 200.0, 200.0, 200.0]",1,5097.18,95.5644,2.2164,1.90483,0.128,"[14.4791, 15.138, 17.0791, 21.2526, 30.9135, 47.0551, 64.7701, 105.161, 155.919, 14.5382, 4.29759, 2.53278, 1.80521, 1.41071, 0.998634, 0.724353, 0.600371, 0.544301, 0.530899]",-0.929261,"[79.783, 80.6546, 80.5097, 81.2054]",0.337931
0.0,0.0352192,0.024,0.0,19.51,0.0,239.332,339.331,93.8808,3,"[200.0, 200.0, 200.0, 200.0, 200.0, 200.0, 200.0, 200.0, 200.0, 200.0, 200.0, 200.0, 200.0, 200.0, 200.0, 200.0, 200.0, 200.0, 200.0, 200.0, 200.0, 200.0, 200.0, 200.0, 200.0, 200.0, 200.0, 200.0, 200.0, 200.0, 200.0, 200.0, 200.0, 200.0, 200.0, 200.0]",1,5063.47,95.3598,2.12984,2.09105,0.128,"[14.4864, 15.1404, 17.0748, 21.2351, 30.8559, 46.8952, 64.4455, 104.257, 155.781, 14.8399, 4.27683, 2.5096, 1.78543, 1.39383, 0.985585, 0.714278, 0.591717, 0.536248, 0.522866]",-0.930328,"[80.5293, 79.6325, 80.9353, 79.9954]",0.337785
0.0,0.0305874,0.004,0.0,19.532,0.0,239.915,339.914,93.8807,3,"[200.0, 200.0, 200.0, 200.0, 200.0, 200.0, 200.0, 200.0, 200.0, 200.0, 200.0, 200.0, 200.0, 200.0, 200.0, 200.0, 200.0, 200.0, 200.0, 200.0, 200.0, 200.0, 200.0, 200.0, 200.0, 200.0, 200.0, 200.0, 200.0, 200.0, 200.0, 200.0, 200.0, 200.0, 200.0, 200.0]",1,5062.27,95.2244,1.75715,1.9832,0.128,"[14.4916, 15.1268, 17.0344, 21.1411, 30.6051, 46.2594, 63.209, 100.975, 157.031, 16.8456, 4.3815, 2.52931, 1.78735, 1.39014, 0.978966, 0.707278, 0.584829, 0.529267, 0.515424]",-0.931309,"[80.5574, 79.4438, 80.9144, 79.8539]",0.339224
0.038,0.0240748,0.0,0.0,19.554,0.0,240.496,340.495,93.8806,3,"[200.0, 200.0, 200.0, 200.0, 200.0, 200.0, 200.0, 200.0, 200.0, 200.0, 200.0, 200.0, 200.0, 200.0, 200.0, 200.0, 200.0, 200.0, 200.0, 200.0, 200.0, 200.0, 200.0, 200.0, 200.0, 200.0, 200.0, 200.0, 200.0, 200.0, 200.0, 200.0, 200.0, 200.0, 200.0, 200.0]",1,5058.24,95.1183,1.3691,1.98405,0.128,"[14.4959, 15.1047, 16.9744, 21.0061, 30.2535, 45.3858, 61.538, 96.6814, 158.965, 21.1161, 4.57483, 2.5763, 1.80256, 1.39439, 0.97621, 0.702167, 0.579071, 0.523024, 0.508462]",-0.932225,"[80.8205, 79.1421, 81.2487, 79.2467]",0.34036
0.1,0.0166861,0.0,0.0,19.576,0.0,241.077,341.076,93.8806,3,"[200.0, 200.0, 200.0, 200.0, 200.0, 200.0, 200.0, 200.0, 200.0, 200.0, 200.0, 200.0, 200.0, 200.0, 200.0, 200.0, 200.0, 200.0, 200.0, 200.0, 200.0, 200.0, 200.0, 200.0, 200.0, 200.0, 200.0, 200.0, 200.0, 200.0, 200.0, 200.0, 200.0, 200.0, 200.0, 200.0]",1,5075.05,95.039,0.91106,1.89924,0.129,"[14.499, 15.0778, 16.9048, 20.8526, 29.861, 44.4291, 59.7402, 92.2243, 161.128, 30.1503, 4.84813, 2.64695, 1.83, 1.40659, 0.978008, 0.699865, 0.57543, 0.518568, 0.503138]",-0.932924,"[80.7395, 79.1021, 81.3607, 79.766]",0.34096
0.174,0.0085211,0.0,0.0,19.598,0.0,241.658,341.657,93.8806,3,"[200.0, 200.0, 200.0, 200.0, 200.0, 200.0, 200.0, 200.0, 200.0, 200.0, 200.0, 200.0, 200.0, 200.0, 200.0, 200.0, 200.0, 200.0, 200.0, 200.0, 200.0, 200.0, 200.0, 200.0, 200.0, 200.0, 200.0, 200.0, 200.0, 200.0, 200.0, 200.0, 200.0, 200.0, 200.0, 200.0]",1,5097.82,94.99,0.538689,1.68855,0.129,"[14.5005, 15.0464, 16.8265, 20.683, 29.4354, 43.413, 57.8658, 87.7454, 163.456, 58.6836, 5.22831, 2.74698, 1.87253, 1.42863, 0.985574, 0.701217, 0.574593, 0.516521, 0.50006]",-0.933328,"[80.7613, 78.8294, 81.7019, 80.291]",0.34178
0.275,0.000604064,0.0,0.0,19.62,0.0,242.238,342.238,93.8805,3,"[200.0, 200.0, 200.0, 200.0, 200.0, 200.0, 200.0, 200.0, 200.0, 200.0, 200.0, 200.0, 200.0, 200.0, 200.0, 200.0, 200.0, 200.0, 200.0, 200.0, 200.0, 200.0, 200.0, 200.0, 200.0, 200.0, 200.0, 200.0, 200.0, 200.0, 200.0, 200.0, 200.0, 200.0, 200.0, 200.0]",1,5127.23,94.9894,0.279414,1.69801,0.129,"[14.5005, 15.0144, 16.7496, 20.5192, 29.0313, 42.4671, 56.1522, 83.792, 165.584, 120.042, 5.692, 2.86678, 1.92564, 1.45807, 0.997987, 0.705995, 0.57659, 0.517053, 0.499516]",-0.933398,"[80.7335, 78.9507, 82.2406, 80.3634]",0.341958
0.407,-0.00874585,0.0,0.0,19.642,0.0,242.819,342.818,93.8803,3,"[200.0, 200.0, 200.0, 200.0, 200.0, 200.0, 200.0, 200.0, 200.0, 200.0, 200.0, 200.0, 200.0, 200.0, 200.0, 200.0, 200.0, 200.0, 200.0, 200.0, 200.0, 200.0, 200.0, 200.0, 200.0, 200.0, 200.0, 200.0, 200.0, 200.0, 200.0, 200.0, 200.0, 200.0, 200.0, 200.0]",1,5153.39,95.0468,-0.0339431,1.67428,0.13,"[14.4982, 14.9746, 16.657, 20.3258, 28.5637, 41.3952, 54.2461, 79.5462, 168.281, 128.523, 6.40424, 3.04401, 2.00649, 1.50499, 1.02019, 0.716723, 0.583028, 0.52131, 0.502367]",-0.93302,"[80.9535, 78.6896, 84.1778, 79.7621]",0.342312
0.444,-0.0175214,0.0,0.0,19.664,0.0,243.4,343.399,93.8802,3,"[200.0, 200.0, 200.0, 200.0, 200.0, 200.0, 200.0, 200.0, 200.0, 200.0, 200.0, 200.0, 200.0, 200.0, 200.0, 200.0, 200.0, 200.0, 200.0, 200.0, 200.0, 200.0, 200.0, 200.0, 200.0, 200.0, 200.0, 200.0, 200.0, 200.0, 200.0, 200.0, 200.0, 200.0, 200.0, 200.0]",1,5206.12,95.1276,-0.369218,1.51932,0.13,"[14.4935, 14.9347, 16.5681, 20.144, 28.1332, 40.4298, 52.5614, 75.9201, 170.89, 133.941, 7.29943, 3.25315, 2.10326, 1.56277, 1.04938, 0.732334, 0.593474, 0.529196, 0.508764]",-0.932175,"[80.8535, 78.7821, 82.9108, 82.606]",0.342528
0.467,-0.0270544,0.0,0.0,19.686,0.0,243.981,343.981,93.8799,3,"[200.0, 200.0, 200.0, 200.0, 200.0, 200.0, 200.0, 200.0, 200.0, 200.0, 200.0, 200.0, 200.0, 200.0, 200.0, 200.0, 200.0, 200.0, 200.0, 200.0, 200.0, 200.0, 200.0, 200.0, 200.0, 200.0, 200.0, 200.0, 200.0, 200.0, 200.0, 200.0, 200.0, 200.0, 200.0, 200.0]",1,5122.0,95.2831,-0.536496,1.55982,0.13,"[14.487, 14.8901, 16.4709, 19.948, 27.6769, 39.426, 50.8392, 72.3275, 173.928, 138.783, 8.61235, 3.52687, 2.22814, 1.63758, 1.08788, 0.753583, 0.608149, 0.540653, 0.518444]",-0.930899,"[81.0979, 78.8558, 81.9289, 80.5368]",0.342461
0.503,-0.0346622,0.0,0.0,19.708,0.0,244.564,344.563,93.8797,3,"[200.0, 200.0, 200.0, 200.0, 200.0, 200.0, 200.0, 200.0, 200.0, 200.0, 200.0, 200.0, 200.0, 200.0, 200.0, 200.0, 200.0, 200.0, 200.0, 200.0, 200.0, 200.0, 200.0, 200.0, 200.0, 200.0, 200.0, 200.0, 200.0, 200.0, 200.0, 200.0, 200.0, 200.0, 200.0, 200.0]",1,5283.89,95.3361,-1.14329,1.24347,-0.8,"[14.4775, 14.8502, 16.389, 19.7881, 27.3144, 38.6473, 49.5272, 69.6712, 176.322, 142.034, 10.1029, 3.81029, 2.35896, 1.71775, 1.13099, 0.778701, 0.626298, 0.555442, 0.531531]",-0.929172,"[80.9111, 79.0192, 82.8857, 84.3136]",0.34037
0.524,-0.0354487,0.0,0.0,19.73,0.0,245.147,345.146,93.8794,3,"[200.0, 200.0, 200.0, 200.0, 200.0, 200.0, 200.0, 200.0, 200.0, 200.0, 200.0, 200.0, 200.0, 200.0, 200.0, 200.0, 200.0, 200.0, 200.0, 200.0, 200.0, 200.0, 200.0, 200.0, 200.0, 200.0, 200.0, 200.0, 200.0, 200.0, 200.0, 200.0, 200.0, 200.0, 200.0, 200.0]",1,5194.22,95.4429,-1.79193,1.44395,-0.8,"[14.4671, 14.8365, 16.37, 19.7589, 27.2598, 38.5435, 49.3633, 69.3624, 175.927, 141.797, 10.4638, 3.90929, 2.41495, 1.75678, 1.1556, 0.795141, 0.639295, 0.566827, 0.54231]",-0.927737,"[79.4873, 79.2428, 82.697, 81.905]",0.341489
0.537,-0.0289208,0.0,0.0,19.752,0.0,245.73,345.729,93.8792,3,"[200.0, 200.0, 200.0, 200.0, 200.0, 200.0, 200.0, 200.0, 200.0, 200.0, 200.0, 200.0, 200.0, 200.0, 200.0, 200.0, 200.0, 200.0, 200.0, 200.0, 200.0, 200.0, 200.0, 200.0, 200.0, 200.0, 200.0, 200.0, 200.0, 200.0, 200.0, 200.0, 200.0, 200.0, 200.0, 200.0]",1,5291.24,95.3892,-1.88417,1.44365,-0.8,"[14.4559, 14.8507, 16.418, 19.8689, 27.5323, 39.1542, 50.4107, 71.5151, 172.544, 137.943, 9.43448, 3.79156, 2.38387, 1.74814, 1.15882, 0.80154, 0.646317, 0.574245, 0.550378]",-0.926647,"[77.758, 79.2881, 83.7885, 83.705]",0.338255
0.512,-0.0155628,0.0,0.0,19.774,0.0,246.313,346.312,93.8789,3,"[200.0, 200.0, 200.0, 200.0, 200.0, 200.0, 200.0, 200.0, 200.0, 200.0, 200.0, 200.0, 200.0, 200.0, 200.0, 200.0, 200.0, 200.0, 200.0, 200.0, 200.0, 200.0, 200.0, 200.0, 200.0, 200.0, 200.0, 200.0, 200.0, 200.0, 200.0, 200.0, 200.0, 200.0, 200.0, 200.0]",1,5205.03,95.3934,-1.4943,1.47775,-0.8,"[14.4485, 14.8961, 16.5351, 20.1201, 28.1385, 40.5123, 52.7602, 76.457, 166.671, 129.79, 7.72203, 3.49475, 2.26958, 1.68998, 1.13724, 0.794842, 0.644678, 0.575207, 0.553291]",-0.926237,"[76.6561, 79.9426, 82.8987, 82.8006]",0.338416
0.44,0.00178511,0.0,0.0,19.796,0.0,246.896,346.895,93.8788,3,"[200.0, 200.0, 200.0, 200.0, 200.0, 200.0, 200.0, 200.0, 200.0, 200.0, 200.0, 200.0, 200.0, 200.0, 200.0, 200.0, 200.0, 200.0, 200.0, 200.0, 200.0, 200.0, 200.0, 200.0, 200.0, 200.0, 200.0, 200.0, 200.0, 200.0, 200.0, 200.0, 200.0, 200.0, 200.0, 200.0]",1,5224.35,95.2931,-1.00019,1.64229,0.129,"[14.4497, 14.9665, 16.7022, 20.4714, 28.9889, 42.4562, 56.2036, 84.0633, 159.779, 114.431, 6.18848, 3.13767, 2.11238, 1.60131, 1.09734, 0.776949, 0.634854, 0.569509, 0.550366]",-0.926618,"[77.2638, 81.9987, 81.2088, 84.5417]",0.337578
0.346,0.0209902,0.0,0.0,19.818,0.0,247.478,347.477,93.8786,3,"[200.0, 200.0, 200.0, 200.0, 200.0, 200.0, 200.0, 200.0, 200.0, 200.0, 200.0, 200.0, 200.0, 200.0, 200.0, 200.0, 200.0, 200.0, 200.0, 200.0, 200.0, 200.0, 200.0, 200.0, 200.0, 200.0, 200.0, 200.0, 200.0, 200.0, 200.0, 200.0, 200.0, 200.0, 200.0, 200.0]",1,5185.27,95.3401,0.176207,1.72121,0.129,"[14.4614, 15.0562, 16.9034, 20.89, 30.0141, 44.8703, 60.6242, 94.5349, 152.149, 25.8143, 5.01463, 2.7888, 1.94171, 1.49808, 1.04583, 0.750641, 0.618269, 0.557905, 0.541927]",-0.927759,"[78.0647, 82.2489, 81.2858, 83.1782]",0.335223
0.095,0.0327785,0.0,0.0,19.84,0.0,248.061,348.06,93.8786,3,"[200.0, 200.0, 200.0, 200.0, 200.0, 200.0, 200.0, 200.0, 200.0, 200.0, 200.0, 200.0, 200.0, 200.0, 200.0, 200.0, 200.0, 200.0, 200.0, 200.0, 200.0, 200.0, 200.0, 200.0, 200.0, 200.0, 200.0, 200.0, 200.0, 200.0, 200.0, 200.0, 200.0, 200.0, 200.0, 200.0]",1,5076.26,95.294,1.74667,1.79458,0.128,"[14.4749, 15.1183, 17.0367, 21.1646, 30.693, 46.5121, 63.725, 102.4, 146.83, 16.2599, 4.44967, 2.58893, 1.83538, 1.43004, 1.00902, 0.730069, 0.604207, 0.547165, 0.533164]",-0.92895,"[78.6829, 81.1225, 79.1121, 81.8845]",0.337301
0.0,0.0367969,0.016,0.0,19.862,0.0,248.643,348.642,93.8785,3,"[200.0, 200.0, 200.0, 200.0, 200.0, 200.0, 200.0, 200.0, 200.0, 200.0, 200.0, 200.0, 200.0, 200.0, 200.0, 200.0, 200.0, 200.0, 200.0, 200.0, 200.0, 200.0, 200.0, 200.0, 200.0, 200.0, 200.0, 200.0, 200.0, 200.0, 200.0, 200.0, 200.0, 200.0, 200.0, 200.0]",1,5058.39,95.107,2.11111,2.02158,0.128,"[14.4855, 15.1459, 17.0897, 21.2686, 30.9441, 47.1186, 64.8818, 105.436, 144.483, 14.2515, 4.23686, 2.49948, 1.78222, 1.39307, 0.986399, 0.715619, 0.593202, 0.537849, 0.524647]",-0.930094,"[79.0272, 79.9858, 79.7149, 80.5583]",0.336294
0.0,0.0352067,0.022,0.0,19.884,0.0,249.223,349.223,93.8784,3,"[200.0, 200.0, 200.0, 200.0, 200.0, 200.0, 200.0, 200.0, 200.0, 200.0, 200.0, 200.0, 200.0, 200.0, 200.0, 200.0, 200.0, 200.0, 200.0, 200.0, 200.0, 200.0, 200.0, 200.0, 200.0, 200.0, 200.0, 200.0, 200.0, 200.0, 200.0, 200.0, 200.0, 200.0, 200.0, 200.0]",1,5052.67,94.9057,2.05797,2.00204,0.128,"[14.4924, 15.1466, 17.0818, 21.2436, 30.8679, 46.9127, 64.4687, 104.291, 144.456, 14.6752, 4.22829, 2.481, 1.76505, 1.37791, 0.974318, 0.706106, 0.584944, 0.530109, 0.516878]",-0.931126,"[79.4555, 78.7649, 80.6012, 79.9516]",0.338582
0.0,0.0303792,0.01,0.0,19.906,0.0,249.803,349.802,93.8783,3,"[200.0, 200.0, 200.0, 200.0, 200.0, 200.0, 200.0, 200.0, 200.0, 200.0, 200.0, 200.0, 200.0, 200.0, 200.0, 200.0, 200.0, 200.0, 200.0, 200.0, 200.0, 200.0, 200.0, 200.0, 200.0, 200.0, 200.0, 200.0, 200.0, 200.0, 200.0, 200.0, 200.0, 200.0, 200.0, 200.0]",1,5021.46,94.7426,1.75169,2.12428,0.128,"[14.498, 15.1326, 17.0398, 21.1458, 30.6069, 46.2508, 63.1814, 100.876, 145.725, 16.7478, 4.33404, 2.50002, 1.7661, 1.37338, 0.966985, 0.698524, 0.577541, 0.522639, 0.508941]",-0.932173,"[80.331, 78.7307, 80.5557, 78.9716]",0.339546
0.041,0.0237058,0.0,0.0,19.928,0.0,250.381,350.381,93.8783,3,"[200.0, 200.0, 200.0, 200.0, 200.0, 200.0, 200.0, 200.0, 200.0, 200.0, 200.0, 200.0, 200.0, 200.0, 200.0, 200.0, 200.0, 200.0, 200.0, 200.0, 200.0, 200.0, 200.0, 200.0, 200.0, 200.0, 200.0, 200.0, 200.0, 200.0, 200.0, 200.0, 200.0, 200.0, 200.0, 200.0]",1,5047.54,94.6255,1.28073,2.03943,0.128,"[14.5021, 15.1097, 16.978, 21.0071, 30.2463, 45.3559, 61.4712, 96.4888, 147.642, 21.1776, 4.53282, 2.54889, 1.78235, 1.37833, 0.964638, 0.693667, 0.571976, 0.516558, 0.502127]",-0.933069,"[80.2826, 78.9163, 80.8649, 79.3274]",0.340841
0.101,0.0162278,0.0,0.0,19.95,0.0,250.959,350.959,93.8783,3,"[200.0, 200.0, 200.0, 200.0, 200.0, 200.0, 200.0, 200.0, 200.0, 200.0, 200.0, 200.0, 200.0, 200.0, 200.0, 200.0, 200.0, 200.0, 200.0, 200.0, 200.0, 200.0, 200.0, 200.0, 200.0, 200.0, 200.0, 200.0, 200.0, 200.0, 200.0, 200.0, 200.0, 200.0, 200.0, 200.0]",1,5047.08,94.5527,0.934172,1.92197,0.128,"[14.5051, 15.0824, 16.9075, 20.8518, 29.8493, 44.3895, 59.6568, 91.9994, 149.753, 30.6141, 4.80864, 2.62006, 1.81003, 1.39067, 0.966519, 0.691422, 0.56838, 0.512144, 0.496844]",-0.933763,"[80.4038, 78.5257, 81.0864, 79.1624]",0.34204
0.171,0.0085031,0.0,0.0,19.972,0.0,251.537,351.536,93.8783,3,"[200.0, 200.0, 200.0, 200.0, 200.0, 200.0, 200.0, 200.0, 200.0, 200.0, 200.0, 200.0, 200.0, 200.0, 200.0, 200.0, 200.0, 200.0, 200.0, 200.0, 200.0, 200.0, 200.0, 200.0, 200.0, 200.0, 200.0, 200.0, 200.0, 200.0, 200.0, 200.0, 200.0, 200.0, 200.0, 200.0]",1,5058.57,94.5165,0.530911,1.76712,0.129,"[14.5068, 15.0529, 16.8337, 20.6917, 29.4474, 43.4298, 57.8871, 87.7744, 151.841, 58.0618, 5.16295, 2.71239, 1.8489, 1.41057, 0.9731, 0.692333, 0.567309, 0.50997, 0.493716]",-0.934174,"[80.315, 78.5471, 81.0853, 79.4599]",0.342742
0.285,-1.02243e-05,0.0,0.0,19.994,0.0,252.115,352.114,93.8782,3,"[200.0, 200.0, 200.0, 200.0, 200.0, 200.0, 200.0, 200.0, 200.0, 200.0, 200.0, 200.0, 200.0, 200.0, 200.0, 200.0, 200.0, 200.0, 200.0, 200.0, 200.0, 200.0, 200.0, 200.0, 200.0, 200.0, 200.0, 200.0, 200.0, 200.0, 200.0, 200.0, 200.0, 200.0, 200.0, 200.0]",1,5164.46,94.4793,0.196675,1.51038,0.129,"[14.5066, 15.0183, 16.7506, 20.5152, 29.0126, 42.4132, 56.0469, 83.5352, 154.095, 110.893, 5.66212, 2.84171, 1.90654, 1.44273, 0.986876, 0.697821, 0.569766, 0.510837, 0.493429]",-0.934209,"[80.375, 78.3637, 81.8601, 81.8685]",0.342538
0.385,-0.00819435,0.0,0.0,20.016,0.0,252.692,352.692,93.878,3,"[200.0, 200.0, 200.0, 200.0, 200.0, 200.0, 200.0, 200.0, 200.0, 200.0, 200.0, 200.0, 200.0, 200.0, 200.0, 200.0, 200.0, 200.0, 200.0, 200.0, 200.0, 200.0, 200.0, 200.0, 200.0, 200.0, 200.0, 200.0, 200.0, 200.0, 200.0, 200.0, 200.0, 200.0, 200.0, 200.0]",1,5140.47,94.5611,0.0197728,1.61532,0.13,"[14.5044, 14.9832, 16.6694, 20.3457, 28.6029, 41.4744, 54.3779, 79.8183, 156.173, 117.678, 6.27985, 2.99593, 1.97709, 1.48379, 1.00641, 0.707332, 0.575525, 0.51469, 0.496061]",-0.933861,"[80.3452, 78.5797, 82.427, 80.4849]",0.342546
0.415,-0.0179481,0.0,0.0,20.038,0.0,253.27,353.269,93.8778,3,"[200.0, 200.0, 200.0, 200.0, 200.0, 200.0, 200.0, 200.0, 200.0, 200.0, 200.0, 200.0, 200.0, 200.0, 200.0, 200.0, 200.0, 200.0, 200.0, 200.0, 200.0, 200.0, 200.0, 200.0, 200.0, 200.0, 200.0, 200.0, 200.0, 200.0, 200.0, 200.0, 200.0, 200.0, 200.0, 200.0]",1,5127.72,94.6356,-0.318397,1.51454,0.13,"[14.4999, 14.9396, 16.5713, 20.1444, 28.1254, 40.4024, 52.506, 75.7868, 158.894, 123.48, 7.25352, 3.22163, 2.08083, 1.54537, 1.03721, 0.723603, 0.58629, 0.52272, 0.50248]",-0.933013,"[80.6323, 78.243, 83.8467, 79.9923]",0.342324
0.454,-0.0268865,0.0,0.0,20.06,0.0,253.849,353.848,93.8777,3,"[200.0, 200.0, 200.0, 200.0, 200.0, 200.0, 200.0, 200.0, 200.0, 200.0, 200.0, 200.0, 200.0, 200.0, 200.0, 200.0, 200.0, 200.0, 200.0, 200.0, 200.0, 200.0, 200.0, 200.0, 200.0, 200.0, 200.0, 200.0, 200.0, 200.0, 200.0, 200.0, 200.0, 200.0, 200.0, 200.0]",1,5189.94,94.7238,-0.610961,1.33446,0.13,"[14.4926, 14.8965, 16.4788, 19.9589, 27.6952, 39.4582, 50.8879, 72.4152, 161.456, 127.769, 8.49472, 3.48445, 2.20229, 1.6189, 1.07568, 0.745229, 0.601452, 0.534728, 0.512785]",-0.931653,"[80.5106, 78.4041, 82.551, 82.464]",0.342142
0.471,-0.0336534,0.0,0.0,20.082,0.0,254.428,354.427,93.8774,3,"[200.0, 200.0, 200.0, 200.0, 200.0, 200.0, 200.0, 200.0, 200.0, 200.0, 200.0, 200.0, 200.0, 200.0, 200.0, 200.0, 200.0, 200.0, 200.0, 200.0, 200.0, 200.0, 200.0, 200.0, 200.0, 200.0, 200.0, 200.0, 200.0, 200.0, 200.0, 200.0, 200.0, 200.0, 200.0, 200.0]",1,5110.74,94.881,-1.23713,1.38561,-0.8,"[14.484, 14.8609, 16.4058, 19.8163, 27.3719, 38.7629, 49.7154, 70.0377, 163.304, 130.486, 9.78227, 3.73329, 2.31773, 1.68985, 1.11396, 0.767602, 0.617649, 0.547949, 0.524503]",-0.930106,"[80.5057, 78.9139, 81.1406, 80.8007]",0.341711
0.512,-0.0341338,0.0,0.0,20.104,0.0,255.008,355.007,93.8772,3,"[200.0, 200.0, 200.0, 200.0, 200.0, 200.0, 200.0, 200.0, 200.0, 200.0, 200.0, 200.0, 200.0, 200.0, 200.0, 200.0, 200.0, 200.0, 200.0, 200.0, 200.0, 200.0, 200.0, 200.0, 200.0, 200.0, 200.0, 200.0, 200.0, 200.0, 200.0, 200.0, 200.0, 200.0, 200.0, 200.0]",1,5252.87,94.8993,-1.6179,1.20077,-0.8,"[14.4731, 14.8478, 16.389, 19.7922, 27.3298, 38.687, 49.599, 69.8251, 162.772, 130.101, 10.08, 3.82544, 2.3718, 1.72824, 1.13862, 0.784286, 0.630939, 0.559653, 0.535637]",-0.928623,"[79.2101, 78.7496, 81.9951, 84.3034]",0.338962
0.501,-0.0272843,0.0,0.0,20.126,0.0,255.588,355.587,93.8769,3,"[200.0, 200.0, 200.0, 200.0, 200.0, 200.0, 200.0, 200.0, 200.0, 200.0, 200.0, 200.0, 200.0, 200.0, 200.0, 200.0, 200.0, 200.0, 200.0, 200.0, 200.0, 200.0, 200.0, 200.0, 200.0, 200.0, 200.0, 200.0, 200.0, 200.0, 200.0, 200.0, 200.0, 200.0, 200.0, 200.0]",1,5185.39,94.8956,-1.80631,1.4113,-0.8,"[14.4629, 14.8644, 16.4413, 19.9103, 27.6203, 39.3372, 50.7151, 72.1255, 159.483, 126.162, 9.04879, 3.69719, 2.33437, 1.71519, 1.13913, 0.788943, 0.63662, 0.565923, 0.542642]",-0.927675,"[77.3479, 78.7487, 82.3473, 81.8147]",0.340147
0.489,-0.0148876,0.0,0.0,20.148,0.0,256.168,356.167,93.8767,3,"[200.0, 200.0, 200.0, 200.0, 200.0, 200.0, 200.0, 200.0, 200.0, 200.0, 200.0, 200.0, 200.0, 200.0, 200.0, 200.0, 200.0, 200.0, 200.0, 200.0, 200.0, 200.0, 200.0, 200.0, 200.0, 200.0, 200.0, 200.0, 200.0, 200.0, 200.0, 200.0, 200.0, 200.0, 200.0, 200.0]",1,5248.24,94.7855,-1.57386,1.53169,-0.8,"[14.4563, 14.9068, 16.5505, 20.1444, 28.1858, 40.6064, 52.9147, 76.7685, 154.358, 118.732, 7.54026, 3.43011, 2.23099, 1.66247, 1.11955, 0.782882, 0.635163, 0.566838, 0.545339]",-0.927296,"[76.3073, 79.5587, 83.1738, 83.0021]",0.337123
0.415,0.00322792,0.0,0.0,20.17,0.0,256.747,356.746,93.8765,3,"[200.0, 200.0, 200.0, 200.0, 200.0, 200.0, 200.0, 200.0, 200.0, 200.0, 200.0, 200.0, 200.0, 200.0, 200.0, 200.0, 200.0, 200.0, 200.0, 200.0, 200.0, 200.0, 200.0, 200.0, 200.0, 200.0, 200.0, 200.0, 200.0, 200.0, 200.0, 200.0, 200.0, 200.0, 200.0, 200.0]",1,5155.91,94.762,-0.797534,1.54033,0.129,"[14.4579, 14.9808, 16.7257, 20.5127, 29.0783, 42.6502, 56.5421, 84.8121, 147.6, 102.689, 5.9998, 3.06633, 2.07, 1.57138, 1.07839, 0.764334, 0.624926, 0.560853, 0.542211]",-0.927706,"[76.8625, 80.9865, 81.1585, 82.8361]",0.337012
0.332,0.0219643,0.0,0.0,20.192,0.0,257.326,357.325,93.8763,3,"[200.0, 200.0, 200.0, 200.0, 200.0, 200.0, 200.0, 200.0, 200.0, 200.0, 200.0, 200.0, 200.0, 200.0, 200.0, 200.0, 200.0, 200.0, 200.0, 200.0, 200.0, 200.0, 200.0, 200.0, 200.0, 200.0, 200.0, 200.0, 200.0, 200.0, 200.0, 200.0, 200.0, 200.0, 200.0, 200.0]",1,5171.78,94.7502,0.289735,1.72741,0.129,"[14.4701, 15.0693, 16.9233, 20.9235, 30.0849, 45.0254, 60.9012, 95.1893, 140.278, 24.2855, 4.8927, 2.73194, 1.9051, 1.47106, 1.02789, 0.738264, 0.608317, 0.549087, 0.5335]",-0.928884,"[77.6317, 81.8528, 80.2557, 83.6497]",0.336349
0.082,0.0356438,0.0,0.0,20.214,0.0,257.905,357.904,93.8763,3,"[200.0, 200.0, 200.0, 200.0, 200.0, 200.0, 200.0, 200.0, 200.0, 200.0, 200.0, 200.0, 200.0, 200.0, 200.0, 200.0, 200.0, 200.0, 200.0, 200.0, 200.0, 200.0, 200.0, 200.0, 200.0, 200.0, 200.0, 200.0, 200.0, 200.0, 200.0, 200.0, 200.0, 200.0, 200.0, 200.0]",1,5019.79,94.7235,1.60065,1.86554,0.128,"[14.4862, 15.1419, 17.0788, 21.2441, 30.8796, 46.9551, 64.5624, 165.89, 134.313, 14.6763, 4.26592, 2.50683, 1.78454, 1.39361, 0.985792, 0.71463, 0.59211, 0.536672, 0.523339]",-0.930266,"[78.0776, 80.7957, 78.0789, 81.3504]",0.335322
0.519,0.04006,0.0,0.0,20.236,0.0,258.484,358.483,93.8761,3,"[200.0, 200.0, 200.0, 200.0, 200.0, 200.0, 200.0, 200.0, 200.0, 200.0, 200.0, 200.0, 200.0, 200.0, 200.0, 200.0, 200.0, 200.0, 200.0, 200.0, 200.0, 200.0, 200.0, 200.0, 200.0, 200.0, 200.0, 200.0, 200.0, 200.0, 200.0, 200.0, 200.0, 200.0, 200.0, 200.0]",1,5203.7,94.7227,2.37523,1.88632,0.129,"[14.4979, 15.1722, 17.1373, 21.3592, 31.1589, 47.6346, 65.8684, 163.317, 131.821, 12.8284, 4.04596, 2.41262, 1.72813, 1.35423, 0.961602, 0.699138, 0.580295, 0.526662, 0.51418]",-0.931498,"[79.2703, 79.8583, 83.4737, 82.5973]",0.337254
0.374,0.0391074,0.0,0.0,20.258,0.0,259.063,359.062,93.8759,3,"[200.0, 200.0, 200.0, 200.0, 200.0, 200.0, 200.0, 200.0, 200.0, 200.0, 200.0, 200.0, 200.0, 200.0, 200.0, 200.0, 200.0, 200.0, 200.0, 200.0, 200.0, 200.0, 200.0, 200.0, 200.0, 200.0, 200.0, 200.0, 200.0, 200.0, 200.0, 200.0, 200.0, 200.0, 200.0, 200.0]",1,5107.19,94.8533,2.17176,2.06656,0.129,"[14.5067, 15.1776, 17.138, 21.351, 31.1226, 47.5236, 65.6338, 162.911, 131.519, 12.901, 4.00193, 2.379, 1.70181, 1.33262, 0.945483, 0.686986, 0.569993, 0.517164, 0.50478]",-0.932748,"[79.8374, 79.2927, 81.1024, 80.9902]",0.337811
0.4,0.0344014,0.0,0.0,20.28,0.0,259.643,359.642,93.8757,3,"[200.0, 200.0, 200.0, 200.0, 200.0, 200.0, 200.0, 200.0, 200.0, 200.0, 200.0, 200.0, 200.0, 200.0, 200.0, 200.0, 200.0, 200.0, 200.0, 200.0, 200.0, 200.0, 200.0, 200.0, 200.0, 200.0, 200.0, 200.0, 200.0, 200.0, 200.0, 200.0, 200.0, 200.0, 200.0, 200.0]",1,5105.84,94.9401,1.8245,2.023,0.129,"[14.5133, 15.1651, 17.0982, 21.2564, 30.8665, 46.8653, 64.3386, 164.013, 132.721, 14.4007, 4.08102, 2.38796, 1.69689, 1.32385, 0.935435, 0.677562, 0.561117, 0.508392, 0.495597]",-0.933959,"[80.3659, 79.199, 81.821, 80.1019]",0.339276
0.461,0.0281254,0.0,0.0,20.302,0.0,260.223,360.223,93.8756,3,"[200.0, 200.0, 200.0, 200.0, 200.0, 200.0, 200.0, 200.0, 200.0, 200.0, 200.0, 200.0, 200.0, 200.0, 200.0, 200.0, 200.0, 200.0, 200.0, 200.0, 200.0, 200.0, 200.0, 200.0, 200.0, 200.0, 200.0, 200.0, 200.0, 200.0, 200.0, 200.0, 200.0, 200.0, 200.0, 200.0]",1,5189.28,95.0098,1.43125,2.09024,0.129,"[14.5192, 15.1455, 17.0421, 21.1276, 30.5258, 46.0073, 62.6785, 102.327, 134.459, 17.3027, 4.22616, 2.41751, 1.70205, 1.32112, 0.928316, 0.669567, 0.553096, 0.500176, 0.486775]",-0.935122,"[80.6192, 79.0732, 82.9781, 81.8642]",0.341241
0.0,0.0207927,0.018,0.0,20.324,0.0,260.804,360.803,93.8755,3,"[200.0, 200.0, 200.0, 200.0, 200.0, 200.0, 200.0, 200.0, 200.0, 200.0, 200.0, 200.0, 200.0, 200.0, 200.0, 200.0, 200.0, 200.0, 200.0, 200.0, 200.0, 200.0, 200.0, 200.0, 200.0, 200.0, 200.0, 200.0, 200.0, 200.0, 200.0, 200.0, 200.0, 200.0, 200.0, 200.0]",1,5062.94,94.9226,0.989384,1.99953,0.129,"[14.5237, 15.1203, 16.9744, 20.9759, 30.1328, 45.0378, 60.837, 94.9534, 136.491, 23.0583, 4.44519, 2.47009, 1.71926, 1.32623, 0.925683, 0.664319, 0.547125, 0.493677, 0.479513]",-0.936079,"[80.6802, 77.903, 81.0653, 79.4553]",0.342314
0.047,0.0133219,0.0,0.0,20.346,0.0,261.384,361.383,93.8754,3,"[200.0, 200.0, 200.0, 200.0, 200.0, 200.0, 200.0, 200.0, 200.0, 200.0, 200.0, 200.0, 200.0, 200.0, 200.0, 200.0, 200.0, 200.0, 200.0, 200.0, 200.0, 200.0, 200.0, 200.0, 200.0, 200.0, 200.0, 200.0, 200.0, 200.0, 200.0, 200.0, 200.0, 200.0, 200.0, 200.0]",1,5040.51,94.8125,0.697761,1.86938,0.129,"[14.527, 15.0934, 16.9044, 20.8217, 29.7403, 44.088, 59.0649, 90.4953, 138.465, 35.6016, 4.72288, 2.53955, 1.74578, 1.33782, 0.92722, 0.661954, 0.543503, 0.489293, 0.474308]",-0.936764,"[80.5782, 78.6379, 81.2561, 78.852]",0.342817
0.132,0.00567863,0.0,0.0,20.368,0.0,261.963,361.962,93.8754,3,"[200.0, 200.0, 200.0, 200.0, 200.0, 200.0, 200.0, 200.0, 200.0, 200.0, 200.0, 200.0, 200.0, 200.0, 200.0, 200.0, 200.0, 200.0, 200.0, 200.0, 200.0, 200.0, 200.0, 200.0, 200.0, 200.0, 200.0, 200.0, 200.0, 200.0, 200.0, 200.0, 200.0, 200.0, 200.0, 200.0]",1,5066.05,94.7434,0.342355,1.70427,0.129,"[14.5287, 15.0642, 16.8315, 20.6641, 29.3461, 43.1525, 57.3502, 86.4519, 140.401, 83.029, 5.0801, 2.63053, 1.78392, 1.35739, 0.933812, 0.663034, 0.54266, 0.48739, 0.471498]",-0.937135,"[80.5201, 78.7288, 81.1807, 79.6385]",0.344336
0.268,-0.00287094,0.0,0.0,20.39,0.0,262.542,362.541,93.8753,3,"[200.0, 200.0, 200.0, 200.0, 200.0, 200.0, 200.0, 200.0, 200.0, 200.0, 200.0, 200.0, 200.0, 200.0, 200.0, 200.0, 200.0, 200.0, 200.0, 200.0, 200.0, 200.0, 200.0, 200.0, 200.0, 200.0, 200.0, 200.0, 200.0, 200.0, 200.0, 200.0, 200.0, 200.0, 200.0, 200.0]",1,5164.48,94.6986,0.0421634,1.42578,0.13,"[14.5282, 15.0292, 16.748, 20.4872, 28.9127, 42.1453, 55.5377, 82.3243, 142.544, 102.989, 5.59732, 2.76214, 1.84276, 1.39051, 0.948377, 0.66919, 0.545727, 0.488851, 0.47183]",-0.93709,"[80.5456, 78.5267, 81.9749, 81.8839]",0.342592
0.305,-0.0111661,0.0,0.0,20.412,0.0,263.121,363.12,93.8752,3,"[200.0, 200.0, 200.0, 200.0, 200.0, 200.0, 200.0, 200.0, 200.0, 200.0, 200.0, 200.0, 200.0, 200.0, 200.0, 200.0, 200.0, 200.0, 200.0, 200.0, 200.0, 200.0, 200.0, 200.0, 200.0, 200.0, 200.0, 200.0, 200.0, 200.0, 200.0, 200.0, 200.0, 200.0, 200.0, 200.0]",1,5122.01,94.7463,-0.103148,1.51676,0.13,"[14.5256, 14.9932, 16.6653, 20.3155, 28.5, 41.2059, 53.8774, 78.6678, 144.513, 108.567, 6.25136, 2.92221, 1.91628, 1.43367, 0.96935, 0.679768, 0.552391, 0.493544, 0.475301]",-0.936631,"[80.5149, 78.7033, 82.1314, 80.284]",0.34352
0.339,-0.0212309,0.0,0.0,20.434,0.0,263.7,363.699,93.8751,3,"[200.0, 200.0, 200.0, 200.0, 200.0, 200.0, 200.0, 200.0, 200.0, 200.0, 200.0, 200.0, 200.0, 200.0, 200.0, 200.0, 200.0, 200.0, 200.0, 200.0, 200.0, 200.0, 200.0, 200.0, 200.0, 200.0, 200.0, 200.0, 200.0, 200.0, 200.0, 200.0, 200.0, 200.0, 200.0, 200.0]",1,5130.48,94.7654,-0.453869,1.37588,0.13,"[14.5206, 14.9478, 16.5639, 20.1082, 28.011, 40.1151, 51.9837, 74.6331, 147.104, 113.832, 7.31467, 3.16091, 2.02589, 1.49903, 1.00244, 0.697575, 0.564393, 0.502677, 0.482786]",-0.935643,"[80.8044, 78.3106, 83.3306, 80.7014]",0.342189
0.373,-0.0306715,0.0,0.0,20.456,0.0,264.279,364.278,93.8749,3,"[200.0, 200.0, 200.0, 200.0, 200.0, 200.0, 200.0, 200.0, 200.0, 200.0, 200.0, 200.0, 200.0, 200.0, 200.0, 200.0, 200.0, 200.0, 200.0, 200.0, 200.0, 200.0, 200.0, 200.0, 200.0, 200.0, 200.0, 200.0, 200.0, 200.0, 200.0, 200.0, 200.0, 200.0, 200.0, 200.0]",1,5152.49,94.8312,-0.759757,1.20639,0.13,"[14.5128, 14.9022, 16.4662, 19.9132, 27.561, 39.1337, 50.3122, 71.1889, 149.622, 117.927, 8.73399, 3.44598, 2.15665, 1.57818, 1.04402, 0.721125, 0.581024, 0.515946, 0.494268]",-0.934129,"[80.6641, 78.4528, 82.0419, 81.8536]",0.341923
0.403,-0.0377461,0.0,0.0,20.478,0.0,264.859,364.858,93.8747,3,"[200.0, 200.0, 200.0, 200.0, 200.0, 200.0, 200.0, 200.0, 200.0, 200.0, 200.0, 200.0, 200.0, 200.0, 200.0, 200.0, 200.0, 200.0, 200.0, 200.0, 200.0, 200.0, 200.0, 200.0, 200.0, 200.0, 200.0, 200.0, 200.0, 200.0, 200.0, 200.0, 200.0, 200.0, 200.0, 200.0]",1,5106.51,94.932,-1.39695,1.26368,-0.8,"[14.5034, 14.8646, 16.3897, 19.7645, 27.2259, 38.4189, 49.1147, 68.7891, 151.413, 120.511, 10.2413, 3.71768, 2.28165, 1.65498, 1.08562, 0.745596, 0.598843, 0.530571, 0.507306]",-0.932407,"[80.594, 78.9508, 81.0711, 80.698]",0.340847
0.449,-0.0383902,0.0,0.0,20.5,0.0,265.439,365.438,93.8746,3,"[200.0, 200.0, 200.0, 200.0, 200.0, 200.0, 200.0, 200.0, 200.0, 200.0, 200.0, 200.0, 200.0, 200.0, 200.0, 200.0, 200.0, 200.0, 200.0, 200.0, 200.0, 200.0, 200.0, 200.0, 200.0, 200.0, 200.0, 200.0, 200.0, 200.0, 200.0, 200.0, 200.0, 200.0, 200.0, 200.0]",1,5224.61,94.9339,-1.72933,1.05306,-0.8,"[14.491, 14.8494, 16.3698, 19.7354, 27.1742, 38.3245, 48.9694, 68.5239, 150.925, 120.176, 10.6367, 3.82896, 2.34558, 1.69994, 1.11425, 0.764852, 0.614132, 0.544004, 0.520059]",-0.93071,"[79.3441, 78.7806, 81.5992, 83.875]",0.339037
0.433,-0.0316912,0.0,0.0,20.522,0.0,266.019,366.018,93.8744,3,"[200.0, 200.0, 200.0, 200.0, 200.0, 200.0, 200.0, 200.0, 200.0, 200.0, 200.0, 200.0, 200.0, 200.0, 200.0, 200.0, 200.0, 200.0, 200.0, 200.0, 200.0, 200.0, 200.0, 200.0, 200.0, 200.0, 200.0, 200.0, 200.0, 200.0, 200.0, 200.0, 200.0, 200.0, 200.0, 200.0]",1,5147.75,94.9004,-1.89373,1.26772,-0.8,"[14.4786, 14.8631, 16.418, 19.8467, 27.45, 38.9409, 50.0228, 70.6729, 147.844, 116.581, 9.51688, 3.71343, 2.31772, 1.69393, 1.11925, 0.772461, 0.622104, 0.552245, 0.528897]",-0.929516,"[77.5416, 78.7713, 81.3547, 81.715]",0.33933
0.431,-0.0193684,0.0,0.0,20.544,0.0,266.599,366.598,93.8742,3,"[200.0, 200.0, 200.0, 200.0, 200.0, 200.0, 200.0, 200.0, 200.0, 200.0, 200.0, 200.0, 200.0, 200.0, 200.0, 200.0, 200.0, 200.0, 200.0, 200.0, 200.0, 200.0, 200.0, 200.0, 200.0, 200.0, 200.0, 200.0, 200.0, 200.0, 200.0, 200.0, 200.0, 200.0, 200.0, 200.0]",1,5234.49,94.7463,-1.64591,1.33727,-0.8,"[14.4691, 14.9022, 16.5227, 20.0736, 27.9989, 40.1672, 52.1354, 75.0767, 143.015, 109.905, 7.86468, 3.45268, 2.22269, 1.64811, 1.10443, 0.769656, 0.623218, 0.555396, 0.533687]",-0.928855,"[76.3367, 79.5537, 82.8388, 82.9265]",0.336664
0.357,-0.000984044,0.0,0.0,20.566,0.0,267.177,367.177,93.8741,3,"[200.0, 200.0, 200.0, 200.0, 200.0, 200.0, 200.0, 200.0, 200.0, 200.0, 200.0, 200.0, 200.0, 200.0, 200.0, 200.0, 200.0, 200.0, 200.0, 200.0, 200.0, 200.0, 200.0, 200.0, 200.0, 200.0, 200.0, 200.0, 200.0, 200.0, 200.0, 200.0, 200.0, 200.0, 200.0, 200.0]",1,5137.76,94.6834,-0.887486,1.39798,0.129,"[14.4675, 14.9739, 16.6962, 20.44, 28.8858, 42.1861, 55.6936, 82.8527, 136.49, 97.1341, 6.17925, 3.08375, 2.065, 1.56115, 1.06682, 0.75381, 0.615227, 0.55143, 0.5325]",-0.929,"[76.8391, 81.0482, 80.7523, 82.6815]",0.336048
0.288,0.0183794,0.0,0.0,20.588,0.0,267.756,367.755,93.874,3,"[200.0, 200.0, 200.0, 200.0, 200.0, 200.0, 200.0, 200.0, 200.0, 200.0, 200.0, 200.0, 200.0, 200.0, 200.0, 200.0, 200.0, 200.0, 200.0, 200.0, 200.0, 200.0, 200.0, 200.0, 200.0, 200.0, 200.0, 200.0, 200.0, 200.0, 200.0, 200.0, 200.0, 200.0, 200.0, 200.0]",1,5126.08,94.6691,0.310283,1.63208,0.129,"[14.4766, 15.0615, 16.8955, 20.8564, 29.9054, 44.5782, 60.0531, 97.8667, 129.274, 28.6103, 4.98636, 2.74261, 1.90147, 1.4637, 1.01934, 0.730307, 0.600877, 0.54178, 0.525897]",-0.929892,"[77.2533, 81.8759, 79.1574, 83.5323]",0.335113
0.101,0.0323937,0.0,0.0,20.61,0.0,268.334,368.334,93.874,3,"[200.0, 200.0, 200.0, 200.0, 200.0, 200.0, 200.0, 200.0, 200.0, 200.0, 200.0, 200.0, 200.0, 200.0, 200.0, 200.0, 200.0, 200.0, 200.0, 200.0, 200.0, 200.0, 200.0, 200.0, 200.0, 200.0, 200.0, 200.0, 200.0, 200.0, 200.0, 200.0, 200.0, 200.0, 200.0, 200.0]",1,5032.25,94.6176,1.66955,1.79485,0.128,"[14.4898, 15.1323, 17.0504, 21.1779, 30.7029, 46.5058, 63.6863, 153.213, 123.471, 15.9876, 4.33764, 2.52031, 1.78573, 1.39092, 0.981088, 0.709674, 0.587237, 0.531736, 0.518077]",-0.930959,"[77.9877, 80.7501, 78.4066, 81.3251]",0.334288
0.362,0.0366295,0.0,0.0,20.632,0.0,268.913,368.912,93.8738,3,"[200.0, 200.0, 200.0, 200.0, 200.0, 200.0, 200.0, 200.0, 200.0, 200.0, 200.0, 200.0, 200.0, 200.0, 200.0, 200.0, 200.0, 200.0, 200.0, 200.0, 200.0, 200.0, 200.0, 200.0, 200.0, 200.0, 200.0, 200.0, 200.0, 200.0, 200.0, 200.0, 200.0, 200.0, 200.0, 200.0]",1,5101.62,94.5958,2.41327,1.89652,0.129,"[14.4989, 15.1592, 17.1037, 21.2845, 30.963, 47.1378, 64.8945, 150.829, 121.155, 13.9502, 4.13398, 2.43742, 1.73756, 1.35797, 0.961412, 0.697414, 0.578073, 0.524105, 0.511218]",-0.931883,"[79.1834, 79.7335, 81.2937, 81.299]",0.336482
0.249,0.0350823,0.0,0.0,20.654,0.0,269.491,369.49,93.8737,3,"[200.0, 200.0, 200.0, 200.0, 200.0, 200.0, 200.0, 200.0, 200.0, 200.0, 200.0, 200.0, 200.0, 200.0, 200.0, 200.0, 200.0, 200.0, 200.0, 200.0, 200.0, 200.0, 200.0, 200.0, 200.0, 200.0, 200.0, 200.0, 200.0, 200.0, 200.0, 200.0, 200.0, 200.0, 200.0, 200.0]",1,5076.53,94.6165,2.15569,2.08803,0.129,"[14.5052, 15.1595, 17.0956, 21.2596, 30.8881, 46.9364, 64.491, 150.618, 121.057, 14.361, 4.12732, 2.42073, 1.72186, 1.34406, 0.950281, 0.688629, 0.570438, 0.516942, 0.504024]",-0.932838,"[79.7401, 79.0381, 80.8051, 80.311]",0.337931
0.276,0.0299656,0.0,0.0,20.676,0.0,270.069,370.069,93.8736,3,"[200.0, 200.0, 200.0, 200.0, 200.0, 200.0, 200.0, 200.0, 200.0, 200.0, 200.0, 200.0, 200.0, 200.0, 200.0, 200.0, 200.0, 200.0, 200.0, 200.0, 200.0, 200.0, 200.0, 200.0, 200.0, 200.0, 200.0, 200.0, 200.0, 200.0, 200.0, 200.0, 200.0, 200.0, 200.0, 200.0]",1,5079.63,94.6351,1.78681,1.99923,0.129,"[14.5096, 15.1431, 17.0493, 21.1538, 30.6083, 46.2305, 63.1221, 151.753, 122.29, 16.585, 4.24838, 2.4469, 1.72751, 1.34291, 0.945187, 0.682587, 0.56427, 0.510566, 0.497129]",-0.933746,"[80.1675, 78.9402, 81.4456, 79.7066]",0.340215
0.345,0.02349,0.0,0.0,20.698,0.0,270.648,370.647,93.8735,3,"[200.0, 200.0, 200.0, 200.0, 200.0, 200.0, 200.0, 200.0, 200.0, 200.0, 200.0, 200.0, 200.0, 200.0, 200.0, 200.0, 200.0, 200.0, 200.0, 200.0, 200.0, 200.0, 200.0, 200.0, 200.0, 200.0, 200.0, 200.0, 200.0, 200.0, 200.0, 200.0, 200.0, 200.0, 200.0, 200.0]",1,5136.82,94.6611,1.3856,2.03377,0.129,"[14.5134, 15.1205, 16.9891, 21.0188, 30.2581, 45.3624, 61.4647, 153.455, 123.947, 20.8885, 4.43885, 2.4939, 1.7433, 1.34789, 0.943146, 0.678111, 0.5591, 0.504896, 0.490763]",-0.934583,"[80.3402, 78.7618, 82.2968, 80.8243]",0.342659
0.429,0.0162303,0.0,0.0,20.72,0.0,271.227,371.226,93.8733,3,"[200.0, 200.0, 200.0, 200.0, 200.0, 200.0, 200.0, 200.0, 200.0, 200.0, 200.0, 200.0, 200.0, 200.0, 200.0, 200.0, 200.0, 200.0, 200.0, 200.0, 200.0, 200.0, 200.0, 200.0, 200.0, 200.0, 200.0, 200.0, 200.0, 200.0, 200.0, 200.0, 200.0, 200.0, 200.0, 200.0]",1,5098.15,94.7892,0.956323,1.88535,0.129,"[14.516, 15.0937, 16.9202, 20.8674, 29.8718, 44.423, 59.702, 155.524, 125.792, 29.9411, 4.70353, 2.56282, 1.77049, 1.36029, 0.945411, 0.676323, 0.555969, 0.500961, 0.485995]",-0.935209,"[80.4532, 78.7194, 82.1832, 80.2913]",0.343982
0.515,0.00897783,0.0,0.0,20.742,0.0,271.806,371.805,93.8731,3,"[200.0, 200.0, 200.0, 200.0, 200.0, 200.0, 200.0, 200.0, 200.0, 200.0, 200.0, 200.0, 200.0, 200.0, 200.0, 200.0, 200.0, 200.0, 200.0, 200.0, 200.0, 200.0, 200.0, 200.0, 200.0, 200.0, 200.0, 200.0, 200.0, 200.0, 200.0, 200.0, 200.0, 200.0, 200.0, 200.0]",1,5222.2,94.8847,0.66208,1.67648,0.129,"[14.5174, 15.0658, 16.8506, 20.7167, 29.4935, 43.5196, 58.0356, 90.2533, 127.543, 53.8175, 5.02788, 2.6477, 1.80633, 1.37871, 0.951558, 0.677236, 0.555048, 0.499022, 0.483178]",-0.935579,"[80.514, 78.7705, 81.7321, 83.6033]",0.344493
0.079,0.00171483,0.0,0.0,20.764,0.0,272.386,372.385,93.8731,3,"[200.0, 200.0, 200.0, 200.0, 200.0, 200.0, 200.0, 200.0, 200.0, 200.0, 200.0, 200.0, 200.0, 200.0, 200.0, 200.0, 200.0, 200.0, 200.0, 200.0, 200.0, 200.0, 200.0, 200.0, 200.0, 200.0, 200.0, 200.0, 200.0, 200.0, 200.0, 200.0, 200.0, 200.0, 200.0, 200.0]",1,5055.54,94.8899,0.315285,1.48426,0.129,"[14.5174, 15.0364, 16.7798, 20.5659, 29.1213, 42.6469, 56.4521, 84.7357, 129.218, 88.7443, 5.4312, 2.75263, 1.85291, 1.40452, 0.962418, 0.681385, 0.556751, 0.499434, 0.482638]",-0.935648,"[80.6613, 78.8011, 81.1319, 79.3898]",0.345042
0.219,-0.00613362,0.0,0.0,20.786,0.0,272.966,372.965,93.873,3,"[200.0, 200.0, 200.0, 200.0, 200.0, 200.0, 200.0, 200.0, 200.0, 200.0, 200.0, 200.0, 200.0, 200.0, 200.0, 200.0, 200.0, 200.0, 200.0, 200.0, 200.0, 200.0, 200.0, 200.0, 200.0, 200.0, 200.0, 200.0, 200.0, 200.0, 200.0, 200.0, 200.0, 200.0, 200.0, 200.0]",1,5137.06,94.8304,0.0872665,1.22442,0.129,"[14.5151, 15.0025, 16.7015, 20.4023, 28.725, 41.736, 54.827, 80.7792, 131.007, 94.8519, 5.98645, 2.8947, 1.91848, 1.44287, 0.980767, 0.690374, 0.562221, 0.503116, 0.485174]",-0.935311,"[80.5382, 78.7187, 81.7611, 81.1902]",0.343595
0.227,-0.0138634,0.0,0.0,20.808,0.0,273.545,373.545,93.8729,3,"[200.0, 200.0, 200.0, 200.0, 200.0, 200.0, 200.0, 200.0, 200.0, 200.0, 200.0, 200.0, 200.0, 200.0, 200.0, 200.0, 200.0, 200.0, 200.0, 200.0, 200.0, 200.0, 200.0, 200.0, 200.0, 200.0, 200.0, 200.0, 200.0, 200.0, 200.0, 200.0, 200.0, 200.0, 200.0, 200.0]",1,5100.52,94.8326,-0.0226283,1.30535,0.129,"[14.5106, 14.9669, 16.6224, 20.2405, 28.3407, 40.8695, 53.3066, 77.472, 132.687, 99.1074, 6.69169, 3.06758, 1.99976, 1.49182, 1.00574, 0.703849, 0.571296, 0.510005, 0.490797]",-0.934567,"[80.5293, 78.8362, 81.7435, 80.0743]",0.343287
0.258,-0.0232963,0.0,0.0,20.83,0.0,274.125,374.124,93.8728,3,"[200.0, 200.0, 200.0, 200.0, 200.0, 200.0, 200.0, 200.0, 200.0, 200.0, 200.0, 200.0, 200.0, 200.0, 200.0, 200.0, 200.0, 200.0, 200.0, 200.0, 200.0, 200.0, 200.0, 200.0, 200.0, 200.0, 200.0, 200.0, 200.0, 200.0, 200.0, 200.0, 200.0, 200.0, 200.0, 200.0]",1,5088.82,94.8249,-0.305254,1.18521,0.129,"[14.5037, 14.9221, 16.5251, 20.0442, 27.8821, 39.8545, 51.5547, 73.7745, 134.848, 103.455, 7.82568, 3.3205, 2.11755, 1.56315, 1.0429, 0.724562, 0.585697, 0.521312, 0.500405]",-0.933297,"[80.7849, 78.4476, 82.2951, 80.1603]",0.342287
0.29,-0.0320938,0.0,0.0,20.852,0.0,274.704,374.703,93.8727,3,"[200.0, 200.0, 200.0, 200.0, 200.0, 200.0, 200.0, 200.0, 200.0, 200.0, 200.0, 200.0, 200.0, 200.0, 200.0, 200.0, 200.0, 200.0, 200.0, 200.0, 200.0, 200.0, 200.0, 200.0, 200.0, 200.0, 200.0, 200.0, 200.0, 200.0, 200.0, 200.0, 200.0, 200.0, 200.0, 200.0]",1,5130.74,94.836,-0.556994,1.01837,0.129,"[14.4937, 14.877, 16.4313, 19.8596, 27.4604, 38.9418, 50.0076, 70.6097, 136.909, 106.911, 9.31648, 3.61907, 2.25637, 1.64828, 1.08857, 0.751045, 0.604748, 0.53677, 0.51402]",-0.931499,"[80.5994, 78.5596, 81.9606, 81.088]",0.341612
0.308,-0.0388509,0.0,0.0,20.874,0.0,275.284,375.283,93.8726,3,"[200.0, 200.0, 200.0, 200.0, 200.0, 200.0, 200.0, 200.0, 200.0, 200.0, 200.0, 200.0, 200.0, 200.0, 200.0, 200.0, 200.0, 200.0, 200.0, 200.0, 200.0, 200.0, 200.0, 200.0, 200.0, 200.0, 200.0, 200.0, 200.0, 200.0, 200.0, 200.0, 200.0, 200.0, 200.0, 200.0]",1,5093.5,94.88,-1.18317,1.06188,-0.8,"[14.4821, 14.8385, 16.3555, 19.7145, 27.1372, 38.2572, 48.8658, 68.3351, 138.395, 109.171, 10.9264, 3.90933, 2.39161, 1.73228, 1.1348, 0.778668, 0.625095, 0.553634, 0.529199]",-0.929493,"[80.5216, 78.9227, 80.987, 80.3907]",0.340996
0.362,-0.0386602,0.0,0.0,20.896,0.0,275.863,375.863,93.8725,3,"[200.0, 200.0, 200.0, 200.0, 200.0, 200.0, 200.0, 200.0, 200.0, 200.0, 200.0, 200.0, 200.0, 200.0, 200.0, 200.0, 200.0, 200.0, 200.0, 200.0, 200.0, 200.0, 200.0, 200.0, 200.0, 200.0, 200.0, 200.0, 200.0, 200.0, 200.0, 200.0, 200.0, 200.0, 200.0, 200.0]",1,5176.79,94.8263,-1.65231,0.958894,-0.8,"[14.468, 14.8247, 16.3413, 19.6989, 27.1192, 38.238, 48.8486, 68.3291, 137.615, 108.481, 11.1719, 4.00731, 2.45291, 1.77711, 1.16444, 0.799134, 0.64158, 0.568269, 0.543216]",-0.927625,"[78.8543, 78.82, 81.1191, 82.9497]",0.338187
0.356,-0.0307472,0.0,0.0,20.918,0.0,276.442,376.442,93.8723,3,"[200.0, 200.0, 200.0, 200.0, 200.0, 200.0, 200.0, 200.0, 200.0, 200.0, 200.0, 200.0, 200.0, 200.0, 200.0, 200.0, 200.0, 200.0, 200.0, 200.0, 200.0, 200.0, 200.0, 200.0, 200.0, 200.0, 200.0, 200.0, 200.0, 200.0, 200.0, 200.0, 200.0, 200.0, 200.0, 200.0]",1,5132.87,94.7188,-1.79098,1.12325,-0.8,"[14.4545, 14.8421, 16.3994, 19.8318, 27.4468, 38.9691, 50.0974, 70.877, 134.362, 104.518, 9.77752, 3.85457, 2.41188, 1.76478, 1.16736, 0.806272, 0.649606, 0.576832, 0.552585]",-0.926357,"[77.0644, 78.8418, 81.0025, 81.7029]",0.339987
0.347,-0.0168772,0.0,0.0,20.94,0.0,277.021,377.02,93.8721,3,"[200.0, 200.0, 200.0, 200.0, 200.0, 200.0, 200.0, 200.0, 200.0, 200.0, 200.0, 200.0, 200.0, 200.0, 200.0, 200.0, 200.0, 200.0, 200.0, 200.0, 200.0, 200.0, 200.0, 200.0, 200.0, 200.0, 200.0, 200.0, 200.0, 200.0, 200.0, 200.0, 200.0, 200.0, 200.0, 200.0]",1,5172.48,94.5223,-1.52418,1.2716,-0.8,"[14.4452, 14.8874, 16.5189, 20.0895, 28.0697, 40.363, 52.5044, 75.9191, 129.462, 97.3357, 7.91814, 3.547, 2.29664, 1.70767, 1.14749, 0.801199, 0.649463, 0.579238, 0.556971]",-0.925748,"[75.9887, 79.6378, 81.3798, 82.5501]",0.336411
0.296,0.00326442,0.0,0.0,20.962,0.0,277.598,377.597,93.8721,3,"[200.0, 200.0, 200.0, 200.0, 200.0, 200.0, 200.0, 200.0, 200.0, 200.0, 200.0, 200.0, 200.0, 200.0, 200.0, 200.0, 200.0, 200.0, 200.0, 200.0, 200.0, 200.0, 200.0, 200.0, 200.0, 200.0, 200.0, 200.0, 200.0, 200.0, 200.0, 200.0, 200.0, 200.0, 200.0, 200.0]",1,5105.71,94.4075,-0.657683,1.29278,0.128,"[14.445, 14.9677, 16.7112, 20.4952, 29.0543, 42.6166, 56.4995, 151.75, 122.587, 82.9243, 6.13968, 3.13844, 2.11883, 1.6085, 1.10391, 0.78244, 0.639739, 0.574153, 0.555075]",-0.92599,"[76.4172, 81.1611, 79.4621, 82.511]",0.336573
0.676,0.0240758,0.0,0.0,20.984,0.0,278.175,378.174,93.8717,3,"[200.0, 200.0, 200.0, 200.0, 200.0, 200.0, 200.0, 200.0, 200.0, 200.0, 200.0, 200.0, 200.0, 200.0, 200.0, 200.0, 200.0, 200.0, 200.0, 200.0, 200.0, 200.0, 200.0, 200.0, 200.0, 200.0, 200.0, 200.0, 200.0, 200.0, 200.0, 200.0, 200.0, 200.0, 200.0, 200.0]",1,5341.37,94.4633,0.610661,1.56323,0.129,"[14.4571, 15.0643, 16.929, 20.9499, 30.1727, 45.2645, 61.3736, 143.035, 114.984, 22.7254, 4.92367, 2.77276, 1.94002, 1.50073, 1.05066, 0.755716, 0.623233, 0.562912, 0.54724]",-0.927056,"[77.1127, 81.8172, 82.8325, 85.9223]",0.335721
0.288,0.03953,0.0,0.0,21.006,0.0,278.753,378.752,93.8716,3,"[200.0, 200.0, 200.0, 200.0, 200.0, 200.0, 200.0, 200.0, 200.0, 200.0, 200.0, 200.0, 200.0, 200.0, 200.0, 200.0, 200.0, 200.0, 200.0, 200.0, 200.0, 200.0, 200.0, 200.0, 200.0, 200.0, 200.0, 200.0, 200.0, 200.0, 200.0, 200.0, 200.0, 200.0, 200.0, 200.0]",1,5112.14,94.5763,2.1389,1.69284,0.128,"[14.4734, 15.1445, 17.103, 21.3114, 31.0756, 47.4764, 65.6045, 136.836, 108.691, 13.6107, 4.25355, 2.53206, 1.81236, 1.41965, 1.0076, 0.732323, 0.607711, 0.551456, 0.538311]",-0.928281,"[77.8162, 80.833, 80.4637, 81.7441]",0.334456
0.037,0.0450955,0.0,0.0,21.028,0.0,279.331,379.33,93.8716,3,"[200.0, 200.0, 200.0, 200.0, 200.0, 200.0, 200.0, 200.0, 200.0, 200.0, 200.0, 200.0, 200.0, 200.0, 200.0, 200.0, 200.0, 200.0, 200.0, 200.0, 200.0, 200.0, 200.0, 200.0, 200.0, 200.0, 200.0, 200.0, 200.0, 200.0, 200.0, 200.0, 200.0, 200.0, 200.0, 200.0]",1,4997.79,94.4861,2.92287,1.73722,0.128,"[14.4853, 15.1798, 17.1736, 21.4534, 31.4269, 48.3463, 67.3012, 134.231, 105.849, 11.7444, 4.01166, 2.43011, 1.75254, 1.37863, 0.98312, 0.717144, 0.59643, 0.542121, 0.529981]",-0.929408,"[79.0068, 79.8668, 78.35, 80.3322]",0.337267
0.0,0.0444825,0.019,0.0,21.05,0.0,279.908,379.907,93.8715,3,"[200.0, 200.0, 200.0, 200.0, 200.0, 200.0, 200.0, 200.0, 200.0, 200.0, 200.0, 200.0, 200.0, 200.0, 200.0, 200.0, 200.0, 200.0, 200.0, 200.0, 200.0, 200.0, 200.0, 200.0, 200.0, 200.0, 200.0, 200.0, 200.0, 200.0, 200.0, 200.0, 200.0, 200.0, 200.0, 200.0]",1,5023.89,94.293,2.60442,1.89265,0.128,"[14.4942, 15.1867, 17.178, 21.4529, 31.4101, 48.2831, 67.1577, 133.656, 105.388, 11.6961, 3.95912, 2.39382, 1.72496, 1.35631, 0.966705, 0.704888, 0.586095, 0.53263, 0.520617]",-0.930653,"[78.7742, 78.9154, 79.7987, 79.4355]",0.336976
0.0,0.0399126,0.009,0.0,21.072,0.0,280.483,380.483,93.8714,3,"[200.0, 200.0, 200.0, 200.0, 200.0, 200.0, 200.0, 200.0, 200.0, 200.0, 200.0, 200.0, 200.0, 200.0, 200.0, 200.0, 200.0, 200.0, 200.0, 200.0, 200.0, 200.0, 200.0, 200.0, 200.0, 200.0, 200.0, 200.0, 200.0, 200.0, 200.0, 200.0, 200.0, 200.0, 200.0, 200.0]",1,5018.02,94.136,2.18402,1.85797,0.128,"[14.5012, 15.1751, 17.1397, 21.3607, 31.1574, 47.6237, 65.8407, 134.364, 106.434, 12.7912, 4.02403, 2.3984, 1.7176, 1.34582, 0.955511, 0.694642, 0.57653, 0.523221, 0.510801]",-0.931947,"[79.4944, 78.3011, 80.3245, 79.0694]",0.339401
0.064,0.0333163,0.0,0.0,21.094,0.0,281.058,381.058,93.8714,3,"[200.0, 200.0, 200.0, 200.0, 200.0, 200.0, 200.0, 200.0, 200.0, 200.0, 200.0, 200.0, 200.0, 200.0, 200.0, 200.0, 200.0, 200.0, 200.0, 200.0, 200.0, 200.0, 200.0, 200.0, 200.0, 200.0, 200.0, 200.0, 200.0, 200.0, 200.0, 200.0, 200.0, 200.0, 200.0, 200.0]",1,5008.98,94.0477,1.66878,1.90066,0.128,"[14.5075, 15.1546, 17.0805, 21.224, 30.7925, 46.6926, 64.015, 135.771, 108.159, 15.0278, 4.16141, 2.42581, 1.72109, 1.34156, 0.947045, 0.685474, 0.567422, 0.513936, 0.500858]",-0.933256,"[79.8533, 78.2741, 80.3643, 78.6918]",0.340523
0.18,0.0257823,0.0,0.0,21.116,0.0,281.633,381.632,93.8714,3,"[200.0, 200.0, 200.0, 200.0, 200.0, 200.0, 200.0, 200.0, 200.0, 200.0, 200.0, 200.0, 200.0, 200.0, 200.0, 200.0, 200.0, 200.0, 200.0, 200.0, 200.0, 200.0, 200.0, 200.0, 200.0, 200.0, 200.0, 200.0, 200.0, 200.0, 200.0, 200.0, 200.0, 200.0, 200.0, 200.0]",1,5027.77,94.0132,1.19988,1.82911,0.128,"[14.5128, 15.1293, 17.0112, 21.0675, 30.3827, 45.6683, 62.0445, 137.562, 110.113, 19.0851, 4.36141, 2.47264, 1.73464, 1.34379, 0.942246, 0.67853, 0.559967, 0.506031, 0.492166]",-0.9344,"[79.8804, 78.1819, 80.6643, 79.0227]",0.341646
0.295,0.0181417,0.0,0.0,21.138,0.0,282.207,382.207,93.8713,3,"[200.0, 200.0, 200.0, 200.0, 200.0, 200.0, 200.0, 200.0, 200.0, 200.0, 200.0, 200.0, 200.0, 200.0, 200.0, 200.0, 200.0, 200.0, 200.0, 200.0, 200.0, 200.0, 200.0, 200.0, 200.0, 200.0, 200.0, 200.0, 200.0, 200.0, 200.0, 200.0, 200.0, 200.0, 200.0, 200.0]",1,5084.49,94.016,0.879657,1.75076,0.129,"[14.5171, 15.1027, 16.9404, 20.9097, 29.9763, 44.6721, 60.1638, 139.474, 111.998, 26.7494, 4.6121, 2.53416, 1.75626, 1.35164, 0.94109, 0.674132, 0.554604, 0.500022, 0.485332]",-0.9353,"[79.9086, 78.0382, 80.7314, 80.5983]",0.342569
0.397,0.0103163,0.0,0.0,21.16,0.0,282.782,382.782,93.8711,3,"[200.0, 200.0, 200.0, 200.0, 200.0, 200.0, 200.0, 200.0, 200.0, 200.0, 200.0, 200.0, 200.0, 200.0, 200.0, 200.0, 200.0, 200.0, 200.0, 200.0, 200.0, 200.0, 200.0, 200.0, 200.0, 200.0, 200.0, 200.0, 200.0, 200.0, 200.0, 200.0, 200.0, 200.0, 200.0, 200.0]",1,5060.29,94.1256,0.506021,1.58998,0.129,"[14.5199, 15.0738, 16.8666, 20.7483, 29.5681, 43.6918, 58.3471, 141.547, 113.85, 46.6142, 4.93569, 2.61631, 1.78917, 1.3673, 0.944915, 0.67315, 0.552007, 0.496491, 0.4809]",-0.935883,"[79.9415, 78.0664, 80.9348, 79.4952]",0.343649
0.508,0.00188203,0.0,0.0,21.182,0.0,283.357,383.357,93.8709,3,"[200.0, 200.0, 200.0, 200.0, 200.0, 200.0, 200.0, 200.0, 200.0, 200.0, 200.0, 200.0, 200.0, 200.0, 200.0, 200.0, 200.0, 200.0, 200.0, 200.0, 200.0, 200.0, 200.0, 200.0, 200.0, 200.0, 200.0, 200.0, 200.0, 200.0, 200.0, 200.0, 200.0, 200.0, 200.0, 200.0]",1,5289.36,94.1398,0.247613,1.38721,0.129,"[14.5205, 15.0403, 16.785, 20.5738, 29.1359, 42.6757, 56.4996, 143.929, 115.807, 77.8068, 5.38645, 2.7325, 1.83995, 1.39492, 0.956001, 0.676925, 0.553146, 0.496226, 0.479559]",-0.936059,"[80.0779, 78.0491, 82.9015, 84.499]",0.343045
0.585,-0.00661345,0.0,0.0,21.204,0.0,283.934,383.933,93.8706,3,"[200.0, 200.0, 200.0, 200.0, 200.0, 200.0, 200.0, 200.0, 200.0, 200.0, 200.0, 200.0, 200.0, 200.0, 200.0, 200.0, 200.0, 200.0, 200.0, 200.0, 200.0, 200.0, 200.0, 200.0, 200.0, 200.0, 200.0, 200.0, 200.0, 200.0, 200.0, 200.0, 200.0, 200.0, 200.0, 200.0]",1,5173.66,94.3858,-0.0148266,1.36974,0.13,"[14.5192, 15.0048, 16.7016, 20.3983, 28.7095, 41.6937, 54.7466, 146.232, 117.697, 83.6525, 5.97171, 2.87866, 1.90597, 1.43275, 0.9734, 0.684943, 0.557685, 0.498981, 0.481125]",-0.935851,"[80.2178, 78.4712, 82.8793, 81.0517]",0.344079
0.654,-0.0166521,0.0,0.0,21.226,0.0,284.511,384.51,93.8703,3,"[200.0, 200.0, 200.0, 200.0, 200.0, 200.0, 200.0, 200.0, 200.0, 200.0, 200.0, 200.0, 200.0, 200.0, 200.0, 200.0, 200.0, 200.0, 200.0, 200.0, 200.0, 200.0, 200.0, 200.0, 200.0, 200.0, 200.0, 200.0, 200.0, 200.0, 200.0, 200.0, 200.0, 200.0, 200.0, 200.0]",1,5475.02,94.4246,-0.378085,1.20269,0.13,"[14.5155, 14.9608, 16.6015, 20.1918, 28.2171, 40.5836, 52.8019, 78.7471, 119.96, 88.658, 6.89521, 3.09425, 2.00452, 1.49083, 1.00203, 0.699758, 0.56729, 0.505985, 0.486563]",-0.935134,"[80.6201, 78.0888, 87.2374, 87.0127]",0.343286
0.173,-0.0265863,0.0,0.0,21.248,0.0,285.089,385.088,93.8703,3,"[200.0, 200.0, 200.0, 200.0, 200.0, 200.0, 200.0, 200.0, 200.0, 200.0, 200.0, 200.0, 200.0, 200.0, 200.0, 200.0, 200.0, 200.0, 200.0, 200.0, 200.0, 200.0, 200.0, 200.0, 200.0, 200.0, 200.0, 200.0, 200.0, 200.0, 200.0, 200.0, 200.0, 200.0, 200.0, 200.0]",1,5083.26,94.6133,-0.760622,1.02047,0.129,"[14.5097, 14.9153, 16.5011, 19.9883, 27.7417, 39.5351, 50.9999, 73.0275, 122.097, 92.7033, 8.16888, 3.36065, 2.12565, 1.56312, 1.03897, 0.719972, 0.581145, 0.516723, 0.495559]",-0.933949,"[80.5834, 78.2478, 81.6892, 79.7524]",0.343294
0.267,-0.0340636,0.0,0.0,21.27,0.0,285.667,385.666,93.8702,3,"[200.0, 200.0, 200.0, 200.0, 200.0, 200.0, 200.0, 200.0, 200.0, 200.0, 200.0, 200.0, 200.0, 200.0, 200.0, 200.0, 200.0, 200.0, 200.0, 200.0, 200.0, 200.0, 200.0, 200.0, 200.0, 200.0, 200.0, 200.0, 200.0, 200.0, 200.0, 200.0, 200.0, 200.0, 200.0, 200.0]",1,5066.27,94.6176,-1.47255,1.00882,-0.8,"[14.5025, 14.8783, 16.423, 19.8338, 27.3885, 38.7725, 49.7114, 70.0484, 123.525, 95.24, 9.51291, 3.61319, 2.24064, 1.63281, 1.07584, 0.741085, 0.596204, 0.528854, 0.506169]",-0.93255,"[80.3421, 78.6361, 81.0487, 79.8234]",0.341935
0.315,-0.035016,0.0,0.0,21.292,0.0,286.245,386.244,93.8701,3,"[200.0, 200.0, 200.0, 200.0, 200.0, 200.0, 200.0, 200.0, 200.0, 200.0, 200.0, 200.0, 200.0, 200.0, 200.0, 200.0, 200.0, 200.0, 200.0, 200.0, 200.0, 200.0, 200.0, 200.0, 200.0, 200.0, 200.0, 200.0, 200.0, 200.0, 200.0, 200.0, 200.0, 200.0, 200.0, 200.0]",1,5132.29,94.5914,-1.73021,0.725119,-0.8,"[14.4927, 14.8644, 16.4029, 19.802, 27.3272, 38.6535, 49.5212, 69.7038, 123.085, 95.0047, 9.88445, 3.71217, 2.29595, 1.67112, 1.09983, 0.757028, 0.608771, 0.539837, 0.516548]",-0.931169,"[79.1068, 78.4987, 80.4946, 82.1689]",0.340365
0.303,-0.029048,0.0,0.0,21.314,0.0,286.823,386.822,93.87,3,"[200.0, 200.0, 200.0, 200.0, 200.0, 200.0, 200.0, 200.0, 200.0, 200.0, 200.0, 200.0, 200.0, 200.0, 200.0, 200.0, 200.0, 200.0, 200.0, 200.0, 200.0, 200.0, 200.0, 200.0, 200.0, 200.0, 200.0, 200.0, 200.0, 200.0, 200.0, 200.0, 200.0, 200.0, 200.0, 200.0]",1,5073.3,94.4748,-1.92612,0.905494,-0.8,"[14.4829, 14.8779, 16.4475, 19.9035, 27.5778, 39.2145, 50.4832, 72.2358, 120.666, 91.9308, 8.99262, 3.60925, 2.26849, 1.66328, 1.1024, 0.76244, 0.614755, 0.54618, 0.523462]",-0.930234,"[77.5241, 78.3881, 79.789, 81.1733]",0.339895
0.32,-0.0171537,0.0,0.0,21.336,0.0,287.4,387.399,93.8699,3,"[200.0, 200.0, 200.0, 200.0, 200.0, 200.0, 200.0, 200.0, 200.0, 200.0, 200.0, 200.0, 200.0, 200.0, 200.0, 200.0, 200.0, 200.0, 200.0, 200.0, 200.0, 200.0, 200.0, 200.0, 200.0, 200.0, 200.0, 200.0, 200.0, 200.0, 200.0, 200.0, 200.0, 200.0, 200.0, 200.0]",1,5131.11,94.2902,-1.67773,0.968442,-0.8,"[14.4757, 14.9178, 16.5512, 20.1265, 28.116, 40.4191, 52.5645, 145.085, 116.591, 85.9654, 7.51389, 3.35856, 2.17325, 1.61542, 1.08518, 0.757531, 0.613991, 0.547554, 0.526466]",-0.929815,"[76.0853, 79.095, 80.6706, 81.9625]",0.336705
0.715,0.00152937,0.0,0.0,21.358,0.0,287.975,387.975,93.8696,3,"[200.0, 200.0, 200.0, 200.0, 200.0, 200.0, 200.0, 200.0, 200.0, 200.0, 200.0, 200.0, 200.0, 200.0, 200.0, 200.0, 200.0, 200.0, 200.0, 200.0, 200.0, 200.0, 200.0, 200.0, 200.0, 200.0, 200.0, 200.0, 200.0, 200.0, 200.0, 200.0, 200.0, 200.0, 200.0, 200.0]",1,5326.65,94.2367,-0.907959,1.01458,0.129,"[14.4765, 14.9934, 16.7308, 20.5043, 29.03, 42.5052, 56.2541, 137.49, 110.358, 74.1138, 5.90309, 2.98869, 2.0111, 1.52415, 1.0442, 0.739185, 0.603932, 0.541726, 0.523482]",-0.930202,"[76.4546, 80.8024, 86.1809, 83.4554]",0.335739
0.521,0.0222473,0.0,0.0,21.38,0.0,288.552,388.551,93.8693,3,"[200.0, 200.0, 200.0, 200.0, 200.0, 200.0, 200.0, 200.0, 200.0, 200.0, 200.0, 200.0, 200.0, 200.0, 200.0, 200.0, 200.0, 200.0, 200.0, 200.0, 200.0, 200.0, 200.0, 200.0, 200.0, 200.0, 200.0, 200.0, 200.0, 200.0, 200.0, 200.0, 200.0, 200.0, 200.0, 200.0]",1,5287.82,94.3646,0.469812,1.36213,0.129,"[14.4883, 15.0894, 16.9474, 20.9559, 30.1382, 45.1194, 61.0482, 129.331, 103.088, 23.1615, 4.71419, 2.63532, 1.83854, 1.42002, 0.992481, 0.712972, 0.587545, 0.530383, 0.515365]",-0.931302,"[76.9713, 81.7054, 83.1499, 85.1646]",0.333705
0.172,0.0372264,0.0,0.0,21.402,0.0,289.129,389.128,93.8693,3,"[200.0, 200.0, 200.0, 200.0, 200.0, 200.0, 200.0, 200.0, 200.0, 200.0, 200.0, 200.0, 200.0, 200.0, 200.0, 200.0, 200.0, 200.0, 200.0, 200.0, 200.0, 200.0, 200.0, 200.0, 200.0, 200.0, 200.0, 200.0, 200.0, 200.0, 200.0, 200.0, 200.0, 200.0, 200.0, 200.0]",1,5049.75,94.4289,2.01832,1.51347,0.128,"[14.5033, 15.1663, 17.115, 21.3043, 31.0069, 47.2387, 65.0828, 123.768, 97.2565, 13.6145, 4.08068, 2.41081, 1.72004, 1.34491, 0.952657, 0.691337, 0.573173, 0.519756, 0.507056]",-0.932439,"[77.8687, 80.862, 78.8988, 81.4765]",0.333108
0.0,0.0418057,0.043,0.0,21.424,0.0,289.705,389.705,93.8692,3,"[200.0, 200.0, 200.0, 200.0, 200.0, 200.0, 200.0, 200.0, 200.0, 200.0, 200.0, 200.0, 200.0, 200.0, 200.0, 200.0, 200.0, 200.0, 200.0, 200.0, 200.0, 200.0, 200.0, 200.0, 200.0, 200.0, 200.0, 200.0, 200.0, 200.0, 200.0, 200.0, 200.0, 200.0, 200.0, 200.0]",1,4979.38,94.1913,2.74072,1.75061,0.128,"[14.5139, 15.1962, 17.174, 21.4219, 31.2952, 47.9462, 66.5444, 121.617, 94.902, 11.9339, 3.87493, 2.32353, 1.66829, 1.30909, 0.930939, 0.677621, 0.562826, 0.511075, 0.499194]",-0.933499,"[78.2748, 78.8312, 78.3771, 79.534]",0.334707
0.0,0.0401811,0.084,0.0,21.446,0.0,290.28,390.279,93.8691,3,"[200.0, 200.0, 200.0, 200.0, 200.0, 200.0, 200.0, 200.0, 200.0, 200.0, 200.0, 200.0, 200.0, 200.0, 200.0, 200.0, 200.0, 200.0, 200.0, 200.0, 200.0, 200.0, 200.0, 200.0, 200.0, 200.0, 200.0, 200.0, 200.0, 200.0, 200.0, 200.0, 200.0, 200.0, 200.0, 200.0]",1,4963.18,93.8198,2.35792,1.92834,0.128,"[14.5213, 15.1972, 17.1662, 21.3964, 31.2163, 47.7294, 66.1154, 121.322, 94.7833, 12.2089, 3.85857, 2.30178, 1.64901, 1.29235, 0.917757, 0.667313, 0.553907, 0.502731, 0.490832]",-0.934609,"[77.0814, 78.6792, 78.8449, 78.7963]",0.3374
0.0,0.0348765,0.049,0.0,21.468,0.0,290.853,390.852,93.8691,3,"[200.0, 200.0, 200.0, 200.0, 200.0, 200.0, 200.0, 200.0, 200.0, 200.0, 200.0, 200.0, 200.0, 200.0, 200.0, 200.0, 200.0, 200.0, 200.0, 200.0, 200.0, 200.0, 200.0, 200.0, 200.0, 200.0, 200.0, 200.0, 200.0, 200.0, 200.0, 200.0, 200.0, 200.0, 200.0, 200.0]",1,4962.94,93.564,1.97855,1.86102,0.128,"[14.5268, 15.1812, 17.1189, 21.2867, 30.9223, 46.9767, 64.5561, 122.13, 95.9517, 13.8246, 3.95647, 2.31888, 1.64894, 1.28693, 0.90972, 0.659145, 0.545969, 0.494738, 0.482348]",-0.935726,"[77.9661, 76.6198, 79.0704, 78.5201]",0.339612
0.007,0.0282286,0.0,0.0,21.49,0.0,291.424,391.423,93.869,3,"[200.0, 200.0, 200.0, 200.0, 200.0, 200.0, 200.0, 200.0, 200.0, 200.0, 200.0, 200.0, 200.0, 200.0, 200.0, 200.0, 200.0, 200.0, 200.0, 200.0, 200.0, 200.0, 200.0, 200.0, 200.0, 200.0, 200.0, 200.0, 200.0, 200.0, 200.0, 200.0, 200.0, 200.0, 200.0, 200.0]",1,4952.7,93.3994,1.48733,1.79107,0.128,"[14.5316, 15.159, 17.0578, 21.148, 30.5578, 46.061, 62.7595, 123.382, 97.5117, 16.7987, 4.11443, 2.35451, 1.65795, 1.287, 0.904426, 0.652382, 0.538922, 0.487374, 0.474329]",-0.936781,"[79.6368, 78.3365, 79.3985, 77.9506]",0.343381
0.141,0.0205878,0.0,0.0,21.512,0.0,291.994,391.994,93.869,3,"[200.0, 200.0, 200.0, 200.0, 200.0, 200.0, 200.0, 200.0, 200.0, 200.0, 200.0, 200.0, 200.0, 200.0, 200.0, 200.0, 200.0, 200.0, 200.0, 200.0, 200.0, 200.0, 200.0, 200.0, 200.0, 200.0, 200.0, 200.0, 200.0, 200.0, 200.0, 200.0, 200.0, 200.0, 200.0, 200.0]",1,4996.28,93.3508,1.05803,1.6038,0.129,"[14.5353, 15.1316, 16.9859, 20.9882, 30.1458, 45.0469, 60.8351, 125.007, 99.3149, 22.7212, 4.34526, 2.4125, 1.67862, 1.29465, 0.90347, 0.648285, 0.533875, 0.481692, 0.467846]",-0.937634,"[79.3245, 77.4819, 80.2483, 78.3486]",0.344104
0.253,0.0131945,0.0,0.0,21.534,0.0,292.565,392.564,93.8689,3,"[200.0, 200.0, 200.0, 200.0, 200.0, 200.0, 200.0, 200.0, 200.0, 200.0, 200.0, 200.0, 200.0, 200.0, 200.0, 200.0, 200.0, 200.0, 200.0, 200.0, 200.0, 200.0, 200.0, 200.0, 200.0, 200.0, 200.0, 200.0, 200.0, 200.0, 200.0, 200.0, 200.0, 200.0, 200.0, 200.0]",1,5035.95,93.3379,0.77567,1.52334,0.129,"[14.538, 15.1043, 16.916, 20.8348, 29.7562, 44.1054, 59.0801, 126.626, 100.952, 35.1081, 4.61872, 2.48207, 1.7059, 1.3071, 0.905819, 0.646618, 0.530883, 0.477913, 0.463261]",-0.938237,"[79.2783, 77.4718, 80.5154, 79.5062]",0.345683
0.365,0.0053763,0.0,0.0,21.556,0.0,293.135,393.135,93.8687,3,"[200.0, 200.0, 200.0, 200.0, 200.0, 200.0, 200.0, 200.0, 200.0, 200.0, 200.0, 200.0, 200.0, 200.0, 200.0, 200.0, 200.0, 200.0, 200.0, 200.0, 200.0, 200.0, 200.0, 200.0, 200.0, 200.0, 200.0, 200.0, 200.0, 200.0, 200.0, 200.0, 200.0, 200.0, 200.0, 200.0]",1,5008.26,93.4306,0.406188,1.31346,0.129,"[14.5391, 15.0737, 16.8406, 20.6726, 29.3515, 43.1469, 57.325, 128.47, 102.647, 64.5268, 4.98428, 2.57682, 1.74653, 1.32855, 0.9137, 0.648613, 0.53079, 0.476684, 0.461104]",-0.93852,"[79.3706, 77.4649, 80.189, 79.0883]",0.346323
0.508,-0.00240166,0.0,0.0,21.578,0.0,293.706,393.706,93.8685,3,"[200.0, 200.0, 200.0, 200.0, 200.0, 200.0, 200.0, 200.0, 200.0, 200.0, 200.0, 200.0, 200.0, 200.0, 200.0, 200.0, 200.0, 200.0, 200.0, 200.0, 200.0, 200.0, 200.0, 200.0, 200.0, 200.0, 200.0, 200.0, 200.0, 200.0, 200.0, 200.0, 200.0, 200.0, 200.0, 200.0]",1,5200.52,93.4745,0.223039,1.12191,0.13,"[14.5382, 15.0413, 16.764, 20.5108, 28.9559, 42.2281, 55.6722, 130.394, 104.26, 70.6368, 5.44896, 2.69654, 1.80067, 1.35939, 0.927602, 0.654757, 0.534064, 0.478473, 0.461872]",-0.938417,"[79.3793, 77.5023, 81.2308, 83.3685]",0.34468
0.541,-0.0107708,0.0,0.0,21.6,0.0,294.278,394.278,93.8682,3,"[200.0, 200.0, 200.0, 200.0, 200.0, 200.0, 200.0, 200.0, 200.0, 200.0, 200.0, 200.0, 200.0, 200.0, 200.0, 200.0, 200.0, 200.0, 200.0, 200.0, 200.0, 200.0, 200.0, 200.0, 200.0, 200.0, 200.0, 200.0, 200.0, 200.0, 200.0, 200.0, 200.0, 200.0, 200.0, 200.0]",1,5097.66,93.6959,-0.108515,0.927367,0.13,"[14.5354, 15.0048, 16.6803, 20.3371, 28.5384, 41.2771, 53.9901, 132.625, 105.979, 74.9248, 6.09067, 2.85501, 1.87381, 1.40249, 0.948664, 0.66546, 0.540857, 0.483298, 0.465483]",-0.937939,"[79.6556, 77.8171, 81.493, 80.0193]",0.345455
0.61,-0.0203424,0.0,0.0,21.622,0.0,294.851,394.85,93.8679,3,"[200.0, 200.0, 200.0, 200.0, 200.0, 200.0, 200.0, 200.0, 200.0, 200.0, 200.0, 200.0, 200.0, 200.0, 200.0, 200.0, 200.0, 200.0, 200.0, 200.0, 200.0, 200.0, 200.0, 200.0, 200.0, 200.0, 200.0, 200.0, 200.0, 200.0, 200.0, 200.0, 200.0, 200.0, 200.0, 200.0]",1,5398.13,93.7221,-0.37589,0.80372,0.13,"[14.5302, 14.9612, 16.5832, 20.139, 28.0712, 40.2344, 52.1784, 135.214, 107.97, 78.9071, 7.07047, 3.07873, 1.9774, 1.46462, 0.980408, 0.682713, 0.552583, 0.492296, 0.47293]",-0.936956,"[79.9074, 77.5732, 84.1042, 86.6695]",0.342609
0.604,-0.0299661,0.0,0.0,21.644,0.0,295.425,395.424,93.8676,3,"[200.0, 200.0, 200.0, 200.0, 200.0, 200.0, 200.0, 200.0, 200.0, 200.0, 200.0, 200.0, 200.0, 200.0, 200.0, 200.0, 200.0, 200.0, 200.0, 200.0, 200.0, 200.0, 200.0, 200.0, 200.0, 200.0, 200.0, 200.0, 200.0, 200.0, 200.0, 200.0, 200.0, 200.0, 200.0, 200.0]",1,5212.61,94.0234,-0.606843,0.759175,0.13,"[14.5224, 14.9149, 16.4837, 19.94, 27.6112, 39.2298, 50.4647, 137.683, 109.901, 82.3351, 8.45388, 3.36063, 2.10716, 1.54328, 1.02178, 0.706161, 0.569145, 0.50551, 0.484364]",-0.935447,"[79.9776, 77.7559, 83.7788, 81.1312]",0.343177
0.675,-0.0374679,0.0,0.0,21.666,0.0,296.0,395.999,93.8672,3,"[200.0, 200.0, 200.0, 200.0, 200.0, 200.0, 200.0, 200.0, 200.0, 200.0, 200.0, 200.0, 200.0, 200.0, 200.0, 200.0, 200.0, 200.0, 200.0, 200.0, 200.0, 200.0, 200.0, 200.0, 200.0, 200.0, 200.0, 200.0, 200.0, 200.0, 200.0, 200.0, 200.0, 200.0, 200.0, 200.0]",1,5205.44,94.2257,-1.48876,0.654998,-0.8,"[14.5129, 14.8754, 16.403, 19.7827, 27.2561, 38.4706, 49.1916, 139.341, 111.2, 84.6035, 9.99096, 3.63981, 2.23565, 1.62219, 1.06447, 0.731235, 0.587382, 0.520463, 0.497679]",-0.933689,"[79.7617, 78.1711, 85.9341, 80.9918]",0.340838
0.705,-0.0378963,0.0,0.0,21.688,0.0,296.577,396.576,93.8669,3,"[200.0, 200.0, 200.0, 200.0, 200.0, 200.0, 200.0, 200.0, 200.0, 200.0, 200.0, 200.0, 200.0, 200.0, 200.0, 200.0, 200.0, 200.0, 200.0, 200.0, 200.0, 200.0, 200.0, 200.0, 200.0, 200.0, 200.0, 200.0, 200.0, 200.0, 200.0, 200.0, 200.0, 200.0, 200.0, 200.0]",1,5236.9,94.4507,-1.59889,0.558702,-0.8,"[14.5006, 14.8612, 16.3852, 19.7579, 27.2141, 38.3972, 49.0812, 138.658, 110.597, 84.1443, 10.3299, 3.74258, 2.29594, 1.66502, 1.09201, 0.749893, 0.602254, 0.533567, 0.51015]",-0.932029,"[78.6827, 78.4035, 81.4374, 85.0842]",0.340123
0.669,-0.0322848,0.0,0.0,21.71,0.0,297.154,397.153,93.8666,3,"[200.0, 200.0, 200.0, 200.0, 200.0, 200.0, 200.0, 200.0, 200.0, 200.0, 200.0, 200.0, 200.0, 200.0, 200.0, 200.0, 200.0, 200.0, 200.0, 200.0, 200.0, 200.0, 200.0, 200.0, 200.0, 200.0, 200.0, 200.0, 200.0, 200.0, 200.0, 200.0, 200.0, 200.0, 200.0, 200.0]",1,5120.02,94.5825,-1.83799,0.698679,-0.8,"[14.4881, 14.8705, 16.4231, 19.8482, 27.4411, 38.9079, 49.9563, 135.981, 108.387, 81.4196, 9.45318, 3.66434, 2.28342, 1.66765, 1.10111, 0.759583, 0.611571, 0.542792, 0.51976]",-0.930735,"[77.4841, 78.3559, 80.4313, 82.0703]",0.339273
0.634,-0.0207179,0.0,0.0,21.732,0.0,297.732,397.731,93.8662,3,"[200.0, 200.0, 200.0, 200.0, 200.0, 200.0, 200.0, 200.0, 200.0, 200.0, 200.0, 200.0, 200.0, 200.0, 200.0, 200.0, 200.0, 200.0, 200.0, 200.0, 200.0, 200.0, 200.0, 200.0, 200.0, 200.0, 200.0, 200.0, 200.0, 200.0, 200.0, 200.0, 200.0, 200.0, 200.0, 200.0]",1,5219.01,94.59,-1.48463,0.744102,-0.8,"[14.4779, 14.9059, 16.52, 20.0592, 27.9526, 40.0505, 51.923, 131.175, 104.535, 76.1505, 7.89785, 3.42801, 2.19977, 1.62864, 1.08974, 0.758628, 0.613927, 0.546883, 0.525315]",-0.929973,"[76.3352, 79.1375, 82.6416, 82.3007]",0.336828
0.538,-0.00265471,0.0,0.0,21.754,0.0,298.309,398.309,93.866,3,"[200.0, 200.0, 200.0, 200.0, 200.0, 200.0, 200.0, 200.0, 200.0, 200.0, 200.0, 200.0, 200.0, 200.0, 200.0, 200.0, 200.0, 200.0, 200.0, 200.0, 200.0, 200.0, 200.0, 200.0, 200.0, 200.0, 200.0, 200.0, 200.0, 200.0, 200.0, 200.0, 200.0, 200.0, 200.0, 200.0]",1,5329.44,94.4627,-0.79363,0.753354,0.129,"[14.475, 14.975, 16.6887, 20.4165, 28.8175, 42.0156, 55.3784, 123.868, 98.7413, 66.6642, 6.21289, 3.06991, 2.04897, 1.54645, 1.05497, 0.744522, 0.607216, 0.543968, 0.525059]",-0.929992,"[76.4484, 81.0733, 83.9139, 85.669]",0.336855
0.348,0.0177435,0.0,0.0,21.776,0.0,298.887,398.886,93.8658,3,"[200.0, 200.0, 200.0, 200.0, 200.0, 200.0, 200.0, 200.0, 200.0, 200.0, 200.0, 200.0, 200.0, 200.0, 200.0, 200.0, 200.0, 200.0, 200.0, 200.0, 200.0, 200.0, 200.0, 200.0, 200.0, 200.0, 200.0, 200.0, 200.0, 200.0, 200.0, 200.0, 200.0, 200.0, 200.0, 200.0]",1,5233.35,94.5269,0.536925,1.06507,0.128,"[14.4825, 15.065, 16.896, 20.8513, 29.8835, 44.5142, 60.4481, 116.448, 91.9566, 29.2968, 4.95913, 2.72013, 1.88391, 1.44937, 1.00876, 0.722406, 0.594221, 0.535675, 0.519883]",-0.930693,"[77.3711, 81.8043, 82.5326, 83.3586]",0.334104
0.04,0.0319745,0.0,0.0,21.798,0.0,299.465,399.464,93.8657,3,"[200.0, 200.0, 200.0, 200.0, 200.0, 200.0, 200.0, 200.0, 200.0, 200.0, 200.0, 200.0, 200.0, 200.0, 200.0, 200.0, 200.0, 200.0, 200.0, 200.0, 200.0, 200.0, 200.0, 200.0, 200.0, 200.0, 200.0, 200.0, 200.0, 200.0, 200.0, 200.0, 200.0, 200.0, 200.0, 200.0]",1,5020.87,94.4994,2.11908,1.24375,0.128,"[14.4927, 15.1336, 17.0495, 21.1729, 30.6853, 46.4562, 67.0324, 111.511, 86.7385, 16.1016, 4.32716, 2.51047, 1.77767, 1.38417, 0.975964, 0.705769, 0.583907, 0.528654, 0.515017]",-0.931366,"[78.1709, 80.8506, 78.1872, 81.2843]",0.334197
0.0,0.0364559,0.123,0.0,21.82,0.0,300.041,400.041,93.8657,3,"[200.0, 200.0, 200.0, 200.0, 200.0, 200.0, 200.0, 200.0, 200.0, 200.0, 200.0, 200.0, 200.0, 200.0, 200.0, 200.0, 200.0, 200.0, 200.0, 200.0, 200.0, 200.0, 200.0, 200.0, 200.0, 200.0, 200.0, 200.0, 200.0, 200.0, 200.0, 200.0, 200.0, 200.0, 200.0, 200.0]",1,4898.16,94.0669,2.76459,1.44051,0.128,"[14.4997, 15.1593, 17.103, 21.2819, 30.9549, 47.1156, 137.657, 109.501, 84.5536, 13.9906, 4.13208, 2.43487, 1.73532, 1.35604, 0.959895, 0.696233, 0.577054, 0.523154, 0.510267]",-0.93201,"[78.0944, 77.9223, 77.3943, 78.4629]",0.335569
0.0,0.0355929,0.324,0.0,21.842,0.0,300.614,400.614,93.8656,3,"[200.0, 200.0, 200.0, 200.0, 200.0, 200.0, 200.0, 200.0, 200.0, 200.0, 200.0, 200.0, 200.0, 200.0, 200.0, 200.0, 200.0, 200.0, 200.0, 200.0, 200.0, 200.0, 200.0, 200.0, 200.0, 200.0, 200.0, 200.0, 200.0, 200.0, 200.0, 200.0, 200.0, 200.0, 200.0, 200.0]",1,4832.53,93.3897,2.44141,1.55419,0.129,"[14.504, 15.1603, 17.0994, 21.2692, 30.9147, 47.0056, 137.067, 108.96, 84.1334, 14.1952, 4.12192, 2.42179, 1.72387, 1.34618, 0.9522, 0.690255, 0.571902, 0.518349, 0.505463]",-0.932648,"[67.8655, 61.2217, 75.2311, 78.1899]",0.337323
0.0,0.0308613,0.271,0.0,21.864,0.0,301.181,401.181,93.8655,3,"[200.0, 200.0, 200.0, 200.0, 200.0, 200.0, 200.0, 200.0, 200.0, 200.0, 200.0, 200.0, 200.0, 200.0, 200.0, 200.0, 200.0, 200.0, 200.0, 200.0, 200.0, 200.0, 200.0, 200.0, 200.0, 200.0, 200.0, 200.0, 200.0, 200.0, 200.0, 200.0, 200.0, 200.0, 200.0, 200.0]",1,4782.44,92.4415,2.0421,1.50247,0.129,"[14.5073, 15.1443, 17.0555, 21.1699, 30.6536, 46.3475, 69.6688, 109.473, 84.9679, 16.1926, 4.23957, 2.44981, 1.73187, 1.34729, 0.949026, 0.685774, 0.56711, 0.513273, 0.499885]",-0.93338,"[58.8088, 71.4395, 76.9195, 74.7974]",0.340021
0.0,0.0251395,0.027,0.0,21.886,0.0,301.745,401.744,93.8654,3,"[200.0, 200.0, 200.0, 200.0, 200.0, 200.0, 200.0, 200.0, 200.0, 200.0, 200.0, 200.0, 200.0, 200.0, 200.0, 200.0, 200.0, 200.0, 200.0, 200.0, 200.0, 200.0, 200.0, 200.0, 200.0, 200.0, 200.0, 200.0, 200.0, 200.0, 200.0, 200.0, 200.0, 200.0, 200.0, 200.0]",1,4877.48,91.9512,1.55391,1.48551,0.128,"[14.5101, 15.1239, 17.0016, 21.0497, 30.3416, 45.5731, 65.7659, 110.283, 86.0752, 19.6719, 4.40841, 2.49303, 1.7472, 1.35279, 0.948003, 0.682375, 0.562994, 0.508667, 0.494645]",-0.934068,"[68.4134, 75.2427, 78.0379, 76.9902]",0.342398
0.083,0.0186422,0.0,0.0,21.908,0.0,302.306,402.305,93.8654,3,"[200.0, 200.0, 200.0, 200.0, 200.0, 200.0, 200.0, 200.0, 200.0, 200.0, 200.0, 200.0, 200.0, 200.0, 200.0, 200.0, 200.0, 200.0, 200.0, 200.0, 200.0, 200.0, 200.0, 200.0, 200.0, 200.0, 200.0, 200.0, 200.0, 200.0, 200.0, 200.0, 200.0, 200.0, 200.0, 200.0]",1,4897.35,91.7177,1.21698,1.23063,0.128,"[14.512, 15.0993, 16.9393, 20.9129, 29.9925, 44.721, 62.7449, 111.351, 87.3711, 26.3151, 4.64043, 2.55523, 1.77232, 1.3646, 0.950561, 0.681154, 0.560496, 0.505411, 0.490629]",-0.934594,"[77.4342, 76.3494, 78.4041, 77.0508]",0.343691
0.218,0.0119334,0.0,0.0,21.93,0.0,302.866,402.865,93.8653,3,"[200.0, 200.0, 200.0, 200.0, 200.0, 200.0, 200.0, 200.0, 200.0, 200.0, 200.0, 200.0, 200.0, 200.0, 200.0, 200.0, 200.0, 200.0, 200.0, 200.0, 200.0, 200.0, 200.0, 200.0, 200.0, 200.0, 200.0, 200.0, 200.0, 200.0, 200.0, 200.0, 200.0, 200.0, 200.0, 200.0]",1,4941.62,91.6841,0.956349,1.17783,0.128,"[14.5128, 15.0729, 16.8742, 20.7721, 29.6382, 43.871, 60.3027, 112.528, 88.6753, 40.9155, 4.92994, 2.63366, 1.80614, 1.38232, 0.956788, 0.682392, 0.559962, 0.503896, 0.488283]",-0.9349,"[77.8811, 76.2394, 79.2175, 77.5375]",0.345191
0.349,0.00390055,0.0,0.0,21.952,0.0,303.426,403.425,93.8652,3,"[200.0, 200.0, 200.0, 200.0, 200.0, 200.0, 200.0, 200.0, 200.0, 200.0, 200.0, 200.0, 200.0, 200.0, 200.0, 200.0, 200.0, 200.0, 200.0, 200.0, 200.0, 200.0, 200.0, 200.0, 200.0, 200.0, 200.0, 200.0, 200.0, 200.0, 200.0, 200.0, 200.0, 200.0, 200.0, 200.0]",1,4937.94,91.7479,0.591582,0.926197,0.128,"[14.5118, 15.0394, 16.7946, 20.6031, 29.221, 42.8893, 57.8327, 114.168, 90.3096, 56.8479, 5.36365, 2.75123, 1.85963, 1.4126, 0.970075, 0.687898, 0.56259, 0.505013, 0.488315]",-0.934892,"[78.0414, 76.1174, 80.6471, 76.6317]",0.344784
0.494,-0.00384492,0.0,0.0,21.974,0.0,303.987,403.986,93.8649,3,"[200.0, 200.0, 200.0, 200.0, 200.0, 200.0, 200.0, 200.0, 200.0, 200.0, 200.0, 200.0, 200.0, 200.0, 200.0, 200.0, 200.0, 200.0, 200.0, 200.0, 200.0, 200.0, 200.0, 200.0, 200.0, 200.0, 200.0, 200.0, 200.0, 200.0, 200.0, 200.0, 200.0, 200.0, 200.0, 200.0]",1,5070.5,91.8148,0.427825,0.893017,0.129,"[14.5091, 15.0055, 16.7166, 20.4404, 28.8262, 41.9783, 55.8081, 115.802, 91.7995, 61.1962, 5.89259, 2.8906, 1.92471, 1.45092, 0.988589, 0.697063, 0.568223, 0.508848, 0.491003]",-0.934533,"[78.0355, 76.1255, 80.7866, 80.4075]",0.344583
0.539,-0.01286,0.0,0.0,21.996,0.0,304.549,404.548,93.8646,3,"[200.0, 200.0, 200.0, 200.0, 200.0, 200.0, 200.0, 200.0, 200.0, 200.0, 200.0, 200.0, 200.0, 200.0, 200.0, 200.0, 200.0, 200.0, 200.0, 200.0, 200.0, 200.0, 200.0, 200.0, 200.0, 200.0, 200.0, 200.0, 200.0, 200.0, 200.0, 200.0, 200.0, 200.0, 200.0, 200.0]",1,4921.1,92.0776,0.0066148,0.637619,0.129,"[14.5047, 14.9648, 16.6251, 20.2522, 28.3772, 40.9614, 53.7269, 117.948, 93.5824, 65.0407, 6.6795, 3.08468, 2.01537, 1.50508, 1.01579, 0.71142, 0.577691, 0.515875, 0.49658]",-0.933795,"[78.2898, 76.1154, 79.1821, 77.1128]",0.343254
0.638,-0.0215452,0.0,0.0,22.018,0.0,305.111,405.111,93.8643,3,"[200.0, 200.0, 200.0, 200.0, 200.0, 200.0, 200.0, 200.0, 200.0, 200.0, 200.0, 200.0, 200.0, 200.0, 200.0, 200.0, 200.0, 200.0, 200.0, 200.0, 200.0, 200.0, 200.0, 200.0, 200.0, 200.0, 200.0, 200.0, 200.0, 200.0, 200.0, 200.0, 200.0, 200.0, 200.0, 200.0]",1,5176.03,92.1487,-0.117311,0.578524,0.129,"[14.4977, 14.923, 16.5348, 20.0704, 27.9522, 40.0193, 51.9459, 120.108, 95.2146, 68.1136, 7.69902, 3.31793, 2.12492, 1.57174, 1.0507, 0.730979, 0.591338, 0.526623, 0.505742]",-0.932583,"[78.3832, 76.3008, 80.5896, 83.0749]",0.342237
0.648,-0.0310216,0.0,0.0,22.04,0.0,305.675,405.675,93.864,3,"[200.0, 200.0, 200.0, 200.0, 200.0, 200.0, 200.0, 200.0, 200.0, 200.0, 200.0, 200.0, 200.0, 200.0, 200.0, 200.0, 200.0, 200.0, 200.0, 200.0, 200.0, 200.0, 200.0, 200.0, 200.0, 200.0, 200.0, 200.0, 200.0, 200.0, 200.0, 200.0, 200.0, 200.0, 200.0, 200.0]",1,5030.59,92.4503,-0.380202,0.5367,0.129,"[14.4885, 14.8759, 16.4355, 19.8732, 27.499, 39.0337, 50.1887, 122.619, 96.9996, 71.114, 9.22249, 3.625, 2.26657, 1.65791, 1.09631, 0.757035, 0.609862, 0.541494, 0.518694]",-0.930874,"[78.6366, 76.4906, 80.6472, 78.6775]",0.340617
0.721,-0.0384297,0.0,0.0,22.062,0.0,306.24,406.24,93.8636,3,"[200.0, 200.0, 200.0, 200.0, 200.0, 200.0, 200.0, 200.0, 200.0, 200.0, 200.0, 200.0, 200.0, 200.0, 200.0, 200.0, 200.0, 200.0, 200.0, 200.0, 200.0, 200.0, 200.0, 200.0, 200.0, 200.0, 200.0, 200.0, 200.0, 200.0, 200.0, 200.0, 200.0, 200.0, 200.0, 200.0]",1,5307.48,92.5519,-1.01092,0.292546,-0.8,"[14.4765, 14.8344, 16.353, 19.7149, 27.1453, 38.2825, 48.9154, 124.314, 98.1998, 73.1239, 10.9423, 3.9369, 2.41143, 1.74758, 1.14541, 0.78622, 0.631278, 0.559185, 0.534567]",-0.928777,"[78.4571, 76.7465, 83.1698, 85.0541]",0.340877
0.707,-0.0388344,0.0,0.0,22.084,0.0,306.807,406.807,93.8633,3,"[200.0, 200.0, 200.0, 200.0, 200.0, 200.0, 200.0, 200.0, 200.0, 200.0, 200.0, 200.0, 200.0, 200.0, 200.0, 200.0, 200.0, 200.0, 200.0, 200.0, 200.0, 200.0, 200.0, 200.0, 200.0, 200.0, 200.0, 200.0, 200.0, 200.0, 200.0, 200.0, 200.0, 200.0, 200.0, 200.0]",1,5141.42,92.8451,-1.35799,0.379919,-0.8,"[14.4625, 14.8184, 16.3334, 19.688, 27.1011, 38.2068, 48.8116, 123.606, 97.5905, 72.6587, 11.3285, 4.05409, 2.48029, 1.79654, 1.17692, 0.807584, 0.648313, 0.5742, 0.54886]",-0.926874,"[77.412, 77.045, 81.8782, 80.8374]",0.340426
0.715,-0.0327751,0.0,0.0,22.106,0.0,307.375,407.374,93.8629,3,"[200.0, 200.0, 200.0, 200.0, 200.0, 200.0, 200.0, 200.0, 200.0, 200.0, 200.0, 200.0, 200.0, 200.0, 200.0, 200.0, 200.0, 200.0, 200.0, 200.0, 200.0, 200.0, 200.0, 200.0, 200.0, 200.0, 200.0, 200.0, 200.0, 200.0, 200.0, 200.0, 200.0, 200.0, 200.0, 200.0]",1,5198.98,92.8923,-1.55776,0.388598,-0.8,"[14.4476, 14.827, 16.3728, 19.7834, 27.3425, 38.7513, 49.8393, 120.678, 95.3287, 69.973, 10.2841, 3.96451, 2.46719, 1.80078, 1.18832, 0.819421, 0.659604, 0.585332, 0.560421]",-0.925317,"[75.8756, 77.0163, 84.9794, 80.8575]",0.33828
0.648,-0.0204248,0.0,0.0,22.128,0.0,307.943,407.942,93.8626,3,"[200.0, 200.0, 200.0, 200.0, 200.0, 200.0, 200.0, 200.0, 200.0, 200.0, 200.0, 200.0, 200.0, 200.0, 200.0, 200.0, 200.0, 200.0, 200.0, 200.0, 200.0, 200.0, 200.0, 200.0, 200.0, 200.0, 200.0, 200.0, 200.0, 200.0, 200.0, 200.0, 200.0, 200.0, 200.0, 200.0]",1,5166.44,92.958,-1.25055,0.564483,-0.8,"[14.4362, 14.8641, 16.4752, 20.0072, 27.8858, 39.9656, 52.4343, 115.492, 91.4048, 64.855, 8.48582, 3.69243, 2.37111, 1.75607, 1.17539, 0.818439, 0.662415, 0.59013, 0.566902]",-0.924429,"[74.7742, 77.7902, 81.3071, 83.2359]",0.338321
0.53,-0.00230795,0.0,0.0,22.15,0.0,308.51,408.51,93.8623,3,"[200.0, 200.0, 200.0, 200.0, 200.0, 200.0, 200.0, 200.0, 200.0, 200.0, 200.0, 200.0, 200.0, 200.0, 200.0, 200.0, 200.0, 200.0, 200.0, 200.0, 200.0, 200.0, 200.0, 200.0, 200.0, 200.0, 200.0, 200.0, 200.0, 200.0, 200.0, 200.0, 200.0, 200.0, 200.0, 200.0]",1,5290.17,92.8335,-0.686504,0.609534,0.127,"[14.4323, 14.9322, 16.6428, 20.3634, 28.7497, 41.9313, 58.3412, 108.85, 85.8312, 56.4276, 6.69057, 3.31284, 2.21263, 1.67055, 1.14004, 0.804762, 0.656443, 0.58813, 0.567739]",-0.924302,"[75.1095, 80.0599, 82.7204, 84.7342]",0.338936
0.322,0.0185956,0.0,0.0,22.172,0.0,309.078,409.078,93.8623,3,"[200.0, 200.0, 200.0, 200.0, 200.0, 200.0, 200.0, 200.0, 200.0, 200.0, 200.0, 200.0, 200.0, 200.0, 200.0, 200.0, 200.0, 200.0, 200.0, 200.0, 200.0, 200.0, 200.0, 200.0, 200.0, 200.0, 200.0, 200.0, 200.0, 200.0, 200.0, 200.0, 200.0, 200.0, 200.0, 200.0]",1,5075.55,92.9552,0.582876,0.780819,0.127,"[14.4392, 15.0234, 16.8539, 20.8071, 29.8396, 44.4907, 129.64, 102.118, 79.2271, 30.2943, 5.33111, 2.93497, 2.03555, 1.56721, 1.09165, 0.782229, 0.643654, 0.580389, 0.563406]",-0.924892,"[75.7842, 80.4202, 79.4997, 81.5045]",0.335116
0.0,0.0322833,0.172,0.0,22.194,0.0,309.645,409.645,93.8622,3,"[200.0, 200.0, 200.0, 200.0, 200.0, 200.0, 200.0, 200.0, 200.0, 200.0, 200.0, 200.0, 200.0, 200.0, 200.0, 200.0, 200.0, 200.0, 200.0, 200.0, 200.0, 200.0, 200.0, 200.0, 200.0, 200.0, 200.0, 200.0, 200.0, 200.0, 200.0, 200.0, 200.0, 200.0, 200.0, 200.0]",1,4776.75,92.5868,2.37988,0.846238,0.128,"[14.4486, 15.0888, 17.0008, 21.1153, 30.6093, 46.3757, 124.505, 97.8511, 74.4514, 17.3168, 4.68659, 2.72199, 1.92832, 1.50185, 1.05923, 0.76614, 0.633933, 0.573999, 0.559238]",-0.925474,"[70.9024, 75.6519, 72.8123, 78.2699]",0.338565
0.0,0.0385296,0.292,0.0,22.216,0.0,310.208,410.208,93.8621,3,"[200.0, 200.0, 200.0, 200.0, 200.0, 200.0, 200.0, 200.0, 200.0, 200.0, 200.0, 200.0, 200.0, 200.0, 200.0, 200.0, 200.0, 200.0, 200.0, 200.0, 200.0, 200.0, 200.0, 200.0, 200.0, 200.0, 200.0, 200.0, 200.0, 200.0, 200.0, 200.0, 200.0, 200.0, 200.0, 200.0]",1,4740.84,91.6445,2.8011,1.03674,0.127,"[14.4558, 15.1219, 17.0721, 21.2633, 30.9801, 47.3949, 121.595, 95.5578, 71.829, 14.4063, 4.42302, 2.62436, 1.87582, 1.46822, 1.04117, 0.756223, 0.627295, 0.569056, 0.555344]",-0.926009,"[64.7981, 75.2723, 73.5225, 76.0821]",0.335617
0.0,0.0395539,0.299,0.0,22.238,0.0,310.766,410.765,93.862,3,"[200.0, 200.0, 200.0, 200.0, 200.0, 200.0, 200.0, 200.0, 200.0, 200.0, 200.0, 200.0, 200.0, 200.0, 200.0, 200.0, 200.0, 200.0, 200.0, 200.0, 200.0, 200.0, 200.0, 200.0, 200.0, 200.0, 200.0, 200.0, 200.0, 200.0, 200.0, 200.0, 200.0, 200.0, 200.0, 200.0]",1,4792.84,90.8045,2.89151,1.05547,0.127,"[14.4603, 15.1308, 17.0877, 21.2926, 31.0488, 47.6471, 120.369, 94.5495, 70.819, 13.9346, 4.35658, 2.5936, 1.85647, 1.45423, 1.03216, 0.750187, 0.622541, 0.564918, 0.551455]",-0.92653,"[57.9296, 65.6973, 75.4111, 76.3376]",0.339583
0.0,0.0371517,0.283,0.0,22.26,0.0,311.318,411.317,93.8619,3,"[200.0, 200.0, 200.0, 200.0, 200.0, 200.0, 200.0, 200.0, 200.0, 200.0, 200.0, 200.0, 200.0, 200.0, 200.0, 200.0, 200.0, 200.0, 200.0, 200.0, 200.0, 200.0, 200.0, 200.0, 200.0, 200.0, 200.0, 200.0, 200.0, 200.0, 200.0, 200.0, 200.0, 200.0, 200.0, 200.0]",1,4677.13,89.7555,2.52321,1.21513,0.127,"[14.4639, 15.1248, 17.0678, 21.2447, 30.9184, 47.3359, 120.275, 94.3846, 70.8713, 14.7009, 4.40009, 2.59886, 1.85401, 1.44958, 1.02673, 0.745057, 0.617692, 0.560114, 0.546417]",-0.927195,"[56.1245, 72.7321, 75.4567, 73.6151]",0.338575
0.0,0.0325811,0.201,0.0,22.282,0.0,311.864,411.864,93.8618,3,"[200.0, 200.0, 200.0, 200.0, 200.0, 200.0, 200.0, 200.0, 200.0, 200.0, 200.0, 200.0, 200.0, 200.0, 200.0, 200.0, 200.0, 200.0, 200.0, 200.0, 200.0, 200.0, 200.0, 200.0, 200.0, 200.0, 200.0, 200.0, 200.0, 200.0, 200.0, 200.0, 200.0, 200.0, 200.0, 200.0]",1,4694.19,89.0976,2.12527,1.09505,0.127,"[14.4665, 15.1088, 17.0249, 21.148, 30.6641, 46.6715, 120.887, 94.7476, 71.5702, 16.6126, 4.52623, 2.63164, 1.86512, 1.45298, 1.02503, 0.741554, 0.613663, 0.555695, 0.541448]",-0.927845,"[59.7534, 64.3406, 75.0756, 74.3315]",0.340943
0.0,0.026795,0.141,0.0,22.304,0.0,312.407,412.406,93.8618,3,"[200.0, 200.0, 200.0, 200.0, 200.0, 200.0, 200.0, 200.0, 200.0, 200.0, 200.0, 200.0, 200.0, 200.0, 200.0, 200.0, 200.0, 200.0, 200.0, 200.0, 200.0, 200.0, 200.0, 200.0, 200.0, 200.0, 200.0, 200.0, 200.0, 200.0, 200.0, 200.0, 200.0, 200.0, 200.0, 200.0]",1,4597.23,88.394,1.73125,1.05616,0.127,"[14.4688, 15.0876, 16.9697, 21.0255, 30.3463, 45.8391, 121.87, 95.3959, 72.5949, 20.0209, 4.7129, 2.68237, 1.8847, 1.46128, 1.02557, 0.739043, 0.610158, 0.551556, 0.536589]",-0.928481,"[65.5237, 71.7457, 74.4764, 71.8886]",0.341288
0.0,0.0206775,0.054,0.0,22.326,0.0,312.946,412.945,93.8617,3,"[200.0, 200.0, 200.0, 200.0, 200.0, 200.0, 200.0, 200.0, 200.0, 200.0, 200.0, 200.0, 200.0, 200.0, 200.0, 200.0, 200.0, 200.0, 200.0, 200.0, 200.0, 200.0, 200.0, 200.0, 200.0, 200.0, 200.0, 200.0, 200.0, 200.0, 200.0, 200.0, 200.0, 200.0, 200.0, 200.0]",1,4664.93,87.977,1.34878,0.855626,0.128,"[14.4703, 15.0642, 16.9108, 20.8962, 30.0157, 44.9908, 122.931, 96.1454, 73.6744, 25.7689, 4.94547, 2.74676, 1.91148, 1.47436, 1.02896, 0.73838, 0.608092, 0.54867, 0.532911]",-0.92896,"[73.9499, 70.3657, 74.5765, 73.5347]",0.341486
0.0,0.0138312,0.0,0.0,22.348,0.0,313.483,413.482,93.8616,3,"[200.0, 200.0, 200.0, 200.0, 200.0, 200.0, 200.0, 200.0, 200.0, 200.0, 200.0, 200.0, 200.0, 200.0, 200.0, 200.0, 200.0, 200.0, 200.0, 200.0, 200.0, 200.0, 200.0, 200.0, 200.0, 200.0, 200.0, 200.0, 200.0, 200.0, 200.0, 200.0, 200.0, 200.0, 200.0, 200.0]",1,4638.19,87.8179,1.15599,0.869327,0.128,"[14.4705, 15.0367, 16.8436, 20.7514, 29.6514, 44.0747, 124.186, 97.1156, 74.9174, 38.3825, 5.25992, 2.835, 1.95059, 1.49545, 1.03698, 0.740579, 0.608187, 0.547611, 0.530912]",-0.929219,"[74.7935, 73.0175, 74.8219, 72.4767]",0.342471
0.127,0.00615002,0.0,0.0,22.37,0.0,314.019,414.019,93.8616,3,"[200.0, 200.0, 200.0, 200.0, 200.0, 200.0, 200.0, 200.0, 200.0, 200.0, 200.0, 200.0, 200.0, 200.0, 200.0, 200.0, 200.0, 200.0, 200.0, 200.0, 200.0, 200.0, 200.0, 200.0, 200.0, 200.0, 200.0, 200.0, 200.0, 200.0, 200.0, 200.0, 200.0, 200.0, 200.0, 200.0]",1,4690.52,87.7527,0.844307,0.769648,0.128,"[14.4691, 15.0043, 16.767, 20.589, 29.2498, 43.0895, 125.653, 98.353, 76.3433, 45.9919, 5.69423, 2.9558, 2.00624, 1.52724, 1.05115, 0.746599, 0.611175, 0.549005, 0.531172]",-0.929178,"[74.6291, 72.8861, 75.2859, 73.516]",0.341545
0.239,-0.00225168,0.0,0.0,22.392,0.0,314.556,414.555,93.8615,3,"[200.0, 200.0, 200.0, 200.0, 200.0, 200.0, 200.0, 200.0, 200.0, 200.0, 200.0, 200.0, 200.0, 200.0, 200.0, 200.0, 200.0, 200.0, 200.0, 200.0, 200.0, 200.0, 200.0, 200.0, 200.0, 200.0, 200.0, 200.0, 200.0, 200.0, 200.0, 200.0, 200.0, 200.0, 200.0, 200.0]",1,4757.46,87.7247,0.615082,0.670108,0.128,"[14.4656, 14.9669, 16.6818, 20.4116, 28.8189, 42.063, 127.287, 99.8555, 77.9129, 49.9273, 6.29341, 3.11724, 2.08222, 1.57218, 1.07296, 0.757447, 0.617863, 0.553575, 0.53439]",-0.928748,"[74.7425, 72.6948, 75.6516, 75.233]",0.34343
0.337,-0.0107197,0.0,0.0,22.414,0.0,315.092,415.091,93.8614,3,"[200.0, 200.0, 200.0, 200.0, 200.0, 200.0, 200.0, 200.0, 200.0, 200.0, 200.0, 200.0, 200.0, 200.0, 200.0, 200.0, 200.0, 200.0, 200.0, 200.0, 200.0, 200.0, 200.0, 200.0, 200.0, 200.0, 200.0, 200.0, 200.0, 200.0, 200.0, 200.0, 200.0, 200.0, 200.0, 200.0]",1,4727.23,87.8045,0.349501,0.534224,0.128,"[14.4606, 14.9278, 16.5949, 20.2334, 28.3939, 41.081, 128.89, 101.462, 79.4469, 53.0175, 7.0647, 3.31277, 2.17449, 1.62762, 1.10101, 0.772356, 0.627751, 0.560954, 0.540284]",-0.927966,"[74.7385, 72.8884, 75.9752, 74.0576]",0.341186
0.432,-0.0197508,0.0,0.0,22.436,0.0,315.628,415.628,93.8613,3,"[200.0, 200.0, 200.0, 200.0, 200.0, 200.0, 200.0, 200.0, 200.0, 200.0, 200.0, 200.0, 200.0, 200.0, 200.0, 200.0, 200.0, 200.0, 200.0, 200.0, 200.0, 200.0, 200.0, 200.0, 200.0, 200.0, 200.0, 200.0, 200.0, 200.0, 200.0, 200.0, 200.0, 200.0, 200.0, 200.0]",1,4910.22,87.8151,0.0813452,0.31142,0.128,"[14.4532, 14.8842, 16.5009, 20.0439, 27.95, 40.0843, 61.9188, 103.335, 81.0785, 55.8702, 8.14734, 3.56537, 2.29317, 1.69964, 1.13848, 0.793149, 0.642134, 0.572184, 0.549762]",-0.926713,"[74.8291, 72.7004, 77.3111, 78.1554]",0.343645
0.815,-0.0285667,0.0,0.0,22.458,0.0,316.166,416.165,93.8608,3,"[200.0, 200.0, 200.0, 200.0, 200.0, 200.0, 200.0, 200.0, 200.0, 200.0, 200.0, 200.0, 200.0, 200.0, 200.0, 200.0, 200.0, 200.0, 200.0, 200.0, 200.0, 200.0, 200.0, 200.0, 200.0, 200.0, 200.0, 200.0, 200.0, 200.0, 200.0, 200.0, 200.0, 200.0, 200.0, 200.0]",1,4894.43,88.1389,-0.109402,0.23899,0.127,"[14.4436, 14.8395, 16.4073, 19.8588, 27.5249, 39.1561, 56.0156, 105.257, 82.6078, 58.342, 9.58513, 3.86613, 2.43299, 1.78492, 1.18369, 0.818969, 0.660474, 0.586889, 0.562551]",-0.925024,"[74.9668, 72.9035, 78.9881, 75.7963]",0.339766
0.909,-0.0351312,0.0,0.0,22.48,0.0,316.705,416.704,93.8604,3,"[200.0, 200.0, 200.0, 200.0, 200.0, 200.0, 200.0, 200.0, 200.0, 200.0, 200.0, 200.0, 200.0, 200.0, 200.0, 200.0, 200.0, 200.0, 200.0, 200.0, 200.0, 200.0, 200.0, 200.0, 200.0, 200.0, 200.0, 200.0, 200.0, 200.0, 200.0, 200.0, 200.0, 200.0, 200.0, 200.0]",1,5215.52,88.3074,-0.814846,0.00513611,-0.8,"[14.4322, 14.8019, 16.3334, 19.7172, 27.208, 38.481, 53.65, 106.551, 83.5405, 59.8964, 11.0676, 4.15076, 2.56639, 1.86769, 1.22903, 0.84588, 0.680186, 0.603144, 0.577106]",-0.9231,"[74.859, 73.2674, 84.2196, 81.9249]",0.342486
0.89,-0.0351339,0.0,0.0,22.502,0.0,317.246,417.246,93.8599,3,"[200.0, 200.0, 200.0, 200.0, 200.0, 200.0, 200.0, 200.0, 200.0, 200.0, 200.0, 200.0, 200.0, 200.0, 200.0, 200.0, 200.0, 200.0, 200.0, 200.0, 200.0, 200.0, 200.0, 200.0, 200.0, 200.0, 200.0, 200.0, 200.0, 200.0, 200.0, 200.0, 200.0, 200.0, 200.0, 200.0]",1,5002.85,88.7353,-1.11526,0.0953545,-0.8,"[14.4192, 14.7886, 16.3187, 19.6995, 27.1836, 38.4468, 54.2952, 105.711, 82.8458, 59.3236, 11.316, 4.24377, 2.62388, 1.90953, 1.25655, 0.864822, 0.695417, 0.616649, 0.590028]",-0.921378,"[73.9519, 73.621, 80.5618, 78.3751]",0.341588
0.927,-0.0296751,0.0,0.0,22.524,0.0,317.789,417.788,93.8594,3,"[200.0, 200.0, 200.0, 200.0, 200.0, 200.0, 200.0, 200.0, 200.0, 200.0, 200.0, 200.0, 200.0, 200.0, 200.0, 200.0, 200.0, 200.0, 200.0, 200.0, 200.0, 200.0, 200.0, 200.0, 200.0, 200.0, 200.0, 200.0, 200.0, 200.0, 200.0, 200.0, 200.0, 200.0, 200.0, 200.0]",1,4966.0,88.9885,-1.2724,0.123413,-0.8,"[14.4063, 14.7968, 16.3546, 19.7862, 27.4036, 38.9692, 59.0167, 103.129, 80.8087, 57.0239, 10.4253, 4.15704, 2.60851, 1.91114, 1.26576, 0.874982, 0.7053, 0.626501, 0.60034]",-0.91999,"[72.6284, 73.5766, 80.4959, 77.7377]",0.338342
0.837,-0.0185844,0.0,0.0,22.546,0.0,318.333,418.333,93.859,3,"[200.0, 200.0, 200.0, 200.0, 200.0, 200.0, 200.0, 200.0, 200.0, 200.0, 200.0, 200.0, 200.0, 200.0, 200.0, 200.0, 200.0, 200.0, 200.0, 200.0, 200.0, 200.0, 200.0, 200.0, 200.0, 200.0, 200.0, 200.0, 200.0, 200.0, 200.0, 200.0, 200.0, 200.0, 200.0, 200.0]",1,5005.4,89.1353,-1.0812,0.242866,-0.8,"[14.3965, 14.8305, 16.4471, 19.9882, 27.8949, 40.1952, 126.155, 98.966, 77.3563, 52.7868, 8.83033, 3.90175, 2.51639, 1.86752, 1.25255, 0.873407, 0.707471, 0.630635, 0.606113]",-0.919199,"[71.7462, 74.4659, 78.1943, 79.8667]",0.339591
0.434,-0.00303976,0.0,0.0,22.568,0.0,318.878,418.877,93.8588,3,"[200.0, 200.0, 200.0, 200.0, 200.0, 200.0, 200.0, 200.0, 200.0, 200.0, 200.0, 200.0, 200.0, 200.0, 200.0, 200.0, 200.0, 200.0, 200.0, 200.0, 200.0, 200.0, 200.0, 200.0, 200.0, 200.0, 200.0, 200.0, 200.0, 200.0, 200.0, 200.0, 200.0, 200.0, 200.0, 200.0]",1,4931.69,89.0546,-0.704394,0.330161,-0.8,"[14.3934, 14.889, 16.5909, 20.2936, 28.636, 42.2715, 120.831, 93.886, 72.7135, 46.4895, 7.21174, 3.55517, 2.37103, 1.78883, 1.21983, 0.860627, 0.701795, 0.62862, 0.606706]",-0.919106,"[71.2918, 75.2363, 76.6234, 79.5708]",0.339203
0.231,0.0169384,0.0,0.0,22.59,0.0,319.422,419.421,93.8588,3,"[200.0, 200.0, 200.0, 200.0, 200.0, 200.0, 200.0, 200.0, 200.0, 200.0, 200.0, 200.0, 200.0, 200.0, 200.0, 200.0, 200.0, 200.0, 200.0, 200.0, 200.0, 200.0, 200.0, 200.0, 200.0, 200.0, 200.0, 200.0, 200.0, 200.0, 200.0, 200.0, 200.0, 200.0, 200.0, 200.0]",1,4800.74,88.9317,-0.0804782,0.470052,0.127,"[14.4008, 14.9768, 16.7928, 20.7167, 29.6722, 45.8392, 113.853, 88.2009, 66.7675, 34.8406, 5.78066, 3.1596, 2.18535, 1.68009, 1.16846, 0.836298, 0.687676, 0.61977, 0.601369]",-0.919829,"[71.7859, 76.6602, 74.4073, 77.9027]",0.335923
0.0,0.0388708,0.013,0.0,22.612,0.0,319.965,419.964,93.8587,3,"[200.0, 200.0, 200.0, 200.0, 200.0, 200.0, 200.0, 200.0, 200.0, 200.0, 200.0, 200.0, 200.0, 200.0, 200.0, 200.0, 200.0, 200.0, 200.0, 200.0, 200.0, 200.0, 200.0, 200.0, 200.0, 200.0, 200.0, 200.0, 200.0, 200.0, 200.0, 200.0, 200.0, 200.0, 200.0, 200.0]",1,4676.12,88.7722,1.09349,0.680569,0.126,"[14.4217, 15.0877, 17.0352, 21.2206, 30.9266, 52.5676, 105.632, 82.3132, 59.9873, 15.1615, 4.68344, 2.78199, 1.98943, 1.55756, 1.10485, 0.802657, 0.665902, 0.604141, 0.589637]",-0.921441,"[71.8398, 77.1385, 71.6621, 76.794]",0.337943
0.0,0.0550266,0.165,0.0,22.634,0.0,320.505,420.505,93.8586,3,"[200.0, 200.0, 200.0, 200.0, 200.0, 200.0, 200.0, 200.0, 200.0, 200.0, 200.0, 200.0, 200.0, 200.0, 200.0, 200.0, 200.0, 200.0, 200.0, 200.0, 200.0, 200.0, 200.0, 200.0, 200.0, 200.0, 200.0, 200.0, 200.0, 200.0, 200.0, 200.0, 200.0, 200.0, 200.0, 200.0]",1,4558.25,88.2504,2.59993,0.8585,0.126,"[14.4463, 15.1799, 17.229, 21.621, 31.9397, 126.446, 99.508, 77.6803, 54.5025, 10.4658, 4.05892, 2.52961, 1.84755, 1.46397, 1.05255, 0.772706, 0.645147, 0.588137, 0.576482]",-0.923252,"[68.3071, 74.4566, 69.9068, 75.1005]",0.333901
0.0,0.061819,0.323,0.0,22.656,0.0,321.042,421.041,93.8585,3,"[200.0, 200.0, 200.0, 200.0, 200.0, 200.0, 200.0, 200.0, 200.0, 200.0, 200.0, 200.0, 200.0, 200.0, 200.0, 200.0, 200.0, 200.0, 200.0, 200.0, 200.0, 200.0, 200.0, 200.0, 200.0, 200.0, 200.0, 200.0, 200.0, 200.0, 200.0, 200.0, 200.0, 200.0, 200.0, 200.0]",1,4385.76,87.391,3.34916,0.947313,0.126,"[14.4646, 15.2274, 17.3213, 21.8057, 32.4031, 123.696, 96.6128, 75.2673, 51.6901, 9.11367, 3.79065, 2.40453, 1.77057, 1.40964, 1.01899, 0.75128, 0.628911, 0.574489, 0.564117]",-0.924928,"[63.0592, 67.036, 66.8611, 72.7036]",0.338662
0.0,0.063399,0.308,0.0,22.678,0.0,321.573,421.572,93.8584,3,"[200.0, 200.0, 200.0, 200.0, 200.0, 200.0, 200.0, 200.0, 200.0, 200.0, 200.0, 200.0, 200.0, 200.0, 200.0, 200.0, 200.0, 200.0, 200.0, 200.0, 200.0, 200.0, 200.0, 200.0, 200.0, 200.0, 200.0, 200.0, 200.0, 200.0, 200.0, 200.0, 200.0, 200.0, 200.0, 200.0]",1,4379.69,86.4315,3.17325,1.05485,0.126,"[14.4796, 15.2498, 17.3557, 21.8653, 32.5368, 122.377, 95.2923, 74.1197, 50.492, 8.67332, 3.66107, 2.33147, 1.71993, 1.3708, 0.992143, 0.732208, 0.613319, 0.560507, 0.550618]",-0.926732,"[57.0144, 64.4745, 67.5583, 72.0253]",0.336656
0.0,0.0610193,0.267,0.0,22.7,0.0,322.098,422.097,93.8583,3,"[200.0, 200.0, 200.0, 200.0, 200.0, 200.0, 200.0, 200.0, 200.0, 200.0, 200.0, 200.0, 200.0, 200.0, 200.0, 200.0, 200.0, 200.0, 200.0, 200.0, 200.0, 200.0, 200.0, 200.0, 200.0, 200.0, 200.0, 200.0, 200.0, 200.0, 200.0, 200.0, 200.0, 200.0, 200.0, 200.0]",1,4416.39,85.5853,2.89771,1.00764,0.126,"[14.4917, 15.2527, 17.3455, 21.828, 32.4135, 122.173, 95.1038, 73.9379, 50.5479, 8.77686, 3.62268, 2.29336, 1.68712, 1.34247, 0.96982, 0.714671, 0.598081, 0.546197, 0.536223]",-0.928637,"[52.255, 63.5787, 68.2087, 71.2835]",0.340858
0.0,0.0568118,0.227,0.0,22.722,0.0,322.618,422.617,93.8583,3,"[200.0, 200.0, 200.0, 200.0, 200.0, 200.0, 200.0, 200.0, 200.0, 200.0, 200.0, 200.0, 200.0, 200.0, 200.0, 200.0, 200.0, 200.0, 200.0, 200.0, 200.0, 200.0, 200.0, 200.0, 200.0, 200.0, 200.0, 200.0, 200.0, 200.0, 200.0, 200.0, 200.0, 200.0, 200.0, 200.0]",1,4443.47,84.7123,2.38109,1.11922,0.126,"[14.5031, 15.2471, 17.3153, 21.7474, 32.1758, 122.48, 95.4442, 74.1932, 51.1463, 9.16246, 3.62345, 2.26902, 1.66084, 1.31769, 0.948736, 0.697285, 0.582581, 0.531381, 0.521097]",-0.930633,"[53.1963, 64.6063, 70.0571, 70.255]",0.340389
0.0,0.050891,0.165,0.0,22.744,0.0,323.133,423.133,93.8582,3,"[200.0, 200.0, 200.0, 200.0, 200.0, 200.0, 200.0, 200.0, 200.0, 200.0, 200.0, 200.0, 200.0, 200.0, 200.0, 200.0, 200.0, 200.0, 200.0, 200.0, 200.0, 200.0, 200.0, 200.0, 200.0, 200.0, 200.0, 200.0, 200.0, 200.0, 200.0, 200.0, 200.0, 200.0, 200.0, 200.0]",1,4459.83,84.1162,1.95319,0.914307,0.127,"[14.5133, 15.2332, 17.2663, 21.6264, 31.8352, 123.257, 96.3115, 74.8516, 52.2187, 9.93716, 3.67049, 2.26152, 1.64324, 1.29821, 0.930232, 0.681111, 0.567755, 0.516949, 0.506149]",-0.932601,"[53.7211, 63.216, 70.4527, 70.413]",0.34233
0.0,0.0448198,0.114,0.0,22.766,0.0,323.645,423.644,93.8581,3,"[200.0, 200.0, 200.0, 200.0, 200.0, 200.0, 200.0, 200.0, 200.0, 200.0, 200.0, 200.0, 200.0, 200.0, 200.0, 200.0, 200.0, 200.0, 200.0, 200.0, 200.0, 200.0, 200.0, 200.0, 200.0, 200.0, 200.0, 200.0, 200.0, 200.0, 200.0, 200.0, 200.0, 200.0, 200.0, 200.0]",1,4401.6,83.4643,1.5316,0.911019,0.127,"[14.5234, 15.2186, 17.2159, 21.5036, 31.4932, 124.063, 97.2679, 75.5329, 53.2794, 10.9636, 3.72978, 2.25748, 1.62744, 1.27996, 0.912544, 0.665542, 0.553454, 0.503017, 0.491716]",-0.934504,"[60.2094, 70.3018, 70.362, 69.2782]",0.342989
0.0,0.0382284,0.034,0.0,22.788,0.0,324.154,424.153,93.858,3,"[200.0, 200.0, 200.0, 200.0, 200.0, 200.0, 200.0, 200.0, 200.0, 200.0, 200.0, 200.0, 200.0, 200.0, 200.0, 200.0, 200.0, 200.0, 200.0, 200.0, 200.0, 200.0, 200.0, 200.0, 200.0, 200.0, 200.0, 200.0, 200.0, 200.0, 200.0, 200.0, 200.0, 200.0, 200.0, 200.0]",1,4423.73,83.1475,1.21645,0.665857,0.127,"[14.5323, 15.2007, 17.1593, 21.369, 31.1266, 124.997, 98.4398, 76.3253, 54.4396, 12.5157, 3.82165, 2.2653, 1.61849, 1.26651, 0.897898, 0.652031, 0.540802, 0.490549, 0.47869]",-0.936221,"[69.3815, 68.0376, 70.5364, 69.1204]",0.342417
0.011,0.031318,0.0,0.0,22.81,0.0,324.661,424.66,93.8579,3,"[200.0, 200.0, 200.0, 200.0, 200.0, 200.0, 200.0, 200.0, 200.0, 200.0, 200.0, 200.0, 200.0, 200.0, 200.0, 200.0, 200.0, 200.0, 200.0, 200.0, 200.0, 200.0, 200.0, 200.0, 200.0, 200.0, 200.0, 200.0, 200.0, 200.0, 200.0, 200.0, 200.0, 200.0, 200.0, 200.0]",1,4403.08,83.0123,1.01491,0.728606,0.128,"[14.5399, 15.1803, 17.0985, 21.2276, 30.7483, 125.998, 99.7799, 77.1783, 55.6398, 14.9208, 3.94918, 2.28578, 1.61701, 1.2584, 0.88677, 0.640984, 0.530168, 0.479905, 0.467444]",-0.937705,"[70.9572, 68.7221, 70.7311, 69.1682]",0.343939
0.105,0.0230137,0.0,0.0,22.832,0.0,325.168,425.167,93.8579,3,"[200.0, 200.0, 200.0, 200.0, 200.0, 200.0, 200.0, 200.0, 200.0, 200.0, 200.0, 200.0, 200.0, 200.0, 200.0, 200.0, 200.0, 200.0, 200.0, 200.0, 200.0, 200.0, 200.0, 200.0, 200.0, 200.0, 200.0, 200.0, 200.0, 200.0, 200.0, 200.0, 200.0, 200.0, 200.0, 200.0]",1,4438.88,82.9511,0.691718,0.519739,0.128,"[14.5453, 15.1518, 17.0216, 21.0547, 30.2984, 127.344, 101.677, 78.3361, 57.1653, 19.9288, 4.16689, 2.33662, 1.63214, 1.26142, 0.88226, 0.634127, 0.522734, 0.471987, 0.458717]",-0.938854,"[70.7082, 68.7527, 71.3933, 69.4075]",0.341876
0.184,0.015131,0.0,0.0,22.854,0.0,325.675,425.674,93.8579,3,"[200.0, 200.0, 200.0, 200.0, 200.0, 200.0, 200.0, 200.0, 200.0, 200.0, 200.0, 200.0, 200.0, 200.0, 200.0, 200.0, 200.0, 200.0, 200.0, 200.0, 200.0, 200.0, 200.0, 200.0, 200.0, 200.0, 200.0, 200.0, 200.0, 200.0, 200.0, 200.0, 200.0, 200.0, 200.0, 200.0]",1,4453.02,82.927,0.598262,0.63598,0.128,"[14.549, 15.1236, 16.9478, 20.8915, 29.8812, 54.1597, 103.437, 79.3804, 58.529, 28.8761, 4.42826, 2.40096, 1.65561, 1.27078, 0.88228, 0.630674, 0.518208, 0.466779, 0.452702]",-0.939647,"[70.611, 68.7522, 71.5371, 69.7672]",0.344389
0.429,0.00601961,0.0,0.0,22.876,0.0,326.182,426.181,93.8577,3,"[200.0, 200.0, 200.0, 200.0, 200.0, 200.0, 200.0, 200.0, 200.0, 200.0, 200.0, 200.0, 200.0, 200.0, 200.0, 200.0, 200.0, 200.0, 200.0, 200.0, 200.0, 200.0, 200.0, 200.0, 200.0, 200.0, 200.0, 200.0, 200.0, 200.0, 200.0, 200.0, 200.0, 200.0, 200.0, 200.0]",1,4552.49,82.9658,0.305255,0.516859,0.128,"[14.5504, 15.088, 16.8599, 20.702, 29.4074, 50.3871, 105.528, 80.6841, 60.1614, 33.8009, 4.82945, 2.5052, 1.69999, 1.29395, 0.890466, 0.632413, 0.517672, 0.464995, 0.449875]",-0.940018,"[70.7901, 68.6175, 74.0246, 71.3825]",0.342038
0.514,-0.00208128,0.0,0.0,22.898,0.0,326.69,426.689,93.8576,3,"[200.0, 200.0, 200.0, 200.0, 200.0, 200.0, 200.0, 200.0, 200.0, 200.0, 200.0, 200.0, 200.0, 200.0, 200.0, 200.0, 200.0, 200.0, 200.0, 200.0, 200.0, 200.0, 200.0, 200.0, 200.0, 200.0, 200.0, 200.0, 200.0, 200.0, 200.0, 200.0, 200.0, 200.0, 200.0, 200.0]",1,4595.15,83.1142,0.175072,0.43101,0.129,"[14.5497, 15.0546, 16.7804, 20.5336, 28.9949, 48.1535, 107.219, 81.7534, 61.4958, 36.6457, 5.29289, 2.62433, 1.75357, 1.32425, 0.903922, 0.638193, 0.520624, 0.466478, 0.450332]",-0.939956,"[70.6212, 68.7658, 73.5403, 71.8209]",0.345237
0.567,-0.010033,0.0,0.0,22.92,0.0,327.198,427.197,93.8573,3,"[200.0, 200.0, 200.0, 200.0, 200.0, 200.0, 200.0, 200.0, 200.0, 200.0, 200.0, 200.0, 200.0, 200.0, 200.0, 200.0, 200.0, 200.0, 200.0, 200.0, 200.0, 200.0, 200.0, 200.0, 200.0, 200.0, 200.0, 200.0, 200.0, 200.0, 200.0, 200.0, 200.0, 200.0, 200.0, 200.0]",1,4556.16,83.3005,0.0138322,0.267671,0.129,"[14.5474, 15.0202, 16.7011, 20.3687, 28.5978, 46.3685, 108.808, 82.8378, 62.7572, 38.9577, 5.87571, 2.7684, 1.81984, 1.36315, 0.922782, 0.647665, 0.52656, 0.470632, 0.453373]",-0.939553,"[70.9354, 68.943, 74.7676, 70.311]",0.341984
0.636,-0.0172612,0.0,0.0,22.942,0.0,327.708,427.707,93.8571,3,"[200.0, 200.0, 200.0, 200.0, 200.0, 200.0, 200.0, 200.0, 200.0, 200.0, 200.0, 200.0, 200.0, 200.0, 200.0, 200.0, 200.0, 200.0, 200.0, 200.0, 200.0, 200.0, 200.0, 200.0, 200.0, 200.0, 200.0, 200.0, 200.0, 200.0, 200.0, 200.0, 200.0, 200.0, 200.0, 200.0]",1,4670.8,83.4669,-0.0419322,0.0799638,0.129,"[14.5418, 14.9855, 16.6257, 20.2162, 28.2393, 44.9967, 110.133, 83.8097, 63.8178, 40.7851, 6.58125, 2.93918, 1.90141, 1.41319, 0.949211, 0.662563, 0.536993, 0.478872, 0.460415]",-0.93862,"[70.8368, 69.121, 74.7641, 72.8665]",0.344147
0.656,-0.0245738,0.0,0.0,22.964,0.0,328.218,428.218,93.8568,3,"[200.0, 200.0, 200.0, 200.0, 200.0, 200.0, 200.0, 200.0, 200.0, 200.0, 200.0, 200.0, 200.0, 200.0, 200.0, 200.0, 200.0, 200.0, 200.0, 200.0, 200.0, 200.0, 200.0, 200.0, 200.0, 200.0, 200.0, 200.0, 200.0, 200.0, 200.0, 200.0, 200.0, 200.0, 200.0, 200.0]",1,4655.68,83.6856,-0.136958,-0.0913099,0.129,"[14.5345, 14.9487, 16.5481, 20.0618, 27.882, 43.7408, 111.445, 84.8547, 64.8729, 42.4786, 7.50039, 3.14537, 1.99957, 1.47387, 0.981908, 0.681507, 0.550584, 0.489861, 0.470053]",-0.937345,"[71.1649, 69.2804, 76.9712, 71.3197]",0.345259
0.701,-0.0312039,0.0,0.0,22.986,0.0,328.731,428.73,93.8565,3,"[200.0, 200.0, 200.0, 200.0, 200.0, 200.0, 200.0, 200.0, 200.0, 200.0, 200.0, 200.0, 200.0, 200.0, 200.0, 200.0, 200.0, 200.0, 200.0, 200.0, 200.0, 200.0, 200.0, 200.0, 200.0, 200.0, 200.0, 200.0, 200.0, 200.0, 200.0, 200.0, 200.0, 200.0, 200.0, 200.0]",1,4674.1,83.9329,-0.127947,-0.177184,0.129,"[14.5236, 14.9112, 16.4735, 19.9177, 27.5573, 42.7232, 112.527, 85.7805, 65.749, 43.8673, 8.62868, 3.38488, 2.11541, 1.54699, 1.02275, 0.706135, 0.568811, 0.505015, 0.483727]",-0.935534,"[71.1723, 69.5513, 74.7062, 73.6512]",0.345758
0.721,-0.0354686,0.0,0.0,23.008,0.0,329.244,429.243,93.8562,3,"[200.0, 200.0, 200.0, 200.0, 200.0, 200.0, 200.0, 200.0, 200.0, 200.0, 200.0, 200.0, 200.0, 200.0, 200.0, 200.0, 200.0, 200.0, 200.0, 200.0, 200.0, 200.0, 200.0, 200.0, 200.0, 200.0, 200.0, 200.0, 200.0, 200.0, 200.0, 200.0, 200.0, 200.0, 200.0, 200.0]",1,4751.99,84.1293,-0.660559,-0.287383,-0.8,"[14.5104, 14.8808, 16.4188, 19.8176, 27.3405, 42.2241, 112.909, 86.1183, 66.0593, 44.5242, 9.63265, 3.5979, 2.22246, 1.61671, 1.06344, 0.731715, 0.588296, 0.521605, 0.499042]",-0.933503,"[70.9004, 70.1326, 75.4805, 75.88]",0.345865
0.781,-0.0350574,0.0,0.0,23.03,0.0,329.759,429.758,93.8558,3,"[200.0, 200.0, 200.0, 200.0, 200.0, 200.0, 200.0, 200.0, 200.0, 200.0, 200.0, 200.0, 200.0, 200.0, 200.0, 200.0, 200.0, 200.0, 200.0, 200.0, 200.0, 200.0, 200.0, 200.0, 200.0, 200.0, 200.0, 200.0, 200.0, 200.0, 200.0, 200.0, 200.0, 200.0, 200.0, 200.0]",1,4778.82,84.3588,-0.945307,-0.560314,-0.8,"[14.497, 14.8687, 16.4075, 19.8072, 27.3342, 42.6772, 111.946, 85.2134, 65.2786, 43.8669, 9.80853, 3.68183, 2.27692, 1.65719, 1.0906, 0.750654, 0.603633, 0.535274, 0.512177]",-0.931752,"[69.9036, 70.0727, 78.0219, 76.2332]",0.344064
0.765,-0.0288353,0.0,0.0,23.052,0.0,330.275,430.274,93.8555,3,"[200.0, 200.0, 200.0, 200.0, 200.0, 200.0, 200.0, 200.0, 200.0, 200.0, 200.0, 200.0, 200.0, 200.0, 200.0, 200.0, 200.0, 200.0, 200.0, 200.0, 200.0, 200.0, 200.0, 200.0, 200.0, 200.0, 200.0, 200.0, 200.0, 200.0, 200.0, 200.0, 200.0, 200.0, 200.0, 200.0]",1,4798.36,84.457,-1.26238,-0.40853,-0.8,"[14.4839, 14.8798, 16.4506, 19.9091, 27.6011, 44.5906, 109.287, 82.8215, 63.1537, 41.6142, 8.94085, 3.59635, 2.26164, 1.65868, 1.09962, 0.760646, 0.613365, 0.544983, 0.522344]",-0.930383,"[68.5185, 70.1894, 74.9017, 77.9938]",0.341671
0.711,-0.0163379,0.0,0.0,23.074,0.0,330.791,430.79,93.8551,3,"[200.0, 200.0, 200.0, 200.0, 200.0, 200.0, 200.0, 200.0, 200.0, 200.0, 200.0, 200.0, 200.0, 200.0, 200.0, 200.0, 200.0, 200.0, 200.0, 200.0, 200.0, 200.0, 200.0, 200.0, 200.0, 200.0, 200.0, 200.0, 200.0, 200.0, 200.0, 200.0, 200.0, 200.0, 200.0, 200.0]",1,4692.96,84.5947,-0.986945,-0.42514,-0.8,"[14.4745, 14.9197, 16.5575, 20.1409, 28.2067, 49.8753, 104.668, 79.0439, 59.5591, 37.5415, 7.44291, 3.34827, 2.17063, 1.61493, 1.08582, 0.758451, 0.614955, 0.548554, 0.527543]",-0.92967,"[67.6431, 70.8924, 76.1944, 74.0276]",0.33844
0.556,0.00136874,0.0,0.0,23.096,0.0,331.308,431.307,93.8549,3,"[200.0, 200.0, 200.0, 200.0, 200.0, 200.0, 200.0, 200.0, 200.0, 200.0, 200.0, 200.0, 200.0, 200.0, 200.0, 200.0, 200.0, 200.0, 200.0, 200.0, 200.0, 200.0, 200.0, 200.0, 200.0, 200.0, 200.0, 200.0, 200.0, 200.0, 200.0, 200.0, 200.0, 200.0, 200.0, 200.0]",1,4747.54,84.5034,-0.73347,-0.147894,0.127,"[14.4733, 14.9894, 16.7255, 20.4964, 29.1794, 123.056, 98.1166, 74.3853, 54.6892, 31.5842, 5.95028, 3.00987, 2.02473, 1.53424, 1.05094, 0.743869, 0.607718, 0.545095, 0.526715]",-0.929771,"[68.367, 73.2477, 73.3573, 77.6968]",0.335701
0.11,0.0223604,0.0,0.0,23.118,0.0,331.824,431.823,93.8549,3,"[200.0, 200.0, 200.0, 200.0, 200.0, 200.0, 200.0, 200.0, 200.0, 200.0, 200.0, 200.0, 200.0, 200.0, 200.0, 200.0, 200.0, 200.0, 200.0, 200.0, 200.0, 200.0, 200.0, 200.0, 200.0, 200.0, 200.0, 200.0, 200.0, 200.0, 200.0, 200.0, 200.0, 200.0, 200.0, 200.0]",1,4514.22,84.556,0.423696,0.0658289,0.127,"[14.4833, 15.0846, 16.9426, 20.951, 30.5238, 116.711, 90.2253, 69.0158, 48.9236, 22.6374, 4.75606, 2.65995, 1.85606, 1.43369, 1.00214, 0.719967, 0.593336, 0.535629, 0.520479]",-0.93062,"[68.7273, 73.3454, 69.5196, 73.9262]",0.332441
0.0,0.0338952,0.013,0.0,23.14,0.0,332.34,432.34,93.8548,3,"[200.0, 200.0, 200.0, 200.0, 200.0, 200.0, 200.0, 200.0, 200.0, 200.0, 200.0, 200.0, 200.0, 200.0, 200.0, 200.0, 200.0, 200.0, 200.0, 200.0, 200.0, 200.0, 200.0, 200.0, 200.0, 200.0, 200.0, 200.0, 200.0, 200.0, 200.0, 200.0, 200.0, 200.0, 200.0, 200.0]",1,4471.48,84.3988,1.98605,0.433508,0.127,"[14.4948, 15.1438, 17.0714, 21.2183, 31.4224, 112.687, 85.8966, 65.6876, 45.3765, 15.152, 4.24837, 2.48152, 1.76209, 1.37416, 0.970551, 0.70276, 0.581867, 0.527111, 0.513776]",-0.931536,"[69.812, 71.6089, 69.7625, 72.2275]",0.332477
0.0,0.0365586,0.119,0.0,23.162,0.0,332.855,432.854,93.8547,3,"[200.0, 200.0, 200.0, 200.0, 200.0, 200.0, 200.0, 200.0, 200.0, 200.0, 200.0, 200.0, 200.0, 200.0, 200.0, 200.0, 200.0, 200.0, 200.0, 200.0, 200.0, 200.0, 200.0, 200.0, 200.0, 200.0, 200.0, 200.0, 200.0, 200.0, 200.0, 200.0, 200.0, 200.0, 200.0, 200.0]",1,4413.9,84.0014,2.0604,0.673492,0.126,"[14.5019, 15.1621, 17.1066, 21.2874, 31.7435, 111.051, 84.2602, 64.3249, 44.0215, 13.8931, 4.11144, 2.42355, 1.72749, 1.35003, 0.955732, 0.693261, 0.574614, 0.520958, 0.508139]",-0.932293,"[69.1846, 67.9922, 69.2366, 70.9053]",0.333714
0.0,0.0335723,0.098,0.0,23.184,0.0,333.367,433.366,93.8546,3,"[200.0, 200.0, 200.0, 200.0, 200.0, 200.0, 200.0, 200.0, 200.0, 200.0, 200.0, 200.0, 200.0, 200.0, 200.0, 200.0, 200.0, 200.0, 200.0, 200.0, 200.0, 200.0, 200.0, 200.0, 200.0, 200.0, 200.0, 200.0, 200.0, 200.0, 200.0, 200.0, 200.0, 200.0, 200.0, 200.0]",1,4405.37,83.5732,1.94911,0.861349,0.126,"[14.5063, 15.1544, 17.0817, 21.228, 31.6534, 110.987, 84.1899, 64.2143, 44.0646, 14.9516, 4.16331, 2.42909, 1.72406, 1.34415, 0.949088, 0.68707, 0.568802, 0.515226, 0.502148]",-0.933085,"[69.6055, 68.5125, 70.5155, 69.4052]",0.336958
0.0,0.0284018,0.065,0.0,23.206,0.0,333.877,433.876,93.8546,3,"[200.0, 200.0, 200.0, 200.0, 200.0, 200.0, 200.0, 200.0, 200.0, 200.0, 200.0, 200.0, 200.0, 200.0, 200.0, 200.0, 200.0, 200.0, 200.0, 200.0, 200.0, 200.0, 200.0, 200.0, 200.0, 200.0, 200.0, 200.0, 200.0, 200.0, 200.0, 200.0, 200.0, 200.0, 200.0, 200.0]",1,4423.68,83.3009,1.55125,0.937569,0.127,"[14.5094, 15.1364, 17.0334, 21.1194, 31.4035, 111.526, 84.7391, 64.5805, 44.6272, 17.4826, 4.30177, 2.46332, 1.73503, 1.34702, 0.946753, 0.682994, 0.56425, 0.510306, 0.49667]",-0.933804,"[69.7554, 65.7231, 70.8362, 69.7]",0.340288
0.0,0.0216462,0.023,0.0,23.228,0.0,334.385,434.385,93.8545,3,"[200.0, 200.0, 200.0, 200.0, 200.0, 200.0, 200.0, 200.0, 200.0, 200.0, 200.0, 200.0, 200.0, 200.0, 200.0, 200.0, 200.0, 200.0, 200.0, 200.0, 200.0, 200.0, 200.0, 200.0, 200.0, 200.0, 200.0, 200.0, 200.0, 200.0, 200.0, 200.0, 200.0, 200.0, 200.0, 200.0]",1,4395.29,83.0916,1.26845,0.770371,0.127,"[14.5113, 15.1108, 16.9683, 20.9761, 31.0435, 112.489, 85.7802, 65.2853, 45.547, 21.0932, 4.52758, 2.52477, 1.75973, 1.35844, 0.94892, 0.681397, 0.561386, 0.506677, 0.492251]",-0.934382,"[70.5608, 68.777, 71.1311, 68.5978]",0.343637
0.058,0.0147798,0.0,0.0,23.25,0.0,334.893,434.892,93.8545,3,"[200.0, 200.0, 200.0, 200.0, 200.0, 200.0, 200.0, 200.0, 200.0, 200.0, 200.0, 200.0, 200.0, 200.0, 200.0, 200.0, 200.0, 200.0, 200.0, 200.0, 200.0, 200.0, 200.0, 200.0, 200.0, 200.0, 200.0, 200.0, 200.0, 200.0, 200.0, 200.0, 200.0, 200.0, 200.0, 200.0]",1,4430.34,83.0105,0.964626,0.636748,0.127,"[14.5122, 15.0839, 16.9015, 20.8312, 30.6843, 113.464, 86.9152, 66.0038, 46.4656, 23.3779, 4.80423, 2.60066, 1.79225, 1.37523, 0.954477, 0.682113, 0.560393, 0.504723, 0.489456]",-0.934746,"[70.6387, 68.7701, 71.1203, 69.5789]",0.346541
0.114,0.00771517,0.0,0.0,23.272,0.0,335.4,435.399,93.8545,3,"[200.0, 200.0, 200.0, 200.0, 200.0, 200.0, 200.0, 200.0, 200.0, 200.0, 200.0, 200.0, 200.0, 200.0, 200.0, 200.0, 200.0, 200.0, 200.0, 200.0, 200.0, 200.0, 200.0, 200.0, 200.0, 200.0, 200.0, 200.0, 200.0, 200.0, 200.0, 200.0, 200.0, 200.0, 200.0, 200.0]",1,4440.54,82.9683,0.758058,0.356558,0.127,"[14.5117, 15.0548, 16.8317, 20.6823, 30.3193, 114.473, 88.1811, 66.7555, 47.4063, 25.2519, 5.15281, 2.69634, 1.83535, 1.39921, 0.964513, 0.685836, 0.561801, 0.504897, 0.488701]",-0.934842,"[70.5246, 68.8578, 71.2182, 69.7457]",0.347864
0.169,0.000576788,0.0,0.0,23.294,0.0,335.907,435.906,93.8545,3,"[200.0, 200.0, 200.0, 200.0, 200.0, 200.0, 200.0, 200.0, 200.0, 200.0, 200.0, 200.0, 200.0, 200.0, 200.0, 200.0, 200.0, 200.0, 200.0, 200.0, 200.0, 200.0, 200.0, 200.0, 200.0, 200.0, 200.0, 200.0, 200.0, 200.0, 200.0, 200.0, 200.0, 200.0, 200.0, 200.0]",1,4437.87,82.9647,0.514855,0.108934,0.127,"[14.5099, 15.0241, 16.7602, 20.5319, 29.9573, 115.484, 89.5502, 67.5135, 48.3415, 26.8911, 5.58644, 2.81317, 1.88953, 1.43069, 0.979222, 0.692706, 0.56573, 0.50731, 0.4901]",-0.934653,"[70.5538, 68.8611, 71.1442, 69.6995]",0.348536
0.234,-0.00688639,0.0,0.0,23.316,0.0,336.414,436.413,93.8544,3,"[200.0, 200.0, 200.0, 200.0, 200.0, 200.0, 200.0, 200.0, 200.0, 200.0, 200.0, 200.0, 200.0, 200.0, 200.0, 200.0, 200.0, 200.0, 200.0, 200.0, 200.0, 200.0, 200.0, 200.0, 200.0, 200.0, 200.0, 200.0, 200.0, 200.0, 200.0, 200.0, 200.0, 200.0, 200.0, 200.0]",1,4508.83,82.944,0.380394,-0.15322,0.127,"[14.5061, 14.9901, 16.6838, 20.3743, 29.5808, 116.561, 91.1159, 68.3327, 49.3312, 28.4574, 6.15608, 2.96228, 1.96023, 1.47312, 1.00054, 0.7039, 0.573053, 0.512688, 0.494305]",-0.934094,"[70.5157, 68.7657, 71.4229, 71.5527]",0.347873
0.241,-0.0151171,0.0,0.0,23.338,0.0,336.921,436.92,93.8543,3,"[200.0, 200.0, 200.0, 200.0, 200.0, 200.0, 200.0, 200.0, 200.0, 200.0, 200.0, 200.0, 200.0, 200.0, 200.0, 200.0, 200.0, 200.0, 200.0, 200.0, 200.0, 200.0, 200.0, 200.0, 200.0, 200.0, 200.0, 200.0, 200.0, 200.0, 200.0, 200.0, 200.0, 200.0, 200.0, 200.0]",1,4456.2,82.9902,0.231348,-0.250605,0.127,"[14.5003, 14.9513, 16.5987, 20.2012, 29.1637, 117.815, 92.9196, 69.3051, 50.4728, 30.0973, 6.95432, 3.15806, 2.05299, 1.52944, 1.02971, 0.71993, 0.584032, 0.521169, 0.501371]",-0.933158,"[70.7103, 68.8056, 71.4114, 70.1045]",0.346794
0.332,-0.0228249,0.0,0.0,23.36,0.0,337.428,437.427,93.8542,3,"[200.0, 200.0, 200.0, 200.0, 200.0, 200.0, 200.0, 200.0, 200.0, 200.0, 200.0, 200.0, 200.0, 200.0, 200.0, 200.0, 200.0, 200.0, 200.0, 200.0, 200.0, 200.0, 200.0, 200.0, 200.0, 200.0, 200.0, 200.0, 200.0, 200.0, 200.0, 200.0, 200.0, 200.0, 200.0, 200.0]",1,4555.14,83.0129,0.0227209,-0.598834,0.127,"[14.4924, 14.9124, 16.5167, 20.0379, 28.7874, 118.916, 94.4852, 70.1584, 51.4794, 31.5062, 7.9409, 3.38371, 2.16035, 1.59561, 1.06512, 0.740274, 0.598522, 0.532806, 0.511503]",-0.931817,"[70.5353, 68.8353, 71.9247, 72.4223]",0.345169
0.326,-0.0315255,0.0,0.0,23.382,0.0,337.935,437.935,93.8541,3,"[200.0, 200.0, 200.0, 200.0, 200.0, 200.0, 200.0, 200.0, 200.0, 200.0, 200.0, 200.0, 200.0, 200.0, 200.0, 200.0, 200.0, 200.0, 200.0, 200.0, 200.0, 200.0, 200.0, 200.0, 200.0, 200.0, 200.0, 200.0, 200.0, 200.0, 200.0, 200.0, 200.0, 200.0, 200.0, 200.0]",1,4465.91,83.1151,0.0113728,-0.544746,0.127,"[14.4821, 14.8673, 16.4234, 19.8546, 28.3586, 120.245, 96.31, 71.2397, 52.6881, 33.0818, 9.42556, 3.68451, 2.30068, 1.68183, 1.11147, 0.767192, 0.617906, 0.548548, 0.525379]",-0.929984,"[70.8452, 68.8501, 71.719, 70.0417]",0.344057
0.435,-0.0381327,0.0,0.0,23.404,0.0,338.443,438.443,93.854,3,"[200.0, 200.0, 200.0, 200.0, 200.0, 200.0, 200.0, 200.0, 200.0, 200.0, 200.0, 200.0, 200.0, 200.0, 200.0, 200.0, 200.0, 200.0, 200.0, 200.0, 200.0, 200.0, 200.0, 200.0, 200.0, 200.0, 200.0, 200.0, 200.0, 200.0, 200.0, 200.0, 200.0, 200.0, 200.0, 200.0]",1,4619.27,83.1475,-0.615485,-0.758856,-0.8,"[14.4692, 14.828, 16.3475, 19.7106, 28.0598, 121.037, 97.4331, 71.9189, 53.4242, 34.1012, 11.0217, 3.98093, 2.4405, 1.76932, 1.16008, 0.796483, 0.639603, 0.566613, 0.541712]",-0.927824,"[70.4022, 68.9577, 72.5347, 73.7156]",0.341361
0.439,-0.0375245,0.0,0.0,23.426,0.0,338.952,438.951,93.8538,3,"[200.0, 200.0, 200.0, 200.0, 200.0, 200.0, 200.0, 200.0, 200.0, 200.0, 200.0, 200.0, 200.0, 200.0, 200.0, 200.0, 200.0, 200.0, 200.0, 200.0, 200.0, 200.0, 200.0, 200.0, 200.0, 200.0, 200.0, 200.0, 200.0, 200.0, 200.0, 200.0, 200.0, 200.0, 200.0, 200.0]",1,4496.76,83.2231,-1.24912,-0.491093,-0.8,"[14.4557, 14.8165, 16.3378, 19.7037, 28.1872, 120.046, 96.3228, 70.9912, 52.5838, 33.4129, 11.1526, 4.06007, 2.49338, 1.80906, 1.18702, 0.815381, 0.654958, 0.580329, 0.554916]",-0.926063,"[68.954, 69.2838, 71.4217, 71.1481]",0.34187
0.579,-0.0295943,0.0,0.0,23.448,0.0,339.46,439.459,93.8536,3,"[200.0, 200.0, 200.0, 200.0, 200.0, 200.0, 200.0, 200.0, 200.0, 200.0, 200.0, 200.0, 200.0, 200.0, 200.0, 200.0, 200.0, 200.0, 200.0, 200.0, 200.0, 200.0, 200.0, 200.0, 200.0, 200.0, 200.0, 200.0, 200.0, 200.0, 200.0, 200.0, 200.0, 200.0, 200.0, 200.0]",1,4609.96,83.1697,-1.41305,-0.451622,-0.8,"[14.4423, 14.8341, 16.3963, 19.8383, 28.7805, 117.226, 92.8895, 68.5037, 50.1636, 31.0556, 9.78468, 3.90489, 2.45081, 1.79578, 1.18946, 0.822295, 0.662855, 0.588812, 0.564238]",-0.924801,"[67.2868, 69.464, 73.1372, 72.5789]",0.33793
0.471,-0.0144408,0.0,0.0,23.47,0.0,339.968,439.967,93.8534,3,"[200.0, 200.0, 200.0, 200.0, 200.0, 200.0, 200.0, 200.0, 200.0, 200.0, 200.0, 200.0, 200.0, 200.0, 200.0, 200.0, 200.0, 200.0, 200.0, 200.0, 200.0, 200.0, 200.0, 200.0, 200.0, 200.0, 200.0, 200.0, 200.0, 200.0, 200.0, 200.0, 200.0, 200.0, 200.0, 200.0]",1,4599.03,83.0528,-1.23115,-0.370829,-0.8,"[14.434, 14.8856, 16.5291, 20.1347, 29.9488, 112.493, 86.8461, 64.5721, 46.183, 27.0649, 7.79968, 3.56011, 2.31786, 1.72804, 1.16427, 0.814432, 0.660888, 0.589878, 0.567574]",-0.924331,"[66.4505, 70.4361, 72.8902, 73.1297]",0.338963
0.372,0.00516141,0.0,0.0,23.492,0.0,340.475,440.475,93.8532,3,"[200.0, 200.0, 200.0, 200.0, 200.0, 200.0, 200.0, 200.0, 200.0, 200.0, 200.0, 200.0, 200.0, 200.0, 200.0, 200.0, 200.0, 200.0, 200.0, 200.0, 200.0, 200.0, 200.0, 200.0, 200.0, 200.0, 200.0, 200.0, 200.0, 200.0, 200.0, 200.0, 200.0, 200.0, 200.0, 200.0]",1,4479.09,83.0101,-0.934658,0.0299858,0.126,"[14.4363, 14.9662, 16.7194, 20.5656, 31.7069, 106.381, 79.6317, 59.685, 41.2267, 22.0596, 6.11011, 3.15529, 2.13775, 1.62582, 1.1179, 0.793448, 0.649257, 0.583036, 0.563949]",-0.924808,"[66.9779, 71.9379, 69.1773, 73.1586]",0.334427
0.308,0.0274242,0.0,0.0,23.514,0.0,340.982,440.982,93.8531,3,"[200.0, 200.0, 200.0, 200.0, 200.0, 200.0, 200.0, 200.0, 200.0, 200.0, 200.0, 200.0, 200.0, 200.0, 200.0, 200.0, 200.0, 200.0, 200.0, 200.0, 200.0, 200.0, 200.0, 200.0, 200.0, 200.0, 200.0, 200.0, 200.0, 200.0, 200.0, 200.0, 200.0, 200.0, 200.0, 200.0]",1,4467.56,83.018,0.207555,0.186208,0.125,"[14.452, 15.0726, 16.9563, 21.1172, 34.2121, 99.1629, 72.734, 54.203, 35.6741, 16.4327, 4.836, 2.75904, 1.94044, 1.50528, 1.05705, 0.762057, 0.629318, 0.568985, 0.553637]",-0.92621,"[67.2192, 72.3639, 69.0072, 73.1867]",0.335989
0.052,0.0410954,0.0,0.0,23.536,0.0,341.49,441.489,93.8531,3,"[200.0, 200.0, 200.0, 200.0, 200.0, 200.0, 200.0, 200.0, 200.0, 200.0, 200.0, 200.0, 200.0, 200.0, 200.0, 200.0, 200.0, 200.0, 200.0, 200.0, 200.0, 200.0, 200.0, 200.0, 200.0, 200.0, 200.0, 200.0, 200.0, 200.0, 200.0, 200.0, 200.0, 200.0, 200.0, 200.0]",1,4424.04,82.9593,1.63979,0.4463,0.125,"[14.4699, 15.1472, 17.1146, 21.5102, 36.3592, 94.0748, 68.6631, 50.5081, 31.9878, 12.8892, 4.23688, 2.53486, 1.81827, 1.426, 1.01346, 0.737344, 0.612259, 0.555844, 0.54282]",-0.927685,"[67.9652, 70.7942, 68.6049, 71.4512]",0.334326
0.0,0.0453397,0.072,0.0,23.558,0.0,341.996,441.995,93.8531,3,"[200.0, 200.0, 200.0, 200.0, 200.0, 200.0, 200.0, 200.0, 200.0, 200.0, 200.0, 200.0, 200.0, 200.0, 200.0, 200.0, 200.0, 200.0, 200.0, 200.0, 200.0, 200.0, 200.0, 200.0, 200.0, 200.0, 200.0, 200.0, 200.0, 200.0, 200.0, 200.0, 200.0, 200.0, 200.0, 200.0]",1,4404.96,82.6814,2.18486,0.526683,0.125,"[14.4818, 15.1772, 17.172, 21.6788, 37.5276, 91.7313, 66.8799, 48.7989, 30.3582, 11.6688, 4.03147, 2.44392, 1.76306, 1.38717, 0.989409, 0.721846, 0.600399, 0.545768, 0.533581]",-0.928929,"[66.5605, 68.3969, 69.2554, 70.1142]",0.337572
0.0,0.0439863,0.092,0.0,23.58,0.0,342.5,442.499,93.853,3,"[200.0, 200.0, 200.0, 200.0, 200.0, 200.0, 200.0, 200.0, 200.0, 200.0, 200.0, 200.0, 200.0, 200.0, 200.0, 200.0, 200.0, 200.0, 200.0, 200.0, 200.0, 200.0, 200.0, 200.0, 200.0, 200.0, 200.0, 200.0, 200.0, 200.0, 200.0, 200.0, 200.0, 200.0, 200.0, 200.0]",1,4383.86,82.3058,1.98837,0.610722,0.125,"[14.491, 15.1812, 17.1691, 21.7065, 37.9062, 91.1258, 66.3006, 48.2593, 29.9207, 11.6714, 3.99629, 2.41262, 1.73736, 1.36555, 0.972882, 0.709163, 0.589534, 0.535676, 0.523525]",-0.930264,"[66.2266, 68.5336, 69.8902, 69.0461]",0.3382
0.0,0.0395874,0.054,0.0,23.602,0.0,343.002,443.001,93.8529,3,"[200.0, 200.0, 200.0, 200.0, 200.0, 200.0, 200.0, 200.0, 200.0, 200.0, 200.0, 200.0, 200.0, 200.0, 200.0, 200.0, 200.0, 200.0, 200.0, 200.0, 200.0, 200.0, 200.0, 200.0, 200.0, 200.0, 200.0, 200.0, 200.0, 200.0, 200.0, 200.0, 200.0, 200.0, 200.0, 200.0]",1,4375.13,82.0623,1.70695,0.500601,0.125,"[14.4981, 15.1705, 17.1327, 21.6556, 37.794, 91.4802, 66.364, 48.3514, 30.1157, 12.2275, 4.05703, 2.41553, 1.72909, 1.35448, 0.961393, 0.698768, 0.579879, 0.52621, 0.513674]",-0.931564,"[67.6937, 66.1665, 70.0873, 68.7924]",0.340685
0.0,0.033882,0.018,0.0,23.624,0.0,343.503,443.502,93.8528,3,"[200.0, 200.0, 200.0, 200.0, 200.0, 200.0, 200.0, 200.0, 200.0, 200.0, 200.0, 200.0, 200.0, 200.0, 200.0, 200.0, 200.0, 200.0, 200.0, 200.0, 200.0, 200.0, 200.0, 200.0, 200.0, 200.0, 200.0, 200.0, 200.0, 200.0, 200.0, 200.0, 200.0, 200.0, 200.0, 200.0]",1,4354.19,81.8643,1.37831,0.471438,0.126,"[14.5044, 15.1537, 17.0825, 21.5728, 37.4765, 92.2309, 66.7189, 48.7074, 30.5669, 12.9539, 4.1699, 2.43557, 1.72943, 1.34868, 0.952542, 0.689714, 0.571062, 0.517321, 0.504232]",-0.932808,"[69.4845, 68.6592, 69.9069, 68.3975]",0.341623
0.055,0.0269937,0.0,0.0,23.646,0.0,344.003,444.002,93.8528,3,"[200.0, 200.0, 200.0, 200.0, 200.0, 200.0, 200.0, 200.0, 200.0, 200.0, 200.0, 200.0, 200.0, 200.0, 200.0, 200.0, 200.0, 200.0, 200.0, 200.0, 200.0, 200.0, 200.0, 200.0, 200.0, 200.0, 200.0, 200.0, 200.0, 200.0, 200.0, 200.0, 200.0, 200.0, 200.0, 200.0]",1,4362.7,81.8057,1.09991,0.289761,0.126,"[14.5091, 15.1304, 17.0192, 21.4602, 36.9852, 93.3262, 67.3627, 49.3032, 31.2507, 13.8425, 4.35212, 2.47892, 1.74228, 1.35107, 0.948395, 0.683523, 0.564365, 0.510193, 0.496374]",-0.933841,"[69.6399, 68.0332, 69.9677, 68.5562]",0.343004
0.115,0.0198983,0.0,0.0,23.668,0.0,344.502,444.502,93.8528,3,"[200.0, 200.0, 200.0, 200.0, 200.0, 200.0, 200.0, 200.0, 200.0, 200.0, 200.0, 200.0, 200.0, 200.0, 200.0, 200.0, 200.0, 200.0, 200.0, 200.0, 200.0, 200.0, 200.0, 200.0, 200.0, 200.0, 200.0, 200.0, 200.0, 200.0, 200.0, 200.0, 200.0, 200.0, 200.0, 200.0]",1,4371.42,81.772,0.88904,0.262435,0.126,"[14.5123, 15.1048, 16.9541, 21.3434, 36.4839, 94.4589, 68.096, 49.937, 31.9664, 14.7236, 4.58653, 2.53909, 1.76474, 1.36025, 0.948642, 0.680374, 0.560142, 0.505286, 0.490671]",-0.93459,"[69.5458, 67.9137, 70.1762, 68.5938]",0.344961
0.171,0.0126858,0.0,0.0,23.69,0.0,345.002,445.001,93.8528,3,"[200.0, 200.0, 200.0, 200.0, 200.0, 200.0, 200.0, 200.0, 200.0, 200.0, 200.0, 200.0, 200.0, 200.0, 200.0, 200.0, 200.0, 200.0, 200.0, 200.0, 200.0, 200.0, 200.0, 200.0, 200.0, 200.0, 200.0, 200.0, 200.0, 200.0, 200.0, 200.0, 200.0, 200.0, 200.0, 200.0]",1,4378.9,81.7637,0.687814,0.0553325,0.126,"[14.5143, 15.0775, 16.8886, 21.2254, 35.988, 95.6007, 68.9052, 50.5895, 32.6948, 15.5868, 4.87952, 2.616, 1.79636, 1.37578, 0.952953, 0.680019, 0.558188, 0.502416, 0.486946]",-0.935079,"[69.5283, 67.8511, 70.4472, 68.5761]",0.344795
0.222,0.00510822,0.0,0.0,23.712,0.0,345.502,445.501,93.8527,3,"[200.0, 200.0, 200.0, 200.0, 200.0, 200.0, 200.0, 200.0, 200.0, 200.0, 200.0, 200.0, 200.0, 200.0, 200.0, 200.0, 200.0, 200.0, 200.0, 200.0, 200.0, 200.0, 200.0, 200.0, 200.0, 200.0, 200.0, 200.0, 200.0, 200.0, 200.0, 200.0, 200.0, 200.0, 200.0, 200.0]",1,4403.88,81.7679,0.548574,-0.026749,0.126,"[14.5138, 15.0464, 16.8189, 21.0979, 35.4608, 96.8252, 69.8637, 51.3154, 33.4927, 16.4959, 5.27293, 2.7222, 1.84415, 1.40245, 0.964267, 0.684377, 0.559994, 0.502869, 0.486399]",-0.935148,"[69.636, 67.8304, 70.7414, 68.9565]",0.345747
0.257,-0.00274451,0.0,0.0,23.734,0.0,346.002,446.001,93.8526,3,"[200.0, 200.0, 200.0, 200.0, 200.0, 200.0, 200.0, 200.0, 200.0, 200.0, 200.0, 200.0, 200.0, 200.0, 200.0, 200.0, 200.0, 200.0, 200.0, 200.0, 200.0, 200.0, 200.0, 200.0, 200.0, 200.0, 200.0, 200.0, 200.0, 200.0, 200.0, 200.0, 200.0, 200.0, 200.0, 200.0]",1,4405.06,81.7968,0.342659,-0.266968,0.126,"[14.5119, 15.0127, 16.7469, 20.9651, 34.9217, 98.1013, 70.9623, 52.0924, 34.3368, 17.4282, 5.78275, 2.85582, 1.90574, 1.43822, 0.981043, 0.692304, 0.564608, 0.505783, 0.48819]",-0.934908,"[69.5614, 67.7311, 71.0441, 69.3732]",0.345716
0.313,-0.0109372,0.0,0.0,23.756,0.0,346.502,446.501,93.8525,3,"[200.0, 200.0, 200.0, 200.0, 200.0, 200.0, 200.0, 200.0, 200.0, 200.0, 200.0, 200.0, 200.0, 200.0, 200.0, 200.0, 200.0, 200.0, 200.0, 200.0, 200.0, 200.0, 200.0, 200.0, 200.0, 200.0, 200.0, 200.0, 200.0, 200.0, 200.0, 200.0, 200.0, 200.0, 200.0, 200.0]",1,4433.56,81.8463,0.266791,-0.311139,0.126,"[14.5072, 14.9751, 16.6705, 20.8235, 34.3614, 99.4478, 72.2403, 52.938, 35.2472, 18.4115, 6.46988, 3.03092, 1.98855, 1.4881, 1.0064, 0.705869, 0.573659, 0.512583, 0.493666]",-0.934182,"[69.7314, 67.833, 71.1932, 69.3391]",0.345306
0.34,-0.0187994,0.0,0.0,23.778,0.0,347.002,447.001,93.8525,3,"[200.0, 200.0, 200.0, 200.0, 200.0, 200.0, 200.0, 200.0, 200.0, 200.0, 200.0, 200.0, 200.0, 200.0, 200.0, 200.0, 200.0, 200.0, 200.0, 200.0, 200.0, 200.0, 200.0, 200.0, 200.0, 200.0, 200.0, 200.0, 200.0, 200.0, 200.0, 200.0, 200.0, 200.0, 200.0, 200.0]",1,4441.21,81.9137,0.181989,-0.403663,0.126,"[14.5005, 14.9367, 16.5972, 20.6907, 33.8628, 100.676, 73.5199, 53.7131, 36.0851, 19.3216, 7.19244, 3.2372, 2.08676, 1.5483, 1.0382, 0.723819, 0.586248, 0.522542, 0.502194]",-0.933053,"[69.7079, 67.9206, 71.3266, 69.5352]",0.344681
0.377,-0.0278292,0.0,0.0,23.8,0.0,347.503,447.502,93.8523,3,"[200.0, 200.0, 200.0, 200.0, 200.0, 200.0, 200.0, 200.0, 200.0, 200.0, 200.0, 200.0, 200.0, 200.0, 200.0, 200.0, 200.0, 200.0, 200.0, 200.0, 200.0, 200.0, 200.0, 200.0, 200.0, 200.0, 200.0, 200.0, 200.0, 200.0, 200.0, 200.0, 200.0, 200.0, 200.0, 200.0]",1,4492.13,81.9668,-0.0500599,-0.634135,0.126,"[14.4914, 14.8916, 16.5117, 20.5299, 33.2534, 102.198, 75.2679, 54.7232, 37.1537, 20.4319, 8.03492, 3.51742, 2.21777, 1.62846, 1.08085, 0.748256, 0.603643, 0.536516, 0.514369]",-0.931444,"[69.8834, 67.7792, 72.3712, 70.9007]",0.34431
0.41,-0.0359723,0.0,0.0,23.822,0.0,348.004,448.003,93.8521,3,"[200.0, 200.0, 200.0, 200.0, 200.0, 200.0, 200.0, 200.0, 200.0, 200.0, 200.0, 200.0, 200.0, 200.0, 200.0, 200.0, 200.0, 200.0, 200.0, 200.0, 200.0, 200.0, 200.0, 200.0, 200.0, 200.0, 200.0, 200.0, 200.0, 200.0, 200.0, 200.0, 200.0, 200.0, 200.0, 200.0]",1,4467.4,82.095,-0.0135681,-0.60846,0.126,"[14.4796, 14.8472, 16.4342, 20.3905, 32.7627, 103.454, 76.874, 55.551, 38.0409, 21.3763, 8.81076, 3.83571, 2.36601, 1.72004, 1.13073, 0.777694, 0.625121, 0.554167, 0.530122]",-0.929363,"[69.8368, 68.0649, 71.8149, 69.7657]",0.342478
0.45,-0.0450049,0.0,0.0,23.844,0.0,348.505,448.505,93.852,3,"[200.0, 200.0, 200.0, 200.0, 200.0, 200.0, 200.0, 200.0, 200.0, 200.0, 200.0, 200.0, 200.0, 200.0, 200.0, 200.0, 200.0, 200.0, 200.0, 200.0, 200.0, 200.0, 200.0, 200.0, 200.0, 200.0, 200.0, 200.0, 200.0, 200.0, 200.0, 200.0, 200.0, 200.0, 200.0, 200.0]",1,4504.0,82.1936,-0.190642,-0.809678,0.126,"[14.4653, 14.797, 16.3472, 20.2303, 32.1992, 104.921, 78.9365, 56.5571, 39.1033, 22.4758, 9.69278, 4.25312, 2.554, 1.83491, 1.1929, 0.814384, 0.651948, 0.576276, 0.549923]",-0.926751,"[70.0839, 67.9297, 73.3589, 70.0263]",0.343506
0.481,-0.0531035,0.0,0.0,23.866,0.0,349.008,449.007,93.8518,3,"[200.0, 200.0, 200.0, 200.0, 200.0, 200.0, 200.0, 200.0, 200.0, 200.0, 200.0, 200.0, 200.0, 200.0, 200.0, 200.0, 200.0, 200.0, 200.0, 200.0, 200.0, 200.0, 200.0, 200.0, 200.0, 200.0, 200.0, 200.0, 200.0, 200.0, 200.0, 200.0, 200.0, 200.0, 200.0, 200.0]",1,4503.39,82.3388,-0.0784982,-0.70926,0.126,"[14.4472, 14.7468, 16.2674, 20.0907, 31.7441, 106.121, 80.7204, 57.3741, 39.979, 23.4063, 10.4958, 4.696, 2.7663, 1.96507, 1.26428, 0.857243, 0.683714, 0.602774, 0.573943]",-0.923582,"[70.0703, 68.2518, 72.6014, 70.0701]",0.340999
0.496,-0.0616555,0.0,0.0,23.888,0.0,349.511,449.51,93.8516,3,"[200.0, 200.0, 200.0, 200.0, 200.0, 200.0, 200.0, 200.0, 200.0, 200.0, 200.0, 200.0, 200.0, 200.0, 200.0, 200.0, 200.0, 200.0, 200.0, 200.0, 200.0, 200.0, 200.0, 200.0, 200.0, 200.0, 200.0, 200.0, 200.0, 200.0, 200.0, 200.0, 200.0, 200.0, 200.0, 200.0]",1,4518.62,82.4757,-0.212011,-0.89256,0.125,"[14.4265, 14.6924, 16.1824, 19.9404, 31.2601, 107.417, 82.5806, 58.2806, 40.9424, 24.414, 11.3591, 5.17813, 3.02248, 2.1198, 1.34825, 0.907439, 0.720875, 0.633766, 0.602045]",-0.91988,"[70.2681, 68.1941, 73.7642, 69.9386]",0.344528
0.53,-0.0672699,0.0,0.0,23.91,0.0,350.014,450.014,93.8515,3,"[200.0, 200.0, 200.0, 200.0, 200.0, 200.0, 200.0, 200.0, 200.0, 200.0, 200.0, 200.0, 200.0, 200.0, 200.0, 200.0, 200.0, 200.0, 200.0, 200.0, 200.0, 200.0, 200.0, 200.0, 200.0, 200.0, 200.0, 200.0, 200.0, 200.0, 200.0, 200.0, 200.0, 200.0, 200.0, 200.0]",1,4551.86,82.6281,-0.568765,-0.847718,-0.8,"[14.4013, 14.6451, 16.1238, 19.8555, 31.0503, 107.952, 83.4125, 58.6005, 41.3211, 24.888, 11.8866, 5.54989, 3.25949, 2.27008, 1.43256, 0.959408, 0.760145, 0.66706, 0.632699]",-0.915831,"[69.8738, 68.7537, 73.3156, 70.8635]",0.340669
0.57,-0.0674506,0.0,0.0,23.932,0.0,350.519,450.518,93.8512,3,"[200.0, 200.0, 200.0, 200.0, 200.0, 200.0, 200.0, 200.0, 200.0, 200.0, 200.0, 200.0, 200.0, 200.0, 200.0, 200.0, 200.0, 200.0, 200.0, 200.0, 200.0, 200.0, 200.0, 200.0, 200.0, 200.0, 200.0, 200.0, 200.0, 200.0, 200.0, 200.0, 200.0, 200.0, 200.0, 200.0]",1,4489.24,82.7812,-1.02519,-0.898833,-0.8,"[14.372, 14.6167, 16.1177, 19.8944, 31.3374, 107.109, 82.4518, 57.8207, 40.6214, 24.381, 11.7685, 5.66523, 3.38979, 2.37718, 1.49985, 1.00431, 0.79565, 0.698176, 0.662179]",-0.91191,"[68.7794, 68.6518, 71.244, 71.1052]",0.345378
0.635,-0.0607461,0.0,0.0,23.954,0.0,351.024,451.024,93.851,3,"[200.0, 200.0, 200.0, 200.0, 200.0, 200.0, 200.0, 200.0, 200.0, 200.0, 200.0, 200.0, 200.0, 200.0, 200.0, 200.0, 200.0, 200.0, 200.0, 200.0, 200.0, 200.0, 200.0, 200.0, 200.0, 200.0, 200.0, 200.0, 200.0, 200.0, 200.0, 200.0, 200.0, 200.0, 200.0, 200.0]",1,4513.14,82.8366,-1.18507,-0.80993,-0.8,"[14.3401, 14.6163, 16.1825, 20.0993, 32.3326, 104.498, 79.1426, 55.6653, 38.5741, 22.6883, 10.9162, 5.46873, 3.37543, 2.40745, 1.53717, 1.03541, 0.822887, 0.723666, 0.687616]",-0.908487,"[67.3471, 68.7654, 70.5982, 72.2436]",0.339157
0.599,-0.0493605,0.0,0.0,23.976,0.0,351.53,451.529,93.8507,3,"[200.0, 200.0, 200.0, 200.0, 200.0, 200.0, 200.0, 200.0, 200.0, 200.0, 200.0, 200.0, 200.0, 200.0, 200.0, 200.0, 200.0, 200.0, 200.0, 200.0, 200.0, 200.0, 200.0, 200.0, 200.0, 200.0, 200.0, 200.0, 200.0, 200.0, 200.0, 200.0, 200.0, 200.0, 200.0, 200.0]",1,4490.3,82.8911,-1.07198,-0.793206,0.123,"[14.3093, 14.6407, 16.3037, 20.4365, 34.0311, 100.605, 74.0089, 52.5778, 35.6425, 20.2982, 9.72319, 5.10788, 3.26867, 2.37951, 1.55022, 1.05474, 0.842685, 0.743828, 0.708972]",-0.905585,"[67.3548, 70.8683, 70.0174, 72.2692]",0.34351
0.544,-0.034849,0.0,0.0,23.998,0.0,352.037,452.036,93.8505,3,"[200.0, 200.0, 200.0, 200.0, 200.0, 200.0, 200.0, 200.0, 200.0, 200.0, 200.0, 200.0, 200.0, 200.0, 200.0, 200.0, 200.0, 200.0, 200.0, 200.0, 200.0, 200.0, 200.0, 200.0, 200.0, 200.0, 200.0, 200.0, 200.0, 200.0, 200.0, 200.0, 200.0, 200.0, 200.0, 200.0]",1,4505.16,83.0241,-0.408869,-0.601761,0.123,"[14.2837, 14.6892, 16.4739, 20.8894, 36.6381, 95.7303, 68.29, 48.8702, 32.1616, 17.5885, 8.4601, 4.6816, 3.10717, 2.31055, 1.53935, 1.06285, 0.854823, 0.758069, 0.725398]",-0.903339,"[68.0011, 71.3489, 69.9036, 72.9429]",0.33588
0.401,-0.0260685,0.0,0.0,24.02,0.0,352.544,452.543,93.8503,3,"[200.0, 200.0, 200.0, 200.0, 200.0, 200.0, 200.0, 200.0, 200.0, 200.0, 200.0, 200.0, 200.0, 200.0, 200.0, 200.0, 200.0, 200.0, 200.0, 200.0, 200.0, 200.0, 200.0, 200.0, 200.0, 200.0, 200.0, 200.0, 200.0, 200.0, 200.0, 200.0, 200.0, 200.0, 200.0, 200.0]",1,4457.6,83.1376,0.917353,-0.452054,0.122,"[14.262, 14.7223, 16.5948, 21.2218, 39.026, 92.2895, 64.7712, 46.3027, 29.8109, 15.9011, 7.76448, 4.45587, 3.02687, 2.28182, 1.54272, 1.0765, 0.870742, 0.774737, 0.743125]",-0.90095,"[68.8251, 70.4665, 69.8104, 71.5455]",0.341908
0.24,-0.0211527,0.0,0.0,24.042,0.0,353.03,453.029,93.8502,3,"[200.0, 200.0, 200.0, 200.0, 200.0, 200.0, 200.0, 200.0, 200.0, 200.0, 200.0, 200.0, 200.0, 200.0, 200.0, 200.0, 200.0, 200.0, 200.0, 200.0, 200.0, 200.0, 200.0, 200.0, 200.0, 200.0, 200.0, 200.0, 200.0, 200.0, 200.0, 200.0, 200.0, 200.0, 200.0, 200.0]",1,4453.51,83.1463,1.37583,-0.359298,0.122,"[14.2413, 14.7287, 16.6423, 21.3704, 40.3872, 90.8051, 63.3121, 45.1272, 28.7756, 15.2357, 7.54487, 4.41131, 3.02987, 2.29876, 1.56496, 1.09752, 0.890266, 0.793724, 0.762566]",-0.898348,"[69.6939, 69.7671, 70.711, 70.588]",0.341702
0.178,-0.019641,0.0,0.0,24.064,0.0,353.506,453.505,93.8502,3,"[200.0, 200.0, 200.0, 200.0, 200.0, 200.0, 200.0, 200.0, 200.0, 200.0, 200.0, 200.0, 200.0, 200.0, 200.0, 200.0, 200.0, 200.0, 200.0, 200.0, 200.0, 200.0, 200.0, 200.0, 200.0, 200.0, 200.0, 200.0, 200.0, 200.0, 200.0, 200.0, 200.0, 200.0, 200.0, 200.0]",1,4449.01,83.1344,1.39513,-0.232224,0.121,"[14.2219, 14.7154, 16.6365, 21.3822, 40.657, 90.7319, 63.1606, 44.9107, 28.6222, 15.2017, 7.59996, 4.47482, 3.08422, 2.3444, 1.59908, 1.12289, 0.911484, 0.813049, 0.781456]",-0.895826,"[70.3048, 69.3995, 71.0388, 70.1651]",0.335387
0.173,-0.0200447,0.0,0.0,24.086,0.0,353.982,453.981,93.8502,3,"[200.0, 200.0, 200.0, 200.0, 200.0, 200.0, 200.0, 200.0, 200.0, 200.0, 200.0, 200.0, 200.0, 200.0, 200.0, 200.0, 200.0, 200.0, 200.0, 200.0, 200.0, 200.0, 200.0, 200.0, 200.0, 200.0, 200.0, 200.0, 200.0, 200.0, 200.0, 200.0, 200.0, 200.0, 200.0, 200.0]",1,4447.86,83.1337,1.20327,-0.294732,0.121,"[14.2042, 14.6952, 16.6106, 21.3415, 40.4505, 91.2011, 63.5285, 45.0603, 28.7998, 15.3955, 7.75048, 4.57526, 3.15549, 2.39893, 1.63626, 1.14886, 0.932465, 0.831673, 0.799271]",-0.893452,"[70.4755, 69.2176, 71.1901, 69.992]",0.34163
0.187,-0.0217176,0.0,0.0,24.108,0.0,354.458,454.457,93.8502,3,"[200.0, 200.0, 200.0, 200.0, 200.0, 200.0, 200.0, 200.0, 200.0, 200.0, 200.0, 200.0, 200.0, 200.0, 200.0, 200.0, 200.0, 200.0, 200.0, 200.0, 200.0, 200.0, 200.0, 200.0, 200.0, 200.0, 200.0, 200.0, 200.0, 200.0, 200.0, 200.0, 200.0, 200.0, 200.0, 200.0]",1,4451.56,83.1316,1.05296,-0.189559,0.12,"[14.1874, 14.6701, 16.5713, 21.2658, 39.9441, 92.0195, 64.2815, 45.4526, 29.1972, 15.7424, 7.96899, 4.70329, 3.24001, 2.46084, 1.67635, 1.17577, 0.953667, 0.850174, 0.816689]",-0.891134,"[70.6276, 69.1071, 71.3966, 69.8924]",0.335387
0.201,-0.0235055,0.0,0.0,24.13,0.0,354.933,454.933,93.8501,3,"[200.0, 200.0, 200.0, 200.0, 200.0, 200.0, 200.0, 200.0, 200.0, 200.0, 200.0, 200.0, 200.0, 200.0, 200.0, 200.0, 200.0, 200.0, 200.0, 200.0, 200.0, 200.0, 200.0, 200.0, 200.0, 200.0, 200.0, 200.0, 200.0, 200.0, 200.0, 200.0, 200.0, 200.0, 200.0, 200.0]",1,4457.19,83.1391,0.90278,-0.141636,0.12,"[14.1709, 14.6448, 16.531, 21.1877, 39.4386, 92.8561, 65.1247, 45.8652, 29.6124, 16.1022, 8.1946, 4.83447, 3.32594, 2.52336, 1.71658, 1.2026, 0.974747, 0.8685, 0.833893]",-0.888845,"[70.6193, 69.125, 71.4759, 69.9919]",0.342039
0.211,-0.0261444,0.0,0.0,24.152,0.0,355.41,455.409,93.85,3,"[200.0, 200.0, 200.0, 200.0, 200.0, 200.0, 200.0, 200.0, 200.0, 200.0, 200.0, 200.0, 200.0, 200.0, 200.0, 200.0, 200.0, 200.0, 200.0, 200.0, 200.0, 200.0, 200.0, 200.0, 200.0, 200.0, 200.0, 200.0, 200.0, 200.0, 200.0, 200.0, 200.0, 200.0, 200.0, 200.0]",1,4451.85,83.1538,0.842704,-0.0642897,0.12,"[14.1541, 14.6155, 16.481, 21.0857, 38.7763, 93.9134, 66.3014, 46.4431, 30.1799, 16.5757, 8.4778, 4.99177, 3.42563, 2.59431, 1.76092, 1.23148, 0.997078, 0.88768, 0.85173]",-0.886476,"[70.7701, 69.0029, 71.4921, 69.8573]",0.337385
0.22,-0.0285631,0.0,0.0,24.174,0.0,355.886,455.885,93.85,3,"[200.0, 200.0, 200.0, 200.0, 200.0, 200.0, 200.0, 200.0, 200.0, 200.0, 200.0, 200.0, 200.0, 200.0, 200.0, 200.0, 200.0, 200.0, 200.0, 200.0, 200.0, 200.0, 200.0, 200.0, 200.0, 200.0, 200.0, 200.0, 200.0, 200.0, 200.0, 200.0, 200.0, 200.0, 200.0, 200.0]",1,4458.19,83.1749,0.751743,-0.106049,0.12,"[14.1366, 14.5864, 16.4327, 20.9894, 38.1958, 94.8952, 67.509, 46.9805, 30.7126, 17.0301, 8.75866, 5.15068, 3.52724, 2.66703, 1.80666, 1.26142, 1.02032, 0.907715, 0.870384]",-0.883996,"[70.7015, 69.065, 71.4885, 70.0249]",0.343644
0.222,-0.0314681,0.0,0.0,24.196,0.0,356.362,456.362,93.8499,3,"[200.0, 200.0, 200.0, 200.0, 200.0, 200.0, 200.0, 200.0, 200.0, 200.0, 200.0, 200.0, 200.0, 200.0, 200.0, 200.0, 200.0, 200.0, 200.0, 200.0, 200.0, 200.0, 200.0, 200.0, 200.0, 200.0, 200.0, 200.0, 200.0, 200.0, 200.0, 200.0, 200.0, 200.0, 200.0, 200.0]",1,4466.45,83.1863,0.69321,-0.152217,0.119,"[14.1185, 14.5545, 16.3784, 20.8795, 37.554, 95.9923, 68.9945, 47.6137, 31.3353, 17.5568, 9.08139, 5.3304, 3.64037, 2.74703, 1.85626, 1.2935, 1.04503, 0.928864, 0.889977]",-0.881394,"[70.8397, 68.9668, 71.6044, 70.3911]",0.340652
0.219,-0.0343466,0.0,0.0,24.218,0.0,356.839,456.838,93.8498,3,"[200.0, 200.0, 200.0, 200.0, 200.0, 200.0, 200.0, 200.0, 200.0, 200.0, 200.0, 200.0, 200.0, 200.0, 200.0, 200.0, 200.0, 200.0, 200.0, 200.0, 200.0, 200.0, 200.0, 200.0, 200.0, 200.0, 200.0, 200.0, 200.0, 200.0, 200.0, 200.0, 200.0, 200.0, 200.0, 200.0]",1,4460.11,83.2145,0.623298,-0.206982,0.119,"[14.0995, 14.5219, 16.3236, 20.77, 36.9508, 97.0663, 70.6124, 48.2444, 31.9583, 18.0908, 9.41606, 5.51872, 3.75922, 2.83115, 1.90843, 1.32723, 1.07102, 0.951141, 0.910629]",-0.878654,"[70.7836, 69.0451, 71.5958, 69.9866]",0.344851
0.226,-0.0374376,0.0,0.0,24.24,0.0,357.316,457.315,93.8497,3,"[200.0, 200.0, 200.0, 200.0, 200.0, 200.0, 200.0, 200.0, 200.0, 200.0, 200.0, 200.0, 200.0, 200.0, 200.0, 200.0, 200.0, 200.0, 200.0, 200.0, 200.0, 200.0, 200.0, 200.0, 200.0, 200.0, 200.0, 200.0, 200.0, 200.0, 200.0, 200.0, 200.0, 200.0, 200.0, 200.0]",1,4504.2,83.2124,0.556882,-0.303361,0.119,"[14.0796, 14.4875, 16.2656, 20.6542, 36.3422, 98.1805, 72.3457, 48.9186, 32.6243, 18.6645, 9.77994, 5.72336, 3.88774, 2.92172, 1.96427, 1.36318, 1.09863, 0.974739, 0.932449]",-0.87576,"[70.8731, 68.9788, 71.6606, 71.2316]",0.343348
0.207,-0.0407495,0.0,0.0,24.262,0.0,357.793,457.792,93.8496,3,"[200.0, 200.0, 200.0, 200.0, 200.0, 200.0, 200.0, 200.0, 200.0, 200.0, 200.0, 200.0, 200.0, 200.0, 200.0, 200.0, 200.0, 200.0, 200.0, 200.0, 200.0, 200.0, 200.0, 200.0, 200.0, 200.0, 200.0, 200.0, 200.0, 200.0, 200.0, 200.0, 200.0, 200.0, 200.0, 200.0]",1,4459.46,83.2513,0.504291,-0.330098,0.118,"[14.0587, 14.4512, 16.2043, 20.5322, 35.7292, 99.3358, 74.0747, 49.638, 33.3349, 19.2801, 10.1751, 5.94593, 4.02687, 3.01929, 2.02405, 1.40146, 1.12793, 0.999725, 0.955513]",-0.872703,"[70.8652, 69.0151, 71.7194, 69.8536]",0.345306
0.244,-0.0439138,0.0,0.0,24.284,0.0,358.27,458.269,93.8495,3,"[200.0, 200.0, 200.0, 200.0, 200.0, 200.0, 200.0, 200.0, 200.0, 200.0, 200.0, 200.0, 200.0, 200.0, 200.0, 200.0, 200.0, 200.0, 200.0, 200.0, 200.0, 200.0, 200.0, 200.0, 200.0, 200.0, 200.0, 200.0, 200.0, 200.0, 200.0, 200.0, 200.0, 200.0, 200.0, 200.0]",1,4515.38,83.2502,0.473192,-0.39373,0.118,"[14.0365, 14.4142, 16.1434, 20.4133, 35.1655, 100.438, 75.6821, 50.3419, 34.0251, 19.8882, 10.5772, 6.17653, 4.17208, 3.12152, 2.08693, 1.44184, 1.15892, 1.0262, 0.979988]",-0.869459,"[70.934, 69.024, 71.7312, 71.4949]",0.345152
0.217,-0.047501,0.0,0.0,24.306,0.0,358.747,458.746,93.8494,3,"[200.0, 200.0, 200.0, 200.0, 200.0, 200.0, 200.0, 200.0, 200.0, 200.0, 200.0, 200.0, 200.0, 200.0, 200.0, 200.0, 200.0, 200.0, 200.0, 200.0, 200.0, 200.0, 200.0, 200.0, 200.0, 200.0, 200.0, 200.0, 200.0, 200.0, 200.0, 200.0, 200.0, 200.0, 200.0, 200.0]",1,4463.33,83.2951,0.43755,-0.392664,0.118,"[14.0134, 14.3745, 16.077, 20.2831, 34.5676, 101.631, 77.3672, 51.1922, 34.7969, 20.5681, 11.0291, 6.43452, 4.33287, 3.23378, 2.15524, 1.48531, 1.19208, 1.05439, 1.00596]",-0.866022,"[70.9551, 69.0436, 71.869, 69.8248]",0.345777
0.259,-0.0510381,0.0,0.0,24.328,0.0,359.224,459.224,93.8494,3,"[200.0, 200.0, 200.0, 200.0, 200.0, 200.0, 200.0, 200.0, 200.0, 200.0, 200.0, 200.0, 200.0, 200.0, 200.0, 200.0, 200.0, 200.0, 200.0, 200.0, 200.0, 200.0, 200.0, 200.0, 200.0, 200.0, 200.0, 200.0, 200.0, 200.0, 200.0, 200.0, 200.0, 200.0, 200.0, 200.0]",1,4523.42,83.2967,0.452872,-0.304169,0.117,"[13.9884, 14.3333, 16.0095, 20.1528, 34.0007, 102.797, 78.9795, 52.1122, 35.5674, 21.2564, 11.4994, 6.7075, 4.50403, 3.35352, 2.22821, 1.53183, 1.22761, 1.08464, 1.03385]",-0.862331,"[70.9975, 69.0287, 71.7945, 71.679]",0.347196
0.229,-0.054841,0.0,0.0,24.35,0.0,359.702,459.701,93.8493,3,"[200.0, 200.0, 200.0, 200.0, 200.0, 200.0, 200.0, 200.0, 200.0, 200.0, 200.0, 200.0, 200.0, 200.0, 200.0, 200.0, 200.0, 200.0, 200.0, 200.0, 200.0, 200.0, 200.0, 200.0, 200.0, 200.0, 200.0, 200.0, 200.0, 200.0, 200.0, 200.0, 200.0, 200.0, 200.0, 200.0]",1,4474.23,83.3482,0.333943,-0.4519,0.117,"[13.9626, 14.29, 15.9384, 20.0157, 33.4248, 104.013, 80.6215, 53.1807, 36.3907, 21.9945, 12.0097, 7.00467, 4.68936, 3.48254, 2.30624, 1.58126, 1.2652, 1.11655, 1.06319]",-0.858453,"[71.0298, 69.0541, 72.2064, 69.8374]",0.345443
0.281,-0.0580475,0.0,0.0,24.372,0.0,360.18,460.179,93.8492,3,"[200.0, 200.0, 200.0, 200.0, 200.0, 200.0, 200.0, 200.0, 200.0, 200.0, 200.0, 200.0, 200.0, 200.0, 200.0, 200.0, 200.0, 200.0, 200.0, 200.0, 200.0, 200.0, 200.0, 200.0, 200.0, 200.0, 200.0, 200.0, 200.0, 200.0, 200.0, 200.0, 200.0, 200.0, 200.0, 200.0]",1,4512.52,83.3717,0.426078,-0.316621,0.116,"[13.9345, 14.2472, 15.8714, 19.8918, 32.9397, 105.069, 82.0397, 54.2076, 37.113, 22.6596, 12.4912, 7.29608, 4.87497, 3.61329, 2.3865, 1.63271, 1.30463, 1.15022, 1.09431]",-0.854335,"[71.0033, 69.1362, 71.8007, 71.2947]",0.345694
0.255,-0.059291,0.0,0.0,24.394,0.0,360.658,460.657,93.8491,3,"[200.0, 200.0, 200.0, 200.0, 200.0, 200.0, 200.0, 200.0, 200.0, 200.0, 200.0, 200.0, 200.0, 200.0, 200.0, 200.0, 200.0, 200.0, 200.0, 200.0, 200.0, 200.0, 200.0, 200.0, 200.0, 200.0, 200.0, 200.0, 200.0, 200.0, 200.0, 200.0, 200.0, 200.0, 200.0, 200.0]",1,4455.52,83.433,-0.127908,-0.432205,-0.8,"[13.9048, 14.2113, 15.8238, 19.8153, 32.6928, 105.642, 82.8481, 54.8174, 37.479, 23.0358, 12.807, 7.51287, 5.02433, 3.72375, 2.45818, 1.68067, 1.34238, 1.18307, 1.12521]",-0.850233,"[70.6534, 69.3035, 70.7547, 70.6995]",0.342309
0.359,-0.0530605,0.0,0.0,24.416,0.0,361.136,461.136,93.849,3,"[200.0, 200.0, 200.0, 200.0, 200.0, 200.0, 200.0, 200.0, 200.0, 200.0, 200.0, 200.0, 200.0, 200.0, 200.0, 200.0, 200.0, 200.0, 200.0, 200.0, 200.0, 200.0, 200.0, 200.0, 200.0, 200.0, 200.0, 200.0, 200.0, 200.0, 200.0, 200.0, 200.0, 200.0, 200.0, 200.0]",1,4523.33,83.3384,-0.93151,-0.28635,-0.8,"[13.8732, 14.206, 15.8533, 19.9229, 33.3266, 104.413, 81.4545, 53.5251, 36.4856, 22.3009, 12.456, 7.40677, 5.00691, 3.73604, 2.48453, 1.7076, 1.36782, 1.20795, 1.15082]",-0.846771,"[68.4032, 69.4431, 71.8534, 71.5724]",0.343493
0.385,-0.0367906,0.0,0.0,24.438,0.0,361.615,461.614,93.8489,3,"[200.0, 200.0, 200.0, 200.0, 200.0, 200.0, 200.0, 200.0, 200.0, 200.0, 200.0, 200.0, 200.0, 200.0, 200.0, 200.0, 200.0, 200.0, 200.0, 200.0, 200.0, 200.0, 200.0, 200.0, 200.0, 200.0, 200.0, 200.0, 200.0, 200.0, 200.0, 200.0, 200.0, 200.0, 200.0, 200.0]",1,4479.35,83.1735,-1.37129,-0.00520817,-0.8,"[13.8458, 14.2489, 15.9966, 20.3003, 35.4598, 100.714, 76.9676, 49.905, 33.7061, 20.1717, 11.305, 6.9002, 4.7703, 3.61281, 2.44383, 1.70097, 1.37237, 1.21825, 1.16572]",-0.844675,"[66.7238, 69.9602, 69.509, 72.7168]",0.337334
0.395,-0.0145874,0.0,0.0,24.46,0.0,362.092,462.091,93.8487,3,"[200.0, 200.0, 200.0, 200.0, 200.0, 200.0, 200.0, 200.0, 200.0, 200.0, 200.0, 200.0, 200.0, 200.0, 200.0, 200.0, 200.0, 200.0, 200.0, 200.0, 200.0, 200.0, 200.0, 200.0, 200.0, 200.0, 200.0, 200.0, 200.0, 200.0, 200.0, 200.0, 200.0, 200.0, 200.0, 200.0]",1,4546.25,82.9661,-1.50034,0.298578,0.114,"[13.8317, 14.3322, 16.2255, 20.8848, 39.6463, 95.4101, 70.1732, 45.4798, 29.9703, 17.4438, 9.8798, 6.23776, 4.43039, 3.41644, 2.36032, 1.6697, 1.35997, 1.21561, 1.17011]",-0.844002,"[67.3545, 72.0037, 71.0567, 73.0039]",0.339724
0.323,0.0120416,0.0,0.0,24.482,0.0,362.569,462.568,93.8486,3,"[200.0, 200.0, 200.0, 200.0, 200.0, 200.0, 200.0, 200.0, 200.0, 200.0, 200.0, 200.0, 200.0, 200.0, 200.0, 200.0, 200.0, 200.0, 200.0, 200.0, 200.0, 200.0, 200.0, 200.0, 200.0, 200.0, 200.0, 200.0, 200.0, 200.0, 200.0, 200.0, 200.0, 200.0, 200.0, 200.0]",1,4460.84,83.0448,-0.471906,0.715155,0.114,"[13.8369, 14.4571, 16.538, 21.6827, 50.6184, 88.6964, 60.9372, 40.5456, 25.6783, 14.5498, 8.4338, 5.53439, 4.04432, 3.17881, 2.24705, 1.6187, 1.33289, 1.2011, 1.16433]",-0.844767,"[67.5063, 72.0942, 68.828, 72.7448]",0.33258
0.313,0.0278801,0.0,0.0,24.504,0.0,363.046,463.046,93.8485,3,"[200.0, 200.0, 200.0, 200.0, 200.0, 200.0, 200.0, 200.0, 200.0, 200.0, 200.0, 200.0, 200.0, 200.0, 200.0, 200.0, 200.0, 200.0, 200.0, 200.0, 200.0, 200.0, 200.0, 200.0, 200.0, 200.0, 200.0, 200.0, 200.0, 200.0, 200.0, 200.0, 200.0, 200.0, 200.0, 200.0]",1,4463.5,83.0753,0.828054,0.972778,0.114,"[13.8506, 14.5437, 16.7436, 22.2133, 60.8839, 84.6387, 56.1895, 37.6441, 23.2514, 13.0324, 7.69158, 5.15732, 3.82648, 3.03856, 2.17503, 1.58294, 1.31165, 1.18756, 1.15601]",-0.845924,"[68.9914, 70.5658, 70.2085, 71.4819]",0.337727
0.192,0.0333037,0.0,0.0,24.526,0.0,363.524,463.523,93.8485,3,"[200.0, 200.0, 200.0, 200.0, 200.0, 200.0, 200.0, 200.0, 200.0, 200.0, 200.0, 200.0, 200.0, 200.0, 200.0, 200.0, 200.0, 200.0, 200.0, 200.0, 200.0, 200.0, 200.0, 200.0, 200.0, 200.0, 200.0, 200.0, 200.0, 200.0, 200.0, 200.0, 200.0, 200.0, 200.0, 200.0]",1,4444.88,83.0596,1.27223,1.20451,0.114,"[13.862, 14.5807, 16.8237, 22.4145, 64.3931, 83.4181, 54.845, 36.6352, 22.4145, 12.5148, 7.42908, 5.01495, 3.7386, 2.97849, 2.14071, 1.56321, 1.29802, 1.17712, 1.14748]",-0.847087,"[69.9456, 69.5828, 70.6992, 70.4028]",0.333255
0.165,0.0340411,0.0,0.0,24.548,0.0,364.001,464.0,93.8485,3,"[200.0, 200.0, 200.0, 200.0, 200.0, 200.0, 200.0, 200.0, 200.0, 200.0, 200.0, 200.0, 200.0, 200.0, 200.0, 200.0, 200.0, 200.0, 200.0, 200.0, 200.0, 200.0, 200.0, 200.0, 200.0, 200.0, 200.0, 200.0, 200.0, 200.0, 200.0, 200.0, 200.0, 200.0, 200.0, 200.0]",1,4442.36,83.0421,1.15952,1.27659,0.114,"[13.8722, 14.595, 16.8455, 22.458, 63.7774, 83.5116, 54.8711, 36.4577, 22.247, 12.3883, 7.34838, 4.96151, 3.70002, 2.94862, 2.12014, 1.54879, 1.2864, 1.16681, 1.13766]",-0.8484,"[70.3058, 69.2533, 71.029, 69.9936]",0.340565
0.173,0.033018,0.0,0.0,24.57,0.0,364.478,464.477,93.8485,3,"[200.0, 200.0, 200.0, 200.0, 200.0, 200.0, 200.0, 200.0, 200.0, 200.0, 200.0, 200.0, 200.0, 200.0, 200.0, 200.0, 200.0, 200.0, 200.0, 200.0, 200.0, 200.0, 200.0, 200.0, 200.0, 200.0, 200.0, 200.0, 200.0, 200.0, 200.0, 200.0, 200.0, 200.0, 200.0, 200.0]",1,4441.87,83.0291,1.06471,1.30849,0.114,"[13.8821, 14.6007, 16.8454, 22.4413, 61.8384, 84.0934, 55.4487, 36.5913, 22.3274, 12.4033, 7.33253, 4.9397, 3.67894, 2.92941, 2.10436, 1.53616, 1.27535, 1.15643, 1.12722]",-0.849784,"[70.4921, 69.0755, 71.156, 69.8531]",0.337381
0.168,0.0313966,0.0,0.0,24.592,0.0,364.955,464.954,93.8485,3,"[200.0, 200.0, 200.0, 200.0, 200.0, 200.0, 200.0, 200.0, 200.0, 200.0, 200.0, 200.0, 200.0, 200.0, 200.0, 200.0, 200.0, 200.0, 200.0, 200.0, 200.0, 200.0, 200.0, 200.0, 200.0, 200.0, 200.0, 200.0, 200.0, 200.0, 200.0, 200.0, 200.0, 200.0, 200.0, 200.0]",1,4441.77,83.0153,0.958613,1.34808,0.114,"[13.8917, 14.6034, 16.8376, 22.4041, 59.8062, 84.8321, 56.2738, 36.8325, 22.4942, 12.4682, 7.33935, 4.92894, 3.66399, 2.91404, 2.09037, 1.52425, 1.26465, 1.14615, 1.11673]",-0.851175,"[70.5362, 69.015, 71.2332, 69.7722]",0.344179
0.167,0.0292523,0.0,0.0,24.614,0.0,365.431,465.431,93.8485,3,"[200.0, 200.0, 200.0, 200.0, 200.0, 200.0, 200.0, 200.0, 200.0, 200.0, 200.0, 200.0, 200.0, 200.0, 200.0, 200.0, 200.0, 200.0, 200.0, 200.0, 200.0, 200.0, 200.0, 200.0, 200.0, 200.0, 200.0, 200.0, 200.0, 200.0, 200.0, 200.0, 200.0, 200.0, 200.0, 200.0]",1,4441.1,83.0031,0.809855,1.17877,0.114,"[13.9008, 14.6031, 16.8229, 22.3488, 57.7082, 85.7033, 57.3605, 37.1698, 22.7407, 12.5806, 7.36837, 4.92929, 3.65543, 2.90277, 2.07852, 1.51343, 1.25456, 1.13628, 1.10648]",-0.852532,"[70.566, 68.9542, 71.2085, 69.7814]",0.341794
0.169,0.0268794,0.0,0.0,24.636,0.0,365.908,465.907,93.8485,3,"[200.0, 200.0, 200.0, 200.0, 200.0, 200.0, 200.0, 200.0, 200.0, 200.0, 200.0, 200.0, 200.0, 200.0, 200.0, 200.0, 200.0, 200.0, 200.0, 200.0, 200.0, 200.0, 200.0, 200.0, 200.0, 200.0, 200.0, 200.0, 200.0, 200.0, 200.0, 200.0, 200.0, 200.0, 200.0, 200.0]",1,4440.19,82.986,0.776186,1.2704,0.115,"[13.9094, 14.6012, 16.8047, 22.2854, 55.7419, 86.6245, 58.6469, 37.5529, 23.0276, 12.7193, 7.41038, 4.93652, 3.65116, 2.89447, 2.0684, 1.50367, 1.24528, 1.12706, 1.09682]",-0.85381,"[70.5873, 68.91, 71.2826, 69.6744]",0.343791
0.163,0.0241397,0.0,0.0,24.658,0.0,366.384,466.384,93.8485,3,"[200.0, 200.0, 200.0, 200.0, 200.0, 200.0, 200.0, 200.0, 200.0, 200.0, 200.0, 200.0, 200.0, 200.0, 200.0, 200.0, 200.0, 200.0, 200.0, 200.0, 200.0, 200.0, 200.0, 200.0, 200.0, 200.0, 200.0, 200.0, 200.0, 200.0, 200.0, 200.0, 200.0, 200.0, 200.0, 200.0]",1,4439.89,82.9686,0.641988,1.10132,0.115,"[13.917, 14.5967, 16.7811, 22.209, 53.826, 87.6312, 60.2245, 38.0082, 23.3781, 12.8994, 7.47292, 4.95448, 3.65343, 2.89064, 2.06091, 1.49549, 1.23713, 1.11875, 1.08795]",-0.854981,"[70.604, 68.8542, 71.3337, 69.6658]",0.345938
0.166,0.021337,0.0,0.0,24.68,0.0,366.861,466.86,93.8485,3,"[200.0, 200.0, 200.0, 200.0, 200.0, 200.0, 200.0, 200.0, 200.0, 200.0, 200.0, 200.0, 200.0, 200.0, 200.0, 200.0, 200.0, 200.0, 200.0, 200.0, 200.0, 200.0, 200.0, 200.0, 200.0, 200.0, 200.0, 200.0, 200.0, 200.0, 200.0, 200.0, 200.0, 200.0, 200.0, 200.0]",1,4438.63,82.9493,0.61536,1.14733,0.115,"[13.9239, 14.5911, 16.7559, 22.1299, 52.0992, 88.6412, 61.932, 38.4812, 23.7483, 13.0961, 7.54472, 4.97785, 3.65931, 2.88953, 2.05525, 1.48859, 1.23001, 1.11138, 1.07997]",-0.856035,"[70.5908, 68.8337, 71.2765, 69.6909]",0.343963
0.161,0.0183347,0.0,0.0,24.702,0.0,367.337,467.336,93.8485,3,"[200.0, 200.0, 200.0, 200.0, 200.0, 200.0, 200.0, 200.0, 200.0, 200.0, 200.0, 200.0, 200.0, 200.0, 200.0, 200.0, 200.0, 200.0, 200.0, 200.0, 200.0, 200.0, 200.0, 200.0, 200.0, 200.0, 200.0, 200.0, 200.0, 200.0, 200.0, 200.0, 200.0, 200.0, 200.0, 200.0]",1,4441.13,82.9272,0.548795,1.0947,0.115,"[13.9296, 14.5833, 16.7269, 22.0432, 50.474, 89.6906, 63.6247, 38.9986, 24.1615, 13.3251, 7.63408, 5.01109, 3.67158, 2.89302, 2.05252, 1.48361, 1.22442, 1.10532, 1.07324]",-0.856925,"[70.6041, 68.799, 71.2336, 69.7254]",0.344814
0.16,0.0155225,0.0,0.0,24.724,0.0,367.813,467.812,93.8485,3,"[200.0, 200.0, 200.0, 200.0, 200.0, 200.0, 200.0, 200.0, 200.0, 200.0, 200.0, 200.0, 200.0, 200.0, 200.0, 200.0, 200.0, 200.0, 200.0, 200.0, 200.0, 200.0, 200.0, 200.0, 200.0, 200.0, 200.0, 200.0, 200.0, 200.0, 200.0, 200.0, 200.0, 200.0, 200.0, 200.0]",1,4437.8,82.9059,0.527669,1.06422,0.115,"[13.9344, 14.5755, 16.6992, 21.9617, 49.0807, 90.6785, 65.1626, 39.4887, 24.5583, 13.5504, 7.72451, 5.04613, 3.68576, 2.89834, 2.05138, 1.47997, 1.22002, 1.10043, 1.06769]",-0.857659,"[70.5683, 68.8058, 71.3639, 69.5319]",0.344
0.159,0.0126132,0.0,0.0,24.746,0.0,368.289,468.288,93.8485,3,"[200.0, 200.0, 200.0, 200.0, 200.0, 200.0, 200.0, 200.0, 200.0, 200.0, 200.0, 200.0, 200.0, 200.0, 200.0, 200.0, 200.0, 200.0, 200.0, 200.0, 200.0, 200.0, 200.0, 200.0, 200.0, 200.0, 200.0, 200.0, 200.0, 200.0, 200.0, 200.0, 200.0, 200.0, 200.0, 200.0]",1,4439.77,82.882,0.522869,1.08436,0.116,"[13.9378, 14.5657, 16.6688, 21.8757, 47.7797, 91.6802, 66.6687, 40.0232, 24.9836, 13.8008, 7.83021, 5.09031, 3.70607, 2.90823, 2.05329, 1.47845, 1.21733, 1.09703, 1.06357]",-0.858202,"[70.5484, 68.7801, 71.1637, 69.7362]",0.344109
0.156,0.00984709,0.0,0.0,24.768,0.0,368.765,468.764,93.8485,3,"[200.0, 200.0, 200.0, 200.0, 200.0, 200.0, 200.0, 200.0, 200.0, 200.0, 200.0, 200.0, 200.0, 200.0, 200.0, 200.0, 200.0, 200.0, 200.0, 200.0, 200.0, 200.0, 200.0, 200.0, 200.0, 200.0, 200.0, 200.0, 200.0, 200.0, 200.0, 200.0, 200.0, 200.0, 200.0, 200.0]",1,4437.49,82.8588,0.509177,1.03322,0.116,"[13.94, 14.5555, 16.6388, 21.7931, 46.6334, 92.6348, 68.0695, 40.589, 25.3992, 14.0527, 7.94012, 5.1382, 3.72954, 2.92081, 2.05732, 1.4786, 1.21607, 1.09498, 1.06081]",-0.858566,"[70.5158, 68.7775, 71.3602, 69.4924]",0.344523
0.157,0.00685787,0.0,0.0,24.79,0.0,369.241,469.24,93.8485,3,"[200.0, 200.0, 200.0, 200.0, 200.0, 200.0, 200.0, 200.0, 200.0, 200.0, 200.0, 200.0, 200.0, 200.0, 200.0, 200.0, 200.0, 200.0, 200.0, 200.0, 200.0, 200.0, 200.0, 200.0, 200.0, 200.0, 200.0, 200.0, 200.0, 200.0, 200.0, 200.0, 200.0, 200.0, 200.0, 200.0]",1,4437.61,82.8351,0.491854,1.01281,0.116,"[13.9409, 14.5428, 16.6047, 21.7021, 45.5118, 93.6351, 69.4957, 41.2676, 25.8628, 14.3428, 8.07186, 5.1983, 3.76079, 2.93904, 2.06486, 1.48101, 1.2166, 1.09444, 1.05945]",-0.858743,"[70.5233, 68.73, 71.1234, 69.7289]",0.344008
0.153,0.00399265,0.0,0.0,24.812,0.0,369.716,469.715,93.8485,3,"[200.0, 200.0, 200.0, 200.0, 200.0, 200.0, 200.0, 200.0, 200.0, 200.0, 200.0, 200.0, 200.0, 200.0, 200.0, 200.0, 200.0, 200.0, 200.0, 200.0, 200.0, 200.0, 200.0, 200.0, 200.0, 200.0, 200.0, 200.0, 200.0, 200.0, 200.0, 200.0, 200.0, 200.0, 200.0, 200.0]",1,4432.97,82.8124,0.482413,0.965804,0.116,"[13.9407, 14.5295, 16.5708, 21.6138, 44.5083, 94.5942, 70.8384, 41.9966, 26.3188, 14.6361, 8.20923, 5.26294, 3.79565, 2.96017, 2.07464, 1.48514, 1.21855, 1.09526, 1.05943]",-0.858743,"[70.4823, 68.7237, 71.2725, 69.4463]",0.345206
0.151,0.000914127,0.0,0.0,24.834,0.0,370.191,470.191,93.8485,3,"[200.0, 200.0, 200.0, 200.0, 200.0, 200.0, 200.0, 200.0, 200.0, 200.0, 200.0, 200.0, 200.0, 200.0, 200.0, 200.0, 200.0, 200.0, 200.0, 200.0, 200.0, 200.0, 200.0, 200.0, 200.0, 200.0, 200.0, 200.0, 200.0, 200.0, 200.0, 200.0, 200.0, 200.0, 200.0, 200.0]",1,4434.23,82.7859,0.459792,0.924669,0.116,"[13.9391, 14.5139, 16.533, 21.5177, 43.5206, 95.5957, 72.2089, 42.8631, 26.8216, 14.9683, 8.36974, 5.34058, 3.8388, 2.98719, 2.08805, 1.49165, 1.22236, 1.09764, 1.06087]",-0.85855,"[70.4881, 68.6782, 71.1217, 69.634]",0.343972
0.151,-0.00200188,0.0,0.0,24.856,0.0,370.667,470.666,93.8485,3,"[200.0, 200.0, 200.0, 200.0, 200.0, 200.0, 200.0, 200.0, 200.0, 200.0, 200.0, 200.0, 200.0, 200.0, 200.0, 200.0, 200.0, 200.0, 200.0, 200.0, 200.0, 200.0, 200.0, 200.0, 200.0, 200.0, 200.0, 200.0, 200.0, 200.0, 200.0, 200.0, 200.0, 200.0, 200.0, 200.0]",1,4429.34,82.7633,0.4536,0.87576,0.116,"[13.9364, 14.4978, 16.4957, 21.4255, 42.6381, 96.5476, 73.4948, 43.7918, 27.31, 15.2997, 8.5347, 5.4223, 3.88532, 3.01711, 2.10372, 1.49985, 1.22762, 1.1014, 1.06368]",-0.858176,"[70.4462, 68.6753, 71.1828, 69.4084]",0.345829
0.154,-0.0051204,0.0,0.0,24.878,0.0,371.142,471.141,93.8485,3,"[200.0, 200.0, 200.0, 200.0, 200.0, 200.0, 200.0, 200.0, 200.0, 200.0, 200.0, 200.0, 200.0, 200.0, 200.0, 200.0, 200.0, 200.0, 200.0, 200.0, 200.0, 200.0, 200.0, 200.0, 200.0, 200.0, 200.0, 200.0, 200.0, 200.0, 200.0, 200.0, 200.0, 200.0, 200.0, 200.0]",1,4431.19,82.7383,0.441584,0.832922,0.116,"[13.9322, 14.4794, 16.4546, 21.3258, 41.7648, 97.5389, 74.8096, 44.8909, 27.8439, 15.6706, 8.72407, 5.518, 3.94077, 3.05334, 2.1233, 1.51061, 1.23486, 1.10683, 1.06805]",-0.857595,"[70.448, 68.6381, 71.1003, 69.5378]",0.343795
0.157,-0.00819814,0.0,0.0,24.9,0.0,371.617,471.616,93.8485,3,"[200.0, 200.0, 200.0, 200.0, 200.0, 200.0, 200.0, 200.0, 200.0, 200.0, 200.0, 200.0, 200.0, 200.0, 200.0, 200.0, 200.0, 200.0, 200.0, 200.0, 200.0, 200.0, 200.0, 200.0, 200.0, 200.0, 200.0, 200.0, 200.0, 200.0, 200.0, 200.0, 200.0, 200.0, 200.0, 200.0]",1,4429.91,82.7163,0.442291,0.809406,0.116,"[13.9266, 14.4597, 16.4126, 21.2261, 40.9521, 98.5109, 76.0833, 46.1186, 28.3832, 16.0548, 8.92607, 5.62215, 4.00213, 3.09411, 2.14596, 1.52356, 1.24386, 1.11387, 1.07397]",-0.856809,"[70.4253, 68.6096, 71.2405, 69.3608]",0.346738
0.164,-0.0112527,0.0,0.0,24.922,0.0,372.092,472.091,93.8485,3,"[200.0, 200.0, 200.0, 200.0, 200.0, 200.0, 200.0, 200.0, 200.0, 200.0, 200.0, 200.0, 200.0, 200.0, 200.0, 200.0, 200.0, 200.0, 200.0, 200.0, 200.0, 200.0, 200.0, 200.0, 200.0, 200.0, 200.0, 200.0, 200.0, 200.0, 200.0, 200.0, 200.0, 200.0, 200.0, 200.0]",1,4432.19,82.6977,0.421272,0.746611,0.116,"[13.9198, 14.439, 16.3695, 21.1261, 40.1902, 99.468, 77.3235, 47.4986, 28.9294, 16.4525, 9.14035, 5.73441, 4.06911, 3.13906, 2.17147, 1.53844, 1.25446, 1.12232, 1.08124]",-0.855844,"[70.3855, 68.6115, 71.0818, 69.5726]",0.343678
0.174,-0.0144998,0.0,0.0,24.944,0.0,372.566,472.566,93.8485,3,"[200.0, 200.0, 200.0, 200.0, 200.0, 200.0, 200.0, 200.0, 200.0, 200.0, 200.0, 200.0, 200.0, 200.0, 200.0, 200.0, 200.0, 200.0, 200.0, 200.0, 200.0, 200.0, 200.0, 200.0, 200.0, 200.0, 200.0, 200.0, 200.0, 200.0, 200.0, 200.0, 200.0, 200.0, 200.0, 200.0]",1,4429.48,82.6837,0.438048,0.758753,0.116,"[13.9115, 14.4157, 16.3225, 21.019, 39.4318, 100.461, 78.5933, 49.1371, 29.5202, 16.8916, 9.38253, 5.86288, 4.14642, 3.19138, 2.20151, 1.55628, 1.26732, 1.13271, 1.0903]",-0.854642,"[70.4157, 68.5678, 71.2355, 69.3273]",0.343636
0.189,-0.0175746,0.0,0.0,24.966,0.0,373.041,473.04,93.8485,3,"[200.0, 200.0, 200.0, 200.0, 200.0, 200.0, 200.0, 200.0, 200.0, 200.0, 200.0, 200.0, 200.0, 200.0, 200.0, 200.0, 200.0, 200.0, 200.0, 200.0, 200.0, 200.0, 200.0, 200.0, 200.0, 200.0, 200.0, 200.0, 200.0, 200.0, 200.0, 200.0, 200.0, 200.0, 200.0, 200.0]",1,4432.08,82.6786,0.398614,0.65951,0.116,"[13.9019, 14.392, 16.2763, 20.9159, 38.7432, 101.405, 79.792, 50.9419, 30.0921, 17.3264, 9.62913, 5.9962, 4.22762, 3.24687, 2.23394, 1.5759, 1.28167, 1.14446, 1.10072]",-0.853259,"[70.3607, 68.5967, 71.037, 69.575]",0.346766
0.206,-0.0207248,0.0,0.0,24.988,0.0,373.516,473.515,93.8484,3,"[200.0, 200.0, 200.0, 200.0, 200.0, 200.0, 200.0, 200.0, 200.0, 200.0, 200.0, 200.0, 200.0, 200.0, 200.0, 200.0, 200.0, 200.0, 200.0, 200.0, 200.0, 200.0, 200.0, 200.0, 200.0, 200.0, 200.0, 200.0, 200.0, 200.0, 200.0, 200.0, 200.0, 200.0, 200.0, 200.0]",1,4429.45,82.6787,0.445586,0.711045,0.116,"[13.8907, 14.3663, 16.2274, 20.809, 38.0733, 102.359, 80.9908, 53.0499, 30.6884, 17.7886, 9.89775, 6.14334, 4.31802, 3.30906, 2.27061, 1.59834, 1.29824, 1.15816, 1.11296]",-0.851637,"[70.4027, 68.5604, 71.2474, 69.3148]",0.342705
0.226,-0.0236045,0.0,0.0,25.01,0.0,373.991,473.99,93.8484,3,"[200.0, 200.0, 200.0, 200.0, 200.0, 200.0, 200.0, 200.0, 200.0, 200.0, 200.0, 200.0, 200.0, 200.0, 200.0, 200.0, 200.0, 200.0, 200.0, 200.0, 200.0, 200.0, 200.0, 200.0, 200.0, 200.0, 200.0, 200.0, 200.0, 200.0, 200.0, 200.0, 200.0, 200.0, 200.0, 200.0]",1,4433.94,82.6905,0.397443,0.579449,0.115,"[13.8782, 14.3405, 16.1803, 20.7086, 37.476, 103.242, 82.0986, 55.1439, 31.2479, 18.2328, 10.1643, 6.29253, 4.41106, 3.37375, 2.30941, 1.62248, 1.3163, 1.17323, 1.12659]",-0.849829,"[70.3304, 68.6292, 71.1583, 69.6955]",0.346336
0.252,-0.0266111,0.0,0.0,25.032,0.0,374.466,474.465,93.8483,3,"[200.0, 200.0, 200.0, 200.0, 200.0, 200.0, 200.0, 200.0, 200.0, 200.0, 200.0, 200.0, 200.0, 200.0, 200.0, 200.0, 200.0, 200.0, 200.0, 200.0, 200.0, 200.0, 200.0, 200.0, 200.0, 200.0, 200.0, 200.0, 200.0, 200.0, 200.0, 200.0, 200.0, 200.0, 200.0, 200.0]",1,4430.36,82.7134,0.469775,0.667754,0.115,"[13.8642, 14.3127, 16.1302, 20.6033, 36.8827, 104.146, 83.2228, 57.1046, 31.8386, 18.7084, 10.4549, 6.45676, 4.51373, 3.44527, 2.35241, 1.64932, 1.33644, 1.19009, 1.14187]",-0.847804,"[70.4261, 68.5766, 71.1788, 69.55]",0.342309
0.271,-0.0292164,0.0,0.0,25.054,0.0,374.941,474.94,93.8482,3,"[200.0, 200.0, 200.0, 200.0, 200.0, 200.0, 200.0, 200.0, 200.0, 200.0, 200.0, 200.0, 200.0, 200.0, 200.0, 200.0, 200.0, 200.0, 200.0, 200.0, 200.0, 200.0, 200.0, 200.0, 200.0, 200.0, 200.0, 200.0, 200.0, 200.0, 200.0, 200.0, 200.0, 200.0, 200.0, 200.0]",1,4449.5,82.7423,0.439966,0.533065,0.115,"[13.8485, 14.285, 16.0828, 20.5073, 36.3686, 104.953, 84.2283, 58.7803, 32.3714, 19.1481, 10.7344, 6.61949, 4.61754, 3.51863, 2.39738, 1.67794, 1.35818, 1.2085, 1.15873]",-0.845567,"[70.3463, 68.7088, 71.1883, 70.0805]",0.345919
0.277,-0.0320409,0.0,0.0,25.076,0.0,375.416,475.415,93.8481,3,"[200.0, 200.0, 200.0, 200.0, 200.0, 200.0, 200.0, 200.0, 200.0, 200.0, 200.0, 200.0, 200.0, 200.0, 200.0, 200.0, 200.0, 200.0, 200.0, 200.0, 200.0, 200.0, 200.0, 200.0, 200.0, 200.0, 200.0, 200.0, 200.0, 200.0, 200.0, 200.0, 200.0, 200.0, 200.0, 200.0]",1,4444.8,82.7771,0.505244,0.604333,0.115,"[13.8317, 14.2551, 16.0318, 20.4043, 35.8409, 105.802, 85.2756, 60.4358, 32.9945, 19.6281, 11.0425, 6.79917, 4.73191, 3.59925, 2.44662, 1.70914, 1.38186, 1.22852, 1.17704]",-0.843141,"[70.4776, 68.6455, 71.5911, 69.6572]",0.342805
0.292,-0.0346771,0.0,0.0,25.098,0.0,375.892,475.891,93.848,3,"[200.0, 200.0, 200.0, 200.0, 200.0, 200.0, 200.0, 200.0, 200.0, 200.0, 200.0, 200.0, 200.0, 200.0, 200.0, 200.0, 200.0, 200.0, 200.0, 200.0, 200.0, 200.0, 200.0, 200.0, 200.0, 200.0, 200.0, 200.0, 200.0, 200.0, 200.0, 200.0, 200.0, 200.0, 200.0, 200.0]",1,4453.32,82.8241,0.469929,0.474471,0.115,"[13.8133, 14.2246, 15.9812, 20.3047, 35.3542, 106.604, 86.2626, 61.9471, 33.6605, 20.097, 11.3525, 6.98365, 4.85071, 3.68362, 2.49867, 1.74246, 1.40727, 1.25012, 1.19691]",-0.840507,"[70.4144, 68.7732, 71.2703, 70.1331]",0.345396
0.303,-0.0373542,0.0,0.0,25.12,0.0,376.368,476.367,93.8479,3,"[200.0, 200.0, 200.0, 200.0, 200.0, 200.0, 200.0, 200.0, 200.0, 200.0, 200.0, 200.0, 200.0, 200.0, 200.0, 200.0, 200.0, 200.0, 200.0, 200.0, 200.0, 200.0, 200.0, 200.0, 200.0, 200.0, 200.0, 200.0, 200.0, 200.0, 200.0, 200.0, 200.0, 200.0, 200.0, 200.0]",1,4460.35,82.8667,0.523946,0.51623,0.114,"[13.7938, 14.1927, 15.929, 20.203, 34.8767, 107.407, 87.247, 63.4066, 34.4196, 20.5819, 11.6782, 7.17929, 4.97697, 3.77338, 2.55408, 1.77794, 1.43437, 1.27315, 1.2181]",-0.837698,"[70.5458, 68.7303, 71.8889, 69.8189]",0.343827
0.307,-0.0400666,0.0,0.0,25.142,0.0,376.844,476.843,93.8479,3,"[200.0, 200.0, 200.0, 200.0, 200.0, 200.0, 200.0, 200.0, 200.0, 200.0, 200.0, 200.0, 200.0, 200.0, 200.0, 200.0, 200.0, 200.0, 200.0, 200.0, 200.0, 200.0, 200.0, 200.0, 200.0, 200.0, 200.0, 200.0, 200.0, 200.0, 200.0, 200.0, 200.0, 200.0, 200.0, 200.0]",1,4457.2,82.9286,0.487478,0.423775,0.114,"[13.7728, 14.1592, 15.875, 20.0991, 34.4076, 108.212, 88.2282, 64.8222, 35.2856, 21.0834, 12.0208, 7.38714, 5.11162, 3.86924, 2.61333, 1.81592, 1.46341, 1.29786, 1.24085]",-0.834684,"[70.5029, 68.821, 71.3607, 70.1322]",0.344671
0.325,-0.0425437,0.0,0.0,25.164,0.0,377.321,477.32,93.8478,3,"[200.0, 200.0, 200.0, 200.0, 200.0, 200.0, 200.0, 200.0, 200.0, 200.0, 200.0, 200.0, 200.0, 200.0, 200.0, 200.0, 200.0, 200.0, 200.0, 200.0, 200.0, 200.0, 200.0, 200.0, 200.0, 200.0, 200.0, 200.0, 200.0, 200.0, 200.0, 200.0, 200.0, 200.0, 200.0, 200.0]",1,4468.67,82.981,0.532864,0.415498,0.114,"[13.7506, 14.1255, 15.8222, 20.0001, 33.9784, 108.96, 89.1409, 66.1185, 36.2079, 21.5626, 12.3575, 7.59575, 5.24844, 3.96732, 2.67448, 1.85543, 1.49375, 1.32378, 1.26481]",-0.831509,"[70.6153, 68.8366, 71.8933, 70.0572]",0.345052
0.324,-0.0452935,0.0,0.0,25.186,0.0,377.798,477.797,93.8477,3,"[200.0, 200.0, 200.0, 200.0, 200.0, 200.0, 200.0, 200.0, 200.0, 200.0, 200.0, 200.0, 200.0, 200.0, 200.0, 200.0, 200.0, 200.0, 200.0, 200.0, 200.0, 200.0, 200.0, 200.0, 200.0, 200.0, 200.0, 200.0, 200.0, 200.0, 200.0, 200.0, 200.0, 200.0, 200.0, 200.0]",1,4461.9,83.0513,0.513811,0.405617,0.113,"[13.7271, 14.0894, 15.7653, 19.893, 33.528, 109.761, 90.1087, 67.456, 37.3264, 22.0893, 12.7289, 7.82561, 5.39834, 4.07431, 2.74075, 1.89795, 1.52629, 1.35149, 1.29034]",-0.828128,"[70.6061, 68.9191, 71.484, 70.1512]",0.343915
0.345,-0.0451798,0.0,0.0,25.208,0.0,378.275,478.274,93.8476,3,"[200.0, 200.0, 200.0, 200.0, 200.0, 200.0, 200.0, 200.0, 200.0, 200.0, 200.0, 200.0, 200.0, 200.0, 200.0, 200.0, 200.0, 200.0, 200.0, 200.0, 200.0, 200.0, 200.0, 200.0, 200.0, 200.0, 200.0, 200.0, 200.0, 200.0, 200.0, 200.0, 200.0, 200.0, 200.0, 200.0]",1,4481.28,83.1096,-0.032973,0.303961,-0.8,"[13.7023, 14.0644, 15.7374, 19.8571, 33.4007, 109.944, 90.384, 67.9316, 37.7759, 22.2235, 12.8725, 7.94384, 5.48984, 4.14688, 2.79153, 1.93379, 1.55532, 1.3773, 1.31504]",-0.824837,"[69.9209, 69.1518, 71.3677, 70.9085]",0.346262
0.391,-0.038339,0.0,0.0,25.23,0.0,378.753,478.752,93.8474,3,"[200.0, 200.0, 200.0, 200.0, 200.0, 200.0, 200.0, 200.0, 200.0, 200.0, 200.0, 200.0, 200.0, 200.0, 200.0, 200.0, 200.0, 200.0, 200.0, 200.0, 200.0, 200.0, 200.0, 200.0, 200.0, 200.0, 200.0, 200.0, 200.0, 200.0, 200.0, 200.0, 200.0, 200.0, 200.0, 200.0]",1,4473.62,83.0785,-0.724115,0.394495,-0.8,"[13.6785, 14.0694, 15.7824, 19.9951, 34.0132, 108.685, 89.0518, 66.4525, 36.3778, 21.4296, 12.465, 7.78001, 5.42708, 4.12508, 2.79683, 1.94782, 1.57141, 1.39458, 1.33399]",-0.822264,"[68.4256, 69.2162, 70.6481, 71.3625]",0.341786
0.432,-0.0226386,0.0,0.0,25.252,0.0,379.231,479.23,93.8473,3,"[200.0, 200.0, 200.0, 200.0, 200.0, 200.0, 200.0, 200.0, 200.0, 200.0, 200.0, 200.0, 200.0, 200.0, 200.0, 200.0, 200.0, 200.0, 200.0, 200.0, 200.0, 200.0, 200.0, 200.0, 200.0, 200.0, 200.0, 200.0, 200.0, 200.0, 200.0, 200.0, 200.0, 200.0, 200.0, 200.0]",1,4492.01,82.8861,-1.22003,0.562326,-0.8,"[13.6615, 14.1199, 15.9322, 20.3835, 35.6942, 105.501, 85.5632, 62.2792, 32.8971, 19.5091, 11.4155, 7.27938, 5.17149, 3.98051, 2.73946, 1.93001, 1.56755, 1.39799, 1.34287]",-0.820995,"[66.3897, 69.5717, 69.9415, 72.6765]",0.339187
0.398,0.000319868,0.0,0.0,25.274,0.0,379.707,479.707,93.8471,3,"[200.0, 200.0, 200.0, 200.0, 200.0, 200.0, 200.0, 200.0, 200.0, 200.0, 200.0, 200.0, 200.0, 200.0, 200.0, 200.0, 200.0, 200.0, 200.0, 200.0, 200.0, 200.0, 200.0, 200.0, 200.0, 200.0, 200.0, 200.0, 200.0, 200.0, 200.0, 200.0, 200.0, 200.0, 200.0, 200.0]",1,4476.97,82.7152,-1.30622,0.826397,0.112,"[13.6587, 14.2177, 16.1847, 21.0247, 38.5227, 100.662, 80.1837, 55.3963, 28.5547, 16.8949, 10.0223, 6.58505, 4.7917, 3.74965, 2.63284, 1.88464, 1.54533, 1.3879, 1.34132]",-0.821157,"[67.0306, 71.8104, 69.3296, 72.7793]",0.341294
0.296,0.0262689,0.0,0.0,25.296,0.0,380.183,480.183,93.847,3,"[200.0, 200.0, 200.0, 200.0, 200.0, 200.0, 200.0, 200.0, 200.0, 200.0, 200.0, 200.0, 200.0, 200.0, 200.0, 200.0, 200.0, 200.0, 200.0, 200.0, 200.0, 200.0, 200.0, 200.0, 200.0, 200.0, 200.0, 200.0, 200.0, 200.0, 200.0, 200.0, 200.0, 200.0, 200.0, 200.0]",1,4453.07,82.7359,-0.37847,1.20894,0.111,"[13.6766, 14.3525, 16.5077, 21.8505, 42.291, 95.0211, 73.804, 45.803, 24.5225, 14.2906, 8.67447, 5.88586, 4.38738, 3.49092, 2.50227, 1.82165, 1.50922, 1.36604, 1.32925]",-0.822827,"[67.316, 71.8638, 68.6287, 72.7026]",0.333515
0.054,0.0424291,0.0,0.0,25.318,0.0,380.659,480.658,93.847,3,"[200.0, 200.0, 200.0, 200.0, 200.0, 200.0, 200.0, 200.0, 200.0, 200.0, 200.0, 200.0, 200.0, 200.0, 200.0, 200.0, 200.0, 200.0, 200.0, 200.0, 200.0, 200.0, 200.0, 200.0, 200.0, 200.0, 200.0, 200.0, 200.0, 200.0, 200.0, 200.0, 200.0, 200.0, 200.0, 200.0]",1,4413.79,82.6602,1.0029,1.46354,0.111,"[13.7004, 14.4512, 16.7321, 22.4297, 44.8708, 91.5062, 69.7849, 39.9222, 22.1773, 12.8457, 7.93072, 5.48305, 4.14294, 3.32761, 2.41369, 1.77474, 1.47956, 1.34559, 1.3149]",-0.824835,"[68.5706, 70.1769, 69.2243, 70.887]",0.338506
0.0,0.0478095,0.1,0.0,25.34,0.0,381.134,481.133,93.8469,3,"[200.0, 200.0, 200.0, 200.0, 200.0, 200.0, 200.0, 200.0, 200.0, 200.0, 200.0, 200.0, 200.0, 200.0, 200.0, 200.0, 200.0, 200.0, 200.0, 200.0, 200.0, 200.0, 200.0, 200.0, 200.0, 200.0, 200.0, 200.0, 200.0, 200.0, 200.0, 200.0, 200.0, 200.0, 200.0, 200.0]",1,4370.63,82.2881,1.39044,1.74548,0.111,"[13.7192, 14.496, 16.8221, 22.6511, 45.5661, 90.4614, 68.6367, 38.4953, 21.3678, 12.3404, 7.65484, 5.3212, 4.03693, 3.25178, 2.3674, 1.74622, 1.45872, 1.32871, 1.30025]",-0.82683,"[68.1709, 67.8195, 69.5382, 69.2421]",0.332657
0.0,0.0485166,0.108,0.0,25.362,0.0,381.606,481.605,93.8468,3,"[200.0, 200.0, 200.0, 200.0, 200.0, 200.0, 200.0, 200.0, 200.0, 200.0, 200.0, 200.0, 200.0, 200.0, 200.0, 200.0, 200.0, 200.0, 200.0, 200.0, 200.0, 200.0, 200.0, 200.0, 200.0, 200.0, 200.0, 200.0, 200.0, 200.0, 200.0, 200.0, 200.0, 200.0, 200.0, 200.0]",1,4340.29,81.8726,1.22513,1.77742,0.111,"[13.7362, 14.5173, 16.8523, 22.7076, 45.3812, 90.4975, 68.7609, 38.6786, 21.1734, 12.1865, 7.54883, 5.24641, 3.98057, 3.20691, 2.33541, 1.72316, 1.43978, 1.31172, 1.28385]",-0.829019,"[68.1063, 67.3182, 69.6034, 68.2486]",0.340651
0.0,0.0473519,0.074,0.0,25.384,0.0,382.075,482.075,93.8468,3,"[200.0, 200.0, 200.0, 200.0, 200.0, 200.0, 200.0, 200.0, 200.0, 200.0, 200.0, 200.0, 200.0, 200.0, 200.0, 200.0, 200.0, 200.0, 200.0, 200.0, 200.0, 200.0, 200.0, 200.0, 200.0, 200.0, 200.0, 200.0, 200.0, 200.0, 200.0, 200.0, 200.0, 200.0, 200.0, 200.0]",1,4333.15,81.5425,1.12125,1.89018,0.112,"[13.7523, 14.529, 16.8583, 22.6966, 44.861, 90.963, 69.3859, 39.5965, 21.2225, 12.1689, 7.50793, 5.205, 3.9434, 3.17407, 2.30903, 1.7023, 1.42165, 1.29474, 1.26684]",-0.831275,"[68.4917, 66.9942, 69.4861, 68.1249]",0.335774
0.0,0.0455864,0.048,0.0,25.406,0.0,382.543,482.543,93.8467,3,"[200.0, 200.0, 200.0, 200.0, 200.0, 200.0, 200.0, 200.0, 200.0, 200.0, 200.0, 200.0, 200.0, 200.0, 200.0, 200.0, 200.0, 200.0, 200.0, 200.0, 200.0, 200.0, 200.0, 200.0, 200.0, 200.0, 200.0, 200.0, 200.0, 200.0, 200.0, 200.0, 200.0, 200.0, 200.0, 200.0]",1,4319.33,81.3042,0.941484,1.7917,0.112,"[13.768, 14.5377, 16.8564, 22.6639, 44.2555, 91.5612, 70.1599, 40.8986, 21.352, 12.196, 7.48798, 5.17414, 3.91222, 3.14495, 2.28442, 1.68214, 1.40382, 1.27782, 1.24969]",-0.833546,"[68.1859, 67.1394, 69.3965, 67.7727]",0.343643
0.0,0.0432836,0.019,0.0,25.428,0.0,383.01,483.009,93.8466,3,"[200.0, 200.0, 200.0, 200.0, 200.0, 200.0, 200.0, 200.0, 200.0, 200.0, 200.0, 200.0, 200.0, 200.0, 200.0, 200.0, 200.0, 200.0, 200.0, 200.0, 200.0, 200.0, 200.0, 200.0, 200.0, 200.0, 200.0, 200.0, 200.0, 200.0, 200.0, 200.0, 200.0, 200.0, 200.0, 200.0]",1,4319.78,81.1333,0.85836,1.79163,0.112,"[13.7832, 14.5431, 16.8471, 22.6117, 43.5842, 92.2765, 71.0625, 42.6681, 21.5579, 12.2667, 7.48887, 5.15406, 3.88743, 3.12003, 2.26199, 1.66309, 1.38663, 1.26128, 1.23278]",-0.835782,"[68.8416, 67.1788, 69.3728, 67.7523]",0.339732
0.004,0.0408649,0.0,0.0,25.45,0.0,383.476,483.475,93.8465,3,"[200.0, 200.0, 200.0, 200.0, 200.0, 200.0, 200.0, 200.0, 200.0, 200.0, 200.0, 200.0, 200.0, 200.0, 200.0, 200.0, 200.0, 200.0, 200.0, 200.0, 200.0, 200.0, 200.0, 200.0, 200.0, 200.0, 200.0, 200.0, 200.0, 200.0, 200.0, 200.0, 200.0, 200.0, 200.0, 200.0]",1,4315.56,81.036,0.740049,1.67361,0.113,"[13.7977, 14.5474, 16.8356, 22.5548, 42.9208, 93.0122, 71.9816, 44.6626, 21.7871, 12.3527, 7.49746, 5.13841, 3.86553, 3.09725, 2.24099, 1.645, 1.37022, 1.24545, 1.21652]",-0.83793,"[68.9679, 67.3225, 69.3382, 67.6882]",0.345256
0.049,0.0382061,0.0,0.0,25.472,0.0,383.942,483.941,93.8465,3,"[200.0, 200.0, 200.0, 200.0, 200.0, 200.0, 200.0, 200.0, 200.0, 200.0, 200.0, 200.0, 200.0, 200.0, 200.0, 200.0, 200.0, 200.0, 200.0, 200.0, 200.0, 200.0, 200.0, 200.0, 200.0, 200.0, 200.0, 200.0, 200.0, 200.0, 200.0, 200.0, 200.0, 200.0, 200.0, 200.0]",1,4316.77,80.9599,0.685995,1.6194,0.113,"[13.8115, 14.5498, 16.8203, 22.4889, 42.2465, 93.7962, 72.9493, 46.5426, 22.058, 12.4644, 7.51896, 5.12982, 3.84811, 3.07764, 2.22193, 1.62814, 1.35472, 1.23038, 1.20097]",-0.839987,"[68.9505, 67.1671, 69.3816, 67.6511]",0.343056
0.083,0.0353894,0.0,0.0,25.494,0.0,384.407,484.406,93.8465,3,"[200.0, 200.0, 200.0, 200.0, 200.0, 200.0, 200.0, 200.0, 200.0, 200.0, 200.0, 200.0, 200.0, 200.0, 200.0, 200.0, 200.0, 200.0, 200.0, 200.0, 200.0, 200.0, 200.0, 200.0, 200.0, 200.0, 200.0, 200.0, 200.0, 200.0, 200.0, 200.0, 200.0, 200.0, 200.0, 200.0]",1,4319.13,80.9017,0.633901,1.58956,0.113,"[13.8242, 14.5503, 16.8018, 22.4164, 41.5744, 94.61, 73.9443, 48.3087, 22.3651, 12.5992, 7.55278, 5.12833, 3.8355, 3.06159, 2.20519, 1.61288, 1.3405, 1.21644, 1.18647]",-0.841902,"[68.7837, 67.1716, 69.3625, 67.7591]",0.345239
0.117,0.0326399,0.0,0.0,25.516,0.0,384.871,484.871,93.8465,3,"[200.0, 200.0, 200.0, 200.0, 200.0, 200.0, 200.0, 200.0, 200.0, 200.0, 200.0, 200.0, 200.0, 200.0, 200.0, 200.0, 200.0, 200.0, 200.0, 200.0, 200.0, 200.0, 200.0, 200.0, 200.0, 200.0, 200.0, 200.0, 200.0, 200.0, 200.0, 200.0, 200.0, 200.0, 200.0, 200.0]",1,4321.92,80.8587,0.553936,1.37448,0.114,"[13.836, 14.5501, 16.783, 22.3452, 40.9362, 95.4032, 74.9097, 49.9201, 22.708, 12.7397, 7.59072, 5.12994, 3.82538, 3.04768, 2.19017, 1.59896, 1.32745, 1.20361, 1.17311]",-0.843668,"[68.825, 67.0922, 69.4384, 67.7679]",0.345574
0.149,0.0300389,0.0,0.0,25.538,0.0,385.336,485.335,93.8465,3,"[200.0, 200.0, 200.0, 200.0, 200.0, 200.0, 200.0, 200.0, 200.0, 200.0, 200.0, 200.0, 200.0, 200.0, 200.0, 200.0, 200.0, 200.0, 200.0, 200.0, 200.0, 200.0, 200.0, 200.0, 200.0, 200.0, 200.0, 200.0, 200.0, 200.0, 200.0, 200.0, 200.0, 200.0, 200.0, 200.0]",1,4323.49,80.8295,0.572526,1.37599,0.114,"[13.8471, 14.5499, 16.7653, 22.2784, 40.3404, 96.1576, 75.8261, 51.3829, 23.0858, 12.8772, 7.62853, 5.1322, 3.81619, 3.03479, 2.17614, 1.58595, 1.31528, 1.19162, 1.16063]",-0.845319,"[68.7669, 67.1002, 69.3944, 67.8627]",0.343659
0.169,0.0272378,0.0,0.0,25.56,0.0,385.8,485.799,93.8465,3,"[200.0, 200.0, 200.0, 200.0, 200.0, 200.0, 200.0, 200.0, 200.0, 200.0, 200.0, 200.0, 200.0, 200.0, 200.0, 200.0, 200.0, 200.0, 200.0, 200.0, 200.0, 200.0, 200.0, 200.0, 200.0, 200.0, 200.0, 200.0, 200.0, 200.0, 200.0, 200.0, 200.0, 200.0, 200.0, 200.0]",1,4331.66,80.8079,0.546087,1.27398,0.114,"[13.8565, 14.547, 16.7432, 22.2028, 39.7362, 96.9521, 76.7829, 52.8416, 23.5702, 13.0468, 7.68436, 5.14524, 3.81432, 3.02734, 2.16572, 1.57545, 1.30508, 1.18138, 1.14981]",-0.846749,"[68.7836, 67.0468, 69.6494, 67.8349]",0.343179
0.19,0.0244929,0.0,0.0,25.582,0.0,386.264,486.264,93.8465,3,"[200.0, 200.0, 200.0, 200.0, 200.0, 200.0, 200.0, 200.0, 200.0, 200.0, 200.0, 200.0, 200.0, 200.0, 200.0, 200.0, 200.0, 200.0, 200.0, 200.0, 200.0, 200.0, 200.0, 200.0, 200.0, 200.0, 200.0, 200.0, 200.0, 200.0, 200.0, 200.0, 200.0, 200.0, 200.0, 200.0]",1,4328.38,80.8027,0.536323,1.21749,0.114,"[13.8652, 14.5436, 16.7209, 22.1283, 39.1587, 97.7285, 77.7149, 54.2175, 24.1277, 13.2224, 7.74469, 5.16136, 3.81484, 3.02189, 2.15683, 1.56609, 1.2959, 1.1721, 1.13994]",-0.848053,"[68.7509, 67.0667, 69.4165, 67.9961]",0.347518
0.214,0.0216991,0.0,0.0,25.604,0.0,386.729,486.728,93.8464,3,"[200.0, 200.0, 200.0, 200.0, 200.0, 200.0, 200.0, 200.0, 200.0, 200.0, 200.0, 200.0, 200.0, 200.0, 200.0, 200.0, 200.0, 200.0, 200.0, 200.0, 200.0, 200.0, 200.0, 200.0, 200.0, 200.0, 200.0, 200.0, 200.0, 200.0, 200.0, 200.0, 200.0, 200.0, 200.0, 200.0]",1,4339.97,80.7997,0.563661,1.22422,0.115,"[13.8722, 14.5382, 16.6961, 22.0502, 38.591, 98.5116, 78.6502, 55.5587, 24.7996, 13.4187, 7.81818, 5.18596, 3.82141, 3.02115, 2.15125, 1.55911, 1.28867, 1.16457, 1.13179]",-0.849129,"[68.7718, 67.0401, 69.8266, 67.9016]",0.343346
0.226,0.0189634,0.0,0.0,25.626,0.0,387.193,487.192,93.8463,3,"[200.0, 200.0, 200.0, 200.0, 200.0, 200.0, 200.0, 200.0, 200.0, 200.0, 200.0, 200.0, 200.0, 200.0, 200.0, 200.0, 200.0, 200.0, 200.0, 200.0, 200.0, 200.0, 200.0, 200.0, 200.0, 200.0, 200.0, 200.0, 200.0, 200.0, 200.0, 200.0, 200.0, 200.0, 200.0, 200.0]",1,4334.3,80.8157,0.521028,1.0894,0.115,"[13.8783, 14.5322, 16.671, 21.9731, 38.0466, 99.2768, 79.5618, 56.8366, 25.5797, 13.622, 7.89733, 5.2145, 3.83097, 3.02285, 2.1475, 1.55355, 1.28265, 1.15818, 1.12476]",-0.850059,"[68.7456, 67.0801, 69.5914, 68.0036]",0.348315
0.253,0.0159084,0.0,0.0,25.648,0.0,387.657,487.656,93.8463,3,"[200.0, 200.0, 200.0, 200.0, 200.0, 200.0, 200.0, 200.0, 200.0, 200.0, 200.0, 200.0, 200.0, 200.0, 200.0, 200.0, 200.0, 200.0, 200.0, 200.0, 200.0, 200.0, 200.0, 200.0, 200.0, 200.0, 200.0, 200.0, 200.0, 200.0, 200.0, 200.0, 200.0, 200.0, 200.0, 200.0]",1,4334.33,80.8378,0.52287,1.0689,0.115,"[13.8831, 14.5232, 16.6405, 21.8843, 37.4819, 100.106, 80.5403, 58.1685, 26.5896, 13.8699, 8.00044, 5.25628, 3.84895, 3.0305, 2.14741, 1.5503, 1.27839, 1.15326, 1.11908]",-0.850808,"[68.8372, 67.0285, 69.5144, 68.0705]",0.343403
0.28,0.013221,0.0,0.0,25.67,0.0,388.121,488.121,93.8462,3,"[200.0, 200.0, 200.0, 200.0, 200.0, 200.0, 200.0, 200.0, 200.0, 200.0, 200.0, 200.0, 200.0, 200.0, 200.0, 200.0, 200.0, 200.0, 200.0, 200.0, 200.0, 200.0, 200.0, 200.0, 200.0, 200.0, 200.0, 200.0, 200.0, 200.0, 200.0, 200.0, 200.0, 200.0, 200.0, 200.0]",1,4343.15,80.872,0.513589,0.987551,0.115,"[13.8866, 14.5147, 16.613, 21.8059, 36.9712, 100.851, 81.4234, 59.3602, 27.6962, 14.0987, 8.09813, 5.29719, 3.86761, 3.03938, 2.14882, 1.54852, 1.27553, 1.14975, 1.11488]",-0.851363,"[68.778, 67.1326, 69.6761, 68.1971]",0.347797
0.3,0.0103913,0.0,0.0,25.692,0.0,388.586,488.585,93.8461,3,"[200.0, 200.0, 200.0, 200.0, 200.0, 200.0, 200.0, 200.0, 200.0, 200.0, 200.0, 200.0, 200.0, 200.0, 200.0, 200.0, 200.0, 200.0, 200.0, 200.0, 200.0, 200.0, 200.0, 200.0, 200.0, 200.0, 200.0, 200.0, 200.0, 200.0, 200.0, 200.0, 200.0, 200.0, 200.0, 200.0]",1,4341.16,80.9158,0.535448,0.982103,0.115,"[13.8889, 14.5042, 16.5824, 21.7204, 36.4581, 101.623, 82.332, 60.5625, 29.0762, 14.3562, 8.21298, 5.34816, 3.89289, 3.05313, 2.15336, 1.54885, 1.27433, 1.14769, 1.11205]",-0.851735,"[68.8799, 67.0963, 69.7653, 68.1908]",0.343633
0.322,0.00769949,0.0,0.0,25.714,0.0,389.051,489.05,93.846,3,"[200.0, 200.0, 200.0, 200.0, 200.0, 200.0, 200.0, 200.0, 200.0, 200.0, 200.0, 200.0, 200.0, 200.0, 200.0, 200.0, 200.0, 200.0, 200.0, 200.0, 200.0, 200.0, 200.0, 200.0, 200.0, 200.0, 200.0, 200.0, 200.0, 200.0, 200.0, 200.0, 200.0, 200.0, 200.0, 200.0]",1,4354.3,80.9695,0.521469,0.909307,0.115,"[13.8899, 14.493, 16.552, 21.6358, 35.9704, 102.361, 83.2011, 61.7007, 30.7074, 14.6152, 8.33251, 5.4033, 3.92167, 3.06985, 2.16023, 1.55098, 1.27469, 1.14707, 1.11066]",-0.851916,"[68.8679, 67.209, 69.7632, 68.5141]",0.346942
0.34,0.00506932,0.0,0.0,25.736,0.0,389.516,489.516,93.8459,3,"[200.0, 200.0, 200.0, 200.0, 200.0, 200.0, 200.0, 200.0, 200.0, 200.0, 200.0, 200.0, 200.0, 200.0, 200.0, 200.0, 200.0, 200.0, 200.0, 200.0, 200.0, 200.0, 200.0, 200.0, 200.0, 200.0, 200.0, 200.0, 200.0, 200.0, 200.0, 200.0, 200.0, 200.0, 200.0, 200.0]",1,4368.06,81.0261,0.555167,0.907097,0.116,"[13.8896, 14.4809, 16.521, 21.5498, 35.499, 103.081, 84.0487, 62.7992, 32.6887, 14.8825, 8.45979, 5.46395, 3.95464, 3.0899, 2.16951, 1.55489, 1.27652, 1.14781, 1.1106]",-0.851922,"[68.9604, 67.2125, 70.3858, 68.3361]",0.344103
0.35,0.00240424,0.0,0.0,25.758,0.0,389.982,489.981,93.8458,3,"[200.0, 200.0, 200.0, 200.0, 200.0, 200.0, 200.0, 200.0, 200.0, 200.0, 200.0, 200.0, 200.0, 200.0, 200.0, 200.0, 200.0, 200.0, 200.0, 200.0, 200.0, 200.0, 200.0, 200.0, 200.0, 200.0, 200.0, 200.0, 200.0, 200.0, 200.0, 200.0, 200.0, 200.0, 200.0, 200.0]",1,4372.63,81.0973,0.541111,0.850629,0.116,"[13.888, 14.4672, 16.488, 21.4594, 35.0336, 103.805, 84.8976, 63.8864, 35.1838, 15.1685, 8.60045, 5.53318, 3.99345, 3.11442, 2.18181, 1.56087, 1.28008, 1.15008, 1.11201]",-0.851733,"[68.9792, 67.3289, 69.8455, 69.0018]",0.34589
0.363,-0.000115544,0.0,0.0,25.78,0.0,390.448,490.447,93.8458,3,"[200.0, 200.0, 200.0, 200.0, 200.0, 200.0, 200.0, 200.0, 200.0, 200.0, 200.0, 200.0, 200.0, 200.0, 200.0, 200.0, 200.0, 200.0, 200.0, 200.0, 200.0, 200.0, 200.0, 200.0, 200.0, 200.0, 200.0, 200.0, 200.0, 200.0, 200.0, 200.0, 200.0, 200.0, 200.0, 200.0]",1,4395.02,81.1629,0.573859,0.835033,0.116,"[13.8854, 14.453, 16.4555, 21.3702, 34.5903, 104.495, 85.707, 64.9166, 37.8545, 15.4528, 8.74439, 5.60581, 4.03526, 3.14148, 2.19608, 1.56844, 1.28496, 1.15358, 1.11465]",-0.85138,"[69.0703, 67.3515, 70.9376, 68.4688]",0.344804
0.359,-0.00284505,0.0,0.0,25.802,0.0,390.915,490.914,93.8457,3,"[200.0, 200.0, 200.0, 200.0, 200.0, 200.0, 200.0, 200.0, 200.0, 200.0, 200.0, 200.0, 200.0, 200.0, 200.0, 200.0, 200.0, 200.0, 200.0, 200.0, 200.0, 200.0, 200.0, 200.0, 200.0, 200.0, 200.0, 200.0, 200.0, 200.0, 200.0, 200.0, 200.0, 200.0, 200.0, 200.0]",1,4384.31,81.2463,0.569815,0.823412,0.116,"[13.8813, 14.4365, 16.4192, 21.2717, 34.1367, 105.224, 86.5572, 65.9833, 40.1317, 15.7869, 8.911, 5.69145, 4.08544, 3.17445, 2.21405, 1.57837, 1.29165, 1.15863, 1.11874]",-0.850837,"[69.0907, 67.4352, 69.9158, 69.2422]",0.344809
0.381,-0.00527078,0.0,0.0,25.824,0.0,391.382,491.381,93.8455,3,"[200.0, 200.0, 200.0, 200.0, 200.0, 200.0, 200.0, 200.0, 200.0, 200.0, 200.0, 200.0, 200.0, 200.0, 200.0, 200.0, 200.0, 200.0, 200.0, 200.0, 200.0, 200.0, 200.0, 200.0, 200.0, 200.0, 200.0, 200.0, 200.0, 200.0, 200.0, 200.0, 200.0, 200.0, 200.0, 200.0]",1,4426.92,81.3145,0.512659,0.61657,0.116,"[13.8762, 14.4202, 16.3851, 21.1789, 33.7167, 105.886, 87.3331, 66.957, 41.9962, 16.1474, 9.07245, 5.7766, 4.13644, 3.20876, 2.23343, 1.5896, 1.29956, 1.16487, 1.12403]",-0.850132,"[69.1371, 67.5175, 71.7301, 68.6596]",0.345641
0.368,-0.00750214,0.0,0.0,25.846,0.0,391.849,491.848,93.8454,3,"[200.0, 200.0, 200.0, 200.0, 200.0, 200.0, 200.0, 200.0, 200.0, 200.0, 200.0, 200.0, 200.0, 200.0, 200.0, 200.0, 200.0, 200.0, 200.0, 200.0, 200.0, 200.0, 200.0, 200.0, 200.0, 200.0, 200.0, 200.0, 200.0, 200.0, 200.0, 200.0, 200.0, 200.0, 200.0, 200.0]",1,4404.24,81.4097,0.559629,0.617617,0.116,"[13.8703, 14.4041, 16.3524, 21.0889, 33.3194, 106.505, 88.0599, 67.8675, 43.6163, 16.5495, 9.23163, 5.86227, 4.18858, 3.24424, 2.25393, 1.6018, 1.30836, 1.17195, 1.1302]",-0.849311,"[69.2164, 67.6026, 70.0024, 69.6314]",0.342449
0.386,-0.0100006,0.0,0.0,25.868,0.0,392.317,492.316,93.8453,3,"[200.0, 200.0, 200.0, 200.0, 200.0, 200.0, 200.0, 200.0, 200.0, 200.0, 200.0, 200.0, 200.0, 200.0, 200.0, 200.0, 200.0, 200.0, 200.0, 200.0, 200.0, 200.0, 200.0, 200.0, 200.0, 200.0, 200.0, 200.0, 200.0, 200.0, 200.0, 200.0, 200.0, 200.0, 200.0, 200.0]",1,4427.41,81.4888,0.54159,0.50251,0.116,"[13.8629, 14.3852, 16.315, 20.9882, 32.9061, 107.174, 88.8405, 68.8316, 45.208, 17.0709, 9.41821, 5.96356, 4.25062, 3.28674, 2.27869, 1.61668, 1.31918, 1.18076, 1.13793]",-0.848283,"[69.2987, 67.6453, 71.6326, 68.7956]",0.342027
0.381,-0.0123158,0.0,0.0,25.89,0.0,392.786,492.785,93.8451,3,"[200.0, 200.0, 200.0, 200.0, 200.0, 200.0, 200.0, 200.0, 200.0, 200.0, 200.0, 200.0, 200.0, 200.0, 200.0, 200.0, 200.0, 200.0, 200.0, 200.0, 200.0, 200.0, 200.0, 200.0, 200.0, 200.0, 200.0, 200.0, 200.0, 200.0, 200.0, 200.0, 200.0, 200.0, 200.0, 200.0]",1,4401.13,81.5925,0.567,0.487962,0.116,"[13.8547, 14.3663, 16.2789, 20.89, 32.5135, 107.803, 89.5751, 69.7376, 46.6427, 17.6607, 9.60318, 6.06584, 4.31408, 3.33062, 2.30471, 1.63261, 1.33092, 1.19044, 1.14656]",-0.847136,"[69.3674, 67.7472, 70.2551, 69.517]",0.347028
0.403,-0.0149461,0.0,0.0,25.912,0.0,393.255,493.254,93.8449,3,"[200.0, 200.0, 200.0, 200.0, 200.0, 200.0, 200.0, 200.0, 200.0, 200.0, 200.0, 200.0, 200.0, 200.0, 200.0, 200.0, 200.0, 200.0, 200.0, 200.0, 200.0, 200.0, 200.0, 200.0, 200.0, 200.0, 200.0, 200.0, 200.0, 200.0, 200.0, 200.0, 200.0, 200.0, 200.0, 200.0]",1,4426.18,81.6811,0.582309,0.471966,0.115,"[13.845, 14.3445, 16.2375, 20.78, 32.102, 108.491, 90.3733, 70.7085, 48.1007, 18.4261, 9.82064, 6.18661, 4.38911, 3.3826, 2.33558, 1.65157, 1.34494, 1.20202, 1.15691]",-0.845762,"[69.482, 67.7956, 71.3616, 69.0118]",0.342556
0.395,-0.0173652,0.0,0.0,25.934,0.0,393.724,493.724,93.8447,3,"[200.0, 200.0, 200.0, 200.0, 200.0, 200.0, 200.0, 200.0, 200.0, 200.0, 200.0, 200.0, 200.0, 200.0, 200.0, 200.0, 200.0, 200.0, 200.0, 200.0, 200.0, 200.0, 200.0, 200.0, 200.0, 200.0, 200.0, 200.0, 200.0, 200.0, 200.0, 200.0, 200.0, 200.0, 200.0, 200.0]",1,4412.26,81.7885,0.541111,0.32594,0.115,"[13.8344, 14.3227, 16.1975, 20.6732, 31.7121, 109.133, 91.1197, 71.6165, 49.4303, 19.3014, 10.0353, 6.308, 4.4655, 3.43599, 2.36774, 1.67162, 1.35994, 1.21453, 1.16821]",-0.844262,"[69.5464, 67.8994, 70.9038, 69.2267]",0.348671
0.414,-0.0204169,0.0,0.0,25.956,0.0,394.195,494.194,93.8446,3,"[200.0, 200.0, 200.0, 200.0, 200.0, 200.0, 200.0, 200.0, 200.0, 200.0, 200.0, 200.0, 200.0, 200.0, 200.0, 200.0, 200.0, 200.0, 200.0, 200.0, 200.0, 200.0, 200.0, 200.0, 200.0, 200.0, 200.0, 200.0, 200.0, 200.0, 200.0, 200.0, 200.0, 200.0, 200.0, 200.0]",1,4408.84,81.8987,0.535947,0.318293,0.115,"[13.8227, 14.297, 16.1494, 20.548, 31.2841, 109.897, 91.9957, 72.661, 50.8839, 20.5044, 10.3014, 6.45663, 4.55768, 3.49971, 2.4055, 1.69478, 1.37706, 1.22869, 1.18088]",-0.842583,"[69.7337, 67.8888, 70.4377, 69.4134]",0.342712
0.432,-0.0229583,0.0,0.0,25.978,0.0,394.666,494.665,93.8444,3,"[200.0, 200.0, 200.0, 200.0, 200.0, 200.0, 200.0, 200.0, 200.0, 200.0, 200.0, 200.0, 200.0, 200.0, 200.0, 200.0, 200.0, 200.0, 200.0, 200.0, 200.0, 200.0, 200.0, 200.0, 200.0, 200.0, 200.0, 200.0, 200.0, 200.0, 200.0, 200.0, 200.0, 200.0, 200.0, 200.0]",1,4428.66,82.0071,0.501044,0.173109,0.115,"[13.8097, 14.2724, 16.1057, 20.433, 30.8967, 110.555, 92.757, 73.5751, 52.1463, 21.8469, 10.5479, 6.59858, 4.64772, 3.56301, 2.44392, 1.71893, 1.39525, 1.24397, 1.19475]",-0.840742,"[69.7046, 68.0962, 70.9969, 69.5805]",0.348621
0.432,-0.0259086,0.0,0.0,26.0,0.0,395.137,495.136,93.8442,3,"[200.0, 200.0, 200.0, 200.0, 200.0, 200.0, 200.0, 200.0, 200.0, 200.0, 200.0, 200.0, 200.0, 200.0, 200.0, 200.0, 200.0, 200.0, 200.0, 200.0, 200.0, 200.0, 200.0, 200.0, 200.0, 200.0, 200.0, 200.0, 200.0, 200.0, 200.0, 200.0, 200.0, 200.0, 200.0, 200.0]",1,4420.85,82.1246,0.536623,0.224631,0.115,"[13.7956, 14.2447, 16.0562, 20.3055, 30.4877, 111.289, 93.5992, 74.5726, 53.478, 23.6377, 10.8355, 6.763, 4.75126, 3.63534, 2.48745, 1.74607, 1.41557, 1.26096, 1.21013]",-0.838703,"[69.9212, 68.0811, 70.7925, 69.5525]",0.342625
0.449,-0.0283489,0.0,0.0,26.022,0.0,395.609,495.609,93.8441,3,"[200.0, 200.0, 200.0, 200.0, 200.0, 200.0, 200.0, 200.0, 200.0, 200.0, 200.0, 200.0, 200.0, 200.0, 200.0, 200.0, 200.0, 200.0, 200.0, 200.0, 200.0, 200.0, 200.0, 200.0, 200.0, 200.0, 200.0, 200.0, 200.0, 200.0, 200.0, 200.0, 200.0, 200.0, 200.0, 200.0]",1,4440.77,82.2439,0.507179,0.0920936,0.115,"[13.78, 14.2178, 16.0108, 20.1875, 30.1157, 111.92, 94.3288, 75.444, 54.64, 25.7059, 11.1274, 6.92069, 4.85287, 3.70745, 2.53188, 1.77441, 1.43714, 1.27921, 1.22685]",-0.836485,"[69.8798, 68.3101, 71.0853, 69.8615]",0.347812
0.447,-0.0310518,0.0,0.0,26.044,0.0,396.082,496.082,93.8439,3,"[200.0, 200.0, 200.0, 200.0, 200.0, 200.0, 200.0, 200.0, 200.0, 200.0, 200.0, 200.0, 200.0, 200.0, 200.0, 200.0, 200.0, 200.0, 200.0, 200.0, 200.0, 200.0, 200.0, 200.0, 200.0, 200.0, 200.0, 200.0, 200.0, 200.0, 200.0, 200.0, 200.0, 200.0, 200.0, 200.0]",1,4438.51,82.3655,0.565207,0.153191,0.114,"[13.7632, 14.1886, 15.9613, 20.0607, 29.7316, 112.598, 95.1082, 76.3655, 55.8394, 28.4693, 11.4949, 7.09662, 4.96572, 3.78731, 2.5808, 1.80544, 1.46066, 1.2991, 1.24503]",-0.834075,"[70.1038, 68.3016, 71.1246, 69.8246]",0.342972
0.458,-0.033433,0.0,0.0,26.066,0.0,396.556,496.556,93.8437,3,"[200.0, 200.0, 200.0, 200.0, 200.0, 200.0, 200.0, 200.0, 200.0, 200.0, 200.0, 200.0, 200.0, 200.0, 200.0, 200.0, 200.0, 200.0, 200.0, 200.0, 200.0, 200.0, 200.0, 200.0, 200.0, 200.0, 200.0, 200.0, 200.0, 200.0, 200.0, 200.0, 200.0, 200.0, 200.0, 200.0]",1,4451.65,82.4957,0.527911,0.0440021,0.114,"[13.7449, 14.1593, 15.9138, 19.9386, 29.3702, 113.209, 95.816, 77.2066, 56.9312, 31.4162, 11.9021, 7.27119, 5.07962, 3.86883, 2.63145, 1.83802, 1.4856, 1.32033, 1.26459]",-0.831482,"[70.0778, 68.4815, 71.2292, 70.0587]",0.346734
0.464,-0.032438,0.0,0.0,26.088,0.0,397.031,497.03,93.8436,3,"[200.0, 200.0, 200.0, 200.0, 200.0, 200.0, 200.0, 200.0, 200.0, 200.0, 200.0, 200.0, 200.0, 200.0, 200.0, 200.0, 200.0, 200.0, 200.0, 200.0, 200.0, 200.0, 200.0, 200.0, 200.0, 200.0, 200.0, 200.0, 200.0, 200.0, 200.0, 200.0, 200.0, 200.0, 200.0, 200.0]",1,4461.84,82.6006,-0.222161,0.111536,-0.8,"[13.7263, 14.1444, 15.9025, 19.8913, 29.2078, 113.166, 95.8224, 77.291, 57.1666, 32.4478, 12.0547, 7.32388, 5.12809, 3.91081, 2.66361, 1.86218, 1.50586, 1.33878, 1.28262]",-0.829073,"[69.3425, 68.9904, 70.8533, 70.8892]",0.343413
0.531,-0.0236748,0.0,0.0,26.11,0.0,397.506,497.506,93.8434,3,"[200.0, 200.0, 200.0, 200.0, 200.0, 200.0, 200.0, 200.0, 200.0, 200.0, 200.0, 200.0, 200.0, 200.0, 200.0, 200.0, 200.0, 200.0, 200.0, 200.0, 200.0, 200.0, 200.0, 200.0, 200.0, 200.0, 200.0, 200.0, 200.0, 200.0, 200.0, 200.0, 200.0, 200.0, 200.0, 200.0]",1,4468.95,82.6408,-0.799907,0.233679,-0.8,"[13.7112, 14.1669, 15.9773, 20.0216, 29.499, 111.619, 94.2225, 75.6501, 55.4791, 30.3049, 11.507, 7.0849, 5.01408, 3.85147, 2.64548, 1.86151, 1.51102, 1.34705, 1.29356]",-0.827573,"[67.8614, 69.0812, 70.4882, 71.3404]",0.343948
0.526,-0.0083105,0.0,0.0,26.132,0.0,397.982,497.981,93.8432,3,"[200.0, 200.0, 200.0, 200.0, 200.0, 200.0, 200.0, 200.0, 200.0, 200.0, 200.0, 200.0, 200.0, 200.0, 200.0, 200.0, 200.0, 200.0, 200.0, 200.0, 200.0, 200.0, 200.0, 200.0, 200.0, 200.0, 200.0, 200.0, 200.0, 200.0, 200.0, 200.0, 200.0, 200.0, 200.0, 200.0]",1,4490.46,82.6458,-0.883025,0.121212,0.113,"[13.7045, 14.2275, 16.1299, 20.3129, 30.2042, 108.777, 91.2421, 72.5273, 52.128, 24.9968, 10.4688, 6.62997, 4.7719, 3.70796, 2.58232, 1.8369, 1.50065, 1.34415, 1.29605]",-0.827198,"[67.9435, 70.5774, 70.2421, 72.3818]",0.340918
0.412,0.00686869,0.0,0.0,26.154,0.0,398.458,498.457,93.8431,3,"[200.0, 200.0, 200.0, 200.0, 200.0, 200.0, 200.0, 200.0, 200.0, 200.0, 200.0, 200.0, 200.0, 200.0, 200.0, 200.0, 200.0, 200.0, 200.0, 200.0, 200.0, 200.0, 200.0, 200.0, 200.0, 200.0, 200.0, 200.0, 200.0, 200.0, 200.0, 200.0, 200.0, 200.0, 200.0, 200.0]",1,4453.33,82.7651,0.0269695,0.48104,0.113,"[13.7072, 14.2976, 16.2884, 20.6141, 30.9477, 105.947, 88.2757, 69.4179, 48.7654, 20.9192, 9.55877, 6.20647, 4.53638, 3.5622, 2.51282, 1.80588, 1.48448, 1.33582, 1.29321]",-0.827577,"[68.547, 70.2855, 70.0069, 71.358]",0.337562
0.217,0.0132588,0.0,0.0,26.176,0.0,398.934,498.933,93.843,3,"[200.0, 200.0, 200.0, 200.0, 200.0, 200.0, 200.0, 200.0, 200.0, 200.0, 200.0, 200.0, 200.0, 200.0, 200.0, 200.0, 200.0, 200.0, 200.0, 200.0, 200.0, 200.0, 200.0, 200.0, 200.0, 200.0, 200.0, 200.0, 200.0, 200.0, 200.0, 200.0, 200.0, 200.0, 200.0, 200.0]",1,4436.22,82.7652,0.689801,0.451961,0.113,"[13.7105, 14.3297, 16.3482, 20.7059, 31.153, 104.833, 87.1408, 68.2774, 47.629, 20.0004, 9.24927, 6.0373, 4.43991, 3.50116, 2.48256, 1.79166, 1.47657, 1.33125, 1.29096]",-0.827887,"[69.4803, 69.5635, 70.4222, 70.4202]",0.33708
0.105,0.0153822,0.0,0.0,26.198,0.0,399.41,499.409,93.843,3,"[200.0, 200.0, 200.0, 200.0, 200.0, 200.0, 200.0, 200.0, 200.0, 200.0, 200.0, 200.0, 200.0, 200.0, 200.0, 200.0, 200.0, 200.0, 200.0, 200.0, 200.0, 200.0, 200.0, 200.0, 200.0, 200.0, 200.0, 200.0, 200.0, 200.0, 200.0, 200.0, 200.0, 200.0, 200.0, 200.0]",1,4418.88,82.7221,0.941814,0.637401,0.113,"[13.7135, 14.3423, 16.3579, 20.6921, 31.0747, 104.558, 86.8989, 68.096, 47.5836, 20.2837, 9.19774, 5.97587, 4.40326, 3.47694, 2.46951, 1.78466, 1.47205, 1.32802, 1.28854]",-0.828215,"[69.9863, 69.0411, 70.5891, 69.6891]",0.342092
0.08,0.01466,0.0,0.0,26.22,0.0,399.886,499.885,93.843,3,"[200.0, 200.0, 200.0, 200.0, 200.0, 200.0, 200.0, 200.0, 200.0, 200.0, 200.0, 200.0, 200.0, 200.0, 200.0, 200.0, 200.0, 200.0, 200.0, 200.0, 200.0, 200.0, 200.0, 200.0, 200.0, 200.0, 200.0, 200.0, 200.0, 200.0, 200.0, 200.0, 200.0, 200.0, 200.0, 200.0]",1,4413.35,82.6716,0.915634,0.605593,0.113,"[13.7152, 14.3409, 16.3329, 20.6066, 30.8037, 104.842, 87.2503, 68.549, 48.2485, 21.5125, 9.3318, 5.98728, 4.4069, 3.47805, 2.46878, 1.78329, 1.47048, 1.32632, 1.28664]",-0.828466,"[70.1564, 68.8315, 70.715, 69.3812]",0.339555
0.096,0.0132923,0.0,0.0,26.242,0.0,400.361,500.361,93.843,3,"[200.0, 200.0, 200.0, 200.0, 200.0, 200.0, 200.0, 200.0, 200.0, 200.0, 200.0, 200.0, 200.0, 200.0, 200.0, 200.0, 200.0, 200.0, 200.0, 200.0, 200.0, 200.0, 200.0, 200.0, 200.0, 200.0, 200.0, 200.0, 200.0, 200.0, 200.0, 200.0, 200.0, 200.0, 200.0, 200.0]",1,4412.92,82.6298,0.855958,0.503098,0.113,"[13.7168, 14.3365, 16.2987, 20.5044, 30.4933, 105.249, 87.7316, 69.138, 49.0529, 23.2459, 9.53298, 6.02478, 4.41917, 3.48449, 2.47055, 1.78293, 1.46938, 1.32477, 1.28468]",-0.828724,"[70.2073, 68.6913, 70.7652, 69.3296]",0.346344
0.117,0.0108348,0.0,0.0,26.264,0.0,400.837,500.836,93.843,3,"[200.0, 200.0, 200.0, 200.0, 200.0, 200.0, 200.0, 200.0, 200.0, 200.0, 200.0, 200.0, 200.0, 200.0, 200.0, 200.0, 200.0, 200.0, 200.0, 200.0, 200.0, 200.0, 200.0, 200.0, 200.0, 200.0, 200.0, 200.0, 200.0, 200.0, 200.0, 200.0, 200.0, 200.0, 200.0, 200.0]",1,4413.56,82.5965,0.757131,0.420559,0.113,"[13.7177, 14.3264, 16.2503, 20.3751, 30.1167, 105.865, 88.4338, 69.9593, 50.1007, 25.8045, 9.84854, 6.10639, 4.4485, 3.5018, 2.47785, 1.78529, 1.46986, 1.32423, 1.28333]",-0.8289,"[70.265, 68.5853, 70.8573, 69.2564]",0.341354
0.15,0.00869882,0.0,0.0,26.286,0.0,401.312,501.311,93.843,3,"[200.0, 200.0, 200.0, 200.0, 200.0, 200.0, 200.0, 200.0, 200.0, 200.0, 200.0, 200.0, 200.0, 200.0, 200.0, 200.0, 200.0, 200.0, 200.0, 200.0, 200.0, 200.0, 200.0, 200.0, 200.0, 200.0, 200.0, 200.0, 200.0, 200.0, 200.0, 200.0, 200.0, 200.0, 200.0, 200.0]",1,4419.37,82.5779,0.695766,0.318264,0.113,"[13.7181, 14.3166, 16.203, 20.2517, 29.766, 106.416, 89.0646, 70.7017, 51.0479, 27.8653, 10.1961, 6.19807, 4.47675, 3.51805, 2.48496, 1.78787, 1.47073, 1.32415, 1.28252]",-0.829003,"[70.2155, 68.5866, 70.8714, 69.4289]",0.348206
0.17,0.00576729,0.0,0.0,26.308,0.0,401.787,501.786,93.843,3,"[200.0, 200.0, 200.0, 200.0, 200.0, 200.0, 200.0, 200.0, 200.0, 200.0, 200.0, 200.0, 200.0, 200.0, 200.0, 200.0, 200.0, 200.0, 200.0, 200.0, 200.0, 200.0, 200.0, 200.0, 200.0, 200.0, 200.0, 200.0, 200.0, 200.0, 200.0, 200.0, 200.0, 200.0, 200.0, 200.0]",1,4417.77,82.5696,0.631426,0.278516,0.113,"[13.7175, 14.3004, 16.1448, 20.1088, 29.3716, 107.116, 89.8536, 71.6087, 52.1621, 29.8641, 10.6757, 6.33527, 4.52857, 3.54417, 2.49736, 1.7933, 1.47344, 1.32542, 1.28278]",-0.828967,"[70.2907, 68.5004, 70.9662, 69.2715]",0.341869
0.199,0.00342312,0.0,0.0,26.33,0.0,402.262,502.261,93.8429,3,"[200.0, 200.0, 200.0, 200.0, 200.0, 200.0, 200.0, 200.0, 200.0, 200.0, 200.0, 200.0, 200.0, 200.0, 200.0, 200.0, 200.0, 200.0, 200.0, 200.0, 200.0, 200.0, 200.0, 200.0, 200.0, 200.0, 200.0, 200.0, 200.0, 200.0, 200.0, 200.0, 200.0, 200.0, 200.0, 200.0]",1,4426.9,82.5727,0.596993,0.184721,0.113,"[13.7162, 14.2842, 16.0901, 19.977, 29.0176, 107.699, 90.5181, 72.3815, 53.1195, 31.4757, 11.1906, 6.4809, 4.58581, 3.56928, 2.50923, 1.79903, 1.47675, 1.32746, 1.28394]",-0.82881,"[70.2055, 68.5802, 70.9605, 69.556]",0.348634
0.21,0.00367787,0.0,0.0,26.352,0.0,402.737,502.736,93.8428,3,"[200.0, 200.0, 200.0, 200.0, 200.0, 200.0, 200.0, 200.0, 200.0, 200.0, 200.0, 200.0, 200.0, 200.0, 200.0, 200.0, 200.0, 200.0, 200.0, 200.0, 200.0, 200.0, 200.0, 200.0, 200.0, 200.0, 200.0, 200.0, 200.0, 200.0, 200.0, 200.0, 200.0, 200.0, 200.0, 200.0]",1,4422.95,82.5714,-0.111836,0.217898,-0.8,"[13.7163, 14.2786, 16.0608, 19.901, 28.8207, 107.78, 90.6507, 72.5895, 53.4618, 32.2353, 11.5143, 6.55816, 4.60926, 3.57429, 2.50795, 1.79841, 1.47639, 1.32724, 1.28381]",-0.828826,"[69.4723, 68.8259, 70.413, 69.9997]",0.341609
0.305,0.0108261,0.0,0.0,26.374,0.0,403.212,503.211,93.8427,3,"[200.0, 200.0, 200.0, 200.0, 200.0, 200.0, 200.0, 200.0, 200.0, 200.0, 200.0, 200.0, 200.0, 200.0, 200.0, 200.0, 200.0, 200.0, 200.0, 200.0, 200.0, 200.0, 200.0, 200.0, 200.0, 200.0, 200.0, 200.0, 200.0, 200.0, 200.0, 200.0, 200.0, 200.0, 200.0, 200.0]",1,4440.03,82.5071,-0.66695,0.22848,-0.8,"[13.7228, 14.3058, 16.1036, 19.9752, 29.0367, 106.537, 89.3832, 71.3188, 52.2177, 31.0612, 11.1391, 6.40192, 4.51582, 3.50879, 2.46831, 1.77823, 1.46403, 1.31897, 1.27821]",-0.829582,"[67.9102, 68.7544, 70.113, 70.8251]",0.346819
0.323,0.0275813,0.0,0.0,26.396,0.0,403.686,503.685,93.8427,3,"[200.0, 200.0, 200.0, 200.0, 200.0, 200.0, 200.0, 200.0, 200.0, 200.0, 200.0, 200.0, 200.0, 200.0, 200.0, 200.0, 200.0, 200.0, 200.0, 200.0, 200.0, 200.0, 200.0, 200.0, 200.0, 200.0, 200.0, 200.0, 200.0, 200.0, 200.0, 200.0, 200.0, 200.0, 200.0, 200.0]",1,4427.94,82.2109,-1.33981,0.503344,-0.8,"[13.7435, 14.3834, 16.2533, 20.2697, 29.8961, 103.432, 86.1517, 67.9787, 48.7581, 27.1486, 9.91828, 5.93975, 4.2624, 3.34363, 2.37695, 1.72914, 1.43304, 1.29752, 1.26299]",-0.831665,"[65.7203, 69.4225, 68.8232, 71.7933]",0.338636
0.331,0.0515577,0.0,0.0,26.418,0.0,404.157,504.156,93.8426,3,"[200.0, 200.0, 200.0, 200.0, 200.0, 200.0, 200.0, 200.0, 200.0, 200.0, 200.0, 200.0, 200.0, 200.0, 200.0, 200.0, 200.0, 200.0, 200.0, 200.0, 200.0, 200.0, 200.0, 200.0, 200.0, 200.0, 200.0, 200.0, 200.0, 200.0, 200.0, 200.0, 200.0, 200.0, 200.0, 200.0]",1,4423.99,82.0095,-1.43537,0.83557,0.113,"[13.7862, 14.5085, 16.4973, 20.7572, 31.4351, 98.8817, 81.4013, 63.0392, 43.5622, 20.4408, 8.40796, 5.31794, 3.91054, 3.1109, 2.24674, 1.65528, 1.38441, 1.26233, 1.23648]",-0.835353,"[66.4453, 71.2853, 68.2309, 72.1884]",0.341838
0.212,0.0781151,0.0,0.0,26.44,0.0,404.627,504.627,93.8425,3,"[200.0, 200.0, 200.0, 200.0, 200.0, 200.0, 200.0, 200.0, 200.0, 200.0, 200.0, 200.0, 200.0, 200.0, 200.0, 200.0, 200.0, 200.0, 200.0, 200.0, 200.0, 200.0, 200.0, 200.0, 200.0, 200.0, 200.0, 200.0, 200.0, 200.0, 200.0, 200.0, 200.0, 200.0, 200.0, 200.0]",1,4397.38,82.0121,-0.275989,0.93921,0.114,"[13.849, 14.6625, 16.7934, 21.3514, 33.5714, 93.7545, 76.0514, 57.465, 37.6174, 14.5352, 7.09043, 4.71257, 3.54928, 2.86409, 2.10307, 1.57026, 1.32488, 1.2173, 1.20068]",-0.840393,"[66.5665, 71.2792, 67.7495, 71.8661]",0.33444
0.0,0.0937636,0.058,0.0,26.462,0.0,405.098,505.098,93.8424,3,"[200.0, 200.0, 200.0, 200.0, 200.0, 200.0, 200.0, 200.0, 200.0, 200.0, 200.0, 200.0, 200.0, 200.0, 200.0, 200.0, 200.0, 200.0, 200.0, 200.0, 200.0, 200.0, 200.0, 200.0, 200.0, 200.0, 200.0, 200.0, 200.0, 200.0, 200.0, 200.0, 200.0, 200.0, 200.0, 200.0]",1,4344.72,81.7527,1.04279,1.31029,0.114,"[13.9043, 14.7668, 16.977, 21.7047, 35.0659, 90.6862, 72.8696, 54.1738, 34.1186, 12.3556, 6.42518, 4.36384, 3.32303, 2.69968, 1.99833, 1.50195, 1.27257, 1.17333, 1.16188]",-0.845759,"[67.4506, 68.7678, 68.1795, 69.762]",0.334289
0.0,0.0943669,0.177,0.0,26.484,0.0,405.595,505.594,93.8423,3,"[200.0, 200.0, 200.0, 200.0, 200.0, 200.0, 200.0, 200.0, 200.0, 200.0, 200.0, 200.0, 200.0, 200.0, 200.0, 200.0, 200.0, 200.0, 200.0, 200.0, 200.0, 200.0, 200.0, 200.0, 200.0, 200.0, 200.0, 200.0, 200.0, 200.0, 200.0, 200.0, 200.0, 200.0, 200.0, 200.0]",1,4298.89,81.2509,1.325,1.37182,0.114,"[13.9445, 14.8121, 17.0325, 21.7821, 35.4971, 89.7345, 71.9097, 53.2256, 33.2139, 11.8601, 6.18668, 4.20648, 3.20502, 2.60473, 1.92886, 1.45024, 1.22903, 1.13339, 1.12253]",-0.850995,"[61.3846, 66.0802, 68.3571, 68.1226]",0.336753
0.0,0.0912722,0.164,0.0,26.506,0.0,406.088,506.087,93.8422,3,"[200.0, 200.0, 200.0, 200.0, 200.0, 200.0, 200.0, 200.0, 200.0, 200.0, 200.0, 200.0, 200.0, 200.0, 200.0, 200.0, 200.0, 200.0, 200.0, 200.0, 200.0, 200.0, 200.0, 200.0, 200.0, 200.0, 200.0, 200.0, 200.0, 200.0, 200.0, 200.0, 200.0, 200.0, 200.0, 200.0]",1,4273.03,80.6358,1.21043,1.48612,0.115,"[13.979, 14.8359, 17.0421, 21.761, 35.5044, 89.5241, 71.7254, 53.0926, 33.2116, 11.8405, 6.0769, 4.10835, 3.12107, 2.53189, 1.87085, 1.4041, 1.18856, 1.09509, 1.08372]",-0.856106,"[66.5765, 61.435, 68.3341, 67.3417]",0.338049
0.0,0.0857388,0.116,0.0,26.528,0.0,406.577,506.577,93.8421,3,"[200.0, 200.0, 200.0, 200.0, 200.0, 200.0, 200.0, 200.0, 200.0, 200.0, 200.0, 200.0, 200.0, 200.0, 200.0, 200.0, 200.0, 200.0, 200.0, 200.0, 200.0, 200.0, 200.0, 200.0, 200.0, 200.0, 200.0, 200.0, 200.0, 200.0, 200.0, 200.0, 200.0, 200.0, 200.0, 200.0]",1,4239.94,80.167,1.08056,1.43999,0.116,"[14.0088, 14.8449, 17.0206, 21.6744, 35.2226, 89.8036, 72.0527, 53.4949, 33.7898, 12.1756, 6.0568, 4.05155, 3.06133, 2.47521, 1.82176, 1.36282, 1.15125, 1.05901, 1.04648]",-0.860981,"[64.7537, 65.5218, 67.9978, 66.4683]",0.341117
0.0,0.0798457,0.061,0.0,26.55,0.0,407.065,507.064,93.8421,3,"[200.0, 200.0, 200.0, 200.0, 200.0, 200.0, 200.0, 200.0, 200.0, 200.0, 200.0, 200.0, 200.0, 200.0, 200.0, 200.0, 200.0, 200.0, 200.0, 200.0, 200.0, 200.0, 200.0, 200.0, 200.0, 200.0, 200.0, 200.0, 200.0, 200.0, 200.0, 200.0, 200.0, 200.0, 200.0, 200.0]",1,4228.63,79.8628,0.933747,1.25024,0.116,"[14.0367, 14.8502, 16.9932, 21.5774, 34.904, 90.1558, 72.455, 53.9729, 34.4379, 12.6386, 6.06046, 4.00593, 3.00882, 2.42394, 1.77639, 1.32422, 1.11617, 1.02499, 1.01129]",-0.865591,"[67.3814, 64.3072, 67.6812, 66.7224]",0.343093
0.0,0.072761,0.016,0.0,26.572,0.0,407.551,507.551,93.842,3,"[200.0, 200.0, 200.0, 200.0, 200.0, 200.0, 200.0, 200.0, 200.0, 200.0, 200.0, 200.0, 200.0, 200.0, 200.0, 200.0, 200.0, 200.0, 200.0, 200.0, 200.0, 200.0, 200.0, 200.0, 200.0, 200.0, 200.0, 200.0, 200.0, 200.0, 200.0, 200.0, 200.0, 200.0, 200.0, 200.0]",1,4213.38,79.6984,0.820296,1.10373,0.117,"[14.0611, 14.8471, 16.9497, 21.4489, 34.4585, 90.7448, 73.104, 54.7064, 35.3491, 13.4264, 6.12541, 3.98746, 2.97257, 2.38395, 1.73788, 1.28999, 1.08441, 0.993759, 0.978645]",-0.869859,"[67.6347, 65.9316, 68.2581, 65.8632]",0.344605
0.056,0.065579,0.0,0.0,26.594,0.0,408.037,508.036,93.842,3,"[200.0, 200.0, 200.0, 200.0, 200.0, 200.0, 200.0, 200.0, 200.0, 200.0, 200.0, 200.0, 200.0, 200.0, 200.0, 200.0, 200.0, 200.0, 200.0, 200.0, 200.0, 200.0, 200.0, 200.0, 200.0, 200.0, 200.0, 200.0, 200.0, 200.0, 200.0, 200.0, 200.0, 200.0, 200.0, 200.0]",1,4244.08,79.6204,0.684358,0.890387,0.118,"[14.0834, 14.8414, 16.9031, 21.3169, 34.0148, 91.3521, 73.7711, 55.4565, 36.2654, 14.4485, 6.21894, 3.98148, 2.94451, 2.35027, 1.70394, 1.25922, 1.05565, 0.965365, 0.94888]",-0.873755,"[67.7317, 66.1259, 68.1077, 66.6006]",0.345264
0.117,0.0578675,0.0,0.0,26.616,0.0,408.523,508.522,93.842,3,"[200.0, 200.0, 200.0, 200.0, 200.0, 200.0, 200.0, 200.0, 200.0, 200.0, 200.0, 200.0, 200.0, 200.0, 200.0, 200.0, 200.0, 200.0, 200.0, 200.0, 200.0, 200.0, 200.0, 200.0, 200.0, 200.0, 200.0, 200.0, 200.0, 200.0, 200.0, 200.0, 200.0, 200.0, 200.0, 200.0]",1,4257.45,79.5754,0.617476,0.793807,0.118,"[14.103, 14.8308, 16.8483, 21.1712, 33.5291, 92.0618, 74.5448, 56.3154, 37.2851, 15.9171, 6.36521, 3.99701, 2.92941, 2.32587, 1.67605, 1.23265, 1.0303, 0.940047, 0.922111]",-0.877258,"[67.8239, 65.9483, 68.3974, 66.7838]",0.346352
0.182,0.0501652,0.0,0.0,26.638,0.0,409.009,509.008,93.842,3,"[200.0, 200.0, 200.0, 200.0, 200.0, 200.0, 200.0, 200.0, 200.0, 200.0, 200.0, 200.0, 200.0, 200.0, 200.0, 200.0, 200.0, 200.0, 200.0, 200.0, 200.0, 200.0, 200.0, 200.0, 200.0, 200.0, 200.0, 200.0, 200.0, 200.0, 200.0, 200.0, 200.0, 200.0, 200.0, 200.0]",1,4271.55,79.5696,0.486144,0.554663,0.119,"[14.1202, 14.8177, 16.7914, 21.0246, 33.0584, 92.7679, 75.3142, 57.1678, 38.2877, 17.6662, 6.5514, 4.02823, 2.92425, 2.30902, 1.65354, 1.21015, 1.00846, 0.91802, 0.898669]",-0.880328,"[67.739, 66.002, 68.6689, 66.8918]",0.345193
0.252,0.0426646,0.0,0.0,26.66,0.0,409.495,509.494,93.8419,3,"[200.0, 200.0, 200.0, 200.0, 200.0, 200.0, 200.0, 200.0, 200.0, 200.0, 200.0, 200.0, 200.0, 200.0, 200.0, 200.0, 200.0, 200.0, 200.0, 200.0, 200.0, 200.0, 200.0, 200.0, 200.0, 200.0, 200.0, 200.0, 200.0, 200.0, 200.0, 200.0, 200.0, 200.0, 200.0, 200.0]",1,4300.53,79.5797,0.46751,0.527272,0.119,"[14.1351, 14.8031, 16.7343, 20.8815, 32.6198, 93.4324, 76.0399, 57.9732, 39.2321, 19.1765, 6.77434, 4.07308, 2.92787, 2.29898, 1.63607, 1.19155, 0.990028, 0.899227, 0.878522]",-0.88297,"[67.7482, 65.9847, 68.5416, 67.8448]",0.34696
0.297,0.0352267,0.0,0.0,26.682,0.0,409.981,509.98,93.8418,3,"[200.0, 200.0, 200.0, 200.0, 200.0, 200.0, 200.0, 200.0, 200.0, 200.0, 200.0, 200.0, 200.0, 200.0, 200.0, 200.0, 200.0, 200.0, 200.0, 200.0, 200.0, 200.0, 200.0, 200.0, 200.0, 200.0, 200.0, 200.0, 200.0, 200.0, 200.0, 200.0, 200.0, 200.0, 200.0, 200.0]",1,4300.05,79.6359,0.369498,0.362138,0.12,"[14.1475, 14.7862, 16.6754, 20.7385, 32.1974, 94.0825, 76.7506, 58.7616, 40.1514, 20.5411, 7.04862, 4.13616, 2.94265, 2.29726, 1.62442, 1.17726, 0.97526, 0.883839, 0.861785]",-0.885167,"[67.7685, 65.9874, 68.9905, 67.2396]",0.344496
0.358,0.0283716,0.0,0.0,26.704,0.0,410.467,510.467,93.8417,3,"[200.0, 200.0, 200.0, 200.0, 200.0, 200.0, 200.0, 200.0, 200.0, 200.0, 200.0, 200.0, 200.0, 200.0, 200.0, 200.0, 200.0, 200.0, 200.0, 200.0, 200.0, 200.0, 200.0, 200.0, 200.0, 200.0, 200.0, 200.0, 200.0, 200.0, 200.0, 200.0, 200.0, 200.0, 200.0, 200.0]",1,4328.37,79.6944,0.431836,0.334399,0.12,"[14.1576, 14.7694, 16.6202, 20.6079, 31.8355, 94.6172, 77.3408, 59.4241, 40.9344, 21.6826, 7.35006, 4.20838, 2.96402, 2.30112, 1.61729, 1.1667, 0.963849, 0.871694, 0.848394]",-0.886926,"[67.7405, 66.147, 68.6846, 68.5148]",0.347421
0.369,0.0211996,0.0,0.0,26.726,0.0,410.955,510.954,93.8416,3,"[200.0, 200.0, 200.0, 200.0, 200.0, 200.0, 200.0, 200.0, 200.0, 200.0, 200.0, 200.0, 200.0, 200.0, 200.0, 200.0, 200.0, 200.0, 200.0, 200.0, 200.0, 200.0, 200.0, 200.0, 200.0, 200.0, 200.0, 200.0, 200.0, 200.0, 200.0, 200.0, 200.0, 200.0, 200.0, 200.0]",1,4302.11,79.7996,0.365389,0.16191,0.12,"[14.1649, 14.7484, 16.5589, 20.4696, 31.4521, 95.2114, 77.9931, 60.15, 41.7777, 22.8375, 7.74383, 4.31034, 3.0021, 2.31661, 1.61757, 1.16118, 0.956491, 0.86316, 0.838485]",-0.888227,"[67.8606, 66.1336, 69.0161, 67.3034]",0.343626
0.427,0.0148098,0.0,0.0,26.748,0.0,411.443,511.442,93.8415,3,"[200.0, 200.0, 200.0, 200.0, 200.0, 200.0, 200.0, 200.0, 200.0, 200.0, 200.0, 200.0, 200.0, 200.0, 200.0, 200.0, 200.0, 200.0, 200.0, 200.0, 200.0, 200.0, 200.0, 200.0, 200.0, 200.0, 200.0, 200.0, 200.0, 200.0, 200.0, 200.0, 200.0, 200.0, 200.0, 200.0]",1,4342.7,79.8874,0.460164,0.13105,0.121,"[14.1697, 14.728, 16.5029, 20.3476, 31.1403, 95.6524, 78.4857, 60.7102, 42.4465, 23.7729, 8.16339, 4.41968, 3.04598, 2.3373, 1.62225, 1.15936, 0.952489, 0.857877, 0.831934]",-0.889088,"[67.8178, 66.3594, 68.8919, 68.7187]",0.347459
0.42,0.00781208,0.0,0.0,26.77,0.0,411.931,511.93,93.8413,3,"[200.0, 200.0, 200.0, 200.0, 200.0, 200.0, 200.0, 200.0, 200.0, 200.0, 200.0, 200.0, 200.0, 200.0, 200.0, 200.0, 200.0, 200.0, 200.0, 200.0, 200.0, 200.0, 200.0, 200.0, 200.0, 200.0, 200.0, 200.0, 200.0, 200.0, 200.0, 200.0, 200.0, 200.0, 200.0, 200.0]",1,4304.72,80.0224,0.406493,-0.0401667,0.121,"[14.1716, 14.7023, 16.4381, 20.2118, 30.7825, 96.2088, 79.0986, 61.3937, 43.238, 24.8053, 8.73071, 4.57081, 3.11181, 2.37256, 1.63563, 1.16313, 0.952809, 0.856326, 0.828879]",-0.889486,"[68.0183, 66.3802, 69.1622, 67.3032]",0.342726
0.479,0.00158638,0.0,0.0,26.792,0.0,412.42,512.42,93.8411,3,"[200.0, 200.0, 200.0, 200.0, 200.0, 200.0, 200.0, 200.0, 200.0, 200.0, 200.0, 200.0, 200.0, 200.0, 200.0, 200.0, 200.0, 200.0, 200.0, 200.0, 200.0, 200.0, 200.0, 200.0, 200.0, 200.0, 200.0, 200.0, 200.0, 200.0, 200.0, 200.0, 200.0, 200.0, 200.0, 200.0]",1,4350.73,80.1352,0.497702,-0.0587781,0.121,"[14.1709, 14.6771, 16.3782, 20.0917, 30.4908, 96.6143, 79.5545, 61.9149, 43.8602, 25.643, 9.34332, 4.73196, 3.1845, 2.41358, 1.65363, 1.17065, 0.956474, 0.857972, 0.829089]",-0.889455,"[67.9907, 66.5778, 69.1744, 68.77]",0.347202
0.465,-0.00546271,0.0,0.0,26.814,0.0,412.91,512.91,93.841,3,"[200.0, 200.0, 200.0, 200.0, 200.0, 200.0, 200.0, 200.0, 200.0, 200.0, 200.0, 200.0, 200.0, 200.0, 200.0, 200.0, 200.0, 200.0, 200.0, 200.0, 200.0, 200.0, 200.0, 200.0, 200.0, 200.0, 200.0, 200.0, 200.0, 200.0, 200.0, 200.0, 200.0, 200.0, 200.0, 200.0]",1,4317.44,80.2907,0.440266,-0.199984,0.121,"[14.1674, 14.6457, 16.3076, 19.9535, 30.1383, 97.1758, 80.1725, 62.6023, 44.6489, 26.6277, 10.1925, 4.94965, 3.28493, 2.47225, 1.68165, 1.18433, 0.964758, 0.863514, 0.83287]",-0.888952,"[68.2305, 66.5108, 69.4017, 67.6131]",0.342191
0.52,-0.00934911,0.0,0.0,26.836,0.0,413.402,513.401,93.8408,3,"[200.0, 200.0, 200.0, 200.0, 200.0, 200.0, 200.0, 200.0, 200.0, 200.0, 200.0, 200.0, 200.0, 200.0, 200.0, 200.0, 200.0, 200.0, 200.0, 200.0, 200.0, 200.0, 200.0, 200.0, 200.0, 200.0, 200.0, 200.0, 200.0, 200.0, 200.0, 200.0, 200.0, 200.0, 200.0, 200.0]",1,4359.82,80.4096,-0.158316,-0.153616,-0.8,"[14.1627, 14.6256, 16.2658, 19.8822, 30.0323, 97.1282, 80.1572, 62.6371, 44.7705, 26.9355, 10.7654, 5.09604, 3.35483, 2.51474, 1.70358, 1.19629, 0.972887, 0.869737, 0.837997]",-0.888272,"[67.5947, 67.1184, 69.1373, 69.2278]",0.346987
0.585,-0.00528359,0.0,0.0,26.858,0.0,413.893,513.892,93.8406,3,"[200.0, 200.0, 200.0, 200.0, 200.0, 200.0, 200.0, 200.0, 200.0, 200.0, 200.0, 200.0, 200.0, 200.0, 200.0, 200.0, 200.0, 200.0, 200.0, 200.0, 200.0, 200.0, 200.0, 200.0, 200.0, 200.0, 200.0, 200.0, 200.0, 200.0, 200.0, 200.0, 200.0, 200.0, 200.0, 200.0]",1,4357.51,80.494,-0.726045,-0.220379,-0.8,"[14.1616, 14.6404, 16.3027, 19.9854, 30.5623, 95.5523, 78.5535, 61.0381, 43.2343, 25.6127, 10.2406, 4.97865, 3.30539, 2.4881, 1.69275, 1.1923, 0.971327, 0.869443, 0.838628]",-0.888185,"[66.0316, 67.3414, 69.0574, 69.2807]",0.340768
0.625,0.00499642,0.0,0.0,26.88,0.0,414.385,514.384,93.8403,3,"[200.0, 200.0, 200.0, 200.0, 200.0, 200.0, 200.0, 200.0, 200.0, 200.0, 200.0, 200.0, 200.0, 200.0, 200.0, 200.0, 200.0, 200.0, 200.0, 200.0, 200.0, 200.0, 200.0, 200.0, 200.0, 200.0, 200.0, 200.0, 200.0, 200.0, 200.0, 200.0, 200.0, 200.0, 200.0, 200.0]",1,4387.13,80.4481,-1.08959,-0.0516167,-0.8,"[14.1666, 14.686, 16.4055, 20.2405, 31.7038, 92.7693, 75.7001, 58.1613, 40.4178, 23.0886, 9.04746, 4.66807, 3.16171, 2.4042, 1.65284, 1.17299, 0.959757, 0.861823, 0.833571]",-0.888859,"[64.6132, 67.5343, 68.5892, 70.7176]",0.344385
0.595,0.0208665,0.0,0.0,26.902,0.0,414.876,514.875,93.84,3,"[200.0, 200.0, 200.0, 200.0, 200.0, 200.0, 200.0, 200.0, 200.0, 200.0, 200.0, 200.0, 200.0, 200.0, 200.0, 200.0, 200.0, 200.0, 200.0, 200.0, 200.0, 200.0, 200.0, 200.0, 200.0, 200.0, 200.0, 200.0, 200.0, 200.0, 200.0, 200.0, 200.0, 200.0, 200.0, 200.0]",1,4376.04,80.4376,-1.01365,0.10545,0.121,"[14.1821, 14.7649, 16.5758, 20.6579, 33.6516, 88.8785, 71.7071, 54.1297, 36.4684, 19.5994, 7.60752, 4.22862, 2.94361, 2.27082, 1.5851, 1.13761, 0.936952, 0.845442, 0.821201]",-0.89053,"[65.1125, 69.2393, 68.2239, 70.6073]",0.336746
0.506,0.0371082,0.0,0.0,26.924,0.0,415.368,515.367,93.8399,3,"[200.0, 200.0, 200.0, 200.0, 200.0, 200.0, 200.0, 200.0, 200.0, 200.0, 200.0, 200.0, 200.0, 200.0, 200.0, 200.0, 200.0, 200.0, 200.0, 200.0, 200.0, 200.0, 200.0, 200.0, 200.0, 200.0, 200.0, 200.0, 200.0, 200.0, 200.0, 200.0, 200.0, 200.0, 200.0, 200.0]",1,4365.89,80.5664,-0.365355,0.423027,0.121,"[14.2072, 14.8562, 16.7644, 21.1331, 36.2054, 84.8759, 67.6086, 50.0065, 32.4708, 16.2562, 6.46922, 3.82041, 2.72529, 2.13073, 1.50913, 1.09508, 0.907866, 0.823228, 0.803087]",-0.892995,"[65.8146, 69.4273, 67.7055, 70.88]",0.34105
0.333,0.0461938,0.0,0.0,26.946,0.0,415.86,515.859,93.8398,3,"[200.0, 200.0, 200.0, 200.0, 200.0, 200.0, 200.0, 200.0, 200.0, 200.0, 200.0, 200.0, 200.0, 200.0, 200.0, 200.0, 200.0, 200.0, 200.0, 200.0, 200.0, 200.0, 200.0, 200.0, 200.0, 200.0, 200.0, 200.0, 200.0, 200.0, 200.0, 200.0, 200.0, 200.0, 200.0, 200.0]",1,4328.85,80.6344,0.713879,0.611494,0.121,"[14.2316, 14.9184, 16.8839, 21.4573, 38.337, 82.2462, 64.9299, 47.3354, 29.9382, 14.3349, 5.88856, 3.57889, 2.58475, 2.03496, 1.45249, 1.06029, 0.882196, 0.80213, 0.784395]",-0.895526,"[66.9658, 68.4, 68.2638, 69.0882]",0.334229
0.139,0.0471426,0.0,0.0,26.968,0.0,416.353,516.352,93.8398,3,"[200.0, 200.0, 200.0, 200.0, 200.0, 200.0, 200.0, 200.0, 200.0, 200.0, 200.0, 200.0, 200.0, 200.0, 200.0, 200.0, 200.0, 200.0, 200.0, 200.0, 200.0, 200.0, 200.0, 200.0, 200.0, 200.0, 200.0, 200.0, 200.0, 200.0, 200.0, 200.0, 200.0, 200.0, 200.0, 200.0]",1,4310.15,80.5999,1.02089,0.779478,0.121,"[14.2502, 14.9418, 16.9166, 21.5724, 39.3022, 81.203, 63.8804, 46.3112, 29.0147, 13.7545, 5.7136, 3.48237, 2.51816, 1.98394, 1.4172, 1.03516, 0.86161, 0.783634, 0.7665]",-0.897914,"[67.9865, 67.5627, 68.5233, 68.2975]",0.341922
0.116,0.0438578,0.0,0.0,26.99,0.0,416.845,516.844,93.8398,3,"[200.0, 200.0, 200.0, 200.0, 200.0, 200.0, 200.0, 200.0, 200.0, 200.0, 200.0, 200.0, 200.0, 200.0, 200.0, 200.0, 200.0, 200.0, 200.0, 200.0, 200.0, 200.0, 200.0, 200.0, 200.0, 200.0, 200.0, 200.0, 200.0, 200.0, 200.0, 200.0, 200.0, 200.0, 200.0, 200.0]",1,4303.91,80.5645,1.05062,0.792655,0.121,"[14.2643, 14.9432, 16.9039, 21.5722, 39.4601, 80.9889, 63.6798, 46.1402, 28.9104, 13.8031, 5.73178, 3.459, 2.49044, 1.95728, 1.3943, 1.01626, 0.844787, 0.76758, 0.750144]",-0.900077,"[68.2104, 67.2409, 68.8021, 67.8329]",0.336743
0.146,0.0389092,0.0,0.0,27.012,0.0,417.337,517.336,93.8398,3,"[200.0, 200.0, 200.0, 200.0, 200.0, 200.0, 200.0, 200.0, 200.0, 200.0, 200.0, 200.0, 200.0, 200.0, 200.0, 200.0, 200.0, 200.0, 200.0, 200.0, 200.0, 200.0, 200.0, 200.0, 200.0, 200.0, 200.0, 200.0, 200.0, 200.0, 200.0, 200.0, 200.0, 200.0, 200.0, 200.0]",1,4307.92,80.5421,0.970709,0.814724,0.121,"[14.2759, 14.9352, 16.8736, 21.5264, 39.2749, 81.0998, 63.8111, 46.3011, 29.1206, 14.0822, 5.84031, 3.46961, 2.48129, 1.9427, 1.37809, 1.00119, 0.830622, 0.753593, 0.735508]",-0.902007,"[68.3109, 67.0707, 68.9708, 67.7911]",0.345894
0.192,0.0330492,0.0,0.0,27.034,0.0,417.829,517.828,93.8398,3,"[200.0, 200.0, 200.0, 200.0, 200.0, 200.0, 200.0, 200.0, 200.0, 200.0, 200.0, 200.0, 200.0, 200.0, 200.0, 200.0, 200.0, 200.0, 200.0, 200.0, 200.0, 200.0, 200.0, 200.0, 200.0, 200.0, 200.0, 200.0, 200.0, 200.0, 200.0, 200.0, 200.0, 200.0, 200.0, 200.0]",1,4305.09,80.5468,0.85148,0.633075,0.122,"[14.2852, 14.9214, 16.8336, 21.4559, 38.9103, 81.3885, 64.1237, 46.6428, 29.5009, 14.4846, 6.01998, 3.50592, 2.48645, 1.93774, 1.36758, 0.98968, 0.81915, 0.741877, 0.722946]",-0.90366,"[68.3993, 66.9841, 69.0034, 67.7281]",0.340724
0.248,0.0269319,0.0,0.0,27.056,0.0,418.321,518.32,93.8397,3,"[200.0, 200.0, 200.0, 200.0, 200.0, 200.0, 200.0, 200.0, 200.0, 200.0, 200.0, 200.0, 200.0, 200.0, 200.0, 200.0, 200.0, 200.0, 200.0, 200.0, 200.0, 200.0, 200.0, 200.0, 200.0, 200.0, 200.0, 200.0, 200.0, 200.0, 200.0, 200.0, 200.0, 200.0, 200.0, 200.0]",1,4316.34,80.5696,0.741869,0.464286,0.122,"[14.2928, 14.9045, 16.7909, 21.3787, 38.5084, 81.7263, 64.4864, 47.0342, 29.9271, 14.919, 6.25205, 3.56025, 2.50205, 1.94015, 1.36182, 0.981446, 0.810331, 0.732535, 0.712682]",-0.90501,"[68.3931, 66.9781, 69.3699, 67.9864]",0.348933
0.295,0.020463,0.0,0.0,27.078,0.0,418.814,518.813,93.8396,3,"[200.0, 200.0, 200.0, 200.0, 200.0, 200.0, 200.0, 200.0, 200.0, 200.0, 200.0, 200.0, 200.0, 200.0, 200.0, 200.0, 200.0, 200.0, 200.0, 200.0, 200.0, 200.0, 200.0, 200.0, 200.0, 200.0, 200.0, 200.0, 200.0, 200.0, 200.0, 200.0, 200.0, 200.0, 200.0, 200.0]",1,4320.98,80.6194,0.625334,0.222512,0.122,"[14.2983, 14.8843, 16.7445, 21.2923, 38.0566, 82.1317, 64.9177, 47.494, 30.4171, 15.4008, 6.55095, 3.63681, 2.52999, 1.95106, 1.36139, 0.976781, 0.804357, 0.725708, 0.704824]",-0.906043,"[68.5017, 66.9688, 69.5888, 68.0049]",0.342552
0.346,0.0139346,0.0,0.0,27.1,0.0,419.306,519.306,93.8395,3,"[200.0, 200.0, 200.0, 200.0, 200.0, 200.0, 200.0, 200.0, 200.0, 200.0, 200.0, 200.0, 200.0, 200.0, 200.0, 200.0, 200.0, 200.0, 200.0, 200.0, 200.0, 200.0, 200.0, 200.0, 200.0, 200.0, 200.0, 200.0, 200.0, 200.0, 200.0, 200.0, 200.0, 200.0, 200.0, 200.0]",1,4340.04,80.6849,0.555088,0.0572542,0.122,"[14.3018, 14.8619, 16.6972, 21.2044, 37.6119, 82.5474, 65.36, 47.9645, 30.9168, 15.8905, 6.87104, 3.73382, 2.56947, 1.9701, 1.36625, 0.975805, 0.801397, 0.721599, 0.699614]",-0.906727,"[68.5349, 67.0118, 69.9404, 68.3316]",0.348909
0.382,0.00701976,0.0,0.0,27.122,0.0,419.8,519.799,93.8394,3,"[200.0, 200.0, 200.0, 200.0, 200.0, 200.0, 200.0, 200.0, 200.0, 200.0, 200.0, 200.0, 200.0, 200.0, 200.0, 200.0, 200.0, 200.0, 200.0, 200.0, 200.0, 200.0, 200.0, 200.0, 200.0, 200.0, 200.0, 200.0, 200.0, 200.0, 200.0, 200.0, 200.0, 200.0, 200.0, 200.0]",1,4347.29,80.7722,0.485388,-0.0931748,0.122,"[14.3031, 14.8355, 16.6454, 21.1061, 37.1185, 83.0374, 65.8783, 48.5113, 31.489, 16.4384, 7.22368, 3.86193, 2.62544, 2.00024, 1.37788, 0.979279, 0.801941, 0.720559, 0.697316]",-0.907027,"[68.692, 67.0295, 70.1769, 68.3975]",0.341509
0.412,-6.13332e-05,0.0,0.0,27.144,0.0,420.294,520.293,93.8392,3,"[200.0, 200.0, 200.0, 200.0, 200.0, 200.0, 200.0, 200.0, 200.0, 200.0, 200.0, 200.0, 200.0, 200.0, 200.0, 200.0, 200.0, 200.0, 200.0, 200.0, 200.0, 200.0, 200.0, 200.0, 200.0, 200.0, 200.0, 200.0, 200.0, 200.0, 200.0, 200.0, 200.0, 200.0, 200.0, 200.0]",1,4357.82,80.8723,0.443628,-0.16655,0.122,"[14.3019, 14.8061, 16.5912, 21.0031, 36.6179, 83.5588, 66.429, 49.091, 32.0932, 17.0147, 7.59854, 4.02187, 2.69805, 2.04159, 1.39644, 0.987389, 0.806179, 0.722787, 0.698147]",-0.906914,"[68.7716, 67.0825, 70.3947, 68.562]",0.347095
0.44,-0.00751501,0.0,0.0,27.166,0.0,420.788,520.788,93.8391,3,"[200.0, 200.0, 200.0, 200.0, 200.0, 200.0, 200.0, 200.0, 200.0, 200.0, 200.0, 200.0, 200.0, 200.0, 200.0, 200.0, 200.0, 200.0, 200.0, 200.0, 200.0, 200.0, 200.0, 200.0, 200.0, 200.0, 200.0, 200.0, 200.0, 200.0, 200.0, 200.0, 200.0, 200.0, 200.0, 200.0]",1,4366.32,80.9855,0.405625,-0.192408,0.122,"[14.298, 14.7726, 16.5321, 20.8898, 36.0797, 84.1517, 67.0534, 49.7453, 32.7696, 17.6532, 8.0136, 4.22525, 2.79232, 2.09709, 1.4234, 1.00092, 0.814638, 0.728683, 0.702436]",-0.906344,"[68.9185, 67.1424, 70.5998, 68.6652]",0.339989
0.471,-0.014945,0.0,0.0,27.188,0.0,421.284,521.283,93.8389,3,"[200.0, 200.0, 200.0, 200.0, 200.0, 200.0, 200.0, 200.0, 200.0, 200.0, 200.0, 200.0, 200.0, 200.0, 200.0, 200.0, 200.0, 200.0, 200.0, 200.0, 200.0, 200.0, 200.0, 200.0, 200.0, 200.0, 200.0, 200.0, 200.0, 200.0, 200.0, 200.0, 200.0, 200.0, 200.0, 200.0]",1,4389.4,81.1082,0.357745,-0.258497,0.122,"[14.2916, 14.7367, 16.4725, 20.7768, 35.5673, 84.7387, 67.6724, 50.3948, 33.4424, 18.2935, 8.44208, 4.45681, 2.90566, 2.16508, 1.45793, 1.01946, 0.827081, 0.738098, 0.710093]",-0.905332,"[68.9943, 67.2453, 71.1726, 68.8336]",0.346218
0.491,-0.0226558,0.0,0.0,27.21,0.0,421.78,521.779,93.8387,3,"[200.0, 200.0, 200.0, 200.0, 200.0, 200.0, 200.0, 200.0, 200.0, 200.0, 200.0, 200.0, 200.0, 200.0, 200.0, 200.0, 200.0, 200.0, 200.0, 200.0, 200.0, 200.0, 200.0, 200.0, 200.0, 200.0, 200.0, 200.0, 200.0, 200.0, 200.0, 200.0, 200.0, 200.0, 200.0, 200.0]",1,4397.17,81.2478,0.329922,-0.265863,0.122,"[14.2824, 14.6972, 16.4089, 20.6559, 35.0354, 85.379, 68.3467, 51.1006, 34.1707, 18.9843, 8.90892, 4.70997, 3.04509, 2.2495, 1.5019, 1.04398, 0.844133, 0.75149, 0.721477]",-0.903828,"[69.1597, 67.338, 71.27, 68.9888]",0.339867
0.52,-0.0299828,0.0,0.0,27.232,0.0,422.277,522.276,93.8386,3,"[200.0, 200.0, 200.0, 200.0, 200.0, 200.0, 200.0, 200.0, 200.0, 200.0, 200.0, 200.0, 200.0, 200.0, 200.0, 200.0, 200.0, 200.0, 200.0, 200.0, 200.0, 200.0, 200.0, 200.0, 200.0, 200.0, 200.0, 200.0, 200.0, 200.0, 200.0, 200.0, 200.0, 200.0, 200.0, 200.0]",1,4418.71,81.3995,0.266725,-0.395056,0.122,"[14.2705, 14.658, 16.3485, 20.5445, 34.5746, 85.9435, 68.9439, 51.7297, 34.8265, 19.6204, 9.36066, 4.96351, 3.20097, 2.34589, 1.55314, 1.07338, 0.865103, 0.768374, 0.736228]",-0.90188,"[69.1809, 67.5229, 71.7599, 69.2078]",0.346793
0.538,-0.0375482,0.0,0.0,27.254,0.0,422.774,522.773,93.8384,3,"[200.0, 200.0, 200.0, 200.0, 200.0, 200.0, 200.0, 200.0, 200.0, 200.0, 200.0, 200.0, 200.0, 200.0, 200.0, 200.0, 200.0, 200.0, 200.0, 200.0, 200.0, 200.0, 200.0, 200.0, 200.0, 200.0, 200.0, 200.0, 200.0, 200.0, 200.0, 200.0, 200.0, 200.0, 200.0, 200.0]",1,4417.48,81.5681,0.256684,-0.432671,0.122,"[14.2558, 14.6167, 16.2845, 20.4265, 34.0981, 86.5528, 69.5877, 52.4063, 35.5293, 20.2996, 9.84713, 5.23774, 3.37105, 2.46073, 1.61459, 1.10907, 0.890852, 0.789338, 0.754767]",-0.899435,"[69.4061, 67.6067, 71.5273, 69.4685]",0.340723
0.557,-0.0443747,0.0,0.0,27.276,0.0,423.273,523.272,93.8382,3,"[200.0, 200.0, 200.0, 200.0, 200.0, 200.0, 200.0, 200.0, 200.0, 200.0, 200.0, 200.0, 200.0, 200.0, 200.0, 200.0, 200.0, 200.0, 200.0, 200.0, 200.0, 200.0, 200.0, 200.0, 200.0, 200.0, 200.0, 200.0, 200.0, 200.0, 200.0, 200.0, 200.0, 200.0, 200.0, 200.0]",1,4425.46,81.7511,0.17813,-0.637381,0.122,"[14.2383, 14.5774, 16.2273, 20.3264, 33.7266, 87.0177, 70.0842, 52.9358, 36.0913, 20.8647, 10.282, 5.49725, 3.53652, 2.57872, 1.68227, 1.14908, 0.920149, 0.813512, 0.776443]",-0.896576,"[69.3689, 67.899, 71.6053, 69.6604]",0.347494
0.572,-0.0517955,0.0,0.0,27.298,0.0,423.772,523.771,93.8379,3,"[200.0, 200.0, 200.0, 200.0, 200.0, 200.0, 200.0, 200.0, 200.0, 200.0, 200.0, 200.0, 200.0, 200.0, 200.0, 200.0, 200.0, 200.0, 200.0, 200.0, 200.0, 200.0, 200.0, 200.0, 200.0, 200.0, 200.0, 200.0, 200.0, 200.0, 200.0, 200.0, 200.0, 200.0, 200.0, 200.0]",1,4446.99,81.925,0.237115,-0.714405,0.121,"[14.2181, 14.5347, 16.163, 20.2109, 33.2941, 87.5955, 70.6968, 53.5822, 36.7666, 21.5272, 10.7803, 5.7893, 3.71967, 2.70782, 1.76152, 1.19624, 0.954662, 0.842004, 0.802016]",-0.893208,"[69.6956, 67.8805, 71.7664, 70.2192]",0.341354
0.572,-0.0592523,0.0,0.0,27.32,0.0,424.273,524.272,93.8377,3,"[200.0, 200.0, 200.0, 200.0, 200.0, 200.0, 200.0, 200.0, 200.0, 200.0, 200.0, 200.0, 200.0, 200.0, 200.0, 200.0, 200.0, 200.0, 200.0, 200.0, 200.0, 200.0, 200.0, 200.0, 200.0, 200.0, 200.0, 200.0, 200.0, 200.0, 200.0, 200.0, 200.0, 200.0, 200.0, 200.0]",1,4422.47,82.14,0.177698,-0.884981,0.121,"[14.1951, 14.4908, 16.0973, 20.0941, 32.8699, 88.1779, 71.3146, 54.2346, 37.4484, 22.1981, 11.2935, 6.09474, 3.91155, 2.84301, 1.84526, 1.24953, 0.993861, 0.874452, 0.83123]",-0.889364,"[69.7876, 68.0579, 70.9183, 69.8906]",0.34734
0.602,-0.0672502,0.0,0.0,27.342,0.0,424.774,524.773,93.8374,3,"[200.0, 200.0, 200.0, 200.0, 200.0, 200.0, 200.0, 200.0, 200.0, 200.0, 200.0, 200.0, 200.0, 200.0, 200.0, 200.0, 200.0, 200.0, 200.0, 200.0, 200.0, 200.0, 200.0, 200.0, 200.0, 200.0, 200.0, 200.0, 200.0, 200.0, 200.0, 200.0, 200.0, 200.0, 200.0, 200.0]",1,4478.42,82.3104,0.191636,-0.965324,0.12,"[14.1695, 14.4438, 16.0254, 19.964, 32.3994, 88.8616, 72.0368, 54.9925, 38.2323, 22.9586, 11.8702, 6.4349, 4.12264, 2.99012, 1.93519, 1.3074, 1.03809, 0.911372, 0.864434]",-0.885003,"[70.1057, 68.117, 71.4455, 71.2123]",0.341818
0.592,-0.0714648,0.0,0.0,27.364,0.0,425.264,525.263,93.8372,3,"[200.0, 200.0, 200.0, 200.0, 200.0, 200.0, 200.0, 200.0, 200.0, 200.0, 200.0, 200.0, 200.0, 200.0, 200.0, 200.0, 200.0, 200.0, 200.0, 200.0, 200.0, 200.0, 200.0, 200.0, 200.0, 200.0, 200.0, 200.0, 200.0, 200.0, 200.0, 200.0, 200.0, 200.0, 200.0, 200.0]",1,4470.28,82.5303,-0.276976,-1.06111,-0.8,"[14.1404, 14.4027, 15.9708, 19.8769, 32.1332, 89.1942, 72.3997, 55.3898, 38.6696, 23.4264, 12.2796, 6.70848, 4.30461, 3.12199, 2.01922, 1.36311, 1.08174, 0.949303, 0.899788]",-0.880331,"[69.6377, 68.2557, 71.4044, 70.4383]",0.346341
0.633,-0.0656066,0.0,0.0,27.386,0.0,425.736,525.735,93.8369,3,"[200.0, 200.0, 200.0, 200.0, 200.0, 200.0, 200.0, 200.0, 200.0, 200.0, 200.0, 200.0, 200.0, 200.0, 200.0, 200.0, 200.0, 200.0, 200.0, 200.0, 200.0, 200.0, 200.0, 200.0, 200.0, 200.0, 200.0, 200.0, 200.0, 200.0, 200.0, 200.0, 200.0, 200.0, 200.0, 200.0]",1,4523.25,82.5954,-1.01073,-1.05167,-0.8,"[14.1061, 14.3903, 15.9901, 19.9654, 32.6518, 88.1284, 71.3304, 54.3502, 37.725, 22.7205, 11.9769, 6.66168, 4.33156, 3.16572, 2.06361, 1.40043, 1.1145, 0.97995, 0.930344]",-0.876219,"[68.1685, 68.7206, 70.8104, 72.668]",0.342315
0.633,-0.0504461,0.0,0.0,27.408,0.0,426.209,526.209,93.8366,3,"[200.0, 200.0, 200.0, 200.0, 200.0, 200.0, 200.0, 200.0, 200.0, 200.0, 200.0, 200.0, 200.0, 200.0, 200.0, 200.0, 200.0, 200.0, 200.0, 200.0, 200.0, 200.0, 200.0, 200.0, 200.0, 200.0, 200.0, 200.0, 200.0, 200.0, 200.0, 200.0, 200.0, 200.0, 200.0, 200.0]",1,4518.59,82.5503,-1.42034,-0.838336,-0.8,"[14.0702, 14.4199, 16.1115, 20.295, 34.382, 85.2746, 68.436, 51.4904, 35.0569, 20.6142, 10.8704, 6.23796, 4.16302, 3.0924, 2.05162, 1.40979, 1.12975, 0.99826, 0.951622]",-0.873277,"[66.0952, 69.2233, 71.384, 72.1352]",0.343078
0.603,-0.0284721,0.0,0.0,27.43,0.0,426.683,526.682,93.8364,3,"[200.0, 200.0, 200.0, 200.0, 200.0, 200.0, 200.0, 200.0, 200.0, 200.0, 200.0, 200.0, 200.0, 200.0, 200.0, 200.0, 200.0, 200.0, 200.0, 200.0, 200.0, 200.0, 200.0, 200.0, 200.0, 200.0, 200.0, 200.0, 200.0, 200.0, 200.0, 200.0, 200.0, 200.0, 200.0, 200.0]",1,4543.09,82.4881,-1.39088,-0.704999,0.118,"[14.0443, 14.4912, 16.3239, 20.843, 37.7674, 81.0865, 64.1931, 47.3119, 31.2057, 17.7008, 9.39671, 5.62187, 3.87544, 2.93856, 1.99493, 1.39427, 1.12818, 1.00382, 0.962601]",-0.871705,"[66.8866, 71.4764, 70.2334, 74.0228]",0.339489
0.51,-0.00261164,0.0,0.0,27.452,0.0,427.156,527.155,93.8362,3,"[200.0, 200.0, 200.0, 200.0, 200.0, 200.0, 200.0, 200.0, 200.0, 200.0, 200.0, 200.0, 200.0, 200.0, 200.0, 200.0, 200.0, 200.0, 200.0, 200.0, 200.0, 200.0, 200.0, 200.0, 200.0, 200.0, 200.0, 200.0, 200.0, 200.0, 200.0, 200.0, 200.0, 200.0, 200.0, 200.0]",1,4570.89,82.6048,-0.305391,-0.374436,0.118,"[14.0356, 14.5989, 16.6093, 21.5751, 45.1669, 76.1094, 59.1727, 42.414, 26.8209, 14.6483, 7.94969, 4.98197, 3.54928, 2.74859, 1.9119, 1.36134, 1.11362, 0.99881, 0.964417]",-0.871411,"[67.1862, 71.7279, 72.4188, 72.8328]",0.338047
0.358,0.0127035,0.0,0.0,27.474,0.0,427.631,527.63,93.8361,3,"[200.0, 200.0, 200.0, 200.0, 200.0, 200.0, 200.0, 200.0, 200.0, 200.0, 200.0, 200.0, 200.0, 200.0, 200.0, 200.0, 200.0, 200.0, 200.0, 200.0, 200.0, 200.0, 200.0, 200.0, 200.0, 200.0, 200.0, 200.0, 200.0, 200.0, 200.0, 200.0, 200.0, 200.0, 200.0, 200.0]",1,4456.98,82.7318,1.1692,-0.0880305,0.117,"[14.0361, 14.6695, 16.7909, 22.0497, 106.129, 73.149, 56.2034, 39.5537, 24.3549, 13.0835, 7.24598, 4.66106, 3.37923, 2.64665, 1.86563, 1.34232, 1.10497, 0.995682, 0.965302]",-0.871303,"[68.5169, 70.1221, 69.8533, 71.7343]",0.336656
1.0,0.0181353,0.0,0.0,27.496,0.0,428.106,528.105,93.8357,3,"[200.0, 200.0, 200.0, 200.0, 200.0, 200.0, 200.0, 200.0, 200.0, 200.0, 200.0, 200.0, 200.0, 200.0, 200.0, 200.0, 200.0, 200.0, 200.0, 200.0, 200.0, 200.0, 200.0, 200.0, 200.0, 200.0, 200.0, 200.0, 200.0, 200.0, 200.0, 200.0, 200.0, 200.0, 200.0, 200.0]",1,4531.42,83.0705,1.42176,0.0617109,0.117,"[14.0373, 14.6958, 16.8577, 22.2261, 105.136, 72.0971, 55.1516, 38.5481, 23.5077, 12.5718, 7.01957, 4.55588, 3.32244, 2.61207, 1.84964, 1.33562, 1.10186, 0.994507, 0.965546]",-0.871281,"[69.9219, 69.6437, 72.3279, 71.5975]",0.337552
1.0,0.0187768,0.0,0.0,27.518,0.0,428.584,528.583,93.8353,3,"[200.0, 200.0, 200.0, 200.0, 200.0, 200.0, 200.0, 200.0, 200.0, 200.0, 200.0, 200.0, 200.0, 200.0, 200.0, 200.0, 200.0, 200.0, 200.0, 200.0, 200.0, 200.0, 200.0, 200.0, 200.0, 200.0, 200.0, 200.0, 200.0, 200.0, 200.0, 200.0, 200.0, 200.0, 200.0, 200.0]",1,4570.54,83.4524,1.32718,0.190748,0.117,"[14.0386, 14.7002, 16.8671, 22.2494, 105.018, 71.9701, 55.0237, 38.4242, 23.401, 12.5041, 6.98653, 4.5386, 3.31191, 2.6049, 1.84549, 1.33317, 1.10012, 0.993134, 0.964378]",-0.871439,"[70.4634, 69.4873, 72.4199, 72.8633]",0.338369
1.0,0.0178694,0.0,0.0,27.54,0.0,429.064,529.063,93.8349,3,"[200.0, 200.0, 200.0, 200.0, 200.0, 200.0, 200.0, 200.0, 200.0, 200.0, 200.0, 200.0, 200.0, 200.0, 200.0, 200.0, 200.0, 200.0, 200.0, 200.0, 200.0, 200.0, 200.0, 200.0, 200.0, 200.0, 200.0, 200.0, 200.0, 200.0, 200.0, 200.0, 200.0, 200.0, 200.0, 200.0]",1,4590.84,83.8518,1.12644,0.221625,0.117,"[14.0405, 14.698, 16.8584, 22.2232, 105.181, 72.1414, 55.1928, 38.5822, 23.5276, 12.5723, 7.01105, 4.54682, 3.31438, 2.60513, 1.84421, 1.33144, 1.09827, 0.991188, 0.962257]",-0.871718,"[71.0893, 69.5847, 73.9471, 71.728]",0.339781
1.0,0.0163544,0.0,0.0,27.562,0.0,429.546,529.546,93.8345,3,"[200.0, 200.0, 200.0, 200.0, 200.0, 200.0, 200.0, 200.0, 200.0, 200.0, 200.0, 200.0, 200.0, 200.0, 200.0, 200.0, 200.0, 200.0, 200.0, 200.0, 200.0, 200.0, 200.0, 200.0, 200.0, 200.0, 200.0, 200.0, 200.0, 200.0, 200.0, 200.0, 200.0, 200.0, 200.0, 200.0]",1,4689.14,84.2055,1.00037,0.271642,0.117,"[14.0426, 14.6932, 16.8428, 22.1779, 105.456, 72.4294, 55.4782, 38.851, 23.7464, 12.6944, 7.05824, 4.56483, 3.32178, 2.60802, 1.84386, 1.32983, 1.09628, 0.98893, 0.959679]",-0.872059,"[71.4423, 69.9736, 73.5615, 74.9763]",0.341372
1.0,0.0146332,0.0,0.0,27.584,0.0,430.031,530.03,93.834,3,"[200.0, 200.0, 200.0, 200.0, 200.0, 200.0, 200.0, 200.0, 200.0, 200.0, 200.0, 200.0, 200.0, 200.0, 200.0, 200.0, 200.0, 200.0, 200.0, 200.0, 200.0, 200.0, 200.0, 200.0, 200.0, 200.0, 200.0, 200.0, 200.0, 200.0, 200.0, 200.0, 200.0, 200.0, 200.0, 200.0]",1,4670.21,84.6317,0.840455,0.190795,0.117,"[14.0447, 14.6875, 16.8247, 22.1263, 105.768, 72.7573, 55.8038, 39.1586, 23.999, 12.838, 7.11491, 4.58718, 3.33144, 2.61231, 1.84417, 1.32851, 1.09442, 0.98674, 0.95713]",-0.872397,"[71.8071, 70.0761, 75.5027, 72.5679]",0.34237
1.0,0.0130159,0.0,0.0,27.606,0.0,430.517,530.517,93.8336,3,"[200.0, 200.0, 200.0, 200.0, 200.0, 200.0, 200.0, 200.0, 200.0, 200.0, 200.0, 200.0, 200.0, 200.0, 200.0, 200.0, 200.0, 200.0, 200.0, 200.0, 200.0, 200.0, 200.0, 200.0, 200.0, 200.0, 200.0, 200.0, 200.0, 200.0, 200.0, 200.0, 200.0, 200.0, 200.0, 200.0]",1,4767.82,84.9905,0.728494,0.0713793,0.117,"[14.0469, 14.6824, 16.808, 22.0785, 106.061, 73.0651, 56.1095, 39.4474, 24.2367, 12.9735, 7.1679, 4.6076, 3.33998, 2.61589, 1.84409, 1.32698, 1.09245, 0.984489, 0.954529]",-0.872741,"[72.1709, 70.5691, 74.4058, 76.401]",0.343736
1.0,0.0108876,0.0,0.0,27.628,0.0,431.006,531.005,93.8331,3,"[200.0, 200.0, 200.0, 200.0, 200.0, 200.0, 200.0, 200.0, 200.0, 200.0, 200.0, 200.0, 200.0, 200.0, 200.0, 200.0, 200.0, 200.0, 200.0, 200.0, 200.0, 200.0, 200.0, 200.0, 200.0, 200.0, 200.0, 200.0, 200.0, 200.0, 200.0, 200.0, 200.0, 200.0, 200.0, 200.0]",1,4733.36,85.4202,0.653708,0.0447323,0.117,"[14.0487, 14.6744, 16.7847, 22.014, 106.447, 73.4728, 56.5155, 39.8337, 24.5597, 13.164, 7.24633, 4.6403, 3.35549, 2.62393, 1.84636, 1.32669, 1.09126, 0.982773, 0.952332]",-0.87303,"[72.4965, 70.9392, 76.6588, 73.3399]",0.343546
1.0,0.00892031,0.0,0.0,27.65,0.0,431.497,531.497,93.8326,3,"[200.0, 200.0, 200.0, 200.0, 200.0, 200.0, 200.0, 200.0, 200.0, 200.0, 200.0, 200.0, 200.0, 200.0, 200.0, 200.0, 200.0, 200.0, 200.0, 200.0, 200.0, 200.0, 200.0, 200.0, 200.0, 200.0, 200.0, 200.0, 200.0, 200.0, 200.0, 200.0, 200.0, 200.0, 200.0, 200.0]",1,4830.89,85.7874,0.557487,-0.082215,0.117,"[14.05, 14.6667, 16.7628, 21.9542, 106.804, 73.8503, 56.8924, 40.1934, 24.8628, 13.3461, 7.32277, 4.67277, 3.37126, 2.63243, 1.84921, 1.32695, 1.0906, 0.98159, 0.950691]",-0.873246,"[72.8592, 70.9797, 75.1359, 77.7419]",0.345119
1.0,0.0062384,0.0,0.0,27.672,0.0,431.991,531.99,93.8321,3,"[200.0, 200.0, 200.0, 200.0, 200.0, 200.0, 200.0, 200.0, 200.0, 200.0, 200.0, 200.0, 200.0, 200.0, 200.0, 200.0, 200.0, 200.0, 200.0, 200.0, 200.0, 200.0, 200.0, 200.0, 200.0, 200.0, 200.0, 200.0, 200.0, 200.0, 200.0, 200.0, 200.0, 200.0, 200.0, 200.0]",1,4791.5,86.221,0.483468,-0.106426,0.117,"[14.0507, 14.6551, 16.7318, 21.8716, 107.292, 74.3674, 57.4101, 40.6902, 25.2868, 13.6081, 7.43672, 4.7233, 3.39726, 2.64748, 1.85545, 1.32901, 1.0911, 0.981232, 0.949669]",-0.87338,"[73.2407, 71.5533, 77.5571, 74.2559]",0.343936
1.0,0.00382143,0.0,0.0,27.694,0.0,432.487,532.486,93.8316,3,"[200.0, 200.0, 200.0, 200.0, 200.0, 200.0, 200.0, 200.0, 200.0, 200.0, 200.0, 200.0, 200.0, 200.0, 200.0, 200.0, 200.0, 200.0, 200.0, 200.0, 200.0, 200.0, 200.0, 200.0, 200.0, 200.0, 200.0, 200.0, 200.0, 200.0, 200.0, 200.0, 200.0, 200.0, 200.0, 200.0]",1,4914.61,86.574,0.404944,-0.215101,0.118,"[14.0506, 14.644, 16.7031, 21.7966, 50.9202, 74.835, 57.8791, 41.1423, 25.677, 13.855, 7.54682, 4.77326, 3.42367, 2.66331, 1.86262, 1.33194, 1.09242, 0.98172, 0.949524]",-0.873398,"[73.5889, 71.6323, 76.0195, 79.5435]",0.345924
0.0,0.000915825,0.078,0.0,27.716,0.0,432.983,532.982,93.8315,3,"[200.0, 200.0, 200.0, 200.0, 200.0, 200.0, 200.0, 200.0, 200.0, 200.0, 200.0, 200.0, 200.0, 200.0, 200.0, 200.0, 200.0, 200.0, 200.0, 200.0, 200.0, 200.0, 200.0, 200.0, 200.0, 200.0, 200.0, 200.0, 200.0, 200.0, 200.0, 200.0, 200.0, 200.0, 200.0, 200.0]",1,4556.34,86.4675,0.355014,-0.264359,0.118,"[14.0496, 14.6296, 16.6676, 21.7056, 47.4768, 75.399, 58.4465, 41.6918, 26.1564, 14.1662, 7.68966, 4.83974, 3.45976, 2.68562, 1.87346, 1.33705, 1.0953, 0.983429, 0.950447]",-0.873274,"[71.8398, 71.0604, 73.8764, 70.7069]",0.344352
0.0,-0.00196332,0.006,0.0,27.738,0.0,433.478,533.478,93.8314,3,"[200.0, 200.0, 200.0, 200.0, 200.0, 200.0, 200.0, 200.0, 200.0, 200.0, 200.0, 200.0, 200.0, 200.0, 200.0, 200.0, 200.0, 200.0, 200.0, 200.0, 200.0, 200.0, 200.0, 200.0, 200.0, 200.0, 200.0, 200.0, 200.0, 200.0, 200.0, 200.0, 200.0, 200.0, 200.0, 200.0]",1,4591.98,86.3022,0.331217,-0.322091,0.118,"[14.0474, 14.6142, 16.6312, 21.6145, 45.6241, 75.96, 59.0123, 42.2424, 26.6426, 14.4903, 7.84301, 4.91291, 3.5006, 2.71149, 1.88679, 1.3439, 1.09961, 0.986443, 0.952629]",-0.872983,"[73.3638, 71.4388, 73.6671, 72.0326]",0.345694
0.0,-0.00518489,0.011,0.0,27.76,0.0,433.973,533.972,93.8314,3,"[200.0, 200.0, 200.0, 200.0, 200.0, 200.0, 200.0, 200.0, 200.0, 200.0, 200.0, 200.0, 200.0, 200.0, 200.0, 200.0, 200.0, 200.0, 200.0, 200.0, 200.0, 200.0, 200.0, 200.0, 200.0, 200.0, 200.0, 200.0, 200.0, 200.0, 200.0, 200.0, 200.0, 200.0, 200.0, 200.0]",1,4534.9,86.2012,0.323073,-0.360338,0.118,"[14.0438, 14.5957, 16.5893, 21.5116, 44.0683, 76.5902, 59.6494, 42.8655, 27.1987, 14.8709, 8.02828, 5.00318, 3.5519, 2.74469, 1.9045, 1.35352, 1.10603, 0.991211, 0.956429]",-0.872478,"[73.2493, 71.3663, 73.8145, 70.2596]",0.344253
0.005,-0.00881499,0.0,0.0,27.782,0.0,434.467,534.466,93.8313,3,"[200.0, 200.0, 200.0, 200.0, 200.0, 200.0, 200.0, 200.0, 200.0, 200.0, 200.0, 200.0, 200.0, 200.0, 200.0, 200.0, 200.0, 200.0, 200.0, 200.0, 200.0, 200.0, 200.0, 200.0, 200.0, 200.0, 200.0, 200.0, 200.0, 200.0, 200.0, 200.0, 200.0, 200.0, 200.0, 200.0]",1,4582.07,86.0797,0.271044,-0.395706,0.118,"[14.039, 14.5742, 16.5413, 21.3958, 42.6559, 77.3014, 60.3699, 43.5725, 27.8357, 15.3166, 8.24998, 5.1123, 3.61446, 2.78547, 1.92664, 1.36584, 1.11442, 0.997635, 0.961693]",-0.871779,"[73.3127, 71.383, 73.6164, 71.8591]",0.345264
0.0,-0.0124749,0.004,0.0,27.804,0.0,434.961,534.96,93.8312,3,"[200.0, 200.0, 200.0, 200.0, 200.0, 200.0, 200.0, 200.0, 200.0, 200.0, 200.0, 200.0, 200.0, 200.0, 200.0, 200.0, 200.0, 200.0, 200.0, 200.0, 200.0, 200.0, 200.0, 200.0, 200.0, 200.0, 200.0, 200.0, 200.0, 200.0, 200.0, 200.0, 200.0, 200.0, 200.0, 200.0]",1,4528.25,86.0013,0.235266,-0.443846,0.117,"[14.0326, 14.551, 16.4914, 21.2778, 41.4496, 78.021, 61.1008, 44.2933, 28.4925, 15.7889, 8.4925, 5.23402, 3.68527, 2.83234, 1.95272, 1.38084, 1.12495, 1.00594, 0.96875]",-0.870843,"[73.2094, 71.2334, 73.7085, 70.1457]",0.344274
0.026,-0.0163864,0.0,0.0,27.826,0.0,435.453,535.453,93.8311,3,"[200.0, 200.0, 200.0, 200.0, 200.0, 200.0, 200.0, 200.0, 200.0, 200.0, 200.0, 200.0, 200.0, 200.0, 200.0, 200.0, 200.0, 200.0, 200.0, 200.0, 200.0, 200.0, 200.0, 200.0, 200.0, 200.0, 200.0, 200.0, 200.0, 200.0, 200.0, 200.0, 200.0, 200.0, 200.0, 200.0]",1,4576.41,85.8919,0.198346,-0.464589,0.117,"[14.0248, 14.5252, 16.4373, 21.1519, 40.3274, 78.7912, 61.8848, 45.0691, 29.2055, 16.3134, 8.76822, 5.37376, 3.76704, 2.88671, 1.98331, 1.39866, 1.13763, 1.01606, 0.977478]",-0.869686,"[73.1795, 71.1924, 73.5395, 71.7275]",0.344929
0.017,-0.0200039,0.0,0.0,27.848,0.0,435.946,535.945,93.831,3,"[200.0, 200.0, 200.0, 200.0, 200.0, 200.0, 200.0, 200.0, 200.0, 200.0, 200.0, 200.0, 200.0, 200.0, 200.0, 200.0, 200.0, 200.0, 200.0, 200.0, 200.0, 200.0, 200.0, 200.0, 200.0, 200.0, 200.0, 200.0, 200.0, 200.0, 200.0, 200.0, 200.0, 200.0, 200.0, 200.0]",1,4535.68,85.8278,0.173925,-0.526888,0.117,"[14.0153, 14.499, 16.3848, 21.033, 39.3938, 79.5073, 62.6161, 45.7968, 29.8826, 16.8264, 9.04849, 5.51933, 3.85383, 2.94529, 2.0171, 1.41891, 1.15239, 1.02809, 0.988121]",-0.868277,"[73.1247, 71.1228, 73.5948, 70.4754]",0.344627
0.049,-0.0238974,0.0,0.0,27.87,0.0,436.438,536.437,93.831,3,"[200.0, 200.0, 200.0, 200.0, 200.0, 200.0, 200.0, 200.0, 200.0, 200.0, 200.0, 200.0, 200.0, 200.0, 200.0, 200.0, 200.0, 200.0, 200.0, 200.0, 200.0, 200.0, 200.0, 200.0, 200.0, 200.0, 200.0, 200.0, 200.0, 200.0, 200.0, 200.0, 200.0, 200.0, 200.0, 200.0]",1,4572.13,85.7377,0.156696,-0.549204,0.117,"[14.0044, 14.4703, 16.3277, 20.9056, 38.4834, 80.2783, 63.4046, 46.5835, 30.6195, 17.3946, 9.36553, 5.68513, 3.95281, 3.01217, 2.05576, 1.4422, 1.1694, 1.04204, 1.00047]",-0.86664,"[73.0454, 71.0576, 73.4563, 71.6764]",0.344739
0.051,-0.0273035,0.0,0.0,27.892,0.0,436.93,536.929,93.831,3,"[200.0, 200.0, 200.0, 200.0, 200.0, 200.0, 200.0, 200.0, 200.0, 200.0, 200.0, 200.0, 200.0, 200.0, 200.0, 200.0, 200.0, 200.0, 200.0, 200.0, 200.0, 200.0, 200.0, 200.0, 200.0, 200.0, 200.0, 200.0, 200.0, 200.0, 200.0, 200.0, 200.0, 200.0, 200.0, 200.0]",1,4555.5,85.6814,0.135175,-0.659895,0.117,"[13.9917, 14.4418, 16.2743, 20.7903, 37.7389, 80.9579, 64.1025, 47.2844, 31.2846, 17.9236, 9.6738, 5.85134, 4.05405, 3.08168, 2.09693, 1.46759, 1.18832, 1.05779, 1.01469]",-0.864758,"[72.9688, 71.03, 73.4837, 71.0485]",0.344901
0.073,-0.0307139,0.0,0.0,27.914,0.0,437.421,537.42,93.831,3,"[200.0, 200.0, 200.0, 200.0, 200.0, 200.0, 200.0, 200.0, 200.0, 200.0, 200.0, 200.0, 200.0, 200.0, 200.0, 200.0, 200.0, 200.0, 200.0, 200.0, 200.0, 200.0, 200.0, 200.0, 200.0, 200.0, 200.0, 200.0, 200.0, 200.0, 200.0, 200.0, 200.0, 200.0, 200.0, 200.0]",1,4568.84,85.6157,0.154085,-0.704018,0.117,"[13.9774, 14.4119, 16.2193, 20.6737, 37.04, 81.64, 64.8045, 47.9918, 31.961, 18.4719, 10.002, 6.03067, 4.164, 3.15754, 2.14211, 1.49567, 1.20934, 1.07538, 1.03062]",-0.862647,"[72.9053, 70.9934, 73.4271, 71.599]",0.344085
0.079,-0.0338808,0.0,0.0,27.936,0.0,437.912,537.911,93.831,3,"[200.0, 200.0, 200.0, 200.0, 200.0, 200.0, 200.0, 200.0, 200.0, 200.0, 200.0, 200.0, 200.0, 200.0, 200.0, 200.0, 200.0, 200.0, 200.0, 200.0, 200.0, 200.0, 200.0, 200.0, 200.0, 200.0, 200.0, 200.0, 200.0, 200.0, 200.0, 200.0, 200.0, 200.0, 200.0, 200.0]",1,4556.89,85.5695,0.178411,-0.765532,0.117,"[13.9612, 14.381, 16.165, 20.5617, 36.4191, 82.2779, 65.4634, 48.6597, 32.6064, 19.0082, 10.335, 6.21742, 4.28026, 3.23853, 2.19107, 1.52652, 1.23268, 1.09507, 1.04861]",-0.860264,"[72.831, 70.9699, 73.4002, 71.2878]",0.343806
0.093,-0.0371115,0.0,0.0,27.958,0.0,438.403,538.402,93.831,3,"[200.0, 200.0, 200.0, 200.0, 200.0, 200.0, 200.0, 200.0, 200.0, 200.0, 200.0, 200.0, 200.0, 200.0, 200.0, 200.0, 200.0, 200.0, 200.0, 200.0, 200.0, 200.0, 200.0, 200.0, 200.0, 200.0, 200.0, 200.0, 200.0, 200.0, 200.0, 200.0, 200.0, 200.0, 200.0, 200.0]",1,4566.17,85.5199,0.167354,-0.857812,0.116,"[13.9438, 14.3487, 16.1088, 20.4473, 35.8189, 82.929, 66.1368, 49.3434, 33.2702, 19.5667, 10.6888, 6.41747, 4.40497, 3.32545, 2.24362, 1.55967, 1.25776, 1.11624, 1.06798]",-0.857701,"[72.8105, 70.9282, 73.3624, 71.5849]",0.346257
0.101,-0.0403491,0.0,0.0,27.98,0.0,438.893,538.892,93.831,3,"[200.0, 200.0, 200.0, 200.0, 200.0, 200.0, 200.0, 200.0, 200.0, 200.0, 200.0, 200.0, 200.0, 200.0, 200.0, 200.0, 200.0, 200.0, 200.0, 200.0, 200.0, 200.0, 200.0, 200.0, 200.0, 200.0, 200.0, 200.0, 200.0, 200.0, 200.0, 200.0, 200.0, 200.0, 200.0, 200.0]",1,4563.47,85.48,0.214278,-0.863443,0.116,"[13.9244, 14.3143, 16.0504, 20.3307, 35.2422, 83.5837, 66.8154, 50.035, 33.946, 20.1449, 11.0649, 6.63366, 4.54074, 3.42043, 2.30136, 1.59623, 1.28552, 1.13976, 1.08954]",-0.854845,"[72.7802, 70.8815, 73.3785, 71.4873]",0.343606
0.11,-0.0434974,0.0,0.0,28.002,0.0,439.384,539.383,93.831,3,"[200.0, 200.0, 200.0, 200.0, 200.0, 200.0, 200.0, 200.0, 200.0, 200.0, 200.0, 200.0, 200.0, 200.0, 200.0, 200.0, 200.0, 200.0, 200.0, 200.0, 200.0, 200.0, 200.0, 200.0, 200.0, 200.0, 200.0, 200.0, 200.0, 200.0, 200.0, 200.0, 200.0, 200.0, 200.0, 200.0]",1,4563.72,85.447,0.160761,-1.05271,0.116,"[13.9038, 14.2793, 15.9919, 20.2158, 34.7033, 84.2221, 67.4784, 50.7126, 34.6121, 20.7229, 11.4501, 6.85822, 4.68254, 3.51996, 2.362, 1.63477, 1.31486, 1.16463, 1.1124]",-0.85182,"[72.7358, 70.8651, 73.3334, 71.5561]",0.347446
0.122,-0.0471225,0.0,0.0,28.024,0.0,439.874,539.873,93.831,3,"[200.0, 200.0, 200.0, 200.0, 200.0, 200.0, 200.0, 200.0, 200.0, 200.0, 200.0, 200.0, 200.0, 200.0, 200.0, 200.0, 200.0, 200.0, 200.0, 200.0, 200.0, 200.0, 200.0, 200.0, 200.0, 200.0, 200.0, 200.0, 200.0, 200.0, 200.0, 200.0, 200.0, 200.0, 200.0, 200.0]",1,4563.64,85.415,0.222932,-0.987624,0.115,"[13.8817, 14.2406, 15.9268, 20.0874, 34.1202, 84.9526, 68.2366, 51.486, 35.3711, 21.3827, 11.8923, 7.11528, 4.84355, 3.63205, 2.42963, 1.67735, 1.34706, 1.19183, 1.13728]",-0.848529,"[72.7522, 70.8078, 73.3549, 71.5279]",0.342587
0.131,-0.0500041,0.0,0.0,28.046,0.0,440.364,540.363,93.831,3,"[200.0, 200.0, 200.0, 200.0, 200.0, 200.0, 200.0, 200.0, 200.0, 200.0, 200.0, 200.0, 200.0, 200.0, 200.0, 200.0, 200.0, 200.0, 200.0, 200.0, 200.0, 200.0, 200.0, 200.0, 200.0, 200.0, 200.0, 200.0, 200.0, 200.0, 200.0, 200.0, 200.0, 200.0, 200.0, 200.0]",1,4564.05,85.3944,0.191506,-1.16177,0.115,"[13.8575, 14.2032, 15.8676, 19.9761, 33.6539, 85.5431, 68.8536, 52.122, 36.0058, 21.9528, 12.2945, 7.35934, 5.00046, 3.74327, 2.49821, 1.72134, 1.38077, 1.2206, 1.16383]",-0.845014,"[72.6567, 70.8489, 73.3278, 71.5789]",0.347826
0.139,-0.0501915,0.0,0.0,28.068,0.0,440.854,540.853,93.831,3,"[200.0, 200.0, 200.0, 200.0, 200.0, 200.0, 200.0, 200.0, 200.0, 200.0, 200.0, 200.0, 200.0, 200.0, 200.0, 200.0, 200.0, 200.0, 200.0, 200.0, 200.0, 200.0, 200.0, 200.0, 200.0, 200.0, 200.0, 200.0, 200.0, 200.0, 200.0, 200.0, 200.0, 200.0, 200.0, 200.0]",1,4560.47,85.3644,-0.447568,-1.05507,-0.8,"[13.8321, 14.1762, 15.8359, 19.9319, 33.5373, 85.6208, 68.9496, 52.2425, 36.1592, 22.1397, 12.4765, 7.49926, 5.10414, 3.8235, 2.55287, 1.75926, 1.4112, 1.24747, 1.18941]",-0.84161,"[71.9082, 71.1351, 72.5983, 72.1551]",0.341248
0.198,-0.0428469,0.0,0.0,28.09,0.0,441.344,541.343,93.8309,3,"[200.0, 200.0, 200.0, 200.0, 200.0, 200.0, 200.0, 200.0, 200.0, 200.0, 200.0, 200.0, 200.0, 200.0, 200.0, 200.0, 200.0, 200.0, 200.0, 200.0, 200.0, 200.0, 200.0, 200.0, 200.0, 200.0, 200.0, 200.0, 200.0, 200.0, 200.0, 200.0, 200.0, 200.0, 200.0, 200.0]",1,4574.63,85.2577,-0.95666,-1.09386,-0.8,"[13.8062, 14.1815, 15.8843, 20.0795, 34.4149, 84.2634, 67.5878, 50.9214, 34.9693, 21.2581, 12.0316, 7.32998, 5.04377, 3.8052, 2.56108, 1.77527, 1.42876, 1.26597, 1.20944]",-0.838888,"[70.2104, 71.1092, 72.2826, 72.973]",0.34631
0.208,-0.0256866,0.0,0.0,28.112,0.0,441.833,541.833,93.8309,3,"[200.0, 200.0, 200.0, 200.0, 200.0, 200.0, 200.0, 200.0, 200.0, 200.0, 200.0, 200.0, 200.0, 200.0, 200.0, 200.0, 200.0, 200.0, 200.0, 200.0, 200.0, 200.0, 200.0, 200.0, 200.0, 200.0, 200.0, 200.0, 200.0, 200.0, 200.0, 200.0, 200.0, 200.0, 200.0, 200.0]",1,4543.03,85.066,-1.39397,-0.796884,0.114,"[13.7863, 14.236, 16.0476, 20.5028, 37.0645, 81.0228, 64.3216, 47.7344, 32.0812, 19.1015, 10.8766, 6.79981, 4.78096, 3.65958, 2.50506, 1.75889, 1.42615, 1.27047, 1.21933]",-0.837476,"[69.7209, 73.2924, 70.3811, 73.9877]",0.337781
0.214,-0.00764745,0.0,0.0,28.134,0.0,442.323,542.322,93.8308,3,"[200.0, 200.0, 200.0, 200.0, 200.0, 200.0, 200.0, 200.0, 200.0, 200.0, 200.0, 200.0, 200.0, 200.0, 200.0, 200.0, 200.0, 200.0, 200.0, 200.0, 200.0, 200.0, 200.0, 200.0, 200.0, 200.0, 200.0, 200.0, 200.0, 200.0, 200.0, 200.0, 200.0, 200.0, 200.0, 200.0]",1,4559.64,85.0857,-0.195942,-0.632185,0.113,"[13.7782, 14.3073, 16.2393, 20.9942, 41.1854, 77.5912, 60.8744, 44.3953, 29.1181, 16.998, 9.78867, 6.2827, 4.50902, 3.4995, 2.43518, 1.73186, 1.41492, 1.2675, 1.22234]",-0.837027,"[70.14, 72.5802, 71.2409, 73.5075]",0.342272
0.038,0.000239909,0.0,0.0,28.156,0.0,442.812,542.811,93.8308,3,"[200.0, 200.0, 200.0, 200.0, 200.0, 200.0, 200.0, 200.0, 200.0, 200.0, 200.0, 200.0, 200.0, 200.0, 200.0, 200.0, 200.0, 200.0, 200.0, 200.0, 200.0, 200.0, 200.0, 200.0, 200.0, 200.0, 200.0, 200.0, 200.0, 200.0, 200.0, 200.0, 200.0, 200.0, 200.0, 200.0]",1,4533.57,84.9937,0.875828,-0.405356,0.113,"[13.7729, 14.3369, 16.3227, 21.2155, 43.9788, 76.0943, 59.3794, 42.9637, 27.8822, 16.1709, 9.38277, 6.09322, 4.41096, 3.44322, 2.41263, 1.72521, 1.41408, 1.26981, 1.22712]",-0.836384,"[71.3705, 71.4378, 71.9586, 71.9704]",0.335707
0.0,0.00217599,0.021,0.0,28.178,0.0,443.3,543.299,93.8307,3,"[200.0, 200.0, 200.0, 200.0, 200.0, 200.0, 200.0, 200.0, 200.0, 200.0, 200.0, 200.0, 200.0, 200.0, 200.0, 200.0, 200.0, 200.0, 200.0, 200.0, 200.0, 200.0, 200.0, 200.0, 200.0, 200.0, 200.0, 200.0, 200.0, 200.0, 200.0, 200.0, 200.0, 200.0, 200.0, 200.0]",1,4516.61,84.8543,0.991105,-0.312911,0.113,"[13.7678, 14.3402, 16.3387, 21.2643, 44.8481, 75.7348, 59.0243, 42.6301, 27.6053, 16.0006, 9.30995, 6.0657, 4.40091, 3.44039, 2.41484, 1.72914, 1.41845, 1.27448, 1.23226]",-0.835698,"[71.4238, 70.5509, 72.1846, 71.2211]",0.342647
0.0,0.0019877,0.018,0.0,28.2,0.0,443.788,543.787,93.8306,3,"[200.0, 200.0, 200.0, 200.0, 200.0, 200.0, 200.0, 200.0, 200.0, 200.0, 200.0, 200.0, 200.0, 200.0, 200.0, 200.0, 200.0, 200.0, 200.0, 200.0, 200.0, 200.0, 200.0, 200.0, 200.0, 200.0, 200.0, 200.0, 200.0, 200.0, 200.0, 200.0, 200.0, 200.0, 200.0, 200.0]",1,4510.72,84.7087,0.972205,-0.348326,0.113,"[13.7632, 14.3345, 16.3309, 21.2509, 44.7058, 75.7802, 59.0733, 42.683, 27.6605, 16.0503, 9.34597, 6.09043, 4.41886, 3.45435, 2.42444, 1.73586, 1.42385, 1.27928, 1.23685]",-0.835087,"[71.7302, 70.3941, 72.2818, 70.9172]",0.336995
0.0,0.000390828,0.011,0.0,28.222,0.0,444.274,544.273,93.8305,3,"[200.0, 200.0, 200.0, 200.0, 200.0, 200.0, 200.0, 200.0, 200.0, 200.0, 200.0, 200.0, 200.0, 200.0, 200.0, 200.0, 200.0, 200.0, 200.0, 200.0, 200.0, 200.0, 200.0, 200.0, 200.0, 200.0, 200.0, 200.0, 200.0, 200.0, 200.0, 200.0, 200.0, 200.0, 200.0, 200.0]",1,4503.06,84.5946,0.888602,-0.282485,0.113,"[13.7581, 14.3221, 16.3065, 21.195, 43.9095, 76.0953, 59.3927, 42.9955, 27.9403, 16.2515, 9.45916, 6.15367, 4.45841, 3.48172, 2.44056, 1.74557, 1.43093, 1.28501, 1.24187]",-0.834417,"[71.6676, 70.1883, 72.2637, 70.7148]",0.338716
0.001,-0.00147003,0.0,0.0,28.244,0.0,444.761,544.76,93.8304,3,"[200.0, 200.0, 200.0, 200.0, 200.0, 200.0, 200.0, 200.0, 200.0, 200.0, 200.0, 200.0, 200.0, 200.0, 200.0, 200.0, 200.0, 200.0, 200.0, 200.0, 200.0, 200.0, 200.0, 200.0, 200.0, 200.0, 200.0, 200.0, 200.0, 200.0, 200.0, 200.0, 200.0, 200.0, 200.0, 200.0]",1,4501.49,84.5071,0.782424,-0.417145,0.113,"[13.7531, 14.3086, 16.2792, 21.1318, 43.0962, 76.4606, 59.7621, 43.3562, 28.2626, 16.4826, 9.58794, 6.22454, 4.50203, 3.51156, 2.45779, 1.75578, 1.4382, 1.29082, 1.24688]",-0.833749,"[71.843, 70.217, 72.2829, 70.6122]",0.345083
0.018,-0.00391263,0.0,0.0,28.266,0.0,445.246,545.246,93.8304,3,"[200.0, 200.0, 200.0, 200.0, 200.0, 200.0, 200.0, 200.0, 200.0, 200.0, 200.0, 200.0, 200.0, 200.0, 200.0, 200.0, 200.0, 200.0, 200.0, 200.0, 200.0, 200.0, 200.0, 200.0, 200.0, 200.0, 200.0, 200.0, 200.0, 200.0, 200.0, 200.0, 200.0, 200.0, 200.0, 200.0]",1,4497.06,84.4318,0.721951,-0.367279,0.112,"[13.7473, 14.2916, 16.2443, 21.0507, 42.1591, 76.9386, 60.2451, 43.8277, 28.6838, 16.785, 9.75606, 6.31616, 4.55786, 3.54937, 2.47935, 1.76829, 1.44704, 1.29781, 1.25281]",-0.83296,"[71.8113, 70.1328, 72.2364, 70.563]",0.340548
0.032,-0.00622761,0.0,0.0,28.288,0.0,445.732,545.731,93.8304,3,"[200.0, 200.0, 200.0, 200.0, 200.0, 200.0, 200.0, 200.0, 200.0, 200.0, 200.0, 200.0, 200.0, 200.0, 200.0, 200.0, 200.0, 200.0, 200.0, 200.0, 200.0, 200.0, 200.0, 200.0, 200.0, 200.0, 200.0, 200.0, 200.0, 200.0, 200.0, 200.0, 200.0, 200.0, 200.0, 200.0]",1,4491.92,84.3675,0.630433,-0.514106,0.112,"[13.7411, 14.2749, 16.2105, 20.9733, 41.3633, 77.3926, 60.7049, 44.2779, 29.089, 17.0803, 9.92276, 6.40784, 4.61408, 3.58773, 2.5014, 1.7813, 1.45632, 1.30521, 1.25919]",-0.832111,"[71.7648, 70.0528, 72.1575, 70.4602]",0.347371
0.044,-0.00933748,0.0,0.0,28.31,0.0,446.217,546.216,93.8304,3,"[200.0, 200.0, 200.0, 200.0, 200.0, 200.0, 200.0, 200.0, 200.0, 200.0, 200.0, 200.0, 200.0, 200.0, 200.0, 200.0, 200.0, 200.0, 200.0, 200.0, 200.0, 200.0, 200.0, 200.0, 200.0, 200.0, 200.0, 200.0, 200.0, 200.0, 200.0, 200.0, 200.0, 200.0, 200.0, 200.0]",1,4495.7,84.3004,0.550443,-0.554406,0.112,"[13.734, 14.2537, 16.1669, 20.8723, 40.4142, 77.9998, 61.3194, 44.8789, 29.6301, 17.4755, 10.145, 6.52861, 4.68714, 3.63696, 2.5292, 1.79734, 1.46758, 1.31408, 1.2667]",-0.831114,"[71.7786, 69.9366, 72.2718, 70.4513]",0.341396
0.059,-0.0118459,0.0,0.0,28.332,0.0,446.702,546.701,93.8304,3,"[200.0, 200.0, 200.0, 200.0, 200.0, 200.0, 200.0, 200.0, 200.0, 200.0, 200.0, 200.0, 200.0, 200.0, 200.0, 200.0, 200.0, 200.0, 200.0, 200.0, 200.0, 200.0, 200.0, 200.0, 200.0, 200.0, 200.0, 200.0, 200.0, 200.0, 200.0, 200.0, 200.0, 200.0, 200.0, 200.0]",1,4491.31,84.2476,0.512438,-0.642084,0.112,"[13.7261, 14.2343, 16.1291, 20.7879, 39.7076, 78.4937, 61.821, 45.3733, 30.0812, 17.8141, 10.342, 6.63861, 4.75531, 3.68379, 2.55653, 1.81374, 1.47947, 1.32372, 1.27515]",-0.829993,"[71.6622, 69.9407, 72.1391, 70.4553]",0.348151
0.073,-0.0150899,0.0,0.0,28.354,0.0,447.186,547.185,93.8304,3,"[200.0, 200.0, 200.0, 200.0, 200.0, 200.0, 200.0, 200.0, 200.0, 200.0, 200.0, 200.0, 200.0, 200.0, 200.0, 200.0, 200.0, 200.0, 200.0, 200.0, 200.0, 200.0, 200.0, 200.0, 200.0, 200.0, 200.0, 200.0, 200.0, 200.0, 200.0, 200.0, 200.0, 200.0, 200.0, 200.0]",1,4493.35,84.1943,0.468391,-0.656295,0.112,"[13.717, 14.2106, 16.082, 20.6818, 38.8788, 79.1294, 62.4666, 46.0088, 30.661, 18.2506, 10.5956, 6.77878, 4.84104, 3.74206, 2.58998, 1.83347, 1.49359, 1.33504, 1.28495]",-0.828693,"[71.7025, 69.8236, 72.2411, 70.4064]",0.341592
0.088,-0.0176268,0.0,0.0,28.376,0.0,447.67,547.67,93.8304,3,"[200.0, 200.0, 200.0, 200.0, 200.0, 200.0, 200.0, 200.0, 200.0, 200.0, 200.0, 200.0, 200.0, 200.0, 200.0, 200.0, 200.0, 200.0, 200.0, 200.0, 200.0, 200.0, 200.0, 200.0, 200.0, 200.0, 200.0, 200.0, 200.0, 200.0, 200.0, 200.0, 200.0, 200.0, 200.0, 200.0]",1,4492.08,84.1543,0.449774,-0.739603,0.112,"[13.7067, 14.1887, 16.0415, 20.5944, 38.2638, 79.6321, 62.9799, 46.5183, 31.1336, 18.6174, 10.8176, 6.90586, 4.92093, 3.79759, 2.62299, 1.85371, 1.50853, 1.34735, 1.29593]",-0.827235,"[71.5638, 69.8776, 72.1208, 70.4919]",0.348231
0.098,-0.0208251,0.0,0.0,28.398,0.0,448.154,548.154,93.8304,3,"[200.0, 200.0, 200.0, 200.0, 200.0, 200.0, 200.0, 200.0, 200.0, 200.0, 200.0, 200.0, 200.0, 200.0, 200.0, 200.0, 200.0, 200.0, 200.0, 200.0, 200.0, 200.0, 200.0, 200.0, 200.0, 200.0, 200.0, 200.0, 200.0, 200.0, 200.0, 200.0, 200.0, 200.0, 200.0, 200.0]",1,4491.97,84.1138,0.433233,-0.736095,0.112,"[13.6952, 14.1628, 15.9924, 20.4876, 37.5498, 80.2626, 63.6229, 47.1557, 31.7242, 19.0767, 11.0952, 7.06302, 5.01858, 3.86483, 2.66238, 1.87752, 1.5259, 1.36155, 1.30849]",-0.825573,"[71.6352, 69.751, 72.2132, 70.3905]",0.341693
0.112,-0.0233283,0.0,0.0,28.42,0.0,448.638,548.637,93.8304,3,"[200.0, 200.0, 200.0, 200.0, 200.0, 200.0, 200.0, 200.0, 200.0, 200.0, 200.0, 200.0, 200.0, 200.0, 200.0, 200.0, 200.0, 200.0, 200.0, 200.0, 200.0, 200.0, 200.0, 200.0, 200.0, 200.0, 200.0, 200.0, 200.0, 200.0, 200.0, 200.0, 200.0, 200.0, 200.0, 200.0]",1,4492.38,84.0851,0.421714,-0.817648,0.112,"[13.6823, 14.1385, 15.9496, 20.3986, 37.008, 80.7625, 64.1357, 47.6691, 32.2077, 19.4649, 11.3402, 7.20691, 5.11042, 3.92943, 2.70145, 1.90192, 1.54419, 1.37682, 1.32229]",-0.823743,"[71.481, 69.8456, 72.0959, 70.5211]",0.347914
0.119,-0.0263847,0.0,0.0,28.442,0.0,449.122,549.121,93.8304,3,"[200.0, 200.0, 200.0, 200.0, 200.0, 200.0, 200.0, 200.0, 200.0, 200.0, 200.0, 200.0, 200.0, 200.0, 200.0, 200.0, 200.0, 200.0, 200.0, 200.0, 200.0, 200.0, 200.0, 200.0, 200.0, 200.0, 200.0, 200.0, 200.0, 200.0, 200.0, 200.0, 200.0, 200.0, 200.0, 200.0]",1,4491.33,84.0561,0.412132,-0.833557,0.111,"[13.6683, 14.1106, 15.8995, 20.2935, 36.3922, 81.3692, 64.7573, 48.2898, 32.7916, 19.9337, 11.6354, 7.37867, 5.21888, 4.00498, 2.74651, 1.92968, 1.56479, 1.3939, 1.3376]",-0.821714,"[71.5814, 69.7003, 72.1924, 70.4006]",0.341947
0.131,-0.0290622,0.0,0.0,28.464,0.0,449.605,549.605,93.8304,3,"[200.0, 200.0, 200.0, 200.0, 200.0, 200.0, 200.0, 200.0, 200.0, 200.0, 200.0, 200.0, 200.0, 200.0, 200.0, 200.0, 200.0, 200.0, 200.0, 200.0, 200.0, 200.0, 200.0, 200.0, 200.0, 200.0, 200.0, 200.0, 200.0, 200.0, 200.0, 200.0, 200.0, 200.0, 200.0, 200.0]",1,4492.36,84.0365,0.411135,-0.857767,0.111,"[13.6528, 14.0829, 15.8519, 20.1972, 35.8684, 81.9057, 65.3094, 48.8452, 33.3203, 20.3687, 11.9184, 7.54758, 5.32745, 4.08162, 2.79311, 1.95895, 1.58679, 1.41236, 1.35436]",-0.819494,"[71.4555, 69.7539, 72.1019, 70.5109]",0.347576
0.138,-0.0315088,0.0,0.0,28.486,0.0,450.089,550.088,93.8304,3,"[200.0, 200.0, 200.0, 200.0, 200.0, 200.0, 200.0, 200.0, 200.0, 200.0, 200.0, 200.0, 200.0, 200.0, 200.0, 200.0, 200.0, 200.0, 200.0, 200.0, 200.0, 200.0, 200.0, 200.0, 200.0, 200.0, 200.0, 200.0, 200.0, 200.0, 200.0, 200.0, 200.0, 200.0, 200.0, 200.0]",1,4491.89,84.0196,0.394356,-0.97626,0.111,"[13.6363, 14.0552, 15.8059, 20.1061, 35.4021, 82.3995, 65.8194, 49.3607, 33.8159, 20.7838, 12.1955, 7.7162, 5.43707, 4.15965, 2.84107, 1.9894, 1.60986, 1.43184, 1.37217]",-0.817135,"[71.4698, 69.7304, 72.1287, 70.4873]",0.342172
0.145,-0.0341396,0.0,0.0,28.508,0.0,450.572,550.572,93.8304,3,"[200.0, 200.0, 200.0, 200.0, 200.0, 200.0, 200.0, 200.0, 200.0, 200.0, 200.0, 200.0, 200.0, 200.0, 200.0, 200.0, 200.0, 200.0, 200.0, 200.0, 200.0, 200.0, 200.0, 200.0, 200.0, 200.0, 200.0, 200.0, 200.0, 200.0, 200.0, 200.0, 200.0, 200.0, 200.0, 200.0]",1,4492.32,84.0047,0.449439,-0.902235,0.111,"[13.6182, 14.0252, 15.7562, 20.0086, 34.9217, 82.93, 66.3676, 49.9155, 34.3505, 21.2349, 12.4997, 7.90207, 5.55798, 4.2456, 2.89384, 2.02285, 1.63519, 1.45322, 1.39167]",-0.81455,"[71.4338, 69.745, 72.0965, 70.5135]",0.343207
0.148,-0.0365775,0.0,0.0,28.53,0.0,451.056,551.055,93.8304,3,"[200.0, 200.0, 200.0, 200.0, 200.0, 200.0, 200.0, 200.0, 200.0, 200.0, 200.0, 200.0, 200.0, 200.0, 200.0, 200.0, 200.0, 200.0, 200.0, 200.0, 200.0, 200.0, 200.0, 200.0, 200.0, 200.0, 200.0, 200.0, 200.0, 200.0, 200.0, 200.0, 200.0, 200.0, 200.0, 200.0]",1,4494.41,83.9945,0.392107,-1.06012,0.11,"[13.5992, 13.995, 15.7076, 19.9152, 34.4858, 83.4249, 66.8806, 50.4373, 34.8574, 21.6696, 12.7996, 8.08849, 5.68052, 4.33329, 2.9481, 2.05752, 1.66162, 1.4756, 1.41221]",-0.81183,"[71.4327, 69.7025, 72.1147, 70.5915]",0.346345
0.156,-0.0363907,0.0,0.0,28.552,0.0,451.539,551.539,93.8304,3,"[200.0, 200.0, 200.0, 200.0, 200.0, 200.0, 200.0, 200.0, 200.0, 200.0, 200.0, 200.0, 200.0, 200.0, 200.0, 200.0, 200.0, 200.0, 200.0, 200.0, 200.0, 200.0, 200.0, 200.0, 200.0, 200.0, 200.0, 200.0, 200.0, 200.0, 200.0, 200.0, 200.0, 200.0, 200.0, 200.0]",1,4489.9,83.9792,-0.199371,-0.947878,-0.8,"[13.5794, 13.9754, 15.6863, 19.8887, 34.4335, 83.4234, 66.8927, 50.4691, 34.9176, 21.7613, 12.9006, 8.17405, 5.74841, 4.38807, 2.98722, 2.08552, 1.68448, 1.49603, 1.43185]",-0.809212,"[70.5243, 69.926, 71.5065, 71.0701]",0.34359
0.212,-0.0283872,0.0,0.0,28.574,0.0,452.023,552.022,93.8303,3,"[200.0, 200.0, 200.0, 200.0, 200.0, 200.0, 200.0, 200.0, 200.0, 200.0, 200.0, 200.0, 200.0, 200.0, 200.0, 200.0, 200.0, 200.0, 200.0, 200.0, 200.0, 200.0, 200.0, 200.0, 200.0, 200.0, 200.0, 200.0, 200.0, 200.0, 200.0, 200.0, 200.0, 200.0, 200.0, 200.0]",1,4493.23,83.8677,-0.822243,-0.970578,-0.8,"[13.5617, 13.9915, 15.7509, 20.0689, 35.5799, 81.9393, 65.408, 49.0379, 33.6458, 20.8304, 12.3991, 7.94427, 5.63978, 4.33328, 2.97286, 2.08791, 1.69225, 1.50672, 1.44516]",-0.807388,"[69.1041, 70.0421, 70.6788, 71.9629]",0.344988
0.239,-0.0125846,0.0,0.0,28.596,0.0,452.506,552.505,93.8302,3,"[200.0, 200.0, 200.0, 200.0, 200.0, 200.0, 200.0, 200.0, 200.0, 200.0, 200.0, 200.0, 200.0, 200.0, 200.0, 200.0, 200.0, 200.0, 200.0, 200.0, 200.0, 200.0, 200.0, 200.0, 200.0, 200.0, 200.0, 200.0, 200.0, 200.0, 200.0, 200.0, 200.0, 200.0, 200.0, 200.0]",1,4508.39,83.7135,-1.13223,-0.869367,0.109,"[13.5519, 14.0497, 15.9113, 20.4797, 38.5362, 78.9648, 62.4274, 46.1613, 31.0962, 18.9776, 11.3774, 7.43382, 5.36579, 4.17108, 2.90241, 2.06137, 1.68186, 1.5048, 1.44939]",-0.806763,"[68.7803, 71.8163, 70.3882, 72.5909]",0.340839
0.218,0.0046466,0.0,0.0,28.618,0.0,452.988,552.987,93.8301,3,"[200.0, 200.0, 200.0, 200.0, 200.0, 200.0, 200.0, 200.0, 200.0, 200.0, 200.0, 200.0, 200.0, 200.0, 200.0, 200.0, 200.0, 200.0, 200.0, 200.0, 200.0, 200.0, 200.0, 200.0, 200.0, 200.0, 200.0, 200.0, 200.0, 200.0, 200.0, 200.0, 200.0, 200.0, 200.0, 200.0]",1,4492.72,83.7426,-0.0351789,-0.623192,0.109,"[13.5528, 14.1259, 16.1047, 20.9719, 43.8963, 75.7003, 59.1681, 43.0417, 28.3907, 17.0948, 10.3616, 6.91233, 5.07337, 3.99021, 2.81694, 2.0241, 1.66312, 1.49583, 1.44734]",-0.807023,"[69.0686, 71.3254, 70.042, 72.4952]",0.341031
0.093,0.0124969,0.0,0.0,28.64,0.0,453.47,553.469,93.8301,3,"[200.0, 200.0, 200.0, 200.0, 200.0, 200.0, 200.0, 200.0, 200.0, 200.0, 200.0, 200.0, 200.0, 200.0, 200.0, 200.0, 200.0, 200.0, 200.0, 200.0, 200.0, 200.0, 200.0, 200.0, 200.0, 200.0, 200.0, 200.0, 200.0, 200.0, 200.0, 200.0, 200.0, 200.0, 200.0, 200.0]",1,4467.75,83.6841,0.852923,-0.474154,0.109,"[13.5551, 14.1629, 16.1968, 21.2091, 106.646, 74.2102, 57.6864, 41.6362, 27.1988, 16.298, 9.94086, 6.69414, 4.94894, 3.91205, 2.77919, 2.00728, 1.65451, 1.49161, 1.44623]",-0.807184,"[70.2462, 70.3896, 70.8322, 70.972]",0.338251
1.0,0.0149415,0.0,0.0,28.662,0.0,453.953,553.953,93.8297,3,"[200.0, 200.0, 200.0, 200.0, 200.0, 200.0, 200.0, 200.0, 200.0, 200.0, 200.0, 200.0, 200.0, 200.0, 200.0, 200.0, 200.0, 200.0, 200.0, 200.0, 200.0, 200.0, 200.0, 200.0, 200.0, 200.0, 200.0, 200.0, 200.0, 200.0, 200.0, 200.0, 200.0, 200.0, 200.0, 200.0]",1,4609.83,84.0082,1.02944,-0.367992,0.109,"[13.5569, 14.1757, 16.2272, 21.2863, 106.204, 73.7439, 57.2228, 41.1969, 26.8282, 16.0521, 9.81003, 6.62471, 4.90825, 3.88581, 2.76585, 2.00079, 1.65077, 1.48932, 1.44495]",-0.807362,"[70.929, 70.1434, 73.1667, 72.9684]",0.340703
1.0,0.0144755,0.0,0.0,28.684,0.0,454.439,554.438,93.8293,3,"[200.0, 200.0, 200.0, 200.0, 200.0, 200.0, 200.0, 200.0, 200.0, 200.0, 200.0, 200.0, 200.0, 200.0, 200.0, 200.0, 200.0, 200.0, 200.0, 200.0, 200.0, 200.0, 200.0, 200.0, 200.0, 200.0, 200.0, 200.0, 200.0, 200.0, 200.0, 200.0, 200.0, 200.0, 200.0, 200.0]",1,4590.45,84.4293,0.962503,-0.31021,0.109,"[13.5584, 14.1751, 16.2236, 21.2746, 106.287, 73.8291, 57.306, 41.2733, 26.8889, 16.0879, 9.82551, 6.63067, 4.91032, 3.88621, 2.76504, 1.99957, 1.64945, 1.48792, 1.44341]",-0.807565,"[71.5237, 70.1813, 73.6914, 72.1302]",0.339046
1.0,0.0136746,0.0,0.0,28.706,0.0,454.926,554.926,93.8288,3,"[200.0, 200.0, 200.0, 200.0, 200.0, 200.0, 200.0, 200.0, 200.0, 200.0, 200.0, 200.0, 200.0, 200.0, 200.0, 200.0, 200.0, 200.0, 200.0, 200.0, 200.0, 200.0, 200.0, 200.0, 200.0, 200.0, 200.0, 200.0, 200.0, 200.0, 200.0, 200.0, 200.0, 200.0, 200.0, 200.0]",1,4651.85,84.8112,0.857549,-0.297857,0.109,"[13.5602, 14.1735, 16.2166, 21.2535, 106.429, 73.9767, 57.4509, 41.4073, 26.9971, 16.1536, 9.8556, 6.64349, 4.91587, 3.88846, 2.76482, 1.99834, 1.64791, 1.48617, 1.44141]",-0.807831,"[71.8831, 70.5385, 73.7277, 73.6875]",0.342313
0.999,0.0119869,0.0,0.0,28.728,0.0,455.416,555.415,93.8284,3,"[200.0, 200.0, 200.0, 200.0, 200.0, 200.0, 200.0, 200.0, 200.0, 200.0, 200.0, 200.0, 200.0, 200.0, 200.0, 200.0, 200.0, 200.0, 200.0, 200.0, 200.0, 200.0, 200.0, 200.0, 200.0, 200.0, 200.0, 200.0, 200.0, 200.0, 200.0, 200.0, 200.0, 200.0, 200.0, 200.0]",1,4657.84,85.2193,0.743176,-0.292177,0.109,"[13.5617, 14.1676, 16.1991, 21.2051, 50.012, 74.293, 57.7629, 41.6997, 27.2388, 16.3077, 9.93198, 6.68039, 4.93522, 3.89943, 2.76883, 1.99901, 1.64734, 1.4849, 1.43954]",-0.808076,"[72.3388, 70.6707, 75.0176, 73.2657]",0.340808
0.0,0.0105145,0.072,0.0,28.75,0.0,455.907,555.906,93.8283,3,"[200.0, 200.0, 200.0, 200.0, 200.0, 200.0, 200.0, 200.0, 200.0, 200.0, 200.0, 200.0, 200.0, 200.0, 200.0, 200.0, 200.0, 200.0, 200.0, 200.0, 200.0, 200.0, 200.0, 200.0, 200.0, 200.0, 200.0, 200.0, 200.0, 200.0, 200.0, 200.0, 200.0, 200.0, 200.0, 200.0]",1,4514.09,85.0584,0.651172,-0.336175,0.109,"[13.5632, 14.1627, 16.1841, 21.1635, 47.8748, 74.5685, 58.035, 41.9548, 27.4502, 16.4427, 9.99869, 6.71235, 4.95177, 3.90868, 2.77207, 1.9994, 1.64667, 1.48365, 1.43776]",-0.808309,"[71.6057, 67.5024, 72.5315, 70.8092]",0.344168
0.0,0.00905025,0.039,0.0,28.772,0.0,456.396,556.396,93.8282,3,"[200.0, 200.0, 200.0, 200.0, 200.0, 200.0, 200.0, 200.0, 200.0, 200.0, 200.0, 200.0, 200.0, 200.0, 200.0, 200.0, 200.0, 200.0, 200.0, 200.0, 200.0, 200.0, 200.0, 200.0, 200.0, 200.0, 200.0, 200.0, 200.0, 200.0, 200.0, 200.0, 200.0, 200.0, 200.0, 200.0]",1,4513.58,84.8214,0.599498,-0.403175,0.109,"[13.5645, 14.1576, 16.169, 21.122, 46.5962, 74.843, 58.3063, 42.2097, 27.6624, 16.5795, 10.0669, 6.74522, 4.96899, 3.9185, 2.77566, 2.00006, 1.64624, 1.48259, 1.43619]",-0.808515,"[71.2289, 69.404, 72.3071, 70.9345]",0.341805
0.0,0.00697654,0.03,0.0,28.794,0.0,456.884,556.884,93.8281,3,"[200.0, 200.0, 200.0, 200.0, 200.0, 200.0, 200.0, 200.0, 200.0, 200.0, 200.0, 200.0, 200.0, 200.0, 200.0, 200.0, 200.0, 200.0, 200.0, 200.0, 200.0, 200.0, 200.0, 200.0, 200.0, 200.0, 200.0, 200.0, 200.0, 200.0, 200.0, 200.0, 200.0, 200.0, 200.0, 200.0]",1,4501.22,84.645,0.540327,-0.459575,0.109,"[13.565, 14.149, 16.146, 21.0613, 45.2296, 75.2345, 58.695, 42.5772, 27.9724, 16.7839, 10.1724, 6.79831, 4.99827, 3.93619, 2.78351, 2.00297, 1.64726, 1.48258, 1.43539]",-0.808619,"[71.7343, 69.0963, 72.3558, 70.5342]",0.342931
0.0,0.00469625,0.019,0.0,28.816,0.0,457.372,557.371,93.828,3,"[200.0, 200.0, 200.0, 200.0, 200.0, 200.0, 200.0, 200.0, 200.0, 200.0, 200.0, 200.0, 200.0, 200.0, 200.0, 200.0, 200.0, 200.0, 200.0, 200.0, 200.0, 200.0, 200.0, 200.0, 200.0, 200.0, 200.0, 200.0, 200.0, 200.0, 200.0, 200.0, 200.0, 200.0, 200.0, 200.0]",1,4496.06,84.4893,0.488771,-0.521438,0.109,"[13.565, 14.1389, 16.12, 20.9939, 44.0377, 75.6665, 59.1245, 42.9851, 28.3192, 17.0165, 10.2943, 6.86063, 5.0332, 3.95776, 2.79358, 2.00719, 1.6492, 1.48331, 1.43523]",-0.808637,"[71.5788, 70.1315, 72.2126, 70.1472]",0.344866
0.0,0.00182533,0.009,0.0,28.838,0.0,457.858,557.857,93.828,3,"[200.0, 200.0, 200.0, 200.0, 200.0, 200.0, 200.0, 200.0, 200.0, 200.0, 200.0, 200.0, 200.0, 200.0, 200.0, 200.0, 200.0, 200.0, 200.0, 200.0, 200.0, 200.0, 200.0, 200.0, 200.0, 200.0, 200.0, 200.0, 200.0, 200.0, 200.0, 200.0, 200.0, 200.0, 200.0, 200.0]",1,4491.77,84.3741,0.43096,-0.532394,0.109,"[13.5638, 14.125, 16.0862, 20.9081, 42.7972, 76.2125, 59.669, 43.5046, 28.7654, 17.321, 10.4573, 6.94541, 5.08176, 3.98841, 2.80865, 2.01417, 1.65302, 1.48547, 1.43623]",-0.808503,"[71.7355, 69.7816, 72.2757, 70.3186]",0.343392
0.002,-0.00101489,0.0,0.0,28.86,0.0,458.344,558.343,93.8279,3,"[200.0, 200.0, 200.0, 200.0, 200.0, 200.0, 200.0, 200.0, 200.0, 200.0, 200.0, 200.0, 200.0, 200.0, 200.0, 200.0, 200.0, 200.0, 200.0, 200.0, 200.0, 200.0, 200.0, 200.0, 200.0, 200.0, 200.0, 200.0, 200.0, 200.0, 200.0, 200.0, 200.0, 200.0, 200.0, 200.0]",1,4474.03,84.2918,0.386125,-0.585944,0.109,"[13.5618, 14.1105, 16.0518, 20.8226, 41.7525, 76.7544, 60.2107, 44.0237, 29.2154, 17.6335, 10.6275, 7.03522, 5.13384, 4.0218, 2.82559, 2.02251, 1.65796, 1.48862, 1.4382]",-0.80824,"[71.7422, 69.9353, 72.2135, 69.9]",0.345418
0.023,-0.00435358,0.0,0.0,28.882,0.0,458.829,558.829,93.8279,3,"[200.0, 200.0, 200.0, 200.0, 200.0, 200.0, 200.0, 200.0, 200.0, 200.0, 200.0, 200.0, 200.0, 200.0, 200.0, 200.0, 200.0, 200.0, 200.0, 200.0, 200.0, 200.0, 200.0, 200.0, 200.0, 200.0, 200.0, 200.0, 200.0, 200.0, 200.0, 200.0, 200.0, 200.0, 200.0, 200.0]",1,4487.21,84.2079,0.296821,-0.669243,0.109,"[13.5587, 14.0926, 16.0107, 20.7219, 40.683, 77.393, 60.8503, 44.6389, 29.7533, 18.0131, 10.8374, 7.14712, 5.19931, 4.06412, 2.84753, 2.03367, 1.66486, 1.49332, 1.44146]",-0.807807,"[71.7219, 69.8264, 72.0503, 70.5757]",0.343432
0.037,-0.00737268,0.0,0.0,28.904,0.0,459.314,559.314,93.8279,3,"[200.0, 200.0, 200.0, 200.0, 200.0, 200.0, 200.0, 200.0, 200.0, 200.0, 200.0, 200.0, 200.0, 200.0, 200.0, 200.0, 200.0, 200.0, 200.0, 200.0, 200.0, 200.0, 200.0, 200.0, 200.0, 200.0, 200.0, 200.0, 200.0, 200.0, 200.0, 200.0, 200.0, 200.0, 200.0, 200.0]",1,4478.05,84.1453,0.293649,-0.66917,0.109,"[13.5544, 14.075, 15.9719, 20.6293, 39.8183, 77.973, 61.4331, 45.2027, 30.2515, 18.3719, 11.0407, 7.25749, 5.265, 4.10737, 2.87071, 2.04609, 1.67299, 1.49923, 1.44602]",-0.807202,"[71.6136, 69.8074, 72.1241, 70.0952]",0.345416
0.054,-0.0106424,0.0,0.0,28.926,0.0,459.799,559.798,93.8279,3,"[200.0, 200.0, 200.0, 200.0, 200.0, 200.0, 200.0, 200.0, 200.0, 200.0, 200.0, 200.0, 200.0, 200.0, 200.0, 200.0, 200.0, 200.0, 200.0, 200.0, 200.0, 200.0, 200.0, 200.0, 200.0, 200.0, 200.0, 200.0, 200.0, 200.0, 200.0, 200.0, 200.0, 200.0, 200.0, 200.0]",1,4488.54,84.0784,0.234708,-0.751829,0.109,"[13.5488, 14.0549, 15.929, 20.5284, 38.9682, 78.6029, 62.0675, 45.8185, 30.8004, 18.774, 11.2724, 7.38475, 5.34142, 4.15806, 2.89837, 2.06129, 1.68319, 1.50687, 1.45213]",-0.806392,"[71.6057, 69.728, 72.0708, 70.4879]",0.343465
0.067,-0.0135169,0.0,0.0,28.948,0.0,460.283,560.283,93.8279,3,"[200.0, 200.0, 200.0, 200.0, 200.0, 200.0, 200.0, 200.0, 200.0, 200.0, 200.0, 200.0, 200.0, 200.0, 200.0, 200.0, 200.0, 200.0, 200.0, 200.0, 200.0, 200.0, 200.0, 200.0, 200.0, 200.0, 200.0, 200.0, 200.0, 200.0, 200.0, 200.0, 200.0, 200.0, 200.0, 200.0]",1,4481.1,84.0291,0.263519,-0.744283,0.109,"[13.5418, 14.0351, 15.8889, 20.4373, 38.2734, 79.1603, 62.6309, 46.3689, 31.2969, 19.1459, 11.4928, 7.50863, 5.41735, 4.20933, 2.92725, 2.07786, 1.69473, 1.51588, 1.45972]",-0.805388,"[71.4839, 69.7435, 72.0379, 70.2391]",0.345224
0.08,-0.016519,0.0,0.0,28.97,0.0,460.767,560.767,93.8279,3,"[200.0, 200.0, 200.0, 200.0, 200.0, 200.0, 200.0, 200.0, 200.0, 200.0, 200.0, 200.0, 200.0, 200.0, 200.0, 200.0, 200.0, 200.0, 200.0, 200.0, 200.0, 200.0, 200.0, 200.0, 200.0, 200.0, 200.0, 200.0, 200.0, 200.0, 200.0, 200.0, 200.0, 200.0, 200.0, 200.0]",1,4485.74,83.9787,0.233807,-0.821696,0.109,"[13.5335, 14.0134, 15.846, 20.3413, 37.5959, 79.744, 63.2222, 46.9486, 31.8237, 19.5465, 11.7343, 7.64583, 5.50201, 4.2669, 2.96003, 2.09693, 1.7082, 1.52655, 1.46882]",-0.804184,"[71.4958, 69.6617, 72.0291, 70.3698]",0.34373
0.091,-0.0192462,0.0,0.0,28.992,0.0,461.251,561.251,93.8279,3,"[200.0, 200.0, 200.0, 200.0, 200.0, 200.0, 200.0, 200.0, 200.0, 200.0, 200.0, 200.0, 200.0, 200.0, 200.0, 200.0, 200.0, 200.0, 200.0, 200.0, 200.0, 200.0, 200.0, 200.0, 200.0, 200.0, 200.0, 200.0, 200.0, 200.0, 200.0, 200.0, 200.0, 200.0, 200.0, 200.0]",1,4480.66,83.9398,0.268551,-0.81699,0.109,"[13.5237, 13.9914, 15.8045, 20.2514, 37.0102, 80.278, 63.7651, 47.4839, 32.3158, 19.9288, 11.9711, 7.78329, 5.5883, 4.32642, 2.99477, 2.11768, 1.7232, 1.53869, 1.47943]",-0.802778,"[71.3851, 69.6944, 71.9673, 70.2881]",0.344865
0.101,-0.0219374,0.0,0.0,29.014,0.0,461.735,561.734,93.8279,3,"[200.0, 200.0, 200.0, 200.0, 200.0, 200.0, 200.0, 200.0, 200.0, 200.0, 200.0, 200.0, 200.0, 200.0, 200.0, 200.0, 200.0, 200.0, 200.0, 200.0, 200.0, 200.0, 200.0, 200.0, 200.0, 200.0, 200.0, 200.0, 200.0, 200.0, 200.0, 200.0, 200.0, 200.0, 200.0, 200.0]",1,4481.57,83.904,0.235798,-0.912025,0.109,"[13.5126, 13.9683, 15.7621, 20.161, 36.4589, 80.807, 64.3043, 48.018, 32.8105, 20.3192, 12.2174, 7.92835, 5.68023, 4.3903, 3.03245, 2.14053, 1.73988, 1.55231, 1.49149]",-0.801182,"[71.4006, 69.6272, 71.9835, 70.2728]",0.344225
0.112,-0.0244905,0.0,0.0,29.036,0.0,462.218,562.218,93.8279,3,"[200.0, 200.0, 200.0, 200.0, 200.0, 200.0, 200.0, 200.0, 200.0, 200.0, 200.0, 200.0, 200.0, 200.0, 200.0, 200.0, 200.0, 200.0, 200.0, 200.0, 200.0, 200.0, 200.0, 200.0, 200.0, 200.0, 200.0, 200.0, 200.0, 200.0, 200.0, 200.0, 200.0, 200.0, 200.0, 200.0]",1,4480.72,83.8733,0.29317,-0.881091,0.108,"[13.5001, 13.9444, 15.7196, 20.0729, 35.9545, 81.3119, 64.8206, 48.5317, 33.2908, 20.705, 12.4666, 8.07752, 5.77588, 4.45739, 3.07258, 2.16524, 1.75817, 1.56741, 1.50497]",-0.799396,"[71.3043, 69.6342, 71.9258, 70.3212]",0.344131
0.116,-0.0270147,0.0,0.0,29.058,0.0,462.702,562.701,93.8279,3,"[200.0, 200.0, 200.0, 200.0, 200.0, 200.0, 200.0, 200.0, 200.0, 200.0, 200.0, 200.0, 200.0, 200.0, 200.0, 200.0, 200.0, 200.0, 200.0, 200.0, 200.0, 200.0, 200.0, 200.0, 200.0, 200.0, 200.0, 200.0, 200.0, 200.0, 200.0, 200.0, 200.0, 200.0, 200.0, 200.0]",1,4479.69,83.8461,0.28476,-0.972381,0.108,"[13.4863, 13.9193, 15.6761, 19.9842, 35.4736, 81.8132, 65.3343, 49.0448, 33.7739, 21.0984, 12.7251, 8.23438, 5.87722, 4.52883, 3.11572, 2.19197, 1.77808, 1.58397, 1.51986]",-0.797425,"[71.3171, 69.5915, 71.9483, 70.2658]",0.344538
0.125,-0.0268635,0.0,0.0,29.08,0.0,463.185,563.184,93.8279,3,"[200.0, 200.0, 200.0, 200.0, 200.0, 200.0, 200.0, 200.0, 200.0, 200.0, 200.0, 200.0, 200.0, 200.0, 200.0, 200.0, 200.0, 200.0, 200.0, 200.0, 200.0, 200.0, 200.0, 200.0, 200.0, 200.0, 200.0, 200.0, 200.0, 200.0, 200.0, 200.0, 200.0, 200.0, 200.0, 200.0]",1,4475.95,83.8129,-0.331594,-0.934182,-0.8,"[13.4722, 13.9053, 15.661, 19.9655, 35.4365, 81.8095, 65.3406, 49.0657, 33.8151, 21.1606, 12.7926, 8.29187, 5.92352, 4.56658, 3.14301, 2.21172, 1.7943, 1.59852, 1.53388]",-0.795555,"[70.3799, 69.7691, 71.2802, 70.8372]",0.344275
0.183,-0.0184572,0.0,0.0,29.102,0.0,463.668,563.667,93.8279,3,"[200.0, 200.0, 200.0, 200.0, 200.0, 200.0, 200.0, 200.0, 200.0, 200.0, 200.0, 200.0, 200.0, 200.0, 200.0, 200.0, 200.0, 200.0, 200.0, 200.0, 200.0, 200.0, 200.0, 200.0, 200.0, 200.0, 200.0, 200.0, 200.0, 200.0, 200.0, 200.0, 200.0, 200.0, 200.0, 200.0]",1,4487.25,83.6838,-0.896174,-0.945617,-0.8,"[13.4614, 13.9301, 15.7385, 20.1712, 36.8558, 80.2429, 63.7753, 47.5615, 32.4889, 20.1985, 12.261, 8.02962, 5.78701, 4.48926, 3.11337, 2.20406, 1.79443, 1.60282, 1.54146]",-0.794508,"[69.3752, 69.9684, 70.6619, 71.7523]",0.342653
0.205,-0.00305587,0.0,0.0,29.124,0.0,464.15,564.149,93.8278,3,"[200.0, 200.0, 200.0, 200.0, 200.0, 200.0, 200.0, 200.0, 200.0, 200.0, 200.0, 200.0, 200.0, 200.0, 200.0, 200.0, 200.0, 200.0, 200.0, 200.0, 200.0, 200.0, 200.0, 200.0, 200.0, 200.0, 200.0, 200.0, 200.0, 200.0, 200.0, 200.0, 200.0, 200.0, 200.0, 200.0]",1,4455.11,83.5544,-1.19841,-0.795864,0.108,"[13.4595, 13.9946, 15.9049, 20.5926, 40.3964, 77.3407, 60.8759, 44.7806, 30.0562, 18.461, 11.2937, 7.52721, 5.50581, 4.31636, 3.03285, 2.16979, 1.77779, 1.59542, 1.5406]",-0.794587,"[68.6755, 71.5273, 69.1311, 72.4431]",0.342106
0.215,0.0141625,0.0,0.0,29.146,0.0,464.632,564.631,93.8277,3,"[200.0, 200.0, 200.0, 200.0, 200.0, 200.0, 200.0, 200.0, 200.0, 200.0, 200.0, 200.0, 200.0, 200.0, 200.0, 200.0, 200.0, 200.0, 200.0, 200.0, 200.0, 200.0, 200.0, 200.0, 200.0, 200.0, 200.0, 200.0, 200.0, 200.0, 200.0, 200.0, 200.0, 200.0, 200.0, 200.0]",1,4497.09,83.5532,-0.108865,-0.599381,0.107,"[13.4683, 14.079, 16.1091, 21.1091, 106.432, 74.0763, 57.6275, 41.6928, 27.4174, 16.6531, 10.3045, 7.00056, 5.19984, 4.12123, 2.93573, 2.12412, 1.75243, 1.58082, 1.53345]",-0.795561,"[68.8655, 71.1955, 70.011, 72.6105]",0.339341
1.0,0.022499,0.0,0.0,29.168,0.0,465.114,565.114,93.8273,3,"[200.0, 200.0, 200.0, 200.0, 200.0, 200.0, 200.0, 200.0, 200.0, 200.0, 200.0, 200.0, 200.0, 200.0, 200.0, 200.0, 200.0, 200.0, 200.0, 200.0, 200.0, 200.0, 200.0, 200.0, 200.0, 200.0, 200.0, 200.0, 200.0, 200.0, 200.0, 200.0, 200.0, 200.0, 200.0, 200.0]",1,4623.9,83.8656,0.751995,-0.464887,0.107,"[13.4776, 14.1257, 16.2165, 21.3797, 104.923, 72.4862, 56.0494, 40.2034, 26.1685, 15.823, 9.85232, 6.7535, 5.0515, 4.02361, 2.88435, 2.09796, 1.73653, 1.57036, 1.52664]",-0.796499,"[70.3095, 70.5609, 73.658, 72.8663]",0.339899
0.993,0.0253702,0.0,0.0,29.19,0.0,465.599,565.599,93.8269,3,"[200.0, 200.0, 200.0, 200.0, 200.0, 200.0, 200.0, 200.0, 200.0, 200.0, 200.0, 200.0, 200.0, 200.0, 200.0, 200.0, 200.0, 200.0, 200.0, 200.0, 200.0, 200.0, 200.0, 200.0, 200.0, 200.0, 200.0, 200.0, 200.0, 200.0, 200.0, 200.0, 200.0, 200.0, 200.0, 200.0]",1,4628.04,84.2627,0.997227,-0.352048,0.107,"[13.4857, 14.1468, 16.2598, 21.4833, 104.397, 71.9284, 55.493, 39.6747, 25.7212, 15.5206, 9.68057, 6.65401, 4.98809, 3.97948, 2.85862, 2.08291, 1.72597, 1.56215, 1.51979]",-0.797425,"[71.0559, 70.3732, 72.8861, 73.7878]",0.339298
0.912,0.0254198,0.0,0.0,29.212,0.0,466.086,566.086,93.8264,3,"[200.0, 200.0, 200.0, 200.0, 200.0, 200.0, 200.0, 200.0, 200.0, 200.0, 200.0, 200.0, 200.0, 200.0, 200.0, 200.0, 200.0, 200.0, 200.0, 200.0, 200.0, 200.0, 200.0, 200.0, 200.0, 200.0, 200.0, 200.0, 200.0, 200.0, 200.0, 200.0, 200.0, 200.0, 200.0, 200.0]",1,4612.36,84.6342,0.928088,-0.301621,0.107,"[13.4931, 14.155, 16.2697, 21.4981, 104.38, 71.9027, 55.4611, 39.6348, 25.6734, 15.4725, 9.6411, 6.62381, 4.96445, 3.96026, 2.84459, 2.07265, 1.71746, 1.55445, 1.51232]",-0.798421,"[71.7299, 70.4797, 73.9774, 72.3715]",0.340679
0.895,0.0248728,0.0,0.0,29.234,0.0,466.575,566.575,93.826,3,"[200.0, 200.0, 200.0, 200.0, 200.0, 200.0, 200.0, 200.0, 200.0, 200.0, 200.0, 200.0, 200.0, 200.0, 200.0, 200.0, 200.0, 200.0, 200.0, 200.0, 200.0, 200.0, 200.0, 200.0, 200.0, 200.0, 200.0, 200.0, 200.0, 200.0, 200.0, 200.0, 200.0, 200.0, 200.0, 200.0]",1,4671.5,84.9655,0.85302,-0.278398,0.108,"[13.5007, 14.1606, 16.2727, 21.4944, 104.471, 71.9893, 55.5395, 39.6973, 25.7087, 15.4762, 9.62808, 6.60715, 4.94836, 3.94562, 2.83259, 2.06307, 1.70912, 1.54664, 1.5045]",-0.799461,"[71.9985, 70.735, 74.0841, 73.8242]",0.341151
0.853,0.0235929,0.0,0.0,29.256,0.0,467.066,567.066,93.8256,3,"[200.0, 200.0, 200.0, 200.0, 200.0, 200.0, 200.0, 200.0, 200.0, 200.0, 200.0, 200.0, 200.0, 200.0, 200.0, 200.0, 200.0, 200.0, 200.0, 200.0, 200.0, 200.0, 200.0, 200.0, 200.0, 200.0, 200.0, 200.0, 200.0, 200.0, 200.0, 200.0, 200.0, 200.0, 200.0, 200.0]",1,4650.34,85.32,0.724179,-0.323604,0.108,"[13.5082, 14.1628, 16.2671, 21.4676, 104.694, 72.2142, 55.7545, 39.8872, 25.8478, 15.5457, 9.64896, 6.60804, 4.9423, 3.93723, 2.8235, 2.05464, 1.70125, 1.53893, 1.49649]",-0.800523,"[72.4083, 70.8488, 74.6401, 72.7433]",0.342077
0.858,0.0225809,0.0,0.0,29.278,0.0,467.559,567.558,93.8252,3,"[200.0, 200.0, 200.0, 200.0, 200.0, 200.0, 200.0, 200.0, 200.0, 200.0, 200.0, 200.0, 200.0, 200.0, 200.0, 200.0, 200.0, 200.0, 200.0, 200.0, 200.0, 200.0, 200.0, 200.0, 200.0, 200.0, 200.0, 200.0, 200.0, 200.0, 200.0, 200.0, 200.0, 200.0, 200.0, 200.0]",1,4695.02,85.6379,0.676182,-0.326746,0.108,"[13.5159, 14.1663, 16.2648, 21.4495, 104.869, 72.3885, 55.9194, 40.0307, 25.9493, 15.5911, 9.65712, 6.60207, 4.93219, 3.92625, 2.81311, 2.04565, 1.69309, 1.53107, 1.48845]",-0.801589,"[72.6064, 71.2544, 74.3858, 74.2773]",0.343034
0.826,0.0207998,0.0,0.0,29.3,0.0,468.054,568.053,93.8248,3,"[200.0, 200.0, 200.0, 200.0, 200.0, 200.0, 200.0, 200.0, 200.0, 200.0, 200.0, 200.0, 200.0, 200.0, 200.0, 200.0, 200.0, 200.0, 200.0, 200.0, 200.0, 200.0, 200.0, 200.0, 200.0, 200.0, 200.0, 200.0, 200.0, 200.0, 200.0, 200.0, 200.0, 200.0, 200.0, 200.0]",1,4686.28,85.9687,0.579611,-0.349856,0.108,"[13.523, 14.166, 16.253, 21.4068, 105.183, 72.7091, 56.2294, 40.3104, 26.1638, 15.7098, 9.70358, 6.61645, 4.93398, 3.92288, 2.80652, 2.03844, 1.68591, 1.52375, 1.48064]",-0.802624,"[72.9739, 71.4936, 75.6101, 72.9893]",0.343035
0.829,0.0192847,0.0,0.0,29.322,0.0,468.55,568.549,93.8245,3,"[200.0, 200.0, 200.0, 200.0, 200.0, 200.0, 200.0, 200.0, 200.0, 200.0, 200.0, 200.0, 200.0, 200.0, 200.0, 200.0, 200.0, 200.0, 200.0, 200.0, 200.0, 200.0, 200.0, 200.0, 200.0, 200.0, 200.0, 200.0, 200.0, 200.0, 200.0, 200.0, 200.0, 200.0, 200.0, 200.0]",1,4769.66,86.2598,0.504002,-0.452159,0.108,"[13.53, 14.1666, 16.2441, 21.3723, 105.449, 72.9801, 56.4909, 40.5456, 26.3432, 15.8069, 9.7394, 6.62542, 4.93282, 3.91783, 2.79932, 2.03113, 1.67881, 1.51663, 1.47314]",-0.803617,"[73.2535, 71.5497, 75.0912, 75.7222]",0.344335
0.786,0.0172485,0.0,0.0,29.344,0.0,469.048,569.047,93.8241,3,"[200.0, 200.0, 200.0, 200.0, 200.0, 200.0, 200.0, 200.0, 200.0, 200.0, 200.0, 200.0, 200.0, 200.0, 200.0, 200.0, 200.0, 200.0, 200.0, 200.0, 200.0, 200.0, 200.0, 200.0, 200.0, 200.0, 200.0, 200.0, 200.0, 200.0, 200.0, 200.0, 200.0, 200.0, 200.0, 200.0]",1,4715.15,86.5939,0.447479,-0.457444,0.108,"[13.5364, 14.1643, 16.2285, 21.321, 105.809, 73.3511, 56.8519, 40.8755, 26.6028, 15.9578, 9.80392, 6.64982, 4.94085, 3.91879, 2.79528, 2.02543, 1.67272, 1.51021, 1.46611]",-0.804547,"[73.4168, 71.9705, 76.0152, 73.5204]",0.343025
0.809,0.0154911,0.0,0.0,29.366,0.0,469.548,569.547,93.8238,3,"[200.0, 200.0, 200.0, 200.0, 200.0, 200.0, 200.0, 200.0, 200.0, 200.0, 200.0, 200.0, 200.0, 200.0, 200.0, 200.0, 200.0, 200.0, 200.0, 200.0, 200.0, 200.0, 200.0, 200.0, 200.0, 200.0, 200.0, 200.0, 200.0, 200.0, 200.0, 200.0, 200.0, 200.0, 200.0, 200.0]",1,4800.96,86.8721,0.386675,-0.551441,0.108,"[13.5423, 14.1627, 16.2155, 21.2776, 106.12, 73.6708, 57.1632, 41.1601, 26.8271, 16.0881, 9.85905, 6.67005, 4.94694, 3.91885, 2.79122, 2.0201, 1.66714, 1.50436, 1.45975]",-0.805389,"[73.7973, 72.0293, 75.6208, 76.2079]",0.344014
0.768,0.0131629,0.0,0.0,29.388,0.0,470.049,570.049,93.8234,3,"[200.0, 200.0, 200.0, 200.0, 200.0, 200.0, 200.0, 200.0, 200.0, 200.0, 200.0, 200.0, 200.0, 200.0, 200.0, 200.0, 200.0, 200.0, 200.0, 200.0, 200.0, 200.0, 200.0, 200.0, 200.0, 200.0, 200.0, 200.0, 200.0, 200.0, 200.0, 200.0, 200.0, 200.0, 200.0, 200.0]",1,4745.96,87.1959,0.348081,-0.538047,0.109,"[13.5474, 14.1578, 16.195, 21.2158, 106.534, 74.1003, 57.5841, 41.5497, 27.1418, 16.2801, 9.94769, 6.70837, 4.96393, 3.92614, 2.79103, 2.01683, 1.66286, 1.49945, 1.45409]",-0.806137,"[74.006, 72.4445, 76.5918, 73.9724]",0.34406
0.794,0.0111433,0.0,0.0,29.41,0.0,470.553,570.552,93.8231,3,"[200.0, 200.0, 200.0, 200.0, 200.0, 200.0, 200.0, 200.0, 200.0, 200.0, 200.0, 200.0, 200.0, 200.0, 200.0, 200.0, 200.0, 200.0, 200.0, 200.0, 200.0, 200.0, 200.0, 200.0, 200.0, 200.0, 200.0, 200.0, 200.0, 200.0, 200.0, 200.0, 200.0, 200.0, 200.0, 200.0]",1,4798.29,87.4772,0.286705,-0.638099,0.109,"[13.5517, 14.1534, 16.1772, 21.1625, 48.3441, 74.4733, 57.9502, 41.8895, 27.4182, 16.4504, 10.027, 6.74294, 4.97943, 3.93298, 2.79122, 2.01424, 1.65937, 1.49538, 1.44937]",-0.806762,"[74.3198, 72.4954, 77.0317, 75.5927]",0.344182
0.0,0.00912052,0.185,0.0,29.432,0.0,471.056,571.055,93.823,3,"[200.0, 200.0, 200.0, 200.0, 200.0, 200.0, 200.0, 200.0, 200.0, 200.0, 200.0, 200.0, 200.0, 200.0, 200.0, 200.0, 200.0, 200.0, 200.0, 200.0, 200.0, 200.0, 200.0, 200.0, 200.0, 200.0, 200.0, 200.0, 200.0, 200.0, 200.0, 200.0, 200.0, 200.0, 200.0, 200.0]",1,4493.01,87.0658,0.285764,-0.614419,0.109,"[13.5552, 14.1482, 16.1584, 21.1082, 46.5128, 74.8487, 58.3198, 42.2343, 27.7014, 16.6284, 10.1122, 6.78145, 4.99778, 3.94209, 2.79297, 2.01276, 1.6568, 1.49214, 1.44547]",-0.807278,"[70.0477, 71.13, 74.0098, 68.898]",0.343998
0.0,0.00686055,0.108,0.0,29.454,0.0,471.556,571.555,93.8229,3,"[200.0, 200.0, 200.0, 200.0, 200.0, 200.0, 200.0, 200.0, 200.0, 200.0, 200.0, 200.0, 200.0, 200.0, 200.0, 200.0, 200.0, 200.0, 200.0, 200.0, 200.0, 200.0, 200.0, 200.0, 200.0, 200.0, 200.0, 200.0, 200.0, 200.0, 200.0, 200.0, 200.0, 200.0, 200.0, 200.0]",1,4558.52,86.5903,0.233401,-0.695375,0.109,"[13.5578, 14.1409, 16.1359, 21.0456, 45.0798, 75.2711, 58.7372, 42.6264, 28.0281, 16.8391, 10.2166, 6.83112, 5.02325, 3.95612, 2.79768, 2.01313, 1.65556, 1.49002, 1.44256]",-0.807664,"[72.8449, 68.7037, 72.6864, 72.0895]",0.343867
0.0,0.00417763,0.101,0.0,29.476,0.0,472.053,572.052,93.8229,3,"[200.0, 200.0, 200.0, 200.0, 200.0, 200.0, 200.0, 200.0, 200.0, 200.0, 200.0, 200.0, 200.0, 200.0, 200.0, 200.0, 200.0, 200.0, 200.0, 200.0, 200.0, 200.0, 200.0, 200.0, 200.0, 200.0, 200.0, 200.0, 200.0, 200.0, 200.0, 200.0, 200.0, 200.0, 200.0, 200.0]",1,4493.1,86.1905,0.236679,-0.657745,0.109,"[13.5593, 14.1307, 16.1073, 20.9692, 43.7436, 75.7761, 59.2382, 43.1002, 28.4282, 17.104, 10.3525, 6.89844, 5.05962, 3.97762, 2.80668, 2.01599, 1.65611, 1.48932, 1.44084]",-0.807889,"[71.787, 71.2232, 73.6192, 69.2197]",0.343635
0.0,0.000921309,0.07,0.0,29.498,0.0,472.549,572.548,93.8228,3,"[200.0, 200.0, 200.0, 200.0, 200.0, 200.0, 200.0, 200.0, 200.0, 200.0, 200.0, 200.0, 200.0, 200.0, 200.0, 200.0, 200.0, 200.0, 200.0, 200.0, 200.0, 200.0, 200.0, 200.0, 200.0, 200.0, 200.0, 200.0, 200.0, 200.0, 200.0, 200.0, 200.0, 200.0, 200.0, 200.0]",1,4529.16,85.8826,0.147238,-0.741853,0.109,"[13.5596, 14.1167, 16.0709, 20.8748, 42.419, 76.3921, 59.8513, 43.6836, 28.9269, 17.4415, 10.5303, 6.98872, 5.10992, 4.00844, 2.82085, 2.02177, 1.65868, 1.49014, 1.44041]",-0.807946,"[72.6525, 69.0621, 72.4733, 71.3349]",0.343496
0.0,-0.00240743,0.058,0.0,29.52,0.0,473.043,573.042,93.8227,3,"[200.0, 200.0, 200.0, 200.0, 200.0, 200.0, 200.0, 200.0, 200.0, 200.0, 200.0, 200.0, 200.0, 200.0, 200.0, 200.0, 200.0, 200.0, 200.0, 200.0, 200.0, 200.0, 200.0, 200.0, 200.0, 200.0, 200.0, 200.0, 200.0, 200.0, 200.0, 200.0, 200.0, 200.0, 200.0, 200.0]",1,4494.48,85.6028,0.148671,-0.687083,0.109,"[13.5585, 14.101, 16.0322, 20.7771, 41.2739, 77.0246, 60.4829, 44.2876, 29.4493, 17.8028, 10.7251, 7.08989, 5.16747, 4.04463, 2.8385, 2.02988, 1.66309, 1.4926, 1.44153]",-0.807798,"[72.0483, 70.7463, 73.2667, 69.5694]",0.343564
0.0,-0.00614405,0.036,0.0,29.542,0.0,473.535,573.535,93.8226,3,"[200.0, 200.0, 200.0, 200.0, 200.0, 200.0, 200.0, 200.0, 200.0, 200.0, 200.0, 200.0, 200.0, 200.0, 200.0, 200.0, 200.0, 200.0, 200.0, 200.0, 200.0, 200.0, 200.0, 200.0, 200.0, 200.0, 200.0, 200.0, 200.0, 200.0, 200.0, 200.0, 200.0, 200.0, 200.0, 200.0]",1,4519.64,85.3941,0.0558435,-0.773106,0.109,"[13.5563, 14.0823, 15.9878, 20.667, 40.1598, 77.7368, 61.1956, 44.9725, 30.0476, 18.2244, 10.9567, 7.21173, 5.23768, 4.08935, 2.861, 2.04086, 1.66953, 1.4967, 1.44405]",-0.807465,"[72.5281, 69.7376, 72.6508, 70.9059]",0.34339
0.0,-0.00962555,0.026,0.0,29.564,0.0,474.027,574.026,93.8225,3,"[200.0, 200.0, 200.0, 200.0, 200.0, 200.0, 200.0, 200.0, 200.0, 200.0, 200.0, 200.0, 200.0, 200.0, 200.0, 200.0, 200.0, 200.0, 200.0, 200.0, 200.0, 200.0, 200.0, 200.0, 200.0, 200.0, 200.0, 200.0, 200.0, 200.0, 200.0, 200.0, 200.0, 200.0, 200.0, 200.0]",1,4493.13,85.2264,0.0642256,-0.752,0.109,"[13.5524, 14.0631, 15.9445, 20.5628, 39.2345, 78.4035, 61.8652, 45.6198, 30.6198, 18.6369, 11.1894, 7.33673, 5.31114, 4.13709, 2.88607, 2.05391, 1.67784, 1.50255, 1.44836]",-0.806895,"[72.1447, 70.5537, 73.0313, 69.7234]",0.343774
0.0,-0.0133121,0.008,0.0,29.586,0.0,474.517,574.517,93.8224,3,"[200.0, 200.0, 200.0, 200.0, 200.0, 200.0, 200.0, 200.0, 200.0, 200.0, 200.0, 200.0, 200.0, 200.0, 200.0, 200.0, 200.0, 200.0, 200.0, 200.0, 200.0, 200.0, 200.0, 200.0, 200.0, 200.0, 200.0, 200.0, 200.0, 200.0, 200.0, 200.0, 200.0, 200.0, 200.0, 200.0]",1,4522.36,85.0905,0.0186449,-0.822053,0.109,"[13.5472, 14.0416, 15.8976, 20.4518, 38.3476, 79.1115, 62.5781, 46.3118, 31.2372, 19.0902, 11.4501, 7.47848, 5.39533, 4.19237, 2.91566, 2.06981, 1.68829, 1.51021, 1.45433]",-0.806107,"[72.411, 70.4249, 72.6544, 70.8437]",0.343479
0.0,-0.0163836,0.003,0.0,29.608,0.0,475.007,575.007,93.8224,3,"[200.0, 200.0, 200.0, 200.0, 200.0, 200.0, 200.0, 200.0, 200.0, 200.0, 200.0, 200.0, 200.0, 200.0, 200.0, 200.0, 200.0, 200.0, 200.0, 200.0, 200.0, 200.0, 200.0, 200.0, 200.0, 200.0, 200.0, 200.0, 200.0, 200.0, 200.0, 200.0, 200.0, 200.0, 200.0, 200.0]",1,4496.14,85.0044,0.0306041,-0.873327,0.109,"[13.5401, 14.0209, 15.8554, 20.3559, 37.6574, 79.7061, 63.1793, 46.8998, 31.7692, 19.4913, 11.6887, 7.61213, 5.47676, 4.2471, 2.94626, 2.08724, 1.70036, 1.51959, 1.46218]",-0.805069,"[72.2881, 70.5052, 72.7935, 70.0311]",0.344093
0.021,-0.0195978,0.0,0.0,29.63,0.0,475.497,575.496,93.8223,3,"[200.0, 200.0, 200.0, 200.0, 200.0, 200.0, 200.0, 200.0, 200.0, 200.0, 200.0, 200.0, 200.0, 200.0, 200.0, 200.0, 200.0, 200.0, 200.0, 200.0, 200.0, 200.0, 200.0, 200.0, 200.0, 200.0, 200.0, 200.0, 200.0, 200.0, 200.0, 200.0, 200.0, 200.0, 200.0, 200.0]",1,4521.59,84.911,0.044202,-0.905993,0.109,"[13.5316, 13.9981, 15.8101, 20.2547, 36.9817, 80.33, 63.8115, 47.5203, 32.3348, 19.9245, 11.951, 7.76066, 5.56794, 4.3088, 2.98117, 2.10741, 1.71454, 1.53077, 1.47169]",-0.803813,"[72.2867, 70.4227, 72.5741, 70.9029]",0.343374
0.024,-0.0223664,0.0,0.0,29.652,0.0,475.986,575.985,93.8222,3,"[200.0, 200.0, 200.0, 200.0, 200.0, 200.0, 200.0, 200.0, 200.0, 200.0, 200.0, 200.0, 200.0, 200.0, 200.0, 200.0, 200.0, 200.0, 200.0, 200.0, 200.0, 200.0, 200.0, 200.0, 200.0, 200.0, 200.0, 200.0, 200.0, 200.0, 200.0, 200.0, 200.0, 200.0, 200.0, 200.0]",1,4499.75,84.8456,0.0815278,-0.941135,0.109,"[13.5214, 13.9756, 15.7679, 20.1638, 36.4232, 80.8723, 64.3634, 48.0658, 32.8386, 20.3198, 12.1982, 7.9046, 5.65825, 4.37105, 3.01748, 2.12914, 1.73029, 1.54353, 1.48286]",-0.802334,"[72.1705, 70.4245, 72.6873, 70.2283]",0.344635
0.044,-0.025234,0.0,0.0,29.674,0.0,476.475,576.474,93.8222,3,"[200.0, 200.0, 200.0, 200.0, 200.0, 200.0, 200.0, 200.0, 200.0, 200.0, 200.0, 200.0, 200.0, 200.0, 200.0, 200.0, 200.0, 200.0, 200.0, 200.0, 200.0, 200.0, 200.0, 200.0, 200.0, 200.0, 200.0, 200.0, 200.0, 200.0, 200.0, 200.0, 200.0, 200.0, 200.0, 200.0]",1,4516.22,84.7709,0.0899408,-1.00853,0.109,"[13.5098, 13.9512, 15.7232, 20.0688, 35.8721, 81.4351, 64.9375, 48.6349, 33.3675, 20.7403, 12.4653, 8.06165, 5.75735, 4.43963, 3.05774, 2.15343, 1.74799, 1.55796, 1.49559]",-0.80065,"[72.1359, 70.3414, 72.471, 70.8883]",0.34434
0.048,-0.0279109,0.0,0.0,29.696,0.0,476.963,576.962,93.8222,3,"[200.0, 200.0, 200.0, 200.0, 200.0, 200.0, 200.0, 200.0, 200.0, 200.0, 200.0, 200.0, 200.0, 200.0, 200.0, 200.0, 200.0, 200.0, 200.0, 200.0, 200.0, 200.0, 200.0, 200.0, 200.0, 200.0, 200.0, 200.0, 200.0, 200.0, 200.0, 200.0, 200.0, 200.0, 200.0, 200.0]",1,4519.48,84.7049,0.131608,-1.02673,0.108,"[13.4965, 13.926, 15.6786, 19.977, 35.3734, 81.9644, 65.4792, 49.1751, 33.8749, 21.1518, 12.7336, 8.22263, 5.86047, 4.51187, 3.1009, 2.17995, 1.7676, 1.57417, 1.51009]",-0.798732,"[72.0809, 70.3065, 72.5693, 70.9018]",0.344491
0.055,-0.0279644,0.0,0.0,29.718,0.0,477.451,577.45,93.8222,3,"[200.0, 200.0, 200.0, 200.0, 200.0, 200.0, 200.0, 200.0, 200.0, 200.0, 200.0, 200.0, 200.0, 200.0, 200.0, 200.0, 200.0, 200.0, 200.0, 200.0, 200.0, 200.0, 200.0, 200.0, 200.0, 200.0, 200.0, 200.0, 200.0, 200.0, 200.0, 200.0, 200.0, 200.0, 200.0, 200.0]",1,4478.45,84.6576,-0.411152,-1.11955,-0.8,"[13.4825, 13.9112, 15.6614, 19.9531, 35.3043, 81.9992, 65.5241, 49.2332, 33.9496, 21.2394, 12.8159, 8.28794, 5.91101, 4.55217, 3.12934, 2.20018, 1.78404, 1.58882, 1.52412]",-0.796862,"[71.6697, 70.5172, 72.0266, 70.2157]",0.34479
0.123,-0.0199218,0.0,0.0,29.74,0.0,477.939,577.938,93.8222,3,"[200.0, 200.0, 200.0, 200.0, 200.0, 200.0, 200.0, 200.0, 200.0, 200.0, 200.0, 200.0, 200.0, 200.0, 200.0, 200.0, 200.0, 200.0, 200.0, 200.0, 200.0, 200.0, 200.0, 200.0, 200.0, 200.0, 200.0, 200.0, 200.0, 200.0, 200.0, 200.0, 200.0, 200.0, 200.0, 200.0]",1,4521.23,84.4711,-1.13525,-1.01704,-0.8,"[13.4718, 13.9346, 15.7352, 20.1488, 36.6326, 80.5003, 64.0259, 47.7924, 32.6768, 20.3133, 12.304, 8.03632, 5.78064, 4.47864, 3.10144, 2.19315, 1.78441, 1.59311, 1.53152]",-0.795836,"[69.2609, 70.6259, 71.2303, 72.4066]",0.342826
0.154,-0.0040946,0.0,0.0,29.762,0.0,478.425,578.425,93.8222,3,"[200.0, 200.0, 200.0, 200.0, 200.0, 200.0, 200.0, 200.0, 200.0, 200.0, 200.0, 200.0, 200.0, 200.0, 200.0, 200.0, 200.0, 200.0, 200.0, 200.0, 200.0, 200.0, 200.0, 200.0, 200.0, 200.0, 200.0, 200.0, 200.0, 200.0, 200.0, 200.0, 200.0, 200.0, 200.0, 200.0]",1,4509.43,84.3097,-1.29938,-0.920956,0.108,"[13.47, 14.0011, 15.9061, 20.5809, 40.1712, 77.5163, 61.0427, 44.9275, 30.1645, 18.512, 11.2995, 7.51515, 5.48918, 4.29942, 3.01779, 2.15731, 1.76675, 1.58501, 1.53012]",-0.795986,"[69.2726, 72.3563, 70.1745, 72.9754]",0.342031
0.141,0.012922,0.0,0.0,29.784,0.0,478.911,578.911,93.8222,3,"[200.0, 200.0, 200.0, 200.0, 200.0, 200.0, 200.0, 200.0, 200.0, 200.0, 200.0, 200.0, 200.0, 200.0, 200.0, 200.0, 200.0, 200.0, 200.0, 200.0, 200.0, 200.0, 200.0, 200.0, 200.0, 200.0, 200.0, 200.0, 200.0, 200.0, 200.0, 200.0, 200.0, 200.0, 200.0, 200.0]",1,4502.58,84.2984,-0.204029,-0.747733,0.108,"[13.4785, 14.0843, 16.1076, 21.0897, 48.9469, 74.2888, 57.8291, 41.8692, 27.5447, 16.7123, 10.315, 6.99208, 5.18587, 4.10621, 2.92171, 2.11209, 1.7416, 1.57045, 1.52289]",-0.796966,"[69.5665, 71.9715, 70.3471, 72.611]",0.339897
0.051,0.0213187,0.0,0.0,29.806,0.0,479.397,579.397,93.8222,3,"[200.0, 200.0, 200.0, 200.0, 200.0, 200.0, 200.0, 200.0, 200.0, 200.0, 200.0, 200.0, 200.0, 200.0, 200.0, 200.0, 200.0, 200.0, 200.0, 200.0, 200.0, 200.0, 200.0, 200.0, 200.0, 200.0, 200.0, 200.0, 200.0, 200.0, 200.0, 200.0, 200.0, 200.0, 200.0, 200.0]",1,4494.78,84.2191,0.702189,-0.583072,0.107,"[13.4875, 14.1308, 16.2151, 21.3606, 105.126, 72.6873, 56.2391, 40.3671, 26.2825, 15.872, 9.85817, 6.74347, 5.03716, 4.00862, 2.87059, 2.08622, 1.72596, 1.56024, 1.51633]",-0.797868,"[70.4189, 70.8268, 71.2575, 71.4803]",0.339853
1.0,0.0242351,0.0,0.0,29.828,0.0,479.884,579.883,93.8218,3,"[200.0, 200.0, 200.0, 200.0, 200.0, 200.0, 200.0, 200.0, 200.0, 200.0, 200.0, 200.0, 200.0, 200.0, 200.0, 200.0, 200.0, 200.0, 200.0, 200.0, 200.0, 200.0, 200.0, 200.0, 200.0, 200.0, 200.0, 200.0, 200.0, 200.0, 200.0, 200.0, 200.0, 200.0, 200.0, 200.0]",1,4681.1,84.513,0.931596,-0.522149,0.108,"[13.4952, 14.1519, 16.2585, 21.4648, 104.592, 72.1213, 55.6744, 39.8303, 25.8282, 15.5648, 9.68443, 6.64346, 4.97373, 3.96469, 2.84512, 2.07144, 1.71566, 1.55228, 1.50974]",-0.798761,"[71.3168, 70.6271, 75.6376, 73.1664]",0.339835
0.882,0.0243239,0.0,0.0,29.85,0.0,480.372,580.371,93.8214,3,"[200.0, 200.0, 200.0, 200.0, 200.0, 200.0, 200.0, 200.0, 200.0, 200.0, 200.0, 200.0, 200.0, 200.0, 200.0, 200.0, 200.0, 200.0, 200.0, 200.0, 200.0, 200.0, 200.0, 200.0, 200.0, 200.0, 200.0, 200.0, 200.0, 200.0, 200.0, 200.0, 200.0, 200.0, 200.0, 200.0]",1,4672.85,84.8722,0.912528,-0.448154,0.108,"[13.5023, 14.1597, 16.2682, 21.4799, 104.572, 72.0893, 55.6368, 39.7857, 25.7774, 15.5158, 9.64543, 6.61409, 4.95094, 3.94627, 2.8318, 2.06174, 1.70765, 1.54505, 1.50275]",-0.799693,"[71.7297, 70.6513, 73.709, 74.8463]",0.340556
0.859,0.0235647,0.0,0.0,29.872,0.0,480.863,580.862,93.821,3,"[200.0, 200.0, 200.0, 200.0, 200.0, 200.0, 200.0, 200.0, 200.0, 200.0, 200.0, 200.0, 200.0, 200.0, 200.0, 200.0, 200.0, 200.0, 200.0, 200.0, 200.0, 200.0, 200.0, 200.0, 200.0, 200.0, 200.0, 200.0, 200.0, 200.0, 200.0, 200.0, 200.0, 200.0, 200.0, 200.0]",1,4661.5,85.2232,0.791745,-0.486887,0.108,"[13.5094, 14.1639, 16.2683, 21.4688, 104.714, 72.2169, 55.7562, 39.8872, 25.8453, 15.5412, 9.64429, 6.60404, 4.93899, 3.93446, 2.82138, 2.05306, 1.69992, 1.5377, 1.49529]",-0.800683,"[72.2275, 70.8909, 75.0287, 73.0222]",0.341301
0.853,0.0224197,0.0,0.0,29.894,0.0,481.355,581.354,93.8205,3,"[200.0, 200.0, 200.0, 200.0, 200.0, 200.0, 200.0, 200.0, 200.0, 200.0, 200.0, 200.0, 200.0, 200.0, 200.0, 200.0, 200.0, 200.0, 200.0, 200.0, 200.0, 200.0, 200.0, 200.0, 200.0, 200.0, 200.0, 200.0, 200.0, 200.0, 200.0, 200.0, 200.0, 200.0, 200.0, 200.0]",1,4743.61,85.5163,0.691719,-0.488445,0.108,"[13.5167, 14.1665, 16.264, 21.446, 104.937, 72.417, 55.9468, 40.055, 25.9676, 15.6005, 9.6602, 6.60257, 4.93172, 3.92541, 2.81212, 2.04471, 1.69221, 1.53019, 1.48755]",-0.80171,"[72.5304, 71.1742, 74.6144, 76.2388]",0.341762
0.812,0.0210645,0.0,0.0,29.916,0.0,481.849,581.848,93.8202,3,"[200.0, 200.0, 200.0, 200.0, 200.0, 200.0, 200.0, 200.0, 200.0, 200.0, 200.0, 200.0, 200.0, 200.0, 200.0, 200.0, 200.0, 200.0, 200.0, 200.0, 200.0, 200.0, 200.0, 200.0, 200.0, 200.0, 200.0, 200.0, 200.0, 200.0, 200.0, 200.0, 200.0, 200.0, 200.0, 200.0]",1,4708.17,85.8609,0.602714,-0.50554,0.108,"[13.5237, 14.1679, 16.257, 21.4163, 105.213, 72.6577, 56.178, 40.2613, 26.1222, 15.6815, 9.68768, 6.60729, 4.92819, 3.91887, 2.80421, 2.0371, 1.68497, 1.52301, 1.48003]",-0.802706,"[72.8429, 71.3618, 76.1372, 73.4465]",0.342219
0.823,0.0196407,0.0,0.0,29.938,0.0,482.345,582.344,93.8198,3,"[200.0, 200.0, 200.0, 200.0, 200.0, 200.0, 200.0, 200.0, 200.0, 200.0, 200.0, 200.0, 200.0, 200.0, 200.0, 200.0, 200.0, 200.0, 200.0, 200.0, 200.0, 200.0, 200.0, 200.0, 200.0, 200.0, 200.0, 200.0, 200.0, 200.0, 200.0, 200.0, 200.0, 200.0, 200.0, 200.0]",1,4802.43,86.141,0.523121,-0.561863,0.108,"[13.5307, 14.1689, 16.2491, 21.3845, 105.516, 72.9114, 56.4224, 40.4805, 26.2881, 15.7699, 9.71886, 6.61391, 4.92573, 3.91297, 2.79661, 2.02961, 1.67779, 1.51588, 1.47253]",-0.803699,"[73.0954, 71.7041, 74.9782, 77.0392]",0.343766
0.778,0.0179205,0.0,0.0,29.96,0.0,482.842,582.842,93.8195,3,"[200.0, 200.0, 200.0, 200.0, 200.0, 200.0, 200.0, 200.0, 200.0, 200.0, 200.0, 200.0, 200.0, 200.0, 200.0, 200.0, 200.0, 200.0, 200.0, 200.0, 200.0, 200.0, 200.0, 200.0, 200.0, 200.0, 200.0, 200.0, 200.0, 200.0, 200.0, 200.0, 200.0, 200.0, 200.0, 200.0]",1,4750.82,86.4717,0.466398,-0.580421,0.108,"[13.5373, 14.1682, 16.2373, 21.3431, 105.893, 73.2223, 56.7238, 40.7542, 26.5006, 15.8899, 9.76718, 6.62978, 4.9288, 3.91077, 2.79102, 2.0232, 1.67133, 1.50925, 1.46544]",-0.80464,"[73.4016, 71.8467, 76.8761, 73.873]",0.342967
0.799,0.0163316,0.0,0.0,29.982,0.0,483.342,583.341,93.8192,3,"[200.0, 200.0, 200.0, 200.0, 200.0, 200.0, 200.0, 200.0, 200.0, 200.0, 200.0, 200.0, 200.0, 200.0, 200.0, 200.0, 200.0, 200.0, 200.0, 200.0, 200.0, 200.0, 200.0, 200.0, 200.0, 200.0, 200.0, 200.0, 200.0, 200.0, 200.0, 200.0, 200.0, 200.0, 200.0, 200.0]",1,4731.5,86.7979,0.398365,-0.66614,0.108,"[13.5436, 14.1678, 16.2268, 21.3055, 106.262, 73.5092, 57.0021, 41.007, 26.6972, 16.0008, 9.81134, 6.64383, 4.93106, 3.90821, 2.78544, 2.01698, 1.66512, 1.50291, 1.45868]",-0.805536,"[73.626, 72.1883, 74.9584, 75.2084]",0.34467
0.804,0.0138661,0.0,0.0,30.004,0.0,483.843,583.842,93.8188,3,"[200.0, 200.0, 200.0, 200.0, 200.0, 200.0, 200.0, 200.0, 200.0, 200.0, 200.0, 200.0, 200.0, 200.0, 200.0, 200.0, 200.0, 200.0, 200.0, 200.0, 200.0, 200.0, 200.0, 200.0, 200.0, 200.0, 200.0, 200.0, 200.0, 200.0, 200.0, 200.0, 200.0, 200.0, 200.0, 200.0]",1,4775.24,87.0874,0.321631,-0.686051,0.109,"[13.5489, 14.1625, 16.205, 21.2398, 106.831, 73.9641, 57.4478, 41.4192, 27.0299, 16.2031, 9.90467, 6.68424, 4.94895, 3.91591, 2.78526, 2.01355, 1.66062, 1.49774, 1.4527]",-0.806324,"[73.9878, 72.1713, 76.9312, 75.3206]",0.342827
0.794,0.0119923,0.0,0.0,30.026,0.0,484.345,584.345,93.8185,3,"[200.0, 200.0, 200.0, 200.0, 200.0, 200.0, 200.0, 200.0, 200.0, 200.0, 200.0, 200.0, 200.0, 200.0, 200.0, 200.0, 200.0, 200.0, 200.0, 200.0, 200.0, 200.0, 200.0, 200.0, 200.0, 200.0, 200.0, 200.0, 200.0, 200.0, 200.0, 200.0, 200.0, 200.0, 200.0, 200.0]",1,4767.98,87.41,0.293799,-0.718118,0.109,"[13.5538, 14.1593, 16.1895, 21.1917, 49.7116, 74.3083, 57.7848, 41.7306, 27.2805, 16.3547, 9.9729, 6.71231, 4.9603, 3.91986, 2.78368, 2.00988, 1.65633, 1.49302, 1.44742]",-0.807025,"[74.1748, 72.7087, 75.5204, 75.8253]",0.344786
0.0,0.00969946,0.17,0.0,30.048,0.0,484.848,584.847,93.8184,3,"[200.0, 200.0, 200.0, 200.0, 200.0, 200.0, 200.0, 200.0, 200.0, 200.0, 200.0, 200.0, 200.0, 200.0, 200.0, 200.0, 200.0, 200.0, 200.0, 200.0, 200.0, 200.0, 200.0, 200.0, 200.0, 200.0, 200.0, 200.0, 200.0, 200.0, 200.0, 200.0, 200.0, 200.0, 200.0, 200.0]",1,4600.8,86.9657,0.246188,-0.735791,0.109,"[13.5577, 14.1533, 16.168, 21.1296, 47.0118, 74.7342, 58.2041, 42.1217, 27.6017, 16.5564, 10.0695, 6.75625, 4.98141, 3.93044, 2.78592, 2.00842, 1.65358, 1.48951, 1.44314]",-0.807591,"[71.5979, 69.7806, 73.6818, 72.27]",0.342423
0.0,0.00787413,0.123,0.0,30.07,0.0,485.348,585.347,93.8183,3,"[200.0, 200.0, 200.0, 200.0, 200.0, 200.0, 200.0, 200.0, 200.0, 200.0, 200.0, 200.0, 200.0, 200.0, 200.0, 200.0, 200.0, 200.0, 200.0, 200.0, 200.0, 200.0, 200.0, 200.0, 200.0, 200.0, 200.0, 200.0, 200.0, 200.0, 200.0, 200.0, 200.0, 200.0, 200.0, 200.0]",1,4572.92,86.4598,0.237585,-0.759534,0.109,"[13.5608, 14.1485, 16.151, 21.0806, 45.7248, 75.0733, 58.5382, 42.434, 27.8593, 16.7194, 10.1477, 6.79181, 4.99853, 3.939, 2.78774, 2.00726, 1.65141, 1.48673, 1.43975]",-0.808039,"[72.2215, 71.4919, 73.7563, 71.5357]",0.344678
0.0,0.00515962,0.097,0.0,30.092,0.0,485.845,585.844,93.8182,3,"[200.0, 200.0, 200.0, 200.0, 200.0, 200.0, 200.0, 200.0, 200.0, 200.0, 200.0, 200.0, 200.0, 200.0, 200.0, 200.0, 200.0, 200.0, 200.0, 200.0, 200.0, 200.0, 200.0, 200.0, 200.0, 200.0, 200.0, 200.0, 200.0, 200.0, 200.0, 200.0, 200.0, 200.0, 200.0, 200.0]",1,4538.29,86.1092,0.201595,-0.778306,0.109,"[13.5627, 14.1386, 16.1226, 21.0038, 44.2387, 75.5832, 59.0435, 42.9109, 28.2603, 16.9825, 10.2812, 6.85708, 5.03328, 3.95922, 2.79577, 2.00941, 1.65136, 1.48546, 1.43749]",-0.808337,"[72.5126, 70.2202, 73.0355, 70.1848]",0.342026
0.0,0.00207353,0.073,0.0,30.114,0.0,486.34,586.339,93.8181,3,"[200.0, 200.0, 200.0, 200.0, 200.0, 200.0, 200.0, 200.0, 200.0, 200.0, 200.0, 200.0, 200.0, 200.0, 200.0, 200.0, 200.0, 200.0, 200.0, 200.0, 200.0, 200.0, 200.0, 200.0, 200.0, 200.0, 200.0, 200.0, 200.0, 200.0, 200.0, 200.0, 200.0, 200.0, 200.0, 200.0]",1,4552.93,85.7576,0.153926,-0.786468,0.109,"[13.5637, 14.126, 16.0888, 20.9151, 42.8937, 76.1657, 59.6226, 43.4605, 28.7278, 17.2959, 10.4443, 6.93896, 5.07827, 3.98636, 2.80778, 2.01388, 1.65296, 1.48551, 1.43638]",-0.808484,"[72.3038, 71.069, 73.3988, 71.1478]",0.344467
0.0,-0.00140083,0.058,0.0,30.136,0.0,486.833,586.833,93.818,3,"[200.0, 200.0, 200.0, 200.0, 200.0, 200.0, 200.0, 200.0, 200.0, 200.0, 200.0, 200.0, 200.0, 200.0, 200.0, 200.0, 200.0, 200.0, 200.0, 200.0, 200.0, 200.0, 200.0, 200.0, 200.0, 200.0, 200.0, 200.0, 200.0, 200.0, 200.0, 200.0, 200.0, 200.0, 200.0, 200.0]",1,4482.68,85.5387,0.0782618,-0.816717,0.109,"[13.5632, 14.1103, 16.0492, 20.8139, 41.6339, 76.8248, 60.2798, 44.0879, 29.2681, 17.6664, 10.6419, 7.04052, 5.13547, 4.02191, 2.8247, 2.02131, 1.65672, 1.48734, 1.43681]",-0.808426,"[72.6206, 70.0409, 72.9739, 68.8631]",0.341881
0.0,-0.00510049,0.027,0.0,30.158,0.0,487.326,587.325,93.818,3,"[200.0, 200.0, 200.0, 200.0, 200.0, 200.0, 200.0, 200.0, 200.0, 200.0, 200.0, 200.0, 200.0, 200.0, 200.0, 200.0, 200.0, 200.0, 200.0, 200.0, 200.0, 200.0, 200.0, 200.0, 200.0, 200.0, 200.0, 200.0, 200.0, 200.0, 200.0, 200.0, 200.0, 200.0, 200.0, 200.0]",1,4534.2,85.333,0.0428917,-0.815833,0.109,"[13.5615, 14.0923, 16.0058, 20.7054, 40.4858, 77.5289, 60.9839, 44.7634, 29.8561, 18.0777, 10.8659, 7.15749, 5.20241, 4.06423, 2.84567, 2.03127, 1.66237, 1.49073, 1.43869]",-0.808178,"[72.4818, 69.7513, 73.0783, 70.9237]",0.344511
0.0,-0.00856459,0.025,0.0,30.18,0.0,487.817,587.816,93.8179,3,"[200.0, 200.0, 200.0, 200.0, 200.0, 200.0, 200.0, 200.0, 200.0, 200.0, 200.0, 200.0, 200.0, 200.0, 200.0, 200.0, 200.0, 200.0, 200.0, 200.0, 200.0, 200.0, 200.0, 200.0, 200.0, 200.0, 200.0, 200.0, 200.0, 200.0, 200.0, 200.0, 200.0, 200.0, 200.0, 200.0]",1,4530.25,85.1617,0.00816375,-0.857587,0.109,"[13.5584, 14.0739, 15.9635, 20.6024, 39.5346, 78.1912, 61.6481, 45.4044, 30.4204, 18.4813, 11.0913, 7.27739, 5.27233, 4.10933, 2.86897, 2.04312, 1.66972, 1.49575, 1.44221]",-0.807713,"[72.1196, 70.4754, 72.8479, 70.6452]",0.341974
0.0,-0.012094,0.012,0.0,30.202,0.0,488.307,588.306,93.8178,3,"[200.0, 200.0, 200.0, 200.0, 200.0, 200.0, 200.0, 200.0, 200.0, 200.0, 200.0, 200.0, 200.0, 200.0, 200.0, 200.0, 200.0, 200.0, 200.0, 200.0, 200.0, 200.0, 200.0, 200.0, 200.0, 200.0, 200.0, 200.0, 200.0, 200.0, 200.0, 200.0, 200.0, 200.0, 200.0, 200.0]",1,4522.38,85.0305,0.0374234,-0.825914,0.109,"[13.5537, 14.0536, 15.9188, 20.4962, 38.6572, 78.8686, 62.3298, 46.0653, 31.0087, 18.9107, 11.3367, 7.41032, 5.351, 4.16083, 2.89644, 2.05777, 1.67928, 1.50269, 1.44756]",-0.807007,"[72.316, 70.2918, 72.8446, 70.7724]",0.34285
0.0,-0.0152079,0.001,0.0,30.224,0.0,488.797,588.796,93.8177,3,"[200.0, 200.0, 200.0, 200.0, 200.0, 200.0, 200.0, 200.0, 200.0, 200.0, 200.0, 200.0, 200.0, 200.0, 200.0, 200.0, 200.0, 200.0, 200.0, 200.0, 200.0, 200.0, 200.0, 200.0, 200.0, 200.0, 200.0, 200.0, 200.0, 200.0, 200.0, 200.0, 200.0, 200.0, 200.0, 200.0]",1,4512.81,84.9448,0.00769336,-0.914516,0.109,"[13.5474, 14.0336, 15.877, 20.4, 37.9395, 79.47, 62.9371, 46.6578, 31.5423, 19.3095, 11.5711, 7.54031, 5.4296, 4.2133, 2.9254, 2.07401, 1.69038, 1.51119, 1.45454]",-0.806082,"[72.3178, 70.4079, 72.7263, 70.2059]",0.344305
0.02,-0.0183874,0.0,0.0,30.246,0.0,489.286,589.285,93.8176,3,"[200.0, 200.0, 200.0, 200.0, 200.0, 200.0, 200.0, 200.0, 200.0, 200.0, 200.0, 200.0, 200.0, 200.0, 200.0, 200.0, 200.0, 200.0, 200.0, 200.0, 200.0, 200.0, 200.0, 200.0, 200.0, 200.0, 200.0, 200.0, 200.0, 200.0, 200.0, 200.0, 200.0, 200.0, 200.0, 200.0]",1,4519.52,84.8564,0.0526853,-0.907168,0.109,"[13.5395, 14.0116, 15.8328, 20.3003, 37.2539, 80.0865, 63.5613, 47.2696, 32.0983, 19.7326, 11.8251, 7.68338, 5.51707, 4.27234, 2.95864, 2.09308, 1.7037, 1.52165, 1.46338]",-0.804915,"[72.1958, 70.3995, 72.7347, 70.8041]",0.343468
0.03,-0.0211802,0.0,0.0,30.268,0.0,489.775,589.774,93.8176,3,"[200.0, 200.0, 200.0, 200.0, 200.0, 200.0, 200.0, 200.0, 200.0, 200.0, 200.0, 200.0, 200.0, 200.0, 200.0, 200.0, 200.0, 200.0, 200.0, 200.0, 200.0, 200.0, 200.0, 200.0, 200.0, 200.0, 200.0, 200.0, 200.0, 200.0, 200.0, 200.0, 200.0, 200.0, 200.0, 200.0]",1,4506.93,84.7896,0.0704197,-0.951885,0.109,"[13.53, 13.9896, 15.791, 20.2095, 36.6786, 80.6324, 64.1163, 47.817, 32.6021, 20.125, 12.0681, 7.82373, 5.60469, 4.33247, 2.99348, 2.1138, 1.71861, 1.53366, 1.47385]",-0.803531,"[72.1252, 70.3701, 72.6452, 70.487]",0.344566
0.047,-0.0241405,0.0,0.0,30.29,0.0,490.263,590.262,93.8176,3,"[200.0, 200.0, 200.0, 200.0, 200.0, 200.0, 200.0, 200.0, 200.0, 200.0, 200.0, 200.0, 200.0, 200.0, 200.0, 200.0, 200.0, 200.0, 200.0, 200.0, 200.0, 200.0, 200.0, 200.0, 200.0, 200.0, 200.0, 200.0, 200.0, 200.0, 200.0, 200.0, 200.0, 200.0, 200.0, 200.0]",1,4515.04,84.7191,0.0679571,-1.02405,0.109,"[13.5191, 13.9656, 15.746, 20.1128, 36.1009, 81.2118, 64.7063, 48.4007, 33.1423, 20.5508, 12.3354, 7.97937, 5.7022, 4.39958, 3.03255, 2.13714, 1.7355, 1.54735, 1.48582]",-0.801946,"[72.0961, 70.2803, 72.5451, 70.8953]",0.343866
0.056,-0.0267642,0.0,0.0,30.312,0.0,490.751,590.75,93.8176,3,"[200.0, 200.0, 200.0, 200.0, 200.0, 200.0, 200.0, 200.0, 200.0, 200.0, 200.0, 200.0, 200.0, 200.0, 200.0, 200.0, 200.0, 200.0, 200.0, 200.0, 200.0, 200.0, 200.0, 200.0, 200.0, 200.0, 200.0, 200.0, 200.0, 200.0, 200.0, 200.0, 200.0, 200.0, 200.0, 200.0]",1,4509.78,84.6628,0.118398,-1.02217,0.109,"[13.5066, 13.9414, 15.7029, 20.0233, 35.6034, 81.7299, 65.2363, 48.9284, 33.6365, 20.9494, 12.5934, 8.13338, 5.80055, 4.46833, 3.0735, 2.16225, 1.75403, 1.56263, 1.49947]",-0.800142,"[71.9937, 70.2971, 72.5367, 70.6758]",0.344139
0.066,-0.0294474,0.0,0.0,30.334,0.0,491.239,591.238,93.8176,3,"[200.0, 200.0, 200.0, 200.0, 200.0, 200.0, 200.0, 200.0, 200.0, 200.0, 200.0, 200.0, 200.0, 200.0, 200.0, 200.0, 200.0, 200.0, 200.0, 200.0, 200.0, 200.0, 200.0, 200.0, 200.0, 200.0, 200.0, 200.0, 200.0, 200.0, 200.0, 200.0, 200.0, 200.0, 200.0, 200.0]",1,4513.81,84.6055,0.11718,-1.09795,0.108,"[13.4928, 13.9156, 15.6578, 19.9309, 35.1145, 82.2611, 65.7804, 49.4719, 34.1486, 21.3671, 12.8678, 8.29882, 5.90674, 4.54281, 3.11807, 2.18973, 1.77438, 1.57947, 1.51456]",-0.798146,"[71.9857, 70.2118, 72.478, 70.8924]",0.344183
0.075,-0.0295529,0.0,0.0,30.356,0.0,491.726,591.726,93.8176,3,"[200.0, 200.0, 200.0, 200.0, 200.0, 200.0, 200.0, 200.0, 200.0, 200.0, 200.0, 200.0, 200.0, 200.0, 200.0, 200.0, 200.0, 200.0, 200.0, 200.0, 200.0, 200.0, 200.0, 200.0, 200.0, 200.0, 200.0, 200.0, 200.0, 200.0, 200.0, 200.0, 200.0, 200.0, 200.0, 200.0]",1,4505.79,84.5494,-0.421012,-1.0572,-0.8,"[13.4781, 13.8999, 15.6393, 19.9047, 35.0358, 82.3066, 65.8366, 49.5416, 34.2346, 21.465, 12.9578, 8.3694, 5.96094, 4.58581, 3.14827, 2.21107, 1.79169, 1.59486, 1.52928]",-0.796183,"[71.4046, 70.4569, 71.9108, 71.1203]",0.343182
0.13,-0.022136,0.0,0.0,30.378,0.0,492.213,592.213,93.8176,3,"[200.0, 200.0, 200.0, 200.0, 200.0, 200.0, 200.0, 200.0, 200.0, 200.0, 200.0, 200.0, 200.0, 200.0, 200.0, 200.0, 200.0, 200.0, 200.0, 200.0, 200.0, 200.0, 200.0, 200.0, 200.0, 200.0, 200.0, 200.0, 200.0, 200.0, 200.0, 200.0, 200.0, 200.0, 200.0, 200.0]",1,4522.14,84.3983,-1.07874,-1.06322,-0.8,"[13.466, 13.9191, 15.7043, 20.0803, 36.2064, 80.9286, 64.46, 48.2184, 33.066, 20.6142, 12.4894, 8.14229, 5.84579, 4.52264, 3.1262, 2.20735, 1.79434, 1.60091, 1.53812]",-0.794968,"[69.3628, 70.4456, 71.2278, 72.3588]",0.343596
0.163,-0.00618625,0.0,0.0,30.4,0.0,492.7,592.699,93.8176,3,"[200.0, 200.0, 200.0, 200.0, 200.0, 200.0, 200.0, 200.0, 200.0, 200.0, 200.0, 200.0, 200.0, 200.0, 200.0, 200.0, 200.0, 200.0, 200.0, 200.0, 200.0, 200.0, 200.0, 200.0, 200.0, 200.0, 200.0, 200.0, 200.0, 200.0, 200.0, 200.0, 200.0, 200.0, 200.0, 200.0]",1,4505.12,84.2267,-1.33617,-0.931104,0.108,"[13.4626, 13.9842, 15.874, 20.5097, 39.5616, 77.9253, 61.4565, 45.3317, 30.5283, 18.7849, 11.4654, 7.61228, 5.55094, 4.34237, 3.04306, 2.17245, 1.77767, 1.59379, 1.53777]",-0.794969,"[69.2161, 72.3783, 69.8922, 72.9784]",0.340765
0.16,0.0108845,0.0,0.0,30.422,0.0,493.185,593.185,93.8176,3,"[200.0, 200.0, 200.0, 200.0, 200.0, 200.0, 200.0, 200.0, 200.0, 200.0, 200.0, 200.0, 200.0, 200.0, 200.0, 200.0, 200.0, 200.0, 200.0, 200.0, 200.0, 200.0, 200.0, 200.0, 200.0, 200.0, 200.0, 200.0, 200.0, 200.0, 200.0, 200.0, 200.0, 200.0, 200.0, 200.0]",1,4502.26,84.2287,-0.301534,-0.80527,0.107,"[13.4698, 14.0662, 16.0738, 21.014, 46.596, 74.6909, 58.2346, 42.2623, 27.891, 16.9621, 10.4645, 7.08153, 5.24431, 4.14781, 2.94698, 2.12769, 1.75306, 1.57985, 1.53118]",-0.795855,"[69.44, 71.7896, 70.3902, 72.5384]",0.340974
0.05,0.019796,0.0,0.0,30.444,0.0,493.671,593.67,93.8176,3,"[200.0, 200.0, 200.0, 200.0, 200.0, 200.0, 200.0, 200.0, 200.0, 200.0, 200.0, 200.0, 200.0, 200.0, 200.0, 200.0, 200.0, 200.0, 200.0, 200.0, 200.0, 200.0, 200.0, 200.0, 200.0, 200.0, 200.0, 200.0, 200.0, 200.0, 200.0, 200.0, 200.0, 200.0, 200.0, 200.0]",1,4490.79,84.1444,0.629997,-0.703197,0.107,"[13.4784, 14.1145, 16.1862, 21.2977, 109.181, 72.9937, 56.5492, 40.6689, 26.549, 16.0648, 9.97635, 6.81684, 5.08674, 4.04497, 2.89359, 2.10107, 1.73722, 1.56975, 1.52496]",-0.796712,"[70.546, 71.006, 71.1337, 71.4497]",0.339177
1.0,0.0224309,0.0,0.0,30.466,0.0,494.157,594.156,93.8172,3,"[200.0, 200.0, 200.0, 200.0, 200.0, 200.0, 200.0, 200.0, 200.0, 200.0, 200.0, 200.0, 200.0, 200.0, 200.0, 200.0, 200.0, 200.0, 200.0, 200.0, 200.0, 200.0, 200.0, 200.0, 200.0, 200.0, 200.0, 200.0, 200.0, 200.0, 200.0, 200.0, 200.0, 200.0, 200.0, 200.0]",1,4623.56,84.4784,0.901489,-0.547314,0.107,"[13.4853, 14.1335, 16.2253, 21.3912, 108.701, 72.4824, 56.039, 40.1833, 26.1365, 15.7841, 9.81704, 6.72505, 5.02859, 4.00471, 2.8703, 2.08754, 1.72782, 1.56245, 1.51891]",-0.797529,"[71.1874, 70.5156, 73.8967, 72.784]",0.340484
1.0,0.0228374,0.0,0.0,30.488,0.0,494.645,594.644,93.8168,3,"[200.0, 200.0, 200.0, 200.0, 200.0, 200.0, 200.0, 200.0, 200.0, 200.0, 200.0, 200.0, 200.0, 200.0, 200.0, 200.0, 200.0, 200.0, 200.0, 200.0, 200.0, 200.0, 200.0, 200.0, 200.0, 200.0, 200.0, 200.0, 200.0, 200.0, 200.0, 200.0, 200.0, 200.0, 200.0, 200.0]",1,4659.83,84.8703,0.862458,-0.55022,0.107,"[13.4921, 14.1424, 16.2383, 21.4156, 108.938, 72.3915, 55.9434, 40.0852, 26.0426, 15.7083, 9.76467, 6.6891, 5.00235, 3.98433, 2.8563, 2.07779, 1.71999, 1.55554, 1.51236]",-0.798404,"[71.8933, 70.6735, 73.9061, 73.8151]",0.340798
0.985,0.0218247,0.0,0.0,30.51,0.0,495.136,595.135,93.8164,3,"[200.0, 200.0, 200.0, 200.0, 200.0, 200.0, 200.0, 200.0, 200.0, 200.0, 200.0, 200.0, 200.0, 200.0, 200.0, 200.0, 200.0, 200.0, 200.0, 200.0, 200.0, 200.0, 200.0, 200.0, 200.0, 200.0, 200.0, 200.0, 200.0, 200.0, 200.0, 200.0, 200.0, 200.0, 200.0, 200.0]",1,4656.49,85.2823,0.764546,-0.492106,0.108,"[13.4986, 14.1447, 16.2346, 21.3956, 109.682, 72.5683, 56.112, 40.2336, 26.1509, 15.7614, 9.77911, 6.68795, 4.996, 3.97638, 2.84812, 2.0704, 1.71313, 1.54887, 1.50548]",-0.799317,"[72.2203, 70.9417, 74.6503, 73.1073]",0.341637
0.987,0.0208621,0.0,0.0,30.532,0.0,495.628,595.628,93.8159,3,"[200.0, 200.0, 200.0, 200.0, 200.0, 200.0, 200.0, 200.0, 200.0, 200.0, 200.0, 200.0, 200.0, 200.0, 200.0, 200.0, 200.0, 200.0, 200.0, 200.0, 200.0, 200.0, 200.0, 200.0, 200.0, 200.0, 200.0, 200.0, 200.0, 200.0, 200.0, 200.0, 200.0, 200.0, 200.0, 200.0]",1,4737.6,85.6554,0.619678,-0.613744,0.108,"[13.5054, 14.1477, 16.232, 21.3779, 110.476, 72.735, 56.2704, 40.3722, 26.2505, 15.8081, 9.78947, 6.6842, 4.9878, 3.96705, 2.83902, 2.06242, 1.70585, 1.54183, 1.49825]",-0.800277,"[72.6373, 71.0643, 74.9022, 75.1598]",0.342399
0.955,0.01958,0.0,0.0,30.554,0.0,496.123,596.123,93.8155,3,"[200.0, 200.0, 200.0, 200.0, 200.0, 200.0, 200.0, 200.0, 200.0, 200.0, 200.0, 200.0, 200.0, 200.0, 200.0, 200.0, 200.0, 200.0, 200.0, 200.0, 200.0, 200.0, 200.0, 200.0, 200.0, 200.0, 200.0, 200.0, 200.0, 200.0, 200.0, 200.0, 200.0, 200.0, 200.0, 200.0]",1,4813.19,86.008,0.554716,-0.606721,0.108,"[13.5123, 14.1493, 16.2257, 21.3504, 111.469, 72.9622, 56.4886, 40.5671, 26.3969, 15.885, 9.81538, 6.68833, 4.98405, 3.96046, 2.8312, 2.05492, 1.69878, 1.53484, 1.49094]",-0.801245,"[72.9002, 71.4542, 74.7607, 77.6371]",0.34287
0.93,0.0179656,0.0,0.0,30.576,0.0,496.62,596.62,93.8151,3,"[200.0, 200.0, 200.0, 200.0, 200.0, 200.0, 200.0, 200.0, 200.0, 200.0, 200.0, 200.0, 200.0, 200.0, 200.0, 200.0, 200.0, 200.0, 200.0, 200.0, 200.0, 200.0, 200.0, 200.0, 200.0, 200.0, 200.0, 200.0, 200.0, 200.0, 200.0, 200.0, 200.0, 200.0, 200.0, 200.0]",1,4743.35,86.433,0.447719,-0.663893,0.108,"[13.5188, 14.149, 16.2151, 21.3123, 112.702, 73.2529, 56.7702, 40.8222, 26.5943, 15.9956, 9.85935, 6.70219, 4.98606, 3.95763, 2.82535, 2.04845, 1.69231, 1.52825, 1.48391]",-0.802177,"[73.288, 71.6525, 76.3872, 74.098]",0.343022
0.976,0.0165672,0.0,0.0,30.598,0.0,497.12,597.119,93.8146,3,"[200.0, 200.0, 200.0, 200.0, 200.0, 200.0, 200.0, 200.0, 200.0, 200.0, 200.0, 200.0, 200.0, 200.0, 200.0, 200.0, 200.0, 200.0, 200.0, 200.0, 200.0, 200.0, 200.0, 200.0, 200.0, 200.0, 200.0, 200.0, 200.0, 200.0, 200.0, 200.0, 200.0, 200.0, 200.0, 200.0]",1,4841.33,86.7856,0.426458,-0.65682,0.108,"[13.5252, 14.1495, 16.2068, 21.2806, 113.984, 73.5035, 57.0123, 41.0409, 26.7626, 16.0887, 9.89448, 6.71164, 4.98572, 3.95346, 2.81901, 2.04192, 1.68594, 1.52184, 1.47714]",-0.803074,"[73.5564, 72.1039, 75.6487, 77.6823]",0.343541
0.946,0.0144962,0.0,0.0,30.62,0.0,497.621,597.62,93.8142,3,"[200.0, 200.0, 200.0, 200.0, 200.0, 200.0, 200.0, 200.0, 200.0, 200.0, 200.0, 200.0, 200.0, 200.0, 200.0, 200.0, 200.0, 200.0, 200.0, 200.0, 200.0, 200.0, 200.0, 200.0, 200.0, 200.0, 200.0, 200.0, 200.0, 200.0, 200.0, 200.0, 200.0, 200.0, 200.0, 200.0]",1,4796.07,87.2097,0.306102,-0.729503,0.108,"[13.5309, 14.1463, 16.19, 21.2276, 115.751, 73.8827, 57.3826, 41.3815, 27.0344, 16.2509, 9.96676, 6.74089, 4.9971, 3.95691, 2.8166, 2.03734, 1.68076, 1.51621, 1.47088]",-0.803903,"[73.9997, 72.1753, 77.1274, 75.0131]",0.343233
0.993,0.0126697,0.0,0.0,30.642,0.0,498.125,598.124,93.8137,3,"[200.0, 200.0, 200.0, 200.0, 200.0, 200.0, 200.0, 200.0, 200.0, 200.0, 200.0, 200.0, 200.0, 200.0, 200.0, 200.0, 200.0, 200.0, 200.0, 200.0, 200.0, 200.0, 200.0, 200.0, 200.0, 200.0, 200.0, 200.0, 200.0, 200.0, 200.0, 200.0, 200.0, 200.0, 200.0, 200.0]",1,4964.83,87.5318,0.292238,-0.722736,0.108,"[13.5361, 14.1438, 16.1756, 21.1816, 50.732, 74.2169, 57.7092, 41.6822, 27.2752, 16.3951, 10.0308, 6.76649, 5.00675, 3.95958, 2.81421, 2.03311, 1.67601, 1.5111, 1.46521]",-0.804654,"[74.2893, 72.6637, 76.6952, 80.4798]",0.343707
0.0,0.0107267,0.217,0.0,30.664,0.0,498.629,598.628,93.8136,3,"[200.0, 200.0, 200.0, 200.0, 200.0, 200.0, 200.0, 200.0, 200.0, 200.0, 200.0, 200.0, 200.0, 200.0, 200.0, 200.0, 200.0, 200.0, 200.0, 200.0, 200.0, 200.0, 200.0, 200.0, 200.0, 200.0, 200.0, 200.0, 200.0, 200.0, 200.0, 200.0, 200.0, 200.0, 200.0, 200.0]",1,4574.04,87.1588,0.194111,-0.777809,0.109,"[13.5407, 14.14, 16.159, 21.1312, 47.6595, 74.5748, 58.0602, 42.0074, 27.539, 16.5572, 10.1056, 6.79853, 5.02065, 3.96528, 2.81371, 2.0301, 1.6722, 1.50677, 1.46027]",-0.805309,"[72.6153, 63.2066, 72.549, 72.7201]",0.343095
0.0,0.00915229,0.124,0.0,30.686,0.0,499.129,599.128,93.8135,3,"[200.0, 200.0, 200.0, 200.0, 200.0, 200.0, 200.0, 200.0, 200.0, 200.0, 200.0, 200.0, 200.0, 200.0, 200.0, 200.0, 200.0, 200.0, 200.0, 200.0, 200.0, 200.0, 200.0, 200.0, 200.0, 200.0, 200.0, 200.0, 200.0, 200.0, 200.0, 200.0, 200.0, 200.0, 200.0, 200.0]",1,4528.49,86.5976,0.219858,-0.745535,0.109,"[13.5447, 14.1372, 16.1459, 21.091, 46.3835, 74.8644, 58.3442, 42.2708, 27.753, 16.6888, 10.166, 6.82384, 5.03123, 3.96932, 2.81283, 2.02731, 1.66883, 1.50301, 1.45602]",-0.805872,"[71.4163, 70.4017, 73.7542, 70.168]",0.343594
0.0,0.00646996,0.094,0.0,30.708,0.0,499.627,599.626,93.8134,3,"[200.0, 200.0, 200.0, 200.0, 200.0, 200.0, 200.0, 200.0, 200.0, 200.0, 200.0, 200.0, 200.0, 200.0, 200.0, 200.0, 200.0, 200.0, 200.0, 200.0, 200.0, 200.0, 200.0, 200.0, 200.0, 200.0, 200.0, 200.0, 200.0, 200.0, 200.0, 200.0, 200.0, 200.0, 200.0, 200.0]",1,4545.14,86.1818,0.159923,-0.795919,0.109,"[13.5476, 14.1285, 16.1189, 21.0166, 44.75, 75.3658, 58.8398, 42.7367, 28.1415, 16.9405, 10.2916, 6.884, 5.06232, 3.98665, 2.81887, 2.02802, 1.66759, 1.5007, 1.45274]",-0.806305,"[72.4583, 70.3262, 72.8306, 71.5916]",0.34282
0.0,0.00361216,0.077,0.0,30.73,0.0,500.122,600.121,93.8133,3,"[200.0, 200.0, 200.0, 200.0, 200.0, 200.0, 200.0, 200.0, 200.0, 200.0, 200.0, 200.0, 200.0, 200.0, 200.0, 200.0, 200.0, 200.0, 200.0, 200.0, 200.0, 200.0, 200.0, 200.0, 200.0, 200.0, 200.0, 200.0, 200.0, 200.0, 200.0, 200.0, 200.0, 200.0, 200.0, 200.0]",1,4497.87,85.8677,0.0948899,-0.843983,0.109,"[13.5495, 14.1179, 16.0889, 20.936, 43.4037, 75.9028, 59.3723, 43.2399, 28.5663, 17.2214, 10.4355, 6.95498, 5.1004, 4.00895, 2.82794, 2.03066, 1.66784, 1.49961, 1.4506]",-0.806588,"[72.3359, 70.6266, 73.365, 69.5855]",0.343325
0.0,-1.88351e-05,0.049,0.0,30.752,0.0,500.616,600.615,93.8132,3,"[200.0, 200.0, 200.0, 200.0, 200.0, 200.0, 200.0, 200.0, 200.0, 200.0, 200.0, 200.0, 200.0, 200.0, 200.0, 200.0, 200.0, 200.0, 200.0, 200.0, 200.0, 200.0, 200.0, 200.0, 200.0, 200.0, 200.0, 200.0, 200.0, 200.0, 200.0, 200.0, 200.0, 200.0, 200.0, 200.0]",1,4528.44,85.6047,0.0500424,-0.818472,0.109,"[13.5501, 14.1026, 16.0488, 20.8317, 42.0059, 76.5889, 60.055, 43.8893, 29.1217, 17.598, 10.634, 7.0556, 5.15619, 4.04298, 2.8434, 2.03682, 1.67043, 1.5003, 1.44987]",-0.806684,"[72.5337, 70.3919, 72.7442, 71.1274]",0.341917
0.0,-0.00346053,0.04,0.0,30.774,0.0,501.109,601.108,93.8132,3,"[200.0, 200.0, 200.0, 200.0, 200.0, 200.0, 200.0, 200.0, 200.0, 200.0, 200.0, 200.0, 200.0, 200.0, 200.0, 200.0, 200.0, 200.0, 200.0, 200.0, 200.0, 200.0, 200.0, 200.0, 200.0, 200.0, 200.0, 200.0, 200.0, 200.0, 200.0, 200.0, 200.0, 200.0, 200.0, 200.0]",1,4498.78,85.4043,-0.00549764,-0.84759,0.109,"[13.5494, 14.0868, 16.0094, 20.7318, 40.8852, 77.242, 60.7068, 44.5127, 29.661, 17.9716, 10.8356, 7.15989, 5.21521, 4.07984, 2.86115, 2.0448, 1.67463, 1.50249, 1.45068]",-0.806578,"[72.3398, 70.4337, 73.0993, 69.8436]",0.343675
0.0,-0.00727153,0.019,0.0,30.796,0.0,501.6,601.6,93.8131,3,"[200.0, 200.0, 200.0, 200.0, 200.0, 200.0, 200.0, 200.0, 200.0, 200.0, 200.0, 200.0, 200.0, 200.0, 200.0, 200.0, 200.0, 200.0, 200.0, 200.0, 200.0, 200.0, 200.0, 200.0, 200.0, 200.0, 200.0, 200.0, 200.0, 200.0, 200.0, 200.0, 200.0, 200.0, 200.0, 200.0]",1,4524.29,85.2344,-0.0372572,-0.840651,0.109,"[13.5473, 14.068, 15.9644, 20.6203, 39.8009, 77.9676, 61.4332, 45.211, 30.2716, 18.4034, 11.0736, 7.28498, 5.28716, 4.12555, 2.88405, 2.05588, 1.68108, 1.50655, 1.45313]",-0.806255,"[72.4413, 70.3763, 72.759, 70.9022]",0.342129
0.0,-0.0107441,0.013,0.0,30.818,0.0,502.091,602.09,93.813,3,"[200.0, 200.0, 200.0, 200.0, 200.0, 200.0, 200.0, 200.0, 200.0, 200.0, 200.0, 200.0, 200.0, 200.0, 200.0, 200.0, 200.0, 200.0, 200.0, 200.0, 200.0, 200.0, 200.0, 200.0, 200.0, 200.0, 200.0, 200.0, 200.0, 200.0, 200.0, 200.0, 200.0, 200.0, 200.0, 200.0]",1,4531.73,85.1005,-0.0620497,-0.878678,0.109,"[13.5437, 14.049, 15.9216, 20.5171, 38.9145, 78.632, 62.1006, 45.8562, 30.8427, 18.8165, 11.3072, 7.41043, 5.36076, 4.17331, 2.90901, 2.06883, 1.68929, 1.5123, 1.45733]",-0.805701,"[72.363, 70.2779, 72.8083, 71.0891]",0.34372
0.0,-0.0139935,0.004,0.0,30.84,0.0,502.581,602.58,93.8129,3,"[200.0, 200.0, 200.0, 200.0, 200.0, 200.0, 200.0, 200.0, 200.0, 200.0, 200.0, 200.0, 200.0, 200.0, 200.0, 200.0, 200.0, 200.0, 200.0, 200.0, 200.0, 200.0, 200.0, 200.0, 200.0, 200.0, 200.0, 200.0, 200.0, 200.0, 200.0, 200.0, 200.0, 200.0, 200.0, 200.0]",1,4485.41,85.0186,-0.0471739,-0.895117,0.109,"[13.5382, 14.0293, 15.8793, 20.4183, 38.1502, 79.2573, 62.7308, 46.4692, 31.3916, 19.2227, 11.5434, 7.54017, 5.4384, 4.22466, 2.93689, 2.08408, 1.69949, 1.51993, 1.46343]",-0.804895,"[72.331, 70.4374, 72.8276, 69.6616]",0.342794
0.028,-0.0173262,0.0,0.0,30.862,0.0,503.071,603.07,93.8129,3,"[200.0, 200.0, 200.0, 200.0, 200.0, 200.0, 200.0, 200.0, 200.0, 200.0, 200.0, 200.0, 200.0, 200.0, 200.0, 200.0, 200.0, 200.0, 200.0, 200.0, 200.0, 200.0, 200.0, 200.0, 200.0, 200.0, 200.0, 200.0, 200.0, 200.0, 200.0, 200.0, 200.0, 200.0, 200.0, 200.0]",1,4527.93,84.9179,-0.0510742,-0.926664,0.109,"[13.5315, 14.0078, 15.8348, 20.3161, 37.4232, 79.9005, 63.3806, 47.1038, 31.9648, 19.6539, 11.799, 7.68232, 5.52432, 4.28197, 2.96852, 2.10179, 1.71159, 1.52921, 1.47106]",-0.803887,"[72.2913, 70.4342, 72.7332, 71.0099]",0.343711
0.027,-0.0202134,0.0,0.0,30.884,0.0,503.56,603.559,93.8129,3,"[200.0, 200.0, 200.0, 200.0, 200.0, 200.0, 200.0, 200.0, 200.0, 200.0, 200.0, 200.0, 200.0, 200.0, 200.0, 200.0, 200.0, 200.0, 200.0, 200.0, 200.0, 200.0, 200.0, 200.0, 200.0, 200.0, 200.0, 200.0, 200.0, 200.0, 200.0, 200.0, 200.0, 200.0, 200.0, 200.0]",1,4490.22,84.8615,-0.0283612,-0.969183,0.109,"[13.5228, 13.9864, 15.793, 20.2238, 36.8234, 80.4625, 63.9509, 47.6647, 32.4783, 20.0503, 12.0418, 7.82127, 5.61036, 4.34061, 3.00209, 2.12144, 1.72557, 1.54034, 1.48065]",-0.802619,"[72.213, 70.4031, 72.7094, 69.9064]",0.343215
0.055,-0.0231994,0.0,0.0,30.906,0.0,504.049,604.048,93.8129,3,"[200.0, 200.0, 200.0, 200.0, 200.0, 200.0, 200.0, 200.0, 200.0, 200.0, 200.0, 200.0, 200.0, 200.0, 200.0, 200.0, 200.0, 200.0, 200.0, 200.0, 200.0, 200.0, 200.0, 200.0, 200.0, 200.0, 200.0, 200.0, 200.0, 200.0, 200.0, 200.0, 200.0, 200.0, 200.0, 200.0]",1,4522.45,84.7811,0.00466531,-0.96603,0.109,"[13.5128, 13.9631, 15.7487, 20.1277, 36.2359, 81.0452, 64.5434, 48.2494, 33.0171, 20.4719, 12.3043, 7.97312, 5.705, 4.4054, 3.03947, 2.14359, 1.74146, 1.55312, 1.49174]",-0.801154,"[72.1303, 70.3451, 72.6162, 70.9638]",0.343504
0.052,-0.0257359,0.0,0.0,30.928,0.0,504.537,604.536,93.8129,3,"[200.0, 200.0, 200.0, 200.0, 200.0, 200.0, 200.0, 200.0, 200.0, 200.0, 200.0, 200.0, 200.0, 200.0, 200.0, 200.0, 200.0, 200.0, 200.0, 200.0, 200.0, 200.0, 200.0, 200.0, 200.0, 200.0, 200.0, 200.0, 200.0, 200.0, 200.0, 200.0, 200.0, 200.0, 200.0, 200.0]",1,4499.31,84.7309,0.0331736,-1.01099,0.108,"[13.5011, 13.94, 15.7074, 20.0415, 35.7489, 81.5534, 65.0547, 48.7579, 33.4922, 20.8535, 12.5502, 8.11964, 5.79843, 4.47067, 3.07826, 2.1673, 1.75891, 1.56749, 1.50455]",-0.79946,"[72.0612, 70.3361, 72.5961, 70.2891]",0.343555
0.071,-0.0285661,0.0,0.0,30.95,0.0,505.025,605.025,93.8129,3,"[200.0, 200.0, 200.0, 200.0, 200.0, 200.0, 200.0, 200.0, 200.0, 200.0, 200.0, 200.0, 200.0, 200.0, 200.0, 200.0, 200.0, 200.0, 200.0, 200.0, 200.0, 200.0, 200.0, 200.0, 200.0, 200.0, 200.0, 200.0, 200.0, 200.0, 200.0, 200.0, 200.0, 200.0, 200.0, 200.0]",1,4518.22,84.6658,0.0704674,-1.00323,0.108,"[13.4881, 13.9145, 15.6617, 19.9464, 35.2328, 82.1492, 65.6245, 49.3251, 34.0234, 21.2828, 12.8288, 8.28585, 5.90422, 4.54432, 3.1219, 2.19389, 1.77846, 1.58353, 1.51882]",-0.797573,"[72.0252, 70.2609, 72.5152, 70.9115]",0.343235
0.072,-0.0286415,0.0,0.0,30.972,0.0,505.513,605.512,93.8129,3,"[200.0, 200.0, 200.0, 200.0, 200.0, 200.0, 200.0, 200.0, 200.0, 200.0, 200.0, 200.0, 200.0, 200.0, 200.0, 200.0, 200.0, 200.0, 200.0, 200.0, 200.0, 200.0, 200.0, 200.0, 200.0, 200.0, 200.0, 200.0, 200.0, 200.0, 200.0, 200.0, 200.0, 200.0, 200.0, 200.0]",1,4487.4,84.6185,-0.476433,-1.0528,-0.8,"[13.4741, 13.8997, 15.6443, 19.922, 35.161, 82.2201, 65.6733, 49.3869, 34.1012, 21.3727, 12.9126, 8.35188, 5.95512, 4.58489, 3.15045, 2.21413, 1.79488, 1.59815, 1.53282]",-0.795707,"[71.6471, 70.4692, 72.028, 70.4967]",0.343478
0.136,-0.02147,0.0,0.0,30.994,0.0,506.001,606.0,93.8129,3,"[200.0, 200.0, 200.0, 200.0, 200.0, 200.0, 200.0, 200.0, 200.0, 200.0, 200.0, 200.0, 200.0, 200.0, 200.0, 200.0, 200.0, 200.0, 200.0, 200.0, 200.0, 200.0, 200.0, 200.0, 200.0, 200.0, 200.0, 200.0, 200.0, 200.0, 200.0, 200.0, 200.0, 200.0, 200.0, 200.0]",1,4528.71,84.4654,-1.10413,-1.04704,-0.8,"[13.463, 13.9189, 15.7079, 20.0932, 36.3105, 80.8397, 64.3414, 48.1069, 32.9714, 20.5508, 12.4593, 8.13114, 5.84246, 4.52252, 3.12812, 2.20981, 1.79685, 1.60348, 1.54086]",-0.794598,"[69.5155, 70.4523, 71.6279, 72.2802]",0.342085
0.157,-0.00596404,0.0,0.0,31.016,0.0,506.487,606.487,93.8129,3,"[200.0, 200.0, 200.0, 200.0, 200.0, 200.0, 200.0, 200.0, 200.0, 200.0, 200.0, 200.0, 200.0, 200.0, 200.0, 200.0, 200.0, 200.0, 200.0, 200.0, 200.0, 200.0, 200.0, 200.0, 200.0, 200.0, 200.0, 200.0, 200.0, 200.0, 200.0, 200.0, 200.0, 200.0, 200.0, 200.0]",1,4508.13,84.292,-1.39317,-0.892461,0.108,"[13.4602, 13.9828, 15.8736, 20.5121, 39.605, 77.8879, 61.4209, 45.3004, 30.5052, 18.7741, 11.4643, 7.61507, 5.5547, 4.34618, 3.04641, 2.17522, 1.78012, 1.59609, 1.54007]",-0.79466,"[69.3261, 72.4396, 70.1411, 72.9572]",0.341462
0.161,0.0110031,0.0,0.0,31.038,0.0,506.974,606.973,93.8129,3,"[200.0, 200.0, 200.0, 200.0, 200.0, 200.0, 200.0, 200.0, 200.0, 200.0, 200.0, 200.0, 200.0, 200.0, 200.0, 200.0, 200.0, 200.0, 200.0, 200.0, 200.0, 200.0, 200.0, 200.0, 200.0, 200.0, 200.0, 200.0, 200.0, 200.0, 200.0, 200.0, 200.0, 200.0, 200.0, 200.0]",1,4511.07,84.2925,-0.350818,-0.831763,0.107,"[13.4679, 14.0647, 16.0727, 21.0141, 46.6606, 74.6726, 58.2181, 42.2492, 27.8837, 16.9619, 10.4684, 7.08623, 5.24872, 4.15176, 2.95013, 2.13018, 1.75521, 1.58184, 1.53316]",-0.795591,"[69.5452, 71.9877, 70.5475, 72.6633]",0.341129
0.046,0.0198655,0.0,0.0,31.06,0.0,507.459,607.458,93.8129,3,"[200.0, 200.0, 200.0, 200.0, 200.0, 200.0, 200.0, 200.0, 200.0, 200.0, 200.0, 200.0, 200.0, 200.0, 200.0, 200.0, 200.0, 200.0, 200.0, 200.0, 200.0, 200.0, 200.0, 200.0, 200.0, 200.0, 200.0, 200.0, 200.0, 200.0, 200.0, 200.0, 200.0, 200.0, 200.0, 200.0]",1,4495.21,84.2168,0.590853,-0.683563,0.107,"[13.4768, 14.1131, 16.185, 21.297, 200.0, 72.984, 56.5411, 40.6635, 26.5477, 16.0678, 9.98108, 6.8214, 5.09075, 4.04842, 2.89632, 2.10316, 1.73901, 1.57139, 1.52658]",-0.796496,"[70.5114, 70.818, 71.1841, 71.5313]",0.339593
1.0,0.022866,0.0,0.0,31.082,0.0,507.946,607.945,93.8125,3,"[200.0, 200.0, 200.0, 200.0, 200.0, 200.0, 200.0, 200.0, 200.0, 200.0, 200.0, 200.0, 200.0, 200.0, 200.0, 200.0, 200.0, 200.0, 200.0, 200.0, 200.0, 200.0, 200.0, 200.0, 200.0, 200.0, 200.0, 200.0, 200.0, 200.0, 200.0, 200.0, 200.0, 200.0, 200.0, 200.0]",1,4696.49,84.5102,0.831674,-0.660338,0.107,"[13.4843, 14.1342, 16.229, 21.4028, 200.0, 72.4029, 55.9615, 40.1126, 26.0808, 15.7514, 9.80226, 6.71889, 5.02607, 4.00381, 2.87066, 2.08841, 1.72883, 1.56357, 1.52017]",-0.797362,"[71.2753, 70.6445, 75.6734, 73.0207]",0.341027
1.0,0.0234183,0.0,0.0,31.104,0.0,508.434,608.434,93.812,3,"[200.0, 200.0, 200.0, 200.0, 200.0, 200.0, 200.0, 200.0, 200.0, 200.0, 200.0, 200.0, 200.0, 200.0, 200.0, 200.0, 200.0, 200.0, 200.0, 200.0, 200.0, 200.0, 200.0, 200.0, 200.0, 200.0, 200.0, 200.0, 200.0, 200.0, 200.0, 200.0, 200.0, 200.0, 200.0, 200.0]",1,4645.75,84.9483,0.830134,-0.638916,0.107,"[13.4914, 14.1443, 16.2443, 21.4326, 198.317, 72.2834, 55.8375, 39.9874, 25.964, 15.66, 9.74099, 6.67769, 4.99646, 3.98108, 2.85527, 2.07782, 1.72039, 1.55618, 1.51321]",-0.798292,"[71.8546, 70.7714, 73.5266, 73.9807]",0.340762
1.0,0.0223764,0.0,0.0,31.126,0.0,508.925,608.924,93.8116,3,"[200.0, 200.0, 200.0, 200.0, 200.0, 200.0, 200.0, 200.0, 200.0, 200.0, 200.0, 200.0, 200.0, 200.0, 200.0, 200.0, 200.0, 200.0, 200.0, 200.0, 200.0, 200.0, 200.0, 200.0, 200.0, 200.0, 200.0, 200.0, 200.0, 200.0, 200.0, 200.0, 200.0, 200.0, 200.0, 200.0]",1,4679.46,85.3474,0.701508,-0.622314,0.108,"[13.4984, 14.147, 16.2408, 21.4124, 195.165, 72.4647, 56.01, 40.1388, 26.0736, 15.7127, 9.75441, 6.67546, 4.98911, 3.97225, 2.84637, 2.06986, 1.71307, 1.54907, 1.50588]",-0.799266,"[72.2001, 70.9056, 75.024, 73.9139]",0.341756
1.0,0.0215073,0.0,0.0,31.148,0.0,509.419,609.418,93.8111,3,"[200.0, 200.0, 200.0, 200.0, 200.0, 200.0, 200.0, 200.0, 200.0, 200.0, 200.0, 200.0, 200.0, 200.0, 200.0, 200.0, 200.0, 200.0, 200.0, 200.0, 200.0, 200.0, 200.0, 200.0, 200.0, 200.0, 200.0, 200.0, 200.0, 200.0, 200.0, 200.0, 200.0, 200.0, 200.0, 200.0]",1,4696.77,85.7561,0.598797,-0.659754,0.108,"[13.5058, 14.1509, 16.2399, 21.3985, 192.091, 72.6127, 56.1494, 40.2589, 26.1568, 15.7476, 9.7577, 6.66734, 4.97796, 3.96076, 2.83592, 2.061, 1.70513, 1.54147, 1.49814]",-0.800293,"[72.6495, 71.2862, 74.9252, 74.4536]",0.342067
1.0,0.0198159,0.0,0.0,31.17,0.0,509.914,609.913,93.8106,3,"[200.0, 200.0, 200.0, 200.0, 200.0, 200.0, 200.0, 200.0, 200.0, 200.0, 200.0, 200.0, 200.0, 200.0, 200.0, 200.0, 200.0, 200.0, 200.0, 200.0, 200.0, 200.0, 200.0, 200.0, 200.0, 200.0, 200.0, 200.0, 200.0, 200.0, 200.0, 200.0, 200.0, 200.0, 200.0, 200.0]",1,4760.81,86.1415,0.488901,-0.65758,0.108,"[13.5129, 14.1509, 16.229, 21.3586, 188.505, 72.9165, 56.4429, 40.5238, 26.3601, 15.86, 9.8014, 6.68039, 4.97911, 3.95706, 2.82925, 2.05382, 1.69801, 1.53425, 1.49047]",-0.801309,"[72.9857, 71.4942, 75.8501, 75.7436]",0.342338
1.0,0.0185906,0.0,0.0,31.192,0.0,510.412,610.411,93.8101,3,"[200.0, 200.0, 200.0, 200.0, 200.0, 200.0, 200.0, 200.0, 200.0, 200.0, 200.0, 200.0, 200.0, 200.0, 200.0, 200.0, 200.0, 200.0, 200.0, 200.0, 200.0, 200.0, 200.0, 200.0, 200.0, 200.0, 200.0, 200.0, 200.0, 200.0, 200.0, 200.0, 200.0, 200.0, 200.0, 200.0]",1,4755.39,86.5683,0.404894,-0.707271,0.108,"[13.5201, 14.1531, 16.2238, 21.3336, 185.164, 73.1323, 56.65, 40.7078, 26.4972, 15.9302, 9.82299, 6.68181, 4.9735, 3.94909, 2.82058, 2.04579, 1.69051, 1.52692, 1.48286]",-0.802319,"[73.3653, 71.7662, 76.0598, 75.2049]",0.343132
1.0,0.0166342,0.0,0.0,31.214,0.0,510.912,610.911,93.8096,3,"[200.0, 200.0, 200.0, 200.0, 200.0, 200.0, 200.0, 200.0, 200.0, 200.0, 200.0, 200.0, 200.0, 200.0, 200.0, 200.0, 200.0, 200.0, 200.0, 200.0, 200.0, 200.0, 200.0, 200.0, 200.0, 200.0, 200.0, 200.0, 200.0, 200.0, 200.0, 200.0, 200.0, 200.0, 200.0, 200.0]",1,4870.83,86.9198,0.332037,-0.710513,0.108,"[13.5267, 14.1514, 16.2094, 21.2853, 181.348, 73.4877, 56.9954, 41.023, 26.7447, 16.0733, 9.88351, 6.70393, 4.98001, 3.94899, 2.81591, 2.03973, 1.68417, 1.52028, 1.47565]",-0.803273,"[73.7392, 72.0829, 77.2108, 78.1293]",0.34268
1.0,0.0150882,0.0,0.0,31.236,0.0,511.414,611.414,93.8091,3,"[200.0, 200.0, 200.0, 200.0, 200.0, 200.0, 200.0, 200.0, 200.0, 200.0, 200.0, 200.0, 200.0, 200.0, 200.0, 200.0, 200.0, 200.0, 200.0, 200.0, 200.0, 200.0, 200.0, 200.0, 200.0, 200.0, 200.0, 200.0, 200.0, 200.0, 200.0, 200.0, 200.0, 200.0, 200.0, 200.0]",1,4813.13,87.3822,0.257058,-0.764553,0.108,"[13.5332, 14.1514, 16.1996, 21.2496, 177.743, 73.766, 57.2652, 41.268, 26.9353, 16.1807, 9.92569, 6.71672, 4.98143, 3.94582, 2.80991, 2.03324, 1.67775, 1.51377, 1.46874]",-0.80419,"[74.0713, 72.5392, 76.7307, 76.1923]",0.343738
1.0,0.0126715,0.0,0.0,31.258,0.0,511.919,611.918,93.8086,3,"[200.0, 200.0, 200.0, 200.0, 200.0, 200.0, 200.0, 200.0, 200.0, 200.0, 200.0, 200.0, 200.0, 200.0, 200.0, 200.0, 200.0, 200.0, 200.0, 200.0, 200.0, 200.0, 200.0, 200.0, 200.0, 200.0, 200.0, 200.0, 200.0, 200.0, 200.0, 200.0, 200.0, 200.0, 200.0, 200.0]",1,4899.54,87.7542,0.18031,-0.759709,0.108,"[13.5388, 14.1466, 16.1789, 21.1863, 50.9561, 74.2194, 57.7011, 41.6711, 27.2605, 16.3788, 10.0168, 6.75558, 4.99821, 3.95263, 2.80915, 2.02941, 1.67295, 1.50833, 1.46252]",-0.805012,"[74.5393, 72.6699, 77.843, 78.3126]",0.342494
0.0,0.0105582,0.203,0.0,31.28,0.0,512.424,612.423,93.8085,3,"[200.0, 200.0, 200.0, 200.0, 200.0, 200.0, 200.0, 200.0, 200.0, 200.0, 200.0, 200.0, 200.0, 200.0, 200.0, 200.0, 200.0, 200.0, 200.0, 200.0, 200.0, 200.0, 200.0, 200.0, 200.0, 200.0, 200.0, 200.0, 200.0, 200.0, 200.0, 200.0, 200.0, 200.0, 200.0, 200.0]",1,4604.48,87.346,0.109291,-0.78257,0.109,"[13.544, 14.1427, 16.1611, 21.1318, 47.5548, 74.6409, 58.0822, 42.0241, 27.5465, 16.5539, 10.097, 6.78951, 5.01257, 3.95824, 2.80815, 2.02581, 1.66855, 1.5034, 1.45694]",-0.805753,"[73.0011, 65.4966, 74.1464, 72.0065]",0.34404
0.0,0.00894725,0.133,0.0,31.302,0.0,512.926,612.925,93.8084,3,"[200.0, 200.0, 200.0, 200.0, 200.0, 200.0, 200.0, 200.0, 200.0, 200.0, 200.0, 200.0, 200.0, 200.0, 200.0, 200.0, 200.0, 200.0, 200.0, 200.0, 200.0, 200.0, 200.0, 200.0, 200.0, 200.0, 200.0, 200.0, 200.0, 200.0, 200.0, 200.0, 200.0, 200.0, 200.0, 200.0]",1,4575.15,86.7919,0.0900083,-0.804744,0.109,"[13.5487, 14.1405, 16.1484, 21.0918, 46.2906, 74.9872, 58.3712, 42.2913, 27.7625, 16.6853, 10.1557, 6.81294, 5.02149, 3.96078, 2.80614, 2.02214, 1.66442, 1.49895, 1.452]",-0.806408,"[71.2346, 71.2198, 73.5549, 71.2451]",0.341996
0.0,0.00628817,0.104,0.0,31.324,0.0,513.424,613.424,93.8083,3,"[200.0, 200.0, 200.0, 200.0, 200.0, 200.0, 200.0, 200.0, 200.0, 200.0, 200.0, 200.0, 200.0, 200.0, 200.0, 200.0, 200.0, 200.0, 200.0, 200.0, 200.0, 200.0, 200.0, 200.0, 200.0, 200.0, 200.0, 200.0, 200.0, 200.0, 200.0, 200.0, 200.0, 200.0, 200.0, 200.0]",1,4575.74,86.3818,0.0660587,-0.812695,0.109,"[13.5521, 14.1324, 16.1224, 21.0189, 44.7017, 75.5781, 58.8613, 42.7514, 28.1453, 16.9319, 10.2775, 6.87043, 5.05061, 3.97661, 2.81114, 2.02213, 1.66263, 1.49612, 1.44825]",-0.806904,"[72.7599, 68.2795, 73.6703, 71.582]",0.342066
0.0,0.00342631,0.084,0.0,31.346,0.0,513.921,613.92,93.8082,3,"[200.0, 200.0, 200.0, 200.0, 200.0, 200.0, 200.0, 200.0, 200.0, 200.0, 200.0, 200.0, 200.0, 200.0, 200.0, 200.0, 200.0, 200.0, 200.0, 200.0, 200.0, 200.0, 200.0, 200.0, 200.0, 200.0, 200.0, 200.0, 200.0, 200.0, 200.0, 200.0, 200.0, 200.0, 200.0, 200.0]",1,4513.43,86.0327,0.0299431,-0.821927,0.109,"[13.5544, 14.1222, 16.0927, 20.9388, 43.3681, 76.2521, 59.3937, 43.2541, 28.5692, 17.2115, 10.4199, 6.93994, 5.08745, 3.99792, 2.8195, 2.02426, 1.66244, 1.49466, 1.44574]",-0.807236,"[71.923, 70.7981, 73.1751, 69.549]",0.343236
0.0,-0.000287056,0.053,0.0,31.368,0.0,514.416,614.415,93.8082,3,"[200.0, 200.0, 200.0, 200.0, 200.0, 200.0, 200.0, 200.0, 200.0, 200.0, 200.0, 200.0, 200.0, 200.0, 200.0, 200.0, 200.0, 200.0, 200.0, 200.0, 200.0, 200.0, 200.0, 200.0, 200.0, 200.0, 200.0, 200.0, 200.0, 200.0, 200.0, 200.0, 200.0, 200.0, 200.0, 200.0]",1,4555.86,85.7349,-0.0111078,-0.792645,0.109,"[13.5553, 14.1068, 16.052, 20.8325, 41.9518, 77.1638, 60.0914, 43.9178, 29.1365, 17.5956, 10.6216, 7.04181, 5.14369, 4.03202, 2.83481, 2.0302, 1.6648, 1.4951, 1.44475]",-0.807367,"[72.697, 70.18, 73.5216, 71.1895]",0.341654
0.0,-0.00388157,0.046,0.0,31.39,0.0,514.909,614.908,93.8081,3,"[200.0, 200.0, 200.0, 200.0, 200.0, 200.0, 200.0, 200.0, 200.0, 200.0, 200.0, 200.0, 200.0, 200.0, 200.0, 200.0, 200.0, 200.0, 200.0, 200.0, 200.0, 200.0, 200.0, 200.0, 200.0, 200.0, 200.0, 200.0, 200.0, 200.0, 200.0, 200.0, 200.0, 200.0, 200.0, 200.0]",1,4524.04,85.5129,-0.0481439,-0.786442,0.109,"[13.5548, 14.0906, 16.0113, 20.7288, 40.7961, 78.1108, 60.7716, 44.5682, 29.6991, 17.9848, 10.8309, 7.1494, 5.20428, 4.06964, 2.85272, 2.0381, 1.66883, 1.49709, 1.44529]",-0.807296,"[72.2139, 70.4819, 73.2167, 70.5621]",0.343138
0.0,-0.0077914,0.025,0.0,31.412,0.0,515.401,615.4,93.808,3,"[200.0, 200.0, 200.0, 200.0, 200.0, 200.0, 200.0, 200.0, 200.0, 200.0, 200.0, 200.0, 200.0, 200.0, 200.0, 200.0, 200.0, 200.0, 200.0, 200.0, 200.0, 200.0, 200.0, 200.0, 200.0, 200.0, 200.0, 200.0, 200.0, 200.0, 200.0, 200.0, 200.0, 200.0, 200.0, 200.0]",1,4543.75,85.3265,-0.129914,-0.833373,0.109,"[13.553, 14.0716, 15.9655, 20.6151, 39.6999, 79.2021, 61.5165, 45.2842, 30.3253, 18.4274, 11.0742, 7.27681, 5.27723, 4.11582, 2.87569, 2.04907, 1.67515, 1.50097, 1.44754]",-0.807,"[72.5848, 70.2435, 72.9008, 71.5354]",0.341549
0.0,-0.0112925,0.014,0.0,31.434,0.0,515.893,615.892,93.8079,3,"[200.0, 200.0, 200.0, 200.0, 200.0, 200.0, 200.0, 200.0, 200.0, 200.0, 200.0, 200.0, 200.0, 200.0, 200.0, 200.0, 200.0, 200.0, 200.0, 200.0, 200.0, 200.0, 200.0, 200.0, 200.0, 200.0, 200.0, 200.0, 200.0, 200.0, 200.0, 200.0, 200.0, 200.0, 200.0, 200.0]",1,4514.96,85.2036,-0.104781,-0.8083,0.109,"[13.5495, 14.0527, 15.9226, 20.5115, 38.8188, 80.2848, 62.189, 45.9346, 30.9012, 18.8441, 11.3094, 7.40274, 5.35086, 4.16346, 2.90047, 2.06187, 1.68319, 1.50657, 1.4516]",-0.806466,"[72.3465, 70.4899, 72.9992, 70.4243]",0.343239
0.002,-0.0149498,0.0,0.0,31.456,0.0,516.383,616.382,93.8078,3,"[200.0, 200.0, 200.0, 200.0, 200.0, 200.0, 200.0, 200.0, 200.0, 200.0, 200.0, 200.0, 200.0, 200.0, 200.0, 200.0, 200.0, 200.0, 200.0, 200.0, 200.0, 200.0, 200.0, 200.0, 200.0, 200.0, 200.0, 200.0, 200.0, 200.0, 200.0, 200.0, 200.0, 200.0, 200.0, 200.0]",1,4531.97,85.0959,-0.134758,-0.843105,0.109,"[13.5444, 14.0316, 15.8763, 20.4022, 37.9783, 81.5454, 62.8959, 46.6214, 31.5153, 19.2972, 11.5709, 7.54478, 5.435, 4.21857, 2.92988, 2.07761, 1.6935, 1.51412, 1.45747]",-0.805693,"[72.4896, 70.5229, 72.8211, 71.1976]",0.341813
0.014,-0.0180486,0.0,0.0,31.478,0.0,516.873,616.872,93.8077,3,"[200.0, 200.0, 200.0, 200.0, 200.0, 200.0, 200.0, 200.0, 200.0, 200.0, 200.0, 200.0, 200.0, 200.0, 200.0, 200.0, 200.0, 200.0, 200.0, 200.0, 200.0, 200.0, 200.0, 200.0, 200.0, 200.0, 200.0, 200.0, 200.0, 200.0, 200.0, 200.0, 200.0, 200.0, 200.0, 200.0]",1,4518.27,85.019,-0.0814701,-0.830709,0.109,"[13.5375, 14.011, 15.8341, 20.3063, 37.3104, 82.8, 63.5021, 47.2145, 32.0528, 19.704, 11.8135, 7.68045, 5.51738, 4.27378, 2.96063, 2.09503, 1.70555, 1.52346, 1.46525]",-0.804665,"[72.3412, 70.535, 72.8367, 70.6802]",0.343381
0.03,-0.0212234,0.0,0.0,31.5,0.0,517.363,617.362,93.8077,3,"[200.0, 200.0, 200.0, 200.0, 200.0, 200.0, 200.0, 200.0, 200.0, 200.0, 200.0, 200.0, 200.0, 200.0, 200.0, 200.0, 200.0, 200.0, 200.0, 200.0, 200.0, 200.0, 200.0, 200.0, 200.0, 200.0, 200.0, 200.0, 200.0, 200.0, 200.0, 200.0, 200.0, 200.0, 200.0, 200.0]",1,4530.43,84.9348,-0.096943,-0.89603,0.109,"[13.529, 13.9884, 15.7894, 20.2068, 36.6662, 84.2528, 64.1269, 47.8284, 32.6138, 20.1358, 12.0763, 7.82952, 5.60884, 4.33564, 2.99561, 2.11525, 1.71978, 1.53468, 1.47481]",-0.803403,"[72.3126, 70.4439, 72.7248, 71.1823]",0.342367
0.038,-0.0240101,0.0,0.0,31.522,0.0,517.852,617.851,93.8077,3,"[200.0, 200.0, 200.0, 200.0, 200.0, 200.0, 200.0, 200.0, 200.0, 200.0, 200.0, 200.0, 200.0, 200.0, 200.0, 200.0, 200.0, 200.0, 200.0, 200.0, 200.0, 200.0, 200.0, 200.0, 200.0, 200.0, 200.0, 200.0, 200.0, 200.0, 200.0, 200.0, 200.0, 200.0, 200.0, 200.0]",1,4516.64,84.8711,-0.038156,-0.894576,0.109,"[13.5188, 13.9658, 15.747, 20.1157, 36.1219, 85.778, 64.6824, 48.3779, 33.1224, 20.5368, 12.3281, 7.97618, 5.70076, 4.39895, 3.03247, 2.13728, 1.73571, 1.5476, 1.48612]",-0.801906,"[72.1744, 70.4553, 72.7025, 70.7358]",0.343272
0.051,-0.0267901,0.0,0.0,31.544,0.0,518.341,618.34,93.8077,3,"[200.0, 200.0, 200.0, 200.0, 200.0, 200.0, 200.0, 200.0, 200.0, 200.0, 200.0, 200.0, 200.0, 200.0, 200.0, 200.0, 200.0, 200.0, 200.0, 200.0, 200.0, 200.0, 200.0, 200.0, 200.0, 200.0, 200.0, 200.0, 200.0, 200.0, 200.0, 200.0, 200.0, 200.0, 200.0, 200.0]",1,4525.08,84.8017,-0.0556905,-0.974771,0.109,"[13.5071, 13.9418, 15.7033, 20.0235, 35.6016, 87.5453, 65.2398, 48.9314, 33.6383, 20.9494, 12.5922, 8.13192, 5.79919, 4.46715, 3.07258, 2.16154, 1.75343, 1.56208, 1.49892]",-0.800214,"[72.1684, 70.36, 72.6208, 71.0831]",0.3429
0.059,-0.0293384,0.0,0.0,31.566,0.0,518.83,618.829,93.8077,3,"[200.0, 200.0, 200.0, 200.0, 200.0, 200.0, 200.0, 200.0, 200.0, 200.0, 200.0, 200.0, 200.0, 200.0, 200.0, 200.0, 200.0, 200.0, 200.0, 200.0, 200.0, 200.0, 200.0, 200.0, 200.0, 200.0, 200.0, 200.0, 200.0, 200.0, 200.0, 200.0, 200.0, 200.0, 200.0, 200.0]",1,4517.37,84.7433,0.0569441,-0.881214,0.108,"[13.4939, 13.9172, 15.6603, 19.9355, 35.1364, 89.5236, 65.7569, 49.4479, 34.125, 21.3469, 12.8533, 8.28946, 5.90041, 4.53816, 3.11512, 2.18779, 1.77289, 1.57819, 1.51337]",-0.798302,"[72.0438, 70.3644, 72.6061, 70.826]",0.342664
0.064,-0.029461,0.0,0.0,31.588,0.0,519.318,619.317,93.8077,3,"[200.0, 200.0, 200.0, 200.0, 200.0, 200.0, 200.0, 200.0, 200.0, 200.0, 200.0, 200.0, 200.0, 200.0, 200.0, 200.0, 200.0, 200.0, 200.0, 200.0, 200.0, 200.0, 200.0, 200.0, 200.0, 200.0, 200.0, 200.0, 200.0, 200.0, 200.0, 200.0, 200.0, 200.0, 200.0, 200.0]",1,4523.43,84.6686,-0.552565,-0.975922,-0.8,"[13.4799, 13.9022, 15.6424, 19.91, 35.0577, 90.5717, 65.8147, 49.5184, 34.2108, 21.4428, 12.9408, 8.35756, 5.95252, 4.57944, 3.14402, 2.20819, 1.78942, 1.59287, 1.52741]",-0.796431,"[71.8307, 70.5178, 72.1413, 71.4887]",0.342862
0.115,-0.0215608,0.0,0.0,31.61,0.0,519.806,619.805,93.8077,3,"[200.0, 200.0, 200.0, 200.0, 200.0, 200.0, 200.0, 200.0, 200.0, 200.0, 200.0, 200.0, 200.0, 200.0, 200.0, 200.0, 200.0, 200.0, 200.0, 200.0, 200.0, 200.0, 200.0, 200.0, 200.0, 200.0, 200.0, 200.0, 200.0, 200.0, 200.0, 200.0, 200.0, 200.0, 200.0, 200.0]",1,4512.2,84.5206,-1.2329,-0.853198,-0.8,"[13.4689, 13.9246, 15.714, 20.1003, 36.3217, 87.5728, 64.3437, 48.1028, 32.9581, 20.5278, 12.4333, 8.10849, 5.824, 4.5073, 3.11699, 2.20168, 1.79014, 1.59744, 1.53501]",-0.795379,"[69.2465, 70.636, 70.9813, 72.2909]",0.342362
0.167,-0.00586808,0.0,0.0,31.632,0.0,520.293,620.292,93.8077,3,"[200.0, 200.0, 200.0, 200.0, 200.0, 200.0, 200.0, 200.0, 200.0, 200.0, 200.0, 200.0, 200.0, 200.0, 200.0, 200.0, 200.0, 200.0, 200.0, 200.0, 200.0, 200.0, 200.0, 200.0, 200.0, 200.0, 200.0, 200.0, 200.0, 200.0, 200.0, 200.0, 200.0, 200.0, 200.0, 200.0]",1,4523.67,84.3686,-1.32695,-0.850473,0.108,"[13.4662, 13.9894, 15.8819, 20.5247, 39.6672, 81.7998, 61.3868, 45.2607, 30.4602, 18.7285, 11.4265, 7.58668, 5.5331, 4.32903, 3.03428, 2.16658, 1.77308, 1.58982, 1.53406]",-0.795462,"[69.1584, 72.3345, 70.5555, 73.0026]",0.341615
0.14,0.0106412,0.0,0.0,31.654,0.0,520.779,620.779,93.8077,3,"[200.0, 200.0, 200.0, 200.0, 200.0, 200.0, 200.0, 200.0, 200.0, 200.0, 200.0, 200.0, 200.0, 200.0, 200.0, 200.0, 200.0, 200.0, 200.0, 200.0, 200.0, 200.0, 200.0, 200.0, 200.0, 200.0, 200.0, 200.0, 200.0, 200.0, 200.0, 200.0, 200.0, 200.0, 200.0, 200.0]",1,4510.82,84.3559,-0.333641,-0.775328,0.107,"[13.4734, 14.069, 16.0755, 21.013, 46.4604, 76.8455, 58.2697, 42.2908, 27.908, 16.9649, 10.4587, 7.07358, 5.23653, 4.14074, 2.94121, 2.12314, 1.74912, 1.57616, 1.52752]",-0.796342,"[69.695, 72.1035, 70.4468, 72.8076]",0.341086
0.048,0.0193653,0.0,0.0,31.676,0.0,521.266,621.265,93.8077,3,"[200.0, 200.0, 200.0, 200.0, 200.0, 200.0, 200.0, 200.0, 200.0, 200.0, 200.0, 200.0, 200.0, 200.0, 200.0, 200.0, 200.0, 200.0, 200.0, 200.0, 200.0, 200.0, 200.0, 200.0, 200.0, 200.0, 200.0, 200.0, 200.0, 200.0, 200.0, 200.0, 200.0, 200.0, 200.0, 200.0]",1,4500.09,84.2846,0.542133,-0.664716,0.107,"[13.4822, 14.1166, 16.186, 21.2912, 127.464, 74.6478, 56.6179, 40.7281, 26.5901, 16.0819, 9.97768, 6.81239, 5.08085, 4.03896, 2.88817, 2.09647, 1.73312, 1.56583, 1.52098]",-0.797241,"[70.4127, 70.9051, 71.2692, 71.6027]",0.340544
1.0,0.0225482,0.0,0.0,31.698,0.0,521.752,621.752,93.8073,3,"[200.0, 200.0, 200.0, 200.0, 200.0, 200.0, 200.0, 200.0, 200.0, 200.0, 200.0, 200.0, 200.0, 200.0, 200.0, 200.0, 200.0, 200.0, 200.0, 200.0, 200.0, 200.0, 200.0, 200.0, 200.0, 200.0, 200.0, 200.0, 200.0, 200.0, 200.0, 200.0, 200.0, 200.0, 200.0, 200.0]",1,4682.91,84.5891,0.780218,-0.655289,0.107,"[13.49, 14.1389, 16.2324, 21.403, 127.246, 73.9921, 56.0033, 40.1439, 26.0948, 15.7465, 9.78848, 6.70418, 5.01273, 3.99203, 2.86127, 2.08106, 1.7225, 1.55769, 1.51434]",-0.798139,"[71.3336, 70.7188, 75.292, 72.8086]",0.340913
1.0,0.0231191,0.0,0.0,31.72,0.0,522.241,622.24,93.8069,3,"[200.0, 200.0, 200.0, 200.0, 200.0, 200.0, 200.0, 200.0, 200.0, 200.0, 200.0, 200.0, 200.0, 200.0, 200.0, 200.0, 200.0, 200.0, 200.0, 200.0, 200.0, 200.0, 200.0, 200.0, 200.0, 200.0, 200.0, 200.0, 200.0, 200.0, 200.0, 200.0, 200.0, 200.0, 200.0, 200.0]",1,4716.72,84.9829,0.806655,-0.598138,0.108,"[13.4973, 14.1491, 16.2481, 21.4336, 125.109, 74.0366, 55.8753, 40.0147, 25.9744, 15.6524, 9.72548, 6.66194, 4.98242, 3.96878, 2.84554, 2.07025, 1.71391, 1.55016, 1.50724]",-0.799088,"[71.8883, 70.7647, 73.981, 75.2973]",0.341027
1.0,0.0222182,0.0,0.0,31.742,0.0,522.733,622.732,93.8064,3,"[200.0, 200.0, 200.0, 200.0, 200.0, 200.0, 200.0, 200.0, 200.0, 200.0, 200.0, 200.0, 200.0, 200.0, 200.0, 200.0, 200.0, 200.0, 200.0, 200.0, 200.0, 200.0, 200.0, 200.0, 200.0, 200.0, 200.0, 200.0, 200.0, 200.0, 200.0, 200.0, 200.0, 200.0, 200.0, 200.0]",1,4702.91,85.4063,0.655581,-0.634646,0.108,"[13.5046, 14.1528, 16.2466, 21.4184, 121.877, 74.5156, 56.0209, 40.1406, 26.0625, 15.6905, 9.73074, 6.65507, 4.97214, 3.95793, 2.83549, 2.06165, 1.70613, 1.5427, 1.49963]",-0.800098,"[72.3707, 70.9064, 76.0341, 73.3537]",0.341488
1.0,0.0211097,0.0,0.0,31.764,0.0,523.226,623.225,93.8059,3,"[200.0, 200.0, 200.0, 200.0, 200.0, 200.0, 200.0, 200.0, 200.0, 200.0, 200.0, 200.0, 200.0, 200.0, 200.0, 200.0, 200.0, 200.0, 200.0, 200.0, 200.0, 200.0, 200.0, 200.0, 200.0, 200.0, 200.0, 200.0, 200.0, 200.0, 200.0, 200.0, 200.0, 200.0, 200.0, 200.0]",1,4758.44,85.7983,0.581533,-0.605909,0.108,"[13.512, 14.1557, 16.243, 21.3971, 118.456, 75.1138, 56.2047, 40.3021, 26.1796, 15.747, 9.74486, 6.65245, 4.96405, 3.9483, 2.82586, 2.05306, 1.69827, 1.53507, 1.49178]",-0.80114,"[72.6895, 71.3011, 74.7841, 75.7872]",0.341964
1.0,0.0193325,0.0,0.0,31.786,0.0,523.722,623.721,93.8054,3,"[200.0, 200.0, 200.0, 200.0, 200.0, 200.0, 200.0, 200.0, 200.0, 200.0, 200.0, 200.0, 200.0, 200.0, 200.0, 200.0, 200.0, 200.0, 200.0, 200.0, 200.0, 200.0, 200.0, 200.0, 200.0, 200.0, 200.0, 200.0, 200.0, 200.0, 200.0, 200.0, 200.0, 200.0, 200.0, 200.0]",1,4746.71,86.2245,0.421415,-0.658442,0.108,"[13.5192, 14.1554, 16.2313, 21.3548, 114.458, 76.0036, 56.5142, 40.5819, 26.3951, 15.8669, 9.79213, 6.66712, 4.96597, 3.945, 2.81931, 2.04586, 1.69108, 1.52776, 1.48397]",-0.802174,"[73.145, 71.4085, 76.6762, 74.0674]",0.34206
1.0,0.0178769,0.0,0.0,31.808,0.0,524.22,624.219,93.8049,3,"[200.0, 200.0, 200.0, 200.0, 200.0, 200.0, 200.0, 200.0, 200.0, 200.0, 200.0, 200.0, 200.0, 200.0, 200.0, 200.0, 200.0, 200.0, 200.0, 200.0, 200.0, 200.0, 200.0, 200.0, 200.0, 200.0, 200.0, 200.0, 200.0, 200.0, 200.0, 200.0, 200.0, 200.0, 200.0, 200.0]",1,4879.0,86.57,0.383731,-0.649734,0.108,"[13.5264, 14.1566, 16.2234, 21.3228, 110.639, 76.9008, 56.7642, 40.8065, 26.5659, 15.9587, 9.82487, 6.67416, 4.96352, 3.93897, 2.8115, 2.03818, 1.68372, 1.52043, 1.4763]",-0.803192,"[73.452, 71.883, 75.7306, 78.7956]",0.342753
0.852,0.0157909,0.0,0.0,31.83,0.0,524.72,624.719,93.8045,3,"[200.0, 200.0, 200.0, 200.0, 200.0, 200.0, 200.0, 200.0, 200.0, 200.0, 200.0, 200.0, 200.0, 200.0, 200.0, 200.0, 200.0, 200.0, 200.0, 200.0, 200.0, 200.0, 200.0, 200.0, 200.0, 200.0, 200.0, 200.0, 200.0, 200.0, 200.0, 200.0, 200.0, 200.0, 200.0, 200.0]",1,4771.48,86.9707,0.270433,-0.679531,0.108,"[13.533, 14.1543, 16.2075, 21.2706, 106.181, 78.1714, 57.1343, 41.1451, 26.8333, 16.115, 9.89203, 6.69962, 4.97192, 3.94004, 2.80737, 2.03235, 1.67747, 1.51384, 1.46908]",-0.804147,"[73.8098, 72.2975, 77.0465, 74.5008]",0.342382
0.774,0.0141566,0.0,0.0,31.852,0.0,525.222,625.222,93.8041,3,"[200.0, 200.0, 200.0, 200.0, 200.0, 200.0, 200.0, 200.0, 200.0, 200.0, 200.0, 200.0, 200.0, 200.0, 200.0, 200.0, 200.0, 200.0, 200.0, 200.0, 200.0, 200.0, 200.0, 200.0, 200.0, 200.0, 200.0, 200.0, 200.0, 200.0, 200.0, 200.0, 200.0, 200.0, 200.0, 200.0]",1,4847.89,87.2371,0.203176,-0.750936,0.108,"[13.5394, 14.1537, 16.1966, 21.2321, 101.974, 79.46, 57.4214, 41.4068, 27.0386, 16.2326, 9.93977, 6.71537, 4.97511, 3.93803, 2.80205, 2.02623, 1.67133, 1.50753, 1.46232]",-0.805044,"[74.0397, 72.3506, 75.9002, 77.7518]",0.343278
0.623,0.012113,0.0,0.0,31.874,0.0,525.726,625.725,93.8039,3,"[200.0, 200.0, 200.0, 200.0, 200.0, 200.0, 200.0, 200.0, 200.0, 200.0, 200.0, 200.0, 200.0, 200.0, 200.0, 200.0, 200.0, 200.0, 200.0, 200.0, 200.0, 200.0, 200.0, 200.0, 200.0, 200.0, 200.0, 200.0, 200.0, 200.0, 200.0, 200.0, 200.0, 200.0, 200.0, 200.0]",1,4769.56,87.5015,0.200982,-0.705452,0.109,"[13.545, 14.1506, 16.1801, 21.1801, 49.6376, 81.1815, 57.7878, 41.7449, 27.31, 16.396, 10.0127, 6.74497, 4.98664, 3.94164, 2.79981, 2.02184, 1.66631, 1.50207, 1.45625]",-0.805848,"[74.277, 72.6795, 76.6825, 74.4491]",0.342218
0.0,0.0108259,0.172,0.0,31.896,0.0,526.23,626.229,93.8038,3,"[200.0, 200.0, 200.0, 200.0, 200.0, 200.0, 200.0, 200.0, 200.0, 200.0, 200.0, 200.0, 200.0, 200.0, 200.0, 200.0, 200.0, 200.0, 200.0, 200.0, 200.0, 200.0, 200.0, 200.0, 200.0, 200.0, 200.0, 200.0, 200.0, 200.0, 200.0, 200.0, 200.0, 200.0, 200.0, 200.0]",1,4526.84,87.171,0.150675,-0.775412,0.109,"[13.5499, 14.1501, 16.1713, 21.1499, 47.9421, 82.8489, 58.015, 41.953, 27.4751, 16.4923, 10.0525, 6.75848, 4.98979, 3.94049, 2.79592, 2.01723, 1.66164, 1.49729, 1.4511]",-0.806531,"[72.2012, 63.9026, 74.054, 69.9341]",0.343481
0.0,0.00864255,0.106,0.0,31.918,0.0,526.73,626.729,93.8037,3,"[200.0, 200.0, 200.0, 200.0, 200.0, 200.0, 200.0, 200.0, 200.0, 200.0, 200.0, 200.0, 200.0, 200.0, 200.0, 200.0, 200.0, 200.0, 200.0, 200.0, 200.0, 200.0, 200.0, 200.0, 200.0, 200.0, 200.0, 200.0, 200.0, 200.0, 200.0, 200.0, 200.0, 200.0, 200.0, 200.0]",1,4561.52,86.6095,0.137172,-0.727734,0.109,"[13.5541, 14.1448, 16.1515, 21.0919, 46.1493, 85.5142, 58.413, 42.324, 27.7795, 16.6831, 10.1431, 6.799, 5.00873, 3.94955, 2.79725, 2.01524, 1.6585, 1.49348, 1.44658]",-0.80713,"[72.354, 71.1377, 72.9197, 72.0139]",0.341645
0.0,0.00622523,0.096,0.0,31.94,0.0,527.228,627.227,93.8036,3,"[200.0, 200.0, 200.0, 200.0, 200.0, 200.0, 200.0, 200.0, 200.0, 200.0, 200.0, 200.0, 200.0, 200.0, 200.0, 200.0, 200.0, 200.0, 200.0, 200.0, 200.0, 200.0, 200.0, 200.0, 200.0, 200.0, 200.0, 200.0, 200.0, 200.0, 200.0, 200.0, 200.0, 200.0, 200.0, 200.0]",1,4571.74,86.2273,0.0669326,-0.79323,0.109,"[13.5573, 14.1375, 16.128, 21.0258, 44.7245, 89.3935, 58.8737, 42.7421, 28.1275, 16.907, 10.2534, 6.85078, 5.03481, 3.96362, 2.80157, 2.01508, 1.65676, 1.49081, 1.44308]",-0.807594,"[72.585, 69.6314, 73.1275, 71.989]",0.343077
0.0,0.00311041,0.082,0.0,31.962,0.0,527.724,627.723,93.8035,3,"[200.0, 200.0, 200.0, 200.0, 200.0, 200.0, 200.0, 200.0, 200.0, 200.0, 200.0, 200.0, 200.0, 200.0, 200.0, 200.0, 200.0, 200.0, 200.0, 200.0, 200.0, 200.0, 200.0, 200.0, 200.0, 200.0, 200.0, 200.0, 200.0, 200.0, 200.0, 200.0, 200.0, 200.0, 200.0, 200.0]",1,4465.38,85.9245,0.0416812,-0.746111,0.109,"[13.5593, 14.1259, 16.0952, 20.9379, 43.2785, 97.9748, 59.5135, 43.2916, 28.5917, 17.2144, 10.4108, 6.9282, 5.07629, 3.98791, 2.81148, 2.018, 1.65706, 1.48968, 1.4408]",-0.807895,"[72.2283, 70.4055, 73.3519, 68.6111]",0.341194
0.0,-0.000394344,0.054,0.0,31.984,0.0,528.218,628.217,93.8034,3,"[200.0, 200.0, 200.0, 200.0, 200.0, 200.0, 200.0, 200.0, 200.0, 200.0, 200.0, 200.0, 200.0, 200.0, 200.0, 200.0, 200.0, 200.0, 200.0, 200.0, 200.0, 200.0, 200.0, 200.0, 200.0, 200.0, 200.0, 200.0, 200.0, 200.0, 200.0, 200.0, 200.0, 200.0, 200.0, 200.0]",1,4543.54,85.6197,-0.0447522,-0.771413,0.109,"[13.5602, 14.1116, 16.0569, 20.8379, 41.9528, 178.762, 60.2875, 43.9178, 29.1271, 17.5768, 10.6008, 7.02384, 5.12894, 4.01976, 2.8257, 2.02344, 1.65916, 1.48998, 1.43975]",-0.808033,"[72.5039, 70.0077, 72.8912, 71.3262]",0.342741
0.0,-0.0038166,0.323,0.0,32.006,0.0,528.709,628.708,93.8034,3,"[200.0, 200.0, 200.0, 200.0, 200.0, 200.0, 200.0, 200.0, 200.0, 200.0, 200.0, 200.0, 200.0, 200.0, 200.0, 200.0, 200.0, 200.0, 200.0, 200.0, 200.0, 200.0, 200.0, 200.0, 200.0, 200.0, 200.0, 200.0, 200.0, 200.0, 200.0, 200.0, 200.0, 200.0, 200.0, 200.0]",1,4259.73,84.829,-0.142156,-0.728901,0.109,"[13.56, 14.0963, 16.0183, 20.7393, 40.8506, 174.941, 61.1074, 44.5367, 29.6622, 17.9466, 10.7989, 7.12549, 5.18601, 4.0551, 2.84242, 2.03073, 1.66282, 1.49172, 1.44012]",-0.807984,"[65.0472, 67.5996, 70.733, 64.8197]",0.341105
0.0,-0.00660205,0.181,0.0,32.026,0.0,529.151,629.15,93.8033,3,"[200.0, 200.0, 200.0, 200.0, 200.0, 200.0, 200.0, 200.0, 200.0, 200.0, 200.0, 200.0, 200.0, 200.0, 200.0, 200.0, 200.0, 200.0, 200.0, 200.0, 200.0, 200.0, 200.0, 200.0, 200.0, 200.0, 200.0, 200.0, 200.0, 200.0, 200.0, 200.0, 200.0, 200.0, 200.0, 200.0]",1,4369.64,84.1183,-0.216036,-0.759848,0.109,"[13.5591, 14.0832, 15.9862, 20.6589, 40.0531, 171.634, 61.8344, 45.0449, 30.1054, 18.2579, 10.9686, 7.21353, 5.23598, 4.08645, 2.85774, 2.03783, 1.66673, 1.49397, 1.44124]",-0.807839,"[70.382, 65.2046, 69.0897, 69.6427]",0.342237
0.0,-0.0095998,0.168,0.0,32.046,0.0,529.589,629.589,93.8032,3,"[200.0, 200.0, 200.0, 200.0, 200.0, 200.0, 200.0, 200.0, 200.0, 200.0, 200.0, 200.0, 200.0, 200.0, 200.0, 200.0, 200.0, 200.0, 200.0, 200.0, 200.0, 200.0, 200.0, 200.0, 200.0, 200.0, 200.0, 200.0, 200.0, 200.0, 200.0, 200.0, 200.0, 200.0, 200.0, 200.0]",1,4322.92,83.5484,-0.178553,-0.682799,0.109,"[13.557, 14.068, 15.9504, 20.5711, 39.2677, 168.242, 62.6671, 45.5981, 30.5924, 18.6064, 11.1626, 7.316, 5.2952, 4.12432, 2.87697, 2.04741, 1.67252, 1.49778, 1.44376]",-0.807506,"[68.6426, 68.6208, 71.1907, 66.3044]",0.34205
0.0,-0.0131643,0.113,0.0,32.066,0.0,530.026,630.025,93.8031,3,"[200.0, 200.0, 200.0, 200.0, 200.0, 200.0, 200.0, 200.0, 200.0, 200.0, 200.0, 200.0, 200.0, 200.0, 200.0, 200.0, 200.0, 200.0, 200.0, 200.0, 200.0, 200.0, 200.0, 200.0, 200.0, 200.0, 200.0, 200.0, 200.0, 200.0, 200.0, 200.0, 200.0, 200.0, 200.0, 200.0]",1,4386.92,83.1038,-0.252029,-0.7373,0.109,"[13.5538, 14.0491, 15.9071, 20.4667, 38.4163, 164.595, 63.7065, 46.2606, 31.1803, 19.0335, 11.4041, 7.4448, 5.37013, 4.17259, 2.9019, 2.06015, 1.68046, 1.50327, 1.4477]",-0.806991,"[70.261, 66.9287, 70.041, 69.4854]",0.341564
0.0,-0.01668,0.091,0.0,32.086,0.0,530.46,630.459,93.8031,3,"[200.0, 200.0, 200.0, 200.0, 200.0, 200.0, 200.0, 200.0, 200.0, 200.0, 200.0, 200.0, 200.0, 200.0, 200.0, 200.0, 200.0, 200.0, 200.0, 200.0, 200.0, 200.0, 200.0, 200.0, 200.0, 200.0, 200.0, 200.0, 200.0, 200.0, 200.0, 200.0, 200.0, 200.0, 200.0, 200.0]",1,4354.02,82.7795,-0.234799,-0.717457,0.109,"[13.5493, 14.0292, 15.8632, 20.3628, 37.6442, 160.976, 64.8205, 46.9209, 31.7718, 19.4714, 11.6568, 7.58151, 5.45069, 4.22507, 2.92973, 2.07492, 1.69007, 1.51025, 1.45306]",-0.806286,"[69.2914, 67.9192, 70.7503, 67.6444]",0.34295
0.0,-0.0204622,0.052,0.0,32.106,0.0,530.893,630.892,93.803,3,"[200.0, 200.0, 200.0, 200.0, 200.0, 200.0, 200.0, 200.0, 200.0, 200.0, 200.0, 200.0, 200.0, 200.0, 200.0, 200.0, 200.0, 200.0, 200.0, 200.0, 200.0, 200.0, 200.0, 200.0, 200.0, 200.0, 200.0, 200.0, 200.0, 200.0, 200.0, 200.0, 200.0, 200.0, 200.0, 200.0]",1,4390.73,82.5215,-0.30185,-0.782937,0.109,"[13.5435, 14.0068, 15.815, 20.2508, 36.8766, 157.235, 66.1596, 47.6368, 32.4184, 19.958, 11.943, 7.73794, 5.54352, 4.28603, 2.96247, 2.09267, 1.70188, 1.51904, 1.46006]",-0.805365,"[69.8374, 68.0322, 70.339, 68.6713]",0.341459
0.0,-0.0240473,0.036,0.0,32.126,0.0,531.325,631.324,93.8029,3,"[200.0, 200.0, 200.0, 200.0, 200.0, 200.0, 200.0, 200.0, 200.0, 200.0, 200.0, 200.0, 200.0, 200.0, 200.0, 200.0, 200.0, 200.0, 200.0, 200.0, 200.0, 200.0, 200.0, 200.0, 200.0, 200.0, 200.0, 200.0, 200.0, 200.0, 200.0, 200.0, 200.0, 200.0, 200.0, 200.0]",1,4372.78,82.3431,-0.211267,-0.688359,0.109,"[13.5361, 13.9837, 15.7673, 20.1428, 36.195, 153.585, 67.6477, 48.3237, 33.045, 20.4392, 12.233, 7.89945, 5.64068, 4.3506, 2.998, 2.11259, 1.71553, 1.52956, 1.46878]",-0.804219,"[69.9842, 67.5888, 70.5315, 68.3508]",0.343213
0.0,-0.0273188,0.012,0.0,32.146,0.0,531.756,631.755,93.8028,3,"[200.0, 200.0, 200.0, 200.0, 200.0, 200.0, 200.0, 200.0, 200.0, 200.0, 200.0, 200.0, 200.0, 200.0, 200.0, 200.0, 200.0, 200.0, 200.0, 200.0, 200.0, 200.0, 200.0, 200.0, 200.0, 200.0, 200.0, 200.0, 200.0, 200.0, 200.0, 200.0, 200.0, 200.0, 200.0, 200.0]",1,4370.54,82.2243,-0.222938,-0.756052,0.109,"[13.5271, 13.9602, 15.7213, 20.0416, 35.6025, 150.083, 69.2798, 48.96, 33.6319, 20.8995, 12.5184, 8.06181, 5.74011, 4.41772, 3.03591, 2.13454, 1.73101, 1.5418, 1.47926]",-0.802837,"[69.8939, 68.0223, 70.433, 68.0639]",0.342385
0.014,-0.030524,0.0,0.0,32.166,0.0,532.186,632.186,93.8027,3,"[200.0, 200.0, 200.0, 200.0, 200.0, 200.0, 200.0, 200.0, 200.0, 200.0, 200.0, 200.0, 200.0, 200.0, 200.0, 200.0, 200.0, 200.0, 200.0, 200.0, 200.0, 200.0, 200.0, 200.0, 200.0, 200.0, 200.0, 200.0, 200.0, 200.0, 200.0, 200.0, 200.0, 200.0, 200.0, 200.0]",1,4377.4,82.1382,-0.145001,-0.712533,0.109,"[13.5165, 13.9355, 15.6744, 19.9407, 35.048, 146.613, 71.2019, 49.5901, 34.2178, 21.3668, 12.8142, 8.23288, 5.84601, 4.48983, 3.07721, 2.15884, 1.74842, 1.5558, 1.49141]",-0.801236,"[69.9234, 68.0983, 70.4043, 68.5709]",0.342654
0.036,-0.0311556,0.0,0.0,32.186,0.0,532.617,632.616,93.8027,3,"[200.0, 200.0, 200.0, 200.0, 200.0, 200.0, 200.0, 200.0, 200.0, 200.0, 200.0, 200.0, 200.0, 200.0, 200.0, 200.0, 200.0, 200.0, 200.0, 200.0, 200.0, 200.0, 200.0, 200.0, 200.0, 200.0, 200.0, 200.0, 200.0, 200.0, 200.0, 200.0, 200.0, 200.0, 200.0, 200.0]",1,4342.39,82.0893,-0.618069,-0.75198,-0.8,"[13.5045, 13.9204, 15.6535, 19.9052, 34.9008, 144.366, 72.2632, 49.7481, 34.3797, 21.5168, 12.9293, 8.31231, 5.90238, 4.53238, 3.10536, 2.17789, 1.76344, 1.56887, 1.50371]",-0.799601,"[69.3704, 68.3397, 69.9282, 68.0211]",0.343045
0.138,-0.0258257,0.0,0.0,32.206,0.0,533.046,633.046,93.8027,3,"[200.0, 200.0, 200.0, 200.0, 200.0, 200.0, 200.0, 200.0, 200.0, 200.0, 200.0, 200.0, 200.0, 200.0, 200.0, 200.0, 200.0, 200.0, 200.0, 200.0, 200.0, 200.0, 200.0, 200.0, 200.0, 200.0, 200.0, 200.0, 200.0, 200.0, 200.0, 200.0, 200.0, 200.0, 200.0, 200.0]",1,4400.25,81.9597,-1.14905,-0.779229,-0.8,"[13.4941, 13.9324, 15.6981, 20.028, 35.703, 144.945, 70.5436, 48.7986, 33.54, 20.9051, 12.5955, 8.15429, 5.82473, 4.4914, 3.09274, 2.17749, 1.76715, 1.57481, 1.51154]",-0.798528,"[68.3478, 68.3877, 69.6919, 69.9837]",0.342993
0.147,-0.014082,0.0,0.0,32.226,0.0,533.476,633.475,93.8027,3,"[200.0, 200.0, 200.0, 200.0, 200.0, 200.0, 200.0, 200.0, 200.0, 200.0, 200.0, 200.0, 200.0, 200.0, 200.0, 200.0, 200.0, 200.0, 200.0, 200.0, 200.0, 200.0, 200.0, 200.0, 200.0, 200.0, 200.0, 200.0, 200.0, 200.0, 200.0, 200.0, 200.0, 200.0, 200.0, 200.0]",1,4381.38,81.8494,-1.39262,-0.732601,0.108,"[13.4885, 13.9771, 15.8186, 20.3341, 37.8669, 148.481, 66.3977, 46.6666, 31.6517, 19.5271, 11.8226, 7.76003, 5.60951, 4.36219, 3.03512, 2.15462, 1.75723, 1.57163, 1.5132]",-0.798259,"[67.609, 69.6637, 68.5642, 70.6228]",0.342258
0.122,-0.00127411,0.0,0.0,32.246,0.0,533.905,633.904,93.8027,3,"[200.0, 200.0, 200.0, 200.0, 200.0, 200.0, 200.0, 200.0, 200.0, 200.0, 200.0, 200.0, 200.0, 200.0, 200.0, 200.0, 200.0, 200.0, 200.0, 200.0, 200.0, 200.0, 200.0, 200.0, 200.0, 200.0, 200.0, 200.0, 200.0, 200.0, 200.0, 200.0, 200.0, 200.0, 200.0, 200.0]",1,4383.0,81.8378,-0.648688,-0.68314,0.108,"[13.4893, 14.0335, 15.9609, 20.6933, 41.1384, 152.409, 62.5765, 44.3481, 29.6292, 18.0942, 11.031, 7.34797, 5.37703, 4.21784, 2.96643, 2.12427, 1.74158, 1.56372, 1.5107]",-0.798575,"[67.6355, 69.5517, 68.5716, 70.5104]",0.342125
0.0,0.00636959,0.029,0.0,32.266,0.0,534.333,634.333,93.8027,3,"[200.0, 200.0, 200.0, 200.0, 200.0, 200.0, 200.0, 200.0, 200.0, 200.0, 200.0, 200.0, 200.0, 200.0, 200.0, 200.0, 200.0, 200.0, 200.0, 200.0, 200.0, 200.0, 200.0, 200.0, 200.0, 200.0, 200.0, 200.0, 200.0, 200.0, 200.0, 200.0, 200.0, 200.0, 200.0, 200.0]",1,4323.45,81.7075,0.130045,-0.669406,0.108,"[13.4919, 14.0696, 16.0497, 20.9186, 44.1126, 153.94, 60.648, 42.9738, 28.4496, 17.2829, 10.5898, 7.11596, 5.24382, 4.13375, 2.92533, 2.10545, 1.73151, 1.55825, 1.50845]",-0.798878,"[68.1893, 68.2241, 68.1544, 69.2707]",0.341875
0.0,0.0095793,0.074,0.0,32.286,0.0,534.761,634.76,93.8026,3,"[200.0, 200.0, 200.0, 200.0, 200.0, 200.0, 200.0, 200.0, 200.0, 200.0, 200.0, 200.0, 200.0, 200.0, 200.0, 200.0, 200.0, 200.0, 200.0, 200.0, 200.0, 200.0, 200.0, 200.0, 200.0, 200.0, 200.0, 200.0, 200.0, 200.0, 200.0, 200.0, 200.0, 200.0, 200.0, 200.0]",1,4303.52,81.4431,0.526792,-0.612668,0.108,"[13.494, 14.0859, 16.0886, 21.0167, 45.9794, 153.483, 59.9819, 42.3969, 27.958, 16.9489, 10.4083, 7.01925, 5.18734, 4.09753, 2.90708, 2.0967, 1.7265, 1.55526, 1.50682]",-0.7991,"[67.3722, 67.6395, 69.0621, 67.6326]",0.341674
0.0,0.0101701,0.086,0.0,32.306,0.0,535.187,635.186,93.8025,3,"[200.0, 200.0, 200.0, 200.0, 200.0, 200.0, 200.0, 200.0, 200.0, 200.0, 200.0, 200.0, 200.0, 200.0, 200.0, 200.0, 200.0, 200.0, 200.0, 200.0, 200.0, 200.0, 200.0, 200.0, 200.0, 200.0, 200.0, 200.0, 200.0, 200.0, 200.0, 200.0, 200.0, 200.0, 200.0, 200.0]",1,4299.83,81.1263,0.60334,-0.620449,0.108,"[13.4954, 14.0899, 16.097, 21.0366, 46.4263, 151.876, 60.0254, 42.287, 27.8626, 16.8821, 10.3702, 6.99762, 5.17386, 4.08831, 2.90184, 2.09369, 1.72443, 1.55367, 1.5055]",-0.799276,"[68.3878, 66.3474, 68.6123, 67.9797]",0.341953
0.0,0.00942969,0.073,0.0,32.326,0.0,535.611,635.611,93.8024,3,"[200.0, 200.0, 200.0, 200.0, 200.0, 200.0, 200.0, 200.0, 200.0, 200.0, 200.0, 200.0, 200.0, 200.0, 200.0, 200.0, 200.0, 200.0, 200.0, 200.0, 200.0, 200.0, 200.0, 200.0, 200.0, 200.0, 200.0, 200.0, 200.0, 200.0, 200.0, 200.0, 200.0, 200.0, 200.0, 200.0]",1,4294.92,80.8402,0.597899,-0.612003,0.108,"[13.4964, 14.0878, 16.0899, 21.0166, 45.9107, 149.698, 60.4681, 42.4135, 27.9671, 16.9489, 10.4032, 7.01317, 5.18166, 4.09246, 2.90302, 2.09352, 1.72378, 1.55272, 1.5043]",-0.799435,"[67.8413, 67.066, 69.1452, 67.3013]",0.34181
0.0,0.00782812,0.056,0.0,32.346,0.0,536.035,636.034,93.8024,3,"[200.0, 200.0, 200.0, 200.0, 200.0, 200.0, 200.0, 200.0, 200.0, 200.0, 200.0, 200.0, 200.0, 200.0, 200.0, 200.0, 200.0, 200.0, 200.0, 200.0, 200.0, 200.0, 200.0, 200.0, 200.0, 200.0, 200.0, 200.0, 200.0, 200.0, 200.0, 200.0, 200.0, 200.0, 200.0, 200.0]",1,4271.17,80.6361,0.525956,-0.625494,0.108,"[13.4972, 14.0815, 16.0727, 20.9705, 44.9328, 147.156, 61.2333, 42.6942, 28.2028, 17.1046, 10.4841, 7.05397, 5.20406, 4.10589, 2.90876, 2.09544, 1.72424, 1.55239, 1.50335]",-0.79956,"[67.8131, 66.5174, 68.8139, 66.3006]",0.342172
0.0,0.00572455,0.029,0.0,32.366,0.0,536.457,636.456,93.8023,3,"[200.0, 200.0, 200.0, 200.0, 200.0, 200.0, 200.0, 200.0, 200.0, 200.0, 200.0, 200.0, 200.0, 200.0, 200.0, 200.0, 200.0, 200.0, 200.0, 200.0, 200.0, 200.0, 200.0, 200.0, 200.0, 200.0, 200.0, 200.0, 200.0, 200.0, 200.0, 200.0, 200.0, 200.0, 200.0, 200.0]",1,4268.98,80.4741,0.441906,-0.635436,0.108,"[13.4974, 14.0726, 16.0492, 20.9092, 43.8593, 144.41, 62.2756, 43.0667, 28.5179, 17.3156, 10.5956, 7.1112, 5.23611, 4.12551, 2.91774, 2.09898, 1.72569, 1.55272, 1.50284]",-0.799626,"[68.1966, 66.2097, 68.3935, 67.1961]",0.342133
0.0,0.00344419,0.008,0.0,32.386,0.0,536.878,636.877,93.8022,3,"[200.0, 200.0, 200.0, 200.0, 200.0, 200.0, 200.0, 200.0, 200.0, 200.0, 200.0, 200.0, 200.0, 200.0, 200.0, 200.0, 200.0, 200.0, 200.0, 200.0, 200.0, 200.0, 200.0, 200.0, 200.0, 200.0, 200.0, 200.0, 200.0, 200.0, 200.0, 200.0, 200.0, 200.0, 200.0, 200.0]",1,4254.02,80.378,0.397083,-0.591263,0.108,"[13.4972, 14.0624, 16.0232, 20.8423, 42.8704, 141.6, 63.5531, 43.4738, 28.8652, 17.5514, 10.7221, 7.17694, 5.27342, 4.14876, 2.92875, 2.10373, 1.72803, 1.55375, 1.50292]",-0.799611,"[68.1948, 66.63, 68.8522, 66.2966]",0.342402
0.03,0.000964642,0.0,0.0,32.406,0.0,537.299,637.298,93.8022,3,"[200.0, 200.0, 200.0, 200.0, 200.0, 200.0, 200.0, 200.0, 200.0, 200.0, 200.0, 200.0, 200.0, 200.0, 200.0, 200.0, 200.0, 200.0, 200.0, 200.0, 200.0, 200.0, 200.0, 200.0, 200.0, 200.0, 200.0, 200.0, 200.0, 200.0, 200.0, 200.0, 200.0, 200.0, 200.0, 200.0]",1,4272.41,80.3055,0.306693,-0.662084,0.108,"[13.4964, 14.0507, 15.9945, 20.7693, 41.9348, 138.716, 65.1547, 43.9199, 29.2483, 17.8151, 10.8653, 7.25211, 5.31651, 4.17593, 2.94202, 2.10981, 1.73126, 1.55549, 1.50362]",-0.799517,"[68.3401, 66.6485, 68.6146, 67.0089]",0.342479
0.058,-0.00149274,0.0,0.0,32.426,0.0,537.72,637.719,93.8022,3,"[200.0, 200.0, 200.0, 200.0, 200.0, 200.0, 200.0, 200.0, 200.0, 200.0, 200.0, 200.0, 200.0, 200.0, 200.0, 200.0, 200.0, 200.0, 200.0, 200.0, 200.0, 200.0, 200.0, 200.0, 200.0, 200.0, 200.0, 200.0, 200.0, 200.0, 200.0, 200.0, 200.0, 200.0, 200.0, 200.0]",1,4275.56,80.2544,0.283358,-0.621356,0.108,"[13.4948, 14.0383, 15.9651, 20.6962, 41.1086, 135.856, 67.1074, 44.3665, 29.6352, 18.0855, 11.0147, 7.33168, 5.3628, 4.20557, 2.95701, 2.11711, 1.73553, 1.55817, 1.50525]",-0.799301,"[68.2884, 66.6121, 68.8176, 66.9391]",0.342444
0.091,-0.00400138,0.0,0.0,32.446,0.0,538.141,638.14,93.8022,3,"[200.0, 200.0, 200.0, 200.0, 200.0, 200.0, 200.0, 200.0, 200.0, 200.0, 200.0, 200.0, 200.0, 200.0, 200.0, 200.0, 200.0, 200.0, 200.0, 200.0, 200.0, 200.0, 200.0, 200.0, 200.0, 200.0, 200.0, 200.0, 200.0, 200.0, 200.0, 200.0, 200.0, 200.0, 200.0, 200.0]",1,4283.24,80.2147,0.268964,-0.600827,0.108,"[13.4924, 14.0248, 15.9343, 20.6209, 40.3437, 132.989, 69.6497, 44.8267, 30.0371, 18.3705, 11.1747, 7.41804, 5.41365, 4.23854, 2.97412, 2.12583, 1.74091, 1.56181, 1.50776]",-0.798966,"[68.2699, 66.5506, 68.8154, 67.1768]",0.342968
0.119,-0.00639188,0.0,0.0,32.466,0.0,538.561,638.56,93.8022,3,"[200.0, 200.0, 200.0, 200.0, 200.0, 200.0, 200.0, 200.0, 200.0, 200.0, 200.0, 200.0, 200.0, 200.0, 200.0, 200.0, 200.0, 200.0, 200.0, 200.0, 200.0, 200.0, 200.0, 200.0, 200.0, 200.0, 200.0, 200.0, 200.0, 200.0, 200.0, 200.0, 200.0, 200.0, 200.0, 200.0]",1,4285.71,80.1909,0.255588,-0.58514,0.108,"[13.4891, 14.011, 15.9038, 20.5481, 39.6716, 130.188, 73.1319, 45.2699, 30.4276, 18.6521, 11.3359, 7.50634, 5.4664, 4.27329, 2.99268, 2.1357, 1.74731, 1.56641, 1.51125]",-0.798504,"[68.2137, 66.5541, 68.8087, 67.2417]",0.342932
0.149,-0.00865197,0.0,0.0,32.486,0.0,538.981,638.98,93.8022,3,"[200.0, 200.0, 200.0, 200.0, 200.0, 200.0, 200.0, 200.0, 200.0, 200.0, 200.0, 200.0, 200.0, 200.0, 200.0, 200.0, 200.0, 200.0, 200.0, 200.0, 200.0, 200.0, 200.0, 200.0, 200.0, 200.0, 200.0, 200.0, 200.0, 200.0, 200.0, 200.0, 200.0, 200.0, 200.0, 200.0]",1,4291.56,80.1766,0.23511,-0.598865,0.108,"[13.4848, 13.9968, 15.8737, 20.4779, 39.0758, 127.46, 79.3555, 45.6943, 30.8051, 18.929, 11.4976, 7.5966, 5.5212, 4.30989, 3.01284, 2.14686, 1.75484, 1.5721, 1.51583]",-0.797897,"[68.1967, 66.5484, 68.8419, 67.4526]",0.342554
0.169,-0.010854,0.0,0.0,32.506,0.0,539.401,639.401,93.8022,3,"[200.0, 200.0, 200.0, 200.0, 200.0, 200.0, 200.0, 200.0, 200.0, 200.0, 200.0, 200.0, 200.0, 200.0, 200.0, 200.0, 200.0, 200.0, 200.0, 200.0, 200.0, 200.0, 200.0, 200.0, 200.0, 200.0, 200.0, 200.0, 200.0, 200.0, 200.0, 200.0, 200.0, 200.0, 200.0, 200.0]",1,4291.48,80.176,0.218611,-0.646247,0.108,"[13.4798, 13.982, 15.8434, 20.4085, 38.5279, 124.775, 161.369, 46.1252, 31.1792, 19.2073, 11.6629, 7.68996, 5.57848, 4.34854, 3.03445, 2.15913, 1.76329, 1.57861, 1.52124]",-0.79718,"[68.1659, 66.5636, 68.9602, 67.3191]",0.343267
0.092,-0.0130376,0.0,0.0,32.526,0.0,539.822,639.821,93.8022,3,"[200.0, 200.0, 200.0, 200.0, 200.0, 200.0, 200.0, 200.0, 200.0, 200.0, 200.0, 200.0, 200.0, 200.0, 200.0, 200.0, 200.0, 200.0, 200.0, 200.0, 200.0, 200.0, 200.0, 200.0, 200.0, 200.0, 200.0, 200.0, 200.0, 200.0, 200.0, 200.0, 200.0, 200.0, 200.0, 200.0]",1,4280.36,80.1473,0.231306,-0.639321,0.109,"[13.4737, 13.9662, 15.8122, 20.3384, 38.011, 122.115, 158.638, 46.589, 31.5571, 19.4927, 11.8353, 7.78876, 5.63984, 4.39035, 3.0583, 2.17295, 1.77301, 1.58629, 1.52774]",-0.796319,"[68.1483, 66.5354, 68.7372, 67.1565]",0.342227
0.121,-0.0150415,0.0,0.0,32.546,0.0,540.242,640.241,93.8022,3,"[200.0, 200.0, 200.0, 200.0, 200.0, 200.0, 200.0, 200.0, 200.0, 200.0, 200.0, 200.0, 200.0, 200.0, 200.0, 200.0, 200.0, 200.0, 200.0, 200.0, 200.0, 200.0, 200.0, 200.0, 200.0, 200.0, 200.0, 200.0, 200.0, 200.0, 200.0, 200.0, 200.0, 200.0, 200.0, 200.0]",1,4287.95,80.1217,0.228716,-0.675638,0.109,"[13.4666, 13.9502, 15.7818, 20.272, 37.5533, 119.553, 155.988, 47.0559, 31.913, 19.7664, 12.0047, 7.88782, 5.70236, 4.43357, 3.08353, 2.188, 1.78386, 1.59502, 1.53534]",-0.79531,"[68.1131, 66.526, 68.7276, 67.3849]",0.343053
0.139,-0.0171791,0.0,0.0,32.566,0.0,540.662,640.661,93.8022,3,"[200.0, 200.0, 200.0, 200.0, 200.0, 200.0, 200.0, 200.0, 200.0, 200.0, 200.0, 200.0, 200.0, 200.0, 200.0, 200.0, 200.0, 200.0, 200.0, 200.0, 200.0, 200.0, 200.0, 200.0, 200.0, 200.0, 200.0, 200.0, 200.0, 200.0, 200.0, 200.0, 200.0, 200.0, 200.0, 200.0]",1,4286.1,80.1058,0.258526,-0.631932,0.109,"[13.4587, 13.9328, 15.7491, 20.2012, 37.0874, 116.953, 153.292, 47.5895, 32.2954, 20.063, 12.1897, 7.99645, 5.77099, 4.48112, 3.11133, 2.20461, 1.79586, 1.60471, 1.54381]",-0.794189,"[68.136, 66.5078, 68.8945, 67.1815]",0.342541
0.161,-0.0192667,0.0,0.0,32.586,0.0,541.082,641.081,93.8022,3,"[200.0, 200.0, 200.0, 200.0, 200.0, 200.0, 200.0, 200.0, 200.0, 200.0, 200.0, 200.0, 200.0, 200.0, 200.0, 200.0, 200.0, 200.0, 200.0, 200.0, 200.0, 200.0, 200.0, 200.0, 200.0, 200.0, 200.0, 200.0, 200.0, 200.0, 200.0, 200.0, 200.0, 200.0, 200.0, 200.0]",1,4296.27,80.0962,0.271021,-0.628289,0.109,"[13.4498, 13.9146, 15.7159, 20.1306, 36.6481, 114.396, 150.625, 48.1572, 32.6757, 20.3619, 12.3795, 8.10931, 5.84302, 4.53136, 3.14106, 2.22266, 1.80904, 1.61548, 1.5533]",-0.792931,"[68.0979, 66.5072, 68.7321, 67.6125]",0.342037
0.176,-0.021324,0.0,0.0,32.606,0.0,541.502,641.501,93.8022,3,"[200.0, 200.0, 200.0, 200.0, 200.0, 200.0, 200.0, 200.0, 200.0, 200.0, 200.0, 200.0, 200.0, 200.0, 200.0, 200.0, 200.0, 200.0, 200.0, 200.0, 200.0, 200.0, 200.0, 200.0, 200.0, 200.0, 200.0, 200.0, 200.0, 200.0, 200.0, 200.0, 200.0, 200.0, 200.0, 200.0]",1,4292.83,80.0994,0.262164,-0.664431,0.109,"[13.4401, 13.8957, 15.6822, 20.06, 36.2294, 111.876, 147.98, 48.7656, 33.0565, 20.6647, 12.5745, 8.22666, 5.91846, 4.58428, 3.17265, 2.242, 1.82327, 1.62717, 1.56371]",-0.791553,"[68.1168, 66.5102, 68.9711, 67.2681]",0.343594
0.202,-0.0235779,0.0,0.0,32.626,0.0,541.922,641.921,93.8021,3,"[200.0, 200.0, 200.0, 200.0, 200.0, 200.0, 200.0, 200.0, 200.0, 200.0, 200.0, 200.0, 200.0, 200.0, 200.0, 200.0, 200.0, 200.0, 200.0, 200.0, 200.0, 200.0, 200.0, 200.0, 200.0, 200.0, 200.0, 200.0, 200.0, 200.0, 200.0, 200.0, 200.0, 200.0, 200.0, 200.0]",1,4293.34,80.1105,0.286797,-0.609518,0.108,"[13.4294, 13.875, 15.6452, 19.983, 35.79, 109.295, 145.265, 49.4735, 33.475, 20.9999, 12.7919, 8.35758, 6.00263, 4.64326, 3.20784, 2.26351, 1.8391, 1.64019, 1.57527]",-0.790021,"[68.1347, 66.5076, 68.7983, 67.4523]",0.340988
0.223,-0.0238901,0.0,0.0,32.646,0.0,542.342,642.341,93.8021,3,"[200.0, 200.0, 200.0, 200.0, 200.0, 200.0, 200.0, 200.0, 200.0, 200.0, 200.0, 200.0, 200.0, 200.0, 200.0, 200.0, 200.0, 200.0, 200.0, 200.0, 200.0, 200.0, 200.0, 200.0, 200.0, 200.0, 200.0, 200.0, 200.0, 200.0, 200.0, 200.0, 200.0, 200.0, 200.0, 200.0]",1,4296.59,80.1263,-0.237129,-0.69657,-0.8,"[13.4186, 13.8624, 15.6289, 19.9573, 35.6885, 107.563, 143.343, 49.7534, 33.577, 21.0998, 12.8734, 8.41727, 6.04682, 4.67761, 3.23138, 2.27986, 1.85221, 1.65175, 1.58625]",-0.788559,"[67.6644, 66.6655, 68.5792, 67.8962]",0.344067
0.295,-0.0172567,0.0,0.0,32.666,0.0,542.762,642.761,93.802,3,"[200.0, 200.0, 200.0, 200.0, 200.0, 200.0, 200.0, 200.0, 200.0, 200.0, 200.0, 200.0, 200.0, 200.0, 200.0, 200.0, 200.0, 200.0, 200.0, 200.0, 200.0, 200.0, 200.0, 200.0, 200.0, 200.0, 200.0, 200.0, 200.0, 200.0, 200.0, 200.0, 200.0, 200.0, 200.0, 200.0]",1,4317.71,80.0525,-0.987485,-0.607397,-0.8,"[13.4108, 13.8826, 15.6909, 20.121, 36.8357, 108.763, 144.214, 48.3335, 32.5377, 20.3472, 12.454, 8.20704, 5.9357, 4.61375, 3.20614, 2.27267, 1.85152, 1.65452, 1.59171]",-0.787802,"[65.9083, 66.9937, 68.6687, 68.8582]",0.341193
0.321,-0.00532651,0.0,0.0,32.686,0.0,543.182,643.181,93.8019,3,"[200.0, 200.0, 200.0, 200.0, 200.0, 200.0, 200.0, 200.0, 200.0, 200.0, 200.0, 200.0, 200.0, 200.0, 200.0, 200.0, 200.0, 200.0, 200.0, 200.0, 200.0, 200.0, 200.0, 200.0, 200.0, 200.0, 200.0, 200.0, 200.0, 200.0, 200.0, 200.0, 200.0, 200.0, 200.0, 200.0]",1,4311.03,80.0312,-1.15131,-0.608417,0.108,"[13.4097, 13.9327, 15.8195, 20.4456, 39.4588, 112.124, 147.174, 45.7578, 30.6571, 18.9968, 11.6928, 7.80728, 5.71041, 4.4746, 3.1409, 2.24464, 1.83768, 1.64813, 1.59058]",-0.787925,"[65.959, 68.3326, 67.1814, 69.7189]",0.342311
0.246,0.00702929,0.0,0.0,32.706,0.0,543.602,643.601,93.8018,3,"[200.0, 200.0, 200.0, 200.0, 200.0, 200.0, 200.0, 200.0, 200.0, 200.0, 200.0, 200.0, 200.0, 200.0, 200.0, 200.0, 200.0, 200.0, 200.0, 200.0, 200.0, 200.0, 200.0, 200.0, 200.0, 200.0, 200.0, 200.0, 200.0, 200.0, 200.0, 200.0, 200.0, 200.0, 200.0, 200.0]",1,4312.16,80.0706,-0.480357,-0.649348,0.108,"[13.415, 13.9919, 15.9632, 20.8068, 43.1654, 115.585, 150.259, 43.2715, 28.7477, 17.6646, 10.951, 7.41008, 5.47989, 4.32798, 3.0683, 2.21072, 1.81896, 1.63743, 1.58541]",-0.788617,"[66.2519, 68.1095, 67.9194, 68.8953]",0.34239
0.076,0.0137075,0.0,0.0,32.726,0.0,544.021,644.021,93.8018,3,"[200.0, 200.0, 200.0, 200.0, 200.0, 200.0, 200.0, 200.0, 200.0, 200.0, 200.0, 200.0, 200.0, 200.0, 200.0, 200.0, 200.0, 200.0, 200.0, 200.0, 200.0, 200.0, 200.0, 200.0, 200.0, 200.0, 200.0, 200.0, 200.0, 200.0, 200.0, 200.0, 200.0, 200.0, 200.0, 200.0]",1,4273.32,80.0282,0.32919,-0.511161,0.108,"[13.4207, 14.027, 16.0455, 21.0134, 45.3231, 116.692, 151.091, 42.012, 27.733, 16.9727, 10.5682, 7.20183, 5.35625, 4.24762, 3.02695, 2.19033, 1.80695, 1.62988, 1.58086]",-0.789237,"[67.1399, 67.3204, 67.7408, 67.9511]",0.340206
0.0,0.0157875,0.022,0.0,32.746,0.0,544.441,644.44,93.8018,3,"[200.0, 200.0, 200.0, 200.0, 200.0, 200.0, 200.0, 200.0, 200.0, 200.0, 200.0, 200.0, 200.0, 200.0, 200.0, 200.0, 200.0, 200.0, 200.0, 200.0, 200.0, 200.0, 200.0, 200.0, 200.0, 200.0, 200.0, 200.0, 200.0, 200.0, 200.0, 200.0, 200.0, 200.0, 200.0, 200.0]",1,4247.72,79.9174,0.583745,-0.493796,0.108,"[13.4251, 14.0407, 16.0745, 21.0832, 45.883, 115.943, 150.132, 41.6365, 27.4083, 16.7488, 10.4406, 7.12924, 5.3111, 4.21691, 3.00974, 2.1807, 1.8005, 1.62505, 1.57704]",-0.789753,"[66.5892, 66.5981, 67.7488, 67.1583]",0.343602
0.0,0.015831,0.032,0.0,32.766,0.0,544.86,644.859,93.8017,3,"[200.0, 200.0, 200.0, 200.0, 200.0, 200.0, 200.0, 200.0, 200.0, 200.0, 200.0, 200.0, 200.0, 200.0, 200.0, 200.0, 200.0, 200.0, 200.0, 200.0, 200.0, 200.0, 200.0, 200.0, 200.0, 200.0, 200.0, 200.0, 200.0, 200.0, 200.0, 200.0, 200.0, 200.0, 200.0, 200.0]",1,4243.21,79.7511,0.631696,-0.507521,0.108,"[13.4288, 14.0448, 16.0797, 21.091, 45.7157, 114.397, 148.395, 41.6486, 27.3822, 16.7229, 10.4194, 7.1132, 5.29868, 4.20687, 3.00248, 2.17544, 1.79617, 1.62115, 1.57329]",-0.790255,"[67.5209, 65.7947, 68.104, 66.6578]",0.342665
0.0,0.0146613,0.026,0.0,32.786,0.0,545.277,645.277,93.8016,3,"[200.0, 200.0, 200.0, 200.0, 200.0, 200.0, 200.0, 200.0, 200.0, 200.0, 200.0, 200.0, 200.0, 200.0, 200.0, 200.0, 200.0, 200.0, 200.0, 200.0, 200.0, 200.0, 200.0, 200.0, 200.0, 200.0, 200.0, 200.0, 200.0, 200.0, 200.0, 200.0, 200.0, 200.0, 200.0, 200.0]",1,4236.11,79.6076,0.624993,-0.42064,0.108,"[13.432, 14.043, 16.0702, 21.0613, 45.1531, 112.394, 146.204, 41.9102, 27.5356, 16.8164, 10.4629, 7.1318, 5.30647, 4.20981, 3.00171, 2.17319, 1.79345, 1.61814, 1.56986]",-0.790706,"[67.2481, 66.049, 67.9838, 66.4735]",0.340806
0.0,0.012911,0.012,0.0,32.806,0.0,545.695,645.694,93.8015,3,"[200.0, 200.0, 200.0, 200.0, 200.0, 200.0, 200.0, 200.0, 200.0, 200.0, 200.0, 200.0, 200.0, 200.0, 200.0, 200.0, 200.0, 200.0, 200.0, 200.0, 200.0, 200.0, 200.0, 200.0, 200.0, 200.0, 200.0, 200.0, 200.0, 200.0, 200.0, 200.0, 200.0, 200.0, 200.0, 200.0]",1,4223.86,79.5088,0.50455,-0.533749,0.108,"[13.4347, 14.0382, 16.0536, 21.0137, 44.4433, 110.191, 143.806, 42.3154, 27.7766, 16.969, 10.5387, 7.16773, 5.32454, 4.21933, 3.00426, 2.17252, 1.79163, 1.61565, 1.56673]",-0.791119,"[67.5902, 65.9155, 67.5571, 66.4552]",0.343624
0.022,0.0108224,0.0,0.0,32.826,0.0,546.111,646.11,93.8015,3,"[200.0, 200.0, 200.0, 200.0, 200.0, 200.0, 200.0, 200.0, 200.0, 200.0, 200.0, 200.0, 200.0, 200.0, 200.0, 200.0, 200.0, 200.0, 200.0, 200.0, 200.0, 200.0, 200.0, 200.0, 200.0, 200.0, 200.0, 200.0, 200.0, 200.0, 200.0, 200.0, 200.0, 200.0, 200.0, 200.0]",1,4234.91,79.4361,0.452588,-0.501161,0.108,"[13.4371, 14.0315, 16.0329, 20.9558, 43.6804, 107.887, 141.295, 42.8291, 28.0712, 17.1591, 10.6353, 7.21502, 5.34928, 4.23322, 3.00909, 2.17303, 1.79055, 1.61366, 1.56394]",-0.791487,"[67.577, 65.9472, 68.0407, 66.3968]",0.340985
0.048,0.00874412,0.0,0.0,32.846,0.0,546.528,646.527,93.8015,3,"[200.0, 200.0, 200.0, 200.0, 200.0, 200.0, 200.0, 200.0, 200.0, 200.0, 200.0, 200.0, 200.0, 200.0, 200.0, 200.0, 200.0, 200.0, 200.0, 200.0, 200.0, 200.0, 200.0, 200.0, 200.0, 200.0, 200.0, 200.0, 200.0, 200.0, 200.0, 200.0, 200.0, 200.0, 200.0, 200.0]",1,4231.75,79.3875,0.395905,-0.504466,0.108,"[13.4388, 14.0243, 16.0116, 20.8976, 42.9668, 105.618, 138.804, 43.3877, 28.3698, 17.3548, 10.7365, 7.26542, 5.37635, 4.24893, 3.0152, 2.17447, 1.79025, 1.61237, 1.56184]",-0.791763,"[67.5263, 65.9272, 68.0145, 66.293]",0.342905
0.083,0.00664604,0.0,0.0,32.866,0.0,546.944,646.943,93.8015,3,"[200.0, 200.0, 200.0, 200.0, 200.0, 200.0, 200.0, 200.0, 200.0, 200.0, 200.0, 200.0, 200.0, 200.0, 200.0, 200.0, 200.0, 200.0, 200.0, 200.0, 200.0, 200.0, 200.0, 200.0, 200.0, 200.0, 200.0, 200.0, 200.0, 200.0, 200.0, 200.0, 200.0, 200.0, 200.0, 200.0]",1,4234.92,79.3475,0.3686,-0.489935,0.108,"[13.44, 14.0164, 15.9894, 20.8383, 42.2893, 103.373, 136.322, 44.0027, 28.6767, 17.5587, 10.8436, 7.31978, 5.40611, 4.26666, 3.02266, 2.17683, 1.79067, 1.61174, 1.56036]",-0.791957,"[67.5019, 65.8815, 67.9589, 66.4695]",0.3423
0.111,0.00444555,0.0,0.0,32.886,0.0,547.36,647.359,93.8015,3,"[200.0, 200.0, 200.0, 200.0, 200.0, 200.0, 200.0, 200.0, 200.0, 200.0, 200.0, 200.0, 200.0, 200.0, 200.0, 200.0, 200.0, 200.0, 200.0, 200.0, 200.0, 200.0, 200.0, 200.0, 200.0, 200.0, 200.0, 200.0, 200.0, 200.0, 200.0, 200.0, 200.0, 200.0, 200.0, 200.0]",1,4239.06,79.3195,0.35739,-0.457908,0.108,"[13.4404, 14.0073, 15.9653, 20.775, 41.6233, 101.121, 133.818, 44.7019, 29.0055, 17.781, 10.9627, 7.38141, 5.44071, 4.28788, 3.03231, 2.18061, 1.79219, 1.61204, 1.55975]",-0.792036,"[67.4604, 65.8604, 68.0354, 66.535]",0.341761
0.138,0.00238669,0.0,0.0,32.906,0.0,547.776,647.775,93.8015,3,"[200.0, 200.0, 200.0, 200.0, 200.0, 200.0, 200.0, 200.0, 200.0, 200.0, 200.0, 200.0, 200.0, 200.0, 200.0, 200.0, 200.0, 200.0, 200.0, 200.0, 200.0, 200.0, 200.0, 200.0, 200.0, 200.0, 200.0, 200.0, 200.0, 200.0, 200.0, 200.0, 200.0, 200.0, 200.0, 200.0]",1,4241.31,79.3052,0.32003,-0.509599,0.108,"[13.4402, 13.998, 15.942, 20.7152, 41.0249, 98.9553, 131.385, 45.4312, 29.3186, 17.9955, 11.0794, 7.44272, 5.47571, 4.30975, 3.04272, 2.18514, 1.79441, 1.61303, 1.55987]",-0.792019,"[67.4364, 65.8585, 68.0926, 66.5483]",0.343612
0.167,0.000133514,0.0,0.0,32.926,0.0,548.192,648.191,93.8015,3,"[200.0, 200.0, 200.0, 200.0, 200.0, 200.0, 200.0, 200.0, 200.0, 200.0, 200.0, 200.0, 200.0, 200.0, 200.0, 200.0, 200.0, 200.0, 200.0, 200.0, 200.0, 200.0, 200.0, 200.0, 200.0, 200.0, 200.0, 200.0, 200.0, 200.0, 200.0, 200.0, 200.0, 200.0, 200.0, 200.0]",1,4244.87,79.3005,0.309206,-0.489863,0.108,"[13.4392, 13.9872, 15.9156, 20.649, 40.412, 96.7524, 128.897, 46.288, 29.6675, 18.2381, 11.2139, 7.51434, 5.51722, 4.33619, 3.05582, 2.19128, 1.79784, 1.61501, 1.56084]",-0.791887,"[67.4539, 65.8263, 68.0681, 66.6577]",0.341267
0.194,-0.00195181,0.0,0.0,32.946,0.0,548.608,648.607,93.8015,3,"[200.0, 200.0, 200.0, 200.0, 200.0, 200.0, 200.0, 200.0, 200.0, 200.0, 200.0, 200.0, 200.0, 200.0, 200.0, 200.0, 200.0, 200.0, 200.0, 200.0, 200.0, 200.0, 200.0, 200.0, 200.0, 200.0, 200.0, 200.0, 200.0, 200.0, 200.0, 200.0, 200.0, 200.0, 200.0, 200.0]",1,4247.73,79.3092,0.266117,-0.545514,0.108,"[13.4373, 13.9762, 15.8902, 20.5867, 39.8626, 94.6455, 126.491, 47.2287, 29.9972, 18.4711, 11.3453, 7.58572, 5.55933, 4.36348, 3.06992, 2.19837, 1.80213, 1.61784, 1.56273]",-0.791636,"[67.4233, 65.8422, 68.1421, 66.7794]",0.34378
0.224,-0.00410068,0.0,0.0,32.966,0.0,549.024,649.023,93.8015,3,"[200.0, 200.0, 200.0, 200.0, 200.0, 200.0, 200.0, 200.0, 200.0, 200.0, 200.0, 200.0, 200.0, 200.0, 200.0, 200.0, 200.0, 200.0, 200.0, 200.0, 200.0, 200.0, 200.0, 200.0, 200.0, 200.0, 200.0, 200.0, 200.0, 200.0, 200.0, 200.0, 200.0, 200.0, 200.0, 200.0]",1,4257.21,79.3232,0.278646,-0.514522,0.108,"[13.4347, 13.9642, 15.8633, 20.5217, 39.3237, 92.5512, 124.08, 48.373, 30.3425, 18.7185, 11.4869, 7.66358, 5.60584, 4.39395, 3.08605, 2.20679, 1.80746, 1.62158, 1.56545]",-0.791275,"[67.4723, 65.835, 68.5891, 66.6959]",0.341987
0.246,-0.00622737,0.0,0.0,32.986,0.0,549.44,649.439,93.8014,3,"[200.0, 200.0, 200.0, 200.0, 200.0, 200.0, 200.0, 200.0, 200.0, 200.0, 200.0, 200.0, 200.0, 200.0, 200.0, 200.0, 200.0, 200.0, 200.0, 200.0, 200.0, 200.0, 200.0, 200.0, 200.0, 200.0, 200.0, 200.0, 200.0, 200.0, 200.0, 200.0, 200.0, 200.0, 200.0, 200.0]",1,4283.39,79.3434,0.2725,-0.520094,0.108,"[13.4312, 13.9513, 15.8356, 20.4564, 38.8107, 90.5013, 121.698, 49.7626, 30.6908, 18.9716, 11.6344, 7.7458, 5.65561, 4.42704, 3.104, 2.21651, 1.81387, 1.62628, 1.56911]",-0.790789,"[67.4565, 65.8928, 68.1801, 67.6709]",0.342654
0.263,-0.00813484,0.0,0.0,33.006,0.0,549.856,649.855,93.8013,3,"[200.0, 200.0, 200.0, 200.0, 200.0, 200.0, 200.0, 200.0, 200.0, 200.0, 200.0, 200.0, 200.0, 200.0, 200.0, 200.0, 200.0, 200.0, 200.0, 200.0, 200.0, 200.0, 200.0, 200.0, 200.0, 200.0, 200.0, 200.0, 200.0, 200.0, 200.0, 200.0, 200.0, 200.0, 200.0, 200.0]",1,4273.01,79.3888,0.239559,-0.612006,0.108,"[13.427, 13.9387, 15.8096, 20.3963, 38.3571, 88.5638, 119.415, 51.4106, 31.0102, 19.2078, 11.7748, 7.82558, 5.70471, 4.46018, 3.1225, 2.22694, 1.821, 1.63174, 1.57359]",-0.790195,"[67.4665, 65.9389, 68.7223, 66.8727]",0.343335
0.301,-0.0102118,0.0,0.0,33.026,0.0,550.272,650.272,93.8012,3,"[200.0, 200.0, 200.0, 200.0, 200.0, 200.0, 200.0, 200.0, 200.0, 200.0, 200.0, 200.0, 200.0, 200.0, 200.0, 200.0, 200.0, 200.0, 200.0, 200.0, 200.0, 200.0, 200.0, 200.0, 200.0, 200.0, 200.0, 200.0, 200.0, 200.0, 200.0, 200.0, 200.0, 200.0, 200.0, 200.0]",1,4274.59,79.438,0.313128,-0.465215,0.108,"[13.4218, 13.9243, 15.7806, 20.3304, 37.8877, 86.6039, 117.091, 53.7146, 31.3626, 19.471, 11.9332, 7.91638, 5.76095, 4.49837, 3.14408, 2.23925, 1.82955, 1.63837, 1.57912]",-0.789461,"[67.5455, 65.9468, 68.3187, 67.4076]",0.340933
0.329,-0.0122794,0.0,0.0,33.046,0.0,550.689,650.688,93.8011,3,"[200.0, 200.0, 200.0, 200.0, 200.0, 200.0, 200.0, 200.0, 200.0, 200.0, 200.0, 200.0, 200.0, 200.0, 200.0, 200.0, 200.0, 200.0, 200.0, 200.0, 200.0, 200.0, 200.0, 200.0, 200.0, 200.0, 200.0, 200.0, 200.0, 200.0, 200.0, 200.0, 200.0, 200.0, 200.0, 200.0]",1,4277.73,79.5056,0.282401,-0.512874,0.108,"[13.4156, 13.909, 15.7506, 20.2635, 37.4349, 84.6847, 114.792, 57.2313, 31.7198, 19.7417, 12.0989, 8.01256, 5.82119, 4.53966, 3.16777, 2.25307, 1.83931, 1.6461, 1.5857]",-0.788589,"[67.5701, 66.0336, 68.7004, 67.0007]",0.344506
0.378,-0.0142353,0.0,0.0,33.066,0.0,551.106,651.106,93.8011,3,"[200.0, 200.0, 200.0, 200.0, 200.0, 200.0, 200.0, 200.0, 200.0, 200.0, 200.0, 200.0, 200.0, 200.0, 200.0, 200.0, 200.0, 200.0, 200.0, 200.0, 200.0, 200.0, 200.0, 200.0, 200.0, 200.0, 200.0, 200.0, 200.0, 200.0, 200.0, 200.0, 200.0, 200.0, 200.0, 200.0]",1,4276.95,79.5919,0.299583,-0.484581,0.108,"[13.4087, 13.8934, 15.7211, 20.1991, 37.0149, 82.8408, 112.556, 143.552, 32.0639, 20.0061, 12.2633, 8.1093, 5.88241, 4.58198, 3.19241, 2.26772, 1.84981, 1.65452, 1.59299]",-0.787623,"[67.6795, 66.0674, 68.3591, 67.3776]",0.343729
1.0,-0.0165191,0.0,0.0,33.086,0.0,551.525,651.524,93.8007,3,"[200.0, 200.0, 200.0, 200.0, 200.0, 200.0, 200.0, 200.0, 200.0, 200.0, 200.0, 200.0, 200.0, 200.0, 200.0, 200.0, 200.0, 200.0, 200.0, 200.0, 200.0, 200.0, 200.0, 200.0, 200.0, 200.0, 200.0, 200.0, 200.0, 200.0, 200.0, 200.0, 200.0, 200.0, 200.0, 200.0]",1,4433.48,79.8615,0.290469,-0.435207,0.109,"[13.4008, 13.8754, 15.6869, 20.1245, 36.5548, 80.9271, 110.225, 141.0, 32.4669, 20.3172, 12.4578, 8.22374, 5.95467, 4.63187, 3.22138, 2.28486, 1.86208, 1.66434, 1.60149]",-0.786497,"[67.8725, 66.2304, 70.4492, 70.5415]",0.340571
1.0,-0.0183955,0.0,0.0,33.106,0.0,551.945,651.944,93.8003,3,"[200.0, 200.0, 200.0, 200.0, 200.0, 200.0, 200.0, 200.0, 200.0, 200.0, 200.0, 200.0, 200.0, 200.0, 200.0, 200.0, 200.0, 200.0, 200.0, 200.0, 200.0, 200.0, 200.0, 200.0, 200.0, 200.0, 200.0, 200.0, 200.0, 200.0, 200.0, 200.0, 200.0, 200.0, 200.0, 200.0]",1,4461.54,80.212,0.200488,-0.558211,0.109,"[13.3925, 13.8587, 15.6567, 20.0606, 36.1711, 79.1817, 108.056, 138.599, 32.8191, 20.5859, 12.63, 8.32731, 6.02124, 4.67855, 3.24911, 2.30173, 1.87443, 1.67444, 1.6104]",-0.785316,"[68.141, 66.6043, 72.5666, 69.1763]",0.344461
1.0,-0.0203645,0.0,0.0,33.126,0.0,552.366,652.366,93.7999,3,"[200.0, 200.0, 200.0, 200.0, 200.0, 200.0, 200.0, 200.0, 200.0, 200.0, 200.0, 200.0, 200.0, 200.0, 200.0, 200.0, 200.0, 200.0, 200.0, 200.0, 200.0, 200.0, 200.0, 200.0, 200.0, 200.0, 200.0, 200.0, 200.0, 200.0, 200.0, 200.0, 200.0, 200.0, 200.0, 200.0]",1,4392.9,80.611,0.241462,-0.463097,0.108,"[13.3833, 13.8408, 15.6246, 19.9933, 35.783, 77.4419, 105.875, 136.172, 33.2243, 20.8723, 12.8151, 8.43929, 6.09345, 4.72916, 3.27929, 2.32013, 1.88792, 1.68549, 1.6202]",-0.784018,"[68.46, 66.8594, 70.2263, 69.3287]",0.340386
1.0,-0.0206715,0.0,0.0,33.146,0.0,552.79,652.789,93.7995,3,"[200.0, 200.0, 200.0, 200.0, 200.0, 200.0, 200.0, 200.0, 200.0, 200.0, 200.0, 200.0, 200.0, 200.0, 200.0, 200.0, 200.0, 200.0, 200.0, 200.0, 200.0, 200.0, 200.0, 200.0, 200.0, 200.0, 200.0, 200.0, 200.0, 200.0, 200.0, 200.0, 200.0, 200.0, 200.0, 200.0]",1,4455.9,80.9368,-0.123728,-0.523633,-0.8,"[13.3736, 13.8294, 15.6097, 19.9695, 35.637, 76.2421, 104.277, 134.337, 33.3703, 20.9634, 12.8884, 8.49265, 6.13296, 4.75987, 3.30032, 2.33473, 1.89961, 1.6958, 1.62997]",-0.782716,"[68.4598, 67.255, 70.6961, 70.9515]",0.343034
1.0,-0.0149649,0.0,0.0,33.166,0.0,553.216,653.215,93.7992,3,"[200.0, 200.0, 200.0, 200.0, 200.0, 200.0, 200.0, 200.0, 200.0, 200.0, 200.0, 200.0, 200.0, 200.0, 200.0, 200.0, 200.0, 200.0, 200.0, 200.0, 200.0, 200.0, 200.0, 200.0, 200.0, 200.0, 200.0, 200.0, 200.0, 200.0, 200.0, 200.0, 200.0, 200.0, 200.0, 200.0]",1,4541.88,81.1641,-0.870052,-0.453109,-0.8,"[13.3667, 13.8465, 15.6627, 20.1105, 36.3439, 76.8705, 104.711, 134.61, 32.4463, 20.329, 12.5352, 8.31466, 6.03853, 4.70562, 3.2791, 2.32902, 1.89949, 1.69867, 1.63521]",-0.781997,"[66.8121, 67.6515, 72.7011, 70.8627]",0.342167
1.0,-0.00351226,0.0,0.0,33.186,0.0,553.643,653.642,93.7988,3,"[200.0, 200.0, 200.0, 200.0, 200.0, 200.0, 200.0, 200.0, 200.0, 200.0, 200.0, 200.0, 200.0, 200.0, 200.0, 200.0, 200.0, 200.0, 200.0, 200.0, 200.0, 200.0, 200.0, 200.0, 200.0, 200.0, 200.0, 200.0, 200.0, 200.0, 200.0, 200.0, 200.0, 200.0, 200.0, 200.0]",1,4462.12,81.4809,-1.00498,-0.451588,0.108,"[13.3663, 13.8952, 15.7869, 20.4239, 37.9393, 79.2152, 107.061, 136.877, 30.5917, 19.0464, 11.8085, 7.92935, 5.8196, 4.5696, 3.21481, 2.30113, 1.88557, 1.69211, 1.63383]",-0.782157,"[66.7949, 69.3458, 69.5769, 72.0071]",0.34055
0.993,0.00762498,0.0,0.0,33.206,0.0,554.071,654.07,93.7984,3,"[200.0, 200.0, 200.0, 200.0, 200.0, 200.0, 200.0, 200.0, 200.0, 200.0, 200.0, 200.0, 200.0, 200.0, 200.0, 200.0, 200.0, 200.0, 200.0, 200.0, 200.0, 200.0, 200.0, 200.0, 200.0, 200.0, 200.0, 200.0, 200.0, 200.0, 200.0, 200.0, 200.0, 200.0, 200.0, 200.0]",1,4528.68,81.8011,-0.406058,-0.435007,0.108,"[13.3718, 13.9492, 15.9171, 20.7505, 39.588, 81.4462, 109.283, 139.013, 28.8787, 17.8515, 11.1377, 7.56675, 5.60765, 4.43411, 3.14725, 2.26929, 1.86782, 1.68182, 1.62865]",-0.782852,"[67.8293, 69.4113, 71.7804, 71.855]",0.343936
0.868,0.0138098,0.0,0.0,33.226,0.0,554.501,654.5,93.7981,3,"[200.0, 200.0, 200.0, 200.0, 200.0, 200.0, 200.0, 200.0, 200.0, 200.0, 200.0, 200.0, 200.0, 200.0, 200.0, 200.0, 200.0, 200.0, 200.0, 200.0, 200.0, 200.0, 200.0, 200.0, 200.0, 200.0, 200.0, 200.0, 200.0, 200.0, 200.0, 200.0, 200.0, 200.0, 200.0, 200.0]",1,4468.5,82.1304,0.285494,-0.405656,0.108,"[13.3776, 13.9821, 15.9937, 20.942, 40.4609, 82.154, 109.826, 53.3511, 27.9414, 17.2096, 10.7789, 7.36967, 5.4899, 4.35725, 3.10741, 2.24945, 1.85605, 1.67429, 1.62402]",-0.783485,"[68.7545, 68.9555, 70.5769, 71.1194]",0.339482
0.0,0.0165694,0.052,0.0,33.246,0.0,554.932,654.931,93.798,3,"[200.0, 200.0, 200.0, 200.0, 200.0, 200.0, 200.0, 200.0, 200.0, 200.0, 200.0, 200.0, 200.0, 200.0, 200.0, 200.0, 200.0, 200.0, 200.0, 200.0, 200.0, 200.0, 200.0, 200.0, 200.0, 200.0, 200.0, 200.0, 200.0, 200.0, 200.0, 200.0, 200.0, 200.0, 200.0, 200.0]",1,4356.51,81.9805,0.455066,-0.441859,0.107,"[13.3831, 14.0, 16.0318, 21.0339, 40.7385, 81.8233, 109.224, 53.0259, 27.5142, 16.9148, 10.6102, 7.27349, 5.43009, 4.31661, 3.08476, 2.23693, 1.84769, 1.66813, 1.61921]",-0.784135,"[68.4825, 68.0282, 69.3947, 68.907]",0.344283
0.0,0.0170164,0.036,0.0,33.266,0.0,555.362,655.361,93.7979,3,"[200.0, 200.0, 200.0, 200.0, 200.0, 200.0, 200.0, 200.0, 200.0, 200.0, 200.0, 200.0, 200.0, 200.0, 200.0, 200.0, 200.0, 200.0, 200.0, 200.0, 200.0, 200.0, 200.0, 200.0, 200.0, 200.0, 200.0, 200.0, 200.0, 200.0, 200.0, 200.0, 200.0, 200.0, 200.0, 200.0]",1,4349.88,81.7987,0.590872,-0.41743,0.107,"[13.3879, 14.007, 16.0428, 21.0557, 40.6187, 80.8175, 107.871, 59.1586, 27.425, 16.8452, 10.5638, 7.24273, 5.4083, 4.30009, 3.07379, 2.22952, 1.84188, 1.6631, 1.61449]",-0.784764,"[68.9537, 67.8035, 69.4365, 68.4827]",0.340406
0.0,0.0161722,0.005,0.0,33.286,0.0,555.79,655.79,93.7979,3,"[200.0, 200.0, 200.0, 200.0, 200.0, 200.0, 200.0, 200.0, 200.0, 200.0, 200.0, 200.0, 200.0, 200.0, 200.0, 200.0, 200.0, 200.0, 200.0, 200.0, 200.0, 200.0, 200.0, 200.0, 200.0, 200.0, 200.0, 200.0, 200.0, 200.0, 200.0, 200.0, 200.0, 200.0, 200.0, 200.0]",1,4345.76,81.7005,0.544568,-0.434567,0.107,"[13.3922, 14.0078, 16.0385, 21.0378, 40.2901, 79.4593, 106.118, 135.044, 27.524, 16.9005, 10.585, 7.24833, 5.40776, 4.29715, 3.06946, 2.22512, 1.8376, 1.6588, 1.60998]",-0.785364,"[69.1917, 67.9475, 69.7785, 68.186]",0.343038
0.799,0.0149082,0.0,0.0,33.306,0.0,556.219,656.219,93.7975,3,"[200.0, 200.0, 200.0, 200.0, 200.0, 200.0, 200.0, 200.0, 200.0, 200.0, 200.0, 200.0, 200.0, 200.0, 200.0, 200.0, 200.0, 200.0, 200.0, 200.0, 200.0, 200.0, 200.0, 200.0, 200.0, 200.0, 200.0, 200.0, 200.0, 200.0, 200.0, 200.0, 200.0, 200.0, 200.0, 200.0]",1,4540.04,81.8678,0.473601,-0.516759,0.108,"[13.3963, 14.0066, 16.0291, 21.007, 39.9035, 78.0108, 104.251, 132.915, 27.6855, 16.9975, 10.629, 7.26608, 5.41435, 4.29872, 3.06741, 2.22174, 1.83388, 1.65482, 1.60558]",-0.785947,"[69.5144, 68.0565, 73.523, 70.302]",0.342211
0.707,0.0129632,0.0,0.0,33.326,0.0,556.65,656.649,93.7973,3,"[200.0, 200.0, 200.0, 200.0, 200.0, 200.0, 200.0, 200.0, 200.0, 200.0, 200.0, 200.0, 200.0, 200.0, 200.0, 200.0, 200.0, 200.0, 200.0, 200.0, 200.0, 200.0, 200.0, 200.0, 200.0, 200.0, 200.0, 200.0, 200.0, 200.0, 200.0, 200.0, 200.0, 200.0, 200.0, 200.0]",1,4482.83,82.1291,0.457769,-0.370784,0.108,"[13.3997, 14.0017, 16.0113, 20.955, 39.4242, 76.4034, 102.191, 130.567, 27.9663, 17.1651, 10.7121, 7.30519, 5.43366, 4.30863, 3.06967, 2.22054, 1.83145, 1.65164, 1.60167]",-0.786461,"[69.7969, 68.1766, 71.1175, 71.1743]",0.341054
0.697,0.0110289,0.0,0.0,33.346,0.0,557.081,657.08,93.7971,3,"[200.0, 200.0, 200.0, 200.0, 200.0, 200.0, 200.0, 200.0, 200.0, 200.0, 200.0, 200.0, 200.0, 200.0, 200.0, 200.0, 200.0, 200.0, 200.0, 200.0, 200.0, 200.0, 200.0, 200.0, 200.0, 200.0, 200.0, 200.0, 200.0, 200.0, 200.0, 200.0, 200.0, 200.0, 200.0, 200.0]",1,4489.13,82.3583,0.365878,-0.417008,0.108,"[13.4027, 13.9963, 15.9931, 20.9029, 38.9599, 74.8347, 100.159, 128.237, 28.2807, 17.3371, 10.7988, 7.34687, 5.45483, 4.32003, 3.07298, 2.2201, 1.82966, 1.64906, 1.59837]",-0.786898,"[69.913, 68.3972, 72.2418, 70.2005]",0.34327
0.67,0.00915575,0.0,0.0,33.366,0.0,557.514,657.513,93.7969,3,"[200.0, 200.0, 200.0, 200.0, 200.0, 200.0, 200.0, 200.0, 200.0, 200.0, 200.0, 200.0, 200.0, 200.0, 200.0, 200.0, 200.0, 200.0, 200.0, 200.0, 200.0, 200.0, 200.0, 200.0, 200.0, 200.0, 200.0, 200.0, 200.0, 200.0, 200.0, 200.0, 200.0, 200.0, 200.0, 200.0]",1,4500.1,82.569,0.338543,-0.36269,0.108,"[13.4053, 13.9909, 15.9752, 20.8523, 38.5173, 73.3188, 98.1745, 125.943, 28.6225, 17.5071, 10.8852, 7.38871, 5.47637, 4.33178, 3.07667, 2.22, 1.8282, 1.64683, 1.59541]",-0.787288,"[70.1891, 68.5258, 71.3787, 71.2735]",0.342132
0.639,0.00728357,0.0,0.0,33.386,0.0,557.948,657.947,93.7966,3,"[200.0, 200.0, 200.0, 200.0, 200.0, 200.0, 200.0, 200.0, 200.0, 200.0, 200.0, 200.0, 200.0, 200.0, 200.0, 200.0, 200.0, 200.0, 200.0, 200.0, 200.0, 200.0, 200.0, 200.0, 200.0, 200.0, 200.0, 200.0, 200.0, 200.0, 200.0, 200.0, 200.0, 200.0, 200.0, 200.0]",1,4491.2,82.7764,0.30466,-0.355997,0.108,"[13.4071, 13.9846, 15.9563, 20.8007, 38.0846, 71.8368, 96.2161, 123.664, 29.0088, 17.6846, 10.9776, 7.43486, 5.50107, 4.34606, 3.08215, 2.2212, 1.82781, 1.64554, 1.59337]",-0.787556,"[70.2537, 68.771, 71.9904, 70.5489]",0.341504
0.616,0.00569642,0.0,0.0,33.406,0.0,558.382,658.381,93.7964,3,"[200.0, 200.0, 200.0, 200.0, 200.0, 200.0, 200.0, 200.0, 200.0, 200.0, 200.0, 200.0, 200.0, 200.0, 200.0, 200.0, 200.0, 200.0, 200.0, 200.0, 200.0, 200.0, 200.0, 200.0, 200.0, 200.0, 200.0, 200.0, 200.0, 200.0, 200.0, 200.0, 200.0, 200.0, 200.0, 200.0]",1,4486.46,82.9696,0.269686,-0.39818,0.108,"[13.4085, 13.9792, 15.9403, 20.757, 37.6992, 70.4617, 94.3707, 121.494, 29.3889, 17.8373, 11.0576, 7.47497, 5.52262, 4.35857, 3.08704, 2.2224, 1.82762, 1.64458, 1.59177]",-0.787767,"[70.4787, 68.8895, 71.5304, 71.0551]",0.34347
0.591,0.00385571,0.0,0.0,33.426,0.0,558.818,658.817,93.7962,3,"[200.0, 200.0, 200.0, 200.0, 200.0, 200.0, 200.0, 200.0, 200.0, 200.0, 200.0, 200.0, 200.0, 200.0, 200.0, 200.0, 200.0, 200.0, 200.0, 200.0, 200.0, 200.0, 200.0, 200.0, 200.0, 200.0, 200.0, 200.0, 200.0, 200.0, 200.0, 200.0, 200.0, 200.0, 200.0, 200.0]",1,4513.21,83.138,0.268086,-0.361211,0.108,"[13.4092, 13.972, 15.9206, 20.7051, 37.2894, 69.0556, 92.4776, 119.258, 29.8679, 18.022, 11.1567, 7.52603, 5.55102, 4.37577, 3.09462, 2.22514, 1.82852, 1.64448, 1.5909]",-0.78788,"[70.6096, 69.0649, 71.717, 71.4114]",0.340193
0.556,0.00244355,0.0,0.0,33.446,0.0,559.255,659.254,93.7959,3,"[200.0, 200.0, 200.0, 200.0, 200.0, 200.0, 200.0, 200.0, 200.0, 200.0, 200.0, 200.0, 200.0, 200.0, 200.0, 200.0, 200.0, 200.0, 200.0, 200.0, 200.0, 200.0, 200.0, 200.0, 200.0, 200.0, 200.0, 200.0, 200.0, 200.0, 200.0, 200.0, 200.0, 200.0, 200.0, 200.0]",1,4504.65,83.3093,0.247556,-0.399108,0.108,"[13.4093, 13.966, 15.905, 20.6647, 36.9396, 67.7854, 90.7362, 117.177, 30.3182, 18.1681, 11.2363, 7.56767, 5.57468, 4.39042, 3.10145, 2.22798, 1.82982, 1.64494, 1.59075]",-0.7879,"[70.6924, 69.2589, 72.1862, 70.7922]",0.343833
0.534,0.000930071,0.0,0.0,33.466,0.0,559.692,659.691,93.7958,3,"[200.0, 200.0, 200.0, 200.0, 200.0, 200.0, 200.0, 200.0, 200.0, 200.0, 200.0, 200.0, 200.0, 200.0, 200.0, 200.0, 200.0, 200.0, 200.0, 200.0, 200.0, 200.0, 200.0, 200.0, 200.0, 200.0, 200.0, 200.0, 200.0, 200.0, 200.0, 200.0, 200.0, 200.0, 200.0, 200.0]",1,4497.72,83.465,0.280571,-0.354171,0.108,"[13.4086, 13.9587, 15.8873, 20.6203, 36.5825, 66.5199, 88.9918, 115.08, 30.8495, 18.3304, 11.3265, 7.61605, 5.60274, 4.40831, 3.11031, 2.23212, 1.83209, 1.64624, 1.59138]",-0.787816,"[70.8567, 69.3237, 71.8987, 71.0309]",0.34029
0.509,-0.000581145,0.0,0.0,33.486,0.0,560.13,660.129,93.7956,3,"[200.0, 200.0, 200.0, 200.0, 200.0, 200.0, 200.0, 200.0, 200.0, 200.0, 200.0, 200.0, 200.0, 200.0, 200.0, 200.0, 200.0, 200.0, 200.0, 200.0, 200.0, 200.0, 200.0, 200.0, 200.0, 200.0, 200.0, 200.0, 200.0, 200.0, 200.0, 200.0, 200.0, 200.0, 200.0, 200.0]",1,4528.25,83.5947,0.242625,-0.397298,0.108,"[13.4074, 13.9508, 15.869, 20.5752, 36.2314, 65.2847, 87.2756, 113.002, 31.4484, 18.4975, 11.4211, 7.66753, 5.63317, 4.42802, 3.12045, 2.23717, 1.83511, 1.64821, 1.59264]",-0.787646,"[70.9271, 69.471, 72.1924, 71.7142]",0.343349
0.478,-0.0021224,0.0,0.0,33.506,0.0,560.569,660.568,93.7955,3,"[200.0, 200.0, 200.0, 200.0, 200.0, 200.0, 200.0, 200.0, 200.0, 200.0, 200.0, 200.0, 200.0, 200.0, 200.0, 200.0, 200.0, 200.0, 200.0, 200.0, 200.0, 200.0, 200.0, 200.0, 200.0, 200.0, 200.0, 200.0, 200.0, 200.0, 200.0, 200.0, 200.0, 200.0, 200.0, 200.0]",1,4546.43,83.7109,0.269829,-0.358432,0.108,"[13.4055, 13.9422, 15.8498, 20.5286, 35.8821, 64.0726, 85.5796, 110.935, 32.1325, 18.6727, 11.5215, 7.72293, 5.6663, 4.44977, 3.13192, 2.24312, 1.83887, 1.65079, 1.59451]",-0.787399,"[71.1023, 69.5435, 73.6323, 70.9197]",0.341419
0.448,-0.00387871,0.0,0.0,33.526,0.0,561.009,661.008,93.7953,3,"[200.0, 200.0, 200.0, 200.0, 200.0, 200.0, 200.0, 200.0, 200.0, 200.0, 200.0, 200.0, 200.0, 200.0, 200.0, 200.0, 200.0, 200.0, 200.0, 200.0, 200.0, 200.0, 200.0, 200.0, 200.0, 200.0, 200.0, 200.0, 200.0, 200.0, 200.0, 200.0, 200.0, 200.0, 200.0, 200.0]",1,4568.68,83.8223,0.230674,-0.379261,0.108,"[13.4029, 13.9319, 15.8272, 20.4748, 35.5145, 62.843, 83.8542, 108.821, 32.9732, 18.8775, 11.6403, 7.78918, 5.70636, 4.47631, 3.14622, 2.25076, 1.84383, 1.65437, 1.59723]",-0.787038,"[71.1871, 69.6717, 72.2437, 72.555]",0.342122
0.427,-0.0055213,0.0,0.0,33.546,0.0,561.449,661.448,93.7952,3,"[200.0, 200.0, 200.0, 200.0, 200.0, 200.0, 200.0, 200.0, 200.0, 200.0, 200.0, 200.0, 200.0, 200.0, 200.0, 200.0, 200.0, 200.0, 200.0, 200.0, 200.0, 200.0, 200.0, 200.0, 200.0, 200.0, 200.0, 200.0, 200.0, 200.0, 200.0, 200.0, 200.0, 200.0, 200.0, 200.0]",1,4543.63,83.9421,0.243324,-0.368925,0.108,"[13.3996, 13.9214, 15.8052, 20.4235, 35.1646, 61.668, 82.1897, 106.765, 33.974, 19.0756, 11.7574, 7.8555, 5.74702, 4.50365, 3.16135, 2.25916, 1.84948, 1.65864, 1.60065]",-0.786584,"[71.3128, 69.7393, 73.0603, 71.0049]",0.34296
0.421,-0.0075109,0.0,0.0,33.566,0.0,561.889,661.889,93.795,3,"[200.0, 200.0, 200.0, 200.0, 200.0, 200.0, 200.0, 200.0, 200.0, 200.0, 200.0, 200.0, 200.0, 200.0, 200.0, 200.0, 200.0, 200.0, 200.0, 200.0, 200.0, 200.0, 200.0, 200.0, 200.0, 200.0, 200.0, 200.0, 200.0, 200.0, 200.0, 200.0, 200.0, 200.0, 200.0, 200.0]",1,4544.32,84.0434,0.212858,-0.366776,0.108,"[13.3957, 13.9088, 15.7787, 20.3618, 34.7851, 60.4526, 80.467, 104.629, 35.4074, 19.3176, 11.9008, 7.93673, 5.79677, 4.53701, 3.17972, 2.26934, 1.85632, 1.66377, 1.60476]",-0.786038,"[71.4184, 69.8087, 72.4451, 71.899]",0.340719
0.417,-0.00918126,0.0,0.0,33.586,0.0,562.331,662.33,93.7949,3,"[200.0, 200.0, 200.0, 200.0, 200.0, 200.0, 200.0, 200.0, 200.0, 200.0, 200.0, 200.0, 200.0, 200.0, 200.0, 200.0, 200.0, 200.0, 200.0, 200.0, 200.0, 200.0, 200.0, 200.0, 200.0, 200.0, 200.0, 200.0, 200.0, 200.0, 200.0, 200.0, 200.0, 200.0, 200.0, 200.0]",1,4548.98,84.1496,0.159646,-0.472504,0.108,"[13.3912, 13.8968, 15.7549, 20.3082, 34.4433, 59.3323, 78.8586, 102.612, 37.2428, 19.5299, 12.0297, 8.01126, 5.84329, 4.56879, 3.1978, 2.27973, 1.8636, 1.66946, 1.60954]",-0.785404,"[71.4463, 69.9411, 73.0957, 71.1152]",0.344075
0.415,-0.0110886,0.0,0.0,33.606,0.0,562.772,662.771,93.7947,3,"[200.0, 200.0, 200.0, 200.0, 200.0, 200.0, 200.0, 200.0, 200.0, 200.0, 200.0, 200.0, 200.0, 200.0, 200.0, 200.0, 200.0, 200.0, 200.0, 200.0, 200.0, 200.0, 200.0, 200.0, 200.0, 200.0, 200.0, 200.0, 200.0, 200.0, 200.0, 200.0, 200.0, 200.0, 200.0, 200.0]",1,4547.59,84.247,0.219386,-0.344842,0.107,"[13.3859, 13.8832, 15.7279, 20.2472, 34.0836, 58.1946, 77.2227, 100.55, 40.3813, 19.775, 12.1791, 8.09785, 5.89735, 4.60569, 3.21879, 2.29186, 1.87205, 1.67607, 1.61509]",-0.784667,"[71.6203, 69.9502, 72.544, 71.704]",0.339452
0.419,-0.0131557,0.0,0.0,33.626,0.0,563.215,663.214,93.7946,3,"[200.0, 200.0, 200.0, 200.0, 200.0, 200.0, 200.0, 200.0, 200.0, 200.0, 200.0, 200.0, 200.0, 200.0, 200.0, 200.0, 200.0, 200.0, 200.0, 200.0, 200.0, 200.0, 200.0, 200.0, 200.0, 200.0, 200.0, 200.0, 200.0, 200.0, 200.0, 200.0, 200.0, 200.0, 200.0, 200.0]",1,4545.85,84.3505,0.196451,-0.346093,0.107,"[13.3796, 13.8677, 15.6978, 20.1806, 33.7136, 57.056, 75.5806, 98.4695, 124.466, 20.047, 12.3471, 8.19597, 5.95902, 4.64802, 3.24312, 2.30604, 1.88209, 1.68401, 1.62186]",-0.783771,"[71.6593, 70.0526, 72.9522, 71.3879]",0.344472
0.843,-0.0149504,0.0,0.0,33.646,0.0,563.658,663.657,93.7943,3,"[200.0, 200.0, 200.0, 200.0, 200.0, 200.0, 200.0, 200.0, 200.0, 200.0, 200.0, 200.0, 200.0, 200.0, 200.0, 200.0, 200.0, 200.0, 200.0, 200.0, 200.0, 200.0, 200.0, 200.0, 200.0, 200.0, 200.0, 200.0, 200.0, 200.0, 200.0, 200.0, 200.0, 200.0, 200.0, 200.0]",1,4612.98,84.6062,0.178246,-0.345985,0.108,"[13.3727, 13.8529, 15.6701, 20.1207, 33.3739, 55.9968, 74.0367, 96.4923, 122.177, 20.3014, 12.5024, 8.28849, 6.01804, 4.68906, 3.26722, 2.32048, 1.89251, 1.69241, 1.62919]",-0.782798,"[71.8622, 70.2146, 73.7787, 72.9932]",0.343636
0.788,-0.0171231,0.0,0.0,33.666,0.0,564.102,664.102,93.794,3,"[200.0, 200.0, 200.0, 200.0, 200.0, 200.0, 200.0, 200.0, 200.0, 200.0, 200.0, 200.0, 200.0, 200.0, 200.0, 200.0, 200.0, 200.0, 200.0, 200.0, 200.0, 200.0, 200.0, 200.0, 200.0, 200.0, 200.0, 200.0, 200.0, 200.0, 200.0, 200.0, 200.0, 200.0, 200.0, 200.0]",1,4641.99,84.8635,0.182961,-0.274094,0.108,"[13.3648, 13.8354, 15.6372, 20.0495, 33.0046, 54.8964, 72.4352, 94.4341, 119.784, 20.6415, 12.6908, 8.40028, 6.08899, 4.73822, 3.29586, 2.3375, 1.90472, 1.70222, 1.6377]",-0.781672,"[72.0784, 70.4334, 73.9782, 73.4433]",0.339334
0.747,-0.0186987,0.0,0.0,33.686,0.0,564.548,664.547,93.7936,3,"[200.0, 200.0, 200.0, 200.0, 200.0, 200.0, 200.0, 200.0, 200.0, 200.0, 200.0, 200.0, 200.0, 200.0, 200.0, 200.0, 200.0, 200.0, 200.0, 200.0, 200.0, 200.0, 200.0, 200.0, 200.0, 200.0, 200.0, 200.0, 200.0, 200.0, 200.0, 200.0, 200.0, 200.0, 200.0, 200.0]",1,4666.06,85.1024,0.117341,-0.392367,0.108,"[13.3562, 13.8197, 15.61, 19.9935, 32.691, 53.926, 71.0013, 92.5657, 117.589, 20.949, 12.8443, 8.49482, 6.15083, 4.78208, 3.32246, 2.35399, 1.91696, 1.71235, 1.64676]",-0.78047,"[72.221, 70.6989, 75.3979, 73.0556]",0.344198
0.711,-0.0182704,0.0,0.0,33.706,0.0,564.996,664.995,93.7933,3,"[200.0, 200.0, 200.0, 200.0, 200.0, 200.0, 200.0, 200.0, 200.0, 200.0, 200.0, 200.0, 200.0, 200.0, 200.0, 200.0, 200.0, 200.0, 200.0, 200.0, 200.0, 200.0, 200.0, 200.0, 200.0, 200.0, 200.0, 200.0, 200.0, 200.0, 200.0, 200.0, 200.0, 200.0, 200.0, 200.0]",1,4621.69,85.3627,-0.422861,-0.282393,-0.8,"[13.3479, 13.8129, 15.6047, 19.9914, 32.546, 53.3122, 70.0368, 91.2576, 116.011, 21.0138, 12.8586, 8.51453, 6.16986, 4.79921, 3.33609, 2.36452, 1.92593, 1.72062, 1.65489]",-0.779383,"[71.8634, 71.122, 73.1244, 73.5502]",0.338568
0.73,-0.0127171,0.0,0.0,33.726,0.0,565.444,665.443,93.793,3,"[200.0, 200.0, 200.0, 200.0, 200.0, 200.0, 200.0, 200.0, 200.0, 200.0, 200.0, 200.0, 200.0, 200.0, 200.0, 200.0, 200.0, 200.0, 200.0, 200.0, 200.0, 200.0, 200.0, 200.0, 200.0, 200.0, 200.0, 200.0, 200.0, 200.0, 200.0, 200.0, 200.0, 200.0, 200.0, 200.0]",1,4652.58,85.5432,-0.756204,-0.337022,-0.8,"[13.3425, 13.8309, 15.6579, 20.1315, 32.8202, 53.5522, 70.2034, 91.3227, 115.971, 20.3755, 12.5135, 8.33784, 6.07437, 4.7432, 3.31302, 2.35725, 1.92445, 1.72221, 1.65888]",-0.778834,"[71.3314, 71.191, 73.843, 73.7677]",0.343546
0.703,-0.00135291,0.0,0.0,33.746,0.0,565.894,665.893,93.7927,3,"[200.0, 200.0, 200.0, 200.0, 200.0, 200.0, 200.0, 200.0, 200.0, 200.0, 200.0, 200.0, 200.0, 200.0, 200.0, 200.0, 200.0, 200.0, 200.0, 200.0, 200.0, 200.0, 200.0, 200.0, 200.0, 200.0, 200.0, 200.0, 200.0, 200.0, 200.0, 200.0, 200.0, 200.0, 200.0, 200.0]",1,4714.32,85.6148,-1.18814,-0.248601,0.108,"[13.3433, 13.8805, 15.7828, 20.4459, 33.5777, 54.7583, 71.6437, 92.9323, 117.665, 19.0153, 11.7968, 7.95481, 5.85496, 4.60589, 3.24731, 2.32819, 1.90956, 1.7148, 1.65668]",-0.779108,"[70.7161, 72.8719, 74.8083, 74.9992]",0.339563
0.681,0.0115455,0.0,0.0,33.766,0.0,566.344,666.343,93.7925,3,"[200.0, 200.0, 200.0, 200.0, 200.0, 200.0, 200.0, 200.0, 200.0, 200.0, 200.0, 200.0, 200.0, 200.0, 200.0, 200.0, 200.0, 200.0, 200.0, 200.0, 200.0, 200.0, 200.0, 200.0, 200.0, 200.0, 200.0, 200.0, 200.0, 200.0, 200.0, 200.0, 200.0, 200.0, 200.0, 200.0]",1,4657.0,85.8858,-0.629663,-0.269609,0.108,"[13.3518, 13.9452, 15.9365, 20.8296, 34.4819, 56.2411, 73.4356, 94.9561, 119.815, 17.5878, 11.0263, 7.53438, 5.60677, 4.44583, 3.16629, 2.28922, 1.88729, 1.70138, 1.64932]",-0.780106,"[70.8373, 72.9852, 73.0002, 74.812]",0.342168
0.599,0.0194409,0.0,0.0,33.786,0.0,566.795,666.794,93.7923,3,"[200.0, 200.0, 200.0, 200.0, 200.0, 200.0, 200.0, 200.0, 200.0, 200.0, 200.0, 200.0, 200.0, 200.0, 200.0, 200.0, 200.0, 200.0, 200.0, 200.0, 200.0, 200.0, 200.0, 200.0, 200.0, 200.0, 200.0, 200.0, 200.0, 200.0, 200.0, 200.0, 200.0, 200.0, 200.0, 200.0]",1,4719.18,86.0163,0.224917,-0.255261,0.108,"[13.3621, 13.9904, 16.0385, 21.0731, 34.9578, 56.8688, 74.1065, 95.6292, 37.5257, 16.7683, 10.5703, 7.27966, 5.45182, 4.34298, 3.11141, 2.26078, 1.86963, 1.68941, 1.64111]",-0.781226,"[72.0289, 72.4498, 75.5195, 74.2277]",0.341481
0.029,0.0226126,0.0,0.0,33.806,0.0,567.246,667.245,93.7923,3,"[200.0, 200.0, 200.0, 200.0, 200.0, 200.0, 200.0, 200.0, 200.0, 200.0, 200.0, 200.0, 200.0, 200.0, 200.0, 200.0, 200.0, 200.0, 200.0, 200.0, 200.0, 200.0, 200.0, 200.0, 200.0, 200.0, 200.0, 200.0, 200.0, 200.0, 200.0, 200.0, 200.0, 200.0, 200.0, 200.0]",1,4581.32,86.0147,0.500741,-0.237264,0.107,"[13.371, 14.0136, 16.0857, 21.1715, 35.0124, 56.6746, 73.7114, 95.0259, 37.4734, 16.431, 10.3725, 7.16378, 5.37777, 4.29146, 3.08152, 2.2434, 1.85754, 1.68005, 1.63338]",-0.782271,"[72.4368, 71.9584, 73.0561, 72.4084]",0.340851
0.038,0.0235898,0.0,0.0,33.826,0.0,567.697,667.697,93.7923,3,"[200.0, 200.0, 200.0, 200.0, 200.0, 200.0, 200.0, 200.0, 200.0, 200.0, 200.0, 200.0, 200.0, 200.0, 200.0, 200.0, 200.0, 200.0, 200.0, 200.0, 200.0, 200.0, 200.0, 200.0, 200.0, 200.0, 200.0, 200.0, 200.0, 200.0, 200.0, 200.0, 200.0, 200.0, 200.0, 200.0]",1,4577.19,85.9444,0.577845,-0.263442,0.107,"[13.3795, 14.027, 16.1075, 21.2007, 34.873, 56.1102, 72.8367, 93.846, 118.254, 16.3071, 10.2842, 7.10627, 5.33745, 4.26117, 3.06165, 2.23015, 1.84722, 1.6712, 1.62518]",-0.783369,"[72.7508, 71.714, 73.0663, 72.2102]",0.343205
0.452,0.0227836,0.0,0.0,33.846,0.0,568.148,668.148,93.7921,3,"[200.0, 200.0, 200.0, 200.0, 200.0, 200.0, 200.0, 200.0, 200.0, 200.0, 200.0, 200.0, 200.0, 200.0, 200.0, 200.0, 200.0, 200.0, 200.0, 200.0, 200.0, 200.0, 200.0, 200.0, 200.0, 200.0, 200.0, 200.0, 200.0, 200.0, 200.0, 200.0, 200.0, 200.0, 200.0, 200.0]",1,4648.24,86.0243,0.550439,-0.253938,0.108,"[13.3873, 14.0316, 16.1079, 21.1731, 34.5817, 55.2611, 71.5912, 92.2141, 116.316, 16.3679, 10.2847, 7.09664, 5.32533, 4.24889, 3.05061, 2.22084, 1.8389, 1.66325, 1.6171]",-0.784441,"[72.9594, 71.563, 73.9967, 73.4763]",0.339982
0.414,0.0216492,0.0,0.0,33.866,0.0,568.6,668.599,93.7919,3,"[200.0, 200.0, 200.0, 200.0, 200.0, 200.0, 200.0, 200.0, 200.0, 200.0, 200.0, 200.0, 200.0, 200.0, 200.0, 200.0, 200.0, 200.0, 200.0, 200.0, 200.0, 200.0, 200.0, 200.0, 200.0, 200.0, 200.0, 200.0, 200.0, 200.0, 200.0, 200.0, 200.0, 200.0, 200.0, 200.0]",1,4648.88,86.1283,0.459628,-0.305475,0.108,"[13.395, 14.0347, 16.1044, 21.1334, 34.2664, 54.3783, 70.3006, 90.5204, 114.299, 16.4807, 10.3014, 7.09556, 5.3181, 4.23972, 3.04102, 2.21217, 1.83085, 1.6554, 1.60899]",-0.785517,"[73.0756, 71.6411, 74.5138, 72.969]",0.344008
0.403,0.020013,0.0,0.0,33.886,0.0,569.052,669.051,93.7918,3,"[200.0, 200.0, 200.0, 200.0, 200.0, 200.0, 200.0, 200.0, 200.0, 200.0, 200.0, 200.0, 200.0, 200.0, 200.0, 200.0, 200.0, 200.0, 200.0, 200.0, 200.0, 200.0, 200.0, 200.0, 200.0, 200.0, 200.0, 200.0, 200.0, 200.0, 200.0, 200.0, 200.0, 200.0, 200.0, 200.0]",1,4649.3,86.2235,0.395,-0.277739,0.108,"[13.4023, 14.0353, 16.0947, 21.0765, 33.9148, 53.4378, 68.9333, 88.7255, 112.157, 16.673, 10.3446, 7.10882, 5.31929, 4.23598, 3.03426, 2.20482, 1.82355, 1.64799, 1.6011]",-0.786562,"[73.2814, 71.627, 74.1459, 73.3471]",0.339601
0.392,0.0180471,0.0,0.0,33.906,0.0,569.505,669.504,93.7916,3,"[200.0, 200.0, 200.0, 200.0, 200.0, 200.0, 200.0, 200.0, 200.0, 200.0, 200.0, 200.0, 200.0, 200.0, 200.0, 200.0, 200.0, 200.0, 200.0, 200.0, 200.0, 200.0, 200.0, 200.0, 200.0, 200.0, 200.0, 200.0, 200.0, 200.0, 200.0, 200.0, 200.0, 200.0, 200.0, 200.0]",1,4649.57,86.3136,0.348554,-0.204894,0.108,"[13.4088, 14.0335, 16.0803, 21.0074, 33.5421, 52.4701, 67.5294, 86.8773, 109.942, 16.9403, 10.4086, 7.1339, 5.32796, 4.23737, 3.03035, 2.19911, 1.81739, 1.64144, 1.59392]",-0.787512,"[73.3219, 71.7035, 74.5475, 73.0238]",0.343957
0.386,0.0160781,0.0,0.0,33.926,0.0,569.958,669.957,93.7915,3,"[200.0, 200.0, 200.0, 200.0, 200.0, 200.0, 200.0, 200.0, 200.0, 200.0, 200.0, 200.0, 200.0, 200.0, 200.0, 200.0, 200.0, 200.0, 200.0, 200.0, 200.0, 200.0, 200.0, 200.0, 200.0, 200.0, 200.0, 200.0, 200.0, 200.0, 200.0, 200.0, 200.0, 200.0, 200.0, 200.0]",1,4648.3,86.4012,0.256215,-0.250484,0.108,"[13.4152, 14.0315, 16.0657, 20.9362, 33.175, 51.5272, 66.1579, 85.0607, 107.75, 17.2513, 10.4755, 7.16061, 5.33767, 4.23949, 3.027, 2.19379, 1.81155, 1.63519, 1.58701]",-0.788425,"[73.4428, 71.7375, 74.442, 73.2179]",0.343042
0.383,0.0139668,0.0,0.0,33.946,0.0,570.411,670.41,93.7913,3,"[200.0, 200.0, 200.0, 200.0, 200.0, 200.0, 200.0, 200.0, 200.0, 200.0, 200.0, 200.0, 200.0, 200.0, 200.0, 200.0, 200.0, 200.0, 200.0, 200.0, 200.0, 200.0, 200.0, 200.0, 200.0, 200.0, 200.0, 200.0, 200.0, 200.0, 200.0, 200.0, 200.0, 200.0, 200.0, 200.0]",1,4657.12,86.4806,0.243524,-0.151954,0.108,"[13.4207, 14.0281, 16.0484, 20.8582, 32.8022, 50.587, 64.7903, 83.2412, 105.543, 17.6357, 10.555, 7.19495, 5.35239, 4.24524, 3.02587, 2.18991, 1.80679, 1.62986, 1.58096]",-0.789225,"[73.4861, 71.8148, 74.5499, 73.3879]",0.340255
0.373,0.0120766,0.0,0.0,33.966,0.0,570.865,670.864,93.7912,3,"[200.0, 200.0, 200.0, 200.0, 200.0, 200.0, 200.0, 200.0, 200.0, 200.0, 200.0, 200.0, 200.0, 200.0, 200.0, 200.0, 200.0, 200.0, 200.0, 200.0, 200.0, 200.0, 200.0, 200.0, 200.0, 200.0, 200.0, 200.0, 200.0, 200.0, 200.0, 200.0, 200.0, 200.0, 200.0, 200.0]",1,4674.34,86.552,0.153333,-0.237632,0.108,"[13.4257, 14.0251, 16.0331, 20.7838, 32.4498, 49.7004, 63.4949, 81.5056, 103.422, 18.0525, 10.6276, 7.22633, 5.36587, 4.25056, 3.02494, 2.18645, 1.80258, 1.62513, 1.57558]",-0.789937,"[73.5286, 71.8909, 75.4268, 73.1917]",0.343146
0.367,0.00998497,0.0,0.0,33.986,0.0,571.319,671.318,93.791,3,"[200.0, 200.0, 200.0, 200.0, 200.0, 200.0, 200.0, 200.0, 200.0, 200.0, 200.0, 200.0, 200.0, 200.0, 200.0, 200.0, 200.0, 200.0, 200.0, 200.0, 200.0, 200.0, 200.0, 200.0, 200.0, 200.0, 200.0, 200.0, 200.0, 200.0, 200.0, 200.0, 200.0, 200.0, 200.0, 200.0]",1,4660.94,86.6389,0.142232,-0.19403,0.108,"[13.4299, 14.0204, 16.0147, 20.7015, 32.0878, 48.8082, 62.1932, 79.7556, 101.272, 18.5712, 10.7159, 7.26675, 5.38504, 4.25984, 3.02636, 2.18444, 1.79939, 1.62122, 1.57093]",-0.790553,"[73.6216, 71.9511, 74.4787, 73.4536]",0.339887
0.364,0.00820172,0.0,0.0,34.006,0.0,571.774,671.773,93.7909,3,"[200.0, 200.0, 200.0, 200.0, 200.0, 200.0, 200.0, 200.0, 200.0, 200.0, 200.0, 200.0, 200.0, 200.0, 200.0, 200.0, 200.0, 200.0, 200.0, 200.0, 200.0, 200.0, 200.0, 200.0, 200.0, 200.0, 200.0, 200.0, 200.0, 200.0, 200.0, 200.0, 200.0, 200.0, 200.0, 200.0]",1,4662.75,86.7143,0.112266,-0.206685,0.108,"[13.4334, 14.0163, 15.9989, 20.6246, 31.7501, 47.9767, 60.9751, 78.1061, 99.2292, 19.1267, 10.7931, 7.30236, 5.40215, 4.26828, 3.0279, 2.18294, 1.79686, 1.61806, 1.56714]",-0.791055,"[73.618, 72.0476, 74.7184, 73.3888]",0.342723
0.357,0.0065155,0.0,0.0,34.026,0.0,572.228,672.228,93.7907,3,"[200.0, 200.0, 200.0, 200.0, 200.0, 200.0, 200.0, 200.0, 200.0, 200.0, 200.0, 200.0, 200.0, 200.0, 200.0, 200.0, 200.0, 200.0, 200.0, 200.0, 200.0, 200.0, 200.0, 200.0, 200.0, 200.0, 200.0, 200.0, 200.0, 200.0, 200.0, 200.0, 200.0, 200.0, 200.0, 200.0]",1,4666.83,86.7807,0.131427,-0.169977,0.108,"[13.4362, 14.0119, 15.9834, 20.5475, 31.4217, 47.1755, 59.8002, 76.5075, 97.237, 19.7594, 10.8709, 7.33876, 5.4203, 4.27782, 3.03043, 2.18231, 1.7951, 1.61567, 1.56411]",-0.791456,"[73.7018, 72.0861, 75.0291, 73.3735]",0.340294
0.348,0.00470734,0.0,0.0,34.046,0.0,572.684,672.683,93.7907,3,"[200.0, 200.0, 200.0, 200.0, 200.0, 200.0, 200.0, 200.0, 200.0, 200.0, 200.0, 200.0, 200.0, 200.0, 200.0, 200.0, 200.0, 200.0, 200.0, 200.0, 200.0, 200.0, 200.0, 200.0, 200.0, 200.0, 200.0, 200.0, 200.0, 200.0, 200.0, 200.0, 200.0, 200.0, 200.0, 200.0]",1,4696.17,86.8345,0.102179,-0.184902,0.108,"[13.4382, 14.0061, 15.9655, 20.4644, 31.0878, 46.3766, 58.6307, 74.9116, 95.2385, 20.5331, 10.9741, 7.38289, 5.44361, 4.29106, 3.03532, 2.18319, 1.79451, 1.61426, 1.562]",-0.791736,"[73.7405, 72.1432, 74.7456, 74.4835]",0.342343
0.337,0.00301552,0.0,0.0,34.066,0.0,573.139,673.138,93.7906,3,"[200.0, 200.0, 200.0, 200.0, 200.0, 200.0, 200.0, 200.0, 200.0, 200.0, 200.0, 200.0, 200.0, 200.0, 200.0, 200.0, 200.0, 200.0, 200.0, 200.0, 200.0, 200.0, 200.0, 200.0, 200.0, 200.0, 200.0, 200.0, 200.0, 200.0, 200.0, 200.0, 200.0, 200.0, 200.0, 200.0]",1,4692.37,86.902,0.113059,-0.168935,0.108,"[13.4395, 14.0, 15.9481, 20.3817, 30.764, 45.6087, 57.5059, 73.3702, 93.2956, 21.5073, 11.0941, 7.42707, 5.46746, 4.30508, 3.04102, 2.18483, 1.79462, 1.61353, 1.5606]",-0.791921,"[73.814, 72.1997, 75.4603, 73.3141]",0.34111
0.33,0.00109863,0.0,0.0,34.086,0.0,573.595,673.594,93.7905,3,"[200.0, 200.0, 200.0, 200.0, 200.0, 200.0, 200.0, 200.0, 200.0, 200.0, 200.0, 200.0, 200.0, 200.0, 200.0, 200.0, 200.0, 200.0, 200.0, 200.0, 200.0, 200.0, 200.0, 200.0, 200.0, 200.0, 200.0, 200.0, 200.0, 200.0, 200.0, 200.0, 200.0, 200.0, 200.0, 200.0]",1,4717.35,86.9478,0.0994253,-0.157052,0.108,"[13.4399, 13.9922, 15.9272, 20.2908, 30.4291, 44.8312, 56.3708, 71.812, 91.3232, 22.9448, 11.2552, 7.48218, 5.49831, 4.32393, 3.04957, 2.18819, 1.79599, 1.61382, 1.5601]",-0.791987,"[73.8602, 72.2378, 74.7091, 74.8466]",0.341879
0.321,-0.000757933,0.0,0.0,34.106,0.0,574.052,674.051,93.7904,3,"[200.0, 200.0, 200.0, 200.0, 200.0, 200.0, 200.0, 200.0, 200.0, 200.0, 200.0, 200.0, 200.0, 200.0, 200.0, 200.0, 200.0, 200.0, 200.0, 200.0, 200.0, 200.0, 200.0, 200.0, 200.0, 200.0, 200.0, 200.0, 200.0, 200.0, 200.0, 200.0, 200.0, 200.0, 200.0, 200.0]",1,4702.76,87.0096,0.0771187,-0.177147,0.108,"[13.4397, 13.9839, 15.9049, 20.199, 30.1005, 44.0774, 55.2709, 70.2969, 89.3938, 25.1987, 11.4426, 7.53922, 5.53086, 4.34429, 3.05929, 2.19247, 1.79813, 1.61485, 1.56033]",-0.791957,"[73.9294, 72.2821, 75.8634, 73.3472]",0.341986
0.323,-0.00279069,0.0,0.0,34.126,0.0,574.508,674.507,93.7904,3,"[200.0, 200.0, 200.0, 200.0, 200.0, 200.0, 200.0, 200.0, 200.0, 200.0, 200.0, 200.0, 200.0, 200.0, 200.0, 200.0, 200.0, 200.0, 200.0, 200.0, 200.0, 200.0, 200.0, 200.0, 200.0, 200.0, 200.0, 200.0, 200.0, 200.0, 200.0, 200.0, 200.0, 200.0, 200.0, 200.0]",1,4701.3,87.0677,0.065949,-0.159907,0.108,"[13.4387, 13.974, 15.8779, 20.1007, 29.7647, 43.321, 54.1702, 68.7785, 87.4514, 109.754, 11.6767, 7.60581, 5.56945, 4.36886, 3.07152, 2.19825, 1.80141, 1.6168, 1.56136]",-0.791819,"[73.984, 72.3204, 74.8724, 74.2241]",0.341301
0.6,-0.00476527,0.0,0.0,34.146,0.0,574.965,674.964,93.7901,3,"[200.0, 200.0, 200.0, 200.0, 200.0, 200.0, 200.0, 200.0, 200.0, 200.0, 200.0, 200.0, 200.0, 200.0, 200.0, 200.0, 200.0, 200.0, 200.0, 200.0, 200.0, 200.0, 200.0, 200.0, 200.0, 200.0, 200.0, 200.0, 200.0, 200.0, 200.0, 200.0, 200.0, 200.0, 200.0, 200.0]",1,4757.44,87.2255,0.0030623,-0.240868,0.11,"[13.4369, 13.9636, 15.8488, 20.0014, 29.4348, 42.5865, 53.1029, 67.3019, 85.552, 107.496, 11.9466, 7.67508, 5.61031, 4.39529, 3.08517, 2.20514, 1.8056, 1.61958, 1.56325]",-0.791569,"[74.0618, 72.4681, 76.6152, 74.0376]",0.342677
0.571,-0.00689101,0.0,0.0,34.166,0.0,575.423,675.422,93.7899,3,"[200.0, 200.0, 200.0, 200.0, 200.0, 200.0, 200.0, 200.0, 200.0, 200.0, 200.0, 200.0, 200.0, 200.0, 200.0, 200.0, 200.0, 200.0, 200.0, 200.0, 200.0, 200.0, 200.0, 200.0, 200.0, 200.0, 200.0, 200.0, 200.0, 200.0, 200.0, 200.0, 200.0, 200.0, 200.0, 200.0]",1,4781.34,87.3791,0.0461507,-0.135256,0.109,"[13.4343, 13.9518, 15.8153, 19.8963, 29.0991, 41.8514, 52.038, 65.8268, 83.6459, 105.217, 12.2747, 7.75753, 5.65728, 4.42611, 3.10144, 2.21363, 1.811, 1.6234, 1.56604]",-0.791199,"[74.2642, 72.5221, 75.5698, 75.8916]",0.340551
0.541,-0.00705981,0.0,0.0,34.186,0.0,575.882,675.881,93.7897,3,"[200.0, 200.0, 200.0, 200.0, 200.0, 200.0, 200.0, 200.0, 200.0, 200.0, 200.0, 200.0, 200.0, 200.0, 200.0, 200.0, 200.0, 200.0, 200.0, 200.0, 200.0, 200.0, 200.0, 200.0, 200.0, 200.0, 200.0, 200.0, 200.0, 200.0, 200.0, 200.0, 200.0, 200.0, 200.0, 200.0]",1,4763.26,87.5397,-0.501053,-0.152822,-0.8,"[13.4321, 13.9487, 15.8009, 19.8342, 28.8688, 41.3233, 51.26, 64.7317, 82.2097, 103.478, 12.4748, 7.78654, 5.66781, 4.43403, 3.10671, 2.21718, 1.8138, 1.6258, 1.56831]",-0.790898,"[74.142, 72.943, 76.2943, 74.6127]",0.342212
0.558,-0.000887156,0.0,0.0,34.206,0.0,576.341,676.34,93.7895,3,"[200.0, 200.0, 200.0, 200.0, 200.0, 200.0, 200.0, 200.0, 200.0, 200.0, 200.0, 200.0, 200.0, 200.0, 200.0, 200.0, 200.0, 200.0, 200.0, 200.0, 200.0, 200.0, 200.0, 200.0, 200.0, 200.0, 200.0, 200.0, 200.0, 200.0, 200.0, 200.0, 200.0, 200.0, 200.0, 200.0]",1,4736.19,87.6409,-1.11803,-0.0888633,-0.8,"[13.4341, 13.9775, 15.8553, 19.917, 28.9697, 41.4179, 51.3365, 64.7745, 82.2036, 103.416, 12.1188, 7.5962, 5.55122, 4.36039, 3.07063, 2.20049, 1.80466, 1.62066, 1.56589]",-0.791216,"[72.1676, 73.0458, 74.343, 75.8454]",0.341818
0.577,0.0115819,0.0,0.0,34.226,0.0,576.801,676.8,93.7892,3,"[200.0, 200.0, 200.0, 200.0, 200.0, 200.0, 200.0, 200.0, 200.0, 200.0, 200.0, 200.0, 200.0, 200.0, 200.0, 200.0, 200.0, 200.0, 200.0, 200.0, 200.0, 200.0, 200.0, 200.0, 200.0, 200.0, 200.0, 200.0, 200.0, 200.0, 200.0, 200.0, 200.0, 200.0, 200.0, 200.0]",1,4769.18,87.6348,-1.35992,-0.0575736,-0.8,"[13.4445, 14.0427, 15.982, 20.1503, 29.4044, 42.1345, 52.2635, 65.9457, 83.6138, 105.016, 11.2563, 7.19732, 5.31383, 4.20657, 2.9916, 2.16133, 1.78141, 1.60577, 1.5566]",-0.792466,"[71.3508, 73.134, 75.1472, 75.9762]",0.341144
0.539,0.0279026,0.0,0.0,34.246,0.0,577.26,677.259,93.789,3,"[200.0, 200.0, 200.0, 200.0, 200.0, 200.0, 200.0, 200.0, 200.0, 200.0, 200.0, 200.0, 200.0, 200.0, 200.0, 200.0, 200.0, 200.0, 200.0, 200.0, 200.0, 200.0, 200.0, 200.0, 200.0, 200.0, 200.0, 200.0, 200.0, 200.0, 200.0, 200.0, 200.0, 200.0, 200.0, 200.0]",1,4767.47,87.6536,-1.26993,-0.131283,0.109,"[13.466, 14.1373, 16.1593, 20.4876, 30.0624, 43.264, 53.7497, 67.8483, 85.9267, 24.8508, 10.205, 6.70189, 5.01485, 4.0082, 2.88559, 2.10624, 1.74714, 1.58252, 1.54064]",-0.794659,"[71.428, 74.1555, 74.1959, 77.14]",0.341907
0.208,0.0468237,0.0,0.0,34.266,0.0,577.719,677.718,93.7889,3,"[200.0, 200.0, 200.0, 200.0, 200.0, 200.0, 200.0, 200.0, 200.0, 200.0, 200.0, 200.0, 200.0, 200.0, 200.0, 200.0, 200.0, 200.0, 200.0, 200.0, 200.0, 200.0, 200.0, 200.0, 200.0, 200.0, 200.0, 200.0, 200.0, 200.0, 200.0, 200.0, 200.0, 200.0, 200.0, 200.0]",1,4699.7,87.6438,-0.859997,-0.075749,0.109,"[13.5008, 14.2586, 16.378, 20.9042, 30.8958, 44.7159, 55.666, 70.2999, 88.8965, 18.1293, 9.13093, 6.17119, 4.68626, 3.78468, 2.76132, 2.03866, 1.70332, 1.55141, 1.51785]",-0.797839,"[71.8579, 75.3949, 72.7115, 76.3793]",0.340798
0.112,0.0616003,0.0,0.0,34.286,0.0,578.177,678.176,93.7889,3,"[200.0, 200.0, 200.0, 200.0, 200.0, 200.0, 200.0, 200.0, 200.0, 200.0, 200.0, 200.0, 200.0, 200.0, 200.0, 200.0, 200.0, 200.0, 200.0, 200.0, 200.0, 200.0, 200.0, 200.0, 200.0, 200.0, 200.0, 200.0, 200.0, 200.0, 200.0, 200.0, 200.0, 200.0, 200.0, 200.0]",1,4675.41,87.6204,0.0899457,-0.0448328,0.109,"[13.5414, 14.365, 16.5574, 21.2292, 31.5188, 45.7691, 57.0326, 72.0161, 90.9385, 15.5836, 8.38389, 5.77045, 4.42476, 3.60039, 2.65278, 1.9753, 1.65948, 1.51794, 1.49083]",-0.801594,"[72.4259, 74.7139, 73.2003, 75.2583]",0.340999
0.0,0.0701859,0.007,0.0,34.306,0.0,578.635,678.634,93.7888,3,"[200.0, 200.0, 200.0, 200.0, 200.0, 200.0, 200.0, 200.0, 200.0, 200.0, 200.0, 200.0, 200.0, 200.0, 200.0, 200.0, 200.0, 200.0, 200.0, 200.0, 200.0, 200.0, 200.0, 200.0, 200.0, 200.0, 200.0, 200.0, 200.0, 200.0, 200.0, 200.0, 200.0, 200.0, 200.0, 200.0]",1,4670.12,87.5037,0.804669,-0.089617,0.11,"[13.5798, 14.438, 16.6644, 21.3966, 31.7819, 46.1487, 57.4847, 72.538, 91.5126, 14.5109, 7.96289, 5.51764, 4.24606, 3.46838, 2.56924, 1.92223, 1.61993, 1.4854, 1.46214]",-0.805522,"[73.0921, 73.6879, 73.9821, 74.2567]",0.341894
0.0,0.0733564,0.051,0.0,34.326,0.0,579.092,679.091,93.7888,3,"[200.0, 200.0, 200.0, 200.0, 200.0, 200.0, 200.0, 200.0, 200.0, 200.0, 200.0, 200.0, 200.0, 200.0, 200.0, 200.0, 200.0, 200.0, 200.0, 200.0, 200.0, 200.0, 200.0, 200.0, 200.0, 200.0, 200.0, 200.0, 200.0, 200.0, 200.0, 200.0, 200.0, 200.0, 200.0, 200.0]",1,4641.43,87.2953,1.00085,-0.00578134,0.11,"[13.613, 14.479, 16.7036, 21.4202, 31.7188, 45.9224, 57.1196, 72.0, 90.7926, 14.2779, 7.78115, 5.3792, 4.13442, 3.37792, 2.50657, 1.8784, 1.58473, 1.45441, 1.43281]",-0.809466,"[73.1727, 72.273, 73.907, 73.491]",0.33975
0.0,0.0739473,0.056,0.0,34.346,0.0,579.548,679.547,93.7887,3,"[200.0, 200.0, 200.0, 200.0, 200.0, 200.0, 200.0, 200.0, 200.0, 200.0, 200.0, 200.0, 200.0, 200.0, 200.0, 200.0, 200.0, 200.0, 200.0, 200.0, 200.0, 200.0, 200.0, 200.0, 200.0, 200.0, 200.0, 200.0, 200.0, 200.0, 200.0, 200.0, 200.0, 200.0, 200.0, 200.0]",1,4617.07,87.0636,0.891628,-0.150213,0.111,"[13.6444, 14.5045, 16.7104, 21.3754, 31.5036, 45.4176, 56.38, 70.9749, 89.4746, 14.4418, 7.70589, 5.29142, 4.0525, 3.30404, 2.45148, 1.83738, 1.55035, 1.42305, 1.40213]",-0.813554,"[73.2848, 72.4035, 73.4639, 72.7832]",0.342987
0.0,0.0727472,0.042,0.0,34.366,0.0,580.002,680.001,93.7886,3,"[200.0, 200.0, 200.0, 200.0, 200.0, 200.0, 200.0, 200.0, 200.0, 200.0, 200.0, 200.0, 200.0, 200.0, 200.0, 200.0, 200.0, 200.0, 200.0, 200.0, 200.0, 200.0, 200.0, 200.0, 200.0, 200.0, 200.0, 200.0, 200.0, 200.0, 200.0, 200.0, 200.0, 200.0, 200.0, 200.0]",1,4626.51,86.8531,0.800296,0.00530199,0.111,"[13.674, 14.5184, 16.6939, 21.2831, 31.1875, 44.7322, 55.3981, 69.6329, 87.7619, 14.992, 7.71258, 5.24237, 3.99366, 3.24533, 2.40213, 1.7988, 1.51703, 1.39195, 1.37105]",-0.817671,"[73.4617, 71.7944, 74.1377, 72.4435]",0.339131
0.0,0.0707798,0.029,0.0,34.386,0.0,580.456,680.455,93.7885,3,"[200.0, 200.0, 200.0, 200.0, 200.0, 200.0, 200.0, 200.0, 200.0, 200.0, 200.0, 200.0, 200.0, 200.0, 200.0, 200.0, 200.0, 200.0, 200.0, 200.0, 200.0, 200.0, 200.0, 200.0, 200.0, 200.0, 200.0, 200.0, 200.0, 200.0, 200.0, 200.0, 200.0, 200.0, 200.0, 200.0]",1,4590.14,86.7052,0.561353,-0.135732,0.112,"[13.7029, 14.5266, 16.6666, 21.1705, 30.8333, 43.9843, 54.3335, 68.1809, 85.9054, 15.9219, 7.76466, 5.21387, 3.9472, 3.19525, 2.35503, 1.76109, 1.48404, 1.36087, 1.33974]",-0.821809,"[73.3616, 71.756, 73.3205, 72.3103]",0.342802
0.0,0.0681267,0.007,0.0,34.406,0.0,580.908,680.907,93.7885,3,"[200.0, 200.0, 200.0, 200.0, 200.0, 200.0, 200.0, 200.0, 200.0, 200.0, 200.0, 200.0, 200.0, 200.0, 200.0, 200.0, 200.0, 200.0, 200.0, 200.0, 200.0, 200.0, 200.0, 200.0, 200.0, 200.0, 200.0, 200.0, 200.0, 200.0, 200.0, 200.0, 200.0, 200.0, 200.0, 200.0]",1,4572.93,86.5964,0.432085,-0.0387799,0.112,"[13.731, 14.5293, 16.6297, 21.0403, 30.4478, 43.187, 53.2044, 66.6416, 83.9318, 17.5752, 7.8665, 5.20702, 3.91368, 3.15422, 2.31273, 1.7245, 1.45166, 1.33013, 1.30856]",-0.825925,"[73.6952, 71.7731, 74.2052, 70.8874]",0.3401
0.018,0.065084,0.0,0.0,34.426,0.0,581.36,681.359,93.7884,3,"[200.0, 200.0, 200.0, 200.0, 200.0, 200.0, 200.0, 200.0, 200.0, 200.0, 200.0, 200.0, 200.0, 200.0, 200.0, 200.0, 200.0, 200.0, 200.0, 200.0, 200.0, 200.0, 200.0, 200.0, 200.0, 200.0, 200.0, 200.0, 200.0, 200.0, 200.0, 200.0, 200.0, 200.0, 200.0, 200.0]",1,4607.47,86.4924,0.323699,0.0399922,0.113,"[13.7579, 14.5277, 16.5861, 20.8994, 30.0479, 42.3727, 52.055, 65.0734, 81.9127, 21.7223, 8.01495, 5.21983, 3.89212, 3.12182, 2.27613, 1.68972, 1.4203, 1.3002, 1.27811]",-0.829942,"[73.6453, 71.7499, 74.0053, 72.2984]",0.341331
0.045,0.0622871,0.0,0.0,34.446,0.0,581.811,681.81,93.7884,3,"[200.0, 200.0, 200.0, 200.0, 200.0, 200.0, 200.0, 200.0, 200.0, 200.0, 200.0, 200.0, 200.0, 200.0, 200.0, 200.0, 200.0, 200.0, 200.0, 200.0, 200.0, 200.0, 200.0, 200.0, 200.0, 200.0, 200.0, 200.0, 200.0, 200.0, 200.0, 200.0, 200.0, 200.0, 200.0, 200.0]",1,4592.78,86.4361,0.124604,-0.15293,0.113,"[13.7832, 14.5254, 16.5435, 20.7632, 29.6672, 41.6028, 50.9683, 63.5865, 79.9873, 100.133, 8.18289, 5.23975, 3.87539, 3.09344, 2.24286, 1.65757, 1.38963, 1.27075, 1.24823]",-0.833888,"[73.5603, 71.7074, 74.0891, 71.7015]",0.342541
0.325,0.0580392,0.0,0.0,34.466,0.0,582.269,682.268,93.7883,3,"[200.0, 200.0, 200.0, 200.0, 200.0, 200.0, 200.0, 200.0, 200.0, 200.0, 200.0, 200.0, 200.0, 200.0, 200.0, 200.0, 200.0, 200.0, 200.0, 200.0, 200.0, 200.0, 200.0, 200.0, 200.0, 200.0, 200.0, 200.0, 200.0, 200.0, 200.0, 200.0, 200.0, 200.0, 200.0, 200.0]",1,4645.11,86.4567,0.179675,0.0691271,0.115,"[13.8058, 14.5189, 16.4949, 20.6183, 29.2762, 40.8234, 49.8721, 62.0861, 78.037, 97.7625, 8.40808, 5.2822, 3.87212, 3.07473, 2.21598, 1.62993, 1.36245, 1.24316, 1.2195]",-0.837674,"[73.6079, 71.6752, 74.6386, 72.8147]",0.339143
0.314,0.0508955,0.0,0.0,34.486,0.0,582.749,682.748,93.7882,3,"[200.0, 200.0, 200.0, 200.0, 200.0, 200.0, 200.0, 200.0, 200.0, 200.0, 200.0, 200.0, 200.0, 200.0, 200.0, 200.0, 200.0, 200.0, 200.0, 200.0, 200.0, 200.0, 200.0, 200.0, 200.0, 200.0, 200.0, 200.0, 200.0, 200.0, 200.0, 200.0, 200.0, 200.0, 200.0, 200.0]",1,4664.36,86.5013,0.0644412,-0.0808475,0.115,"[13.826, 14.5118, 16.4487, 20.4814, 28.912, 40.1022, 48.8585, 60.6955, 76.2198, 95.5391, 8.65429, 5.33229, 3.87452, 3.06098, 2.19336, 1.60597, 1.33869, 1.2189, 1.19344]",-0.841081,"[73.5641, 71.7769, 74.5767, 73.4302]",0.343532
0.338,0.0435596,0.0,0.0,34.506,0.0,583.229,683.228,93.7882,3,"[200.0, 200.0, 200.0, 200.0, 200.0, 200.0, 200.0, 200.0, 200.0, 200.0, 200.0, 200.0, 200.0, 200.0, 200.0, 200.0, 200.0, 200.0, 200.0, 200.0, 200.0, 200.0, 200.0, 200.0, 200.0, 200.0, 200.0, 200.0, 200.0, 200.0, 200.0, 200.0, 200.0, 200.0, 200.0, 200.0]",1,4650.68,86.5641,0.11379,0.0477036,0.116,"[13.8437, 14.5014, 16.398, 20.3385, 28.5431, 39.3806, 47.8477, 59.3084, 74.4009, 93.3016, 8.96419, 5.40472, 3.88978, 3.05635, 2.1767, 1.58622, 1.31842, 1.19782, 1.17052]",-0.844079,"[73.6745, 71.7785, 74.6539, 72.9887]",0.339917
0.358,0.0366392,0.0,0.0,34.526,0.0,583.71,683.709,93.788,3,"[200.0, 200.0, 200.0, 200.0, 200.0, 200.0, 200.0, 200.0, 200.0, 200.0, 200.0, 200.0, 200.0, 200.0, 200.0, 200.0, 200.0, 200.0, 200.0, 200.0, 200.0, 200.0, 200.0, 200.0, 200.0, 200.0, 200.0, 200.0, 200.0, 200.0, 200.0, 200.0, 200.0, 200.0, 200.0, 200.0]",1,4662.19,86.6294,0.0648709,-0.0132635,0.116,"[13.8588, 14.49, 16.3485, 20.2018, 28.1957, 38.7071, 46.9058, 58.0146, 72.6973, 91.1931, 9.32317, 5.48895, 3.91295, 3.05816, 2.16512, 1.5706, 1.30185, 1.18031, 1.15129]",-0.846597,"[73.6289, 71.911, 74.7982, 73.3247]",0.342739
0.377,0.0298049,0.0,0.0,34.546,0.0,584.191,684.19,93.7879,3,"[200.0, 200.0, 200.0, 200.0, 200.0, 200.0, 200.0, 200.0, 200.0, 200.0, 200.0, 200.0, 200.0, 200.0, 200.0, 200.0, 200.0, 200.0, 200.0, 200.0, 200.0, 200.0, 200.0, 200.0, 200.0, 200.0, 200.0, 200.0, 200.0, 200.0, 200.0, 200.0, 200.0, 200.0, 200.0, 200.0]",1,4688.8,86.6912,0.108703,0.0317532,0.116,"[13.8713, 14.4763, 16.2967, 20.0645, 27.8549, 38.0531, 45.9939, 56.7621, 71.0425, 89.1342, 9.78506, 5.59269, 3.9475, 3.06826, 2.15923, 1.55917, 1.28882, 1.1661, 1.13537]",-0.848685,"[73.7357, 71.9369, 75.5346, 73.2519]",0.341111
0.386,0.0227916,0.0,0.0,34.566,0.0,584.673,684.672,93.7877,3,"[200.0, 200.0, 200.0, 200.0, 200.0, 200.0, 200.0, 200.0, 200.0, 200.0, 200.0, 200.0, 200.0, 200.0, 200.0, 200.0, 200.0, 200.0, 200.0, 200.0, 200.0, 200.0, 200.0, 200.0, 200.0, 200.0, 200.0, 200.0, 200.0, 200.0, 200.0, 200.0, 200.0, 200.0, 200.0, 200.0]",1,4677.65,86.7817,0.0589726,-0.0142662,0.116,"[13.8812, 14.4592, 16.2397, 19.9213, 27.509, 37.3976, 45.0832, 55.5123, 69.3875, 87.0649, 10.415, 5.72536, 3.99778, 3.08916, 2.16017, 1.55239, 1.27957, 1.15528, 1.12273]",-0.850342,"[73.7634, 72.0443, 74.7215, 73.7679]",0.342203
0.407,0.0186312,0.0,0.0,34.586,0.0,585.155,685.154,93.7876,3,"[200.0, 200.0, 200.0, 200.0, 200.0, 200.0, 200.0, 200.0, 200.0, 200.0, 200.0, 200.0, 200.0, 200.0, 200.0, 200.0, 200.0, 200.0, 200.0, 200.0, 200.0, 200.0, 200.0, 200.0, 200.0, 200.0, 200.0, 200.0, 200.0, 200.0, 200.0, 200.0, 200.0, 200.0, 200.0, 200.0]",1,4706.34,86.8569,-0.530774,0.0539958,-0.8,"[13.8909, 14.4531, 16.209, 19.833, 27.2854, 36.967, 44.4806, 54.679, 68.2742, 85.6598, 10.8745, 5.79019, 4.01603, 3.09212, 2.1539, 1.54343, 1.27003, 1.14521, 1.11171]",-0.851798,"[73.0731, 72.3989, 75.1988, 73.9744]",0.341876
0.452,0.0205369,0.0,0.0,34.606,0.0,585.638,685.637,93.7874,3,"[200.0, 200.0, 200.0, 200.0, 200.0, 200.0, 200.0, 200.0, 200.0, 200.0, 200.0, 200.0, 200.0, 200.0, 200.0, 200.0, 200.0, 200.0, 200.0, 200.0, 200.0, 200.0, 200.0, 200.0, 200.0, 200.0, 200.0, 200.0, 200.0, 200.0, 200.0, 200.0, 200.0, 200.0, 200.0, 200.0]",1,4695.38,86.9095,-0.978828,-0.0149425,-0.8,"[13.9051, 14.4753, 16.2388, 19.8642, 27.3164, 36.9912, 44.496, 54.679, 68.2515, 85.6085, 10.5938, 5.66353, 3.94038, 3.03891, 2.1206, 1.52158, 1.25303, 1.13053, 1.09802]",-0.853628,"[72.4397, 72.5563, 74.0647, 74.9401]",0.341832
0.478,0.027622,0.0,0.0,34.626,0.0,586.12,686.119,93.7873,3,"[200.0, 200.0, 200.0, 200.0, 200.0, 200.0, 200.0, 200.0, 200.0, 200.0, 200.0, 200.0, 200.0, 200.0, 200.0, 200.0, 200.0, 200.0, 200.0, 200.0, 200.0, 200.0, 200.0, 200.0, 200.0, 200.0, 200.0, 200.0, 200.0, 200.0, 200.0, 200.0, 200.0, 200.0, 200.0, 200.0]",1,4755.22,86.8476,-1.31562,0.0322406,-0.8,"[13.9252, 14.524, 16.3221, 19.9994, 27.5666, 37.4052, 45.0394, 55.3898, 69.158, 86.7105, 9.7202, 5.37938, 3.78446, 2.93625, 2.06229, 1.48696, 1.22805, 1.11038, 1.08049]",-0.85599,"[69.9503, 72.4134, 75.4119, 75.2451]",0.342302
0.47,0.0400879,0.0,0.0,34.646,0.0,586.602,686.601,93.7871,3,"[200.0, 200.0, 200.0, 200.0, 200.0, 200.0, 200.0, 200.0, 200.0, 200.0, 200.0, 200.0, 200.0, 200.0, 200.0, 200.0, 200.0, 200.0, 200.0, 200.0, 200.0, 200.0, 200.0, 200.0, 200.0, 200.0, 200.0, 200.0, 200.0, 200.0, 200.0, 200.0, 200.0, 200.0, 200.0, 200.0]",1,4671.94,86.8345,-1.25573,0.00334596,-0.8,"[13.9543, 14.6035, 16.4649, 20.2492, 28.0581, 38.2483, 46.1628, 56.8775, 71.0709, 89.0484, 8.49095, 4.96265, 3.55483, 2.78575, 1.97814, 1.43824, 1.19377, 1.08345, 1.05778]",-0.859076,"[69.6217, 73.1371, 71.9898, 76.2313]",0.341647
0.444,0.0544584,0.0,0.0,34.666,0.0,587.083,687.082,93.787,3,"[200.0, 200.0, 200.0, 200.0, 200.0, 200.0, 200.0, 200.0, 200.0, 200.0, 200.0, 200.0, 200.0, 200.0, 200.0, 200.0, 200.0, 200.0, 200.0, 200.0, 200.0, 200.0, 200.0, 200.0, 200.0, 200.0, 200.0, 200.0, 200.0, 200.0, 200.0, 200.0, 200.0, 200.0, 200.0, 200.0]",1,4721.74,86.7765,-1.10664,0.00277035,0.118,"[13.9928, 14.7011, 16.6359, 20.5512, 28.6585, 39.2841, 47.5444, 58.7033, 73.4072, 91.8835, 7.36939, 4.52867, 3.3053, 2.618, 1.88139, 1.38069, 1.15251, 1.05049, 1.02951]",-0.862935,"[70.5026, 73.7865, 73.7284, 75.8696]",0.342222
0.379,0.0713203,0.0,0.0,34.686,0.0,587.564,687.563,93.7868,3,"[200.0, 200.0, 200.0, 200.0, 200.0, 200.0, 200.0, 200.0, 200.0, 200.0, 200.0, 200.0, 200.0, 200.0, 200.0, 200.0, 200.0, 200.0, 200.0, 200.0, 200.0, 200.0, 200.0, 200.0, 200.0, 200.0, 200.0, 200.0, 200.0, 200.0, 200.0, 200.0, 200.0, 200.0, 200.0, 200.0]",1,4684.53,86.81,-0.478206,-0.0163711,0.118,"[14.0423, 14.8212, 16.8436, 20.9226, 29.4067, 40.584, 49.2798, 60.9909, 76.3159, 95.3838, 6.33646, 4.08165, 3.03801, 2.43415, 1.77254, 1.31456, 1.10446, 1.01171, 0.99594]",-0.867546,"[70.7561, 75.2258, 72.4191, 76.9023]",0.341994
0.289,0.0835629,0.0,0.0,34.706,0.0,588.045,688.044,93.7867,3,"[200.0, 200.0, 200.0, 200.0, 200.0, 200.0, 200.0, 200.0, 200.0, 200.0, 200.0, 200.0, 200.0, 200.0, 200.0, 200.0, 200.0, 200.0, 200.0, 200.0, 200.0, 200.0, 200.0, 200.0, 200.0, 200.0, 200.0, 200.0, 200.0, 200.0, 200.0, 200.0, 200.0, 200.0, 200.0, 200.0]",1,4667.85,86.8706,0.495469,-0.0335721,0.119,"[14.0927, 14.9224, 17.0076, 21.2057, 29.9644, 41.54, 50.5455, 62.6421, 78.3889, 15.3926, 5.65987, 3.74755, 2.82546, 2.28146, 1.67653, 1.25255, 1.05724, 0.971921, 0.959873]",-0.872463,"[71.5206, 74.471, 73.0798, 75.0242]",0.341267
0.0,0.0883648,0.042,0.0,34.726,0.0,588.526,688.525,93.7867,3,"[200.0, 200.0, 200.0, 200.0, 200.0, 200.0, 200.0, 200.0, 200.0, 200.0, 200.0, 200.0, 200.0, 200.0, 200.0, 200.0, 200.0, 200.0, 200.0, 200.0, 200.0, 200.0, 200.0, 200.0, 200.0, 200.0, 200.0, 200.0, 200.0, 200.0, 200.0, 200.0, 200.0, 200.0, 200.0, 200.0]",1,4614.61,86.6938,1.3252,-0.0342477,0.119,"[14.1346, 14.9831, 17.0881, 21.3238, 30.1645, 41.8509, 50.9377, 63.1304, 78.9759, 12.9855, 5.30659, 3.54218, 2.68339, 2.17307, 1.6024, 1.20058, 1.01519, 0.934562, 0.924147]",-0.877261,"[71.4874, 72.7708, 73.1165, 73.2704]",0.342793
0.0,0.088105,0.075,0.0,34.746,0.0,589.006,689.005,93.7866,3,"[200.0, 200.0, 200.0, 200.0, 200.0, 200.0, 200.0, 200.0, 200.0, 200.0, 200.0, 200.0, 200.0, 200.0, 200.0, 200.0, 200.0, 200.0, 200.0, 200.0, 200.0, 200.0, 200.0, 200.0, 200.0, 200.0, 200.0, 200.0, 200.0, 200.0, 200.0, 200.0, 200.0, 200.0, 200.0, 200.0]",1,4581.19,86.4212,1.29729,0.0103749,0.119,"[14.1695, 15.0147, 17.1093, 21.3253, 30.1126, 41.7083, 50.7175, 62.8072, 78.5329, 12.7762, 5.12907, 3.41062, 2.58285, 2.09132, 1.54184, 1.15502, 0.976572, 0.898947, 0.888869]",-0.881944,"[71.8741, 71.0525, 72.7421, 72.8493]",0.3397
0.0,0.0847492,0.056,0.0,34.766,0.0,589.484,689.483,93.7865,3,"[200.0, 200.0, 200.0, 200.0, 200.0, 200.0, 200.0, 200.0, 200.0, 200.0, 200.0, 200.0, 200.0, 200.0, 200.0, 200.0, 200.0, 200.0, 200.0, 200.0, 200.0, 200.0, 200.0, 200.0, 200.0, 200.0, 200.0, 200.0, 200.0, 200.0, 200.0, 200.0, 200.0, 200.0, 200.0, 200.0]",1,4576.88,86.1522,1.20608,-0.0553527,0.12,"[14.2003, 15.0284, 17.0945, 21.2562, 29.9092, 41.2944, 50.1317, 61.9995, 77.4725, 13.8755, 5.05088, 3.32084, 2.50445, 2.02373, 1.48841, 1.11279, 0.939691, 0.864156, 0.853711]",-0.88658,"[73.1089, 71.4976, 73.346, 71.6986]",0.343617
0.0,0.0797553,0.031,0.0,34.786,0.0,589.961,689.96,93.7864,3,"[200.0, 200.0, 200.0, 200.0, 200.0, 200.0, 200.0, 200.0, 200.0, 200.0, 200.0, 200.0, 200.0, 200.0, 200.0, 200.0, 200.0, 200.0, 200.0, 200.0, 200.0, 200.0, 200.0, 200.0, 200.0, 200.0, 200.0, 200.0, 200.0, 200.0, 200.0, 200.0, 200.0, 200.0, 200.0, 200.0]",1,4576.47,85.9752,1.00846,0.0111545,0.12,"[14.228, 15.0316, 17.0596, 21.1494, 29.6285, 40.7454, 49.3648, 60.9517, 76.1035, 94.9703, 5.03622, 3.25815, 2.4398, 1.96533, 1.4402, 1.07355, 0.904854, 0.830911, 0.819787]",-0.891043,"[72.8746, 71.2193, 73.2067, 72.3293]",0.337851
0.273,0.0736628,0.0,0.0,34.806,0.0,590.437,690.437,93.7864,3,"[200.0, 200.0, 200.0, 200.0, 200.0, 200.0, 200.0, 200.0, 200.0, 200.0, 200.0, 200.0, 200.0, 200.0, 200.0, 200.0, 200.0, 200.0, 200.0, 200.0, 200.0, 200.0, 200.0, 200.0, 200.0, 200.0, 200.0, 200.0, 200.0, 200.0, 200.0, 200.0, 200.0, 200.0, 200.0, 200.0]",1,4631.14,85.9772,0.800997,-0.011899,0.122,"[14.2534, 15.0272, 17.011, 21.0181, 29.2996, 40.115, 48.4898, 59.7596, 74.5459, 93.0534, 5.07703, 3.21731, 2.38754, 1.91399, 1.39622, 1.03695, 0.871993, 0.799312, 0.787343]",-0.895306,"[73.1184, 71.445, 73.9169, 73.0196]",0.343979
0.296,0.0668302,0.0,0.0,34.826,0.0,590.914,690.913,93.7863,3,"[200.0, 200.0, 200.0, 200.0, 200.0, 200.0, 200.0, 200.0, 200.0, 200.0, 200.0, 200.0, 200.0, 200.0, 200.0, 200.0, 200.0, 200.0, 200.0, 200.0, 200.0, 200.0, 200.0, 200.0, 200.0, 200.0, 200.0, 200.0, 200.0, 200.0, 200.0, 200.0, 200.0, 200.0, 200.0, 200.0]",1,4608.97,86.0358,0.600605,0.0136038,0.123,"[14.2767, 15.017, 16.9526, 20.8705, 28.9413, 39.4378, 47.5537, 58.486, 72.8785, 90.9932, 5.17479, 3.19735, 2.34763, 1.87061, 1.35644, 1.0032, 0.841417, 0.76974, 0.756846]",-0.899312,"[73.166, 71.4279, 74.0523, 72.201]",0.336824
0.333,0.0602586,0.0,0.0,34.846,0.0,591.392,691.391,93.7862,3,"[200.0, 200.0, 200.0, 200.0, 200.0, 200.0, 200.0, 200.0, 200.0, 200.0, 200.0, 200.0, 200.0, 200.0, 200.0, 200.0, 200.0, 200.0, 200.0, 200.0, 200.0, 200.0, 200.0, 200.0, 200.0, 200.0, 200.0, 200.0, 200.0, 200.0, 200.0, 200.0, 200.0, 200.0, 200.0, 200.0]",1,4635.22,86.0806,0.481209,0.0661023,0.123,"[14.2984, 15.0055, 16.8946, 20.7271, 28.5985, 38.7947, 46.6665, 57.2783, 71.2918, 89.0222, 5.30648, 3.18893, 2.31567, 1.83372, 1.32041, 0.97216, 0.813325, 0.742602, 0.728894]",-0.90299,"[73.142, 71.4977, 74.1275, 72.9677]",0.343837
0.352,0.0534396,0.0,0.0,34.866,0.0,591.869,691.868,93.7861,3,"[200.0, 200.0, 200.0, 200.0, 200.0, 200.0, 200.0, 200.0, 200.0, 200.0, 200.0, 200.0, 200.0, 200.0, 200.0, 200.0, 200.0, 200.0, 200.0, 200.0, 200.0, 200.0, 200.0, 200.0, 200.0, 200.0, 200.0, 200.0, 200.0, 200.0, 200.0, 200.0, 200.0, 200.0, 200.0, 200.0]",1,4631.65,86.1455,0.302549,0.0213054,0.123,"[14.3176, 14.9905, 16.832, 20.5779, 28.2491, 38.1459, 45.774, 56.0639, 69.6926, 87.0264, 5.50226, 3.19985, 2.29528, 1.80536, 1.29029, 0.944471, 0.787701, 0.717756, 0.703236]",-0.906369,"[73.2528, 71.4966, 74.5828, 72.6515]",0.336874
0.383,0.045557,0.0,0.0,34.886,0.0,592.355,692.354,93.786,3,"[200.0, 200.0, 200.0, 200.0, 200.0, 200.0, 200.0, 200.0, 200.0, 200.0, 200.0, 200.0, 200.0, 200.0, 200.0, 200.0, 200.0, 200.0, 200.0, 200.0, 200.0, 200.0, 200.0, 200.0, 200.0, 200.0, 200.0, 200.0, 200.0, 200.0, 200.0, 200.0, 200.0, 200.0, 200.0, 200.0]",1,4679.05,86.1966,0.167803,0.021082,0.124,"[14.3343, 14.9726, 16.7668, 20.4269, 27.9022, 37.5078, 44.8988, 54.8734, 68.121, 85.0558, 5.77409, 3.23112, 2.28701, 1.78597, 1.26647, 0.921494, 0.765747, 0.695847, 0.680283]",-0.909389,"[73.2744, 71.5465, 75.7078, 73.0531]",0.344642
0.405,0.0361109,0.0,0.0,34.906,0.0,592.85,692.85,93.7858,3,"[200.0, 200.0, 200.0, 200.0, 200.0, 200.0, 200.0, 200.0, 200.0, 200.0, 200.0, 200.0, 200.0, 200.0, 200.0, 200.0, 200.0, 200.0, 200.0, 200.0, 200.0, 200.0, 200.0, 200.0, 200.0, 200.0, 200.0, 200.0, 200.0, 200.0, 200.0, 200.0, 200.0, 200.0, 200.0, 200.0]",1,4697.08,86.2788,0.0156532,-0.0566164,0.124,"[14.3484, 14.9519, 16.6982, 20.2727, 27.5543, 36.8738, 44.0318, 53.6949, 66.5619, 83.0919, 6.15297, 3.28646, 2.29219, 1.77624, 1.24919, 0.903229, 0.747772, 0.677582, 0.660767]",-0.911955,"[73.3657, 71.5929, 75.9121, 73.0775]",0.336172
0.442,0.0265186,0.0,0.0,34.926,0.0,593.347,693.346,93.7857,3,"[200.0, 200.0, 200.0, 200.0, 200.0, 200.0, 200.0, 200.0, 200.0, 200.0, 200.0, 200.0, 200.0, 200.0, 200.0, 200.0, 200.0, 200.0, 200.0, 200.0, 200.0, 200.0, 200.0, 200.0, 200.0, 200.0, 200.0, 200.0, 200.0, 200.0, 200.0, 200.0, 200.0, 200.0, 200.0, 200.0]",1,4705.4,86.3765,-0.0867809,-0.0385166,0.124,"[14.3596, 14.9277, 16.6257, 20.1145, 27.2041, 36.2421, 43.1706, 52.5258, 65.0122, 81.131, 6.69338, 3.37222, 2.31359, 1.77793, 1.23945, 0.89035, 0.734238, 0.663391, 0.645279]",-0.913991,"[73.4407, 71.669, 75.8126, 73.4241]",0.344087
0.477,0.0172081,0.0,0.0,34.946,0.0,593.844,693.843,93.7855,3,"[200.0, 200.0, 200.0, 200.0, 200.0, 200.0, 200.0, 200.0, 200.0, 200.0, 200.0, 200.0, 200.0, 200.0, 200.0, 200.0, 200.0, 200.0, 200.0, 200.0, 200.0, 200.0, 200.0, 200.0, 200.0, 200.0, 200.0, 200.0, 200.0, 200.0, 200.0, 200.0, 200.0, 200.0, 200.0, 200.0]",1,4712.79,86.4907,-0.170355,-0.0505895,0.125,"[14.3683, 14.902, 16.5536, 19.9604, 26.8682, 35.6414, 42.3543, 51.4184, 63.5416, 79.2621, 7.44067, 3.48462, 2.34895, 1.78955, 1.23651, 0.882477, 0.724976, 0.653168, 0.633759]",-0.915511,"[73.4777, 71.8146, 75.9501, 73.4723]",0.336688
0.509,0.00902772,0.0,0.0,34.966,0.0,594.342,694.341,93.7854,3,"[200.0, 200.0, 200.0, 200.0, 200.0, 200.0, 200.0, 200.0, 200.0, 200.0, 200.0, 200.0, 200.0, 200.0, 200.0, 200.0, 200.0, 200.0, 200.0, 200.0, 200.0, 200.0, 200.0, 200.0, 200.0, 200.0, 200.0, 200.0, 200.0, 200.0, 200.0, 200.0, 200.0, 200.0, 200.0, 200.0]",1,4755.6,86.6015,-0.657788,-0.138325,-0.8,"[14.3751, 14.8787, 16.4898, 19.8259, 26.5781, 35.1257, 41.6547, 50.4697, 62.2792, 77.6505, 8.3899, 3.60509, 2.38919, 1.8056, 1.23743, 0.877975, 0.718826, 0.646027, 0.625427]",-0.916612,"[73.317, 71.9443, 76.1524, 74.6439]",0.3434
0.545,0.00592136,0.0,0.0,34.986,0.0,594.841,694.84,93.7851,3,"[200.0, 200.0, 200.0, 200.0, 200.0, 200.0, 200.0, 200.0, 200.0, 200.0, 200.0, 200.0, 200.0, 200.0, 200.0, 200.0, 200.0, 200.0, 200.0, 200.0, 200.0, 200.0, 200.0, 200.0, 200.0, 200.0, 200.0, 200.0, 200.0, 200.0, 200.0, 200.0, 200.0, 200.0, 200.0, 200.0]",1,4739.03,86.7119,-1.07192,-0.0276122,-0.8,"[14.3834, 14.8758, 16.4722, 19.7829, 26.4791, 34.9448, 41.4067, 50.1297, 61.8221, 77.0611, 8.74623, 3.62025, 2.38348, 1.79574, 1.22685, 0.868515, 0.710159, 0.637634, 0.616806]",-0.917761,"[72.5798, 72.0506, 75.5934, 74.6714]",0.33679
0.587,0.00830603,0.0,0.0,35.006,0.0,595.34,695.339,93.7849,3,"[200.0, 200.0, 200.0, 200.0, 200.0, 200.0, 200.0, 200.0, 200.0, 200.0, 200.0, 200.0, 200.0, 200.0, 200.0, 200.0, 200.0, 200.0, 200.0, 200.0, 200.0, 200.0, 200.0, 200.0, 200.0, 200.0, 200.0, 200.0, 200.0, 200.0, 200.0, 200.0, 200.0, 200.0, 200.0, 200.0]",1,4793.14,86.7475,-1.29092,-0.123956,-0.8,"[14.3939, 14.8955, 16.5048, 19.8384, 26.5836, 35.1182, 41.635, 50.4316, 62.2157, 77.5559, 8.14695, 3.50568, 2.32182, 1.75397, 1.20141, 0.852036, 0.697403, 0.626633, 0.606552]",-0.919128,"[71.3442, 71.928, 76.1083, 75.8541]",0.342868
