accel,angle,brake,clutch,curLapTime,damage,dist_from_start,dist_raced,fuel,gear,opponents,race_pos,rpm,speed_x,speed_y,speed_z,steer,track,track_pos,wheel_spin_vel,z
0.0,0.00365799,0.0,0.0,-0.982,0.0,1957.56,0.0,94.0,0,"[200.0, 200.0, 200.0, 200.0, 200.0, 200.0, 200.0, 200.0, 200.0, 200.0, 200.0, 200.0, 200.0, 200.0, 200.0, 200.0, 200.0, 200.0, 200.0, 200.0, 200.0, 200.0, 200.0, 200.0, 200.0, 200.0, 200.0, 200.0, 200.0, 200.0, 200.0, 200.0, 200.0, 200.0, 200.0, 200.0]",1,942.478,0.00187065,0.0500377,-0.00546558,0.0,"[7.48658, 7.79293, 8.84666, 11.3686, 20.0323, 64.566, 55.6536, 47.2582, 39.6464, 33.0363, 27.5369, 23.121, 19.6564, 16.9654, 13.2439, 10.1237, 8.52418, 7.74488, 7.51352]",0.00179749,"[0.0, 0.0, 0.0, 0.0]",0.346282
0.0,0.00365799,0.0,0.0,-0.962,0.0,1957.56,0.0,94.0,0,"[200.0, 200.0, 200.0, 200.0, 200.0, 200.0, 200.0, 200.0, 200.0, 200.0, 200.0, 200.0, 200.0, 200.0, 200.0, 200.0, 200.0, 200.0, 200.0, 200.0, 200.0, 200.0, 200.0, 200.0, 200.0, 200.0, 200.0, 200.0, 200.0, 200.0, 200.0, 200.0, 200.0, 200.0, 200.0, 200.0]",1,942.478,0.00187065,0.0500377,-0.00546558,0.0,"[7.48658, 7.79293, 8.84666, 11.3686, 20.0323, 64.566, 55.6536, 47.2582, 39.6464, 33.0363, 27.5369, 23.121, 19.6564, 16.9654, 13.2439, 10.1237, 8.52418, 7.74488, 7.51352]",0.00179749,"[0.0, 0.0, 0.0, 0.0]",0.346282
0.0,0.00365799,0.0,0.0,-0.942,0.0,1957.56,0.0,94.0,0,"[200.0, 200.0, 200.0, 200.0, 200.0, 200.0, 200.0, 200.0, 200.0, 200.0, 200.0, 200.0, 200.0, 200.0, 200.0, 200.0, 200.0, 200.0, 200.0, 200.0, 200.0, 200.0, 200.0, 200.0, 200.0, 200.0, 200.0, 200.0, 200.0, 200.0, 200.0, 200.0, 200.0, 200.0, 200.0, 200.0]",1,942.478,0.00187065,0.0500377,-0.00546558,0.0,"[7.48658, 7.79293, 8.84666, 11.3686, 20.0323, 64.566, 55.6536, 47.2582, 39.6464, 33.0363, 27.5369, 23.121, 19.6564, 16.9654, 13.2439, 10.1237, 8.52418, 7.74488, 7.51352]",0.00179749,"[0.0, 0.0, 0.0, 0.0]",0.346282
0.0,0.00365799,0.0,0.0,-0.922,0.0,1957.56,0.0,94.0,0,"[200.0, 200.0, 200.0, 200.0, 200.0, 200.0, 200.0, 200.0, 200.0, 200.0, 200.0, 200.0, 200.0, 200.0, 200.0, 200.0, 200.0, 200.0, 200.0, 200.0, 200.0, 200.0, 200.0, 200.0, 200.0, 200.0, 200.0, 200.0, 200.0, 200.0, 200.0, 200.0, 200.0, 200.0, 200.0, 200.0]",1,942.478,0.00187065,0.0500377,-0.00546558,0.0,"[7.48658, 7.79293, 8.84666, 11.3686, 20.0323, 64.566, 55.6536, 47.2582, 39.6464, 33.0363, 27.5369, 23.121, 19.6564, 16.9654, 13.2439, 10.1237, 8.52418, 7.74488, 7.51352]",0.00179749,"[0.0, 0.0, 0.0, 0.0]",0.346282
0.0,0.00365799,0.0,0.0,-0.902,0.0,1957.56,0.0,94.0,0,"[200.0, 200.0, 200.0, 200.0, 200.0, 200.0, 200.0, 200.0, 200.0, 200.0, 200.0, 200.0, 200.0, 200.0, 200.0, 200.0, 200.0, 200.0, 200.0, 200.0, 200.0, 200.0, 200.0, 200.0, 200.0, 200.0, 200.0, 200.0, 200.0, 200.0, 200.0, 200.0, 200.0, 200.0, 200.0, 200.0]",1,942.478,0.00187065,0.0500377,-0.00546558,0.0,"[7.48658, 7.79293, 8.84666, 11.3686, 20.0323, 64.566, 55.6536, 47.2582, 39.6464, 33.0363, 27.5369, 23.121, 19.6564, 16.9654, 13.2439, 10.1237, 8.52418, 7.74488, 7.51352]",0.00179749,"[0.0, 0.0, 0.0, 0.0]",0.346282
0.0,0.00365799,0.0,0.0,-0.882,0.0,1957.56,0.0,94.0,0,"[200.0, 200.0, 200.0, 200.0, 200.0, 200.0, 200.0, 200.0, 200.0, 200.0, 200.0, 200.0, 200.0, 200.0, 200.0, 200.0, 200.0, 200.0, 200.0, 200.0, 200.0, 200.0, 200.0, 200.0, 200.0, 200.0, 200.0, 200.0, 200.0, 200.0, 200.0, 200.0, 200.0, 200.0, 200.0, 200.0]",1,942.478,0.00187065,0.0500377,-0.00546558,0.0,"[7.48658, 7.79293, 8.84666, 11.3686, 20.0323, 64.566, 55.6536, 47.2582, 39.6464, 33.0363, 27.5369, 23.121, 19.6564, 16.9654, 13.2439, 10.1237, 8.52418, 7.74488, 7.51352]",0.00179749,"[0.0, 0.0, 0.0, 0.0]",0.346282
0.0,0.00365799,0.0,0.0,-0.862,0.0,1957.56,0.0,94.0,0,"[200.0, 200.0, 200.0, 200.0, 200.0, 200.0, 200.0, 200.0, 200.0, 200.0, 200.0, 200.0, 200.0, 200.0, 200.0, 200.0, 200.0, 200.0, 200.0, 200.0, 200.0, 200.0, 200.0, 200.0, 200.0, 200.0, 200.0, 200.0, 200.0, 200.0, 200.0, 200.0, 200.0, 200.0, 200.0, 200.0]",1,942.478,0.00187065,0.0500377,-0.00546558,0.0,"[7.48658, 7.79293, 8.84666, 11.3686, 20.0323, 64.566, 55.6536, 47.2582, 39.6464, 33.0363, 27.5369, 23.121, 19.6564, 16.9654, 13.2439, 10.1237, 8.52418, 7.74488, 7.51352]",0.00179749,"[0.0, 0.0, 0.0, 0.0]",0.346282
0.0,0.00365799,0.0,0.0,-0.842,0.0,1957.56,0.0,94.0,0,"[200.0, 200.0, 200.0, 200.0, 200.0, 200.0, 200.0, 200.0, 200.0, 200.0, 200.0, 200.0, 200.0, 200.0, 200.0, 200.0, 200.0, 200.0, 200.0, 200.0, 200.0, 200.0, 200.0, 200.0, 200.0, 200.0, 200.0, 200.0, 200.0, 200.0, 200.0, 200.0, 200.0, 200.0, 200.0, 200.0]",1,942.478,0.00187065,0.0500377,-0.00546558,0.0,"[7.48658, 7.79293, 8.84666, 11.3686, 20.0323, 64.566, 55.6536, 47.2582, 39.6464, 33.0363, 27.5369, 23.121, 19.6564, 16.9654, 13.2439, 10.1237, 8.52418, 7.74488, 7.51352]",0.00179749,"[0.0, 0.0, 0.0, 0.0]",0.346282
0.0,0.00365799,0.0,0.0,-0.822,0.0,1957.56,0.0,94.0,0,"[200.0, 200.0, 200.0, 200.0, 200.0, 200.0, 200.0, 200.0, 200.0, 200.0, 200.0, 200.0, 200.0, 200.0, 200.0, 200.0, 200.0, 200.0, 200.0, 200.0, 200.0, 200.0, 200.0, 200.0, 200.0, 200.0, 200.0, 200.0, 200.0, 200.0, 200.0, 200.0, 200.0, 200.0, 200.0, 200.0]",1,942.478,0.00187065,0.0500377,-0.00546558,0.0,"[7.48658, 7.79293, 8.84666, 11.3686, 20.0323, 64.566, 55.6536, 47.2582, 39.6464, 33.0363, 27.5369, 23.121, 19.6564, 16.9654, 13.2439, 10.1237, 8.52418, 7.74488, 7.51352]",0.00179749,"[0.0, 0.0, 0.0, 0.0]",0.346282
0.0,0.00365799,0.0,0.0,-0.802,0.0,1957.56,0.0,94.0,0,"[200.0, 200.0, 200.0, 200.0, 200.0, 200.0, 200.0, 200.0, 200.0, 200.0, 200.0, 200.0, 200.0, 200.0, 200.0, 200.0, 200.0, 200.0, 200.0, 200.0, 200.0, 200.0, 200.0, 200.0, 200.0, 200.0, 200.0, 200.0, 200.0, 200.0, 200.0, 200.0, 200.0, 200.0, 200.0, 200.0]",1,942.478,0.00187065,0.0500377,-0.00546558,0.0,"[7.48658, 7.79293, 8.84666, 11.3686, 20.0323, 64.566, 55.6536, 47.2582, 39.6464, 33.0363, 27.5369, 23.121, 19.6564, 16.9654, 13.2439, 10.1237, 8.52418, 7.74488, 7.51352]",0.00179749,"[0.0, 0.0, 0.0, 0.0]",0.346282
0.0,0.00365799,0.0,0.0,-0.782,0.0,1957.56,0.0,94.0,0,"[200.0, 200.0, 200.0, 200.0, 200.0, 200.0, 200.0, 200.0, 200.0, 200.0, 200.0, 200.0, 200.0, 200.0, 200.0, 200.0, 200.0, 200.0, 200.0, 200.0, 200.0, 200.0, 200.0, 200.0, 200.0, 200.0, 200.0, 200.0, 200.0, 200.0, 200.0, 200.0, 200.0, 200.0, 200.0, 200.0]",1,942.478,0.00187065,0.0500377,-0.00546558,0.0,"[7.48658, 7.79293, 8.84666, 11.3686, 20.0323, 64.566, 55.6536, 47.2582, 39.6464, 33.0363, 27.5369, 23.121, 19.6564, 16.9654, 13.2439, 10.1237, 8.52418, 7.74488, 7.51352]",0.00179749,"[0.0, 0.0, 0.0, 0.0]",0.346282
0.0,0.00365799,0.0,0.0,-0.762,0.0,1957.56,0.0,94.0,0,"[200.0, 200.0, 200.0, 200.0, 200.0, 200.0, 200.0, 200.0, 200.0, 200.0, 200.0, 200.0, 200.0, 200.0, 200.0, 200.0, 200.0, 200.0, 200.0, 200.0, 200.0, 200.0, 200.0, 200.0, 200.0, 200.0, 200.0, 200.0, 200.0, 200.0, 200.0, 200.0, 200.0, 200.0, 200.0, 200.0]",1,942.478,0.00187065,0.0500377,-0.00546558,0.0,"[7.48658, 7.79293, 8.84666, 11.3686, 20.0323, 64.566, 55.6536, 47.2582, 39.6464, 33.0363, 27.5369, 23.121, 19.6564, 16.9654, 13.2439, 10.1237, 8.52418, 7.74488, 7.51352]",0.00179749,"[0.0, 0.0, 0.0, 0.0]",0.346282
0.0,0.00365799,0.0,0.0,-0.742,0.0,1957.56,0.0,94.0,0,"[200.0, 200.0, 200.0, 200.0, 200.0, 200.0, 200.0, 200.0, 200.0, 200.0, 200.0, 200.0, 200.0, 200.0, 200.0, 200.0, 200.0, 200.0, 200.0, 200.0, 200.0, 200.0, 200.0, 200.0, 200.0, 200.0, 200.0, 200.0, 200.0, 200.0, 200.0, 200.0, 200.0, 200.0, 200.0, 200.0]",1,942.478,0.00187065,0.0500377,-0.00546558,0.0,"[7.48658, 7.79293, 8.84666, 11.3686, 20.0323, 64.566, 55.6536, 47.2582, 39.6464, 33.0363, 27.5369, 23.121, 19.6564, 16.9654, 13.2439, 10.1237, 8.52418, 7.74488, 7.51352]",0.00179749,"[0.0, 0.0, 0.0, 0.0]",0.346282
0.0,0.00365799,0.0,0.0,-0.722,0.0,1957.56,0.0,94.0,0,"[200.0, 200.0, 200.0, 200.0, 200.0, 200.0, 200.0, 200.0, 200.0, 200.0, 200.0, 200.0, 200.0, 200.0, 200.0, 200.0, 200.0, 200.0, 200.0, 200.0, 200.0, 200.0, 200.0, 200.0, 200.0, 200.0, 200.0, 200.0, 200.0, 200.0, 200.0, 200.0, 200.0, 200.0, 200.0, 200.0]",1,942.478,0.00187065,0.0500377,-0.00546558,0.0,"[7.48658, 7.79293, 8.84666, 11.3686, 20.0323, 64.566, 55.6536, 47.2582, 39.6464, 33.0363, 27.5369, 23.121, 19.6564, 16.9654, 13.2439, 10.1237, 8.52418, 7.74488, 7.51352]",0.00179749,"[0.0, 0.0, 0.0, 0.0]",0.346282
0.0,0.00365799,0.0,0.0,-0.702,0.0,1957.56,0.0,94.0,0,"[200.0, 200.0, 200.0, 200.0, 200.0, 200.0, 200.0, 200.0, 200.0, 200.0, 200.0, 200.0, 200.0, 200.0, 200.0, 200.0, 200.0, 200.0, 200.0, 200.0, 200.0, 200.0, 200.0, 200.0, 200.0, 200.0, 200.0, 200.0, 200.0, 200.0, 200.0, 200.0, 200.0, 200.0, 200.0, 200.0]",1,942.478,0.00187065,0.0500377,-0.00546558,0.0,"[7.48658, 7.79293, 8.84666, 11.3686, 20.0323, 64.566, 55.6536, 47.2582, 39.6464, 33.0363, 27.5369, 23.121, 19.6564, 16.9654, 13.2439, 10.1237, 8.52418, 7.74488, 7.51352]",0.00179749,"[0.0, 0.0, 0.0, 0.0]",0.346282
0.0,0.00365799,0.0,0.0,-0.682,0.0,1957.56,0.0,94.0,0,"[200.0, 200.0, 200.0, 200.0, 200.0, 200.0, 200.0, 200.0, 200.0, 200.0, 200.0, 200.0, 200.0, 200.0, 200.0, 200.0, 200.0, 200.0, 200.0, 200.0, 200.0, 200.0, 200.0, 200.0, 200.0, 200.0, 200.0, 200.0, 200.0, 200.0, 200.0, 200.0, 200.0, 200.0, 200.0, 200.0]",1,942.478,0.00187065,0.0500377,-0.00546558,0.0,"[7.48658, 7.79293, 8.84666, 11.3686, 20.0323, 64.566, 55.6536, 47.2582, 39.6464, 33.0363, 27.5369, 23.121, 19.6564, 16.9654, 13.2439, 10.1237, 8.52418, 7.74488, 7.51352]",0.00179749,"[0.0, 0.0, 0.0, 0.0]",0.346282
0.0,0.00365799,0.0,0.0,-0.662,0.0,1957.56,0.0,94.0,0,"[200.0, 200.0, 200.0, 200.0, 200.0, 200.0, 200.0, 200.0, 200.0, 200.0, 200.0, 200.0, 200.0, 200.0, 200.0, 200.0, 200.0, 200.0, 200.0, 200.0, 200.0, 200.0, 200.0, 200.0, 200.0, 200.0, 200.0, 200.0, 200.0, 200.0, 200.0, 200.0, 200.0, 200.0, 200.0, 200.0]",1,942.478,0.00187065,0.0500377,-0.00546558,0.0,"[7.48658, 7.79293, 8.84666, 11.3686, 20.0323, 64.566, 55.6536, 47.2582, 39.6464, 33.0363, 27.5369, 23.121, 19.6564, 16.9654, 13.2439, 10.1237, 8.52418, 7.74488, 7.51352]",0.00179749,"[0.0, 0.0, 0.0, 0.0]",0.346282
0.0,0.00365799,0.0,0.0,-0.642,0.0,1957.56,0.0,94.0,0,"[200.0, 200.0, 200.0, 200.0, 200.0, 200.0, 200.0, 200.0, 200.0, 200.0, 200.0, 200.0, 200.0, 200.0, 200.0, 200.0, 200.0, 200.0, 200.0, 200.0, 200.0, 200.0, 200.0, 200.0, 200.0, 200.0, 200.0, 200.0, 200.0, 200.0, 200.0, 200.0, 200.0, 200.0, 200.0, 200.0]",1,942.478,0.00187065,0.0500377,-0.00546558,0.0,"[7.48658, 7.79293, 8.84666, 11.3686, 20.0323, 64.566, 55.6536, 47.2582, 39.6464, 33.0363, 27.5369, 23.121, 19.6564, 16.9654, 13.2439, 10.1237, 8.52418, 7.74488, 7.51352]",0.00179749,"[0.0, 0.0, 0.0, 0.0]",0.346282
0.0,0.00365799,0.0,0.0,-0.622,0.0,1957.56,0.0,94.0,0,"[200.0, 200.0, 200.0, 200.0, 200.0, 200.0, 200.0, 200.0, 200.0, 200.0, 200.0, 200.0, 200.0, 200.0, 200.0, 200.0, 200.0, 200.0, 200.0, 200.0, 200.0, 200.0, 200.0, 200.0, 200.0, 200.0, 200.0, 200.0, 200.0, 200.0, 200.0, 200.0, 200.0, 200.0, 200.0, 200.0]",1,942.478,0.00187065,0.0500377,-0.00546558,0.0,"[7.48658, 7.79293, 8.84666, 11.3686, 20.0323, 64.566, 55.6536, 47.2582, 39.6464, 33.0363, 27.5369, 23.121, 19.6564, 16.9654, 13.2439, 10.1237, 8.52418, 7.74488, 7.51352]",0.00179749,"[0.0, 0.0, 0.0, 0.0]",0.346282
0.0,0.00365799,0.0,0.0,-0.602,0.0,1957.56,0.0,94.0,0,"[200.0, 200.0, 200.0, 200.0, 200.0, 200.0, 200.0, 200.0, 200.0, 200.0, 200.0, 200.0, 200.0, 200.0, 200.0, 200.0, 200.0, 200.0, 200.0, 200.0, 200.0, 200.0, 200.0, 200.0, 200.0, 200.0, 200.0, 200.0, 200.0, 200.0, 200.0, 200.0, 200.0, 200.0, 200.0, 200.0]",1,942.478,0.00187065,0.0500377,-0.00546558,0.0,"[7.48658, 7.79293, 8.84666, 11.3686, 20.0323, 64.566, 55.6536, 47.2582, 39.6464, 33.0363, 27.5369, 23.121, 19.6564, 16.9654, 13.2439, 10.1237, 8.52418, 7.74488, 7.51352]",0.00179749,"[0.0, 0.0, 0.0, 0.0]",0.346282
0.0,0.00365799,0.0,0.0,-0.582,0.0,1957.56,0.0,94.0,0,"[200.0, 200.0, 200.0, 200.0, 200.0, 200.0, 200.0, 200.0, 200.0, 200.0, 200.0, 200.0, 200.0, 200.0, 200.0, 200.0, 200.0, 200.0, 200.0, 200.0, 200.0, 200.0, 200.0, 200.0, 200.0, 200.0, 200.0, 200.0, 200.0, 200.0, 200.0, 200.0, 200.0, 200.0, 200.0, 200.0]",1,942.478,0.00187065,0.0500377,-0.00546558,0.0,"[7.48658, 7.79293, 8.84666, 11.3686, 20.0323, 64.566, 55.6536, 47.2582, 39.6464, 33.0363, 27.5369, 23.121, 19.6564, 16.9654, 13.2439, 10.1237, 8.52418, 7.74488, 7.51352]",0.00179749,"[0.0, 0.0, 0.0, 0.0]",0.346282
0.0,0.00365799,0.0,0.0,-0.562,0.0,1957.56,0.0,94.0,0,"[200.0, 200.0, 200.0, 200.0, 200.0, 200.0, 200.0, 200.0, 200.0, 200.0, 200.0, 200.0, 200.0, 200.0, 200.0, 200.0, 200.0, 200.0, 200.0, 200.0, 200.0, 200.0, 200.0, 200.0, 200.0, 200.0, 200.0, 200.0, 200.0, 200.0, 200.0, 200.0, 200.0, 200.0, 200.0, 200.0]",1,942.478,0.00187065,0.0500377,-0.00546558,0.0,"[7.48658, 7.79293, 8.84666, 11.3686, 20.0323, 64.566, 55.6536, 47.2582, 39.6464, 33.0363, 27.5369, 23.121, 19.6564, 16.9654, 13.2439, 10.1237, 8.52418, 7.74488, 7.51352]",0.00179749,"[0.0, 0.0, 0.0, 0.0]",0.346282
0.0,0.00365799,0.0,0.0,-0.542,0.0,1957.56,0.0,94.0,0,"[200.0, 200.0, 200.0, 200.0, 200.0, 200.0, 200.0, 200.0, 200.0, 200.0, 200.0, 200.0, 200.0, 200.0, 200.0, 200.0, 200.0, 200.0, 200.0, 200.0, 200.0, 200.0, 200.0, 200.0, 200.0, 200.0, 200.0, 200.0, 200.0, 200.0, 200.0, 200.0, 200.0, 200.0, 200.0, 200.0]",1,942.478,0.00187065,0.0500377,-0.00546558,0.0,"[7.48658, 7.79293, 8.84666, 11.3686, 20.0323, 64.566, 55.6536, 47.2582, 39.6464, 33.0363, 27.5369, 23.121, 19.6564, 16.9654, 13.2439, 10.1237, 8.52418, 7.74488, 7.51352]",0.00179749,"[0.0, 0.0, 0.0, 0.0]",0.346282
0.0,0.00365799,0.0,0.0,-0.522,0.0,1957.56,0.0,94.0,0,"[200.0, 200.0, 200.0, 200.0, 200.0, 200.0, 200.0, 200.0, 200.0, 200.0, 200.0, 200.0, 200.0, 200.0, 200.0, 200.0, 200.0, 200.0, 200.0, 200.0, 200.0, 200.0, 200.0, 200.0, 200.0, 200.0, 200.0, 200.0, 200.0, 200.0, 200.0, 200.0, 200.0, 200.0, 200.0, 200.0]",1,942.478,0.00187065,0.0500377,-0.00546558,0.0,"[7.48658, 7.79293, 8.84666, 11.3686, 20.0323, 64.566, 55.6536, 47.2582, 39.6464, 33.0363, 27.5369, 23.121, 19.6564, 16.9654, 13.2439, 10.1237, 8.52418, 7.74488, 7.51352]",0.00179749,"[0.0, 0.0, 0.0, 0.0]",0.346282
0.0,0.00365799,0.0,0.0,-0.502,0.0,1957.56,0.0,94.0,0,"[200.0, 200.0, 200.0, 200.0, 200.0, 200.0, 200.0, 200.0, 200.0, 200.0, 200.0, 200.0, 200.0, 200.0, 200.0, 200.0, 200.0, 200.0, 200.0, 200.0, 200.0, 200.0, 200.0, 200.0, 200.0, 200.0, 200.0, 200.0, 200.0, 200.0, 200.0, 200.0, 200.0, 200.0, 200.0, 200.0]",1,942.478,0.00187065,0.0500377,-0.00546558,0.0,"[7.48658, 7.79293, 8.84666, 11.3686, 20.0323, 64.566, 55.6536, 47.2582, 39.6464, 33.0363, 27.5369, 23.121, 19.6564, 16.9654, 13.2439, 10.1237, 8.52418, 7.74488, 7.51352]",0.00179749,"[0.0, 0.0, 0.0, 0.0]",0.346282
0.0,0.00365799,0.0,0.0,-0.482,0.0,1957.56,0.0,94.0,0,"[200.0, 200.0, 200.0, 200.0, 200.0, 200.0, 200.0, 200.0, 200.0, 200.0, 200.0, 200.0, 200.0, 200.0, 200.0, 200.0, 200.0, 200.0, 200.0, 200.0, 200.0, 200.0, 200.0, 200.0, 200.0, 200.0, 200.0, 200.0, 200.0, 200.0, 200.0, 200.0, 200.0, 200.0, 200.0, 200.0]",1,942.478,0.00187065,0.0500377,-0.00546558,0.0,"[7.48658, 7.79293, 8.84666, 11.3686, 20.0323, 64.566, 55.6536, 47.2582, 39.6464, 33.0363, 27.5369, 23.121, 19.6564, 16.9654, 13.2439, 10.1237, 8.52418, 7.74488, 7.51352]",0.00179749,"[0.0, 0.0, 0.0, 0.0]",0.346282
0.0,0.00365799,0.0,0.0,-0.462,0.0,1957.56,0.0,94.0,0,"[200.0, 200.0, 200.0, 200.0, 200.0, 200.0, 200.0, 200.0, 200.0, 200.0, 200.0, 200.0, 200.0, 200.0, 200.0, 200.0, 200.0, 200.0, 200.0, 200.0, 200.0, 200.0, 200.0, 200.0, 200.0, 200.0, 200.0, 200.0, 200.0, 200.0, 200.0, 200.0, 200.0, 200.0, 200.0, 200.0]",1,942.478,0.00187065,0.0500377,-0.00546558,0.0,"[7.48658, 7.79293, 8.84666, 11.3686, 20.0323, 64.566, 55.6536, 47.2582, 39.6464, 33.0363, 27.5369, 23.121, 19.6564, 16.9654, 13.2439, 10.1237, 8.52418, 7.74488, 7.51352]",0.00179749,"[0.0, 0.0, 0.0, 0.0]",0.346282
0.0,0.00365799,0.0,0.0,-0.442,0.0,1957.56,0.0,94.0,0,"[200.0, 200.0, 200.0, 200.0, 200.0, 200.0, 200.0, 200.0, 200.0, 200.0, 200.0, 200.0, 200.0, 200.0, 200.0, 200.0, 200.0, 200.0, 200.0, 200.0, 200.0, 200.0, 200.0, 200.0, 200.0, 200.0, 200.0, 200.0, 200.0, 200.0, 200.0, 200.0, 200.0, 200.0, 200.0, 200.0]",1,942.478,0.00187065,0.0500377,-0.00546558,0.0,"[7.48658, 7.79293, 8.84666, 11.3686, 20.0323, 64.566, 55.6536, 47.2582, 39.6464, 33.0363, 27.5369, 23.121, 19.6564, 16.9654, 13.2439, 10.1237, 8.52418, 7.74488, 7.51352]",0.00179749,"[0.0, 0.0, 0.0, 0.0]",0.346282
0.0,0.00365799,0.0,0.0,-0.422,0.0,1957.56,0.0,94.0,0,"[200.0, 200.0, 200.0, 200.0, 200.0, 200.0, 200.0, 200.0, 200.0, 200.0, 200.0, 200.0, 200.0, 200.0, 200.0, 200.0, 200.0, 200.0, 200.0, 200.0, 200.0, 200.0, 200.0, 200.0, 200.0, 200.0, 200.0, 200.0, 200.0, 200.0, 200.0, 200.0, 200.0, 200.0, 200.0, 200.0]",1,942.478,0.00187065,0.0500377,-0.00546558,0.0,"[7.48658, 7.79293, 8.84666, 11.3686, 20.0323, 64.566, 55.6536, 47.2582, 39.6464, 33.0363, 27.5369, 23.121, 19.6564, 16.9654, 13.2439, 10.1237, 8.52418, 7.74488, 7.51352]",0.00179749,"[0.0, 0.0, 0.0, 0.0]",0.346282
0.0,0.00365799,0.0,0.0,-0.402,0.0,1957.56,0.0,94.0,0,"[200.0, 200.0, 200.0, 200.0, 200.0, 200.0, 200.0, 200.0, 200.0, 200.0, 200.0, 200.0, 200.0, 200.0, 200.0, 200.0, 200.0, 200.0, 200.0, 200.0, 200.0, 200.0, 200.0, 200.0, 200.0, 200.0, 200.0, 200.0, 200.0, 200.0, 200.0, 200.0, 200.0, 200.0, 200.0, 200.0]",1,942.478,0.00187065,0.0500377,-0.00546558,0.0,"[7.48658, 7.79293, 8.84666, 11.3686, 20.0323, 64.566, 55.6536, 47.2582, 39.6464, 33.0363, 27.5369, 23.121, 19.6564, 16.9654, 13.2439, 10.1237, 8.52418, 7.74488, 7.51352]",0.00179749,"[0.0, 0.0, 0.0, 0.0]",0.346282
0.0,0.00365799,0.0,0.0,-0.382,0.0,1957.56,0.0,94.0,0,"[200.0, 200.0, 200.0, 200.0, 200.0, 200.0, 200.0, 200.0, 200.0, 200.0, 200.0, 200.0, 200.0, 200.0, 200.0, 200.0, 200.0, 200.0, 200.0, 200.0, 200.0, 200.0, 200.0, 200.0, 200.0, 200.0, 200.0, 200.0, 200.0, 200.0, 200.0, 200.0, 200.0, 200.0, 200.0, 200.0]",1,942.478,0.00187065,0.0500377,-0.00546558,0.0,"[7.48658, 7.79293, 8.84666, 11.3686, 20.0323, 64.566, 55.6536, 47.2582, 39.6464, 33.0363, 27.5369, 23.121, 19.6564, 16.9654, 13.2439, 10.1237, 8.52418, 7.74488, 7.51352]",0.00179749,"[0.0, 0.0, 0.0, 0.0]",0.346282
0.0,0.00365799,0.0,0.0,-0.362,0.0,1957.56,0.0,94.0,0,"[200.0, 200.0, 200.0, 200.0, 200.0, 200.0, 200.0, 200.0, 200.0, 200.0, 200.0, 200.0, 200.0, 200.0, 200.0, 200.0, 200.0, 200.0, 200.0, 200.0, 200.0, 200.0, 200.0, 200.0, 200.0, 200.0, 200.0, 200.0, 200.0, 200.0, 200.0, 200.0, 200.0, 200.0, 200.0, 200.0]",1,942.478,0.00187065,0.0500377,-0.00546558,0.0,"[7.48658, 7.79293, 8.84666, 11.3686, 20.0323, 64.566, 55.6536, 47.2582, 39.6464, 33.0363, 27.5369, 23.121, 19.6564, 16.9654, 13.2439, 10.1237, 8.52418, 7.74488, 7.51352]",0.00179749,"[0.0, 0.0, 0.0, 0.0]",0.346282
0.0,0.00365799,0.0,0.0,-0.342,0.0,1957.56,0.0,94.0,0,"[200.0, 200.0, 200.0, 200.0, 200.0, 200.0, 200.0, 200.0, 200.0, 200.0, 200.0, 200.0, 200.0, 200.0, 200.0, 200.0, 200.0, 200.0, 200.0, 200.0, 200.0, 200.0, 200.0, 200.0, 200.0, 200.0, 200.0, 200.0, 200.0, 200.0, 200.0, 200.0, 200.0, 200.0, 200.0, 200.0]",1,942.478,0.00187065,0.0500377,-0.00546558,0.0,"[7.48658, 7.79293, 8.84666, 11.3686, 20.0323, 64.566, 55.6536, 47.2582, 39.6464, 33.0363, 27.5369, 23.121, 19.6564, 16.9654, 13.2439, 10.1237, 8.52418, 7.74488, 7.51352]",0.00179749,"[0.0, 0.0, 0.0, 0.0]",0.346282
0.0,0.00365799,0.0,0.0,-0.322,0.0,1957.56,0.0,94.0,0,"[200.0, 200.0, 200.0, 200.0, 200.0, 200.0, 200.0, 200.0, 200.0, 200.0, 200.0, 200.0, 200.0, 200.0, 200.0, 200.0, 200.0, 200.0, 200.0, 200.0, 200.0, 200.0, 200.0, 200.0, 200.0, 200.0, 200.0, 200.0, 200.0, 200.0, 200.0, 200.0, 200.0, 200.0, 200.0, 200.0]",1,942.478,0.00187065,0.0500377,-0.00546558,0.0,"[7.48658, 7.79293, 8.84666, 11.3686, 20.0323, 64.566, 55.6536, 47.2582, 39.6464, 33.0363, 27.5369, 23.121, 19.6564, 16.9654, 13.2439, 10.1237, 8.52418, 7.74488, 7.51352]",0.00179749,"[0.0, 0.0, 0.0, 0.0]",0.346282
0.0,0.00365799,0.0,0.0,-0.302,0.0,1957.56,0.0,94.0,0,"[200.0, 200.0, 200.0, 200.0, 200.0, 200.0, 200.0, 200.0, 200.0, 200.0, 200.0, 200.0, 200.0, 200.0, 200.0, 200.0, 200.0, 200.0, 200.0, 200.0, 200.0, 200.0, 200.0, 200.0, 200.0, 200.0, 200.0, 200.0, 200.0, 200.0, 200.0, 200.0, 200.0, 200.0, 200.0, 200.0]",1,942.478,0.00187065,0.0500377,-0.00546558,0.0,"[7.48658, 7.79293, 8.84666, 11.3686, 20.0323, 64.566, 55.6536, 47.2582, 39.6464, 33.0363, 27.5369, 23.121, 19.6564, 16.9654, 13.2439, 10.1237, 8.52418, 7.74488, 7.51352]",0.00179749,"[0.0, 0.0, 0.0, 0.0]",0.346282
0.0,0.00365799,0.0,0.0,-0.282,0.0,1957.56,0.0,94.0,0,"[200.0, 200.0, 200.0, 200.0, 200.0, 200.0, 200.0, 200.0, 200.0, 200.0, 200.0, 200.0, 200.0, 200.0, 200.0, 200.0, 200.0, 200.0, 200.0, 200.0, 200.0, 200.0, 200.0, 200.0, 200.0, 200.0, 200.0, 200.0, 200.0, 200.0, 200.0, 200.0, 200.0, 200.0, 200.0, 200.0]",1,942.478,0.00187065,0.0500377,-0.00546558,0.0,"[7.48658, 7.79293, 8.84666, 11.3686, 20.0323, 64.566, 55.6536, 47.2582, 39.6464, 33.0363, 27.5369, 23.121, 19.6564, 16.9654, 13.2439, 10.1237, 8.52418, 7.74488, 7.51352]",0.00179749,"[0.0, 0.0, 0.0, 0.0]",0.346282
0.0,0.00365799,0.0,0.0,-0.262,0.0,1957.56,0.0,94.0,0,"[200.0, 200.0, 200.0, 200.0, 200.0, 200.0, 200.0, 200.0, 200.0, 200.0, 200.0, 200.0, 200.0, 200.0, 200.0, 200.0, 200.0, 200.0, 200.0, 200.0, 200.0, 200.0, 200.0, 200.0, 200.0, 200.0, 200.0, 200.0, 200.0, 200.0, 200.0, 200.0, 200.0, 200.0, 200.0, 200.0]",1,942.478,0.00187065,0.0500377,-0.00546558,0.0,"[7.48658, 7.79293, 8.84666, 11.3686, 20.0323, 64.566, 55.6536, 47.2582, 39.6464, 33.0363, 27.5369, 23.121, 19.6564, 16.9654, 13.2439, 10.1237, 8.52418, 7.74488, 7.51352]",0.00179749,"[0.0, 0.0, 0.0, 0.0]",0.346282
0.0,0.00365799,0.0,0.0,-0.242,0.0,1957.56,0.0,94.0,0,"[200.0, 200.0, 200.0, 200.0, 200.0, 200.0, 200.0, 200.0, 200.0, 200.0, 200.0, 200.0, 200.0, 200.0, 200.0, 200.0, 200.0, 200.0, 200.0, 200.0, 200.0, 200.0, 200.0, 200.0, 200.0, 200.0, 200.0, 200.0, 200.0, 200.0, 200.0, 200.0, 200.0, 200.0, 200.0, 200.0]",1,942.478,0.00187065,0.0500377,-0.00546558,0.0,"[7.48658, 7.79293, 8.84666, 11.3686, 20.0323, 64.566, 55.6536, 47.2582, 39.6464, 33.0363, 27.5369, 23.121, 19.6564, 16.9654, 13.2439, 10.1237, 8.52418, 7.74488, 7.51352]",0.00179749,"[0.0, 0.0, 0.0, 0.0]",0.346282
0.0,0.00365799,0.0,0.0,-0.222,0.0,1957.56,0.0,94.0,0,"[200.0, 200.0, 200.0, 200.0, 200.0, 200.0, 200.0, 200.0, 200.0, 200.0, 200.0, 200.0, 200.0, 200.0, 200.0, 200.0, 200.0, 200.0, 200.0, 200.0, 200.0, 200.0, 200.0, 200.0, 200.0, 200.0, 200.0, 200.0, 200.0, 200.0, 200.0, 200.0, 200.0, 200.0, 200.0, 200.0]",1,942.478,0.00187065,0.0500377,-0.00546558,0.0,"[7.48658, 7.79293, 8.84666, 11.3686, 20.0323, 64.566, 55.6536, 47.2582, 39.6464, 33.0363, 27.5369, 23.121, 19.6564, 16.9654, 13.2439, 10.1237, 8.52418, 7.74488, 7.51352]",0.00179749,"[0.0, 0.0, 0.0, 0.0]",0.346282
0.0,0.00365799,0.0,0.0,-0.202,0.0,1957.56,0.0,94.0,0,"[200.0, 200.0, 200.0, 200.0, 200.0, 200.0, 200.0, 200.0, 200.0, 200.0, 200.0, 200.0, 200.0, 200.0, 200.0, 200.0, 200.0, 200.0, 200.0, 200.0, 200.0, 200.0, 200.0, 200.0, 200.0, 200.0, 200.0, 200.0, 200.0, 200.0, 200.0, 200.0, 200.0, 200.0, 200.0, 200.0]",1,942.478,0.00187065,0.0500377,-0.00546558,0.0,"[7.48658, 7.79293, 8.84666, 11.3686, 20.0323, 64.566, 55.6536, 47.2582, 39.6464, 33.0363, 27.5369, 23.121, 19.6564, 16.9654, 13.2439, 10.1237, 8.52418, 7.74488, 7.51352]",0.00179749,"[0.0, 0.0, 0.0, 0.0]",0.346282
0.0,0.00365799,0.0,0.0,-0.182,0.0,1957.56,0.0,94.0,0,"[200.0, 200.0, 200.0, 200.0, 200.0, 200.0, 200.0, 200.0, 200.0, 200.0, 200.0, 200.0, 200.0, 200.0, 200.0, 200.0, 200.0, 200.0, 200.0, 200.0, 200.0, 200.0, 200.0, 200.0, 200.0, 200.0, 200.0, 200.0, 200.0, 200.0, 200.0, 200.0, 200.0, 200.0, 200.0, 200.0]",1,942.478,0.00187065,0.0500377,-0.00546558,0.0,"[7.48658, 7.79293, 8.84666, 11.3686, 20.0323, 64.566, 55.6536, 47.2582, 39.6464, 33.0363, 27.5369, 23.121, 19.6564, 16.9654, 13.2439, 10.1237, 8.52418, 7.74488, 7.51352]",0.00179749,"[0.0, 0.0, 0.0, 0.0]",0.346282
0.0,0.00365799,0.0,0.0,-0.162,0.0,1957.56,0.0,94.0,0,"[200.0, 200.0, 200.0, 200.0, 200.0, 200.0, 200.0, 200.0, 200.0, 200.0, 200.0, 200.0, 200.0, 200.0, 200.0, 200.0, 200.0, 200.0, 200.0, 200.0, 200.0, 200.0, 200.0, 200.0, 200.0, 200.0, 200.0, 200.0, 200.0, 200.0, 200.0, 200.0, 200.0, 200.0, 200.0, 200.0]",1,942.478,0.00187065,0.0500377,-0.00546558,0.0,"[7.48658, 7.79293, 8.84666, 11.3686, 20.0323, 64.566, 55.6536, 47.2582, 39.6464, 33.0363, 27.5369, 23.121, 19.6564, 16.9654, 13.2439, 10.1237, 8.52418, 7.74488, 7.51352]",0.00179749,"[0.0, 0.0, 0.0, 0.0]",0.346282
0.0,0.00365799,0.0,0.0,-0.142,0.0,1957.56,0.0,94.0,0,"[200.0, 200.0, 200.0, 200.0, 200.0, 200.0, 200.0, 200.0, 200.0, 200.0, 200.0, 200.0, 200.0, 200.0, 200.0, 200.0, 200.0, 200.0, 200.0, 200.0, 200.0, 200.0, 200.0, 200.0, 200.0, 200.0, 200.0, 200.0, 200.0, 200.0, 200.0, 200.0, 200.0, 200.0, 200.0, 200.0]",1,942.478,0.00187065,0.0500377,-0.00546558,0.0,"[7.48658, 7.79293, 8.84666, 11.3686, 20.0323, 64.566, 55.6536, 47.2582, 39.6464, 33.0363, 27.5369, 23.121, 19.6564, 16.9654, 13.2439, 10.1237, 8.52418, 7.74488, 7.51352]",0.00179749,"[0.0, 0.0, 0.0, 0.0]",0.346282
0.0,0.00365799,0.0,0.0,-0.122,0.0,1957.56,0.0,94.0,0,"[200.0, 200.0, 200.0, 200.0, 200.0, 200.0, 200.0, 200.0, 200.0, 200.0, 200.0, 200.0, 200.0, 200.0, 200.0, 200.0, 200.0, 200.0, 200.0, 200.0, 200.0, 200.0, 200.0, 200.0, 200.0, 200.0, 200.0, 200.0, 200.0, 200.0, 200.0, 200.0, 200.0, 200.0, 200.0, 200.0]",1,942.478,0.00187065,0.0500377,-0.00546558,0.0,"[7.48658, 7.79293, 8.84666, 11.3686, 20.0323, 64.566, 55.6536, 47.2582, 39.6464, 33.0363, 27.5369, 23.121, 19.6564, 16.9654, 13.2439, 10.1237, 8.52418, 7.74488, 7.51352]",0.00179749,"[0.0, 0.0, 0.0, 0.0]",0.346282
0.0,0.00365799,0.0,0.0,-0.102,0.0,1957.56,0.0,94.0,0,"[200.0, 200.0, 200.0, 200.0, 200.0, 200.0, 200.0, 200.0, 200.0, 200.0, 200.0, 200.0, 200.0, 200.0, 200.0, 200.0, 200.0, 200.0, 200.0, 200.0, 200.0, 200.0, 200.0, 200.0, 200.0, 200.0, 200.0, 200.0, 200.0, 200.0, 200.0, 200.0, 200.0, 200.0, 200.0, 200.0]",1,942.478,0.00187065,0.0500377,-0.00546558,0.0,"[7.48658, 7.79293, 8.84666, 11.3686, 20.0323, 64.566, 55.6536, 47.2582, 39.6464, 33.0363, 27.5369, 23.121, 19.6564, 16.9654, 13.2439, 10.1237, 8.52418, 7.74488, 7.51352]",0.00179749,"[0.0, 0.0, 0.0, 0.0]",0.346282
0.0,0.00365799,0.0,0.0,-0.082,0.0,1957.56,0.0,94.0,0,"[200.0, 200.0, 200.0, 200.0, 200.0, 200.0, 200.0, 200.0, 200.0, 200.0, 200.0, 200.0, 200.0, 200.0, 200.0, 200.0, 200.0, 200.0, 200.0, 200.0, 200.0, 200.0, 200.0, 200.0, 200.0, 200.0, 200.0, 200.0, 200.0, 200.0, 200.0, 200.0, 200.0, 200.0, 200.0, 200.0]",1,942.478,0.00187065,0.0500377,-0.00546558,0.0,"[7.48658, 7.79293, 8.84666, 11.3686, 20.0323, 64.566, 55.6536, 47.2582, 39.6464, 33.0363, 27.5369, 23.121, 19.6564, 16.9654, 13.2439, 10.1237, 8.52418, 7.74488, 7.51352]",0.00179749,"[0.0, 0.0, 0.0, 0.0]",0.346282
0.0,0.00365799,0.0,0.0,-0.062,0.0,1957.56,0.0,94.0,0,"[200.0, 200.0, 200.0, 200.0, 200.0, 200.0, 200.0, 200.0, 200.0, 200.0, 200.0, 200.0, 200.0, 200.0, 200.0, 200.0, 200.0, 200.0, 200.0, 200.0, 200.0, 200.0, 200.0, 200.0, 200.0, 200.0, 200.0, 200.0, 200.0, 200.0, 200.0, 200.0, 200.0, 200.0, 200.0, 200.0]",1,942.478,0.00187065,0.0500377,-0.00546558,0.0,"[7.48658, 7.79293, 8.84666, 11.3686, 20.0323, 64.566, 55.6536, 47.2582, 39.6464, 33.0363, 27.5369, 23.121, 19.6564, 16.9654, 13.2439, 10.1237, 8.52418, 7.74488, 7.51352]",0.00179749,"[0.0, 0.0, 0.0, 0.0]",0.346282
0.0,0.00365799,0.0,0.0,-0.042,0.0,1957.56,0.0,94.0,0,"[200.0, 200.0, 200.0, 200.0, 200.0, 200.0, 200.0, 200.0, 200.0, 200.0, 200.0, 200.0, 200.0, 200.0, 200.0, 200.0, 200.0, 200.0, 200.0, 200.0, 200.0, 200.0, 200.0, 200.0, 200.0, 200.0, 200.0, 200.0, 200.0, 200.0, 200.0, 200.0, 200.0, 200.0, 200.0, 200.0]",1,942.478,0.00187065,0.0500377,-0.00546558,0.0,"[7.48658, 7.79293, 8.84666, 11.3686, 20.0323, 64.566, 55.6536, 47.2582, 39.6464, 33.0363, 27.5369, 23.121, 19.6564, 16.9654, 13.2439, 10.1237, 8.52418, 7.74488, 7.51352]",0.00179749,"[0.0, 0.0, 0.0, 0.0]",0.346282
0.0,0.00365799,0.0,0.0,-0.022,0.0,1957.56,0.0,94.0,0,"[200.0, 200.0, 200.0, 200.0, 200.0, 200.0, 200.0, 200.0, 200.0, 200.0, 200.0, 200.0, 200.0, 200.0, 200.0, 200.0, 200.0, 200.0, 200.0, 200.0, 200.0, 200.0, 200.0, 200.0, 200.0, 200.0, 200.0, 200.0, 200.0, 200.0, 200.0, 200.0, 200.0, 200.0, 200.0, 200.0]",1,942.478,0.00187065,0.0500377,-0.00546558,0.0,"[7.48658, 7.79293, 8.84666, 11.3686, 20.0323, 64.566, 55.6536, 47.2582, 39.6464, 33.0363, 27.5369, 23.121, 19.6564, 16.9654, 13.2439, 10.1237, 8.52418, 7.74488, 7.51352]",0.00179749,"[0.0, 0.0, 0.0, 0.0]",0.346282
0.0,0.00336092,0.0,0.0,0.018,0.0,1957.56,0.0,94.0,0,"[200.0, 200.0, 200.0, 200.0, 200.0, 200.0, 200.0, 200.0, 200.0, 200.0, 200.0, 200.0, 200.0, 200.0, 200.0, 200.0, 200.0, 200.0, 200.0, 200.0, 200.0, 200.0, 200.0, 200.0, 200.0, 200.0, 200.0, 200.0, 200.0, 200.0, 200.0, 200.0, 200.0, 200.0, 200.0, 200.0]",1,942.478,-0.012669,0.109231,-0.0062602,1.0,"[7.48607, 7.7917, 8.84428, 11.3634, 20.0058, 64.5975, 55.684, 47.2864, 39.6717, 33.058, 27.5548, 23.1354, 19.6677, 16.9744, 13.2496, 10.1268, 8.52601, 7.74594, 7.51402]",0.00186361,"[-0.684081, 0.993706, -2.04679, 2.15394]",0.346288
1.0,0.0032441,0.0,0.0,0.038,0.0,1957.56,-0.00012207,94.0,1,"[200.0, 200.0, 200.0, 200.0, 200.0, 200.0, 200.0, 200.0, 200.0, 200.0, 200.0, 200.0, 200.0, 200.0, 200.0, 200.0, 200.0, 200.0, 200.0, 200.0, 200.0, 200.0, 200.0, 200.0, 200.0, 200.0, 200.0, 200.0, 200.0, 200.0, 200.0, 200.0, 200.0, 200.0, 200.0, 200.0]",1,956.343,-0.000143294,0.134494,-0.00863839,1.0,"[7.48537, 7.79069, 8.84273, 11.3605, 19.9934, 64.6105, 55.6966, 47.2984, 39.6826, 33.0676, 27.5629, 23.1421, 19.6732, 16.9788, 13.2526, 10.1287, 8.52728, 7.74686, 7.5147]",0.00195618,"[1.11976, -0.807737, 2.51336, -0.726244]",0.346301
1.0,0.00320214,0.0,0.0,0.058,0.0,1957.56,0.0,94.0,1,"[200.0, 200.0, 200.0, 200.0, 200.0, 200.0, 200.0, 200.0, 200.0, 200.0, 200.0, 200.0, 200.0, 200.0, 200.0, 200.0, 200.0, 200.0, 200.0, 200.0, 200.0, 200.0, 200.0, 200.0, 200.0, 200.0, 200.0, 200.0, 200.0, 200.0, 200.0, 200.0, 200.0, 200.0, 200.0, 200.0]",1,971.761,0.0105412,0.143327,-0.0113689,1.0,"[7.4846, 7.78978, 8.84155, 11.3586, 19.9867, 64.6158, 55.702, 47.3037, 39.6876, 33.0721, 27.5669, 23.1456, 19.6762, 16.9814, 13.2545, 10.13, 8.52833, 7.74773, 7.51548]",0.00205892,"[-0.824323, 0.977024, -0.690936, 2.54493]",0.346305
1.0,0.00316685,0.0,0.0,0.078,0.0,1957.56,0.00012207,94.0,1,"[200.0, 200.0, 200.0, 200.0, 200.0, 200.0, 200.0, 200.0, 200.0, 200.0, 200.0, 200.0, 200.0, 200.0, 200.0, 200.0, 200.0, 200.0, 200.0, 200.0, 200.0, 200.0, 200.0, 200.0, 200.0, 200.0, 200.0, 200.0, 200.0, 200.0, 200.0, 200.0, 200.0, 200.0, 200.0, 200.0]",1,987.193,0.0228613,0.149334,-0.013541,1.0,"[7.48378, 7.78886, 8.84036, 11.3568, 19.9806, 64.6204, 55.7067, 47.3083, 39.6921, 33.0763, 27.5706, 23.1488, 19.679, 16.9838, 13.2564, 10.1313, 8.52939, 7.74863, 7.51629]",0.00216777,"[0.995676, -0.811886, 2.48457, -0.766956]",0.346299
1.0,0.00312775,0.0,0.0,0.098,0.0,1957.56,0.000244141,94.0,1,"[200.0, 200.0, 200.0, 200.0, 200.0, 200.0, 200.0, 200.0, 200.0, 200.0, 200.0, 200.0, 200.0, 200.0, 200.0, 200.0, 200.0, 200.0, 200.0, 200.0, 200.0, 200.0, 200.0, 200.0, 200.0, 200.0, 200.0, 200.0, 200.0, 200.0, 200.0, 200.0, 200.0, 200.0, 200.0, 200.0]",1,1002.64,0.0328426,0.151378,-0.0150514,1.0,"[7.48294, 7.78788, 8.83911, 11.3548, 19.974, 64.6254, 55.7118, 47.3134, 39.6969, 33.0808, 27.5747, 23.1524, 19.682, 16.9864, 13.2583, 10.1328, 8.53048, 7.74957, 7.51713]",0.00227966,"[-0.941851, 0.987097, -0.736361, 2.51064]",0.346284
1.0,0.00308674,0.0,0.0,0.118,0.0,1957.56,0.000488281,94.0,1,"[200.0, 200.0, 200.0, 200.0, 200.0, 200.0, 200.0, 200.0, 200.0, 200.0, 200.0, 200.0, 200.0, 200.0, 200.0, 200.0, 200.0, 200.0, 200.0, 200.0, 200.0, 200.0, 200.0, 200.0, 200.0, 200.0, 200.0, 200.0, 200.0, 200.0, 200.0, 200.0, 200.0, 200.0, 200.0, 200.0]",1,1018.09,0.0450278,0.154915,-0.0159869,1.0,"[7.48209, 7.7869, 8.83784, 11.3528, 19.9672, 64.6307, 55.7172, 47.3187, 39.702, 33.0854, 27.5788, 23.156, 19.6852, 16.9891, 13.2604, 10.1342, 8.53161, 7.75051, 7.51798]",0.00239258,"[0.880896, -0.796637, 2.44023, -0.820263]",0.346264
1.0,0.00304097,0.0,0.0,0.138,0.0,1957.56,0.000732422,94.0,1,"[200.0, 200.0, 200.0, 200.0, 200.0, 200.0, 200.0, 200.0, 200.0, 200.0, 200.0, 200.0, 200.0, 200.0, 200.0, 200.0, 200.0, 200.0, 200.0, 200.0, 200.0, 200.0, 200.0, 200.0, 200.0, 200.0, 200.0, 200.0, 200.0, 200.0, 200.0, 200.0, 200.0, 200.0, 200.0, 200.0]",1,1033.55,0.0539973,0.156928,-0.0164936,1.0,"[7.48122, 7.78588, 8.8365, 11.3507, 19.96, 64.6364, 55.723, 47.3244, 39.7074, 33.0905, 27.5832, 23.1599, 19.6884, 16.992, 13.2625, 10.1357, 8.53279, 7.75149, 7.51884]",0.00250854,"[-1.0545, 1.00867, -0.790758, 2.46548]",0.346242
1.0,0.0030052,0.0,0.0,0.158,0.0,1957.56,0.00109863,94.0,1,"[200.0, 200.0, 200.0, 200.0, 200.0, 200.0, 200.0, 200.0, 200.0, 200.0, 200.0, 200.0, 200.0, 200.0, 200.0, 200.0, 200.0, 200.0, 200.0, 200.0, 200.0, 200.0, 200.0, 200.0, 200.0, 200.0, 200.0, 200.0, 200.0, 200.0, 200.0, 200.0, 200.0, 200.0, 200.0, 200.0]",1,1049.03,0.0663936,0.157843,-0.0165808,1.0,"[7.48035, 7.78488, 8.83524, 11.3488, 19.9535, 64.6412, 55.7279, 47.3292, 39.712, 33.0948, 27.5871, 23.1633, 19.6915, 16.9946, 13.2645, 10.1371, 8.53391, 7.75245, 7.51971]",0.00262451,"[0.771036, -0.767588, 2.38922, -0.877672]",0.346217
1.0,0.00297993,0.0,0.0,0.178,0.0,1957.56,0.00146484,94.0,1,"[200.0, 200.0, 200.0, 200.0, 200.0, 200.0, 200.0, 200.0, 200.0, 200.0, 200.0, 200.0, 200.0, 200.0, 200.0, 200.0, 200.0, 200.0, 200.0, 200.0, 200.0, 200.0, 200.0, 200.0, 200.0, 200.0, 200.0, 200.0, 200.0, 200.0, 200.0, 200.0, 200.0, 200.0, 200.0, 200.0]",1,942.478,0.0754588,0.154749,-0.0164833,1.0,"[7.47949, 7.78392, 8.83405, 11.347, 19.948, 64.6449, 55.7317, 47.3331, 39.7159, 33.0983, 27.5904, 23.1662, 19.694, 16.9968, 13.2663, 10.1385, 8.53499, 7.75339, 7.52058]",0.00274048,"[-1.15535, 1.05362, -0.533254, 2.7646]",0.346194
1.0,0.00285786,0.0,0.0,0.198,0.0,1957.56,0.00305176,94.0,1,"[200.0, 200.0, 200.0, 200.0, 200.0, 200.0, 200.0, 200.0, 200.0, 200.0, 200.0, 200.0, 200.0, 200.0, 200.0, 200.0, 200.0, 200.0, 200.0, 200.0, 200.0, 200.0, 200.0, 200.0, 200.0, 200.0, 200.0, 200.0, 200.0, 200.0, 200.0, 200.0, 200.0, 200.0, 200.0, 200.0]",1,942.478,0.505037,0.123515,-0.014528,1.0,"[7.47874, 7.78284, 8.83242, 11.344, 19.9351, 64.6584, 55.7449, 47.3456, 39.7273, 33.1084, 27.5989, 23.1733, 19.6998, 17.0015, 13.2695, 10.1404, 8.53634, 7.75438, 7.52132]",0.00283915,"[0.651481, -0.643294, 0.34284, -0.490694]",0.346164
1.0,0.00239819,0.0,0.0,0.218,0.0,1957.57,0.00634766,94.0,1,"[200.0, 200.0, 200.0, 200.0, 200.0, 200.0, 200.0, 200.0, 200.0, 200.0, 200.0, 200.0, 200.0, 200.0, 200.0, 200.0, 200.0, 200.0, 200.0, 200.0, 200.0, 200.0, 200.0, 200.0, 200.0, 200.0, 200.0, 200.0, 200.0, 200.0, 200.0, 200.0, 200.0, 200.0, 200.0, 200.0]",1,942.478,0.723913,0.142876,-0.00990039,1.0,"[7.47813, 7.78112, 8.82892, 11.3362, 19.8954, 64.707, 55.7917, 47.3892, 39.7662, 33.1417, 27.6263, 23.1951, 19.7171, 17.0151, 13.278, 10.1451, 8.539, 7.75585, 7.52191]",0.00291951,"[-0.431576, 1.3536, 3.48888, 2.98157]",0.346145
1.0,0.00187367,0.0,0.0,0.238,0.0,1957.57,0.0115967,94.0,1,"[200.0, 200.0, 200.0, 200.0, 200.0, 200.0, 200.0, 200.0, 200.0, 200.0, 200.0, 200.0, 200.0, 200.0, 200.0, 200.0, 200.0, 200.0, 200.0, 200.0, 200.0, 200.0, 200.0, 200.0, 200.0, 200.0, 200.0, 200.0, 200.0, 200.0, 200.0, 200.0, 200.0, 200.0, 200.0, 200.0]",1,942.478,1.02726,0.192043,-0.00733038,1.0,"[7.47723, 7.77895, 8.82472, 11.327, 19.8497, 64.7626, 55.8453, 47.4391, 39.8109, 33.1801, 27.658, 23.2206, 19.7372, 17.031, 13.2882, 10.1506, 8.54223, 7.75773, 7.52279]",0.00303752,"[1.58639, 0.0754241, 3.29756, 3.30629]",0.346167
1.0,0.00107067,0.0,0.0,0.26,0.0,1957.58,0.0195313,94.0,1,"[200.0, 200.0, 200.0, 200.0, 200.0, 200.0, 200.0, 200.0, 200.0, 200.0, 200.0, 200.0, 200.0, 200.0, 200.0, 200.0, 200.0, 200.0, 200.0, 200.0, 200.0, 200.0, 200.0, 200.0, 200.0, 200.0, 200.0, 200.0, 200.0, 200.0, 200.0, 200.0, 200.0, 200.0, 200.0, 200.0]",1,942.478,1.52065,0.250143,-0.00804124,1.0,"[7.47585, 7.7756, 8.81824, 11.3129, 19.7801, 64.8478, 55.9274, 47.5157, 39.8795, 33.239, 27.7067, 23.2597, 19.7682, 17.0555, 13.3037, 10.1591, 8.54723, 7.76064, 7.52416]",0.00322164,"[-0.244944, 2.50601, 0.891502, 0.721314]",0.34623
1.0,0.000178035,0.0,0.0,0.28,0.0,1957.59,0.0285645,94.0,1,"[200.0, 200.0, 200.0, 200.0, 200.0, 200.0, 200.0, 200.0, 200.0, 200.0, 200.0, 200.0, 200.0, 200.0, 200.0, 200.0, 200.0, 200.0, 200.0, 200.0, 200.0, 200.0, 200.0, 200.0, 200.0, 200.0, 200.0, 200.0, 200.0, 200.0, 200.0, 200.0, 200.0, 200.0, 200.0, 200.0]",1,942.478,1.83437,0.315471,-0.0114079,1.0,"[7.47421, 7.77179, 8.81096, 11.2972, 19.7034, 64.9427, 56.019, 47.6011, 39.9562, 33.3049, 27.7612, 23.3035, 19.8029, 17.0829, 13.3212, 10.1688, 8.55292, 7.76397, 7.52579]",0.00343933,"[3.13438, -0.231348, 2.1633, 2.10244]",0.346306
1.0,-0.00100547,0.0,0.0,0.3,0.0,1957.6,0.0396729,94.0,1,"[200.0, 200.0, 200.0, 200.0, 200.0, 200.0, 200.0, 200.0, 200.0, 200.0, 200.0, 200.0, 200.0, 200.0, 200.0, 200.0, 200.0, 200.0, 200.0, 200.0, 200.0, 200.0, 200.0, 200.0, 200.0, 200.0, 200.0, 200.0, 200.0, 200.0, 200.0, 200.0, 200.0, 200.0, 200.0, 200.0]",1,942.478,2.03634,0.371877,-0.0170059,1.0,"[7.47226, 7.76697, 8.80158, 11.2767, 19.6041, 65.0682, 56.14, 47.7141, 40.0574, 33.3918, 27.833, 23.3613, 19.8486, 17.119, 13.3441, 10.1813, 8.56024, 7.76819, 7.52775]",0.00369975,"[0.532155, 2.9739, 5.2524, 5.64791]",0.346386
1.0,-0.00230247,0.0,0.0,0.32,0.0,1957.61,0.0524902,94.0,1,"[200.0, 200.0, 200.0, 200.0, 200.0, 200.0, 200.0, 200.0, 200.0, 200.0, 200.0, 200.0, 200.0, 200.0, 200.0, 200.0, 200.0, 200.0, 200.0, 200.0, 200.0, 200.0, 200.0, 200.0, 200.0, 200.0, 200.0, 200.0, 200.0, 200.0, 200.0, 200.0, 200.0, 200.0, 200.0, 200.0]",1,942.478,2.51578,0.442499,-0.0243539,1.0,"[7.46998, 7.76155, 8.79114, 11.2542, 19.4964, 65.206, 56.2731, 47.8382, 40.1688, 33.4877, 27.9124, 23.4251, 19.8992, 17.1589, 13.3695, 10.1952, 8.56845, 7.77299, 7.53006]",0.00400594,"[3.58463, 0.459701, 1.87848, 1.66546]",0.346462
1.0,-0.00390751,0.0,0.0,0.34,0.0,1957.63,0.0671387,94.0,1,"[200.0, 200.0, 200.0, 200.0, 200.0, 200.0, 200.0, 200.0, 200.0, 200.0, 200.0, 200.0, 200.0, 200.0, 200.0, 200.0, 200.0, 200.0, 200.0, 200.0, 200.0, 200.0, 200.0, 200.0, 200.0, 200.0, 200.0, 200.0, 200.0, 200.0, 200.0, 200.0, 200.0, 200.0, 200.0, 200.0]",1,942.478,2.82686,0.501103,-0.0331163,1.0,"[7.46738, 7.75508, 8.77854, 11.2267, 19.3665, 65.3763, 56.4375, 47.9919, 40.3067, 33.6063, 28.0105, 23.504, 19.9616, 17.2081, 13.4008, 10.2123, 8.57841, 7.77873, 7.53273]",0.00435689,"[1.06738, 3.58511, 3.16629, 3.12645]",0.346529
1.0,-0.00565273,0.0,0.0,0.36,0.0,1957.64,0.0837402,94.0,1,"[200.0, 200.0, 200.0, 200.0, 200.0, 200.0, 200.0, 200.0, 200.0, 200.0, 200.0, 200.0, 200.0, 200.0, 200.0, 200.0, 200.0, 200.0, 200.0, 200.0, 200.0, 200.0, 200.0, 200.0, 200.0, 200.0, 200.0, 200.0, 200.0, 200.0, 200.0, 200.0, 200.0, 200.0, 200.0, 200.0]",1,942.478,3.04384,0.560038,-0.042066,1.0,"[7.46449, 7.74797, 8.76476, 11.197, 19.228, 65.5616, 56.6166, 48.1593, 40.4572, 33.7359, 28.1178, 23.5903, 20.03, 17.2622, 13.4351, 10.2311, 8.58938, 7.78511, 7.53576]",0.0047526,"[4.2076, 0.989799, 6.1264, 6.09568]",0.346586
1.0,-0.00762016,0.0,0.0,0.38,0.0,1957.66,0.102173,94.0,1,"[200.0, 200.0, 200.0, 200.0, 200.0, 200.0, 200.0, 200.0, 200.0, 200.0, 200.0, 200.0, 200.0, 200.0, 200.0, 200.0, 200.0, 200.0, 200.0, 200.0, 200.0, 200.0, 200.0, 200.0, 200.0, 200.0, 200.0, 200.0, 200.0, 200.0, 200.0, 200.0, 200.0, 200.0, 200.0, 200.0]",1,942.478,3.47407,0.593677,-0.0517196,1.0,"[7.46128, 7.74003, 8.74934, 11.1636, 19.0756, 65.7706, 56.8187, 48.3482, 40.6271, 33.8824, 28.2393, 23.6881, 20.1074, 17.3233, 13.4739, 10.2523, 8.6018, 7.79231, 7.53916]",0.00519511,"[1.93403, 4.04289, 4.40522, 2.71145]",0.346637
1.0,-0.0098241,0.0,0.0,0.4,0.0,1957.68,0.122559,94.0,1,"[200.0, 200.0, 200.0, 200.0, 200.0, 200.0, 200.0, 200.0, 200.0, 200.0, 200.0, 200.0, 200.0, 200.0, 200.0, 200.0, 200.0, 200.0, 200.0, 200.0, 200.0, 200.0, 200.0, 200.0, 200.0, 200.0, 200.0, 200.0, 200.0, 200.0, 200.0, 200.0, 200.0, 200.0, 200.0, 200.0]",1,942.478,3.82823,0.668554,-0.0614124,1.0,"[7.45773, 7.73119, 8.73217, 11.1266, 18.9093, 66.0048, 57.0453, 48.5604, 40.8181, 34.0471, 28.376, 23.7982, 20.1947, 17.3922, 13.5176, 10.2762, 8.61574, 7.8004, 7.543]",0.00568949,"[4.87099, 1.44422, 3.63632, 3.50544]",0.346696
1.0,-0.0122493,0.0,0.0,0.42,0.0,1957.7,0.144775,94.0,1,"[200.0, 200.0, 200.0, 200.0, 200.0, 200.0, 200.0, 200.0, 200.0, 200.0, 200.0, 200.0, 200.0, 200.0, 200.0, 200.0, 200.0, 200.0, 200.0, 200.0, 200.0, 200.0, 200.0, 200.0, 200.0, 200.0, 200.0, 200.0, 200.0, 200.0, 200.0, 200.0, 200.0, 200.0, 200.0, 200.0]",1,942.478,4.14097,0.714834,-0.0720172,1.0,"[7.45386, 7.72152, 8.7134, 11.0862, 18.7313, 66.2626, 57.295, 48.7944, 41.029, 34.2293, 28.5272, 23.9201, 20.2914, 17.4685, 13.566, 10.3026, 8.63118, 7.80937, 7.54728]",0.00623576,"[2.67698, 4.67124, 4.25268, 4.06662]",0.346763
1.0,-0.0148328,0.0,0.0,0.44,0.0,1957.73,0.168701,94.0,1,"[200.0, 200.0, 200.0, 200.0, 200.0, 200.0, 200.0, 200.0, 200.0, 200.0, 200.0, 200.0, 200.0, 200.0, 200.0, 200.0, 200.0, 200.0, 200.0, 200.0, 200.0, 200.0, 200.0, 200.0, 200.0, 200.0, 200.0, 200.0, 200.0, 200.0, 200.0, 200.0, 200.0, 200.0, 200.0, 200.0]",1,942.478,4.45577,0.790883,-0.0836401,1.0,"[7.44962, 7.71111, 8.69334, 11.0433, 18.5467, 66.5375, 57.5615, 49.0444, 41.2546, 34.4246, 28.6896, 24.0511, 20.3954, 17.5507, 13.6182, 10.3311, 8.64789, 7.81915, 7.55205]",0.00683899,"[5.47752, 1.9499, 5.76851, 4.03398]",0.346848
1.0,-0.0175679,0.0,0.0,0.46,0.0,1957.75,0.194458,94.0,1,"[200.0, 200.0, 200.0, 200.0, 200.0, 200.0, 200.0, 200.0, 200.0, 200.0, 200.0, 200.0, 200.0, 200.0, 200.0, 200.0, 200.0, 200.0, 200.0, 200.0, 200.0, 200.0, 200.0, 200.0, 200.0, 200.0, 200.0, 200.0, 200.0, 200.0, 200.0, 200.0, 200.0, 200.0, 200.0, 200.0]",1,942.478,4.80175,0.839364,-0.0966814,1.0,"[7.44504, 7.7, 8.67206, 10.9981, 18.3566, 66.8288, 57.8442, 49.31, 41.4948, 34.6327, 28.8629, 24.1912, 20.5066, 17.6386, 13.674, 10.3617, 8.66587, 7.82973, 7.5573]",0.00749919,"[3.35068, 5.25558, 4.9809, 4.73879]",0.346953
1.0,-0.0205348,0.0,0.0,0.48,0.0,1957.78,0.222046,94.0,1,"[200.0, 200.0, 200.0, 200.0, 200.0, 200.0, 200.0, 200.0, 200.0, 200.0, 200.0, 200.0, 200.0, 200.0, 200.0, 200.0, 200.0, 200.0, 200.0, 200.0, 200.0, 200.0, 200.0, 200.0, 200.0, 200.0, 200.0, 200.0, 200.0, 200.0, 200.0, 200.0, 200.0, 200.0, 200.0, 200.0]",1,942.478,5.1381,0.900338,-0.110084,1.0,"[7.44017, 7.68808, 8.6492, 10.9496, 18.1569, 67.1449, 58.1512, 49.5988, 41.7561, 34.8596, 29.0521, 24.3441, 20.6281, 17.7346, 13.735, 10.395, 8.68546, 7.84125, 7.56302]",0.00821126,"[6.0587, 2.45685, 4.48543, 5.09084]",0.347079
1.0,-0.02401,0.0,0.0,0.502,0.0,1957.81,0.254395,94.0,1,"[200.0, 200.0, 200.0, 200.0, 200.0, 200.0, 200.0, 200.0, 200.0, 200.0, 200.0, 200.0, 200.0, 200.0, 200.0, 200.0, 200.0, 200.0, 200.0, 200.0, 200.0, 200.0, 200.0, 200.0, 200.0, 200.0, 200.0, 200.0, 200.0, 200.0, 200.0, 200.0, 200.0, 200.0, 200.0, 200.0]",1,942.478,5.46443,0.957967,-0.126159,1.0,"[7.43444, 7.67412, 8.62251, 10.8934, 17.9306, 67.5153, 58.5115, 49.9381, 42.0639, 35.1271, 29.2756, 24.5251, 20.772, 17.8484, 13.8073, 10.4345, 8.70868, 7.85496, 7.56994]",0.00906169,"[5.67457, 3.56837, 5.05426, 7.33079]",0.347247
1.0,-0.0274342,0.0,0.0,0.522,0.0,1957.85,0.285767,94.0,1,"[200.0, 200.0, 200.0, 200.0, 200.0, 200.0, 200.0, 200.0, 200.0, 200.0, 200.0, 200.0, 200.0, 200.0, 200.0, 200.0, 200.0, 200.0, 200.0, 200.0, 200.0, 200.0, 200.0, 200.0, 200.0, 200.0, 200.0, 200.0, 200.0, 200.0, 200.0, 200.0, 200.0, 200.0, 200.0, 200.0]",1,942.478,5.81593,1.00362,-0.141315,1.0,"[7.42891, 7.66052, 8.59649, 10.8386, 17.7155, 67.8805, 58.8669, 50.2734, 42.3683, 35.3923, 29.4974, 24.7049, 20.9151, 17.9615, 13.8791, 10.4737, 8.73171, 7.86857, 7.57679]",0.00989583,"[5.16535, 5.22089, 6.13357, 4.77067]",0.347426
1.0,-0.0309685,0.0,0.0,0.542,0.0,1957.88,0.318848,94.0,1,"[200.0, 200.0, 200.0, 200.0, 200.0, 200.0, 200.0, 200.0, 200.0, 200.0, 200.0, 200.0, 200.0, 200.0, 200.0, 200.0, 200.0, 200.0, 200.0, 200.0, 200.0, 200.0, 200.0, 200.0, 200.0, 200.0, 200.0, 200.0, 200.0, 200.0, 200.0, 200.0, 200.0, 200.0, 200.0, 200.0]",1,942.478,6.1156,1.07258,-0.156849,1.0,"[7.423, 7.6463, 8.56952, 10.7824, 17.5003, 68.2578, 59.2347, 50.621, 42.6846, 35.6683, 29.7288, 24.8928, 21.0647, 18.08, 13.9543, 10.5149, 8.756, 7.88302, 7.58426]",0.0107971,"[6.32561, 4.15277, 6.46908, 7.04484]",0.347627
1.0,-0.0347236,0.0,0.0,0.562,0.0,1957.91,0.353882,94.0,1,"[200.0, 200.0, 200.0, 200.0, 200.0, 200.0, 200.0, 200.0, 200.0, 200.0, 200.0, 200.0, 200.0, 200.0, 200.0, 200.0, 200.0, 200.0, 200.0, 200.0, 200.0, 200.0, 200.0, 200.0, 200.0, 200.0, 200.0, 200.0, 200.0, 200.0, 200.0, 200.0, 200.0, 200.0, 200.0, 200.0]",1,942.478,6.49712,1.12186,-0.172094,1.0,"[7.41675, 7.63127, 8.54106, 10.7233, 17.2793, 68.6589, 59.6262, 50.9915, 43.0223, 35.9636, 29.9768, 25.0944, 21.2255, 18.2073, 14.0352, 10.5592, 8.7821, 7.89859, 7.59237]",0.0117666,"[5.91125, 5.74411, 5.83438, 4.60505]",0.347838
1.0,-0.0386742,0.0,0.0,0.582,0.0,1957.95,0.390503,94.0,1,"[200.0, 200.0, 200.0, 200.0, 200.0, 200.0, 200.0, 200.0, 200.0, 200.0, 200.0, 200.0, 200.0, 200.0, 200.0, 200.0, 200.0, 200.0, 200.0, 200.0, 200.0, 200.0, 200.0, 200.0, 200.0, 200.0, 200.0, 200.0, 200.0, 200.0, 200.0, 200.0, 200.0, 200.0, 200.0, 200.0]",1,1032.03,6.76131,1.18617,-0.185547,1.0,"[7.41018, 7.61548, 8.51127, 10.6618, 17.0547, 69.081, 60.0388, 51.3825, 43.3795, 36.2766, 30.2402, 25.3089, 21.3966, 18.3429, 14.1214, 10.6063, 8.80993, 7.91525, 7.60115]",0.0128021,"[6.95408, 4.70076, 8.68161, 6.28133]",0.348037
1.0,-0.042825,0.0,0.0,0.602,0.0,1957.99,0.429077,94.0,1,"[200.0, 200.0, 200.0, 200.0, 200.0, 200.0, 200.0, 200.0, 200.0, 200.0, 200.0, 200.0, 200.0, 200.0, 200.0, 200.0, 200.0, 200.0, 200.0, 200.0, 200.0, 200.0, 200.0, 200.0, 200.0, 200.0, 200.0, 200.0, 200.0, 200.0, 200.0, 200.0, 200.0, 200.0, 200.0, 200.0]",1,942.478,7.1282,1.23458,-0.19621,1.0,"[7.40327, 7.59893, 8.48015, 10.5979, 16.8269, 69.5248, 60.4731, 51.7948, 43.757, 36.6081, 30.5197, 25.5369, 21.5787, 18.4871, 14.2131, 10.6564, 8.83955, 7.93302, 7.61062]",0.0139099,"[6.32811, 6.28436, 6.24464, 7.22005]",0.348207
1.0,-0.0471452,0.0,0.0,0.622,0.0,1958.03,0.469238,94.0,1,"[200.0, 200.0, 200.0, 200.0, 200.0, 200.0, 200.0, 200.0, 200.0, 200.0, 200.0, 200.0, 200.0, 200.0, 200.0, 200.0, 200.0, 200.0, 200.0, 200.0, 200.0, 200.0, 200.0, 200.0, 200.0, 200.0, 200.0, 200.0, 200.0, 200.0, 200.0, 200.0, 200.0, 200.0, 200.0, 200.0]",1,942.478,7.45798,1.29707,-0.203636,1.0,"[7.39602, 7.58169, 8.44788, 10.532, 16.5979, 69.9869, 60.9261, 52.2257, 44.1521, 36.956, 30.8136, 25.777, 21.7708, 18.6395, 14.3099, 10.7094, 8.87091, 7.95194, 7.62081]",0.0150889,"[7.60716, 5.28586, 8.43061, 5.96003]",0.348315
1.0,-0.0516856,0.0,0.0,0.642,0.0,1958.07,0.511353,93.9999,1,"[200.0, 200.0, 200.0, 200.0, 200.0, 200.0, 200.0, 200.0, 200.0, 200.0, 200.0, 200.0, 200.0, 200.0, 200.0, 200.0, 200.0, 200.0, 200.0, 200.0, 200.0, 200.0, 200.0, 200.0, 200.0, 200.0, 200.0, 200.0, 200.0, 200.0, 200.0, 200.0, 200.0, 200.0, 200.0, 200.0]",1,946.988,7.80142,1.34507,-0.207132,1.0,"[7.38844, 7.56366, 8.41422, 10.4637, 16.3658, 70.4727, 61.4029, 52.68, 44.5697, 37.3245, 31.1257, 26.0325, 21.9753, 18.8018, 14.4131, 10.7658, 8.9043, 7.97212, 7.63177]",0.0163452,"[7.02768, 6.75503, 6.84677, 6.73441]",0.346106
1.0,-0.0563853,0.0,0.0,0.662,0.0,1958.12,0.555298,93.9999,1,"[200.0, 200.0, 200.0, 200.0, 200.0, 200.0, 200.0, 200.0, 200.0, 200.0, 200.0, 200.0, 200.0, 200.0, 200.0, 200.0, 200.0, 200.0, 200.0, 200.0, 200.0, 200.0, 200.0, 200.0, 200.0, 200.0, 200.0, 200.0, 200.0, 200.0, 200.0, 200.0, 200.0, 200.0, 200.0, 200.0]",1,1144.71,8.08937,1.40783,-0.20646,1.0,"[7.38049, 7.54494, 8.37946, 10.3937, 16.1338, 70.9758, 61.8975, 53.1522, 45.0047, 37.7093, 31.4525, 26.3005, 22.1902, 18.9724, 14.5217, 10.8251, 8.93952, 7.9935, 7.64357]",0.0176829,"[8.27184, 5.93867, 9.2347, 7.2898]",0.346651
1.0,-0.0613607,0.0,0.0,0.682,0.0,1958.16,0.60083,93.9998,1,"[200.0, 200.0, 200.0, 200.0, 200.0, 200.0, 200.0, 200.0, 200.0, 200.0, 200.0, 200.0, 200.0, 200.0, 200.0, 200.0, 200.0, 200.0, 200.0, 200.0, 200.0, 200.0, 200.0, 200.0, 200.0, 200.0, 200.0, 200.0, 200.0, 200.0, 200.0, 200.0, 200.0, 200.0, 200.0, 200.0]",1,1082.35,8.44316,1.46897,-0.202135,1.0,"[7.3722, 7.52531, 8.34306, 10.3208, 15.8973, 71.5085, 62.4219, 53.6537, 45.4678, 38.1199, 31.802, 26.5877, 22.4208, 19.1556, 14.6382, 10.8888, 8.97726, 8.01646, 7.6563]",0.0191081,"[7.59408, 7.20943, 8.02396, 8.48812]",0.347307
1.0,-0.066541,0.0,0.0,0.702,0.0,1958.21,0.648315,93.9998,1,"[200.0, 200.0, 200.0, 200.0, 200.0, 200.0, 200.0, 200.0, 200.0, 200.0, 200.0, 200.0, 200.0, 200.0, 200.0, 200.0, 200.0, 200.0, 200.0, 200.0, 200.0, 200.0, 200.0, 200.0, 200.0, 200.0, 200.0, 200.0, 200.0, 200.0, 200.0, 200.0, 200.0, 200.0, 200.0, 200.0]",1,1041.39,8.80822,1.52626,-0.195087,1.0,"[7.36355, 7.50491, 8.30539, 10.2457, 15.66, 72.0631, 62.9688, 54.1778, 45.9528, 38.5513, 32.1701, 26.8909, 22.6646, 19.3495, 14.7615, 10.9561, 9.01722, 8.04083, 7.66996]",0.0206217,"[8.92036, 6.59705, 8.91088, 6.84875]",0.34801
1.0,-0.0712674,0.0,0.0,0.722,0.0,1958.26,0.697876,93.9997,1,"[200.0, 200.0, 200.0, 200.0, 200.0, 200.0, 200.0, 200.0, 200.0, 200.0, 200.0, 200.0, 200.0, 200.0, 200.0, 200.0, 200.0, 200.0, 200.0, 200.0, 200.0, 200.0, 200.0, 200.0, 200.0, 200.0, 200.0, 200.0, 200.0, 200.0, 200.0, 200.0, 200.0, 200.0, 200.0, 200.0]",1,1141.87,9.20704,1.32366,-0.183225,0.0,"[7.35473, 7.4854, 8.27019, 10.1768, 15.4484, 72.5699, 63.4698, 54.659, 46.3996, 38.95, 32.5117, 27.1731, 22.8922, 19.5309, 14.8774, 11.0198, 9.05533, 8.06447, 7.6837]",0.0221507,"[8.34058, 7.31178, 8.48841, 8.52607]",0.348615
1.0,-0.0743011,0.0,0.0,0.742,0.0,1958.31,0.749756,93.9996,1,"[200.0, 200.0, 200.0, 200.0, 200.0, 200.0, 200.0, 200.0, 200.0, 200.0, 200.0, 200.0, 200.0, 200.0, 200.0, 200.0, 200.0, 200.0, 200.0, 200.0, 200.0, 200.0, 200.0, 200.0, 200.0, 200.0, 200.0, 200.0, 200.0, 200.0, 200.0, 200.0, 200.0, 200.0, 200.0, 200.0]",1,1199.8,9.63065,0.918109,-0.154654,0.0,"[7.34658, 7.47037, 8.24487, 10.1294, 15.3099, 72.8975, 63.7946, 54.9725, 46.6922, 39.2124, 32.7379, 27.3614, 23.0451, 19.6536, 14.9569, 11.0645, 9.08298, 8.08245, 7.6952]",0.0234762,"[7.09136, 8.54346, 8.84247, 8.79799]",0.348898
1.0,-0.0753663,0.0,0.0,0.762,0.0,1958.36,0.804199,93.9995,1,"[200.0, 200.0, 200.0, 200.0, 200.0, 200.0, 200.0, 200.0, 200.0, 200.0, 200.0, 200.0, 200.0, 200.0, 200.0, 200.0, 200.0, 200.0, 200.0, 200.0, 200.0, 200.0, 200.0, 200.0, 200.0, 200.0, 200.0, 200.0, 200.0, 200.0, 200.0, 200.0, 200.0, 200.0, 200.0, 200.0]",1,1258.13,10.0048,0.427804,-0.106598,0.0,"[7.33947, 7.46078, 8.23118, 10.1067, 15.2512, 73.0163, 63.9138, 55.089, 46.8024, 39.3132, 32.8265, 27.4368, 23.1077, 19.7052, 14.9921, 11.0861, 9.09764, 8.09323, 7.7035]",0.0245066,"[7.01164, 9.77531, 9.78819, 8.85917]",0.348801
1.0,-0.074777,0.0,0.0,0.782,0.0,1958.42,0.86084,93.9995,1,"[200.0, 200.0, 200.0, 200.0, 200.0, 200.0, 200.0, 200.0, 200.0, 200.0, 200.0, 200.0, 200.0, 200.0, 200.0, 200.0, 200.0, 200.0, 200.0, 200.0, 200.0, 200.0, 200.0, 200.0, 200.0, 200.0, 200.0, 200.0, 200.0, 200.0, 200.0, 200.0, 200.0, 200.0, 200.0, 200.0]",1,1290.53,10.3825,0.126323,-0.0491373,0.0,"[7.33357, 7.45607, 8.22756, 10.105, 15.2586, 72.9594, 63.8596, 55.0391, 46.7586, 39.2767, 32.7979, 27.4157, 23.0931, 19.6957, 14.9891, 11.0875, 9.10086, 8.09753, 7.70872]",0.0252431,"[8.96979, 8.40195, 9.25228, 9.7792]",0.348377
1.0,-0.0731929,0.0,0.0,0.802,0.0,1958.48,0.919556,93.9994,1,"[200.0, 200.0, 200.0, 200.0, 200.0, 200.0, 200.0, 200.0, 200.0, 200.0, 200.0, 200.0, 200.0, 200.0, 200.0, 200.0, 200.0, 200.0, 200.0, 200.0, 200.0, 200.0, 200.0, 200.0, 200.0, 200.0, 200.0, 200.0, 200.0, 200.0, 200.0, 200.0, 200.0, 200.0, 200.0, 200.0]",1,1329.88,10.7327,-0.219627,-0.00196243,-1.0,"[7.32849, 7.45439, 8.23012, 10.1161, 15.3064, 72.7969, 63.7012, 54.8893, 46.6221, 39.1577, 32.6989, 27.3368, 23.0322, 19.6495, 14.9631, 11.0767, 9.09715, 8.09783, 7.71203]",0.0257904,"[10.0735, 7.63509, 10.0976, 9.6358]",0.347725
1.0,-0.069548,0.0,0.0,0.822,0.0,1958.54,0.980347,93.9993,1,"[200.0, 200.0, 200.0, 200.0, 200.0, 200.0, 200.0, 200.0, 200.0, 200.0, 200.0, 200.0, 200.0, 200.0, 200.0, 200.0, 200.0, 200.0, 200.0, 200.0, 200.0, 200.0, 200.0, 200.0, 200.0, 200.0, 200.0, 200.0, 200.0, 200.0, 200.0, 200.0, 200.0, 200.0, 200.0, 200.0]",1,1383.89,11.0207,-0.723537,0.0376979,-1.0,"[7.32473, 7.45862, 8.24505, 10.1534, 15.4386, 72.4159, 63.3276, 54.5336, 46.2954, 38.87, 32.4562, 27.1399, 22.8769, 19.5288, 14.8906, 11.0414, 9.07964, 8.09043, 7.71184]",0.0260061,"[9.98537, 8.26914, 9.53423, 10.8434]",0.346793
1.0,-0.0636314,0.0,0.0,0.842,0.0,1958.6,1.04272,93.9992,1,"[200.0, 200.0, 200.0, 200.0, 200.0, 200.0, 200.0, 200.0, 200.0, 200.0, 200.0, 200.0, 200.0, 200.0, 200.0, 200.0, 200.0, 200.0, 200.0, 200.0, 200.0, 200.0, 200.0, 200.0, 200.0, 200.0, 200.0, 200.0, 200.0, 200.0, 200.0, 200.0, 200.0, 200.0, 200.0, 200.0]",1,1361.47,11.2344,-1.28618,0.0707685,-1.0,"[7.32308, 7.47002, 8.27454, 10.2211, 15.6718, 71.7939, 62.7173, 53.9521, 45.7608, 38.3984, 32.0576, 26.8155, 22.6197, 19.3276, 14.7675, 10.9792, 9.04676, 8.07426, 7.70752]",0.0257965,"[9.73734, 10.319, 9.89408, 10.5719]",0.345659
1.0,-0.055817,0.0,0.0,0.862,0.0,1958.67,1.10645,93.9992,1,"[200.0, 200.0, 200.0, 200.0, 200.0, 200.0, 200.0, 200.0, 200.0, 200.0, 200.0, 200.0, 200.0, 200.0, 200.0, 200.0, 200.0, 200.0, 200.0, 200.0, 200.0, 200.0, 200.0, 200.0, 200.0, 200.0, 200.0, 200.0, 200.0, 200.0, 200.0, 200.0, 200.0, 200.0, 200.0, 200.0]",1,1453.39,11.4589,-1.6976,0.0949396,-1.0,"[7.32404, 7.48837, 8.31744, 10.3168, 16.0036, 70.9703, 61.9099, 53.1839, 45.0557, 37.7773, 31.5333, 26.3887, 22.2809, 19.0618, 14.6036, 10.8948, 9.00098, 8.05058, 7.6995]",0.0251597,"[9.12753, 12.6139, 9.38235, 11.6308]",0.34451
1.0,-0.0473293,0.0,0.0,0.882,0.0,1958.73,1.17188,93.9991,1,"[200.0, 200.0, 200.0, 200.0, 200.0, 200.0, 200.0, 200.0, 200.0, 200.0, 200.0, 200.0, 200.0, 200.0, 200.0, 200.0, 200.0, 200.0, 200.0, 200.0, 200.0, 200.0, 200.0, 200.0, 200.0, 200.0, 200.0, 200.0, 200.0, 200.0, 200.0, 200.0, 200.0, 200.0, 200.0, 200.0]",1,1399.54,11.7974,-1.86251,0.105383,-1.0,"[7.32709, 7.51043, 8.36686, 10.426, 16.3919, 70.0747, 61.0339, 52.3524, 44.2947, 37.1092, 30.9709, 25.9317, 21.9181, 18.777, 14.427, 10.8031, 8.95057, 8.02399, 7.68984]",0.0242778,"[8.53331, 13.0785, 10.4615, 10.8481]",0.343624
1.0,-0.0384648,0.0,0.0,0.902,0.0,1958.8,1.23901,93.999,1,"[200.0, 200.0, 200.0, 200.0, 200.0, 200.0, 200.0, 200.0, 200.0, 200.0, 200.0, 200.0, 200.0, 200.0, 200.0, 200.0, 200.0, 200.0, 200.0, 200.0, 200.0, 200.0, 200.0, 200.0, 200.0, 200.0, 200.0, 200.0, 200.0, 200.0, 200.0, 200.0, 200.0, 200.0, 200.0, 200.0]",1,1512.5,12.1594,-1.95622,0.106563,-1.0,"[7.33168, 7.53504, 8.42073, 10.5447, 16.8302, 69.1394, 60.1211, 51.4886, 43.507, 36.4203, 30.3929, 25.4631, 21.5466, 18.4852, 14.2456, 10.7082, 8.89809, 7.99605, 7.6795]",0.0232503,"[8.52861, 10.6007, 9.49734, 12.3443]",0.343163
1.0,-0.0293534,0.0,0.0,0.922,0.0,1958.87,1.30786,93.9989,1,"[200.0, 200.0, 200.0, 200.0, 200.0, 200.0, 200.0, 200.0, 200.0, 200.0, 200.0, 200.0, 200.0, 200.0, 200.0, 200.0, 200.0, 200.0, 200.0, 200.0, 200.0, 200.0, 200.0, 200.0, 200.0, 200.0, 200.0, 200.0, 200.0, 200.0, 200.0, 200.0, 200.0, 200.0, 200.0, 200.0]",1,1439.72,12.5079,-2.00944,0.109,-1.0,"[7.33778, 7.56189, 8.47839, 10.672, 17.3205, 68.1783, 59.1857, 50.6062, 42.7054, 35.7221, 29.8092, 24.9912, 21.1728, 18.1914, 14.0625, 10.6119, 8.84446, 7.96732, 7.66873]",0.0220998,"[8.7828, 10.234, 10.6323, 11.3516]",0.343195
1.0,-0.0200437,0.0,0.0,0.942,0.0,1958.94,1.37842,93.9989,1,"[200.0, 200.0, 200.0, 200.0, 200.0, 200.0, 200.0, 200.0, 200.0, 200.0, 200.0, 200.0, 200.0, 200.0, 200.0, 200.0, 200.0, 200.0, 200.0, 200.0, 200.0, 200.0, 200.0, 200.0, 200.0, 200.0, 200.0, 200.0, 200.0, 200.0, 200.0, 200.0, 200.0, 200.0, 200.0, 200.0]",1,1603.16,12.776,-2.05064,0.120981,-1.0,"[7.34539, 7.59092, 8.53971, 10.8076, 17.8701, 67.1967, 58.2329, 49.7105, 41.895, 35.0192, 29.2238, 24.5189, 20.799, 17.8977, 13.8788, 10.5147, 8.79005, 7.93801, 7.65765]",0.0208344,"[10.1421, 11.8776, 10.0857, 12.965]",0.343709
1.0,-0.010496,0.0,0.0,0.962,0.0,1959.01,1.45081,93.9988,1,"[200.0, 200.0, 200.0, 200.0, 200.0, 200.0, 200.0, 200.0, 200.0, 200.0, 200.0, 200.0, 200.0, 200.0, 200.0, 200.0, 200.0, 200.0, 200.0, 200.0, 200.0, 200.0, 200.0, 200.0, 200.0, 200.0, 200.0, 200.0, 200.0, 200.0, 200.0, 200.0, 200.0, 200.0, 200.0, 200.0]",1,1540.11,13.0767,-2.09365,0.14521,-1.0,"[7.35463, 7.62234, 8.60519, 10.9528, 18.4951, 66.1908, 57.2594, 48.7986, 41.0734, 34.3096, 28.6348, 24.0449, 20.4243, 17.603, 13.694, 10.4163, 8.73466, 7.908, 7.6462]",0.0194438,"[11.3474, 14.2507, 11.4377, 11.9935]",0.344585
1.0,-0.000667397,0.0,0.0,0.982,0.0,1959.09,1.5249,93.9987,1,"[200.0, 200.0, 200.0, 200.0, 200.0, 200.0, 200.0, 200.0, 200.0, 200.0, 200.0, 200.0, 200.0, 200.0, 200.0, 200.0, 200.0, 200.0, 200.0, 200.0, 200.0, 200.0, 200.0, 200.0, 200.0, 200.0, 200.0, 200.0, 200.0, 200.0, 200.0, 200.0, 200.0, 200.0, 200.0, 200.0]",1,1691.78,13.4016,-2.145,0.18008,-1.0,"[7.3656, 7.65642, 8.6753, 11.1089, 19.218, 65.1564, 56.2615, 47.8674, 40.2379, 33.5912, 28.0408, 23.5679, 20.0474, 17.3065, 13.5075, 10.3164, 8.67813, 7.87723, 7.63441]",0.0179209,"[12.0578, 14.6359, 10.7335, 13.5937]",0.345612
1.0,0.0104596,0.0,0.0,1.004,0.0,1959.17,1.6084,93.9986,1,"[200.0, 200.0, 200.0, 200.0, 200.0, 200.0, 200.0, 200.0, 200.0, 200.0, 200.0, 200.0, 200.0, 200.0, 200.0, 200.0, 200.0, 200.0, 200.0, 200.0, 200.0, 200.0, 200.0, 200.0, 200.0, 200.0, 200.0, 200.0, 200.0, 200.0, 200.0, 200.0, 200.0, 200.0, 200.0, 200.0]",1,1636.09,13.8819,-2.23658,0.222338,-1.0,"[7.37981, 7.69715, 8.75811, 11.2944, 20.1625, 63.9872, 55.1372, 46.8226, 39.305, 32.7927, 27.3832, 23.041, 19.6314, 16.979, 13.3008, 10.205, 8.61469, 7.84251, 7.62101]",0.0160848,"[9.62728, 11.8157, 11.8445, 12.2264]",0.346586
1.0,0.0208246,0.0,0.0,1.024,0.0,1959.25,1.68616,93.9986,1,"[200.0, 200.0, 200.0, 200.0, 200.0, 200.0, 200.0, 200.0, 200.0, 200.0, 200.0, 200.0, 200.0, 200.0, 200.0, 200.0, 200.0, 200.0, 200.0, 200.0, 200.0, 200.0, 200.0, 200.0, 200.0, 200.0, 200.0, 200.0, 200.0, 200.0, 200.0, 200.0, 200.0, 200.0, 200.0, 200.0]",1,1763.2,14.1832,-2.28548,0.255036,-1.0,"[7.39481, 7.73723, 8.83871, 11.4761, 21.2075, 62.9, 54.0956, 45.8588, 38.4486, 32.0633, 26.7846, 22.5624, 19.2537, 16.6814, 13.1122, 10.1027, 8.55608, 7.81024, 7.60847]",0.0142639,"[9.5594, 12.1643, 11.6119, 14.5569]",0.347052
1.0,0.0305898,0.0,0.0,1.044,0.0,1959.33,1.76587,93.9985,1,"[200.0, 200.0, 200.0, 200.0, 200.0, 200.0, 200.0, 200.0, 200.0, 200.0, 200.0, 200.0, 200.0, 200.0, 200.0, 200.0, 200.0, 200.0, 200.0, 200.0, 200.0, 200.0, 200.0, 200.0, 200.0, 200.0, 200.0, 200.0, 200.0, 200.0, 200.0, 200.0, 200.0, 200.0, 200.0, 200.0]",1,1719.85,14.6055,-1.9944,0.27412,0.0,"[7.41095, 7.77736, 8.91832, 11.6564, 22.4093, 61.8774, 53.1189, 44.9586, 37.6522, 31.3877, 26.2319, 22.1212, 18.9054, 16.4066, 12.9373, 10.007, 8.50079, 7.77944, 7.59614]",0.0123912,"[11.5868, 13.0866, 12.5632, 12.7054]",0.347049
1.0,0.0378687,0.0,0.0,1.064,0.0,1959.41,1.84814,93.9984,1,"[200.0, 200.0, 200.0, 200.0, 200.0, 200.0, 200.0, 200.0, 200.0, 200.0, 200.0, 200.0, 200.0, 200.0, 200.0, 200.0, 200.0, 200.0, 200.0, 200.0, 200.0, 200.0, 200.0, 200.0, 200.0, 200.0, 200.0, 200.0, 200.0, 200.0, 200.0, 200.0, 200.0, 200.0, 200.0, 200.0]",1,1876.47,15.0281,-1.39011,0.269679,0.0,"[7.42514, 7.80976, 8.98119, 11.7984, 23.5236, 61.1149, 52.3924, 44.291, 37.0635, 30.8897, 25.8251, 21.7965, 18.6487, 16.2036, 12.8072, 9.93494, 8.45852, 7.75532, 7.58572]",0.0107758,"[12.5492, 13.3538, 12.6814, 14.8945]",0.346833
1.0,0.0423624,0.0,0.0,1.084,0.0,1959.49,1.93286,93.9983,1,"[200.0, 200.0, 200.0, 200.0, 200.0, 200.0, 200.0, 200.0, 200.0, 200.0, 200.0, 200.0, 200.0, 200.0, 200.0, 200.0, 200.0, 200.0, 200.0, 200.0, 200.0, 200.0, 200.0, 200.0, 200.0, 200.0, 200.0, 200.0, 200.0, 200.0, 200.0, 200.0, 200.0, 200.0, 200.0, 200.0]",1,2002.82,15.4262,-0.66359,0.236882,0.0,"[7.43561, 7.83166, 9.0225, 11.8909, 24.3627, 60.6431, 51.9435, 43.879, 36.7005, 30.5829, 25.5744, 21.5962, 18.49, 16.0776, 12.7259, 9.88919, 8.43112, 7.73912, 7.57797]",0.00957947,"[13.2415, 13.2237, 15.6265, 14.5985]",0.346537
1.0,0.0444519,0.0,0.0,1.104,0.0,1959.58,2.02002,93.9982,1,"[200.0, 200.0, 200.0, 200.0, 200.0, 200.0, 200.0, 200.0, 200.0, 200.0, 200.0, 200.0, 200.0, 200.0, 200.0, 200.0, 200.0, 200.0, 200.0, 200.0, 200.0, 200.0, 200.0, 200.0, 200.0, 200.0, 200.0, 200.0, 200.0, 200.0, 200.0, 200.0, 200.0, 200.0, 200.0, 200.0]",1,2014.8,15.8428,-0.142829,0.193405,0.0,"[7.44208, 7.84355, 9.04379, 11.9372, 24.8188, 60.422, 51.7327, 43.6853, 36.5296, 30.438, 25.4556, 21.5007, 18.4139, 16.0169, 12.686, 9.86615, 8.41679, 7.73009, 7.5729]",0.00881958,"[14.4382, 13.866, 14.4724, 14.838]",0.346357
1.0,0.0458781,0.0,0.0,1.124,0.0,1959.67,2.1095,93.9982,1,"[200.0, 200.0, 200.0, 200.0, 200.0, 200.0, 200.0, 200.0, 200.0, 200.0, 200.0, 200.0, 200.0, 200.0, 200.0, 200.0, 200.0, 200.0, 200.0, 200.0, 200.0, 200.0, 200.0, 200.0, 200.0, 200.0, 200.0, 200.0, 200.0, 200.0, 200.0, 200.0, 200.0, 200.0, 200.0, 200.0]",1,1976.17,16.297,0.00558598,0.149516,0.0,"[7.4469, 7.85212, 9.0589, 11.9697, 25.1604, 60.2706, 51.5884, 43.5525, 36.4124, 30.3387, 25.3741, 21.4351, 18.3615, 15.9749, 12.6583, 9.84999, 8.4066, 7.72355, 7.56905]",0.0082489,"[14.1316, 13.5941, 14.5872, 14.509]",0.34621
1.0,0.0471751,0.0,0.0,1.144,0.0,1959.76,2.20129,93.9981,1,"[200.0, 200.0, 200.0, 200.0, 200.0, 200.0, 200.0, 200.0, 200.0, 200.0, 200.0, 200.0, 200.0, 200.0, 200.0, 200.0, 200.0, 200.0, 200.0, 200.0, 200.0, 200.0, 200.0, 200.0, 200.0, 200.0, 200.0, 200.0, 200.0, 200.0, 200.0, 200.0, 200.0, 200.0, 200.0, 200.0]",1,2039.67,16.7336,0.04497,0.114512,0.0,"[7.45151, 7.86015, 9.07294, 11.9998, 25.4961, 60.1327, 51.457, 43.4317, 36.3057, 30.2481, 25.2997, 21.3752, 18.3136, 15.9365, 12.6329, 9.83508, 8.39715, 7.71741, 7.56537]",0.00770264,"[13.7113, 12.7754, 14.8328, 15.1464]",0.346191
0.0,0.0484874,0.0,0.0,1.164,0.0,1959.85,2.29419,93.9981,1,"[200.0, 200.0, 200.0, 200.0, 200.0, 200.0, 200.0, 200.0, 200.0, 200.0, 200.0, 200.0, 200.0, 200.0, 200.0, 200.0, 200.0, 200.0, 200.0, 200.0, 200.0, 200.0, 200.0, 200.0, 200.0, 200.0, 200.0, 200.0, 200.0, 200.0, 200.0, 200.0, 200.0, 200.0, 200.0, 200.0]",1,1863.65,16.7517,0.0547759,0.0865686,0.0,"[7.4562, 7.86832, 9.08722, 12.0305, 25.8638, 59.9932, 51.324, 43.3095, 36.1979, 30.1567, 25.2246, 21.3148, 18.2653, 15.8978, 12.6073, 9.82, 8.38759, 7.71119, 7.56163]",0.00714722,"[13.2303, 12.5162, 14.7084, 13.673]",0.346412
0.0,0.0497305,0.0,0.0,1.184,0.0,1959.95,2.38696,93.9981,1,"[200.0, 200.0, 200.0, 200.0, 200.0, 200.0, 200.0, 200.0, 200.0, 200.0, 200.0, 200.0, 200.0, 200.0, 200.0, 200.0, 200.0, 200.0, 200.0, 200.0, 200.0, 200.0, 200.0, 200.0, 200.0, 200.0, 200.0, 200.0, 200.0, 200.0, 200.0, 200.0, 200.0, 200.0, 200.0, 200.0]",1,1891.91,16.7036,0.059798,0.0629986,0.0,"[7.46096, 7.87639, 9.10114, 12.0602, 26.2463, 59.8607, 51.1978, 43.1934, 36.0954, 30.0697, 25.1531, 21.2572, 18.2191, 15.8607, 12.5826, 9.8054, 8.37822, 7.70501, 7.5578]",0.00658264,"[13.0159, 14.0341, 12.5925, 15.1181]",0.346825
0.0,0.0510279,0.0,0.0,1.204,0.0,1960.04,2.47949,93.9981,1,"[200.0, 200.0, 200.0, 200.0, 200.0, 200.0, 200.0, 200.0, 200.0, 200.0, 200.0, 200.0, 200.0, 200.0, 200.0, 200.0, 200.0, 200.0, 200.0, 200.0, 200.0, 200.0, 200.0, 200.0, 200.0, 200.0, 200.0, 200.0, 200.0, 200.0, 200.0, 200.0, 200.0, 200.0, 200.0, 200.0]",1,1981.94,16.6193,0.0563254,0.0448214,0.0,"[7.46585, 7.88476, 9.11564, 12.0912, 26.6873, 59.7227, 51.0662, 43.0726, 35.9888, 29.9793, 25.0789, 21.1973, 18.1712, 15.8222, 12.5571, 9.79029, 8.36855, 7.69865, 7.55389]",0.00600281,"[13.6483, 15.5903, 15.0575, 13.5988]",0.347263
0.0,0.0523497,0.0,0.0,1.224,0.0,1960.13,2.5719,93.9981,1,"[200.0, 200.0, 200.0, 200.0, 200.0, 200.0, 200.0, 200.0, 200.0, 200.0, 200.0, 200.0, 200.0, 200.0, 200.0, 200.0, 200.0, 200.0, 200.0, 200.0, 200.0, 200.0, 200.0, 200.0, 200.0, 200.0, 200.0, 200.0, 200.0, 200.0, 200.0, 200.0, 200.0, 200.0, 200.0, 200.0]",1,1932.51,16.5787,0.0571167,0.0321981,0.0,"[7.47089, 7.89334, 9.13051, 12.1231, 27.1964, 59.5819, 50.9322, 42.9495, 35.8803, 29.8873, 25.0034, 21.1365, 18.1225, 15.7831, 12.531, 9.7749, 8.3587, 7.69217, 7.5499]",0.00540873,"[15.0705, 15.7357, 14.6623, 14.1219]",0.347544
0.0,0.0536429,0.0,0.0,1.244,0.0,1960.22,2.66418,93.9981,1,"[200.0, 200.0, 200.0, 200.0, 200.0, 200.0, 200.0, 200.0, 200.0, 200.0, 200.0, 200.0, 200.0, 200.0, 200.0, 200.0, 200.0, 200.0, 200.0, 200.0, 200.0, 200.0, 200.0, 200.0, 200.0, 200.0, 200.0, 200.0, 200.0, 200.0, 200.0, 200.0, 200.0, 200.0, 200.0, 200.0]",1,1857.43,16.5967,0.0576342,0.0232331,0.0,"[7.47604, 7.90198, 9.14536, 12.1548, 27.7814, 59.444, 50.801, 42.829, 35.774, 29.7972, 24.9294, 21.0768, 18.0747, 15.7446, 12.5054, 9.75964, 8.34885, 7.68563, 7.54579]",0.0047994,"[15.5195, 14.1784, 13.0601, 15.1821]",0.347529
0.0,0.0549185,1.0,0.0,1.264,0.0,1960.31,2.75317,93.9981,1,"[200.0, 200.0, 200.0, 200.0, 200.0, 200.0, 200.0, 200.0, 200.0, 200.0, 200.0, 200.0, 200.0, 200.0, 200.0, 200.0, 200.0, 200.0, 200.0, 200.0, 200.0, 200.0, 200.0, 200.0, 200.0, 200.0, 200.0, 200.0, 200.0, 200.0, 200.0, 200.0, 200.0, 200.0, 200.0, 200.0]",1,1047.54,15.2839,0.101508,0.0168687,0.0,"[7.48103, 7.91042, 9.15992, 12.1861, 28.4906, 59.3082, 50.6717, 42.7104, 35.6696, 29.7088, 24.8568, 21.0184, 18.0279, 15.707, 12.4803, 9.74474, 8.33928, 7.67929, 7.54185]",0.00421244,"[0.0, 0.0, 7.4925, 8.53583]",0.347221
0.0,0.0557062,1.0,0.0,1.284,0.0,1960.39,2.83289,93.9981,1,"[200.0, 200.0, 200.0, 200.0, 200.0, 200.0, 200.0, 200.0, 200.0, 200.0, 200.0, 200.0, 200.0, 200.0, 200.0, 200.0, 200.0, 200.0, 200.0, 200.0, 200.0, 200.0, 200.0, 200.0, 200.0, 200.0, 200.0, 200.0, 200.0, 200.0, 200.0, 200.0, 200.0, 200.0, 200.0, 200.0]",1,942.478,13.6091,0.146976,0.0187822,0.0,"[7.48512, 7.91669, 9.17019, 12.2073, 29.0699, 59.223, 50.5903, 42.6354, 35.6031, 29.6522, 24.81, 20.9804, 17.9972, 15.6821, 12.4634, 9.73433, 8.33229, 7.67438, 7.53844]",0.00371806,"[0.0, 0.0, 0.220263, 1.29658]",0.346787
0.0,0.0558898,1.0,0.0,1.304,0.0,1960.46,2.90344,93.9981,1,"[200.0, 200.0, 200.0, 200.0, 200.0, 200.0, 200.0, 200.0, 200.0, 200.0, 200.0, 200.0, 200.0, 200.0, 200.0, 200.0, 200.0, 200.0, 200.0, 200.0, 200.0, 200.0, 200.0, 200.0, 200.0, 200.0, 200.0, 200.0, 200.0, 200.0, 200.0, 200.0, 200.0, 200.0, 200.0, 200.0]",1,942.478,11.9745,0.17307,0.00783665,0.0,"[7.48824, 7.92046, 9.17533, 12.2161, 29.2835, 59.2002, 50.5678, 42.6138, 35.5832, 29.6344, 24.7945, 20.9671, 17.9859, 15.6724, 12.4561, 9.7292, 8.32829, 7.67104, 7.53548]",0.00331421,"[0.0, 0.0, 0.0, 0.0]",0.346345
0.0,0.0556294,1.0,0.0,1.324,0.0,1960.53,2.96484,93.9981,1,"[200.0, 200.0, 200.0, 200.0, 200.0, 200.0, 200.0, 200.0, 200.0, 200.0, 200.0, 200.0, 200.0, 200.0, 200.0, 200.0, 200.0, 200.0, 200.0, 200.0, 200.0, 200.0, 200.0, 200.0, 200.0, 200.0, 200.0, 200.0, 200.0, 200.0, 200.0, 200.0, 200.0, 200.0, 200.0, 200.0]",1,942.478,10.3259,0.179521,0.0137782,0.0,"[7.49057, 7.9223, 9.17655, 12.2157, 29.1403, 59.2234, 50.5886, 42.6316, 35.5976, 29.6452, 24.8022, 20.9722, 17.9891, 15.6742, 12.4562, 9.72805, 8.32658, 7.66892, 7.53293]",0.00298767,"[0.0, 0.0, 0.0, 0.0]",0.34598
0.0,0.0552222,1.0,0.0,1.344,0.0,1960.58,3.01733,93.9981,1,"[200.0, 200.0, 200.0, 200.0, 200.0, 200.0, 200.0, 200.0, 200.0, 200.0, 200.0, 200.0, 200.0, 200.0, 200.0, 200.0, 200.0, 200.0, 200.0, 200.0, 200.0, 200.0, 200.0, 200.0, 200.0, 200.0, 200.0, 200.0, 200.0, 200.0, 200.0, 200.0, 200.0, 200.0, 200.0, 200.0]",1,942.478,8.70426,0.17631,0.0136849,0.0,"[7.49231, 7.92315, 9.17609, 12.2117, 28.8955, 59.2622, 50.6244, 42.6632, 35.624, 29.6663, 24.8182, 20.9841, 17.9977, 15.6803, 12.4591, 9.72864, 8.32598, 7.66756, 7.53085]",0.00273132,"[0.0, 0.0, 0.0, 0.0]",0.345718
0.0,0.0549599,1.0,0.0,1.364,0.0,1960.62,3.06067,93.9981,1,"[200.0, 200.0, 200.0, 200.0, 200.0, 200.0, 200.0, 200.0, 200.0, 200.0, 200.0, 200.0, 200.0, 200.0, 200.0, 200.0, 200.0, 200.0, 200.0, 200.0, 200.0, 200.0, 200.0, 200.0, 200.0, 200.0, 200.0, 200.0, 200.0, 200.0, 200.0, 200.0, 200.0, 200.0, 200.0, 200.0]",1,942.478,7.06449,0.172797,0.0160259,0.0,"[7.4936, 7.92388, 9.176, 12.2093, 28.7543, 59.287, 50.6472, 42.6832, 35.6407, 29.6795, 24.8283, 20.9914, 18.0029, 15.684, 12.4607, 9.72881, 8.32542, 7.66649, 7.52934]",0.00254313,"[0.0, 0.0, 0.0, 0.0]",0.345567
0.0,0.0550081,1.0,0.0,1.384,0.0,1960.66,3.09485,93.9981,1,"[200.0, 200.0, 200.0, 200.0, 200.0, 200.0, 200.0, 200.0, 200.0, 200.0, 200.0, 200.0, 200.0, 200.0, 200.0, 200.0, 200.0, 200.0, 200.0, 200.0, 200.0, 200.0, 200.0, 200.0, 200.0, 200.0, 200.0, 200.0, 200.0, 200.0, 200.0, 200.0, 200.0, 200.0, 200.0, 200.0]",1,942.478,5.41445,0.173871,0.0159353,0.0,"[7.49454, 7.92502, 9.17752, 12.2119, 28.8037, 59.2808, 50.641, 42.6773, 35.6351, 29.6745, 24.8239, 20.9876, 17.9997, 15.6812, 12.4586, 9.72729, 8.32422, 7.66548, 7.52843]",0.00242004,"[0.0, 0.0, 0.0, 0.0]",0.3455
0.0,0.0553662,1.0,0.0,1.404,0.0,1960.68,3.11987,93.9981,1,"[200.0, 200.0, 200.0, 200.0, 200.0, 200.0, 200.0, 200.0, 200.0, 200.0, 200.0, 200.0, 200.0, 200.0, 200.0, 200.0, 200.0, 200.0, 200.0, 200.0, 200.0, 200.0, 200.0, 200.0, 200.0, 200.0, 200.0, 200.0, 200.0, 200.0, 200.0, 200.0, 200.0, 200.0, 200.0, 200.0]",1,942.478,3.75808,0.176744,0.0127312,0.0,"[7.49512, 7.92651, 9.18057, 12.2192, 29.0544, 59.2438, 50.6061, 42.6456, 35.6075, 29.6515, 24.8053, 20.973, 17.9881, 15.6721, 12.4529, 9.72415, 8.32245, 7.66455, 7.52816]",0.00236613,"[0.0, 0.0, 0.0, 0.0]",0.345499
1.0,0.0559961,0.0,0.0,1.424,0.0,1960.7,3.1394,93.9981,-1,"[200.0, 200.0, 200.0, 200.0, 200.0, 200.0, 200.0, 200.0, 200.0, 200.0, 200.0, 200.0, 200.0, 200.0, 200.0, 200.0, 200.0, 200.0, 200.0, 200.0, 200.0, 200.0, 200.0, 200.0, 200.0, 200.0, 200.0, 200.0, 200.0, 200.0, 200.0, 200.0, 200.0, 200.0, 200.0, 200.0]",1,956.343,3.45364,0.0656919,0.0122976,0.0,"[7.49584, 7.92883, 9.18559, 12.2317, 29.5768, 59.1792, 50.5452, 42.5904, 35.5597, 29.6117, 24.7733, 20.9477, 17.9684, 15.6567, 12.4432, 9.71901, 8.31964, 7.66321, 7.52797]",0.00230815,"[0.870365, 3.83812, 2.81955, 3.00119]",0.345496
1.0,0.0562875,0.0,0.0,1.444,0.0,1960.72,3.15857,93.9981,-1,"[200.0, 200.0, 200.0, 200.0, 200.0, 200.0, 200.0, 200.0, 200.0, 200.0, 200.0, 200.0, 200.0, 200.0, 200.0, 200.0, 200.0, 200.0, 200.0, 200.0, 200.0, 200.0, 200.0, 200.0, 200.0, 200.0, 200.0, 200.0, 200.0, 200.0, 200.0, 200.0, 200.0, 200.0, 200.0, 200.0]",1,971.761,3.44751,0.0511987,0.0206679,0.0,"[7.49675, 7.93051, 9.18865, 12.2385, 29.9019, 59.1484, 50.5161, 42.5638, 35.5364, 29.5921, 24.7573, 20.9349, 17.9582, 15.6485, 12.4378, 9.71591, 8.31771, 7.662, 7.52731]",0.0022054,"[4.71063, 2.03224, 4.00309, 2.2222]",0.345502
1.0,0.0564954,0.0,0.0,1.464,0.0,1960.74,3.17761,93.9981,-1,"[200.0, 200.0, 200.0, 200.0, 200.0, 200.0, 200.0, 200.0, 200.0, 200.0, 200.0, 200.0, 200.0, 200.0, 200.0, 200.0, 200.0, 200.0, 200.0, 200.0, 200.0, 200.0, 200.0, 200.0, 200.0, 200.0, 200.0, 200.0, 200.0, 200.0, 200.0, 200.0, 200.0, 200.0, 200.0, 200.0]",1,987.193,3.43938,0.049519,0.0310648,0.0,"[7.49766, 7.93199, 9.19115, 12.2438, 30.1973, 59.1262, 50.4949, 42.5443, 35.5192, 29.5775, 24.7453, 20.9253, 17.9504, 15.6423, 12.4336, 9.71339, 8.31607, 7.66089, 7.52659]",0.00209859,"[1.17848, 3.65685, 1.65062, 3.74696]",0.345566
1.0,0.0567939,0.0,0.0,1.484,0.0,1960.76,3.19666,93.9981,-1,"[200.0, 200.0, 200.0, 200.0, 200.0, 200.0, 200.0, 200.0, 200.0, 200.0, 200.0, 200.0, 200.0, 200.0, 200.0, 200.0, 200.0, 200.0, 200.0, 200.0, 200.0, 200.0, 200.0, 200.0, 200.0, 200.0, 200.0, 200.0, 200.0, 200.0, 200.0, 200.0, 200.0, 200.0, 200.0, 200.0]",1,1002.64,3.42621,0.0490976,0.0399186,0.0,"[7.49861, 7.93374, 9.1943, 12.2508, 30.8055, 59.0947, 50.4651, 42.5171, 35.4953, 29.5574, 24.7289, 20.9121, 17.94, 15.6339, 12.4282, 9.71018, 8.31408, 7.65964, 7.52589]",0.00199076,"[4.30316, 2.16275, 4.36011, 1.98637]",0.345691
1.0,0.0569994,0.0,0.0,1.504,0.0,1960.78,3.2157,93.9981,-1,"[200.0, 200.0, 200.0, 200.0, 200.0, 200.0, 200.0, 200.0, 200.0, 200.0, 200.0, 200.0, 200.0, 200.0, 200.0, 200.0, 200.0, 200.0, 200.0, 200.0, 200.0, 200.0, 200.0, 200.0, 200.0, 200.0, 200.0, 200.0, 200.0, 200.0, 200.0, 200.0, 200.0, 200.0, 200.0, 200.0]",1,1018.09,3.4179,0.0493864,0.0453475,0.0,"[7.49951, 7.9352, 9.19679, 12.2561, 77.3139, 59.0728, 50.4441, 42.4978, 35.4784, 29.543, 24.7171, 20.9026, 17.9323, 15.6277, 12.424, 9.7077, 8.31245, 7.65853, 7.52516]",0.00188395,"[1.43256, 3.55947, 1.40037, 3.85574]",0.345862
1.0,0.0572931,0.0,0.0,1.524,0.0,1960.79,3.23462,93.9981,-1,"[200.0, 200.0, 200.0, 200.0, 200.0, 200.0, 200.0, 200.0, 200.0, 200.0, 200.0, 200.0, 200.0, 200.0, 200.0, 200.0, 200.0, 200.0, 200.0, 200.0, 200.0, 200.0, 200.0, 200.0, 200.0, 200.0, 200.0, 200.0, 200.0, 200.0, 200.0, 200.0, 200.0, 200.0, 200.0, 200.0]",1,1033.55,3.40494,0.0492633,0.046703,0.0,"[7.50046, 7.93694, 9.19991, 12.263, 77.2822, 59.0417, 50.4148, 42.471, 35.4548, 29.5232, 24.701, 20.8896, 17.922, 15.6195, 12.4186, 9.70454, 8.31048, 7.65729, 7.52447]",0.00177612,"[4.12832, 2.18219, 4.46276, 1.91211]",0.346055
1.0,0.0574967,0.0,0.0,1.544,0.0,1960.81,3.25354,93.9981,-1,"[200.0, 200.0, 200.0, 200.0, 200.0, 200.0, 200.0, 200.0, 200.0, 200.0, 200.0, 200.0, 200.0, 200.0, 200.0, 200.0, 200.0, 200.0, 200.0, 200.0, 200.0, 200.0, 200.0, 200.0, 200.0, 200.0, 200.0, 200.0, 200.0, 200.0, 200.0, 200.0, 200.0, 200.0, 200.0, 200.0]",1,1049.03,3.39652,0.0495649,0.0443843,0.0,"[7.50138, 7.93841, 9.2024, 12.2683, 77.2602, 59.0199, 50.394, 42.452, 35.438, 29.509, 24.6892, 20.8802, 17.9144, 15.6133, 12.4144, 9.70204, 8.30884, 7.65617, 7.52374]",0.00166728,"[1.48755, 3.54642, 1.34086, 3.83989]",0.346247
1.0,0.0577885,0.0,0.0,1.564,0.0,1960.83,3.27234,93.9981,-1,"[200.0, 200.0, 200.0, 200.0, 200.0, 200.0, 200.0, 200.0, 200.0, 200.0, 200.0, 200.0, 200.0, 200.0, 200.0, 200.0, 200.0, 200.0, 200.0, 200.0, 200.0, 200.0, 200.0, 200.0, 200.0, 200.0, 200.0, 200.0, 200.0, 200.0, 200.0, 200.0, 200.0, 200.0, 200.0, 200.0]",1,942.478,3.38079,0.0492259,0.0393122,0.0,"[7.50232, 7.94014, 9.20551, 12.2752, 77.2288, 58.9891, 50.3648, 42.4253, 35.4147, 29.4893, 24.6732, 20.8673, 17.9041, 15.6052, 12.4091, 9.69891, 8.30689, 7.65494, 7.52305]",0.00156047,"[4.10221, 2.13419, 4.10041, 1.59956]",0.346423
1.0,0.0579488,0.0,0.0,1.584,0.0,1960.85,3.28979,93.9981,-1,"[200.0, 200.0, 200.0, 200.0, 200.0, 200.0, 200.0, 200.0, 200.0, 200.0, 200.0, 200.0, 200.0, 200.0, 200.0, 200.0, 200.0, 200.0, 200.0, 200.0, 200.0, 200.0, 200.0, 200.0, 200.0, 200.0, 200.0, 200.0, 200.0, 200.0, 200.0, 200.0, 200.0, 200.0, 200.0, 200.0]",1,942.478,2.90372,0.042429,0.0309999,0.0,"[7.50317, 7.94144, 9.20763, 12.2796, 77.2113, 58.9718, 50.3482, 42.41, 35.4012, 29.4779, 24.6637, 20.8596, 17.8979, 15.6001, 12.4056, 9.69679, 8.30546, 7.65393, 7.52234]",0.00145874,"[1.22996, 3.4384, 2.50511, 1.61048]",0.346567
1.0,0.0580103,0.0,0.0,1.604,0.0,1960.86,3.30457,93.9981,-1,"[200.0, 200.0, 200.0, 200.0, 200.0, 200.0, 200.0, 200.0, 200.0, 200.0, 200.0, 200.0, 200.0, 200.0, 200.0, 200.0, 200.0, 200.0, 200.0, 200.0, 200.0, 200.0, 200.0, 200.0, 200.0, 200.0, 200.0, 200.0, 200.0, 200.0, 200.0, 200.0, 200.0, 200.0, 200.0, 200.0]",1,942.478,2.42942,0.0452673,0.0193332,0.0,"[7.50383, 7.9423, 9.20887, 12.2818, 77.2043, 58.9647, 50.3414, 42.4035, 35.3953, 29.4727, 24.6593, 20.856, 17.8949, 15.5976, 12.4038, 9.69555, 8.30454, 7.65319, 7.52173]",0.00137329,"[3.77353, 1.3707, 1.86439, 2.00663]",0.346662
1.0,0.0580737,0.0,0.0,1.624,0.0,1960.88,3.31677,93.9981,-1,"[200.0, 200.0, 200.0, 200.0, 200.0, 200.0, 200.0, 200.0, 200.0, 200.0, 200.0, 200.0, 200.0, 200.0, 200.0, 200.0, 200.0, 200.0, 200.0, 200.0, 200.0, 200.0, 200.0, 200.0, 200.0, 200.0, 200.0, 200.0, 200.0, 200.0, 200.0, 200.0, 200.0, 200.0, 200.0, 200.0]",1,942.478,1.96998,0.0221488,0.00897535,0.0,"[7.50442, 7.94307, 9.21002, 12.284, 77.1972, 58.9575, 50.3344, 42.3971, 35.3895, 29.4677, 24.655, 20.8524, 17.892, 15.5951, 12.4021, 9.69441, 8.30371, 7.65255, 7.5212]",0.00130005,"[0.107937, 2.66166, 1.56767, 1.3161]",0.346702
1.0,0.0581133,0.0,0.0,1.644,0.0,1960.89,3.32617,93.9981,-1,"[200.0, 200.0, 200.0, 200.0, 200.0, 200.0, 200.0, 200.0, 200.0, 200.0, 200.0, 200.0, 200.0, 200.0, 200.0, 200.0, 200.0, 200.0, 200.0, 200.0, 200.0, 200.0, 200.0, 200.0, 200.0, 200.0, 200.0, 200.0, 200.0, 200.0, 200.0, 200.0, 200.0, 200.0, 200.0, 200.0]",1,942.478,1.4891,0.0194679,0.00112368,0.0,"[7.50487, 7.94366, 9.21087, 12.2856, 77.1927, 58.9528, 50.3299, 42.3928, 35.3856, 29.4642, 24.6522, 20.85, 17.8899, 15.5934, 12.4008, 9.69358, 8.30308, 7.65204, 7.52078]",0.00124207,"[3.20099, 0.448673, 1.11532, 1.34138]",0.346699
1.0,0.0581781,0.0,0.0,1.664,0.0,1960.89,3.33325,93.9981,-1,"[200.0, 200.0, 200.0, 200.0, 200.0, 200.0, 200.0, 200.0, 200.0, 200.0, 200.0, 200.0, 200.0, 200.0, 200.0, 200.0, 200.0, 200.0, 200.0, 200.0, 200.0, 200.0, 200.0, 200.0, 200.0, 200.0, 200.0, 200.0, 200.0, 200.0, 200.0, 200.0, 200.0, 200.0, 200.0, 200.0]",1,942.478,1.06649,0.0367262,-0.00480979,0.0,"[7.50517, 7.94414, 9.21167, 12.2873, 77.1856, 58.9459, 50.3232, 42.3868, 35.3803, 29.4597, 24.6484, 20.847, 17.8875, 15.5915, 12.3995, 9.69277, 8.30255, 7.65168, 7.52054]",0.00120646,"[-0.963158, 1.96521, -0.608988, 0.170486]",0.346672
1.0,0.0582024,0.0,0.0,1.684,0.0,1960.9,3.33765,93.9981,-1,"[200.0, 200.0, 200.0, 200.0, 200.0, 200.0, 200.0, 200.0, 200.0, 200.0, 200.0, 200.0, 200.0, 200.0, 200.0, 200.0, 200.0, 200.0, 200.0, 200.0, 200.0, 200.0, 200.0, 200.0, 200.0, 200.0, 200.0, 200.0, 200.0, 200.0, 200.0, 200.0, 200.0, 200.0, 200.0, 200.0]",1,942.478,0.54069,0.0348168,-0.00858578,0.0,"[7.5053, 7.94432, 9.21197, 12.2879, 77.183, 58.9433, 50.3208, 42.3845, 35.3783, 29.458, 24.647, 20.8458, 17.8866, 15.5907, 12.399, 9.69246, 8.30236, 7.65154, 7.52044]",0.00119222,"[2.60503, -0.368078, 0.543582, 0.638597]",0.346627
1.0,0.0581171,0.0,0.0,1.704,0.0,1960.9,3.33936,93.9981,-1,"[200.0, 200.0, 200.0, 200.0, 200.0, 200.0, 200.0, 200.0, 200.0, 200.0, 200.0, 200.0, 200.0, 200.0, 200.0, 200.0, 200.0, 200.0, 200.0, 200.0, 200.0, 200.0, 200.0, 200.0, 200.0, 200.0, 200.0, 200.0, 200.0, 200.0, 200.0, 200.0, 200.0, 200.0, 200.0, 200.0]",1,942.478,0.0737462,0.0361956,-0.0108638,0.0,"[7.50523, 7.94405, 9.21133, 12.2863, 77.192, 58.952, 50.329, 42.3918, 35.3846, 29.4633, 24.6513, 20.8491, 17.8892, 15.5927, 12.4002, 9.6931, 8.30268, 7.65168, 7.52042]",0.00119527,"[-1.44901, 1.84862, -0.366211, -0.0413312]",0.346575
1.0,0.0580379,0.0,0.0,1.724,0.0,1960.9,3.3385,93.9981,-1,"[200.0, 200.0, 200.0, 200.0, 200.0, 200.0, 200.0, 200.0, 200.0, 200.0, 200.0, 200.0, 200.0, 200.0, 200.0, 200.0, 200.0, 200.0, 200.0, 200.0, 200.0, 200.0, 200.0, 200.0, 200.0, 200.0, 200.0, 200.0, 200.0, 200.0, 200.0, 200.0, 200.0, 200.0, 200.0, 200.0]",1,942.478,-0.35706,0.0188078,-0.0130736,0.0,"[7.50493, 7.94354, 9.21045, 12.2843, 77.2005, 58.9603, 50.3369, 42.3991, 35.391, 29.4687, 24.6556, 20.8527, 17.892, 15.595, 12.4017, 9.694, 8.30325, 7.65205, 7.52065]",0.00122884,"[2.41579, -0.455671, -1.68759, -0.82941]",0.346525
1.0,0.0579712,0.0,0.0,1.744,0.0,1960.9,3.33508,93.9981,-1,"[200.0, 200.0, 200.0, 200.0, 200.0, 200.0, 200.0, 200.0, 200.0, 200.0, 200.0, 200.0, 200.0, 200.0, 200.0, 200.0, 200.0, 200.0, 200.0, 200.0, 200.0, 200.0, 200.0, 200.0, 200.0, 200.0, 200.0, 200.0, 200.0, 200.0, 200.0, 200.0, 200.0, 200.0, 200.0, 200.0]",1,942.478,-0.786254,-0.00636128,-0.014312,0.0,"[7.50455, 7.94296, 9.20953, 12.2824, 77.2079, 58.9677, 50.3438, 42.4055, 35.3967, 29.4735, 24.6597, 20.856, 17.8947, 15.5972, 12.4032, 9.69491, 8.30388, 7.6525, 7.52097]",0.00127563,"[-2.27739, 0.80467, -1.81501, -2.10916]",0.346473
1.0,0.0578005,0.0,0.0,1.764,0.0,1960.89,3.32922,93.9981,-1,"[200.0, 200.0, 200.0, 200.0, 200.0, 200.0, 200.0, 200.0, 200.0, 200.0, 200.0, 200.0, 200.0, 200.0, 200.0, 200.0, 200.0, 200.0, 200.0, 200.0, 200.0, 200.0, 200.0, 200.0, 200.0, 200.0, 200.0, 200.0, 200.0, 200.0, 200.0, 200.0, 200.0, 200.0, 200.0, 200.0]",1,942.478,-1.27455,0.0407039,-0.01497,0.0,"[7.50399, 7.94194, 9.20769, 12.2784, 77.2263, 58.9856, 50.3609, 42.4211, 35.4104, 29.485, 24.6691, 20.8635, 17.9007, 15.602, 12.4064, 9.69677, 8.30503, 7.65324, 7.52139]",0.00133972,"[1.11006, -1.82419, -1.46093, -1.13321]",0.346426
1.0,0.0575668,0.0,0.0,1.784,0.0,1960.88,3.3208,93.9981,-1,"[200.0, 200.0, 200.0, 200.0, 200.0, 200.0, 200.0, 200.0, 200.0, 200.0, 200.0, 200.0, 200.0, 200.0, 200.0, 200.0, 200.0, 200.0, 200.0, 200.0, 200.0, 200.0, 200.0, 200.0, 200.0, 200.0, 200.0, 200.0, 200.0, 200.0, 200.0, 200.0, 200.0, 200.0, 200.0, 200.0]",1,942.478,-1.70963,0.0194422,-0.016652,0.0,"[7.5032, 7.94053, 9.20516, 12.2728, 77.2514, 59.0103, 50.3843, 42.4425, 35.4291, 29.5008, 24.682, 20.8739, 17.9089, 15.6086, 12.4107, 9.6993, 8.30662, 7.65425, 7.52197]",0.00142924,"[-3.17416, -0.328322, -1.96245, -2.53024]",0.346384
1.0,0.057347,0.0,0.0,1.804,0.0,1960.87,3.30981,93.9981,-1,"[200.0, 200.0, 200.0, 200.0, 200.0, 200.0, 200.0, 200.0, 200.0, 200.0, 200.0, 200.0, 200.0, 200.0, 200.0, 200.0, 200.0, 200.0, 200.0, 200.0, 200.0, 200.0, 200.0, 200.0, 200.0, 200.0, 200.0, 200.0, 200.0, 200.0, 200.0, 200.0, 200.0, 200.0, 200.0, 200.0]",1,942.478,-2.18422,0.0450068,-0.0185779,0.0,"[7.50227, 7.93899, 9.20253, 12.2672, 77.2752, 59.0339, 50.4067, 42.4631, 35.4473, 29.5162, 24.6946, 20.884, 17.917, 15.6151, 12.4151, 9.70195, 8.30835, 7.6554, 7.52271]",0.0015391,"[0.198527, -2.51225, -2.36063, -2.08381]",0.346341
1.0,0.0571081,0.0,0.0,1.824,0.0,1960.86,3.29639,93.9981,-1,"[200.0, 200.0, 200.0, 200.0, 200.0, 200.0, 200.0, 200.0, 200.0, 200.0, 200.0, 200.0, 200.0, 200.0, 200.0, 200.0, 200.0, 200.0, 200.0, 200.0, 200.0, 200.0, 200.0, 200.0, 200.0, 200.0, 200.0, 200.0, 200.0, 200.0, 200.0, 200.0, 200.0, 200.0, 200.0, 200.0]",1,942.478,-2.60875,0.0216473,-0.0210836,0.0,"[7.50119, 7.93726, 9.19961, 12.261, 77.3012, 59.0594, 50.4311, 42.4854, 35.4669, 29.5329, 24.7083, 20.8951, 17.926, 15.6224, 12.42, 9.70488, 8.31028, 7.65673, 7.52358]",0.00166829,"[-3.84839, -1.14743, -2.83815, -3.62116]",0.346295
1.0,0.056832,0.0,0.0,1.844,0.0,1960.84,3.28052,93.9981,-1,"[200.0, 200.0, 200.0, 200.0, 200.0, 200.0, 200.0, 200.0, 200.0, 200.0, 200.0, 200.0, 200.0, 200.0, 200.0, 200.0, 200.0, 200.0, 200.0, 200.0, 200.0, 200.0, 200.0, 200.0, 200.0, 200.0, 200.0, 200.0, 200.0, 200.0, 200.0, 200.0, 200.0, 200.0, 200.0, 200.0]",1,942.478,-3.10045,0.0425541,-0.023605,0.0,"[7.49995, 7.93526, 9.19624, 12.2539, 31.0683, 59.089, 50.4592, 42.5113, 35.4898, 29.5523, 24.7243, 20.908, 17.9364, 15.6307, 12.4256, 9.70827, 8.3125, 7.65824, 7.52459]",0.00181478,"[-0.623114, -3.22615, -3.12304, -2.74178]",0.346246
1.0,0.0564873,0.0,0.0,1.864,0.0,1960.82,3.26196,93.9981,-1,"[200.0, 200.0, 200.0, 200.0, 200.0, 200.0, 200.0, 200.0, 200.0, 200.0, 200.0, 200.0, 200.0, 200.0, 200.0, 200.0, 200.0, 200.0, 200.0, 200.0, 200.0, 200.0, 200.0, 200.0, 200.0, 200.0, 200.0, 200.0, 200.0, 200.0, 200.0, 200.0, 200.0, 200.0, 200.0, 200.0]",1,942.478,-3.51691,0.0355441,-0.0269059,0.0,"[7.49852, 7.93288, 9.19218, 12.2452, 30.2222, 59.1258, 50.4943, 42.5434, 35.5181, 29.5762, 24.7439, 20.9238, 17.949, 15.6409, 12.4325, 9.71237, 8.31516, 7.66003, 7.52571]",0.00198364,"[-4.55835, -1.92888, -4.38821, -3.69657]",0.346193
1.0,0.056133,0.0,0.0,1.884,0.0,1960.8,3.24097,93.9981,-1,"[200.0, 200.0, 200.0, 200.0, 200.0, 200.0, 200.0, 200.0, 200.0, 200.0, 200.0, 200.0, 200.0, 200.0, 200.0, 200.0, 200.0, 200.0, 200.0, 200.0, 200.0, 200.0, 200.0, 200.0, 200.0, 200.0, 200.0, 200.0, 200.0, 200.0, 200.0, 200.0, 200.0, 200.0, 200.0, 200.0]",1,942.478,-3.99766,0.0467287,-0.030311,0.0,"[7.49696, 7.93035, 9.1879, 12.2361, 29.7423, 59.1638, 50.5305, 42.5766, 35.5474, 29.601, 24.7644, 20.9403, 17.9623, 15.6516, 12.4396, 9.7167, 8.318, 7.66194, 7.52697]",0.00216878,"[-1.41502, -3.97248, -3.78652, -4.14177]",0.346135
1.0,0.0556661,0.0,0.0,1.904,0.0,1960.78,3.21741,93.9981,-1,"[200.0, 200.0, 200.0, 200.0, 200.0, 200.0, 200.0, 200.0, 200.0, 200.0, 200.0, 200.0, 200.0, 200.0, 200.0, 200.0, 200.0, 200.0, 200.0, 200.0, 200.0, 200.0, 200.0, 200.0, 200.0, 200.0, 200.0, 200.0, 200.0, 200.0, 200.0, 200.0, 200.0, 200.0, 200.0, 200.0]",1,942.478,-4.44034,0.0356516,-0.0342944,0.0,"[7.4952, 7.92732, 9.18262, 12.2247, 29.2795, 59.2134, 50.5776, 42.6198, 35.5854, 29.6331, 24.7907, 20.9615, 17.9792, 15.6652, 12.4487, 9.72206, 8.32141, 7.66418, 7.52834]",0.00237427,"[-5.33914, -2.75657, -5.33337, -3.69615]",0.346076
1.0,0.055308,0.0,0.0,1.924,0.0,1960.75,3.19128,93.9981,-1,"[200.0, 200.0, 200.0, 200.0, 200.0, 200.0, 200.0, 200.0, 200.0, 200.0, 200.0, 200.0, 200.0, 200.0, 200.0, 200.0, 200.0, 200.0, 200.0, 200.0, 200.0, 200.0, 200.0, 200.0, 200.0, 200.0, 200.0, 200.0, 200.0, 200.0, 200.0, 200.0, 200.0, 200.0, 200.0, 200.0]",1,942.478,-4.8977,0.0506558,-0.0383517,0.0,"[7.4933, 7.92442, 9.17789, 12.2149, 28.974, 59.2522, 50.6146, 42.654, 35.6156, 29.659, 24.812, 20.9788, 17.9933, 15.6766, 12.4564, 9.72681, 8.32463, 7.66646, 7.52993]",0.00260417,"[-2.1926, -4.733, -4.30432, -5.64948]",0.34602
1.0,0.0547568,0.0,0.0,1.944,0.0,1960.72,3.16272,93.9981,-1,"[200.0, 200.0, 200.0, 200.0, 200.0, 200.0, 200.0, 200.0, 200.0, 200.0, 200.0, 200.0, 200.0, 200.0, 200.0, 200.0, 200.0, 200.0, 200.0, 200.0, 200.0, 200.0, 200.0, 200.0, 200.0, 200.0, 200.0, 200.0, 200.0, 200.0, 200.0, 200.0, 200.0, 200.0, 200.0, 200.0]",1,942.478,-5.36701,0.0428862,-0.0424277,0.0,"[7.49123, 7.92085, 9.17169, 12.2015, 28.5871, 59.3108, 50.6704, 42.705, 35.6605, 29.6969, 24.8431, 21.0039, 18.0133, 15.6927, 12.4671, 9.73314, 8.32867, 7.66911, 7.53155]",0.00284627,"[-6.10679, -3.57892, -5.09261, -4.90455]",0.345968
0.0,0.0545871,1.0,0.0,1.964,0.0,1960.7,3.13611,93.9981,-1,"[200.0, 200.0, 200.0, 200.0, 200.0, 200.0, 200.0, 200.0, 200.0, 200.0, 200.0, 200.0, 200.0, 200.0, 200.0, 200.0, 200.0, 200.0, 200.0, 200.0, 200.0, 200.0, 200.0, 200.0, 200.0, 200.0, 200.0, 200.0, 200.0, 200.0, 200.0, 200.0, 200.0, 200.0, 200.0, 200.0]",1,942.478,-4.02986,0.0791887,-0.0424488,0.0,"[7.48935, 7.91845, 9.16822, 12.1952, 28.4568, 59.3306, 50.6895, 42.7231, 35.6769, 29.7113, 24.8553, 21.0141, 18.0218, 15.6998, 12.4723, 9.73662, 8.33127, 7.67118, 7.53327]",0.00308634,"[0.0, 0.0, -0.809347, -0.983512]",0.345915
1.0,0.0542371,0.0,0.0,1.984,0.0,1960.67,3.11389,93.9981,-1,"[200.0, 200.0, 200.0, 200.0, 200.0, 200.0, 200.0, 200.0, 200.0, 200.0, 200.0, 200.0, 200.0, 200.0, 200.0, 200.0, 200.0, 200.0, 200.0, 200.0, 200.0, 200.0, 200.0, 200.0, 200.0, 200.0, 200.0, 200.0, 200.0, 200.0, 200.0, 200.0, 200.0, 200.0, 200.0, 200.0]",1,942.478,-4.2687,0.0137459,-0.0347955,0.0,"[7.48773, 7.91587, 9.16392, 12.1861, 28.2438, 59.3681, 50.7254, 42.7561, 35.706, 29.7361, 24.8757, 21.0306, 18.0351, 15.7106, 12.4795, 9.74101, 8.33416, 7.67316, 7.5346]",0.00327962,"[-1.95199, -2.28856, -4.75269, -4.4136]",0.345871
1.0,0.0537564,0.0,0.0,2.006,0.0,1960.65,3.0863,93.9981,-1,"[200.0, 200.0, 200.0, 200.0, 200.0, 200.0, 200.0, 200.0, 200.0, 200.0, 200.0, 200.0, 200.0, 200.0, 200.0, 200.0, 200.0, 200.0, 200.0, 200.0, 200.0, 200.0, 200.0, 200.0, 200.0, 200.0, 200.0, 200.0, 200.0, 200.0, 200.0, 200.0, 200.0, 200.0, 200.0, 200.0]",1,942.478,-4.79474,0.033704,-0.031279,0.0,"[7.48585, 7.91269, 9.15842, 12.1743, 27.98, 59.4193, 50.7742, 42.8008, 35.7454, 29.7694, 24.9031, 21.0527, 18.0528, 15.7248, 12.489, 9.74663, 8.33778, 7.67555, 7.53609]",0.00350138,"[-3.12965, -3.19242, -5.14908, -4.03604]",0.345889
1.0,0.0532719,0.0,0.0,2.028,0.0,1960.62,3.05554,93.9981,-1,"[200.0, 200.0, 200.0, 200.0, 200.0, 200.0, 200.0, 200.0, 200.0, 200.0, 200.0, 200.0, 200.0, 200.0, 200.0, 200.0, 200.0, 200.0, 200.0, 200.0, 200.0, 200.0, 200.0, 200.0, 200.0, 200.0, 200.0, 200.0, 200.0, 200.0, 200.0, 200.0, 200.0, 200.0, 200.0, 200.0]",1,942.478,-5.20289,0.0371706,-0.033804,0.0,"[7.48375, 7.90927, 9.15263, 12.1621, 27.733, 59.4712, 50.8236, 42.8463, 35.7856, 29.8035, 24.9312, 21.0754, 18.071, 15.7395, 12.4989, 9.75255, 8.34163, 7.67818, 7.5378]",0.00375163,"[-5.95196, -5.88411, -5.84243, -4.30968]",0.345958
0.0,0.0529439,1.0,0.0,2.05,0.0,1960.59,3.02747,93.9981,-1,"[200.0, 200.0, 200.0, 200.0, 200.0, 200.0, 200.0, 200.0, 200.0, 200.0, 200.0, 200.0, 200.0, 200.0, 200.0, 200.0, 200.0, 200.0, 200.0, 200.0, 200.0, 200.0, 200.0, 200.0, 200.0, 200.0, 200.0, 200.0, 200.0, 200.0, 200.0, 200.0, 200.0, 200.0, 200.0, 200.0]",1,942.478,-3.76375,0.0736534,-0.0335223,0.0,"[7.48174, 7.90633, 9.14798, 12.1528, 27.5677, 59.5071, 50.858, 42.8782, 35.814, 29.8279, 24.9514, 21.0919, 18.0845, 15.7505, 12.5064, 9.75729, 8.34491, 7.68055, 7.53954]",0.00399984,"[0.0, 0.0, -2.19643, -2.41754]",0.346022
1.0,0.0525681,0.0,0.0,2.072,0.0,1960.56,3.00403,93.9981,-1,"[200.0, 200.0, 200.0, 200.0, 200.0, 200.0, 200.0, 200.0, 200.0, 200.0, 200.0, 200.0, 200.0, 200.0, 200.0, 200.0, 200.0, 200.0, 200.0, 200.0, 200.0, 200.0, 200.0, 200.0, 200.0, 200.0, 200.0, 200.0, 200.0, 200.0, 200.0, 200.0, 200.0, 200.0, 200.0, 200.0]",1,942.478,-4.08804,0.0203354,-0.0274095,0.0,"[7.48002, 7.90358, 9.14338, 12.1431, 27.3959, 59.5475, 50.8966, 42.9136, 35.8454, 29.8545, 24.9734, 21.1097, 18.0988, 15.7621, 12.5142, 9.76202, 8.348, 7.68267, 7.54095]",0.00420634,"[-3.58853, -4.71848, -4.2484, -3.41222]",0.346085
1.0,0.052118,0.0,0.0,2.094,0.0,1960.54,2.97729,93.9981,-1,"[200.0, 200.0, 200.0, 200.0, 200.0, 200.0, 200.0, 200.0, 200.0, 200.0, 200.0, 200.0, 200.0, 200.0, 200.0, 200.0, 200.0, 200.0, 200.0, 200.0, 200.0, 200.0, 200.0, 200.0, 200.0, 200.0, 200.0, 200.0, 200.0, 200.0, 200.0, 200.0, 200.0, 200.0, 200.0, 200.0]",1,942.478,-4.5975,0.0483408,-0.0272585,0.0,"[7.47819, 7.90054, 9.13818, 12.1321, 27.2037, 59.5956, 50.9424, 42.9557, 35.8825, 29.886, 24.9993, 21.1306, 18.1156, 15.7755, 12.5232, 9.76739, 8.35147, 7.68498, 7.54241]",0.00442301,"[-2.17227, -4.43161, -4.71514, -4.6693]",0.346199
1.0,0.0516221,0.0,0.0,2.116,0.0,1960.51,2.94751,93.9981,-1,"[200.0, 200.0, 200.0, 200.0, 200.0, 200.0, 200.0, 200.0, 200.0, 200.0, 200.0, 200.0, 200.0, 200.0, 200.0, 200.0, 200.0, 200.0, 200.0, 200.0, 200.0, 200.0, 200.0, 200.0, 200.0, 200.0, 200.0, 200.0, 200.0, 200.0, 200.0, 200.0, 200.0, 200.0, 200.0, 200.0]",1,942.478,-5.16067,0.0375107,-0.0315134,0.0,"[7.47617, 7.89717, 9.13243, 12.1199, 27.0031, 59.6486, 50.9929, 43.0021, 35.9235, 29.9208, 25.0279, 21.1536, 18.134, 15.7904, 12.5331, 9.7733, 8.35531, 7.68755, 7.54404]",0.00466309,"[-3.3845, -2.40923, -5.30561, -4.32996]",0.346338
0.0,0.0515153,1.0,0.0,2.138,0.0,1960.48,2.9209,93.9981,-1,"[200.0, 200.0, 200.0, 200.0, 200.0, 200.0, 200.0, 200.0, 200.0, 200.0, 200.0, 200.0, 200.0, 200.0, 200.0, 200.0, 200.0, 200.0, 200.0, 200.0, 200.0, 200.0, 200.0, 200.0, 200.0, 200.0, 200.0, 200.0, 200.0, 200.0, 200.0, 200.0, 200.0, 200.0, 200.0, 200.0]",1,942.478,-3.49522,0.0744541,-0.0306955,0.0,"[7.47438, 7.89501, 9.12948, 12.1148, 26.9453, 59.6618, 51.0059, 43.0147, 35.9351, 29.9312, 25.0369, 21.1614, 18.1406, 15.796, 12.5374, 9.77629, 8.35762, 7.68949, 7.54576]",0.00489604,"[0.0, 0.0, -1.84877, -1.7342]",0.346444
1.0,0.0512263,0.0,0.0,2.16,0.0,1960.46,2.89905,93.9981,-1,"[200.0, 200.0, 200.0, 200.0, 200.0, 200.0, 200.0, 200.0, 200.0, 200.0, 200.0, 200.0, 200.0, 200.0, 200.0, 200.0, 200.0, 200.0, 200.0, 200.0, 200.0, 200.0, 200.0, 200.0, 200.0, 200.0, 200.0, 200.0, 200.0, 200.0, 200.0, 200.0, 200.0, 200.0, 200.0, 200.0]",1,942.478,-3.82261,0.0297796,-0.0238312,0.0,"[7.47283, 7.89265, 9.12567, 12.1071, 26.8303, 59.6933, 51.036, 43.0425, 35.9598, 29.9522, 25.0544, 21.1756, 18.1521, 15.8054, 12.5437, 9.78021, 8.36027, 7.69137, 7.54708]",0.00508626,"[-3.784, -3.76951, -3.24785, -3.18137]",0.34653
1.0,0.0508744,0.0,0.0,2.182,0.0,1960.43,2.87402,93.9981,-1,"[200.0, 200.0, 200.0, 200.0, 200.0, 200.0, 200.0, 200.0, 200.0, 200.0, 200.0, 200.0, 200.0, 200.0, 200.0, 200.0, 200.0, 200.0, 200.0, 200.0, 200.0, 200.0, 200.0, 200.0, 200.0, 200.0, 200.0, 200.0, 200.0, 200.0, 200.0, 200.0, 200.0, 200.0, 200.0, 200.0]",1,942.478,-4.38138,0.0332812,-0.0221431,0.0,"[7.47121, 7.89007, 9.12137, 12.0981, 26.6985, 59.7311, 51.0721, 43.0757, 35.9892, 29.9773, 25.0751, 21.1924, 18.1656, 15.8163, 12.5511, 9.78466, 8.3632, 7.69337, 7.54842]",0.00528158,"[-1.99837, -1.78259, -4.21148, -3.94494]",0.346658
1.0,0.0504438,0.0,0.0,2.204,0.0,1960.41,2.84595,93.9981,-1,"[200.0, 200.0, 200.0, 200.0, 200.0, 200.0, 200.0, 200.0, 200.0, 200.0, 200.0, 200.0, 200.0, 200.0, 200.0, 200.0, 200.0, 200.0, 200.0, 200.0, 200.0, 200.0, 200.0, 200.0, 200.0, 200.0, 200.0, 200.0, 200.0, 200.0, 200.0, 200.0, 200.0, 200.0, 200.0, 200.0]",1,942.478,-4.87476,0.0323325,-0.0250421,0.0,"[7.46937, 7.88706, 9.11628, 12.0874, 26.5442, 59.7772, 51.1161, 43.1162, 36.025, 30.0078, 25.1002, 21.2126, 18.1819, 15.8294, 12.5599, 9.78994, 8.36664, 7.6957, 7.54993]",0.00550232,"[-3.20881, -3.0769, -4.35341, -4.99791]",0.346803
1.0,0.0499007,0.0,0.0,2.226,0.0,1960.38,2.81482,93.9981,-1,"[200.0, 200.0, 200.0, 200.0, 200.0, 200.0, 200.0, 200.0, 200.0, 200.0, 200.0, 200.0, 200.0, 200.0, 200.0, 200.0, 200.0, 200.0, 200.0, 200.0, 200.0, 200.0, 200.0, 200.0, 200.0, 200.0, 200.0, 200.0, 200.0, 200.0, 200.0, 200.0, 200.0, 200.0, 200.0, 200.0]",1,947.039,-5.27771,0.0348832,-0.0285716,0.0,"[7.46733, 7.88358, 9.11023, 12.0744, 26.3611, 59.835, 51.1712, 43.1668, 36.0696, 30.0456, 25.1313, 21.2377, 18.2019, 15.8455, 12.5705, 9.79626, 8.37067, 7.69834, 7.55155]",0.00574239,"[-5.98628, -6.26868, -4.70082, -5.69381]",0.346935
0.0,0.0493953,1.0,0.0,2.248,0.0,1960.35,2.78601,93.9981,-1,"[200.0, 200.0, 200.0, 200.0, 200.0, 200.0, 200.0, 200.0, 200.0, 200.0, 200.0, 200.0, 200.0, 200.0, 200.0, 200.0, 200.0, 200.0, 200.0, 200.0, 200.0, 200.0, 200.0, 200.0, 200.0, 200.0, 200.0, 200.0, 200.0, 200.0, 200.0, 200.0, 200.0, 200.0, 200.0, 200.0]",1,942.478,-3.85331,0.0776317,-0.0268598,0.0,"[7.46535, 7.88024, 9.10449, 12.0622, 26.1965, 59.8889, 51.2226, 43.2141, 36.1114, 30.081, 25.1604, 21.2612, 18.2208, 15.8606, 12.5806, 9.80224, 8.37453, 7.70091, 7.55316]",0.00597941,"[0.0, 0.0, -1.36567, -0.994275]",0.347025
1.0,0.0490972,0.0,0.0,2.27,0.0,1960.32,2.76233,93.998,-1,"[200.0, 200.0, 200.0, 200.0, 200.0, 200.0, 200.0, 200.0, 200.0, 200.0, 200.0, 200.0, 200.0, 200.0, 200.0, 200.0, 200.0, 200.0, 200.0, 200.0, 200.0, 200.0, 200.0, 200.0, 200.0, 200.0, 200.0, 200.0, 200.0, 200.0, 200.0, 200.0, 200.0, 200.0, 200.0, 200.0]",1,942.478,-4.17642,0.0316953,-0.0198404,0.0,"[7.4637, 7.87777, 9.10051, 12.0542, 26.0977, 59.9214, 51.2537, 43.2429, 36.137, 30.103, 25.1786, 21.276, 18.2328, 15.8704, 12.5873, 9.80637, 8.37733, 7.7029, 7.55458]",0.00618184,"[-4.62404, -1.03496, -3.47069, -4.31897]",0.34709
1.0,0.0487511,0.0,0.0,2.292,0.0,1960.3,2.73547,93.998,-1,"[200.0, 200.0, 200.0, 200.0, 200.0, 200.0, 200.0, 200.0, 200.0, 200.0, 200.0, 200.0, 200.0, 200.0, 200.0, 200.0, 200.0, 200.0, 200.0, 200.0, 200.0, 200.0, 200.0, 200.0, 200.0, 200.0, 200.0, 200.0, 200.0, 200.0, 200.0, 200.0, 200.0, 200.0, 200.0, 200.0]",1,945.686,-4.55696,0.0357191,-0.0174467,0.0,"[7.46202, 7.87513, 9.09618, 12.0453, 25.9883, 59.9588, 51.2895, 43.2759, 36.1663, 30.1279, 25.1993, 21.2928, 18.2463, 15.8814, 12.5947, 9.81088, 8.38033, 7.70499, 7.55601]",0.00638733,"[-4.4072, -5.52179, -5.24986, -5.51259]",0.347163
1.0,0.0482013,0.0,0.0,2.314,0.0,1960.27,2.70544,93.998,-1,"[200.0, 200.0, 200.0, 200.0, 200.0, 200.0, 200.0, 200.0, 200.0, 200.0, 200.0, 200.0, 200.0, 200.0, 200.0, 200.0, 200.0, 200.0, 200.0, 200.0, 200.0, 200.0, 200.0, 200.0, 200.0, 200.0, 200.0, 200.0, 200.0, 200.0, 200.0, 200.0, 200.0, 200.0, 200.0, 200.0]",1,942.478,-5.14048,0.033278,-0.0193807,0.0,"[7.46011, 7.87178, 9.09027, 12.0325, 25.8269, 60.0171, 51.3451, 43.3269, 36.2113, 30.1661, 25.2305, 21.3179, 18.2664, 15.8975, 12.6053, 9.8171, 8.38426, 7.70752, 7.55751]",0.00661112,"[-2.69932, -5.01933, -4.52649, -5.31469]",0.347216
0.0,0.0475885,1.0,0.0,2.336,0.0,1960.24,2.67859,93.998,-1,"[200.0, 200.0, 200.0, 200.0, 200.0, 200.0, 200.0, 200.0, 200.0, 200.0, 200.0, 200.0, 200.0, 200.0, 200.0, 200.0, 200.0, 200.0, 200.0, 200.0, 200.0, 200.0, 200.0, 200.0, 200.0, 200.0, 200.0, 200.0, 200.0, 200.0, 200.0, 200.0, 200.0, 200.0, 200.0, 200.0]",1,942.478,-3.55131,0.0763802,-0.0178581,0.0,"[7.45823, 7.86829, 9.08398, 12.0187, 25.6559, 60.0818, 51.4066, 43.3834, 36.261, 30.2081, 25.2649, 21.3455, 18.2884, 15.915, 12.6169, 9.82375, 8.38838, 7.71011, 7.55894]",0.00682882,"[0.0, 0.0, -1.69276, -1.15998]",0.347225
1.0,0.0472771,0.0,0.0,2.358,0.0,1960.22,2.65649,93.998,-1,"[200.0, 200.0, 200.0, 200.0, 200.0, 200.0, 200.0, 200.0, 200.0, 200.0, 200.0, 200.0, 200.0, 200.0, 200.0, 200.0, 200.0, 200.0, 200.0, 200.0, 200.0, 200.0, 200.0, 200.0, 200.0, 200.0, 200.0, 200.0, 200.0, 200.0, 200.0, 200.0, 200.0, 200.0, 200.0, 200.0]",1,942.478,-3.87716,0.0390156,-0.0126915,0.0,"[7.45672, 7.86592, 9.0801, 12.0107, 25.5668, 60.1154, 51.4388, 43.4132, 36.2874, 30.2307, 25.2836, 21.3607, 18.3006, 15.9249, 12.6236, 9.82782, 8.39109, 7.71199, 7.56023]",0.00701396,"[-4.33772, -1.8373, -3.5325, -3.60769]",0.347221
1.0,0.0468499,0.0,0.0,2.38,0.0,1960.19,2.63123,93.998,-1,"[200.0, 200.0, 200.0, 200.0, 200.0, 200.0, 200.0, 200.0, 200.0, 200.0, 200.0, 200.0, 200.0, 200.0, 200.0, 200.0, 200.0, 200.0, 200.0, 200.0, 200.0, 200.0, 200.0, 200.0, 200.0, 200.0, 200.0, 200.0, 200.0, 200.0, 200.0, 200.0, 200.0, 200.0, 200.0, 200.0]",1,942.478,-4.36517,0.0430801,-0.0132689,0.0,"[7.45511, 7.86318, 9.07535, 12.0006, 25.4511, 60.161, 51.4823, 43.4531, 36.3227, 30.2607, 25.3082, 21.3806, 18.3165, 15.9377, 12.6321, 9.83286, 8.39431, 7.7141, 7.56153]",0.00720622,"[-4.15007, -2.63864, -4.91451, -4.21763]",0.347199
1.0,0.0464169,0.0,0.0,2.402,0.0,1960.16,2.60291,93.998,-1,"[200.0, 200.0, 200.0, 200.0, 200.0, 200.0, 200.0, 200.0, 200.0, 200.0, 200.0, 200.0, 200.0, 200.0, 200.0, 200.0, 200.0, 200.0, 200.0, 200.0, 200.0, 200.0, 200.0, 200.0, 200.0, 200.0, 200.0, 200.0, 200.0, 200.0, 200.0, 200.0, 200.0, 200.0, 200.0, 200.0]",1,942.478,-4.85338,0.0417289,-0.0173589,0.0,"[7.45344, 7.86036, 9.0705, 11.9903, 25.3364, 60.2073, 51.5263, 43.4937, 36.3586, 30.2912, 25.3333, 21.4008, 18.3328, 15.9508, 12.6407, 9.838, 8.39761, 7.71629, 7.5629]",0.00740662,"[-2.48205, -5.7839, -4.23268, -5.66774]",0.34712
1.0,0.0458862,0.0,0.0,2.424,0.0,1960.13,2.57153,93.998,-1,"[200.0, 200.0, 200.0, 200.0, 200.0, 200.0, 200.0, 200.0, 200.0, 200.0, 200.0, 200.0, 200.0, 200.0, 200.0, 200.0, 200.0, 200.0, 200.0, 200.0, 200.0, 200.0, 200.0, 200.0, 200.0, 200.0, 200.0, 200.0, 200.0, 200.0, 200.0, 200.0, 200.0, 200.0, 200.0, 200.0]",1,942.478,-5.36686,0.0430803,-0.0227953,0.0,"[7.45155, 7.85706, 9.06475, 11.978, 25.2009, 60.2637, 51.5802, 43.5432, 36.4024, 30.3283, 25.3638, 21.4254, 18.3524, 15.9665, 12.6511, 9.84411, 8.40149, 7.71882, 7.56442]",0.00763143,"[-3.66727, -5.23138, -4.46621, -5.49786]",0.346978
0.0,0.0453688,1.0,0.0,2.446,0.0,1960.1,2.54321,93.998,-1,"[200.0, 200.0, 200.0, 200.0, 200.0, 200.0, 200.0, 200.0, 200.0, 200.0, 200.0, 200.0, 200.0, 200.0, 200.0, 200.0, 200.0, 200.0, 200.0, 200.0, 200.0, 200.0, 200.0, 200.0, 200.0, 200.0, 200.0, 200.0, 200.0, 200.0, 200.0, 200.0, 200.0, 200.0, 200.0, 200.0]",1,942.478,-3.78676,0.077419,-0.0228264,0.0,"[7.4497, 7.85384, 9.05914, 11.966, 25.0724, 60.3188, 51.6327, 43.5915, 36.4451, 30.3645, 25.3936, 21.4493, 18.3716, 15.9819, 12.6613, 9.85008, 8.40528, 7.72128, 7.56591]",0.00785116,"[0.0, 0.0, -2.03958, -1.4561]",0.3468
1.0,0.0450036,0.0,0.0,2.468,0.0,1960.08,2.51978,93.998,-1,"[200.0, 200.0, 200.0, 200.0, 200.0, 200.0, 200.0, 200.0, 200.0, 200.0, 200.0, 200.0, 200.0, 200.0, 200.0, 200.0, 200.0, 200.0, 200.0, 200.0, 200.0, 200.0, 200.0, 200.0, 200.0, 200.0, 200.0, 200.0, 200.0, 200.0, 200.0, 200.0, 200.0, 200.0, 200.0, 200.0]",1,942.478,-4.12552,0.0422285,-0.0178281,0.0,"[7.44815, 7.85133, 9.05488, 11.9571, 24.9819, 60.3579, 51.6701, 43.6261, 36.4757, 30.3906, 25.4151, 21.4668, 18.3856, 15.9932, 12.6689, 9.85461, 8.40824, 7.72328, 7.56721]",0.00803935,"[-4.59149, -1.45356, -3.62544, -3.72111]",0.346638
1.0,0.0445248,0.0,0.0,2.49,0.0,1960.05,2.49292,93.998,-1,"[200.0, 200.0, 200.0, 200.0, 200.0, 200.0, 200.0, 200.0, 200.0, 200.0, 200.0, 200.0, 200.0, 200.0, 200.0, 200.0, 200.0, 200.0, 200.0, 200.0, 200.0, 200.0, 200.0, 200.0, 200.0, 200.0, 200.0, 200.0, 200.0, 200.0, 200.0, 200.0, 200.0, 200.0, 200.0, 200.0]",1,942.478,-4.59497,0.0328234,-0.017907,0.0,"[7.4465, 7.84841, 9.04977, 11.9461, 24.8687, 60.4088, 51.7187, 43.6707, 36.5152, 30.424, 25.4426, 21.4889, 18.4033, 16.0073, 12.6782, 9.86008, 8.41169, 7.72551, 7.56853]",0.00823466,"[-4.40797, -2.83682, -5.20305, -4.17368]",0.346458
1.0,0.0440037,0.0,0.0,2.512,0.0,1960.02,2.46313,93.998,-1,"[200.0, 200.0, 200.0, 200.0, 200.0, 200.0, 200.0, 200.0, 200.0, 200.0, 200.0, 200.0, 200.0, 200.0, 200.0, 200.0, 200.0, 200.0, 200.0, 200.0, 200.0, 200.0, 200.0, 200.0, 200.0, 200.0, 200.0, 200.0, 200.0, 200.0, 200.0, 200.0, 200.0, 200.0, 200.0, 200.0]",1,942.478,-5.08899,0.0521363,-0.0217207,0.0,"[7.44474, 7.84529, 9.04426, 11.9343, 24.7488, 60.4641, 51.7714, 43.7193, 36.558, 30.4605, 25.4725, 21.513, 18.4225, 16.0227, 12.6884, 9.86601, 8.41541, 7.7279, 7.56993]",0.0084432,"[-2.61497, -5.92426, -5.51118, -4.87501]",0.346238
0.0,0.0432393,1.0,0.0,2.534,0.0,1960.0,2.43616,93.998,-1,"[200.0, 200.0, 200.0, 200.0, 200.0, 200.0, 200.0, 200.0, 200.0, 200.0, 200.0, 200.0, 200.0, 200.0, 200.0, 200.0, 200.0, 200.0, 200.0, 200.0, 200.0, 200.0, 200.0, 200.0, 200.0, 200.0, 200.0, 200.0, 200.0, 200.0, 200.0, 200.0, 200.0, 200.0, 200.0, 200.0]",1,942.478,-3.56123,0.0901519,-0.0225898,0.0,"[7.44284, 7.84143, 9.03705, 11.9182, 24.5831, 60.5444, 51.8477, 43.7892, 36.6196, 30.5124, 25.515, 21.5469, 18.4494, 16.0441, 12.7022, 9.87383, 8.42014, 7.73072, 7.57133]",0.00865885,"[0.0, 0.0, -1.59415, -1.16975]",0.346023
1.0,0.0428778,0.0,0.0,2.556,0.0,1959.97,2.41406,93.998,-1,"[200.0, 200.0, 200.0, 200.0, 200.0, 200.0, 200.0, 200.0, 200.0, 200.0, 200.0, 200.0, 200.0, 200.0, 200.0, 200.0, 200.0, 200.0, 200.0, 200.0, 200.0, 200.0, 200.0, 200.0, 200.0, 200.0, 200.0, 200.0, 200.0, 200.0, 200.0, 200.0, 200.0, 200.0, 200.0, 200.0]",1,942.478,-3.8476,0.0388106,-0.0183375,0.0,"[7.44139, 7.83901, 9.03295, 11.9096, 24.5026, 60.5831, 51.8847, 43.8234, 36.6499, 30.5382, 25.5363, 21.5641, 18.4632, 16.0552, 12.7096, 9.87825, 8.42299, 7.73264, 7.57255]",0.00883586,"[-4.41681, -3.81512, -3.54045, -3.65218]",0.345845
1.0,0.0424172,0.0,0.0,2.578,0.0,1959.95,2.38867,93.998,-1,"[200.0, 200.0, 200.0, 200.0, 200.0, 200.0, 200.0, 200.0, 200.0, 200.0, 200.0, 200.0, 200.0, 200.0, 200.0, 200.0, 200.0, 200.0, 200.0, 200.0, 200.0, 200.0, 200.0, 200.0, 200.0, 200.0, 200.0, 200.0, 200.0, 200.0, 200.0, 200.0, 200.0, 200.0, 200.0, 200.0]",1,942.478,-4.38054,0.0370292,-0.0189334,0.0,"[7.43991, 7.83634, 9.0282, 11.8993, 24.4044, 60.632, 51.9313, 43.8663, 36.6877, 30.5704, 25.5626, 21.5853, 18.4801, 16.0687, 12.7185, 9.8834, 8.4262, 7.73468, 7.57372]",0.00900981,"[-4.26612, -1.83339, -4.5977, -4.06564]",0.34566
1.0,0.0419909,0.0,0.0,2.6,0.0,1959.92,2.36035,93.998,-1,"[200.0, 200.0, 200.0, 200.0, 200.0, 200.0, 200.0, 200.0, 200.0, 200.0, 200.0, 200.0, 200.0, 200.0, 200.0, 200.0, 200.0, 200.0, 200.0, 200.0, 200.0, 200.0, 200.0, 200.0, 200.0, 200.0, 200.0, 200.0, 200.0, 200.0, 200.0, 200.0, 200.0, 200.0, 200.0, 200.0]",1,963.153,-4.88762,0.0338034,-0.0230035,0.0,"[7.43837, 7.83367, 9.02358, 11.8895, 24.3141, 60.6773, 51.9747, 43.9063, 36.7231, 30.6005, 25.5874, 21.6053, 18.4961, 16.0816, 12.727, 9.8884, 8.4294, 7.73676, 7.575]",0.00919596,"[-2.37695, -3.13999, -5.61123, -4.9908]",0.345464
1.0,0.0414922,0.0,0.0,2.622,0.0,1959.89,2.32886,93.998,-1,"[200.0, 200.0, 200.0, 200.0, 200.0, 200.0, 200.0, 200.0, 200.0, 200.0, 200.0, 200.0, 200.0, 200.0, 200.0, 200.0, 200.0, 200.0, 200.0, 200.0, 200.0, 200.0, 200.0, 200.0, 200.0, 200.0, 200.0, 200.0, 200.0, 200.0, 200.0, 200.0, 200.0, 200.0, 200.0, 200.0]",1,942.478,-5.37856,0.0441456,-0.0283079,0.0,"[7.43666, 7.83066, 9.01831, 11.8782, 24.2111, 60.7304, 52.0254, 43.9529, 36.7644, 30.6356, 25.6163, 21.6285, 18.5147, 16.0964, 12.7368, 9.89413, 8.43301, 7.7391, 7.57639]",0.00940043,"[-3.62016, -6.1517, -4.94302, -4.93862]",0.345265
0.0,0.040919,1.0,0.0,2.644,0.0,1959.86,2.30017,93.998,-1,"[200.0, 200.0, 200.0, 200.0, 200.0, 200.0, 200.0, 200.0, 200.0, 200.0, 200.0, 200.0, 200.0, 200.0, 200.0, 200.0, 200.0, 200.0, 200.0, 200.0, 200.0, 200.0, 200.0, 200.0, 200.0, 200.0, 200.0, 200.0, 200.0, 200.0, 200.0, 200.0, 200.0, 200.0, 200.0, 200.0]",1,942.478,-3.85608,0.0784019,-0.0285522,0.0,"[7.43492, 7.82744, 9.01252, 11.8657, 24.0967, 60.7911, 52.0832, 44.0061, 36.8114, 30.6755, 25.649, 21.6548, 18.5356, 16.1132, 12.7478, 9.90046, 8.43695, 7.74157, 7.57777]",0.00960592,"[0.0, 0.0, -1.33041, -1.19031]",0.345097
1.0,0.0405866,0.0,0.0,2.666,0.0,1959.84,2.27637,93.998,-1,"[200.0, 200.0, 200.0, 200.0, 200.0, 200.0, 200.0, 200.0, 200.0, 200.0, 200.0, 200.0, 200.0, 200.0, 200.0, 200.0, 200.0, 200.0, 200.0, 200.0, 200.0, 200.0, 200.0, 200.0, 200.0, 200.0, 200.0, 200.0, 200.0, 200.0, 200.0, 200.0, 200.0, 200.0, 200.0, 200.0]",1,942.478,-4.11839,0.0287581,-0.0227601,0.0,"[7.43352, 7.82515, 9.00868, 11.8577, 24.0288, 60.8268, 52.1174, 44.0378, 36.8395, 30.6994, 25.6688, 21.6709, 18.5485, 16.1236, 12.7548, 9.90462, 8.43965, 7.7434, 7.57896]",0.00977783,"[-4.08841, -4.20413, -3.79994, -3.80214]",0.344988
0.0,0.0401375,0.0,0.0,2.688,0.0,1959.81,2.25085,93.998,-1,"[200.0, 200.0, 200.0, 200.0, 200.0, 200.0, 200.0, 200.0, 200.0, 200.0, 200.0, 200.0, 200.0, 200.0, 200.0, 200.0, 200.0, 200.0, 200.0, 200.0, 200.0, 200.0, 200.0, 200.0, 200.0, 200.0, 200.0, 200.0, 200.0, 200.0, 200.0, 200.0, 200.0, 200.0, 200.0, 200.0]",1,942.478,-4.16904,0.0411544,-0.0203632,0.0,"[7.43211, 7.82258, 9.00409, 11.8479, 23.9417, 60.8744, 52.1628, 44.0796, 36.8765, 30.7309, 25.6946, 21.6916, 18.5651, 16.1368, 12.7634, 9.90965, 8.44279, 7.74539, 7.5801]",0.00994568,"[-2.05344, -2.03027, -3.89271, -3.9197]",0.344933
0.0,0.0397183,0.0,0.0,2.71,0.0,1959.79,2.22534,93.998,-1,"[200.0, 200.0, 200.0, 200.0, 200.0, 200.0, 200.0, 200.0, 200.0, 200.0, 200.0, 200.0, 200.0, 200.0, 200.0, 200.0, 200.0, 200.0, 200.0, 200.0, 200.0, 200.0, 200.0, 200.0, 200.0, 200.0, 200.0, 200.0, 200.0, 200.0, 200.0, 200.0, 200.0, 200.0, 200.0, 200.0]",1,942.478,-4.23724,0.0422574,-0.0198008,0.0,"[7.43069, 7.82008, 8.9997, 11.8385, 23.861, 60.919, 52.2054, 44.1188, 36.9112, 30.7604, 25.7189, 21.7112, 18.5807, 16.1493, 12.7717, 9.91446, 8.44582, 7.74734, 7.58125]",0.0101145,"[-2.83527, -2.83532, -2.60358, -2.58996]",0.344928
0.0,0.0392997,0.0,0.0,2.732,0.0,1959.76,2.20007,93.998,-1,"[200.0, 200.0, 200.0, 200.0, 200.0, 200.0, 200.0, 200.0, 200.0, 200.0, 200.0, 200.0, 200.0, 200.0, 200.0, 200.0, 200.0, 200.0, 200.0, 200.0, 200.0, 200.0, 200.0, 200.0, 200.0, 200.0, 200.0, 200.0, 200.0, 200.0, 200.0, 200.0, 200.0, 200.0, 200.0, 200.0]",1,942.478,-4.14702,0.041896,-0.020286,0.0,"[7.42929, 7.81759, 8.99532, 11.8291, 23.7817, 60.9635, 52.248, 44.158, 36.9459, 30.79, 25.7432, 21.7308, 18.5963, 16.1618, 12.7799, 9.91928, 8.44885, 7.74928, 7.58241]",0.0102834,"[-5.12633, -5.06254, -3.1291, -3.11493]",0.344963
0.0,0.0388815,0.0,0.0,2.754,0.0,1959.73,2.17468,93.998,-1,"[200.0, 200.0, 200.0, 200.0, 200.0, 200.0, 200.0, 200.0, 200.0, 200.0, 200.0, 200.0, 200.0, 200.0, 200.0, 200.0, 200.0, 200.0, 200.0, 200.0, 200.0, 200.0, 200.0, 200.0, 200.0, 200.0, 200.0, 200.0, 200.0, 200.0, 200.0, 200.0, 200.0, 200.0, 200.0, 200.0]",1,942.478,-4.07271,0.0420923,-0.0211639,0.0,"[7.4279, 7.81511, 8.99097, 11.8198, 23.7039, 61.0079, 52.2904, 44.1972, 36.9806, 30.8195, 25.7675, 21.7503, 18.6119, 16.1743, 12.7882, 9.92407, 8.45186, 7.75123, 7.58355]",0.0104502,"[-4.30614, -4.2578, -4.3496, -4.42803]",0.345035
1.0,0.0384127,0.0,0.0,2.776,0.0,1959.71,2.14771,93.998,-1,"[200.0, 200.0, 200.0, 200.0, 200.0, 200.0, 200.0, 200.0, 200.0, 200.0, 200.0, 200.0, 200.0, 200.0, 200.0, 200.0, 200.0, 200.0, 200.0, 200.0, 200.0, 200.0, 200.0, 200.0, 200.0, 200.0, 200.0, 200.0, 200.0, 200.0, 200.0, 200.0, 200.0, 200.0, 200.0, 200.0]",1,942.478,-4.65194,0.0352769,-0.0234186,0.0,"[7.42645, 7.81244, 8.98622, 11.8096, 23.6185, 61.0576, 52.3379, 44.2409, 37.0193, 30.8523, 25.7945, 21.772, 18.6293, 16.1882, 12.7973, 9.92932, 8.45514, 7.7533, 7.58473]",0.0106242,"[-2.11168, -2.18141, -5.33219, -4.44372]",0.345153
1.0,0.0379674,0.0,0.0,2.798,0.0,1959.68,2.11792,93.998,-1,"[200.0, 200.0, 200.0, 200.0, 200.0, 200.0, 200.0, 200.0, 200.0, 200.0, 200.0, 200.0, 200.0, 200.0, 200.0, 200.0, 200.0, 200.0, 200.0, 200.0, 200.0, 200.0, 200.0, 200.0, 200.0, 200.0, 200.0, 200.0, 200.0, 200.0, 200.0, 200.0, 200.0, 200.0, 200.0, 200.0]",1,942.478,-5.16371,0.04091,-0.0272711,0.0,"[7.42491, 7.80976, 8.98153, 11.7997, 23.5377, 61.1051, 52.3833, 44.2828, 37.0565, 30.8839, 25.8205, 21.793, 18.6461, 16.2016, 12.8061, 9.9345, 8.45842, 7.75542, 7.58601]",0.0108093,"[-3.37206, -3.41139, -4.48928, -5.78605]",0.345325
0.0,0.0374638,1.0,0.0,2.82,0.0,1959.65,2.09094,93.998,-1,"[200.0, 200.0, 200.0, 200.0, 200.0, 200.0, 200.0, 200.0, 200.0, 200.0, 200.0, 200.0, 200.0, 200.0, 200.0, 200.0, 200.0, 200.0, 200.0, 200.0, 200.0, 200.0, 200.0, 200.0, 200.0, 200.0, 200.0, 200.0, 200.0, 200.0, 200.0, 200.0, 200.0, 200.0, 200.0, 200.0]",1,942.478,-3.55586,0.0780752,-0.0264834,0.0,"[7.42339, 7.80693, 8.97647, 11.7888, 23.4491, 61.1584, 52.4342, 44.3297, 37.098, 30.9192, 25.8495, 21.8163, 18.6647, 16.2165, 12.8159, 9.94012, 8.46191, 7.75761, 7.58724]",0.0109924,"[0.0, 0.0, -1.40404, -1.61809]",0.345503
1.0,0.0370819,0.0,0.0,2.842,0.0,1959.63,2.06873,93.998,-1,"[200.0, 200.0, 200.0, 200.0, 200.0, 200.0, 200.0, 200.0, 200.0, 200.0, 200.0, 200.0, 200.0, 200.0, 200.0, 200.0, 200.0, 200.0, 200.0, 200.0, 200.0, 200.0, 200.0, 200.0, 200.0, 200.0, 200.0, 200.0, 200.0, 200.0, 200.0, 200.0, 200.0, 200.0, 200.0, 200.0]",1,942.478,-3.85381,0.0394664,-0.0203362,0.0,"[7.4221, 7.80466, 8.97249, 11.7803, 23.382, 61.1991, 52.4731, 44.3656, 37.1298, 30.9463, 25.8718, 21.8343, 18.679, 16.228, 12.8235, 9.94454, 8.46469, 7.75941, 7.58831]",0.0111471,"[-3.78886, -3.98158, -3.33304, -3.49754]",0.345679
1.0,0.0365674,0.0,0.0,2.864,0.0,1959.6,2.04333,93.998,-1,"[200.0, 200.0, 200.0, 200.0, 200.0, 200.0, 200.0, 200.0, 200.0, 200.0, 200.0, 200.0, 200.0, 200.0, 200.0, 200.0, 200.0, 200.0, 200.0, 200.0, 200.0, 200.0, 200.0, 200.0, 200.0, 200.0, 200.0, 200.0, 200.0, 200.0, 200.0, 200.0, 200.0, 200.0, 200.0, 200.0]",1,942.478,-4.43097,0.0356779,-0.0188174,0.0,"[7.42083, 7.80207, 8.96768, 11.7697, 23.2957, 61.2533, 52.5248, 44.4132, 37.1718, 30.9819, 25.901, 21.8577, 18.6976, 16.2427, 12.833, 9.94993, 8.46795, 7.76138, 7.5893]",0.0112966,"[-1.95703, -2.03814, -3.94692, -3.85768]",0.345929
1.0,0.0361239,0.0,0.0,2.886,0.0,1959.58,2.01501,93.998,-1,"[200.0, 200.0, 200.0, 200.0, 200.0, 200.0, 200.0, 200.0, 200.0, 200.0, 200.0, 200.0, 200.0, 200.0, 200.0, 200.0, 200.0, 200.0, 200.0, 200.0, 200.0, 200.0, 200.0, 200.0, 200.0, 200.0, 200.0, 200.0, 200.0, 200.0, 200.0, 200.0, 200.0, 200.0, 200.0, 200.0]",1,942.478,-4.91823,0.0368875,-0.0218452,0.0,"[7.41944, 7.79955, 8.96319, 11.7601, 23.2206, 61.3004, 52.5698, 44.4547, 37.2086, 31.0132, 25.9267, 21.8784, 18.7141, 16.256, 12.8417, 9.95496, 8.47108, 7.76337, 7.59045]",0.0114644,"[-3.19589, -3.19506, -4.27719, -5.08276]",0.346239
1.0,0.0356275,0.0,0.0,2.908,0.0,1959.54,1.98352,93.998,-1,"[200.0, 200.0, 200.0, 200.0, 200.0, 200.0, 200.0, 200.0, 200.0, 200.0, 200.0, 200.0, 200.0, 200.0, 200.0, 200.0, 200.0, 200.0, 200.0, 200.0, 200.0, 200.0, 200.0, 200.0, 200.0, 200.0, 200.0, 200.0, 200.0, 200.0, 200.0, 200.0, 200.0, 200.0, 200.0, 200.0]",1,977.573,-5.31209,0.0422979,-0.0260318,0.0,"[7.41792, 7.79675, 8.95822, 11.7494, 23.1382, 61.353, 52.6201, 44.5011, 37.2497, 31.0481, 25.9555, 21.9015, 18.7326, 16.2707, 12.8513, 9.96053, 8.47455, 7.76556, 7.59169]",0.0116465,"[-6.11235, -6.14611, -4.67553, -6.17073]",0.346586
0.0,0.0352132,1.0,0.0,2.93,0.0,1959.51,1.95447,93.998,-1,"[200.0, 200.0, 200.0, 200.0, 200.0, 200.0, 200.0, 200.0, 200.0, 200.0, 200.0, 200.0, 200.0, 200.0, 200.0, 200.0, 200.0, 200.0, 200.0, 200.0, 200.0, 200.0, 200.0, 200.0, 200.0, 200.0, 200.0, 200.0, 200.0, 200.0, 200.0, 200.0, 200.0, 200.0, 200.0, 200.0]",1,942.478,-3.89578,0.0796661,-0.0256932,0.0,"[7.4164, 7.79416, 8.95377, 11.7401, 23.0687, 61.3973, 52.6624, 44.5403, 37.2845, 31.0779, 25.98, 21.9214, 18.7485, 16.2835, 12.8598, 9.9655, 8.47773, 7.76764, 7.59299]",0.0118317,"[0.0, 0.0, -1.3253, -1.34542]",0.346895
1.0,0.034785,0.0,0.0,2.952,0.0,1959.49,1.93042,93.998,-1,"[200.0, 200.0, 200.0, 200.0, 200.0, 200.0, 200.0, 200.0, 200.0, 200.0, 200.0, 200.0, 200.0, 200.0, 200.0, 200.0, 200.0, 200.0, 200.0, 200.0, 200.0, 200.0, 200.0, 200.0, 200.0, 200.0, 200.0, 200.0, 200.0, 200.0, 200.0, 200.0, 200.0, 200.0, 200.0, 200.0]",1,942.478,-4.22092,0.032767,-0.0195693,0.0,"[7.41512, 7.79177, 8.9495, 11.7309, 22.9995, 61.4427, 52.7059, 44.5804, 37.32, 31.1081, 26.0049, 21.9414, 18.7644, 16.2962, 12.8681, 9.97031, 8.48071, 7.76952, 7.59405]",0.0119873,"[-2.9047, -2.5869, -3.37839, -3.64495]",0.347149
1.0,0.0342552,0.0,0.0,2.974,0.0,1959.46,1.90332,93.998,-1,"[200.0, 200.0, 200.0, 200.0, 200.0, 200.0, 200.0, 200.0, 200.0, 200.0, 200.0, 200.0, 200.0, 200.0, 200.0, 200.0, 200.0, 200.0, 200.0, 200.0, 200.0, 200.0, 200.0, 200.0, 200.0, 200.0, 200.0, 200.0, 200.0, 200.0, 200.0, 200.0, 200.0, 200.0, 200.0, 200.0]",1,942.478,-4.68727,0.0188462,-0.0176027,0.0,"[7.41387, 7.78919, 8.94466, 11.7202, 22.917, 61.4985, 52.7591, 44.6293, 37.3633, 31.1448, 26.0349, 21.9654, 18.7835, 16.3113, 12.8779, 9.97581, 8.48402, 7.77149, 7.59502]",0.0121328,"[-5.67794, -2.97214, -4.01513, -4.39789]",0.347439
1.0,0.033796,0.0,0.0,2.996,0.0,1959.43,1.87305,93.998,-1,"[200.0, 200.0, 200.0, 200.0, 200.0, 200.0, 200.0, 200.0, 200.0, 200.0, 200.0, 200.0, 200.0, 200.0, 200.0, 200.0, 200.0, 200.0, 200.0, 200.0, 200.0, 200.0, 200.0, 200.0, 200.0, 200.0, 200.0, 200.0, 200.0, 200.0, 200.0, 200.0, 200.0, 200.0, 200.0, 200.0]",1,1134.78,-5.12074,0.052532,-0.066051,0.0,"[7.41246, 7.7866, 8.94006, 11.7104, 22.8446, 61.5472, 52.8057, 44.6724, 37.4015, 31.1773, 26.0617, 21.987, 18.8007, 16.3251, 12.8869, 9.98101, 8.48726, 7.77354, 7.59619]",0.0123037,"[-2.65951, -5.92663, -7.10449, -5.26934]",0.347698
0.0,0.0329658,1.0,0.0,3.018,0.0,1959.41,1.84595,93.998,-1,"[200.0, 200.0, 200.0, 200.0, 200.0, 200.0, 200.0, 200.0, 200.0, 200.0, 200.0, 200.0, 200.0, 200.0, 200.0, 200.0, 200.0, 200.0, 200.0, 200.0, 200.0, 200.0, 200.0, 200.0, 200.0, 200.0, 200.0, 200.0, 200.0, 200.0, 200.0, 200.0, 200.0, 200.0, 200.0, 200.0]",1,942.478,-3.57575,0.09328,-0.0670881,0.0,"[7.41085, 7.78292, 8.93291, 11.6943, 22.7214, 61.6342, 52.8886, 44.7486, 37.4687, 31.2342, 26.1082, 22.0241, 18.8301, 16.3483, 12.9018, 9.98925, 8.49208, 7.7763, 7.59738]",0.0124878,"[0.0, 0.0, -2.90596, -2.81302]",0.347562
1.0,0.0325505,0.0,0.0,3.04,0.0,1959.38,1.82336,93.998,-1,"[200.0, 200.0, 200.0, 200.0, 200.0, 200.0, 200.0, 200.0, 200.0, 200.0, 200.0, 200.0, 200.0, 200.0, 200.0, 200.0, 200.0, 200.0, 200.0, 200.0, 200.0, 200.0, 200.0, 200.0, 200.0, 200.0, 200.0, 200.0, 200.0, 200.0, 200.0, 200.0, 200.0, 200.0, 200.0, 200.0]",1,942.478,-3.95436,0.017017,-0.0443865,0.0,"[7.40967, 7.78068, 8.92888, 11.6855, 22.6586, 61.6782, 52.9307, 44.7874, 37.5032, 31.2635, 26.1323, 22.0435, 18.8455, 16.3606, 12.9098, 9.99385, 8.49492, 7.77806, 7.59836]",0.0126302,"[-3.83335, -4.71392, -3.28897, -3.07981]",0.347497
1.0,0.03215,0.0,0.0,3.062,0.0,1959.36,1.79761,93.998,-1,"[200.0, 200.0, 200.0, 200.0, 200.0, 200.0, 200.0, 200.0, 200.0, 200.0, 200.0, 200.0, 200.0, 200.0, 200.0, 200.0, 200.0, 200.0, 200.0, 200.0, 200.0, 200.0, 200.0, 200.0, 200.0, 200.0, 200.0, 200.0, 200.0, 200.0, 200.0, 200.0, 200.0, 200.0, 200.0, 200.0]",1,942.478,-4.46675,0.0445005,-0.0290958,0.0,"[7.40852, 7.77851, 8.92499, 11.6772, 22.5988, 61.7206, 52.9713, 44.8249, 37.5364, 31.2918, 26.1556, 22.0622, 18.8604, 16.3725, 12.9176, 9.9983, 8.49766, 7.77978, 7.5993]",0.0127686,"[-2.01586, -4.33997, -4.71046, -3.8307]",0.347527
1.0,0.0316507,0.0,0.0,3.084,0.0,1959.33,1.76868,93.998,-1,"[200.0, 200.0, 200.0, 200.0, 200.0, 200.0, 200.0, 200.0, 200.0, 200.0, 200.0, 200.0, 200.0, 200.0, 200.0, 200.0, 200.0, 200.0, 200.0, 200.0, 200.0, 200.0, 200.0, 200.0, 200.0, 200.0, 200.0, 200.0, 200.0, 200.0, 200.0, 200.0, 200.0, 200.0, 200.0, 200.0]",1,942.478,-4.99431,0.0322466,-0.0209742,0.0,"[7.40723, 7.77597, 8.92032, 11.667, 22.5257, 61.7734, 53.0216, 44.8713, 37.5775, 31.3268, 26.1843, 22.0853, 18.8787, 16.3871, 12.927, 10.0037, 8.50093, 7.78178, 7.60035]",0.0129222,"[-3.25017, -2.22682, -5.21038, -4.79026]",0.347596
1.0,0.0311705,0.0,0.0,3.106,0.0,1959.3,1.73669,93.998,-1,"[200.0, 200.0, 200.0, 200.0, 200.0, 200.0, 200.0, 200.0, 200.0, 200.0, 200.0, 200.0, 200.0, 200.0, 200.0, 200.0, 200.0, 200.0, 200.0, 200.0, 200.0, 200.0, 200.0, 200.0, 200.0, 200.0, 200.0, 200.0, 200.0, 200.0, 200.0, 200.0, 200.0, 200.0, 200.0, 200.0]",1,991.835,-5.44449,0.0329875,-0.0176349,0.0,"[7.40589, 7.77341, 8.91568, 11.657, 22.4559, 61.8242, 53.0703, 44.9163, 37.6174, 31.3607, 26.2122, 22.1077, 18.8966, 16.4013, 12.9363, 10.009, 8.5042, 7.7838, 7.60146]",0.0130839,"[-6.06802, -3.55417, -4.90844, -5.90546]",0.347638
0.0,0.0308511,1.0,0.0,3.128,0.0,1959.27,1.70752,93.998,-1,"[200.0, 200.0, 200.0, 200.0, 200.0, 200.0, 200.0, 200.0, 200.0, 200.0, 200.0, 200.0, 200.0, 200.0, 200.0, 200.0, 200.0, 200.0, 200.0, 200.0, 200.0, 200.0, 200.0, 200.0, 200.0, 200.0, 200.0, 200.0, 200.0, 200.0, 200.0, 200.0, 200.0, 200.0, 200.0, 200.0]",1,942.478,-3.91909,0.0754617,-0.012195,0.0,"[7.40456, 7.77125, 8.91206, 11.6496, 22.4073, 61.8587, 53.1034, 44.947, 37.6448, 31.3843, 26.2317, 22.1236, 18.9094, 16.4116, 12.9432, 10.0131, 8.50686, 7.7856, 7.60265]",0.0132507,"[0.0, 0.0, -1.69902, -1.34213]",0.347634
1.0,0.0305116,0.0,0.0,3.15,0.0,1959.24,1.68323,93.998,-1,"[200.0, 200.0, 200.0, 200.0, 200.0, 200.0, 200.0, 200.0, 200.0, 200.0, 200.0, 200.0, 200.0, 200.0, 200.0, 200.0, 200.0, 200.0, 200.0, 200.0, 200.0, 200.0, 200.0, 200.0, 200.0, 200.0, 200.0, 200.0, 200.0, 200.0, 200.0, 200.0, 200.0, 200.0, 200.0, 200.0]",1,942.478,-4.21886,0.0394727,-0.00366121,0.0,"[7.40342, 7.76924, 8.90858, 11.6423, 22.3578, 61.8948, 53.1381, 44.9791, 37.6734, 31.4087, 26.2519, 22.1399, 18.9224, 16.422, 12.9501, 10.0171, 8.50938, 7.78723, 7.60362]",0.0133911,"[-4.7382, -4.14286, -3.21958, -3.46156]",0.347613
1.0,0.0300094,0.0,0.0,3.172,0.0,1959.22,1.65588,93.998,-1,"[200.0, 200.0, 200.0, 200.0, 200.0, 200.0, 200.0, 200.0, 200.0, 200.0, 200.0, 200.0, 200.0, 200.0, 200.0, 200.0, 200.0, 200.0, 200.0, 200.0, 200.0, 200.0, 200.0, 200.0, 200.0, 200.0, 200.0, 200.0, 200.0, 200.0, 200.0, 200.0, 200.0, 200.0, 200.0, 200.0]",1,942.478,-4.72693,0.0452594,-0.00174892,0.0,"[7.40221, 7.76677, 8.90399, 11.6322, 22.2879, 61.9477, 53.1887, 45.0258, 37.7148, 31.4439, 26.2808, 22.163, 18.9408, 16.4366, 12.9595, 10.0224, 8.51259, 7.78916, 7.6046]",0.0135345,"[-4.52665, -2.07876, -4.10048, -4.55946]",0.347559
1.0,0.0295064,0.0,0.0,3.194,0.0,1959.19,1.62537,93.998,-1,"[200.0, 200.0, 200.0, 200.0, 200.0, 200.0, 200.0, 200.0, 200.0, 200.0, 200.0, 200.0, 200.0, 200.0, 200.0, 200.0, 200.0, 200.0, 200.0, 200.0, 200.0, 200.0, 200.0, 200.0, 200.0, 200.0, 200.0, 200.0, 200.0, 200.0, 200.0, 200.0, 200.0, 200.0, 200.0, 200.0]",1,942.478,-5.24495,0.0430307,-0.0043307,0.0,"[7.40093, 7.76423, 8.8993, 11.6221, 22.2182, 62.0009, 53.2396, 45.0728, 37.7564, 31.4793, 26.3099, 22.1864, 18.9593, 16.4514, 12.9691, 10.0278, 8.51589, 7.79118, 7.60566]",0.0136892,"[-2.78593, -3.38635, -5.81487, -4.68764]",0.347425
0.0,0.0289389,1.0,0.0,3.216,0.0,1959.16,1.59802,93.998,-1,"[200.0, 200.0, 200.0, 200.0, 200.0, 200.0, 200.0, 200.0, 200.0, 200.0, 200.0, 200.0, 200.0, 200.0, 200.0, 200.0, 200.0, 200.0, 200.0, 200.0, 200.0, 200.0, 200.0, 200.0, 200.0, 200.0, 200.0, 200.0, 200.0, 200.0, 200.0, 200.0, 200.0, 200.0, 200.0, 200.0]",1,942.478,-3.61701,0.0856243,-0.0038482,0.0,"[7.39958, 7.76146, 8.89414, 11.6108, 22.1411, 62.0608, 53.2968, 45.1257, 37.8032, 31.5191, 26.3426, 22.2126, 18.9802, 16.468, 12.9798, 10.0339, 8.51952, 7.79335, 7.60675]",0.0138509,"[0.0, 0.0, -1.81876, -1.30691]",0.347259
1.0,0.0285813,0.0,0.0,3.238,0.0,1959.14,1.57556,93.998,-1,"[200.0, 200.0, 200.0, 200.0, 200.0, 200.0, 200.0, 200.0, 200.0, 200.0, 200.0, 200.0, 200.0, 200.0, 200.0, 200.0, 200.0, 200.0, 200.0, 200.0, 200.0, 200.0, 200.0, 200.0, 200.0, 200.0, 200.0, 200.0, 200.0, 200.0, 200.0, 200.0, 200.0, 200.0, 200.0, 200.0]",1,942.478,-3.95729,0.0438468,-9.45605e-05,0.0,"[7.39849, 7.75945, 8.89059, 11.6033, 22.0918, 62.0988, 53.3332, 45.1593, 37.8332, 31.5447, 26.3637, 22.2296, 18.9938, 16.4788, 12.9869, 10.038, 8.52209, 7.79499, 7.6077]",0.0139862,"[-4.4187, -1.02244, -3.55243, -3.68756]",0.347106
1.0,0.028135,0.0,0.0,3.26,0.0,1959.11,1.5498,93.998,-1,"[200.0, 200.0, 200.0, 200.0, 200.0, 200.0, 200.0, 200.0, 200.0, 200.0, 200.0, 200.0, 200.0, 200.0, 200.0, 200.0, 200.0, 200.0, 200.0, 200.0, 200.0, 200.0, 200.0, 200.0, 200.0, 200.0, 200.0, 200.0, 200.0, 200.0, 200.0, 200.0, 200.0, 200.0, 200.0, 200.0]",1,942.478,-4.43232,0.0278273,-0.000846665,0.0,"[7.3974, 7.75724, 8.88652, 11.5944, 22.0323, 62.146, 53.3783, 45.201, 37.8701, 31.5761, 26.3895, 22.2503, 19.0102, 16.4919, 12.9954, 10.0428, 8.52497, 7.79672, 7.60859]",0.0141164,"[-4.23813, -2.73623, -5.19392, -3.77872]",0.346892
1.0,0.0276534,0.0,0.0,3.282,0.0,1959.08,1.521,93.998,-1,"[200.0, 200.0, 200.0, 200.0, 200.0, 200.0, 200.0, 200.0, 200.0, 200.0, 200.0, 200.0, 200.0, 200.0, 200.0, 200.0, 200.0, 200.0, 200.0, 200.0, 200.0, 200.0, 200.0, 200.0, 200.0, 200.0, 200.0, 200.0, 200.0, 200.0, 200.0, 200.0, 200.0, 200.0, 200.0, 200.0]",1,942.478,-4.92278,0.0383274,-0.00389915,0.0,"[7.39629, 7.75493, 8.8822, 11.5849, 21.9692, 62.1968, 53.4269, 45.2458, 37.9099, 31.61, 26.4173, 22.2726, 19.0279, 16.5059, 13.0045, 10.0478, 8.52803, 7.79855, 7.6095]",0.0142497,"[-2.5145, -5.83814, -5.16844, -4.66492]",0.346603
1.0,0.0271108,0.0,0.0,3.304,0.0,1959.05,1.48914,93.998,-1,"[200.0, 200.0, 200.0, 200.0, 200.0, 200.0, 200.0, 200.0, 200.0, 200.0, 200.0, 200.0, 200.0, 200.0, 200.0, 200.0, 200.0, 200.0, 200.0, 200.0, 200.0, 200.0, 200.0, 200.0, 200.0, 200.0, 200.0, 200.0, 200.0, 200.0, 200.0, 200.0, 200.0, 200.0, 200.0, 200.0]",1,942.478,-5.42756,0.0382128,-0.00690978,0.0,"[7.39508, 7.75237, 8.87737, 11.5743, 21.899, 62.2539, 53.4816, 45.2963, 37.9546, 31.648, 26.4485, 22.2977, 19.0478, 16.5217, 13.0146, 10.0535, 8.53143, 7.80058, 7.61049]",0.0143951,"[-3.71752, -5.24284, -5.46629, -4.96862]",0.346245
0.0,0.0267264,1.0,0.0,3.326,0.0,1959.02,1.46021,93.998,-1,"[200.0, 200.0, 200.0, 200.0, 200.0, 200.0, 200.0, 200.0, 200.0, 200.0, 200.0, 200.0, 200.0, 200.0, 200.0, 200.0, 200.0, 200.0, 200.0, 200.0, 200.0, 200.0, 200.0, 200.0, 200.0, 200.0, 200.0, 200.0, 200.0, 200.0, 200.0, 200.0, 200.0, 200.0, 200.0, 200.0]",1,942.478,-3.88013,0.0822188,-0.00624499,0.0,"[7.39383, 7.75014, 8.87349, 11.5662, 21.8478, 62.2949, 53.5208, 45.3327, 37.9871, 31.6758, 26.4715, 22.3162, 19.0626, 16.5336, 13.0224, 10.0581, 8.53428, 7.80241, 7.61157]",0.0145498,"[0.0, 0.0, -1.31891, -0.771004]",0.345919
1.0,0.0264327,0.0,0.0,3.348,0.0,1959.0,1.4364,93.998,-1,"[200.0, 200.0, 200.0, 200.0, 200.0, 200.0, 200.0, 200.0, 200.0, 200.0, 200.0, 200.0, 200.0, 200.0, 200.0, 200.0, 200.0, 200.0, 200.0, 200.0, 200.0, 200.0, 200.0, 200.0, 200.0, 200.0, 200.0, 200.0, 200.0, 200.0, 200.0, 200.0, 200.0, 200.0, 200.0, 200.0]",1,942.478,-4.17682,0.0364452,-0.00212569,0.0,"[7.39274, 7.74829, 8.87035, 11.5597, 21.8082, 62.3264, 53.5511, 45.3609, 38.0122, 31.6973, 26.4893, 22.3307, 19.0742, 16.5429, 13.0286, 10.0617, 8.53661, 7.80394, 7.61255]",0.0146861,"[-4.62484, -0.89838, -4.01641, -4.39483]",0.345678
1.0,0.0259582,0.0,0.0,3.37,0.0,1958.97,1.4093,93.998,-1,"[200.0, 200.0, 200.0, 200.0, 200.0, 200.0, 200.0, 200.0, 200.0, 200.0, 200.0, 200.0, 200.0, 200.0, 200.0, 200.0, 200.0, 200.0, 200.0, 200.0, 200.0, 200.0, 200.0, 200.0, 200.0, 200.0, 200.0, 200.0, 200.0, 200.0, 200.0, 200.0, 200.0, 200.0, 200.0, 200.0]",1,942.478,-4.59435,0.0425668,-0.00139284,0.0,"[7.39174, 7.74613, 8.86622, 11.5506, 21.7487, 62.3763, 53.5989, 45.4049, 38.0513, 31.7306, 26.5166, 22.3526, 19.0915, 16.5566, 13.0374, 10.0666, 8.53953, 7.80565, 7.61335]",0.0148051,"[-4.41937, -4.60816, -4.27664, -5.57467]",0.345415
1.0,0.0254332,0.0,0.0,3.392,0.0,1958.94,1.37915,93.998,-1,"[200.0, 200.0, 200.0, 200.0, 200.0, 200.0, 200.0, 200.0, 200.0, 200.0, 200.0, 200.0, 200.0, 200.0, 200.0, 200.0, 200.0, 200.0, 200.0, 200.0, 200.0, 200.0, 200.0, 200.0, 200.0, 200.0, 200.0, 200.0, 200.0, 200.0, 200.0, 200.0, 200.0, 200.0, 200.0, 200.0]",1,942.478,-5.21087,0.0385879,-0.00426817,0.0,"[7.39064, 7.74372, 8.86165, 11.5405, 21.6836, 62.4316, 53.6518, 45.4538, 38.0946, 31.7674, 26.5469, 22.3767, 19.1108, 16.5719, 13.0472, 10.0721, 8.54277, 7.80756, 7.61426]",0.0149384,"[-2.71035, -2.41887, -5.0234, -4.45709]",0.34515
0.0,0.0251939,1.0,0.0,3.414,0.0,1958.91,1.35242,93.998,-1,"[200.0, 200.0, 200.0, 200.0, 200.0, 200.0, 200.0, 200.0, 200.0, 200.0, 200.0, 200.0, 200.0, 200.0, 200.0, 200.0, 200.0, 200.0, 200.0, 200.0, 200.0, 200.0, 200.0, 200.0, 200.0, 200.0, 200.0, 200.0, 200.0, 200.0, 200.0, 200.0, 200.0, 200.0, 200.0, 200.0]",1,942.478,-3.51003,0.0776826,-0.00453972,0.0,"[7.38953, 7.74199, 8.85884, 11.5349, 21.6512, 62.4575, 53.6768, 45.4771, 38.1155, 31.7855, 26.5619, 22.389, 19.1207, 16.5799, 13.0526, 10.0753, 8.54491, 7.80904, 7.61527]",0.0150787,"[0.0, 0.0, -1.75023, -1.32172]",0.344956
1.0,0.0249173,0.0,0.0,3.436,0.0,1958.89,1.33057,93.998,-1,"[200.0, 200.0, 200.0, 200.0, 200.0, 200.0, 200.0, 200.0, 200.0, 200.0, 200.0, 200.0, 200.0, 200.0, 200.0, 200.0, 200.0, 200.0, 200.0, 200.0, 200.0, 200.0, 200.0, 200.0, 200.0, 200.0, 200.0, 200.0, 200.0, 200.0, 200.0, 200.0, 200.0, 200.0, 200.0, 200.0]",1,942.478,-3.84499,0.0389557,-0.00187497,0.0,"[7.38859, 7.74035, 8.856, 11.529, 21.6156, 62.4871, 53.7052, 45.5035, 38.1391, 31.8056, 26.5786, 22.4026, 19.1315, 16.5886, 13.0583, 10.0787, 8.54702, 7.81041, 7.6161]",0.0151967,"[-4.33351, -1.8502, -3.47055, -3.52319]",0.344842
1.0,0.0245101,0.0,0.0,3.458,0.0,1958.87,1.30542,93.998,-1,"[200.0, 200.0, 200.0, 200.0, 200.0, 200.0, 200.0, 200.0, 200.0, 200.0, 200.0, 200.0, 200.0, 200.0, 200.0, 200.0, 200.0, 200.0, 200.0, 200.0, 200.0, 200.0, 200.0, 200.0, 200.0, 200.0, 200.0, 200.0, 200.0, 200.0, 200.0, 200.0, 200.0, 200.0, 200.0, 200.0]",1,942.478,-4.33277,0.0395197,-0.0041647,0.0,"[7.38764, 7.73838, 8.85235, 11.521, 21.5657, 62.53, 53.7464, 45.5415, 38.1729, 31.8345, 26.6023, 22.4215, 19.1466, 16.6005, 13.0661, 10.083, 8.54964, 7.81199, 7.61691]",0.0153117,"[-4.17346, -2.64408, -4.91934, -3.92554]",0.344746
1.0,0.024059,0.0,0.0,3.48,0.0,1958.84,1.27722,93.998,-1,"[200.0, 200.0, 200.0, 200.0, 200.0, 200.0, 200.0, 200.0, 200.0, 200.0, 200.0, 200.0, 200.0, 200.0, 200.0, 200.0, 200.0, 200.0, 200.0, 200.0, 200.0, 200.0, 200.0, 200.0, 200.0, 200.0, 200.0, 200.0, 200.0, 200.0, 200.0, 200.0, 200.0, 200.0, 200.0, 200.0]",1,955.57,-4.79838,0.0393587,-0.00936508,0.0,"[7.38665, 7.73626, 8.84838, 11.5124, 21.5112, 62.5776, 53.7919, 45.5836, 38.2102, 31.8663, 26.6284, 22.4426, 19.1632, 16.6138, 13.0746, 10.0878, 8.55249, 7.81368, 7.61773]",0.0154327,"[-2.31031, -5.63416, -5.5567, -4.92675]",0.344672
1.0,0.0235173,0.0,0.0,3.502,0.0,1958.81,1.24609,93.998,-1,"[200.0, 200.0, 200.0, 200.0, 200.0, 200.0, 200.0, 200.0, 200.0, 200.0, 200.0, 200.0, 200.0, 200.0, 200.0, 200.0, 200.0, 200.0, 200.0, 200.0, 200.0, 200.0, 200.0, 200.0, 200.0, 200.0, 200.0, 200.0, 200.0, 200.0, 200.0, 200.0, 200.0, 200.0, 200.0, 200.0]",1,946.751,-5.32598,0.0511767,-0.015303,0.0,"[7.38554, 7.73382, 8.84372, 11.5021, 21.4469, 62.6346, 53.8465, 45.634, 38.255, 31.9043, 26.6597, 22.4676, 19.1831, 16.6295, 13.0847, 10.0934, 8.55581, 7.81562, 7.61864]",0.015566,"[-3.55721, -5.12928, -5.01999, -5.05764]",0.344642
0.0,0.02301,1.0,0.0,3.524,0.0,1958.78,1.21777,93.998,-1,"[200.0, 200.0, 200.0, 200.0, 200.0, 200.0, 200.0, 200.0, 200.0, 200.0, 200.0, 200.0, 200.0, 200.0, 200.0, 200.0, 200.0, 200.0, 200.0, 200.0, 200.0, 200.0, 200.0, 200.0, 200.0, 200.0, 200.0, 200.0, 200.0, 200.0, 200.0, 200.0, 200.0, 200.0, 200.0, 200.0]",1,942.478,-3.76356,0.0898839,-0.0172015,0.0,"[7.38435, 7.73138, 8.83917, 11.4922, 21.3865, 62.6882, 53.8979, 45.6816, 38.2972, 31.9404, 26.6894, 22.4914, 19.2021, 16.6446, 13.0944, 10.0989, 8.5591, 7.8176, 7.61965]",0.0157115,"[0.0, 0.0, -1.38759, -1.21385]",0.344672
1.0,0.0226547,0.0,0.0,3.546,0.0,1958.75,1.19446,93.998,-1,"[200.0, 200.0, 200.0, 200.0, 200.0, 200.0, 200.0, 200.0, 200.0, 200.0, 200.0, 200.0, 200.0, 200.0, 200.0, 200.0, 200.0, 200.0, 200.0, 200.0, 200.0, 200.0, 200.0, 200.0, 200.0, 200.0, 200.0, 200.0, 200.0, 200.0, 200.0, 200.0, 200.0, 200.0, 200.0, 200.0]",1,942.478,-4.06263,0.0341111,-0.0136114,0.0,"[7.38342, 7.72956, 8.83587, 11.4852, 21.344, 62.7259, 53.934, 45.7151, 38.327, 31.9658, 26.7104, 22.5083, 19.2155, 16.6553, 13.1014, 10.1028, 8.56153, 7.81909, 7.62047]",0.0158264,"[-3.82865, -3.9908, -3.47906, -2.97699]",0.344745
1.0,0.0222556,0.0,0.0,3.568,0.0,1958.73,1.16797,93.998,-1,"[200.0, 200.0, 200.0, 200.0, 200.0, 200.0, 200.0, 200.0, 200.0, 200.0, 200.0, 200.0, 200.0, 200.0, 200.0, 200.0, 200.0, 200.0, 200.0, 200.0, 200.0, 200.0, 200.0, 200.0, 200.0, 200.0, 200.0, 200.0, 200.0, 200.0, 200.0, 200.0, 200.0, 200.0, 200.0, 200.0]",1,942.478,-4.61569,0.0415137,-0.014366,0.0,"[7.38253, 7.72768, 8.83237, 11.4775, 21.2976, 62.768, 53.9743, 45.7524, 38.3602, 31.9942, 26.7337, 22.527, 19.2303, 16.667, 13.109, 10.1071, 8.56407, 7.82061, 7.62122]",0.0159353,"[-2.14354, -2.08947, -3.95204, -3.97518]",0.344896
1.0,0.0217697,0.0,0.0,3.59,0.0,1958.7,1.13843,93.998,-1,"[200.0, 200.0, 200.0, 200.0, 200.0, 200.0, 200.0, 200.0, 200.0, 200.0, 200.0, 200.0, 200.0, 200.0, 200.0, 200.0, 200.0, 200.0, 200.0, 200.0, 200.0, 200.0, 200.0, 200.0, 200.0, 200.0, 200.0, 200.0, 200.0, 200.0, 200.0, 200.0, 200.0, 200.0, 200.0, 200.0]",1,942.478,-5.09657,0.0385804,-0.0188458,0.0,"[7.38157, 7.72553, 8.82824, 11.4684, 21.242, 62.8192, 54.0233, 45.7976, 38.4004, 32.0284, 26.7618, 22.5496, 19.2482, 16.6812, 13.118, 10.1121, 8.56704, 7.82233, 7.62202]",0.0160512,"[-3.34178, -3.34764, -4.94978, -4.81384]",0.345122
0.0,0.0212862,1.0,0.0,3.612,0.0,1958.67,1.11182,93.998,-1,"[200.0, 200.0, 200.0, 200.0, 200.0, 200.0, 200.0, 200.0, 200.0, 200.0, 200.0, 200.0, 200.0, 200.0, 200.0, 200.0, 200.0, 200.0, 200.0, 200.0, 200.0, 200.0, 200.0, 200.0, 200.0, 200.0, 200.0, 200.0, 200.0, 200.0, 200.0, 200.0, 200.0, 200.0, 200.0, 200.0]",1,942.478,-3.50005,0.0821062,-0.020261,0.0,"[7.38054, 7.7233, 8.82403, 11.4592, 21.1868, 62.8701, 54.0721, 45.8429, 38.4406, 32.0626, 26.79, 22.5722, 19.2662, 16.6954, 13.1272, 10.1172, 8.57009, 7.82413, 7.62289]",0.0161784,"[0.0, 0.0, -1.31305, -1.42195]",0.345365
1.0,0.0208847,0.0,0.0,3.634,0.0,1958.65,1.08997,93.998,-1,"[200.0, 200.0, 200.0, 200.0, 200.0, 200.0, 200.0, 200.0, 200.0, 200.0, 200.0, 200.0, 200.0, 200.0, 200.0, 200.0, 200.0, 200.0, 200.0, 200.0, 200.0, 200.0, 200.0, 200.0, 200.0, 200.0, 200.0, 200.0, 200.0, 200.0, 200.0, 200.0, 200.0, 200.0, 200.0, 200.0]",1,942.478,-3.79666,0.0429463,-0.0169865,0.0,"[7.37964, 7.72142, 8.82051, 11.4516, 21.1413, 62.9125, 54.1128, 45.8805, 38.474, 32.0912, 26.8135, 22.5911, 19.2811, 16.7073, 13.1348, 10.1215, 8.57265, 7.82567, 7.62365]",0.0162872,"[-3.87756, -3.90197, -3.43703, -3.08297]",0.345595
1.0,0.020457,0.0,0.0,3.656,0.0,1958.63,1.06494,93.998,-1,"[200.0, 200.0, 200.0, 200.0, 200.0, 200.0, 200.0, 200.0, 200.0, 200.0, 200.0, 200.0, 200.0, 200.0, 200.0, 200.0, 200.0, 200.0, 200.0, 200.0, 200.0, 200.0, 200.0, 200.0, 200.0, 200.0, 200.0, 200.0, 200.0, 200.0, 200.0, 200.0, 200.0, 200.0, 200.0, 200.0]",1,942.478,-4.37291,0.0389658,-0.0189291,0.0,"[7.3788, 7.71952, 8.81689, 11.4436, 21.0936, 62.9576, 54.1559, 45.9204, 38.5095, 32.1215, 26.8383, 22.611, 19.2969, 16.7198, 13.1428, 10.126, 8.57528, 7.82721, 7.62437]",0.016391,"[-1.87417, -1.90563, -4.48129, -3.38485]",0.345899
1.0,0.020023,0.0,0.0,3.678,0.0,1958.6,1.03687,93.998,-1,"[200.0, 200.0, 200.0, 200.0, 200.0, 200.0, 200.0, 200.0, 200.0, 200.0, 200.0, 200.0, 200.0, 200.0, 200.0, 200.0, 200.0, 200.0, 200.0, 200.0, 200.0, 200.0, 200.0, 200.0, 200.0, 200.0, 200.0, 200.0, 200.0, 200.0, 200.0, 200.0, 200.0, 200.0, 200.0, 200.0]",1,942.478,-4.87313,0.0361863,-0.024353,0.0,"[7.37791, 7.71757, 8.81318, 11.4354, 21.0455, 63.0033, 54.1998, 45.961, 38.5456, 32.1522, 26.8636, 22.6313, 19.313, 16.7325, 13.1511, 10.1305, 8.57798, 7.82878, 7.62512]",0.0164998,"[-3.12369, -3.15325, -4.28318, -4.27689]",0.346254
1.0,0.0195286,0.0,0.0,3.7,0.0,1958.57,1.00586,93.998,-1,"[200.0, 200.0, 200.0, 200.0, 200.0, 200.0, 200.0, 200.0, 200.0, 200.0, 200.0, 200.0, 200.0, 200.0, 200.0, 200.0, 200.0, 200.0, 200.0, 200.0, 200.0, 200.0, 200.0, 200.0, 200.0, 200.0, 200.0, 200.0, 200.0, 200.0, 200.0, 200.0, 200.0, 200.0, 200.0, 200.0]",1,942.478,-5.27135,0.0485879,-0.0307519,0.0,"[7.37693, 7.71538, 8.80901, 11.4262, 20.9913, 63.0554, 54.2497, 46.0071, 38.5866, 32.1872, 26.8924, 22.6544, 19.3313, 16.747, 13.1603, 10.1357, 8.58103, 7.83056, 7.62595]",0.0166189,"[-6.09489, -6.05235, -4.53871, -5.40031]",0.346651
0.0,0.0190298,1.0,0.0,3.722,0.0,1958.54,0.977051,93.998,-1,"[200.0, 200.0, 200.0, 200.0, 200.0, 200.0, 200.0, 200.0, 200.0, 200.0, 200.0, 200.0, 200.0, 200.0, 200.0, 200.0, 200.0, 200.0, 200.0, 200.0, 200.0, 200.0, 200.0, 200.0, 200.0, 200.0, 200.0, 200.0, 200.0, 200.0, 200.0, 200.0, 200.0, 200.0, 200.0, 200.0]",1,942.478,-3.84107,0.0863804,-0.0321025,0.0,"[7.37589, 7.71312, 8.80472, 11.4169, 20.9367, 63.108, 54.3001, 46.0539, 38.6282, 32.2227, 26.9216, 22.6778, 19.3499, 16.7618, 13.1698, 10.1409, 8.58418, 7.83241, 7.62685]",0.016747,"[0.0, 0.0, -1.03179, -1.19771]",0.346999
1.0,0.0181014,0.0,0.0,3.744,0.0,1958.51,0.953369,93.998,-1,"[200.0, 200.0, 200.0, 200.0, 200.0, 200.0, 200.0, 200.0, 200.0, 200.0, 200.0, 200.0, 200.0, 200.0, 200.0, 200.0, 200.0, 200.0, 200.0, 200.0, 200.0, 200.0, 200.0, 200.0, 200.0, 200.0, 200.0, 200.0, 200.0, 200.0, 200.0, 200.0, 200.0, 200.0, 200.0, 200.0]",1,942.478,-4.1103,0.206043,-0.0283915,-1.0,"[7.37455, 7.70952, 8.79749, 11.4005, 20.8396, 63.2052, 54.3931, 46.1398, 38.7045, 32.2875, 26.9748, 22.7203, 19.3834, 16.7882, 13.1865, 10.15, 8.58936, 7.83526, 7.62793]",0.0169067,"[-3.99198, -4.2253, -3.46128, -3.39423]",0.347309
1.0,0.0161321,0.0,0.0,3.766,0.0,1958.49,0.926758,93.998,-1,"[200.0, 200.0, 200.0, 200.0, 200.0, 200.0, 200.0, 200.0, 200.0, 200.0, 200.0, 200.0, 200.0, 200.0, 200.0, 200.0, 200.0, 200.0, 200.0, 200.0, 200.0, 200.0, 200.0, 200.0, 200.0, 200.0, 200.0, 200.0, 200.0, 200.0, 200.0, 200.0, 200.0, 200.0, 200.0, 200.0]",1,942.478,-4.64155,0.482837,-0.0382686,-1.0,"[7.37167, 7.70188, 8.78214, 11.3659, 20.638, 63.4116, 54.5908, 46.3227, 38.8668, 32.4257, 27.0881, 22.8109, 19.4549, 16.8445, 13.2223, 10.1694, 8.60049, 7.84137, 7.6303]",0.0172536,"[-2.11, -2.57973, -3.57587, -4.42497]",0.347782
1.0,0.0126659,0.0,0.0,3.788,0.0,1958.46,0.897339,93.998,-1,"[200.0, 200.0, 200.0, 200.0, 200.0, 200.0, 200.0, 200.0, 200.0, 200.0, 200.0, 200.0, 200.0, 200.0, 200.0, 200.0, 200.0, 200.0, 200.0, 200.0, 200.0, 200.0, 200.0, 200.0, 200.0, 200.0, 200.0, 200.0, 200.0, 200.0, 200.0, 200.0, 200.0, 200.0, 200.0, 200.0]",1,942.478,-5.07097,0.819949,-0.0629494,-1.0,"[7.36676, 7.68863, 8.75542, 11.3057, 20.2999, 63.775, 54.9391, 46.6451, 39.1535, 32.67, 27.2888, 22.9714, 19.5816, 16.9444, 13.2855, 10.2037, 8.62008, 7.85213, 7.63445]",0.0178528,"[-3.25385, -4.00411, -3.66129, -5.04388]",0.348363
0.0,0.00936192,1.0,0.0,3.81,0.0,1958.43,0.870972,93.998,-1,"[200.0, 200.0, 200.0, 200.0, 200.0, 200.0, 200.0, 200.0, 200.0, 200.0, 200.0, 200.0, 200.0, 200.0, 200.0, 200.0, 200.0, 200.0, 200.0, 200.0, 200.0, 200.0, 200.0, 200.0, 200.0, 200.0, 200.0, 200.0, 200.0, 200.0, 200.0, 200.0, 200.0, 200.0, 200.0, 200.0]",1,942.478,-3.4931,0.635054,-0.0801979,-1.0,"[7.36164, 7.67555, 8.72955, 11.2482, 19.9923, 64.1223, 55.2726, 46.9545, 39.4292, 32.9057, 27.4827, 23.1268, 19.7046, 17.0414, 13.3471, 10.2373, 8.63952, 7.86305, 7.63902]",0.0184967,"[0.0, 0.0, -1.83017, -1.81471]",0.348765
1.0,0.00658959,0.0,0.0,3.832,0.0,1958.41,0.849121,93.998,-1,"[200.0, 200.0, 200.0, 200.0, 200.0, 200.0, 200.0, 200.0, 200.0, 200.0, 200.0, 200.0, 200.0, 200.0, 200.0, 200.0, 200.0, 200.0, 200.0, 200.0, 200.0, 200.0, 200.0, 200.0, 200.0, 200.0, 200.0, 200.0, 200.0, 200.0, 200.0, 200.0, 200.0, 200.0, 200.0, 200.0]",1,942.478,-3.78251,0.640334,-0.0808478,-1.0,"[7.35749, 7.66477, 8.70814, 11.2007, 19.7464, 64.4139, 55.5529, 47.2148, 39.6615, 33.1045, 27.6465, 23.2582, 19.8085, 17.1233, 13.3991, 10.2656, 8.65583, 7.87218, 7.64284]",0.0190247,"[-3.59874, -4.93958, -3.30619, -3.78855]",0.348952
1.0,0.00321358,0.0,0.0,3.854,0.0,1958.38,0.824341,93.998,-1,"[200.0, 200.0, 200.0, 200.0, 200.0, 200.0, 200.0, 200.0, 200.0, 200.0, 200.0, 200.0, 200.0, 200.0, 200.0, 200.0, 200.0, 200.0, 200.0, 200.0, 200.0, 200.0, 200.0, 200.0, 200.0, 200.0, 200.0, 200.0, 200.0, 200.0, 200.0, 200.0, 200.0, 200.0, 200.0, 200.0]",1,942.478,-4.29322,0.74618,-0.0858295,-1.0,"[7.35293, 7.65217, 8.68277, 11.1442, 19.4615, 64.7688, 55.8942, 47.5321, 39.945, 33.3472, 27.8466, 23.4186, 19.9352, 17.2232, 13.4623, 10.2998, 8.67537, 7.88298, 7.64715]",0.0196147,"[-1.76733, -4.71946, -3.40343, -5.0889]",0.349167
1.0,-0.000698868,0.0,0.0,3.876,0.0,1958.36,0.796387,93.998,-1,"[200.0, 200.0, 200.0, 200.0, 200.0, 200.0, 200.0, 200.0, 200.0, 200.0, 200.0, 200.0, 200.0, 200.0, 200.0, 200.0, 200.0, 200.0, 200.0, 200.0, 200.0, 200.0, 200.0, 200.0, 200.0, 200.0, 200.0, 200.0, 200.0, 200.0, 200.0, 200.0, 200.0, 200.0, 200.0, 200.0]",1,942.478,-4.78649,0.842518,-0.0957499,-1.0,"[7.34801, 7.63799, 8.65397, 11.08, 19.1486, 65.18, 56.2901, 47.9006, 40.2747, 33.6299, 28.0799, 23.6058, 20.0831, 17.3397, 13.5358, 10.3394, 8.69794, 7.89537, 7.65199]",0.0202657,"[-2.94254, -2.77524, -5.47482, -4.71805]",0.349349
1.0,-0.00492269,0.0,0.0,3.898,0.0,1958.33,0.765625,93.998,-1,"[200.0, 200.0, 200.0, 200.0, 200.0, 200.0, 200.0, 200.0, 200.0, 200.0, 200.0, 200.0, 200.0, 200.0, 200.0, 200.0, 200.0, 200.0, 200.0, 200.0, 200.0, 200.0, 200.0, 200.0, 200.0, 200.0, 200.0, 200.0, 200.0, 200.0, 200.0, 200.0, 200.0, 200.0, 200.0, 200.0]",1,942.478,-5.26302,0.92222,-0.10736,-1.0,"[7.3428, 7.62284, 8.62319, 11.0118, 18.828, 65.6244, 56.7186, 48.3002, 40.6329, 33.9377, 28.3344, 23.8101, 20.2447, 17.467, 13.6161, 10.3826, 8.72256, 7.90892, 7.65738]",0.0209727,"[-5.72024, -4.12605, -3.99785, -5.73852]",0.349438
0.0,-0.00825674,1.0,0.0,3.92,0.0,1958.3,0.737427,93.998,-1,"[200.0, 200.0, 200.0, 200.0, 200.0, 200.0, 200.0, 200.0, 200.0, 200.0, 200.0, 200.0, 200.0, 200.0, 200.0, 200.0, 200.0, 200.0, 200.0, 200.0, 200.0, 200.0, 200.0, 200.0, 200.0, 200.0, 200.0, 200.0, 200.0, 200.0, 200.0, 200.0, 200.0, 200.0, 200.0, 200.0]",1,942.478,-3.76247,0.721114,-0.109999,-1.0,"[7.33801, 7.61018, 8.59822, 10.9574, 18.5837, 65.9764, 57.0587, 48.6181, 40.9187, 34.1841, 28.5386, 23.9747, 20.3752, 17.57, 13.6814, 10.4181, 8.74305, 7.92053, 7.66251]",0.0216359,"[0.0, 0.0, -1.34121, -1.16466]",0.349331
1.0,-0.0111144,0.0,0.0,3.942,0.0,1958.27,0.714233,93.998,-1,"[200.0, 200.0, 200.0, 200.0, 200.0, 200.0, 200.0, 200.0, 200.0, 200.0, 200.0, 200.0, 200.0, 200.0, 200.0, 200.0, 200.0, 200.0, 200.0, 200.0, 200.0, 200.0, 200.0, 200.0, 200.0, 200.0, 200.0, 200.0, 200.0, 200.0, 200.0, 200.0, 200.0, 200.0, 200.0, 200.0]",1,942.478,-3.99641,0.694707,-0.0977001,-1.0,"[7.33428, 7.59975, 8.57736, 10.9118, 18.3831, 66.2779, 57.3502, 48.8908, 41.1641, 34.396, 28.7144, 24.1163, 20.4874, 17.6584, 13.7373, 10.4483, 8.76039, 7.93025, 7.66666]",0.0221639,"[-3.90881, -4.51178, -3.78714, -3.74382]",0.349084
1.0,-0.0147279,0.0,0.0,3.964,0.0,1958.25,0.687866,93.998,-1,"[200.0, 200.0, 200.0, 200.0, 200.0, 200.0, 200.0, 200.0, 200.0, 200.0, 200.0, 200.0, 200.0, 200.0, 200.0, 200.0, 200.0, 200.0, 200.0, 200.0, 200.0, 200.0, 200.0, 200.0, 200.0, 200.0, 200.0, 200.0, 200.0, 200.0, 200.0, 200.0, 200.0, 200.0, 200.0, 200.0]",1,942.478,-4.55516,0.807908,-0.0915181,-1.0,"[7.33038, 7.58746, 8.5521, 10.8561, 18.1411, 66.6586, 57.7184, 49.2355, 41.4745, 34.6639, 28.9367, 24.2953, 20.629, 17.77, 13.8075, 10.4858, 8.78164, 7.94189, 7.67126]",0.0227336,"[-2.04211, -2.54174, -4.40229, -4.20842]",0.348841
1.0,-0.0187104,0.0,0.0,3.986,0.0,1958.22,0.658691,93.998,-1,"[200.0, 200.0, 200.0, 200.0, 200.0, 200.0, 200.0, 200.0, 200.0, 200.0, 200.0, 200.0, 200.0, 200.0, 200.0, 200.0, 200.0, 200.0, 200.0, 200.0, 200.0, 200.0, 200.0, 200.0, 200.0, 200.0, 200.0, 200.0, 200.0, 200.0, 200.0, 200.0, 200.0, 200.0, 200.0, 200.0]",1,942.478,-5.03436,0.891448,-0.0929852,-1.0,"[7.32632, 7.57417, 8.52467, 10.7957, 17.8856, 67.0783, 58.1249, 49.6166, 41.8182, 34.9611, 29.1837, 24.4943, 20.7865, 17.8939, 13.8854, 10.5274, 8.80514, 7.95473, 7.67632]",0.023348,"[-3.19579, -3.89728, -4.74534, -4.75275]",0.348529
0.0,-0.0217088,1.0,0.0,4.008,0.0,1958.19,0.632202,93.998,-1,"[200.0, 200.0, 200.0, 200.0, 200.0, 200.0, 200.0, 200.0, 200.0, 200.0, 200.0, 200.0, 200.0, 200.0, 200.0, 200.0, 200.0, 200.0, 200.0, 200.0, 200.0, 200.0, 200.0, 200.0, 200.0, 200.0, 200.0, 200.0, 200.0, 200.0, 200.0, 200.0, 200.0, 200.0, 200.0, 200.0]",1,942.478,-3.45615,0.659798,-0.0891581,-1.0,"[7.32256, 7.56346, 8.5033, 10.7495, 17.6978, 67.3952, 58.4325, 49.9057, 42.0797, 35.188, 29.3729, 24.6472, 20.9079, 17.9897, 13.9458, 10.56, 8.82388, 7.96531, 7.681]",0.0239156,"[0.0, 0.0, -1.49321, -1.24945]",0.348112
1.0,-0.0243314,0.0,0.0,4.03,0.0,1958.17,0.610596,93.998,-1,"[200.0, 200.0, 200.0, 200.0, 200.0, 200.0, 200.0, 200.0, 200.0, 200.0, 200.0, 200.0, 200.0, 200.0, 200.0, 200.0, 200.0, 200.0, 200.0, 200.0, 200.0, 200.0, 200.0, 200.0, 200.0, 200.0, 200.0, 200.0, 200.0, 200.0, 200.0, 200.0, 200.0, 200.0, 200.0, 200.0]",1,942.478,-3.74731,0.626666,-0.0734664,-1.0,"[7.31974, 7.5546, 8.48524, 10.7102, 17.5395, 67.6721, 58.7013, 50.1584, 42.3085, 35.3866, 29.5385, 24.781, 21.014, 18.0733, 13.9984, 10.5881, 8.83989, 7.97421, 7.68473]",0.0243571,"[-3.66775, -4.37951, -2.42327, -3.51071]",0.347672
1.0,-0.0277279,0.0,0.0,4.052,0.0,1958.15,0.585938,93.998,-1,"[200.0, 200.0, 200.0, 200.0, 200.0, 200.0, 200.0, 200.0, 200.0, 200.0, 200.0, 200.0, 200.0, 200.0, 200.0, 200.0, 200.0, 200.0, 200.0, 200.0, 200.0, 200.0, 200.0, 200.0, 200.0, 200.0, 200.0, 200.0, 200.0, 200.0, 200.0, 200.0, 200.0, 200.0, 200.0, 200.0]",1,942.478,-4.28849,0.756087,-0.066702,-1.0,"[7.31684, 7.5439, 8.46282, 10.6609, 17.3426, 68.0303, 59.0491, 50.4856, 42.6049, 35.6439, 29.7531, 24.9543, 21.1513, 18.1813, 14.0661, 10.624, 8.86003, 7.98512, 7.68897]",0.0248413,"[-1.83616, -2.2339, -3.15715, -4.36279]",0.347238
1.0,-0.0315116,0.0,0.0,4.074,0.0,1958.12,0.558472,93.998,-1,"[200.0, 200.0, 200.0, 200.0, 200.0, 200.0, 200.0, 200.0, 200.0, 200.0, 200.0, 200.0, 200.0, 200.0, 200.0, 200.0, 200.0, 200.0, 200.0, 200.0, 200.0, 200.0, 200.0, 200.0, 200.0, 200.0, 200.0, 200.0, 200.0, 200.0, 200.0, 200.0, 200.0, 200.0, 200.0, 200.0]",1,942.478,-4.76287,0.846597,-0.0680129,-1.0,"[7.31374, 7.53218, 8.43814, 10.6068, 17.1309, 68.4293, 59.4371, 50.8512, 42.9365, 35.9324, 29.9939, 25.1491, 21.3057, 18.3028, 14.142, 10.6642, 8.88261, 7.99738, 7.69376]",0.0253754,"[-2.95153, -3.53339, -3.62329, -5.00477]",0.346749
1.0,-0.0352848,0.0,0.0,4.096,0.0,1958.09,0.52771,93.998,-1,"[200.0, 200.0, 200.0, 200.0, 200.0, 200.0, 200.0, 200.0, 200.0, 200.0, 200.0, 200.0, 200.0, 200.0, 200.0, 200.0, 200.0, 200.0, 200.0, 200.0, 200.0, 200.0, 200.0, 200.0, 200.0, 200.0, 200.0, 200.0, 200.0, 200.0, 200.0, 200.0, 200.0, 200.0, 200.0, 200.0]",1,942.478,-5.17301,0.73334,-0.0688204,0.0,"[7.31085, 7.52071, 8.41389, 10.5537, 16.9273, 68.8275, 59.8245, 51.2167, 43.2686, 36.2218, 30.2361, 25.345, 21.4611, 18.425, 14.2184, 10.7046, 8.90522, 8.00963, 7.69855]",0.0258972,"[-5.72185, -6.65049, -4.22428, -5.95484]",0.346128
0.0,-0.0379198,1.0,0.0,4.118,0.0,1958.06,0.49939,93.998,-1,"[200.0, 200.0, 200.0, 200.0, 200.0, 200.0, 200.0, 200.0, 200.0, 200.0, 200.0, 200.0, 200.0, 200.0, 200.0, 200.0, 200.0, 200.0, 200.0, 200.0, 200.0, 200.0, 200.0, 200.0, 200.0, 200.0, 200.0, 200.0, 200.0, 200.0, 200.0, 200.0, 200.0, 200.0, 200.0, 200.0]",1,942.478,-3.74487,0.553288,-0.0553236,0.0,"[7.30876, 7.51263, 8.39694, 10.5168, 16.7889, 69.1057, 60.0957, 51.4729, 43.5018, 36.4254, 30.4067, 25.4834, 21.5708, 18.5114, 14.2725, 10.7332, 8.9213, 8.01841, 7.7021]",0.0262817,"[0.0, 0.0, -1.42467, -1.13935]",0.34546
1.0,-0.0390223,0.0,0.0,4.14,0.0,1958.04,0.476196,93.998,-1,"[200.0, 200.0, 200.0, 200.0, 200.0, 200.0, 200.0, 200.0, 200.0, 200.0, 200.0, 200.0, 200.0, 200.0, 200.0, 200.0, 200.0, 200.0, 200.0, 200.0, 200.0, 200.0, 200.0, 200.0, 200.0, 200.0, 200.0, 200.0, 200.0, 200.0, 200.0, 200.0, 200.0, 200.0, 200.0, 200.0]",1,942.478,-4.01622,0.144655,-0.0287817,0.0,"[7.30798, 7.50935, 8.38997, 10.5015, 16.7321, 69.222, 60.2092, 51.5802, 43.5995, 36.5107, 30.4782, 25.5413, 21.6168, 18.5476, 14.2951, 10.7452, 8.92798, 8.02203, 7.70353]",0.0264323,"[-3.63999, -4.12867, -3.64011, -3.79393]",0.348521
1.0,-0.0395797,0.0,0.0,4.162,0.0,1958.01,0.449707,93.998,-1,"[200.0, 200.0, 200.0, 200.0, 200.0, 200.0, 200.0, 200.0, 200.0, 200.0, 200.0, 200.0, 200.0, 200.0, 200.0, 200.0, 200.0, 200.0, 200.0, 200.0, 200.0, 200.0, 200.0, 200.0, 200.0, 200.0, 200.0, 200.0, 200.0, 200.0, 200.0, 200.0, 200.0, 200.0, 200.0, 200.0]",1,942.478,-4.60194,0.0438153,0.00623284,0.0,"[7.30876, 7.50891, 8.38784, 10.4957, 16.7072, 69.2796, 60.265, 51.6325, 43.6467, 36.5515, 30.5119, 25.5682, 21.6378, 18.5637, 14.3046, 10.7496, 8.93, 8.02263, 7.70306]",0.0263509,"[-2.18807, -1.79096, -4.26314, -3.87468]",0.348245
1.0,-0.0400971,0.0,0.0,4.184,0.0,1957.98,0.420288,93.998,-1,"[200.0, 200.0, 200.0, 200.0, 200.0, 200.0, 200.0, 200.0, 200.0, 200.0, 200.0, 200.0, 200.0, 200.0, 200.0, 200.0, 200.0, 200.0, 200.0, 200.0, 200.0, 200.0, 200.0, 200.0, 200.0, 200.0, 200.0, 200.0, 200.0, 200.0, 200.0, 200.0, 200.0, 200.0, 200.0, 200.0]",1,942.478,-5.09558,0.0466679,0.0314701,0.0,"[7.30986, 7.50889, 8.38628, 10.4908, 16.6851, 69.3328, 60.3164, 51.6806, 43.6899, 36.5887, 30.5425, 25.5925, 21.6565, 18.578, 14.3129, 10.7533, 8.93149, 8.02283, 7.70228]",0.0262278,"[-3.36345, -3.24004, -4.4553, -4.2667]",0.348004
0.0,-0.0403517,1.0,0.0,4.206,0.0,1957.95,0.393921,93.998,-1,"[200.0, 200.0, 200.0, 200.0, 200.0, 200.0, 200.0, 200.0, 200.0, 200.0, 200.0, 200.0, 200.0, 200.0, 200.0, 200.0, 200.0, 200.0, 200.0, 200.0, 200.0, 200.0, 200.0, 200.0, 200.0, 200.0, 200.0, 200.0, 200.0, 200.0, 200.0, 200.0, 200.0, 200.0, 200.0, 200.0]",1,942.478,-3.42351,0.0745119,0.048367,0.0,"[7.31064, 7.50912, 8.3858, 10.4887, 16.675, 69.3587, 60.3413, 51.7039, 43.7108, 36.6065, 30.5571, 25.6039, 21.6653, 18.5846, 14.3166, 10.7548, 8.93194, 8.02268, 7.70166]",0.0261342,"[0.0, 0.0, -1.8649, -1.47446]",0.347859
1.0,-0.0406373,0.0,0.0,4.228,0.0,1957.93,0.372559,93.998,-1,"[200.0, 200.0, 200.0, 200.0, 200.0, 200.0, 200.0, 200.0, 200.0, 200.0, 200.0, 200.0, 200.0, 200.0, 200.0, 200.0, 200.0, 200.0, 200.0, 200.0, 200.0, 200.0, 200.0, 200.0, 200.0, 200.0, 200.0, 200.0, 200.0, 200.0, 200.0, 200.0, 200.0, 200.0, 200.0, 200.0]",1,942.478,-3.80066,0.0363464,0.0573562,0.0,"[7.31127, 7.50913, 8.38497, 10.4861, 16.663, 69.388, 60.3697, 51.7304, 43.7347, 36.627, 30.574, 25.6173, 21.6756, 18.5924, 14.3211, 10.7568, 8.93273, 8.02276, 7.70121]",0.026063,"[-3.36886, -0.7795, -3.33102, -3.20653]",0.347819
1.0,-0.0409468,0.0,0.0,4.25,0.0,1957.91,0.3479,93.998,-1,"[200.0, 200.0, 200.0, 200.0, 200.0, 200.0, 200.0, 200.0, 200.0, 200.0, 200.0, 200.0, 200.0, 200.0, 200.0, 200.0, 200.0, 200.0, 200.0, 200.0, 200.0, 200.0, 200.0, 200.0, 200.0, 200.0, 200.0, 200.0, 200.0, 200.0, 200.0, 200.0, 200.0, 200.0, 200.0, 200.0]",1,942.478,-4.20899,0.0440811,0.0570223,0.0,"[7.31207, 7.50927, 8.38421, 10.4834, 16.6504, 69.4197, 60.4002, 51.7589, 43.7602, 36.649, 30.592, 25.6315, 21.6865, 18.6008, 14.3258, 10.7588, 8.93345, 8.02272, 7.70059]",0.0259694,"[-1.96664, -5.10582, -4.5514, -5.0215]",0.347694
1.0,-0.0415061,0.0,0.0,4.272,0.0,1957.88,0.32019,93.998,-1,"[200.0, 200.0, 200.0, 200.0, 200.0, 200.0, 200.0, 200.0, 200.0, 200.0, 200.0, 200.0, 200.0, 200.0, 200.0, 200.0, 200.0, 200.0, 200.0, 200.0, 200.0, 200.0, 200.0, 200.0, 200.0, 200.0, 200.0, 200.0, 200.0, 200.0, 200.0, 200.0, 200.0, 200.0, 200.0, 200.0]",1,942.478,-4.74841,0.0360272,0.0534809,0.0,"[7.31315, 7.50913, 8.38241, 10.478, 16.6265, 69.4773, 60.4559, 51.8111, 43.8073, 36.6896, 30.6254, 25.6581, 21.7071, 18.6165, 14.335, 10.763, 8.93519, 8.02304, 7.69986]",0.0258514,"[-3.12088, -4.61033, -4.61385, -4.25942]",0.347435
1.0,-0.0419696,0.0,0.0,4.294,0.0,1957.85,0.289551,93.998,-1,"[200.0, 200.0, 200.0, 200.0, 200.0, 200.0, 200.0, 200.0, 200.0, 200.0, 200.0, 200.0, 200.0, 200.0, 200.0, 200.0, 200.0, 200.0, 200.0, 200.0, 200.0, 200.0, 200.0, 200.0, 200.0, 200.0, 200.0, 200.0, 200.0, 200.0, 200.0, 200.0, 200.0, 200.0, 200.0, 200.0]",1,942.478,-5.24181,0.0295776,0.0513713,0.0,"[7.31436, 7.50933, 8.38129, 10.4739, 16.6077, 69.5247, 60.5018, 51.854, 43.8457, 36.7226, 30.6525, 25.6795, 21.7235, 18.629, 14.3421, 10.766, 8.93627, 8.023, 7.69894]",0.0257111,"[-5.88987, -2.34804, -4.50571, -5.28273]",0.347049
0.0,-0.0420159,1.0,0.0,4.316,0.0,1957.82,0.261841,93.998,-1,"[200.0, 200.0, 200.0, 200.0, 200.0, 200.0, 200.0, 200.0, 200.0, 200.0, 200.0, 200.0, 200.0, 200.0, 200.0, 200.0, 200.0, 200.0, 200.0, 200.0, 200.0, 200.0, 200.0, 200.0, 200.0, 200.0, 200.0, 200.0, 200.0, 200.0, 200.0, 200.0, 200.0, 200.0, 200.0, 200.0]",1,942.478,-3.65556,0.0791362,0.050597,0.0,"[7.31516, 7.51006, 8.38196, 10.4746, 16.6078, 69.5287, 60.5054, 51.8571, 43.8483, 36.7245, 30.6538, 25.6802, 21.7238, 18.6289, 14.3416, 10.7654, 8.93561, 8.02229, 7.69816]",0.0256063,"[0.0, 0.0, -1.35928, -1.03781]",0.346723
1.0,-0.0422004,0.0,0.0,4.338,0.0,1957.8,0.239136,93.998,-1,"[200.0, 200.0, 200.0, 200.0, 200.0, 200.0, 200.0, 200.0, 200.0, 200.0, 200.0, 200.0, 200.0, 200.0, 200.0, 200.0, 200.0, 200.0, 200.0, 200.0, 200.0, 200.0, 200.0, 200.0, 200.0, 200.0, 200.0, 200.0, 200.0, 200.0, 200.0, 200.0, 200.0, 200.0, 200.0, 200.0]",1,942.478,-3.97067,0.0260424,0.0482248,0.0,"[7.31587, 7.51038, 8.38178, 10.4733, 16.601, 69.5474, 60.5234, 51.8738, 43.8632, 36.7372, 30.6641, 25.6882, 21.7299, 18.6334, 14.3441, 10.7663, 8.93579, 8.02203, 7.69758]",0.0255208,"[-3.37499, -1.6861, -3.57415, -3.80061]",0.346504
1.0,-0.0426067,0.0,0.0,4.36,0.0,1957.77,0.213501,93.998,-1,"[200.0, 200.0, 200.0, 200.0, 200.0, 200.0, 200.0, 200.0, 200.0, 200.0, 200.0, 200.0, 200.0, 200.0, 200.0, 200.0, 200.0, 200.0, 200.0, 200.0, 200.0, 200.0, 200.0, 200.0, 200.0, 200.0, 200.0, 200.0, 200.0, 200.0, 200.0, 200.0, 200.0, 200.0, 200.0, 200.0]",1,942.478,-4.45128,0.0233813,0.0446344,0.0,"[7.31698, 7.51061, 8.38086, 10.4699, 16.5848, 69.5889, 60.5635, 51.9112, 43.8968, 36.766, 30.6878, 25.7069, 21.7442, 18.6443, 14.3503, 10.7689, 8.93668, 8.02194, 7.69672]",0.0253916,"[-2.82781, -5.18098, -4.24261, -4.12759]",0.346185
1.0,-0.0430601,0.0,0.0,4.382,0.0,1957.74,0.18457,93.998,-1,"[200.0, 200.0, 200.0, 200.0, 200.0, 200.0, 200.0, 200.0, 200.0, 200.0, 200.0, 200.0, 200.0, 200.0, 200.0, 200.0, 200.0, 200.0, 200.0, 200.0, 200.0, 200.0, 200.0, 200.0, 200.0, 200.0, 200.0, 200.0, 200.0, 200.0, 200.0, 200.0, 200.0, 200.0, 200.0, 200.0]",1,942.478,-4.88673,0.0457855,0.0393616,0.0,"[7.31816, 7.5108, 8.37974, 10.4659, 16.5666, 69.6353, 60.6083, 51.9531, 43.9345, 36.7984, 30.7144, 25.7279, 21.7604, 18.6565, 14.3573, 10.7719, 8.93777, 8.02191, 7.69585]",0.0252563,"[-5.63567, -4.8436, -4.44275, -5.12952]",0.345804
1.0,-0.0435842,0.0,0.0,4.404,0.0,1957.71,0.15271,93.998,-1,"[200.0, 200.0, 200.0, 200.0, 200.0, 200.0, 200.0, 200.0, 200.0, 200.0, 200.0, 200.0, 200.0, 200.0, 200.0, 200.0, 200.0, 200.0, 200.0, 200.0, 200.0, 200.0, 200.0, 200.0, 200.0, 200.0, 200.0, 200.0, 200.0, 200.0, 200.0, 200.0, 200.0, 200.0, 200.0, 200.0]",1,942.478,-5.44535,0.0408583,0.0352028,0.0,"[7.31948, 7.51098, 8.37842, 10.4614, 16.5455, 69.689, 60.6602, 52.0018, 43.9782, 36.8359, 30.7452, 25.7523, 21.7792, 18.6708, 14.3654, 10.7754, 8.93906, 8.02191, 7.69486]",0.0251048,"[-5.24226, -2.65831, -4.58407, -5.17285]",0.345386
0.0,-0.0438688,1.0,0.0,4.426,0.0,1957.68,0.124023,93.998,-1,"[200.0, 200.0, 200.0, 200.0, 200.0, 200.0, 200.0, 200.0, 200.0, 200.0, 200.0, 200.0, 200.0, 200.0, 200.0, 200.0, 200.0, 200.0, 200.0, 200.0, 200.0, 200.0, 200.0, 200.0, 200.0, 200.0, 200.0, 200.0, 200.0, 200.0, 200.0, 200.0, 200.0, 200.0, 200.0, 200.0]",1,942.478,-3.81721,0.0848099,0.0319526,0.0,"[7.32042, 7.51131, 8.37796, 10.4592, 16.5347, 69.7179, 60.6881, 52.0277, 44.0015, 36.8559, 30.7615, 25.7651, 21.7889, 18.6781, 14.3694, 10.777, 8.93952, 8.0217, 7.69412]",0.0249939,"[0.0, 0.0, -1.49159, -1.31516]",0.345101
1.0,-0.0441993,0.0,0.0,4.448,0.0,1957.66,0.100464,93.998,-1,"[200.0, 200.0, 200.0, 200.0, 200.0, 200.0, 200.0, 200.0, 200.0, 200.0, 200.0, 200.0, 200.0, 200.0, 200.0, 200.0, 200.0, 200.0, 200.0, 200.0, 200.0, 200.0, 200.0, 200.0, 200.0, 200.0, 200.0, 200.0, 200.0, 200.0, 200.0, 200.0, 200.0, 200.0, 200.0, 200.0]",1,942.478,-4.10513,0.035698,0.0290885,0.0,"[7.32126, 7.51144, 8.37714, 10.4563, 16.5215, 69.7518, 60.7208, 52.0583, 44.029, 36.8796, 30.781, 25.7805, 21.8008, 18.6871, 14.3746, 10.7792, 8.94033, 8.02168, 7.6935]",0.0248973,"[-4.76971, -4.17972, -3.50422, -3.12898]",0.344939
1.0,-0.0446113,0.0,0.0,4.47,0.0,1957.63,0.0736084,93.998,-1,"[200.0, 200.0, 200.0, 200.0, 200.0, 200.0, 200.0, 200.0, 200.0, 200.0, 200.0, 200.0, 200.0, 200.0, 200.0, 200.0, 200.0, 200.0, 200.0, 200.0, 200.0, 200.0, 200.0, 200.0, 200.0, 200.0, 200.0, 200.0, 200.0, 200.0, 200.0, 200.0, 200.0, 200.0, 200.0, 200.0]",1,942.478,-4.63281,0.0515085,0.0238958,0.0,"[7.32238, 7.51167, 8.37619, 10.4528, 16.5053, 69.7939, 60.7615, 52.0965, 44.0633, 36.909, 30.8051, 25.7996, 21.8155, 18.6982, 14.3808, 10.7818, 8.94126, 8.02161, 7.69266]",0.0247681,"[-4.51834, -2.14333, -3.62545, -4.30251]",0.344769
1.0,-0.0450748,0.0,0.0,4.492,0.0,1957.6,0.0438232,93.998,-1,"[200.0, 200.0, 200.0, 200.0, 200.0, 200.0, 200.0, 200.0, 200.0, 200.0, 200.0, 200.0, 200.0, 200.0, 200.0, 200.0, 200.0, 200.0, 200.0, 200.0, 200.0, 200.0, 200.0, 200.0, 200.0, 200.0, 200.0, 200.0, 200.0, 200.0, 200.0, 200.0, 200.0, 200.0, 200.0, 200.0]",1,942.478,-5.13041,0.0521281,0.0163307,0.0,"[7.3236, 7.51189, 8.37508, 10.4489, 16.487, 69.8413, 60.8074, 52.1393, 44.1019, 36.9422, 30.8324, 25.8211, 21.832, 18.7108, 14.388, 10.7849, 8.94235, 8.02157, 7.69174]",0.0246277,"[-2.56487, -3.37033, -4.81501, -5.61323]",0.344622
0.0,-0.0456093,1.0,0.0,4.514,0.0,1957.58,0.0172119,93.998,-1,"[200.0, 200.0, 200.0, 200.0, 200.0, 200.0, 200.0, 200.0, 200.0, 200.0, 200.0, 200.0, 200.0, 200.0, 200.0, 200.0, 200.0, 200.0, 200.0, 200.0, 200.0, 200.0, 200.0, 200.0, 200.0, 200.0, 200.0, 200.0, 200.0, 200.0, 200.0, 200.0, 200.0, 200.0, 200.0, 200.0]",1,942.478,-3.50217,0.0898733,0.0104336,0.0,"[7.32457, 7.51169, 8.3733, 10.4436, 16.4647, 69.8965, 60.8609, 52.1896, 44.1473, 36.9815, 30.8649, 25.847, 21.8521, 18.7262, 14.397, 10.789, 8.94413, 8.02199, 7.69115]",0.024526,"[0.0, 0.0, -1.472, -1.4891]",0.344569
1.0,-0.0460208,0.0,0.0,4.536,0.0,1957.56,-0.00476074,93.998,-1,"[200.0, 200.0, 200.0, 200.0, 200.0, 200.0, 200.0, 200.0, 200.0, 200.0, 200.0, 200.0, 200.0, 200.0, 200.0, 200.0, 200.0, 200.0, 200.0, 200.0, 200.0, 200.0, 200.0, 200.0, 200.0, 200.0, 200.0, 200.0, 200.0, 200.0, 200.0, 200.0, 200.0, 200.0, 200.0, 200.0]",1,942.478,-3.79464,0.0399409,0.0070219,0.0,"[7.32534, 7.51155, 8.37194, 10.4396, 16.4477, 69.939, 60.902, 52.2282, 44.1822, 37.0116, 30.8899, 25.8669, 21.8675, 18.738, 14.4039, 10.7922, 8.94549, 8.02229, 7.69067]",0.0244436,"[-3.941, -3.95403, -3.58992, -3.0589]",0.344583
1.0,-0.0464771,0.0,0.0,4.558,0.0,1957.53,-0.0296631,93.998,-1,"[200.0, 200.0, 200.0, 200.0, 200.0, 200.0, 200.0, 200.0, 200.0, 200.0, 200.0, 200.0, 200.0, 200.0, 200.0, 200.0, 200.0, 200.0, 200.0, 200.0, 200.0, 200.0, 200.0, 200.0, 200.0, 200.0, 200.0, 200.0, 200.0, 200.0, 200.0, 200.0, 200.0, 200.0, 200.0, 200.0]",1,942.478,-4.36025,0.0383643,0.00127739,0.0,"[7.3264, 7.51163, 8.3707, 10.4356, 16.4295, 69.9859, 60.9474, 52.2708, 44.2206, 37.0447, 30.9171, 25.8885, 21.8842, 18.7507, 14.4112, 10.7954, 8.94674, 8.0224, 7.68992]",0.0243245,"[-1.89569, -1.90305, -4.7941, -3.4582]",0.34462
1.0,-0.0468925,0.0,0.0,4.58,0.0,1957.5,-0.0577393,93.998,-1,"[200.0, 200.0, 200.0, 200.0, 200.0, 200.0, 200.0, 200.0, 200.0, 200.0, 200.0, 200.0, 200.0, 200.0, 200.0, 200.0, 200.0, 200.0, 200.0, 200.0, 200.0, 200.0, 200.0, 200.0, 200.0, 200.0, 200.0, 200.0, 200.0, 200.0, 200.0, 200.0, 200.0, 200.0, 200.0, 200.0]",1,942.478,-4.86436,0.0356177,-0.005873,0.0,"[7.32764, 7.51197, 8.36986, 10.4322, 16.4137, 70.0283, 60.9885, 52.3092, 44.255, 37.0744, 30.9414, 25.9076, 21.8989, 18.7618, 14.4174, 10.7979, 8.94757, 8.02223, 7.68899]",0.0241821,"[-3.12042, -3.13403, -4.31045, -4.36638]",0.344701
1.0,-0.0474365,0.0,0.0,4.602,0.0,1957.47,-0.0888672,93.998,-1,"[200.0, 200.0, 200.0, 200.0, 200.0, 200.0, 200.0, 200.0, 200.0, 200.0, 200.0, 200.0, 200.0, 200.0, 200.0, 200.0, 200.0, 200.0, 200.0, 200.0, 200.0, 200.0, 200.0, 200.0, 200.0, 200.0, 200.0, 200.0, 200.0, 200.0, 200.0, 200.0, 200.0, 200.0, 200.0, 200.0]",1,942.478,-5.26231,0.0436336,-0.0127256,0.0,"[7.32906, 7.51221, 8.36856, 10.4276, 16.3926, 70.0841, 61.0423, 52.3596, 44.3005, 37.1136, 30.9737, 25.9332, 21.9185, 18.7767, 14.4259, 10.8016, 8.94891, 8.02223, 7.68794]",0.0240204,"[-6.06404, -6.07566, -5.2018, -4.52672]",0.344849
0.0,-0.0479272,0.0,0.0,4.624,0.0,1957.44,-0.12146,93.998,-1,"[200.0, 200.0, 200.0, 200.0, 200.0, 200.0, 200.0, 200.0, 200.0, 200.0, 200.0, 200.0, 200.0, 200.0, 200.0, 200.0, 200.0, 200.0, 200.0, 200.0, 200.0, 200.0, 200.0, 200.0, 200.0, 200.0, 200.0, 200.0, 200.0, 200.0, 200.0, 200.0, 200.0, 200.0, 200.0, 200.0]",1,1000.18,-5.23967,0.0433221,-0.0176004,0.0,"[7.33055, 7.51264, 8.36762, 10.4237, 16.3742, 70.1342, 61.0908, 52.405, 44.3412, 37.1485, 31.0024, 25.9558, 21.9359, 18.7898, 14.4332, 10.8046, 8.94988, 8.02199, 7.68681]",0.0238475,"[-5.3315, -5.33602, -4.77815, -4.80788]",0.34507
0.0,-0.0484408,0.0,0.0,4.646,0.0,1957.41,-0.153931,93.998,-1,"[200.0, 200.0, 200.0, 200.0, 200.0, 200.0, 200.0, 200.0, 200.0, 200.0, 200.0, 200.0, 200.0, 200.0, 200.0, 200.0, 200.0, 200.0, 200.0, 200.0, 200.0, 200.0, 200.0, 200.0, 200.0, 200.0, 200.0, 200.0, 200.0, 200.0, 200.0, 200.0, 200.0, 200.0, 200.0, 200.0]",1,942.478,-5.37937,0.0448767,-0.0196053,0.0,"[7.33204, 7.51304, 8.36657, 10.4196, 16.3548, 70.1867, 61.1415, 52.4525, 44.384, 37.1853, 31.0326, 25.9796, 21.9542, 18.8036, 14.441, 10.8078, 8.95096, 8.02183, 7.68568]",0.0236755,"[-2.93985, -2.94055, -3.64826, -3.64754]",0.345357
0.0,-0.0489515,0.0,0.0,4.668,0.0,1957.37,-0.186401,93.998,-1,"[200.0, 200.0, 200.0, 200.0, 200.0, 200.0, 200.0, 200.0, 200.0, 200.0, 200.0, 200.0, 200.0, 200.0, 200.0, 200.0, 200.0, 200.0, 200.0, 200.0, 200.0, 200.0, 200.0, 200.0, 200.0, 200.0, 200.0, 200.0, 200.0, 200.0, 200.0, 200.0, 200.0, 200.0, 200.0, 200.0]",1,942.478,-5.36275,0.0452826,-0.0203242,0.0,"[7.33354, 7.51344, 8.36554, 10.4155, 16.3357, 70.2388, 61.192, 52.4997, 44.4266, 37.2219, 31.0627, 26.0034, 21.9724, 18.8174, 14.4488, 10.811, 8.95204, 8.02166, 7.68457]",0.0235036,"[-3.79919, -3.80069, -4.08526, -4.09962]",0.345696
0.0,-0.0494621,0.0,0.0,4.69,0.0,1957.34,-0.218628,93.998,-1,"[200.0, 200.0, 200.0, 200.0, 200.0, 200.0, 200.0, 200.0, 200.0, 200.0, 200.0, 200.0, 200.0, 200.0, 200.0, 200.0, 200.0, 200.0, 200.0, 200.0, 200.0, 200.0, 200.0, 200.0, 200.0, 200.0, 200.0, 200.0, 200.0, 200.0, 200.0, 200.0, 200.0, 200.0, 200.0, 200.0]",1,942.478,-5.2015,0.0454444,-0.0197335,0.0,"[7.33506, 7.51384, 8.36451, 10.4114, 16.3166, 70.2911, 61.2425, 52.547, 44.4691, 37.2585, 31.0928, 26.0271, 21.9907, 18.8311, 14.4565, 10.8143, 8.9531, 8.02147, 7.68343]",0.0233287,"[-6.03153, -6.09517, -5.30603, -5.29552]",0.346069
0.0,-0.0499738,0.0,0.0,4.712,0.0,1957.31,-0.250977,93.998,-1,"[200.0, 200.0, 200.0, 200.0, 200.0, 200.0, 200.0, 200.0, 200.0, 200.0, 200.0, 200.0, 200.0, 200.0, 200.0, 200.0, 200.0, 200.0, 200.0, 200.0, 200.0, 200.0, 200.0, 200.0, 200.0, 200.0, 200.0, 200.0, 200.0, 200.0, 200.0, 200.0, 200.0, 200.0, 200.0, 200.0]",1,1022.83,-5.19733,0.0455282,-0.0179705,0.0,"[7.33661, 7.51429, 8.36353, 10.4074, 16.2977, 70.3434, 61.2931, 52.5945, 44.5118, 37.2952, 31.1229, 26.0509, 22.0089, 18.8449, 14.4642, 10.8174, 8.95414, 8.02127, 7.68227]",0.0231506,"[-5.17929, -5.24193, -4.81429, -4.80105]",0.346458
0.0,-0.0504864,0.0,0.0,4.734,0.0,1957.28,-0.283325,93.998,-1,"[200.0, 200.0, 200.0, 200.0, 200.0, 200.0, 200.0, 200.0, 200.0, 200.0, 200.0, 200.0, 200.0, 200.0, 200.0, 200.0, 200.0, 200.0, 200.0, 200.0, 200.0, 200.0, 200.0, 200.0, 200.0, 200.0, 200.0, 200.0, 200.0, 200.0, 200.0, 200.0, 200.0, 200.0, 200.0, 200.0]",1,942.478,-5.33756,0.0456488,-0.015037,0.0,"[7.33815, 7.51473, 8.36255, 10.4033, 16.2788, 70.3957, 61.3438, 52.6418, 44.5545, 37.3319, 31.1531, 26.0748, 22.0272, 18.8587, 14.472, 10.8206, 8.95519, 8.02106, 7.68111]",0.0229726,"[-3.02415, -2.9263, -3.50462, -3.57693]",0.346847
0.0,-0.0509952,0.0,0.0,4.756,0.0,1957.24,-0.31543,93.998,-1,"[200.0, 200.0, 200.0, 200.0, 200.0, 200.0, 200.0, 200.0, 200.0, 200.0, 200.0, 200.0, 200.0, 200.0, 200.0, 200.0, 200.0, 200.0, 200.0, 200.0, 200.0, 200.0, 200.0, 200.0, 200.0, 200.0, 200.0, 200.0, 200.0, 200.0, 200.0, 200.0, 200.0, 200.0, 200.0, 200.0]",1,942.478,-5.31984,0.045764,-0.0111618,0.0,"[7.33971, 7.5152, 8.36158, 10.3994, 16.2602, 70.4477, 61.394, 52.6889, 44.5969, 37.3685, 31.1831, 26.0984, 22.0453, 18.8724, 14.4797, 10.8238, 8.95621, 8.02084, 7.67995]",0.0227936,"[-3.81526, -3.7726, -4.00178, -4.05611]",0.347212
0.0,-0.0515016,0.0,0.0,4.778,0.0,1957.21,-0.347412,93.998,-1,"[200.0, 200.0, 200.0, 200.0, 200.0, 200.0, 200.0, 200.0, 200.0, 200.0, 200.0, 200.0, 200.0, 200.0, 200.0, 200.0, 200.0, 200.0, 200.0, 200.0, 200.0, 200.0, 200.0, 200.0, 200.0, 200.0, 200.0, 200.0, 200.0, 200.0, 200.0, 200.0, 200.0, 200.0, 200.0, 200.0]",1,942.478,-5.15696,0.0457833,-0.00629684,0.0,"[7.34129, 7.51568, 8.36066, 10.3955, 16.2419, 70.4995, 61.4441, 52.7358, 44.6391, 37.4048, 31.2129, 26.122, 22.0634, 18.886, 14.4873, 10.8269, 8.9572, 8.0206, 7.67876]",0.0226115,"[-5.89815, -6.14324, -5.33124, -5.22981]",0.347538
1.0,-0.0520709,0.0,0.0,4.8,0.0,1957.18,-0.380981,93.9979,-1,"[200.0, 200.0, 200.0, 200.0, 200.0, 200.0, 200.0, 200.0, 200.0, 200.0, 200.0, 200.0, 200.0, 200.0, 200.0, 200.0, 200.0, 200.0, 200.0, 200.0, 200.0, 200.0, 200.0, 200.0, 200.0, 200.0, 200.0, 200.0, 200.0, 200.0, 200.0, 200.0, 200.0, 200.0, 200.0, 200.0]",1,1085.51,-5.64498,0.0448866,-0.000822219,0.0,"[7.34303, 7.51619, 8.35957, 10.391, 16.2211, 70.5577, 61.5004, 52.7886, 44.6867, 37.4458, 31.2466, 26.1486, 22.0838, 18.9014, 14.4959, 10.8305, 8.95837, 8.02037, 7.67747]",0.0224131,"[-5.39091, -5.54093, -6.08548, -5.42588]",0.347821
1.0,-0.0526508,0.0,0.0,4.822,0.0,1957.14,-0.417725,93.9979,-1,"[200.0, 200.0, 200.0, 200.0, 200.0, 200.0, 200.0, 200.0, 200.0, 200.0, 200.0, 200.0, 200.0, 200.0, 200.0, 200.0, 200.0, 200.0, 200.0, 200.0, 200.0, 200.0, 200.0, 200.0, 200.0, 200.0, 200.0, 200.0, 200.0, 200.0, 200.0, 200.0, 200.0, 200.0, 200.0, 200.0]",1,1073.55,-6.25933,0.0400687,0.00514128,0.0,"[7.34494, 7.51685, 8.35865, 10.3867, 16.2006, 70.6169, 61.5577, 52.8422, 44.735, 37.4872, 31.2806, 26.1754, 22.1043, 18.9168, 14.5045, 10.8339, 8.95938, 8.01998, 7.67602]",0.0221914,"[-3.58811, -3.31349, -5.53782, -5.8335]",0.348035
1.0,-0.0533198,0.0,0.0,4.844,0.0,1957.1,-0.457275,93.9978,-1,"[200.0, 200.0, 200.0, 200.0, 200.0, 200.0, 200.0, 200.0, 200.0, 200.0, 200.0, 200.0, 200.0, 200.0, 200.0, 200.0, 200.0, 200.0, 200.0, 200.0, 200.0, 200.0, 200.0, 200.0, 200.0, 200.0, 200.0, 200.0, 200.0, 200.0, 200.0, 200.0, 200.0, 200.0, 200.0, 200.0]",1,1124.32,-6.77179,0.0475052,0.0144295,0.0,"[7.34707, 7.51755, 8.3575, 10.3817, 16.1767, 70.6852, 61.6238, 52.9042, 44.7907, 37.5353, 31.3201, 26.2065, 22.1282, 18.9348, 14.5145, 10.838, 8.96066, 8.01962, 7.67443]",0.0219462,"[-4.84476, -4.71144, -6.53609, -6.13988]",0.34814
1.0,-0.0538266,0.0,0.0,4.866,0.0,1957.06,-0.500244,93.9978,-1,"[200.0, 200.0, 200.0, 200.0, 200.0, 200.0, 200.0, 200.0, 200.0, 200.0, 200.0, 200.0, 200.0, 200.0, 200.0, 200.0, 200.0, 200.0, 200.0, 200.0, 200.0, 200.0, 200.0, 200.0, 200.0, 200.0, 200.0, 200.0, 200.0, 200.0, 200.0, 200.0, 200.0, 200.0, 200.0, 200.0]",1,1201.64,-7.20475,0.0386227,0.027942,0.0,"[7.34934, 7.51874, 8.35738, 10.3788, 16.1605, 70.7363, 61.6731, 52.9501, 44.8319, 37.5705, 31.3488, 26.2289, 22.145, 18.9472, 14.5211, 10.8402, 8.96088, 8.01868, 7.67256]",0.0216736,"[-7.62263, -7.92615, -6.72465, -6.59866]",0.348104
1.0,-0.054343,0.0,0.0,4.888,0.0,1957.01,-0.546387,93.9977,-1,"[200.0, 200.0, 200.0, 200.0, 200.0, 200.0, 200.0, 200.0, 200.0, 200.0, 200.0, 200.0, 200.0, 200.0, 200.0, 200.0, 200.0, 200.0, 200.0, 200.0, 200.0, 200.0, 200.0, 200.0, 200.0, 200.0, 200.0, 200.0, 200.0, 200.0, 200.0, 200.0, 200.0, 200.0, 200.0, 200.0]",1,1292.79,-7.73614,0.0400865,0.0460505,0.0,"[7.35183, 7.52013, 8.35744, 10.3762, 16.1446, 70.7883, 61.7231, 52.9967, 44.8735, 37.606, 31.3776, 26.2512, 22.1618, 18.9596, 14.5275, 10.8422, 8.96093, 8.01754, 7.67051]",0.0213735,"[-7.18742, -7.32052, -7.23387, -7.00628]",0.347909
1.0,-0.0548838,0.0,0.0,4.91,0.0,1956.96,-0.595825,93.9976,-1,"[200.0, 200.0, 200.0, 200.0, 200.0, 200.0, 200.0, 200.0, 200.0, 200.0, 200.0, 200.0, 200.0, 200.0, 200.0, 200.0, 200.0, 200.0, 200.0, 200.0, 200.0, 200.0, 200.0, 200.0, 200.0, 200.0, 200.0, 200.0, 200.0, 200.0, 200.0, 200.0, 200.0, 200.0, 200.0, 200.0]",1,1374.85,-8.36558,0.0438078,0.0673141,0.0,"[7.3545, 7.52167, 8.35762, 10.3735, 16.1282, 70.8426, 61.7754, 53.0454, 44.9171, 37.6431, 31.4077, 26.2746, 22.1793, 18.9724, 14.534, 10.8443, 8.96086, 8.01628, 7.66827]",0.021049,"[-5.36132, -4.93896, -7.78152, -7.4306]",0.347553
1.0,-0.0554445,0.0,0.0,4.932,0.0,1956.91,-0.648438,93.9975,-1,"[200.0, 200.0, 200.0, 200.0, 200.0, 200.0, 200.0, 200.0, 200.0, 200.0, 200.0, 200.0, 200.0, 200.0, 200.0, 200.0, 200.0, 200.0, 200.0, 200.0, 200.0, 200.0, 200.0, 200.0, 200.0, 200.0, 200.0, 200.0, 200.0, 200.0, 200.0, 200.0, 200.0, 200.0, 200.0, 200.0]",1,1474.49,-8.90163,0.0479054,0.0897302,0.0,"[7.35739, 7.52338, 8.35791, 10.3709, 16.1115, 70.8989, 61.8296, 53.0958, 44.9621, 37.6814, 31.4387, 26.2986, 22.1972, 18.9855, 14.5407, 10.8463, 8.9607, 8.01486, 7.66586]",0.0206991,"[-6.73065, -6.49733, -8.45033, -7.93965]",0.347054
1.0,-0.0560339,0.0,0.0,4.954,0.0,1956.86,-0.704468,93.9974,-1,"[200.0, 200.0, 200.0, 200.0, 200.0, 200.0, 200.0, 200.0, 200.0, 200.0, 200.0, 200.0, 200.0, 200.0, 200.0, 200.0, 200.0, 200.0, 200.0, 200.0, 200.0, 200.0, 200.0, 200.0, 200.0, 200.0, 200.0, 200.0, 200.0, 200.0, 200.0, 200.0, 200.0, 200.0, 200.0, 200.0]",1,1603.44,-9.35623,0.0523927,0.110428,0.0,"[7.36048, 7.52522, 8.35828, 10.3683, 16.0942, 70.958, 61.8865, 53.1487, 45.0093, 37.7216, 31.4713, 26.3238, 22.216, 18.9992, 14.5477, 10.8483, 8.96049, 8.01333, 7.66327]",0.0203247,"[-9.48886, -9.67144, -9.2934, -8.46833]",0.346457
1.0,-0.0566919,0.0,0.0,4.976,0.0,1956.8,-0.763916,93.9973,-1,"[200.0, 200.0, 200.0, 200.0, 200.0, 200.0, 200.0, 200.0, 200.0, 200.0, 200.0, 200.0, 200.0, 200.0, 200.0, 200.0, 200.0, 200.0, 200.0, 200.0, 200.0, 200.0, 200.0, 200.0, 200.0, 200.0, 200.0, 200.0, 200.0, 200.0, 200.0, 200.0, 200.0, 200.0, 200.0, 200.0]",1,1738.33,-9.97578,0.0600105,0.102974,0.0,"[7.3638, 7.52715, 8.35856, 10.3652, 16.0746, 71.0242, 61.9502, 53.2081, 45.0624, 37.7668, 31.5079, 26.3522, 22.2373, 19.0147, 14.5557, 10.8507, 8.96037, 8.01174, 7.66051]",0.0199239,"[-9.01757, -5.90054, -10.1932, -8.97887]",0.345793
1.0,-0.0574315,0.0,0.0,4.998,0.0,1956.73,-0.82666,93.9973,-1,"[200.0, 200.0, 200.0, 200.0, 200.0, 200.0, 200.0, 200.0, 200.0, 200.0, 200.0, 200.0, 200.0, 200.0, 200.0, 200.0, 200.0, 200.0, 200.0, 200.0, 200.0, 200.0, 200.0, 200.0, 200.0, 200.0, 200.0, 200.0, 200.0, 200.0, 200.0, 200.0, 200.0, 200.0, 200.0, 200.0]",1,1871.42,-10.4888,0.0702036,0.0562261,0.0,"[7.36733, 7.52911, 8.35863, 10.3614, 16.0521, 71.0988, 62.0221, 53.2751, 45.1224, 37.8181, 31.5497, 26.3846, 22.2617, 19.0327, 14.565, 10.8538, 8.9605, 8.01018, 7.65763]",0.0194997,"[-9.74628, -10.577, -11.113, -9.65253]",0.34506
1.0,-0.0581949,0.0,0.0,5.02,0.0,1956.67,-0.892944,93.9972,-1,"[200.0, 200.0, 200.0, 200.0, 200.0, 200.0, 200.0, 200.0, 200.0, 200.0, 200.0, 200.0, 200.0, 200.0, 200.0, 200.0, 200.0, 200.0, 200.0, 200.0, 200.0, 200.0, 200.0, 200.0, 200.0, 200.0, 200.0, 200.0, 200.0, 200.0, 200.0, 200.0, 200.0, 200.0, 200.0, 200.0]",1,1994.47,-11.1177,0.07239,0.0597884,0.0,"[7.37111, 7.53127, 8.35885, 10.3576, 16.0294, 71.1756, 62.0961, 53.3442, 45.1842, 37.8709, 31.5925, 26.4179, 22.2867, 19.051, 14.5744, 10.8567, 8.96049, 8.00843, 7.65453]",0.019046,"[-9.97193, -7.69514, -11.8407, -10.2266]",0.34428
1.0,-0.0589955,0.0,0.0,5.042,0.0,1956.6,-0.962891,93.9971,-1,"[200.0, 200.0, 200.0, 200.0, 200.0, 200.0, 200.0, 200.0, 200.0, 200.0, 200.0, 200.0, 200.0, 200.0, 200.0, 200.0, 200.0, 200.0, 200.0, 200.0, 200.0, 200.0, 200.0, 200.0, 200.0, 200.0, 200.0, 200.0, 200.0, 200.0, 200.0, 200.0, 200.0, 200.0, 200.0, 200.0]",1,2151.24,-11.7471,0.0751901,0.0695621,0.0,"[7.37514, 7.53362, 8.3592, 10.3539, 16.006, 71.2561, 62.1738, 53.4166, 45.2491, 37.9262, 31.6374, 26.4527, 22.3128, 19.0701, 14.5842, 10.8597, 8.96038, 8.00652, 7.6512]",0.0185598,"[-8.07122, -9.2077, -12.8418, -10.9754]",0.343921
1.0,-0.0598882,0.0,0.0,5.064,0.0,1956.52,-1.0365,93.997,-1,"[200.0, 200.0, 200.0, 200.0, 200.0, 200.0, 200.0, 200.0, 200.0, 200.0, 200.0, 200.0, 200.0, 200.0, 200.0, 200.0, 200.0, 200.0, 200.0, 200.0, 200.0, 200.0, 200.0, 200.0, 200.0, 200.0, 200.0, 200.0, 200.0, 200.0, 200.0, 200.0, 200.0, 200.0, 200.0, 200.0]",1,2434.1,-12.312,0.080729,0.0800741,0.0,"[7.37947, 7.53606, 8.35935, 10.3494, 15.9795, 71.3462, 62.2605, 53.4976, 45.3217, 37.9883, 31.688, 26.4921, 22.3424, 19.0918, 14.5955, 10.8634, 8.9605, 8.00459, 7.64767]",0.018042,"[-9.6946, -11.8232, -14.5624, -12.309]",0.344135
1.0,-0.0608113,0.0,0.0,5.086,0.0,1956.45,-1.11389,93.9968,-1,"[200.0, 200.0, 200.0, 200.0, 200.0, 200.0, 200.0, 200.0, 200.0, 200.0, 200.0, 200.0, 200.0, 200.0, 200.0, 200.0, 200.0, 200.0, 200.0, 200.0, 200.0, 200.0, 200.0, 200.0, 200.0, 200.0, 200.0, 200.0, 200.0, 200.0, 200.0, 200.0, 200.0, 200.0, 200.0, 200.0]",1,3044.29,-12.9616,0.0977904,0.0858192,0.0,"[7.38408, 7.5387, 8.35966, 10.3449, 15.9526, 71.4392, 62.3503, 53.5814, 45.3967, 38.0525, 31.7402, 26.5327, 22.3728, 19.1141, 14.607, 10.867, 8.96048, 8.00249, 7.64392]",0.0174906,"[-12.5699, -8.83449, -18.1156, -15.2529]",0.344934
1.0,-0.0615385,0.0,0.0,5.108,0.0,1956.36,-1.19543,93.9965,-1,"[200.0, 200.0, 200.0, 200.0, 200.0, 200.0, 200.0, 200.0, 200.0, 200.0, 200.0, 200.0, 200.0, 200.0, 200.0, 200.0, 200.0, 200.0, 200.0, 200.0, 200.0, 200.0, 200.0, 200.0, 200.0, 200.0, 200.0, 200.0, 200.0, 200.0, 200.0, 200.0, 200.0, 200.0, 200.0, 200.0]",1,4399.71,-13.6285,0.12472,0.0813791,0.0,"[7.38877, 7.54187, 8.36115, 10.3431, 15.9344, 71.5115, 62.4197, 53.6457, 45.454, 38.101, 31.7791, 26.5624, 22.3947, 19.1297, 14.6143, 10.8684, 8.95925, 7.99972, 7.63991]",0.0169159,"[-10.3693, -12.9445, -26.0572, -21.9099]",0.346165
1.0,-0.0621188,0.0,0.0,5.13,0.0,1956.28,-1.28125,93.9959,-1,"[200.0, 200.0, 200.0, 200.0, 200.0, 200.0, 200.0, 200.0, 200.0, 200.0, 200.0, 200.0, 200.0, 200.0, 200.0, 200.0, 200.0, 200.0, 200.0, 200.0, 200.0, 200.0, 200.0, 200.0, 200.0, 200.0, 200.0, 200.0, 200.0, 200.0, 200.0, 200.0, 200.0, 200.0, 200.0, 200.0]",1,6745.99,-14.4013,0.176152,0.0662629,0.0,"[7.39345, 7.54536, 8.36339, 10.3429, 15.9224, 71.5683, 62.4739, 53.6958, 45.4981, 38.1379, 31.8083, 26.5843, 22.4102, 19.1404, 14.6186, 10.8683, 8.95721, 7.99656, 7.63577]",0.016332,"[-13.8056, -10.1023, -40.1074, -33.4398]",0.3475
1.0,-0.0623139,0.0,0.0,5.152,0.0,1956.19,-1.37183,93.9949,-1,"[200.0, 200.0, 200.0, 200.0, 200.0, 200.0, 200.0, 200.0, 200.0, 200.0, 200.0, 200.0, 200.0, 200.0, 200.0, 200.0, 200.0, 200.0, 200.0, 200.0, 200.0, 200.0, 200.0, 200.0, 200.0, 200.0, 200.0, 200.0, 200.0, 200.0, 200.0, 200.0, 200.0, 200.0, 200.0, 200.0]",1,9606.07,-15.1517,0.233903,0.0493315,0.0,"[7.39795, 7.54952, 8.36751, 10.3472, 15.9263, 71.5846, 62.4885, 53.7081, 45.5077, 38.1445, 31.812, 26.5855, 22.4095, 19.1383, 14.6152, 10.8643, 8.95315, 7.99244, 7.63145]",0.0157471,"[-11.3408, -14.4058, -57.1213, -48.4642]",0.348532
1.0,-0.0621818,0.0,0.0,5.174,0.0,1956.09,-1.46716,93.9945,-1,"[200.0, 200.0, 200.0, 200.0, 200.0, 200.0, 200.0, 200.0, 200.0, 200.0, 200.0, 200.0, 200.0, 200.0, 200.0, 200.0, 200.0, 200.0, 200.0, 200.0, 200.0, 200.0, 200.0, 200.0, 200.0, 200.0, 200.0, 200.0, 200.0, 200.0, 200.0, 200.0, 200.0, 200.0, 200.0, 200.0]",1,8866.63,-15.9519,0.305868,0.0361047,0.0,"[7.40216, 7.55412, 8.37305, 10.355, 15.9431, 71.5667, 62.4697, 53.6886, 45.4882, 38.1256, 31.7942, 26.5693, 22.3952, 19.1257, 14.6054, 10.8572, 8.94756, 7.98767, 7.62714]",0.0151784,"[-14.1865, -12.6508, -53.1026, -49.7863]",0.348889
1.0,-0.061766,0.0,0.0,5.196,0.0,1955.99,-1.56738,93.9938,-1,"[200.0, 200.0, 200.0, 200.0, 200.0, 200.0, 200.0, 200.0, 200.0, 200.0, 200.0, 200.0, 200.0, 200.0, 200.0, 200.0, 200.0, 200.0, 200.0, 200.0, 200.0, 200.0, 200.0, 200.0, 200.0, 200.0, 200.0, 200.0, 200.0, 200.0, 200.0, 200.0, 200.0, 200.0, 200.0, 200.0]",1,9859.8,-16.7305,0.370078,0.0315925,0.0,"[7.40607, 7.55906, 8.37978, 10.3658, 15.9712, 71.5191, 62.4218, 53.6417, 45.4435, 38.0846, 31.758, 26.5383, 22.3692, 19.104, 14.5902, 10.8475, 8.94069, 7.98238, 7.62283]",0.0146291,"[-14.6326, -14.1042, -54.8658, -51.2474]",0.348374
1.0,-0.0611408,0.0,0.0,5.218,0.0,1955.89,-1.67249,93.9934,-1,"[200.0, 200.0, 200.0, 200.0, 200.0, 200.0, 200.0, 200.0, 200.0, 200.0, 200.0, 200.0, 200.0, 200.0, 200.0, 200.0, 200.0, 200.0, 200.0, 200.0, 200.0, 200.0, 200.0, 200.0, 200.0, 200.0, 200.0, 200.0, 200.0, 200.0, 200.0, 200.0, 200.0, 200.0, 200.0, 200.0]",1,8947.68,-17.557,0.423094,0.037391,0.0,"[7.40977, 7.56424, 8.38741, 10.3789, 16.0079, 71.4496, 62.3524, 53.5743, 45.3803, 38.0274, 31.7083, 26.4964, 22.3346, 19.0758, 14.5711, 10.8359, 8.93287, 7.97671, 7.61855]",0.0140951,"[-13.3093, -14.9341, -53.8413, -49.8905]",0.347105
1.0,-0.0606888,0.0,0.0,5.24,0.0,1955.78,-1.78235,93.9928,-1,"[200.0, 200.0, 200.0, 200.0, 200.0, 200.0, 200.0, 200.0, 200.0, 200.0, 200.0, 200.0, 200.0, 200.0, 200.0, 200.0, 200.0, 200.0, 200.0, 200.0, 200.0, 200.0, 200.0, 200.0, 200.0, 200.0, 200.0, 200.0, 200.0, 200.0, 200.0, 200.0, 200.0, 200.0, 200.0, 200.0]",1,9720.07,-18.2851,0.450147,0.0521007,0.0,"[7.41355, 7.56912, 8.39421, 10.39, 16.0374, 71.3983, 62.3009, 53.524, 45.3327, 37.9839, 31.67, 26.4637, 22.3073, 19.0532, 14.5554, 10.826, 8.92595, 7.97147, 7.61436]",0.013562,"[-17.2364, -12.846, -54.283, -49.3845]",0.345545
1.0,-0.0603789,0.0,0.0,5.262,0.0,1955.66,-1.89648,93.9924,-1,"[200.0, 200.0, 200.0, 200.0, 200.0, 200.0, 200.0, 200.0, 200.0, 200.0, 200.0, 200.0, 200.0, 200.0, 200.0, 200.0, 200.0, 200.0, 200.0, 200.0, 200.0, 200.0, 200.0, 200.0, 200.0, 200.0, 200.0, 200.0, 200.0, 200.0, 200.0, 200.0, 200.0, 200.0, 200.0, 200.0]",1,9088.32,-18.9893,0.441837,0.0769691,0.0,"[7.41758, 7.57395, 8.40051, 10.3997, 16.0616, 71.3618, 62.2638, 53.4872, 45.2974, 37.9512, 31.6407, 26.4383, 22.2857, 19.0349, 14.5423, 10.8173, 8.91956, 7.96638, 7.61005]",0.0130056,"[-14.8136, -17.4984, -55.4125, -49.7079]",0.344405
1.0,-0.0604361,0.0,0.0,5.284,0.0,1955.55,-2.01489,93.9918,-1,"[200.0, 200.0, 200.0, 200.0, 200.0, 200.0, 200.0, 200.0, 200.0, 200.0, 200.0, 200.0, 200.0, 200.0, 200.0, 200.0, 200.0, 200.0, 200.0, 200.0, 200.0, 200.0, 200.0, 200.0, 200.0, 200.0, 200.0, 200.0, 200.0, 200.0, 200.0, 200.0, 200.0, 200.0, 200.0, 200.0]",1,9998.11,-19.6812,0.421169,0.104595,0.0,"[7.42213, 7.57848, 8.40543, 10.4057, 16.0715, 71.3634, 62.264, 53.4859, 45.2944, 37.9467, 31.6349, 26.4318, 22.2788, 19.0281, 14.5359, 10.8118, 8.91467, 7.9618, 7.60555]",0.0124034,"[-16.8171, -15.0289, -56.3975, -50.5135]",0.344294
1.0,-0.0606464,0.0,0.0,5.306,0.0,1955.42,-2.13745,93.9914,-1,"[200.0, 200.0, 200.0, 200.0, 200.0, 200.0, 200.0, 200.0, 200.0, 200.0, 200.0, 200.0, 200.0, 200.0, 200.0, 200.0, 200.0, 200.0, 200.0, 200.0, 200.0, 200.0, 200.0, 200.0, 200.0, 200.0, 200.0, 200.0, 200.0, 200.0, 200.0, 200.0, 200.0, 200.0, 200.0, 200.0]",1,9346.07,-20.3209,0.398782,0.118259,0.0,"[7.42719, 7.58318, 8.41012, 10.4106, 16.0761, 71.3808, 62.2795, 53.4988, 45.3042, 37.9533, 31.6384, 26.4326, 22.2776, 19.0254, 14.5318, 10.8072, 8.91006, 7.95715, 7.6007]",0.0117452,"[-19.2353, -16.6289, -56.4872, -51.3839]",0.345305
1.0,-0.0605944,0.0,0.0,5.328,0.0,1955.3,-2.26428,93.9908,-1,"[200.0, 200.0, 200.0, 200.0, 200.0, 200.0, 200.0, 200.0, 200.0, 200.0, 200.0, 200.0, 200.0, 200.0, 200.0, 200.0, 200.0, 200.0, 200.0, 200.0, 200.0, 200.0, 200.0, 200.0, 200.0, 200.0, 200.0, 200.0, 200.0, 200.0, 200.0, 200.0, 200.0, 200.0, 200.0, 200.0]",1,10031.2,-21.0685,0.40559,0.104144,0.0,"[7.43242, 7.58865, 8.4164, 10.419, 16.0925, 71.3704, 62.2676, 53.4856, 45.2901, 37.9387, 31.6239, 26.4186, 22.2646, 19.0136, 14.522, 10.7996, 8.90376, 7.95155, 7.59541]",0.0110453,"[-16.1724, -19.1163, -55.6358, -51.8397]",0.346837
1.0,-0.0602458,0.0,0.0,5.35,0.0,1955.16,-2.39551,93.9904,-1,"[200.0, 200.0, 200.0, 200.0, 200.0, 200.0, 200.0, 200.0, 200.0, 200.0, 200.0, 200.0, 200.0, 200.0, 200.0, 200.0, 200.0, 200.0, 200.0, 200.0, 200.0, 200.0, 200.0, 200.0, 200.0, 200.0, 200.0, 200.0, 200.0, 200.0, 200.0, 200.0, 200.0, 200.0, 200.0, 200.0]",1,9118.1,-21.8496,0.443674,0.0789259,0.0,"[7.43761, 7.59475, 8.42428, 10.431, 16.1217, 71.3286, 62.225, 53.4433, 45.2492, 37.9006, 31.5895, 26.3887, 22.2389, 18.9917, 14.5062, 10.789, 8.89581, 7.94514, 7.5899]",0.0103312,"[-18.7192, -16.2985, -54.1883, -51.3755]",0.347939
1.0,-0.059552,0.0,0.0,5.372,0.0,1955.03,-2.53174,93.9898,-1,"[200.0, 200.0, 200.0, 200.0, 200.0, 200.0, 200.0, 200.0, 200.0, 200.0, 200.0, 200.0, 200.0, 200.0, 200.0, 200.0, 200.0, 200.0, 200.0, 200.0, 200.0, 200.0, 200.0, 200.0, 200.0, 200.0, 200.0, 200.0, 200.0, 200.0, 200.0, 200.0, 200.0, 200.0, 200.0, 200.0]",1,9585.8,-22.6171,0.487391,0.0650731,0.0,"[7.44258, 7.60141, 8.43378, 10.4469, 16.1654, 71.2505, 62.1469, 53.3672, 45.1775, 37.8354, 31.5326, 26.3404, 22.1989, 18.9588, 14.4836, 10.775, 8.88617, 7.93797, 7.5843]",0.00962321,"[-20.3619, -19.238, -52.1572, -50.1799]",0.347948
1.0,-0.058781,0.0,0.0,5.394,0.0,1954.89,-2.6731,93.9893,-1,"[200.0, 200.0, 200.0, 200.0, 200.0, 200.0, 200.0, 200.0, 200.0, 200.0, 200.0, 200.0, 200.0, 200.0, 200.0, 200.0, 200.0, 200.0, 200.0, 200.0, 200.0, 200.0, 200.0, 200.0, 200.0, 200.0, 200.0, 200.0, 200.0, 200.0, 200.0, 200.0, 200.0, 200.0, 200.0, 200.0]",1,8868.02,-23.5096,0.519483,0.0680142,0.0,"[7.44749, 7.60818, 8.44363, 10.4637, 16.2125, 71.1644, 62.061, 53.2837, 45.0991, 37.7644, 31.4707, 26.2882, 22.1558, 18.9234, 14.4595, 10.7603, 8.8762, 7.93065, 7.57871]",0.00892029,"[-19.2847, -20.1561, -53.4186, -49.547]",0.346913
1.0,-0.0584076,0.0,0.0,5.416,0.0,1954.74,-2.81946,93.9886,-1,"[200.0, 200.0, 200.0, 200.0, 200.0, 200.0, 200.0, 200.0, 200.0, 200.0, 200.0, 200.0, 200.0, 200.0, 200.0, 200.0, 200.0, 200.0, 200.0, 200.0, 200.0, 200.0, 200.0, 200.0, 200.0, 200.0, 200.0, 200.0, 200.0, 200.0, 200.0, 200.0, 200.0, 200.0, 200.0, 200.0]",1,9849.55,-24.3128,0.520817,0.0835041,0.0,"[7.45271, 7.61437, 8.45168, 10.476, 16.2432, 71.1199, 62.0156, 53.2388, 45.0558, 37.7243, 31.4347, 26.2569, 22.129, 18.9008, 14.4431, 10.7493, 8.86809, 7.92415, 7.57317]",0.00820109,"[-20.8218, -18.2509, -55.4886, -49.8451]",0.34561
1.0,-0.0586146,0.0,0.0,5.438,0.0,1954.59,-2.97034,93.9882,-1,"[200.0, 200.0, 200.0, 200.0, 200.0, 200.0, 200.0, 200.0, 200.0, 200.0, 200.0, 200.0, 200.0, 200.0, 200.0, 200.0, 200.0, 200.0, 200.0, 200.0, 200.0, 200.0, 200.0, 200.0, 200.0, 200.0, 200.0, 200.0, 200.0, 200.0, 200.0, 200.0, 200.0, 200.0, 200.0, 200.0]",1,9209.49,-24.9651,0.479613,0.116064,0.0,"[7.4586, 7.61992, 8.45732, 10.4822, 16.2502, 71.1361, 62.0297, 53.2501, 45.0639, 37.7288, 31.4361, 26.2557, 22.1258, 18.8964, 14.4376, 10.7436, 8.86251, 7.91862, 7.56747]",0.00743205,"[-22.3338, -21.4743, -56.3939, -49.9764]",0.34508
1.0,-0.059151,0.0,0.0,5.46,0.0,1954.43,-3.12537,93.9876,-1,"[200.0, 200.0, 200.0, 200.0, 200.0, 200.0, 200.0, 200.0, 200.0, 200.0, 200.0, 200.0, 200.0, 200.0, 200.0, 200.0, 200.0, 200.0, 200.0, 200.0, 200.0, 200.0, 200.0, 200.0, 200.0, 200.0, 200.0, 200.0, 200.0, 200.0, 200.0, 200.0, 200.0, 200.0, 200.0, 200.0]",1,10125.5,-25.6769,0.434056,0.13803,0.0,"[7.46523, 7.6255, 8.46203, 10.4854, 16.2448, 71.1864, 62.077, 53.2926, 45.1003, 37.7581, 31.4579, 26.2707, 22.1353, 18.9016, 14.4376, 10.7403, 8.85793, 7.91326, 7.56132]",0.00658468,"[-19.5184, -22.104, -56.9189, -51.5179]",0.345716
1.0,-0.0595482,0.0,0.0,5.482,0.0,1954.28,-3.2843,93.9871,-1,"[200.0, 200.0, 200.0, 200.0, 200.0, 200.0, 200.0, 200.0, 200.0, 200.0, 200.0, 200.0, 200.0, 200.0, 200.0, 200.0, 200.0, 200.0, 200.0, 200.0, 200.0, 200.0, 200.0, 200.0, 200.0, 200.0, 200.0, 200.0, 200.0, 200.0, 200.0, 200.0, 200.0, 200.0, 200.0, 200.0]",1,9478.41,-26.3329,0.426614,0.121656,0.0,"[7.47229, 7.63183, 8.46799, 10.4909, 16.2466, 71.2217, 62.1092, 53.3208, 45.1234, 37.7754, 31.4696, 26.2772, 22.1378, 18.9012, 14.434, 10.735, 8.85206, 7.90705, 7.55462]",0.00567118,"[-22.7879, -20.2723, -56.3562, -52.9027]",0.346777
1.0,-0.0597599,0.0,0.0,5.504,0.0,1954.11,-3.448,93.9866,-1,"[200.0, 200.0, 200.0, 200.0, 200.0, 200.0, 200.0, 200.0, 200.0, 200.0, 200.0, 200.0, 200.0, 200.0, 200.0, 200.0, 200.0, 200.0, 200.0, 200.0, 200.0, 200.0, 200.0, 200.0, 200.0, 200.0, 200.0, 200.0, 200.0, 200.0, 200.0, 200.0, 200.0, 200.0, 200.0, 200.0]",1,9870.12,-27.1024,0.434094,0.140545,0.0,"[7.47955, 7.63879, 8.47517, 10.4991, 16.2571, 71.2371, 62.1221, 53.3305, 45.1294, 37.7777, 31.4684, 26.2733, 22.132, 18.8943, 14.4262, 10.7274, 8.84492, 7.90011, 7.54755]",0.00471903,"[-24.1506, -23.9156, -54.3234, -50.4468]",0.347431
1.0,-0.0600522,0.0,0.0,5.526,0.0,1953.94,-3.61536,93.9862,-1,"[200.0, 200.0, 200.0, 200.0, 200.0, 200.0, 200.0, 200.0, 200.0, 200.0, 200.0, 200.0, 200.0, 200.0, 200.0, 200.0, 200.0, 200.0, 200.0, 200.0, 200.0, 200.0, 200.0, 200.0, 200.0, 200.0, 200.0, 200.0, 200.0, 200.0, 200.0, 200.0, 200.0, 200.0, 200.0, 200.0]",1,9146.59,-27.7266,0.436963,0.0311393,0.0,"[7.48712, 7.64585, 8.48227, 10.5066, 16.2649, 71.2609, 62.143, 53.3477, 45.1422, 37.7858, 31.472, 26.2731, 22.1291, 18.8895, 14.4197, 10.7203, 8.83789, 7.89307, 7.54026]",0.0037323,"[-23.1535, -23.2347, -52.7891, -52.9632]",0.346725
1.0,-0.0595601,0.0,0.0,5.548,0.0,1953.77,-3.78723,93.9857,-1,"[200.0, 200.0, 200.0, 200.0, 200.0, 200.0, 200.0, 200.0, 200.0, 200.0, 200.0, 200.0, 200.0, 200.0, 200.0, 200.0, 200.0, 200.0, 200.0, 200.0, 200.0, 200.0, 200.0, 200.0, 200.0, 200.0, 200.0, 200.0, 200.0, 200.0, 200.0, 200.0, 200.0, 200.0, 200.0, 200.0]",1,9712.6,-28.5251,0.485473,0.0372301,0.0,"[7.49437, 7.65441, 8.49333, 10.5235, 16.3065, 71.2018, 62.0827, 53.2878, 45.0844, 37.732, 31.4236, 26.231, 22.093, 18.8589, 14.3974, 10.7054, 8.82679, 7.88411, 7.53257]",0.00273437,"[-23.8497, -21.6694, -48.308, -55.5275]",0.345541
1.0,-0.0592464,0.0,0.0,5.57,0.0,1953.6,-3.96399,93.9851,-1,"[200.0, 200.0, 200.0, 200.0, 200.0, 200.0, 200.0, 200.0, 200.0, 200.0, 200.0, 200.0, 200.0, 200.0, 200.0, 200.0, 200.0, 200.0, 200.0, 200.0, 200.0, 200.0, 200.0, 200.0, 200.0, 200.0, 200.0, 200.0, 200.0, 200.0, 200.0, 200.0, 200.0, 200.0, 200.0, 200.0]",1,9046.25,-29.2925,0.510268,0.129901,0.0,"[7.50167, 7.66259, 8.50346, 10.5382, 16.3404, 71.1616, 62.041, 53.2455, 45.0428, 37.6923, 31.3871, 26.1984, 22.0646, 18.8343, 14.3788, 10.6923, 8.81665, 7.87562, 7.52499]",0.00174255,"[-26.4973, -25.4157, -49.7186, -54.8748]",0.345117
1.0,-0.0599015,0.0,0.0,5.592,0.0,1953.41,-4.14575,93.9846,-1,"[200.0, 200.0, 200.0, 200.0, 200.0, 200.0, 200.0, 200.0, 200.0, 200.0, 200.0, 200.0, 200.0, 200.0, 200.0, 200.0, 200.0, 200.0, 200.0, 200.0, 200.0, 200.0, 200.0, 200.0, 200.0, 200.0, 200.0, 200.0, 200.0, 200.0, 200.0, 200.0, 200.0, 200.0, 200.0, 200.0]",1,9742.46,-30.1246,0.469201,0.225439,0.0,"[7.50983, 7.66945, 8.50924, 10.5421, 16.3337, 71.2232, 62.0987, 53.2975, 45.0873, 37.728, 31.4137, 26.2166, 22.0759, 18.8404, 14.3786, 10.6882, 8.81097, 7.869, 7.51743]",0.000700887,"[-23.4758, -25.6142, -51.6219, -52.3678]",0.345639
1.0,-0.0615948,0.0,0.0,5.614,0.0,1953.23,-4.33167,93.9841,-1,"[200.0, 200.0, 200.0, 200.0, 200.0, 200.0, 200.0, 200.0, 200.0, 200.0, 200.0, 200.0, 200.0, 200.0, 200.0, 200.0, 200.0, 200.0, 200.0, 200.0, 200.0, 200.0, 200.0, 200.0, 200.0, 200.0, 200.0, 200.0, 200.0, 200.0, 200.0, 200.0, 200.0, 200.0, 200.0, 200.0]",1,9326.23,-30.7477,0.394186,0.227618,0.0,"[7.51941, 7.67538, 8.51093, 10.5353, 16.2851, 71.3934, 62.2626, 53.4501, 45.2235, 37.8438, 31.5071, 26.2885, 22.1291, 18.8788, 14.3975, 10.693, 8.80954, 7.86392, 7.50943]",-0.000457764,"[-25.8139, -24.2673, -56.9649, -50.5885]",0.346165
1.0,-0.0629404,0.0,0.0,5.636,0.0,1953.04,-4.52124,93.9836,-1,"[200.0, 200.0, 200.0, 200.0, 200.0, 200.0, 200.0, 200.0, 200.0, 200.0, 200.0, 200.0, 200.0, 200.0, 200.0, 200.0, 200.0, 200.0, 200.0, 200.0, 200.0, 200.0, 200.0, 200.0, 200.0, 200.0, 200.0, 200.0, 200.0, 200.0, 200.0, 200.0, 200.0, 200.0, 200.0, 200.0]",1,10309.5,-31.31,0.362837,0.165975,0.0,"[7.52973, 7.68286, 8.51538, 10.5338, 16.2543, 71.5263, 62.3897, 53.5674, 45.3271, 37.9307, 31.576, 26.3401, 22.1661, 18.9043, 14.4081, 10.6933, 8.80532, 7.85709, 7.50039]",-0.00173645,"[-27.3769, -27.5028, -56.4856, -53.965]",0.34611
1.0,-0.0630859,0.0,0.0,5.658,0.0,1952.85,-4.7146,93.9832,-1,"[200.0, 200.0, 200.0, 200.0, 200.0, 200.0, 200.0, 200.0, 200.0, 200.0, 200.0, 200.0, 200.0, 200.0, 200.0, 200.0, 200.0, 200.0, 200.0, 200.0, 200.0, 200.0, 200.0, 200.0, 200.0, 200.0, 200.0, 200.0, 200.0, 200.0, 200.0, 200.0, 200.0, 200.0, 200.0, 200.0]",1,9451.53,-31.9582,0.408684,0.106023,0.0,"[7.53971, 7.69275, 8.52605, 10.5467, 16.275, 71.5322, 62.3923, 53.5663, 45.3223, 37.9222, 31.5646, 26.3268, 22.1518, 18.8898, 14.3944, 10.6814, 8.79467, 7.84711, 7.49055]",-0.00305481,"[-27.2929, -26.8002, -50.4108, -58.578]",0.346038
0.0,-0.0630062,0.0,0.0,5.68,0.0,1952.65,-4.91199,93.983,-1,"[200.0, 200.0, 200.0, 200.0, 200.0, 200.0, 200.0, 200.0, 200.0, 200.0, 200.0, 200.0, 200.0, 200.0, 200.0, 200.0, 200.0, 200.0, 200.0, 200.0, 200.0, 200.0, 200.0, 200.0, 200.0, 200.0, 200.0, 200.0, 200.0, 200.0, 200.0, 200.0, 200.0, 200.0, 200.0, 200.0]",1,5447.36,-32.7299,0.437259,0.13666,0.0,"[7.54952, 7.70294, 8.53774, 10.5622, 16.305, 71.5145, 62.3718, 53.5433, 45.2973, 37.8961, 31.5384, 26.3015, 22.1281, 18.868, 14.3763, 10.6673, 8.78295, 7.83667, 7.48069]",-0.00436401,"[-27.1181, -25.81, -30.4784, -31.8626]",0.345461
0.0,-0.0646942,0.0,0.0,5.702,0.0,1952.45,-5.11182,93.9829,-1,"[200.0, 200.0, 200.0, 200.0, 200.0, 200.0, 200.0, 200.0, 200.0, 200.0, 200.0, 200.0, 200.0, 200.0, 200.0, 200.0, 200.0, 200.0, 200.0, 200.0, 200.0, 200.0, 200.0, 200.0, 200.0, 200.0, 200.0, 200.0, 200.0, 200.0, 200.0, 200.0, 200.0, 200.0, 200.0, 200.0]",1,4937.27,-32.6336,0.225739,0.230301,0.0,"[7.56125, 7.71106, 8.5419, 10.5585, 16.2631, 71.6825, 62.533, 53.6927, 45.43, 38.0081, 31.6278, 26.3692, 22.1773, 18.9025, 14.3917, 10.6693, 8.77909, 7.8294, 7.4706]",-0.00580241,"[-29.2623, -27.6069, -27.261, -27.5096]",0.346428
0.0,-0.0673388,0.0,0.0,5.724,0.0,1952.25,-5.3103,93.9828,-1,"[200.0, 200.0, 200.0, 200.0, 200.0, 200.0, 200.0, 200.0, 200.0, 200.0, 200.0, 200.0, 200.0, 200.0, 200.0, 200.0, 200.0, 200.0, 200.0, 200.0, 200.0, 200.0, 200.0, 200.0, 200.0, 200.0, 200.0, 200.0, 200.0, 200.0, 200.0, 200.0, 200.0, 200.0, 200.0, 200.0]",1,4887.21,-32.4821,0.134231,0.286609,0.0,"[7.57487, 7.71892, 8.54294, 10.5458, 16.1858, 71.9506, 62.7921, 53.9349, 45.6474, 38.1941, 31.7789, 26.4864, 22.2648, 18.9662, 14.4241, 10.6791, 8.77859, 7.82304, 7.45965]",-0.00741781,"[-26.9901, -27.9373, -27.195, -27.1774]",0.347061
0.0,-0.0701655,0.0,0.0,5.746,0.0,1952.05,-5.50757,93.9827,-1,"[200.0, 200.0, 200.0, 200.0, 200.0, 200.0, 200.0, 200.0, 200.0, 200.0, 200.0, 200.0, 200.0, 200.0, 200.0, 200.0, 200.0, 200.0, 200.0, 200.0, 200.0, 200.0, 200.0, 200.0, 200.0, 200.0, 200.0, 200.0, 200.0, 200.0, 200.0, 200.0, 200.0, 200.0, 200.0, 200.0]",1,4865.09,-32.321,0.10737,0.277958,0.0,"[7.58945, 7.7273, 8.54404, 10.5323, 16.1045, 72.2375, 63.0695, 54.1947, 45.8809, 38.3941, 31.9417, 26.6128, 22.3593, 19.0352, 14.4591, 10.6897, 8.77822, 7.81636, 7.44806]",-0.00913493,"[-26.7595, -25.7351, -27.1602, -26.8697]",0.346093
0.0,-0.0730241,0.0,0.0,5.768,0.0,1951.86,-5.70361,93.9827,-1,"[200.0, 200.0, 200.0, 200.0, 200.0, 200.0, 200.0, 200.0, 200.0, 200.0, 200.0, 200.0, 200.0, 200.0, 200.0, 200.0, 200.0, 200.0, 200.0, 200.0, 200.0, 200.0, 200.0, 200.0, 200.0, 200.0, 200.0, 200.0, 200.0, 200.0, 200.0, 200.0, 200.0, 200.0, 200.0, 200.0]",1,4853.59,-32.0922,0.103224,0.228562,0.0,"[7.60468, 7.73626, 8.54572, 10.5195, 16.0251, 72.5275, 63.3502, 54.4576, 46.1174, 38.5968, 32.1067, 26.7408, 22.4549, 19.1047, 14.4942, 10.7, 8.7774, 7.80921, 7.43597]",-0.0109273,"[-26.9721, -27.3905, -26.9762, -26.9099]",0.344741
0.0,-0.0758908,0.0,0.0,5.79,0.0,1951.66,-5.89844,93.9826,-1,"[200.0, 200.0, 200.0, 200.0, 200.0, 200.0, 200.0, 200.0, 200.0, 200.0, 200.0, 200.0, 200.0, 200.0, 200.0, 200.0, 200.0, 200.0, 200.0, 200.0, 200.0, 200.0, 200.0, 200.0, 200.0, 200.0, 200.0, 200.0, 200.0, 200.0, 200.0, 200.0, 200.0, 200.0, 200.0, 200.0]",1,4826.02,-31.9092,0.0968897,0.212942,0.0,"[7.62049, 7.74576, 8.54797, 10.5074, 15.9483, 72.8183, 63.6316, 54.7213, 46.3548, 38.8005, 32.2726, 26.8693, 22.5508, 19.1743, 14.529, 10.7099, 8.77614, 7.80163, 7.42343]",-0.0127848,"[-26.829, -27.3436, -26.9061, -26.7608]",0.345295
0.0,-0.0787047,0.0,0.0,5.812,0.0,1951.47,-6.09204,93.9825,-1,"[200.0, 200.0, 200.0, 200.0, 200.0, 200.0, 200.0, 200.0, 200.0, 200.0, 200.0, 200.0, 200.0, 200.0, 200.0, 200.0, 200.0, 200.0, 200.0, 200.0, 200.0, 200.0, 200.0, 200.0, 200.0, 200.0, 200.0, 200.0, 200.0, 200.0, 200.0, 200.0, 200.0, 200.0, 200.0, 200.0]",1,4792.1,-31.737,0.0865858,0.279936,0.0,"[7.63688, 7.75595, 8.55118, 10.4969, 15.8764, 73.1032, 63.9075, 54.9799, 46.5875, 39.0, 32.4349, 26.9949, 22.644, 19.2417, 14.5621, 10.7186, 8.77404, 7.79339, 7.4104]",-0.0147135,"[-26.6065, -26.6757, -26.7345, -26.5561]",0.347721
0.0,-0.0815228,0.0,0.0,5.834,0.0,1951.28,-6.28442,93.9824,-1,"[200.0, 200.0, 200.0, 200.0, 200.0, 200.0, 200.0, 200.0, 200.0, 200.0, 200.0, 200.0, 200.0, 200.0, 200.0, 200.0, 200.0, 200.0, 200.0, 200.0, 200.0, 200.0, 200.0, 200.0, 200.0, 200.0, 200.0, 200.0, 200.0, 200.0, 200.0, 200.0, 200.0, 200.0, 200.0, 200.0]",1,4764.21,-31.5549,0.0876646,0.286564,0.0,"[7.65382, 7.76667, 8.55494, 10.4872, 15.807, 73.3886, 64.1838, 55.2389, 46.8208, 39.2001, 32.5977, 27.1208, 22.7374, 19.3089, 14.5948, 10.7268, 8.77145, 7.7847, 7.39693]",-0.0167053,"[-26.4892, -26.4661, -26.4048, -26.5407]",0.348561
0.0,-0.0842856,0.0,0.0,5.856,0.0,1951.08,-6.47571,93.9823,-1,"[200.0, 200.0, 200.0, 200.0, 200.0, 200.0, 200.0, 200.0, 200.0, 200.0, 200.0, 200.0, 200.0, 200.0, 200.0, 200.0, 200.0, 200.0, 200.0, 200.0, 200.0, 200.0, 200.0, 200.0, 200.0, 200.0, 200.0, 200.0, 200.0, 200.0, 200.0, 200.0, 200.0, 200.0, 200.0, 200.0]",1,4736.16,-31.3712,0.0853162,0.314907,0.0,"[7.67125, 7.778, 8.55956, 10.4789, 15.7421, 73.6678, 64.4543, 55.4926, 47.0491, 39.396, 32.7569, 27.2436, 22.8282, 19.3739, 14.6259, 10.734, 8.76812, 7.77545, 7.38304]",-0.0187571,"[-26.5202, -26.3836, -26.2165, -26.4192]",0.346385
0.0,-0.0869926,0.0,0.0,5.878,0.0,1950.89,-6.66577,93.9822,-1,"[200.0, 200.0, 200.0, 200.0, 200.0, 200.0, 200.0, 200.0, 200.0, 200.0, 200.0, 200.0, 200.0, 200.0, 200.0, 200.0, 200.0, 200.0, 200.0, 200.0, 200.0, 200.0, 200.0, 200.0, 200.0, 200.0, 200.0, 200.0, 200.0, 200.0, 200.0, 200.0, 200.0, 200.0, 200.0, 200.0]",1,4702.81,-31.2066,0.0836698,0.344295,0.0,"[7.68916, 7.78992, 8.56498, 10.4721, 15.6816, 73.9411, 64.7189, 55.7408, 47.2726, 39.5876, 32.9124, 27.3634, 22.9165, 19.4368, 14.6554, 10.74, 8.76402, 7.76564, 7.3687]",-0.0208689,"[-26.0269, -25.9246, -26.1654, -26.1008]",0.343924
0.0,-0.08969,0.0,0.0,5.9,0.0,1950.71,-6.85474,93.9821,-1,"[200.0, 200.0, 200.0, 200.0, 200.0, 200.0, 200.0, 200.0, 200.0, 200.0, 200.0, 200.0, 200.0, 200.0, 200.0, 200.0, 200.0, 200.0, 200.0, 200.0, 200.0, 200.0, 200.0, 200.0, 200.0, 200.0, 200.0, 200.0, 200.0, 200.0, 200.0, 200.0, 200.0, 200.0, 200.0, 200.0]",1,4688.95,-31.0064,0.0862498,0.333511,0.0,"[7.70757, 7.80233, 8.57101, 10.466, 15.6236, 74.2133, 64.9826, 55.9881, 47.4954, 39.7786, 33.0675, 27.4827, 23.0041, 19.499, 14.6843, 10.7455, 8.75941, 7.75537, 7.35399]",-0.0230367,"[-26.0148, -26.4701, -26.1199, -25.9555]",0.344757
0.0,-0.0923961,0.0,0.0,5.922,0.0,1950.52,-7.04248,93.9821,-1,"[200.0, 200.0, 200.0, 200.0, 200.0, 200.0, 200.0, 200.0, 200.0, 200.0, 200.0, 200.0, 200.0, 200.0, 200.0, 200.0, 200.0, 200.0, 200.0, 200.0, 200.0, 200.0, 200.0, 200.0, 200.0, 200.0, 200.0, 200.0, 200.0, 200.0, 200.0, 200.0, 200.0, 200.0, 200.0, 200.0]",1,4657.7,-30.8327,0.0884174,0.284084,0.0,"[7.72644, 7.81517, 8.57745, 10.4606, 15.5673, 74.4865, 65.2473, 56.2365, 47.7193, 39.9708, 33.2235, 27.6027, 23.0922, 19.5614, 14.7129, 10.7507, 8.75445, 7.74478, 7.33894]",-0.0252553,"[-26.0094, -26.5772, -25.8506, -25.9087]",0.348209
0.0,-0.0951102,0.0,0.0,5.944,0.0,1950.33,-7.22913,93.982,-1,"[200.0, 200.0, 200.0, 200.0, 200.0, 200.0, 200.0, 200.0, 200.0, 200.0, 200.0, 200.0, 200.0, 200.0, 200.0, 200.0, 200.0, 200.0, 200.0, 200.0, 200.0, 200.0, 200.0, 200.0, 200.0, 200.0, 200.0, 200.0, 200.0, 200.0, 200.0, 200.0, 200.0, 200.0, 200.0, 200.0]",1,4627.17,-30.6729,0.087736,0.265748,0.0,"[7.74581, 7.82848, 8.58438, 10.4557, 15.5127, 74.7602, 65.5127, 56.4858, 47.9442, 40.1639, 33.3803, 27.7233, 23.1807, 19.6238, 14.7413, 10.7554, 8.74909, 7.73379, 7.3235]",-0.0275299,"[-25.5871, -25.8844, -25.678, -25.8173]",0.349977
0.0,-0.0978053,0.0,0.0,5.966,0.0,1950.15,-7.41455,93.9819,-1,"[200.0, 200.0, 200.0, 200.0, 200.0, 200.0, 200.0, 200.0, 200.0, 200.0, 200.0, 200.0, 200.0, 200.0, 200.0, 200.0, 200.0, 200.0, 200.0, 200.0, 200.0, 200.0, 200.0, 200.0, 200.0, 200.0, 200.0, 200.0, 200.0, 200.0, 200.0, 200.0, 200.0, 200.0, 200.0, 200.0]",1,4613.16,-30.4942,0.0838705,0.313908,0.0,"[7.76566, 7.84228, 8.59193, 10.4518, 15.4607, 75.0319, 65.7763, 56.7334, 48.1676, 40.3557, 33.536, 27.8428, 23.2681, 19.6854, 14.7688, 10.7595, 8.74319, 7.72235, 7.30769]",-0.0298594,"[-25.7799, -25.4308, -25.6934, -25.5453]",0.347679
0.0,-0.100436,0.0,0.0,5.988,0.0,1949.96,-7.59888,93.9818,-1,"[200.0, 200.0, 200.0, 200.0, 200.0, 200.0, 200.0, 200.0, 200.0, 200.0, 200.0, 200.0, 200.0, 200.0, 200.0, 200.0, 200.0, 200.0, 200.0, 200.0, 200.0, 200.0, 200.0, 200.0, 200.0, 200.0, 200.0, 200.0, 200.0, 200.0, 200.0, 200.0, 200.0, 200.0, 200.0, 200.0]",1,4570.36,-30.309,0.0809828,0.391733,0.0,"[7.78595, 7.85665, 8.60026, 10.4492, 15.4129, 75.2968, 66.0331, 56.9746, 48.3851, 40.5424, 33.6875, 27.9587, 23.3525, 19.7443, 14.7946, 10.7624, 8.73647, 7.71034, 7.29146]",-0.0322449,"[-25.7802, -26.4434, -25.4524, -25.4224]",0.344082
1.0,-0.103201,0.0,0.0,6.01,0.0,1949.78,-7.78418,93.9811,-1,"[200.0, 200.0, 200.0, 200.0, 200.0, 200.0, 200.0, 200.0, 200.0, 200.0, 200.0, 200.0, 200.0, 200.0, 200.0, 200.0, 200.0, 200.0, 200.0, 200.0, 200.0, 200.0, 200.0, 200.0, 200.0, 200.0, 200.0, 200.0, 200.0, 200.0, 200.0, 200.0, 200.0, 200.0, 200.0, 200.0]",1,8080.15,-30.9151,0.100143,0.40839,0.0,"[7.80699, 7.87143, 8.60867, 10.4462, 15.3626, 75.5758, 66.304, 57.2294, 48.6155, 40.7405, 33.8485, 28.0824, 23.4428, 19.8076, 14.8225, 10.766, 8.72988, 7.69813, 7.2748]",-0.0347036,"[-25.2761, -24.3295, -48.4421, -39.5462]",0.343637
1.0,-0.105662,0.0,0.0,6.032,0.0,1949.59,-7.97327,93.9803,-1,"[200.0, 200.0, 200.0, 200.0, 200.0, 200.0, 200.0, 200.0, 200.0, 200.0, 200.0, 200.0, 200.0, 200.0, 200.0, 200.0, 200.0, 200.0, 200.0, 200.0, 200.0, 200.0, 200.0, 200.0, 200.0, 200.0, 200.0, 200.0, 200.0, 200.0, 200.0, 200.0, 200.0, 200.0, 200.0, 200.0]",1,9363.34,-31.4952,0.133073,0.340043,0.0,"[7.8286, 7.88747, 8.61933, 10.4475, 15.3252, 75.8219, 66.5423, 57.4528, 48.8164, 40.9122, 33.9869, 28.1873, 23.5178, 19.8588, 14.8427, 10.7654, 8.72075, 7.68433, 7.25721]",-0.037265,"[-27.5651, -26.2157, -55.6438, -52.1956]",0.346916
1.0,-0.10693,0.0,0.0,6.054,0.0,1949.39,-8.16614,93.9798,-1,"[200.0, 200.0, 200.0, 200.0, 200.0, 200.0, 200.0, 200.0, 200.0, 200.0, 200.0, 200.0, 200.0, 200.0, 200.0, 200.0, 200.0, 200.0, 200.0, 200.0, 200.0, 200.0, 200.0, 200.0, 200.0, 200.0, 200.0, 200.0, 200.0, 200.0, 200.0, 200.0, 200.0, 200.0, 200.0, 200.0]",1,10192.1,-32.1576,0.215601,0.268005,0.0,"[7.84956, 7.90562, 8.63574, 10.4618, 15.329, 75.9409, 66.6543, 57.5543, 48.9035, 40.9819, 34.0378, 28.2203, 23.5359, 19.8655, 14.836, 10.7514, 8.70457, 7.66693, 7.23838]",-0.0398814,"[-27.2714, -27.4507, -51.0804, -58.387]",0.349616
1.0,-0.107769,0.0,0.0,6.076,0.0,1949.2,-8.36365,93.9793,-1,"[200.0, 200.0, 200.0, 200.0, 200.0, 200.0, 200.0, 200.0, 200.0, 200.0, 200.0, 200.0, 200.0, 200.0, 200.0, 200.0, 200.0, 200.0, 200.0, 200.0, 200.0, 200.0, 200.0, 200.0, 200.0, 200.0, 200.0, 200.0, 200.0, 200.0, 200.0, 200.0, 200.0, 200.0, 200.0, 200.0]",1,8979.83,-33.0314,0.298202,0.306306,0.0,"[7.87027, 7.92451, 8.6542, 10.4808, 15.3474, 76.0141, 66.7211, 57.6119, 48.9496, 41.0149, 34.0571, 28.2274, 23.5333, 19.856, 14.8197, 10.7327, 8.68584, 7.64826, 7.21912]",-0.0425161,"[-26.8911, -26.5206, -49.1991, -55.003]",0.347983
1.0,-0.109233,0.0,0.0,6.098,0.0,1948.99,-8.56592,93.9788,-1,"[200.0, 200.0, 200.0, 200.0, 200.0, 200.0, 200.0, 200.0, 200.0, 200.0, 200.0, 200.0, 200.0, 200.0, 200.0, 200.0, 200.0, 200.0, 200.0, 200.0, 200.0, 200.0, 200.0, 200.0, 200.0, 200.0, 200.0, 200.0, 200.0, 200.0, 200.0, 200.0, 200.0, 200.0, 200.0, 200.0]",1,9940.42,-33.6705,0.319428,0.389246,0.0,"[7.89203, 7.94299, 8.67037, 10.4939, 15.346, 76.1539, 66.8537, 57.7331, 49.055, 41.1008, 34.1217, 28.2713, 23.5596, 19.8688, 14.8163, 10.72, 8.67004, 7.63078, 7.19986]",-0.0452098,"[-29.0881, -29.0728, -50.0823, -55.0865]",0.344198
1.0,-0.110745,0.0,0.0,6.12,0.0,1948.79,-8.77112,93.9784,-1,"[200.0, 200.0, 200.0, 200.0, 200.0, 200.0, 200.0, 200.0, 200.0, 200.0, 200.0, 200.0, 200.0, 200.0, 200.0, 200.0, 200.0, 200.0, 200.0, 200.0, 200.0, 200.0, 200.0, 200.0, 200.0, 200.0, 200.0, 200.0, 200.0, 200.0, 200.0, 200.0, 200.0, 200.0, 200.0, 200.0]",1,9252.26,-34.2127,0.328827,0.462246,0.0,"[7.91442, 7.96197, 8.68694, 10.5072, 15.3443, 76.2984, 66.9909, 57.8586, 49.1643, 41.1901, 34.1888, 28.3172, 23.5872, 19.8824, 14.813, 10.707, 8.65382, 7.61284, 7.1801]",-0.0479767,"[-28.9871, -29.813, -52.3418, -55.1368]",0.343144
1.0,-0.112837,0.0,0.0,6.142,0.0,1948.58,-8.98047,93.9779,-1,"[200.0, 200.0, 200.0, 200.0, 200.0, 200.0, 200.0, 200.0, 200.0, 200.0, 200.0, 200.0, 200.0, 200.0, 200.0, 200.0, 200.0, 200.0, 200.0, 200.0, 200.0, 200.0, 200.0, 200.0, 200.0, 200.0, 200.0, 200.0, 200.0, 200.0, 200.0, 200.0, 200.0, 200.0, 200.0, 200.0]",1,10082.4,-34.9569,0.307833,0.537359,0.0,"[7.93836, 7.9811, 8.702, 10.5158, 15.3258, 76.5042, 67.189, 58.0429, 49.3284, 41.3281, 34.2976, 28.3966, 23.641, 19.916, 14.8211, 10.699, 8.63973, 7.59547, 7.15985]",-0.0508657,"[-27.7352, -28.3074, -52.8555, -54.933]",0.346429
1.0,-0.115134,0.0,0.0,6.164,0.0,1948.37,-9.19324,93.9775,-1,"[200.0, 200.0, 200.0, 200.0, 200.0, 200.0, 200.0, 200.0, 200.0, 200.0, 200.0, 200.0, 200.0, 200.0, 200.0, 200.0, 200.0, 200.0, 200.0, 200.0, 200.0, 200.0, 200.0, 200.0, 200.0, 200.0, 200.0, 200.0, 200.0, 200.0, 200.0, 200.0, 200.0, 200.0, 200.0, 200.0]",1,9563.14,-35.4151,0.29131,0.405765,0.0,"[7.96359, 8.00102, 8.71731, 10.5237, 15.3032, 76.7315, 67.4082, 58.2473, 49.511, 41.4827, 34.42, 28.4869, 23.703, 19.9554, 14.832, 10.6917, 8.62556, 7.57758, 7.13874]",-0.053891,"[-30.5806, -29.1772, -52.1344, -57.5249]",0.348516
1.0,-0.116393,0.0,0.0,6.186,0.0,1948.15,-9.40894,93.977,-1,"[200.0, 200.0, 200.0, 200.0, 200.0, 200.0, 200.0, 200.0, 200.0, 200.0, 200.0, 200.0, 200.0, 200.0, 200.0, 200.0, 200.0, 200.0, 200.0, 200.0, 200.0, 200.0, 200.0, 200.0, 200.0, 200.0, 200.0, 200.0, 200.0, 200.0, 200.0, 200.0, 200.0, 200.0, 200.0, 200.0]",1,10154.4,-35.9851,0.321786,0.30837,0.0,"[7.98853, 8.02306, 8.73795, 10.5432, 15.3161, 76.8476, 67.5166, 58.3443, 49.5929, 41.5462, 34.4641, 28.5126, 23.7134, 19.9544, 14.8185, 10.6723, 8.60477, 7.55615, 7.11616]",-0.0570119,"[-30.998, -30.7397, -50.6268, -58.3048]",0.34652
1.0,-0.1173,0.0,0.0,6.208,0.0,1947.93,-9.62903,93.9766,-1,"[200.0, 200.0, 200.0, 200.0, 200.0, 200.0, 200.0, 200.0, 200.0, 200.0, 200.0, 200.0, 200.0, 200.0, 200.0, 200.0, 200.0, 200.0, 200.0, 200.0, 200.0, 200.0, 200.0, 200.0, 200.0, 200.0, 200.0, 200.0, 200.0, 200.0, 200.0, 200.0, 200.0, 200.0, 200.0, 200.0]",1,8971.16,-36.8582,0.363481,0.408377,0.0,"[8.01357, 8.04607, 8.76063, 10.5671, 15.3415, 76.9256, 67.587, 58.4043, 49.6399, 41.5783, 34.4808, 28.5156, 23.7055, 19.9392, 14.7961, 10.6482, 8.58143, 7.53325, 7.09282]",-0.0601959,"[-30.942, -29.3805, -49.2463, -54.8744]",0.344311
0.0,-0.118944,0.0,0.0,6.23,0.0,1947.71,-9.85388,93.9764,-1,"[200.0, 200.0, 200.0, 200.0, 200.0, 200.0, 200.0, 200.0, 200.0, 200.0, 200.0, 200.0, 200.0, 200.0, 200.0, 200.0, 200.0, 200.0, 200.0, 200.0, 200.0, 200.0, 200.0, 200.0, 200.0, 200.0, 200.0, 200.0, 200.0, 200.0, 200.0, 200.0, 200.0, 200.0, 200.0, 200.0]",1,5514.22,-37.4653,0.306358,0.584968,0.0,"[8.04025, 8.06891, 8.78099, 10.5844, 15.3448, 77.0822, 67.7354, 58.5398, 49.7573, 41.6735, 34.5515, 28.5624, 23.732, 19.9502, 14.7889, 10.631, 8.5612, 7.51147, 7.06924]",-0.0634878,"[-32.2247, -30.9793, -30.8301, -30.4383]",0.344959
0.0,-0.121539,0.0,0.0,6.252,0.0,1947.48,-10.079,93.9763,-1,"[200.0, 200.0, 200.0, 200.0, 200.0, 200.0, 200.0, 200.0, 200.0, 200.0, 200.0, 200.0, 200.0, 200.0, 200.0, 200.0, 200.0, 200.0, 200.0, 200.0, 200.0, 200.0, 200.0, 200.0, 200.0, 200.0, 200.0, 200.0, 200.0, 200.0, 200.0, 200.0, 200.0, 200.0, 200.0, 200.0]",1,5579.53,-37.185,0.18899,0.638071,0.0,"[8.06927, 8.09179, 8.7986, 10.5937, 15.3206, 77.3397, 67.9843, 58.7724, 49.9657, 41.8502, 34.6918, 28.6659, 23.8029, 19.995, 14.8009, 10.6223, 8.54478, 7.49094, 7.04517]",-0.0669454,"[-32.2379, -32.1103, -30.9826, -31.0392]",0.346078
0.0,-0.124598,0.0,0.0,6.274,0.0,1947.26,-10.3022,93.9762,-1,"[200.0, 200.0, 200.0, 200.0, 200.0, 200.0, 200.0, 200.0, 200.0, 200.0, 200.0, 200.0, 200.0, 200.0, 200.0, 200.0, 200.0, 200.0, 200.0, 200.0, 200.0, 200.0, 200.0, 200.0, 200.0, 200.0, 200.0, 200.0, 200.0, 200.0, 200.0, 200.0, 200.0, 200.0, 200.0, 200.0]",1,5551.04,-36.9758,0.144606,0.572591,0.0,"[8.09982, 8.11504, 8.81525, 10.5995, 15.2842, 77.6466, 68.2822, 59.0528, 50.2189, 42.0673, 34.8666, 28.7975, 23.8956, 20.0563, 14.822, 10.6175, 8.52988, 7.47073, 7.02059]",-0.0705231,"[-31.0911, -30.971, -30.9275, -30.7738]",0.346182
0.0,-0.127835,0.0,0.0,6.296,0.0,1947.04,-10.524,93.9762,-1,"[200.0, 200.0, 200.0, 200.0, 200.0, 200.0, 200.0, 200.0, 200.0, 200.0, 200.0, 200.0, 200.0, 200.0, 200.0, 200.0, 200.0, 200.0, 200.0, 200.0, 200.0, 200.0, 200.0, 200.0, 200.0, 200.0, 200.0, 200.0, 200.0, 200.0, 200.0, 200.0, 200.0, 200.0, 200.0, 200.0]",1,5525.79,-36.7387,0.131528,0.491914,0.0,"[8.13138, 8.13881, 8.83192, 10.6046, 15.2445, 77.9726, 68.5994, 59.3518, 50.4898, 42.3004, 35.0552, 28.9402, 23.9968, 20.1239, 14.8464, 10.6137, 8.51521, 7.4503, 6.99552]",-0.0741913,"[-30.8867, -30.3337, -30.5725, -30.8358]",0.345276
0.0,-0.131047,0.0,0.0,6.318,0.0,1946.82,-10.7441,93.9761,-1,"[200.0, 200.0, 200.0, 200.0, 200.0, 200.0, 200.0, 200.0, 200.0, 200.0, 200.0, 200.0, 200.0, 200.0, 200.0, 200.0, 200.0, 200.0, 200.0, 200.0, 200.0, 200.0, 200.0, 200.0, 200.0, 200.0, 200.0, 200.0, 200.0, 200.0, 200.0, 200.0, 200.0, 200.0, 200.0, 200.0]",1,5495.83,-36.4934,0.115991,0.502036,0.0,"[8.16365, 8.16329, 8.84941, 10.6108, 15.2077, 78.2958, 68.914, 59.6486, 50.7586, 42.5317, 35.2423, 29.0815, 24.0966, 20.1901, 14.8693, 10.6089, 8.49969, 7.42918, 6.96985]",-0.0779409,"[-30.6663, -30.5954, -30.5899, -30.4786]",0.346309
0.0,-0.134198,0.0,0.0,6.34,0.0,1946.6,-10.9626,93.976,-1,"[200.0, 200.0, 200.0, 200.0, 200.0, 200.0, 200.0, 200.0, 200.0, 200.0, 200.0, 200.0, 200.0, 200.0, 200.0, 200.0, 200.0, 200.0, 200.0, 200.0, 200.0, 200.0, 200.0, 200.0, 200.0, 200.0, 200.0, 200.0, 200.0, 200.0, 200.0, 200.0, 200.0, 200.0, 200.0, 200.0]",1,5466.71,-36.2541,0.102178,0.614529,0.0,"[8.19659, 8.18854, 8.86787, 10.6185, 15.1749, 78.6125, 69.2222, 59.9393, 51.0219, 42.7581, 35.425, 29.2191, 24.1932, 20.2535, 14.8901, 10.6025, 8.48309, 7.40728, 6.94358]",-0.0817708,"[-30.4687, -30.5231, -30.5034, -30.2418]",0.348169
0.0,-0.137325,0.0,0.0,6.362,0.0,1946.38,-11.1794,93.9759,-1,"[200.0, 200.0, 200.0, 200.0, 200.0, 200.0, 200.0, 200.0, 200.0, 200.0, 200.0, 200.0, 200.0, 200.0, 200.0, 200.0, 200.0, 200.0, 200.0, 200.0, 200.0, 200.0, 200.0, 200.0, 200.0, 200.0, 200.0, 200.0, 200.0, 200.0, 200.0, 200.0, 200.0, 200.0, 200.0, 200.0]",1,5429.56,-36.019,0.101048,0.694584,0.0,"[8.2302, 8.21444, 8.8871, 10.6273, 15.1447, 30.4885, 69.5278, 60.2276, 51.2831, 42.9827, 35.6063, 29.3553, 24.2884, 20.3154, 14.9097, 10.5952, 8.46569, 7.38472, 6.91676]",-0.085675,"[-30.2884, -30.4503, -30.0969, -30.2531]",0.347048
0.0,-0.14047,0.0,0.0,6.384,0.0,1946.17,-11.3948,93.9758,-1,"[200.0, 200.0, 200.0, 200.0, 200.0, 200.0, 200.0, 200.0, 200.0, 200.0, 200.0, 200.0, 200.0, 200.0, 200.0, 200.0, 200.0, 200.0, 200.0, 200.0, 200.0, 200.0, 200.0, 200.0, 200.0, 200.0, 200.0, 200.0, 200.0, 200.0, 200.0, 200.0, 200.0, 200.0, 200.0, 200.0]",1,5386.52,-35.7932,0.103279,0.737704,0.0,"[8.2644, 8.24083, 8.90677, 10.6366, 15.1155, 29.2155, 69.8358, 60.5184, 51.5468, 43.2098, 35.7896, 29.4932, 24.3847, 20.378, 14.9292, 10.5874, 8.44789, 7.36175, 6.88956]",-0.0896393,"[-30.0605, -30.1726, -29.7525, -30.1096]",0.344303
0.0,-0.143524,0.0,0.0,6.406,0.0,1945.95,-11.6085,93.9757,-1,"[200.0, 200.0, 200.0, 200.0, 200.0, 200.0, 200.0, 200.0, 200.0, 200.0, 200.0, 200.0, 200.0, 200.0, 200.0, 200.0, 200.0, 200.0, 200.0, 200.0, 200.0, 200.0, 200.0, 200.0, 200.0, 200.0, 200.0, 200.0, 200.0, 200.0, 200.0, 200.0, 200.0, 200.0, 200.0, 200.0]",1,5335.37,-35.5774,0.108909,0.635583,0.0,"[8.2991, 8.26788, 8.92739, 10.6475, 15.0906, 28.3874, 70.134, 60.7998, 51.8019, 43.4291, 35.9664, 29.6254, 24.4763, 20.4367, 14.9459, 10.578, 8.42898, 7.33804, 6.86184]",-0.0936666,"[-29.8996, -29.4622, -29.6474, -29.649]",0.345633
0.0,-0.146964,1.0,0.0,6.428,0.0,1945.74,-11.818,93.9757,-1,"[200.0, 200.0, 200.0, 200.0, 200.0, 200.0, 200.0, 200.0, 200.0, 200.0, 200.0, 200.0, 200.0, 200.0, 200.0, 200.0, 200.0, 200.0, 200.0, 200.0, 200.0, 200.0, 200.0, 200.0, 200.0, 200.0, 200.0, 200.0, 200.0, 200.0, 200.0, 200.0, 200.0, 200.0, 200.0, 200.0]",1,4027.53,-34.3109,0.184422,0.457556,0.0,"[8.33432, 8.29441, 8.94627, 10.6545, 15.0547, 27.6177, 70.475, 61.1235, 52.0975, 43.6858, 36.176, 29.7851, 24.5899, 20.5122, 14.9724, 10.5733, 8.41249, 7.3156, 6.83466]",-0.0976746,"[0.0, 0.0, -23.5815, -21.3373]",0.349351
0.0,-0.152149,1.0,0.0,6.45,0.0,1945.54,-12.0181,93.9756,-1,"[200.0, 200.0, 200.0, 200.0, 200.0, 200.0, 200.0, 200.0, 200.0, 200.0, 200.0, 200.0, 200.0, 200.0, 200.0, 200.0, 200.0, 200.0, 200.0, 200.0, 200.0, 200.0, 200.0, 200.0, 200.0, 200.0, 200.0, 200.0, 200.0, 200.0, 200.0, 200.0, 200.0, 200.0, 200.0, 200.0]",1,4337.48,-32.6307,0.374742,0.455308,0.0,"[8.37083, 8.31784, 8.95667, 10.6429, 14.9673, 26.5695, 71.0066, 61.6351, 52.5728, 44.1079, 36.5311, 30.0666, 24.8011, 20.664, 15.0443, 10.5906, 8.40785, 7.29965, 6.81055]",-0.1015,"[0.0, 0.0, -24.7221, -23.1739]",0.349639
0.0,-0.157251,1.0,0.0,6.472,0.0,1945.35,-12.2075,93.9756,-1,"[200.0, 200.0, 200.0, 200.0, 200.0, 200.0, 200.0, 200.0, 200.0, 200.0, 200.0, 200.0, 200.0, 200.0, 200.0, 200.0, 200.0, 200.0, 200.0, 200.0, 200.0, 200.0, 200.0, 200.0, 200.0, 200.0, 200.0, 200.0, 200.0, 200.0, 200.0, 200.0, 200.0, 200.0, 200.0, 200.0]",1,4443.35,-30.8741,0.557406,0.618379,0.0,"[8.40566, 8.33968, 8.96558, 10.6301, 14.8809, 25.7328, 71.5324, 62.1425, 53.0458, 44.5299, 36.8878, 30.3511, 25.0159, 20.8193, 15.119, 10.6102, 8.40518, 7.28559, 6.78839]",-0.105078,"[0.0, 0.0, -24.4753, -25.0471]",0.346416
0.0,-0.161237,1.0,0.0,6.494,0.0,1945.17,-12.387,93.9755,-1,"[200.0, 200.0, 200.0, 200.0, 200.0, 200.0, 200.0, 200.0, 200.0, 200.0, 200.0, 200.0, 200.0, 200.0, 200.0, 200.0, 200.0, 200.0, 200.0, 200.0, 200.0, 200.0, 200.0, 200.0, 200.0, 200.0, 200.0, 200.0, 200.0, 200.0, 200.0, 200.0, 200.0, 200.0, 200.0, 200.0]",1,4126.75,-29.2641,0.559539,0.732958,0.0,"[8.43785, 8.36161, 8.97779, 10.6266, 14.8247, 25.2013, 71.9393, 62.5342, 53.4099, 44.8533, 37.1595, 30.5657, 25.1756, 20.9324, 15.1696, 10.6189, 8.3975, 7.26964, 6.76643]",-0.108497,"[0.0, 0.0, -22.5496, -23.477]",0.344478
0.0,-0.164725,1.0,0.0,6.516,0.0,1945.0,-12.5573,93.9755,-1,"[200.0, 200.0, 200.0, 200.0, 200.0, 200.0, 200.0, 200.0, 200.0, 200.0, 200.0, 200.0, 200.0, 200.0, 200.0, 200.0, 200.0, 200.0, 200.0, 200.0, 200.0, 200.0, 200.0, 200.0, 200.0, 200.0, 200.0, 200.0, 200.0, 200.0, 200.0, 200.0, 200.0, 200.0, 200.0, 200.0]",1,3797.66,-27.8372,0.545876,0.656863,0.0,"[8.4687, 8.38338, 8.99126, 10.627, 14.7816, 24.7971, 72.2937, 62.8749, 53.7259, 45.1335, 37.3942, 30.75, 25.3114, 21.0272, 15.2097, 10.623, 8.3878, 7.25307, 6.74477]",-0.111818,"[0.0, 0.0, -21.1098, -21.2443]",0.346061
0.0,-0.168787,1.0,0.0,6.538,0.0,1944.84,-12.7192,93.9755,-1,"[200.0, 200.0, 200.0, 200.0, 200.0, 200.0, 200.0, 200.0, 200.0, 200.0, 200.0, 200.0, 200.0, 200.0, 200.0, 200.0, 200.0, 200.0, 200.0, 200.0, 200.0, 200.0, 200.0, 200.0, 200.0, 200.0, 200.0, 200.0, 200.0, 200.0, 200.0, 200.0, 200.0, 200.0, 200.0, 200.0]",1,3551.82,-26.5438,0.604064,0.483302,0.0,"[8.49977, 8.40388, 9.00165, 10.6211, 14.7224, 24.3406, 72.7118, 63.2792, 54.1038, 45.4715, 37.6806, 30.9783, 25.4832, 21.1502, 15.2667, 10.6354, 8.3827, 7.23919, 6.72466]",-0.115024,"[0.0, 0.0, -20.4376, -19.1137]",0.349062
0.0,-0.173868,1.0,0.0,6.56,0.0,1944.69,-12.8737,93.9755,-1,"[200.0, 200.0, 200.0, 200.0, 200.0, 200.0, 200.0, 200.0, 200.0, 200.0, 200.0, 200.0, 200.0, 200.0, 200.0, 200.0, 200.0, 200.0, 200.0, 200.0, 200.0, 200.0, 200.0, 200.0, 200.0, 200.0, 200.0, 200.0, 200.0, 200.0, 200.0, 200.0, 200.0, 200.0, 200.0, 200.0]",1,3507.98,-25.2455,0.737781,0.359247,0.0,"[8.53157, 8.42243, 9.00698, 10.6046, 14.6359, 23.7883, 73.2426, 63.7958, 54.5905, 45.9112, 38.058, 31.2843, 25.7179, 21.3227, 15.3531, 10.6621, 8.38538, 7.22977, 6.70693]",-0.118068,"[0.0, 0.0, -19.7825, -19.2013]",0.350528
0.0,-0.179054,1.0,0.0,6.582,0.0,1944.54,-13.0199,93.9755,-1,"[200.0, 200.0, 200.0, 200.0, 200.0, 200.0, 200.0, 200.0, 200.0, 200.0, 200.0, 200.0, 200.0, 200.0, 200.0, 200.0, 200.0, 200.0, 200.0, 200.0, 200.0, 200.0, 200.0, 200.0, 200.0, 200.0, 200.0, 200.0, 200.0, 200.0, 200.0, 200.0, 200.0, 200.0, 200.0, 200.0]",1,3407.87,-23.8288,0.830984,0.336319,0.0,"[8.56245, 8.43973, 9.01066, 10.5858, 14.5463, 23.2722, 73.7866, 64.3266, 55.0924, 46.367, 38.4513, 31.605, 25.9656, 21.506, 15.4465, 10.6927, 8.39063, 7.22229, 6.69085]",-0.120928,"[0.0, 0.0, -18.6903, -19.2692]",0.349741
0.0,-0.183851,1.0,0.0,6.604,0.0,1944.4,-13.1573,93.9755,-1,"[200.0, 200.0, 200.0, 200.0, 200.0, 200.0, 200.0, 200.0, 200.0, 200.0, 200.0, 200.0, 200.0, 200.0, 200.0, 200.0, 200.0, 200.0, 200.0, 200.0, 200.0, 200.0, 200.0, 200.0, 200.0, 200.0, 200.0, 200.0, 200.0, 200.0, 200.0, 200.0, 200.0, 200.0, 200.0, 200.0]",1,3183.05,-22.3122,0.831432,0.379118,0.0,"[8.59183, 8.45644, 9.01481, 10.5695, 14.4666, 22.8387, 74.2901, 64.8187, 55.5584, 46.7908, 38.818, 31.9046, 26.1973, 21.6774, 15.5335, 10.7208, 8.39509, 7.21497, 6.6756]",-0.123639,"[0.0, 0.0, -17.3721, -18.1148]",0.348066
0.0,-0.188295,1.0,0.0,6.626,0.0,1944.27,-13.2854,93.9755,-1,"[200.0, 200.0, 200.0, 200.0, 200.0, 200.0, 200.0, 200.0, 200.0, 200.0, 200.0, 200.0, 200.0, 200.0, 200.0, 200.0, 200.0, 200.0, 200.0, 200.0, 200.0, 200.0, 200.0, 200.0, 200.0, 200.0, 200.0, 200.0, 200.0, 200.0, 200.0, 200.0, 200.0, 200.0, 200.0, 200.0]",1,2945.44,-20.7495,0.795599,0.416742,0.0,"[8.61984, 8.47263, 9.01943, 10.5554, 14.3955, 22.4695, 74.7566, 65.2751, 55.9913, 47.1852, 39.1597, 32.1844, 26.4138, 21.8375, 15.6144, 10.7465, 8.39875, 7.20774, 6.66105]",-0.126221,"[0.0, 0.0, -16.1446, -16.7033]",0.347024
0.0,-0.192643,1.0,0.0,6.648,0.0,1944.16,-13.4042,93.9755,-1,"[200.0, 200.0, 200.0, 200.0, 200.0, 200.0, 200.0, 200.0, 200.0, 200.0, 200.0, 200.0, 200.0, 200.0, 200.0, 200.0, 200.0, 200.0, 200.0, 200.0, 200.0, 200.0, 200.0, 200.0, 200.0, 200.0, 200.0, 200.0, 200.0, 200.0, 200.0, 200.0, 200.0, 200.0, 200.0, 200.0]",1,2711.72,-19.2015,0.774093,0.418316,0.0,"[8.64685, 8.48802, 9.02346, 10.5413, 14.3264, 22.1295, 75.214, 65.7235, 56.4175, 47.5747, 39.4985, 32.4628, 26.6301, 21.9979, 15.696, 10.773, 8.40329, 7.20144, 6.64754]",-0.128663,"[0.0, 0.0, -15.0182, -15.2266]",0.347054
0.0,-0.197065,1.0,0.0,6.67,0.0,1944.05,-13.5137,93.9755,-1,"[200.0, 200.0, 200.0, 200.0, 200.0, 200.0, 200.0, 200.0, 200.0, 200.0, 200.0, 200.0, 200.0, 200.0, 200.0, 200.0, 200.0, 200.0, 200.0, 200.0, 200.0, 200.0, 200.0, 200.0, 200.0, 200.0, 200.0, 200.0, 200.0, 200.0, 200.0, 200.0, 200.0, 200.0, 200.0, 200.0]",1,2500.78,-17.6922,0.77771,0.39744,0.0,"[8.67298, 8.50228, 9.02608, 10.5252, 14.2547, 21.7991, 75.6808, 66.1822, 56.8549, 47.976, 39.8492, 32.7525, 26.8565, 22.167, 15.7833, 10.8027, 8.41003, 7.19684, 6.63548]",-0.130941,"[0.0, 0.0, -13.8569, -14.0285]",0.347704
0.0,-0.201551,1.0,0.0,6.692,0.0,1943.95,-13.6144,93.9755,-1,"[200.0, 200.0, 200.0, 200.0, 200.0, 200.0, 200.0, 200.0, 200.0, 200.0, 200.0, 200.0, 200.0, 200.0, 200.0, 200.0, 200.0, 200.0, 200.0, 200.0, 200.0, 200.0, 200.0, 200.0, 200.0, 200.0, 200.0, 200.0, 200.0, 200.0, 200.0, 200.0, 200.0, 200.0, 200.0, 200.0]",1,2309.73,-16.2184,0.791161,0.375284,0.0,"[8.6981, 8.51532, 9.02719, 10.5072, 14.1806, 21.4776, 76.1562, 66.6505, 57.3028, 48.3885, 40.2115, 33.0536, 27.0932, 22.3449, 15.8765, 10.8359, 8.41908, 7.19406, 6.625]",-0.133035,"[0.0, 0.0, -12.6711, -13.0895]",0.348395
0.0,-0.206028,1.0,0.0,6.714,0.0,1943.85,-13.7064,93.9755,-1,"[200.0, 200.0, 200.0, 200.0, 200.0, 200.0, 200.0, 200.0, 200.0, 200.0, 200.0, 200.0, 200.0, 200.0, 200.0, 200.0, 200.0, 200.0, 200.0, 200.0, 200.0, 200.0, 200.0, 200.0, 200.0, 200.0, 200.0, 200.0, 200.0, 200.0, 200.0, 200.0, 200.0, 200.0, 200.0, 200.0]",1,2110.18,-14.777,0.800518,0.353529,0.0,"[8.72199, 8.52713, 9.02703, 10.4879, 14.1056, 21.1698, 76.6321, 67.1204, 57.7536, 48.8051, 40.5789, 33.3604, 27.3358, 22.5282, 15.9738, 10.8717, 8.43008, 7.19292, 6.61604]",-0.134942,"[0.0, 0.0, -11.471, -12.0784]",0.348827
0.0,-0.210374,1.0,0.0,6.736,0.0,1943.77,-13.7899,93.9755,-1,"[200.0, 200.0, 200.0, 200.0, 200.0, 200.0, 200.0, 200.0, 200.0, 200.0, 200.0, 200.0, 200.0, 200.0, 200.0, 200.0, 200.0, 200.0, 200.0, 200.0, 200.0, 200.0, 200.0, 200.0, 200.0, 200.0, 200.0, 200.0, 200.0, 200.0, 200.0, 200.0, 200.0, 200.0, 200.0, 200.0]",1,1895.13,-13.353,0.795898,0.298963,0.0,"[8.74442, 8.53777, 9.026, 10.4683, 14.0327, 20.8834, 77.0949, 67.5783, 58.194, 49.2134, 40.9405, 33.6637, 27.5766, 22.711, 16.0716, 10.9084, 8.44222, 7.19303, 6.60847]",-0.13666,"[0.0, 0.0, -10.2862, -10.8745]",0.348869
0.0,-0.214454,1.0,0.0,6.758,0.0,1943.7,-13.865,93.9755,-1,"[200.0, 200.0, 200.0, 200.0, 200.0, 200.0, 200.0, 200.0, 200.0, 200.0, 200.0, 200.0, 200.0, 200.0, 200.0, 200.0, 200.0, 200.0, 200.0, 200.0, 200.0, 200.0, 200.0, 200.0, 200.0, 200.0, 200.0, 200.0, 200.0, 200.0, 200.0, 200.0, 200.0, 200.0, 200.0, 200.0]",1,1694.4,-11.9243,0.759379,0.253993,0.0,"[8.7651, 8.54737, 9.02463, 10.4495, 13.9645, 20.6258, 77.5299, 68.0094, 58.6094, 49.5996, 41.2835, 33.9525, 27.8068, 22.8862, 16.1659, 10.9443, 8.45452, 7.19386, 6.60201]",-0.138198,"[0.0, 0.0, -9.14677, -9.78409]",0.348667
0.0,-0.218221,1.0,0.0,6.78,0.0,1943.63,-13.9314,93.9755,-1,"[200.0, 200.0, 200.0, 200.0, 200.0, 200.0, 200.0, 200.0, 200.0, 200.0, 200.0, 200.0, 200.0, 200.0, 200.0, 200.0, 200.0, 200.0, 200.0, 200.0, 200.0, 200.0, 200.0, 200.0, 200.0, 200.0, 200.0, 200.0, 200.0, 200.0, 200.0, 200.0, 200.0, 200.0, 200.0, 200.0]",1,1490.75,-10.4933,0.703666,0.208661,0.0,"[8.78399, 8.55598, 9.02311, 10.4319, 13.9021, 20.3967, 77.9321, 68.4085, 58.9947, 49.9587, 41.6032, 34.2225, 28.0226, 23.0509, 16.2549, 10.9784, 8.46657, 7.19516, 6.59654]",-0.139566,"[0.0, 0.0, -8.03314, -8.63275]",0.348401
0.0,-0.221669,1.0,0.0,6.802,0.0,1943.57,-13.9894,93.9755,-1,"[200.0, 200.0, 200.0, 200.0, 200.0, 200.0, 200.0, 200.0, 200.0, 200.0, 200.0, 200.0, 200.0, 200.0, 200.0, 200.0, 200.0, 200.0, 200.0, 200.0, 200.0, 200.0, 200.0, 200.0, 200.0, 200.0, 200.0, 200.0, 200.0, 200.0, 200.0, 200.0, 200.0, 200.0, 200.0, 200.0]",1,1286.62,-9.05753,0.640017,0.165312,0.0,"[8.80099, 8.56352, 9.02136, 10.4155, 13.8451, 20.1938, 78.3005, 68.7747, 59.3488, 50.2893, 41.8986, 34.4727, 28.2232, 23.2045, 16.3383, 11.0108, 8.47832, 7.19693, 6.59206]",-0.140758,"[0.0, 0.0, -6.92869, -7.47]",0.348186
0.0,-0.224796,1.0,0.0,6.824,0.0,1943.52,-14.0387,93.9755,-1,"[200.0, 200.0, 200.0, 200.0, 200.0, 200.0, 200.0, 200.0, 200.0, 200.0, 200.0, 200.0, 200.0, 200.0, 200.0, 200.0, 200.0, 200.0, 200.0, 200.0, 200.0, 200.0, 200.0, 200.0, 200.0, 200.0, 200.0, 200.0, 200.0, 200.0, 200.0, 200.0, 200.0, 200.0, 200.0, 200.0]",1,1081.27,-7.61575,0.575203,0.125885,0.0,"[8.81597, 8.56993, 9.01933, 10.4002, 13.7932, 20.0143, 78.6351, 69.1077, 59.6715, 50.5912, 42.1689, 34.7024, 28.4081, 23.3465, 16.4159, 11.0412, 8.48978, 7.19921, 6.58859]",-0.141768,"[0.0, 0.0, -5.81895, -6.3004]",0.348062
0.0,-0.227579,1.0,0.0,6.846,0.0,1943.48,-14.0795,93.9755,-1,"[200.0, 200.0, 200.0, 200.0, 200.0, 200.0, 200.0, 200.0, 200.0, 200.0, 200.0, 200.0, 200.0, 200.0, 200.0, 200.0, 200.0, 200.0, 200.0, 200.0, 200.0, 200.0, 200.0, 200.0, 200.0, 200.0, 200.0, 200.0, 200.0, 200.0, 200.0, 200.0, 200.0, 200.0, 200.0, 200.0]",1,942.478,-6.17056,0.507296,0.0900505,0.0,"[8.82881, 8.57513, 9.01696, 10.386, 13.7467, 19.8574, 78.9333, 69.405, 59.9599, 50.8618, 42.412, 34.9096, 28.5755, 23.4755, 16.4869, 11.0696, 8.50085, 7.20195, 6.58617]",-0.142588,"[0.0, 0.0, -4.70633, -5.11892]",0.348018
0.0,-0.22989,1.0,0.0,6.868,0.0,1943.45,-14.1117,93.9755,-1,"[200.0, 200.0, 200.0, 200.0, 200.0, 200.0, 200.0, 200.0, 200.0, 200.0, 200.0, 200.0, 200.0, 200.0, 200.0, 200.0, 200.0, 200.0, 200.0, 200.0, 200.0, 200.0, 200.0, 200.0, 200.0, 200.0, 200.0, 200.0, 200.0, 200.0, 200.0, 200.0, 200.0, 200.0, 200.0, 200.0]",1,942.478,-4.7335,0.424486,0.0934882,0.0,"[8.83911, 8.57907, 9.01464, 10.3739, 13.7078, 19.7292, 79.1812, 69.6524, 60.2004, 51.0877, 42.6154, 35.0835, 28.7163, 23.5844, 16.5471, 11.0939, 8.51066, 7.20472, 6.58461]",-0.143214,"[0.0, 0.0, -3.15016, -4.09547]",0.348139
1.0,-0.231183,0.0,0.0,6.89,0.0,1943.42,-14.1403,93.9754,-1,"[200.0, 200.0, 200.0, 200.0, 200.0, 200.0, 200.0, 200.0, 200.0, 200.0, 200.0, 200.0, 200.0, 200.0, 200.0, 200.0, 200.0, 200.0, 200.0, 200.0, 200.0, 200.0, 200.0, 200.0, 200.0, 200.0, 200.0, 200.0, 200.0, 200.0, 200.0, 200.0, 200.0, 200.0, 200.0, 200.0]",1,942.478,-5.02635,0.14372,0.0821747,0.0,"[8.84746, 8.58377, 9.01598, 10.3702, 13.6905, 19.6664, 79.318, 69.7882, 60.3316, 51.2102, 42.7245, 35.1756, 28.7897, 23.6399, 16.576, 11.1037, 8.51302, 7.20355, 6.58122]",-0.143893,"[-4.65995, -4.86428, -4.42116, -5.30882]",0.348202
0.0,-0.231651,1.0,0.0,6.912,0.0,1943.39,-14.166,93.9754,-1,"[200.0, 200.0, 200.0, 200.0, 200.0, 200.0, 200.0, 200.0, 200.0, 200.0, 200.0, 200.0, 200.0, 200.0, 200.0, 200.0, 200.0, 200.0, 200.0, 200.0, 200.0, 200.0, 200.0, 200.0, 200.0, 200.0, 200.0, 200.0, 200.0, 200.0, 200.0, 200.0, 200.0, 200.0, 200.0, 200.0]",1,942.478,-3.52283,0.12978,0.0771187,0.0,"[8.85414, 8.58902, 9.02021, 10.3732, 13.6905, 19.6549, 79.365, 69.8337, 60.3743, 51.2486, 42.757, 35.2013, 28.8081, 23.6518, 16.5792, 11.1017, 8.50933, 7.19921, 6.57638]",-0.144611,"[0.0, 0.0, -2.26581, -2.07894]",0.348235
1.0,-0.232048,0.0,0.0,6.934,0.0,1943.37,-14.1871,93.9754,-1,"[200.0, 200.0, 200.0, 200.0, 200.0, 200.0, 200.0, 200.0, 200.0, 200.0, 200.0, 200.0, 200.0, 200.0, 200.0, 200.0, 200.0, 200.0, 200.0, 200.0, 200.0, 200.0, 200.0, 200.0, 200.0, 200.0, 200.0, 200.0, 200.0, 200.0, 200.0, 200.0, 200.0, 200.0, 200.0, 200.0]",1,942.478,-3.81927,0.0427181,0.065575,0.0,"[8.85985, 8.5935, 9.02381, 10.3759, 13.6906, 19.6453, 79.4049, 69.8724, 60.4106, 51.2811, 42.7846, 35.2229, 28.8237, 23.662, 16.5819, 11.0999, 8.50616, 7.1955, 6.57224]",-0.145223,"[-4.4992, -4.92535, -3.4988, -3.74722]",0.348293
1.0,-0.232518,0.0,0.0,6.956,0.0,1943.35,-14.2113,93.9754,-1,"[200.0, 200.0, 200.0, 200.0, 200.0, 200.0, 200.0, 200.0, 200.0, 200.0, 200.0, 200.0, 200.0, 200.0, 200.0, 200.0, 200.0, 200.0, 200.0, 200.0, 200.0, 200.0, 200.0, 200.0, 200.0, 200.0, 200.0, 200.0, 200.0, 200.0, 200.0, 200.0, 200.0, 200.0, 200.0, 200.0]",1,942.478,-4.30346,0.0466516,0.0628915,0.0,"[8.86672, 8.59891, 9.02821, 10.3791, 13.6908, 19.6342, 79.4519, 69.9179, 60.4533, 51.3195, 42.8171, 35.2484, 28.842, 23.6738, 16.5849, 11.0976, 8.5023, 7.19098, 6.56725]",-0.145962,"[-4.30885, -4.41438, -3.94744, -3.62422]",0.348261
1.0,-0.232918,0.0,0.0,6.978,0.0,1943.32,-14.2383,93.9754,-1,"[200.0, 200.0, 200.0, 200.0, 200.0, 200.0, 200.0, 200.0, 200.0, 200.0, 200.0, 200.0, 200.0, 200.0, 200.0, 200.0, 200.0, 200.0, 200.0, 200.0, 200.0, 200.0, 200.0, 200.0, 200.0, 200.0, 200.0, 200.0, 200.0, 200.0, 200.0, 200.0, 200.0, 200.0, 200.0, 200.0]",1,942.478,-4.84741,0.0442477,0.0649686,0.0,"[8.8741, 8.605, 9.03351, 10.3837, 13.6937, 19.6295, 79.4908, 69.9552, 60.4876, 51.3496, 42.8417, 35.2668, 28.854, 23.6803, 16.5844, 11.0933, 8.49708, 7.1855, 6.56147]",-0.146789,"[-2.16696, -2.04273, -4.56579, -4.73916]",0.348213
1.0,-0.233416,0.0,0.0,7.0,0.0,1943.29,-14.2679,93.9754,-1,"[200.0, 200.0, 200.0, 200.0, 200.0, 200.0, 200.0, 200.0, 200.0, 200.0, 200.0, 200.0, 200.0, 200.0, 200.0, 200.0, 200.0, 200.0, 200.0, 200.0, 200.0, 200.0, 200.0, 200.0, 200.0, 200.0, 200.0, 200.0, 200.0, 200.0, 200.0, 200.0, 200.0, 200.0, 200.0, 200.0]",1,942.478,-5.32478,0.0517605,0.0709125,0.0,"[8.88239, 8.6117, 9.03919, 10.3884, 13.6956, 19.6208, 79.5401, 70.0026, 60.5317, 51.3887, 42.8743, 35.2917, 28.8712, 23.6906, 16.5856, 11.0893, 8.49174, 7.17965, 6.55518]",-0.1477,"[-3.49022, -3.46037, -5.46455, -4.63566]",0.348177
0.0,-0.233901,0.0,0.0,7.022,0.0,1943.26,-14.2988,93.9754,-1,"[200.0, 200.0, 200.0, 200.0, 200.0, 200.0, 200.0, 200.0, 200.0, 200.0, 200.0, 200.0, 200.0, 200.0, 200.0, 200.0, 200.0, 200.0, 200.0, 200.0, 200.0, 200.0, 200.0, 200.0, 200.0, 200.0, 200.0, 200.0, 200.0, 200.0, 200.0, 200.0, 200.0, 200.0, 200.0, 200.0]",1,981.813,-5.19307,0.0492603,0.078256,0.0,"[8.89102, 8.61875, 9.04527, 10.3935, 13.6985, 19.6141, 79.5877, 70.0482, 60.574, 51.4259, 42.9049, 35.3149, 28.8867, 23.6995, 16.5856, 11.0846, 8.48585, 7.17335, 6.54852]",-0.148658,"[-6.24323, -6.35096, -4.78152, -4.755]",0.348172
0.0,-0.234394,0.0,0.0,7.044,0.0,1943.23,-14.3297,93.9754,-1,"[200.0, 200.0, 200.0, 200.0, 200.0, 200.0, 200.0, 200.0, 200.0, 200.0, 200.0, 200.0, 200.0, 200.0, 200.0, 200.0, 200.0, 200.0, 200.0, 200.0, 200.0, 200.0, 200.0, 200.0, 200.0, 200.0, 200.0, 200.0, 200.0, 200.0, 200.0, 200.0, 200.0, 200.0, 200.0, 200.0]",1,942.478,-5.22859,0.0505207,0.0844517,0.0,"[8.89964, 8.62578, 9.05131, 10.3986, 13.7011, 19.6069, 79.6361, 70.0947, 60.617, 51.464, 42.9364, 35.3387, 28.9029, 23.7089, 16.586, 11.0801, 8.48006, 7.16712, 6.5419]",-0.149612,"[-5.21975, -5.27563, -3.63913, -3.70069]",0.348202
0.0,-0.234885,0.0,0.0,7.066,0.0,1943.2,-14.3604,93.9754,-1,"[200.0, 200.0, 200.0, 200.0, 200.0, 200.0, 200.0, 200.0, 200.0, 200.0, 200.0, 200.0, 200.0, 200.0, 200.0, 200.0, 200.0, 200.0, 200.0, 200.0, 200.0, 200.0, 200.0, 200.0, 200.0, 200.0, 200.0, 200.0, 200.0, 200.0, 200.0, 200.0, 200.0, 200.0, 200.0, 200.0]",1,942.478,-5.28522,0.0508195,0.0893173,0.0,"[8.9082, 8.63277, 9.0573, 10.4037, 13.7037, 19.5996, 79.6843, 70.1411, 60.66, 51.5019, 42.9679, 35.3625, 28.9189, 23.7181, 16.5865, 11.0756, 8.47429, 7.16092, 6.53532]",-0.150562,"[-2.83086, -2.76147, -4.03739, -4.07158]",0.348236
0.0,-0.23537,0.0,0.0,7.088,0.0,1943.17,-14.3907,93.9754,-1,"[200.0, 200.0, 200.0, 200.0, 200.0, 200.0, 200.0, 200.0, 200.0, 200.0, 200.0, 200.0, 200.0, 200.0, 200.0, 200.0, 200.0, 200.0, 200.0, 200.0, 200.0, 200.0, 200.0, 200.0, 200.0, 200.0, 200.0, 200.0, 200.0, 200.0, 200.0, 200.0, 200.0, 200.0, 200.0, 200.0]",1,942.478,-5.18556,0.0511077,0.0934926,0.0,"[8.91673, 8.63972, 9.06327, 10.4087, 13.7064, 19.5926, 79.732, 70.1869, 60.7025, 51.5395, 42.9989, 35.3861, 28.9349, 23.7273, 16.5868, 11.071, 8.46854, 7.15474, 6.52876]",-0.151506,"[-3.68726, -3.66131, -5.22453, -5.19516]",0.348244
0.0,-0.235853,0.0,0.0,7.11,0.0,1943.14,-14.421,93.9754,-1,"[200.0, 200.0, 200.0, 200.0, 200.0, 200.0, 200.0, 200.0, 200.0, 200.0, 200.0, 200.0, 200.0, 200.0, 200.0, 200.0, 200.0, 200.0, 200.0, 200.0, 200.0, 200.0, 200.0, 200.0, 200.0, 200.0, 200.0, 200.0, 200.0, 200.0, 200.0, 200.0, 200.0, 200.0, 200.0, 200.0]",1,1005.28,-5.0754,0.0509643,0.0981668,0.0,"[8.92525, 8.64667, 9.06924, 10.4137, 13.7091, 19.5857, 79.7796, 70.2325, 60.7447, 51.5768, 43.0298, 35.4095, 28.9506, 23.7364, 16.5871, 11.0665, 8.46278, 7.14857, 6.52222]",-0.152448,"[-5.90322, -5.9802, -4.73288, -4.72692]",0.348207
0.0,-0.236335,0.0,0.0,7.132,0.0,1943.11,-14.4512,93.9754,-1,"[200.0, 200.0, 200.0, 200.0, 200.0, 200.0, 200.0, 200.0, 200.0, 200.0, 200.0, 200.0, 200.0, 200.0, 200.0, 200.0, 200.0, 200.0, 200.0, 200.0, 200.0, 200.0, 200.0, 200.0, 200.0, 200.0, 200.0, 200.0, 200.0, 200.0, 200.0, 200.0, 200.0, 200.0, 200.0, 200.0]",1,942.478,-5.11933,0.0507094,0.103962,0.0,"[8.93374, 8.65359, 9.07518, 10.4187, 13.7117, 19.5789, 79.8269, 70.278, 60.787, 51.6141, 43.0607, 35.4329, 28.9664, 23.7455, 16.5874, 11.062, 8.45704, 7.14242, 6.5157]",-0.153386,"[-5.03649, -5.07442, -3.43499, -3.47739]",0.348112
0.0,-0.236815,0.0,0.0,7.154,0.0,1943.08,-14.4811,93.9754,-1,"[200.0, 200.0, 200.0, 200.0, 200.0, 200.0, 200.0, 200.0, 200.0, 200.0, 200.0, 200.0, 200.0, 200.0, 200.0, 200.0, 200.0, 200.0, 200.0, 200.0, 200.0, 200.0, 200.0, 200.0, 200.0, 200.0, 200.0, 200.0, 200.0, 200.0, 200.0, 200.0, 200.0, 200.0, 200.0, 200.0]",1,942.478,-5.16777,0.0509061,0.111237,0.0,"[8.9422, 8.66049, 9.0811, 10.4237, 13.7143, 19.5721, 33.0498, 70.3234, 60.829, 51.6513, 43.0915, 35.4563, 28.9822, 23.7546, 16.5877, 11.0575, 8.45133, 7.1363, 6.50922]",-0.154321,"[-2.81711, -2.76957, -3.90094, -3.92482]",0.347957
0.0,-0.23729,0.0,0.0,7.176,0.0,1943.05,-14.5107,93.9754,-1,"[200.0, 200.0, 200.0, 200.0, 200.0, 200.0, 200.0, 200.0, 200.0, 200.0, 200.0, 200.0, 200.0, 200.0, 200.0, 200.0, 200.0, 200.0, 200.0, 200.0, 200.0, 200.0, 200.0, 200.0, 200.0, 200.0, 200.0, 200.0, 200.0, 200.0, 200.0, 200.0, 200.0, 200.0, 200.0, 200.0]",1,942.478,-5.06378,0.0513239,0.120271,0.0,"[8.9506, 8.66734, 9.08698, 10.4287, 13.717, 19.5655, 32.5748, 70.3683, 60.8707, 51.6882, 43.1221, 35.4794, 28.9978, 23.7636, 16.588, 11.053, 8.44566, 7.13022, 6.50277]",-0.15525,"[-3.61433, -3.59339, -5.16893, -5.1643]",0.347747
0.0,-0.237763,0.0,0.0,7.198,0.0,1943.02,-14.5403,93.9754,-1,"[200.0, 200.0, 200.0, 200.0, 200.0, 200.0, 200.0, 200.0, 200.0, 200.0, 200.0, 200.0, 200.0, 200.0, 200.0, 200.0, 200.0, 200.0, 200.0, 200.0, 200.0, 200.0, 200.0, 200.0, 200.0, 200.0, 200.0, 200.0, 200.0, 200.0, 200.0, 200.0, 200.0, 200.0, 200.0, 200.0]",1,997.158,-4.95725,0.0513093,0.131053,0.0,"[8.959, 8.67419, 9.09286, 10.4337, 13.7197, 19.5591, 32.235, 70.413, 60.9121, 51.7247, 43.1523, 35.5023, 29.0133, 23.7724, 16.5882, 11.0484, 8.43994, 7.12413, 6.49632]",-0.156178,"[-5.7803, -5.84683, -4.64616, -4.65055]",0.347485
1.0,-0.238204,0.0,0.0,7.22,0.0,1942.99,-14.5696,93.9754,1,"[200.0, 200.0, 200.0, 200.0, 200.0, 200.0, 200.0, 200.0, 200.0, 200.0, 200.0, 200.0, 200.0, 200.0, 200.0, 200.0, 200.0, 200.0, 200.0, 200.0, 200.0, 200.0, 200.0, 200.0, 200.0, 200.0, 200.0, 200.0, 200.0, 200.0, 200.0, 200.0, 200.0, 200.0, 200.0, 200.0]",1,957.884,-4.96356,0.0527373,0.142879,0.0,"[8.96724, 8.68097, 9.09876, 10.4388, 13.7229, 19.5542, 31.9851, 70.4543, 60.9503, 51.7583, 43.1799, 35.5229, 29.0268, 23.7798, 16.5875, 11.0436, 8.43412, 7.118, 6.48991]",-0.157095,"[-4.90525, -4.94375, -3.07938, -3.08043]",0.347196
1.0,-0.238651,0.0,0.0,7.242,0.0,1942.96,-14.5985,93.9754,1,"[200.0, 200.0, 200.0, 200.0, 200.0, 200.0, 200.0, 200.0, 200.0, 200.0, 200.0, 200.0, 200.0, 200.0, 200.0, 200.0, 200.0, 200.0, 200.0, 200.0, 200.0, 200.0, 200.0, 200.0, 200.0, 200.0, 200.0, 200.0, 200.0, 200.0, 200.0, 200.0, 200.0, 200.0, 200.0, 200.0]",1,974.847,-5.01269,0.0547491,0.155339,0.0,"[8.97544, 8.68769, 9.10458, 10.4438, 13.7258, 19.5489, 31.7615, 70.4963, 60.9892, 51.7927, 43.2082, 35.5442, 29.0409, 23.7877, 16.5873, 11.0389, 8.42841, 7.11197, 6.48357]",-0.158005,"[-2.69255, -2.63243, -3.65335, -3.65859]",0.346888
1.0,-0.239095,0.0,0.0,7.264,0.0,1942.93,-14.6273,93.9754,1,"[200.0, 200.0, 200.0, 200.0, 200.0, 200.0, 200.0, 200.0, 200.0, 200.0, 200.0, 200.0, 200.0, 200.0, 200.0, 200.0, 200.0, 200.0, 200.0, 200.0, 200.0, 200.0, 200.0, 200.0, 200.0, 200.0, 200.0, 200.0, 200.0, 200.0, 200.0, 200.0, 200.0, 200.0, 200.0, 200.0]",1,991.824,-4.90664,0.0555367,0.168126,0.0,"[8.98359, 8.69438, 9.11037, 10.4488, 13.7288, 19.5437, 31.5635, 70.538, 61.0278, 51.8267, 43.2362, 35.5653, 29.0549, 23.7954, 16.5869, 11.0342, 8.42273, 7.10597, 6.47726]",-0.158909,"[-3.48796, -3.4617, -5.23791, -5.23526]",0.346577
1.0,-0.239536,0.0,0.0,7.286,0.0,1942.9,-14.6559,93.9754,1,"[200.0, 200.0, 200.0, 200.0, 200.0, 200.0, 200.0, 200.0, 200.0, 200.0, 200.0, 200.0, 200.0, 200.0, 200.0, 200.0, 200.0, 200.0, 200.0, 200.0, 200.0, 200.0, 200.0, 200.0, 200.0, 200.0, 200.0, 200.0, 200.0, 200.0, 200.0, 200.0, 200.0, 200.0, 200.0, 200.0]",1,1008.82,-4.79924,0.0555478,0.180558,0.0,"[8.99171, 8.70103, 9.11613, 10.4537, 13.7318, 19.5385, 31.3853, 70.5795, 61.0662, 51.8606, 43.2642, 35.5863, 29.0689, 23.8032, 16.5866, 11.0296, 8.41707, 7.1, 6.47098]",-0.159809,"[-5.66545, -5.75704, -4.60627, -4.60962]",0.346274
1.0,-0.239978,0.0,0.0,7.308,0.0,1942.88,-14.6843,93.9754,1,"[200.0, 200.0, 200.0, 200.0, 200.0, 200.0, 200.0, 200.0, 200.0, 200.0, 200.0, 200.0, 200.0, 200.0, 200.0, 200.0, 200.0, 200.0, 200.0, 200.0, 200.0, 200.0, 200.0, 200.0, 200.0, 200.0, 200.0, 200.0, 200.0, 200.0, 200.0, 200.0, 200.0, 200.0, 200.0, 200.0]",1,1025.82,-4.84707,0.0551985,0.191598,0.0,"[8.99981, 8.70767, 9.12187, 10.4587, 13.7347, 19.5333, 31.2194, 70.6211, 61.1048, 51.8946, 43.2922, 35.6074, 29.0829, 23.811, 16.5863, 11.025, 8.41144, 7.09405, 6.46472]",-0.160708,"[-4.82046, -4.87913, -2.98041, -2.99964]",0.345992
1.0,-0.240417,0.0,0.0,7.33,0.0,1942.85,-14.7126,93.9754,1,"[200.0, 200.0, 200.0, 200.0, 200.0, 200.0, 200.0, 200.0, 200.0, 200.0, 200.0, 200.0, 200.0, 200.0, 200.0, 200.0, 200.0, 200.0, 200.0, 200.0, 200.0, 200.0, 200.0, 200.0, 200.0, 200.0, 200.0, 200.0, 200.0, 200.0, 200.0, 200.0, 200.0, 200.0, 200.0, 200.0]",1,1042.84,-4.89745,0.0554537,0.200699,0.0,"[9.00788, 8.71427, 9.12758, 10.4636, 13.7376, 19.5281, 31.0669, 70.6626, 61.1431, 51.9284, 43.3201, 35.6285, 29.097, 23.8189, 16.5861, 11.0204, 8.40583, 7.08813, 6.4585]",-0.1616,"[-2.60022, -2.52337, -3.55325, -3.56651]",0.345745
1.0,-0.24085,0.0,0.0,7.352,0.0,1942.82,-14.7407,93.9754,1,"[200.0, 200.0, 200.0, 200.0, 200.0, 200.0, 200.0, 200.0, 200.0, 200.0, 200.0, 200.0, 200.0, 200.0, 200.0, 200.0, 200.0, 200.0, 200.0, 200.0, 200.0, 200.0, 200.0, 200.0, 200.0, 200.0, 200.0, 200.0, 200.0, 200.0, 200.0, 200.0, 200.0, 200.0, 200.0, 200.0]",1,942.478,-4.79238,0.0560344,0.207467,0.0,"[9.01589, 8.72084, 9.13327, 10.4685, 13.7405, 19.5232, 30.9264, 70.7034, 61.1809, 51.9617, 43.3476, 35.6491, 29.1106, 23.8264, 16.5857, 11.0157, 8.40022, 7.08222, 6.4523]",-0.162488,"[-3.39334, -3.36205, -5.05194, -5.06276]",0.345543
1.0,-0.241371,0.0,0.0,7.374,0.0,1942.79,-14.7676,93.9754,1,"[200.0, 200.0, 200.0, 200.0, 200.0, 200.0, 200.0, 200.0, 200.0, 200.0, 200.0, 200.0, 200.0, 200.0, 200.0, 200.0, 200.0, 200.0, 200.0, 200.0, 200.0, 200.0, 200.0, 200.0, 200.0, 200.0, 200.0, 200.0, 200.0, 200.0, 200.0, 200.0, 200.0, 200.0, 200.0, 200.0]",1,942.478,-4.32666,0.0521809,0.209705,0.0,"[9.02385, 8.72711, 9.1384, 10.4724, 13.7412, 19.5123, 30.7424, 70.7542, 61.2286, 52.0046, 43.3839, 35.6776, 29.131, 23.8394, 16.5887, 11.0128, 8.3956, 7.07694, 6.44652]",-0.163338,"[-5.24927, -5.43909, -4.43438, -3.55341]",0.345439
1.0,-0.241751,0.0,0.0,7.396,0.0,1942.77,-14.7921,93.9754,1,"[200.0, 200.0, 200.0, 200.0, 200.0, 200.0, 200.0, 200.0, 200.0, 200.0, 200.0, 200.0, 200.0, 200.0, 200.0, 200.0, 200.0, 200.0, 200.0, 200.0, 200.0, 200.0, 200.0, 200.0, 200.0, 200.0, 200.0, 200.0, 200.0, 200.0, 200.0, 200.0, 200.0, 200.0, 200.0, 200.0]",1,942.478,-3.93818,0.0512497,0.203038,0.0,"[9.03086, 8.73285, 9.14336, 10.4766, 13.7438, 19.508, 30.6339, 70.79, 61.2618, 52.0339, 43.4081, 35.6959, 29.1431, 23.8462, 16.5884, 11.0088, 8.39071, 7.0718, 6.44112]",-0.164112,"[-4.12464, -4.21226, -3.28254, -2.98119]",0.345466
1.0,-0.242123,0.0,0.0,7.418,0.0,1942.75,-14.8141,93.9754,1,"[200.0, 200.0, 200.0, 200.0, 200.0, 200.0, 200.0, 200.0, 200.0, 200.0, 200.0, 200.0, 200.0, 200.0, 200.0, 200.0, 200.0, 200.0, 200.0, 200.0, 200.0, 200.0, 200.0, 200.0, 200.0, 200.0, 200.0, 200.0, 200.0, 200.0, 200.0, 200.0, 200.0, 200.0, 200.0, 200.0]",1,942.478,-3.62242,0.0483763,0.18798,0.0,"[9.03724, 8.738, 9.14774, 10.4802, 13.7455, 19.5024, 30.5253, 70.8255, 61.2949, 52.0634, 43.4328, 35.7147, 29.1561, 23.8538, 16.5891, 11.0056, 8.38652, 7.06726, 6.43629]",-0.16481,"[-1.85159, -1.76142, -0.864942, -3.79318]",0.345577
1.0,-0.242466,0.0,0.0,7.44,0.0,1942.73,-14.8339,93.9754,1,"[200.0, 200.0, 200.0, 200.0, 200.0, 200.0, 200.0, 200.0, 200.0, 200.0, 200.0, 200.0, 200.0, 200.0, 200.0, 200.0, 200.0, 200.0, 200.0, 200.0, 200.0, 200.0, 200.0, 200.0, 200.0, 200.0, 200.0, 200.0, 200.0, 200.0, 200.0, 200.0, 200.0, 200.0, 200.0, 200.0]",1,942.478,-3.24696,0.0501579,0.166414,0.0,"[9.04295, 8.74257, 9.15157, 10.4833, 13.7467, 19.4967, 30.4261, 70.8584, 61.3257, 52.0909, 43.4559, 35.7326, 29.1686, 23.8614, 16.5901, 11.003, 8.38291, 7.0633, 6.43205]",-0.165428,"[-2.23033, -2.20364, 0.228847, -2.4835]",0.345728
1.0,-0.242758,0.0,0.0,7.462,0.0,1942.71,-14.8511,93.9754,1,"[200.0, 200.0, 200.0, 200.0, 200.0, 200.0, 200.0, 200.0, 200.0, 200.0, 200.0, 200.0, 200.0, 200.0, 200.0, 200.0, 200.0, 200.0, 200.0, 200.0, 200.0, 200.0, 200.0, 200.0, 200.0, 200.0, 200.0, 200.0, 200.0, 200.0, 200.0, 200.0, 200.0, 200.0, 200.0, 200.0]",1,942.478,-2.73904,0.0384083,0.141005,0.0,"[9.04792, 8.74659, 9.15496, 10.4861, 13.748, 19.4923, 30.3467, 70.8864, 61.3518, 52.1141, 43.4753, 35.7475, 29.1788, 23.8676, 16.5907, 11.0005, 8.37965, 7.05977, 6.4283]",-0.165971,"[-3.84043, -3.97929, -3.10225, 0.56532]",0.345875
1.0,-0.243063,0.0,0.0,7.484,0.0,1942.69,-14.866,93.9754,1,"[200.0, 200.0, 200.0, 200.0, 200.0, 200.0, 200.0, 200.0, 200.0, 200.0, 200.0, 200.0, 200.0, 200.0, 200.0, 200.0, 200.0, 200.0, 200.0, 200.0, 200.0, 200.0, 200.0, 200.0, 200.0, 200.0, 200.0, 200.0, 200.0, 200.0, 200.0, 200.0, 200.0, 200.0, 200.0, 200.0]",1,942.478,-2.31184,0.0513388,0.113848,0.0,"[9.05231, 8.75, 9.1577, 10.488, 13.7479, 19.4852, 30.2552, 70.9165, 61.3802, 52.1398, 43.4972, 35.7649, 29.1915, 23.8758, 16.593, 10.9992, 8.37729, 7.05698, 6.42519]",-0.166434,"[-2.77383, -2.88246, -1.77876, -1.11774]",0.346
1.0,-0.243322,0.0,0.0,7.506,0.0,1942.68,-14.8787,93.9754,1,"[200.0, 200.0, 200.0, 200.0, 200.0, 200.0, 200.0, 200.0, 200.0, 200.0, 200.0, 200.0, 200.0, 200.0, 200.0, 200.0, 200.0, 200.0, 200.0, 200.0, 200.0, 200.0, 200.0, 200.0, 200.0, 200.0, 200.0, 200.0, 200.0, 200.0, 200.0, 200.0, 200.0, 200.0, 200.0, 200.0]",1,942.478,-2.04755,0.0590252,0.0860529,0.0,"[9.05595, 8.7528, 9.1599, 10.4896, 13.7478, 19.479, 30.1783, 70.9421, 61.4044, 52.1617, 43.516, 35.7799, 29.2024, 23.8831, 16.5952, 10.9983, 8.37539, 7.05471, 6.42265]",-0.166813,"[-0.474903, -0.368627, 2.01203, -1.06362]",0.346087
1.0,-0.243572,0.0,0.0,7.528,0.0,1942.67,-14.8887,93.9754,1,"[200.0, 200.0, 200.0, 200.0, 200.0, 200.0, 200.0, 200.0, 200.0, 200.0, 200.0, 200.0, 200.0, 200.0, 200.0, 200.0, 200.0, 200.0, 200.0, 200.0, 200.0, 200.0, 200.0, 200.0, 200.0, 200.0, 200.0, 200.0, 200.0, 200.0, 200.0, 200.0, 200.0, 200.0, 200.0, 200.0]",1,942.478,-1.55261,0.0457953,0.0599787,0.0,"[9.05892, 8.75499, 9.1615, 10.4904, 13.7467, 19.4715, 30.0998, 70.9672, 61.4283, 52.1837, 43.5351, 35.7955, 29.2142, 23.8913, 16.5983, 10.9982, 8.37423, 7.05309, 6.42072]",-0.167111,"[-0.808417, -0.791088, 0.575033, -2.8698]",0.346132
1.0,-0.243774,0.0,0.0,7.55,0.0,1942.66,-14.8965,93.9754,1,"[200.0, 200.0, 200.0, 200.0, 200.0, 200.0, 200.0, 200.0, 200.0, 200.0, 200.0, 200.0, 200.0, 200.0, 200.0, 200.0, 200.0, 200.0, 200.0, 200.0, 200.0, 200.0, 200.0, 200.0, 200.0, 200.0, 200.0, 200.0, 200.0, 200.0, 200.0, 200.0, 200.0, 200.0, 200.0, 200.0]",1,942.478,-1.13032,0.0461104,0.0374032,0.0,"[9.06123, 8.75668, 9.16268, 10.491, 13.7456, 19.4651, 30.0361, 70.9878, 61.4479, 52.2017, 43.5509, 35.8083, 29.2239, 23.8982, 16.6011, 10.9983, 8.37342, 7.05188, 6.41925]",-0.16734,"[-2.66087, -2.83967, 2.18937, -0.137212]",0.346127
1.0,-0.243894,0.0,0.0,7.572,0.0,1942.66,-14.9019,93.9754,1,"[200.0, 200.0, 200.0, 200.0, 200.0, 200.0, 200.0, 200.0, 200.0, 200.0, 200.0, 200.0, 200.0, 200.0, 200.0, 200.0, 200.0, 200.0, 200.0, 200.0, 200.0, 200.0, 200.0, 200.0, 200.0, 200.0, 200.0, 200.0, 200.0, 200.0, 200.0, 200.0, 200.0, 200.0, 200.0, 200.0]",1,942.478,-0.676208,0.0342331,0.0172998,0.0,"[9.06265, 8.75773, 9.16345, 10.4914, 13.7451, 19.4615, 29.9996, 70.9999, 61.4595, 52.2123, 43.5601, 35.8158, 29.2297, 23.9022, 16.6026, 10.9982, 8.37286, 7.0511, 6.41833]",-0.167484,"[-1.55882, -1.63814, -0.356338, 0.549426]",0.346102
1.0,-0.244099,0.0,0.0,7.594,0.0,1942.66,-14.9049,93.9754,1,"[200.0, 200.0, 200.0, 200.0, 200.0, 200.0, 200.0, 200.0, 200.0, 200.0, 200.0, 200.0, 200.0, 200.0, 200.0, 200.0, 200.0, 200.0, 200.0, 200.0, 200.0, 200.0, 200.0, 200.0, 200.0, 200.0, 200.0, 200.0, 200.0, 200.0, 200.0, 200.0, 200.0, 200.0, 200.0, 200.0]",1,942.478,-0.303012,0.0471761,-0.000249093,0.0,"[9.0637, 8.75819, 9.16336, 10.4905, 13.742, 19.4515, 29.9222, 71.0219, 61.481, 52.2325, 43.5784, 35.8316, 29.2424, 23.912, 16.608, 11.0003, 8.37363, 7.05127, 6.41811]",-0.16755,"[0.898967, 0.972097, -1.00809, -0.851463]",0.346059
1.0,-0.244088,0.0,0.0,7.616,0.0,1942.65,-14.9056,93.9754,1,"[200.0, 200.0, 200.0, 200.0, 200.0, 200.0, 200.0, 200.0, 200.0, 200.0, 200.0, 200.0, 200.0, 200.0, 200.0, 200.0, 200.0, 200.0, 200.0, 200.0, 200.0, 200.0, 200.0, 200.0, 200.0, 200.0, 200.0, 200.0, 200.0, 200.0, 200.0, 200.0, 200.0, 200.0, 200.0, 200.0]",1,942.478,0.108057,0.0668455,-0.016215,0.0,"[9.06353, 8.75804, 9.16323, 10.4904, 13.7419, 19.4516, 29.9248, 71.0209, 61.4799, 52.2316, 43.5776, 35.831, 29.242, 23.9117, 16.608, 11.0004, 8.37374, 7.05139, 6.41825]",-0.16753,"[0.0581101, 0.0398039, 0.405964, 0.116232]",0.346014
1.0,-0.244037,0.0,0.0,7.638,0.0,1942.66,-14.9041,93.9754,1,"[200.0, 200.0, 200.0, 200.0, 200.0, 200.0, 200.0, 200.0, 200.0, 200.0, 200.0, 200.0, 200.0, 200.0, 200.0, 200.0, 200.0, 200.0, 200.0, 200.0, 200.0, 200.0, 200.0, 200.0, 200.0, 200.0, 200.0, 200.0, 200.0, 200.0, 200.0, 200.0, 200.0, 200.0, 200.0, 200.0]",1,942.478,0.518294,0.0401782,-0.0288394,0.0,"[9.06288, 8.75757, 9.16287, 10.4901, 13.7421, 19.453, 29.9393, 71.0158, 61.4752, 52.2273, 43.5739, 35.828, 29.2397, 23.9102, 16.6074, 11.0005, 8.37403, 7.05176, 6.41868]",-0.167465,"[-0.433055, -2.84253, 1.62209, 3.09877]",0.345947
1.0,-0.244014,0.0,0.0,7.66,0.0,1942.66,-14.9001,93.9754,1,"[200.0, 200.0, 200.0, 200.0, 200.0, 200.0, 200.0, 200.0, 200.0, 200.0, 200.0, 200.0, 200.0, 200.0, 200.0, 200.0, 200.0, 200.0, 200.0, 200.0, 200.0, 200.0, 200.0, 200.0, 200.0, 200.0, 200.0, 200.0, 200.0, 200.0, 200.0, 200.0, 200.0, 200.0, 200.0, 200.0]",1,942.478,0.791798,0.0808269,-0.0444635,0.0,"[9.06139, 8.75619, 9.1615, 10.4886, 13.7402, 19.4503, 29.9319, 71.0146, 61.4744, 52.2271, 43.5744, 35.829, 29.2413, 23.9122, 16.6095, 11.0023, 8.37564, 7.05321, 6.42005]",-0.167282,"[2.04297, -1.86439, 4.56928, 4.47082]",0.345922
1.0,-0.243947,0.0,0.0,7.682,0.0,1942.67,-14.8939,93.9754,1,"[200.0, 200.0, 200.0, 200.0, 200.0, 200.0, 200.0, 200.0, 200.0, 200.0, 200.0, 200.0, 200.0, 200.0, 200.0, 200.0, 200.0, 200.0, 200.0, 200.0, 200.0, 200.0, 200.0, 200.0, 200.0, 200.0, 200.0, 200.0, 200.0, 200.0, 200.0, 200.0, 200.0, 200.0, 200.0, 200.0]",1,942.478,1.17762,0.0697857,-0.0604091,0.0,"[9.05914, 8.75421, 9.1596, 10.4867, 13.738, 19.4481, 29.9343, 71.0093, 61.4699, 52.2236, 43.572, 35.828, 29.2415, 23.9133, 16.6116, 11.0046, 8.37776, 7.05521, 6.422]",-0.167016,"[1.48487, 1.32319, 3.44843, 3.42125]",0.345903
1.0,-0.243804,0.0,0.0,7.704,0.0,1942.67,-14.8854,93.9754,1,"[200.0, 200.0, 200.0, 200.0, 200.0, 200.0, 200.0, 200.0, 200.0, 200.0, 200.0, 200.0, 200.0, 200.0, 200.0, 200.0, 200.0, 200.0, 200.0, 200.0, 200.0, 200.0, 200.0, 200.0, 200.0, 200.0, 200.0, 200.0, 200.0, 200.0, 200.0, 200.0, 200.0, 200.0, 200.0, 200.0]",1,942.478,1.68459,0.0578219,-0.076097,0.0,"[9.0561, 8.75166, 9.15733, 10.4846, 13.7364, 19.4486, 29.9611, 70.9961, 61.4578, 52.2131, 43.5636, 35.8219, 29.2378, 23.9116, 16.6125, 11.0067, 8.3801, 7.05757, 6.42443]",-0.166673,"[-0.227067, 4.15302, 1.04114, 1.12679]",0.34589
1.0,-0.243573,0.0,0.0,7.726,0.0,1942.69,-14.8746,93.9754,1,"[200.0, 200.0, 200.0, 200.0, 200.0, 200.0, 200.0, 200.0, 200.0, 200.0, 200.0, 200.0, 200.0, 200.0, 200.0, 200.0, 200.0, 200.0, 200.0, 200.0, 200.0, 200.0, 200.0, 200.0, 200.0, 200.0, 200.0, 200.0, 200.0, 200.0, 200.0, 200.0, 200.0, 200.0, 200.0, 200.0]",1,942.478,2.1076,0.0580161,-0.0920949,0.0,"[9.05225, 8.74856, 9.15473, 10.4825, 13.7356, 19.4524, 30.0173, 70.9739, 61.437, 52.1945, 43.548, 35.8098, 29.2293, 23.9064, 16.6118, 11.0085, 8.38254, 7.06026, 6.4273]",-0.166255,"[0.937155, 4.18346, 1.31273, 0.934881]",0.345888
1.0,-0.243316,0.0,0.0,7.748,0.0,1942.7,-14.8616,93.9754,1,"[200.0, 200.0, 200.0, 200.0, 200.0, 200.0, 200.0, 200.0, 200.0, 200.0, 200.0, 200.0, 200.0, 200.0, 200.0, 200.0, 200.0, 200.0, 200.0, 200.0, 200.0, 200.0, 200.0, 200.0, 200.0, 200.0, 200.0, 200.0, 200.0, 200.0, 200.0, 200.0, 200.0, 200.0, 200.0, 200.0]",1,942.478,2.45646,0.0564398,-0.108921,0.0,"[9.04772, 8.7449, 9.15161, 10.4799, 13.7342, 19.4559, 30.0781, 70.9494, 61.4142, 52.1743, 43.5311, 35.797, 29.2206, 23.9013, 16.6115, 11.0109, 8.38557, 7.06349, 6.43073]",-0.16576,"[3.33174, 1.61241, 2.67656, 2.73333]",0.345903
1.0,-0.243079,0.0,0.0,7.77,0.0,1942.71,-14.8462,93.9754,1,"[200.0, 200.0, 200.0, 200.0, 200.0, 200.0, 200.0, 200.0, 200.0, 200.0, 200.0, 200.0, 200.0, 200.0, 200.0, 200.0, 200.0, 200.0, 200.0, 200.0, 200.0, 200.0, 200.0, 200.0, 200.0, 200.0, 200.0, 200.0, 200.0, 200.0, 200.0, 200.0, 200.0, 200.0, 200.0, 200.0]",1,942.478,2.84964,0.0484405,-0.126607,0.0,"[9.04263, 8.74064, 9.14779, 10.4764, 13.7315, 19.4565, 30.1241, 70.9277, 61.3944, 52.1571, 43.5173, 35.787, 29.2145, 23.8986, 16.6131, 11.0145, 8.38951, 7.06747, 6.4348]",-0.165187,"[2.91164, -0.361128, 4.14955, 4.28732]",0.345944
1.0,-0.242843,0.0,0.0,7.792,0.0,1942.73,-14.8285,93.9754,1,"[200.0, 200.0, 200.0, 200.0, 200.0, 200.0, 200.0, 200.0, 200.0, 200.0, 200.0, 200.0, 200.0, 200.0, 200.0, 200.0, 200.0, 200.0, 200.0, 200.0, 200.0, 200.0, 200.0, 200.0, 200.0, 200.0, 200.0, 200.0, 200.0, 200.0, 200.0, 200.0, 200.0, 200.0, 200.0, 200.0]",1,942.478,3.24934,0.0480041,-0.14492,0.0,"[9.03699, 8.73583, 9.14341, 10.4722, 13.7277, 19.4554, 30.163, 70.9067, 61.3754, 52.1409, 43.5047, 35.7785, 29.2099, 23.8974, 16.6158, 11.019, 8.39415, 7.07204, 6.43943]",-0.16454,"[1.26312, 0.382968, 5.84758, 4.60524]",0.346008
1.0,-0.24262,0.0,0.0,7.814,0.0,1942.75,-14.8083,93.9754,1,"[200.0, 200.0, 200.0, 200.0, 200.0, 200.0, 200.0, 200.0, 200.0, 200.0, 200.0, 200.0, 200.0, 200.0, 200.0, 200.0, 200.0, 200.0, 200.0, 200.0, 200.0, 200.0, 200.0, 200.0, 200.0, 200.0, 200.0, 200.0, 200.0, 200.0, 200.0, 200.0, 200.0, 200.0, 200.0, 200.0]",1,942.478,3.6501,0.0541523,-0.163198,0.0,"[9.03085, 8.73051, 9.13844, 10.4673, 13.7228, 19.4521, 30.1904, 70.8876, 61.3585, 52.1269, 43.4943, 35.772, 29.2073, 23.8979, 16.62, 11.0245, 8.39954, 7.07725, 6.4446]",-0.163824,"[2.33504, 3.24304, 5.38867, 3.3785]",0.346099
1.0,-0.242234,0.0,0.0,7.836,0.0,1942.77,-14.7859,93.9754,1,"[200.0, 200.0, 200.0, 200.0, 200.0, 200.0, 200.0, 200.0, 200.0, 200.0, 200.0, 200.0, 200.0, 200.0, 200.0, 200.0, 200.0, 200.0, 200.0, 200.0, 200.0, 200.0, 200.0, 200.0, 200.0, 200.0, 200.0, 200.0, 200.0, 200.0, 200.0, 200.0, 200.0, 200.0, 200.0, 200.0]",1,942.478,4.07954,0.0388396,-0.181736,0.0,"[9.02368, 8.72464, 9.13335, 10.4629, 13.7202, 19.4563, 30.2841, 70.8512, 61.3248, 52.0972, 43.4697, 35.7536, 29.195, 23.8911, 16.6204, 11.0286, 8.40455, 7.08253, 6.45013]",-0.163032,"[4.61496, 1.79618, 2.958, 4.18274]",0.346227
1.0,-0.242007,0.0,0.0,7.858,0.0,1942.8,-14.7611,93.9754,1,"[200.0, 200.0, 200.0, 200.0, 200.0, 200.0, 200.0, 200.0, 200.0, 200.0, 200.0, 200.0, 200.0, 200.0, 200.0, 200.0, 200.0, 200.0, 200.0, 200.0, 200.0, 200.0, 200.0, 200.0, 200.0, 200.0, 200.0, 200.0, 200.0, 200.0, 200.0, 200.0, 200.0, 200.0, 200.0, 200.0]",1,942.478,4.41613,0.0284495,-0.199628,0.0,"[9.01637, 8.71821, 9.12723, 10.4567, 13.7135, 19.4499, 30.2992, 70.8328, 61.309, 52.0847, 43.4613, 35.7493, 29.1948, 23.8941, 16.6267, 11.0358, 8.41134, 7.08894, 6.45644]",-0.162169,"[4.24816, 2.92875, 3.58839, 6.79604]",0.346385
1.0,-0.241699,0.0,0.0,7.88,0.0,1942.83,-14.734,93.9754,1,"[200.0, 200.0, 200.0, 200.0, 200.0, 200.0, 200.0, 200.0, 200.0, 200.0, 200.0, 200.0, 200.0, 200.0, 200.0, 200.0, 200.0, 200.0, 200.0, 200.0, 200.0, 200.0, 200.0, 200.0, 200.0, 200.0, 200.0, 200.0, 200.0, 200.0, 200.0, 200.0, 200.0, 200.0, 200.0, 200.0]",1,942.478,4.82755,0.0515836,-0.216112,0.0,"[9.00823, 8.71119, 9.12071, 10.4503, 13.7073, 19.4463, 30.344, 70.8062, 61.2852, 52.0649, 43.4463, 35.7397, 29.1904, 23.8941, 16.6319, 11.0429, 8.41835, 7.09575, 6.46324]",-0.161225,"[2.66586, 5.32821, 4.66645, 5.25928]",0.346581
1.0,-0.241297,0.0,0.0,7.902,0.0,1942.86,-14.7047,93.9754,1,"[200.0, 200.0, 200.0, 200.0, 200.0, 200.0, 200.0, 200.0, 200.0, 200.0, 200.0, 200.0, 200.0, 200.0, 200.0, 200.0, 200.0, 200.0, 200.0, 200.0, 200.0, 200.0, 200.0, 200.0, 200.0, 200.0, 200.0, 200.0, 200.0, 200.0, 200.0, 200.0, 200.0, 200.0, 200.0, 200.0]",1,942.478,5.22869,0.0517535,-0.230647,0.0,"[8.99922, 8.70359, 9.11384, 10.4439, 13.7019, 19.4462, 30.4268, 70.7699, 61.2522, 52.0364, 43.4237, 35.7238, 29.1812, 23.8905, 16.6353, 11.0496, 8.42549, 7.1029, 6.47053]",-0.160201,"[3.75015, 4.88932, 6.67747, 3.60101]",0.346808
1.0,-0.240887,0.0,0.0,7.924,0.0,1942.89,-14.673,93.9754,1,"[200.0, 200.0, 200.0, 200.0, 200.0, 200.0, 200.0, 200.0, 200.0, 200.0, 200.0, 200.0, 200.0, 200.0, 200.0, 200.0, 200.0, 200.0, 200.0, 200.0, 200.0, 200.0, 200.0, 200.0, 200.0, 200.0, 200.0, 200.0, 200.0, 200.0, 200.0, 200.0, 200.0, 200.0, 200.0, 200.0]",1,942.478,5.62923,0.0554061,-0.241265,0.0,"[8.98961, 8.69542, 9.10639, 10.4368, 13.6957, 19.4449, 30.5082, 70.7332, 61.2191, 52.0082, 43.4015, 35.7085, 29.1727, 23.8878, 16.6397, 11.057, 8.4333, 7.11065, 6.47839]",-0.1591,"[5.97239, 3.22659, 5.66711, 5.04908]",0.347049
1.0,-0.240467,0.0,0.0,7.946,0.0,1942.92,-14.639,93.9754,1,"[200.0, 200.0, 200.0, 200.0, 200.0, 200.0, 200.0, 200.0, 200.0, 200.0, 200.0, 200.0, 200.0, 200.0, 200.0, 200.0, 200.0, 200.0, 200.0, 200.0, 200.0, 200.0, 200.0, 200.0, 200.0, 200.0, 200.0, 200.0, 200.0, 200.0, 200.0, 200.0, 200.0, 200.0, 200.0, 200.0]",1,942.478,6.02195,0.0531085,-0.246739,0.0,"[8.97939, 8.68669, 9.09838, 10.4292, 13.6887, 19.4424, 30.5886, 70.6962, 61.1857, 51.9799, 43.3797, 35.6938, 29.1649, 23.8859, 16.6449, 11.0653, 8.44177, 7.119, 6.48681]",-0.157925,"[5.56657, 4.35753, 4.2456, 7.18318]",0.347294
1.0,-0.239987,0.0,0.0,7.968,0.0,1942.96,-14.6027,93.9754,1,"[200.0, 200.0, 200.0, 200.0, 200.0, 200.0, 200.0, 200.0, 200.0, 200.0, 200.0, 200.0, 200.0, 200.0, 200.0, 200.0, 200.0, 200.0, 200.0, 200.0, 200.0, 200.0, 200.0, 200.0, 200.0, 200.0, 200.0, 200.0, 200.0, 200.0, 200.0, 200.0, 200.0, 200.0, 200.0, 200.0]",1,942.478,6.41121,0.0494037,-0.246205,0.0,"[8.96845, 8.67742, 9.08998, 10.4213, 13.682, 19.4418, 30.6968, 70.653, 61.1465, 51.9463, 43.3532, 35.6753, 29.1544, 23.8821, 16.6494, 11.0736, 8.45053, 7.12775, 6.49571]",-0.156676,"[4.05738, 6.69265, 5.67353, 6.54249]",0.347527
1.0,-0.239442,0.0,0.0,7.99,0.0,1943.0,-14.5641,93.9754,1,"[200.0, 200.0, 200.0, 200.0, 200.0, 200.0, 200.0, 200.0, 200.0, 200.0, 200.0, 200.0, 200.0, 200.0, 200.0, 200.0, 200.0, 200.0, 200.0, 200.0, 200.0, 200.0, 200.0, 200.0, 200.0, 200.0, 200.0, 200.0, 200.0, 200.0, 200.0, 200.0, 200.0, 200.0, 200.0, 200.0]",1,942.478,6.80299,0.0526529,-0.239066,0.0,"[8.95678, 8.66761, 9.08118, 10.4132, 13.6755, 19.4432, 30.8376, 70.6034, 61.1012, 51.9072, 43.3218, 35.6529, 29.1407, 23.8762, 16.653, 11.0818, 8.45956, 7.13689, 6.50509]",-0.155353,"[5.14463, 6.2344, 7.97231, 5.01383]",0.347733
1.0,-0.238975,0.0,0.0,8.01,0.0,1943.03,-14.527,93.9754,1,"[200.0, 200.0, 200.0, 200.0, 200.0, 200.0, 200.0, 200.0, 200.0, 200.0, 200.0, 200.0, 200.0, 200.0, 200.0, 200.0, 200.0, 200.0, 200.0, 200.0, 200.0, 200.0, 200.0, 200.0, 200.0, 200.0, 200.0, 200.0, 200.0, 200.0, 200.0, 200.0, 200.0, 200.0, 200.0, 200.0]",1,942.478,7.16552,0.05278,-0.227304,0.0,"[8.94575, 8.65821, 9.07259, 10.405, 13.6683, 19.4414, 30.9488, 70.5618, 61.0638, 51.8753, 43.2969, 35.6359, 29.1315, 23.8734, 16.6582, 11.0905, 8.46857, 7.14582, 6.51414]",-0.154086,"[6.50312, 5.36525, 5.29026, 8.27111]",0.347886
1.0,-0.238414,0.0,0.0,8.03,0.0,1943.07,-14.4879,93.9754,1,"[200.0, 200.0, 200.0, 200.0, 200.0, 200.0, 200.0, 200.0, 200.0, 200.0, 200.0, 200.0, 200.0, 200.0, 200.0, 200.0, 200.0, 200.0, 200.0, 200.0, 200.0, 200.0, 200.0, 200.0, 200.0, 200.0, 200.0, 200.0, 200.0, 200.0, 200.0, 200.0, 200.0, 200.0, 200.0, 200.0]",1,966.439,7.51918,0.0530065,-0.212004,0.0,"[8.93402, 8.64838, 9.06381, 10.397, 13.662, 19.4436, 31.1177, 70.5106, 61.0169, 51.8346, 43.2642, 35.6122, 29.1169, 23.8667, 16.6614, 11.0985, 8.4775, 7.15493, 6.52352]",-0.152759,"[5.78085, 6.82864, 8.60748, 5.66165]",0.347997
1.0,-0.237887,0.0,0.0,8.05,0.0,1943.11,-14.447,93.9754,1,"[200.0, 200.0, 200.0, 200.0, 200.0, 200.0, 200.0, 200.0, 200.0, 200.0, 200.0, 200.0, 200.0, 200.0, 200.0, 200.0, 200.0, 200.0, 200.0, 200.0, 200.0, 200.0, 200.0, 200.0, 200.0, 200.0, 200.0, 200.0, 200.0, 200.0, 200.0, 200.0, 200.0, 200.0, 200.0, 200.0]",1,999.64,7.88855,0.0532663,-0.19531,0.0,"[8.92189, 8.63809, 9.05444, 10.3881, 13.6544, 19.4425, 31.269, 70.4635, 60.9743, 51.7982, 43.2357, 35.5925, 29.1059, 23.8629, 16.6665, 11.1078, 8.48727, 7.16467, 6.53342]",-0.15137,"[7.07726, 6.0126, 5.91013, 8.87263]",0.348062
1.0,-0.237266,0.0,0.0,8.07,0.0,1943.16,-14.4041,93.9754,1,"[200.0, 200.0, 200.0, 200.0, 200.0, 200.0, 200.0, 200.0, 200.0, 200.0, 200.0, 200.0, 200.0, 200.0, 200.0, 200.0, 200.0, 200.0, 200.0, 200.0, 200.0, 200.0, 200.0, 200.0, 200.0, 200.0, 200.0, 200.0, 200.0, 200.0, 200.0, 200.0, 200.0, 200.0, 200.0, 200.0]",1,1054.5,8.25058,0.0534539,-0.179982,0.0,"[8.90911, 8.62737, 9.0449, 10.3794, 13.6478, 19.4455, 31.4953, 70.4067, 60.9222, 51.7531, 43.1993, 35.5661, 29.0895, 23.8552, 16.6697, 11.1164, 8.49693, 7.17456, 6.54365]",-0.149923,"[6.46297, 7.41483, 9.21275, 6.36069]",0.34808
1.0,-0.236676,0.0,0.0,8.09,0.0,1943.2,-14.3591,93.9753,1,"[200.0, 200.0, 200.0, 200.0, 200.0, 200.0, 200.0, 200.0, 200.0, 200.0, 200.0, 200.0, 200.0, 200.0, 200.0, 200.0, 200.0, 200.0, 200.0, 200.0, 200.0, 200.0, 200.0, 200.0, 200.0, 200.0, 200.0, 200.0, 200.0, 200.0, 200.0, 200.0, 200.0, 200.0, 200.0, 200.0]",1,1084.02,8.63228,0.0534371,-0.169404,0.0,"[8.8959, 8.61619, 9.03476, 10.3699, 13.6398, 19.4453, 31.7144, 70.3537, 60.8742, 51.7118, 43.1667, 35.5433, 29.0762, 23.8501, 16.6748, 11.1262, 8.50743, 7.18508, 6.55439]",-0.148413,"[7.61645, 6.70592, 6.59177, 9.45184]",0.34806
1.0,-0.235986,0.0,0.0,8.11,0.0,1943.25,-14.3123,93.9752,1,"[200.0, 200.0, 200.0, 200.0, 200.0, 200.0, 200.0, 200.0, 200.0, 200.0, 200.0, 200.0, 200.0, 200.0, 200.0, 200.0, 200.0, 200.0, 200.0, 200.0, 200.0, 200.0, 200.0, 200.0, 200.0, 200.0, 200.0, 200.0, 200.0, 200.0, 200.0, 200.0, 200.0, 200.0, 200.0, 200.0]",1,1145.4,8.99323,0.051871,-0.166834,0.0,"[8.88199, 8.60458, 9.02444, 10.3606, 13.6329, 19.4496, 32.0568, 70.2903, 60.8161, 51.6613, 43.1259, 35.5135, 29.0575, 23.8409, 16.6778, 11.1354, 8.51779, 7.19576, 6.56544]",-0.146842,"[7.56864, 7.97425, 9.7986, 7.10531]",0.348019
1.0,-0.235341,0.0,0.0,8.13,0.0,1943.3,-14.2633,93.9751,1,"[200.0, 200.0, 200.0, 200.0, 200.0, 200.0, 200.0, 200.0, 200.0, 200.0, 200.0, 200.0, 200.0, 200.0, 200.0, 200.0, 200.0, 200.0, 200.0, 200.0, 200.0, 200.0, 200.0, 200.0, 200.0, 200.0, 200.0, 200.0, 200.0, 200.0, 200.0, 200.0, 200.0, 200.0, 200.0, 200.0]",1,1171.54,9.41957,0.0531462,-0.175818,0.0,"[8.86773, 8.5925, 9.01352, 10.3504, 13.6244, 19.4499, 32.4217, 70.2323, 60.7635, 51.6162, 43.0902, 35.4884, 29.0428, 23.8352, 16.6831, 11.1458, 8.52903, 7.20709, 6.57704]",-0.145211,"[6.57545, 7.5198, 7.34946, 10.0105]",0.347976
1.0,-0.234588,0.0,0.0,8.15,0.0,1943.35,-14.2124,93.9751,1,"[200.0, 200.0, 200.0, 200.0, 200.0, 200.0, 200.0, 200.0, 200.0, 200.0, 200.0, 200.0, 200.0, 200.0, 200.0, 200.0, 200.0, 200.0, 200.0, 200.0, 200.0, 200.0, 200.0, 200.0, 200.0, 200.0, 200.0, 200.0, 200.0, 200.0, 200.0, 200.0, 200.0, 200.0, 200.0, 200.0]",1,1233.67,9.77542,0.0562923,-0.19738,0.0,"[8.85275, 8.58001, 9.00243, 10.3404, 13.6172, 19.455, 33.2082, 70.1632, 60.7001, 51.561, 43.0455, 35.4557, 29.0221, 23.8248, 16.6859, 11.1555, 8.54014, 7.21854, 6.58894]",-0.143519,"[8.41583, 6.71035, 10.3435, 7.85459]",0.347954
1.0,-0.233872,0.0,0.0,8.17,0.0,1943.4,-14.1593,93.975,1,"[200.0, 200.0, 200.0, 200.0, 200.0, 200.0, 200.0, 200.0, 200.0, 200.0, 200.0, 200.0, 200.0, 200.0, 200.0, 200.0, 200.0, 200.0, 200.0, 200.0, 200.0, 200.0, 200.0, 200.0, 200.0, 200.0, 200.0, 200.0, 200.0, 200.0, 200.0, 200.0, 200.0, 200.0, 200.0, 200.0]",1,1266.55,10.1124,0.0546167,-0.232143,0.0,"[8.83737, 8.56703, 8.99074, 10.3296, 13.6084, 19.4566, 79.6221, 70.0985, 60.6412, 51.5104, 43.0052, 35.4271, 29.005, 23.8175, 16.6909, 11.1664, 8.55207, 7.23065, 6.60138]",-0.141764,"[9.79695, 9.85617, 8.14194, 10.6002]",0.347972
1.0,-0.233084,0.0,0.0,8.19,0.0,1943.46,-14.1042,93.9749,1,"[200.0, 200.0, 200.0, 200.0, 200.0, 200.0, 200.0, 200.0, 200.0, 200.0, 200.0, 200.0, 200.0, 200.0, 200.0, 200.0, 200.0, 200.0, 200.0, 200.0, 200.0, 200.0, 200.0, 200.0, 200.0, 200.0, 200.0, 200.0, 200.0, 200.0, 200.0, 200.0, 200.0, 200.0, 200.0, 200.0]",1,1309.39,10.5361,0.0564471,-0.276854,0.0,"[8.82136, 8.5536, 8.97877, 10.3187, 13.6002, 19.4611, 79.5464, 70.0266, 60.5755, 51.4534, 42.9593, 35.3938, 28.9843, 23.8076, 16.6946, 11.1771, 8.56408, 7.24302, 6.6142]",-0.139946,"[8.26473, 10.4301, 10.8186, 8.55728]",0.348035
0.0,-0.232342,0.0,0.0,8.21,0.0,1943.51,-14.0479,93.9749,1,"[200.0, 200.0, 200.0, 200.0, 200.0, 200.0, 200.0, 200.0, 200.0, 200.0, 200.0, 200.0, 200.0, 200.0, 200.0, 200.0, 200.0, 200.0, 200.0, 200.0, 200.0, 200.0, 200.0, 200.0, 200.0, 200.0, 200.0, 200.0, 200.0, 200.0, 200.0, 200.0, 200.0, 200.0, 200.0, 200.0]",1,1244.15,10.6339,0.0550306,-0.367649,0.0,"[8.80521, 8.53995, 8.96642, 10.3072, 13.5907, 19.4622, 79.4758, 69.9599, 60.5149, 51.4014, 42.9181, 35.3648, 28.9672, 23.8006, 16.7002, 11.1887, 8.57673, 7.25581, 6.62731]",-0.138098,"[7.54314, 8.0152, 7.2748, 9.51903]",0.347904
0.0,-0.231504,0.0,0.0,8.23,0.0,1943.57,-13.9916,93.9749,1,"[200.0, 200.0, 200.0, 200.0, 200.0, 200.0, 200.0, 200.0, 200.0, 200.0, 200.0, 200.0, 200.0, 200.0, 200.0, 200.0, 200.0, 200.0, 200.0, 200.0, 200.0, 200.0, 200.0, 200.0, 200.0, 200.0, 200.0, 200.0, 200.0, 200.0, 200.0, 200.0, 200.0, 200.0, 200.0, 200.0]",1,1159.79,10.5996,0.0582709,-0.370162,0.0,"[8.78891, 8.52634, 8.95439, 10.2965, 13.5832, 19.469, 79.3949, 69.8829, 60.4443, 51.3398, 42.8682, 35.3281, 28.9437, 23.7886, 16.7028, 11.199, 8.58865, 7.26822, 6.64027]",-0.136254,"[9.39762, 6.99114, 10.4197, 8.10233]",0.347786
0.0,-0.230736,0.0,0.0,8.25,0.0,1943.63,-13.9352,93.9749,1,"[200.0, 200.0, 200.0, 200.0, 200.0, 200.0, 200.0, 200.0, 200.0, 200.0, 200.0, 200.0, 200.0, 200.0, 200.0, 200.0, 200.0, 200.0, 200.0, 200.0, 200.0, 200.0, 200.0, 200.0, 200.0, 200.0, 200.0, 200.0, 200.0, 200.0, 200.0, 200.0, 200.0, 200.0, 200.0, 200.0]",1,1259.86,10.598,0.0640669,-0.366629,0.0,"[8.77279, 8.51276, 8.94216, 10.2852, 13.5743, 19.4718, 79.3217, 69.8136, 60.3812, 51.2855, 42.8249, 35.2972, 28.925, 23.7802, 16.7076, 11.2101, 8.60102, 7.28084, 6.6533]",-0.134413,"[8.64918, 9.41417, 7.61604, 9.74526]",0.347767
0.0,-0.229919,0.0,0.0,8.27,0.0,1943.68,-13.8787,93.9749,1,"[200.0, 200.0, 200.0, 200.0, 200.0, 200.0, 200.0, 200.0, 200.0, 200.0, 200.0, 200.0, 200.0, 200.0, 200.0, 200.0, 200.0, 200.0, 200.0, 200.0, 200.0, 200.0, 200.0, 200.0, 200.0, 200.0, 200.0, 200.0, 200.0, 200.0, 200.0, 200.0, 200.0, 200.0, 200.0, 200.0]",1,1162.15,10.6468,0.0601094,-0.359317,0.0,"[8.75661, 8.49922, 8.93013, 10.2743, 13.5664, 19.4777, 79.2431, 69.7389, 60.3129, 51.2262, 42.777, 35.2623, 28.9029, 23.7693, 16.7107, 11.2206, 8.61299, 7.29324, 6.66621]",-0.132575,"[7.45718, 8.28309, 10.226, 8.20478]",0.347758
0.0,-0.229137,0.0,0.0,8.29,0.0,1943.74,-13.8221,93.9749,1,"[200.0, 200.0, 200.0, 200.0, 200.0, 200.0, 200.0, 200.0, 200.0, 200.0, 200.0, 200.0, 200.0, 200.0, 200.0, 200.0, 200.0, 200.0, 200.0, 200.0, 200.0, 200.0, 200.0, 200.0, 200.0, 200.0, 200.0, 200.0, 200.0, 200.0, 200.0, 200.0, 200.0, 200.0, 200.0, 200.0]",1,1268.51,10.59,0.0619043,-0.34701,0.0,"[8.74056, 8.48572, 8.91803, 10.2633, 13.5578, 19.4817, 79.1684, 69.668, 60.2483, 51.1704, 42.7324, 35.2302, 28.8832, 23.7601, 16.7148, 11.2314, 8.62515, 7.30573, 6.67915]",-0.130743,"[9.13111, 9.51805, 7.75043, 9.73739]",0.347678
0.0,-0.228301,0.0,0.0,8.31,0.0,1943.79,-13.7655,93.9749,1,"[200.0, 200.0, 200.0, 200.0, 200.0, 200.0, 200.0, 200.0, 200.0, 200.0, 200.0, 200.0, 200.0, 200.0, 200.0, 200.0, 200.0, 200.0, 200.0, 200.0, 200.0, 200.0, 200.0, 200.0, 200.0, 200.0, 200.0, 200.0, 200.0, 200.0, 200.0, 200.0, 200.0, 200.0, 200.0, 200.0]",1,1162.87,10.6236,0.0617119,-0.329444,0.0,"[8.72443, 8.47227, 8.90612, 10.2526, 13.5504, 19.4889, 79.0879, 69.5914, 60.1782, 51.1094, 42.683, 35.1939, 28.86, 23.7481, 16.7173, 11.2414, 8.63689, 7.31798, 6.69198]",-0.128915,"[10.2308, 8.31365, 10.2896, 8.2288]",0.347479
0.0,-0.227884,1.0,0.0,8.33,0.0,1943.85,-13.7122,93.9749,1,"[200.0, 200.0, 200.0, 200.0, 200.0, 200.0, 200.0, 200.0, 200.0, 200.0, 200.0, 200.0, 200.0, 200.0, 200.0, 200.0, 200.0, 200.0, 200.0, 200.0, 200.0, 200.0, 200.0, 200.0, 200.0, 200.0, 200.0, 200.0, 200.0, 200.0, 200.0, 200.0, 200.0, 200.0, 200.0, 200.0]",1,942.478,9.23962,0.114506,-0.305725,0.0,"[8.70998, 8.45935, 8.89361, 10.2396, 13.5358, 19.4732, 79.0523, 69.5597, 60.1516, 51.0894, 42.6706, 35.1894, 28.8626, 23.7563, 16.731, 11.2562, 8.65066, 7.33097, 6.70471]",-0.127177,"[0.0, 0.0, 4.32041, 3.84399]",0.347103
0.0,-0.227518,1.0,0.0,8.35,0.0,1943.89,-13.6682,93.9749,1,"[200.0, 200.0, 200.0, 200.0, 200.0, 200.0, 200.0, 200.0, 200.0, 200.0, 200.0, 200.0, 200.0, 200.0, 200.0, 200.0, 200.0, 200.0, 200.0, 200.0, 200.0, 200.0, 200.0, 200.0, 200.0, 200.0, 200.0, 200.0, 200.0, 200.0, 200.0, 200.0, 200.0, 200.0, 200.0, 200.0]",1,942.478,7.49369,0.160003,-0.27466,0.0,"[8.69762, 8.44831, 8.88295, 10.2285, 13.5234, 19.4602, 79.0208, 69.5315, 60.128, 51.0715, 42.6592, 35.1849, 28.8643, 23.7629, 16.7425, 11.2687, 8.66236, 7.34201, 6.71558]",-0.125691,"[0.0, 0.0, 0.0, 0.0]",0.346544
0.0,-0.226965,1.0,0.0,8.37,0.0,1943.93,-13.6335,93.9749,1,"[200.0, 200.0, 200.0, 200.0, 200.0, 200.0, 200.0, 200.0, 200.0, 200.0, 200.0, 200.0, 200.0, 200.0, 200.0, 200.0, 200.0, 200.0, 200.0, 200.0, 200.0, 200.0, 200.0, 200.0, 200.0, 200.0, 200.0, 200.0, 200.0, 200.0, 200.0, 200.0, 200.0, 200.0, 200.0, 200.0]",1,942.478,5.74141,0.195908,-0.227344,0.0,"[8.68689, 8.43934, 8.87499, 10.2213, 13.5183, 19.4648, 78.9678, 69.4811, 60.0818, 51.0314, 42.6268, 35.1612, 28.8492, 23.7551, 16.7443, 11.2754, 8.67021, 7.35021, 6.72414]",-0.124471,"[0.0, 0.0, 0.0, 0.0]",0.345954
0.0,-0.226163,1.0,0.0,8.39,0.0,1943.95,-13.6082,93.9749,1,"[200.0, 200.0, 200.0, 200.0, 200.0, 200.0, 200.0, 200.0, 200.0, 200.0, 200.0, 200.0, 200.0, 200.0, 200.0, 200.0, 200.0, 200.0, 200.0, 200.0, 200.0, 200.0, 200.0, 200.0, 200.0, 200.0, 200.0, 200.0, 200.0, 200.0, 200.0, 200.0, 200.0, 200.0, 200.0, 200.0]",1,942.478,4.01626,0.224574,-0.182772,0.0,"[8.67769, 8.43248, 8.86995, 10.2186, 13.5219, 19.4909, 78.8862, 69.4015, 60.0064, 50.9628, 42.5676, 35.1134, 28.8133, 23.73, 16.7344, 11.2755, 8.67375, 7.35529, 6.73029]",-0.123521,"[0.0, 0.0, 0.0, 0.0]",0.345429
1.0,-0.225195,0.0,0.0,8.41,0.0,1943.97,-13.5883,93.9749,-1,"[200.0, 200.0, 200.0, 200.0, 200.0, 200.0, 200.0, 200.0, 200.0, 200.0, 200.0, 200.0, 200.0, 200.0, 200.0, 200.0, 200.0, 200.0, 200.0, 200.0, 200.0, 200.0, 200.0, 200.0, 200.0, 200.0, 200.0, 200.0, 200.0, 200.0, 200.0, 200.0, 200.0, 200.0, 200.0, 200.0]",1,956.343,3.84714,0.123216,-0.131948,0.0,"[8.66962, 8.42714, 8.86696, 10.219, 13.5313, 19.532, 78.7856, 69.3023, 59.9115, 50.8752, 42.4906, 35.0494, 28.7633, 23.6931, 16.7166, 11.271, 8.67429, 7.35819, 6.73473]",-0.122764,"[-0.504004, -0.48913, 3.09522, 2.69397]",0.345055
1.0,-0.224836,0.0,0.0,8.43,0.0,1943.99,-13.5684,93.9749,-1,"[200.0, 200.0, 200.0, 200.0, 200.0, 200.0, 200.0, 200.0, 200.0, 200.0, 200.0, 200.0, 200.0, 200.0, 200.0, 200.0, 200.0, 200.0, 200.0, 200.0, 200.0, 200.0, 200.0, 200.0, 200.0, 200.0, 200.0, 200.0, 200.0, 200.0, 200.0, 200.0, 200.0, 200.0, 200.0, 200.0]",1,971.761,3.62931,0.0496646,-0.0875238,0.0,"[8.66373, 8.42236, 8.8629, 10.2157, 13.5299, 19.5384, 78.7503, 69.2684, 59.8801, 50.8475, 42.4676, 35.0318, 28.7512, 23.6858, 16.7157, 11.2737, 8.67806, 7.36236, 6.73923]",-0.12211,"[6.55136, 4.01748, 3.56347, 3.68371]",0.34486
1.0,-0.224639,0.0,0.0,8.45,0.0,1944.01,-13.5485,93.9749,-1,"[200.0, 200.0, 200.0, 200.0, 200.0, 200.0, 200.0, 200.0, 200.0, 200.0, 200.0, 200.0, 200.0, 200.0, 200.0, 200.0, 200.0, 200.0, 200.0, 200.0, 200.0, 200.0, 200.0, 200.0, 200.0, 200.0, 200.0, 200.0, 200.0, 200.0, 200.0, 200.0, 200.0, 200.0, 200.0, 200.0]",1,987.193,3.79923,0.0542883,-0.054938,0.0,"[8.65824, 8.41753, 8.85833, 10.2111, 13.5252, 19.5349, 78.7326, 69.2522, 59.8659, 50.8361, 42.4594, 35.027, 28.7496, 23.6869, 16.7196, 11.2787, 8.68293, 7.36708, 6.74396]",-0.121458,"[2.63161, 2.23974, 2.53718, 2.61208]",0.344883
1.0,-0.224315,0.0,0.0,8.47,0.0,1944.03,-13.5284,93.9749,-1,"[200.0, 200.0, 200.0, 200.0, 200.0, 200.0, 200.0, 200.0, 200.0, 200.0, 200.0, 200.0, 200.0, 200.0, 200.0, 200.0, 200.0, 200.0, 200.0, 200.0, 200.0, 200.0, 200.0, 200.0, 200.0, 200.0, 200.0, 200.0, 200.0, 200.0, 200.0, 200.0, 200.0, 200.0, 200.0, 200.0]",1,1002.64,3.74229,0.048975,-0.0353993,0.0,"[8.65242, 8.41272, 8.85413, 10.2074, 13.523, 19.5392, 78.7012, 69.2222, 59.8384, 50.812, 42.4397, 35.0123, 28.7399, 23.6814, 16.7198, 11.2819, 8.68697, 7.37138, 6.74853]",-0.120802,"[0.705085, 3.82441, 3.90653, 3.83067]",0.345065
1.0,-0.224023,0.0,0.0,8.49,0.0,1944.05,-13.5084,93.9749,-1,"[200.0, 200.0, 200.0, 200.0, 200.0, 200.0, 200.0, 200.0, 200.0, 200.0, 200.0, 200.0, 200.0, 200.0, 200.0, 200.0, 200.0, 200.0, 200.0, 200.0, 200.0, 200.0, 200.0, 200.0, 200.0, 200.0, 200.0, 200.0, 200.0, 200.0, 200.0, 200.0, 200.0, 200.0, 200.0, 200.0]",1,1018.09,3.79428,0.0483053,-0.0278154,0.0,"[8.64666, 8.40789, 8.84982, 10.2035, 13.5202, 19.5414, 78.6732, 69.1957, 59.8142, 50.7911, 42.4229, 35.0001, 28.7322, 23.6776, 16.7209, 11.2856, 8.69124, 7.37582, 6.75315]",-0.120144,"[5.32351, 2.31304, 2.47081, 2.60127]",0.34534
1.0,-0.223738,0.0,0.0,8.51,0.0,1944.07,-13.4883,93.9749,-1,"[200.0, 200.0, 200.0, 200.0, 200.0, 200.0, 200.0, 200.0, 200.0, 200.0, 200.0, 200.0, 200.0, 200.0, 200.0, 200.0, 200.0, 200.0, 200.0, 200.0, 200.0, 200.0, 200.0, 200.0, 200.0, 200.0, 200.0, 200.0, 200.0, 200.0, 200.0, 200.0, 200.0, 200.0, 200.0, 200.0]",1,1033.55,3.73515,0.0548079,-0.0300861,0.0,"[8.64094, 8.40306, 8.84549, 10.1996, 13.5172, 19.5433, 78.6461, 69.17, 59.7908, 50.7708, 42.4067, 34.9885, 28.7251, 23.6742, 16.7223, 11.2894, 8.69553, 7.38026, 6.75778]",-0.119488,"[2.61539, 3.81897, 3.99869, 3.88401]",0.345652
1.0,-0.223486,0.0,0.0,8.53,0.0,1944.09,-13.468,93.9749,-1,"[200.0, 200.0, 200.0, 200.0, 200.0, 200.0, 200.0, 200.0, 200.0, 200.0, 200.0, 200.0, 200.0, 200.0, 200.0, 200.0, 200.0, 200.0, 200.0, 200.0, 200.0, 200.0, 200.0, 200.0, 200.0, 200.0, 200.0, 200.0, 200.0, 200.0, 200.0, 200.0, 200.0, 200.0, 200.0, 200.0]",1,1049.03,3.83044,0.0562129,-0.0400166,0.0,"[8.63525, 8.39819, 8.84103, 10.1953, 13.5134, 19.543, 78.6226, 69.1479, 59.771, 50.7541, 42.3938, 34.9796, 28.7201, 23.6726, 16.7247, 11.2937, 8.70012, 7.38486, 6.76249]",-0.118826,"[3.80965, 2.45344, 2.4585, 2.55287]",0.345961
1.0,-0.223191,0.0,0.0,8.55,0.0,1944.11,-13.4479,93.9749,-1,"[200.0, 200.0, 200.0, 200.0, 200.0, 200.0, 200.0, 200.0, 200.0, 200.0, 200.0, 200.0, 200.0, 200.0, 200.0, 200.0, 200.0, 200.0, 200.0, 200.0, 200.0, 200.0, 200.0, 200.0, 200.0, 200.0, 200.0, 200.0, 200.0, 200.0, 200.0, 200.0, 200.0, 200.0, 200.0, 200.0]",1,942.478,3.75638,0.0578432,-0.054884,0.0,"[8.62945, 8.39332, 8.83669, 10.1914, 13.5106, 19.5453, 78.5944, 69.1212, 59.7466, 50.7329, 42.3768, 34.9673, 28.7124, 23.6688, 16.7258, 11.2974, 8.7044, 7.38933, 6.76715]",-0.118163,"[2.56368, 3.84098, 3.68997, 3.56926]",0.346238
1.0,-0.22291,0.0,0.0,8.57,0.0,1944.13,-13.4287,93.9749,-1,"[200.0, 200.0, 200.0, 200.0, 200.0, 200.0, 200.0, 200.0, 200.0, 200.0, 200.0, 200.0, 200.0, 200.0, 200.0, 200.0, 200.0, 200.0, 200.0, 200.0, 200.0, 200.0, 200.0, 200.0, 200.0, 200.0, 200.0, 200.0, 200.0, 200.0, 200.0, 200.0, 200.0, 200.0, 200.0, 200.0]",1,942.478,3.39232,0.0567145,-0.0713924,0.0,"[8.62392, 8.38867, 8.83253, 10.1876, 13.5078, 19.5474, 78.5675, 69.0958, 59.7235, 50.713, 42.3607, 34.9558, 28.7052, 23.6652, 16.727, 11.301, 8.70851, 7.39359, 6.77161]",-0.11753,"[3.62938, 2.28491, 1.65269, 1.46159]",0.346438
1.0,-0.222772,0.0,0.0,8.59,0.0,1944.15,-13.4121,93.9749,-1,"[200.0, 200.0, 200.0, 200.0, 200.0, 200.0, 200.0, 200.0, 200.0, 200.0, 200.0, 200.0, 200.0, 200.0, 200.0, 200.0, 200.0, 200.0, 200.0, 200.0, 200.0, 200.0, 200.0, 200.0, 200.0, 200.0, 200.0, 200.0, 200.0, 200.0, 200.0, 200.0, 200.0, 200.0, 200.0, 200.0]",1,942.478,2.92364,0.0290544,-0.0844887,0.0,"[8.61937, 8.38461, 8.8286, 10.1835, 13.5033, 19.5428, 78.5557, 69.0852, 59.7145, 50.7062, 42.3564, 34.9539, 28.7056, 23.6675, 16.7311, 11.3055, 8.71278, 7.39765, 6.77561]",-0.116982,"[1.84329, 3.43498, 1.14217, 2.13968]",0.34651
1.0,-0.222571,0.0,0.0,8.61,0.0,1944.16,-13.3979,93.9749,-1,"[200.0, 200.0, 200.0, 200.0, 200.0, 200.0, 200.0, 200.0, 200.0, 200.0, 200.0, 200.0, 200.0, 200.0, 200.0, 200.0, 200.0, 200.0, 200.0, 200.0, 200.0, 200.0, 200.0, 200.0, 200.0, 200.0, 200.0, 200.0, 200.0, 200.0, 200.0, 200.0, 200.0, 200.0, 200.0, 200.0]",1,942.478,2.46742,0.0568836,-0.0886941,0.0,"[8.61533, 8.3812, 8.82555, 10.1807, 13.5012, 19.5442, 78.5365, 69.0671, 59.698, 50.692, 42.3451, 34.9457, 28.7006, 23.6651, 16.732, 11.3082, 8.71581, 7.40079, 6.77888]",-0.116518,"[3.02117, 1.36781, 2.07884, 1.15329]",0.346483
1.0,-0.222439,0.0,0.0,8.63,0.0,1944.17,-13.3861,93.9749,-1,"[200.0, 200.0, 200.0, 200.0, 200.0, 200.0, 200.0, 200.0, 200.0, 200.0, 200.0, 200.0, 200.0, 200.0, 200.0, 200.0, 200.0, 200.0, 200.0, 200.0, 200.0, 200.0, 200.0, 200.0, 200.0, 200.0, 200.0, 200.0, 200.0, 200.0, 200.0, 200.0, 200.0, 200.0, 200.0, 200.0]",1,942.478,2.02951,0.0520064,-0.0861233,0.0,"[8.61197, 8.37827, 8.82281, 10.178, 13.4985, 19.5428, 78.5246, 69.0559, 59.6882, 50.6839, 42.3389, 34.9419, 28.6989, 23.6651, 16.734, 11.311, 8.71869, 7.40362, 6.78173]",-0.116121,"[0.974406, 2.72039, 0.355764, 1.21072]",0.346403
1.0,-0.222444,0.0,0.0,8.65,0.0,1944.18,-13.3767,93.9749,-1,"[200.0, 200.0, 200.0, 200.0, 200.0, 200.0, 200.0, 200.0, 200.0, 200.0, 200.0, 200.0, 200.0, 200.0, 200.0, 200.0, 200.0, 200.0, 200.0, 200.0, 200.0, 200.0, 200.0, 200.0, 200.0, 200.0, 200.0, 200.0, 200.0, 200.0, 200.0, 200.0, 200.0, 200.0, 200.0, 200.0]",1,942.478,1.59605,0.0661164,-0.0769036,0.0,"[8.60953, 8.37589, 8.82027, 10.175, 13.4942, 19.5349, 78.5269, 69.0589, 59.692, 50.6884, 42.3442, 34.9475, 28.7046, 23.6707, 16.7389, 11.3148, 8.72174, 7.40625, 6.78417]",-0.115805,"[2.22888, 0.515871, 0.10638, 0.49648]",0.346287
1.0,-0.222422,0.0,0.0,8.67,0.0,1944.19,-13.3696,93.9749,-1,"[200.0, 200.0, 200.0, 200.0, 200.0, 200.0, 200.0, 200.0, 200.0, 200.0, 200.0, 200.0, 200.0, 200.0, 200.0, 200.0, 200.0, 200.0, 200.0, 200.0, 200.0, 200.0, 200.0, 200.0, 200.0, 200.0, 200.0, 200.0, 200.0, 200.0, 200.0, 200.0, 200.0, 200.0, 200.0, 200.0]",1,942.478,1.10588,0.0243937,-0.0642556,0.0,"[8.60754, 8.37402, 8.81834, 10.1728, 13.4913, 19.5302, 78.5259, 69.0586, 59.6923, 50.6894, 42.3459, 34.9499, 28.7075, 23.6739, 16.7421, 11.3175, 8.72399, 7.40826, 6.78606]",-0.115554,"[0.110847, 2.08998, 0.692308, 0.874031]",0.346165
1.0,-0.22236,0.0,0.0,8.69,0.0,1944.2,-13.365,93.9749,-1,"[200.0, 200.0, 200.0, 200.0, 200.0, 200.0, 200.0, 200.0, 200.0, 200.0, 200.0, 200.0, 200.0, 200.0, 200.0, 200.0, 200.0, 200.0, 200.0, 200.0, 200.0, 200.0, 200.0, 200.0, 200.0, 200.0, 200.0, 200.0, 200.0, 200.0, 200.0, 200.0, 200.0, 200.0, 200.0, 200.0]",1,942.478,0.641689,0.0701382,-0.0488091,0.0,"[8.60595, 8.37263, 8.81705, 10.1716, 13.4901, 19.5295, 78.5203, 69.0533, 59.6877, 50.6856, 42.343, 34.9481, 28.7067, 23.6738, 16.743, 11.3188, 8.72533, 7.40959, 6.78739]",-0.115368,"[1.74543, -0.388682, 0.602711, 0.792824]",0.346052
1.0,-0.222484,0.0,0.0,8.71,0.0,1944.2,-13.3628,93.9749,-1,"[200.0, 200.0, 200.0, 200.0, 200.0, 200.0, 200.0, 200.0, 200.0, 200.0, 200.0, 200.0, 200.0, 200.0, 200.0, 200.0, 200.0, 200.0, 200.0, 200.0, 200.0, 200.0, 200.0, 200.0, 200.0, 200.0, 200.0, 200.0, 200.0, 200.0, 200.0, 200.0, 200.0, 200.0, 200.0, 200.0]",1,942.478,0.201247,0.029882,-0.0302691,0.0,"[8.60552, 8.37191, 8.81594, 10.1698, 13.4863, 19.5197, 78.5342, 69.0675, 59.7018, 50.6992, 42.3556, 34.9593, 28.7163, 23.6818, 16.7481, 11.3216, 8.72706, 7.41078, 6.78828]",-0.115276,"[-0.536119, 1.88515, -0.147085, 0.288281]",0.345933
1.0,-0.222501,0.0,0.0,8.73,0.0,1944.2,-13.363,93.9749,-1,"[200.0, 200.0, 200.0, 200.0, 200.0, 200.0, 200.0, 200.0, 200.0, 200.0, 200.0, 200.0, 200.0, 200.0, 200.0, 200.0, 200.0, 200.0, 200.0, 200.0, 200.0, 200.0, 200.0, 200.0, 200.0, 200.0, 200.0, 200.0, 200.0, 200.0, 200.0, 200.0, 200.0, 200.0, 200.0, 200.0]",1,942.478,-0.243077,0.0744601,-0.0129741,0.0,"[8.60523, 8.37158, 8.81554, 10.1692, 13.4854, 19.5176, 78.5363, 69.0697, 59.704, 50.7014, 42.3579, 34.9614, 28.7181, 23.6834, 16.7493, 11.3223, 8.72758, 7.41119, 6.78862]",-0.115233,"[1.53346, -0.413467, -0.579993, -0.12827]",0.345852
1.0,-0.222809,0.0,0.0,8.75,0.0,1944.19,-13.3655,93.9749,-1,"[200.0, 200.0, 200.0, 200.0, 200.0, 200.0, 200.0, 200.0, 200.0, 200.0, 200.0, 200.0, 200.0, 200.0, 200.0, 200.0, 200.0, 200.0, 200.0, 200.0, 200.0, 200.0, 200.0, 200.0, 200.0, 200.0, 200.0, 200.0, 200.0, 200.0, 200.0, 200.0, 200.0, 200.0, 200.0, 200.0]",1,942.478,-0.631268,0.0116649,0.00621556,0.0,"[8.60638, 8.37191, 8.81505, 10.1674, 13.48, 19.4999, 78.5693, 69.1027, 59.736, 50.7314, 42.3849, 34.9846, 28.737, 23.698, 16.7577, 11.3259, 8.72915, 7.41177, 6.7886]",-0.115293,"[-0.967227, 0.972349, -0.968273, -1.92907]",0.345762
1.0,-0.222921,0.0,0.0,8.77,0.0,1944.19,-13.3702,93.9749,-1,"[200.0, 200.0, 200.0, 200.0, 200.0, 200.0, 200.0, 200.0, 200.0, 200.0, 200.0, 200.0, 200.0, 200.0, 200.0, 200.0, 200.0, 200.0, 200.0, 200.0, 200.0, 200.0, 200.0, 200.0, 200.0, 200.0, 200.0, 200.0, 200.0, 200.0, 200.0, 200.0, 200.0, 200.0, 200.0, 200.0]",1,942.478,-1.04861,0.0499422,0.0236809,0.0,"[8.60758, 8.37279, 8.81567, 10.1677, 13.4793, 19.496, 78.5807, 69.1138, 59.7465, 50.7411, 42.3932, 34.9913, 28.7421, 23.7017, 16.7591, 11.326, 8.72876, 7.41114, 6.78781]",-0.115415,"[0.209009, -1.69409, -1.2544, -2.48126]",0.345703
1.0,-0.223108,0.0,0.0,8.79,0.0,1944.18,-13.3773,93.9749,-1,"[200.0, 200.0, 200.0, 200.0, 200.0, 200.0, 200.0, 200.0, 200.0, 200.0, 200.0, 200.0, 200.0, 200.0, 200.0, 200.0, 200.0, 200.0, 200.0, 200.0, 200.0, 200.0, 200.0, 200.0, 200.0, 200.0, 200.0, 200.0, 200.0, 200.0, 200.0, 200.0, 200.0, 200.0, 200.0, 200.0]",1,942.478,-1.53119,0.0265267,0.0388626,0.0,"[8.60943, 8.37412, 8.81656, 10.168, 13.478, 19.489, 78.5999, 69.1326, 59.7644, 50.7574, 42.4074, 35.003, 28.751, 23.7081, 16.762, 11.3264, 8.72827, 7.41026, 6.78665]",-0.115602,"[-1.94439, -0.137884, -1.21895, -1.47984]",0.345662
1.0,-0.223213,0.0,0.0,8.81,0.0,1944.17,-13.3867,93.9749,-1,"[200.0, 200.0, 200.0, 200.0, 200.0, 200.0, 200.0, 200.0, 200.0, 200.0, 200.0, 200.0, 200.0, 200.0, 200.0, 200.0, 200.0, 200.0, 200.0, 200.0, 200.0, 200.0, 200.0, 200.0, 200.0, 200.0, 200.0, 200.0, 200.0, 200.0, 200.0, 200.0, 200.0, 200.0, 200.0, 200.0]",1,942.478,-1.96131,0.0544008,0.0524181,0.0,"[8.61158, 8.37593, 8.8182, 10.1695, 13.4792, 19.4884, 78.6098, 69.142, 59.7729, 50.7647, 42.4133, 35.0072, 28.7536, 23.7092, 16.7614, 11.3249, 8.72665, 7.40858, 6.78491]",-0.115848,"[-0.655012, -2.33532, -1.49587, -2.22825]",0.345639
1.0,-0.223478,0.0,0.0,8.83,0.0,1944.16,-13.3986,93.9749,-1,"[200.0, 200.0, 200.0, 200.0, 200.0, 200.0, 200.0, 200.0, 200.0, 200.0, 200.0, 200.0, 200.0, 200.0, 200.0, 200.0, 200.0, 200.0, 200.0, 200.0, 200.0, 200.0, 200.0, 200.0, 200.0, 200.0, 200.0, 200.0, 200.0, 200.0, 200.0, 200.0, 200.0, 200.0, 200.0, 200.0]",1,942.478,-2.38638,0.0314423,0.0651491,0.0,"[8.61468, 8.37828, 8.81995, 10.1705, 13.4782, 19.48, 78.6366, 69.1681, 59.7976, 50.7871, 42.4325, 35.0226, 28.7651, 23.7173, 16.7645, 11.3248, 8.72538, 7.40681, 6.78279]",-0.116173,"[-2.67412, -0.940564, -2.38189, -2.25196]",0.345618
1.0,-0.223769,0.0,0.0,8.85,0.0,1944.15,-13.4126,93.9749,-1,"[200.0, 200.0, 200.0, 200.0, 200.0, 200.0, 200.0, 200.0, 200.0, 200.0, 200.0, 200.0, 200.0, 200.0, 200.0, 200.0, 200.0, 200.0, 200.0, 200.0, 200.0, 200.0, 200.0, 200.0, 200.0, 200.0, 200.0, 200.0, 200.0, 200.0, 200.0, 200.0, 200.0, 200.0, 200.0, 200.0]",1,942.478,-2.83157,0.0477758,0.0770106,0.0,"[8.61846, 8.3812, 8.82225, 10.172, 13.4777, 19.4718, 78.6658, 69.1964, 59.8242, 50.8111, 42.4529, 35.0389, 28.7771, 23.7253, 16.7671, 11.3241, 8.72352, 7.40449, 6.78011]",-0.116577,"[-1.38384, -3.05181, -2.35019, -2.68176]",0.345605
1.0,-0.224096,0.0,0.0,8.87,0.0,1944.13,-13.429,93.9749,-1,"[200.0, 200.0, 200.0, 200.0, 200.0, 200.0, 200.0, 200.0, 200.0, 200.0, 200.0, 200.0, 200.0, 200.0, 200.0, 200.0, 200.0, 200.0, 200.0, 200.0, 200.0, 200.0, 200.0, 200.0, 200.0, 200.0, 200.0, 200.0, 200.0, 200.0, 200.0, 200.0, 200.0, 200.0, 200.0, 200.0]",1,942.478,-3.25035,0.0418383,0.0869139,0.0,"[8.62284, 8.38461, 8.82495, 10.1739, 13.4774, 19.463, 78.6986, 69.2282, 59.854, 50.8379, 42.4757, 35.0569, 28.7902, 23.7341, 16.7699, 11.3231, 8.72132, 7.40174, 6.77698]",-0.117046,"[-3.37025, -1.6572, -2.99873, -3.41613]",0.345612
1.0,-0.224473,0.0,0.0,8.89,0.0,1944.11,-13.4476,93.9749,-1,"[200.0, 200.0, 200.0, 200.0, 200.0, 200.0, 200.0, 200.0, 200.0, 200.0, 200.0, 200.0, 200.0, 200.0, 200.0, 200.0, 200.0, 200.0, 200.0, 200.0, 200.0, 200.0, 200.0, 200.0, 200.0, 200.0, 200.0, 200.0, 200.0, 200.0, 200.0, 200.0, 200.0, 200.0, 200.0, 200.0]",1,942.478,-3.68133,0.044455,0.0952887,0.0,"[8.62787, 8.38853, 8.82807, 10.1761, 13.477, 19.4528, 78.7363, 69.2648, 59.8883, 50.8687, 42.5019, 35.0777, 28.8054, 23.7442, 16.7731, 11.322, 8.71877, 7.39858, 6.77337]",-0.117586,"[-2.13923, -3.73219, -3.9588, -3.32741]",0.345637
1.0,-0.224802,0.0,0.0,8.91,0.0,1944.09,-13.4688,93.9749,-1,"[200.0, 200.0, 200.0, 200.0, 200.0, 200.0, 200.0, 200.0, 200.0, 200.0, 200.0, 200.0, 200.0, 200.0, 200.0, 200.0, 200.0, 200.0, 200.0, 200.0, 200.0, 200.0, 200.0, 200.0, 200.0, 200.0, 200.0, 200.0, 200.0, 200.0, 200.0, 200.0, 200.0, 200.0, 200.0, 200.0]",1,942.478,-4.1,0.0456464,0.10243,0.0,"[8.63336, 8.39301, 8.83191, 10.1793, 13.4785, 19.4474, 78.7686, 69.2957, 59.917, 50.894, 42.5228, 35.0936, 28.8163, 23.7507, 16.7738, 11.3193, 8.7152, 7.39465, 6.76913]",-0.1182,"[-4.09072, -2.37666, -3.89442, -4.59684]",0.345682
1.0,-0.225236,0.0,0.0,8.93,0.0,1944.07,-13.4921,93.9749,-1,"[200.0, 200.0, 200.0, 200.0, 200.0, 200.0, 200.0, 200.0, 200.0, 200.0, 200.0, 200.0, 200.0, 200.0, 200.0, 200.0, 200.0, 200.0, 200.0, 200.0, 200.0, 200.0, 200.0, 200.0, 200.0, 200.0, 200.0, 200.0, 200.0, 200.0, 200.0, 200.0, 200.0, 200.0, 200.0, 200.0]",1,942.478,-4.5561,0.0463901,0.108664,0.0,"[8.63967, 8.39802, 8.83603, 10.1824, 13.4789, 19.4374, 78.8116, 69.3373, 59.9558, 50.9287, 42.552, 35.1164, 28.8326, 23.7613, 16.7765, 11.3172, 8.71163, 7.39046, 6.76449]",-0.118887,"[-2.89242, -4.44936, -4.41836, -3.86719]",0.34575
0.0,-0.225616,0.0,0.0,8.95,0.0,1944.04,-13.5165,93.9749,-1,"[200.0, 200.0, 200.0, 200.0, 200.0, 200.0, 200.0, 200.0, 200.0, 200.0, 200.0, 200.0, 200.0, 200.0, 200.0, 200.0, 200.0, 200.0, 200.0, 200.0, 200.0, 200.0, 200.0, 200.0, 200.0, 200.0, 200.0, 200.0, 200.0, 200.0, 200.0, 200.0, 200.0, 200.0, 200.0, 200.0]",1,942.478,-4.57775,0.0492765,0.113367,0.0,"[8.64612, 8.40331, 8.84058, 10.1862, 13.4809, 19.4315, 78.8487, 69.3728, 59.9886, 50.9576, 42.5759, 35.1345, 28.8449, 23.7685, 16.777, 11.314, 8.70736, 7.38581, 6.75948]",-0.11961,"[-4.56367, -2.9753, -2.97764, -3.10913]",0.345869
0.0,-0.22604,0.0,0.0,8.97,0.0,1944.02,-13.5408,93.9749,-1,"[200.0, 200.0, 200.0, 200.0, 200.0, 200.0, 200.0, 200.0, 200.0, 200.0, 200.0, 200.0, 200.0, 200.0, 200.0, 200.0, 200.0, 200.0, 200.0, 200.0, 200.0, 200.0, 200.0, 200.0, 200.0, 200.0, 200.0, 200.0, 200.0, 200.0, 200.0, 200.0, 200.0, 200.0, 200.0, 200.0]",1,942.478,-4.48675,0.0501635,0.115082,0.0,"[8.65263, 8.40853, 8.84493, 10.1897, 13.4818, 19.4227, 78.8907, 69.4132, 60.0263, 50.9911, 42.604, 35.1563, 28.8603, 23.7782, 16.7791, 11.3115, 8.70348, 7.38137, 6.75461]",-0.120324,"[-3.10721, -4.57572, -4.32925, -4.24274]",0.346051
0.0,-0.226403,0.0,0.0,8.99,0.0,1944.0,-13.5648,93.9749,-1,"[200.0, 200.0, 200.0, 200.0, 200.0, 200.0, 200.0, 200.0, 200.0, 200.0, 200.0, 200.0, 200.0, 200.0, 200.0, 200.0, 200.0, 200.0, 200.0, 200.0, 200.0, 200.0, 200.0, 200.0, 200.0, 200.0, 200.0, 200.0, 200.0, 200.0, 200.0, 200.0, 200.0, 200.0, 200.0, 200.0]",1,942.478,-4.53034,0.0551355,0.114216,0.0,"[8.65895, 8.41372, 8.84943, 10.1935, 13.484, 19.4176, 78.926, 69.4471, 60.0575, 51.0186, 42.6266, 35.1733, 28.8717, 23.7848, 16.7794, 11.3081, 8.69923, 7.37676, 6.74969]",-0.121033,"[-4.43995, -3.03258, -3.0322, -3.19797]",0.346265
0.0,-0.226789,0.0,0.0,9.01,0.0,1943.97,-13.5889,93.9749,-1,"[200.0, 200.0, 200.0, 200.0, 200.0, 200.0, 200.0, 200.0, 200.0, 200.0, 200.0, 200.0, 200.0, 200.0, 200.0, 200.0, 200.0, 200.0, 200.0, 200.0, 200.0, 200.0, 200.0, 200.0, 200.0, 200.0, 200.0, 200.0, 200.0, 200.0, 200.0, 200.0, 200.0, 200.0, 200.0, 200.0]",1,942.478,-4.42756,0.0575933,0.111539,0.0,"[8.66529, 8.41888, 8.85383, 10.1971, 13.4856, 19.411, 78.9639, 69.4834, 60.0912, 51.0484, 42.6514, 35.1922, 28.8848, 23.7927, 16.7804, 11.3052, 8.69515, 7.37227, 6.74484]",-0.121738,"[-3.09196, -4.49718, -4.4987, -4.38405]",0.346491
0.0,-0.22713,0.0,0.0,9.03,0.0,1943.95,-13.6128,93.9749,-1,"[200.0, 200.0, 200.0, 200.0, 200.0, 200.0, 200.0, 200.0, 200.0, 200.0, 200.0, 200.0, 200.0, 200.0, 200.0, 200.0, 200.0, 200.0, 200.0, 200.0, 200.0, 200.0, 200.0, 200.0, 200.0, 200.0, 200.0, 200.0, 200.0, 200.0, 200.0, 200.0, 200.0, 200.0, 200.0, 200.0]",1,942.478,-4.48178,0.0570766,0.107951,0.0,"[8.67151, 8.42403, 8.85834, 10.2011, 13.4881, 19.407, 78.9969, 69.5149, 60.1202, 51.0738, 42.6721, 35.2077, 28.895, 23.7984, 16.7801, 11.3017, 8.69082, 7.36765, 6.73995]",-0.122439,"[-4.37508, -3.01293, -2.97071, -3.1348]",0.346709
0.0,-0.227512,0.0,0.0,9.05,0.0,1943.92,-13.6365,93.9749,-1,"[200.0, 200.0, 200.0, 200.0, 200.0, 200.0, 200.0, 200.0, 200.0, 200.0, 200.0, 200.0, 200.0, 200.0, 200.0, 200.0, 200.0, 200.0, 200.0, 200.0, 200.0, 200.0, 200.0, 200.0, 200.0, 200.0, 200.0, 200.0, 200.0, 200.0, 200.0, 200.0, 200.0, 200.0, 200.0, 200.0]",1,942.478,-4.37703,0.0581048,0.104368,0.0,"[8.67779, 8.42915, 8.86269, 10.2047, 13.4897, 19.4005, 79.0343, 69.5509, 60.1536, 51.1033, 42.6967, 35.2265, 28.9079, 23.8062, 16.7811, 11.2987, 8.68677, 7.36319, 6.73515]",-0.123136,"[-3.05934, -4.45537, -4.46157, -4.35074]",0.346908
0.0,-0.227848,0.0,0.0,9.07,0.0,1943.9,-13.66,93.9749,-1,"[200.0, 200.0, 200.0, 200.0, 200.0, 200.0, 200.0, 200.0, 200.0, 200.0, 200.0, 200.0, 200.0, 200.0, 200.0, 200.0, 200.0, 200.0, 200.0, 200.0, 200.0, 200.0, 200.0, 200.0, 200.0, 200.0, 200.0, 200.0, 200.0, 200.0, 200.0, 200.0, 200.0, 200.0, 200.0, 200.0]",1,942.478,-4.43166,0.0573416,0.101378,0.0,"[8.68396, 8.43425, 8.86716, 10.2086, 13.4921, 19.3968, 79.067, 69.582, 60.1822, 51.1284, 42.7172, 35.2417, 28.918, 23.8117, 16.7808, 11.2952, 8.68247, 7.35862, 6.73031]",-0.123831,"[-4.34107, -2.96678, -2.93177, -3.08928]",0.347081
0.0,-0.228226,0.0,0.0,9.09,0.0,1943.88,-13.6835,93.9749,-1,"[200.0, 200.0, 200.0, 200.0, 200.0, 200.0, 200.0, 200.0, 200.0, 200.0, 200.0, 200.0, 200.0, 200.0, 200.0, 200.0, 200.0, 200.0, 200.0, 200.0, 200.0, 200.0, 200.0, 200.0, 200.0, 200.0, 200.0, 200.0, 200.0, 200.0, 200.0, 200.0, 200.0, 200.0, 200.0, 200.0]",1,942.478,-4.32712,0.0583731,0.0995396,0.0,"[8.69018, 8.43932, 8.87147, 10.2121, 13.4937, 19.3904, 79.104, 69.6177, 60.2153, 51.1576, 42.7414, 35.2604, 28.9308, 23.8195, 16.7818, 11.2923, 8.67846, 7.35421, 6.72554]",-0.124522,"[-3.00122, -4.42307, -4.40786, -4.30772]",0.347224
0.0,-0.228559,0.0,0.0,9.11,0.0,1943.85,-13.7068,93.9749,-1,"[200.0, 200.0, 200.0, 200.0, 200.0, 200.0, 200.0, 200.0, 200.0, 200.0, 200.0, 200.0, 200.0, 200.0, 200.0, 200.0, 200.0, 200.0, 200.0, 200.0, 200.0, 200.0, 200.0, 200.0, 200.0, 200.0, 200.0, 200.0, 200.0, 200.0, 200.0, 200.0, 200.0, 200.0, 200.0, 200.0]",1,942.478,-4.38063,0.0575168,0.0989274,0.0,"[8.69631, 8.44438, 8.87591, 10.216, 13.4962, 19.3866, 79.1363, 69.6485, 60.2437, 51.1825, 42.7618, 35.2755, 28.9408, 23.825, 16.7815, 11.2888, 8.67418, 7.34964, 6.72073]",-0.125212,"[-4.31899, -2.90731, -2.90173, -3.05149]",0.347338
0.0,-0.228912,0.0,0.0,9.13,0.0,1943.83,-13.73,93.9749,-1,"[200.0, 200.0, 200.0, 200.0, 200.0, 200.0, 200.0, 200.0, 200.0, 200.0, 200.0, 200.0, 200.0, 200.0, 200.0, 200.0, 200.0, 200.0, 200.0, 200.0, 200.0, 200.0, 200.0, 200.0, 200.0, 200.0, 200.0, 200.0, 200.0, 200.0, 200.0, 200.0, 200.0, 200.0, 200.0, 200.0]",1,942.478,-4.27681,0.0592787,0.102424,0.0,"[8.70242, 8.4494, 8.88024, 10.2197, 13.4982, 19.3817, 79.1707, 69.6815, 60.2741, 51.2093, 42.7839, 35.2923, 28.9521, 23.8316, 16.7818, 11.2856, 8.67007, 7.3452, 6.716]",-0.125895,"[-2.92148, -4.39041, -4.36445, -4.2741]",0.347449
0.0,-0.229238,0.0,0.0,9.15,0.0,1943.81,-13.7531,93.9749,-1,"[200.0, 200.0, 200.0, 200.0, 200.0, 200.0, 200.0, 200.0, 200.0, 200.0, 200.0, 200.0, 200.0, 200.0, 200.0, 200.0, 200.0, 200.0, 200.0, 200.0, 200.0, 200.0, 200.0, 200.0, 200.0, 200.0, 200.0, 200.0, 200.0, 200.0, 200.0, 200.0, 200.0, 200.0, 200.0, 200.0]",1,942.478,-4.32881,0.0576762,0.100915,0.0,"[8.70847, 8.45441, 8.88464, 10.2236, 13.5007, 19.3781, 79.2024, 69.7117, 60.3019, 51.2336, 42.8037, 35.307, 28.9618, 23.8369, 16.7814, 11.2821, 8.66582, 7.3407, 6.71125]",-0.126576,"[-4.28486, -2.86212, -2.87316, -3.01686]",0.347519
0.0,-0.229605,0.0,0.0,9.17,0.0,1943.78,-13.7759,93.9749,-1,"[200.0, 200.0, 200.0, 200.0, 200.0, 200.0, 200.0, 200.0, 200.0, 200.0, 200.0, 200.0, 200.0, 200.0, 200.0, 200.0, 200.0, 200.0, 200.0, 200.0, 200.0, 200.0, 200.0, 200.0, 200.0, 200.0, 200.0, 200.0, 200.0, 200.0, 200.0, 200.0, 200.0, 200.0, 200.0, 200.0]",1,942.478,-4.22731,0.0583051,0.100751,0.0,"[8.71459, 8.45939, 8.88889, 10.2271, 13.5023, 19.3723, 79.2384, 69.7463, 60.334, 51.262, 42.8274, 35.3251, 28.9742, 23.8443, 16.7822, 11.2792, 8.66185, 7.33635, 6.70656]",-0.127255,"[-2.8657, -4.37004, -4.27543, -4.19932]",0.347549
0.0,-0.229931,0.0,0.0,9.19,0.0,1943.76,-13.7987,93.9749,-1,"[200.0, 200.0, 200.0, 200.0, 200.0, 200.0, 200.0, 200.0, 200.0, 200.0, 200.0, 200.0, 200.0, 200.0, 200.0, 200.0, 200.0, 200.0, 200.0, 200.0, 200.0, 200.0, 200.0, 200.0, 200.0, 200.0, 200.0, 200.0, 200.0, 200.0, 200.0, 200.0, 200.0, 200.0, 200.0, 200.0]",1,942.478,-4.27745,0.0573299,0.10155,0.0,"[8.7206, 8.46436, 8.89324, 10.2309, 13.5048, 19.3687, 79.2699, 69.7764, 60.3617, 51.2863, 42.8472, 35.3398, 28.984, 23.8496, 16.7819, 11.2758, 8.65765, 7.33188, 6.70184]",-0.127931,"[-4.2476, -2.81495, -2.83657, -2.96823]",0.347547
0.0,-0.230294,0.0,0.0,9.21,0.0,1943.74,-13.8213,93.9749,-1,"[200.0, 200.0, 200.0, 200.0, 200.0, 200.0, 200.0, 200.0, 200.0, 200.0, 200.0, 200.0, 200.0, 200.0, 200.0, 200.0, 200.0, 200.0, 200.0, 200.0, 200.0, 200.0, 200.0, 200.0, 200.0, 200.0, 200.0, 200.0, 200.0, 200.0, 200.0, 200.0, 200.0, 200.0, 200.0, 200.0]",1,942.478,-4.17593,0.0584159,0.103232,0.0,"[8.72665, 8.46929, 8.89746, 10.2344, 13.5064, 19.3629, 79.3056, 69.8108, 60.3935, 51.3145, 42.8706, 35.3578, 28.9963, 23.8571, 16.7827, 11.2729, 8.65373, 7.32757, 6.69721]",-0.128603,"[-2.8159, -4.33067, -4.22167, -4.16036]",0.347519
0.0,-0.230615,0.0,0.0,9.23,0.0,1943.72,-13.8438,93.9749,-1,"[200.0, 200.0, 200.0, 200.0, 200.0, 200.0, 200.0, 200.0, 200.0, 200.0, 200.0, 200.0, 200.0, 200.0, 200.0, 200.0, 200.0, 200.0, 200.0, 200.0, 200.0, 200.0, 200.0, 200.0, 200.0, 200.0, 200.0, 200.0, 200.0, 200.0, 200.0, 200.0, 200.0, 200.0, 200.0, 200.0]",1,942.478,-4.22575,0.0576148,0.105278,0.0,"[8.7326, 8.47421, 8.90176, 10.2382, 13.5088, 19.3595, 79.3368, 69.8405, 60.4209, 51.3385, 42.8903, 35.3724, 29.006, 23.8623, 16.7824, 11.2694, 8.64955, 7.32315, 6.69255]",-0.129271,"[-4.20706, -2.76615, -2.79868, -2.92236]",0.34747
0.0,-0.230975,0.0,0.0,9.25,0.0,1943.69,-13.8661,93.9749,-1,"[200.0, 200.0, 200.0, 200.0, 200.0, 200.0, 200.0, 200.0, 200.0, 200.0, 200.0, 200.0, 200.0, 200.0, 200.0, 200.0, 200.0, 200.0, 200.0, 200.0, 200.0, 200.0, 200.0, 200.0, 200.0, 200.0, 200.0, 200.0, 200.0, 200.0, 200.0, 200.0, 200.0, 200.0, 200.0, 200.0]",1,942.478,-4.12422,0.0588028,0.107591,0.0,"[8.73859, 8.47909, 8.90592, 10.2416, 13.5104, 19.3537, 79.3722, 69.8744, 60.4524, 51.3663, 42.9135, 35.3901, 29.0182, 23.8697, 16.7832, 11.2666, 8.64567, 7.31889, 6.68797]",-0.129936,"[-2.77648, -4.278, -4.17129, -4.12115]",0.347407
0.0,-0.231293,0.0,0.0,9.27,0.0,1943.67,-13.8883,93.9749,-1,"[200.0, 200.0, 200.0, 200.0, 200.0, 200.0, 200.0, 200.0, 200.0, 200.0, 200.0, 200.0, 200.0, 200.0, 200.0, 200.0, 200.0, 200.0, 200.0, 200.0, 200.0, 200.0, 200.0, 200.0, 200.0, 200.0, 200.0, 200.0, 200.0, 200.0, 200.0, 200.0, 200.0, 200.0, 200.0, 200.0]",1,942.478,-4.17385,0.0577821,0.109748,0.0,"[8.7445, 8.48398, 8.91019, 10.2454, 13.5128, 19.3504, 79.403, 69.9038, 60.4795, 51.3901, 42.9329, 35.4046, 29.0277, 23.8749, 16.7829, 11.2632, 8.64151, 7.31449, 6.68334]",-0.130599,"[-4.16474, -2.7243, -2.75912, -2.87116]",0.347331
0.0,-0.231648,0.0,0.0,9.29,0.0,1943.65,-13.9103,93.9749,-1,"[200.0, 200.0, 200.0, 200.0, 200.0, 200.0, 200.0, 200.0, 200.0, 200.0, 200.0, 200.0, 200.0, 200.0, 200.0, 200.0, 200.0, 200.0, 200.0, 200.0, 200.0, 200.0, 200.0, 200.0, 200.0, 200.0, 200.0, 200.0, 200.0, 200.0, 200.0, 200.0, 200.0, 200.0, 200.0, 200.0]",1,942.478,-4.07226,0.0588692,0.111756,0.0,"[8.75046, 8.48881, 8.91432, 10.2488, 13.5144, 19.3448, 79.4379, 69.9375, 60.5107, 51.4178, 42.9559, 35.4222, 29.0398, 23.8821, 16.7837, 11.2603, 8.63766, 7.31027, 6.6788]",-0.131257,"[-2.72417, -4.23119, -4.12472, -4.08162]",0.347249
0.0,-0.231963,0.0,0.0,9.31,0.0,1943.63,-13.9323,93.9749,-1,"[200.0, 200.0, 200.0, 200.0, 200.0, 200.0, 200.0, 200.0, 200.0, 200.0, 200.0, 200.0, 200.0, 200.0, 200.0, 200.0, 200.0, 200.0, 200.0, 200.0, 200.0, 200.0, 200.0, 200.0, 200.0, 200.0, 200.0, 200.0, 200.0, 200.0, 200.0, 200.0, 200.0, 200.0, 200.0, 200.0]",1,942.478,-4.12148,0.0579305,0.113262,0.0,"[8.75627, 8.49364, 8.91855, 10.2525, 13.5168, 19.3415, 79.4685, 69.9666, 60.5377, 51.4414, 42.9752, 35.4367, 29.0493, 23.8874, 16.7833, 11.257, 8.63356, 7.30593, 6.67423]",-0.131912,"[-4.12955, -2.68484, -2.71976, -2.82229]",0.347164
0.0,-0.232314,0.0,0.0,9.33,0.0,1943.61,-13.954,93.9749,-1,"[200.0, 200.0, 200.0, 200.0, 200.0, 200.0, 200.0, 200.0, 200.0, 200.0, 200.0, 200.0, 200.0, 200.0, 200.0, 200.0, 200.0, 200.0, 200.0, 200.0, 200.0, 200.0, 200.0, 200.0, 200.0, 200.0, 200.0, 200.0, 200.0, 200.0, 200.0, 200.0, 200.0, 200.0, 200.0, 200.0]",1,942.478,-4.02024,0.0590973,0.114233,0.0,"[8.76216, 8.49842, 8.92262, 10.2559, 13.5184, 19.3359, 79.5031, 69.9999, 60.5686, 51.4687, 42.9979, 35.4541, 29.0613, 23.8946, 16.7842, 11.2541, 8.62976, 7.30175, 6.66974]",-0.132563,"[-2.6793, -4.18047, -4.07324, -4.0405]",0.34708
0.0,-0.232626,0.0,0.0,9.35,0.0,1943.58,-13.9756,93.9749,-1,"[200.0, 200.0, 200.0, 200.0, 200.0, 200.0, 200.0, 200.0, 200.0, 200.0, 200.0, 200.0, 200.0, 200.0, 200.0, 200.0, 200.0, 200.0, 200.0, 200.0, 200.0, 200.0, 200.0, 200.0, 200.0, 200.0, 200.0, 200.0, 200.0, 200.0, 200.0, 200.0, 200.0, 200.0, 200.0, 200.0]",1,942.478,-4.06915,0.0579513,0.114593,0.0,"[8.76795, 8.50319, 8.9268, 10.2595, 13.5208, 19.3327, 32.8989, 70.0288, 60.5951, 51.4921, 43.0171, 35.4684, 29.0707, 23.8997, 16.7838, 11.2508, 8.62569, 7.29746, 6.66522]",-0.133211,"[-4.08795, -2.64028, -2.67914, -2.77191]",0.346998
0.0,-0.232974,0.0,0.0,9.37,0.0,1943.56,-13.9971,93.9749,-1,"[200.0, 200.0, 200.0, 200.0, 200.0, 200.0, 200.0, 200.0, 200.0, 200.0, 200.0, 200.0, 200.0, 200.0, 200.0, 200.0, 200.0, 200.0, 200.0, 200.0, 200.0, 200.0, 200.0, 200.0, 200.0, 200.0, 200.0, 200.0, 200.0, 200.0, 200.0, 200.0, 200.0, 200.0, 200.0, 200.0]",1,942.478,-3.96802,0.0590193,0.114271,0.0,"[8.77378, 8.50793, 8.93083, 10.2629, 13.5223, 19.3272, 32.4662, 70.0618, 60.6258, 51.5192, 43.0397, 35.4857, 29.0827, 23.9069, 16.7847, 11.248, 8.62194, 7.29333, 6.66078]",-0.133855,"[-2.63355, -4.1277, -4.02711, -3.99858]",0.346922
0.0,-0.233282,0.0,0.0,9.39,0.0,1943.54,-14.0184,93.9749,-1,"[200.0, 200.0, 200.0, 200.0, 200.0, 200.0, 200.0, 200.0, 200.0, 200.0, 200.0, 200.0, 200.0, 200.0, 200.0, 200.0, 200.0, 200.0, 200.0, 200.0, 200.0, 200.0, 200.0, 200.0, 200.0, 200.0, 200.0, 200.0, 200.0, 200.0, 200.0, 200.0, 200.0, 200.0, 200.0, 200.0]",1,942.478,-4.01643,0.0578426,0.11335,0.0,"[8.77949, 8.51265, 8.93496, 10.2665, 13.5246, 19.324, 32.2107, 70.0904, 60.6522, 51.5424, 43.0587, 35.4998, 29.092, 23.912, 16.7843, 11.2447, 8.61792, 7.28908, 6.65631]",-0.134496,"[-4.04752, -2.60507, -2.63977, -2.72384]",0.346853
0.0,-0.233627,0.0,0.0,9.41,0.0,1943.52,-14.0397,93.9749,-1,"[200.0, 200.0, 200.0, 200.0, 200.0, 200.0, 200.0, 200.0, 200.0, 200.0, 200.0, 200.0, 200.0, 200.0, 200.0, 200.0, 200.0, 200.0, 200.0, 200.0, 200.0, 200.0, 200.0, 200.0, 200.0, 200.0, 200.0, 200.0, 200.0, 200.0, 200.0, 200.0, 200.0, 200.0, 200.0, 200.0]",1,942.478,-3.91551,0.0589507,0.11187,0.0,"[8.78526, 8.51734, 8.93895, 10.2698, 13.5262, 19.3186, 31.9568, 70.1231, 60.6825, 51.5693, 43.0811, 35.517, 29.1039, 23.9192, 16.7852, 11.242, 8.6142, 7.285, 6.65192]",-0.135133,"[-2.59206, -4.08065, -3.98128, -3.95808]",0.346795
0.0,-0.233931,0.0,0.0,9.43,0.0,1943.5,-14.0607,93.9749,-1,"[200.0, 200.0, 200.0, 200.0, 200.0, 200.0, 200.0, 200.0, 200.0, 200.0, 200.0, 200.0, 200.0, 200.0, 200.0, 200.0, 200.0, 200.0, 200.0, 200.0, 200.0, 200.0, 200.0, 200.0, 200.0, 200.0, 200.0, 200.0, 200.0, 200.0, 200.0, 200.0, 200.0, 200.0, 200.0, 200.0]",1,942.478,-3.96376,0.0577209,0.109842,0.0,"[8.79091, 8.52201, 8.94304, 10.2734, 13.5285, 19.3156, 31.7789, 70.1513, 60.7086, 51.5921, 43.0998, 35.531, 29.113, 23.9242, 16.7848, 11.2387, 8.61022, 7.28079, 6.64749]",-0.135767,"[-4.00396, -2.56189, -2.59768, -2.6794]",0.346747
0.0,-0.234271,0.0,0.0,9.45,0.0,1943.48,-14.0815,93.9749,-1,"[200.0, 200.0, 200.0, 200.0, 200.0, 200.0, 200.0, 200.0, 200.0, 200.0, 200.0, 200.0, 200.0, 200.0, 200.0, 200.0, 200.0, 200.0, 200.0, 200.0, 200.0, 200.0, 200.0, 200.0, 200.0, 200.0, 200.0, 200.0, 200.0, 200.0, 200.0, 200.0, 200.0, 200.0, 200.0, 200.0]",1,942.478,-3.86304,0.0587747,0.107435,0.0,"[8.79663, 8.52665, 8.94699, 10.2767, 13.53, 19.3103, 31.586, 70.1835, 60.7386, 51.6188, 43.122, 35.548, 29.1248, 23.9313, 16.7856, 11.236, 8.60652, 7.27674, 6.64314]",-0.136397,"[-2.54704, -4.03223, -3.93557, -3.91632]",0.346711
0.0,-0.234552,0.0,0.0,9.47,0.0,1943.46,-14.1024,93.9749,-1,"[200.0, 200.0, 200.0, 200.0, 200.0, 200.0, 200.0, 200.0, 200.0, 200.0, 200.0, 200.0, 200.0, 200.0, 200.0, 200.0, 200.0, 200.0, 200.0, 200.0, 200.0, 200.0, 200.0, 200.0, 200.0, 200.0, 200.0, 200.0, 200.0, 200.0, 200.0, 200.0, 200.0, 200.0, 200.0, 200.0]",1,942.478,-3.94622,0.0527912,0.131079,0.0,"[8.80219, 8.53129, 8.95111, 10.2803, 13.5327, 19.3084, 31.46, 70.2094, 60.7622, 51.6393, 43.1387, 35.5603, 29.1325, 23.9353, 16.7847, 11.2324, 8.60243, 7.27251, 6.63874]",-0.137025,"[-3.94925, -2.4946, -1.37086, -2.49691]",0.346717
0.0,-0.23495,0.0,0.0,9.49,0.0,1943.44,-14.123,93.9749,-1,"[200.0, 200.0, 200.0, 200.0, 200.0, 200.0, 200.0, 200.0, 200.0, 200.0, 200.0, 200.0, 200.0, 200.0, 200.0, 200.0, 200.0, 200.0, 200.0, 200.0, 200.0, 200.0, 200.0, 200.0, 200.0, 200.0, 200.0, 200.0, 200.0, 200.0, 200.0, 200.0, 200.0, 200.0, 200.0, 200.0]",1,942.478,-3.84597,0.050327,0.137377,0.0,"[8.80804, 8.53591, 8.95487, 10.2832, 13.5331, 19.2999, 31.2532, 70.2479, 60.7983, 51.6718, 43.1662, 35.5819, 29.1482, 23.9453, 16.7873, 11.2305, 8.59916, 7.26867, 6.63448]",-0.137655,"[-2.48915, -4.07914, -4.05901, -1.88209]",0.346881
0.0,-0.235246,0.0,0.0,9.51,0.0,1943.42,-14.1436,93.9749,-1,"[200.0, 200.0, 200.0, 200.0, 200.0, 200.0, 200.0, 200.0, 200.0, 200.0, 200.0, 200.0, 200.0, 200.0, 200.0, 200.0, 200.0, 200.0, 200.0, 200.0, 200.0, 200.0, 200.0, 200.0, 200.0, 200.0, 200.0, 200.0, 200.0, 200.0, 200.0, 200.0, 200.0, 200.0, 200.0, 200.0]",1,942.478,-3.81963,0.0556718,0.135888,0.0,"[8.81359, 8.5405, 8.95889, 10.2867, 13.5354, 19.297, 31.1357, 70.2753, 60.8237, 51.694, 43.1844, 35.5955, 29.1571, 23.9502, 16.7868, 11.2272, 8.59522, 7.26453, 6.63013]",-0.138277,"[-3.88259, -2.5007, -2.37843, -4.53923]",0.347091
0.0,-0.235577,0.0,0.0,9.53,0.0,1943.4,-14.1638,93.9749,-1,"[200.0, 200.0, 200.0, 200.0, 200.0, 200.0, 200.0, 200.0, 200.0, 200.0, 200.0, 200.0, 200.0, 200.0, 200.0, 200.0, 200.0, 200.0, 200.0, 200.0, 200.0, 200.0, 200.0, 200.0, 200.0, 200.0, 200.0, 200.0, 200.0, 200.0, 200.0, 200.0, 200.0, 200.0, 200.0, 200.0]",1,942.478,-3.78868,0.0566383,0.129377,0.0,"[8.81919, 8.54505, 8.96277, 10.2899, 13.537, 19.2921, 31.0006, 70.3068, 60.8529, 51.7199, 43.2059, 35.612, 29.1685, 23.957, 16.7876, 11.2245, 8.59158, 7.26055, 6.62587]",-0.138895,"[-2.45426, -4.01257, -4.05817, -1.96223]",0.347309
0.0,-0.235859,0.0,0.0,9.55,0.0,1943.38,-14.184,93.9749,-1,"[200.0, 200.0, 200.0, 200.0, 200.0, 200.0, 200.0, 200.0, 200.0, 200.0, 200.0, 200.0, 200.0, 200.0, 200.0, 200.0, 200.0, 200.0, 200.0, 200.0, 200.0, 200.0, 200.0, 200.0, 200.0, 200.0, 200.0, 200.0, 200.0, 200.0, 200.0, 200.0, 200.0, 200.0, 200.0, 200.0]",1,942.478,-3.76595,0.0571816,0.120447,0.0,"[8.82464, 8.54956, 8.96675, 10.2935, 13.5394, 19.2898, 30.9027, 70.333, 60.877, 51.741, 43.2231, 35.6247, 29.1767, 23.9614, 16.7869, 11.2212, 8.58766, 7.25645, 6.62159]",-0.139506,"[-3.83441, -2.4583, -2.34745, -4.48401]",0.347516
1.0,-0.2363,0.0,0.0,9.57,0.0,1943.35,-14.2052,93.9749,-1,"[200.0, 200.0, 200.0, 200.0, 200.0, 200.0, 200.0, 200.0, 200.0, 200.0, 200.0, 200.0, 200.0, 200.0, 200.0, 200.0, 200.0, 200.0, 200.0, 200.0, 200.0, 200.0, 200.0, 200.0, 200.0, 200.0, 200.0, 200.0, 200.0, 200.0, 200.0, 200.0, 200.0, 200.0, 200.0, 200.0]",1,942.478,-4.14734,0.0647737,0.112179,0.0,"[8.83074, 8.55431, 8.97053, 10.2961, 13.5392, 19.2792, 30.7195, 70.376, 60.9176, 51.7777, 43.2545, 35.6496, 29.195, 23.9735, 16.7906, 11.2197, 8.58451, 7.25261, 6.61726]",-0.140153,"[-2.63157, -4.11433, -4.86913, -4.32897]",0.347672
1.0,-0.236664,0.0,0.0,9.59,0.0,1943.33,-14.2288,93.9749,-1,"[200.0, 200.0, 200.0, 200.0, 200.0, 200.0, 200.0, 200.0, 200.0, 200.0, 200.0, 200.0, 200.0, 200.0, 200.0, 200.0, 200.0, 200.0, 200.0, 200.0, 200.0, 200.0, 200.0, 200.0, 200.0, 200.0, 200.0, 200.0, 200.0, 200.0, 200.0, 200.0, 200.0, 200.0, 200.0, 200.0]",1,942.478,-4.60471,0.0467989,0.107515,0.0,"[8.83724, 8.55963, 8.97512, 10.3001, 13.5414, 19.2748, 30.6009, 70.4102, 60.9492, 51.8057, 43.2776, 35.6672, 29.2067, 23.9803, 16.7908, 11.2162, 8.58009, 7.24789, 6.61225]",-0.140874,"[-4.51423, -2.80807, -4.50714, -4.37975]",0.347769
1.0,-0.237127,0.0,0.0,9.61,0.0,1943.31,-14.2545,93.9749,-1,"[200.0, 200.0, 200.0, 200.0, 200.0, 200.0, 200.0, 200.0, 200.0, 200.0, 200.0, 200.0, 200.0, 200.0, 200.0, 200.0, 200.0, 200.0, 200.0, 200.0, 200.0, 200.0, 200.0, 200.0, 200.0, 200.0, 200.0, 200.0, 200.0, 200.0, 200.0, 200.0, 200.0, 200.0, 200.0, 200.0]",1,942.478,-5.04044,0.0606878,0.106998,0.0,"[8.8446, 8.56553, 8.98005, 10.304, 13.5428, 19.2665, 30.4442, 70.4547, 60.9908, 51.8428, 43.3089, 35.6915, 29.2239, 23.991, 16.7928, 11.2132, 8.5756, 7.24286, 6.60677]",-0.141675,"[-3.30448, -4.89633, -4.77928, -4.6484]",0.347831
0.0,-0.237407,1.0,0.0,9.63,0.0,1943.28,-14.2781,93.9749,-1,"[200.0, 200.0, 200.0, 200.0, 200.0, 200.0, 200.0, 200.0, 200.0, 200.0, 200.0, 200.0, 200.0, 200.0, 200.0, 200.0, 200.0, 200.0, 200.0, 200.0, 200.0, 200.0, 200.0, 200.0, 200.0, 200.0, 200.0, 200.0, 200.0, 200.0, 200.0, 200.0, 200.0, 200.0, 200.0, 200.0]",1,942.478,-3.62632,0.0986437,0.103164,0.0,"[8.85081, 8.57078, 8.98481, 10.3084, 13.5465, 19.2667, 30.3808, 70.4798, 61.0136, 51.8623, 43.3244, 35.7024, 29.2303, 23.9936, 16.7906, 11.2086, 8.57071, 7.23792, 6.60173]",-0.142385,"[0.0, 0.0, -0.769697, -0.607286]",0.347975
1.0,-0.237649,0.0,0.0,9.65,0.0,1943.26,-14.2974,93.9749,-1,"[200.0, 200.0, 200.0, 200.0, 200.0, 200.0, 200.0, 200.0, 200.0, 200.0, 200.0, 200.0, 200.0, 200.0, 200.0, 200.0, 200.0, 200.0, 200.0, 200.0, 200.0, 200.0, 200.0, 200.0, 200.0, 200.0, 200.0, 200.0, 200.0, 200.0, 200.0, 200.0, 200.0, 200.0, 200.0, 200.0]",1,942.478,-3.8668,0.0378564,0.0930191,0.0,"[8.85591, 8.57507, 8.98865, 10.312, 13.5493, 19.266, 30.3224, 70.5019, 61.0338, 51.8798, 43.3384, 35.7125, 29.2365, 23.9964, 16.7892, 11.2051, 8.56681, 7.23396, 6.59765]",-0.142964,"[-2.168, -3.40048, -3.17819, -3.95635]",0.348165
1.0,-0.238036,0.0,0.0,9.67,0.0,1943.24,-14.3191,93.9749,-1,"[200.0, 200.0, 200.0, 200.0, 200.0, 200.0, 200.0, 200.0, 200.0, 200.0, 200.0, 200.0, 200.0, 200.0, 200.0, 200.0, 200.0, 200.0, 200.0, 200.0, 200.0, 200.0, 200.0, 200.0, 200.0, 200.0, 200.0, 200.0, 200.0, 200.0, 200.0, 200.0, 200.0, 200.0, 200.0, 200.0]",1,942.478,-4.2133,0.049536,0.086428,0.0,"[8.86213, 8.58006, 8.99284, 10.3153, 13.5506, 19.2592, 30.2056, 70.539, 61.0684, 51.9108, 43.3644, 35.7328, 29.2507, 24.0052, 16.7908, 11.2025, 8.56299, 7.22967, 6.593]",-0.143641,"[-4.94082, -5.71194, -4.00149, -4.35575]",0.348254
1.0,-0.238501,0.0,0.0,9.69,0.0,1943.22,-14.3431,93.9749,-1,"[200.0, 200.0, 200.0, 200.0, 200.0, 200.0, 200.0, 200.0, 200.0, 200.0, 200.0, 200.0, 200.0, 200.0, 200.0, 200.0, 200.0, 200.0, 200.0, 200.0, 200.0, 200.0, 200.0, 200.0, 200.0, 200.0, 200.0, 200.0, 200.0, 200.0, 200.0, 200.0, 200.0, 200.0, 200.0, 200.0]",1,942.478,-4.75689,0.0524702,0.0832174,0.0,"[8.86916, 8.58563, 8.99741, 10.3188, 13.5513, 19.25, 30.0661, 70.584, 61.1107, 51.9487, 43.3966, 35.758, 29.2688, 24.0168, 16.7935, 11.2, 8.55894, 7.22501, 6.58788]",-0.144397,"[-2.25026, -2.20599, -4.00659, -4.6616]",0.348267
1.0,-0.239,0.0,0.0,9.71,0.0,1943.19,-14.3694,93.9749,-1,"[200.0, 200.0, 200.0, 200.0, 200.0, 200.0, 200.0, 200.0, 200.0, 200.0, 200.0, 200.0, 200.0, 200.0, 200.0, 200.0, 200.0, 200.0, 200.0, 200.0, 200.0, 200.0, 200.0, 200.0, 200.0, 200.0, 200.0, 200.0, 200.0, 200.0, 200.0, 200.0, 200.0, 200.0, 200.0, 200.0]",1,942.478,-5.07277,0.0503784,0.0838168,0.0,"[8.87685, 8.59173, 9.00244, 10.3227, 13.5523, 19.2404, 29.9248, 70.6323, 61.1559, 51.9892, 43.4309, 35.7848, 29.2879, 24.029, 16.7963, 11.1971, 8.55443, 7.21986, 6.58224]",-0.145225,"[-5.89016, -6.00571, -5.74645, -4.54667]",0.348219
0.0,-0.239335,1.0,0.0,9.73,0.0,1943.17,-14.3938,93.9749,-1,"[200.0, 200.0, 200.0, 200.0, 200.0, 200.0, 200.0, 200.0, 200.0, 200.0, 200.0, 200.0, 200.0, 200.0, 200.0, 200.0, 200.0, 200.0, 200.0, 200.0, 200.0, 200.0, 200.0, 200.0, 200.0, 200.0, 200.0, 200.0, 200.0, 200.0, 200.0, 200.0, 200.0, 200.0, 200.0, 200.0]",1,942.478,-3.80247,0.0948694,0.0838736,0.0,"[8.88351, 8.59728, 9.00735, 10.3271, 13.5555, 19.2384, 29.8533, 70.6632, 61.1843, 52.0141, 43.4511, 35.7997, 29.2975, 24.0339, 16.7951, 11.1929, 8.54953, 7.2148, 6.57698]",-0.145975,"[0.0, 0.0, -1.08222, -0.92357]",0.348211
1.0,-0.239571,0.0,0.0,9.75,0.0,1943.15,-14.4141,93.9749,-1,"[200.0, 200.0, 200.0, 200.0, 200.0, 200.0, 200.0, 200.0, 200.0, 200.0, 200.0, 200.0, 200.0, 200.0, 200.0, 200.0, 200.0, 200.0, 200.0, 200.0, 200.0, 200.0, 200.0, 200.0, 200.0, 200.0, 200.0, 200.0, 200.0, 200.0, 200.0, 200.0, 200.0, 200.0, 200.0, 200.0]",1,942.478,-4.04094,0.048078,0.0795978,0.0,"[8.8889, 8.60184, 9.0115, 10.331, 13.5589, 19.2389, 29.8123, 70.6843, 61.2035, 52.0305, 43.4641, 35.8088, 29.3027, 24.0358, 16.793, 11.1888, 8.54523, 7.2105, 6.5726]",-0.14659,"[-2.12809, -1.53991, -3.59092, -5.37564]",0.348246
1.0,-0.240019,0.0,0.0,9.77,0.0,1943.12,-14.4366,93.9749,-1,"[200.0, 200.0, 200.0, 200.0, 200.0, 200.0, 200.0, 200.0, 200.0, 200.0, 200.0, 200.0, 200.0, 200.0, 200.0, 200.0, 200.0, 200.0, 200.0, 200.0, 200.0, 200.0, 200.0, 200.0, 200.0, 200.0, 200.0, 200.0, 200.0, 200.0, 200.0, 200.0, 200.0, 200.0, 200.0, 200.0]",1,942.478,-4.43564,0.0139754,0.0802835,0.0,"[8.89568, 8.6072, 9.01589, 10.3344, 13.5596, 19.23, 29.695, 70.7278, 61.2442, 52.0672, 43.4951, 35.8333, 29.3202, 24.0471, 16.7957, 11.1864, 8.54134, 7.20601, 6.56767]",-0.147317,"[-5.15719, -1.96058, -4.8075, -4.35648]",0.34816
1.0,-0.240304,0.0,0.0,9.79,0.0,1943.1,-14.4615,93.9749,-1,"[200.0, 200.0, 200.0, 200.0, 200.0, 200.0, 200.0, 200.0, 200.0, 200.0, 200.0, 200.0, 200.0, 200.0, 200.0, 200.0, 200.0, 200.0, 200.0, 200.0, 200.0, 200.0, 200.0, 200.0, 200.0, 200.0, 200.0, 200.0, 200.0, 200.0, 200.0, 200.0, 200.0, 200.0, 200.0, 200.0]",1,942.478,-4.86585,0.046999,0.0858388,0.0,"[8.90261, 8.61314, 9.02136, 10.3396, 13.5644, 19.2319, 29.6542, 70.7529, 61.2669, 52.0864, 43.51, 35.8433, 29.3255, 24.0484, 16.7922, 11.1809, 8.5356, 7.20035, 6.56194]",-0.148117,"[-2.31282, -5.62702, -4.05071, -5.74946]",0.347995
1.0,-0.240855,0.0,0.0,9.81,0.0,1943.07,-14.4888,93.9749,-1,"[200.0, 200.0, 200.0, 200.0, 200.0, 200.0, 200.0, 200.0, 200.0, 200.0, 200.0, 200.0, 200.0, 200.0, 200.0, 200.0, 200.0, 200.0, 200.0, 200.0, 200.0, 200.0, 200.0, 200.0, 200.0, 200.0, 200.0, 200.0, 200.0, 200.0, 200.0, 200.0, 200.0, 200.0, 200.0, 200.0]",1,942.478,-5.3159,0.0389924,0.09583,0.0,"[8.9108, 8.61959, 9.0266, 10.3436, 13.565, 19.2206, 29.5162, 70.8065, 61.3173, 52.1318, 43.5487, 35.8738, 29.3475, 24.0627, 16.7958, 11.1781, 8.53098, 7.19499, 6.55603]",-0.148992,"[-6.0437, -2.50113, -5.46102, -4.67647]",0.347746
0.0,-0.240818,1.0,0.0,9.83,0.0,1943.05,-14.5137,93.9749,-1,"[200.0, 200.0, 200.0, 200.0, 200.0, 200.0, 200.0, 200.0, 200.0, 200.0, 200.0, 200.0, 200.0, 200.0, 200.0, 200.0, 200.0, 200.0, 200.0, 200.0, 200.0, 200.0, 200.0, 200.0, 200.0, 200.0, 200.0, 200.0, 200.0, 200.0, 200.0, 200.0, 200.0, 200.0, 200.0, 200.0]",1,942.478,-3.88863,0.0916014,0.104273,0.0,"[8.91674, 8.6254, 9.03282, 10.351, 13.5758, 19.2399, 29.6006, 70.7966, 61.3056, 52.1184, 43.5338, 35.858, 29.3315, 24.0473, 16.7827, 11.1683, 8.52324, 7.1884, 6.55003]",-0.149765,"[0.0, 0.0, -1.24872, -1.12673]",0.347575
1.0,-0.241094,0.0,0.0,9.85,0.0,1943.03,-14.5344,93.9749,-1,"[200.0, 200.0, 200.0, 200.0, 200.0, 200.0, 200.0, 200.0, 200.0, 200.0, 200.0, 200.0, 200.0, 200.0, 200.0, 200.0, 200.0, 200.0, 200.0, 200.0, 200.0, 200.0, 200.0, 200.0, 200.0, 200.0, 200.0, 200.0, 200.0, 200.0, 200.0, 200.0, 200.0, 200.0, 200.0, 200.0]",1,942.478,-4.15584,0.0536273,0.106223,0.0,"[8.92242, 8.63015, 9.03706, 10.3548, 13.5787, 19.2387, 29.5506, 70.822, 61.3289, 52.1386, 43.5502, 35.87, 29.3391, 24.0509, 16.7814, 11.1645, 8.51897, 7.18402, 6.54551]",-0.150407,"[-1.89155, -1.89935, -3.43484, -4.55236]",0.347496
1.0,-0.241491,0.0,0.0,9.87,0.0,1943.0,-14.5574,93.9749,-1,"[200.0, 200.0, 200.0, 200.0, 200.0, 200.0, 200.0, 200.0, 200.0, 200.0, 200.0, 200.0, 200.0, 200.0, 200.0, 200.0, 200.0, 200.0, 200.0, 200.0, 200.0, 200.0, 200.0, 200.0, 200.0, 200.0, 200.0, 200.0, 200.0, 200.0, 200.0, 200.0, 200.0, 200.0, 200.0, 200.0]",1,942.478,-4.5352,0.0533005,0.11252,0.0,"[8.92914, 8.63558, 9.04165, 10.3586, 13.5805, 19.2329, 29.4637, 70.8599, 61.3642, 52.1701, 43.5765, 35.8902, 29.3531, 24.0594, 16.7824, 11.1613, 8.51464, 7.1793, 6.54045]",-0.15114,"[-2.4185, -5.18334, -3.98924, -5.05914]",0.347292
1.0,-0.241984,0.0,0.0,9.89,0.0,1942.98,-14.5829,93.9749,-1,"[200.0, 200.0, 200.0, 200.0, 200.0, 200.0, 200.0, 200.0, 200.0, 200.0, 200.0, 200.0, 200.0, 200.0, 200.0, 200.0, 200.0, 200.0, 200.0, 200.0, 200.0, 200.0, 200.0, 200.0, 200.0, 200.0, 200.0, 200.0, 200.0, 200.0, 200.0, 200.0, 200.0, 200.0, 200.0, 200.0]",1,942.478,-4.97164,0.0424498,0.124932,0.0,"[8.93675, 8.64161, 9.04662, 10.3625, 13.5814, 19.2237, 29.3512, 70.9077, 61.409, 52.2104, 43.6107, 35.9171, 29.3722, 24.0716, 16.7852, 11.1585, 8.51019, 7.17422, 6.5349]",-0.151957,"[-5.67924, -2.30825, -4.72067, -4.63834]",0.346979
1.0,-0.242379,0.0,0.0,9.91,0.0,1942.95,-14.6106,93.9749,-1,"[200.0, 200.0, 200.0, 200.0, 200.0, 200.0, 200.0, 200.0, 200.0, 200.0, 200.0, 200.0, 200.0, 200.0, 200.0, 200.0, 200.0, 200.0, 200.0, 200.0, 200.0, 200.0, 200.0, 200.0, 200.0, 200.0, 200.0, 200.0, 200.0, 200.0, 200.0, 200.0, 200.0, 200.0, 200.0, 200.0]",1,965.778,-5.39534,0.0428616,0.143846,0.0,"[8.94473, 8.64825, 9.0525, 10.3677, 13.5853, 19.2215, 29.2837, 70.9443, 61.4427, 52.2398, 43.6346, 35.9347, 29.3835, 24.0773, 16.7837, 11.1533, 8.50429, 7.16814, 6.52859]",-0.152852,"[-2.68766, -6.1427, -5.25818, -5.07251]",0.346583
0.0,-0.243272,1.0,0.0,9.93,0.0,1942.92,-14.6359,93.9749,-1,"[200.0, 200.0, 200.0, 200.0, 200.0, 200.0, 200.0, 200.0, 200.0, 200.0, 200.0, 200.0, 200.0, 200.0, 200.0, 200.0, 200.0, 200.0, 200.0, 200.0, 200.0, 200.0, 200.0, 200.0, 200.0, 200.0, 200.0, 200.0, 200.0, 200.0, 200.0, 200.0, 200.0, 200.0, 200.0, 200.0]",1,942.478,-3.97204,0.0967859,0.158652,0.0,"[8.95321, 8.65406, 9.0561, 10.3684, 13.5783, 19.1897, 29.0395, 71.0361, 61.5309, 52.3215, 43.7068, 35.9948, 29.4303, 24.1115, 16.7993, 11.1564, 8.50283, 7.16465, 6.5238]",-0.153649,"[0.0, 0.0, -1.64884, -1.54861]",0.34634
1.0,-0.243685,0.0,0.0,9.95,0.0,1942.9,-14.6571,93.9749,-1,"[200.0, 200.0, 200.0, 200.0, 200.0, 200.0, 200.0, 200.0, 200.0, 200.0, 200.0, 200.0, 200.0, 200.0, 200.0, 200.0, 200.0, 200.0, 200.0, 200.0, 200.0, 200.0, 200.0, 200.0, 200.0, 200.0, 200.0, 200.0, 200.0, 200.0, 200.0, 200.0, 200.0, 200.0, 200.0, 200.0]",1,942.478,-4.22367,0.0360148,0.160375,0.0,"[8.95941, 8.65893, 9.06008, 10.3714, 13.5788, 19.1816, 28.9547, 71.0763, 61.5688, 52.3557, 43.7359, 36.0177, 29.4468, 24.1222, 16.8021, 11.1543, 8.49932, 7.16059, 6.51933]",-0.154309,"[-4.12552, -2.26397, -3.8944, -3.52463]",0.346267
1.0,-0.244087,0.0,0.0,9.97,0.0,1942.88,-14.6807,93.9749,-1,"[200.0, 200.0, 200.0, 200.0, 200.0, 200.0, 200.0, 200.0, 200.0, 200.0, 200.0, 200.0, 200.0, 200.0, 200.0, 200.0, 200.0, 200.0, 200.0, 200.0, 200.0, 200.0, 200.0, 200.0, 200.0, 200.0, 200.0, 200.0, 200.0, 200.0, 200.0, 200.0, 200.0, 200.0, 200.0, 200.0]",1,942.478,-4.62173,0.0507414,0.167659,0.0,"[8.96639, 8.66459, 9.0649, 10.3754, 13.5808, 19.1763, 28.8833, 71.1147, 61.6045, 52.3875, 43.7624, 36.0382, 29.4609, 24.1305, 16.8028, 11.1508, 8.49474, 7.15562, 6.51405]",-0.155073,"[-3.09411, -5.35441, -4.78751, -4.84502]",0.346048
1.0,-0.244588,0.0,0.0,9.99,0.0,1942.85,-14.7065,93.9749,-1,"[200.0, 200.0, 200.0, 200.0, 200.0, 200.0, 200.0, 200.0, 200.0, 200.0, 200.0, 200.0, 200.0, 200.0, 200.0, 200.0, 200.0, 200.0, 200.0, 200.0, 200.0, 200.0, 200.0, 200.0, 200.0, 200.0, 200.0, 200.0, 200.0, 200.0, 200.0, 200.0, 200.0, 200.0, 200.0, 200.0]",1,943.705,-5.05642,0.042456,0.180602,0.0,"[8.97422, 8.6708, 9.07003, 10.3794, 13.582, 19.1673, 28.7881, 71.1633, 61.6502, 52.4285, 43.7973, 36.0655, 29.4804, 24.143, 16.8056, 11.1478, 8.49011, 7.15039, 6.50834]",-0.155912,"[-4.95584, -2.41088, -5.44767, -4.57065]",0.345734
0.0,-0.244785,1.0,0.0,10.01,0.0,1942.83,-14.7299,93.9749,-1,"[200.0, 200.0, 200.0, 200.0, 200.0, 200.0, 200.0, 200.0, 200.0, 200.0, 200.0, 200.0, 200.0, 200.0, 200.0, 200.0, 200.0, 200.0, 200.0, 200.0, 200.0, 200.0, 200.0, 200.0, 200.0, 200.0, 200.0, 200.0, 200.0, 200.0, 200.0, 200.0, 200.0, 200.0, 200.0, 200.0]",1,942.478,-3.59992,0.088916,0.18735,0.0,"[8.98046, 8.67628, 9.07523, 10.3847, 13.5876, 19.1726, 28.7817, 71.1794, 61.6641, 52.4396, 43.8049, 36.0695, 29.481, 24.1407, 16.8003, 11.1417, 8.48436, 7.14494, 6.50298]",-0.156647,"[0.0, 0.0, -1.7318, -1.62301]",0.345615
1.0,-0.245053,0.0,0.0,10.03,0.0,1942.81,-14.7493,93.9749,-1,"[200.0, 200.0, 200.0, 200.0, 200.0, 200.0, 200.0, 200.0, 200.0, 200.0, 200.0, 200.0, 200.0, 200.0, 200.0, 200.0, 200.0, 200.0, 200.0, 200.0, 200.0, 200.0, 200.0, 200.0, 200.0, 200.0, 200.0, 200.0, 200.0, 200.0, 200.0, 200.0, 200.0, 200.0, 200.0, 200.0]",1,942.478,-3.93776,0.0354594,0.179147,0.0,"[8.98587, 8.68078, 9.07921, 10.3883, 13.5903, 19.1713, 28.7438, 71.2042, 61.687, 52.4597, 43.8213, 36.0816, 29.4887, 24.1447, 16.7992, 11.1382, 8.48035, 7.14082, 6.49872]",-0.157253,"[-1.37828, -1.67193, -3.45534, -3.18173]",0.345664
1.0,-0.245406,0.0,0.0,10.05,0.0,1942.79,-14.771,93.9749,-1,"[200.0, 200.0, 200.0, 200.0, 200.0, 200.0, 200.0, 200.0, 200.0, 200.0, 200.0, 200.0, 200.0, 200.0, 200.0, 200.0, 200.0, 200.0, 200.0, 200.0, 200.0, 200.0, 200.0, 200.0, 200.0, 200.0, 200.0, 200.0, 200.0, 200.0, 200.0, 200.0, 200.0, 200.0, 200.0, 200.0]",1,942.478,-4.27458,0.0513277,0.178017,0.0,"[8.99237, 8.68608, 9.08379, 10.3922, 13.5926, 19.1676, 28.6883, 71.2377, 61.718, 52.4871, 43.8441, 36.099, 29.5004, 24.1513, 16.7993, 11.1346, 8.4759, 7.1361, 6.49375]",-0.157967,"[-4.19022, -5.01562, -3.59229, -3.9473]",0.345543
1.0,-0.245861,0.0,0.0,10.07,0.0,1942.77,-14.795,93.9749,-1,"[200.0, 200.0, 200.0, 200.0, 200.0, 200.0, 200.0, 200.0, 200.0, 200.0, 200.0, 200.0, 200.0, 200.0, 200.0, 200.0, 200.0, 200.0, 200.0, 200.0, 200.0, 200.0, 200.0, 200.0, 200.0, 200.0, 200.0, 200.0, 200.0, 200.0, 200.0, 200.0, 200.0, 200.0, 200.0, 200.0]",1,942.478,-4.77601,0.0388507,0.182995,0.0,"[8.99965, 8.69188, 9.08859, 10.396, 13.5939, 19.1599, 28.6084, 71.2817, 61.7594, 52.5243, 43.8755, 36.1236, 29.5178, 24.1623, 16.8014, 11.1317, 8.47151, 7.13118, 6.48842]",-0.158748,"[-3.04309, -2.07462, -4.25696, -4.62856]",0.345333
1.0,-0.246323,0.0,0.0,10.09,0.0,1942.74,-14.8214,93.9749,-1,"[200.0, 200.0, 200.0, 200.0, 200.0, 200.0, 200.0, 200.0, 200.0, 200.0, 200.0, 200.0, 200.0, 200.0, 200.0, 200.0, 200.0, 200.0, 200.0, 200.0, 200.0, 200.0, 200.0, 200.0, 200.0, 200.0, 200.0, 200.0, 200.0, 200.0, 200.0, 200.0, 200.0, 200.0, 200.0, 200.0]",1,942.478,-5.11339,0.057199,0.195175,0.0,"[9.00751, 8.69821, 9.09396, 10.4004, 13.596, 19.1534, 28.5334, 71.326, 61.8008, 52.5613, 43.9066, 36.1476, 29.5345, 24.1724, 16.8027, 11.1279, 8.46644, 7.12566, 6.48253]",-0.159604,"[-4.93341, -5.96537, -5.31288, -4.48964]",0.34509
0.0,-0.246831,1.0,0.0,10.11,0.0,1942.71,-14.8456,93.9749,-1,"[200.0, 200.0, 200.0, 200.0, 200.0, 200.0, 200.0, 200.0, 200.0, 200.0, 200.0, 200.0, 200.0, 200.0, 200.0, 200.0, 200.0, 200.0, 200.0, 200.0, 200.0, 200.0, 200.0, 200.0, 200.0, 200.0, 200.0, 200.0, 200.0, 200.0, 200.0, 200.0, 200.0, 200.0, 200.0, 200.0]",1,942.478,-3.78803,0.0969993,0.199831,0.0,"[9.01486, 8.70393, 9.09854, 10.4037, 13.5961, 19.1427, 28.4415, 71.3761, 61.8481, 52.6041, 43.9433, 36.1768, 29.5559, 24.1865, 16.8067, 11.1258, 8.46251, 7.121, 6.47733]",-0.160376,"[0.0, 0.0, -1.07956, -0.965259]",0.345067
1.0,-0.247095,0.0,0.0,10.13,0.0,1942.69,-14.8657,93.9749,-1,"[200.0, 200.0, 200.0, 200.0, 200.0, 200.0, 200.0, 200.0, 200.0, 200.0, 200.0, 200.0, 200.0, 200.0, 200.0, 200.0, 200.0, 200.0, 200.0, 200.0, 200.0, 200.0, 200.0, 200.0, 200.0, 200.0, 200.0, 200.0, 200.0, 200.0, 200.0, 200.0, 200.0, 200.0, 200.0, 200.0]",1,942.478,-4.03392,0.049904,0.18728,0.0,"[9.02048, 8.70862, 9.10271, 10.4075, 13.5991, 19.1421, 28.4103, 71.4003, 61.8703, 52.6235, 43.959, 36.1882, 29.563, 24.1898, 16.8052, 11.122, 8.45822, 7.11666, 6.47288]",-0.161007,"[-2.08373, -1.23354, -3.58284, -5.3495]",0.345243
1.0,-0.247507,0.0,0.0,10.15,0.0,1942.67,-14.8883,93.9749,-1,"[200.0, 200.0, 200.0, 200.0, 200.0, 200.0, 200.0, 200.0, 200.0, 200.0, 200.0, 200.0, 200.0, 200.0, 200.0, 200.0, 200.0, 200.0, 200.0, 200.0, 200.0, 200.0, 200.0, 200.0, 200.0, 200.0, 200.0, 200.0, 200.0, 200.0, 200.0, 200.0, 200.0, 200.0, 200.0, 200.0]",1,942.478,-4.41461,0.022496,0.181456,0.0,"[9.0274, 8.71418, 9.1074, 10.4113, 13.6008, 19.1361, 28.3465, 71.44, 61.9074, 52.6567, 43.987, 36.21, 29.5782, 24.1991, 16.8066, 11.1188, 8.45384, 7.11185, 6.46774]",-0.161755,"[-5.1215, -2.19101, -4.09985, -5.21166]",0.345273
1.0,-0.247913,0.0,0.0,10.17,0.0,1942.65,-14.9131,93.9749,-1,"[200.0, 200.0, 200.0, 200.0, 200.0, 200.0, 200.0, 200.0, 200.0, 200.0, 200.0, 200.0, 200.0, 200.0, 200.0, 200.0, 200.0, 200.0, 200.0, 200.0, 200.0, 200.0, 200.0, 200.0, 200.0, 200.0, 200.0, 200.0, 200.0, 200.0, 200.0, 200.0, 200.0, 200.0, 200.0, 200.0]",1,942.478,-4.88222,0.0447196,0.180809,0.0,"[9.03487, 8.72028, 9.11266, 10.4158, 13.6035, 19.132, 28.2902, 71.4785, 61.9432, 52.6885, 44.0134, 36.2301, 29.5917, 24.2068, 16.8066, 11.1146, 8.44871, 7.10642, 6.46203]",-0.162576,"[-2.35107, -5.63655, -4.80229, -3.98776]",0.345261
1.0,-0.248369,0.0,0.0,10.19,0.0,1942.62,-14.9401,93.9749,-1,"[200.0, 200.0, 200.0, 200.0, 200.0, 200.0, 200.0, 200.0, 200.0, 200.0, 200.0, 200.0, 200.0, 200.0, 200.0, 200.0, 200.0, 200.0, 200.0, 200.0, 200.0, 200.0, 200.0, 200.0, 200.0, 200.0, 200.0, 200.0, 200.0, 200.0, 200.0, 200.0, 200.0, 200.0, 200.0, 200.0]",1,978.846,-5.28429,0.0436425,0.183855,0.0,"[9.04305, 8.72692, 9.11835, 10.4207, 13.6062, 19.1269, 28.2262, 71.522, 61.9837, 52.7245, 44.0435, 36.2531, 29.6075, 24.216, 16.807, 11.1103, 8.44322, 7.10056, 6.45583]",-0.163469,"[-5.96984, -2.47014, -5.48622, -5.26318]",0.34526
0.0,-0.248421,1.0,0.0,10.21,0.0,1942.6,-14.9648,93.9749,-1,"[200.0, 200.0, 200.0, 200.0, 200.0, 200.0, 200.0, 200.0, 200.0, 200.0, 200.0, 200.0, 200.0, 200.0, 200.0, 200.0, 200.0, 200.0, 200.0, 200.0, 200.0, 200.0, 200.0, 200.0, 200.0, 200.0, 200.0, 200.0, 200.0, 200.0, 200.0, 200.0, 200.0, 200.0, 200.0, 200.0]",1,942.478,-3.89136,0.0915235,0.179121,0.0,"[9.04943, 8.73291, 9.1245, 10.4276, 13.6155, 19.1413, 28.2649, 71.5217, 61.9814, 52.72, 44.0366, 36.2441, 29.597, 24.2048, 16.7962, 11.1013, 8.4358, 7.09403, 6.44975]",-0.164269,"[0.0, 0.0, -1.13762, -0.962446]",0.345457
1.0,-0.248618,0.0,0.0,10.23,0.0,1942.57,-14.9855,93.9748,-1,"[200.0, 200.0, 200.0, 200.0, 200.0, 200.0, 200.0, 200.0, 200.0, 200.0, 200.0, 200.0, 200.0, 200.0, 200.0, 200.0, 200.0, 200.0, 200.0, 200.0, 200.0, 200.0, 200.0, 200.0, 200.0, 200.0, 200.0, 200.0, 200.0, 200.0, 200.0, 200.0, 200.0, 200.0, 200.0, 200.0]",1,942.478,-4.13185,0.0439788,0.160576,0.0,"[9.0551, 8.73783, 9.1291, 10.4322, 13.6201, 19.145, 28.2552, 71.5385, 61.9963, 52.7322, 44.0457, 36.2496, 29.599, 24.204, 16.7921, 11.0962, 8.43078, 7.08921, 6.44498]",-0.164928,"[-1.61579, -1.90145, -3.54653, -5.02772]",0.345783
1.0,-0.249031,0.0,0.0,10.25,0.0,1942.55,-15.0084,93.9748,-1,"[200.0, 200.0, 200.0, 200.0, 200.0, 200.0, 200.0, 200.0, 200.0, 200.0, 200.0, 200.0, 200.0, 200.0, 200.0, 200.0, 200.0, 200.0, 200.0, 200.0, 200.0, 200.0, 200.0, 200.0, 200.0, 200.0, 200.0, 200.0, 200.0, 200.0, 200.0, 200.0, 200.0, 200.0, 200.0, 200.0]",1,942.478,-4.49061,0.0446614,0.146942,0.0,"[9.06215, 8.74351, 9.1339, 10.4361, 13.622, 19.1393, 28.1954, 71.5782, 62.0334, 52.7655, 44.0736, 36.2713, 29.6141, 24.2131, 16.7932, 11.0928, 8.42623, 7.08428, 6.43971]",-0.165692,"[-5.17415, -5.32044, -4.79078, -3.94229]",0.345998
1.0,-0.249468,0.0,0.0,10.27,0.0,1942.53,-15.0338,93.9748,-1,"[200.0, 200.0, 200.0, 200.0, 200.0, 200.0, 200.0, 200.0, 200.0, 200.0, 200.0, 200.0, 200.0, 200.0, 200.0, 200.0, 200.0, 200.0, 200.0, 200.0, 200.0, 200.0, 200.0, 200.0, 200.0, 200.0, 200.0, 200.0, 200.0, 200.0, 200.0, 200.0, 200.0, 200.0, 200.0, 200.0]",1,942.478,-5.00394,0.04385,0.136978,0.0,"[9.06987, 8.74974, 9.1392, 10.4406, 13.6243, 19.134, 28.135, 71.6201, 62.0725, 52.8003, 44.1028, 36.2937, 29.6295, 24.2223, 16.7939, 11.0889, 8.42113, 7.07881, 6.43391]",-0.16653,"[-2.49184, -2.36399, -4.59659, -4.88525]",0.346171
0.0,-0.249933,1.0,0.0,10.29,0.0,1942.5,-15.0563,93.9748,-1,"[200.0, 200.0, 200.0, 200.0, 200.0, 200.0, 200.0, 200.0, 200.0, 200.0, 200.0, 200.0, 200.0, 200.0, 200.0, 200.0, 200.0, 200.0, 200.0, 200.0, 200.0, 200.0, 200.0, 200.0, 200.0, 200.0, 200.0, 200.0, 200.0, 200.0, 200.0, 200.0, 200.0, 200.0, 200.0, 200.0]",1,942.478,-3.4761,0.0921948,0.123588,0.0,"[9.07678, 8.75512, 9.14355, 10.4438, 13.6247, 19.1248, 28.0615, 71.6658, 62.1157, 52.8394, 44.1363, 36.3204, 29.649, 24.235, 16.7974, 11.0867, 8.41733, 7.07437, 6.42902]",-0.167257,"[0.0, 0.0, -1.52871, -1.32409]",0.346444
1.0,-0.250239,0.0,0.0,10.31,0.0,1942.49,-15.075,93.9748,-1,"[200.0, 200.0, 200.0, 200.0, 200.0, 200.0, 200.0, 200.0, 200.0, 200.0, 200.0, 200.0, 200.0, 200.0, 200.0, 200.0, 200.0, 200.0, 200.0, 200.0, 200.0, 200.0, 200.0, 200.0, 200.0, 200.0, 200.0, 200.0, 200.0, 200.0, 200.0, 200.0, 200.0, 200.0, 200.0, 200.0]",1,942.478,-3.79975,0.0364831,0.103321,0.0,"[9.08226, 8.75956, 9.14734, 10.447, 13.6264, 19.1212, 28.0215, 71.695, 62.143, 52.8637, 44.1567, 36.336, 29.6597, 24.2412, 16.7977, 11.0838, 8.41367, 7.07046, 6.42489]",-0.167853,"[-1.51831, -1.4444, -3.31552, -3.25923]",0.34674
1.0,-0.250531,0.0,0.0,10.33,0.0,1942.46,-15.0959,93.9748,-1,"[200.0, 200.0, 200.0, 200.0, 200.0, 200.0, 200.0, 200.0, 200.0, 200.0, 200.0, 200.0, 200.0, 200.0, 200.0, 200.0, 200.0, 200.0, 200.0, 200.0, 200.0, 200.0, 200.0, 200.0, 200.0, 200.0, 200.0, 200.0, 200.0, 200.0, 200.0, 200.0, 200.0, 200.0, 200.0, 200.0]",1,942.478,-4.12274,0.0345926,0.0901784,0.0,"[9.08852, 8.7648, 9.152, 10.4512, 13.6298, 19.1208, 27.9919, 71.7219, 62.1677, 52.8853, 44.174, 36.3487, 29.6675, 24.2449, 16.796, 11.0795, 8.40888, 7.06561, 6.41992]",-0.168555,"[-4.05499, -4.9178, -3.86906, -3.97747]",0.346922
1.0,-0.250977,0.0,0.0,10.35,0.0,1942.44,-15.1193,93.9748,-1,"[200.0, 200.0, 200.0, 200.0, 200.0, 200.0, 200.0, 200.0, 200.0, 200.0, 200.0, 200.0, 200.0, 200.0, 200.0, 200.0, 200.0, 200.0, 200.0, 200.0, 200.0, 200.0, 200.0, 200.0, 200.0, 200.0, 200.0, 200.0, 200.0, 200.0, 200.0, 200.0, 200.0, 200.0, 200.0, 200.0]",1,942.478,-4.62474,0.0442935,0.082649,0.0,"[9.09581, 8.7706, 9.15683, 10.4551, 13.6312, 19.1138, 27.9291, 71.7653, 62.2085, 52.922, 44.2052, 36.3731, 29.6848, 24.2557, 16.798, 11.0764, 8.40441, 7.06066, 6.41458]",-0.169335,"[-2.91977, -1.97595, -3.73896, -5.4025]",0.347059
1.0,-0.251409,0.0,0.0,10.37,0.0,1942.42,-15.1448,93.9748,-1,"[200.0, 200.0, 200.0, 200.0, 200.0, 200.0, 200.0, 200.0, 200.0, 200.0, 200.0, 200.0, 200.0, 200.0, 200.0, 200.0, 200.0, 200.0, 200.0, 200.0, 200.0, 200.0, 200.0, 200.0, 200.0, 200.0, 200.0, 200.0, 200.0, 200.0, 200.0, 200.0, 200.0, 200.0, 200.0, 200.0]",1,942.478,-4.96332,0.0481929,0.0797295,0.0,"[9.10365, 8.77695, 9.16227, 10.4597, 13.6339, 19.1091, 27.8754, 71.8066, 62.2469, 52.9563, 44.2338, 36.395, 29.6998, 24.2644, 16.7983, 11.0722, 8.39913, 7.05502, 6.40866]",-0.170188,"[-4.83985, -5.8505, -5.64921, -4.40829]",0.347179
1.0,-0.251951,0.0,0.0,10.39,0.0,1942.39,-15.1726,93.9748,-1,"[200.0, 200.0, 200.0, 200.0, 200.0, 200.0, 200.0, 200.0, 200.0, 200.0, 200.0, 200.0, 200.0, 200.0, 200.0, 200.0, 200.0, 200.0, 200.0, 200.0, 200.0, 200.0, 200.0, 200.0, 200.0, 200.0, 200.0, 200.0, 200.0, 200.0, 200.0, 200.0, 200.0, 200.0, 200.0, 200.0]",1,956.584,-5.48921,0.0502295,0.0805887,0.0,"[9.1124, 8.7839, 9.16803, 10.4642, 13.6354, 19.1004, 27.8013, 71.8594, 62.2966, 53.001, 44.2718, 36.4249, 29.721, 24.2778, 16.801, 11.0686, 8.39382, 7.04912, 6.40228]",-0.171122,"[-3.62282, -2.60821, -5.45686, -5.14667]",0.3473
0.0,-0.252209,1.0,0.0,10.41,0.0,1942.36,-15.198,93.9748,-1,"[200.0, 200.0, 200.0, 200.0, 200.0, 200.0, 200.0, 200.0, 200.0, 200.0, 200.0, 200.0, 200.0, 200.0, 200.0, 200.0, 200.0, 200.0, 200.0, 200.0, 200.0, 200.0, 200.0, 200.0, 200.0, 200.0, 200.0, 200.0, 200.0, 200.0, 200.0, 200.0, 200.0, 200.0, 200.0, 200.0]",1,942.478,-3.98896,0.0983486,0.079308,0.0,"[9.11956, 8.79008, 9.17377, 10.4698, 13.641, 19.1044, 27.789, 71.8817, 62.3165, 53.0176, 44.2844, 36.4328, 29.7244, 24.2775, 16.7962, 11.0622, 8.38757, 7.0431, 6.39631]",-0.171948,"[0.0, 0.0, -1.02186, -0.852062]",0.347491
1.0,-0.25252,0.0,0.0,10.43,0.0,1942.34,-15.219,93.9748,-1,"[200.0, 200.0, 200.0, 200.0, 200.0, 200.0, 200.0, 200.0, 200.0, 200.0, 200.0, 200.0, 200.0, 200.0, 200.0, 200.0, 200.0, 200.0, 200.0, 200.0, 200.0, 200.0, 200.0, 200.0, 200.0, 200.0, 200.0, 200.0, 200.0, 200.0, 200.0, 200.0, 200.0, 200.0, 200.0, 200.0]",1,942.478,-4.19556,0.0510932,0.0736155,0.0,"[9.12571, 8.79514, 9.1782, 10.4738, 13.6437, 19.1025, 27.7558, 71.9109, 62.3436, 53.0415, 44.3041, 36.4476, 29.7341, 24.2826, 16.7954, 11.0584, 8.38312, 7.0385, 6.39154]",-0.172628,"[-2.11077, -1.83973, -4.62088, -4.79918]",0.344243
1.0,-0.252845,0.0,0.0,10.45,0.0,1942.32,-15.2424,93.9748,-1,"[200.0, 200.0, 200.0, 200.0, 200.0, 200.0, 200.0, 200.0, 200.0, 200.0, 200.0, 200.0, 200.0, 200.0, 200.0, 200.0, 200.0, 200.0, 200.0, 200.0, 200.0, 200.0, 200.0, 200.0, 200.0, 200.0, 200.0, 200.0, 200.0, 200.0, 200.0, 200.0, 200.0, 200.0, 200.0, 200.0]",1,942.478,-4.6408,0.0335828,0.0726792,0.0,"[9.13281, 8.80107, 9.1835, 10.4786, 13.6477, 19.1022, 27.7266, 71.9409, 62.3711, 53.0654, 44.3234, 36.4616, 29.7427, 24.2864, 16.7933, 11.0534, 8.37764, 7.03299, 6.38591]",-0.173422,"[-1.40048, -5.32521, -4.26949, -4.00995]",0.344013
1.0,-0.253283,0.0,0.0,10.47,0.0,1942.29,-15.2681,93.9748,-1,"[200.0, 200.0, 200.0, 200.0, 200.0, 200.0, 200.0, 200.0, 200.0, 200.0, 200.0, 200.0, 200.0, 200.0, 200.0, 200.0, 200.0, 200.0, 200.0, 200.0, 200.0, 200.0, 200.0, 200.0, 200.0, 200.0, 200.0, 200.0, 200.0, 200.0, 200.0, 200.0, 200.0, 200.0, 200.0, 200.0]",1,942.478,-5.0507,0.0453522,0.0766242,0.0,"[9.14084, 8.80758, 9.18909, 10.4834, 13.6504, 19.0978, 27.676, 71.9827, 62.4101, 53.1002, 44.3525, 36.4839, 29.7578, 24.2952, 16.7935, 11.049, 8.37219, 7.02721, 6.37984]",-0.174296,"[-4.94083, -2.45541, -4.46436, -5.25406]",0.343812
0.0,-0.253405,1.0,0.0,10.49,0.0,1942.27,-15.2913,93.9748,-1,"[200.0, 200.0, 200.0, 200.0, 200.0, 200.0, 200.0, 200.0, 200.0, 200.0, 200.0, 200.0, 200.0, 200.0, 200.0, 200.0, 200.0, 200.0, 200.0, 200.0, 200.0, 200.0, 200.0, 200.0, 200.0, 200.0, 200.0, 200.0, 200.0, 200.0, 200.0, 200.0, 200.0, 200.0, 200.0, 200.0]",1,942.478,-3.59414,0.0882607,0.0789382,0.0,"[9.14714, 8.81329, 9.19472, 10.4895, 13.6578, 19.1076, 27.6921, 71.9905, 62.4159, 53.1035, 44.353, 36.4814, 29.7529, 24.2884, 16.7853, 11.0414, 8.36559, 7.02123, 6.37415]",-0.175059,"[0.0, 0.0, -1.26295, -1.1339]",0.343781
1.0,-0.253676,0.0,0.0,10.51,0.0,1942.25,-15.3103,93.9748,-1,"[200.0, 200.0, 200.0, 200.0, 200.0, 200.0, 200.0, 200.0, 200.0, 200.0, 200.0, 200.0, 200.0, 200.0, 200.0, 200.0, 200.0, 200.0, 200.0, 200.0, 200.0, 200.0, 200.0, 200.0, 200.0, 200.0, 200.0, 200.0, 200.0, 200.0, 200.0, 200.0, 200.0, 200.0, 200.0, 200.0]",1,942.478,-3.88557,0.0345083,0.077111,0.0,"[9.15282, 8.81801, 9.19891, 10.4932, 13.6607, 19.1068, 27.6663, 72.0158, 62.4392, 53.124, 44.3696, 36.4937, 29.7607, 24.2923, 16.784, 11.0376, 8.36131, 7.01689, 6.36969]",-0.175691,"[-1.98456, -1.52592, -3.44817, -3.41195]",0.343863
1.0,-0.253974,0.0,0.0,10.53,0.0,1942.23,-15.3318,93.9748,-1,"[200.0, 200.0, 200.0, 200.0, 200.0, 200.0, 200.0, 200.0, 200.0, 200.0, 200.0, 200.0, 200.0, 200.0, 200.0, 200.0, 200.0, 200.0, 200.0, 200.0, 200.0, 200.0, 200.0, 200.0, 200.0, 200.0, 200.0, 200.0, 200.0, 200.0, 200.0, 200.0, 200.0, 200.0, 200.0, 200.0]",1,942.478,-4.20452,0.0380481,0.0799343,0.0,"[9.15933, 8.82345, 9.20376, 10.4977, 13.6643, 19.1065, 27.6401, 72.0434, 62.4645, 53.146, 44.3875, 36.5066, 29.7687, 24.2959, 16.7821, 11.033, 8.35629, 7.01184, 6.36452]",-0.176419,"[-5.00241, -5.06712, -3.82859, -5.00085]",0.343927
1.0,-0.254473,0.0,0.0,10.55,0.0,1942.2,-15.3557,93.9748,-1,"[200.0, 200.0, 200.0, 200.0, 200.0, 200.0, 200.0, 200.0, 200.0, 200.0, 200.0, 200.0, 200.0, 200.0, 200.0, 200.0, 200.0, 200.0, 200.0, 200.0, 200.0, 200.0, 200.0, 200.0, 200.0, 200.0, 200.0, 200.0, 200.0, 200.0, 200.0, 200.0, 200.0, 200.0, 200.0, 200.0]",1,942.478,-4.72258,0.0462778,0.087517,0.0,"[9.16701, 8.82945, 9.20862, 10.5014, 13.665, 19.0975, 27.5736, 72.0925, 62.5109, 53.188, 44.4235, 36.5352, 29.7894, 24.3092, 16.7854, 11.0303, 8.35194, 7.00684, 6.35908]",-0.177225,"[-2.16156, -2.1165, -5.2653, -4.07435]",0.344018
1.0,-0.254926,0.0,0.0,10.57,0.0,1942.18,-15.3816,93.9748,-1,"[200.0, 200.0, 200.0, 200.0, 200.0, 200.0, 200.0, 200.0, 200.0, 200.0, 200.0, 200.0, 200.0, 200.0, 200.0, 200.0, 200.0, 200.0, 200.0, 200.0, 200.0, 200.0, 200.0, 200.0, 200.0, 200.0, 200.0, 200.0, 200.0, 200.0, 200.0, 200.0, 200.0, 200.0, 200.0, 200.0]",1,942.478,-5.08458,0.0550944,0.101019,0.0,"[9.17514, 8.83602, 9.21423, 10.5061, 13.6676, 19.0924, 27.5225, 72.1359, 62.5515, 53.2244, 44.4539, 36.5588, 29.8055, 24.3187, 16.786, 11.026, 8.34651, 7.00106, 6.35297]",-0.178105,"[-5.91877, -5.99221, -4.71528, -4.37353]",0.344161
0.0,-0.255228,1.0,0.0,10.59,0.0,1942.15,-15.4058,93.9748,-1,"[200.0, 200.0, 200.0, 200.0, 200.0, 200.0, 200.0, 200.0, 200.0, 200.0, 200.0, 200.0, 200.0, 200.0, 200.0, 200.0, 200.0, 200.0, 200.0, 200.0, 200.0, 200.0, 200.0, 200.0, 200.0, 200.0, 200.0, 200.0, 200.0, 200.0, 200.0, 200.0, 200.0, 200.0, 200.0, 200.0]",1,942.478,-3.77602,0.092923,0.113826,0.0,"[9.18225, 8.84201, 9.21965, 10.5111, 13.672, 19.0936, 27.5006, 72.1635, 62.5767, 53.2461, 44.4712, 36.5709, 29.8126, 24.3214, 16.783, 11.0206, 8.34078, 6.99539, 6.34725]",-0.178906,"[0.0, 0.0, -0.921374, -0.859784]",0.344441
1.0,-0.255455,0.0,0.0,10.61,0.0,1942.13,-15.4257,93.9748,-1,"[200.0, 200.0, 200.0, 200.0, 200.0, 200.0, 200.0, 200.0, 200.0, 200.0, 200.0, 200.0, 200.0, 200.0, 200.0, 200.0, 200.0, 200.0, 200.0, 200.0, 200.0, 200.0, 200.0, 200.0, 200.0, 200.0, 200.0, 200.0, 200.0, 200.0, 200.0, 200.0, 200.0, 200.0, 200.0, 200.0]",1,942.478,-4.00089,0.0396093,0.117482,0.0,"[9.18801, 8.84692, 9.22414, 10.5155, 13.676, 19.0957, 27.4876, 72.1836, 62.5949, 53.2616, 44.4834, 36.5792, 29.8169, 24.3223, 16.7799, 11.0158, 8.33596, 6.99068, 6.34254]",-0.179562,"[-1.77697, -2.90497, -3.5116, -5.06996]",0.344815
1.0,-0.255985,0.0,0.0,10.63,0.0,1942.11,-15.448,93.9748,-1,"[200.0, 200.0, 200.0, 200.0, 200.0, 200.0, 200.0, 200.0, 200.0, 200.0, 200.0, 200.0, 200.0, 200.0, 200.0, 200.0, 200.0, 200.0, 200.0, 200.0, 200.0, 200.0, 200.0, 200.0, 200.0, 200.0, 200.0, 200.0, 200.0, 200.0, 200.0, 200.0, 200.0, 200.0, 200.0, 200.0]",1,942.478,-4.35644,0.0571084,0.126746,0.0,"[9.19544, 8.8526, 9.22858, 10.5185, 13.6756, 19.0841, 27.4148, 72.2365, 62.6452, 53.3075, 44.523, 36.6112, 29.8406, 24.3382, 16.7849, 11.0141, 8.33222, 6.98616, 6.33746]",-0.180324,"[-5.20338, -4.38256, -4.81099, -4.35551]",0.34516
1.0,-0.256372,0.0,0.0,10.65,0.0,1942.09,-15.4727,93.9748,-1,"[200.0, 200.0, 200.0, 200.0, 200.0, 200.0, 200.0, 200.0, 200.0, 200.0, 200.0, 200.0, 200.0, 200.0, 200.0, 200.0, 200.0, 200.0, 200.0, 200.0, 200.0, 200.0, 200.0, 200.0, 200.0, 200.0, 200.0, 200.0, 200.0, 200.0, 200.0, 200.0, 200.0, 200.0, 200.0, 200.0]",1,942.478,-4.89623,0.0480902,0.140882,0.0,"[9.20305, 8.85884, 9.234, 10.5232, 13.6788, 19.0815, 27.3774, 72.2733, 62.6793, 53.3378, 44.5482, 36.6301, 29.8531, 24.345, 16.7841, 11.0094, 8.32678, 6.98052, 6.33161]",-0.181158,"[-2.30429, -3.13414, -4.38255, -4.41646]",0.345518
1.0,-0.256872,0.0,0.0,10.67,0.0,1942.06,-15.4995,93.9748,-1,"[200.0, 200.0, 200.0, 200.0, 200.0, 200.0, 200.0, 200.0, 200.0, 200.0, 200.0, 200.0, 200.0, 200.0, 200.0, 200.0, 200.0, 200.0, 200.0, 200.0, 200.0, 200.0, 200.0, 200.0, 200.0, 200.0, 200.0, 200.0, 200.0, 200.0, 200.0, 200.0, 200.0, 200.0, 200.0, 200.0]",1,942.478,-5.22595,0.0436052,0.161977,0.0,"[9.21165, 8.86572, 9.23978, 10.528, 13.681, 19.0749, 27.3215, 72.3218, 62.7249, 53.3786, 44.5828, 36.657, 29.872, 24.3566, 16.7856, 11.0054, 8.32129, 6.97456, 6.32528]",-0.182079,"[-6.11831, -5.15933, -5.45439, -4.5658]",0.345888
0.0,-0.257022,1.0,0.0,10.69,0.0,1942.04,-15.5242,93.9748,-1,"[200.0, 200.0, 200.0, 200.0, 200.0, 200.0, 200.0, 200.0, 200.0, 200.0, 200.0, 200.0, 200.0, 200.0, 200.0, 200.0, 200.0, 200.0, 200.0, 200.0, 200.0, 200.0, 200.0, 200.0, 200.0, 200.0, 200.0, 200.0, 200.0, 200.0, 200.0, 200.0, 200.0, 200.0, 200.0, 200.0]",1,942.478,-3.88206,0.0928484,0.177085,0.0,"[9.21855, 8.87191, 9.24584, 10.5344, 13.6886, 19.0845, 27.3345, 72.3323, 62.7331, 53.3842, 44.585, 36.656, 29.8679, 24.3502, 16.7773, 10.9974, 8.31422, 6.96813, 6.31913]",-0.182906,"[0.0, 0.0, -1.1707, -1.15698]",0.34638
1.0,-0.257336,0.0,0.0,10.71,0.0,1942.02,-15.5447,93.9748,-1,"[200.0, 200.0, 200.0, 200.0, 200.0, 200.0, 200.0, 200.0, 200.0, 200.0, 200.0, 200.0, 200.0, 200.0, 200.0, 200.0, 200.0, 200.0, 200.0, 200.0, 200.0, 200.0, 200.0, 200.0, 200.0, 200.0, 200.0, 200.0, 200.0, 200.0, 200.0, 200.0, 200.0, 200.0, 200.0, 200.0]",1,942.478,-4.13115,0.0545361,0.177097,0.0,"[9.22478, 8.87703, 9.25029, 10.5383, 13.6913, 19.0826, 27.3052, 72.362, 62.7608, 53.4086, 44.6053, 36.6713, 29.878, 24.3556, 16.7766, 10.9935, 8.30974, 6.9635, 6.31435]",-0.18359,"[-2.19407, -1.8447, -3.59696, -4.64894]",0.346936
1.0,-0.257746,0.0,0.0,10.73,0.0,1941.99,-15.5675,93.9748,-1,"[200.0, 200.0, 200.0, 200.0, 200.0, 200.0, 200.0, 200.0, 200.0, 200.0, 200.0, 200.0, 200.0, 200.0, 200.0, 200.0, 200.0, 200.0, 200.0, 200.0, 200.0, 200.0, 200.0, 200.0, 200.0, 200.0, 200.0, 200.0, 200.0, 200.0, 200.0, 200.0, 200.0, 200.0, 200.0, 200.0]",1,942.478,-4.45889,0.0572817,0.181346,0.0,"[9.23205, 8.88286, 9.25523, 10.5424, 13.6934, 19.0778, 27.2618, 72.4016, 62.7979, 53.4419, 44.6334, 36.693, 29.893, 24.3647, 16.7775, 10.9898, 8.30497, 6.95839, 6.30895]",-0.18437,"[-5.18563, -5.29011, -4.30679, -5.47352]",0.347388
1.0,-0.258197,0.0,0.0,10.75,0.0,1941.97,-15.5927,93.9748,-1,"[200.0, 200.0, 200.0, 200.0, 200.0, 200.0, 200.0, 200.0, 200.0, 200.0, 200.0, 200.0, 200.0, 200.0, 200.0, 200.0, 200.0, 200.0, 200.0, 200.0, 200.0, 200.0, 200.0, 200.0, 200.0, 200.0, 200.0, 200.0, 200.0, 200.0, 200.0, 200.0, 200.0, 200.0, 200.0, 200.0]",1,942.478,-4.98685,0.0484732,0.190786,0.0,"[9.24008, 8.88932, 9.26071, 10.547, 13.6958, 19.0726, 27.215, 72.4452, 62.8387, 53.4785, 44.6642, 36.7169, 29.9096, 24.3745, 16.7783, 10.9858, 8.29966, 6.95274, 6.30296]",-0.185234,"[-2.40186, -2.33034, -5.72316, -4.13516]",0.347756
1.0,-0.258618,0.0,0.0,10.77,0.0,1941.94,-15.62,93.9748,-1,"[200.0, 200.0, 200.0, 200.0, 200.0, 200.0, 200.0, 200.0, 200.0, 200.0, 200.0, 200.0, 200.0, 200.0, 200.0, 200.0, 200.0, 200.0, 200.0, 200.0, 200.0, 200.0, 200.0, 200.0, 200.0, 200.0, 200.0, 200.0, 200.0, 200.0, 200.0, 200.0, 200.0, 200.0, 200.0, 200.0]",1,942.478,-5.3437,0.0538722,0.205889,0.0,"[9.24863, 8.89635, 9.26687, 10.5524, 13.6997, 19.0706, 27.1786, 72.4849, 62.8755, 53.5111, 44.6911, 36.737, 29.9227, 24.3813, 16.777, 10.9803, 8.29342, 6.94632, 6.29636]",-0.186173,"[-6.12609, -6.23957, -4.59583, -5.34895]",0.348058
0.0,-0.259064,1.0,0.0,10.79,0.0,1941.91,-15.6455,93.9748,-1,"[200.0, 200.0, 200.0, 200.0, 200.0, 200.0, 200.0, 200.0, 200.0, 200.0, 200.0, 200.0, 200.0, 200.0, 200.0, 200.0, 200.0, 200.0, 200.0, 200.0, 200.0, 200.0, 200.0, 200.0, 200.0, 200.0, 200.0, 200.0, 200.0, 200.0, 200.0, 200.0, 200.0, 200.0, 200.0, 200.0]",1,942.478,-4.05026,0.0946772,0.214175,0.0,"[9.25668, 8.90282, 9.27236, 10.557, 13.7022, 19.0657, 27.1337, 72.5279, 62.9159, 53.5472, 44.7215, 36.7605, 29.9389, 24.3909, 16.7776, 10.9761, 8.28808, 6.94063, 6.29038]",-0.187038,"[0.0, 0.0, -1.22989, -1.13764]",0.348433
1.0,-0.259384,0.0,0.0,10.81,0.0,1941.89,-15.6669,93.9748,-1,"[200.0, 200.0, 200.0, 200.0, 200.0, 200.0, 200.0, 200.0, 200.0, 200.0, 200.0, 200.0, 200.0, 200.0, 200.0, 200.0, 200.0, 200.0, 200.0, 200.0, 200.0, 200.0, 200.0, 200.0, 200.0, 200.0, 200.0, 200.0, 200.0, 200.0, 200.0, 200.0, 200.0, 200.0, 200.0, 200.0]",1,942.478,-4.24334,0.0365977,0.204283,0.0,"[9.2632, 8.90819, 9.27705, 10.5612, 13.7052, 19.0641, 27.1067, 72.5582, 62.944, 53.5721, 44.742, 36.7759, 29.9489, 24.3961, 16.7766, 10.9719, 8.28329, 6.93572, 6.28533]",-0.187754,"[-4.27926, -2.23614, -3.92199, -4.75488]",0.348872
1.0,-0.259789,0.0,0.0,10.83,0.0,1941.87,-15.6904,93.9748,-1,"[200.0, 200.0, 200.0, 200.0, 200.0, 200.0, 200.0, 200.0, 200.0, 200.0, 200.0, 200.0, 200.0, 200.0, 200.0, 200.0, 200.0, 200.0, 200.0, 200.0, 200.0, 200.0, 200.0, 200.0, 200.0, 200.0, 200.0, 200.0, 200.0, 200.0, 200.0, 200.0, 200.0, 200.0, 200.0, 200.0]",1,942.478,-4.66317,0.0526058,0.199416,0.0,"[9.27079, 8.91435, 9.28233, 10.5657, 13.7079, 19.0605, 27.0689, 72.597, 62.9802, 53.6044, 44.7691, 36.7967, 29.963, 24.4042, 16.7766, 10.9676, 8.27807, 6.93024, 6.2796]",-0.188577,"[-3.16485, -5.44454, -5.10112, -4.65362]",0.349117
1.0,-0.260215,0.0,0.0,10.85,0.0,1941.84,-15.7164,93.9748,-1,"[200.0, 200.0, 200.0, 200.0, 200.0, 200.0, 200.0, 200.0, 200.0, 200.0, 200.0, 200.0, 200.0, 200.0, 200.0, 200.0, 200.0, 200.0, 200.0, 200.0, 200.0, 200.0, 200.0, 200.0, 200.0, 200.0, 200.0, 200.0, 200.0, 200.0, 200.0, 200.0, 200.0, 200.0, 200.0, 200.0]",1,942.478,-5.11782,0.0490521,0.198192,0.0,"[9.27908, 8.9211, 9.28818, 10.5708, 13.7112, 19.0575, 27.0312, 72.6377, 63.0181, 53.6381, 44.7971, 36.818, 29.9773, 24.412, 16.7761, 10.9626, 8.2722, 6.92416, 6.2733]",-0.189479,"[-4.97698, -2.43556, -4.80847, -4.7893]",0.34921
0.0,-0.260477,1.0,0.0,10.87,0.0,1941.82,-15.7399,93.9748,-1,"[200.0, 200.0, 200.0, 200.0, 200.0, 200.0, 200.0, 200.0, 200.0, 200.0, 200.0, 200.0, 200.0, 200.0, 200.0, 200.0, 200.0, 200.0, 200.0, 200.0, 200.0, 200.0, 200.0, 200.0, 200.0, 200.0, 200.0, 200.0, 200.0, 200.0, 200.0, 200.0, 200.0, 200.0, 200.0, 200.0]",1,942.478,-3.66505,0.092166,0.190677,0.0,"[9.28603, 8.92704, 9.29364, 10.576, 13.7163, 19.0605, 27.0203, 72.6609, 63.0391, 53.656, 44.811, 36.8272, 29.9818, 24.4127, 16.7719, 10.9567, 8.26627, 6.91843, 6.2676]",-0.19027,"[0.0, 0.0, -1.52288, -1.37014]",0.349375
1.0,-0.260733,0.0,0.0,10.89,0.0,1941.8,-15.7593,93.9748,-1,"[200.0, 200.0, 200.0, 200.0, 200.0, 200.0, 200.0, 200.0, 200.0, 200.0, 200.0, 200.0, 200.0, 200.0, 200.0, 200.0, 200.0, 200.0, 200.0, 200.0, 200.0, 200.0, 200.0, 200.0, 200.0, 200.0, 200.0, 200.0, 200.0, 200.0, 200.0, 200.0, 200.0, 200.0, 200.0, 200.0]",1,942.478,-3.97492,0.0368459,0.17005,0.0,"[9.29194, 8.93198, 9.29808, 10.5802, 13.7197, 19.0612, 27.0039, 72.6845, 63.0608, 53.6747, 44.8261, 36.8381, 29.9883, 24.4153, 16.7697, 10.9523, 8.26158, 6.91378, 6.26289]",-0.19093,"[-1.17454, -1.95515, -3.54498, -3.32078]",0.349576
1.0,-0.261045,0.0,0.0,10.91,0.0,1941.78,-15.7811,93.9748,-1,"[200.0, 200.0, 200.0, 200.0, 200.0, 200.0, 200.0, 200.0, 200.0, 200.0, 200.0, 200.0, 200.0, 200.0, 200.0, 200.0, 200.0, 200.0, 200.0, 200.0, 200.0, 200.0, 200.0, 200.0, 200.0, 200.0, 200.0, 200.0, 200.0, 200.0, 200.0, 200.0, 200.0, 200.0, 200.0, 200.0]",1,942.478,-4.27255,0.0420722,0.156627,0.0,"[9.29885, 8.93772, 9.30319, 10.5848, 13.7235, 19.0611, 26.9822, 72.7135, 63.0875, 53.6981, 44.8452, 36.852, 29.9969, 24.4192, 16.7676, 10.9473, 8.25624, 6.90842, 6.25745]",-0.191696,"[-4.20376, -5.09253, -4.18013, -5.05446]",0.349549
1.0,-0.261512,0.0,0.0,10.93,0.0,1941.76,-15.8052,93.9748,-1,"[200.0, 200.0, 200.0, 200.0, 200.0, 200.0, 200.0, 200.0, 200.0, 200.0, 200.0, 200.0, 200.0, 200.0, 200.0, 200.0, 200.0, 200.0, 200.0, 200.0, 200.0, 200.0, 200.0, 200.0, 200.0, 200.0, 200.0, 200.0, 200.0, 200.0, 200.0, 200.0, 200.0, 200.0, 200.0, 200.0]",1,942.478,-4.81501,0.0518135,0.149253,0.0,"[9.30679, 8.94403, 9.30845, 10.5891, 13.7253, 19.0548, 26.9349, 72.7592, 63.1305, 53.7369, 44.8781, 36.8778, 30.0152, 24.4305, 16.7693, 10.9437, 8.25125, 6.90299, 6.25167]",-0.192538,"[-3.0801, -2.15145, -4.30645, -4.47012]",0.349361
1.0,-0.261923,0.0,0.0,10.95,0.0,1941.73,-15.8315,93.9748,-1,"[200.0, 200.0, 200.0, 200.0, 200.0, 200.0, 200.0, 200.0, 200.0, 200.0, 200.0, 200.0, 200.0, 200.0, 200.0, 200.0, 200.0, 200.0, 200.0, 200.0, 200.0, 200.0, 200.0, 200.0, 200.0, 200.0, 200.0, 200.0, 200.0, 200.0, 200.0, 200.0, 200.0, 200.0, 200.0, 200.0]",1,942.478,-5.13803,0.0427128,0.147875,0.0,"[9.31522, 8.95097, 9.31451, 10.5944, 13.7292, 19.0531, 26.903, 72.798, 63.1665, 53.7688, 44.9045, 36.8975, 30.028, 24.4372, 16.7679, 10.9382, 8.24505, 6.89666, 6.24516]",-0.193462,"[-5.00033, -6.01085, -5.35052, -4.90076]",0.349054
0.0,-0.262552,1.0,0.0,10.97,0.0,1941.7,-15.8558,93.9748,-1,"[200.0, 200.0, 200.0, 200.0, 200.0, 200.0, 200.0, 200.0, 200.0, 200.0, 200.0, 200.0, 200.0, 200.0, 200.0, 200.0, 200.0, 200.0, 200.0, 200.0, 200.0, 200.0, 200.0, 200.0, 200.0, 200.0, 200.0, 200.0, 200.0, 200.0, 200.0, 200.0, 200.0, 200.0, 200.0, 200.0]",1,942.478,-3.83484,0.0900412,0.142563,0.0,"[9.3236, 8.95724, 9.31926, 10.5974, 13.7279, 19.0384, 26.8263, 72.8616, 63.2273, 53.8248, 44.9534, 36.9375, 30.0581, 24.4578, 16.7751, 10.937, 8.24126, 6.89185, 6.23967]",-0.194298,"[0.0, 0.0, -1.04883, -0.879813]",0.348854
0.0,-0.262918,0.0,0.0,10.99,0.0,1941.69,-15.8749,93.9748,-1,"[200.0, 200.0, 200.0, 200.0, 200.0, 200.0, 200.0, 200.0, 200.0, 200.0, 200.0, 200.0, 200.0, 200.0, 200.0, 200.0, 200.0, 200.0, 200.0, 200.0, 200.0, 200.0, 200.0, 200.0, 200.0, 200.0, 200.0, 200.0, 200.0, 200.0, 200.0, 200.0, 200.0, 200.0, 200.0, 200.0]",1,942.478,-3.62838,0.0470712,0.125254,0.0,"[9.32973, 8.96208, 9.32327, 10.6006, 13.7291, 19.0332, 26.79, 72.8975, 63.2613, 53.8555, 44.9796, 36.9582, 30.0728, 24.4671, 16.7767, 10.9343, 8.23749, 6.88771, 6.23525]",-0.194943,"[-1.85263, -1.83766, -1.75871, -4.18722]",0.34882
0.0,-0.263223,0.0,0.0,11.01,0.0,1941.67,-15.8937,93.9748,-1,"[200.0, 200.0, 200.0, 200.0, 200.0, 200.0, 200.0, 200.0, 200.0, 200.0, 200.0, 200.0, 200.0, 200.0, 200.0, 200.0, 200.0, 200.0, 200.0, 200.0, 200.0, 200.0, 200.0, 200.0, 200.0, 200.0, 200.0, 200.0, 200.0, 200.0, 200.0, 200.0, 200.0, 200.0, 200.0, 200.0]",1,942.478,-3.5319,0.0568093,0.108948,0.0,"[9.33571, 8.96695, 9.32748, 10.6043, 13.7315, 19.0312, 26.7652, 72.9268, 63.2885, 53.8797, 44.9998, 36.9735, 30.0832, 24.4727, 16.7763, 10.9307, 8.23325, 6.88333, 6.23071]",-0.195592,"[-4.45595, -4.59303, -4.49769, -2.13841]",0.348708
0.0,-0.263493,0.0,0.0,11.03,0.0,1941.65,-15.9125,93.9748,-1,"[200.0, 200.0, 200.0, 200.0, 200.0, 200.0, 200.0, 200.0, 200.0, 200.0, 200.0, 200.0, 200.0, 200.0, 200.0, 200.0, 200.0, 200.0, 200.0, 200.0, 200.0, 200.0, 200.0, 200.0, 200.0, 200.0, 200.0, 200.0, 200.0, 200.0, 200.0, 200.0, 200.0, 200.0, 200.0, 200.0]",1,942.478,-3.58709,0.0604714,0.0942195,0.0,"[9.34158, 8.97181, 9.33178, 10.6082, 13.7346, 19.0308, 26.7471, 72.9521, 63.3119, 53.9003, 45.0167, 36.986, 30.091, 24.4764, 16.7747, 10.9266, 8.22877, 6.87883, 6.22613]",-0.196239,"[-1.65505, -1.55597, -1.54927, -3.89021]",0.348531
0.0,-0.2638,0.0,0.0,11.05,0.0,1941.63,-15.931,93.9748,-1,"[200.0, 200.0, 200.0, 200.0, 200.0, 200.0, 200.0, 200.0, 200.0, 200.0, 200.0, 200.0, 200.0, 200.0, 200.0, 200.0, 200.0, 200.0, 200.0, 200.0, 200.0, 200.0, 200.0, 200.0, 200.0, 200.0, 200.0, 200.0, 200.0, 200.0, 200.0, 200.0, 200.0, 200.0, 200.0, 200.0]",1,942.478,-3.47458,0.0594819,0.0819345,0.0,"[9.34747, 8.97658, 9.33587, 10.6117, 13.7367, 19.0284, 26.7218, 72.9815, 63.3394, 53.925, 45.0373, 37.0017, 30.1016, 24.4825, 16.7746, 10.9232, 8.22469, 6.87457, 6.22171]",-0.196875,"[-4.50921, -4.64151, -4.34099, -2.09039]",0.348313
0.0,-0.264067,0.0,0.0,11.07,0.0,1941.61,-15.9496,93.9748,-1,"[200.0, 200.0, 200.0, 200.0, 200.0, 200.0, 200.0, 200.0, 200.0, 200.0, 200.0, 200.0, 200.0, 200.0, 200.0, 200.0, 200.0, 200.0, 200.0, 200.0, 200.0, 200.0, 200.0, 200.0, 200.0, 200.0, 200.0, 200.0, 200.0, 200.0, 200.0, 200.0, 200.0, 200.0, 200.0, 200.0]",1,942.478,-3.53275,0.0606542,0.0733029,0.0,"[9.35324, 8.98136, 9.3401, 10.6155, 13.7397, 19.0281, 26.7041, 73.0065, 63.3625, 53.9452, 45.0539, 37.0141, 30.1094, 24.4861, 16.773, 10.9192, 8.22028, 6.87014, 6.21719]",-0.197511,"[-1.54957, -1.44899, -1.53133, -3.78984]",0.34806
0.0,-0.264367,0.0,0.0,11.09,0.0,1941.59,-15.9679,93.9748,-1,"[200.0, 200.0, 200.0, 200.0, 200.0, 200.0, 200.0, 200.0, 200.0, 200.0, 200.0, 200.0, 200.0, 200.0, 200.0, 200.0, 200.0, 200.0, 200.0, 200.0, 200.0, 200.0, 200.0, 200.0, 200.0, 200.0, 200.0, 200.0, 200.0, 200.0, 200.0, 200.0, 200.0, 200.0, 200.0, 200.0]",1,942.478,-3.41621,0.0592251,0.0675375,0.0,"[9.35904, 8.98606, 9.34415, 10.619, 13.7419, 19.0258, 26.6797, 73.0354, 63.3895, 53.9693, 45.0741, 37.0295, 30.1198, 24.492, 16.7728, 10.9158, 8.21623, 6.86592, 6.21281]",-0.198137,"[-4.53883, -4.67046, -4.24244, -2.05613]",0.347801
1.0,-0.264667,0.0,0.0,11.11,0.0,1941.57,-15.986,93.9748,1,"[200.0, 200.0, 200.0, 200.0, 200.0, 200.0, 200.0, 200.0, 200.0, 200.0, 200.0, 200.0, 200.0, 200.0, 200.0, 200.0, 200.0, 200.0, 200.0, 200.0, 200.0, 200.0, 200.0, 200.0, 200.0, 200.0, 200.0, 200.0, 200.0, 200.0, 200.0, 200.0, 200.0, 200.0, 200.0, 200.0]",1,956.343,-3.44097,0.0558627,0.0647301,0.0,"[9.36484, 8.99078, 9.3482, 10.6225, 13.7442, 19.0236, 26.6558, 73.0642, 63.4164, 53.9934, 45.0942, 37.0448, 30.1301, 24.4978, 16.7726, 10.9124, 8.21215, 6.8617, 6.20843]",-0.198765,"[-1.42685, -1.34694, -1.16215, -3.93465]",0.347543
1.0,-0.264945,0.0,0.0,11.13,0.0,1941.56,-16.0038,93.9748,1,"[200.0, 200.0, 200.0, 200.0, 200.0, 200.0, 200.0, 200.0, 200.0, 200.0, 200.0, 200.0, 200.0, 200.0, 200.0, 200.0, 200.0, 200.0, 200.0, 200.0, 200.0, 200.0, 200.0, 200.0, 200.0, 200.0, 200.0, 200.0, 200.0, 200.0, 200.0, 200.0, 200.0, 200.0, 200.0, 200.0]",1,971.761,-3.32402,0.0626017,0.0631683,0.0,"[9.37045, 8.99536, 9.35219, 10.626, 13.7466, 19.0222, 26.6352, 73.0906, 63.4411, 54.0152, 45.1124, 37.0586, 30.1392, 24.5027, 16.7719, 10.9089, 8.20809, 6.85754, 6.20414]",-0.199374,"[-4.49536, -4.60625, -4.46664, -1.76097]",0.347314
1.0,-0.265177,0.0,0.0,11.15,0.0,1941.54,-16.0215,93.9748,1,"[200.0, 200.0, 200.0, 200.0, 200.0, 200.0, 200.0, 200.0, 200.0, 200.0, 200.0, 200.0, 200.0, 200.0, 200.0, 200.0, 200.0, 200.0, 200.0, 200.0, 200.0, 200.0, 200.0, 200.0, 200.0, 200.0, 200.0, 200.0, 200.0, 200.0, 200.0, 200.0, 200.0, 200.0, 200.0, 200.0]",1,987.193,-3.38586,0.0649579,0.0629977,0.0,"[9.3759, 8.99992, 9.35628, 10.6298, 13.7499, 19.023, 26.6226, 73.112, 63.4608, 54.0324, 45.1262, 37.0685, 30.1451, 24.505, 16.7697, 10.9047, 8.20375, 6.85324, 6.19981]",-0.199982,"[-1.36836, -1.26857, -1.07994, -3.84251]",0.347104
1.0,-0.265444,0.0,0.0,11.17,0.0,1941.52,-16.0389,93.9748,1,"[200.0, 200.0, 200.0, 200.0, 200.0, 200.0, 200.0, 200.0, 200.0, 200.0, 200.0, 200.0, 200.0, 200.0, 200.0, 200.0, 200.0, 200.0, 200.0, 200.0, 200.0, 200.0, 200.0, 200.0, 200.0, 200.0, 200.0, 200.0, 200.0, 200.0, 200.0, 200.0, 200.0, 200.0, 200.0, 200.0]",1,1002.64,-3.26695,0.0645339,0.0639059,0.0,"[9.38137, 9.00441, 9.3602, 10.6332, 13.7523, 19.0218, 26.6033, 73.1374, 63.4844, 54.0533, 45.1436, 37.0816, 30.1536, 24.5095, 16.7689, 10.9012, 8.19975, 6.84916, 6.19562]",-0.200578,"[-4.46041, -4.56885, -4.40756, -1.69688]",0.346925
1.0,-0.265672,0.0,0.0,11.19,0.0,1941.5,-16.0564,93.9748,1,"[200.0, 200.0, 200.0, 200.0, 200.0, 200.0, 200.0, 200.0, 200.0, 200.0, 200.0, 200.0, 200.0, 200.0, 200.0, 200.0, 200.0, 200.0, 200.0, 200.0, 200.0, 200.0, 200.0, 200.0, 200.0, 200.0, 200.0, 200.0, 200.0, 200.0, 200.0, 200.0, 200.0, 200.0, 200.0, 200.0]",1,1018.09,-3.32853,0.0654279,0.0657514,0.0,"[9.38675, 9.0089, 9.36423, 10.637, 13.7556, 19.0226, 26.5913, 73.1584, 63.5037, 54.0701, 45.1571, 37.0913, 30.1594, 24.5117, 16.7667, 10.8971, 8.19544, 6.84491, 6.19135]",-0.201176,"[-1.31298, -1.22106, -1.02834, -3.80019]",0.346771
1.0,-0.265935,0.0,0.0,11.21,0.0,1941.49,-16.0736,93.9748,1,"[200.0, 200.0, 200.0, 200.0, 200.0, 200.0, 200.0, 200.0, 200.0, 200.0, 200.0, 200.0, 200.0, 200.0, 200.0, 200.0, 200.0, 200.0, 200.0, 200.0, 200.0, 200.0, 200.0, 200.0, 200.0, 200.0, 200.0, 200.0, 200.0, 200.0, 200.0, 200.0, 200.0, 200.0, 200.0, 200.0]",1,1033.55,-3.20976,0.0647332,0.0680698,0.0,"[9.39213, 9.01331, 9.36807, 10.6404, 13.758, 19.0215, 26.5726, 73.1835, 63.5269, 54.0908, 45.1742, 37.1042, 30.1679, 24.5162, 16.7659, 10.8936, 8.19151, 6.84091, 6.18723]",-0.201762,"[-4.41367, -4.51566, -4.36844, -1.63914]",0.346653
1.0,-0.266159,0.0,0.0,11.23,0.0,1941.47,-16.0908,93.9748,1,"[200.0, 200.0, 200.0, 200.0, 200.0, 200.0, 200.0, 200.0, 200.0, 200.0, 200.0, 200.0, 200.0, 200.0, 200.0, 200.0, 200.0, 200.0, 200.0, 200.0, 200.0, 200.0, 200.0, 200.0, 200.0, 200.0, 200.0, 200.0, 200.0, 200.0, 200.0, 200.0, 200.0, 200.0, 200.0, 200.0]",1,1049.03,-3.27106,0.0655876,0.0709194,0.0,"[9.3974, 9.01772, 9.37203, 10.6441, 13.7611, 19.0222, 26.5607, 73.2042, 63.546, 54.1074, 45.1876, 37.1137, 30.1735, 24.5184, 16.7638, 10.8896, 8.1873, 6.83674, 6.18304]",-0.202349,"[-1.25995, -1.17005, -0.978787, -3.76191]",0.346561
1.0,-0.266419,0.0,0.0,11.25,0.0,1941.45,-16.1077,93.9748,1,"[200.0, 200.0, 200.0, 200.0, 200.0, 200.0, 200.0, 200.0, 200.0, 200.0, 200.0, 200.0, 200.0, 200.0, 200.0, 200.0, 200.0, 200.0, 200.0, 200.0, 200.0, 200.0, 200.0, 200.0, 200.0, 200.0, 200.0, 200.0, 200.0, 200.0, 200.0, 200.0, 200.0, 200.0, 200.0, 200.0]",1,942.478,-3.15051,0.0638092,0.0739876,0.0,"[9.4027, 9.02205, 9.3758, 10.6474, 13.7634, 19.021, 26.5424, 73.2289, 63.569, 54.1279, 45.2046, 37.1266, 30.182, 24.5229, 16.7631, 10.8862, 8.18344, 6.83279, 6.179]",-0.202925,"[-4.36132, -4.45187, -4.07288, -1.24878]",0.346503
1.0,-0.266641,0.0,0.0,11.27,0.0,1941.44,-16.1235,93.9748,1,"[200.0, 200.0, 200.0, 200.0, 200.0, 200.0, 200.0, 200.0, 200.0, 200.0, 200.0, 200.0, 200.0, 200.0, 200.0, 200.0, 200.0, 200.0, 200.0, 200.0, 200.0, 200.0, 200.0, 200.0, 200.0, 200.0, 200.0, 200.0, 200.0, 200.0, 200.0, 200.0, 200.0, 200.0, 200.0, 200.0]",1,942.478,-2.85276,0.0527305,0.0766079,0.0,"[9.40768, 9.02618, 9.37948, 10.6508, 13.7662, 19.0212, 26.5293, 73.2497, 63.5882, 54.1447, 45.2183, 37.1366, 30.1882, 24.5257, 16.7615, 10.8826, 8.17956, 6.82894, 6.17508]",-0.203475,"[-1.08167, -0.992315, -1.34182, -2.61839]",0.346489
1.0,-0.266888,0.0,0.0,11.29,0.0,1941.42,-16.1375,93.9748,1,"[200.0, 200.0, 200.0, 200.0, 200.0, 200.0, 200.0, 200.0, 200.0, 200.0, 200.0, 200.0, 200.0, 200.0, 200.0, 200.0, 200.0, 200.0, 200.0, 200.0, 200.0, 200.0, 200.0, 200.0, 200.0, 200.0, 200.0, 200.0, 200.0, 200.0, 200.0, 200.0, 200.0, 200.0, 200.0, 200.0]",1,942.478,-2.42461,0.0447514,0.0764613,0.0,"[9.41217, 9.02977, 9.3825, 10.6533, 13.7675, 19.0185, 26.5087, 73.2737, 63.6108, 54.165, 45.2356, 37.15, 30.1975, 24.5313, 16.7619, 10.8803, 8.1766, 6.82578, 6.17178]",-0.203951,"[-3.7453, -3.84677, -1.55451, -0.817751]",0.346542
1.0,-0.267139,0.0,0.0,11.31,0.0,1941.41,-16.1494,93.9748,1,"[200.0, 200.0, 200.0, 200.0, 200.0, 200.0, 200.0, 200.0, 200.0, 200.0, 200.0, 200.0, 200.0, 200.0, 200.0, 200.0, 200.0, 200.0, 200.0, 200.0, 200.0, 200.0, 200.0, 200.0, 200.0, 200.0, 200.0, 200.0, 200.0, 200.0, 200.0, 200.0, 200.0, 200.0, 200.0, 200.0]",1,942.478,-2.12724,0.0680946,0.0728759,0.0,"[9.41609, 9.03281, 9.38496, 10.6551, 13.7679, 19.0143, 26.4843, 73.2986, 63.6345, 54.1867, 45.2542, 37.165, 30.2085, 24.5384, 16.7637, 10.8789, 8.17436, 6.82326, 6.16904]",-0.204356,"[-0.556253, -0.456359, -1.3607, -0.420216]",0.34664
1.0,-0.267333,0.0,0.0,11.33,0.0,1941.4,-16.1593,93.9748,1,"[200.0, 200.0, 200.0, 200.0, 200.0, 200.0, 200.0, 200.0, 200.0, 200.0, 200.0, 200.0, 200.0, 200.0, 200.0, 200.0, 200.0, 200.0, 200.0, 200.0, 200.0, 200.0, 200.0, 200.0, 200.0, 200.0, 200.0, 200.0, 200.0, 200.0, 200.0, 200.0, 200.0, 200.0, 200.0, 200.0]",1,942.478,-1.70681,0.061711,0.0653696,0.0,"[9.41922, 9.03525, 9.38694, 10.6566, 13.7683, 19.0112, 26.4659, 73.318, 63.6529, 54.2034, 45.2686, 37.1765, 30.2167, 24.5437, 16.7649, 10.8777, 8.17254, 6.82123, 6.16684]",-0.204679,"[-3.0726, -3.16019, 1.92724, -1.73402]",0.346769
1.0,-0.267539,0.0,0.0,11.35,0.0,1941.39,-16.1674,93.9748,1,"[200.0, 200.0, 200.0, 200.0, 200.0, 200.0, 200.0, 200.0, 200.0, 200.0, 200.0, 200.0, 200.0, 200.0, 200.0, 200.0, 200.0, 200.0, 200.0, 200.0, 200.0, 200.0, 200.0, 200.0, 200.0, 200.0, 200.0, 200.0, 200.0, 200.0, 200.0, 200.0, 200.0, 200.0, 200.0, 200.0]",1,942.478,-1.34051,0.0473356,0.0553635,0.0,"[9.42189, 9.03723, 9.3884, 10.6575, 13.7677, 19.0063, 26.4429, 73.339, 63.673, 54.222, 45.285, 37.1899, 30.2269, 24.5508, 16.7675, 10.8775, 8.17142, 6.81974, 6.16513]",-0.204942,"[0.179669, 0.292256, -2.52724, -0.185402]",0.346895
1.0,-0.267674,0.0,0.0,11.37,0.0,1941.39,-16.1735,93.9748,1,"[200.0, 200.0, 200.0, 200.0, 200.0, 200.0, 200.0, 200.0, 200.0, 200.0, 200.0, 200.0, 200.0, 200.0, 200.0, 200.0, 200.0, 200.0, 200.0, 200.0, 200.0, 200.0, 200.0, 200.0, 200.0, 200.0, 200.0, 200.0, 200.0, 200.0, 200.0, 200.0, 200.0, 200.0, 200.0, 200.0]",1,942.478,-0.95783,0.0457613,0.0429056,0.0,"[9.4238, 9.03867, 9.3895, 10.6582, 13.7676, 19.0035, 26.4289, 73.3526, 63.686, 54.234, 45.2954, 37.1985, 30.2333, 24.5551, 16.7688, 10.8771, 8.17048, 6.81862, 6.16387]",-0.205132,"[-2.54614, -2.6933, 2.32852, -0.163487]",0.347013
1.0,-0.267761,0.0,0.0,11.39,0.0,1941.38,-16.1776,93.9748,1,"[200.0, 200.0, 200.0, 200.0, 200.0, 200.0, 200.0, 200.0, 200.0, 200.0, 200.0, 200.0, 200.0, 200.0, 200.0, 200.0, 200.0, 200.0, 200.0, 200.0, 200.0, 200.0, 200.0, 200.0, 200.0, 200.0, 200.0, 200.0, 200.0, 200.0, 200.0, 200.0, 200.0, 200.0, 200.0, 200.0]",1,942.478,-0.656215,0.0397512,0.0284151,0.0,"[9.42496, 9.03954, 9.39017, 10.6586, 13.7674, 19.0016, 26.4195, 73.3614, 63.6945, 54.2417, 45.3022, 37.204, 30.2375, 24.558, 16.7698, 10.8769, 8.16996, 6.81795, 6.16311]",-0.205247,"[0.805466, 0.901622, -1.04018, 2.82313]",0.347116
1.0,-0.267832,0.0,0.0,11.41,0.0,1941.38,-16.1796,93.9748,1,"[200.0, 200.0, 200.0, 200.0, 200.0, 200.0, 200.0, 200.0, 200.0, 200.0, 200.0, 200.0, 200.0, 200.0, 200.0, 200.0, 200.0, 200.0, 200.0, 200.0, 200.0, 200.0, 200.0, 200.0, 200.0, 200.0, 200.0, 200.0, 200.0, 200.0, 200.0, 200.0, 200.0, 200.0, 200.0, 200.0]",1,942.478,-0.134736,0.052243,0.01291,0.0,"[9.4255, 9.03985, 9.39029, 10.6585, 13.7666, 18.9989, 26.4095, 73.369, 63.7018, 54.2487, 45.3086, 37.2095, 30.2419, 24.5614, 16.7715, 10.8774, 8.17004, 6.81785, 6.16289]",-0.205289,"[-2.26987, -2.43553, 1.06883, -1.12025]",0.347193
1.0,-0.267948,0.0,0.0,11.43,0.0,1941.38,-16.1798,93.9748,1,"[200.0, 200.0, 200.0, 200.0, 200.0, 200.0, 200.0, 200.0, 200.0, 200.0, 200.0, 200.0, 200.0, 200.0, 200.0, 200.0, 200.0, 200.0, 200.0, 200.0, 200.0, 200.0, 200.0, 200.0, 200.0, 200.0, 200.0, 200.0, 200.0, 200.0, 200.0, 200.0, 200.0, 200.0, 200.0, 200.0]",1,942.478,-0.0131309,0.027395,-0.00254928,0.0,"[9.42572, 9.03973, 9.38983, 10.6575, 13.7642, 18.9928, 26.3893, 73.3821, 63.7149, 54.2613, 45.3204, 37.2199, 30.2507, 24.5684, 16.7757, 10.8793, 8.17106, 6.81843, 6.16322]",-0.205271,"[2.73461, 0.952843, 1.82545, 5.59576]",0.347229
1.0,-0.267983,0.0,0.0,11.45,0.0,1941.38,-16.178,93.9748,1,"[200.0, 200.0, 200.0, 200.0, 200.0, 200.0, 200.0, 200.0, 200.0, 200.0, 200.0, 200.0, 200.0, 200.0, 200.0, 200.0, 200.0, 200.0, 200.0, 200.0, 200.0, 200.0, 200.0, 200.0, 200.0, 200.0, 200.0, 200.0, 200.0, 200.0, 200.0, 200.0, 200.0, 200.0, 200.0, 200.0]",1,942.478,0.546778,0.0634857,-0.0179757,0.0,"[9.425, 9.03896, 9.38893, 10.6563, 13.7623, 18.989, 26.379, 73.3866, 63.7196, 54.2662, 45.3252, 37.2246, 30.2551, 24.5722, 16.7785, 10.8811, 8.17231, 6.81941, 6.16406]",-0.205169,"[-2.52185, 2.3706, 0.154475, 0.323989]",0.34725
1.0,-0.267749,0.0,0.0,11.47,0.0,1941.39,-16.1747,93.9748,1,"[200.0, 200.0, 200.0, 200.0, 200.0, 200.0, 200.0, 200.0, 200.0, 200.0, 200.0, 200.0, 200.0, 200.0, 200.0, 200.0, 200.0, 200.0, 200.0, 200.0, 200.0, 200.0, 200.0, 200.0, 200.0, 200.0, 200.0, 200.0, 200.0, 200.0, 200.0, 200.0, 200.0, 200.0, 200.0, 200.0]",1,942.478,0.931407,0.0979054,-0.0346858,0.0,"[9.42274, 9.03745, 9.38803, 10.6562, 13.7641, 18.9966, 26.4091, 73.3621, 63.6957, 54.2438, 45.3052, 37.2076, 30.2416, 24.5624, 16.774, 10.8802, 8.17262, 6.82026, 6.16524]",-0.204969,"[0.799973, -2.44313, 1.44791, 1.97875]",0.347254
1.0,-0.267746,0.0,0.0,11.49,0.0,1941.39,-16.1692,93.9748,1,"[200.0, 200.0, 200.0, 200.0, 200.0, 200.0, 200.0, 200.0, 200.0, 200.0, 200.0, 200.0, 200.0, 200.0, 200.0, 200.0, 200.0, 200.0, 200.0, 200.0, 200.0, 200.0, 200.0, 200.0, 200.0, 200.0, 200.0, 200.0, 200.0, 200.0, 200.0, 200.0, 200.0, 200.0, 200.0, 200.0]",1,942.478,1.21283,0.0526854,-0.0482477,0.0,"[9.42074, 9.03556, 9.38605, 10.6539, 13.761, 18.9915, 26.3982, 73.3635, 63.6979, 54.2467, 45.3085, 37.2116, 30.246, 24.5668, 16.778, 10.8833, 8.1751, 6.82239, 6.16718]",-0.204717,"[0.213787, 1.01459, 3.51428, 3.47767]",0.347216
1.0,-0.267676,0.0,0.0,11.51,0.0,1941.4,-16.1617,93.9748,1,"[200.0, 200.0, 200.0, 200.0, 200.0, 200.0, 200.0, 200.0, 200.0, 200.0, 200.0, 200.0, 200.0, 200.0, 200.0, 200.0, 200.0, 200.0, 200.0, 200.0, 200.0, 200.0, 200.0, 200.0, 200.0, 200.0, 200.0, 200.0, 200.0, 200.0, 200.0, 200.0, 200.0, 200.0, 200.0, 200.0]",1,942.478,1.53232,0.0726687,-0.0590382,0.0,"[9.41813, 9.03326, 9.38386, 10.6517, 13.7585, 18.9888, 26.3963, 73.3579, 63.6931, 54.2429, 45.3061, 37.2107, 30.2464, 24.5683, 16.7806, 10.8861, 8.17765, 6.82473, 6.16945]",-0.204411,"[1.89686, -0.374556, 4.54725, 3.56236]",0.347155
1.0,-0.267698,0.0,0.0,11.53,0.0,1941.41,-16.1523,93.9748,1,"[200.0, 200.0, 200.0, 200.0, 200.0, 200.0, 200.0, 200.0, 200.0, 200.0, 200.0, 200.0, 200.0, 200.0, 200.0, 200.0, 200.0, 200.0, 200.0, 200.0, 200.0, 200.0, 200.0, 200.0, 200.0, 200.0, 200.0, 200.0, 200.0, 200.0, 200.0, 200.0, 200.0, 200.0, 200.0, 200.0]",1,942.478,1.95658,0.0321077,-0.0694015,0.0,"[9.41516, 9.03037, 9.38078, 10.648, 13.7533, 18.9799, 26.3754, 73.3631, 63.6992, 54.2499, 45.314, 37.219, 30.2549, 24.5766, 16.7876, 10.8912, 8.18162, 6.82807, 6.17245]",-0.204025,"[0.74269, 2.96305, 1.96211, 3.16148]",0.347097
1.0,-0.267564,0.0,0.0,11.55,0.0,1941.42,-16.141,93.9748,1,"[200.0, 200.0, 200.0, 200.0, 200.0, 200.0, 200.0, 200.0, 200.0, 200.0, 200.0, 200.0, 200.0, 200.0, 200.0, 200.0, 200.0, 200.0, 200.0, 200.0, 200.0, 200.0, 200.0, 200.0, 200.0, 200.0, 200.0, 200.0, 200.0, 200.0, 200.0, 200.0, 200.0, 200.0, 200.0, 200.0]",1,942.478,2.3326,0.0575306,-0.0789543,0.0,"[9.41114, 9.02691, 9.37755, 10.6448, 13.7501, 18.9772, 26.3769, 73.3515, 63.6889, 54.2413, 45.3076, 37.2151, 30.2535, 24.5772, 16.7907, 10.895, 8.18523, 6.8315, 6.17582]",-0.203564,"[2.33614, 0.228268, 3.04455, 2.38744]",0.347043
1.0,-0.267518,0.0,0.0,11.57,0.0,1941.43,-16.1278,93.9748,1,"[200.0, 200.0, 200.0, 200.0, 200.0, 200.0, 200.0, 200.0, 200.0, 200.0, 200.0, 200.0, 200.0, 200.0, 200.0, 200.0, 200.0, 200.0, 200.0, 200.0, 200.0, 200.0, 200.0, 200.0, 200.0, 200.0, 200.0, 200.0, 200.0, 200.0, 200.0, 200.0, 200.0, 200.0, 200.0, 200.0]",1,942.478,2.70654,0.0436279,-0.0874403,0.0,"[9.40682, 9.02292, 9.37352, 10.6403, 13.7443, 18.9687, 26.3609, 73.3501, 63.6889, 54.243, 45.3108, 37.22, 30.2597, 24.5842, 16.7978, 10.9009, 8.19018, 6.83584, 6.17985]",-0.203033,"[1.37806, 3.57895, 2.4342, 2.69417]",0.346995
1.0,-0.267292,0.0,0.0,11.59,0.0,1941.45,-16.1127,93.9748,1,"[200.0, 200.0, 200.0, 200.0, 200.0, 200.0, 200.0, 200.0, 200.0, 200.0, 200.0, 200.0, 200.0, 200.0, 200.0, 200.0, 200.0, 200.0, 200.0, 200.0, 200.0, 200.0, 200.0, 200.0, 200.0, 200.0, 200.0, 200.0, 200.0, 200.0, 200.0, 200.0, 200.0, 200.0, 200.0, 200.0]",1,942.478,3.07495,0.0570732,-0.0950468,0.0,"[9.40139, 9.01837, 9.36943, 10.6365, 13.741, 18.9676, 26.3715, 73.3293, 63.6698, 54.2263, 45.2976, 37.2105, 30.2541, 24.5822, 16.8002, 10.9052, 8.19455, 6.84014, 6.18418]",-0.202428,"[2.94038, 0.879954, 2.91482, 2.78724]",0.346966
1.0,-0.267164,0.0,0.0,11.61,0.0,1941.46,-16.0956,93.9748,1,"[200.0, 200.0, 200.0, 200.0, 200.0, 200.0, 200.0, 200.0, 200.0, 200.0, 200.0, 200.0, 200.0, 200.0, 200.0, 200.0, 200.0, 200.0, 200.0, 200.0, 200.0, 200.0, 200.0, 200.0, 200.0, 200.0, 200.0, 200.0, 200.0, 200.0, 200.0, 200.0, 200.0, 200.0, 200.0, 200.0]",1,942.478,3.42494,0.0453732,-0.101525,0.0,"[9.39573, 9.01332, 9.36452, 10.6313, 13.735, 18.9603, 26.3628, 73.3198, 63.6621, 54.2209, 45.2948, 37.2106, 30.2568, 24.587, 16.8068, 10.9117, 8.20031, 6.84538, 6.18918]",-0.201756,"[2.01908, 4.16929, 3.07284, 3.4483]",0.346959
1.0,-0.266881,0.0,0.0,11.63,0.0,1941.48,-16.0767,93.9748,1,"[200.0, 200.0, 200.0, 200.0, 200.0, 200.0, 200.0, 200.0, 200.0, 200.0, 200.0, 200.0, 200.0, 200.0, 200.0, 200.0, 200.0, 200.0, 200.0, 200.0, 200.0, 200.0, 200.0, 200.0, 200.0, 200.0, 200.0, 200.0, 200.0, 200.0, 200.0, 200.0, 200.0, 200.0, 200.0, 200.0]",1,942.478,3.78923,0.0565868,-0.107415,0.0,"[9.38902, 9.0077, 9.35947, 10.6266, 13.7309, 18.959, 26.3766, 73.2938, 63.6382, 54.2001, 45.278, 37.1986, 30.2498, 24.5842, 16.8096, 10.9168, 8.20569, 6.85067, 6.19451]",-0.201009,"[3.57763, 1.52422, 3.81358, 3.45467]",0.346991
1.0,-0.266683,0.0,0.0,11.65,0.0,1941.5,-16.0558,93.9748,1,"[200.0, 200.0, 200.0, 200.0, 200.0, 200.0, 200.0, 200.0, 200.0, 200.0, 200.0, 200.0, 200.0, 200.0, 200.0, 200.0, 200.0, 200.0, 200.0, 200.0, 200.0, 200.0, 200.0, 200.0, 200.0, 200.0, 200.0, 200.0, 200.0, 200.0, 200.0, 200.0, 200.0, 200.0, 200.0, 200.0]",1,942.478,4.14458,0.0477548,-0.112774,0.0,"[9.38203, 9.00159, 9.35367, 10.6207, 13.7244, 18.9524, 26.3733, 73.2774, 63.6241, 54.189, 45.2704, 37.195, 30.25, 24.5875, 16.8162, 10.924, 8.21234, 6.85684, 6.20049]",-0.200195,"[2.67627, 4.77563, 3.73173, 4.10608]",0.347068
1.0,-0.266347,0.0,0.0,11.67,0.0,1941.53,-16.0331,93.9748,1,"[200.0, 200.0, 200.0, 200.0, 200.0, 200.0, 200.0, 200.0, 200.0, 200.0, 200.0, 200.0, 200.0, 200.0, 200.0, 200.0, 200.0, 200.0, 200.0, 200.0, 200.0, 200.0, 200.0, 200.0, 200.0, 200.0, 200.0, 200.0, 200.0, 200.0, 200.0, 200.0, 200.0, 200.0, 200.0, 200.0]",1,942.478,4.5094,0.0563874,-0.118214,0.0,"[9.37408, 8.99493, 9.34769, 10.6151, 13.7196, 18.951, 26.3898, 73.2466, 63.5957, 54.1642, 45.2505, 37.1807, 30.2416, 24.5843, 16.8194, 10.9302, 8.21872, 6.86313, 6.20682]",-0.199309,"[4.20387, 2.17301, 4.44409, 4.12682]",0.347208
1.0,-0.26609,0.0,0.0,11.69,0.0,1941.55,-16.0085,93.9748,1,"[200.0, 200.0, 200.0, 200.0, 200.0, 200.0, 200.0, 200.0, 200.0, 200.0, 200.0, 200.0, 200.0, 200.0, 200.0, 200.0, 200.0, 200.0, 200.0, 200.0, 200.0, 200.0, 200.0, 200.0, 200.0, 200.0, 200.0, 200.0, 200.0, 200.0, 200.0, 200.0, 200.0, 200.0, 200.0, 200.0]",1,942.478,4.86477,0.0501522,-0.124406,0.0,"[9.36581, 8.98776, 9.34094, 10.6083, 13.7125, 18.9443, 26.3902, 73.2247, 63.5766, 54.1486, 45.2393, 37.1744, 30.24, 24.5867, 16.8263, 10.9382, 8.22633, 6.87028, 6.21379]",-0.198355,"[3.33235, 5.38852, 4.39116, 4.7313]",0.347418
1.0,-0.265701,0.0,0.0,11.71,0.0,1941.58,-15.9819,93.9748,1,"[200.0, 200.0, 200.0, 200.0, 200.0, 200.0, 200.0, 200.0, 200.0, 200.0, 200.0, 200.0, 200.0, 200.0, 200.0, 200.0, 200.0, 200.0, 200.0, 200.0, 200.0, 200.0, 200.0, 200.0, 200.0, 200.0, 200.0, 200.0, 200.0, 200.0, 200.0, 200.0, 200.0, 200.0, 200.0, 200.0]",1,942.478,5.23029,0.0568085,-0.132053,0.0,"[9.35661, 8.98005, 9.33401, 10.6018, 13.7069, 18.9427, 26.4096, 73.1889, 63.5437, 54.12, 45.2163, 37.158, 30.2304, 24.583, 16.8301, 10.9453, 8.23372, 6.87755, 6.22112]",-0.19733,"[4.82644, 2.83084, 5.04257, 4.79308]",0.347708
1.0,-0.265385,0.0,0.0,11.73,0.0,1941.61,-15.9536,93.9748,1,"[200.0, 200.0, 200.0, 200.0, 200.0, 200.0, 200.0, 200.0, 200.0, 200.0, 200.0, 200.0, 200.0, 200.0, 200.0, 200.0, 200.0, 200.0, 200.0, 200.0, 200.0, 200.0, 200.0, 200.0, 200.0, 200.0, 200.0, 200.0, 200.0, 200.0, 200.0, 200.0, 200.0, 200.0, 200.0, 200.0]",1,942.478,5.58522,0.0520736,-0.142523,0.0,"[9.34711, 8.97186, 9.32636, 10.5943, 13.6991, 18.9362, 26.4137, 73.1616, 63.5194, 54.0999, 45.2014, 37.1489, 30.227, 24.5845, 16.8373, 10.9543, 8.24225, 6.88566, 6.22907]",-0.196238,"[3.99406, 5.98574, 5.06282, 5.33987]",0.348076
1.0,-0.264944,0.0,0.0,11.75,0.0,1941.64,-15.9232,93.9748,1,"[200.0, 200.0, 200.0, 200.0, 200.0, 200.0, 200.0, 200.0, 200.0, 200.0, 200.0, 200.0, 200.0, 200.0, 200.0, 200.0, 200.0, 200.0, 200.0, 200.0, 200.0, 200.0, 200.0, 200.0, 200.0, 200.0, 200.0, 200.0, 200.0, 200.0, 200.0, 200.0, 200.0, 200.0, 200.0, 200.0]",1,942.478,5.95132,0.0573463,-0.156168,0.0,"[9.33666, 8.9631, 9.31848, 10.5869, 13.6928, 18.9343, 26.4359, 73.1211, 63.4823, 54.0676, 45.1753, 37.1303, 30.216, 24.5803, 16.8415, 10.9622, 8.25063, 6.89391, 6.23738]",-0.195073,"[5.44105, 3.49975, 5.63445, 5.4639]",0.348521
1.0,-0.264568,0.0,0.0,11.77,0.0,1941.67,-15.891,93.9748,1,"[200.0, 200.0, 200.0, 200.0, 200.0, 200.0, 200.0, 200.0, 200.0, 200.0, 200.0, 200.0, 200.0, 200.0, 200.0, 200.0, 200.0, 200.0, 200.0, 200.0, 200.0, 200.0, 200.0, 200.0, 200.0, 200.0, 200.0, 200.0, 200.0, 200.0, 200.0, 200.0, 200.0, 200.0, 200.0, 200.0]",1,942.478,6.30545,0.0539986,-0.174789,0.0,"[9.32589, 8.95387, 9.30992, 10.5785, 13.6844, 18.9279, 26.4442, 73.0881, 63.4527, 54.0428, 45.1566, 37.1184, 30.2109, 24.581, 16.8489, 10.972, 8.2601, 6.90295, 6.2463]",-0.193844,"[4.65335, 6.57143, 5.73475, 5.97705]",0.349018
1.0,-0.264067,0.0,0.0,11.79,0.0,1941.7,-15.8569,93.9748,1,"[200.0, 200.0, 200.0, 200.0, 200.0, 200.0, 200.0, 200.0, 200.0, 200.0, 200.0, 200.0, 200.0, 200.0, 200.0, 200.0, 200.0, 200.0, 200.0, 200.0, 200.0, 200.0, 200.0, 200.0, 200.0, 200.0, 200.0, 200.0, 200.0, 200.0, 200.0, 200.0, 200.0, 200.0, 200.0, 200.0]",1,942.478,6.67187,0.0581497,-0.198543,0.0,"[9.31423, 8.9441, 9.30116, 10.5703, 13.6774, 18.9262, 26.4709, 73.0419, 63.4103, 54.0058, 45.1268, 37.0968, 30.1981, 24.5757, 16.8534, 10.9808, 8.26937, 6.91213, 6.25556]",-0.192544,"[6.03772, 4.17071, 6.27171, 6.13439]",0.349537
1.0,-0.263625,0.0,0.0,11.81,0.0,1941.74,-15.8209,93.9748,1,"[200.0, 200.0, 200.0, 200.0, 200.0, 200.0, 200.0, 200.0, 200.0, 200.0, 200.0, 200.0, 200.0, 200.0, 200.0, 200.0, 200.0, 200.0, 200.0, 200.0, 200.0, 200.0, 200.0, 200.0, 200.0, 200.0, 200.0, 200.0, 200.0, 200.0, 200.0, 200.0, 200.0, 200.0, 200.0, 200.0]",1,942.478,7.0254,0.0559388,-0.22838,0.0,"[9.30221, 8.93384, 9.29169, 10.5611, 13.6685, 18.9202, 26.4843, 73.0028, 63.3751, 53.9759, 45.1037, 37.0817, 30.1908, 24.5751, 16.8609, 10.9913, 8.27972, 6.92209, 6.26545]",-0.191176,"[5.31409, 7.15106, 6.41617, 6.63462]",0.350028
1.0,-0.263064,0.0,0.0,11.83,0.0,1941.78,-15.783,93.9748,1,"[200.0, 200.0, 200.0, 200.0, 200.0, 200.0, 200.0, 200.0, 200.0, 200.0, 200.0, 200.0, 200.0, 200.0, 200.0, 200.0, 200.0, 200.0, 200.0, 200.0, 200.0, 200.0, 200.0, 200.0, 200.0, 200.0, 200.0, 200.0, 200.0, 200.0, 200.0, 200.0, 200.0, 200.0, 200.0, 200.0]",1,942.478,7.39286,0.0590878,-0.262988,0.0,"[9.28933, 8.92307, 9.28205, 10.5522, 13.661, 18.9189, 26.5158, 72.9509, 63.3273, 53.9343, 45.0701, 37.0574, 30.1761, 24.569, 16.8655, 11.0008, 8.28988, 6.93219, 6.27565]",-0.189741,"[6.628, 4.83894, 6.92285, 6.79048]",0.350429
1.0,-0.262556,0.0,0.0,11.85,0.0,1941.82,-15.7432,93.9748,1,"[200.0, 200.0, 200.0, 200.0, 200.0, 200.0, 200.0, 200.0, 200.0, 200.0, 200.0, 200.0, 200.0, 200.0, 200.0, 200.0, 200.0, 200.0, 200.0, 200.0, 200.0, 200.0, 200.0, 200.0, 200.0, 200.0, 200.0, 200.0, 200.0, 200.0, 200.0, 200.0, 200.0, 200.0, 200.0, 200.0]",1,976.221,7.7461,0.0575553,-0.301739,0.0,"[9.27607, 8.9118, 9.27173, 10.5423, 13.6516, 18.9134, 26.535, 72.9054, 63.2862, 53.8992, 45.0427, 37.0388, 30.1664, 24.567, 16.8729, 11.012, 8.30107, 6.94304, 6.28646]",-0.18824,"[5.98564, 7.73043, 7.11572, 7.3003]",0.350664
1.0,-0.261932,0.0,0.0,11.87,0.0,1941.86,-15.7014,93.9748,1,"[200.0, 200.0, 200.0, 200.0, 200.0, 200.0, 200.0, 200.0, 200.0, 200.0, 200.0, 200.0, 200.0, 200.0, 200.0, 200.0, 200.0, 200.0, 200.0, 200.0, 200.0, 200.0, 200.0, 200.0, 200.0, 200.0, 200.0, 200.0, 200.0, 200.0, 200.0, 200.0, 200.0, 200.0, 200.0, 200.0]",1,1022.06,8.12144,0.0600279,-0.341461,0.0,"[9.26197, 8.90003, 9.26121, 10.5326, 13.6436, 18.9124, 26.5722, 72.8475, 63.2329, 53.8527, 45.0049, 37.0114, 30.1496, 24.5597, 16.8776, 11.0223, 8.31208, 6.95403, 6.29762]",-0.186671,"[7.20414, 5.4917, 7.6203, 7.4829]",0.350662
1.0,-0.261354,0.0,0.0,11.89,0.0,1941.9,-15.6577,93.9747,1,"[200.0, 200.0, 200.0, 200.0, 200.0, 200.0, 200.0, 200.0, 200.0, 200.0, 200.0, 200.0, 200.0, 200.0, 200.0, 200.0, 200.0, 200.0, 200.0, 200.0, 200.0, 200.0, 200.0, 200.0, 200.0, 200.0, 200.0, 200.0, 200.0, 200.0, 200.0, 200.0, 200.0, 200.0, 200.0, 200.0]",1,1071.43,8.48456,0.059314,-0.379221,0.0,"[9.24747, 8.88775, 9.25001, 10.5219, 13.6338, 18.9076, 26.5981, 72.7954, 63.1856, 53.812, 44.9728, 36.9893, 30.1375, 24.5563, 16.8848, 11.0341, 8.3241, 6.96578, 6.30936]",-0.185033,"[6.68187, 8.34474, 7.84839, 8.00154]",0.350359
1.0,-0.260662,0.0,0.0,11.91,0.0,1941.95,-15.6121,93.9746,1,"[200.0, 200.0, 200.0, 200.0, 200.0, 200.0, 200.0, 200.0, 200.0, 200.0, 200.0, 200.0, 200.0, 200.0, 200.0, 200.0, 200.0, 200.0, 200.0, 200.0, 200.0, 200.0, 200.0, 200.0, 200.0, 200.0, 200.0, 200.0, 200.0, 200.0, 200.0, 200.0, 200.0, 200.0, 200.0, 200.0]",1,1115.1,8.87365,0.0602686,-0.410133,0.0,"[9.23213, 8.87497, 9.23862, 10.5114, 13.6253, 18.9073, 26.642, 72.7312, 63.1264, 53.7603, 44.9307, 36.9585, 30.1185, 24.5476, 16.8895, 11.045, 8.33594, 6.97766, 6.32146]",-0.183328,"[7.75881, 6.11793, 8.31164, 8.1611]",0.349715
1.0,-0.260016,0.0,0.0,11.93,0.0,1942.0,-15.5643,93.9745,1,"[200.0, 200.0, 200.0, 200.0, 200.0, 200.0, 200.0, 200.0, 200.0, 200.0, 200.0, 200.0, 200.0, 200.0, 200.0, 200.0, 200.0, 200.0, 200.0, 200.0, 200.0, 200.0, 200.0, 200.0, 200.0, 200.0, 200.0, 200.0, 200.0, 200.0, 200.0, 200.0, 200.0, 200.0, 200.0, 200.0]",1,1161.57,9.23704,0.0586677,-0.428942,0.0,"[9.21639, 8.86168, 9.22656, 10.5, 13.6151, 18.9031, 26.6748, 72.6726, 63.073, 53.7141, 44.8941, 36.9329, 30.104, 24.5427, 16.8967, 11.0574, 8.3488, 6.99029, 6.33414]",-0.181555,"[7.58077, 9.0195, 8.51524, 8.67492]",0.348732
1.0,-0.260032,0.0,0.0,11.95,0.0,1942.05,-15.5148,93.9745,1,"[200.0, 200.0, 200.0, 200.0, 200.0, 200.0, 200.0, 200.0, 200.0, 200.0, 200.0, 200.0, 200.0, 200.0, 200.0, 200.0, 200.0, 200.0, 200.0, 200.0, 200.0, 200.0, 200.0, 200.0, 200.0, 200.0, 200.0, 200.0, 200.0, 200.0, 200.0, 200.0, 200.0, 200.0, 200.0, 200.0]",1,1200.01,9.66138,0.345339,-0.437867,1.0,"[9.20132, 8.84723, 9.21138, 10.4823, 13.5905, 18.8624, 26.5779, 72.6882, 63.0933, 53.7393, 44.9238, 36.9661, 30.1392, 24.578, 16.928, 11.0814, 8.36787, 7.00659, 6.34906]",-0.179627,"[7.01902, 6.54208, 9.0282, 8.74088]",0.347547
1.0,-0.262044,0.0,0.0,11.97,0.0,1942.1,-15.464,93.9744,1,"[200.0, 200.0, 200.0, 200.0, 200.0, 200.0, 200.0, 200.0, 200.0, 200.0, 200.0, 200.0, 200.0, 200.0, 200.0, 200.0, 200.0, 200.0, 200.0, 200.0, 200.0, 200.0, 200.0, 200.0, 200.0, 200.0, 200.0, 200.0, 200.0, 200.0, 200.0, 200.0, 200.0, 200.0, 200.0, 200.0]",1,1277.86,9.96547,0.812762,-0.448993,1.0,"[9.18905, 8.83003, 9.18767, 10.4468, 13.5243, 18.7152, 26.117, 72.9265, 63.3349, 53.9779, 45.152, 37.1756, 30.323, 24.7329, 17.031, 11.1391, 8.40487, 7.03323, 6.36986]",-0.177337,"[7.6052, 6.61435, 9.98943, 8.65617]",0.346398
1.0,-0.266084,0.0,0.0,11.99,0.0,1942.15,-15.4125,93.9743,1,"[200.0, 200.0, 200.0, 200.0, 200.0, 200.0, 200.0, 200.0, 200.0, 200.0, 200.0, 200.0, 200.0, 200.0, 200.0, 200.0, 200.0, 200.0, 200.0, 200.0, 200.0, 200.0, 200.0, 200.0, 200.0, 200.0, 200.0, 200.0, 200.0, 200.0, 200.0, 200.0, 200.0, 200.0, 200.0, 200.0]",1,1189.86,10.233,1.33854,-0.464279,1.0,"[9.1792, 8.80964, 9.15493, 10.3929, 13.4164, 18.4649, 25.3611, 73.3909, 63.8015, 54.4345, 45.5836, 37.5665, 30.6608, 25.0123, 17.2094, 11.2326, 8.4611, 7.07113, 6.39733]",-0.174607,"[8.67986, 7.31735, 9.31095, 9.15464]",0.34541
1.0,-0.271735,0.0,0.0,12.01,0.0,1942.2,-15.3602,93.9742,1,"[200.0, 200.0, 200.0, 200.0, 200.0, 200.0, 200.0, 200.0, 200.0, 200.0, 200.0, 200.0, 200.0, 200.0, 200.0, 200.0, 200.0, 200.0, 200.0, 200.0, 200.0, 200.0, 200.0, 200.0, 200.0, 200.0, 200.0, 200.0, 200.0, 200.0, 200.0, 200.0, 200.0, 200.0, 200.0, 200.0]",1,1384.32,10.4692,1.67289,-0.479867,1.0,"[9.17098, 8.78648, 9.11485, 10.3246, 13.2766, 18.1414, 24.463, 74.035, 64.4479, 55.066, 46.1797, 38.1057, 31.1257, 25.3958, 17.4514, 11.3567, 8.53385, 7.11882, 6.43076]",-0.171465,"[10.2497, 8.66253, 11.3279, 8.28635]",0.344676
1.0,-0.277994,0.0,0.0,12.03,0.0,1942.25,-15.3068,93.9742,1,"[200.0, 200.0, 200.0, 200.0, 200.0, 200.0, 200.0, 200.0, 200.0, 200.0, 200.0, 200.0, 200.0, 200.0, 200.0, 200.0, 200.0, 200.0, 200.0, 200.0, 200.0, 200.0, 200.0, 200.0, 200.0, 200.0, 200.0, 200.0, 200.0, 200.0, 200.0, 200.0, 200.0, 200.0, 200.0, 200.0]",1,1259.37,10.8259,1.82099,-0.485453,1.0,"[9.16278, 8.76172, 9.07157, 10.2506, 13.1262, 17.8009, 23.5991, 74.7464, 65.1627, 55.7657, 46.8417, 38.7062, 31.645, 25.8252, 17.7229, 11.4953, 8.61472, 7.1716, 6.46757]",-0.168054,"[11.6646, 9.93722, 9.75925, 9.80224]",0.344277
1.0,-0.284596,0.0,0.0,12.05,0.0,1942.31,-15.2517,93.9741,1,"[200.0, 200.0, 200.0, 200.0, 200.0, 200.0, 200.0, 200.0, 200.0, 200.0, 200.0, 200.0, 200.0, 200.0, 200.0, 200.0, 200.0, 200.0, 200.0, 200.0, 200.0, 200.0, 200.0, 200.0, 200.0, 200.0, 200.0, 200.0, 200.0, 200.0, 200.0, 200.0, 200.0, 200.0, 200.0, 200.0]",1,1466.93,11.2085,1.92401,-0.486137,1.0,"[9.15442, 8.73591, 9.02643, 10.1738, 12.9714, 17.4584, 22.7958, 75.4953, 65.9166, 56.5049, 47.5432, 39.3448, 32.1994, 26.2853, 18.0148, 11.6442, 8.70135, 7.22801, 6.50688]",-0.164443,"[10.9916, 9.19535, 11.8383, 8.83236]",0.344399
1.0,-0.291447,0.0,0.0,12.07,0.0,1942.37,-15.1948,93.974,1,"[200.0, 200.0, 200.0, 200.0, 200.0, 200.0, 200.0, 200.0, 200.0, 200.0, 200.0, 200.0, 200.0, 200.0, 200.0, 200.0, 200.0, 200.0, 200.0, 200.0, 200.0, 200.0, 200.0, 200.0, 200.0, 200.0, 200.0, 200.0, 200.0, 200.0, 200.0, 200.0, 200.0, 200.0, 200.0, 200.0]",1,1376.86,11.6428,2.00295,-0.500918,1.0,"[9.14583, 8.70923, 8.97993, 10.0951, 12.8144, 17.1189, 22.051, 76.2708, 66.6986, 57.2738, 48.275, 40.0134, 32.7823, 26.7709, 18.3243, 11.802, 8.79296, 7.28762, 6.54843]",-0.160651,"[9.88514, 7.86931, 10.3845, 10.6996]",0.348123
1.0,-0.298478,0.0,0.0,12.09,0.0,1942.42,-15.1364,93.9739,1,"[200.0, 200.0, 200.0, 200.0, 200.0, 200.0, 200.0, 200.0, 200.0, 200.0, 200.0, 200.0, 200.0, 200.0, 200.0, 200.0, 200.0, 200.0, 200.0, 200.0, 200.0, 200.0, 200.0, 200.0, 200.0, 200.0, 200.0, 200.0, 200.0, 200.0, 200.0, 200.0, 200.0, 200.0, 200.0, 200.0]",1,1501.07,12.0057,2.05914,-0.546622,1.0,"[9.13686, 8.68176, 8.9323, 10.0149, 12.6564, 16.7854, 21.3597, 77.0654, 67.5014, 58.065, 49.0302, 40.7062, 33.389, 27.2786, 18.6494, 11.9679, 8.88917, 7.3502, 6.59212]",-0.156681,"[10.1859, 8.05051, 11.7732, 9.69846]",0.347863
1.0,-0.305723,0.0,0.0,12.11,0.0,1942.48,-15.0762,93.9739,1,"[200.0, 200.0, 200.0, 200.0, 200.0, 200.0, 200.0, 200.0, 200.0, 200.0, 200.0, 200.0, 200.0, 200.0, 200.0, 200.0, 200.0, 200.0, 200.0, 200.0, 200.0, 200.0, 200.0, 200.0, 200.0, 200.0, 200.0, 200.0, 200.0, 200.0, 200.0, 200.0, 200.0, 200.0, 200.0, 200.0]",1,1516.95,12.3332,2.10011,-0.630466,1.0,"[9.12763, 8.65349, 8.88349, 9.93332, 12.4973, 16.4567, 20.711, 77.8819, 68.328, 58.8815, 49.8122, 41.4264, 34.0226, 27.8109, 18.9922, 12.1428, 8.99044, 7.416, 6.63808]",-0.152531,"[11.7286, 9.81073, 12.3573, 10.4776]",0.34782
1.0,-0.313201,0.0,0.0,12.13,0.0,1942.55,-15.0143,93.9738,1,"[200.0, 200.0, 200.0, 200.0, 200.0, 200.0, 200.0, 200.0, 200.0, 200.0, 200.0, 200.0, 200.0, 200.0, 200.0, 200.0, 200.0, 200.0, 200.0, 200.0, 200.0, 200.0, 200.0, 200.0, 200.0, 200.0, 200.0, 200.0, 200.0, 200.0, 200.0, 200.0, 200.0, 200.0, 200.0, 200.0]",1,1515.22,12.7173,2.1516,-0.748794,1.0,"[9.1182, 8.62441, 8.83348, 9.85009, 12.3367, 16.1319, 20.0971, 78.7227, 69.1808, 59.7258, 50.6233, 42.1762, 34.6852, 28.3701, 19.3543, 12.3276, 9.09717, 7.48527, 6.68645]",-0.148193,"[12.7646, 10.7684, 11.3966, 10.9063]",0.347954
1.0,-0.320859,0.0,0.0,12.15,0.0,1942.61,-14.9508,93.9737,1,"[200.0, 200.0, 200.0, 200.0, 200.0, 200.0, 200.0, 200.0, 200.0, 200.0, 200.0, 200.0, 200.0, 200.0, 200.0, 200.0, 200.0, 200.0, 200.0, 200.0, 200.0, 200.0, 200.0, 200.0, 200.0, 200.0, 200.0, 200.0, 200.0, 200.0, 200.0, 200.0, 200.0, 200.0, 200.0, 200.0]",1,1633.17,13.0719,2.20767,-0.881307,1.0,"[9.10837, 8.59452, 8.78238, 9.76567, 12.1757, 15.813, 19.517, 79.5813, 70.0532, 60.5919, 51.4578, 42.9509, 35.373, 28.9533, 19.7342, 12.5217, 9.20915, 7.5579, 6.73721]",-0.143666,"[13.6409, 11.6277, 13.379, 10.8613]",0.348104
1.0,-0.328803,0.0,0.0,12.17,0.0,1942.67,-14.8856,93.9736,1,"[200.0, 200.0, 200.0, 200.0, 200.0, 200.0, 200.0, 200.0, 200.0, 200.0, 200.0, 200.0, 200.0, 200.0, 200.0, 200.0, 200.0, 200.0, 200.0, 200.0, 200.0, 200.0, 200.0, 200.0, 200.0, 200.0, 200.0, 200.0, 200.0, 200.0, 200.0, 200.0, 200.0, 200.0, 200.0, 200.0]",1,1571.16,13.5034,2.28029,-0.995351,1.0,"[9.09851, 8.56386, 8.72997, 9.67942, 12.0129, 15.4966, 18.9603, 28.4667, 70.9571, 61.4911, 52.3269, 43.7608, 36.0953, 29.5685, 20.1373, 12.7276, 9.32762, 7.63456, 6.79074]",-0.138935,"[13.785, 11.5616, 11.8947, 11.6408]",0.348056
1.0,-0.336119,0.0,0.0,12.19,0.0,1942.74,-14.8182,93.9736,1,"[200.0, 200.0, 200.0, 200.0, 200.0, 200.0, 200.0, 200.0, 200.0, 200.0, 200.0, 200.0, 200.0, 200.0, 200.0, 200.0, 200.0, 200.0, 200.0, 200.0, 200.0, 200.0, 200.0, 200.0, 200.0, 200.0, 200.0, 200.0, 200.0, 200.0, 200.0, 200.0, 200.0, 200.0, 200.0, 200.0]",1,1739.88,14.0004,2.03988,-1.04948,0.0,"[9.08588, 8.53234, 8.67858, 9.59711, 11.8612, 15.2098, 18.4728, 26.4026, 71.7914, 62.3242, 53.1358, 44.5187, 36.7758, 30.1524, 20.5247, 12.9277, 9.44373, 7.71051, 6.84455]",-0.134077,"[12.617, 10.7266, 13.6258, 11.4596]",0.347552
1.0,-0.340997,0.0,0.0,12.21,0.0,1942.81,-14.7477,93.9735,1,"[200.0, 200.0, 200.0, 200.0, 200.0, 200.0, 200.0, 200.0, 200.0, 200.0, 200.0, 200.0, 200.0, 200.0, 200.0, 200.0, 200.0, 200.0, 200.0, 200.0, 200.0, 200.0, 200.0, 200.0, 200.0, 200.0, 200.0, 200.0, 200.0, 200.0, 200.0, 200.0, 200.0, 200.0, 200.0, 200.0]",1,1739.68,14.5294,1.42782,-1.00469,0.0,"[9.06583, 8.50053, 8.63347, 9.5304, 11.746, 15.0024, 18.1347, 25.3065, 72.3574, 62.8937, 53.6939, 45.0476, 37.2569, 30.5714, 20.8116, 13.0826, 9.53748, 7.77454, 6.8923]",-0.12937,"[11.6371, 10.2353, 12.8549, 13.2962]",0.346385
1.0,-0.3429,0.0,0.0,12.23,0.0,1942.89,-14.6735,93.9734,1,"[200.0, 200.0, 200.0, 200.0, 200.0, 200.0, 200.0, 200.0, 200.0, 200.0, 200.0, 200.0, 200.0, 200.0, 200.0, 200.0, 200.0, 200.0, 200.0, 200.0, 200.0, 200.0, 200.0, 200.0, 200.0, 200.0, 200.0, 200.0, 200.0, 200.0, 200.0, 200.0, 200.0, 200.0, 200.0, 200.0]",1,1794.55,14.9865,0.683015,-0.866471,0.0,"[9.03747, 8.46905, 8.59652, 9.4828, 11.6737, 14.8845, 17.955, 24.8191, 72.5958, 63.1399, 53.9421, 45.2904, 37.4861, 30.7791, 20.9667, 13.1771, 9.60076, 7.82192, 6.93101]",-0.124994,"[11.4624, 10.6308, 14.4448, 12.054]",0.344778
1.0,-0.342403,0.0,0.0,12.25,0.0,1942.96,-14.5958,93.9733,1,"[200.0, 200.0, 200.0, 200.0, 200.0, 200.0, 200.0, 200.0, 200.0, 200.0, 200.0, 200.0, 200.0, 200.0, 200.0, 200.0, 200.0, 200.0, 200.0, 200.0, 200.0, 200.0, 200.0, 200.0, 200.0, 200.0, 200.0, 200.0, 200.0, 200.0, 200.0, 200.0, 200.0, 200.0, 200.0, 200.0]",1,1887.19,15.3439,0.223163,-0.682695,0.0,"[9.00287, 8.43823, 8.56646, 9.45082, 11.6356, 14.8364, 17.896, 24.7202, 72.5703, 63.1248, 53.9391, 45.3007, 37.5093, 30.8134, 21.0122, 13.2207, 9.63818, 7.85498, 6.96173]",-0.120952,"[12.8347, 13.0552, 12.3544, 15.4812]",0.343312
1.0,-0.34131,0.0,0.0,12.27,0.0,1943.04,-14.5155,93.9733,1,"[200.0, 200.0, 200.0, 200.0, 200.0, 200.0, 200.0, 200.0, 200.0, 200.0, 200.0, 200.0, 200.0, 200.0, 200.0, 200.0, 200.0, 200.0, 200.0, 200.0, 200.0, 200.0, 200.0, 200.0, 200.0, 200.0, 200.0, 200.0, 200.0, 200.0, 200.0, 200.0, 200.0, 200.0, 200.0, 200.0]",1,1931.23,15.7508,0.1046,-0.533247,0.0,"[8.96666, 8.40747, 8.53797, 9.42252, 11.6057, 14.8053, 17.866, 24.712, 72.4798, 63.0454, 53.8744, 45.2538, 37.4819, 30.8048, 21.0306, 13.2517, 9.66929, 7.88456, 6.99056]",-0.116979,"[13.8377, 14.8252, 15.9024, 12.6942]",0.342685
1.0,-0.339212,0.0,0.0,12.29,0.0,1943.13,-14.4325,93.9732,1,"[200.0, 200.0, 200.0, 200.0, 200.0, 200.0, 200.0, 200.0, 200.0, 200.0, 200.0, 200.0, 200.0, 200.0, 200.0, 200.0, 200.0, 200.0, 200.0, 200.0, 200.0, 200.0, 200.0, 200.0, 200.0, 200.0, 200.0, 200.0, 200.0, 200.0, 200.0, 200.0, 200.0, 200.0, 200.0, 200.0]",1,2002.41,16.1625,-0.260542,-0.457863,-1.0,"[8.92725, 8.37637, 8.5117, 9.39993, 11.589, 14.8017, 17.8842, 24.8586, 72.2799, 62.8582, 53.7065, 45.1116, 37.3706, 30.7257, 21.0048, 13.2625, 9.69039, 7.90886, 7.01673]",-0.113057,"[14.1722, 15.0747, 13.2066, 16.3113]",0.343128
1.0,-0.33442,0.0,0.0,12.31,0.0,1943.21,-14.3464,93.9731,1,"[200.0, 200.0, 200.0, 200.0, 200.0, 200.0, 200.0, 200.0, 200.0, 200.0, 200.0, 200.0, 200.0, 200.0, 200.0, 200.0, 200.0, 200.0, 200.0, 200.0, 200.0, 200.0, 200.0, 200.0, 200.0, 200.0, 200.0, 200.0, 200.0, 200.0, 200.0, 200.0, 200.0, 200.0, 200.0, 200.0]",1,1970.78,16.5364,-0.88066,-0.457299,-1.0,"[8.88092, 8.34585, 8.49285, 9.39441, 11.6102, 14.8762, 18.0388, 25.4765, 71.7861, 62.3809, 53.2608, 44.7133, 37.0333, 30.4568, 20.8592, 13.2175, 9.68306, 7.91753, 7.03438]",-0.109456,"[13.4243, 15.0836, 15.1824, 14.3075]",0.344425
1.0,-0.326832,0.0,0.0,12.33,0.0,1943.3,-14.2576,93.973,1,"[200.0, 200.0, 200.0, 200.0, 200.0, 200.0, 200.0, 200.0, 200.0, 200.0, 200.0, 200.0, 200.0, 200.0, 200.0, 200.0, 200.0, 200.0, 200.0, 200.0, 200.0, 200.0, 200.0, 200.0, 200.0, 200.0, 200.0, 200.0, 200.0, 200.0, 200.0, 200.0, 200.0, 200.0, 200.0, 200.0]",1,2082.79,16.7913,-1.52118,-0.508365,-1.0,"[8.82894, 8.31719, 8.48296, 9.40812, 11.6735, 15.0386, 18.3516, 26.8207, 70.9871, 61.6038, 52.5291, 44.0526, 36.4659, 29.9953, 20.5921, 13.1148, 9.64584, 7.90937, 7.04255]",-0.106303,"[13.2001, 15.3474, 14.2368, 16.3067]",0.346108
1.0,-0.316548,0.0,0.0,12.35,0.0,1943.39,-14.1661,93.9729,1,"[200.0, 200.0, 200.0, 200.0, 200.0, 200.0, 200.0, 200.0, 200.0, 200.0, 200.0, 200.0, 200.0, 200.0, 200.0, 200.0, 200.0, 200.0, 200.0, 200.0, 200.0, 200.0, 200.0, 200.0, 200.0, 200.0, 200.0, 200.0, 200.0, 200.0, 200.0, 200.0, 200.0, 200.0, 200.0, 200.0]",1,2012.98,17.055,-2.10767,-0.550098,-1.0,"[8.77277, 8.2913, 8.48274, 9.44188, 11.7807, 15.2959, 18.8459, 30.06, 69.8945, 60.54, 51.5267, 43.1462, 35.6856, 29.3575, 20.2149, 12.9593, 9.58064, 7.88522, 7.04163]",-0.103631,"[13.4748, 16.0563, 14.5936, 15.7669]",0.347553
1.0,-0.304195,0.0,0.0,12.37,0.0,1943.49,-14.0721,93.9729,1,"[200.0, 200.0, 200.0, 200.0, 200.0, 200.0, 200.0, 200.0, 200.0, 200.0, 200.0, 200.0, 200.0, 200.0, 200.0, 200.0, 200.0, 200.0, 200.0, 200.0, 200.0, 200.0, 200.0, 200.0, 200.0, 200.0, 200.0, 200.0, 200.0, 200.0, 200.0, 200.0, 200.0, 200.0, 200.0, 200.0]",1,2135.35,17.3409,-2.55656,-0.554697,-1.0,"[8.71519, 8.26895, 8.49142, 9.49321, 11.9269, 15.6424, 19.5303, 78.0131, 68.5778, 59.2603, 50.3236, 42.0613, 34.7542, 28.5971, 19.7622, 12.7664, 9.49504, 7.84913, 7.03376]",-0.101405,"[13.7215, 15.7968, 15.0009, 16.1889]",0.34826
1.0,-0.290866,0.0,0.0,12.39,0.0,1943.58,-13.9758,93.9728,1,"[200.0, 200.0, 200.0, 200.0, 200.0, 200.0, 200.0, 200.0, 200.0, 200.0, 200.0, 200.0, 200.0, 200.0, 200.0, 200.0, 200.0, 200.0, 200.0, 200.0, 200.0, 200.0, 200.0, 200.0, 200.0, 200.0, 200.0, 200.0, 200.0, 200.0, 200.0, 200.0, 200.0, 200.0, 200.0, 200.0]",1,2225.06,17.6471,-2.74122,-0.501903,-1.0,"[8.65927, 8.25014, 8.50632, 9.55581, 12.0986, 16.0551, 20.3884, 76.5852, 67.1571, 57.8842, 49.0357, 40.9061, 33.7679, 27.7955, 19.2855, 12.5602, 9.40113, 7.80772, 7.02262]",-0.0994924,"[15.079, 17.6636, 15.2179, 17.8698]",0.347911
1.0,-0.277372,0.0,0.0,12.41,0.0,1943.68,-13.877,93.9727,1,"[200.0, 200.0, 200.0, 200.0, 200.0, 200.0, 200.0, 200.0, 200.0, 200.0, 200.0, 200.0, 200.0, 200.0, 200.0, 200.0, 200.0, 200.0, 200.0, 200.0, 200.0, 200.0, 200.0, 200.0, 200.0, 200.0, 200.0, 200.0, 200.0, 200.0, 200.0, 200.0, 200.0, 200.0, 200.0, 200.0]",1,2118.68,18.1001,-2.83068,-0.389812,-1.0,"[8.60657, 8.2343, 8.52483, 9.62421, 12.2845, 16.514, 21.4166, 75.1379, 65.7219, 56.5004, 47.7476, 39.7583, 32.7946, 27.009, 18.8197, 12.3572, 9.30759, 7.76593, 7.01102]",-0.0977559,"[14.3657, 18.9524, 15.8513, 16.0875]",0.346591
1.0,-0.263704,0.0,0.0,12.43,0.0,1943.78,-13.7756,93.9726,1,"[200.0, 200.0, 200.0, 200.0, 200.0, 200.0, 200.0, 200.0, 200.0, 200.0, 200.0, 200.0, 200.0, 200.0, 200.0, 200.0, 200.0, 200.0, 200.0, 200.0, 200.0, 200.0, 200.0, 200.0, 200.0, 200.0, 200.0, 200.0, 200.0, 200.0, 200.0, 200.0, 200.0, 200.0, 200.0, 200.0]",1,2305.47,18.504,-2.91411,-0.236948,-1.0,"[8.55692, 8.22133, 8.54694, 9.69859, 12.4857, 17.0272, 22.6923, 73.671, 64.2727, 55.1093, 46.4602, 38.6191, 31.8353, 26.2382, 18.3649, 12.1575, 9.21463, 7.72397, 6.99917]",-0.0961751,"[13.2978, 18.975, 15.2836, 18.0226]",0.344735
1.0,-0.249782,0.0,0.0,12.45,0.0,1943.89,-13.672,93.9725,1,"[200.0, 200.0, 200.0, 200.0, 200.0, 200.0, 200.0, 200.0, 200.0, 200.0, 200.0, 200.0, 200.0, 200.0, 200.0, 200.0, 200.0, 200.0, 200.0, 200.0, 200.0, 200.0, 200.0, 200.0, 200.0, 200.0, 200.0, 200.0, 200.0, 200.0, 200.0, 200.0, 200.0, 200.0, 200.0, 200.0]",1,2302.43,18.9359,-2.97301,-0.102954,-1.0,"[8.51013, 8.2113, 8.573, 9.77984, 12.7051, 17.6095, 24.3858, 72.1765, 62.8018, 53.7043, 45.1678, 37.4834, 30.8857, 25.4793, 17.9185, 11.9599, 9.12165, 7.68156, 6.98697]",-0.09475,"[13.3438, 18.0421, 16.274, 18.0257]",0.343074
1.0,-0.236682,0.0,0.0,12.47,0.0,1943.99,-13.5658,93.9724,1,"[200.0, 200.0, 200.0, 200.0, 200.0, 200.0, 200.0, 200.0, 200.0, 200.0, 200.0, 200.0, 200.0, 200.0, 200.0, 200.0, 200.0, 200.0, 200.0, 200.0, 200.0, 200.0, 200.0, 200.0, 200.0, 200.0, 200.0, 200.0, 200.0, 200.0, 200.0, 200.0, 200.0, 200.0, 200.0, 200.0]",1,2387.01,19.4793,-2.62378,-0.00554929,0.0,"[8.46775, 8.20307, 8.59904, 9.85945, 12.923, 18.2185, 26.704, 70.7722, 61.4257, 52.3969, 43.9732, 36.4417, 30.0212, 24.7927, 17.5168, 11.7818, 9.03788, 7.64385, 6.9771]",-0.0933523,"[14.0945, 17.0361, 15.8879, 18.614]",0.342262
1.0,-0.226796,0.0,0.0,12.49,0.0,1944.1,-13.4572,93.9723,1,"[200.0, 200.0, 200.0, 200.0, 200.0, 200.0, 200.0, 200.0, 200.0, 200.0, 200.0, 200.0, 200.0, 200.0, 200.0, 200.0, 200.0, 200.0, 200.0, 200.0, 200.0, 200.0, 200.0, 200.0, 200.0, 200.0, 200.0, 200.0, 200.0, 200.0, 200.0, 200.0, 200.0, 200.0, 200.0, 200.0]",1,2411.72,20.0332,-1.8799,0.0453696,0.0,"[8.43162, 8.19262, 8.61438, 9.9154, 13.0866, 18.7099, 29.92, 69.7194, 60.3996, 51.4287, 43.096, 35.6841, 29.3989, 24.3032, 17.2349, 11.66, 8.98335, 7.6223, 6.97582]",-0.0915924,"[15.4291, 17.4713, 17.8478, 18.0885]",0.343564
1.0,-0.220187,0.0,0.0,12.51,0.0,1944.21,-13.3464,93.9721,1,"[200.0, 200.0, 200.0, 200.0, 200.0, 200.0, 200.0, 200.0, 200.0, 200.0, 200.0, 200.0, 200.0, 200.0, 200.0, 200.0, 200.0, 200.0, 200.0, 200.0, 200.0, 200.0, 200.0, 200.0, 200.0, 200.0, 200.0, 200.0, 200.0, 200.0, 200.0, 200.0, 200.0, 200.0, 200.0, 200.0]",1,2477.84,20.5599,-1.13252,-0.0598599,0.0,"[8.39954, 8.17783, 8.61644, 9.94357, 13.1853, 19.0382, 78.4329, 69.0254, 59.7279, 50.8003, 42.5327, 35.2038, 29.0101, 24.0022, 17.0678, 11.5934, 8.95828, 7.61752, 6.98379]",-0.0893097,"[16.6299, 17.7584, 17.8369, 18.8006]",0.346653
1.0,-0.216089,0.0,0.0,12.53,0.0,1944.33,-13.2334,93.972,1,"[200.0, 200.0, 200.0, 200.0, 200.0, 200.0, 200.0, 200.0, 200.0, 200.0, 200.0, 200.0, 200.0, 200.0, 200.0, 200.0, 200.0, 200.0, 200.0, 200.0, 200.0, 200.0, 200.0, 200.0, 200.0, 200.0, 200.0, 200.0, 200.0, 200.0, 200.0, 200.0, 200.0, 200.0, 200.0, 200.0]",1,2561.12,21.074,-0.589868,-0.294896,0.0,"[8.36958, 8.15881, 8.60726, 9.94884, 13.23, 19.22, 78.0078, 68.6066, 59.3269, 50.4301, 42.2063, 34.9313, 28.7951, 23.841, 16.9858, 11.5684, 8.95572, 7.62577, 6.99906]",-0.086557,"[17.4169, 17.8965, 18.9287, 18.9711]",0.350117
1.0,-0.213402,0.0,0.0,12.55,0.0,1944.44,-13.118,93.9718,1,"[200.0, 200.0, 200.0, 200.0, 200.0, 200.0, 200.0, 200.0, 200.0, 200.0, 200.0, 200.0, 200.0, 200.0, 200.0, 200.0, 200.0, 200.0, 200.0, 200.0, 200.0, 200.0, 200.0, 200.0, 200.0, 200.0, 200.0, 200.0, 200.0, 200.0, 200.0, 200.0, 200.0, 200.0, 200.0, 200.0]",1,2621.38,21.6093,-0.24545,-0.554431,0.0,"[8.34014, 8.13676, 8.59104, 9.94027, 13.2425, 19.3115, 77.7368, 68.3427, 59.0781, 50.2049, 42.0126, 34.7749, 28.6772, 23.7579, 16.9517, 11.5671, 8.96628, 7.64182, 7.01897]",-0.0834656,"[17.9931, 18.199, 19.6023, 19.2088]",0.352274
1.0,-0.211439,0.0,0.0,12.57,0.0,1944.56,-13.0,93.9716,1,"[200.0, 200.0, 200.0, 200.0, 200.0, 200.0, 200.0, 200.0, 200.0, 200.0, 200.0, 200.0, 200.0, 200.0, 200.0, 200.0, 200.0, 200.0, 200.0, 200.0, 200.0, 200.0, 200.0, 200.0, 200.0, 200.0, 200.0, 200.0, 200.0, 200.0, 200.0, 200.0, 200.0, 200.0, 200.0, 200.0]",1,2662.03,22.1583,-0.0445561,-0.740739,0.0,"[8.31042, 8.11263, 8.57065, 9.92389, 13.2372, 19.3532, 77.5452, 68.1591, 58.9081, 50.0547, 41.8879, 34.6789, 28.6098, 23.7155, 16.9428, 11.5786, 8.98414, 7.6624, 7.04172]",-0.0801351,"[18.5642, 18.6006, 19.6801, 19.7048]",0.352242
0.0,-0.209689,0.0,0.0,12.59,0.0,1944.68,-12.8805,93.9716,1,"[200.0, 200.0, 200.0, 200.0, 200.0, 200.0, 200.0, 200.0, 200.0, 200.0, 200.0, 200.0, 200.0, 200.0, 200.0, 200.0, 200.0, 200.0, 200.0, 200.0, 200.0, 200.0, 200.0, 200.0, 200.0, 200.0, 200.0, 200.0, 200.0, 200.0, 200.0, 200.0, 200.0, 200.0, 200.0, 200.0]",1,2499.17,22.1773,0.0380371,-0.791036,0.0,"[8.28035, 8.08761, 8.5487, 9.90481, 13.226, 19.3791, 77.3774, 67.9995, 58.762, 49.9273, 41.7841, 34.6014, 28.5581, 23.6857, 16.9419, 11.5943, 9.0045, 7.68461, 7.06561]",-0.0766937,"[18.3289, 18.4056, 19.0137, 19.3207]",0.350419
0.0,-0.207992,0.0,0.0,12.61,0.0,1944.8,-12.761,93.9716,1,"[200.0, 200.0, 200.0, 200.0, 200.0, 200.0, 200.0, 200.0, 200.0, 200.0, 200.0, 200.0, 200.0, 200.0, 200.0, 200.0, 200.0, 200.0, 200.0, 200.0, 200.0, 200.0, 200.0, 200.0, 200.0, 200.0, 200.0, 200.0, 200.0, 200.0, 200.0, 200.0, 200.0, 200.0, 200.0, 200.0]",1,2361.78,22.1909,0.0595227,-0.729737,0.0,"[8.25042, 8.06256, 8.52658, 9.8853, 13.2138, 19.4023, 77.2153, 67.8458, 58.6216, 49.8056, 41.6854, 34.5283, 28.5099, 23.6588, 16.9426, 11.6106, 9.02519, 7.70701, 7.08959]",-0.0732513,"[18.4406, 17.9153, 18.1328, 18.4062]",0.348254
0.0,-0.206312,0.0,0.0,12.63,0.0,1944.92,-12.6416,93.9716,1,"[200.0, 200.0, 200.0, 200.0, 200.0, 200.0, 200.0, 200.0, 200.0, 200.0, 200.0, 200.0, 200.0, 200.0, 200.0, 200.0, 200.0, 200.0, 200.0, 200.0, 200.0, 200.0, 200.0, 200.0, 200.0, 200.0, 200.0, 200.0, 200.0, 200.0, 200.0, 200.0, 200.0, 200.0, 200.0, 200.0]",1,2401.1,22.1408,0.0684092,-0.637224,0.0,"[8.22075, 8.03768, 8.50456, 9.86581, 13.2014, 19.425, 77.0554, 67.6942, 58.4834, 49.6859, 41.5886, 34.4568, 28.463, 23.6328, 16.9436, 11.627, 9.04581, 7.72928, 7.11344]",-0.0698293,"[19.6117, 18.7252, 17.7829, 17.9419]",0.34706
0.0,-0.204639,0.0,0.0,12.65,0.0,1945.04,-12.5222,93.9716,1,"[200.0, 200.0, 200.0, 200.0, 200.0, 200.0, 200.0, 200.0, 200.0, 200.0, 200.0, 200.0, 200.0, 200.0, 200.0, 200.0, 200.0, 200.0, 200.0, 200.0, 200.0, 200.0, 200.0, 200.0, 200.0, 200.0, 200.0, 200.0, 200.0, 200.0, 200.0, 200.0, 200.0, 200.0, 200.0, 200.0]",1,2493.61,22.0823,0.0720753,-0.580293,0.0,"[8.19135, 8.01303, 8.48273, 9.84652, 13.1893, 19.4484, 76.8962, 67.5434, 58.3458, 49.5667, 41.4924, 34.3857, 28.4162, 23.6068, 16.9444, 11.6431, 9.06615, 7.75135, 7.13708]",-0.0664357,"[20.1295, 19.8705, 18.0821, 18.2343]",0.347062
0.0,-0.202967,0.0,0.0,12.67,0.0,1945.16,-12.4028,93.9716,1,"[200.0, 200.0, 200.0, 200.0, 200.0, 200.0, 200.0, 200.0, 200.0, 200.0, 200.0, 200.0, 200.0, 200.0, 200.0, 200.0, 200.0, 200.0, 200.0, 200.0, 200.0, 200.0, 200.0, 200.0, 200.0, 200.0, 200.0, 200.0, 200.0, 200.0, 200.0, 200.0, 200.0, 200.0, 200.0, 200.0]",1,2559.27,22.0464,0.0746929,-0.563874,0.0,"[8.16222, 7.98859, 8.46112, 9.82744, 13.1774, 19.4728, 76.7373, 67.3928, 58.2086, 49.448, 41.3964, 34.3148, 28.3694, 23.5806, 16.9449, 11.6589, 9.08626, 7.77318, 7.16055]",-0.0630676,"[19.9883, 20.319, 18.5906, 18.7227]",0.347464
0.0,-0.201291,0.0,0.0,12.69,0.0,1945.28,-12.2836,93.9716,1,"[200.0, 200.0, 200.0, 200.0, 200.0, 200.0, 200.0, 200.0, 200.0, 200.0, 200.0, 200.0, 200.0, 200.0, 200.0, 200.0, 200.0, 200.0, 200.0, 200.0, 200.0, 200.0, 200.0, 200.0, 200.0, 200.0, 200.0, 200.0, 200.0, 200.0, 200.0, 200.0, 200.0, 200.0, 200.0, 200.0]",1,2545.83,22.0591,0.0737777,-0.549407,0.0,"[8.13335, 7.96441, 8.43976, 9.80866, 13.1661, 19.4988, 76.5779, 67.2419, 58.071, 49.3288, 41.3, 34.2434, 28.3223, 23.5539, 16.9449, 11.6742, 9.10602, 7.79475, 7.18376]",-0.05973,"[19.3144, 19.0828, 18.7932, 18.8849]",0.347315
0.0,-0.199864,1.0,0.0,12.71,0.0,1945.39,-12.1675,93.9716,1,"[200.0, 200.0, 200.0, 200.0, 200.0, 200.0, 200.0, 200.0, 200.0, 200.0, 200.0, 200.0, 200.0, 200.0, 200.0, 200.0, 200.0, 200.0, 200.0, 200.0, 200.0, 200.0, 200.0, 200.0, 200.0, 200.0, 200.0, 200.0, 200.0, 200.0, 200.0, 200.0, 200.0, 200.0, 200.0, 200.0]",1,1724.8,20.7074,0.123819,-0.507383,0.0,"[8.10575, 7.94083, 8.41836, 9.78885, 13.1509, 19.5109, 76.4447, 67.1168, 57.9584, 49.2328, 41.2241, 34.1894, 28.2889, 23.5379, 16.9506, 11.6918, 9.12654, 7.81636, 7.20658]",-0.0564901,"[0.0, 0.0, 12.8436, 13.0927]",0.346358
0.0,-0.198805,1.0,0.0,12.73,0.0,1945.5,-12.0608,93.9716,1,"[200.0, 200.0, 200.0, 200.0, 200.0, 200.0, 200.0, 200.0, 200.0, 200.0, 200.0, 200.0, 200.0, 200.0, 200.0, 200.0, 200.0, 200.0, 200.0, 200.0, 200.0, 200.0, 200.0, 200.0, 200.0, 200.0, 200.0, 200.0, 200.0, 200.0, 200.0, 200.0, 200.0, 200.0, 200.0, 200.0]",1,1032.8,18.9229,0.176902,-0.447151,0.0,"[8.08067, 7.91883, 8.39767, 9.7684, 13.1313, 19.5041, 76.3496, 67.0292, 57.8814, 49.1696, 41.177, 34.1592, 28.2743, 23.5359, 16.9636, 11.7117, 9.14738, 7.83732, 7.22808]",-0.0534851,"[0.0, 0.0, 8.40884, 7.51672]",0.345217
0.0,-0.197484,1.0,0.0,12.75,0.0,1945.6,-11.9639,93.9716,1,"[200.0, 200.0, 200.0, 200.0, 200.0, 200.0, 200.0, 200.0, 200.0, 200.0, 200.0, 200.0, 200.0, 200.0, 200.0, 200.0, 200.0, 200.0, 200.0, 200.0, 200.0, 200.0, 200.0, 200.0, 200.0, 200.0, 200.0, 200.0, 200.0, 200.0, 200.0, 200.0, 200.0, 200.0, 200.0, 200.0]",1,942.478,17.1714,0.231932,-0.403125,0.0,"[8.05697, 7.89877, 8.37971, 9.75222, 13.1203, 19.5215, 76.2254, 66.9121, 57.7753, 49.0784, 41.1041, 34.106, 28.24, 23.5175, 16.9656, 11.7252, 9.16418, 7.85541, 7.24744]",-0.0507172,"[0.0, 0.0, 0.766175, 0.321299]",0.34465
0.0,-0.195501,1.0,0.0,12.77,0.0,1945.68,-11.8761,93.9716,1,"[200.0, 200.0, 200.0, 200.0, 200.0, 200.0, 200.0, 200.0, 200.0, 200.0, 200.0, 200.0, 200.0, 200.0, 200.0, 200.0, 200.0, 200.0, 200.0, 200.0, 200.0, 200.0, 200.0, 200.0, 200.0, 200.0, 200.0, 200.0, 200.0, 200.0, 200.0, 200.0, 200.0, 200.0, 200.0, 200.0]",1,942.478,15.5016,0.304533,-0.384186,0.0,"[8.03379, 7.88076, 8.36566, 9.74332, 13.1262, 19.5912, 76.0291, 66.7229, 57.599, 48.9211, 40.9711, 34.0007, 28.1623, 23.464, 16.9456, 11.7274, 9.17438, 7.86942, 7.26427]",-0.0481689,"[0.0, 0.0, 0.0, 0.0]",0.344863
0.0,-0.192995,1.0,0.0,12.79,0.0,1945.76,-11.797,93.9716,1,"[200.0, 200.0, 200.0, 200.0, 200.0, 200.0, 200.0, 200.0, 200.0, 200.0, 200.0, 200.0, 200.0, 200.0, 200.0, 200.0, 200.0, 200.0, 200.0, 200.0, 200.0, 200.0, 200.0, 200.0, 200.0, 200.0, 200.0, 200.0, 200.0, 200.0, 200.0, 200.0, 200.0, 200.0, 200.0, 200.0]",1,942.478,13.9509,0.391645,-0.408957,0.0,"[8.01125, 7.86457, 8.35493, 9.7404, 13.146, 19.705, 75.7761, 66.4771, 57.3676, 48.7119, 40.7912, 33.8547, 28.0506, 23.383, 16.9081, 11.7203, 9.17919, 7.88005, 7.27894]",-0.0458171,"[0.0, 0.0, 0.0, 0.0]",0.345574
0.0,-0.190355,1.0,0.0,12.81,0.0,1945.83,-11.7263,93.9716,1,"[200.0, 200.0, 200.0, 200.0, 200.0, 200.0, 200.0, 200.0, 200.0, 200.0, 200.0, 200.0, 200.0, 200.0, 200.0, 200.0, 200.0, 200.0, 200.0, 200.0, 200.0, 200.0, 200.0, 200.0, 200.0, 200.0, 200.0, 200.0, 200.0, 200.0, 200.0, 200.0, 200.0, 200.0, 200.0, 200.0]",1,942.478,12.4096,0.475525,-0.435308,0.0,"[7.98997, 7.8499, 8.34616, 9.7404, 13.1715, 19.837, 75.5079, 66.216, 57.1212, 48.4884, 40.5981, 33.6969, 27.9288, 23.2935, 16.8646, 11.7095, 9.18141, 7.88873, 7.29207]",-0.0436483,"[0.0, 0.0, 0.0, 0.0]",0.346361
0.0,-0.187936,1.0,0.0,12.83,0.0,1945.9,-11.6642,93.9716,1,"[200.0, 200.0, 200.0, 200.0, 200.0, 200.0, 200.0, 200.0, 200.0, 200.0, 200.0, 200.0, 200.0, 200.0, 200.0, 200.0, 200.0, 200.0, 200.0, 200.0, 200.0, 200.0, 200.0, 200.0, 200.0, 200.0, 200.0, 200.0, 200.0, 200.0, 200.0, 200.0, 200.0, 200.0, 200.0, 200.0]",1,942.478,10.8184,0.539079,-0.447358,0.0,"[7.97058, 7.83655, 8.3382, 9.74051, 13.1953, 19.9616, 75.2623, 65.9771, 56.896, 48.2843, 40.4221, 33.5533, 27.818, 23.212, 16.8251, 11.6996, 9.18344, 7.89667, 7.3041]",-0.0416667,"[0.0, 0.0, 0.0, 0.0]",0.346888
0.0,-0.185942,1.0,0.0,12.85,0.0,1945.95,-11.611,93.9716,1,"[200.0, 200.0, 200.0, 200.0, 200.0, 200.0, 200.0, 200.0, 200.0, 200.0, 200.0, 200.0, 200.0, 200.0, 200.0, 200.0, 200.0, 200.0, 200.0, 200.0, 200.0, 200.0, 200.0, 200.0, 200.0, 200.0, 200.0, 200.0, 200.0, 200.0, 200.0, 200.0, 200.0, 200.0, 200.0, 200.0]",1,942.478,9.14236,0.569991,-0.430077,0.0,"[7.95362, 7.82454, 8.33057, 9.73932, 13.2132, 20.0632, 75.0609, 65.7817, 56.7123, 48.1185, 40.2797, 33.4378, 27.7295, 23.1476, 16.7947, 11.6931, 9.18641, 7.90434, 7.31507]",-0.0398966,"[0.0, 0.0, 0.0, 0.0]",0.347027
0.0,-0.184351,1.0,0.0,12.87,0.0,1945.99,-11.567,93.9716,1,"[200.0, 200.0, 200.0, 200.0, 200.0, 200.0, 200.0, 200.0, 200.0, 200.0, 200.0, 200.0, 200.0, 200.0, 200.0, 200.0, 200.0, 200.0, 200.0, 200.0, 200.0, 200.0, 200.0, 200.0, 200.0, 200.0, 200.0, 200.0, 200.0, 200.0, 200.0, 200.0, 200.0, 200.0, 200.0, 200.0]",1,942.478,7.39862,0.566633,-0.383743,0.0,"[7.9392, 7.81408, 8.32353, 9.73724, 13.2259, 20.1425, 74.901, 65.6269, 56.5673, 47.9881, 40.1684, 33.348, 27.6613, 23.0985, 16.7723, 11.6893, 9.18993, 7.91148, 7.32475]",-0.0383647,"[0.0, 0.0, 0.0, 0.0]",0.346829
0.0,-0.18304,1.0,0.0,12.89,0.0,1946.03,-11.5326,93.9716,1,"[200.0, 200.0, 200.0, 200.0, 200.0, 200.0, 200.0, 200.0, 200.0, 200.0, 200.0, 200.0, 200.0, 200.0, 200.0, 200.0, 200.0, 200.0, 200.0, 200.0, 200.0, 200.0, 200.0, 200.0, 200.0, 200.0, 200.0, 200.0, 200.0, 200.0, 200.0, 200.0, 200.0, 200.0, 200.0, 200.0]",1,942.478,5.60969,0.530282,-0.31697,0.0,"[7.9273, 7.80543, 8.31768, 9.73548, 13.2364, 20.2088, 74.7695, 65.4996, 56.4481, 47.8811, 40.077, 33.2744, 27.6055, 23.0583, 16.754, 11.6863, 9.19288, 7.91739, 7.33279]",-0.0370951,"[0.0, 0.0, 0.0, 0.0]",0.346434
0.0,-0.181889,1.0,0.0,12.91,0.0,1946.05,-11.5081,93.9716,1,"[200.0, 200.0, 200.0, 200.0, 200.0, 200.0, 200.0, 200.0, 200.0, 200.0, 200.0, 200.0, 200.0, 200.0, 200.0, 200.0, 200.0, 200.0, 200.0, 200.0, 200.0, 200.0, 200.0, 200.0, 200.0, 200.0, 200.0, 200.0, 200.0, 200.0, 200.0, 200.0, 200.0, 200.0, 200.0, 200.0]",1,942.478,3.79731,0.460378,-0.23858,0.0,"[7.91788, 7.79885, 8.31363, 9.73523, 13.2475, 20.2719, 74.6531, 65.3868, 56.3421, 47.7855, 39.9949, 33.208, 27.5545, 23.021, 16.7362, 11.6822, 9.19426, 7.92153, 7.33884]",-0.0361145,"[0.0, 0.0, 0.0, 0.0]",0.345985
1.0,-0.180813,0.0,0.0,12.93,0.0,1946.07,-11.4891,93.9716,-1,"[200.0, 200.0, 200.0, 200.0, 200.0, 200.0, 200.0, 200.0, 200.0, 200.0, 200.0, 200.0, 200.0, 200.0, 200.0, 200.0, 200.0, 200.0, 200.0, 200.0, 200.0, 200.0, 200.0, 200.0, 200.0, 200.0, 200.0, 200.0, 200.0, 200.0, 200.0, 200.0, 200.0, 200.0, 200.0, 200.0]",1,956.343,3.44663,0.144165,-0.159273,0.0,"[7.91085, 7.79443, 8.31172, 9.73727, 13.2613, 20.3384, 74.5429, 65.2794, 56.2406, 47.6933, 39.915, 33.1422, 27.5032, 22.9827, 16.7163, 11.6758, 9.19342, 7.92352, 7.34275]",-0.0354268,"[2.03919, 5.45526, 3.65189, 3.52826]",0.345615
1.0,-0.18045,0.0,0.0,12.95,0.0,1946.09,-11.4701,93.9716,-1,"[200.0, 200.0, 200.0, 200.0, 200.0, 200.0, 200.0, 200.0, 200.0, 200.0, 200.0, 200.0, 200.0, 200.0, 200.0, 200.0, 200.0, 200.0, 200.0, 200.0, 200.0, 200.0, 200.0, 200.0, 200.0, 200.0, 200.0, 200.0, 200.0, 200.0, 200.0, 200.0, 200.0, 200.0, 200.0, 200.0]",1,971.761,3.55992,0.0452376,-0.0862121,0.0,"[7.90628, 7.79078, 8.30874, 9.73515, 13.2619, 20.3525, 74.5076, 65.2457, 56.2097, 47.666, 39.8924, 33.1247, 27.4906, 22.9743, 16.7137, 11.6768, 9.1958, 7.92653, 7.34627]",-0.034907,"[3.71343, 0.843473, 2.62453, 2.54084]",0.34547
1.0,-0.180242,0.0,0.0,12.97,0.0,1946.11,-11.4509,93.9716,-1,"[200.0, 200.0, 200.0, 200.0, 200.0, 200.0, 200.0, 200.0, 200.0, 200.0, 200.0, 200.0, 200.0, 200.0, 200.0, 200.0, 200.0, 200.0, 200.0, 200.0, 200.0, 200.0, 200.0, 200.0, 200.0, 200.0, 200.0, 200.0, 200.0, 200.0, 200.0, 200.0, 200.0, 200.0, 200.0, 200.0]",1,987.193,3.48769,0.0470854,-0.0322375,0.0,"[7.9021, 7.78715, 8.30539, 9.73197, 13.2592, 20.3546, 74.4888, 65.2283, 56.1941, 47.6531, 39.8825, 33.118, 27.4868, 22.9728, 16.7151, 11.6797, 9.19905, 7.92991, 7.34982]",-0.0344055,"[2.21052, 4.69349, 3.41141, 3.38262]",0.345608
1.0,-0.179984,0.0,0.0,12.99,0.0,1946.13,-11.4318,93.9716,-1,"[200.0, 200.0, 200.0, 200.0, 200.0, 200.0, 200.0, 200.0, 200.0, 200.0, 200.0, 200.0, 200.0, 200.0, 200.0, 200.0, 200.0, 200.0, 200.0, 200.0, 200.0, 200.0, 200.0, 200.0, 200.0, 200.0, 200.0, 200.0, 200.0, 200.0, 200.0, 200.0, 200.0, 200.0, 200.0, 200.0]",1,1002.64,3.57845,0.0529973,0.000636407,0.0,"[7.89781, 7.78351, 8.30216, 9.72911, 13.2577, 20.3605, 74.4646, 65.2055, 56.1737, 47.6356, 39.8686, 33.1078, 27.4802, 22.9692, 16.7152, 11.682, 9.20201, 7.93318, 7.35336]",-0.0338989,"[3.60239, 1.28838, 2.51699, 2.5171]",0.345932
1.0,-0.179781,0.0,0.0,13.01,0.0,1946.15,-11.4125,93.9716,-1,"[200.0, 200.0, 200.0, 200.0, 200.0, 200.0, 200.0, 200.0, 200.0, 200.0, 200.0, 200.0, 200.0, 200.0, 200.0, 200.0, 200.0, 200.0, 200.0, 200.0, 200.0, 200.0, 200.0, 200.0, 200.0, 200.0, 200.0, 200.0, 200.0, 200.0, 200.0, 200.0, 200.0, 200.0, 200.0, 200.0]",1,1018.09,3.49803,0.0479821,0.0152157,0.0,"[7.89362, 7.77986, 8.29876, 9.72586, 13.2549, 20.3621, 74.4463, 65.1886, 56.1587, 47.6232, 39.8592, 33.1015, 27.4767, 22.9679, 16.7167, 11.685, 9.20532, 7.9366, 7.35695]",-0.0333944,"[2.36288, 4.42343, 3.47717, 3.43499]",0.346328
1.0,-0.179526,0.0,0.0,13.03,0.0,1946.17,-11.3932,93.9716,-1,"[200.0, 200.0, 200.0, 200.0, 200.0, 200.0, 200.0, 200.0, 200.0, 200.0, 200.0, 200.0, 200.0, 200.0, 200.0, 200.0, 200.0, 200.0, 200.0, 200.0, 200.0, 200.0, 200.0, 200.0, 200.0, 200.0, 200.0, 200.0, 200.0, 200.0, 200.0, 200.0, 200.0, 200.0, 200.0, 200.0]",1,1033.55,3.59257,0.0519438,0.0157629,0.0,"[7.88932, 7.77623, 8.29554, 9.72301, 13.2532, 20.368, 74.4224, 65.1661, 56.1385, 47.6059, 39.8454, 33.0915, 27.4701, 22.9643, 16.7168, 11.6873, 9.20828, 7.93985, 7.36049]",-0.0328878,"[3.56924, 1.48449, 2.52063, 2.52591]",0.34671
1.0,-0.17932,0.0,0.0,13.05,0.0,1946.19,-11.3739,93.9716,-1,"[200.0, 200.0, 200.0, 200.0, 200.0, 200.0, 200.0, 200.0, 200.0, 200.0, 200.0, 200.0, 200.0, 200.0, 200.0, 200.0, 200.0, 200.0, 200.0, 200.0, 200.0, 200.0, 200.0, 200.0, 200.0, 200.0, 200.0, 200.0, 200.0, 200.0, 200.0, 200.0, 200.0, 200.0, 200.0, 200.0]",1,1049.03,3.5134,0.0475289,0.00690817,0.0,"[7.88512, 7.77257, 8.29214, 9.71976, 13.2505, 20.3698, 74.4037, 65.1489, 56.1232, 47.5932, 39.8358, 33.085, 27.4665, 22.963, 16.7183, 11.6903, 9.21159, 7.94329, 7.36408]",-0.0323822,"[2.39259, 4.37417, 3.47957, 3.4384]",0.347015
1.0,-0.17906,0.0,0.0,13.07,0.0,1946.21,-11.3546,93.9716,-1,"[200.0, 200.0, 200.0, 200.0, 200.0, 200.0, 200.0, 200.0, 200.0, 200.0, 200.0, 200.0, 200.0, 200.0, 200.0, 200.0, 200.0, 200.0, 200.0, 200.0, 200.0, 200.0, 200.0, 200.0, 200.0, 200.0, 200.0, 200.0, 200.0, 200.0, 200.0, 200.0, 200.0, 200.0, 200.0, 200.0]",1,942.478,3.59682,0.052834,-0.00667297,0.0,"[7.88083, 7.76894, 8.28892, 9.71694, 13.249, 20.376, 74.3793, 65.126, 56.1025, 47.5756, 39.8216, 33.0747, 27.4598, 22.9592, 16.7184, 11.6925, 9.21453, 7.94653, 7.36762]",-0.0318756,"[3.60131, 1.47553, 2.34511, 2.31958]",0.347209
1.0,-0.178913,0.0,0.0,13.09,0.0,1946.22,-11.3364,93.9716,-1,"[200.0, 200.0, 200.0, 200.0, 200.0, 200.0, 200.0, 200.0, 200.0, 200.0, 200.0, 200.0, 200.0, 200.0, 200.0, 200.0, 200.0, 200.0, 200.0, 200.0, 200.0, 200.0, 200.0, 200.0, 200.0, 200.0, 200.0, 200.0, 200.0, 200.0, 200.0, 200.0, 200.0, 200.0, 200.0, 200.0]",1,942.478,3.05523,0.0460535,0.00805752,0.0,"[7.87697, 7.76549, 8.28558, 9.71352, 13.2454, 20.3738, 74.3668, 65.1147, 56.0929, 47.568, 39.8165, 33.0719, 27.4591, 22.9601, 16.721, 11.6959, 9.21792, 7.94989, 7.37103]",-0.0314026,"[3.56737, 4.31306, 2.3943, 2.56705]",0.34745
1.0,-0.17869,0.0,0.0,13.11,0.0,1946.24,-11.3208,93.9716,-1,"[200.0, 200.0, 200.0, 200.0, 200.0, 200.0, 200.0, 200.0, 200.0, 200.0, 200.0, 200.0, 200.0, 200.0, 200.0, 200.0, 200.0, 200.0, 200.0, 200.0, 200.0, 200.0, 200.0, 200.0, 200.0, 200.0, 200.0, 200.0, 200.0, 200.0, 200.0, 200.0, 200.0, 200.0, 200.0, 200.0]",1,942.478,2.73874,0.048102,-0.014786,0.0,"[7.87349, 7.76257, 8.28304, 9.71136, 13.2444, 20.38, 74.3457, 65.0949, 56.0749, 47.5525, 39.804, 33.0626, 27.4528, 22.9565, 16.7207, 11.6975, 9.2202, 7.95246, 7.37388]",-0.0309937,"[1.63939, 0.671955, 0.337688, 1.78633]",0.347524
1.0,-0.178678,0.0,0.0,13.13,0.0,1946.25,-11.3077,93.9716,-1,"[200.0, 200.0, 200.0, 200.0, 200.0, 200.0, 200.0, 200.0, 200.0, 200.0, 200.0, 200.0, 200.0, 200.0, 200.0, 200.0, 200.0, 200.0, 200.0, 200.0, 200.0, 200.0, 200.0, 200.0, 200.0, 200.0, 200.0, 200.0, 200.0, 200.0, 200.0, 200.0, 200.0, 200.0, 200.0, 200.0]",1,942.478,2.15631,0.0490873,-0.0303984,0.0,"[7.87081, 7.75996, 8.28027, 9.70807, 13.2397, 20.3705, 74.3467, 65.0966, 56.0776, 47.556, 39.8082, 33.0673, 27.4578, 22.9615, 16.7252, 11.7012, 9.22332, 7.95524, 7.3765]",-0.0306468,"[2.87051, 3.84344, 2.08403, 0.978758]",0.347462
1.0,-0.178611,0.0,0.0,13.15,0.0,1946.26,-11.297,93.9716,-1,"[200.0, 200.0, 200.0, 200.0, 200.0, 200.0, 200.0, 200.0, 200.0, 200.0, 200.0, 200.0, 200.0, 200.0, 200.0, 200.0, 200.0, 200.0, 200.0, 200.0, 200.0, 200.0, 200.0, 200.0, 200.0, 200.0, 200.0, 200.0, 200.0, 200.0, 200.0, 200.0, 200.0, 200.0, 200.0, 200.0]",1,942.478,1.80966,0.0459687,-0.0384083,0.0,"[7.86847, 7.7578, 8.27813, 9.70576, 13.237, 20.3673, 74.3415, 65.0922, 56.074, 47.5536, 39.807, 33.0673, 27.4587, 22.963, 16.7275, 11.7036, 9.22557, 7.9574, 7.37865]",-0.0303538,"[0.750761, -0.479403, 0.631362, 1.19328]",0.347322
1.0,-0.178671,0.0,0.0,13.17,0.0,1946.27,-11.2889,93.9716,-1,"[200.0, 200.0, 200.0, 200.0, 200.0, 200.0, 200.0, 200.0, 200.0, 200.0, 200.0, 200.0, 200.0, 200.0, 200.0, 200.0, 200.0, 200.0, 200.0, 200.0, 200.0, 200.0, 200.0, 200.0, 200.0, 200.0, 200.0, 200.0, 200.0, 200.0, 200.0, 200.0, 200.0, 200.0, 200.0, 200.0]",1,942.478,1.2483,0.0323373,-0.0392555,0.0,"[7.86684, 7.75607, 8.2761, 9.7031, 13.2324, 20.3556, 74.3493, 65.1004, 56.0825, 47.5621, 39.8153, 33.0751, 27.4658, 22.9694, 16.7323, 11.7069, 9.22804, 7.95942, 7.38042]",-0.030129,"[2.06934, 3.35625, 0.377494, 0.858258]",0.347142
1.0,-0.178647,0.0,0.0,13.19,0.0,1946.28,-11.2831,93.9716,-1,"[200.0, 200.0, 200.0, 200.0, 200.0, 200.0, 200.0, 200.0, 200.0, 200.0, 200.0, 200.0, 200.0, 200.0, 200.0, 200.0, 200.0, 200.0, 200.0, 200.0, 200.0, 200.0, 200.0, 200.0, 200.0, 200.0, 200.0, 200.0, 200.0, 200.0, 200.0, 200.0, 200.0, 200.0, 200.0, 200.0]",1,942.478,0.946358,0.0485416,-0.0352494,0.0,"[7.86551, 7.75481, 8.27481, 9.70164, 13.2305, 20.3526, 74.3479, 65.0994, 56.0821, 47.5622, 39.8159, 33.0762, 27.4673, 22.971, 16.7341, 11.7085, 9.22945, 7.96072, 7.38168]",-0.0299591,"[-0.215227, -1.43177, -0.661158, -0.190966]",0.346971
1.0,-0.178789,0.0,0.0,13.21,0.0,1946.28,-11.2798,93.9716,-1,"[200.0, 200.0, 200.0, 200.0, 200.0, 200.0, 200.0, 200.0, 200.0, 200.0, 200.0, 200.0, 200.0, 200.0, 200.0, 200.0, 200.0, 200.0, 200.0, 200.0, 200.0, 200.0, 200.0, 200.0, 200.0, 200.0, 200.0, 200.0, 200.0, 200.0, 200.0, 200.0, 200.0, 200.0, 200.0, 200.0]",1,942.478,0.375792,0.0252165,-0.0276566,0.0,"[7.86493, 7.75391, 8.27347, 9.69946, 13.2258, 20.3377, 74.3637, 65.1152, 56.0975, 47.5769, 39.8293, 33.0879, 27.4771, 22.9791, 16.7394, 11.7115, 9.23137, 7.96205, 7.38265]",-0.0298543,"[1.64592, 2.92095, -1.14601, -0.662026]",0.346822
1.0,-0.178772,0.0,0.0,13.23,0.0,1946.28,-11.2791,93.9716,-1,"[200.0, 200.0, 200.0, 200.0, 200.0, 200.0, 200.0, 200.0, 200.0, 200.0, 200.0, 200.0, 200.0, 200.0, 200.0, 200.0, 200.0, 200.0, 200.0, 200.0, 200.0, 200.0, 200.0, 200.0, 200.0, 200.0, 200.0, 200.0, 200.0, 200.0, 200.0, 200.0, 200.0, 200.0, 200.0, 200.0]",1,942.478,0.0382562,0.0586778,-0.0185727,0.0,"[7.86448, 7.75351, 8.27309, 9.69908, 13.2254, 20.3375, 74.3622, 65.1139, 56.0963, 47.576, 39.8287, 33.0876, 27.477, 22.9792, 16.7397, 11.7119, 9.23175, 7.96244, 7.38305]",-0.0297994,"[-0.462914, -1.53674, -1.67659, -1.23774]",0.346728
1.0,-0.178975,0.0,0.0,13.25,0.0,1946.28,-11.2808,93.9716,-1,"[200.0, 200.0, 200.0, 200.0, 200.0, 200.0, 200.0, 200.0, 200.0, 200.0, 200.0, 200.0, 200.0, 200.0, 200.0, 200.0, 200.0, 200.0, 200.0, 200.0, 200.0, 200.0, 200.0, 200.0, 200.0, 200.0, 200.0, 200.0, 200.0, 200.0, 200.0, 200.0, 200.0, 200.0, 200.0, 200.0]",1,942.478,-0.514011,0.0215027,-0.00877319,0.0,"[7.86486, 7.75342, 8.27245, 9.69749, 13.2211, 20.3211, 74.3838, 65.1352, 56.1168, 47.5949, 39.8455, 33.1019, 27.4887, 22.9883, 16.7451, 11.7145, 9.23305, 7.96306, 7.38324]",-0.0298065,"[1.15824, 2.3072, -2.07377, -1.47966]",0.346681
1.0,-0.179015,0.0,0.0,13.27,0.0,1946.28,-11.2847,93.9716,-1,"[200.0, 200.0, 200.0, 200.0, 200.0, 200.0, 200.0, 200.0, 200.0, 200.0, 200.0, 200.0, 200.0, 200.0, 200.0, 200.0, 200.0, 200.0, 200.0, 200.0, 200.0, 200.0, 200.0, 200.0, 200.0, 200.0, 200.0, 200.0, 200.0, 200.0, 200.0, 200.0, 200.0, 200.0, 200.0, 200.0]",1,942.478,-0.833146,0.0405903,0.00168472,0.0,"[7.8654, 7.75385, 8.27282, 9.69779, 13.2211, 20.3196, 74.3876, 65.1389, 56.1202, 47.5978, 39.8479, 33.1037, 27.49, 22.9892, 16.7454, 11.7143, 9.23274, 7.96269, 7.38282]",-0.0298686,"[-1.42792, -2.54651, -2.21017, -2.05978]",0.346689
1.0,-0.179282,0.0,0.0,13.29,0.0,1946.27,-11.2911,93.9716,-1,"[200.0, 200.0, 200.0, 200.0, 200.0, 200.0, 200.0, 200.0, 200.0, 200.0, 200.0, 200.0, 200.0, 200.0, 200.0, 200.0, 200.0, 200.0, 200.0, 200.0, 200.0, 200.0, 200.0, 200.0, 200.0, 200.0, 200.0, 200.0, 200.0, 200.0, 200.0, 200.0, 200.0, 200.0, 200.0, 200.0]",1,942.478,-1.38757,0.054218,0.0122715,0.0,"[7.8668, 7.75462, 8.27294, 9.69686, 13.217, 20.3017, 74.4152, 65.1658, 56.1457, 47.6212, 39.8683, 33.1206, 27.5033, 22.9994, 16.7509, 11.7164, 9.23335, 7.96255, 7.38217]",-0.0299957,"[-0.0802308, 1.15625, -2.2259, -2.13139]",0.346743
1.0,-0.1794,0.0,0.0,13.31,0.0,1946.26,-11.2998,93.9716,-1,"[200.0, 200.0, 200.0, 200.0, 200.0, 200.0, 200.0, 200.0, 200.0, 200.0, 200.0, 200.0, 200.0, 200.0, 200.0, 200.0, 200.0, 200.0, 200.0, 200.0, 200.0, 200.0, 200.0, 200.0, 200.0, 200.0, 200.0, 200.0, 200.0, 200.0, 200.0, 200.0, 200.0, 200.0, 200.0, 200.0]",1,942.478,-1.76075,0.0381432,0.0215405,0.0,"[7.86834, 7.75586, 8.27397, 9.69761, 13.217, 20.2972, 74.4266, 65.1767, 56.1558, 47.63, 39.8755, 33.1262, 27.5073, 23.002, 16.7517, 11.716, 9.23252, 7.96151, 7.38098]",-0.0301717,"[-2.1762, -3.38738, -1.55849, -1.9139]",0.346851
1.0,-0.179696,0.0,0.0,13.33,0.0,1946.25,-11.311,93.9716,-1,"[200.0, 200.0, 200.0, 200.0, 200.0, 200.0, 200.0, 200.0, 200.0, 200.0, 200.0, 200.0, 200.0, 200.0, 200.0, 200.0, 200.0, 200.0, 200.0, 200.0, 200.0, 200.0, 200.0, 200.0, 200.0, 200.0, 200.0, 200.0, 200.0, 200.0, 200.0, 200.0, 200.0, 200.0, 200.0, 200.0]",1,942.478,-2.28534,0.045926,0.0312534,0.0,"[7.87065, 7.75745, 8.2749, 9.69755, 13.2139, 20.2803, 74.4565, 65.2057, 56.183, 47.6545, 39.8966, 33.1433, 27.5205, 23.0116, 16.7564, 11.7171, 9.23228, 7.96055, 7.37951]",-0.0304118,"[-0.845585, 0.237502, -1.60724, -3.23384]",0.346995
1.0,-0.179963,0.0,0.0,13.35,0.0,1946.24,-11.3246,93.9716,-1,"[200.0, 200.0, 200.0, 200.0, 200.0, 200.0, 200.0, 200.0, 200.0, 200.0, 200.0, 200.0, 200.0, 200.0, 200.0, 200.0, 200.0, 200.0, 200.0, 200.0, 200.0, 200.0, 200.0, 200.0, 200.0, 200.0, 200.0, 200.0, 200.0, 200.0, 200.0, 200.0, 200.0, 200.0, 200.0, 200.0]",1,942.478,-2.63834,0.051071,0.0408518,0.0,"[7.87333, 7.75947, 8.27638, 9.69825, 13.2122, 20.2674, 74.4831, 65.2312, 56.2068, 47.6758, 39.9146, 33.1576, 27.5312, 23.0192, 16.7596, 11.7174, 9.23136, 7.95906, 7.37761]",-0.0307048,"[-2.90277, -3.98511, -2.86214, -2.32475]",0.347176
1.0,-0.18033,0.0,0.0,13.37,0.0,1946.22,-11.3406,93.9716,-1,"[200.0, 200.0, 200.0, 200.0, 200.0, 200.0, 200.0, 200.0, 200.0, 200.0, 200.0, 200.0, 200.0, 200.0, 200.0, 200.0, 200.0, 200.0, 200.0, 200.0, 200.0, 200.0, 200.0, 200.0, 200.0, 200.0, 200.0, 200.0, 200.0, 200.0, 200.0, 200.0, 200.0, 200.0, 200.0, 200.0]",1,942.478,-3.15768,0.0467535,0.0509892,0.0,"[7.87665, 7.7619, 8.27802, 9.69877, 13.2093, 20.2484, 74.5198, 65.2667, 56.24, 47.7055, 39.94, 33.1779, 27.5466, 23.0303, 16.7646, 11.7182, 9.23051, 7.95739, 7.37534]",-0.0310618,"[-1.60392, -0.561487, -3.25355, -3.08273]",0.347377
1.0,-0.180575,0.0,0.0,13.39,0.0,1946.2,-11.3589,93.9716,-1,"[200.0, 200.0, 200.0, 200.0, 200.0, 200.0, 200.0, 200.0, 200.0, 200.0, 200.0, 200.0, 200.0, 200.0, 200.0, 200.0, 200.0, 200.0, 200.0, 200.0, 200.0, 200.0, 200.0, 200.0, 200.0, 200.0, 200.0, 200.0, 200.0, 200.0, 200.0, 200.0, 200.0, 200.0, 200.0, 200.0]",1,942.478,-3.48623,0.043524,0.0615517,0.0,"[7.88018, 7.7648, 8.2805, 9.70076, 13.2098, 20.2407, 74.5432, 65.2889, 56.2603, 47.7231, 39.9543, 33.1889, 27.5541, 23.035, 16.7656, 11.7168, 9.22838, 7.95488, 7.37254]",-0.0314707,"[-3.62626, -4.62541, -3.5663, -4.11615]",0.347596
1.0,-0.181063,0.0,0.0,13.41,0.0,1946.18,-11.3795,93.9716,-1,"[200.0, 200.0, 200.0, 200.0, 200.0, 200.0, 200.0, 200.0, 200.0, 200.0, 200.0, 200.0, 200.0, 200.0, 200.0, 200.0, 200.0, 200.0, 200.0, 200.0, 200.0, 200.0, 200.0, 200.0, 200.0, 200.0, 200.0, 200.0, 200.0, 200.0, 200.0, 200.0, 200.0, 200.0, 200.0, 200.0]",1,942.478,-4.00125,0.0474889,0.021227,0.0,"[7.88458, 7.768, 8.28265, 9.70139, 13.2058, 20.2153, 74.5922, 65.3363, 56.3044, 47.7628, 39.9882, 33.216, 27.5748, 23.0499, 16.7724, 11.718, 9.22729, 7.9527, 7.36955]",-0.0319407,"[-4.26029, -1.384, -3.82227, -3.43973]",0.347552
1.0,-0.181397,0.0,0.0,13.43,0.0,1946.16,-11.4025,93.9716,-1,"[200.0, 200.0, 200.0, 200.0, 200.0, 200.0, 200.0, 200.0, 200.0, 200.0, 200.0, 200.0, 200.0, 200.0, 200.0, 200.0, 200.0, 200.0, 200.0, 200.0, 200.0, 200.0, 200.0, 200.0, 200.0, 200.0, 200.0, 200.0, 200.0, 200.0, 200.0, 200.0, 200.0, 200.0, 200.0, 200.0]",1,942.478,-4.42011,0.0391164,0.0415161,0.0,"[7.8892, 7.77178, 8.28585, 9.70387, 13.2062, 20.2043, 74.6242, 65.3667, 56.3323, 47.7871, 40.0081, 33.2312, 27.5854, 23.0566, 16.774, 11.7164, 9.22461, 7.94948, 7.36591]",-0.0324738,"[-2.82383, -5.44819, -3.95281, -4.59818]",0.347483
1.0,-0.181876,0.0,0.0,13.45,0.0,1946.13,-11.428,93.9716,-1,"[200.0, 200.0, 200.0, 200.0, 200.0, 200.0, 200.0, 200.0, 200.0, 200.0, 200.0, 200.0, 200.0, 200.0, 200.0, 200.0, 200.0, 200.0, 200.0, 200.0, 200.0, 200.0, 200.0, 200.0, 200.0, 200.0, 200.0, 200.0, 200.0, 200.0, 200.0, 200.0, 200.0, 200.0, 200.0, 200.0]",1,942.478,-4.86948,0.0428881,0.0667244,0.0,"[7.89455, 7.77592, 8.28906, 9.70581, 13.2043, 20.1837, 74.6713, 65.4119, 56.3742, 47.8243, 40.0393, 33.2559, 27.6035, 23.0691, 16.7788, 11.716, 9.2223, 7.94624, 7.36197]",-0.0330699,"[-4.79511, -2.13612, -4.48388, -4.45916]",0.34743
1.0,-0.182266,0.0,0.0,13.47,0.0,1946.1,-11.4557,93.9716,-1,"[200.0, 200.0, 200.0, 200.0, 200.0, 200.0, 200.0, 200.0, 200.0, 200.0, 200.0, 200.0, 200.0, 200.0, 200.0, 200.0, 200.0, 200.0, 200.0, 200.0, 200.0, 200.0, 200.0, 200.0, 200.0, 200.0, 200.0, 200.0, 200.0, 200.0, 200.0, 200.0, 200.0, 200.0, 200.0, 200.0]",1,949.638,-5.2815,0.0400198,0.0947053,0.0,"[7.9002, 7.78059, 8.29303, 9.70901, 13.2051, 20.1718, 74.7087, 65.4474, 56.4067, 47.8525, 40.0623, 33.2732, 27.6156, 23.0766, 16.7803, 11.7139, 9.21887, 7.94224, 7.35747]",-0.033724,"[-3.5699, -6.18882, -5.23565, -5.37588]",0.347386
0.0,-0.182877,1.0,0.0,13.49,0.0,1946.08,-11.4814,93.9716,-1,"[200.0, 200.0, 200.0, 200.0, 200.0, 200.0, 200.0, 200.0, 200.0, 200.0, 200.0, 200.0, 200.0, 200.0, 200.0, 200.0, 200.0, 200.0, 200.0, 200.0, 200.0, 200.0, 200.0, 200.0, 200.0, 200.0, 200.0, 200.0, 200.0, 200.0, 200.0, 200.0, 200.0, 200.0, 200.0, 200.0]",1,942.478,-3.91151,0.0908637,0.117458,0.0,"[7.90567, 7.78455, 8.29568, 9.70976, 13.2001, 20.1405, 74.77, 65.5067, 56.4622, 47.9024, 40.1049, 33.3076, 27.6417, 23.0954, 16.7889, 11.7154, 9.21758, 7.93954, 7.35379]",-0.0343068,"[0.0, 0.0, -1.27884, -1.10355]",0.347451
1.0,-0.183169,0.0,0.0,13.51,0.0,1946.06,-11.5027,93.9716,-1,"[200.0, 200.0, 200.0, 200.0, 200.0, 200.0, 200.0, 200.0, 200.0, 200.0, 200.0, 200.0, 200.0, 200.0, 200.0, 200.0, 200.0, 200.0, 200.0, 200.0, 200.0, 200.0, 200.0, 200.0, 200.0, 200.0, 200.0, 200.0, 200.0, 200.0, 200.0, 200.0, 200.0, 200.0, 200.0, 200.0]",1,942.478,-4.19058,0.0490995,0.128414,0.0,"[7.90979, 7.78793, 8.29854, 9.71203, 13.2005, 20.1314, 74.798, 65.5333, 56.4865, 47.9237, 40.1223, 33.3208, 27.6509, 23.1013, 16.7903, 11.7139, 9.21514, 7.93666, 7.35053]",-0.0347819,"[-1.8855, -2.24272, -3.45615, -4.59001]",0.347626
1.0,-0.183593,0.0,0.0,13.53,0.0,1946.03,-11.5266,93.9716,-1,"[200.0, 200.0, 200.0, 200.0, 200.0, 200.0, 200.0, 200.0, 200.0, 200.0, 200.0, 200.0, 200.0, 200.0, 200.0, 200.0, 200.0, 200.0, 200.0, 200.0, 200.0, 200.0, 200.0, 200.0, 200.0, 200.0, 200.0, 200.0, 200.0, 200.0, 200.0, 200.0, 200.0, 200.0, 200.0, 200.0]",1,942.478,-4.54996,0.040887,0.1403,0.0,"[7.91478, 7.79184, 8.30165, 9.71404, 13.1993, 20.1143, 74.8397, 65.5732, 56.5235, 47.9563, 40.1497, 33.3422, 27.6666, 23.1119, 16.7941, 11.7132, 9.21282, 7.93353, 7.3468]",-0.0353414,"[-4.35197, -4.52263, -3.90372, -4.1965]",0.347706
1.0,-0.184024,0.0,0.0,13.55,0.0,1946.01,-11.5527,93.9716,-1,"[200.0, 200.0, 200.0, 200.0, 200.0, 200.0, 200.0, 200.0, 200.0, 200.0, 200.0, 200.0, 200.0, 200.0, 200.0, 200.0, 200.0, 200.0, 200.0, 200.0, 200.0, 200.0, 200.0, 200.0, 200.0, 200.0, 200.0, 200.0, 200.0, 200.0, 200.0, 200.0, 200.0, 200.0, 200.0, 200.0]",1,942.478,-5.05868,0.0442125,0.152893,0.0,"[7.92024, 7.79621, 8.30521, 9.71659, 13.1988, 20.0987, 74.8815, 65.6132, 56.5604, 47.9888, 40.1767, 33.3632, 27.6816, 23.1219, 16.7973, 11.712, 9.20998, 7.92994, 7.34263]",-0.0359609,"[-3.35487, -3.29153, -4.06018, -5.11178]",0.347699
0.0,-0.184558,1.0,0.0,13.57,0.0,1945.98,-11.5765,93.9716,-1,"[200.0, 200.0, 200.0, 200.0, 200.0, 200.0, 200.0, 200.0, 200.0, 200.0, 200.0, 200.0, 200.0, 200.0, 200.0, 200.0, 200.0, 200.0, 200.0, 200.0, 200.0, 200.0, 200.0, 200.0, 200.0, 200.0, 200.0, 200.0, 200.0, 200.0, 200.0, 200.0, 200.0, 200.0, 200.0, 200.0]",1,942.478,-3.57614,0.0862455,0.159836,0.0,"[7.9253, 7.79994, 8.30781, 9.71759, 13.195, 20.0728, 74.935, 65.6648, 56.6087, 48.0321, 40.2135, 33.3928, 27.7039, 23.1379, 16.8043, 11.7129, 9.20853, 7.9273, 7.33914]",-0.0365051,"[0.0, 0.0, -2.23923, -2.06986]",0.347778
1.0,-0.18492,0.0,0.0,13.59,0.0,1945.96,-11.5963,93.9716,-1,"[200.0, 200.0, 200.0, 200.0, 200.0, 200.0, 200.0, 200.0, 200.0, 200.0, 200.0, 200.0, 200.0, 200.0, 200.0, 200.0, 200.0, 200.0, 200.0, 200.0, 200.0, 200.0, 200.0, 200.0, 200.0, 200.0, 200.0, 200.0, 200.0, 200.0, 200.0, 200.0, 200.0, 200.0, 200.0, 200.0]",1,942.478,-3.87327,0.0314199,0.15393,0.0,"[7.92935, 7.80308, 8.31023, 9.71905, 13.1935, 20.0577, 74.9707, 65.6992, 56.6406, 48.0604, 40.2374, 33.4116, 27.7178, 23.1474, 16.808, 11.7126, 9.20679, 7.92488, 7.33617]",-0.0369548,"[-3.92614, -1.65077, -4.10342, -3.30482]",0.347937
1.0,-0.185267,0.0,0.0,13.61,0.0,1945.94,-11.6187,93.9716,-1,"[200.0, 200.0, 200.0, 200.0, 200.0, 200.0, 200.0, 200.0, 200.0, 200.0, 200.0, 200.0, 200.0, 200.0, 200.0, 200.0, 200.0, 200.0, 200.0, 200.0, 200.0, 200.0, 200.0, 200.0, 200.0, 200.0, 200.0, 200.0, 200.0, 200.0, 200.0, 200.0, 200.0, 200.0, 200.0, 200.0]",1,942.478,-4.31836,0.0473934,0.150856,0.0,"[7.93398, 7.80681, 8.31333, 9.72137, 13.1935, 20.0461, 75.0043, 65.7313, 56.67, 48.0863, 40.2588, 33.4281, 27.7295, 23.1551, 16.8102, 11.7113, 9.20425, 7.92175, 7.3326]",-0.0374817,"[-2.81476, -5.11572, -4.08021, -3.56325]",0.347924
1.0,-0.185697,0.0,0.0,13.63,0.0,1945.92,-11.6433,93.9716,-1,"[200.0, 200.0, 200.0, 200.0, 200.0, 200.0, 200.0, 200.0, 200.0, 200.0, 200.0, 200.0, 200.0, 200.0, 200.0, 200.0, 200.0, 200.0, 200.0, 200.0, 200.0, 200.0, 200.0, 200.0, 200.0, 200.0, 200.0, 200.0, 200.0, 200.0, 200.0, 200.0, 200.0, 200.0, 200.0, 200.0]",1,942.478,-4.71651,0.0394344,0.152604,0.0,"[7.93921, 7.81096, 8.31665, 9.72363, 13.1926, 20.0298, 75.0463, 65.7715, 56.7073, 48.1192, 40.2863, 33.4495, 27.7451, 23.1656, 16.8138, 11.7104, 9.20169, 7.9184, 7.32866]",-0.0380707,"[-4.64958, -2.11931, -5.40033, -4.68229]",0.347768
1.0,-0.186082,0.0,0.0,13.65,0.0,1945.89,-11.6704,93.9716,-1,"[200.0, 200.0, 200.0, 200.0, 200.0, 200.0, 200.0, 200.0, 200.0, 200.0, 200.0, 200.0, 200.0, 200.0, 200.0, 200.0, 200.0, 200.0, 200.0, 200.0, 200.0, 200.0, 200.0, 200.0, 200.0, 200.0, 200.0, 200.0, 200.0, 200.0, 200.0, 200.0, 200.0, 200.0, 200.0, 200.0]",1,942.478,-5.16097,0.0528354,0.160382,0.0,"[7.94482, 7.81557, 8.32058, 9.7268, 13.1934, 20.0188, 75.0833, 65.8066, 56.7394, 48.1472, 40.3092, 33.4669, 27.7571, 23.1731, 16.8153, 11.7082, 9.19829, 7.91443, 7.32422]",-0.0387176,"[-3.45857, -6.01531, -4.35726, -5.89039]",0.34751
0.0,-0.186695,1.0,0.0,13.67,0.0,1945.86,-11.6953,93.9716,-1,"[200.0, 200.0, 200.0, 200.0, 200.0, 200.0, 200.0, 200.0, 200.0, 200.0, 200.0, 200.0, 200.0, 200.0, 200.0, 200.0, 200.0, 200.0, 200.0, 200.0, 200.0, 200.0, 200.0, 200.0, 200.0, 200.0, 200.0, 200.0, 200.0, 200.0, 200.0, 200.0, 200.0, 200.0, 200.0, 200.0]",1,942.478,-3.78827,0.0906499,0.163209,0.0,"[7.95029, 7.81951, 8.3232, 9.7275, 13.1884, 19.9885, 75.145, 65.8664, 56.7955, 48.1977, 40.3524, 33.5018, 27.7837, 23.1923, 16.8242, 11.7098, 9.19707, 7.91179, 7.32059]",-0.0392954,"[0.0, 0.0, -1.54105, -1.4169]",0.347382
1.0,-0.187047,0.0,0.0,13.69,0.0,1945.84,-11.7161,93.9716,-1,"[200.0, 200.0, 200.0, 200.0, 200.0, 200.0, 200.0, 200.0, 200.0, 200.0, 200.0, 200.0, 200.0, 200.0, 200.0, 200.0, 200.0, 200.0, 200.0, 200.0, 200.0, 200.0, 200.0, 200.0, 200.0, 200.0, 200.0, 200.0, 200.0, 200.0, 200.0, 200.0, 200.0, 200.0, 200.0, 200.0]",1,942.478,-4.10431,0.0347129,0.153296,0.0,"[7.95455, 7.82288, 8.32588, 9.7293, 13.1876, 19.9753, 75.1795, 65.8995, 56.8261, 48.2248, 40.3751, 33.5195, 27.7967, 23.201, 16.8272, 11.7091, 9.19501, 7.9091, 7.31738]",-0.0397736,"[-1.46561, -1.83893, -3.61627, -3.45321]",0.347393
1.0,-0.187378,0.0,0.0,13.71,0.0,1945.82,-11.7393,93.9716,-1,"[200.0, 200.0, 200.0, 200.0, 200.0, 200.0, 200.0, 200.0, 200.0, 200.0, 200.0, 200.0, 200.0, 200.0, 200.0, 200.0, 200.0, 200.0, 200.0, 200.0, 200.0, 200.0, 200.0, 200.0, 200.0, 200.0, 200.0, 200.0, 200.0, 200.0, 200.0, 200.0, 200.0, 200.0, 200.0, 200.0]",1,942.478,-4.39074,0.0346235,0.148155,0.0,"[7.95946, 7.82692, 8.32936, 9.73213, 13.1885, 19.9663, 75.2112, 65.9295, 56.8536, 48.2488, 40.3946, 33.5343, 27.8068, 23.2073, 16.8284, 11.7072, 9.192, 7.9056, 7.3135]",-0.0403392,"[-4.35018, -5.23516, -4.71612, -5.16799]",0.347243
1.0,-0.187873,0.0,0.0,13.73,0.0,1945.8,-11.7649,93.9716,-1,"[200.0, 200.0, 200.0, 200.0, 200.0, 200.0, 200.0, 200.0, 200.0, 200.0, 200.0, 200.0, 200.0, 200.0, 200.0, 200.0, 200.0, 200.0, 200.0, 200.0, 200.0, 200.0, 200.0, 200.0, 200.0, 200.0, 200.0, 200.0, 200.0, 200.0, 200.0, 200.0, 200.0, 200.0, 200.0, 200.0]",1,942.478,-4.9498,0.0511598,0.146731,0.0,"[7.96506, 7.83126, 8.33271, 9.73419, 13.1867, 19.9465, 75.26, 65.9765, 56.8972, 48.2876, 40.4273, 33.5601, 27.8259, 23.2205, 16.8334, 11.7068, 9.18958, 7.90222, 7.30939]",-0.0409597,"[-3.18558, -2.24727, -4.52914, -4.59061]",0.347001
1.0,-0.188287,0.0,0.0,13.75,0.0,1945.77,-11.7928,93.9716,-1,"[200.0, 200.0, 200.0, 200.0, 200.0, 200.0, 200.0, 200.0, 200.0, 200.0, 200.0, 200.0, 200.0, 200.0, 200.0, 200.0, 200.0, 200.0, 200.0, 200.0, 200.0, 200.0, 200.0, 200.0, 200.0, 200.0, 200.0, 200.0, 200.0, 200.0, 200.0, 200.0, 200.0, 200.0, 200.0, 200.0]",1,943.346,-5.28669,0.0421391,0.149015,0.0,"[7.97095, 7.83608, 8.33679, 9.73741, 13.1873, 19.9343, 75.3, 66.0145, 56.9321, 48.3181, 40.4524, 33.5792, 27.8393, 23.2289, 16.8353, 11.7046, 9.18611, 7.89812, 7.30477]",-0.0416362,"[-5.13293, -6.1292, -5.27876, -5.01559]",0.34671
0.0,-0.188942,1.0,0.0,13.77,0.0,1945.74,-11.8187,93.9716,-1,"[200.0, 200.0, 200.0, 200.0, 200.0, 200.0, 200.0, 200.0, 200.0, 200.0, 200.0, 200.0, 200.0, 200.0, 200.0, 200.0, 200.0, 200.0, 200.0, 200.0, 200.0, 200.0, 200.0, 200.0, 200.0, 200.0, 200.0, 200.0, 200.0, 200.0, 200.0, 200.0, 200.0, 200.0, 200.0, 200.0]",1,942.478,-3.98347,0.0890067,0.146708,0.0,"[7.97679, 7.84028, 8.33957, 9.73812, 13.182, 19.9026, 75.366, 66.0785, 56.9923, 48.3723, 40.4988, 33.6168, 27.8679, 23.2497, 16.8449, 11.7064, 9.18484, 7.89533, 7.30093]",-0.0422496,"[0.0, 0.0, -1.06124, -0.938621]",0.346576
1.0,-0.189301,0.0,0.0,13.79,0.0,1945.72,-11.8402,93.9716,-1,"[200.0, 200.0, 200.0, 200.0, 200.0, 200.0, 200.0, 200.0, 200.0, 200.0, 200.0, 200.0, 200.0, 200.0, 200.0, 200.0, 200.0, 200.0, 200.0, 200.0, 200.0, 200.0, 200.0, 200.0, 200.0, 200.0, 200.0, 200.0, 200.0, 200.0, 200.0, 200.0, 200.0, 200.0, 200.0, 200.0]",1,942.478,-4.20867,0.0494159,0.132912,0.0,"[7.98123, 7.8438, 8.34239, 9.74007, 13.1813, 19.8897, 75.4011, 66.1122, 57.0234, 48.3999, 40.5219, 33.6349, 27.881, 23.2585, 16.8479, 11.7056, 9.18264, 7.89249, 7.29758]",-0.042748,"[-2.17464, -1.97969, -4.48395, -4.60803]",0.346603
1.0,-0.189715,0.0,0.0,13.81,0.0,1945.7,-11.8643,93.9716,-1,"[200.0, 200.0, 200.0, 200.0, 200.0, 200.0, 200.0, 200.0, 200.0, 200.0, 200.0, 200.0, 200.0, 200.0, 200.0, 200.0, 200.0, 200.0, 200.0, 200.0, 200.0, 200.0, 200.0, 200.0, 200.0, 200.0, 200.0, 200.0, 200.0, 200.0, 200.0, 200.0, 200.0, 200.0, 200.0, 200.0]",1,942.478,-4.59031,0.0519675,0.122385,0.0,"[7.98643, 7.84793, 8.34574, 9.74243, 13.1807, 19.8754, 75.4416, 66.151, 57.0593, 48.4316, 40.5484, 33.6555, 27.896, 23.2685, 16.8512, 11.7045, 9.18, 7.88912, 7.29366]",-0.0433329,"[-5.30066, -5.39025, -4.41043, -4.38301]",0.346513
1.0,-0.190107,0.0,0.0,13.83,0.0,1945.67,-11.8909,93.9716,-1,"[200.0, 200.0, 200.0, 200.0, 200.0, 200.0, 200.0, 200.0, 200.0, 200.0, 200.0, 200.0, 200.0, 200.0, 200.0, 200.0, 200.0, 200.0, 200.0, 200.0, 200.0, 200.0, 200.0, 200.0, 200.0, 200.0, 200.0, 200.0, 200.0, 200.0, 200.0, 200.0, 200.0, 200.0, 200.0, 200.0]",1,942.478,-5.10938,0.0462357,0.11473,0.0,"[7.99211, 7.85258, 8.34969, 9.74559, 13.1816, 19.8645, 75.4793, 66.1869, 57.0923, 48.4603, 40.5721, 33.6735, 27.9085, 23.2764, 16.8529, 11.7024, 9.17662, 7.88514, 7.2892]",-0.043984,"[-2.56687, -2.47921, -4.48181, -4.91576]",0.346364
0.0,-0.190414,1.0,0.0,13.85,0.0,1945.65,-11.9144,93.9716,-1,"[200.0, 200.0, 200.0, 200.0, 200.0, 200.0, 200.0, 200.0, 200.0, 200.0, 200.0, 200.0, 200.0, 200.0, 200.0, 200.0, 200.0, 200.0, 200.0, 200.0, 200.0, 200.0, 200.0, 200.0, 200.0, 200.0, 200.0, 200.0, 200.0, 200.0, 200.0, 200.0, 200.0, 200.0, 200.0, 200.0]",1,942.478,-3.57302,0.0794354,0.104775,0.0,"[7.99698, 7.85664, 8.35322, 9.74859, 13.183, 19.8575, 75.5086, 66.2146, 57.1175, 48.4823, 40.5898, 33.6868, 27.9175, 23.2817, 16.8535, 11.7001, 9.17345, 7.88159, 7.28529]",-0.0445485,"[0.0, 0.0, -1.66658, -1.47752]",0.346345
1.0,-0.190708,0.0,0.0,13.87,0.0,1945.63,-11.9341,93.9716,-1,"[200.0, 200.0, 200.0, 200.0, 200.0, 200.0, 200.0, 200.0, 200.0, 200.0, 200.0, 200.0, 200.0, 200.0, 200.0, 200.0, 200.0, 200.0, 200.0, 200.0, 200.0, 200.0, 200.0, 200.0, 200.0, 200.0, 200.0, 200.0, 200.0, 200.0, 200.0, 200.0, 200.0, 200.0, 200.0, 200.0]",1,942.478,-3.90341,0.0332088,0.0892803,0.0,"[8.00106, 7.85995, 8.35599, 9.75075, 13.1832, 19.8488, 75.537, 66.2418, 57.1425, 48.5042, 40.6079, 33.7007, 27.9273, 23.2881, 16.8551, 11.6988, 9.17111, 7.87879, 7.28214]",-0.0450134,"[-1.56698, -1.71178, -3.40213, -3.28293]",0.346409
1.0,-0.191023,0.0,0.0,13.89,0.0,1945.6,-11.9562,93.9716,-1,"[200.0, 200.0, 200.0, 200.0, 200.0, 200.0, 200.0, 200.0, 200.0, 200.0, 200.0, 200.0, 200.0, 200.0, 200.0, 200.0, 200.0, 200.0, 200.0, 200.0, 200.0, 200.0, 200.0, 200.0, 200.0, 200.0, 200.0, 200.0, 200.0, 200.0, 200.0, 200.0, 200.0, 200.0, 200.0, 200.0]",1,942.478,-4.19444,0.0339907,0.0784323,0.0,"[8.00582, 7.86388, 8.35938, 9.75353, 13.1842, 19.8409, 75.5672, 66.2704, 57.1687, 48.5271, 40.6266, 33.7148, 27.9371, 23.294, 16.8561, 11.6968, 9.16814, 7.87539, 7.27835]",-0.0455627,"[-4.16981, -5.03492, -4.73475, -4.95231]",0.34638
1.0,-0.191501,0.0,0.0,13.91,0.0,1945.58,-11.9807,93.9716,-1,"[200.0, 200.0, 200.0, 200.0, 200.0, 200.0, 200.0, 200.0, 200.0, 200.0, 200.0, 200.0, 200.0, 200.0, 200.0, 200.0, 200.0, 200.0, 200.0, 200.0, 200.0, 200.0, 200.0, 200.0, 200.0, 200.0, 200.0, 200.0, 200.0, 200.0, 200.0, 200.0, 200.0, 200.0, 200.0, 200.0]",1,942.478,-4.74934,0.0463378,0.071085,0.0,"[8.01134, 7.86817, 8.3627, 9.75561, 13.1826, 19.8227, 75.6145, 66.3159, 57.211, 48.5647, 40.6584, 33.7399, 27.9555, 23.3067, 16.8609, 11.6963, 9.16572, 7.87203, 7.27432]",-0.0461721,"[-3.03553, -2.08004, -4.60139, -4.24567]",0.346316
1.0,-0.191913,0.0,0.0,13.93,0.0,1945.55,-12.0076,93.9716,-1,"[200.0, 200.0, 200.0, 200.0, 200.0, 200.0, 200.0, 200.0, 200.0, 200.0, 200.0, 200.0, 200.0, 200.0, 200.0, 200.0, 200.0, 200.0, 200.0, 200.0, 200.0, 200.0, 200.0, 200.0, 200.0, 200.0, 200.0, 200.0, 200.0, 200.0, 200.0, 200.0, 200.0, 200.0, 200.0, 200.0]",1,942.478,-5.09009,0.0368781,0.0672983,0.0,"[8.01717, 7.87291, 8.3667, 9.75874, 13.1832, 19.8109, 75.6544, 66.3539, 57.246, 48.5954, 40.6837, 33.7593, 27.9691, 23.3154, 16.863, 11.6943, 9.16233, 7.86801, 7.26979]",-0.0468363,"[-4.95841, -5.9472, -5.00553, -4.86558]",0.346256
0.0,-0.19258,1.0,0.0,13.95,0.0,1945.53,-12.0323,93.9716,-1,"[200.0, 200.0, 200.0, 200.0, 200.0, 200.0, 200.0, 200.0, 200.0, 200.0, 200.0, 200.0, 200.0, 200.0, 200.0, 200.0, 200.0, 200.0, 200.0, 200.0, 200.0, 200.0, 200.0, 200.0, 200.0, 200.0, 200.0, 200.0, 200.0, 200.0, 200.0, 200.0, 200.0, 200.0, 200.0, 200.0]",1,942.478,-3.78072,0.0870652,0.0635923,0.0,"[8.02293, 7.877, 8.36932, 9.75922, 13.1774, 19.779, 75.7218, 66.4195, 57.3077, 48.6512, 40.7317, 33.7984, 27.9991, 23.3372, 16.8733, 11.6965, 9.16131, 7.86541, 7.26609]",-0.0474345,"[0.0, 0.0, -1.23389, -1.0223]",0.346292
1.0,-0.192858,0.0,0.0,13.97,0.0,1945.51,-12.0529,93.9716,-1,"[200.0, 200.0, 200.0, 200.0, 200.0, 200.0, 200.0, 200.0, 200.0, 200.0, 200.0, 200.0, 200.0, 200.0, 200.0, 200.0, 200.0, 200.0, 200.0, 200.0, 200.0, 200.0, 200.0, 200.0, 200.0, 200.0, 200.0, 200.0, 200.0, 200.0, 200.0, 200.0, 200.0, 200.0, 200.0, 200.0]",1,942.478,-4.03109,0.049842,0.0563726,0.0,"[8.02715, 7.88047, 8.3723, 9.76168, 13.1783, 19.7721, 75.7486, 66.4449, 57.3309, 48.6715, 40.7483, 33.8109, 28.0078, 23.3426, 16.8742, 11.6947, 9.15868, 7.8624, 7.26276]",-0.0479187,"[-1.75468, -2.07907, -3.60591, -5.08898]",0.346398
1.0,-0.193281,0.0,0.0,13.99,0.0,1945.48,-12.0759,93.9716,-1,"[200.0, 200.0, 200.0, 200.0, 200.0, 200.0, 200.0, 200.0, 200.0, 200.0, 200.0, 200.0, 200.0, 200.0, 200.0, 200.0, 200.0, 200.0, 200.0, 200.0, 200.0, 200.0, 200.0, 200.0, 200.0, 200.0, 200.0, 200.0, 200.0, 200.0, 200.0, 200.0, 200.0, 200.0, 200.0, 200.0]",1,942.478,-4.38665,0.0423398,0.0526126,0.0,"[8.0323, 7.88452, 8.37552, 9.76384, 13.1774, 19.7574, 75.79, 66.4848, 57.368, 48.7044, 40.776, 33.8326, 28.0236, 23.3533, 16.8779, 11.6939, 9.15622, 7.85916, 7.25894]",-0.0484914,"[-4.22671, -5.21735, -5.38932, -3.67485]",0.346463
1.0,-0.193699,0.0,0.0,14.01,0.0,1945.46,-12.1014,93.9716,-1,"[200.0, 200.0, 200.0, 200.0, 200.0, 200.0, 200.0, 200.0, 200.0, 200.0, 200.0, 200.0, 200.0, 200.0, 200.0, 200.0, 200.0, 200.0, 200.0, 200.0, 200.0, 200.0, 200.0, 200.0, 200.0, 200.0, 200.0, 200.0, 200.0, 200.0, 200.0, 200.0, 200.0, 200.0, 200.0, 200.0]",1,942.478,-4.93807,0.0550772,0.0514366,0.0,"[8.03789, 7.88902, 8.37923, 9.76661, 13.1774, 19.7446, 75.8308, 66.5237, 57.404, 48.7362, 40.8024, 33.853, 28.0382, 23.3629, 16.8807, 11.6923, 9.15318, 7.85543, 7.25466]",-0.0491231,"[-3.16526, -2.20395, -3.95045, -4.91484]",0.346527
1.0,-0.194188,0.0,0.0,14.03,0.0,1945.43,-12.1292,93.9716,-1,"[200.0, 200.0, 200.0, 200.0, 200.0, 200.0, 200.0, 200.0, 200.0, 200.0, 200.0, 200.0, 200.0, 200.0, 200.0, 200.0, 200.0, 200.0, 200.0, 200.0, 200.0, 200.0, 200.0, 200.0, 200.0, 200.0, 200.0, 200.0, 200.0, 200.0, 200.0, 200.0, 200.0, 200.0, 200.0, 200.0]",1,942.478,-5.26962,0.0531021,0.0530822,0.0,"[8.04407, 7.89391, 8.38319, 9.7694, 13.1768, 19.7283, 75.8788, 66.5698, 57.4467, 48.774, 40.834, 33.8778, 28.0562, 23.3749, 16.8847, 11.6911, 9.15006, 7.85146, 7.25004]",-0.0498138,"[-5.05211, -6.06834, -5.1022, -5.09424]",0.346601
0.0,-0.194707,1.0,0.0,14.05,0.0,1945.41,-12.1549,93.9716,-1,"[200.0, 200.0, 200.0, 200.0, 200.0, 200.0, 200.0, 200.0, 200.0, 200.0, 200.0, 200.0, 200.0, 200.0, 200.0, 200.0, 200.0, 200.0, 200.0, 200.0, 200.0, 200.0, 200.0, 200.0, 200.0, 200.0, 200.0, 200.0, 200.0, 200.0, 200.0, 200.0, 200.0, 200.0, 200.0, 200.0]",1,942.478,-3.96063,0.0934056,0.0550802,0.0,"[8.04981, 7.89832, 8.38653, 9.77132, 13.1746, 19.7083, 75.9303, 66.6196, 57.4931, 48.8155, 40.8692, 33.9058, 28.077, 23.3894, 16.8904, 11.6909, 9.14777, 7.84811, 7.24593]",-0.0504405,"[0.0, 0.0, -1.11963, -0.916819]",0.34673
1.0,-0.194974,0.0,0.0,14.07,0.0,1945.38,-12.1764,93.9716,-1,"[200.0, 200.0, 200.0, 200.0, 200.0, 200.0, 200.0, 200.0, 200.0, 200.0, 200.0, 200.0, 200.0, 200.0, 200.0, 200.0, 200.0, 200.0, 200.0, 200.0, 200.0, 200.0, 200.0, 200.0, 200.0, 200.0, 200.0, 200.0, 200.0, 200.0, 200.0, 200.0, 200.0, 200.0, 200.0, 200.0]",1,942.478,-4.18891,0.0361615,0.0543927,0.0,"[8.05425, 7.90203, 8.38979, 9.77415, 13.1761, 19.7032, 75.9558, 66.6436, 57.5151, 48.8345, 40.8846, 33.9172, 28.0846, 23.3938, 16.8906, 11.6887, 9.14479, 7.84483, 7.24236]",-0.0509552,"[-2.12499, -1.82672, -3.65337, -5.27399]",0.346895
1.0,-0.195473,0.0,0.0,14.09,0.0,1945.36,-12.2003,93.9716,-1,"[200.0, 200.0, 200.0, 200.0, 200.0, 200.0, 200.0, 200.0, 200.0, 200.0, 200.0, 200.0, 200.0, 200.0, 200.0, 200.0, 200.0, 200.0, 200.0, 200.0, 200.0, 200.0, 200.0, 200.0, 200.0, 200.0, 200.0, 200.0, 200.0, 200.0, 200.0, 200.0, 200.0, 200.0, 200.0, 200.0]",1,942.478,-4.53863,0.0509272,0.0567119,0.0,"[8.05979, 7.90627, 8.39302, 9.77602, 13.1741, 19.6841, 76.0054, 66.6915, 57.5597, 48.8745, 40.9185, 33.9442, 28.1046, 23.4077, 16.8961, 11.6886, 9.14256, 7.8416, 7.2384]",-0.0515584,"[-5.28986, -5.42516, -5.80087, -4.02157]",0.347016
1.0,-0.195952,0.0,0.0,14.11,0.0,1945.33,-12.2267,93.9716,-1,"[200.0, 200.0, 200.0, 200.0, 200.0, 200.0, 200.0, 200.0, 200.0, 200.0, 200.0, 200.0, 200.0, 200.0, 200.0, 200.0, 200.0, 200.0, 200.0, 200.0, 200.0, 200.0, 200.0, 200.0, 200.0, 200.0, 200.0, 200.0, 200.0, 200.0, 200.0, 200.0, 200.0, 200.0, 200.0, 200.0]",1,942.478,-5.10968,0.0521886,0.0608232,0.0,"[8.06573, 7.91096, 8.39677, 9.7786, 13.1732, 19.6682, 76.0525, 66.7367, 57.6017, 48.9118, 40.9498, 33.9688, 28.1225, 23.4198, 16.9002, 11.6875, 9.13965, 7.83783, 7.23399]",-0.0522196,"[-2.51266, -2.42619, -4.45217, -4.25585]",0.347118
0.0,-0.196217,1.0,0.0,14.13,0.0,1945.31,-12.25,93.9716,-1,"[200.0, 200.0, 200.0, 200.0, 200.0, 200.0, 200.0, 200.0, 200.0, 200.0, 200.0, 200.0, 200.0, 200.0, 200.0, 200.0, 200.0, 200.0, 200.0, 200.0, 200.0, 200.0, 200.0, 200.0, 200.0, 200.0, 200.0, 200.0, 200.0, 200.0, 200.0, 200.0, 200.0, 200.0, 200.0, 200.0]",1,942.478,-3.52385,0.0773693,0.0646804,0.0,"[8.07064, 7.91514, 8.40054, 9.78205, 13.1757, 19.665, 76.0772, 66.7601, 57.6227, 48.9298, 40.964, 33.979, 28.129, 23.423, 16.8995, 11.6845, 9.13608, 7.83403, 7.22995]",-0.0527964,"[0.0, 0.0, -2.09267, -1.88923]",0.347253
1.0,-0.196509,0.0,0.0,14.15,0.0,1945.29,-12.2695,93.9716,-1,"[200.0, 200.0, 200.0, 200.0, 200.0, 200.0, 200.0, 200.0, 200.0, 200.0, 200.0, 200.0, 200.0, 200.0, 200.0, 200.0, 200.0, 200.0, 200.0, 200.0, 200.0, 200.0, 200.0, 200.0, 200.0, 200.0, 200.0, 200.0, 200.0, 200.0, 200.0, 200.0, 200.0, 200.0, 200.0, 200.0]",1,942.478,-3.8894,0.0320796,0.0644245,0.0,"[8.07483, 7.91854, 8.4034, 9.7843, 13.1762, 19.6573, 76.1056, 66.7871, 57.6477, 48.9517, 40.9822, 33.9929, 28.1388, 23.4293, 16.901, 11.6831, 9.13365, 7.83114, 7.22671]",-0.0532715,"[-1.37205, -1.56073, -3.3402, -3.11112]",0.347409
1.0,-0.196838,0.0,0.0,14.17,0.0,1945.27,-12.2914,93.9716,-1,"[200.0, 200.0, 200.0, 200.0, 200.0, 200.0, 200.0, 200.0, 200.0, 200.0, 200.0, 200.0, 200.0, 200.0, 200.0, 200.0, 200.0, 200.0, 200.0, 200.0, 200.0, 200.0, 200.0, 200.0, 200.0, 200.0, 200.0, 200.0, 200.0, 200.0, 200.0, 200.0, 200.0, 200.0, 200.0, 200.0]",1,942.478,-4.21141,0.0324906,0.067163,0.0,"[8.07977, 7.92261, 8.40688, 9.78714, 13.1772, 19.6493, 76.1373, 66.8173, 57.6754, 48.9759, 41.0021, 34.0081, 28.1493, 23.4358, 16.9022, 11.6811, 9.13061, 7.82765, 7.22282]",-0.0538371,"[-4.17634, -5.00198, -3.79061, -4.07487]",0.347488
1.0,-0.197348,0.0,0.0,14.19,0.0,1945.24,-12.3158,93.9716,-1,"[200.0, 200.0, 200.0, 200.0, 200.0, 200.0, 200.0, 200.0, 200.0, 200.0, 200.0, 200.0, 200.0, 200.0, 200.0, 200.0, 200.0, 200.0, 200.0, 200.0, 200.0, 200.0, 200.0, 200.0, 200.0, 200.0, 200.0, 200.0, 200.0, 200.0, 200.0, 200.0, 200.0, 200.0, 200.0, 200.0]",1,942.478,-4.72368,0.0482147,0.0718366,0.0,"[8.0855, 7.927, 8.41023, 9.78911, 13.1751, 19.6304, 76.188, 66.8663, 57.7212, 49.0169, 41.0368, 34.0357, 28.1698, 23.4501, 16.9078, 11.6809, 9.12827, 7.8243, 7.21873]",-0.0544607,"[-2.99695, -2.0426, -4.97136, -4.14471]",0.347517
1.0,-0.19773,0.0,0.0,14.21,0.0,1945.22,-12.3424,93.9716,-1,"[200.0, 200.0, 200.0, 200.0, 200.0, 200.0, 200.0, 200.0, 200.0, 200.0, 200.0, 200.0, 200.0, 200.0, 200.0, 200.0, 200.0, 200.0, 200.0, 200.0, 200.0, 200.0, 200.0, 200.0, 200.0, 200.0, 200.0, 200.0, 200.0, 200.0, 200.0, 200.0, 200.0, 200.0, 200.0, 200.0]",1,942.478,-5.07325,0.0496126,0.0798786,0.0,"[8.09142, 7.93189, 8.41444, 9.79261, 13.1766, 19.6219, 76.2247, 66.9012, 57.7532, 49.0448, 41.0597, 34.053, 28.1817, 23.4573, 16.9089, 11.6783, 9.12454, 7.82006, 7.21406]",-0.0551402,"[-4.92311, -5.92121, -5.26812, -4.43494]",0.347493
0.0,-0.198254,1.0,0.0,14.23,0.0,1945.19,-12.3671,93.9716,-1,"[200.0, 200.0, 200.0, 200.0, 200.0, 200.0, 200.0, 200.0, 200.0, 200.0, 200.0, 200.0, 200.0, 200.0, 200.0, 200.0, 200.0, 200.0, 200.0, 200.0, 200.0, 200.0, 200.0, 200.0, 200.0, 200.0, 200.0, 200.0, 200.0, 200.0, 200.0, 200.0, 200.0, 200.0, 200.0, 200.0]",1,942.478,-3.74637,0.091941,0.0867067,0.0,"[8.09707, 7.93616, 8.41763, 9.79433, 13.1741, 19.6017, 76.277, 66.9518, 57.8005, 49.0873, 41.0959, 34.0819, 28.2033, 23.4726, 16.9152, 11.6784, 9.12244, 7.81687, 7.21011]",-0.0557485,"[0.0, 0.0, -1.109, -1.00212]",0.347518
1.0,-0.198527,0.0,0.0,14.25,0.0,1945.17,-12.3873,93.9716,-1,"[200.0, 200.0, 200.0, 200.0, 200.0, 200.0, 200.0, 200.0, 200.0, 200.0, 200.0, 200.0, 200.0, 200.0, 200.0, 200.0, 200.0, 200.0, 200.0, 200.0, 200.0, 200.0, 200.0, 200.0, 200.0, 200.0, 200.0, 200.0, 200.0, 200.0, 200.0, 200.0, 200.0, 200.0, 200.0, 200.0]",1,942.478,-4.00962,0.0479432,0.0870092,0.0,"[8.10138, 7.93974, 8.42073, 9.79695, 13.1753, 19.596, 76.3032, 66.9766, 57.8233, 49.1072, 41.112, 34.0941, 28.2117, 23.4775, 16.9158, 11.6765, 9.11965, 7.81375, 7.20668]",-0.0562449,"[-2.05873, -2.51329, -3.72722, -4.1306]",0.347599
1.0,-0.198975,0.0,0.0,14.27,0.0,1945.15,-12.4102,93.9716,-1,"[200.0, 200.0, 200.0, 200.0, 200.0, 200.0, 200.0, 200.0, 200.0, 200.0, 200.0, 200.0, 200.0, 200.0, 200.0, 200.0, 200.0, 200.0, 200.0, 200.0, 200.0, 200.0, 200.0, 200.0, 200.0, 200.0, 200.0, 200.0, 200.0, 200.0, 200.0, 200.0, 200.0, 200.0, 200.0, 200.0]",1,942.478,-4.35768,0.049423,0.089905,0.0,"[8.10666, 7.94384, 8.42392, 9.79898, 13.174, 19.5804, 76.3476, 67.0195, 57.8632, 49.1429, 41.1423, 34.118, 28.2293, 23.4897, 16.9203, 11.676, 9.11732, 7.81055, 7.20286]",-0.0568237,"[-5.16746, -4.33579, -5.02553, -3.99954]",0.347579
1.0,-0.199345,0.0,0.0,14.29,0.0,1945.12,-12.4353,93.9716,-1,"[200.0, 200.0, 200.0, 200.0, 200.0, 200.0, 200.0, 200.0, 200.0, 200.0, 200.0, 200.0, 200.0, 200.0, 200.0, 200.0, 200.0, 200.0, 200.0, 200.0, 200.0, 200.0, 200.0, 200.0, 200.0, 200.0, 200.0, 200.0, 200.0, 200.0, 200.0, 200.0, 200.0, 200.0, 200.0, 200.0]",1,942.478,-4.8639,0.0472058,0.0959016,0.0,"[8.11234, 7.9485, 8.42792, 9.80227, 13.1752, 19.5721, 76.3833, 67.0535, 57.8945, 49.1701, 41.1647, 34.1351, 28.2411, 23.4969, 16.9216, 11.6736, 9.1138, 7.80652, 7.19842]",-0.0574707,"[-2.32888, -3.12739, -4.6441, -5.41385]",0.347478
1.0,-0.199876,0.0,0.0,14.31,0.0,1945.1,-12.4629,93.9716,-1,"[200.0, 200.0, 200.0, 200.0, 200.0, 200.0, 200.0, 200.0, 200.0, 200.0, 200.0, 200.0, 200.0, 200.0, 200.0, 200.0, 200.0, 200.0, 200.0, 200.0, 200.0, 200.0, 200.0, 200.0, 200.0, 200.0, 200.0, 200.0, 200.0, 200.0, 200.0, 200.0, 200.0, 200.0, 200.0, 200.0]",1,942.478,-5.22433,0.0467213,0.105498,0.0,"[8.11879, 7.95356, 8.4319, 9.80491, 13.174, 19.5544, 76.4358, 67.1041, 57.9417, 49.2122, 41.2002, 34.163, 28.2616, 23.5109, 16.9265, 11.6727, 9.11078, 7.80254, 7.19369]",-0.0581828,"[-6.05893, -5.13724, -5.46373, -4.75485]",0.347308
0.0,-0.199974,1.0,0.0,14.33,0.0,1945.07,-12.4883,93.9716,-1,"[200.0, 200.0, 200.0, 200.0, 200.0, 200.0, 200.0, 200.0, 200.0, 200.0, 200.0, 200.0, 200.0, 200.0, 200.0, 200.0, 200.0, 200.0, 200.0, 200.0, 200.0, 200.0, 200.0, 200.0, 200.0, 200.0, 200.0, 200.0, 200.0, 200.0, 200.0, 200.0, 200.0, 200.0, 200.0, 200.0]",1,942.478,-3.90077,0.0924283,0.111344,0.0,"[8.12386, 7.95827, 8.43668, 9.81021, 13.1808, 19.5644, 76.4424, 67.1092, 57.945, 49.2134, 41.1992, 34.1601, 28.257, 23.5052, 16.9202, 11.6668, 9.10552, 7.79767, 7.18898]",-0.0588175,"[0.0, 0.0, -1.17123, -1.09538]",0.347232
1.0,-0.200228,0.0,0.0,14.35,0.0,1945.05,-12.5094,93.9716,-1,"[200.0, 200.0, 200.0, 200.0, 200.0, 200.0, 200.0, 200.0, 200.0, 200.0, 200.0, 200.0, 200.0, 200.0, 200.0, 200.0, 200.0, 200.0, 200.0, 200.0, 200.0, 200.0, 200.0, 200.0, 200.0, 200.0, 200.0, 200.0, 200.0, 200.0, 200.0, 200.0, 200.0, 200.0, 200.0, 200.0]",1,942.478,-4.13031,0.055084,0.109007,0.0,"[8.12837, 7.96208, 8.44009, 9.81326, 13.1828, 19.5609, 76.4664, 67.1318, 57.9655, 49.2311, 41.2135, 34.1705, 28.2638, 23.5089, 16.9199, 11.6642, 9.10234, 7.79424, 7.18531]",-0.0593424,"[-2.15011, -1.86637, -3.49222, -5.70461]",0.34725
1.0,-0.200642,0.0,0.0,14.37,0.0,1945.03,-12.533,93.9716,-1,"[200.0, 200.0, 200.0, 200.0, 200.0, 200.0, 200.0, 200.0, 200.0, 200.0, 200.0, 200.0, 200.0, 200.0, 200.0, 200.0, 200.0, 200.0, 200.0, 200.0, 200.0, 200.0, 200.0, 200.0, 200.0, 200.0, 200.0, 200.0, 200.0, 200.0, 200.0, 200.0, 200.0, 200.0, 200.0, 200.0]",1,942.478,-4.52158,0.0479074,0.109021,0.0,"[8.13385, 7.96643, 8.44363, 9.81584, 13.1826, 19.5486, 76.507, 67.1708, 58.0017, 49.2632, 41.2403, 34.1915, 28.2789, 23.5189, 16.9229, 11.6629, 9.09947, 7.79068, 7.18121]",-0.0599528,"[-5.19018, -5.29703, -4.02476, -4.26915]",0.347153
1.0,-0.201093,0.0,0.0,14.39,0.0,1945.0,-12.5588,93.9716,-1,"[200.0, 200.0, 200.0, 200.0, 200.0, 200.0, 200.0, 200.0, 200.0, 200.0, 200.0, 200.0, 200.0, 200.0, 200.0, 200.0, 200.0, 200.0, 200.0, 200.0, 200.0, 200.0, 200.0, 200.0, 200.0, 200.0, 200.0, 200.0, 200.0, 200.0, 200.0, 200.0, 200.0, 200.0, 200.0, 200.0]",1,942.478,-5.03253,0.0451319,0.111111,0.0,"[8.13989, 7.97127, 8.4476, 9.81876, 13.1826, 19.5356, 76.5513, 67.2133, 58.041, 49.2981, 41.2695, 34.2142, 28.2953, 23.5297, 16.9261, 11.6613, 9.09624, 7.7867, 7.17666]",-0.0606283,"[-2.45546, -2.369, -5.31601, -4.49953]",0.346975
0.0,-0.201438,1.0,0.0,14.41,0.0,1944.98,-12.5822,93.9716,-1,"[200.0, 200.0, 200.0, 200.0, 200.0, 200.0, 200.0, 200.0, 200.0, 200.0, 200.0, 200.0, 200.0, 200.0, 200.0, 200.0, 200.0, 200.0, 200.0, 200.0, 200.0, 200.0, 200.0, 200.0, 200.0, 200.0, 200.0, 200.0, 200.0, 200.0, 200.0, 200.0, 200.0, 200.0, 200.0, 200.0]",1,942.478,-3.5015,0.0928899,0.109929,0.0,"[8.14502, 7.97545, 8.45115, 9.82162, 13.1835, 19.5275, 76.5846, 67.2452, 58.0704, 49.3239, 41.2908, 34.2305, 28.3067, 23.5369, 16.9277, 11.6593, 9.09316, 7.78313, 7.17267]",-0.0612101,"[0.0, 0.0, -1.27943, -1.18728]",0.346909
1.0,-0.201744,0.0,0.0,14.43,0.0,1944.96,-12.6013,93.9716,-1,"[200.0, 200.0, 200.0, 200.0, 200.0, 200.0, 200.0, 200.0, 200.0, 200.0, 200.0, 200.0, 200.0, 200.0, 200.0, 200.0, 200.0, 200.0, 200.0, 200.0, 200.0, 200.0, 200.0, 200.0, 200.0, 200.0, 200.0, 200.0, 200.0, 200.0, 200.0, 200.0, 200.0, 200.0, 200.0, 200.0]",1,942.478,-3.81045,0.0384996,0.101376,0.0,"[8.14928, 7.97889, 8.45401, 9.82382, 13.1837, 19.5193, 76.6145, 67.2738, 58.0969, 49.3473, 41.3103, 34.2455, 28.3174, 23.5438, 16.9295, 11.658, 9.09076, 7.78024, 7.16943]",-0.0616893,"[-1.85689, -1.47245, -3.66251, -2.90292]",0.346929
1.0,-0.202094,0.0,0.0,14.45,0.0,1944.94,-12.6228,93.9716,-1,"[200.0, 200.0, 200.0, 200.0, 200.0, 200.0, 200.0, 200.0, 200.0, 200.0, 200.0, 200.0, 200.0, 200.0, 200.0, 200.0, 200.0, 200.0, 200.0, 200.0, 200.0, 200.0, 200.0, 200.0, 200.0, 200.0, 200.0, 200.0, 200.0, 200.0, 200.0, 200.0, 200.0, 200.0, 200.0, 200.0]",1,942.478,-4.13089,0.0349861,0.0964011,0.0,"[8.15427, 7.98294, 8.45739, 9.82646, 13.1842, 19.5103, 76.6486, 67.3065, 58.1271, 49.374, 41.3324, 34.2626, 28.3295, 23.5516, 16.9315, 11.6563, 9.08789, 7.77684, 7.16559]",-0.0622528,"[-4.90987, -5.00339, -4.32249, -4.44764]",0.346826
1.0,-0.202536,0.0,0.0,14.47,0.0,1944.91,-12.6467,93.9716,-1,"[200.0, 200.0, 200.0, 200.0, 200.0, 200.0, 200.0, 200.0, 200.0, 200.0, 200.0, 200.0, 200.0, 200.0, 200.0, 200.0, 200.0, 200.0, 200.0, 200.0, 200.0, 200.0, 200.0, 200.0, 200.0, 200.0, 200.0, 200.0, 200.0, 200.0, 200.0, 200.0, 200.0, 200.0, 200.0, 200.0]",1,942.478,-4.64539,0.0495544,0.0945807,0.0,"[8.15992, 7.98739, 8.46097, 9.82897, 13.1837, 19.4968, 76.6922, 67.3484, 58.1661, 49.4086, 41.3616, 34.2856, 28.3462, 23.5628, 16.9352, 11.6552, 9.08508, 7.77326, 7.16142]",-0.0628764,"[-2.13447, -2.06336, -5.0707, -4.4334]",0.346651
1.0,-0.202953,0.0,0.0,14.49,0.0,1944.89,-12.673,93.9716,-1,"[200.0, 200.0, 200.0, 200.0, 200.0, 200.0, 200.0, 200.0, 200.0, 200.0, 200.0, 200.0, 200.0, 200.0, 200.0, 200.0, 200.0, 200.0, 200.0, 200.0, 200.0, 200.0, 200.0, 200.0, 200.0, 200.0, 200.0, 200.0, 200.0, 200.0, 200.0, 200.0, 200.0, 200.0, 200.0, 200.0]",1,942.478,-5.00318,0.0486883,0.0971701,0.0,"[8.16599, 7.99231, 8.46513, 9.83226, 13.1845, 19.4866, 76.7328, 67.3872, 58.2019, 49.4402, 41.3878, 34.3057, 28.3603, 23.5718, 16.9373, 11.653, 9.08152, 7.76908, 7.15675]",-0.063562,"[-5.84326, -5.96529, -4.80978, -4.72578]",0.346434
0.0,-0.203463,1.0,0.0,14.51,0.0,1944.86,-12.6974,93.9716,-1,"[200.0, 200.0, 200.0, 200.0, 200.0, 200.0, 200.0, 200.0, 200.0, 200.0, 200.0, 200.0, 200.0, 200.0, 200.0, 200.0, 200.0, 200.0, 200.0, 200.0, 200.0, 200.0, 200.0, 200.0, 200.0, 200.0, 200.0, 200.0, 200.0, 200.0, 200.0, 200.0, 200.0, 200.0, 200.0, 200.0]",1,942.478,-3.72488,0.0939196,0.0984038,0.0,"[8.17174, 7.99671, 8.46846, 9.8342, 13.1825, 19.4685, 76.7837, 67.4365, 58.2481, 49.4817, 41.4231, 34.3339, 28.3814, 23.5864, 16.9431, 11.6529, 9.07921, 7.76576, 7.1527]",-0.0641815,"[0.0, 0.0, -1.0483, -0.91468]",0.346332
1.0,-0.203696,0.0,0.0,14.53,0.0,1944.84,-12.7175,93.9715,-1,"[200.0, 200.0, 200.0, 200.0, 200.0, 200.0, 200.0, 200.0, 200.0, 200.0, 200.0, 200.0, 200.0, 200.0, 200.0, 200.0, 200.0, 200.0, 200.0, 200.0, 200.0, 200.0, 200.0, 200.0, 200.0, 200.0, 200.0, 200.0, 200.0, 200.0, 200.0, 200.0, 200.0, 200.0, 200.0, 200.0]",1,942.478,-3.95393,0.0470915,0.0926273,0.0,"[8.17607, 8.00038, 8.47175, 9.83719, 13.1847, 19.4661, 76.8056, 67.4572, 58.2668, 49.4977, 41.4359, 34.3432, 28.3873, 23.5895, 16.9425, 11.6503, 9.07608, 7.76243, 7.14915]",-0.0646871,"[-1.85836, -2.92459, -3.57897, -5.19062]",0.346349
1.0,-0.204128,0.0,0.0,14.55,0.0,1944.82,-12.7402,93.9715,-1,"[200.0, 200.0, 200.0, 200.0, 200.0, 200.0, 200.0, 200.0, 200.0, 200.0, 200.0, 200.0, 200.0, 200.0, 200.0, 200.0, 200.0, 200.0, 200.0, 200.0, 200.0, 200.0, 200.0, 200.0, 200.0, 200.0, 200.0, 200.0, 200.0, 200.0, 200.0, 200.0, 200.0, 200.0, 200.0, 200.0]",1,942.478,-4.35107,0.0486312,0.0908961,0.0,"[8.18149, 8.00463, 8.47515, 9.83953, 13.184, 19.4527, 76.8483, 67.4983, 58.3052, 49.5319, 41.4647, 34.3659, 28.4039, 23.6008, 16.9463, 11.6493, 9.07346, 7.75902, 7.14519]",-0.0652832,"[-5.09924, -4.3305, -4.1258, -3.85046]",0.346285
1.0,-0.204544,0.0,0.0,14.57,0.0,1944.79,-12.7653,93.9715,-1,"[200.0, 200.0, 200.0, 200.0, 200.0, 200.0, 200.0, 200.0, 200.0, 200.0, 200.0, 200.0, 200.0, 200.0, 200.0, 200.0, 200.0, 200.0, 200.0, 200.0, 200.0, 200.0, 200.0, 200.0, 200.0, 200.0, 200.0, 200.0, 200.0, 200.0, 200.0, 200.0, 200.0, 200.0, 200.0, 200.0]",1,942.478,-4.87336,0.044332,0.0927312,0.0,"[8.18743, 8.00942, 8.47915, 9.84263, 13.1845, 19.4423, 76.889, 67.5373, 58.3412, 49.5638, 41.4913, 34.3865, 28.4185, 23.6101, 16.9487, 11.6474, 9.07007, 7.755, 7.14066]",-0.0659495,"[-2.32587, -3.13231, -4.75288, -4.10351]",0.346187
1.0,-0.204982,0.0,0.0,14.59,0.0,1944.77,-12.7926,93.9715,-1,"[200.0, 200.0, 200.0, 200.0, 200.0, 200.0, 200.0, 200.0, 200.0, 200.0, 200.0, 200.0, 200.0, 200.0, 200.0, 200.0, 200.0, 200.0, 200.0, 200.0, 200.0, 200.0, 200.0, 200.0, 200.0, 200.0, 200.0, 200.0, 200.0, 200.0, 200.0, 200.0, 200.0, 200.0, 200.0, 200.0]",1,963.273,-5.18938,0.0402046,0.0983546,0.0,"[8.19388, 8.01467, 8.48358, 9.84616, 13.1855, 19.432, 76.9315, 67.578, 58.3788, 49.597, 41.5188, 34.4076, 28.4333, 23.6195, 16.9509, 11.645, 9.06625, 7.75055, 7.1357]",-0.0666779,"[-6.00743, -5.15897, -4.77543, -5.75927]",0.346093
0.0,-0.205247,1.0,0.0,14.61,0.0,1944.74,-12.8177,93.9715,-1,"[200.0, 200.0, 200.0, 200.0, 200.0, 200.0, 200.0, 200.0, 200.0, 200.0, 200.0, 200.0, 200.0, 200.0, 200.0, 200.0, 200.0, 200.0, 200.0, 200.0, 200.0, 200.0, 200.0, 200.0, 200.0, 200.0, 200.0, 200.0, 200.0, 200.0, 200.0, 200.0, 200.0, 200.0, 200.0, 200.0]",1,942.478,-3.87289,0.0852946,0.101785,0.0,"[8.19944, 8.01945, 8.48797, 9.85032, 13.189, 19.4312, 76.9561, 67.601, 58.3994, 49.6143, 41.5323, 34.417, 28.4388, 23.6217, 16.949, 11.6411, 9.06193, 7.7461, 7.13107]",-0.0673319,"[0.0, 0.0, -1.36869, -1.14402]",0.346125
1.0,-0.205531,0.0,0.0,14.63,0.0,1944.72,-12.8387,93.9715,-1,"[200.0, 200.0, 200.0, 200.0, 200.0, 200.0, 200.0, 200.0, 200.0, 200.0, 200.0, 200.0, 200.0, 200.0, 200.0, 200.0, 200.0, 200.0, 200.0, 200.0, 200.0, 200.0, 200.0, 200.0, 200.0, 200.0, 200.0, 200.0, 200.0, 200.0, 200.0, 200.0, 200.0, 200.0, 200.0, 200.0]",1,942.478,-4.1397,0.0480401,0.0986181,0.0,"[8.20414, 8.02336, 8.49137, 9.85324, 13.1906, 19.4263, 76.9832, 67.6268, 58.423, 49.635, 41.5491, 34.4296, 28.4473, 23.6268, 16.9494, 11.6388, 9.05882, 7.74266, 7.12733]",-0.0678711,"[-2.22002, -1.99195, -3.66411, -4.16338]",0.34626
1.0,-0.205983,0.0,0.0,14.65,0.0,1944.7,-12.8621,93.9715,-1,"[200.0, 200.0, 200.0, 200.0, 200.0, 200.0, 200.0, 200.0, 200.0, 200.0, 200.0, 200.0, 200.0, 200.0, 200.0, 200.0, 200.0, 200.0, 200.0, 200.0, 200.0, 200.0, 200.0, 200.0, 200.0, 200.0, 200.0, 200.0, 200.0, 200.0, 200.0, 200.0, 200.0, 200.0, 200.0, 200.0]",1,942.478,-4.48227,0.0496902,0.0987597,0.0,"[8.20983, 8.02782, 8.49493, 9.85568, 13.1899, 19.4126, 77.028, 67.67, 58.4633, 49.6709, 41.5795, 34.4535, 28.4648, 23.6386, 16.9535, 11.6378, 9.05607, 7.73909, 7.12317]",-0.0684957,"[-5.1638, -5.33814, -4.91196, -4.37298]",0.346339
1.0,-0.206387,0.0,0.0,14.67,0.0,1944.67,-12.8879,93.9715,-1,"[200.0, 200.0, 200.0, 200.0, 200.0, 200.0, 200.0, 200.0, 200.0, 200.0, 200.0, 200.0, 200.0, 200.0, 200.0, 200.0, 200.0, 200.0, 200.0, 200.0, 200.0, 200.0, 200.0, 200.0, 200.0, 200.0, 200.0, 200.0, 200.0, 200.0, 200.0, 200.0, 200.0, 200.0, 200.0, 200.0]",1,963.624,-4.99065,0.0379784,0.102998,0.0,"[8.21597, 8.03284, 8.4992, 9.85916, 13.1911, 19.4038, 77.0672, 67.7074, 58.4979, 49.7013, 41.6046, 34.4727, 28.4782, 23.647, 16.9551, 11.6354, 9.05233, 7.73481, 7.11842]",-0.0691905,"[-2.47475, -2.32701, -4.77993, -5.41618]",0.346391
1.0,-0.206875,0.0,0.0,14.69,0.0,1944.64,-12.916,93.9715,-1,"[200.0, 200.0, 200.0, 200.0, 200.0, 200.0, 200.0, 200.0, 200.0, 200.0, 200.0, 200.0, 200.0, 200.0, 200.0, 200.0, 200.0, 200.0, 200.0, 200.0, 200.0, 200.0, 200.0, 200.0, 200.0, 200.0, 200.0, 200.0, 200.0, 200.0, 200.0, 200.0, 200.0, 200.0, 200.0, 200.0]",1,942.478,-5.37263,0.0454698,0.112049,0.0,"[8.22278, 8.03831, 8.50373, 9.86261, 13.1915, 19.3913, 77.1151, 67.7534, 58.5405, 49.7391, 41.6362, 34.4973, 28.4958, 23.6584, 16.9583, 11.6333, 9.04856, 7.73025, 7.11327]",-0.0699504,"[-6.09201, -6.25169, -5.1611, -4.46971]",0.34644
0.0,-0.207145,1.0,0.0,14.71,0.0,1944.62,-12.9423,93.9715,-1,"[200.0, 200.0, 200.0, 200.0, 200.0, 200.0, 200.0, 200.0, 200.0, 200.0, 200.0, 200.0, 200.0, 200.0, 200.0, 200.0, 200.0, 200.0, 200.0, 200.0, 200.0, 200.0, 200.0, 200.0, 200.0, 200.0, 200.0, 200.0, 200.0, 200.0, 200.0, 200.0, 200.0, 200.0, 200.0, 200.0]",1,942.478,-4.06947,0.0893567,0.119376,0.0,"[8.22861, 8.04334, 8.50837, 9.86705, 13.1954, 19.3912, 77.1398, 67.7766, 58.5612, 49.7565, 41.6496, 34.5066, 28.501, 23.6603, 16.9561, 11.6291, 9.04394, 7.72553, 7.10839]",-0.070638,"[0.0, 0.0, -1.50183, -1.23297]",0.346592
1.0,-0.207422,0.0,0.0,14.73,0.0,1944.6,-12.9642,93.9715,-1,"[200.0, 200.0, 200.0, 200.0, 200.0, 200.0, 200.0, 200.0, 200.0, 200.0, 200.0, 200.0, 200.0, 200.0, 200.0, 200.0, 200.0, 200.0, 200.0, 200.0, 200.0, 200.0, 200.0, 200.0, 200.0, 200.0, 200.0, 200.0, 200.0, 200.0, 200.0, 200.0, 200.0, 200.0, 200.0, 200.0]",1,942.478,-4.26479,0.0498344,0.118643,0.0,"[8.23354, 8.04748, 8.51204, 9.8703, 13.1975, 19.3875, 77.1662, 67.8015, 58.584, 49.7762, 41.6656, 34.5183, 28.5088, 23.6646, 16.9559, 11.6264, 9.04051, 7.72184, 7.10443]",-0.0712067,"[-4.07906, -2.06644, -3.79165, -5.61444]",0.346828
1.0,-0.207819,0.0,0.0,14.75,0.0,1944.57,-12.9888,93.9715,-1,"[200.0, 200.0, 200.0, 200.0, 200.0, 200.0, 200.0, 200.0, 200.0, 200.0, 200.0, 200.0, 200.0, 200.0, 200.0, 200.0, 200.0, 200.0, 200.0, 200.0, 200.0, 200.0, 200.0, 200.0, 200.0, 200.0, 200.0, 200.0, 200.0, 200.0, 200.0, 200.0, 200.0, 200.0, 200.0, 200.0]",1,942.478,-4.73321,0.0563942,0.12211,0.0,"[8.2394, 8.05223, 8.51604, 9.87348, 13.1984, 19.3784, 77.205, 67.8387, 58.6183, 49.8065, 41.6908, 34.5378, 28.5224, 23.6732, 16.9579, 11.6242, 9.03706, 7.71781, 7.09995]",-0.0718648,"[-3.20139, -5.48216, -4.31037, -4.26763]",0.346989
1.0,-0.208196,0.0,0.0,14.77,0.0,1944.54,-13.0155,93.9715,-1,"[200.0, 200.0, 200.0, 200.0, 200.0, 200.0, 200.0, 200.0, 200.0, 200.0, 200.0, 200.0, 200.0, 200.0, 200.0, 200.0, 200.0, 200.0, 200.0, 200.0, 200.0, 200.0, 200.0, 200.0, 200.0, 200.0, 200.0, 200.0, 200.0, 200.0, 200.0, 200.0, 200.0, 200.0, 200.0, 200.0]",1,942.478,-5.14664,0.0311671,0.130924,0.0,"[8.24577, 8.05753, 8.52068, 9.87749, 13.2006, 19.3724, 77.2411, 67.873, 58.6498, 49.834, 41.7132, 34.5545, 28.5336, 23.6798, 16.9582, 11.621, 9.0328, 7.71311, 7.09488]",-0.0725952,"[-4.99982, -2.46078, -5.23772, -5.17103]",0.347098
0.0,-0.208412,1.0,0.0,14.79,0.0,1944.52,-13.0398,93.9715,-1,"[200.0, 200.0, 200.0, 200.0, 200.0, 200.0, 200.0, 200.0, 200.0, 200.0, 200.0, 200.0, 200.0, 200.0, 200.0, 200.0, 200.0, 200.0, 200.0, 200.0, 200.0, 200.0, 200.0, 200.0, 200.0, 200.0, 200.0, 200.0, 200.0, 200.0, 200.0, 200.0, 200.0, 200.0, 200.0, 200.0]",1,942.478,-3.70588,0.0811278,0.136657,0.0,"[8.25116, 8.06226, 8.52514, 9.88194, 13.205, 19.3747, 77.2605, 67.8909, 58.6654, 49.8468, 41.7226, 34.5604, 28.5363, 23.6798, 16.9551, 11.6166, 9.0282, 7.70857, 7.09026]",-0.0732391,"[0.0, 0.0, -1.55275, -1.31868]",0.347293
1.0,-0.20869,0.0,0.0,14.81,0.0,1944.5,-13.0601,93.9715,-1,"[200.0, 200.0, 200.0, 200.0, 200.0, 200.0, 200.0, 200.0, 200.0, 200.0, 200.0, 200.0, 200.0, 200.0, 200.0, 200.0, 200.0, 200.0, 200.0, 200.0, 200.0, 200.0, 200.0, 200.0, 200.0, 200.0, 200.0, 200.0, 200.0, 200.0, 200.0, 200.0, 200.0, 200.0, 200.0, 200.0]",1,942.478,-3.97385,0.039154,0.132413,0.0,"[8.25579, 8.06611, 8.52849, 9.88481, 13.2066, 19.3701, 77.2872, 67.9162, 58.6887, 49.8671, 41.7392, 34.5728, 28.5447, 23.6847, 16.9555, 11.6142, 9.02515, 7.70519, 7.08658]",-0.0737691,"[-3.84414, -1.62755, -3.56288, -3.53539]",0.347549
1.0,-0.209035,0.0,0.0,14.83,0.0,1944.48,-13.0826,93.9715,-1,"[200.0, 200.0, 200.0, 200.0, 200.0, 200.0, 200.0, 200.0, 200.0, 200.0, 200.0, 200.0, 200.0, 200.0, 200.0, 200.0, 200.0, 200.0, 200.0, 200.0, 200.0, 200.0, 200.0, 200.0, 200.0, 200.0, 200.0, 200.0, 200.0, 200.0, 200.0, 200.0, 200.0, 200.0, 200.0, 200.0]",1,942.478,-4.39105,0.0476571,0.132643,0.0,"[8.2612, 8.07053, 8.53229, 9.88795, 13.2079, 19.3633, 77.3206, 67.9482, 58.7181, 49.893, 41.7605, 34.5891, 28.556, 23.6917, 16.9566, 11.6119, 9.02177, 7.70136, 7.08238]",-0.0743805,"[-2.88294, -5.15692, -3.63456, -4.70217]",0.347689
1.0,-0.209452,0.0,0.0,14.85,0.0,1944.45,-13.1077,93.9715,-1,"[200.0, 200.0, 200.0, 200.0, 200.0, 200.0, 200.0, 200.0, 200.0, 200.0, 200.0, 200.0, 200.0, 200.0, 200.0, 200.0, 200.0, 200.0, 200.0, 200.0, 200.0, 200.0, 200.0, 200.0, 200.0, 200.0, 200.0, 200.0, 200.0, 200.0, 200.0, 200.0, 200.0, 200.0, 200.0, 200.0]",1,942.478,-4.82909,0.0441275,0.13882,0.0,"[8.26727, 8.07544, 8.53639, 9.89116, 13.2086, 19.3535, 77.3614, 67.9874, 58.7545, 49.9251, 41.7873, 34.6098, 28.5706, 23.7011, 16.9589, 11.6098, 9.01826, 7.69723, 7.07776]",-0.07506,"[-4.74723, -2.19627, -4.12154, -4.67611]",0.347739
1.0,-0.209887,0.0,0.0,14.87,0.0,1944.43,-13.1349,93.9715,-1,"[200.0, 200.0, 200.0, 200.0, 200.0, 200.0, 200.0, 200.0, 200.0, 200.0, 200.0, 200.0, 200.0, 200.0, 200.0, 200.0, 200.0, 200.0, 200.0, 200.0, 200.0, 200.0, 200.0, 200.0, 200.0, 200.0, 200.0, 200.0, 200.0, 200.0, 200.0, 200.0, 200.0, 200.0, 200.0, 200.0]",1,942.478,-5.25358,0.0512627,0.151212,0.0,"[8.27389, 8.08084, 8.54099, 9.89489, 13.2099, 19.3443, 77.4037, 68.0278, 58.7918, 49.958, 41.8146, 34.6307, 28.5852, 23.7102, 16.9607, 11.6072, 9.01423, 7.6926, 7.07265]",-0.0758067,"[-3.54888, -6.0784, -4.81189, -4.92878]",0.347721
0.0,-0.210385,1.0,0.0,14.89,0.0,1944.4,-13.1602,93.9715,-1,"[200.0, 200.0, 200.0, 200.0, 200.0, 200.0, 200.0, 200.0, 200.0, 200.0, 200.0, 200.0, 200.0, 200.0, 200.0, 200.0, 200.0, 200.0, 200.0, 200.0, 200.0, 200.0, 200.0, 200.0, 200.0, 200.0, 200.0, 200.0, 200.0, 200.0, 200.0, 200.0, 200.0, 200.0, 200.0, 200.0]",1,942.478,-3.87886,0.0908267,0.159111,0.0,"[8.28008, 8.08565, 8.54477, 9.89741, 13.2089, 19.3292, 77.4532, 68.0757, 58.8366, 49.9982, 41.8487, 34.6577, 28.6052, 23.7237, 16.9655, 11.6063, 9.01135, 7.68882, 7.06821]",-0.0764781,"[0.0, 0.0, -1.21853, -1.06727]",0.347799
1.0,-0.210378,0.0,0.0,14.91,0.0,1944.38,-13.1809,93.9715,-1,"[200.0, 200.0, 200.0, 200.0, 200.0, 200.0, 200.0, 200.0, 200.0, 200.0, 200.0, 200.0, 200.0, 200.0, 200.0, 200.0, 200.0, 200.0, 200.0, 200.0, 200.0, 200.0, 200.0, 200.0, 200.0, 200.0, 200.0, 200.0, 200.0, 200.0, 200.0, 200.0, 200.0, 200.0, 200.0, 200.0]",1,942.478,-4.09543,-0.0822498,0.155241,1.0,"[8.28456, 8.09004, 8.54946, 9.90299, 13.217, 19.3443, 77.449, 68.0702, 58.8297, 49.99, 41.8394, 34.6478, 28.5949, 23.7137, 16.9567, 11.5995, 9.00579, 7.68399, 7.06374]",-0.077062,"[-2.15927, -1.85377, -3.67708, -5.39185]",0.347951
1.0,-0.209544,0.0,0.0,14.93,0.0,1944.36,-13.2039,93.9715,-1,"[200.0, 200.0, 200.0, 200.0, 200.0, 200.0, 200.0, 200.0, 200.0, 200.0, 200.0, 200.0, 200.0, 200.0, 200.0, 200.0, 200.0, 200.0, 200.0, 200.0, 200.0, 200.0, 200.0, 200.0, 200.0, 200.0, 200.0, 200.0, 200.0, 200.0, 200.0, 200.0, 200.0, 200.0, 200.0, 200.0]",1,942.478,-4.40961,-0.337191,0.166353,1.0,"[8.28928, 8.09665, 8.55873, 9.91727, 13.2453, 19.4185, 77.3547, 67.9742, 58.7342, 49.8978, 41.7535, 34.571, 28.5289, 23.6588, 16.9201, 11.5785, 8.9922, 7.67427, 7.05627]",-0.07789,"[-5.4459, -5.2477, -4.48777, -4.81123]",0.347857
1.0,-0.207597,0.0,0.0,14.95,0.0,1944.33,-13.2285,93.9715,-1,"[200.0, 200.0, 200.0, 200.0, 200.0, 200.0, 200.0, 200.0, 200.0, 200.0, 200.0, 200.0, 200.0, 200.0, 200.0, 200.0, 200.0, 200.0, 200.0, 200.0, 200.0, 200.0, 200.0, 200.0, 200.0, 200.0, 200.0, 200.0, 200.0, 200.0, 200.0, 200.0, 200.0, 200.0, 200.0, 200.0]",1,942.478,-4.8652,-0.645951,0.194332,1.0,"[8.29375, 8.10575, 8.57363, 9.94267, 13.3001, 19.5733, 77.139, 67.7566, 58.5201, 49.6935, 41.5657, 34.4057, 28.3894, 23.5449, 16.8472, 11.5394, 8.96856, 7.65857, 7.04536]",-0.0789744,"[-2.87416, -2.0986, -5.76842, -3.6874]",0.347587
1.0,-0.204847,0.0,0.0,14.97,0.0,1944.31,-13.2548,93.9715,-1,"[200.0, 200.0, 200.0, 200.0, 200.0, 200.0, 200.0, 200.0, 200.0, 200.0, 200.0, 200.0, 200.0, 200.0, 200.0, 200.0, 200.0, 200.0, 200.0, 200.0, 200.0, 200.0, 200.0, 200.0, 200.0, 200.0, 200.0, 200.0, 200.0, 200.0, 200.0, 200.0, 200.0, 200.0, 200.0, 200.0]",1,942.478,-5.16772,-0.781299,0.230737,1.0,"[8.29828, 8.11685, 8.59285, 9.97648, 13.375, 19.7917, 76.8358, 67.4513, 58.2205, 49.4084, 41.3048, 34.177, 28.1974, 23.389, 16.7485, 11.4872, 8.93759, 7.63849, 7.03185]",-0.0802643,"[-6.60291, -6.01436, -5.28593, -4.07687]",0.347251
0.0,-0.202352,1.0,0.0,14.99,0.0,1944.28,-13.2791,93.9715,-1,"[200.0, 200.0, 200.0, 200.0, 200.0, 200.0, 200.0, 200.0, 200.0, 200.0, 200.0, 200.0, 200.0, 200.0, 200.0, 200.0, 200.0, 200.0, 200.0, 200.0, 200.0, 200.0, 200.0, 200.0, 200.0, 200.0, 200.0, 200.0, 200.0, 200.0, 200.0, 200.0, 200.0, 200.0, 200.0, 200.0]",1,942.478,-3.87612,-0.554728,0.251842,1.0,"[8.3027, 8.12725, 8.61069, 10.0077, 13.4443, 19.997, 76.5602, 67.174, 57.9484, 49.1498, 41.0684, 33.97, 28.0237, 23.2479, 16.6591, 11.4398, 8.90931, 7.62005, 7.01935]",-0.0814707,"[0.0, 0.0, -1.03386, -1.02722]",0.34716
1.0,-0.20033,0.0,0.0,15.01,0.0,1944.26,-13.2991,93.9715,-1,"[200.0, 200.0, 200.0, 200.0, 200.0, 200.0, 200.0, 200.0, 200.0, 200.0, 200.0, 200.0, 200.0, 200.0, 200.0, 200.0, 200.0, 200.0, 200.0, 200.0, 200.0, 200.0, 200.0, 200.0, 200.0, 200.0, 200.0, 200.0, 200.0, 200.0, 200.0, 200.0, 200.0, 200.0, 200.0, 200.0]",1,942.478,-4.01206,-0.63128,0.243419,1.0,"[8.30624, 8.13563, 8.6251, 10.0331, 13.5008, 20.1678, 76.3368, 66.9494, 57.7283, 48.9407, 40.8773, 33.803, 27.8838, 23.1344, 16.5873, 11.4018, 8.88662, 7.60529, 7.00936]",-0.0824351,"[-4.5772, -1.9202, -5.214, -3.96096]",0.347344
1.0,-0.1979,0.0,0.0,15.03,0.0,1944.24,-13.3213,93.9715,-1,"[200.0, 200.0, 200.0, 200.0, 200.0, 200.0, 200.0, 200.0, 200.0, 200.0, 200.0, 200.0, 200.0, 200.0, 200.0, 200.0, 200.0, 200.0, 200.0, 200.0, 200.0, 200.0, 200.0, 200.0, 200.0, 200.0, 200.0, 200.0, 200.0, 200.0, 200.0, 200.0, 200.0, 200.0, 200.0, 200.0]",1,942.478,-4.4406,-0.695685,0.237521,1.0,"[8.31014, 8.14537, 8.64212, 10.0632, 13.5688, 20.3776, 76.0684, 66.6798, 57.4643, 48.6904, 40.6492, 33.6039, 27.7174, 22.9996, 16.5022, 11.3568, 8.85994, 7.58801, 6.99779]",-0.0835449,"[-3.47955, -5.10811, -5.17145, -3.54578]",0.347317
1.0,-0.195158,0.0,0.0,15.05,0.0,1944.21,-13.3458,93.9715,-1,"[200.0, 200.0, 200.0, 200.0, 200.0, 200.0, 200.0, 200.0, 200.0, 200.0, 200.0, 200.0, 200.0, 200.0, 200.0, 200.0, 200.0, 200.0, 200.0, 200.0, 200.0, 200.0, 200.0, 200.0, 200.0, 200.0, 200.0, 200.0, 200.0, 200.0, 200.0, 200.0, 200.0, 200.0, 200.0, 200.0]",1,942.478,-4.8642,-0.769013,0.232767,1.0,"[8.3143, 8.15612, 8.66109, 10.0971, 13.6458, 20.6214, 75.7656, 66.376, 57.1672, 48.4091, 40.393, 33.381, 27.5313, 22.8492, 16.4075, 11.3069, 8.83035, 7.56894, 6.9851]",-0.0847555,"[-5.31018, -2.13182, -4.55643, -3.89807]",0.347141
1.0,-0.192085,0.0,0.0,15.07,0.0,1944.19,-13.3723,93.9715,-1,"[200.0, 200.0, 200.0, 200.0, 200.0, 200.0, 200.0, 200.0, 200.0, 200.0, 200.0, 200.0, 200.0, 200.0, 200.0, 200.0, 200.0, 200.0, 200.0, 200.0, 200.0, 200.0, 200.0, 200.0, 200.0, 200.0, 200.0, 200.0, 200.0, 200.0, 200.0, 200.0, 200.0, 200.0, 200.0, 200.0]",1,942.478,-5.2389,-0.835779,0.231849,1.0,"[8.31865, 8.16791, 8.68212, 10.135, 13.7327, 20.9043, 75.4262, 66.0358, 56.8349, 48.095, 40.1078, 33.1332, 27.3249, 22.6827, 16.3029, 11.2519, 8.79788, 7.54807, 6.97131]",-0.0860636,"[-4.23613, -5.90053, -5.05314, -5.12212]",0.346858
0.0,-0.189849,1.0,0.0,15.09,0.0,1944.16,-13.3967,93.9715,-1,"[200.0, 200.0, 200.0, 200.0, 200.0, 200.0, 200.0, 200.0, 200.0, 200.0, 200.0, 200.0, 200.0, 200.0, 200.0, 200.0, 200.0, 200.0, 200.0, 200.0, 200.0, 200.0, 200.0, 200.0, 200.0, 200.0, 200.0, 200.0, 200.0, 200.0, 200.0, 200.0, 200.0, 200.0, 200.0, 200.0]",1,942.478,-3.9138,-0.577689,0.223998,1.0,"[8.32366, 8.1783, 8.6994, 10.165, 13.8001, 21.125, 75.1776, 65.7863, 56.5908, 47.8639, 39.8974, 32.9499, 27.1717, 22.5586, 16.224, 11.2095, 8.77219, 7.53105, 6.95954]",-0.0872498,"[0.0, 0.0, -1.15391, -1.03206]",0.346747
1.0,-0.187802,0.0,0.0,15.11,0.0,1944.14,-13.4172,93.9715,-1,"[200.0, 200.0, 200.0, 200.0, 200.0, 200.0, 200.0, 200.0, 200.0, 200.0, 200.0, 200.0, 200.0, 200.0, 200.0, 200.0, 200.0, 200.0, 200.0, 200.0, 200.0, 200.0, 200.0, 200.0, 200.0, 200.0, 200.0, 200.0, 200.0, 200.0, 200.0, 200.0, 200.0, 200.0, 200.0, 200.0]",1,942.478,-4.06556,-0.623757,0.19751,1.0,"[8.32715, 8.18673, 8.71408, 10.1912, 13.8602, 21.3291, 74.9509, 65.5591, 56.3691, 47.6545, 39.7075, 32.7852, 27.0347, 22.448, 16.1543, 11.1726, 8.75015, 7.51674, 6.94994]",-0.0881866,"[-4.45552, -1.78614, -5.12599, -4.01622]",0.346847
1.0,-0.185331,0.0,0.0,15.13,0.0,1944.12,-13.4397,93.9715,-1,"[200.0, 200.0, 200.0, 200.0, 200.0, 200.0, 200.0, 200.0, 200.0, 200.0, 200.0, 200.0, 200.0, 200.0, 200.0, 200.0, 200.0, 200.0, 200.0, 200.0, 200.0, 200.0, 200.0, 200.0, 200.0, 200.0, 200.0, 200.0, 200.0, 200.0, 200.0, 200.0, 200.0, 200.0, 200.0, 200.0]",1,942.478,-4.46645,-0.70064,0.177721,1.0,"[8.33101, 8.19658, 8.73148, 10.2225, 13.9329, 21.5826, 74.6774, 65.2854, 56.1024, 47.4031, 39.4798, 32.588, 26.871, 22.3162, 16.0715, 11.1288, 8.72416, 7.49996, 6.93879]",-0.0892649,"[-3.5447, -5.10468, -5.35309, -4.2059]",0.346718
1.0,-0.182824,0.0,0.0,15.15,0.0,1944.1,-13.4646,93.9715,-1,"[200.0, 200.0, 200.0, 200.0, 200.0, 200.0, 200.0, 200.0, 200.0, 200.0, 200.0, 200.0, 200.0, 200.0, 200.0, 200.0, 200.0, 200.0, 200.0, 200.0, 200.0, 200.0, 200.0, 200.0, 200.0, 200.0, 200.0, 200.0, 200.0, 200.0, 200.0, 200.0, 200.0, 200.0, 200.0, 200.0]",1,942.478,-4.93035,-0.647502,0.161885,0.0,"[8.33535, 8.20699, 8.74963, 10.2549, 14.0082, 21.8518, 74.3994, 65.0072, 55.8314, 47.1477, 39.2488, 32.3881, 26.705, 22.1825, 15.9874, 11.0842, 8.69747, 7.48262, 6.92716]",-0.0904073,"[-5.22888, -2.18455, -5.523, -3.81451]",0.346493
1.0,-0.181089,0.0,0.0,15.17,0.0,1944.07,-13.4921,93.9715,-1,"[200.0, 200.0, 200.0, 200.0, 200.0, 200.0, 200.0, 200.0, 200.0, 200.0, 200.0, 200.0, 200.0, 200.0, 200.0, 200.0, 200.0, 200.0, 200.0, 200.0, 200.0, 200.0, 200.0, 200.0, 200.0, 200.0, 200.0, 200.0, 200.0, 200.0, 200.0, 200.0, 200.0, 200.0, 200.0, 200.0]",1,942.478,-5.37225,-0.417655,0.142803,0.0,"[8.34058, 8.2164, 8.76457, 10.2804, 14.0651, 22.0542, 74.2049, 64.8122, 55.6408, 46.9674, 39.0849, 32.2456, 26.5859, 22.0858, 15.9254, 11.0502, 8.67641, 7.46832, 6.91695]",-0.0914856,"[-4.01419, -5.9692, -5.03981, -5.57483]",0.346328
0.0,-0.180546,1.0,0.0,15.19,0.0,1944.04,-13.5178,93.9715,-1,"[200.0, 200.0, 200.0, 200.0, 200.0, 200.0, 200.0, 200.0, 200.0, 200.0, 200.0, 200.0, 200.0, 200.0, 200.0, 200.0, 200.0, 200.0, 200.0, 200.0, 200.0, 200.0, 200.0, 200.0, 200.0, 200.0, 200.0, 200.0, 200.0, 200.0, 200.0, 200.0, 200.0, 200.0, 200.0, 200.0]",1,942.478,-4.06418,-0.224773,0.117229,0.0,"[8.34627, 8.22333, 8.77355, 10.2935, 14.0907, 22.1363, 74.1405, 64.7463, 55.5751, 46.9038, 39.0254, 32.1922, 26.5397, 22.0469, 15.8984, 11.0336, 8.66493, 7.45955, 6.90974]",-0.0923513,"[0.0, 0.0, -1.16919, -0.94802]",0.346333
1.0,-0.180562,0.0,0.0,15.21,0.0,1944.02,-13.5396,93.9715,-1,"[200.0, 200.0, 200.0, 200.0, 200.0, 200.0, 200.0, 200.0, 200.0, 200.0, 200.0, 200.0, 200.0, 200.0, 200.0, 200.0, 200.0, 200.0, 200.0, 200.0, 200.0, 200.0, 200.0, 200.0, 200.0, 200.0, 200.0, 200.0, 200.0, 200.0, 200.0, 200.0, 200.0, 200.0, 200.0, 200.0]",1,942.478,-4.23966,0.00458469,0.0850448,0.0,"[8.35087, 8.22782, 8.77834, 10.2992, 14.099, 22.1543, 74.1383, 64.7427, 55.5699, 46.8972, 39.0176, 32.1834, 26.5306, 22.0378, 15.8902, 11.0271, 8.65951, 7.45472, 6.90522]",-0.0929494,"[-4.15509, -2.2958, -4.75376, -4.77887]",0.346483
1.0,-0.180906,0.0,0.0,15.23,0.0,1944.0,-13.564,93.9715,-1,"[200.0, 200.0, 200.0, 200.0, 200.0, 200.0, 200.0, 200.0, 200.0, 200.0, 200.0, 200.0, 200.0, 200.0, 200.0, 200.0, 200.0, 200.0, 200.0, 200.0, 200.0, 200.0, 200.0, 200.0, 200.0, 200.0, 200.0, 200.0, 200.0, 200.0, 200.0, 200.0, 200.0, 200.0, 200.0, 200.0]",1,942.478,-4.72775,0.0385407,0.0522367,0.0,"[8.35592, 8.23194, 8.7818, 10.3019, 14.0992, 22.1392, 74.1716, 64.7742, 55.5987, 46.922, 39.0377, 32.1984, 26.5407, 22.0438, 15.891, 11.0248, 8.65629, 7.45108, 6.90119]",-0.0935313,"[-3.17524, -5.36551, -4.28278, -3.92721]",0.346553
1.0,-0.181379,0.0,0.0,15.25,0.0,1943.97,-13.5908,93.9715,-1,"[200.0, 200.0, 200.0, 200.0, 200.0, 200.0, 200.0, 200.0, 200.0, 200.0, 200.0, 200.0, 200.0, 200.0, 200.0, 200.0, 200.0, 200.0, 200.0, 200.0, 200.0, 200.0, 200.0, 200.0, 200.0, 200.0, 200.0, 200.0, 200.0, 200.0, 200.0, 200.0, 200.0, 200.0, 200.0, 200.0]",1,942.478,-5.15238,0.0553294,0.0277867,0.0,"[8.36157, 8.23633, 8.7852, 10.3039, 14.0971, 22.1131, 74.2185, 64.8191, 55.6401, 46.9586, 39.068, 32.2218, 26.5574, 22.0548, 15.8946, 11.0237, 8.65345, 7.44745, 6.89694]",-0.094161,"[-4.9569, -2.61816, -4.53326, -5.21168]",0.346525
0.0,-0.181547,1.0,0.0,15.27,0.0,1943.94,-13.6152,93.9715,-1,"[200.0, 200.0, 200.0, 200.0, 200.0, 200.0, 200.0, 200.0, 200.0, 200.0, 200.0, 200.0, 200.0, 200.0, 200.0, 200.0, 200.0, 200.0, 200.0, 200.0, 200.0, 200.0, 200.0, 200.0, 200.0, 200.0, 200.0, 200.0, 200.0, 200.0, 200.0, 200.0, 200.0, 200.0, 200.0, 200.0]",1,942.478,-3.72892,0.0936268,0.0106612,0.0,"[8.36605, 8.24032, 8.78903, 10.3078, 14.1011, 22.1144, 74.233, 64.8321, 55.6512, 46.9671, 39.0737, 32.2247, 26.5578, 22.0534, 15.8912, 11.0196, 8.64942, 7.44352, 6.89297]",-0.0947082,"[0.0, 0.0, -1.2467, -1.04177]",0.346495
1.0,-0.1818,0.0,0.0,15.29,0.0,1943.92,-13.6355,93.9715,-1,"[200.0, 200.0, 200.0, 200.0, 200.0, 200.0, 200.0, 200.0, 200.0, 200.0, 200.0, 200.0, 200.0, 200.0, 200.0, 200.0, 200.0, 200.0, 200.0, 200.0, 200.0, 200.0, 200.0, 200.0, 200.0, 200.0, 200.0, 200.0, 200.0, 200.0, 200.0, 200.0, 200.0, 200.0, 200.0, 200.0]",1,942.478,-3.95229,0.038649,0.000437509,0.0,"[8.36997, 8.24355, 8.79179, 10.31, 14.1016, 22.1043, 74.2573, 64.8551, 55.672, 46.9851, 39.0882, 32.2353, 26.5649, 22.0575, 15.8914, 11.0176, 8.64682, 7.44063, 6.88982]",-0.0951619,"[-3.86726, -2.01582, -3.69764, -4.3741]",0.346453
1.0,-0.182205,0.0,0.0,15.31,0.0,1943.9,-13.6582,93.9715,-1,"[200.0, 200.0, 200.0, 200.0, 200.0, 200.0, 200.0, 200.0, 200.0, 200.0, 200.0, 200.0, 200.0, 200.0, 200.0, 200.0, 200.0, 200.0, 200.0, 200.0, 200.0, 200.0, 200.0, 200.0, 200.0, 200.0, 200.0, 200.0, 200.0, 200.0, 200.0, 200.0, 200.0, 200.0, 200.0, 200.0]",1,942.478,-4.40446,0.0546503,-0.00111379,0.0,"[8.37477, 8.24726, 8.79464, 10.3117, 14.0996, 22.0818, 74.2976, 64.8938, 55.7078, 47.0166, 39.1144, 32.2556, 26.5795, 22.0671, 15.8946, 11.0167, 8.64445, 7.43758, 6.88623]",-0.095695,"[-2.87425, -5.23003, -4.38787, -3.73345]",0.346385
1.0,-0.182676,0.0,0.0,15.33,0.0,1943.88,-13.6832,93.9715,-1,"[200.0, 200.0, 200.0, 200.0, 200.0, 200.0, 200.0, 200.0, 200.0, 200.0, 200.0, 200.0, 200.0, 200.0, 200.0, 200.0, 200.0, 200.0, 200.0, 200.0, 200.0, 200.0, 200.0, 200.0, 200.0, 200.0, 200.0, 200.0, 200.0, 200.0, 200.0, 200.0, 200.0, 200.0, 200.0, 200.0]",1,942.478,-4.81638,0.0409352,0.00115527,0.0,"[8.38012, 8.25136, 8.79773, 10.3134, 14.097, 22.055, 74.3445, 64.9388, 55.7495, 47.0535, 39.1452, 32.2796, 26.5968, 22.0788, 15.8987, 11.0159, 8.64195, 7.43425, 6.88229]",-0.096286,"[-4.73219, -2.19006, -5.4231, -4.5416]",0.34635
1.0,-0.183073,0.0,0.0,15.35,0.0,1943.85,-13.7107,93.9715,-1,"[200.0, 200.0, 200.0, 200.0, 200.0, 200.0, 200.0, 200.0, 200.0, 200.0, 200.0, 200.0, 200.0, 200.0, 200.0, 200.0, 200.0, 200.0, 200.0, 200.0, 200.0, 200.0, 200.0, 200.0, 200.0, 200.0, 200.0, 200.0, 200.0, 200.0, 200.0, 200.0, 200.0, 200.0, 200.0, 200.0]",1,942.478,-5.25905,0.0513757,0.00710212,0.0,"[8.38579, 8.25595, 8.80156, 10.3163, 14.0969, 22.0374, 74.3832, 64.9756, 55.7831, 47.0828, 39.169, 32.2975, 26.609, 22.0862, 15.9, 11.0136, 8.63845, 7.43023, 6.87782]",-0.096935,"[-3.55269, -6.11257, -4.37368, -5.82132]",0.346356
0.0,-0.183654,1.0,0.0,15.37,0.0,1943.82,-13.7358,93.9715,-1,"[200.0, 200.0, 200.0, 200.0, 200.0, 200.0, 200.0, 200.0, 200.0, 200.0, 200.0, 200.0, 200.0, 200.0, 200.0, 200.0, 200.0, 200.0, 200.0, 200.0, 200.0, 200.0, 200.0, 200.0, 200.0, 200.0, 200.0, 200.0, 200.0, 200.0, 200.0, 200.0, 200.0, 200.0, 200.0, 200.0]",1,942.478,-3.82727,0.0824,0.0502722,0.0,"[8.39125, 8.25988, 8.80415, 10.3169, 14.0915, 21.9999, 74.4421, 65.0325, 55.8364, 47.1305, 39.2094, 32.3297, 26.633, 22.1032, 15.9072, 11.0144, 8.63678, 7.42736, 6.87409]",-0.0975128,"[0.0, 0.0, -2.64218, -2.65521]",0.346513
1.0,-0.184049,0.0,0.0,15.39,0.0,1943.8,-13.7568,93.9715,-1,"[200.0, 200.0, 200.0, 200.0, 200.0, 200.0, 200.0, 200.0, 200.0, 200.0, 200.0, 200.0, 200.0, 200.0, 200.0, 200.0, 200.0, 200.0, 200.0, 200.0, 200.0, 200.0, 200.0, 200.0, 200.0, 200.0, 200.0, 200.0, 200.0, 200.0, 200.0, 200.0, 200.0, 200.0, 200.0, 200.0]",1,942.478,-4.18126,0.0487812,0.0670826,0.0,"[8.39562, 8.2632, 8.80661, 10.3182, 14.0891, 21.9772, 74.4817, 65.0706, 55.8718, 47.1619, 39.2358, 32.3503, 26.648, 22.1133, 15.9109, 11.0139, 8.63484, 7.42471, 6.8709]",-0.0979919,"[-1.68435, -2.09187, -3.41326, -4.42815]",0.346848
1.0,-0.184445,0.0,0.0,15.41,0.0,1943.78,-13.7805,93.9715,-1,"[200.0, 200.0, 200.0, 200.0, 200.0, 200.0, 200.0, 200.0, 200.0, 200.0, 200.0, 200.0, 200.0, 200.0, 200.0, 200.0, 200.0, 200.0, 200.0, 200.0, 200.0, 200.0, 200.0, 200.0, 200.0, 200.0, 200.0, 200.0, 200.0, 200.0, 200.0, 200.0, 200.0, 200.0, 200.0, 200.0]",1,942.478,-4.5167,0.0481987,0.0762337,0.0,"[8.40062, 8.26712, 8.80972, 10.3202, 14.0878, 21.9572, 74.5208, 65.108, 55.9063, 47.1922, 39.2609, 32.3695, 26.6617, 22.1222, 15.9135, 11.0126, 8.63216, 7.42141, 6.8671]",-0.0985514,"[-4.43082, -5.21063, -4.0414, -5.0684]",0.347216
1.0,-0.185312,0.0,0.0,15.43,0.0,1943.75,-13.8065,93.9715,-1,"[200.0, 200.0, 200.0, 200.0, 200.0, 200.0, 200.0, 200.0, 200.0, 200.0, 200.0, 200.0, 200.0, 200.0, 200.0, 200.0, 200.0, 200.0, 200.0, 200.0, 200.0, 200.0, 200.0, 200.0, 200.0, 200.0, 200.0, 200.0, 200.0, 200.0, 200.0, 200.0, 200.0, 200.0, 200.0, 200.0]",1,951.585,-5.00808,0.209414,0.0772569,-1.0,"[8.40656, 8.2708, 8.81124, 10.3183, 14.0755, 21.8932, 74.6108, 65.1958, 55.9893, 47.2676, 39.326, 32.4228, 26.7028, 22.1525, 15.9286, 11.017, 8.63237, 7.4195, 6.86376]",-0.0991241,"[-3.2271, -2.58813, -5.42946, -4.86176]",0.347611
0.0,-0.186159,1.0,0.0,15.45,0.0,1943.73,-13.8301,93.9715,-1,"[200.0, 200.0, 200.0, 200.0, 200.0, 200.0, 200.0, 200.0, 200.0, 200.0, 200.0, 200.0, 200.0, 200.0, 200.0, 200.0, 200.0, 200.0, 200.0, 200.0, 200.0, 200.0, 200.0, 200.0, 200.0, 200.0, 200.0, 200.0, 200.0, 200.0, 200.0, 200.0, 200.0, 200.0, 200.0, 200.0]",1,942.478,-3.53558,0.217635,0.0707679,-1.0,"[8.41132, 8.27339, 8.81164, 10.3152, 14.0616, 21.8271, 74.6997, 65.283, 56.0721, 47.3433, 39.3919, 32.4771, 26.7453, 22.1844, 15.9453, 11.0229, 8.63384, 7.41875, 6.86154]",-0.0995473,"[0.0, 0.0, -1.48534, -1.40062]",0.348025
1.0,-0.187768,0.0,0.0,15.47,0.0,1943.71,-13.8495,93.9715,-1,"[200.0, 200.0, 200.0, 200.0, 200.0, 200.0, 200.0, 200.0, 200.0, 200.0, 200.0, 200.0, 200.0, 200.0, 200.0, 200.0, 200.0, 200.0, 200.0, 200.0, 200.0, 200.0, 200.0, 200.0, 200.0, 200.0, 200.0, 200.0, 200.0, 200.0, 200.0, 200.0, 200.0, 200.0, 200.0, 200.0]",1,942.478,-3.78482,0.504009,0.0578263,-1.0,"[8.41604, 8.27404, 8.80784, 10.3038, 14.0273, 21.6865, 74.8721, 65.4533, 56.2357, 47.4948, 39.5261, 32.5902, 26.8361, 22.2547, 15.9855, 11.0406, 8.64193, 7.42197, 6.86165]",-0.0997833,"[-1.64418, -2.08842, -2.98304, -3.19838]",0.348455
1.0,-0.190605,0.0,0.0,15.49,0.0,1943.69,-13.8712,93.9715,-1,"[200.0, 200.0, 200.0, 200.0, 200.0, 200.0, 200.0, 200.0, 200.0, 200.0, 200.0, 200.0, 200.0, 200.0, 200.0, 200.0, 200.0, 200.0, 200.0, 200.0, 200.0, 200.0, 200.0, 200.0, 200.0, 200.0, 200.0, 200.0, 200.0, 200.0, 200.0, 200.0, 200.0, 200.0, 200.0, 200.0]",1,942.478,-4.07233,0.687172,0.028215,-1.0,"[8.4219, 8.27274, 8.79853, 10.2805, 13.9627, 21.4364, 75.1784, 65.757, 56.5286, 47.7673, 39.7689, 32.7961, 27.0028, 22.385, 16.0617, 11.0758, 8.65941, 7.43042, 6.86439]",-0.0998688,"[-4.72531, -5.25796, -4.46536, -3.90665]",0.348881
1.0,-0.193899,0.0,0.0,15.51,0.0,1943.66,-13.8955,93.9715,-1,"[200.0, 200.0, 200.0, 200.0, 200.0, 200.0, 200.0, 200.0, 200.0, 200.0, 200.0, 200.0, 200.0, 200.0, 200.0, 200.0, 200.0, 200.0, 200.0, 200.0, 200.0, 200.0, 200.0, 200.0, 200.0, 200.0, 200.0, 200.0, 200.0, 200.0, 200.0, 200.0, 200.0, 200.0, 200.0, 200.0]",1,942.478,-4.58975,0.804386,-0.00106087,-1.0,"[8.42855, 8.27108, 8.78757, 10.2535, 13.8882, 21.1577, 75.5341, 66.1102, 56.8696, 48.0852, 40.0526, 33.0373, 27.1985, 22.5383, 16.1515, 11.1175, 8.68018, 7.44059, 6.86791]",-0.0999329,"[-1.96565, -2.632, -3.83392, -4.36179]",0.349117
1.0,-0.197612,0.0,0.0,15.53,0.0,1943.64,-13.9221,93.9715,-1,"[200.0, 200.0, 200.0, 200.0, 200.0, 200.0, 200.0, 200.0, 200.0, 200.0, 200.0, 200.0, 200.0, 200.0, 200.0, 200.0, 200.0, 200.0, 200.0, 200.0, 200.0, 200.0, 200.0, 200.0, 200.0, 200.0, 200.0, 200.0, 200.0, 200.0, 200.0, 200.0, 200.0, 200.0, 200.0, 200.0]",1,942.478,-4.9221,0.868137,-0.0185281,-1.0,"[8.4362, 8.26935, 8.77542, 10.2235, 13.8058, 20.8587, 75.9349, 66.5085, 57.2545, 48.4446, 40.374, 33.3111, 27.4211, 22.7127, 16.2537, 11.1648, 8.70376, 7.45214, 6.87193]",-0.100009,"[-5.57278, -6.35385, -3.96242, -5.27501]",0.349153
1.0,-0.201731,0.0,0.0,15.55,0.0,1943.61,-13.9512,93.9715,-1,"[200.0, 200.0, 200.0, 200.0, 200.0, 200.0, 200.0, 200.0, 200.0, 200.0, 200.0, 200.0, 200.0, 200.0, 200.0, 200.0, 200.0, 200.0, 200.0, 200.0, 200.0, 200.0, 200.0, 200.0, 200.0, 200.0, 200.0, 200.0, 200.0, 200.0, 200.0, 200.0, 200.0, 200.0, 200.0, 200.0]",1,942.478,-5.43545,0.977295,-0.0235325,-1.0,"[8.4449, 8.26762, 8.7622, 10.1906, 13.7162, 20.5435, 76.3795, 66.9508, 57.6827, 48.845, 40.7328, 33.6174, 27.6704, 22.9083, 16.3685, 11.2178, 8.73015, 7.46509, 6.87646]",-0.100099,"[-2.52259, -3.33685, -4.55355, -5.4286]",0.349026
0.0,-0.204707,1.0,0.0,15.57,0.0,1943.58,-13.9773,93.9715,-1,"[200.0, 200.0, 200.0, 200.0, 200.0, 200.0, 200.0, 200.0, 200.0, 200.0, 200.0, 200.0, 200.0, 200.0, 200.0, 200.0, 200.0, 200.0, 200.0, 200.0, 200.0, 200.0, 200.0, 200.0, 200.0, 200.0, 200.0, 200.0, 200.0, 200.0, 200.0, 200.0, 200.0, 200.0, 200.0, 200.0]",1,942.478,-3.91466,0.746444,-0.0172203,-1.0,"[8.45143, 8.2666, 8.7529, 10.1673, 13.6527, 20.3262, 76.7007, 67.2704, 57.9925, 49.1351, 40.9932, 33.84, 27.852, 23.051, 16.452, 11.2562, 8.74923, 7.47439, 6.87968]",-0.10018,"[0.0, 0.0, -1.07, -1.01078]",0.348808
1.0,-0.207347,0.0,0.0,15.59,0.0,1943.56,-13.999,93.9714,-1,"[200.0, 200.0, 200.0, 200.0, 200.0, 200.0, 200.0, 200.0, 200.0, 200.0, 200.0, 200.0, 200.0, 200.0, 200.0, 200.0, 200.0, 200.0, 200.0, 200.0, 200.0, 200.0, 200.0, 200.0, 200.0, 200.0, 200.0, 200.0, 200.0, 200.0, 200.0, 200.0, 200.0, 200.0, 200.0, 200.0]",1,942.478,-4.12745,0.742414,-0.00598468,-1.0,"[8.45727, 8.26574, 8.74473, 10.1468, 13.5971, 20.1397, 76.9854, 67.5542, 58.2677, 49.3931, 41.2252, 34.0387, 28.0143, 23.1785, 16.5269, 11.2907, 8.7663, 7.48274, 6.8826]",-0.100249,"[-1.84002, -2.07963, -3.88862, -5.00999]",0.348586
1.0,-0.210683,0.0,0.0,15.61,0.0,1943.54,-14.0232,93.9714,-1,"[200.0, 200.0, 200.0, 200.0, 200.0, 200.0, 200.0, 200.0, 200.0, 200.0, 200.0, 200.0, 200.0, 200.0, 200.0, 200.0, 200.0, 200.0, 200.0, 200.0, 200.0, 200.0, 200.0, 200.0, 200.0, 200.0, 200.0, 200.0, 200.0, 200.0, 200.0, 200.0, 200.0, 200.0, 200.0, 200.0]",1,942.478,-4.48437,0.790489,0.00954526,-1.0,"[8.46492, 8.26489, 8.73468, 10.1213, 13.5281, 19.9126, 77.345, 67.9128, 58.6158, 49.7199, 41.5193, 34.291, 28.2206, 23.3408, 16.622, 11.3343, 8.78788, 7.49322, 6.88622]",-0.100356,"[-5.04098, -5.87088, -3.59127, -5.59079]",0.34832
1.0,-0.214377,0.0,0.0,15.63,0.0,1943.51,-14.0498,93.9714,-1,"[200.0, 200.0, 200.0, 200.0, 200.0, 200.0, 200.0, 200.0, 200.0, 200.0, 200.0, 200.0, 200.0, 200.0, 200.0, 200.0, 200.0, 200.0, 200.0, 200.0, 200.0, 200.0, 200.0, 200.0, 200.0, 200.0, 200.0, 200.0, 200.0, 200.0, 200.0, 200.0, 200.0, 200.0, 200.0, 200.0]",1,942.478,-4.99208,0.890251,0.028151,-1.0,"[8.47363, 8.26419, 8.72382, 10.0935, 13.453, 19.6712, 77.743, 68.3099, 59.0018, 50.0828, 41.8465, 34.5722, 28.4508, 23.5221, 16.7283, 11.383, 8.81184, 7.50484, 6.8902]",-0.100488,"[-2.29245, -2.90861, -4.56058, -4.82545]",0.348024
1.0,-0.218361,0.0,0.0,15.65,0.0,1943.48,-14.0786,93.9714,-1,"[200.0, 200.0, 200.0, 200.0, 200.0, 200.0, 200.0, 200.0, 200.0, 200.0, 200.0, 200.0, 200.0, 200.0, 200.0, 200.0, 200.0, 200.0, 200.0, 200.0, 200.0, 200.0, 200.0, 200.0, 200.0, 200.0, 200.0, 200.0, 200.0, 200.0, 200.0, 200.0, 200.0, 200.0, 200.0, 200.0]",1,982.23,-5.31593,0.947931,0.0351813,-1.0,"[8.4833, 8.26366, 8.71242, 10.0641, 13.3737, 19.4218, 78.1719, 68.7384, 59.4188, 50.4754, 42.2012, 34.8776, 28.7013, 23.7196, 16.8441, 11.4359, 8.83782, 7.51741, 6.89449]",-0.100645,"[-5.91939, -6.88263, -4.44328, -6.30526]",0.347687
0.0,-0.221561,1.0,0.0,15.67,0.0,1943.45,-14.1058,93.9714,-1,"[200.0, 200.0, 200.0, 200.0, 200.0, 200.0, 200.0, 200.0, 200.0, 200.0, 200.0, 200.0, 200.0, 200.0, 200.0, 200.0, 200.0, 200.0, 200.0, 200.0, 200.0, 200.0, 200.0, 200.0, 200.0, 200.0, 200.0, 200.0, 200.0, 200.0, 200.0, 200.0, 200.0, 200.0, 200.0, 200.0]",1,942.478,-4.11302,0.807375,-0.00149762,-1.0,"[8.4912, 8.26334, 8.7034, 10.0407, 13.3111, 19.2288, 78.5163, 69.0828, 59.7543, 50.7917, 42.4874, 35.1246, 28.9044, 23.8799, 16.9381, 11.4788, 8.85889, 7.52761, 6.89802]",-0.10077,"[0.0, 0.0, -0.985022, -0.870177]",0.347092
1.0,-0.224328,0.0,0.0,15.69,0.0,1943.43,-14.1285,93.9714,-1,"[200.0, 200.0, 200.0, 200.0, 200.0, 200.0, 200.0, 200.0, 200.0, 200.0, 200.0, 200.0, 200.0, 200.0, 200.0, 200.0, 200.0, 200.0, 200.0, 200.0, 200.0, 200.0, 200.0, 200.0, 200.0, 200.0, 200.0, 200.0, 200.0, 200.0, 200.0, 200.0, 200.0, 200.0, 200.0, 200.0]",1,942.478,-4.27105,0.769469,0.0241608,-1.0,"[8.49815, 8.26321, 8.69574, 10.0208, 13.2577, 19.067, 78.814, 69.3806, 60.0448, 51.0659, 42.736, 35.3394, 29.0811, 24.0196, 17.0201, 11.5161, 8.87719, 7.53645, 6.90108]",-0.100885,"[-1.87014, -4.63772, -4.01632, -5.41486]",0.346622
1.0,-0.227876,0.0,0.0,15.71,0.0,1943.41,-14.1537,93.9714,-1,"[200.0, 200.0, 200.0, 200.0, 200.0, 200.0, 200.0, 200.0, 200.0, 200.0, 200.0, 200.0, 200.0, 200.0, 200.0, 200.0, 200.0, 200.0, 200.0, 200.0, 200.0, 200.0, 200.0, 200.0, 200.0, 200.0, 200.0, 200.0, 200.0, 200.0, 200.0, 200.0, 200.0, 200.0, 200.0, 200.0]",1,942.478,-4.70796,0.832817,0.0526426,-1.0,"[8.5074, 8.26329, 8.68624, 9.99567, 13.1905, 18.8662, 30.5798, 69.7626, 60.4177, 51.4183, 43.0559, 35.6162, 29.3092, 24.2, 17.126, 11.5642, 8.90063, 7.54772, 6.90489]",-0.101055,"[-5.16686, -3.66956, -4.94919, -4.39024]",0.346166
1.0,-0.231681,0.0,0.0,15.73,0.0,1943.38,-14.1813,93.9714,-1,"[200.0, 200.0, 200.0, 200.0, 200.0, 200.0, 200.0, 200.0, 200.0, 200.0, 200.0, 200.0, 200.0, 200.0, 200.0, 200.0, 200.0, 200.0, 200.0, 200.0, 200.0, 200.0, 200.0, 200.0, 200.0, 200.0, 200.0, 200.0, 200.0, 200.0, 200.0, 200.0, 200.0, 200.0, 200.0, 200.0]",1,942.478,-5.13024,0.912452,0.0826443,-1.0,"[8.51758, 8.26364, 8.67635, 9.96926, 13.1198, 18.6588, 28.7264, 70.1722, 60.8179, 51.7971, 43.4002, 35.9148, 29.5558, 24.3952, 17.2405, 11.616, 8.92586, 7.55979, 6.90896]",-0.101253,"[-2.35139, -5.62078, -5.2251, -4.92172]",0.345764
0.0,-0.234739,1.0,0.0,15.75,0.0,1943.35,-14.2062,93.9714,-1,"[200.0, 200.0, 200.0, 200.0, 200.0, 200.0, 200.0, 200.0, 200.0, 200.0, 200.0, 200.0, 200.0, 200.0, 200.0, 200.0, 200.0, 200.0, 200.0, 200.0, 200.0, 200.0, 200.0, 200.0, 200.0, 200.0, 200.0, 200.0, 200.0, 200.0, 200.0, 200.0, 200.0, 200.0, 200.0, 200.0]",1,942.478,-3.69768,0.712474,0.10342,-1.0,"[8.526, 8.26414, 8.66865, 9.9484, 13.0641, 18.4976, 27.742, 70.5015, 61.1399, 52.1022, 43.6781, 36.1561, 29.7553, 24.5533, 17.3333, 11.6579, 8.94615, 7.56948, 6.91219]",-0.101428,"[0.0, 0.0, -1.8873, -1.83057]",0.345571
1.0,-0.237375,0.0,0.0,15.77,0.0,1943.33,-14.2269,93.9714,-1,"[200.0, 200.0, 200.0, 200.0, 200.0, 200.0, 200.0, 200.0, 200.0, 200.0, 200.0, 200.0, 200.0, 200.0, 200.0, 200.0, 200.0, 200.0, 200.0, 200.0, 200.0, 200.0, 200.0, 200.0, 200.0, 200.0, 200.0, 200.0, 200.0, 200.0, 200.0, 200.0, 200.0, 200.0, 200.0, 200.0]",1,942.478,-3.93223,0.689207,0.111631,-1.0,"[8.53338, 8.26467, 8.66214, 9.93064, 13.0167, 18.3624, 27.051, 70.7853, 61.4177, 52.3658, 43.9183, 36.3652, 29.9283, 24.6906, 17.414, 11.6943, 8.96374, 7.57785, 6.91497]",-0.101584,"[-1.87331, -4.2851, -4.38173, -3.9248]",0.345554
1.0,-0.240573,0.0,0.0,15.79,0.0,1943.31,-14.2501,93.9714,-1,"[200.0, 200.0, 200.0, 200.0, 200.0, 200.0, 200.0, 200.0, 200.0, 200.0, 200.0, 200.0, 200.0, 200.0, 200.0, 200.0, 200.0, 200.0, 200.0, 200.0, 200.0, 200.0, 200.0, 200.0, 200.0, 200.0, 200.0, 200.0, 200.0, 200.0, 200.0, 200.0, 200.0, 200.0, 200.0, 200.0]",1,942.478,-4.3453,0.763246,0.117128,-1.0,"[8.54253, 8.26548, 8.65443, 9.9094, 12.9601, 18.2025, 26.3355, 71.1297, 61.7552, 52.6863, 44.2109, 36.6201, 30.1397, 24.8585, 17.5125, 11.7386, 8.98516, 7.58802, 6.91833]",-0.101783,"[-4.88035, -3.33994, -3.72591, -5.64439]",0.345488
1.0,-0.244127,0.0,0.0,15.81,0.0,1943.28,-14.2758,93.9714,-1,"[200.0, 200.0, 200.0, 200.0, 200.0, 200.0, 200.0, 200.0, 200.0, 200.0, 200.0, 200.0, 200.0, 200.0, 200.0, 200.0, 200.0, 200.0, 200.0, 200.0, 200.0, 200.0, 200.0, 200.0, 200.0, 200.0, 200.0, 200.0, 200.0, 200.0, 200.0, 200.0, 200.0, 200.0, 200.0, 200.0]",1,942.478,-4.78094,0.857553,0.120823,-1.0,"[8.55289, 8.26656, 8.64607, 9.88614, 12.8981, 18.0302, 25.6493, 71.5125, 62.1306, 53.0432, 44.5374, 36.9051, 30.3764, 25.0467, 17.6231, 11.7883, 9.00908, 7.59937, 6.92209]",-0.102013,"[-2.09698, -5.27449, -4.29609, -5.57756]",0.345384
1.0,-0.247684,0.0,0.0,15.83,0.0,1943.26,-14.3037,93.9714,-1,"[200.0, 200.0, 200.0, 200.0, 200.0, 200.0, 200.0, 200.0, 200.0, 200.0, 200.0, 200.0, 200.0, 200.0, 200.0, 200.0, 200.0, 200.0, 200.0, 200.0, 200.0, 200.0, 200.0, 200.0, 200.0, 200.0, 200.0, 200.0, 200.0, 200.0, 200.0, 200.0, 200.0, 200.0, 200.0, 200.0]",1,942.478,-5.24915,0.774686,0.127838,0.0,"[8.56403, 8.26834, 8.63846, 9.86387, 12.8381, 17.8644, 25.0488, 71.8952, 62.5061, 53.4006, 44.8646, 37.1908, 30.614, 25.2356, 17.7338, 11.8376, 9.0325, 7.6102, 6.92534]",-0.102321,"[-5.76148, -4.04525, -4.38819, -5.49443]",0.345226
0.0,-0.249945,1.0,0.0,15.85,0.0,1943.23,-14.3296,93.9714,-1,"[200.0, 200.0, 200.0, 200.0, 200.0, 200.0, 200.0, 200.0, 200.0, 200.0, 200.0, 200.0, 200.0, 200.0, 200.0, 200.0, 200.0, 200.0, 200.0, 200.0, 200.0, 200.0, 200.0, 200.0, 200.0, 200.0, 200.0, 200.0, 200.0, 200.0, 200.0, 200.0, 200.0, 200.0, 200.0, 200.0]",1,942.478,-3.90249,0.614996,0.135536,0.0,"[8.57243, 8.27074, 8.63496, 9.85131, 12.8025, 17.7648, 24.7073, 72.1373, 62.7436, 53.6264, 45.071, 37.371, 30.7633, 25.3539, 17.8024, 11.8672, 9.04594, 7.6158, 6.92621]",-0.102677,"[0.0, 0.0, -0.825266, -0.760237]",0.345177
1.0,-0.25109,0.0,0.0,15.87,0.0,1943.21,-14.3508,93.9714,-1,"[200.0, 200.0, 200.0, 200.0, 200.0, 200.0, 200.0, 200.0, 200.0, 200.0, 200.0, 200.0, 200.0, 200.0, 200.0, 200.0, 200.0, 200.0, 200.0, 200.0, 200.0, 200.0, 200.0, 200.0, 200.0, 200.0, 200.0, 200.0, 200.0, 200.0, 200.0, 200.0, 200.0, 200.0, 200.0, 200.0]",1,942.478,-4.12893,0.226668,0.135733,0.0,"[8.57851, 8.27369, 8.63501, 9.84709, 12.7874, 17.7197, 24.5524, 72.2584, 62.8617, 53.7381, 45.1725, 37.4588, 30.8354, 25.4103, 17.8338, 11.8796, 9.05056, 7.61672, 6.9249]",-0.103087,"[-1.88519, -1.98358, -4.33471, -4.66158]",0.345214
1.0,-0.251585,0.0,0.0,15.89,0.0,1943.19,-14.374,93.9714,-1,"[200.0, 200.0, 200.0, 200.0, 200.0, 200.0, 200.0, 200.0, 200.0, 200.0, 200.0, 200.0, 200.0, 200.0, 200.0, 200.0, 200.0, 200.0, 200.0, 200.0, 200.0, 200.0, 200.0, 200.0, 200.0, 200.0, 200.0, 200.0, 200.0, 200.0, 200.0, 200.0, 200.0, 200.0, 200.0, 200.0]",1,942.478,-4.57241,0.0591421,0.155144,0.0,"[8.58547, 8.27913, 8.6394, 9.85035, 12.7879, 17.7117, 24.5107, 72.3067, 62.9076, 53.7799, 45.2086, 37.488, 30.8573, 25.4253, 17.8388, 11.8783, 9.04717, 7.61249, 6.92007]",-0.103819,"[-1.46786, -5.39412, -4.39713, -3.66965]",0.345056
1.0,-0.251973,0.0,0.0,15.91,0.0,1943.16,-14.3995,93.9714,-1,"[200.0, 200.0, 200.0, 200.0, 200.0, 200.0, 200.0, 200.0, 200.0, 200.0, 200.0, 200.0, 200.0, 200.0, 200.0, 200.0, 200.0, 200.0, 200.0, 200.0, 200.0, 200.0, 200.0, 200.0, 200.0, 200.0, 200.0, 200.0, 200.0, 200.0, 200.0, 200.0, 200.0, 200.0, 200.0, 200.0]",1,957.297,-5.00108,0.0365811,0.174557,0.0,"[8.59309, 8.28547, 8.64502, 9.85542, 12.7918, 17.7111, 24.4901, 72.3427, 62.9409, 53.8093, 45.2331, 37.5066, 30.8698, 25.4323, 17.8386, 11.8739, 9.04182, 7.60684, 6.91415]",-0.104669,"[-2.1995, -2.24774, -5.62051, -4.84047]",0.344956
0.0,-0.252324,1.0,0.0,15.93,0.0,1943.14,-14.4222,93.9714,-1,"[200.0, 200.0, 200.0, 200.0, 200.0, 200.0, 200.0, 200.0, 200.0, 200.0, 200.0, 200.0, 200.0, 200.0, 200.0, 200.0, 200.0, 200.0, 200.0, 200.0, 200.0, 200.0, 200.0, 200.0, 200.0, 200.0, 200.0, 200.0, 200.0, 200.0, 200.0, 200.0, 200.0, 200.0, 200.0, 200.0]",1,942.478,-3.46765,0.0868767,0.178786,0.0,"[8.59975, 8.29098, 8.64987, 9.85973, 12.795, 17.7099, 24.4703, 72.3755, 62.9714, 53.8364, 45.2557, 37.5239, 30.8816, 25.4393, 17.8388, 11.8703, 9.03729, 7.60199, 6.90903]",-0.105408,"[0.0, 0.0, -1.41471, -1.25924]",0.345133
1.0,-0.252603,0.0,0.0,15.95,0.0,1943.12,-14.4409,93.9714,-1,"[200.0, 200.0, 200.0, 200.0, 200.0, 200.0, 200.0, 200.0, 200.0, 200.0, 200.0, 200.0, 200.0, 200.0, 200.0, 200.0, 200.0, 200.0, 200.0, 200.0, 200.0, 200.0, 200.0, 200.0, 200.0, 200.0, 200.0, 200.0, 200.0, 200.0, 200.0, 200.0, 200.0, 200.0, 200.0, 200.0]",1,942.478,-3.79287,0.0366023,0.164822,0.0,"[8.60516, 8.29548, 8.65383, 9.86331, 12.7977, 17.7093, 24.4553, 72.4015, 62.9955, 53.8577, 45.2733, 37.5373, 30.8908, 25.4445, 17.8387, 11.8673, 9.03352, 7.59801, 6.90484]",-0.10601,"[-1.87632, -1.10818, -3.3284, -3.28688]",0.345466
1.0,-0.252981,0.0,0.0,15.97,0.0,1943.1,-14.462,93.9714,-1,"[200.0, 200.0, 200.0, 200.0, 200.0, 200.0, 200.0, 200.0, 200.0, 200.0, 200.0, 200.0, 200.0, 200.0, 200.0, 200.0, 200.0, 200.0, 200.0, 200.0, 200.0, 200.0, 200.0, 200.0, 200.0, 200.0, 200.0, 200.0, 200.0, 200.0, 200.0, 200.0, 200.0, 200.0, 200.0, 200.0]",1,942.478,-4.1512,0.039822,0.151195,0.0,"[8.61162, 8.3007, 8.65831, 9.8671, 12.7999, 17.7061, 24.4303, 72.4374, 63.0291, 53.888, 45.299, 37.5575, 30.9051, 25.4536, 17.8404, 11.8645, 9.02953, 7.59356, 6.90004]",-0.106712,"[-4.83543, -1.71884, -4.63, -3.69493]",0.345686
0.0,-0.253301,0.0,0.0,15.99,0.0,1943.08,-14.4843,93.9714,-1,"[200.0, 200.0, 200.0, 200.0, 200.0, 200.0, 200.0, 200.0, 200.0, 200.0, 200.0, 200.0, 200.0, 200.0, 200.0, 200.0, 200.0, 200.0, 200.0, 200.0, 200.0, 200.0, 200.0, 200.0, 200.0, 200.0, 200.0, 200.0, 200.0, 200.0, 200.0, 200.0, 200.0, 200.0, 200.0, 200.0]",1,942.478,-4.17978,0.055423,0.137448,0.0,"[8.61816, 8.30618, 8.6632, 9.87158, 12.8035, 17.7063, 24.4151, 72.4669, 63.0564, 53.912, 45.3187, 37.5724, 30.9149, 25.4589, 17.8398, 11.8605, 9.02481, 7.58863, 6.89491]",-0.107445,"[-2.05015, -5.02749, -2.57559, -2.6995]",0.345865
0.0,-0.253736,0.0,0.0,16.012,0.0,1943.05,-14.5084,93.9714,-1,"[200.0, 200.0, 200.0, 200.0, 200.0, 200.0, 200.0, 200.0, 200.0, 200.0, 200.0, 200.0, 200.0, 200.0, 200.0, 200.0, 200.0, 200.0, 200.0, 200.0, 200.0, 200.0, 200.0, 200.0, 200.0, 200.0, 200.0, 200.0, 200.0, 200.0, 200.0, 200.0, 200.0, 200.0, 200.0, 200.0]",1,942.478,-4.14663,0.0588576,0.122485,0.0,"[8.62552, 8.31213, 8.66829, 9.87585, 12.8059, 17.7025, 24.3864, 72.5084, 63.0953, 53.9469, 45.3484, 37.5957, 30.9317, 25.4695, 17.8418, 11.8575, 9.02031, 7.58361, 6.88947]",-0.108244,"[-2.85196, -4.13268, -3.036, -3.13616]",0.346056
0.0,-0.254171,0.0,0.0,16.034,0.0,1943.03,-14.5325,93.9714,-1,"[200.0, 200.0, 200.0, 200.0, 200.0, 200.0, 200.0, 200.0, 200.0, 200.0, 200.0, 200.0, 200.0, 200.0, 200.0, 200.0, 200.0, 200.0, 200.0, 200.0, 200.0, 200.0, 200.0, 200.0, 200.0, 200.0, 200.0, 200.0, 200.0, 200.0, 200.0, 200.0, 200.0, 200.0, 200.0, 200.0]",1,942.478,-4.05129,0.0553529,0.108817,0.0,"[8.63284, 8.31807, 8.67335, 9.88011, 12.8083, 17.6986, 24.3578, 72.5498, 63.1343, 53.9819, 45.3782, 37.6192, 30.9484, 25.4802, 17.844, 11.8545, 9.01583, 7.57859, 6.88405]",-0.109039,"[-5.03486, -1.73421, -4.30188, -4.25979]",0.346232
0.0,-0.254549,0.0,0.0,16.056,0.0,1943.0,-14.5564,93.9714,-1,"[200.0, 200.0, 200.0, 200.0, 200.0, 200.0, 200.0, 200.0, 200.0, 200.0, 200.0, 200.0, 200.0, 200.0, 200.0, 200.0, 200.0, 200.0, 200.0, 200.0, 200.0, 200.0, 200.0, 200.0, 200.0, 200.0, 200.0, 200.0, 200.0, 200.0, 200.0, 200.0, 200.0, 200.0, 200.0, 200.0]",1,942.478,-4.02506,0.053798,0.0966809,0.0,"[8.64001, 8.32397, 8.67852, 9.88471, 12.8116, 17.6973, 24.3372, 72.5853, 63.1672, 54.0112, 45.4027, 37.638, 30.9614, 25.4878, 17.8443, 11.8507, 9.01098, 7.5734, 6.87857]",-0.10983,"[-4.20431, -2.57606, -3.78765, -3.75843]",0.346395
0.0,-0.254922,0.0,0.0,16.078,0.0,1942.98,-14.5801,93.9714,-1,"[200.0, 200.0, 200.0, 200.0, 200.0, 200.0, 200.0, 200.0, 200.0, 200.0, 200.0, 200.0, 200.0, 200.0, 200.0, 200.0, 200.0, 200.0, 200.0, 200.0, 200.0, 200.0, 200.0, 200.0, 200.0, 200.0, 200.0, 200.0, 200.0, 200.0, 200.0, 200.0, 200.0, 200.0, 200.0, 200.0]",1,942.478,-4.06182,0.0573219,0.0863273,0.0,"[8.6471, 8.32983, 8.68367, 9.8893, 12.8149, 17.6961, 24.3173, 72.6202, 63.1997, 54.0401, 45.4268, 37.6565, 30.9741, 25.4952, 17.8445, 11.8468, 9.00614, 7.56824, 6.87312]",-0.110615,"[-1.97243, -4.92606, -2.45573, -2.56146]",0.346544
0.0,-0.255345,0.0,0.0,16.1,0.0,1942.96,-14.6036,93.9714,-1,"[200.0, 200.0, 200.0, 200.0, 200.0, 200.0, 200.0, 200.0, 200.0, 200.0, 200.0, 200.0, 200.0, 200.0, 200.0, 200.0, 200.0, 200.0, 200.0, 200.0, 200.0, 200.0, 200.0, 200.0, 200.0, 200.0, 200.0, 200.0, 200.0, 200.0, 200.0, 200.0, 200.0, 200.0, 200.0, 200.0]",1,942.478,-4.0284,0.0588156,0.0778265,0.0,"[8.6543, 8.33567, 8.68864, 9.89349, 12.8173, 17.6925, 24.2903, 72.6606, 63.2376, 54.0742, 45.4558, 37.6793, 30.9904, 25.5056, 17.8466, 11.8439, 9.00172, 7.56332, 6.86781]",-0.111395,"[-2.75189, -4.03193, -2.9252, -3.01466]",0.346678
0.0,-0.255768,0.0,0.0,16.122,0.0,1942.93,-14.627,93.9714,-1,"[200.0, 200.0, 200.0, 200.0, 200.0, 200.0, 200.0, 200.0, 200.0, 200.0, 200.0, 200.0, 200.0, 200.0, 200.0, 200.0, 200.0, 200.0, 200.0, 200.0, 200.0, 200.0, 200.0, 200.0, 200.0, 200.0, 200.0, 200.0, 200.0, 200.0, 200.0, 200.0, 200.0, 200.0, 200.0, 200.0]",1,942.478,-3.9304,0.0552433,0.0712834,0.0,"[8.66146, 8.34145, 8.69358, 9.89762, 12.8197, 17.6889, 24.2633, 72.701, 63.2755, 54.1084, 45.4848, 37.7022, 31.0069, 25.516, 17.8487, 11.8409, 8.99736, 7.55842, 6.86253]",-0.11217,"[-4.94086, -1.64065, -4.21741, -4.18163]",0.346797
1.0,-0.256155,0.0,0.0,16.144,0.0,1942.91,-14.6498,93.9714,1,"[200.0, 200.0, 200.0, 200.0, 200.0, 200.0, 200.0, 200.0, 200.0, 200.0, 200.0, 200.0, 200.0, 200.0, 200.0, 200.0, 200.0, 200.0, 200.0, 200.0, 200.0, 200.0, 200.0, 200.0, 200.0, 200.0, 200.0, 200.0, 200.0, 200.0, 200.0, 200.0, 200.0, 200.0, 200.0, 200.0]",1,957.884,-3.92313,0.0505198,0.0661654,0.0,"[8.66844, 8.34715, 8.69852, 9.90191, 12.8225, 17.6866, 24.241, 72.7377, 63.3098, 54.1391, 45.5106, 37.7223, 31.0209, 25.5247, 17.8498, 11.8376, 8.99283, 7.55349, 6.85727]",-0.112933,"[-3.95738, -2.53137, -2.99552, -3.01911]",0.346902
1.0,-0.256486,0.0,0.0,16.166,0.0,1942.89,-14.6726,93.9714,1,"[200.0, 200.0, 200.0, 200.0, 200.0, 200.0, 200.0, 200.0, 200.0, 200.0, 200.0, 200.0, 200.0, 200.0, 200.0, 200.0, 200.0, 200.0, 200.0, 200.0, 200.0, 200.0, 200.0, 200.0, 200.0, 200.0, 200.0, 200.0, 200.0, 200.0, 200.0, 200.0, 200.0, 200.0, 200.0, 200.0]",1,974.847,-3.8234,0.0548099,0.0632336,0.0,"[8.67521, 8.3528, 8.70355, 9.90651, 12.8262, 17.6867, 24.2262, 72.7683, 63.3381, 54.1641, 45.5313, 37.7379, 31.0313, 25.5303, 17.8491, 11.8335, 8.98795, 7.54842, 6.85199]",-0.113689,"[-1.70603, -4.90174, -4.39298, -4.34323]",0.346992
1.0,-0.256871,0.0,0.0,16.188,0.0,1942.87,-14.6951,93.9714,1,"[200.0, 200.0, 200.0, 200.0, 200.0, 200.0, 200.0, 200.0, 200.0, 200.0, 200.0, 200.0, 200.0, 200.0, 200.0, 200.0, 200.0, 200.0, 200.0, 200.0, 200.0, 200.0, 200.0, 200.0, 200.0, 200.0, 200.0, 200.0, 200.0, 200.0, 200.0, 200.0, 200.0, 200.0, 200.0, 200.0]",1,991.824,-3.79503,0.0552986,0.0625135,0.0,"[8.68211, 8.35844, 8.70843, 9.91072, 12.8289, 17.6844, 24.2042, 72.8047, 63.3722, 54.1946, 45.5571, 37.7581, 31.0455, 25.539, 17.8502, 11.8302, 8.9835, 7.54355, 6.8468]",-0.114443,"[-2.48582, -4.02061, -3.75688, -3.73945]",0.347064
1.0,-0.257254,0.0,0.0,16.21,0.0,1942.84,-14.7175,93.9714,1,"[200.0, 200.0, 200.0, 200.0, 200.0, 200.0, 200.0, 200.0, 200.0, 200.0, 200.0, 200.0, 200.0, 200.0, 200.0, 200.0, 200.0, 200.0, 200.0, 200.0, 200.0, 200.0, 200.0, 200.0, 200.0, 200.0, 200.0, 200.0, 200.0, 200.0, 200.0, 200.0, 200.0, 200.0, 200.0, 200.0]",1,1008.82,-3.84087,0.053438,0.0633298,0.0,"[8.68897, 8.36404, 8.71325, 9.9149, 12.8316, 17.6821, 24.1822, 72.8411, 63.4063, 54.2251, 45.5829, 37.7782, 31.0597, 25.5478, 17.8515, 11.8269, 8.97909, 7.53873, 6.84166]",-0.115192,"[-4.69412, -1.60298, -2.10569, -2.14269]",0.347124
1.0,-0.257584,0.0,0.0,16.232,0.0,1942.82,-14.7396,93.9714,1,"[200.0, 200.0, 200.0, 200.0, 200.0, 200.0, 200.0, 200.0, 200.0, 200.0, 200.0, 200.0, 200.0, 200.0, 200.0, 200.0, 200.0, 200.0, 200.0, 200.0, 200.0, 200.0, 200.0, 200.0, 200.0, 200.0, 200.0, 200.0, 200.0, 200.0, 200.0, 200.0, 200.0, 200.0, 200.0, 200.0]",1,1025.82,-3.80741,0.0527877,0.0656232,0.0,"[8.69564, 8.36958, 8.71818, 9.91938, 12.8351, 17.682, 24.1675, 72.8717, 63.4347, 54.2502, 45.6037, 37.794, 31.0702, 25.5536, 17.851, 11.823, 8.97433, 7.53376, 6.83649]",-0.115933,"[-3.85175, -2.43739, -2.6895, -2.69323]",0.347172
1.0,-0.257908,0.0,0.0,16.254,0.0,1942.8,-14.7616,93.9714,1,"[200.0, 200.0, 200.0, 200.0, 200.0, 200.0, 200.0, 200.0, 200.0, 200.0, 200.0, 200.0, 200.0, 200.0, 200.0, 200.0, 200.0, 200.0, 200.0, 200.0, 200.0, 200.0, 200.0, 200.0, 200.0, 200.0, 200.0, 200.0, 200.0, 200.0, 200.0, 200.0, 200.0, 200.0, 200.0, 200.0]",1,1042.84,-3.69935,0.054384,0.0693668,0.0,"[8.70226, 8.3751, 8.72308, 9.92385, 12.8387, 17.6822, 24.1533, 72.9017, 63.4625, 54.2748, 45.624, 37.8093, 31.0804, 25.5592, 17.8504, 11.819, 8.96957, 7.52882, 6.83133]",-0.11667,"[-1.56668, -4.82296, -4.27835, -4.25317]",0.34721
1.0,-0.258282,0.0,0.0,16.276,0.0,1942.78,-14.7834,93.9714,1,"[200.0, 200.0, 200.0, 200.0, 200.0, 200.0, 200.0, 200.0, 200.0, 200.0, 200.0, 200.0, 200.0, 200.0, 200.0, 200.0, 200.0, 200.0, 200.0, 200.0, 200.0, 200.0, 200.0, 200.0, 200.0, 200.0, 200.0, 200.0, 200.0, 200.0, 200.0, 200.0, 200.0, 200.0, 200.0, 200.0]",1,942.478,-3.67054,0.0550893,0.0742589,0.0,"[8.70898, 8.38057, 8.72781, 9.92794, 12.8413, 17.6799, 24.1324, 72.9372, 63.4957, 54.3046, 45.6492, 37.8289, 31.0942, 25.5678, 17.8515, 11.8158, 8.96524, 7.52409, 6.82629]",-0.117402,"[-2.36138, -3.92403, -3.59234, -3.56421]",0.34724
1.0,-0.258693,0.0,0.0,16.298,0.0,1942.76,-14.804,93.9714,1,"[200.0, 200.0, 200.0, 200.0, 200.0, 200.0, 200.0, 200.0, 200.0, 200.0, 200.0, 200.0, 200.0, 200.0, 200.0, 200.0, 200.0, 200.0, 200.0, 200.0, 200.0, 200.0, 200.0, 200.0, 200.0, 200.0, 200.0, 200.0, 200.0, 200.0, 200.0, 200.0, 200.0, 200.0, 200.0, 200.0]",1,942.478,-3.28498,0.0559705,0.0786615,0.0,"[8.71548, 8.38575, 8.73212, 9.9314, 12.8428, 17.6752, 24.1051, 72.977, 63.5333, 54.3387, 45.6785, 37.8524, 31.1115, 25.5791, 17.8545, 11.8136, 8.96159, 7.51985, 6.82163]",-0.118094,"[-4.47431, -1.29969, -1.89385, -3.94931]",0.347283
1.0,-0.259024,0.0,0.0,16.32,0.0,1942.74,-14.8223,93.9714,1,"[200.0, 200.0, 200.0, 200.0, 200.0, 200.0, 200.0, 200.0, 200.0, 200.0, 200.0, 200.0, 200.0, 200.0, 200.0, 200.0, 200.0, 200.0, 200.0, 200.0, 200.0, 200.0, 200.0, 200.0, 200.0, 200.0, 200.0, 200.0, 200.0, 200.0, 200.0, 200.0, 200.0, 200.0, 200.0, 200.0]",1,942.478,-2.88742,0.0586756,0.0801069,0.0,"[8.72109, 8.39027, 8.73597, 9.93461, 12.8446, 17.6723, 24.085, 73.0088, 63.5632, 54.3656, 45.7015, 37.8705, 31.1244, 25.5874, 17.8562, 11.8114, 8.95818, 7.51603, 6.81751]",-0.118698,"[-3.33538, -1.83252, -2.71547, -1.14258]",0.347365
1.0,-0.259291,0.0,0.0,16.342,0.0,1942.72,-14.838,93.9714,1,"[200.0, 200.0, 200.0, 200.0, 200.0, 200.0, 200.0, 200.0, 200.0, 200.0, 200.0, 200.0, 200.0, 200.0, 200.0, 200.0, 200.0, 200.0, 200.0, 200.0, 200.0, 200.0, 200.0, 200.0, 200.0, 200.0, 200.0, 200.0, 200.0, 200.0, 200.0, 200.0, 200.0, 200.0, 200.0, 200.0]",1,942.478,-2.53646,0.0554531,0.078092,0.0,"[8.7259, 8.3942, 8.73936, 9.93754, 12.8465, 17.6708, 24.0704, 73.0341, 63.5869, 54.3868, 45.7194, 37.8846, 31.1343, 25.5935, 17.857, 11.8091, 8.95507, 7.51265, 6.81392]",-0.119222,"[-0.878776, -3.70884, -1.34505, 1.06881]",0.347472
1.0,-0.259569,0.0,0.0,16.364,0.0,1942.71,-14.8513,93.9714,1,"[200.0, 200.0, 200.0, 200.0, 200.0, 200.0, 200.0, 200.0, 200.0, 200.0, 200.0, 200.0, 200.0, 200.0, 200.0, 200.0, 200.0, 200.0, 200.0, 200.0, 200.0, 200.0, 200.0, 200.0, 200.0, 200.0, 200.0, 200.0, 200.0, 200.0, 200.0, 200.0, 200.0, 200.0, 200.0, 200.0]",1,942.478,-2.14474,0.0565641,0.0721705,0.0,"[8.73004, 8.39745, 8.74202, 9.93959, 12.8471, 17.667, 24.0509, 73.0613, 63.6127, 54.4103, 45.7397, 37.901, 31.1466, 25.6018, 17.8596, 11.808, 8.95292, 7.51007, 6.81103]",-0.119656,"[-1.27753, -2.53558, 1.97084, -1.0909]",0.347601
1.0,-0.259836,0.0,0.0,16.386,0.0,1942.7,-14.8623,93.9714,1,"[200.0, 200.0, 200.0, 200.0, 200.0, 200.0, 200.0, 200.0, 200.0, 200.0, 200.0, 200.0, 200.0, 200.0, 200.0, 200.0, 200.0, 200.0, 200.0, 200.0, 200.0, 200.0, 200.0, 200.0, 200.0, 200.0, 200.0, 200.0, 200.0, 200.0, 200.0, 200.0, 200.0, 200.0, 200.0, 200.0]",1,942.478,-1.7043,0.0551761,0.0624635,0.0,"[8.73347, 8.40005, 8.74402, 9.94091, 12.8468, 17.6618, 24.0295, 73.088, 63.6382, 54.4339, 45.7603, 37.918, 31.1596, 25.611, 17.8632, 11.8079, 8.95154, 7.50817, 6.80878]",-0.120004,"[-2.96892, 0.0386125, 1.9049, -1.91376]",0.347736
1.0,-0.260037,0.0,0.0,16.408,0.0,1942.69,-14.871,93.9714,1,"[200.0, 200.0, 200.0, 200.0, 200.0, 200.0, 200.0, 200.0, 200.0, 200.0, 200.0, 200.0, 200.0, 200.0, 200.0, 200.0, 200.0, 200.0, 200.0, 200.0, 200.0, 200.0, 200.0, 200.0, 200.0, 200.0, 200.0, 200.0, 200.0, 200.0, 200.0, 200.0, 200.0, 200.0, 200.0, 200.0]",1,942.478,-1.25919,0.0498661,0.0495515,0.0,"[8.73608, 8.40203, 8.74554, 9.94192, 12.8466, 17.6581, 24.0136, 73.108, 63.6573, 54.4514, 45.7757, 37.9307, 31.1693, 25.6178, 17.8658, 11.8078, 8.95048, 7.50672, 6.80708]",-0.120269,"[-1.82462, -0.435794, -1.37856, 0.3367]",0.34786
1.0,-0.260155,0.0,0.0,16.43,0.0,1942.68,-14.8772,93.9714,1,"[200.0, 200.0, 200.0, 200.0, 200.0, 200.0, 200.0, 200.0, 200.0, 200.0, 200.0, 200.0, 200.0, 200.0, 200.0, 200.0, 200.0, 200.0, 200.0, 200.0, 200.0, 200.0, 200.0, 200.0, 200.0, 200.0, 200.0, 200.0, 200.0, 200.0, 200.0, 200.0, 200.0, 200.0, 200.0, 200.0]",1,942.478,-0.811873,0.0531608,0.034619,0.0,"[8.7378, 8.40336, 8.74662, 9.94273, 12.8468, 17.6564, 24.0053, 73.1195, 63.6682, 54.4614, 45.7844, 37.9377, 31.1745, 25.6214, 17.867, 11.8074, 8.94963, 7.50568, 6.80589]",-0.120447,"[0.636671, -2.37804, -1.94591, 0.303641]",0.347966
1.0,-0.260301,0.0,0.0,16.452,0.0,1942.68,-14.881,93.9714,1,"[200.0, 200.0, 200.0, 200.0, 200.0, 200.0, 200.0, 200.0, 200.0, 200.0, 200.0, 200.0, 200.0, 200.0, 200.0, 200.0, 200.0, 200.0, 200.0, 200.0, 200.0, 200.0, 200.0, 200.0, 200.0, 200.0, 200.0, 200.0, 200.0, 200.0, 200.0, 200.0, 200.0, 200.0, 200.0, 200.0]",1,942.478,-0.403867,0.0493718,0.0183232,0.0,"[8.73892, 8.40406, 8.74697, 9.94259, 12.8454, 17.6517, 23.9899, 73.1348, 63.6831, 54.4754, 45.797, 37.9485, 31.1832, 25.628, 17.8704, 11.8085, 8.9498, 7.50544, 6.8054]",-0.120541,"[0.141243, -1.27394, 0.906425, -0.872622]",0.348045
1.0,-0.260413,0.0,0.0,16.474,0.0,1942.68,-14.8823,93.9714,1,"[200.0, 200.0, 200.0, 200.0, 200.0, 200.0, 200.0, 200.0, 200.0, 200.0, 200.0, 200.0, 200.0, 200.0, 200.0, 200.0, 200.0, 200.0, 200.0, 200.0, 200.0, 200.0, 200.0, 200.0, 200.0, 200.0, 200.0, 200.0, 200.0, 200.0, 200.0, 200.0, 200.0, 200.0, 200.0, 200.0]",1,942.478,-0.0199309,0.0410449,0.000929981,0.0,"[8.73924, 8.40409, 8.74669, 9.94184, 12.8435, 17.6468, 23.9756, 73.1469, 63.6951, 54.4868, 45.8076, 37.9579, 31.1911, 25.6343, 17.8741, 11.8101, 8.95063, 7.50584, 6.80557]",-0.120543,"[-2.31683, 1.41518, 2.71554, -0.649481]",0.348104
1.0,-0.260555,0.0,0.0,16.496,0.0,1942.68,-14.8812,93.9714,1,"[200.0, 200.0, 200.0, 200.0, 200.0, 200.0, 200.0, 200.0, 200.0, 200.0, 200.0, 200.0, 200.0, 200.0, 200.0, 200.0, 200.0, 200.0, 200.0, 200.0, 200.0, 200.0, 200.0, 200.0, 200.0, 200.0, 200.0, 200.0, 200.0, 200.0, 200.0, 200.0, 200.0, 200.0, 200.0, 200.0]",1,942.478,0.340439,0.0251862,-0.0146883,0.0,"[8.73909, 8.40358, 8.74578, 9.94026, 12.8402, 17.6391, 23.9545, 73.1628, 63.711, 54.5023, 45.8221, 37.9709, 31.2023, 25.6436, 17.88, 11.8131, 8.95237, 7.50696, 6.80633]",-0.120476,"[-2.5905, 0.45066, 3.40146, 1.24782]",0.34812
1.0,-0.260428,0.0,0.0,16.518,0.0,1942.68,-14.8778,93.9714,1,"[200.0, 200.0, 200.0, 200.0, 200.0, 200.0, 200.0, 200.0, 200.0, 200.0, 200.0, 200.0, 200.0, 200.0, 200.0, 200.0, 200.0, 200.0, 200.0, 200.0, 200.0, 200.0, 200.0, 200.0, 200.0, 200.0, 200.0, 200.0, 200.0, 200.0, 200.0, 200.0, 200.0, 200.0, 200.0, 200.0]",1,942.478,0.73654,0.0449203,-0.0280986,1.0,"[8.73768, 8.40255, 8.74504, 9.93987, 12.8407, 17.642, 23.9657, 73.15, 63.6987, 54.4909, 45.812, 37.9624, 31.1957, 25.6388, 17.8779, 11.8129, 8.95275, 7.50763, 6.80717]",-0.120339,"[-1.8255, -1.25803, 3.22441, 4.03782]",0.348109
1.0,-0.260782,0.0,0.0,16.54,0.0,1942.69,-14.8722,93.9714,1,"[200.0, 200.0, 200.0, 200.0, 200.0, 200.0, 200.0, 200.0, 200.0, 200.0, 200.0, 200.0, 200.0, 200.0, 200.0, 200.0, 200.0, 200.0, 200.0, 200.0, 200.0, 200.0, 200.0, 200.0, 200.0, 200.0, 200.0, 200.0, 200.0, 200.0, 200.0, 200.0, 200.0, 200.0, 200.0, 200.0]",1,942.478,1.1876,0.138119,-0.0447137,1.0,"[8.73651, 8.40052, 8.74197, 9.93499, 12.8312, 17.6209, 23.9098, 73.1903, 63.7391, 54.5305, 45.8494, 37.9965, 31.2253, 25.6635, 17.894, 11.8216, 8.95808, 7.51126, 6.80985]",-0.120068,"[1.19063, 0.0695267, 2.45623, 0.824497]",0.34813
1.0,-0.261636,0.0,0.0,16.562,0.0,1942.7,-14.8646,93.9714,1,"[200.0, 200.0, 200.0, 200.0, 200.0, 200.0, 200.0, 200.0, 200.0, 200.0, 200.0, 200.0, 200.0, 200.0, 200.0, 200.0, 200.0, 200.0, 200.0, 200.0, 200.0, 200.0, 200.0, 200.0, 200.0, 200.0, 200.0, 200.0, 200.0, 200.0, 200.0, 200.0, 200.0, 200.0, 200.0, 200.0]",1,942.478,1.57218,0.258053,-0.0667453,1.0,"[8.73528, 8.39716, 8.73616, 9.92508, 12.8109, 17.5741, 23.7845, 73.2862, 63.835, 54.6238, 45.9372, 38.0756, 31.2934, 25.7197, 17.9299, 11.8402, 8.96894, 7.51834, 6.81471]",-0.119621,"[0.622318, 2.71119, 2.38007, 0.280402]",0.348194
1.0,-0.262611,0.0,0.0,16.584,0.0,1942.71,-14.8549,93.9714,1,"[200.0, 200.0, 200.0, 200.0, 200.0, 200.0, 200.0, 200.0, 200.0, 200.0, 200.0, 200.0, 200.0, 200.0, 200.0, 200.0, 200.0, 200.0, 200.0, 200.0, 200.0, 200.0, 200.0, 200.0, 200.0, 200.0, 200.0, 200.0, 200.0, 200.0, 200.0, 200.0, 200.0, 200.0, 200.0, 200.0]",1,942.478,1.93328,0.268769,-0.0900846,0.0,"[8.73327, 8.39273, 8.72892, 9.91307, 12.7869, 17.5196, 23.6416, 73.3963, 63.9453, 54.7313, 46.0385, 38.1672, 31.3726, 25.7855, 17.9721, 11.8623, 8.98216, 7.52709, 6.8209]",-0.119031,"[3.06709, 2.11339, 1.26231, 3.16253]",0.348235
1.0,-0.263313,0.0,0.0,16.606,0.0,1942.72,-14.8427,93.9714,1,"[200.0, 200.0, 200.0, 200.0, 200.0, 200.0, 200.0, 200.0, 200.0, 200.0, 200.0, 200.0, 200.0, 200.0, 200.0, 200.0, 200.0, 200.0, 200.0, 200.0, 200.0, 200.0, 200.0, 200.0, 200.0, 200.0, 200.0, 200.0, 200.0, 200.0, 200.0, 200.0, 200.0, 200.0, 200.0, 200.0]",1,942.478,2.32547,0.205138,-0.105972,0.0,"[8.73009, 8.38788, 8.72197, 9.90242, 12.7668, 17.4761, 23.5324, 73.4771, 64.0268, 54.8113, 46.1146, 38.2368, 31.4335, 25.8367, 18.0061, 11.8811, 8.99387, 7.53527, 6.82706]",-0.118383,"[2.60789, 0.234503, 2.77631, 5.07669]",0.348178
1.0,-0.263517,0.0,0.0,16.628,0.0,1942.73,-14.8278,93.9714,1,"[200.0, 200.0, 200.0, 200.0, 200.0, 200.0, 200.0, 200.0, 200.0, 200.0, 200.0, 200.0, 200.0, 200.0, 200.0, 200.0, 200.0, 200.0, 200.0, 200.0, 200.0, 200.0, 200.0, 200.0, 200.0, 200.0, 200.0, 200.0, 200.0, 200.0, 200.0, 200.0, 200.0, 200.0, 200.0, 200.0]",1,942.478,2.73423,0.066559,-0.11085,0.0,"[8.72551, 8.38299, 8.71632, 9.89512, 12.7553, 17.4545, 23.484, 73.5037, 64.0547, 54.84, 46.1432, 38.2643, 31.4591, 25.8596, 18.0232, 11.8922, 9.00184, 7.54156, 6.83244]",-0.117731,"[0.860806, 1.42339, 4.91956, 4.37851]",0.348019
1.0,-0.263471,0.0,0.0,16.65,0.0,1942.75,-14.8105,93.9714,1,"[200.0, 200.0, 200.0, 200.0, 200.0, 200.0, 200.0, 200.0, 200.0, 200.0, 200.0, 200.0, 200.0, 200.0, 200.0, 200.0, 200.0, 200.0, 200.0, 200.0, 200.0, 200.0, 200.0, 200.0, 200.0, 200.0, 200.0, 200.0, 200.0, 200.0, 200.0, 200.0, 200.0, 200.0, 200.0, 200.0]",1,942.478,3.14949,0.0398912,-0.109166,0.0,"[8.72005, 8.37789, 8.71111, 9.88926, 12.7476, 17.4432, 23.4644, 73.5035, 64.056, 54.8432, 46.1484, 38.2712, 31.4673, 25.8687, 18.0323, 11.8998, 9.00817, 7.54712, 6.83762]",-0.11705,"[1.78996, 3.9191, 2.88007, 4.96709]",0.347831
1.0,-0.263215,0.0,0.0,16.672,0.0,1942.77,-14.7909,93.9714,1,"[200.0, 200.0, 200.0, 200.0, 200.0, 200.0, 200.0, 200.0, 200.0, 200.0, 200.0, 200.0, 200.0, 200.0, 200.0, 200.0, 200.0, 200.0, 200.0, 200.0, 200.0, 200.0, 200.0, 200.0, 200.0, 200.0, 200.0, 200.0, 200.0, 200.0, 200.0, 200.0, 200.0, 200.0, 200.0, 200.0]",1,942.478,3.47736,0.0541864,-0.107547,0.0,"[8.71342, 8.3722, 8.70584, 9.88412, 12.7426, 17.4394, 23.4671, 73.4808, 64.0355, 54.8256, 46.1345, 38.2616, 31.462, 25.867, 18.0354, 11.9051, 9.01365, 7.55252, 6.84305]",-0.116291,"[4.11154, 3.48914, 6.1213, 3.61671]",0.347667
1.0,-0.262982,0.0,0.0,16.694,0.0,1942.79,-14.7689,93.9714,1,"[200.0, 200.0, 200.0, 200.0, 200.0, 200.0, 200.0, 200.0, 200.0, 200.0, 200.0, 200.0, 200.0, 200.0, 200.0, 200.0, 200.0, 200.0, 200.0, 200.0, 200.0, 200.0, 200.0, 200.0, 200.0, 200.0, 200.0, 200.0, 200.0, 200.0, 200.0, 200.0, 200.0, 200.0, 200.0, 200.0]",1,942.478,3.97,0.0527139,-0.106586,0.0,"[8.70614, 8.36585, 8.69983, 9.87802, 12.7361, 17.4329, 23.4638, 73.4613, 64.0183, 54.8115, 46.1241, 38.2553, 31.4598, 25.8682, 18.0407, 11.9118, 9.02016, 7.55875, 6.84919]",-0.115445,"[3.70946, 1.63849, 5.10156, 2.6729]",0.347523
1.0,-0.262743,0.0,0.0,16.716,0.0,1942.82,-14.7448,93.9714,1,"[200.0, 200.0, 200.0, 200.0, 200.0, 200.0, 200.0, 200.0, 200.0, 200.0, 200.0, 200.0, 200.0, 200.0, 200.0, 200.0, 200.0, 200.0, 200.0, 200.0, 200.0, 200.0, 200.0, 200.0, 200.0, 200.0, 200.0, 200.0, 200.0, 200.0, 200.0, 200.0, 200.0, 200.0, 200.0, 200.0]",1,942.478,4.39434,0.0537492,-0.106247,0.0,"[8.69822, 8.35888, 8.69318, 9.87121, 12.7286, 17.4251, 23.4581, 73.4418, 64.0013, 54.7977, 46.1142, 38.2499, 31.4585, 25.8705, 18.0471, 11.9194, 9.02744, 7.56564, 6.85596]",-0.114516,"[2.11034, 2.79993, 5.08818, 3.78972]",0.347379
1.0,-0.262485,0.0,0.0,16.738,0.0,1942.84,-14.7181,93.9714,1,"[200.0, 200.0, 200.0, 200.0, 200.0, 200.0, 200.0, 200.0, 200.0, 200.0, 200.0, 200.0, 200.0, 200.0, 200.0, 200.0, 200.0, 200.0, 200.0, 200.0, 200.0, 200.0, 200.0, 200.0, 200.0, 200.0, 200.0, 200.0, 200.0, 200.0, 200.0, 200.0, 200.0, 200.0, 200.0, 200.0]",1,942.478,4.74771,0.0526452,-0.106668,0.0,"[8.68962, 8.35131, 8.68596, 9.86383, 12.7205, 17.4165, 23.4518, 73.4207, 63.9829, 54.7829, 46.1037, 38.244, 31.4573, 25.873, 18.054, 11.9277, 9.03535, 7.57314, 6.86332]",-0.113507,"[3.20826, 5.28134, 3.33171, 6.39709]",0.347227
1.0,-0.262088,0.0,0.0,16.76,0.0,1942.87,-14.6892,93.9714,1,"[200.0, 200.0, 200.0, 200.0, 200.0, 200.0, 200.0, 200.0, 200.0, 200.0, 200.0, 200.0, 200.0, 200.0, 200.0, 200.0, 200.0, 200.0, 200.0, 200.0, 200.0, 200.0, 200.0, 200.0, 200.0, 200.0, 200.0, 200.0, 200.0, 200.0, 200.0, 200.0, 200.0, 200.0, 200.0, 200.0]",1,942.478,5.11108,0.0525931,-0.108856,0.0,"[8.67998, 8.34311, 8.67845, 9.85659, 12.7137, 17.4123, 23.459, 73.3851, 63.9504, 54.7548, 46.0812, 38.2279, 31.4476, 25.8691, 18.0576, 11.9349, 9.04302, 7.5808, 6.87109]",-0.112414,"[5.48739, 4.84098, 4.63955, 5.7929]",0.347067
1.0,-0.261718,0.0,0.0,16.782,0.0,1942.9,-14.658,93.9714,1,"[200.0, 200.0, 200.0, 200.0, 200.0, 200.0, 200.0, 200.0, 200.0, 200.0, 200.0, 200.0, 200.0, 200.0, 200.0, 200.0, 200.0, 200.0, 200.0, 200.0, 200.0, 200.0, 200.0, 200.0, 200.0, 200.0, 200.0, 200.0, 200.0, 200.0, 200.0, 200.0, 200.0, 200.0, 200.0, 200.0]",1,942.478,5.55116,0.0546297,-0.113279,0.0,"[8.66978, 8.33428, 8.67021, 9.84843, 12.7054, 17.4053, 23.4599, 73.3531, 63.9216, 54.7305, 46.0624, 38.2153, 31.4413, 25.8682, 18.0633, 11.9434, 9.0517, 7.58927, 6.87955]",-0.111238,"[5.08686, 3.08254, 7.00223, 3.9578]",0.3469
1.0,-0.261352,0.0,0.0,16.804,0.0,1942.94,-14.6244,93.9714,1,"[200.0, 200.0, 200.0, 200.0, 200.0, 200.0, 200.0, 200.0, 200.0, 200.0, 200.0, 200.0, 200.0, 200.0, 200.0, 200.0, 200.0, 200.0, 200.0, 200.0, 200.0, 200.0, 200.0, 200.0, 200.0, 200.0, 200.0, 200.0, 200.0, 200.0, 200.0, 200.0, 200.0, 200.0, 200.0, 200.0]",1,942.478,5.9835,0.055105,-0.12159,0.0,"[8.65894, 8.32484, 8.66131, 9.83946, 12.696, 17.3965, 23.4573, 73.322, 63.8941, 54.7075, 46.0451, 38.2044, 31.4366, 25.8689, 18.0705, 11.9531, 9.06124, 7.59844, 6.88865]",-0.109978,"[3.54634, 4.2368, 6.05013, 5.36868]",0.346735
1.0,-0.260908,0.0,0.0,16.826,0.0,1942.97,-14.5885,93.9714,1,"[200.0, 200.0, 200.0, 200.0, 200.0, 200.0, 200.0, 200.0, 200.0, 200.0, 200.0, 200.0, 200.0, 200.0, 200.0, 200.0, 200.0, 200.0, 200.0, 200.0, 200.0, 200.0, 200.0, 200.0, 200.0, 200.0, 200.0, 200.0, 200.0, 200.0, 200.0, 200.0, 200.0, 200.0, 200.0, 200.0]",1,942.478,6.343,0.0563814,-0.135652,0.0,"[8.64725, 8.31479, 8.65199, 9.83032, 12.6869, 17.3894, 23.461, 73.2832, 63.859, 54.6776, 46.0216, 38.1882, 31.4278, 25.8665, 18.0762, 11.9625, 9.07095, 7.60798, 6.89825]",-0.108639,"[4.65122, 6.6114, 4.5192, 7.48833]",0.346585
1.0,-0.26038,0.0,0.0,16.848,0.0,1943.01,-14.5503,93.9714,1,"[200.0, 200.0, 200.0, 200.0, 200.0, 200.0, 200.0, 200.0, 200.0, 200.0, 200.0, 200.0, 200.0, 200.0, 200.0, 200.0, 200.0, 200.0, 200.0, 200.0, 200.0, 200.0, 200.0, 200.0, 200.0, 200.0, 200.0, 200.0, 200.0, 200.0, 200.0, 200.0, 200.0, 200.0, 200.0, 200.0]",1,942.478,6.70695,0.056834,-0.156883,0.0,"[8.63471, 8.30413, 8.64223, 9.82096, 12.6782, 17.3844, 23.4719, 73.2357, 63.8156, 54.6399, 45.9913, 38.1664, 31.4145, 25.8608, 18.0804, 11.9716, 9.08083, 7.6179, 6.90835]",-0.107215,"[6.82071, 6.15024, 6.02251, 6.73978]",0.346468
1.0,-0.259853,0.0,0.0,16.87,0.0,1943.05,-14.5098,93.9714,1,"[200.0, 200.0, 200.0, 200.0, 200.0, 200.0, 200.0, 200.0, 200.0, 200.0, 200.0, 200.0, 200.0, 200.0, 200.0, 200.0, 200.0, 200.0, 200.0, 200.0, 200.0, 200.0, 200.0, 200.0, 200.0, 200.0, 200.0, 200.0, 200.0, 200.0, 200.0, 200.0, 200.0, 200.0, 200.0, 200.0]",1,942.478,7.13933,0.0568106,-0.18679,0.0,"[8.62155, 8.29286, 8.63186, 9.81089, 12.6685, 17.3777, 23.4799, 73.189, 63.773, 54.6034, 45.9623, 38.1459, 31.4027, 25.8565, 18.0859, 11.9817, 9.09148, 7.62849, 6.91905]",-0.105713,"[6.41291, 4.57308, 8.13352, 5.34726]",0.346404
1.0,-0.259329,0.0,0.0,16.892,0.0,1943.09,-14.4669,93.9714,1,"[200.0, 200.0, 200.0, 200.0, 200.0, 200.0, 200.0, 200.0, 200.0, 200.0, 200.0, 200.0, 200.0, 200.0, 200.0, 200.0, 200.0, 200.0, 200.0, 200.0, 200.0, 200.0, 200.0, 200.0, 200.0, 200.0, 200.0, 200.0, 200.0, 200.0, 200.0, 200.0, 200.0, 200.0, 200.0, 200.0]",1,957.159,7.56509,0.057419,-0.22588,0.0,"[8.60779, 8.28101, 8.62083, 9.80005, 12.6577, 17.3693, 23.4844, 73.1432, 63.7318, 54.5682, 45.9347, 38.127, 31.3924, 25.8538, 18.0927, 11.9928, 9.10294, 7.63977, 6.93038]",-0.10413,"[5.02277, 5.72174, 7.33836, 6.7743]",0.34641
1.0,-0.258724,0.0,0.0,16.914,0.0,1943.14,-14.4218,93.9714,1,"[200.0, 200.0, 200.0, 200.0, 200.0, 200.0, 200.0, 200.0, 200.0, 200.0, 200.0, 200.0, 200.0, 200.0, 200.0, 200.0, 200.0, 200.0, 200.0, 200.0, 200.0, 200.0, 200.0, 200.0, 200.0, 200.0, 200.0, 200.0, 200.0, 200.0, 200.0, 200.0, 200.0, 200.0, 200.0, 200.0]",1,1004.01,7.9289,0.0585366,-0.27286,0.0,"[8.59317, 8.26855, 8.60939, 9.78904, 12.6474, 17.3629, 23.496, 73.0892, 63.6825, 54.5256, 45.9006, 38.1026, 31.3778, 25.8479, 18.098, 12.0036, 9.11455, 7.6514, 6.9422]",-0.102467,"[6.12953, 7.86855, 6.04451, 8.80503]",0.3465
1.0,-0.258035,0.0,0.0,16.936,0.0,1943.19,-14.3741,93.9713,1,"[200.0, 200.0, 200.0, 200.0, 200.0, 200.0, 200.0, 200.0, 200.0, 200.0, 200.0, 200.0, 200.0, 200.0, 200.0, 200.0, 200.0, 200.0, 200.0, 200.0, 200.0, 200.0, 200.0, 200.0, 200.0, 200.0, 200.0, 200.0, 200.0, 200.0, 200.0, 200.0, 200.0, 200.0, 200.0, 200.0]",1,1056.4,8.30847,0.058878,-0.325198,0.0,"[8.57775, 8.25549, 8.59755, 9.77785, 12.6374, 17.3585, 23.5151, 73.0266, 63.6251, 54.4754, 45.8598, 38.0725, 31.3588, 25.8386, 18.1017, 12.0141, 9.12628, 7.66336, 6.9545]",-0.100723,"[8.09868, 7.42018, 7.54543, 8.08025]",0.346678
1.0,-0.257342,0.0,0.0,16.958,0.0,1943.24,-14.3241,93.9713,1,"[200.0, 200.0, 200.0, 200.0, 200.0, 200.0, 200.0, 200.0, 200.0, 200.0, 200.0, 200.0, 200.0, 200.0, 200.0, 200.0, 200.0, 200.0, 200.0, 200.0, 200.0, 200.0, 200.0, 200.0, 200.0, 200.0, 200.0, 200.0, 200.0, 200.0, 200.0, 200.0, 200.0, 200.0, 200.0, 200.0]",1,1104.77,8.75666,0.0581234,-0.378362,0.0,"[8.56166, 8.24183, 8.58507, 9.76593, 12.6264, 17.3527, 23.5315, 72.9645, 63.5682, 54.4259, 45.8198, 38.0435, 31.3409, 25.8306, 18.1065, 12.0255, 9.13878, 7.67601, 6.96742]",-0.0988973,"[7.67144, 6.07983, 9.50633, 6.82168]",0.34693
1.0,-0.256647,0.0,0.0,16.98,0.0,1943.29,-14.2717,93.9712,1,"[200.0, 200.0, 200.0, 200.0, 200.0, 200.0, 200.0, 200.0, 200.0, 200.0, 200.0, 200.0, 200.0, 200.0, 200.0, 200.0, 200.0, 200.0, 200.0, 200.0, 200.0, 200.0, 200.0, 200.0, 200.0, 200.0, 200.0, 200.0, 200.0, 200.0, 200.0, 200.0, 200.0, 200.0, 200.0, 200.0]",1,1151.69,9.19567,0.0574779,-0.425689,0.0,"[8.54498, 8.22758, 8.57199, 9.75332, 12.6145, 17.3454, 23.5457, 72.9025, 63.5117, 54.3772, 45.7808, 38.0156, 31.3242, 25.8237, 18.1125, 12.0377, 9.15202, 7.68928, 6.98094]",-0.096994,"[6.57831, 7.25632, 8.79031, 8.25228]",0.347222
1.0,-0.255861,0.0,0.0,17.002,0.0,1943.34,-14.2169,93.9711,1,"[200.0, 200.0, 200.0, 200.0, 200.0, 200.0, 200.0, 200.0, 200.0, 200.0, 200.0, 200.0, 200.0, 200.0, 200.0, 200.0, 200.0, 200.0, 200.0, 200.0, 200.0, 200.0, 200.0, 200.0, 200.0, 200.0, 200.0, 200.0, 200.0, 200.0, 200.0, 200.0, 200.0, 200.0, 200.0, 200.0]",1,1201.7,9.5596,0.0565765,-0.459414,0.0,"[8.52744, 8.21272, 8.55851, 9.74056, 12.6032, 17.3404, 23.5681, 72.8314, 63.4465, 54.3202, 45.7344, 37.9815, 31.3026, 25.8132, 18.1167, 12.0496, 9.16535, 7.70289, 6.99493]",-0.0950083,"[8.79198, 9.23773, 7.5126, 10.268]",0.347508
1.0,-0.255045,0.0,0.0,17.024,0.0,1943.4,-14.1594,93.971,1,"[200.0, 200.0, 200.0, 200.0, 200.0, 200.0, 200.0, 200.0, 200.0, 200.0, 200.0, 200.0, 200.0, 200.0, 200.0, 200.0, 200.0, 200.0, 200.0, 200.0, 200.0, 200.0, 200.0, 200.0, 200.0, 200.0, 200.0, 200.0, 200.0, 200.0, 200.0, 200.0, 200.0, 200.0, 200.0, 200.0]",1,1252.06,10.0153,0.0569881,-0.472011,0.0,"[8.50919, 8.19728, 8.54446, 9.72725, 12.5912, 17.3351, 23.5915, 72.7578, 63.3789, 54.2613, 45.6866, 37.9464, 31.2804, 25.8025, 18.1211, 12.0619, 9.17923, 7.71706, 7.0095]",-0.0929423,"[7.15636, 8.58382, 8.92555, 9.57528]",0.347735
1.0,-0.254168,0.0,0.0,17.046,0.0,1943.46,-14.0997,93.9709,1,"[200.0, 200.0, 200.0, 200.0, 200.0, 200.0, 200.0, 200.0, 200.0, 200.0, 200.0, 200.0, 200.0, 200.0, 200.0, 200.0, 200.0, 200.0, 200.0, 200.0, 200.0, 200.0, 200.0, 200.0, 200.0, 200.0, 200.0, 200.0, 200.0, 200.0, 200.0, 200.0, 200.0, 200.0, 200.0, 200.0]",1,1426.16,10.3924,0.0605079,-0.432515,0.0,"[8.49021, 8.18124, 8.52996, 9.71364, 12.5793, 17.331, 23.62, 72.6781, 63.3057, 54.1972, 45.6342, 37.9075, 31.2553, 25.7897, 18.1246, 12.0743, 9.19338, 7.73164, 7.02457]",-0.0907969,"[9.89376, 8.46873, 12.4583, 8.34723]",0.347881
1.0,-0.25329,0.0,0.0,17.068,0.0,1943.52,-14.0372,93.9708,1,"[200.0, 200.0, 200.0, 200.0, 200.0, 200.0, 200.0, 200.0, 200.0, 200.0, 200.0, 200.0, 200.0, 200.0, 200.0, 200.0, 200.0, 200.0, 200.0, 200.0, 200.0, 200.0, 200.0, 200.0, 200.0, 200.0, 200.0, 200.0, 200.0, 200.0, 200.0, 200.0, 200.0, 200.0, 200.0, 200.0]",1,1350.11,10.8511,0.0573203,-0.414487,0.0,"[8.47057, 8.16459, 8.5148, 9.69927, 12.5664, 17.3252, 23.6459, 72.599, 63.2332, 54.134, 45.5829, 37.8699, 31.2316, 25.7783, 18.1294, 12.0876, 9.20834, 7.74692, 7.0403]",-0.0885671,"[7.94329, 10.6757, 10.2776, 9.72098]",0.34796
1.0,-0.252348,0.0,0.0,17.09,0.0,1943.59,-13.9723,93.9707,1,"[200.0, 200.0, 200.0, 200.0, 200.0, 200.0, 200.0, 200.0, 200.0, 200.0, 200.0, 200.0, 200.0, 200.0, 200.0, 200.0, 200.0, 200.0, 200.0, 200.0, 200.0, 200.0, 200.0, 200.0, 200.0, 200.0, 200.0, 200.0, 200.0, 200.0, 200.0, 200.0, 200.0, 200.0, 200.0, 200.0]",1,1401.91,11.2968,0.0578205,-0.384094,0.0,"[8.45019, 8.14737, 8.4992, 9.6846, 12.5536, 17.3207, 23.6772, 72.5136, 63.1548, 54.0654, 45.527, 37.8285, 31.2049, 25.7647, 18.1334, 12.1009, 9.22355, 7.76259, 7.0565]",-0.08626,"[10.7411, 8.67021, 9.04355, 11.6815]",0.347754
1.0,-0.251394,0.0,0.0,17.112,0.0,1943.66,-13.9048,93.9707,1,"[200.0, 200.0, 200.0, 200.0, 200.0, 200.0, 200.0, 200.0, 200.0, 200.0, 200.0, 200.0, 200.0, 200.0, 200.0, 200.0, 200.0, 200.0, 200.0, 200.0, 200.0, 200.0, 200.0, 200.0, 200.0, 200.0, 200.0, 200.0, 200.0, 200.0, 200.0, 200.0, 200.0, 200.0, 200.0, 200.0]",1,1456.92,11.7482,0.0589542,-0.344574,0.0,"[8.42919, 8.12955, 8.48301, 9.66929, 12.54, 17.3151, 23.7077, 72.4276, 63.0758, 53.9966, 45.4711, 37.7873, 31.1787, 25.7519, 18.138, 12.1148, 9.23939, 7.77887, 7.07331]",-0.0838735,"[8.41396, 9.87317, 10.406, 11.0863]",0.347316
1.0,-0.250387,0.0,0.0,17.134,0.0,1943.73,-13.8346,93.9706,1,"[200.0, 200.0, 200.0, 200.0, 200.0, 200.0, 200.0, 200.0, 200.0, 200.0, 200.0, 200.0, 200.0, 200.0, 200.0, 200.0, 200.0, 200.0, 200.0, 200.0, 200.0, 200.0, 200.0, 200.0, 200.0, 200.0, 200.0, 200.0, 200.0, 200.0, 200.0, 200.0, 200.0, 200.0, 200.0, 200.0]",1,1504.06,12.1203,0.0572031,-0.304221,0.0,"[8.40745, 8.11116, 8.46633, 9.65358, 12.5262, 17.3102, 23.7423, 72.3367, 62.9924, 53.9237, 45.4116, 37.7434, 31.1505, 25.7375, 18.1422, 12.129, 9.25563, 7.7956, 7.09064]",-0.0814077,"[11.7846, 11.735, 12.4614, 9.81139]",0.346798
1.0,-0.249364,0.0,0.0,17.156,0.0,1943.8,-13.7618,93.9705,1,"[200.0, 200.0, 200.0, 200.0, 200.0, 200.0, 200.0, 200.0, 200.0, 200.0, 200.0, 200.0, 200.0, 200.0, 200.0, 200.0, 200.0, 200.0, 200.0, 200.0, 200.0, 200.0, 200.0, 200.0, 200.0, 200.0, 200.0, 200.0, 200.0, 200.0, 200.0, 200.0, 200.0, 200.0, 200.0, 200.0]",1,1550.97,12.663,0.0587483,-0.27753,0.0,"[8.38506, 8.09216, 8.44905, 9.63724, 12.5117, 17.3045, 23.7766, 72.2445, 62.9079, 53.8502, 45.3519, 37.6994, 31.1225, 25.7237, 18.147, 12.1438, 9.27249, 7.81295, 7.10857]",-0.0788595,"[9.35384, 9.29779, 11.699, 11.216]",0.346406
1.0,-0.248338,0.0,0.0,17.178,0.0,1943.87,-13.6863,93.9704,1,"[200.0, 200.0, 200.0, 200.0, 200.0, 200.0, 200.0, 200.0, 200.0, 200.0, 200.0, 200.0, 200.0, 200.0, 200.0, 200.0, 200.0, 200.0, 200.0, 200.0, 200.0, 200.0, 200.0, 200.0, 200.0, 200.0, 200.0, 200.0, 200.0, 200.0, 200.0, 200.0, 200.0, 200.0, 200.0, 200.0]",1,1602.38,13.04,0.0617176,-0.276518,0.0,"[8.36207, 8.07257, 8.43115, 9.62015, 12.4962, 17.2972, 23.8084, 72.1528, 62.8242, 53.7776, 45.2932, 37.6567, 31.0959, 25.7111, 18.153, 12.1595, 9.29009, 7.83094, 7.12711]",-0.0762319,"[10.9776, 11.7162, 10.7193, 12.9442]",0.346313
0.0,-0.24726,0.0,0.0,17.2,0.0,1943.95,-13.6095,93.9704,1,"[200.0, 200.0, 200.0, 200.0, 200.0, 200.0, 200.0, 200.0, 200.0, 200.0, 200.0, 200.0, 200.0, 200.0, 200.0, 200.0, 200.0, 200.0, 200.0, 200.0, 200.0, 200.0, 200.0, 200.0, 200.0, 200.0, 200.0, 200.0, 200.0, 200.0, 200.0, 200.0, 200.0, 200.0, 200.0, 200.0]",1,1379.77,13.1066,0.0598404,-0.326459,0.0,"[8.33868, 8.05271, 8.41309, 9.60306, 12.481, 17.2914, 23.8466, 72.056, 62.7355, 53.7002, 45.2305, 37.6106, 31.0665, 25.6965, 18.1579, 12.1748, 9.30765, 7.84903, 7.14585]",-0.0735667,"[12.5185, 10.6601, 11.9377, 10.02]",0.346335
0.0,-0.24624,0.0,0.0,17.222,0.0,1944.03,-13.5325,93.9704,1,"[200.0, 200.0, 200.0, 200.0, 200.0, 200.0, 200.0, 200.0, 200.0, 200.0, 200.0, 200.0, 200.0, 200.0, 200.0, 200.0, 200.0, 200.0, 200.0, 200.0, 200.0, 200.0, 200.0, 200.0, 200.0, 200.0, 200.0, 200.0, 200.0, 200.0, 200.0, 200.0, 200.0, 200.0, 200.0, 200.0]",1,1568.87,13.1006,0.0632186,-0.327635,0.0,"[8.31551, 8.03291, 8.39492, 9.58563, 12.4649, 17.2832, 23.8775, 71.9653, 62.6528, 53.6289, 45.1732, 37.5692, 31.041, 25.6849, 18.1645, 12.1909, 9.32555, 7.86729, 7.16463]",-0.0709076,"[9.69191, 11.2007, 10.8955, 11.9564]",0.346833
0.0,-0.245121,0.0,0.0,17.244,0.0,1944.1,-13.4554,93.9704,1,"[200.0, 200.0, 200.0, 200.0, 200.0, 200.0, 200.0, 200.0, 200.0, 200.0, 200.0, 200.0, 200.0, 200.0, 200.0, 200.0, 200.0, 200.0, 200.0, 200.0, 200.0, 200.0, 200.0, 200.0, 200.0, 200.0, 200.0, 200.0, 200.0, 200.0, 200.0, 200.0, 200.0, 200.0, 200.0, 200.0]",1,1499.66,13.0911,0.0660797,-0.355024,0.0,"[8.29222, 8.01321, 8.3771, 9.56897, 12.4507, 17.2797, 23.9237, 71.8642, 62.5599, 53.5476, 45.1068, 37.5197, 31.0087, 25.6678, 18.1677, 12.2053, 9.34256, 7.88507, 7.18317]",-0.0682597,"[12.294, 11.5273, 10.4897, 11.7074]",0.347537
0.0,-0.243989,0.0,0.0,17.266,0.0,1944.18,-13.3783,93.9704,1,"[200.0, 200.0, 200.0, 200.0, 200.0, 200.0, 200.0, 200.0, 200.0, 200.0, 200.0, 200.0, 200.0, 200.0, 200.0, 200.0, 200.0, 200.0, 200.0, 200.0, 200.0, 200.0, 200.0, 200.0, 200.0, 200.0, 200.0, 200.0, 200.0, 200.0, 200.0, 200.0, 200.0, 200.0, 200.0, 200.0]",1,1499.62,13.1728,0.0660935,-0.391583,0.0,"[8.26898, 7.99357, 8.35938, 9.55243, 12.4367, 17.2769, 23.9729, 71.7618, 62.4658, 53.4652, 45.0394, 37.4694, 30.9756, 25.6501, 18.1704, 12.2195, 9.3594, 7.90272, 7.20163]",-0.0656189,"[9.6593, 9.27261, 12.1885, 9.97141]",0.348064
0.0,-0.242934,0.0,0.0,17.288,0.0,1944.26,-13.3011,93.9704,1,"[200.0, 200.0, 200.0, 200.0, 200.0, 200.0, 200.0, 200.0, 200.0, 200.0, 200.0, 200.0, 200.0, 200.0, 200.0, 200.0, 200.0, 200.0, 200.0, 200.0, 200.0, 200.0, 200.0, 200.0, 200.0, 200.0, 200.0, 200.0, 200.0, 200.0, 200.0, 200.0, 200.0, 200.0, 200.0, 200.0]",1,1515.6,13.0853,0.0634911,-0.417004,0.0,"[8.24605, 7.97403, 8.34153, 9.53546, 12.4215, 17.2708, 24.0126, 71.6676, 62.3797, 53.3904, 44.9789, 37.4251, 30.9476, 25.6363, 18.1755, 12.2346, 9.37668, 7.92055, 7.22012]",-0.0629903,"[11.0987, 13.204, 11.4898, 10.8656]",0.348137
0.0,-0.241808,0.0,0.0,17.31,0.0,1944.34,-13.2238,93.9704,1,"[200.0, 200.0, 200.0, 200.0, 200.0, 200.0, 200.0, 200.0, 200.0, 200.0, 200.0, 200.0, 200.0, 200.0, 200.0, 200.0, 200.0, 200.0, 200.0, 200.0, 200.0, 200.0, 200.0, 200.0, 200.0, 200.0, 200.0, 200.0, 200.0, 200.0, 200.0, 200.0, 200.0, 200.0, 200.0, 200.0]",1,1491.96,13.1702,0.0637624,-0.417978,0.0,"[8.22304, 7.95459, 8.32396, 9.51907, 12.4076, 17.2682, 24.0639, 71.5658, 62.2862, 53.3088, 44.9121, 37.3753, 30.9149, 25.6187, 18.178, 12.2485, 9.39332, 7.93803, 7.23842]",-0.0603719,"[11.1085, 9.36748, 9.94142, 11.7073]",0.347704
0.0,-0.240699,0.0,0.0,17.332,0.0,1944.41,-13.1465,93.9704,1,"[200.0, 200.0, 200.0, 200.0, 200.0, 200.0, 200.0, 200.0, 200.0, 200.0, 200.0, 200.0, 200.0, 200.0, 200.0, 200.0, 200.0, 200.0, 200.0, 200.0, 200.0, 200.0, 200.0, 200.0, 200.0, 200.0, 200.0, 200.0, 200.0, 200.0, 200.0, 200.0, 200.0, 200.0, 200.0, 200.0]",1,1504.74,13.1194,0.0622783,-0.395313,0.0,"[8.20021, 7.93523, 8.30645, 9.50267, 12.3936, 17.2651, 24.1144, 71.466, 62.1947, 53.2287, 44.8468, 37.3268, 30.8832, 25.6019, 18.181, 12.2625, 9.40992, 7.95543, 7.25665]",-0.0577657,"[10.1601, 12.6977, 12.3803, 9.95327]",0.346933
0.0,-0.239566,0.0,0.0,17.354,0.0,1944.49,-13.069,93.9704,1,"[200.0, 200.0, 200.0, 200.0, 200.0, 200.0, 200.0, 200.0, 200.0, 200.0, 200.0, 200.0, 200.0, 200.0, 200.0, 200.0, 200.0, 200.0, 200.0, 200.0, 200.0, 200.0, 200.0, 200.0, 200.0, 200.0, 200.0, 200.0, 200.0, 200.0, 200.0, 200.0, 200.0, 200.0, 200.0, 200.0]",1,1507.57,13.1498,0.0659112,-0.3613,0.0,"[8.17743, 7.91597, 8.28906, 9.48648, 12.3801, 17.2633, 24.1702, 71.3636, 62.1007, 53.1465, 44.7795, 37.2764, 30.8499, 25.5837, 18.183, 12.276, 9.42625, 7.97268, 7.27477]",-0.0551697,"[12.5902, 9.29047, 11.9175, 10.334]",0.346141
0.0,-0.238474,0.0,0.0,17.376,0.0,1944.57,-12.9915,93.9704,1,"[200.0, 200.0, 200.0, 200.0, 200.0, 200.0, 200.0, 200.0, 200.0, 200.0, 200.0, 200.0, 200.0, 200.0, 200.0, 200.0, 200.0, 200.0, 200.0, 200.0, 200.0, 200.0, 200.0, 200.0, 200.0, 200.0, 200.0, 200.0, 200.0, 200.0, 200.0, 200.0, 200.0, 200.0, 200.0, 200.0]",1,1496.1,13.154,0.0669756,-0.330427,0.0,"[8.15484, 7.89678, 8.27163, 9.47009, 12.366, 17.2598, 24.2212, 71.2658, 62.0111, 53.0685, 44.716, 37.2295, 30.8194, 25.5677, 18.1863, 12.29, 9.44279, 7.98999, 7.29288]",-0.0525818,"[9.45836, 12.0975, 9.74803, 12.3715]",0.345681
0.0,-0.237332,0.0,0.0,17.398,0.0,1944.65,-12.9139,93.9704,1,"[200.0, 200.0, 200.0, 200.0, 200.0, 200.0, 200.0, 200.0, 200.0, 200.0, 200.0, 200.0, 200.0, 200.0, 200.0, 200.0, 200.0, 200.0, 200.0, 200.0, 200.0, 200.0, 200.0, 200.0, 200.0, 200.0, 200.0, 200.0, 200.0, 200.0, 200.0, 200.0, 200.0, 200.0, 200.0, 200.0]",1,1494.89,13.1337,0.0671696,-0.320476,0.0,"[8.13223, 7.87767, 8.25441, 9.45411, 12.3528, 17.2588, 24.2818, 71.1625, 61.9162, 52.9854, 44.648, 37.1784, 30.7855, 25.5489, 18.1878, 12.3031, 9.45884, 8.00703, 7.31084]",-0.0500031,"[12.3538, 10.8532, 10.3313, 11.8815]",0.345805
0.0,-0.236181,0.0,0.0,17.42,0.0,1944.72,-12.8363,93.9704,1,"[200.0, 200.0, 200.0, 200.0, 200.0, 200.0, 200.0, 200.0, 200.0, 200.0, 200.0, 200.0, 200.0, 200.0, 200.0, 200.0, 200.0, 200.0, 200.0, 200.0, 200.0, 200.0, 200.0, 200.0, 200.0, 200.0, 200.0, 200.0, 200.0, 200.0, 200.0, 200.0, 200.0, 200.0, 200.0, 200.0]",1,1500.95,13.1711,0.0673906,-0.342344,0.0,"[8.10971, 7.85867, 8.23729, 9.43828, 12.3399, 17.2585, 24.3459, 71.0585, 61.8206, 52.9017, 44.5793, 37.1268, 30.7511, 25.5296, 18.1889, 12.3159, 9.47471, 8.02394, 7.32873]",-0.0474345,"[11.2143, 9.94628, 12.3922, 9.86313]",0.34654
0.0,-0.235127,0.0,0.0,17.442,0.0,1944.8,-12.7585,93.9704,1,"[200.0, 200.0, 200.0, 200.0, 200.0, 200.0, 200.0, 200.0, 200.0, 200.0, 200.0, 200.0, 200.0, 200.0, 200.0, 200.0, 200.0, 200.0, 200.0, 200.0, 200.0, 200.0, 200.0, 200.0, 200.0, 200.0, 200.0, 200.0, 200.0, 200.0, 200.0, 200.0, 200.0, 200.0, 200.0, 200.0]",1,1505.43,13.1579,0.0693659,-0.399199,0.0,"[8.0875, 7.83971, 8.21997, 9.42186, 12.3254, 17.2538, 24.3959, 70.9649, 61.7352, 52.8277, 44.5195, 37.083, 30.7231, 25.5155, 18.193, 12.33, 9.49121, 8.04115, 7.34667]",-0.0448761,"[9.63274, 12.4219, 11.7732, 10.5042]",0.347659
0.0,-0.233991,0.0,0.0,17.464,0.0,1944.88,-12.6808,93.9704,1,"[200.0, 200.0, 200.0, 200.0, 200.0, 200.0, 200.0, 200.0, 200.0, 200.0, 200.0, 200.0, 200.0, 200.0, 200.0, 200.0, 200.0, 200.0, 200.0, 200.0, 200.0, 200.0, 200.0, 200.0, 200.0, 200.0, 200.0, 200.0, 200.0, 200.0, 200.0, 200.0, 200.0, 200.0, 200.0, 200.0]",1,1502.45,13.1681,0.0672522,-0.475238,0.0,"[8.06522, 7.82086, 8.20298, 9.40606, 12.3124, 17.2532, 24.4614, 70.8626, 61.6413, 52.7456, 44.4523, 37.0326, 30.6896, 25.4969, 18.1943, 12.3428, 9.50696, 8.05792, 7.36442]",-0.0423279,"[12.3866, 9.6481, 9.98571, 12.2961]",0.348747
0.0,-0.232888,0.0,0.0,17.486,0.0,1944.96,-12.603,93.9704,1,"[200.0, 200.0, 200.0, 200.0, 200.0, 200.0, 200.0, 200.0, 200.0, 200.0, 200.0, 200.0, 200.0, 200.0, 200.0, 200.0, 200.0, 200.0, 200.0, 200.0, 200.0, 200.0, 200.0, 200.0, 200.0, 200.0, 200.0, 200.0, 200.0, 200.0, 200.0, 200.0, 200.0, 200.0, 200.0, 200.0]",1,1508.9,13.1721,0.0611423,-0.541292,0.0,"[8.04317, 7.80213, 8.18599, 9.39019, 12.299, 17.2515, 24.5239, 70.7638, 61.5508, 52.6667, 44.388, 36.9848, 30.6582, 25.4798, 18.1965, 12.3559, 9.52279, 8.07471, 7.3821]",-0.0397949,"[9.78167, 11.9175, 10.8657, 11.4715]",0.349369
0.0,-0.231783,0.0,0.0,17.508,0.0,1945.04,-12.525,93.9704,1,"[200.0, 200.0, 200.0, 200.0, 200.0, 200.0, 200.0, 200.0, 200.0, 200.0, 200.0, 200.0, 200.0, 200.0, 200.0, 200.0, 200.0, 200.0, 200.0, 200.0, 200.0, 200.0, 200.0, 200.0, 200.0, 200.0, 200.0, 200.0, 200.0, 200.0, 200.0, 200.0, 200.0, 200.0, 200.0, 200.0]",1,1512.35,13.1873,0.0622162,-0.571097,0.0,"[8.02121, 7.78349, 8.16911, 9.37442, 12.2858, 17.25, 24.5888, 70.6649, 61.4602, 52.5877, 44.3236, 36.9368, 30.6266, 25.4626, 18.1984, 12.3688, 9.53849, 8.09138, 7.3997]",-0.0372732,"[11.3383, 9.98112, 12.3337, 9.98256]",0.349248
0.0,-0.230721,0.0,0.0,17.53,0.0,1945.11,-12.4471,93.9704,1,"[200.0, 200.0, 200.0, 200.0, 200.0, 200.0, 200.0, 200.0, 200.0, 200.0, 200.0, 200.0, 200.0, 200.0, 200.0, 200.0, 200.0, 200.0, 200.0, 200.0, 200.0, 200.0, 200.0, 200.0, 200.0, 200.0, 200.0, 200.0, 200.0, 200.0, 200.0, 200.0, 200.0, 200.0, 200.0, 200.0]",1,1502.88,13.1596,0.0600267,-0.549598,0.0,"[7.99948, 7.76495, 8.1522, 9.35846, 12.2719, 17.2469, 24.6485, 70.5705, 61.374, 52.513, 44.2631, 36.8922, 30.5978, 25.4475, 18.2015, 12.3821, 9.55438, 8.10808, 7.41724]",-0.0347646,"[10.9186, 12.701, 10.0981, 12.2155]",0.348336
0.0,-0.229561,0.0,0.0,17.552,0.0,1945.19,-12.369,93.9704,1,"[200.0, 200.0, 200.0, 200.0, 200.0, 200.0, 200.0, 200.0, 200.0, 200.0, 200.0, 200.0, 200.0, 200.0, 200.0, 200.0, 200.0, 200.0, 200.0, 200.0, 200.0, 200.0, 200.0, 200.0, 200.0, 200.0, 200.0, 200.0, 200.0, 200.0, 200.0, 200.0, 200.0, 200.0, 200.0, 200.0]",1,1496.46,13.2098,0.0625218,-0.478706,0.0,"[7.97763, 7.74651, 8.13563, 9.34321, 12.2599, 17.2486, 24.7278, 70.4658, 61.2779, 52.4287, 44.1939, 36.84, 30.5626, 25.4273, 18.2014, 12.3939, 9.56944, 8.12436, 7.43459]",-0.0322642,"[10.4269, 9.52919, 10.3048, 11.9211]",0.34685
0.0,-0.228418,0.0,0.0,17.574,0.0,1945.27,-12.2909,93.9704,1,"[200.0, 200.0, 200.0, 200.0, 200.0, 200.0, 200.0, 200.0, 200.0, 200.0, 200.0, 200.0, 200.0, 200.0, 200.0, 200.0, 200.0, 200.0, 200.0, 200.0, 200.0, 200.0, 200.0, 200.0, 200.0, 200.0, 200.0, 200.0, 200.0, 200.0, 200.0, 200.0, 200.0, 200.0, 200.0, 200.0]",1,1504.75,13.1303,0.066519,-0.371994,0.0,"[7.95594, 7.72816, 8.11912, 9.32799, 12.2477, 17.2498, 24.807, 70.363, 61.1835, 52.3462, 44.1263, 36.7892, 30.5284, 25.4078, 18.2017, 12.4058, 9.58447, 8.14057, 7.45186]",-0.029777,"[12.6431, 13.1469, 12.5635, 9.7882]",0.345202
0.0,-0.227289,0.0,0.0,17.596,0.0,1945.35,-12.2126,93.9704,1,"[200.0, 200.0, 200.0, 200.0, 200.0, 200.0, 200.0, 200.0, 200.0, 200.0, 200.0, 200.0, 200.0, 200.0, 200.0, 200.0, 200.0, 200.0, 200.0, 200.0, 200.0, 200.0, 200.0, 200.0, 200.0, 200.0, 200.0, 200.0, 200.0, 200.0, 200.0, 200.0, 200.0, 200.0, 200.0, 200.0]",1,1505.45,13.2449,0.0663153,-0.255029,0.0,"[7.93435, 7.70988, 8.10261, 9.3127, 12.2353, 17.2505, 24.8866, 70.2617, 61.0906, 52.2651, 44.06, 36.7394, 30.4952, 25.389, 18.2023, 12.4177, 9.59954, 8.15678, 7.4691]",-0.0272959,"[9.52397, 9.27981, 12.0925, 10.1621]",0.343898
0.0,-0.226164,0.0,0.0,17.618,0.0,1945.43,-12.1345,93.9704,1,"[200.0, 200.0, 200.0, 200.0, 200.0, 200.0, 200.0, 200.0, 200.0, 200.0, 200.0, 200.0, 200.0, 200.0, 200.0, 200.0, 200.0, 200.0, 200.0, 200.0, 200.0, 200.0, 200.0, 200.0, 200.0, 200.0, 200.0, 200.0, 200.0, 200.0, 200.0, 200.0, 200.0, 200.0, 200.0, 200.0]",1,1501.79,13.1248,0.0647978,-0.156196,0.0,"[7.91292, 7.69171, 8.08622, 9.29751, 12.2231, 17.2513, 24.9682, 70.1609, 60.9983, 52.1846, 43.9941, 36.6901, 30.4622, 25.3704, 18.2029, 12.4296, 9.61449, 8.17287, 7.48624]",-0.0248301,"[12.8714, 12.6579, 9.70259, 12.5209]",0.343356
0.0,-0.225013,0.0,0.0,17.64,0.0,1945.5,-12.0563,93.9704,1,"[200.0, 200.0, 200.0, 200.0, 200.0, 200.0, 200.0, 200.0, 200.0, 200.0, 200.0, 200.0, 200.0, 200.0, 200.0, 200.0, 200.0, 200.0, 200.0, 200.0, 200.0, 200.0, 200.0, 200.0, 200.0, 200.0, 200.0, 200.0, 200.0, 200.0, 200.0, 200.0, 200.0, 200.0, 200.0, 200.0]",1,1495.24,13.2226,0.0686288,-0.103272,0.0,"[7.89153, 7.67361, 8.06996, 9.28257, 12.2113, 17.2537, 25.0583, 70.0574, 60.9033, 52.1015, 43.926, 36.6387, 30.4275, 25.3503, 18.2026, 12.4409, 9.62913, 8.18879, 7.50327]",-0.0223724,"[10.662, 10.6017, 10.277, 11.9367]",0.343778
0.0,-0.223843,0.0,0.0,17.662,0.0,1945.58,-11.9779,93.9704,1,"[200.0, 200.0, 200.0, 200.0, 200.0, 200.0, 200.0, 200.0, 200.0, 200.0, 200.0, 200.0, 200.0, 200.0, 200.0, 200.0, 200.0, 200.0, 200.0, 200.0, 200.0, 200.0, 200.0, 200.0, 200.0, 200.0, 200.0, 200.0, 200.0, 200.0, 200.0, 200.0, 200.0, 200.0, 200.0, 200.0]",1,1508.82,13.1832,0.0660521,-0.113393,0.0,"[7.87021, 7.65563, 8.05383, 9.26785, 12.2, 17.2573, 25.1559, 69.952, 60.8065, 52.0167, 43.8562, 36.5859, 30.3916, 25.3292, 18.2015, 12.4519, 9.64353, 8.20453, 7.5202]",-0.0199259,"[11.1439, 10.8951, 12.3913, 9.92485]",0.345037
0.0,-0.222745,0.0,0.0,17.684,0.0,1945.66,-11.8995,93.9704,1,"[200.0, 200.0, 200.0, 200.0, 200.0, 200.0, 200.0, 200.0, 200.0, 200.0, 200.0, 200.0, 200.0, 200.0, 200.0, 200.0, 200.0, 200.0, 200.0, 200.0, 200.0, 200.0, 200.0, 200.0, 200.0, 200.0, 200.0, 200.0, 200.0, 200.0, 200.0, 200.0, 200.0, 200.0, 200.0, 200.0]",1,1508.3,13.1605,0.0656112,-0.180752,0.0,"[7.84916, 7.63773, 8.03761, 9.25273, 12.1876, 17.2577, 25.2426, 69.8541, 60.717, 51.9388, 43.7929, 36.5387, 30.3603, 25.3117, 18.2025, 12.4637, 9.65832, 8.22044, 7.53712]",-0.0174927,"[12.4092, 12.5548, 11.6231, 10.7165]",0.34674
0.0,-0.221634,0.0,0.0,17.706,0.0,1945.74,-11.821,93.9704,1,"[200.0, 200.0, 200.0, 200.0, 200.0, 200.0, 200.0, 200.0, 200.0, 200.0, 200.0, 200.0, 200.0, 200.0, 200.0, 200.0, 200.0, 200.0, 200.0, 200.0, 200.0, 200.0, 200.0, 200.0, 200.0, 200.0, 200.0, 200.0, 200.0, 200.0, 200.0, 200.0, 200.0, 200.0, 200.0, 200.0]",1,1543.83,13.2416,0.0658134,-0.283104,0.0,"[7.82817, 7.6199, 8.02148, 9.23777, 12.1756, 17.2588, 25.3356, 69.7551, 60.6264, 51.8599, 43.7286, 36.4905, 30.3282, 25.2935, 18.203, 12.4752, 9.67293, 8.23623, 7.55398]",-0.0150675,"[9.85118, 9.44248, 10.1223, 12.0937]",0.34838
0.0,-0.220509,0.0,0.0,17.728,0.0,1945.82,-11.7426,93.9704,1,"[200.0, 200.0, 200.0, 200.0, 200.0, 200.0, 200.0, 200.0, 200.0, 200.0, 200.0, 200.0, 200.0, 200.0, 200.0, 200.0, 200.0, 200.0, 200.0, 200.0, 200.0, 200.0, 200.0, 200.0, 200.0, 200.0, 200.0, 200.0, 200.0, 200.0, 200.0, 200.0, 200.0, 200.0, 200.0, 200.0]",1,1515.15,13.1562,0.0650774,-0.388696,0.0,"[7.80731, 7.6022, 8.00551, 9.22303, 12.1639, 17.2611, 25.436, 69.6545, 60.5343, 51.7796, 43.6629, 36.4412, 30.295, 25.2745, 18.2029, 12.4863, 9.68729, 8.25184, 7.57069]",-0.0126577,"[12.2674, 12.6208, 12.2942, 10.2529]",0.349482
0.0,-0.219409,0.0,0.0,17.75,0.0,1945.9,-11.6639,93.9704,1,"[200.0, 200.0, 200.0, 200.0, 200.0, 200.0, 200.0, 200.0, 200.0, 200.0, 200.0, 200.0, 200.0, 200.0, 200.0, 200.0, 200.0, 200.0, 200.0, 200.0, 200.0, 200.0, 200.0, 200.0, 200.0, 200.0, 200.0, 200.0, 200.0, 200.0, 200.0, 200.0, 200.0, 200.0, 200.0, 200.0]",1,1428.82,13.2758,0.0631883,-0.469248,0.0,"[7.78661, 7.58459, 7.98956, 9.20822, 12.1519, 17.2625, 25.5351, 69.5566, 60.4449, 51.7018, 43.5995, 36.3939, 30.2634, 25.2566, 18.2033, 12.4977, 9.70168, 8.26742, 7.58736]",-0.01026,"[10.7381, 9.33844, 10.5185, 10.8826]",0.349782
0.0,-0.218292,0.0,0.0,17.772,0.0,1945.97,-11.5853,93.9704,1,"[200.0, 200.0, 200.0, 200.0, 200.0, 200.0, 200.0, 200.0, 200.0, 200.0, 200.0, 200.0, 200.0, 200.0, 200.0, 200.0, 200.0, 200.0, 200.0, 200.0, 200.0, 200.0, 200.0, 200.0, 200.0, 200.0, 200.0, 200.0, 200.0, 200.0, 200.0, 200.0, 200.0, 200.0, 200.0, 200.0]",1,1538.14,13.1842,0.0604561,-0.509324,0.0,"[7.76598, 7.56707, 7.97377, 9.19363, 12.1404, 17.2651, 25.6429, 69.4569, 60.3537, 51.6224, 43.5346, 36.3452, 30.2306, 25.2377, 18.2031, 12.5086, 9.71584, 8.28284, 7.6039]",-0.00787354,"[11.1038, 11.4164, 10.7337, 11.9754]",0.34927
0.0,-0.217142,0.0,0.0,17.794,0.0,1946.05,-11.5066,93.9704,1,"[200.0, 200.0, 200.0, 200.0, 200.0, 200.0, 200.0, 200.0, 200.0, 200.0, 200.0, 200.0, 200.0, 200.0, 200.0, 200.0, 200.0, 200.0, 200.0, 200.0, 200.0, 200.0, 200.0, 200.0, 200.0, 200.0, 200.0, 200.0, 200.0, 200.0, 200.0, 200.0, 200.0, 200.0, 200.0, 200.0]",1,1508.12,13.2001,0.0627714,-0.505927,0.0,"[7.74541, 7.54968, 7.95816, 9.17938, 12.1296, 17.2695, 25.7638, 69.354, 60.2593, 51.5398, 43.4669, 36.294, 30.1958, 25.2171, 18.2018, 12.5189, 9.72961, 8.29803, 7.62031]",-0.00550028,"[12.8413, 10.8306, 12.465, 9.96902]",0.348176
0.0,-0.216036,0.0,0.0,17.816,0.0,1946.13,-11.4279,93.9704,1,"[200.0, 200.0, 200.0, 200.0, 200.0, 200.0, 200.0, 200.0, 200.0, 200.0, 200.0, 200.0, 200.0, 200.0, 200.0, 200.0, 200.0, 200.0, 200.0, 200.0, 200.0, 200.0, 200.0, 200.0, 200.0, 200.0, 200.0, 200.0, 200.0, 200.0, 200.0, 200.0, 200.0, 200.0, 200.0, 200.0]",1,1514.05,13.2316,0.0648209,-0.467875,0.0,"[7.72502, 7.53234, 7.94248, 9.16486, 12.1181, 17.272, 25.8795, 69.2556, 60.1694, 51.4617, 43.4032, 36.2462, 30.1638, 25.1988, 18.2017, 12.5298, 9.74364, 8.31332, 7.63673]",-0.00313416,"[9.60786, 11.0004, 11.9887, 10.3552]",0.346904
0.0,-0.214948,0.0,0.0,17.838,0.0,1946.21,-11.349,93.9704,1,"[200.0, 200.0, 200.0, 200.0, 200.0, 200.0, 200.0, 200.0, 200.0, 200.0, 200.0, 200.0, 200.0, 200.0, 200.0, 200.0, 200.0, 200.0, 200.0, 200.0, 200.0, 200.0, 200.0, 200.0, 200.0, 200.0, 200.0, 200.0, 200.0, 200.0, 200.0, 200.0, 200.0, 200.0, 200.0, 200.0]",1,1509.7,13.1699,0.068238,-0.394392,0.0,"[7.70477, 7.51509, 7.92684, 9.15034, 12.1064, 17.2739, 25.9965, 69.1593, 60.0815, 51.3853, 43.3411, 36.1998, 30.1328, 25.1812, 18.202, 12.5407, 9.75767, 8.32857, 7.65307]",-0.00078125,"[12.1094, 12.8469, 9.84032, 12.5383]",0.345922
0.0,-0.213757,0.0,0.0,17.86,0.0,1946.29,-11.2701,93.9704,1,"[200.0, 200.0, 200.0, 200.0, 200.0, 200.0, 200.0, 200.0, 200.0, 200.0, 200.0, 200.0, 200.0, 200.0, 200.0, 200.0, 200.0, 200.0, 200.0, 200.0, 200.0, 200.0, 200.0, 200.0, 200.0, 200.0, 200.0, 200.0, 200.0, 200.0, 200.0, 200.0, 200.0, 200.0, 200.0, 200.0]",1,1498.31,13.2482,0.0709948,-0.363971,0.0,"[7.6844, 7.49795, 7.91156, 9.13659, 12.0966, 17.2813, 26.148, 69.0521, 59.983, 51.299, 43.2699, 36.1457, 30.0954, 25.1584, 18.199, 12.5501, 9.77085, 8.34336, 7.6692]",0.00156555,"[11.0315, 9.71838, 10.2646, 12.0007]",0.345471
0.0,-0.212626,0.0,0.0,17.882,0.0,1946.37,-11.1913,93.9704,1,"[200.0, 200.0, 200.0, 200.0, 200.0, 200.0, 200.0, 200.0, 200.0, 200.0, 200.0, 200.0, 200.0, 200.0, 200.0, 200.0, 200.0, 200.0, 200.0, 200.0, 200.0, 200.0, 200.0, 200.0, 200.0, 200.0, 200.0, 200.0, 200.0, 200.0, 200.0, 200.0, 200.0, 200.0, 200.0, 200.0]",1,1511.24,13.1874,0.066173,-0.339518,0.0,"[7.66428, 7.48088, 7.89619, 9.12251, 12.0859, 17.286, 26.2914, 68.9512, 59.8908, 51.2186, 43.2042, 36.0961, 30.0617, 25.1385, 18.1978, 12.5602, 9.78436, 8.35827, 7.68535]",0.00389913,"[11.0583, 12.5988, 12.5149, 9.88929]",0.345538
0.0,-0.211475,0.0,0.0,17.904,0.0,1946.45,-11.1123,93.9704,1,"[200.0, 200.0, 200.0, 200.0, 200.0, 200.0, 200.0, 200.0, 200.0, 200.0, 200.0, 200.0, 200.0, 200.0, 200.0, 200.0, 200.0, 200.0, 200.0, 200.0, 200.0, 200.0, 200.0, 200.0, 200.0, 200.0, 200.0, 200.0, 200.0, 200.0, 200.0, 200.0, 200.0, 200.0, 200.0, 200.0]",1,1508.57,13.209,0.0679275,-0.326727,0.0,"[7.64425, 7.46393, 7.881, 9.1087, 12.0757, 17.2921, 26.4499, 68.8484, 59.7966, 51.1363, 43.1366, 36.045, 30.0267, 25.1175, 18.1958, 12.5698, 9.79756, 8.37299, 7.70136]",0.00621948,"[12.9901, 10.7406, 11.8904, 10.444]",0.346036
0.0,-0.210332,0.0,0.0,17.926,0.0,1946.53,-11.0332,93.9704,1,"[200.0, 200.0, 200.0, 200.0, 200.0, 200.0, 200.0, 200.0, 200.0, 200.0, 200.0, 200.0, 200.0, 200.0, 200.0, 200.0, 200.0, 200.0, 200.0, 200.0, 200.0, 200.0, 200.0, 200.0, 200.0, 200.0, 200.0, 200.0, 200.0, 200.0, 200.0, 200.0, 200.0, 200.0, 200.0, 200.0]",1,1512.21,13.2674,0.0691664,-0.295688,0.0,"[7.62432, 7.44706, 7.86585, 9.0949, 12.0655, 17.2981, 26.6166, 68.7464, 59.7032, 51.0549, 43.07, 35.9946, 29.9922, 25.0969, 18.1939, 12.5794, 9.81074, 8.38766, 7.71732]",0.00853068,"[9.66896, 9.25959, 9.92845, 12.3771]",0.346745
0.0,-0.209224,0.0,0.0,17.948,0.0,1946.61,-10.9542,93.9704,1,"[200.0, 200.0, 200.0, 200.0, 200.0, 200.0, 200.0, 200.0, 200.0, 200.0, 200.0, 200.0, 200.0, 200.0, 200.0, 200.0, 200.0, 200.0, 200.0, 200.0, 200.0, 200.0, 200.0, 200.0, 200.0, 200.0, 200.0, 200.0, 200.0, 200.0, 200.0, 200.0, 200.0, 200.0, 200.0, 200.0]",1,1523.15,13.1736,0.0645707,-0.32086,0.0,"[7.60458, 7.43028, 7.85071, 9.08098, 12.0548, 17.3026, 26.7835, 68.6481, 59.6135, 50.9769, 43.0063, 35.9468, 29.9599, 25.078, 18.1929, 12.5894, 9.82403, 8.40234, 7.7332]",0.0108276,"[12.1908, 12.6213, 10.7519, 11.7676]",0.347312
0.0,-0.208068,0.0,0.0,17.97,0.0,1946.69,-10.8751,93.9704,1,"[200.0, 200.0, 200.0, 200.0, 200.0, 200.0, 200.0, 200.0, 200.0, 200.0, 200.0, 200.0, 200.0, 200.0, 200.0, 200.0, 200.0, 200.0, 200.0, 200.0, 200.0, 200.0, 200.0, 200.0, 200.0, 200.0, 200.0, 200.0, 200.0, 200.0, 200.0, 200.0, 200.0, 200.0, 200.0, 200.0]",1,1504.2,13.2614,0.0638384,-0.345912,0.0,"[7.58489, 7.41363, 7.8358, 9.0675, 12.0451, 17.31, 26.9806, 68.5449, 59.5189, 50.8942, 42.9385, 35.8953, 29.9244, 25.0565, 18.1903, 12.5985, 9.83684, 8.41674, 7.74894]",0.0131124,"[11.1963, 9.53327, 12.325, 9.95652]",0.347252
0.0,-0.206994,0.0,0.0,17.992,0.0,1946.76,-10.796,93.9704,1,"[200.0, 200.0, 200.0, 200.0, 200.0, 200.0, 200.0, 200.0, 200.0, 200.0, 200.0, 200.0, 200.0, 200.0, 200.0, 200.0, 200.0, 200.0, 200.0, 200.0, 200.0, 200.0, 200.0, 200.0, 200.0, 200.0, 200.0, 200.0, 200.0, 200.0, 200.0, 200.0, 200.0, 200.0, 200.0, 200.0]",1,1502.96,13.2168,0.0651057,-0.352192,0.0,"[7.56543, 7.39702, 7.82074, 9.05352, 12.034, 17.3134, 27.1627, 68.4503, 59.4328, 50.8196, 42.878, 35.8501, 29.8941, 25.0391, 18.1901, 12.6087, 9.85016, 8.43137, 7.76473]",0.015387,"[9.60863, 12.6983, 11.8627, 10.4807]",0.34649
0.0,-0.205839,0.0,0.0,18.014,0.0,1946.84,-10.7169,93.9704,1,"[200.0, 200.0, 200.0, 200.0, 200.0, 200.0, 200.0, 200.0, 200.0, 200.0, 200.0, 200.0, 200.0, 200.0, 200.0, 200.0, 200.0, 200.0, 200.0, 200.0, 200.0, 200.0, 200.0, 200.0, 200.0, 200.0, 200.0, 200.0, 200.0, 200.0, 200.0, 200.0, 200.0, 200.0, 200.0, 200.0]",1,1509.35,13.2192,0.065624,-0.325968,0.0,"[7.54598, 7.38057, 7.80604, 9.04025, 12.0246, 17.3215, 27.3948, 68.3473, 59.3384, 50.7372, 42.8103, 35.7988, 29.8587, 25.0175, 18.1872, 12.6175, 9.86272, 8.44555, 7.78027]",0.0176463,"[12.7739, 10.677, 9.94011, 12.4931]",0.345254
0.0,-0.20469,0.0,0.0,18.036,0.0,1946.92,-10.6376,93.9704,1,"[200.0, 200.0, 200.0, 200.0, 200.0, 200.0, 200.0, 200.0, 200.0, 200.0, 200.0, 200.0, 200.0, 200.0, 200.0, 200.0, 200.0, 200.0, 200.0, 200.0, 200.0, 200.0, 200.0, 200.0, 200.0, 200.0, 200.0, 200.0, 200.0, 200.0, 200.0, 200.0, 200.0, 200.0, 200.0, 200.0]",1,1504.5,13.2428,0.0664296,-0.271585,0.0,"[7.52662, 7.3642, 7.79139, 9.02702, 12.0153, 17.3296, 27.6497, 68.2448, 59.2446, 50.6554, 42.7432, 35.7479, 29.8237, 24.9961, 18.1844, 12.6263, 9.87523, 8.45967, 7.79577]",0.0198964,"[9.58042, 11.4669, 10.2985, 12.0033]",0.344012
0.0,-0.203504,0.0,0.0,18.058,0.0,1947.0,-10.5583,93.9704,1,"[200.0, 200.0, 200.0, 200.0, 200.0, 200.0, 200.0, 200.0, 200.0, 200.0, 200.0, 200.0, 200.0, 200.0, 200.0, 200.0, 200.0, 200.0, 200.0, 200.0, 200.0, 200.0, 200.0, 200.0, 200.0, 200.0, 200.0, 200.0, 200.0, 200.0, 200.0, 200.0, 200.0, 200.0, 200.0, 200.0]",1,1512.63,13.2176,0.0627312,-0.2053,0.0,"[7.50734, 7.34795, 7.77694, 9.01415, 12.0067, 17.3401, 27.9561, 68.1386, 59.1472, 50.5702, 42.673, 35.6943, 29.7863, 24.9729, 18.1804, 12.6344, 9.88734, 8.47356, 7.81111]",0.0221334,"[11.8767, 10.9658, 12.5711, 9.91019]",0.34328
0.0,-0.20235,0.0,0.0,18.08,0.0,1947.08,-10.479,93.9704,1,"[200.0, 200.0, 200.0, 200.0, 200.0, 200.0, 200.0, 200.0, 200.0, 200.0, 200.0, 200.0, 200.0, 200.0, 200.0, 200.0, 200.0, 200.0, 200.0, 200.0, 200.0, 200.0, 200.0, 200.0, 200.0, 200.0, 200.0, 200.0, 200.0, 200.0, 200.0, 200.0, 200.0, 200.0, 200.0, 200.0]",1,1529.72,13.2483,0.0627382,-0.152056,0.0,"[7.48823, 7.3318, 7.76252, 9.00118, 11.9977, 17.3493, 28.2935, 68.0358, 59.0532, 50.4882, 42.6057, 35.643, 29.7508, 24.9511, 18.1772, 12.6428, 9.89954, 8.48744, 7.82639]",0.0243561,"[10.2723, 10.6621, 11.9437, 10.5043]",0.343438
0.0,-0.201248,0.0,0.0,18.102,0.0,1947.16,-10.3997,93.9704,1,"[200.0, 200.0, 200.0, 200.0, 200.0, 200.0, 200.0, 200.0, 200.0, 200.0, 200.0, 200.0, 200.0, 200.0, 200.0, 200.0, 200.0, 200.0, 200.0, 200.0, 200.0, 200.0, 200.0, 200.0, 200.0, 200.0, 200.0, 200.0, 200.0, 200.0, 200.0, 200.0, 200.0, 200.0, 200.0, 200.0]",1,1500.1,13.2047,0.0647803,-0.13224,0.0,"[7.46932, 7.31572, 7.74803, 8.98795, 11.988, 17.3561, 28.6628, 67.9384, 58.9643, 50.411, 42.5427, 35.5956, 29.7185, 24.9318, 18.1753, 12.6519, 9.91202, 8.50142, 7.84167]",0.0265676,"[11.0956, 12.8359, 9.8483, 12.2454]",0.344594
0.0,-0.200045,0.0,0.0,18.124,0.0,1947.24,-10.3203,93.9704,1,"[200.0, 200.0, 200.0, 200.0, 200.0, 200.0, 200.0, 200.0, 200.0, 200.0, 200.0, 200.0, 200.0, 200.0, 200.0, 200.0, 200.0, 200.0, 200.0, 200.0, 200.0, 200.0, 200.0, 200.0, 200.0, 200.0, 200.0, 200.0, 200.0, 200.0, 200.0, 200.0, 200.0, 200.0, 200.0, 200.0]",1,1483.56,13.2343,0.0682978,-0.156048,0.0,"[7.45034, 7.29978, 7.73392, 8.9755, 11.9802, 17.3687, 29.2249, 67.8305, 58.8654, 50.3243, 42.4712, 35.5409, 29.68, 24.9075, 18.1704, 12.6593, 9.92366, 8.51494, 7.85672]",0.0287689,"[12.8421, 9.62033, 10.6145, 11.6177]",0.346534
0.0,-0.198951,0.0,0.0,18.146,0.0,1947.32,-10.2408,93.9704,1,"[200.0, 200.0, 200.0, 200.0, 200.0, 200.0, 200.0, 200.0, 200.0, 200.0, 200.0, 200.0, 200.0, 200.0, 200.0, 200.0, 200.0, 200.0, 200.0, 200.0, 200.0, 200.0, 200.0, 200.0, 200.0, 200.0, 200.0, 200.0, 200.0, 200.0, 200.0, 200.0, 200.0, 200.0, 200.0, 200.0]",1,1530.63,13.2188,0.0617591,-0.223367,0.0,"[7.43167, 7.28388, 7.71958, 8.96241, 11.9705, 17.3757, 29.9703, 67.7341, 58.7776, 50.248, 42.409, 35.4941, 29.6481, 24.8884, 18.1685, 12.6682, 9.93596, 8.52875, 7.87184]",0.030957,"[9.76445, 12.6485, 12.3279, 10.2889]",0.348763
0.0,-0.197843,0.0,0.0,18.168,0.0,1947.4,-10.1614,93.9704,1,"[200.0, 200.0, 200.0, 200.0, 200.0, 200.0, 200.0, 200.0, 200.0, 200.0, 200.0, 200.0, 200.0, 200.0, 200.0, 200.0, 200.0, 200.0, 200.0, 200.0, 200.0, 200.0, 200.0, 200.0, 200.0, 200.0, 200.0, 200.0, 200.0, 200.0, 200.0, 200.0, 200.0, 200.0, 200.0, 200.0]",1,1507.96,13.2212,0.0661952,-0.31784,0.0,"[7.41311, 7.2681, 7.70541, 8.94953, 11.9613, 17.3841, 76.7639, 67.6362, 58.6882, 50.1704, 42.3457, 35.4462, 29.6153, 24.8685, 18.1661, 12.6767, 9.94802, 8.5424, 7.88683]",0.0331309,"[12.2693, 10.8312, 10.1099, 12.2419]",0.350654
0.0,-0.196674,0.0,0.0,18.19,0.0,1947.48,-10.0819,93.9704,1,"[200.0, 200.0, 200.0, 200.0, 200.0, 200.0, 200.0, 200.0, 200.0, 200.0, 200.0, 200.0, 200.0, 200.0, 200.0, 200.0, 200.0, 200.0, 200.0, 200.0, 200.0, 200.0, 200.0, 200.0, 200.0, 200.0, 200.0, 200.0, 200.0, 200.0, 200.0, 200.0, 200.0, 200.0, 200.0, 200.0]",1,1518.78,13.2389,0.0676735,-0.416156,0.0,"[7.39452, 7.25241, 7.69146, 8.93714, 11.9533, 17.396, 76.6542, 67.532, 58.5929, 50.0872, 42.2773, 35.394, 29.5788, 24.8457, 18.1618, 12.6843, 9.95955, 8.55575, 7.90168]",0.0352987,"[11.1704, 10.6023, 10.7623, 11.6664]",0.351654
0.0,-0.195588,0.0,0.0,18.212,0.0,1947.56,-10.0024,93.9704,1,"[200.0, 200.0, 200.0, 200.0, 200.0, 200.0, 200.0, 200.0, 200.0, 200.0, 200.0, 200.0, 200.0, 200.0, 200.0, 200.0, 200.0, 200.0, 200.0, 200.0, 200.0, 200.0, 200.0, 200.0, 200.0, 200.0, 200.0, 200.0, 200.0, 200.0, 200.0, 200.0, 200.0, 200.0, 200.0, 200.0]",1,1510.62,13.2278,0.0635231,-0.491922,0.0,"[7.37619, 7.2368, 7.67739, 8.92429, 11.9439, 17.4038, 76.5532, 67.4365, 58.5059, 50.0118, 42.2159, 35.3478, 29.5473, 24.8267, 18.1598, 12.6928, 9.97157, 8.5693, 7.91655]",0.0374512,"[9.83357, 12.8007, 12.3607, 9.92128]",0.351428
0.0,-0.194456,0.0,0.0,18.234,0.0,1947.64,-9.92273,93.9704,1,"[200.0, 200.0, 200.0, 200.0, 200.0, 200.0, 200.0, 200.0, 200.0, 200.0, 200.0, 200.0, 200.0, 200.0, 200.0, 200.0, 200.0, 200.0, 200.0, 200.0, 200.0, 200.0, 200.0, 200.0, 200.0, 200.0, 200.0, 200.0, 200.0, 200.0, 200.0, 200.0, 200.0, 200.0, 200.0, 200.0]",1,1412.69,13.2587,0.0612234,-0.521582,0.0,"[7.35792, 7.22134, 7.66356, 8.91189, 11.9356, 17.4146, 76.4473, 67.3362, 58.4144, 49.9321, 42.1506, 35.2982, 29.5129, 24.8054, 18.1562, 12.7006, 9.9831, 8.58255, 7.93125]",0.0395894,"[12.4566, 9.65292, 10.5657, 10.7925]",0.34787
0.0,-0.19337,0.0,0.0,18.256,0.0,1947.72,-9.84314,93.9704,1,"[200.0, 200.0, 200.0, 200.0, 200.0, 200.0, 200.0, 200.0, 200.0, 200.0, 200.0, 200.0, 200.0, 200.0, 200.0, 200.0, 200.0, 200.0, 200.0, 200.0, 200.0, 200.0, 200.0, 200.0, 200.0, 200.0, 200.0, 200.0, 200.0, 200.0, 200.0, 200.0, 200.0, 200.0, 200.0, 200.0]",1,1468.35,13.2281,0.0586347,-0.495503,0.0,"[7.33986, 7.20595, 7.6497, 8.89929, 11.9266, 17.4233, 76.3463, 67.2407, 58.3274, 49.8566, 42.0892, 35.2519, 29.4812, 24.7862, 18.1539, 12.7088, 9.99483, 8.59586, 7.94591]",0.0417145,"[9.91721, 12.5948, 10.4514, 12.5046]",0.347817
0.0,-0.192204,0.0,0.0,18.278,0.0,1947.8,-9.76355,93.9704,1,"[200.0, 200.0, 200.0, 200.0, 200.0, 200.0, 200.0, 200.0, 200.0, 200.0, 200.0, 200.0, 200.0, 200.0, 200.0, 200.0, 200.0, 200.0, 200.0, 200.0, 200.0, 200.0, 200.0, 200.0, 200.0, 200.0, 200.0, 200.0, 200.0, 200.0, 200.0, 200.0, 200.0, 200.0, 200.0, 200.0]",1,1576.47,13.2246,0.0581581,-0.419714,0.0,"[7.32176, 7.19069, 7.63616, 8.88733, 11.9192, 17.4368, 76.237, 67.137, 58.2326, 49.7739, 42.0211, 35.1999, 29.4447, 24.7631, 18.1491, 12.7158, 10.0059, 8.60879, 7.96038]",0.0438283,"[11.4056, 9.66594, 12.0967, 10.8803]",0.34739
0.0,-0.191107,0.0,0.0,18.3,0.0,1947.88,-9.68384,93.9704,1,"[200.0, 200.0, 200.0, 200.0, 200.0, 200.0, 200.0, 200.0, 200.0, 200.0, 200.0, 200.0, 200.0, 200.0, 200.0, 200.0, 200.0, 200.0, 200.0, 200.0, 200.0, 200.0, 200.0, 200.0, 200.0, 200.0, 200.0, 200.0, 200.0, 200.0, 200.0, 200.0, 200.0, 200.0, 200.0, 200.0]",1,1520.31,13.2105,0.0627996,-0.315059,0.0,"[7.30391, 7.17551, 7.62254, 8.87502, 11.9107, 17.447, 76.1349, 67.0405, 58.1447, 49.6976, 41.9588, 35.1528, 29.4122, 24.7432, 18.1461, 12.7236, 10.0173, 8.62186, 7.97485]",0.045929,"[11.0253, 12.6357, 12.1428, 10.2647]",0.346725
0.0,-0.189968,0.0,0.0,18.322,0.0,1947.96,-9.60413,93.9704,1,"[200.0, 200.0, 200.0, 200.0, 200.0, 200.0, 200.0, 200.0, 200.0, 200.0, 200.0, 200.0, 200.0, 200.0, 200.0, 200.0, 200.0, 200.0, 200.0, 200.0, 200.0, 200.0, 200.0, 200.0, 200.0, 200.0, 200.0, 200.0, 200.0, 200.0, 200.0, 200.0, 200.0, 200.0, 200.0, 200.0]",1,1499.04,13.296,0.0634183,-0.212322,0.0,"[7.28605, 7.16042, 7.60909, 8.86306, 11.9031, 17.4598, 76.0285, 66.9397, 58.0526, 49.6174, 41.8931, 35.1028, 29.3773, 24.7213, 18.1419, 12.7307, 10.0283, 8.6347, 7.9892]",0.0480214,"[9.00181, 9.29577, 9.69595, 12.3938]",0.346037
0.0,-0.188762,0.0,0.0,18.344,0.0,1948.04,-9.52441,93.9704,1,"[200.0, 200.0, 200.0, 200.0, 200.0, 200.0, 200.0, 200.0, 200.0, 200.0, 200.0, 200.0, 200.0, 200.0, 200.0, 200.0, 200.0, 200.0, 200.0, 200.0, 200.0, 200.0, 200.0, 200.0, 200.0, 200.0, 200.0, 200.0, 200.0, 200.0, 200.0, 200.0, 200.0, 200.0, 200.0, 200.0]",1,1485.88,13.1927,0.0675324,-0.136515,0.0,"[7.26823, 7.14547, 7.59595, 8.85171, 11.8969, 17.477, 75.915, 66.8319, 57.9538, 49.531, 41.8218, 35.0479, 29.3383, 24.6961, 18.1355, 12.7368, 10.0387, 8.64721, 8.00337]",0.0501007,"[12.5686, 11.524, 10.3466, 11.8976]",0.345535
0.0,-0.187613,0.0,0.0,18.366,0.0,1948.12,-9.4447,93.9704,1,"[200.0, 200.0, 200.0, 200.0, 200.0, 200.0, 200.0, 200.0, 200.0, 200.0, 200.0, 200.0, 200.0, 200.0, 200.0, 200.0, 200.0, 200.0, 200.0, 200.0, 200.0, 200.0, 200.0, 200.0, 200.0, 200.0, 200.0, 200.0, 200.0, 200.0, 200.0, 200.0, 200.0, 200.0, 200.0, 200.0]",1,1515.01,13.2627,0.0636506,-0.102941,0.0,"[7.25059, 7.13058, 7.58272, 8.84002, 11.8898, 17.4913, 75.8076, 66.7302, 57.861, 49.4501, 41.7553, 34.9972, 29.3028, 24.6736, 18.1307, 12.7435, 10.0495, 8.65982, 8.01754]",0.0521698,"[9.54995, 10.6567, 12.4857, 10.0767]",0.345385
0.0,-0.186478,0.0,0.0,18.388,0.0,1948.2,-9.36487,93.9704,1,"[200.0, 200.0, 200.0, 200.0, 200.0, 200.0, 200.0, 200.0, 200.0, 200.0, 200.0, 200.0, 200.0, 200.0, 200.0, 200.0, 200.0, 200.0, 200.0, 200.0, 200.0, 200.0, 200.0, 200.0, 200.0, 200.0, 200.0, 200.0, 200.0, 200.0, 200.0, 200.0, 200.0, 200.0, 200.0, 200.0]",1,1536.02,13.193,0.0638816,-0.112904,0.0,"[7.23311, 7.1158, 7.56957, 8.8284, 11.8826, 17.5054, 75.7017, 66.6299, 57.7694, 49.3704, 41.6901, 34.9474, 29.2679, 24.6516, 18.1261, 12.7502, 10.0602, 8.67236, 8.03161]",0.0542226,"[11.3408, 11.4795, 11.703, 10.8723]",0.345632
0.0,-0.185345,0.0,0.0,18.41,0.0,1948.28,-9.28503,93.9704,1,"[200.0, 200.0, 200.0, 200.0, 200.0, 200.0, 200.0, 200.0, 200.0, 200.0, 200.0, 200.0, 200.0, 200.0, 200.0, 200.0, 200.0, 200.0, 200.0, 200.0, 200.0, 200.0, 200.0, 200.0, 200.0, 200.0, 200.0, 200.0, 200.0, 200.0, 200.0, 200.0, 200.0, 200.0, 200.0, 200.0]",1,1471.17,13.2318,0.0611152,-0.153823,0.0,"[7.21576, 7.10112, 7.55652, 8.81686, 11.8755, 17.5198, 75.5959, 66.5298, 57.6781, 49.291, 41.625, 34.8978, 29.2331, 24.6296, 18.1215, 12.7569, 10.0707, 8.6848, 8.04559]",0.0562632,"[11.4965, 11.2053, 10.1258, 12.2322]",0.346217
0.0,-0.184187,0.0,0.0,18.432,0.0,1948.35,-9.2052,93.9704,1,"[200.0, 200.0, 200.0, 200.0, 200.0, 200.0, 200.0, 200.0, 200.0, 200.0, 200.0, 200.0, 200.0, 200.0, 200.0, 200.0, 200.0, 200.0, 200.0, 200.0, 200.0, 200.0, 200.0, 200.0, 200.0, 200.0, 200.0, 200.0, 200.0, 200.0, 200.0, 200.0, 200.0, 200.0, 200.0, 200.0]",1,1560.52,13.254,0.0576733,-0.20931,0.0,"[7.19847, 7.08656, 7.54365, 8.80561, 11.8691, 17.5362, 75.4875, 66.4271, 57.5843, 49.2092, 41.5577, 34.8463, 29.1968, 24.6063, 18.116, 12.763, 10.081, 8.69704, 8.05946]",0.0582916,"[9.78514, 9.53847, 11.9042, 10.5378]",0.346973
0.0,-0.183105,0.0,0.0,18.454,0.0,1948.43,-9.12537,93.9704,1,"[200.0, 200.0, 200.0, 200.0, 200.0, 200.0, 200.0, 200.0, 200.0, 200.0, 200.0, 200.0, 200.0, 200.0, 200.0, 200.0, 200.0, 200.0, 200.0, 200.0, 200.0, 200.0, 200.0, 200.0, 200.0, 200.0, 200.0, 200.0, 200.0, 200.0, 200.0, 200.0, 200.0, 200.0, 200.0, 200.0]",1,1426.45,13.1945,0.0601352,-0.264602,0.0,"[7.18144, 7.07207, 7.53065, 8.79395, 11.8614, 17.5487, 75.3871, 66.3324, 57.4982, 49.1346, 41.4969, 34.8003, 29.1649, 24.5865, 18.1125, 12.7701, 10.0917, 8.70946, 8.07331]",0.0603058,"[12.4697, 12.9148, 10.5633, 10.9981]",0.347666
0.0,-0.181948,0.0,0.0,18.476,0.0,1948.51,-9.04541,93.9704,1,"[200.0, 200.0, 200.0, 200.0, 200.0, 200.0, 200.0, 200.0, 200.0, 200.0, 200.0, 200.0, 200.0, 200.0, 200.0, 200.0, 200.0, 200.0, 200.0, 200.0, 200.0, 200.0, 200.0, 200.0, 200.0, 200.0, 200.0, 200.0, 200.0, 200.0, 200.0, 200.0, 200.0, 200.0, 200.0, 200.0]",1,1509.8,13.2631,0.0644526,-0.305732,0.0,"[7.16437, 7.05769, 7.51796, 8.78289, 11.8553, 17.5659, 75.279, 66.2299, 57.4047, 49.053, 41.4299, 34.7489, 29.1286, 24.5632, 18.1068, 12.776, 10.1018, 8.72153, 8.08701]",0.0623108,"[10.1046, 9.65425, 10.3896, 11.9299]",0.348082
0.0,-0.18081,0.0,0.0,18.498,0.0,1948.59,-8.96545,93.9704,1,"[200.0, 200.0, 200.0, 200.0, 200.0, 200.0, 200.0, 200.0, 200.0, 200.0, 200.0, 200.0, 200.0, 200.0, 200.0, 200.0, 200.0, 200.0, 200.0, 200.0, 200.0, 200.0, 200.0, 200.0, 200.0, 200.0, 200.0, 200.0, 200.0, 200.0, 200.0, 200.0, 200.0, 200.0, 200.0, 200.0]",1,1509.02,13.1831,0.0653926,-0.328213,0.0,"[7.14742, 7.04338, 7.50525, 8.77177, 11.8489, 17.5825, 75.1729, 66.1295, 57.3131, 48.9733, 41.3645, 34.699, 29.0935, 24.5407, 18.1016, 12.7821, 10.1119, 8.73359, 8.10068]",0.0643077,"[11.2669, 12.6417, 12.4325, 9.90842]",0.348093
0.0,-0.179658,0.0,0.0,18.52,0.0,1948.67,-8.8855,93.9704,1,"[200.0, 200.0, 200.0, 200.0, 200.0, 200.0, 200.0, 200.0, 200.0, 200.0, 200.0, 200.0, 200.0, 200.0, 200.0, 200.0, 200.0, 200.0, 200.0, 200.0, 200.0, 200.0, 200.0, 200.0, 200.0, 200.0, 200.0, 200.0, 200.0, 200.0, 200.0, 200.0, 200.0, 200.0, 200.0, 200.0]",1,1514.23,13.2214,0.0647768,-0.333538,0.0,"[7.13059, 7.02919, 7.49274, 8.7609, 11.843, 17.6004, 75.0653, 66.0276, 57.2201, 48.8924, 41.298, 34.6481, 29.0574, 24.5174, 18.0958, 12.7878, 10.1218, 8.74548, 8.1142]",0.0662893,"[11.8723, 10.7218, 11.9724, 10.3929]",0.347691
0.0,-0.178545,0.0,0.0,18.542,0.0,1948.75,-8.80554,93.9704,1,"[200.0, 200.0, 200.0, 200.0, 200.0, 200.0, 200.0, 200.0, 200.0, 200.0, 200.0, 200.0, 200.0, 200.0, 200.0, 200.0, 200.0, 200.0, 200.0, 200.0, 200.0, 200.0, 200.0, 200.0, 200.0, 200.0, 200.0, 200.0, 200.0, 200.0, 200.0, 200.0, 200.0, 200.0, 200.0, 200.0]",1,1501.03,13.2283,0.0695672,-0.32881,0.0,"[7.11388, 7.01505, 7.48015, 8.74981, 11.8364, 17.6165, 74.9617, 65.9298, 57.131, 48.8151, 41.2348, 34.5998, 29.0236, 24.496, 18.091, 12.7939, 10.1318, 8.75745, 8.12773]",0.0682627,"[9.7071, 11.2769, 9.77389, 12.337]",0.347011
0.0,-0.177388,0.0,0.0,18.564,0.0,1948.83,-8.72559,93.9704,1,"[200.0, 200.0, 200.0, 200.0, 200.0, 200.0, 200.0, 200.0, 200.0, 200.0, 200.0, 200.0, 200.0, 200.0, 200.0, 200.0, 200.0, 200.0, 200.0, 200.0, 200.0, 200.0, 200.0, 200.0, 200.0, 200.0, 200.0, 200.0, 200.0, 200.0, 200.0, 200.0, 200.0, 200.0, 200.0, 200.0]",1,1492.04,13.1904,0.0646274,-0.317572,0.0,"[7.09727, 7.00106, 7.46784, 8.73918, 11.831, 17.6358, 74.8538, 65.8276, 57.0377, 48.7338, 41.168, 34.5486, 28.9872, 24.4724, 18.0848, 12.7993, 10.1415, 8.76913, 8.14108]",0.0702199,"[12.4058, 11.66, 10.4403, 11.8385]",0.346289
0.0,-0.176218,0.0,0.0,18.586,0.0,1948.91,-8.64551,93.9704,1,"[200.0, 200.0, 200.0, 200.0, 200.0, 200.0, 200.0, 200.0, 200.0, 200.0, 200.0, 200.0, 200.0, 200.0, 200.0, 200.0, 200.0, 200.0, 200.0, 200.0, 200.0, 200.0, 200.0, 200.0, 200.0, 200.0, 200.0, 200.0, 200.0, 200.0, 200.0, 200.0, 200.0, 200.0, 200.0, 200.0]",1,1512.95,13.2587,0.065022,-0.31856,0.0,"[7.08074, 6.98719, 7.45566, 8.72876, 11.8259, 17.6565, 74.7443, 65.724, 56.9431, 48.6513, 41.1, 34.4964, 28.95, 24.448, 18.0781, 12.8044, 10.1509, 8.78065, 8.15434]",0.0721649,"[9.6417, 9.55778, 12.4604, 10.0369]",0.345722
0.0,-0.175099,0.0,0.0,18.608,0.0,1948.99,-8.56555,93.9704,1,"[200.0, 200.0, 200.0, 200.0, 200.0, 200.0, 200.0, 200.0, 200.0, 200.0, 200.0, 200.0, 200.0, 200.0, 200.0, 200.0, 200.0, 200.0, 200.0, 200.0, 200.0, 200.0, 200.0, 200.0, 200.0, 200.0, 200.0, 200.0, 200.0, 200.0, 200.0, 200.0, 200.0, 200.0, 200.0, 200.0]",1,1526.49,13.1718,0.0642814,-0.313908,0.0,"[7.0644, 6.97337, 7.44341, 8.71807, 11.82, 17.6745, 74.6402, 65.6256, 56.8535, 48.5735, 41.0364, 34.4478, 28.9158, 24.426, 18.0727, 12.8101, 10.1605, 8.79228, 8.16757]",0.0740987,"[11.2006, 12.5513, 11.9, 10.5239]",0.345501
0.0,-0.173936,0.0,0.0,18.63,0.0,1949.07,-8.48547,93.9704,1,"[200.0, 200.0, 200.0, 200.0, 200.0, 200.0, 200.0, 200.0, 200.0, 200.0, 200.0, 200.0, 200.0, 200.0, 200.0, 200.0, 200.0, 200.0, 200.0, 200.0, 200.0, 200.0, 200.0, 200.0, 200.0, 200.0, 200.0, 200.0, 200.0, 200.0, 200.0, 200.0, 200.0, 200.0, 200.0, 200.0]",1,1501.71,13.2443,0.0632469,-0.302905,0.0,"[7.04812, 6.9597, 7.43142, 8.70784, 11.8152, 17.6959, 74.5316, 65.5228, 56.7597, 48.4917, 40.9691, 34.396, 28.8788, 24.4018, 18.0659, 12.8149, 10.1698, 8.80362, 8.18063]",0.0760173,"[11.1259, 9.35846, 9.89017, 12.3482]",0.345721
0.0,-0.172749,0.0,0.0,18.652,0.0,1949.15,-8.40527,93.9704,1,"[200.0, 200.0, 200.0, 200.0, 200.0, 200.0, 200.0, 200.0, 200.0, 200.0, 200.0, 200.0, 200.0, 200.0, 200.0, 200.0, 200.0, 200.0, 200.0, 200.0, 200.0, 200.0, 200.0, 200.0, 200.0, 200.0, 200.0, 200.0, 200.0, 200.0, 200.0, 200.0, 200.0, 200.0, 200.0, 200.0]",1,1436.51,13.2293,0.0623761,-0.275207,0.0,"[7.0319, 6.94613, 7.41958, 8.69786, 11.8109, 17.7194, 74.4205, 65.4176, 56.6636, 48.4079, 40.8999, 34.3427, 28.8406, 24.3765, 18.0584, 12.8194, 10.1787, 8.81481, 8.1936]",0.0779266,"[9.31772, 11.4902, 10.8437, 10.7423]",0.346378
0.0,-0.171604,0.0,0.0,18.674,0.0,1949.23,-8.32532,93.9704,1,"[200.0, 200.0, 200.0, 200.0, 200.0, 200.0, 200.0, 200.0, 200.0, 200.0, 200.0, 200.0, 200.0, 200.0, 200.0, 200.0, 200.0, 200.0, 200.0, 200.0, 200.0, 200.0, 200.0, 200.0, 200.0, 200.0, 200.0, 200.0, 200.0, 200.0, 200.0, 200.0, 200.0, 200.0, 200.0, 200.0]",1,1504.03,13.1815,0.0594226,-0.279453,0.0,"[7.0159, 6.93267, 7.40776, 8.68776, 11.8061, 17.7409, 74.3138, 65.3166, 56.5716, 48.3279, 40.8342, 34.2921, 28.8046, 24.353, 18.0519, 12.8242, 10.1878, 8.826, 8.2065]",0.0798177,"[12.4728, 10.8085, 12.1826, 10.7373]",0.347091
0.0,-0.170493,0.0,0.0,18.696,0.0,1949.32,-8.24512,93.9704,1,"[200.0, 200.0, 200.0, 200.0, 200.0, 200.0, 200.0, 200.0, 200.0, 200.0, 200.0, 200.0, 200.0, 200.0, 200.0, 200.0, 200.0, 200.0, 200.0, 200.0, 200.0, 200.0, 200.0, 200.0, 200.0, 200.0, 200.0, 200.0, 200.0, 200.0, 200.0, 200.0, 200.0, 200.0, 200.0, 200.0]",1,1506.98,13.2093,0.0639396,-0.274775,0.0,"[7.00004, 6.91928, 7.39591, 8.67749, 11.8008, 17.7609, 74.2106, 65.2192, 56.4829, 48.2508, 40.7711, 34.244, 28.7705, 24.3309, 18.0462, 12.8295, 10.197, 8.83722, 8.21935]",0.0816976,"[9.64296, 11.4632, 9.93824, 12.3554]",0.34751
0.0,-0.169318,0.0,0.0,18.718,0.0,1949.4,-8.16504,93.9704,1,"[200.0, 200.0, 200.0, 200.0, 200.0, 200.0, 200.0, 200.0, 200.0, 200.0, 200.0, 200.0, 200.0, 200.0, 200.0, 200.0, 200.0, 200.0, 200.0, 200.0, 200.0, 200.0, 200.0, 200.0, 200.0, 200.0, 200.0, 200.0, 200.0, 200.0, 200.0, 200.0, 200.0, 200.0, 200.0, 200.0]",1,1506.18,13.1882,0.0634116,-0.254286,0.0,"[6.98422, 6.90602, 7.38437, 8.66781, 11.7969, 17.7855, 74.1008, 65.1153, 56.3881, 48.1681, 40.703, 34.1914, 28.7327, 24.3059, 18.0385, 12.8336, 10.2057, 8.84811, 8.23204]",0.0835653,"[11.9843, 10.625, 10.5196, 11.8019]",0.347444
0.0,-0.168142,0.0,0.0,18.74,0.0,1949.48,-8.08484,93.9704,1,"[200.0, 200.0, 200.0, 200.0, 200.0, 200.0, 200.0, 200.0, 200.0, 200.0, 200.0, 200.0, 200.0, 200.0, 200.0, 200.0, 200.0, 200.0, 200.0, 200.0, 200.0, 200.0, 200.0, 200.0, 200.0, 200.0, 200.0, 200.0, 200.0, 200.0, 200.0, 200.0, 200.0, 200.0, 200.0, 200.0]",1,1503.71,13.1884,0.0644476,-0.218492,0.0,"[6.9685, 6.89288, 7.37292, 8.65824, 11.7932, 17.8108, 73.9909, 65.0113, 56.2931, 48.0854, 40.6348, 34.1388, 28.695, 24.2807, 18.0308, 12.8377, 10.2142, 8.85889, 8.24464]",0.0854207,"[11.1641, 11.025, 12.4255, 9.85774]",0.346872
0.0,-0.167043,0.0,0.0,18.762,0.0,1949.56,-8.00476,93.9704,1,"[200.0, 200.0, 200.0, 200.0, 200.0, 200.0, 200.0, 200.0, 200.0, 200.0, 200.0, 200.0, 200.0, 200.0, 200.0, 200.0, 200.0, 200.0, 200.0, 200.0, 200.0, 200.0, 200.0, 200.0, 200.0, 200.0, 200.0, 200.0, 200.0, 200.0, 200.0, 200.0, 200.0, 200.0, 200.0, 200.0]",1,1506.95,13.1792,0.0624,-0.171252,0.0,"[6.95298, 6.87976, 7.36133, 8.64824, 11.7882, 17.8317, 73.889, 64.9151, 56.2058, 48.0097, 40.5729, 34.0914, 28.6614, 24.259, 18.025, 12.8427, 10.2232, 8.86988, 8.25726]",0.087265,"[9.718, 12.8196, 12.0154, 10.2686]",0.345967
0.0,-0.165824,0.0,0.0,18.784,0.0,1949.64,-7.92456,93.9704,1,"[200.0, 200.0, 200.0, 200.0, 200.0, 200.0, 200.0, 200.0, 200.0, 200.0, 200.0, 200.0, 200.0, 200.0, 200.0, 200.0, 200.0, 200.0, 200.0, 200.0, 200.0, 200.0, 200.0, 200.0, 200.0, 200.0, 200.0, 200.0, 200.0, 200.0, 200.0, 200.0, 200.0, 200.0, 200.0, 200.0]",1,1500.21,13.1843,0.0620121,-0.122173,0.0,"[6.93744, 6.86685, 7.35022, 8.63921, 11.7857, 17.8611, 73.7748, 64.8069, 56.1068, 47.9232, 40.5013, 34.0359, 28.6212, 24.2318, 18.0159, 12.8459, 10.2312, 8.88032, 8.26964]",0.0890961,"[12.8223, 9.23494, 9.72324, 12.4608]",0.345057
0.0,-0.16471,0.0,0.0,18.806,0.0,1949.72,-7.84436,93.9704,1,"[200.0, 200.0, 200.0, 200.0, 200.0, 200.0, 200.0, 200.0, 200.0, 200.0, 200.0, 200.0, 200.0, 200.0, 200.0, 200.0, 200.0, 200.0, 200.0, 200.0, 200.0, 200.0, 200.0, 200.0, 200.0, 200.0, 200.0, 200.0, 200.0, 200.0, 200.0, 200.0, 200.0, 200.0, 200.0, 200.0]",1,1488.46,13.1745,0.0644011,-0.088028,0.0,"[6.92214, 6.85397, 7.3389, 8.62955, 11.7814, 17.8844, 73.6713, 64.7093, 56.018, 47.8461, 40.4381, 33.9875, 28.5866, 24.2092, 18.0094, 12.8504, 10.2398, 8.89102, 8.28204]",0.0909129,"[9.60689, 12.6047, 10.2177, 11.9571]",0.344504
0.0,-0.16351,0.0,0.0,18.828,0.0,1949.8,-7.76428,93.9704,1,"[200.0, 200.0, 200.0, 200.0, 200.0, 200.0, 200.0, 200.0, 200.0, 200.0, 200.0, 200.0, 200.0, 200.0, 200.0, 200.0, 200.0, 200.0, 200.0, 200.0, 200.0, 200.0, 200.0, 200.0, 200.0, 200.0, 200.0, 200.0, 200.0, 200.0, 200.0, 200.0, 200.0, 200.0, 200.0, 200.0]",1,1505.97,13.1564,0.0654832,-0.0852549,0.0,"[6.90684, 6.84123, 7.32793, 8.62062, 11.7789, 17.914, 73.559, 64.6029, 55.9209, 47.7614, 40.3682, 33.9332, 28.5474, 24.1827, 18.0005, 12.8536, 10.2477, 8.90134, 8.29426]",0.0927195,"[12.6019, 10.5913, 12.4981, 9.89423]",0.344568
0.0,-0.162372,0.0,0.0,18.85,0.0,1949.88,-7.68408,93.9704,1,"[200.0, 200.0, 200.0, 200.0, 200.0, 200.0, 200.0, 200.0, 200.0, 200.0, 200.0, 200.0, 200.0, 200.0, 200.0, 200.0, 200.0, 200.0, 200.0, 200.0, 200.0, 200.0, 200.0, 200.0, 200.0, 200.0, 200.0, 200.0, 200.0, 200.0, 200.0, 200.0, 200.0, 200.0, 200.0, 200.0]",1,1515.61,13.1832,0.064636,-0.121063,0.0,"[6.89173, 6.82855, 7.31686, 8.61135, 11.7753, 17.94, 73.4532, 64.503, 55.83, 47.6824, 40.3033, 33.8832, 28.5115, 24.1589, 17.9932, 12.8575, 10.256, 8.91179, 8.30647]",0.0945129,"[10.1675, 11.0608, 11.7545, 10.5569]",0.345299
0.0,-0.161265,0.0,0.0,18.872,0.0,1949.96,-7.60388,93.9704,1,"[200.0, 200.0, 200.0, 200.0, 200.0, 200.0, 200.0, 200.0, 200.0, 200.0, 200.0, 200.0, 200.0, 200.0, 200.0, 200.0, 200.0, 200.0, 200.0, 200.0, 200.0, 200.0, 200.0, 200.0, 200.0, 200.0, 200.0, 200.0, 200.0, 200.0, 200.0, 200.0, 200.0, 200.0, 200.0, 200.0]",1,1499.58,13.1413,0.0649759,-0.189208,0.0,"[6.87678, 6.81596, 7.30581, 8.60199, 11.7714, 17.9647, 73.3505, 64.4062, 55.7419, 47.606, 40.2407, 33.8352, 28.4773, 24.1363, 17.9866, 12.8617, 10.2643, 8.92221, 8.31863]",0.0962931,"[10.9403, 12.7263, 9.97152, 12.1989]",0.346536
0.0,-0.160054,0.0,0.0,18.894,0.0,1950.04,-7.52368,93.9704,1,"[200.0, 200.0, 200.0, 200.0, 200.0, 200.0, 200.0, 200.0, 200.0, 200.0, 200.0, 200.0, 200.0, 200.0, 200.0, 200.0, 200.0, 200.0, 200.0, 200.0, 200.0, 200.0, 200.0, 200.0, 200.0, 200.0, 200.0, 200.0, 200.0, 200.0, 200.0, 200.0, 200.0, 200.0, 200.0, 200.0]",1,1492.25,13.1662,0.0649434,-0.272104,0.0,"[6.8618, 6.80354, 7.29518, 8.59348, 11.7697, 17.9972, 73.2371, 64.2988, 55.6439, 47.5204, 40.17, 33.7803, 28.4373, 24.1091, 17.9771, 12.8644, 10.2718, 8.9322, 8.33057]",0.0980621,"[12.5931, 9.68163, 10.806, 11.3789]",0.347948
0.0,-0.158972,0.0,0.0,18.916,0.0,1950.12,-7.44348,93.9704,1,"[200.0, 200.0, 200.0, 200.0, 200.0, 200.0, 200.0, 200.0, 200.0, 200.0, 200.0, 200.0, 200.0, 200.0, 200.0, 200.0, 200.0, 200.0, 200.0, 200.0, 200.0, 200.0, 200.0, 200.0, 200.0, 200.0, 200.0, 200.0, 200.0, 200.0, 200.0, 200.0, 200.0, 200.0, 200.0, 200.0]",1,1505.79,13.1574,0.0629202,-0.346651,0.0,"[6.84712, 6.79114, 7.28426, 8.58417, 11.7656, 18.0216, 73.1372, 64.2046, 55.5585, 47.4464, 40.1095, 33.734, 28.4044, 24.0875, 17.9709, 12.8687, 10.2801, 8.94253, 8.34257]",0.0998159,"[9.80127, 12.5226, 11.8936, 10.4037]",0.34914
0.0,-0.157804,0.0,0.0,18.938,0.0,1950.2,-7.36328,93.9704,1,"[200.0, 200.0, 200.0, 200.0, 200.0, 200.0, 200.0, 200.0, 200.0, 200.0, 200.0, 200.0, 200.0, 200.0, 200.0, 200.0, 200.0, 200.0, 200.0, 200.0, 200.0, 200.0, 200.0, 200.0, 200.0, 200.0, 200.0, 200.0, 200.0, 200.0, 200.0, 200.0, 200.0, 200.0, 200.0, 200.0]",1,1505.78,13.1602,0.06174,-0.394074,0.0,"[6.83243, 6.7789, 7.27371, 8.57559, 11.7634, 18.0526, 73.0282, 64.1017, 55.4647, 47.3647, 40.0422, 33.6819, 28.3666, 24.0621, 17.9623, 12.8717, 10.2877, 8.95246, 8.35437]",0.101558,"[12.3907, 9.39793, 10.0141, 12.2687]",0.349766
0.0,-0.15667,0.0,0.0,18.96,0.0,1950.28,-7.28308,93.9704,1,"[200.0, 200.0, 200.0, 200.0, 200.0, 200.0, 200.0, 200.0, 200.0, 200.0, 200.0, 200.0, 200.0, 200.0, 200.0, 200.0, 200.0, 200.0, 200.0, 200.0, 200.0, 200.0, 200.0, 200.0, 200.0, 200.0, 200.0, 200.0, 200.0, 200.0, 200.0, 200.0, 200.0, 200.0, 200.0, 200.0]",1,1502.68,13.1322,0.0592328,-0.402931,0.0,"[6.8179, 6.76674, 7.26315, 8.56691, 11.7608, 18.082, 72.9229, 64.0022, 55.3741, 47.2861, 39.9775, 33.6321, 28.3307, 24.038, 17.9544, 12.875, 10.2954, 8.9624, 8.36613]",0.103287,"[10.7153, 12.7118, 10.7258, 11.5582]",0.349619
0.0,-0.15551,0.0,0.0,18.982,0.0,1950.36,-7.20276,93.9704,1,"[200.0, 200.0, 200.0, 200.0, 200.0, 200.0, 200.0, 200.0, 200.0, 200.0, 200.0, 200.0, 200.0, 200.0, 200.0, 200.0, 200.0, 200.0, 200.0, 200.0, 200.0, 200.0, 200.0, 200.0, 200.0, 200.0, 200.0, 200.0, 200.0, 200.0, 200.0, 200.0, 200.0, 200.0, 200.0, 200.0]",1,1501.83,13.1571,0.0583817,-0.370843,0.0,"[6.80347, 6.75471, 7.2528, 8.55855, 11.7589, 18.1141, 72.8148, 63.9001, 55.2811, 47.2052, 39.9109, 33.5805, 28.2933, 24.0127, 17.9458, 12.8779, 10.3028, 8.97214, 8.37775]",0.105002,"[11.2253, 10.5685, 12.3829, 9.90202]",0.348703
0.0,-0.154365,0.0,0.0,19.004,0.0,1950.44,-7.12256,93.9704,1,"[200.0, 200.0, 200.0, 200.0, 200.0, 200.0, 200.0, 200.0, 200.0, 200.0, 200.0, 200.0, 200.0, 200.0, 200.0, 200.0, 200.0, 200.0, 200.0, 200.0, 200.0, 200.0, 200.0, 200.0, 200.0, 200.0, 200.0, 200.0, 200.0, 200.0, 200.0, 200.0, 200.0, 200.0, 200.0, 200.0]",1,1509.08,13.1141,0.0578255,-0.303423,0.0,"[6.78917, 6.74279, 7.24252, 8.55022, 11.7569, 18.146, 72.7082, 63.7995, 55.1896, 47.1256, 39.8454, 33.5298, 28.2566, 23.9879, 17.9373, 12.8808, 10.3101, 8.98181, 8.38929]",0.106703,"[11.5802, 12.6777, 11.9508, 10.3296]",0.347244
0.0,-0.153234,0.0,0.0,19.026,0.0,1950.52,-7.04236,93.9704,1,"[200.0, 200.0, 200.0, 200.0, 200.0, 200.0, 200.0, 200.0, 200.0, 200.0, 200.0, 200.0, 200.0, 200.0, 200.0, 200.0, 200.0, 200.0, 200.0, 200.0, 200.0, 200.0, 200.0, 200.0, 200.0, 200.0, 200.0, 200.0, 200.0, 200.0, 200.0, 200.0, 200.0, 200.0, 200.0, 200.0]",1,1490.39,13.1844,0.061838,-0.216015,0.0,"[6.77499, 6.73093, 7.23228, 8.54187, 11.7548, 18.1775, 72.6031, 63.7004, 55.0994, 47.0473, 39.781, 33.4801, 28.2207, 23.9637, 17.9292, 12.8837, 10.3175, 8.99146, 8.40076]",0.108392,"[9.45029, 10.4715, 9.65967, 12.3689]",0.345638
0.0,-0.152006,0.0,0.0,19.048,0.0,1950.6,-6.96216,93.9704,1,"[200.0, 200.0, 200.0, 200.0, 200.0, 200.0, 200.0, 200.0, 200.0, 200.0, 200.0, 200.0, 200.0, 200.0, 200.0, 200.0, 200.0, 200.0, 200.0, 200.0, 200.0, 200.0, 200.0, 200.0, 200.0, 200.0, 200.0, 200.0, 200.0, 200.0, 200.0, 200.0, 200.0, 200.0, 200.0, 200.0]",1,1484.33,13.106,0.0631989,-0.127815,0.0,"[6.76083, 6.71928, 7.22244, 8.53437, 11.7548, 18.217, 72.4882, 63.5916, 55.0001, 46.9605, 39.7092, 33.424, 28.1795, 23.9353, 17.9183, 12.8853, 10.3241, 9.00067, 8.41205]",0.110069,"[12.502, 11.0883, 10.1267, 11.9867]",0.34433
0.0,-0.150841,0.0,0.0,19.07,0.0,1950.68,-6.88184,93.9704,1,"[200.0, 200.0, 200.0, 200.0, 200.0, 200.0, 200.0, 200.0, 200.0, 200.0, 200.0, 200.0, 200.0, 200.0, 200.0, 200.0, 200.0, 200.0, 200.0, 200.0, 200.0, 200.0, 200.0, 200.0, 200.0, 200.0, 200.0, 200.0, 200.0, 200.0, 200.0, 200.0, 200.0, 200.0, 200.0, 200.0]",1,1499.83,13.1568,0.0597392,-0.0605676,0.0,"[6.74685, 6.70768, 7.21254, 8.52655, 11.7538, 18.2529, 72.3796, 63.489, 54.9067, 46.8792, 39.6421, 33.372, 28.1416, 23.9094, 17.909, 12.8875, 10.3309, 9.00997, 8.42329]",0.111731,"[9.48882, 11.4636, 12.517, 9.78423]",0.343678
0.0,-0.149685,0.0,0.0,19.092,0.0,1950.76,-6.80164,93.9704,1,"[200.0, 200.0, 200.0, 200.0, 200.0, 200.0, 200.0, 200.0, 200.0, 200.0, 200.0, 200.0, 200.0, 200.0, 200.0, 200.0, 200.0, 200.0, 200.0, 200.0, 200.0, 200.0, 200.0, 200.0, 200.0, 200.0, 200.0, 200.0, 200.0, 200.0, 200.0, 200.0, 200.0, 200.0, 200.0, 200.0]",1,1506.57,13.1337,0.065247,-0.0317368,0.0,"[6.73296, 6.69614, 7.20267, 8.51873, 11.7528, 18.2888, 72.272, 63.3875, 54.8142, 46.7988, 39.5759, 33.3207, 28.1043, 23.8839, 17.8999, 12.8898, 10.3378, 9.01926, 8.43449]",0.113385,"[11.2452, 9.4297, 11.9375, 10.2545]",0.343844
0.0,-0.148542,0.0,0.0,19.114,0.0,1950.84,-6.72144,93.9704,1,"[200.0, 200.0, 200.0, 200.0, 200.0, 200.0, 200.0, 200.0, 200.0, 200.0, 200.0, 200.0, 200.0, 200.0, 200.0, 200.0, 200.0, 200.0, 200.0, 200.0, 200.0, 200.0, 200.0, 200.0, 200.0, 200.0, 200.0, 200.0, 200.0, 200.0, 200.0, 200.0, 200.0, 200.0, 200.0, 200.0]",1,1493.3,13.0965,0.0655679,-0.0470409,0.0,"[6.71922, 6.68471, 7.19287, 8.51096, 11.7517, 18.3246, 72.1658, 63.2873, 54.7231, 46.7196, 39.5108, 33.2702, 28.0676, 23.8589, 17.8909, 12.8921, 10.3446, 9.02847, 8.44561]",0.115025,"[11.3895, 12.3451, 9.80745, 12.3166]",0.344732
0.0,-0.147373,0.0,0.0,19.136,0.0,1950.92,-6.64124,93.9704,1,"[200.0, 200.0, 200.0, 200.0, 200.0, 200.0, 200.0, 200.0, 200.0, 200.0, 200.0, 200.0, 200.0, 200.0, 200.0, 200.0, 200.0, 200.0, 200.0, 200.0, 200.0, 200.0, 200.0, 200.0, 200.0, 200.0, 200.0, 200.0, 200.0, 200.0, 200.0, 200.0, 200.0, 200.0, 200.0, 200.0]",1,1494.12,13.1629,0.0623119,-0.0969255,0.0,"[6.70556, 6.6734, 7.18327, 8.50349, 11.7514, 18.3634, 72.0569, 63.1844, 54.6295, 46.6382, 39.4435, 33.218, 28.0294, 23.8327, 17.8812, 12.8939, 10.3512, 9.03748, 8.4566]",0.116651,"[9.4257, 9.57752, 10.4862, 11.6478]",0.34606
0.0,-0.146193,0.0,0.0,19.158,0.0,1951.0,-6.56104,93.9704,1,"[200.0, 200.0, 200.0, 200.0, 200.0, 200.0, 200.0, 200.0, 200.0, 200.0, 200.0, 200.0, 200.0, 200.0, 200.0, 200.0, 200.0, 200.0, 200.0, 200.0, 200.0, 200.0, 200.0, 200.0, 200.0, 200.0, 200.0, 200.0, 200.0, 200.0, 200.0, 200.0, 200.0, 200.0, 200.0, 200.0]",1,1498.35,13.0733,0.0647139,-0.165608,0.0,"[6.692, 6.66221, 7.17381, 8.49625, 11.7515, 18.4039, 71.9469, 63.0805, 54.5349, 46.5558, 39.3755, 33.165, 27.9906, 23.8059, 17.871, 12.8955, 10.3575, 9.04636, 8.46749]",0.118265,"[12.2607, 11.3813, 12.2264, 9.92964]",0.347443
0.0,-0.145089,0.0,0.0,19.18,0.0,1951.08,-6.48083,93.9704,1,"[200.0, 200.0, 200.0, 200.0, 200.0, 200.0, 200.0, 200.0, 200.0, 200.0, 200.0, 200.0, 200.0, 200.0, 200.0, 200.0, 200.0, 200.0, 200.0, 200.0, 200.0, 200.0, 200.0, 200.0, 200.0, 200.0, 200.0, 200.0, 200.0, 200.0, 200.0, 200.0, 200.0, 200.0, 200.0, 200.0]",1,1482.94,13.1298,0.0647731,-0.233173,0.0,"[6.67863, 6.65104, 7.16419, 8.48853, 11.7502, 18.4394, 71.8447, 62.9843, 54.4476, 46.4801, 39.3134, 33.117, 27.9559, 23.7824, 17.8628, 12.898, 10.3643, 9.05544, 8.47839]",0.119867,"[10.3811, 10.9517, 11.5204, 10.5502]",0.348514
0.0,-0.143966,0.0,0.0,19.202,0.0,1951.16,-6.40063,93.9704,1,"[200.0, 200.0, 200.0, 200.0, 200.0, 200.0, 200.0, 200.0, 200.0, 200.0, 200.0, 200.0, 200.0, 200.0, 200.0, 200.0, 200.0, 200.0, 200.0, 200.0, 200.0, 200.0, 200.0, 200.0, 200.0, 200.0, 200.0, 200.0, 200.0, 200.0, 200.0, 200.0, 200.0, 200.0, 200.0, 200.0]",1,1504.13,13.0849,0.0631302,-0.283661,0.0,"[6.66536, 6.64, 7.15474, 8.4811, 11.7495, 18.4775, 71.7405, 62.8861, 54.3584, 46.4027, 39.2498, 33.0678, 27.92, 23.7579, 17.8539, 12.9001, 10.3709, 9.06432, 8.48918]",0.121456,"[10.9019, 11.1283, 9.90975, 12.2468]",0.349021
0.0,-0.142798,0.0,0.0,19.224,0.0,1951.24,-6.32043,93.9704,1,"[200.0, 200.0, 200.0, 200.0, 200.0, 200.0, 200.0, 200.0, 200.0, 200.0, 200.0, 200.0, 200.0, 200.0, 200.0, 200.0, 200.0, 200.0, 200.0, 200.0, 200.0, 200.0, 200.0, 200.0, 200.0, 200.0, 200.0, 200.0, 200.0, 200.0, 200.0, 200.0, 200.0, 200.0, 200.0, 200.0]",1,1484.13,13.0819,0.0599367,-0.308531,0.0,"[6.65215, 6.62911, 7.14557, 8.47414, 11.75, 18.52, 71.6318, 62.7834, 54.265, 46.3214, 39.1828, 33.0156, 27.8817, 23.7314, 17.8437, 12.9014, 10.3769, 9.07294, 8.49979]",0.12303,"[12.4613, 11.0731, 10.5782, 11.4985]",0.348882
0.0,-0.141633,0.0,0.0,19.246,0.0,1951.32,-6.24011,93.9704,1,"[200.0, 200.0, 200.0, 200.0, 200.0, 200.0, 200.0, 200.0, 200.0, 200.0, 200.0, 200.0, 200.0, 200.0, 200.0, 200.0, 200.0, 200.0, 200.0, 200.0, 200.0, 200.0, 200.0, 200.0, 200.0, 200.0, 200.0, 200.0, 200.0, 200.0, 200.0, 200.0, 200.0, 200.0, 200.0, 200.0]",1,1499.44,13.1386,0.0605036,-0.305879,0.0,"[6.63907, 6.61833, 7.13649, 8.46729, 11.7506, 18.5633, 71.5234, 62.6812, 54.1719, 46.2405, 39.116, 32.9636, 27.8436, 23.705, 17.8335, 12.9027, 10.383, 9.08147, 8.51034]",0.124591,"[9.56248, 8.83565, 12.301, 9.90018]",0.348205
0.0,-0.140521,0.0,0.0,19.268,0.0,1951.4,-6.16003,93.9704,1,"[200.0, 200.0, 200.0, 200.0, 200.0, 200.0, 200.0, 200.0, 200.0, 200.0, 200.0, 200.0, 200.0, 200.0, 200.0, 200.0, 200.0, 200.0, 200.0, 200.0, 200.0, 200.0, 200.0, 200.0, 200.0, 200.0, 200.0, 200.0, 200.0, 200.0, 200.0, 200.0, 200.0, 200.0, 200.0, 200.0]",1,1515.01,13.0317,0.0608254,-0.279446,0.0,"[6.62617, 6.6076, 7.12735, 8.46019, 11.7504, 18.6035, 71.4204, 62.5842, 54.0839, 46.1641, 39.0532, 32.915, 27.8081, 23.6807, 17.8245, 12.9045, 10.3892, 9.09007, 8.52084]",0.126138,"[12.4955, 12.4788, 11.8533, 10.399]",0.347242
0.0,-0.139358,0.0,0.0,19.29,0.0,1951.48,-6.07971,93.9704,1,"[200.0, 200.0, 200.0, 200.0, 200.0, 200.0, 200.0, 200.0, 200.0, 200.0, 200.0, 200.0, 200.0, 200.0, 200.0, 200.0, 200.0, 200.0, 200.0, 200.0, 200.0, 200.0, 200.0, 200.0, 200.0, 200.0, 200.0, 200.0, 200.0, 200.0, 200.0, 200.0, 200.0, 200.0, 200.0, 200.0]",1,1485.91,13.1254,0.058052,-0.217358,0.0,"[6.61331, 6.59703, 7.11848, 8.45358, 11.7515, 18.6488, 71.3121, 62.482, 53.9909, 46.0833, 38.9865, 32.863, 27.7699, 23.6541, 17.8141, 12.9055, 10.395, 9.09841, 8.5312]",0.127673,"[9.62867, 9.42916, 9.71644, 12.2077]",0.34638
0.0,-0.138176,0.0,0.0,19.312,0.0,1951.56,-5.99963,93.9704,1,"[200.0, 200.0, 200.0, 200.0, 200.0, 200.0, 200.0, 200.0, 200.0, 200.0, 200.0, 200.0, 200.0, 200.0, 200.0, 200.0, 200.0, 200.0, 200.0, 200.0, 200.0, 200.0, 200.0, 200.0, 200.0, 200.0, 200.0, 200.0, 200.0, 200.0, 200.0, 200.0, 200.0, 200.0, 200.0, 200.0]",1,1470.31,13.0209,0.0607995,-0.213041,0.0,"[6.60057, 6.58658, 7.10979, 8.44725, 11.7531, 18.6969, 71.2019, 62.378, 53.8963, 46.0009, 38.9184, 32.8098, 27.7307, 23.6267, 17.803, 12.9062, 10.4005, 9.10657, 8.54144]",0.129194,"[12.2545, 12.7397, 10.2597, 11.7499]",0.345745
0.0,-0.137001,0.0,0.0,19.334,0.0,1951.64,-5.91943,93.9704,1,"[200.0, 200.0, 200.0, 200.0, 200.0, 200.0, 200.0, 200.0, 200.0, 200.0, 200.0, 200.0, 200.0, 200.0, 200.0, 200.0, 200.0, 200.0, 200.0, 200.0, 200.0, 200.0, 200.0, 200.0, 200.0, 200.0, 200.0, 200.0, 200.0, 200.0, 200.0, 200.0, 200.0, 200.0, 200.0, 200.0]",1,1497.76,13.1181,0.0603434,-0.212767,0.0,"[6.58792, 6.57622, 7.10117, 8.44098, 11.7548, 18.7455, 71.0925, 62.2748, 53.8024, 45.9192, 38.8509, 32.7572, 27.6918, 23.5996, 17.7921, 12.9069, 10.406, 9.11469, 8.55161]",0.130705,"[9.7058, 9.52461, 12.3996, 9.9241]",0.345314
0.0,-0.135865,0.0,0.0,19.356,0.0,1951.72,-5.83923,93.9704,1,"[200.0, 200.0, 200.0, 200.0, 200.0, 200.0, 200.0, 200.0, 200.0, 200.0, 200.0, 200.0, 200.0, 200.0, 200.0, 200.0, 200.0, 200.0, 200.0, 200.0, 200.0, 200.0, 200.0, 200.0, 200.0, 200.0, 200.0, 200.0, 200.0, 200.0, 200.0, 200.0, 200.0, 200.0, 200.0, 200.0]",1,1514.84,13.0344,0.0624727,-0.206311,0.0,"[6.57541, 6.5659, 7.0925, 8.43452, 11.7559, 18.792, 70.9869, 62.1754, 53.7121, 45.8409, 38.7863, 32.707, 27.655, 23.574, 17.7821, 12.9079, 10.4117, 9.12284, 8.56176]",0.132204,"[11.1315, 11.2561, 11.8148, 10.3752]",0.345125
0.0,-0.134732,0.0,0.0,19.378,0.0,1951.8,-5.75916,93.9704,1,"[200.0, 200.0, 200.0, 200.0, 200.0, 200.0, 200.0, 200.0, 200.0, 200.0, 200.0, 200.0, 200.0, 200.0, 200.0, 200.0, 200.0, 200.0, 200.0, 200.0, 200.0, 200.0, 200.0, 200.0, 200.0, 200.0, 200.0, 200.0, 200.0, 200.0, 200.0, 200.0, 200.0, 200.0, 200.0, 200.0]",1,1481.15,13.0511,0.0626545,-0.183046,0.0,"[6.56304, 6.55571, 7.08396, 8.42819, 11.7572, 18.8393, 70.8818, 62.0764, 53.6222, 45.7628, 38.7221, 32.6569, 27.6182, 23.5484, 17.772, 12.9088, 10.4173, 9.13089, 8.57179]",0.133687,"[11.0499, 11.9789, 9.72928, 12.1961]",0.345233
0.0,-0.133559,0.0,0.0,19.4,0.0,1951.88,-5.67896,93.9704,1,"[200.0, 200.0, 200.0, 200.0, 200.0, 200.0, 200.0, 200.0, 200.0, 200.0, 200.0, 200.0, 200.0, 200.0, 200.0, 200.0, 200.0, 200.0, 200.0, 200.0, 200.0, 200.0, 200.0, 200.0, 200.0, 200.0, 200.0, 200.0, 200.0, 200.0, 200.0, 200.0, 200.0, 200.0, 200.0, 200.0]",1,1483.73,13.0979,0.0619782,-0.157495,0.0,"[6.55073, 6.54566, 7.07565, 8.42229, 11.7595, 18.8915, 70.7725, 61.9733, 53.5285, 45.6813, 38.6547, 32.6043, 27.5793, 23.5212, 17.7607, 12.9092, 10.4224, 9.13872, 8.58169]",0.135159,"[9.04987, 9.39562, 10.2743, 11.7321]",0.345511
0.0,-0.132373,0.0,0.0,19.422,0.0,1951.96,-5.59888,93.9704,1,"[200.0, 200.0, 200.0, 200.0, 200.0, 200.0, 200.0, 200.0, 200.0, 200.0, 200.0, 200.0, 200.0, 200.0, 200.0, 200.0, 200.0, 200.0, 200.0, 200.0, 200.0, 200.0, 200.0, 200.0, 200.0, 200.0, 200.0, 200.0, 200.0, 200.0, 200.0, 200.0, 200.0, 200.0, 200.0, 200.0]",1,1485.91,12.9914,0.0623624,-0.129201,0.0,"[6.53852, 6.53572, 7.06748, 8.41661, 11.7624, 18.9459, 70.6621, 61.8691, 53.4337, 45.5988, 38.5865, 32.5509, 27.5397, 23.4933, 17.7491, 12.9092, 10.4274, 9.14639, 8.59151]",0.136619,"[12.3707, 12.5534, 12.2582, 9.72484]",0.3458
0.0,-0.131237,0.0,0.0,19.444,0.0,1952.04,-5.5188,93.9704,1,"[200.0, 200.0, 200.0, 200.0, 200.0, 200.0, 200.0, 200.0, 200.0, 200.0, 200.0, 200.0, 200.0, 200.0, 200.0, 200.0, 200.0, 200.0, 200.0, 200.0, 200.0, 200.0, 200.0, 200.0, 200.0, 200.0, 200.0, 200.0, 200.0, 200.0, 200.0, 200.0, 200.0, 200.0, 200.0, 200.0]",1,1468.19,13.0755,0.0622516,-0.100385,0.0,"[6.52647, 6.52582, 7.05925, 8.41066, 11.7643, 18.9973, 70.5566, 61.7698, 53.3436, 45.5205, 38.522, 32.5006, 27.5026, 23.4674, 17.7385, 12.9097, 10.4326, 9.15415, 8.60128]",0.138066,"[9.49409, 10.5371, 11.7626, 10.1509]",0.345993
0.0,-0.130097,0.0,0.0,19.466,0.0,1952.12,-5.43872,93.9704,1,"[200.0, 200.0, 200.0, 200.0, 200.0, 200.0, 200.0, 200.0, 200.0, 200.0, 200.0, 200.0, 200.0, 200.0, 200.0, 200.0, 200.0, 200.0, 200.0, 200.0, 200.0, 200.0, 200.0, 200.0, 200.0, 200.0, 200.0, 200.0, 200.0, 200.0, 200.0, 200.0, 200.0, 200.0, 200.0, 200.0]",1,1493.24,12.9981,0.0640593,-0.0751673,0.0,"[6.51452, 6.51605, 7.05115, 8.4049, 11.7666, 19.0504, 70.4508, 61.6701, 53.253, 45.4419, 38.4572, 32.4501, 27.4653, 23.4412, 17.7278, 12.9101, 10.4377, 9.1618, 8.61096]",0.139499,"[11.374, 11.1716, 9.76953, 12.3853]",0.346072
0.0,-0.128911,0.0,0.0,19.488,0.0,1952.2,-5.35864,93.9704,1,"[200.0, 200.0, 200.0, 200.0, 200.0, 200.0, 200.0, 200.0, 200.0, 200.0, 200.0, 200.0, 200.0, 200.0, 200.0, 200.0, 200.0, 200.0, 200.0, 200.0, 200.0, 200.0, 200.0, 200.0, 200.0, 200.0, 200.0, 200.0, 200.0, 200.0, 200.0, 200.0, 200.0, 200.0, 200.0, 200.0]",1,1490.12,13.0229,0.0636205,-0.0595814,0.0,"[6.50266, 6.50643, 7.04332, 8.39962, 11.7702, 19.1092, 70.3402, 61.5659, 53.1582, 45.3594, 38.389, 32.3966, 27.4255, 23.4131, 17.7158, 12.9098, 10.4424, 9.16918, 8.62049]",0.140918,"[10.9081, 11.4175, 10.1807, 11.8319]",0.346111
0.0,-0.127731,0.0,0.0,19.51,0.0,1952.28,-5.27856,93.9704,1,"[200.0, 200.0, 200.0, 200.0, 200.0, 200.0, 200.0, 200.0, 200.0, 200.0, 200.0, 200.0, 200.0, 200.0, 200.0, 200.0, 200.0, 200.0, 200.0, 200.0, 200.0, 200.0, 200.0, 200.0, 200.0, 200.0, 200.0, 200.0, 200.0, 200.0, 200.0, 200.0, 200.0, 200.0, 200.0, 200.0]",1,1485.18,13.0408,0.0626525,-0.0620817,0.0,"[6.49089, 6.49688, 7.03557, 8.39441, 11.7738, 19.1687, 70.2303, 61.4623, 53.0641, 45.2775, 38.3212, 32.3436, 27.3861, 23.3851, 17.7038, 12.9094, 10.447, 9.17651, 8.62997]",0.142327,"[10.1235, 9.47544, 12.2825, 9.71509]",0.346233
0.0,-0.126602,0.0,0.0,19.532,0.0,1952.36,-5.19861,93.9704,1,"[200.0, 200.0, 200.0, 200.0, 200.0, 200.0, 200.0, 200.0, 200.0, 200.0, 200.0, 200.0, 200.0, 200.0, 200.0, 200.0, 200.0, 200.0, 200.0, 200.0, 200.0, 200.0, 200.0, 200.0, 200.0, 200.0, 200.0, 200.0, 200.0, 200.0, 200.0, 200.0, 200.0, 200.0, 200.0, 200.0]",1,1507.5,12.9564,0.0636889,-0.0889508,0.0,"[6.47929, 6.4874, 7.02774, 8.38892, 11.7765, 19.2251, 70.1257, 61.3638, 52.9747, 45.2, 38.2574, 32.2937, 27.3493, 23.3593, 17.693, 12.9096, 10.4518, 9.18391, 8.63939]",0.143723,"[12.3149, 12.3145, 11.7679, 10.3738]",0.346524
0.0,-0.125462,0.0,0.0,19.554,0.0,1952.44,-5.11853,93.9704,1,"[200.0, 200.0, 200.0, 200.0, 200.0, 200.0, 200.0, 200.0, 200.0, 200.0, 200.0, 200.0, 200.0, 200.0, 200.0, 200.0, 200.0, 200.0, 200.0, 200.0, 200.0, 200.0, 200.0, 200.0, 200.0, 200.0, 200.0, 200.0, 200.0, 200.0, 200.0, 200.0, 200.0, 200.0, 200.0, 200.0]",1,1472.47,13.0597,0.0620921,-0.13531,0.0,"[6.46779, 6.47803, 7.02007, 8.38369, 11.7797, 19.2838, 70.0198, 61.2641, 52.8843, 45.1215, 38.1926, 32.2431, 27.3117, 23.3328, 17.6819, 12.9095, 10.4565, 9.19116, 8.6487]",0.145105,"[9.60562, 9.26346, 9.66622, 11.9988]",0.347013
0.0,-0.124292,0.0,0.0,19.576,0.0,1952.52,-5.03845,93.9704,1,"[200.0, 200.0, 200.0, 200.0, 200.0, 200.0, 200.0, 200.0, 200.0, 200.0, 200.0, 200.0, 200.0, 200.0, 200.0, 200.0, 200.0, 200.0, 200.0, 200.0, 200.0, 200.0, 200.0, 200.0, 200.0, 200.0, 200.0, 200.0, 200.0, 200.0, 200.0, 200.0, 200.0, 200.0, 200.0, 200.0]",1,1458.51,12.9609,0.0601386,-0.191285,0.0,"[6.45637, 6.4688, 7.0126, 8.37879, 11.7838, 19.3472, 69.9109, 61.1616, 52.7911, 45.0404, 38.1256, 32.1906, 27.2726, 23.305, 17.6698, 12.9089, 10.4608, 9.19822, 8.65791]",0.146474,"[11.4917, 11.6133, 10.4171, 11.4925]",0.347645
0.0,-0.123132,0.0,0.0,19.598,0.0,1952.6,-4.9585,93.9704,1,"[200.0, 200.0, 200.0, 200.0, 200.0, 200.0, 200.0, 200.0, 200.0, 200.0, 200.0, 200.0, 200.0, 200.0, 200.0, 200.0, 200.0, 200.0, 200.0, 200.0, 200.0, 200.0, 200.0, 200.0, 200.0, 200.0, 200.0, 200.0, 200.0, 200.0, 200.0, 200.0, 200.0, 200.0, 200.0, 200.0]",1,1488.77,13.0069,0.0589378,-0.245023,0.0,"[6.4451, 6.45967, 7.00524, 8.37397, 11.788, 19.4114, 69.8029, 61.0599, 52.6988, 44.9602, 38.0593, 32.1386, 27.234, 23.2776, 17.6579, 12.9083, 10.4651, 9.2052, 8.66701]",0.147828,"[11.0099, 10.048, 12.2569, 9.99755]",0.348279
0.0,-0.122024,0.0,0.0,19.62,0.0,1952.68,-4.87854,93.9704,1,"[200.0, 200.0, 200.0, 200.0, 200.0, 200.0, 200.0, 200.0, 200.0, 200.0, 200.0, 200.0, 200.0, 200.0, 200.0, 200.0, 200.0, 200.0, 200.0, 200.0, 200.0, 200.0, 200.0, 200.0, 200.0, 200.0, 200.0, 200.0, 200.0, 200.0, 200.0, 200.0, 200.0, 200.0, 200.0, 200.0]",1,1512.9,12.9645,0.0597191,-0.285295,0.0,"[6.43396, 6.45058, 6.99778, 8.36888, 11.7912, 19.4718, 69.7004, 60.9634, 52.6114, 44.8845, 37.997, 32.09, 27.1979, 23.2522, 17.6472, 12.9082, 10.4696, 9.21226, 8.67611]",0.149171,"[9.59015, 12.0233, 11.4735, 10.7011]",0.348716
0.0,-0.12088,0.0,0.0,19.642,0.0,1952.76,-4.79858,93.9704,1,"[200.0, 200.0, 200.0, 200.0, 200.0, 200.0, 200.0, 200.0, 200.0, 200.0, 200.0, 200.0, 200.0, 200.0, 200.0, 200.0, 200.0, 200.0, 200.0, 200.0, 200.0, 200.0, 200.0, 200.0, 200.0, 200.0, 200.0, 200.0, 200.0, 200.0, 200.0, 200.0, 200.0, 200.0, 200.0, 200.0]",1,1445.09,12.9698,0.0569932,-0.300697,0.0,"[6.42292, 6.44166, 6.99058, 8.36419, 11.7955, 19.5375, 69.5942, 60.8635, 52.5207, 44.8057, 37.9319, 32.0391, 27.16, 23.2252, 17.6354, 12.9076, 10.4738, 9.2191, 8.68504]",0.150499,"[12.5951, 10.4738, 9.78474, 12.0055]",0.348756
0.0,-0.119746,0.0,0.0,19.664,0.0,1952.84,-4.71863,93.9704,1,"[200.0, 200.0, 200.0, 200.0, 200.0, 200.0, 200.0, 200.0, 200.0, 200.0, 200.0, 200.0, 200.0, 200.0, 200.0, 200.0, 200.0, 200.0, 200.0, 200.0, 200.0, 200.0, 200.0, 200.0, 200.0, 200.0, 200.0, 200.0, 200.0, 200.0, 200.0, 200.0, 200.0, 200.0, 200.0, 200.0]",1,1584.77,12.9511,0.0558407,-0.287257,0.0,"[6.412, 6.43283, 6.98345, 8.3596, 11.7998, 19.6042, 69.4889, 60.7644, 52.4308, 44.7277, 37.8676, 31.9887, 27.1225, 23.1986, 17.6238, 12.907, 10.478, 9.22588, 8.6939]",0.151814,"[9.40667, 11.235, 11.6685, 11.1196]",0.345947
0.0,-0.118618,0.0,0.0,19.686,0.0,1952.92,-4.63867,93.9704,1,"[200.0, 200.0, 200.0, 200.0, 200.0, 200.0, 200.0, 200.0, 200.0, 200.0, 200.0, 200.0, 200.0, 200.0, 200.0, 200.0, 200.0, 200.0, 200.0, 200.0, 200.0, 200.0, 200.0, 200.0, 200.0, 200.0, 200.0, 200.0, 200.0, 200.0, 200.0, 200.0, 200.0, 200.0, 200.0, 200.0]",1,1465.61,12.9374,0.053526,-0.243495,0.0,"[6.40123, 6.42412, 6.97645, 8.35513, 11.8043, 19.6721, 69.3842, 60.6659, 52.3415, 44.6503, 37.8036, 31.9386, 27.0852, 23.172, 17.6122, 12.9062, 10.482, 9.23253, 8.70265]",0.153112,"[12.52, 10.8571, 11.8086, 10.0449]",0.346546
0.0,-0.117481,0.0,0.0,19.708,0.0,1953.0,-4.55884,93.9704,1,"[200.0, 200.0, 200.0, 200.0, 200.0, 200.0, 200.0, 200.0, 200.0, 200.0, 200.0, 200.0, 200.0, 200.0, 200.0, 200.0, 200.0, 200.0, 200.0, 200.0, 200.0, 200.0, 200.0, 200.0, 200.0, 200.0, 200.0, 200.0, 200.0, 200.0, 200.0, 200.0, 200.0, 200.0, 200.0, 200.0]",1,1481.19,12.9716,0.062704,-0.176417,0.0,"[6.39052, 6.41548, 6.96953, 8.35078, 11.8092, 19.7426, 69.2786, 60.5667, 52.2515, 44.5721, 37.7391, 31.888, 27.0475, 23.1451, 17.6002, 12.9053, 10.4859, 9.23911, 8.71134]",0.154403,"[9.64447, 10.5625, 9.6492, 12.357]",0.34717
0.0,-0.116338,0.0,0.0,19.73,0.0,1953.08,-4.479,93.9704,1,"[200.0, 200.0, 200.0, 200.0, 200.0, 200.0, 200.0, 200.0, 200.0, 200.0, 200.0, 200.0, 200.0, 200.0, 200.0, 200.0, 200.0, 200.0, 200.0, 200.0, 200.0, 200.0, 200.0, 200.0, 200.0, 200.0, 200.0, 200.0, 200.0, 200.0, 200.0, 200.0, 200.0, 200.0, 200.0, 200.0]",1,1486.24,12.9014,0.061456,-0.100609,0.0,"[6.37991, 6.40695, 6.96275, 8.34662, 11.8144, 19.8157, 69.1726, 60.4668, 52.161, 44.4935, 37.6742, 31.8371, 27.0094, 23.1179, 17.5881, 12.9043, 10.4896, 9.24559, 8.71995]",0.155681,"[11.2159, 12.585, 10.0432, 11.8672]",0.347612
0.0,-0.115113,0.0,0.0,19.752,0.0,1953.16,-4.39917,93.9704,1,"[200.0, 200.0, 200.0, 200.0, 200.0, 200.0, 200.0, 200.0, 200.0, 200.0, 200.0, 200.0, 200.0, 200.0, 200.0, 200.0, 200.0, 200.0, 200.0, 200.0, 200.0, 200.0, 200.0, 200.0, 200.0, 200.0, 200.0, 200.0, 200.0, 200.0, 200.0, 200.0, 200.0, 200.0, 200.0, 200.0]",1,1470.53,12.9416,0.0630212,-0.0321333,0.0,"[6.36932, 6.3986, 6.95633, 8.34322, 11.8217, 19.9, 69.058, 60.3589, 52.0628, 44.408, 37.6033, 31.7811, 26.9673, 23.0874, 17.5738, 12.902, 10.4928, 9.2517, 8.7284]",0.156949,"[12.0, 9.33479, 12.2815, 9.51496]",0.347726
0.0,-0.114011,0.0,0.0,19.774,0.0,1953.24,-4.31946,93.9704,1,"[200.0, 200.0, 200.0, 200.0, 200.0, 200.0, 200.0, 200.0, 200.0, 200.0, 200.0, 200.0, 200.0, 200.0, 200.0, 200.0, 200.0, 200.0, 200.0, 200.0, 200.0, 200.0, 200.0, 200.0, 200.0, 200.0, 200.0, 200.0, 200.0, 200.0, 200.0, 200.0, 200.0, 200.0, 200.0, 200.0]",1,1489.82,12.9192,0.0616808,0.0114207,0.0,"[6.35894, 6.39021, 6.94959, 8.33897, 11.8264, 19.9727, 68.956, 60.2631, 51.9761, 44.3329, 37.5414, 31.7327, 26.9312, 23.0617, 17.5625, 12.9013, 10.4966, 9.25813, 8.73688]",0.158204,"[9.30139, 12.2584, 11.8015, 10.1104]",0.347464
0.0,-0.112849,0.0,0.0,19.796,0.0,1953.32,-4.23962,93.9704,1,"[200.0, 200.0, 200.0, 200.0, 200.0, 200.0, 200.0, 200.0, 200.0, 200.0, 200.0, 200.0, 200.0, 200.0, 200.0, 200.0, 200.0, 200.0, 200.0, 200.0, 200.0, 200.0, 200.0, 200.0, 200.0, 200.0, 200.0, 200.0, 200.0, 200.0, 200.0, 200.0, 200.0, 200.0, 200.0, 200.0]",1,1462.75,12.925,0.061146,0.0208086,0.0,"[6.34863, 6.382, 6.94319, 8.33535, 11.8327, 20.0545, 68.848, 60.1614, 51.8838, 44.2528, 37.4751, 31.6806, 26.8921, 23.0336, 17.5496, 12.8996, 10.5, 9.26426, 8.74521]",0.159445,"[12.2894, 9.4579, 9.51511, 12.0388]",0.346888
0.0,-0.111686,0.0,0.0,19.818,0.0,1953.4,-4.15991,93.9704,1,"[200.0, 200.0, 200.0, 200.0, 200.0, 200.0, 200.0, 200.0, 200.0, 200.0, 200.0, 200.0, 200.0, 200.0, 200.0, 200.0, 200.0, 200.0, 200.0, 200.0, 200.0, 200.0, 200.0, 200.0, 200.0, 200.0, 200.0, 200.0, 200.0, 200.0, 200.0, 200.0, 200.0, 200.0, 200.0, 200.0]",1,1436.34,12.9242,0.0636834,-0.00470789,0.0,"[6.33843, 6.37389, 6.93689, 8.33188, 11.8394, 20.1389, 68.7397, 60.0596, 51.7915, 44.1726, 37.4087, 31.6283, 26.8528, 23.0053, 17.5365, 12.8978, 10.5032, 9.2703, 8.75346]",0.160674,"[9.93603, 10.9445, 10.1022, 11.5169]",0.346174
0.0,-0.110532,0.0,0.0,19.84,0.0,1953.48,-4.08032,93.9704,1,"[200.0, 200.0, 200.0, 200.0, 200.0, 200.0, 200.0, 200.0, 200.0, 200.0, 200.0, 200.0, 200.0, 200.0, 200.0, 200.0, 200.0, 200.0, 200.0, 200.0, 200.0, 200.0, 200.0, 200.0, 200.0, 200.0, 200.0, 200.0, 200.0, 200.0, 200.0, 200.0, 200.0, 200.0, 200.0, 200.0]",1,1484.41,12.8867,0.0594536,-0.0586759,0.0,"[6.32834, 6.36588, 6.93066, 8.32845, 11.8461, 20.2247, 68.6325, 59.9588, 51.7, 44.0932, 37.3431, 31.5767, 26.8141, 22.9773, 17.5236, 12.8961, 10.5064, 9.27628, 8.76162]",0.161891,"[11.0431, 10.9595, 12.239, 9.90266]",0.345546
0.0,-0.109375,0.0,0.0,19.862,0.0,1953.56,-4.00061,93.9704,1,"[200.0, 200.0, 200.0, 200.0, 200.0, 200.0, 200.0, 200.0, 200.0, 200.0, 200.0, 200.0, 200.0, 200.0, 200.0, 200.0, 200.0, 200.0, 200.0, 200.0, 200.0, 200.0, 200.0, 200.0, 200.0, 200.0, 200.0, 200.0, 200.0, 200.0, 200.0, 200.0, 200.0, 200.0, 200.0, 200.0]",1,1491.16,12.9077,0.0589496,-0.129682,0.0,"[6.31836, 6.35797, 6.92458, 8.32518, 11.8531, 20.3133, 68.525, 59.8577, 51.6084, 44.0135, 37.2772, 31.5248, 26.7751, 22.9492, 17.5105, 12.8942, 10.5095, 9.28214, 8.76968]",0.163093,"[11.4699, 8.95358, 11.3349, 10.5444]",0.345199
0.0,-0.108312,0.0,0.0,19.884,0.0,1953.64,-3.92102,93.9704,1,"[200.0, 200.0, 200.0, 200.0, 200.0, 200.0, 200.0, 200.0, 200.0, 200.0, 200.0, 200.0, 200.0, 200.0, 200.0, 200.0, 200.0, 200.0, 200.0, 200.0, 200.0, 200.0, 200.0, 200.0, 200.0, 200.0, 200.0, 200.0, 200.0, 200.0, 200.0, 200.0, 200.0, 200.0, 200.0, 200.0]",1,1468.5,12.8787,0.0615244,-0.200688,0.0,"[6.30857, 6.35007, 6.91828, 8.32135, 11.8583, 20.3932, 68.4268, 59.7655, 51.5251, 43.9415, 37.218, 31.4785, 26.7406, 22.9245, 17.4995, 12.8933, 10.513, 9.2882, 8.77774]",0.164282,"[9.51106, 12.3041, 9.7485, 11.9682]",0.34525
0.0,-0.107119,0.0,0.0,19.906,0.0,1953.72,-3.84143,93.9704,1,"[200.0, 200.0, 200.0, 200.0, 200.0, 200.0, 200.0, 200.0, 200.0, 200.0, 200.0, 200.0, 200.0, 200.0, 200.0, 200.0, 200.0, 200.0, 200.0, 200.0, 200.0, 200.0, 200.0, 200.0, 200.0, 200.0, 200.0, 200.0, 200.0, 200.0, 200.0, 200.0, 200.0, 200.0, 200.0, 200.0]",1,1477.46,12.8836,0.0587472,-0.254983,0.0,"[6.29878, 6.34241, 6.91252, 8.31864, 11.8666, 20.492, 68.3156, 59.6609, 51.4301, 43.859, 37.1495, 31.4245, 26.6998, 22.8948, 17.4854, 12.8907, 10.5156, 9.29376, 8.78562]",0.16546,"[12.0944, 9.19172, 10.5295, 11.3104]",0.345696
0.0,-0.105996,0.0,0.0,19.928,0.0,1953.8,-3.76172,93.9704,1,"[200.0, 200.0, 200.0, 200.0, 200.0, 200.0, 200.0, 200.0, 200.0, 200.0, 200.0, 200.0, 200.0, 200.0, 200.0, 200.0, 200.0, 200.0, 200.0, 200.0, 200.0, 200.0, 200.0, 200.0, 200.0, 200.0, 200.0, 200.0, 200.0, 200.0, 200.0, 200.0, 200.0, 200.0, 200.0, 200.0]",1,1495.63,12.8805,0.0551474,-0.279596,0.0,"[6.28918, 6.33479, 6.90666, 8.31555, 11.8737, 20.585, 68.2113, 59.563, 51.3415, 43.7821, 37.086, 31.3745, 26.6622, 22.8677, 17.4727, 12.8888, 10.5186, 9.29943, 8.79343]",0.166622,"[9.37567, 11.1023, 11.9435, 9.72654]",0.346416
0.0,-0.104905,0.0,0.0,19.95,0.0,1953.88,-3.68225,93.9704,1,"[200.0, 200.0, 200.0, 200.0, 200.0, 200.0, 200.0, 200.0, 200.0, 200.0, 200.0, 200.0, 200.0, 200.0, 200.0, 200.0, 200.0, 200.0, 200.0, 200.0, 200.0, 200.0, 200.0, 200.0, 200.0, 200.0, 200.0, 200.0, 200.0, 200.0, 200.0, 200.0, 200.0, 200.0, 200.0, 200.0]",1,1364.9,12.8753,0.0547604,-0.268503,0.0,"[6.27971, 6.32726, 6.90079, 8.31235, 11.8802, 20.6766, 68.1104, 59.4683, 51.2558, 43.7079, 37.0248, 31.3265, 26.6262, 22.8418, 17.4607, 12.8872, 10.5216, 9.30511, 8.80119]",0.16777,"[11.0331, 10.9747, 10.2552, 10.5318]",0.347211
0.0,-0.103756,0.0,0.0,19.972,0.0,1953.96,-3.60266,93.9704,1,"[200.0, 200.0, 200.0, 200.0, 200.0, 200.0, 200.0, 200.0, 200.0, 200.0, 200.0, 200.0, 200.0, 200.0, 200.0, 200.0, 200.0, 200.0, 200.0, 200.0, 200.0, 200.0, 200.0, 200.0, 200.0, 200.0, 200.0, 200.0, 200.0, 200.0, 200.0, 200.0, 200.0, 200.0, 200.0, 200.0]",1,1491.65,12.845,0.0581299,-0.22586,0.0,"[6.2703, 6.31987, 6.89525, 8.30975, 11.8885, 20.7794, 68.0035, 59.3678, 51.1647, 43.6289, 36.9594, 31.2749, 26.5873, 22.8135, 17.4472, 12.8848, 10.5242, 9.3105, 8.80881]",0.168907,"[10.8912, 10.5149, 9.94775, 12.0779]",0.34786
0.0,-0.102613,0.0,0.0,19.994,0.0,1954.04,-3.52319,93.9704,1,"[200.0, 200.0, 200.0, 200.0, 200.0, 200.0, 200.0, 200.0, 200.0, 200.0, 200.0, 200.0, 200.0, 200.0, 200.0, 200.0, 200.0, 200.0, 200.0, 200.0, 200.0, 200.0, 200.0, 200.0, 200.0, 200.0, 200.0, 200.0, 200.0, 200.0, 200.0, 200.0, 200.0, 200.0, 200.0, 200.0]",1,1463.2,12.8653,0.0546721,-0.164417,0.0,"[6.26099, 6.3126, 6.88979, 8.30722, 11.8968, 20.8847, 67.8972, 59.268, 51.0743, 43.5504, 36.8944, 31.2237, 26.5486, 22.7854, 17.4338, 12.8824, 10.5267, 9.31583, 8.81634]",0.170031,"[9.58989, 10.5771, 12.1656, 9.50764]",0.348165
0.0,-0.101446,0.0,0.0,20.016,0.0,1954.12,-3.44385,93.9704,1,"[200.0, 200.0, 200.0, 200.0, 200.0, 200.0, 200.0, 200.0, 200.0, 200.0, 200.0, 200.0, 200.0, 200.0, 200.0, 200.0, 200.0, 200.0, 200.0, 200.0, 200.0, 200.0, 200.0, 200.0, 200.0, 200.0, 200.0, 200.0, 200.0, 200.0, 200.0, 200.0, 200.0, 200.0, 200.0, 200.0]",1,1477.04,12.7969,0.0587715,-0.0982541,0.0,"[6.25178, 6.30543, 6.8845, 8.30505, 11.9059, 20.9972, 67.7886, 59.1658, 50.9817, 43.4699, 36.8278, 31.1711, 26.5088, 22.7563, 17.4197, 12.8795, 10.529, 9.32098, 8.82378]",0.171143,"[12.3078, 10.7904, 11.7765, 9.99024]",0.348019
0.0,-0.1004,0.0,0.0,20.038,0.0,1954.2,-3.36438,93.9704,1,"[200.0, 200.0, 200.0, 200.0, 200.0, 200.0, 200.0, 200.0, 200.0, 200.0, 200.0, 200.0, 200.0, 200.0, 200.0, 200.0, 200.0, 200.0, 200.0, 200.0, 200.0, 200.0, 200.0, 200.0, 200.0, 200.0, 200.0, 200.0, 200.0, 200.0, 200.0, 200.0, 200.0, 200.0, 200.0, 200.0]",1,1457.47,12.8261,0.0569378,-0.0442013,0.0,"[6.24276, 6.29824, 6.87891, 8.302, 11.9124, 21.0956, 67.6921, 59.0755, 50.9001, 43.3994, 36.7698, 31.1256, 26.4747, 22.7317, 17.4084, 12.878, 10.5319, 9.32643, 8.83123]",0.172241,"[9.23393, 12.6628, 9.53897, 12.0211]",0.347512
0.0,-0.0992244,0.0,0.0,20.06,0.0,1954.28,-3.28491,93.9704,1,"[200.0, 200.0, 200.0, 200.0, 200.0, 200.0, 200.0, 200.0, 200.0, 200.0, 200.0, 200.0, 200.0, 200.0, 200.0, 200.0, 200.0, 200.0, 200.0, 200.0, 200.0, 200.0, 200.0, 200.0, 200.0, 200.0, 200.0, 200.0, 200.0, 200.0, 200.0, 200.0, 200.0, 200.0, 200.0, 200.0]",1,1443.34,12.8209,0.0608137,-0.0357009,0.0,"[6.23373, 6.29127, 6.87386, 8.30012, 11.9223, 21.2172, 67.5826, 58.9725, 50.8068, 43.3184, 36.7026, 31.0724, 26.4344, 22.7022, 17.3939, 12.8749, 10.5339, 9.33141, 8.83851]",0.173331,"[11.3233, 9.24102, 10.0709, 11.4892]",0.346538
0.0,-0.0980714,0.0,0.0,20.082,0.0,1954.35,-3.20569,93.9704,1,"[200.0, 200.0, 200.0, 200.0, 200.0, 200.0, 200.0, 200.0, 200.0, 200.0, 200.0, 200.0, 200.0, 200.0, 200.0, 200.0, 200.0, 200.0, 200.0, 200.0, 200.0, 200.0, 200.0, 200.0, 200.0, 200.0, 200.0, 200.0, 200.0, 200.0, 200.0, 200.0, 200.0, 200.0, 200.0, 200.0]",1,1470.48,12.7745,0.059419,-0.0556323,0.0,"[6.22484, 6.28439, 6.86885, 8.29823, 11.9318, 21.34, 67.4754, 58.8718, 50.7155, 43.2392, 36.637, 31.0206, 26.3951, 22.6734, 17.3798, 12.8719, 10.536, 9.33635, 8.84571]",0.174406,"[11.0098, 12.2427, 12.1281, 9.76203]",0.34532
0.0,-0.0969656,0.0,0.0,20.104,0.0,1954.43,-3.12634,93.9704,1,"[200.0, 200.0, 200.0, 200.0, 200.0, 200.0, 200.0, 200.0, 200.0, 200.0, 200.0, 200.0, 200.0, 200.0, 200.0, 200.0, 200.0, 200.0, 200.0, 200.0, 200.0, 200.0, 200.0, 200.0, 200.0, 200.0, 200.0, 200.0, 200.0, 200.0, 200.0, 200.0, 200.0, 200.0, 200.0, 200.0]",1,1468.97,12.8083,0.0591057,-0.0465512,0.0,"[6.21607, 6.27755, 6.86377, 8.29605, 11.9406, 21.46, 67.3728, 58.7756, 50.6285, 43.1638, 36.5747, 30.9716, 26.358, 22.6464, 17.3668, 12.8694, 10.5383, 9.34135, 8.85287]",0.17547,"[10.0259, 10.4846, 11.6844, 9.95466]",0.344303
0.0,-0.0957945,0.0,0.0,20.126,0.0,1954.51,-3.04712,93.9704,1,"[200.0, 200.0, 200.0, 200.0, 200.0, 200.0, 200.0, 200.0, 200.0, 200.0, 200.0, 200.0, 200.0, 200.0, 200.0, 200.0, 200.0, 200.0, 200.0, 200.0, 200.0, 200.0, 200.0, 200.0, 200.0, 200.0, 200.0, 200.0, 200.0, 200.0, 200.0, 200.0, 200.0, 200.0, 200.0, 200.0]",1,1454.49,12.7577,0.0599909,-0.0514245,0.0,"[6.20739, 6.2709, 6.85905, 8.29458, 11.9511, 21.5956, 67.2637, 58.6731, 50.5357, 43.0831, 36.5078, 30.9186, 26.3178, 22.6169, 17.3521, 12.8659, 10.54, 9.34605, 8.85989]",0.17652,"[12.3827, 10.5459, 9.44968, 12.0565]",0.343847
0.0,-0.094684,0.0,0.0,20.148,0.0,1954.59,-2.9679,93.9704,1,"[200.0, 200.0, 200.0, 200.0, 200.0, 200.0, 200.0, 200.0, 200.0, 200.0, 200.0, 200.0, 200.0, 200.0, 200.0, 200.0, 200.0, 200.0, 200.0, 200.0, 200.0, 200.0, 200.0, 200.0, 200.0, 200.0, 200.0, 200.0, 200.0, 200.0, 200.0, 200.0, 200.0, 200.0, 200.0, 200.0]",1,1452.52,12.7764,0.06033,-0.0693046,0.0,"[6.19882, 6.26426, 6.8542, 8.29273, 11.9605, 21.7266, 67.1607, 58.5764, 50.4482, 43.0074, 36.4453, 30.8692, 26.2804, 22.5895, 17.3387, 12.8632, 10.5421, 9.35087, 8.86687]",0.177559,"[9.18218, 12.4515, 9.99467, 11.5734]",0.344047
0.0,-0.0934876,0.0,0.0,20.17,0.0,1954.67,-2.88879,93.9704,1,"[200.0, 200.0, 200.0, 200.0, 200.0, 200.0, 200.0, 200.0, 200.0, 200.0, 200.0, 200.0, 200.0, 200.0, 200.0, 200.0, 200.0, 200.0, 200.0, 200.0, 200.0, 200.0, 200.0, 200.0, 200.0, 200.0, 200.0, 200.0, 200.0, 200.0, 200.0, 200.0, 200.0, 200.0, 200.0, 200.0]",1,1455.72,12.7663,0.0623062,-0.0945006,0.0,"[6.1903, 6.25781, 6.84975, 8.2917, 11.9722, 21.8784, 67.0491, 58.4716, 50.3532, 42.9248, 36.3767, 30.8148, 26.239, 22.5589, 17.3233, 12.8593, 10.5435, 9.35533, 8.87373]",0.178588,"[11.4776, 9.37694, 12.0191, 9.51441]",0.344827
0.0,-0.0923765,0.0,0.0,20.192,0.0,1954.75,-2.80969,93.9704,1,"[200.0, 200.0, 200.0, 200.0, 200.0, 200.0, 200.0, 200.0, 200.0, 200.0, 200.0, 200.0, 200.0, 200.0, 200.0, 200.0, 200.0, 200.0, 200.0, 200.0, 200.0, 200.0, 200.0, 200.0, 200.0, 200.0, 200.0, 200.0, 200.0, 200.0, 200.0, 200.0, 200.0, 200.0, 200.0, 200.0]",1,1446.13,12.7455,0.0612408,-0.118132,0.0,"[6.18193, 6.25137, 6.84512, 8.2901, 11.9821, 22.0214, 66.946, 58.3749, 50.2657, 42.8491, 36.3141, 30.7654, 26.2015, 22.5315, 17.3098, 12.8563, 10.5453, 9.35996, 8.88055]",0.179603,"[10.3818, 12.0948, 11.4378, 10.0763]",0.345972
0.0,-0.0912584,0.0,0.0,20.214,0.0,1954.83,-2.73059,93.9704,1,"[200.0, 200.0, 200.0, 200.0, 200.0, 200.0, 200.0, 200.0, 200.0, 200.0, 200.0, 200.0, 200.0, 200.0, 200.0, 200.0, 200.0, 200.0, 200.0, 200.0, 200.0, 200.0, 200.0, 200.0, 200.0, 200.0, 200.0, 200.0, 200.0, 200.0, 200.0, 200.0, 200.0, 200.0, 200.0, 200.0]",1,1457.48,12.7904,0.0610285,-0.13298,0.0,"[6.17368, 6.24504, 6.84062, 8.28873, 11.9926, 22.1726, 66.8422, 58.2776, 50.1778, 42.7728, 36.251, 30.7155, 26.1636, 22.5036, 17.2959, 12.8531, 10.547, 9.36449, 8.88728]",0.180605,"[9.56401, 8.9673, 9.6132, 12.0005]",0.347206
0.0,-0.0900806,0.0,0.0,20.236,0.0,1954.91,-2.65161,93.9704,1,"[200.0, 200.0, 200.0, 200.0, 200.0, 200.0, 200.0, 200.0, 200.0, 200.0, 200.0, 200.0, 200.0, 200.0, 200.0, 200.0, 200.0, 200.0, 200.0, 200.0, 200.0, 200.0, 200.0, 200.0, 200.0, 200.0, 200.0, 200.0, 200.0, 200.0, 200.0, 200.0, 200.0, 200.0, 200.0, 200.0]",1,1458.14,12.6984,0.0650178,-0.1373,0.0,"[6.16549, 6.23888, 6.83644, 8.28796, 12.0047, 22.3433, 66.7324, 58.1745, 50.0844, 42.6918, 36.1838, 30.6621, 26.1229, 22.4735, 17.2806, 12.8491, 10.5483, 9.36874, 8.8939]",0.181596,"[12.0948, 11.1665, 10.0497, 11.5039]",0.348239
0.0,-0.0889238,0.0,0.0,20.258,0.0,1954.99,-2.57251,93.9704,1,"[200.0, 200.0, 200.0, 200.0, 200.0, 200.0, 200.0, 200.0, 200.0, 200.0, 200.0, 200.0, 200.0, 200.0, 200.0, 200.0, 200.0, 200.0, 200.0, 200.0, 200.0, 200.0, 200.0, 200.0, 200.0, 200.0, 200.0, 200.0, 200.0, 200.0, 200.0, 200.0, 200.0, 200.0, 200.0, 200.0]",1,1453.35,12.7687,0.0599905,-0.132834,0.0,"[6.15742, 6.23281, 6.83231, 8.2872, 12.0166, 22.5188, 66.6247, 58.0734, 49.9929, 42.6124, 36.118, 30.61, 26.0831, 22.4441, 17.2657, 12.8452, 10.5495, 9.37294, 8.90044]",0.182572,"[9.30116, 9.17344, 11.9723, 9.56611]",0.348839
0.0,-0.0878156,0.0,0.0,20.28,0.0,1955.07,-2.49365,93.9704,1,"[200.0, 200.0, 200.0, 200.0, 200.0, 200.0, 200.0, 200.0, 200.0, 200.0, 200.0, 200.0, 200.0, 200.0, 200.0, 200.0, 200.0, 200.0, 200.0, 200.0, 200.0, 200.0, 200.0, 200.0, 200.0, 200.0, 200.0, 200.0, 200.0, 200.0, 200.0, 200.0, 200.0, 200.0, 200.0, 200.0]",1,1471.68,12.663,0.0607532,-0.123059,0.0,"[6.14951, 6.22678, 6.82812, 8.28618, 12.0276, 22.6936, 66.5219, 57.977, 49.9057, 42.5368, 36.0555, 30.5606, 26.0456, 22.4164, 17.2518, 12.8418, 10.551, 9.37721, 8.9069]",0.183536,"[11.7949, 12.2486, 11.5198, 10.1119]",0.348884
0.0,-0.0866683,0.0,0.0,20.302,0.0,1955.15,-2.41467,93.9704,1,"[200.0, 200.0, 200.0, 200.0, 200.0, 200.0, 200.0, 200.0, 200.0, 200.0, 200.0, 200.0, 200.0, 200.0, 200.0, 200.0, 200.0, 200.0, 200.0, 200.0, 200.0, 200.0, 200.0, 200.0, 200.0, 200.0, 200.0, 200.0, 200.0, 200.0, 200.0, 200.0, 200.0, 200.0, 200.0, 200.0]",1,1438.87,12.7599,0.0594068,-0.110363,0.0,"[6.14167, 6.22091, 6.82419, 8.28562, 12.0399, 22.8877, 66.4151, 57.8768, 49.8151, 42.4582, 35.9903, 30.5089, 26.0061, 22.3872, 17.2369, 12.8378, 10.5521, 9.38126, 8.91326]",0.184486,"[10.2608, 8.90391, 9.40874, 11.8123]",0.348391
0.0,-0.0855172,0.0,0.0,20.324,0.0,1955.22,-2.33582,93.9704,1,"[200.0, 200.0, 200.0, 200.0, 200.0, 200.0, 200.0, 200.0, 200.0, 200.0, 200.0, 200.0, 200.0, 200.0, 200.0, 200.0, 200.0, 200.0, 200.0, 200.0, 200.0, 200.0, 200.0, 200.0, 200.0, 200.0, 200.0, 200.0, 200.0, 200.0, 200.0, 200.0, 200.0, 200.0, 200.0, 200.0]",1,1420.56,12.6784,0.0600275,-0.0971606,0.0,"[6.13393, 6.21515, 6.82038, 8.28526, 12.0526, 23.0953, 66.308, 57.7763, 49.7241, 42.3794, 35.9249, 30.457, 25.9664, 22.3578, 17.2218, 12.8337, 10.5531, 9.38522, 8.91953]",0.185424,"[10.8115, 11.0003, 9.92967, 11.398]",0.347514
0.0,-0.0843394,0.0,0.0,20.346,0.0,1955.3,-2.25708,93.9704,1,"[200.0, 200.0, 200.0, 200.0, 200.0, 200.0, 200.0, 200.0, 200.0, 200.0, 200.0, 200.0, 200.0, 200.0, 200.0, 200.0, 200.0, 200.0, 200.0, 200.0, 200.0, 200.0, 200.0, 200.0, 200.0, 200.0, 200.0, 200.0, 200.0, 200.0, 200.0, 200.0, 200.0, 200.0, 200.0, 200.0]",1,1456.3,12.6749,0.0551005,-0.0846641,0.0,"[6.12631, 6.20953, 6.8168, 8.28525, 12.0663, 23.3245, 66.1981, 57.6732, 49.6309, 42.2983, 35.8576, 30.4035, 25.9255, 22.3273, 17.206, 12.8291, 10.5538, 9.38898, 8.92568]",0.186346,"[11.8239, 10.5751, 12.1247, 9.63883]",0.34649
0.0,-0.0832313,0.0,0.0,20.368,0.0,1955.38,-2.17822,93.9704,1,"[200.0, 200.0, 200.0, 200.0, 200.0, 200.0, 200.0, 200.0, 200.0, 200.0, 200.0, 200.0, 200.0, 200.0, 200.0, 200.0, 200.0, 200.0, 200.0, 200.0, 200.0, 200.0, 200.0, 200.0, 200.0, 200.0, 200.0, 200.0, 200.0, 200.0, 200.0, 200.0, 200.0, 200.0, 200.0, 200.0]",1,1470.49,12.6981,0.0578964,-0.0746519,0.0,"[6.1188, 6.20391, 6.81304, 8.28481, 12.0785, 23.552, 66.0952, 57.5768, 49.5437, 42.2228, 35.7952, 30.354, 25.8877, 22.2993, 17.1917, 12.8253, 10.5549, 9.39289, 8.93182]",0.18726,"[8.91239, 10.1166, 11.5381, 9.97947]",0.345585
0.0,-0.0821069,0.0,0.0,20.39,0.0,1955.46,-2.09961,93.9704,1,"[200.0, 200.0, 200.0, 200.0, 200.0, 200.0, 200.0, 200.0, 200.0, 200.0, 200.0, 200.0, 200.0, 200.0, 200.0, 200.0, 200.0, 200.0, 200.0, 200.0, 200.0, 200.0, 200.0, 200.0, 200.0, 200.0, 200.0, 200.0, 200.0, 200.0, 200.0, 200.0, 200.0, 200.0, 200.0, 200.0]",1,1438.75,12.6221,0.0591754,-0.0700603,0.0,"[6.11139, 6.19842, 6.80947, 8.28463, 12.0915, 23.8031, 65.9906, 57.4788, 49.4551, 42.1461, 35.7315, 30.3036, 25.8491, 22.2707, 17.1769, 12.8212, 10.5557, 9.39665, 8.93785]",0.18816,"[12.1125, 12.1117, 9.36543, 11.9038]",0.345002
0.0,-0.0809439,0.0,0.0,20.412,0.0,1955.54,-2.02087,93.9704,1,"[200.0, 200.0, 200.0, 200.0, 200.0, 200.0, 200.0, 200.0, 200.0, 200.0, 200.0, 200.0, 200.0, 200.0, 200.0, 200.0, 200.0, 200.0, 200.0, 200.0, 200.0, 200.0, 200.0, 200.0, 200.0, 200.0, 200.0, 200.0, 200.0, 200.0, 200.0, 200.0, 200.0, 200.0, 200.0, 200.0]",1,1438.06,12.7009,0.0594616,-0.0728465,0.0,"[6.10408, 6.19308, 6.80616, 8.28494, 12.1057, 24.0906, 65.8822, 57.3771, 49.3631, 42.0663, 35.6653, 30.2509, 25.8087, 22.2405, 17.1612, 12.8165, 10.5563, 9.4002, 8.94376]",0.189047,"[9.46213, 9.28464, 9.8669, 11.4819]",0.344827
0.0,-0.0797981,0.0,0.0,20.434,0.0,1955.62,-1.94238,93.9704,1,"[200.0, 200.0, 200.0, 200.0, 200.0, 200.0, 200.0, 200.0, 200.0, 200.0, 200.0, 200.0, 200.0, 200.0, 200.0, 200.0, 200.0, 200.0, 200.0, 200.0, 200.0, 200.0, 200.0, 200.0, 200.0, 200.0, 200.0, 200.0, 200.0, 200.0, 200.0, 200.0, 200.0, 200.0, 200.0, 200.0]",1,1441.47,12.6038,0.0608173,-0.0790333,0.0,"[6.09685, 6.18779, 6.80286, 8.2852, 12.1198, 24.4029, 65.7756, 57.2771, 49.2727, 41.9879, 35.6003, 30.1993, 25.7691, 22.211, 17.1458, 12.812, 10.5568, 9.40375, 8.94963]",0.189925,"[10.9151, 11.986, 11.9239, 9.36255]",0.345044
0.0,-0.078678,0.0,0.0,20.456,0.0,1955.7,-1.86377,93.9704,1,"[200.0, 200.0, 200.0, 200.0, 200.0, 200.0, 200.0, 200.0, 200.0, 200.0, 200.0, 200.0, 200.0, 200.0, 200.0, 200.0, 200.0, 200.0, 200.0, 200.0, 200.0, 200.0, 200.0, 200.0, 200.0, 200.0, 200.0, 200.0, 200.0, 200.0, 200.0, 200.0, 200.0, 200.0, 200.0, 200.0]",1,1421.14,12.6487,0.0606557,-0.0845382,0.0,"[6.08975, 6.1826, 6.79959, 8.28541, 12.1335, 24.7453, 65.6714, 57.1795, 49.1845, 41.9115, 35.5371, 30.149, 25.7306, 22.1824, 17.1308, 12.8076, 10.5574, 9.40725, 8.95542]",0.190789,"[10.6043, 10.5307, 11.4516, 9.79202]",0.345542
0.0,-0.0775722,0.0,0.0,20.478,0.0,1955.77,-1.78528,93.9704,1,"[200.0, 200.0, 200.0, 200.0, 200.0, 200.0, 200.0, 200.0, 200.0, 200.0, 200.0, 200.0, 200.0, 200.0, 200.0, 200.0, 200.0, 200.0, 200.0, 200.0, 200.0, 200.0, 200.0, 200.0, 200.0, 200.0, 200.0, 200.0, 200.0, 200.0, 200.0, 200.0, 200.0, 200.0, 200.0, 200.0]",1,1446.77,12.6329,0.0626757,-0.0864557,0.0,"[6.08275, 6.17746, 6.79637, 8.28564, 12.1471, 25.1335, 65.5686, 57.0833, 49.0977, 41.8362, 35.4748, 30.0996, 25.6928, 22.1541, 17.1161, 12.8033, 10.558, 9.41074, 8.96116]",0.191642,"[8.88995, 10.71, 9.45714, 12.0413]",0.34617
0.0,-0.0764025,0.0,0.0,20.5,0.0,1955.85,-1.70691,93.9704,1,"[200.0, 200.0, 200.0, 200.0, 200.0, 200.0, 200.0, 200.0, 200.0, 200.0, 200.0, 200.0, 200.0, 200.0, 200.0, 200.0, 200.0, 200.0, 200.0, 200.0, 200.0, 200.0, 200.0, 200.0, 200.0, 200.0, 200.0, 200.0, 200.0, 200.0, 200.0, 200.0, 200.0, 200.0, 200.0, 200.0]",1,1452.34,12.5893,0.0610008,-0.0831705,0.0,"[6.07582, 6.17251, 6.79351, 8.28657, 12.1628, 25.6375, 65.4595, 56.981, 49.0051, 41.756, 35.4081, 30.0465, 25.652, 22.1236, 17.0999, 12.7982, 10.5582, 9.41393, 8.96675]",0.192483,"[11.8818, 10.8686, 9.86697, 11.5063]",0.346764
0.0,-0.0752328,0.0,0.0,20.522,0.0,1955.93,-1.62842,93.9704,1,"[200.0, 200.0, 200.0, 200.0, 200.0, 200.0, 200.0, 200.0, 200.0, 200.0, 200.0, 200.0, 200.0, 200.0, 200.0, 200.0, 200.0, 200.0, 200.0, 200.0, 200.0, 200.0, 200.0, 200.0, 200.0, 200.0, 200.0, 200.0, 200.0, 200.0, 200.0, 200.0, 200.0, 200.0, 200.0, 200.0]",1,1435.48,12.6438,0.0585187,-0.0765437,0.0,"[6.06901, 6.16768, 6.79075, 8.28763, 12.1788, 26.309, 65.3504, 56.8786, 48.9127, 41.6758, 35.3415, 29.9934, 25.6111, 22.0929, 17.0835, 12.7929, 10.5582, 9.41704, 8.97227]",0.19331,"[9.13013, 9.08672, 11.8887, 9.35172]",0.347203
0.0,-0.0741428,0.0,0.0,20.544,0.0,1956.01,-1.55005,93.9704,1,"[200.0, 200.0, 200.0, 200.0, 200.0, 200.0, 200.0, 200.0, 200.0, 200.0, 200.0, 200.0, 200.0, 200.0, 200.0, 200.0, 200.0, 200.0, 200.0, 200.0, 200.0, 200.0, 200.0, 200.0, 200.0, 200.0, 200.0, 200.0, 200.0, 200.0, 200.0, 200.0, 200.0, 200.0, 200.0, 200.0]",1,1449.9,12.5725,0.058219,-0.0735745,0.0,"[6.06234, 6.16283, 6.78781, 8.28816, 12.193, 27.4255, 65.2492, 56.784, 48.8272, 41.6017, 35.2802, 29.9448, 25.5738, 22.0651, 17.0689, 12.7885, 10.5586, 9.42029, 8.97775]",0.194124,"[10.8524, 11.0551, 11.4619, 9.89058]",0.347403
0.0,-0.0729945,0.0,0.0,20.566,0.0,1956.09,-1.4718,93.9704,1,"[200.0, 200.0, 200.0, 200.0, 200.0, 200.0, 200.0, 200.0, 200.0, 200.0, 200.0, 200.0, 200.0, 200.0, 200.0, 200.0, 200.0, 200.0, 200.0, 200.0, 200.0, 200.0, 200.0, 200.0, 200.0, 200.0, 200.0, 200.0, 200.0, 200.0, 200.0, 200.0, 200.0, 200.0, 200.0, 200.0]",1,1426.98,12.5811,0.0602883,-0.0738875,0.0,"[6.05575, 6.15819, 6.78522, 8.28937, 12.2091, 73.8798, 65.1421, 56.6836, 48.7366, 41.5232, 35.215, 29.8928, 25.5337, 22.035, 17.0528, 12.7833, 10.5586, 9.42327, 8.98309]",0.194925,"[10.4281, 10.6791, 9.28363, 11.7155]",0.347342
0.0,-0.0718711,0.0,0.0,20.588,0.0,1956.17,-1.39355,93.9704,1,"[200.0, 200.0, 200.0, 200.0, 200.0, 200.0, 200.0, 200.0, 200.0, 200.0, 200.0, 200.0, 200.0, 200.0, 200.0, 200.0, 200.0, 200.0, 200.0, 200.0, 200.0, 200.0, 200.0, 200.0, 200.0, 200.0, 200.0, 200.0, 200.0, 200.0, 200.0, 200.0, 200.0, 200.0, 200.0, 200.0]",1,1393.91,12.5911,0.0562842,-0.0755854,0.0,"[6.04928, 6.15361, 6.78266, 8.29051, 12.2248, 73.7715, 65.0376, 56.5857, 48.6481, 41.4466, 35.1515, 29.8422, 25.4948, 22.0058, 17.0372, 12.7782, 10.5585, 9.42623, 8.98837]",0.195712,"[9.78219, 10.3922, 9.8782, 11.1692]",0.34708
0.0,-0.0706976,0.0,0.0,20.61,0.0,1956.24,-1.31543,93.9704,1,"[200.0, 200.0, 200.0, 200.0, 200.0, 200.0, 200.0, 200.0, 200.0, 200.0, 200.0, 200.0, 200.0, 200.0, 200.0, 200.0, 200.0, 200.0, 200.0, 200.0, 200.0, 200.0, 200.0, 200.0, 200.0, 200.0, 200.0, 200.0, 200.0, 200.0, 200.0, 200.0, 200.0, 200.0, 200.0, 200.0]",1,1449.28,12.5177,0.0590471,-0.0769719,0.0,"[6.0429, 6.14919, 6.78039, 8.29223, 12.2422, 73.658, 64.928, 56.4831, 48.5553, 41.366, 35.0846, 29.7888, 25.4536, 21.9747, 17.0204, 12.7725, 10.5582, 9.42894, 8.99352]",0.196487,"[11.9266, 10.7022, 12.0131, 9.6461]",0.34673
0.0,-0.0695947,0.0,0.0,20.632,0.0,1956.32,-1.2373,93.9704,1,"[200.0, 200.0, 200.0, 200.0, 200.0, 200.0, 200.0, 200.0, 200.0, 200.0, 200.0, 200.0, 200.0, 200.0, 200.0, 200.0, 200.0, 200.0, 200.0, 200.0, 200.0, 200.0, 200.0, 200.0, 200.0, 200.0, 200.0, 200.0, 200.0, 200.0, 200.0, 200.0, 200.0, 200.0, 200.0, 200.0]",1,1466.09,12.5742,0.0569933,-0.076452,0.0,"[6.03664, 6.14479, 6.77796, 8.29347, 12.2581, 73.5517, 64.8254, 56.3871, 48.4687, 41.291, 35.0223, 29.7393, 25.4154, 21.946, 17.0051, 12.7675, 10.5581, 9.4318, 8.99864]",0.197251,"[9.22818, 10.1798, 11.3819, 9.9726]",0.34641
0.0,-0.068456,0.0,0.0,20.654,0.0,1956.4,-1.15918,93.9704,1,"[200.0, 200.0, 200.0, 200.0, 200.0, 200.0, 200.0, 200.0, 200.0, 200.0, 200.0, 200.0, 200.0, 200.0, 200.0, 200.0, 200.0, 200.0, 200.0, 200.0, 200.0, 200.0, 200.0, 200.0, 200.0, 200.0, 200.0, 200.0, 200.0, 200.0, 200.0, 200.0, 200.0, 200.0, 200.0, 200.0]",1,1423.29,12.4975,0.0579148,-0.0732465,0.0,"[6.03047, 6.14053, 6.77577, 8.29517, 12.2753, 73.4418, 64.7193, 56.2877, 48.3789, 41.2133, 34.9577, 29.6878, 25.3757, 21.9161, 16.9889, 12.762, 10.5577, 9.43446, 9.00366]",0.198002,"[11.7987, 10.8671, 9.25146, 11.6903]",0.346208
0.0,-0.0673202,0.0,0.0,20.676,0.0,1956.48,-1.08118,93.9704,1,"[200.0, 200.0, 200.0, 200.0, 200.0, 200.0, 200.0, 200.0, 200.0, 200.0, 200.0, 200.0, 200.0, 200.0, 200.0, 200.0, 200.0, 200.0, 200.0, 200.0, 200.0, 200.0, 200.0, 200.0, 200.0, 200.0, 200.0, 200.0, 200.0, 200.0, 200.0, 200.0, 200.0, 200.0, 200.0, 200.0]",1,1418.27,12.5376,0.0603074,-0.070685,0.0,"[6.02439, 6.13637, 6.77369, 8.29702, 12.2927, 73.332, 64.6134, 56.1885, 48.2894, 41.1357, 34.8934, 29.6364, 25.336, 21.8862, 16.9727, 12.7564, 10.5573, 9.43704, 9.0086]",0.198742,"[10.495, 10.5164, 9.82405, 11.3189]",0.346154
0.0,-0.0661615,0.0,0.0,20.698,0.0,1956.56,-1.00317,93.9704,1,"[200.0, 200.0, 200.0, 200.0, 200.0, 200.0, 200.0, 200.0, 200.0, 200.0, 200.0, 200.0, 200.0, 200.0, 200.0, 200.0, 200.0, 200.0, 200.0, 200.0, 200.0, 200.0, 200.0, 200.0, 200.0, 200.0, 200.0, 200.0, 200.0, 200.0, 200.0, 200.0, 200.0, 200.0, 200.0, 200.0]",1,1426.73,12.5392,0.0585335,-0.0681947,0.0,"[6.01841, 6.13233, 6.77178, 8.29917, 12.3111, 73.2199, 64.5052, 56.0873, 48.1979, 41.0564, 34.8275, 29.5838, 25.2953, 21.8554, 16.9558, 12.7505, 10.5566, 9.43948, 9.01345]",0.19947,"[10.084, 8.63622, 11.7912, 9.28432]",0.346207
0.0,-0.0650538,0.0,0.0,20.72,0.0,1956.63,-0.925293,93.9704,1,"[200.0, 200.0, 200.0, 200.0, 200.0, 200.0, 200.0, 200.0, 200.0, 200.0, 200.0, 200.0, 200.0, 200.0, 200.0, 200.0, 200.0, 200.0, 200.0, 200.0, 200.0, 200.0, 200.0, 200.0, 200.0, 200.0, 200.0, 200.0, 200.0, 200.0, 200.0, 200.0, 200.0, 200.0, 200.0, 200.0]",1,1409.09,12.4553,0.060436,-0.0639593,0.0,"[6.01254, 6.1283, 6.76979, 8.30103, 12.3284, 73.113, 64.4021, 55.9908, 48.1109, 40.981, 34.7651, 29.534, 25.2569, 21.8264, 16.9401, 12.7451, 10.5562, 9.44199, 9.01826]",0.200187,"[12.2465, 11.9432, 11.3577, 9.69488]",0.346299
0.0,-0.0639489,0.0,0.0,20.742,0.0,1956.71,-0.847412,93.9704,1,"[200.0, 200.0, 200.0, 200.0, 200.0, 200.0, 200.0, 200.0, 200.0, 200.0, 200.0, 200.0, 200.0, 200.0, 200.0, 200.0, 200.0, 200.0, 200.0, 200.0, 200.0, 200.0, 200.0, 200.0, 200.0, 200.0, 200.0, 200.0, 200.0, 200.0, 200.0, 200.0, 200.0, 200.0, 200.0, 200.0]",1,1431.43,12.5295,0.0607299,-0.0573378,0.0,"[6.00677, 6.12439, 6.76792, 8.30302, 12.346, 73.0063, 64.2992, 55.8946, 48.0241, 40.9059, 34.7027, 29.4843, 25.2185, 21.7974, 16.9243, 12.7396, 10.5557, 9.44439, 9.02298]",0.200891,"[9.07522, 9.05597, 9.35108, 11.9652]",0.346362
0.0,-0.0627979,0.0,0.0,20.764,0.0,1956.79,-0.769775,93.9704,1,"[200.0, 200.0, 200.0, 200.0, 200.0, 200.0, 200.0, 200.0, 200.0, 200.0, 200.0, 200.0, 200.0, 200.0, 200.0, 200.0, 200.0, 200.0, 200.0, 200.0, 200.0, 200.0, 200.0, 200.0, 200.0, 200.0, 200.0, 200.0, 200.0, 200.0, 200.0, 200.0, 200.0, 200.0, 200.0, 200.0]",1,1437.08,12.4623,0.0594281,-0.0787609,0.0,"[6.00108, 6.12062, 6.76632, 8.30555, 12.3651, 72.8949, 64.1918, 55.794, 47.9334, 40.8272, 34.6373, 29.432, 25.178, 21.7667, 16.9074, 12.7335, 10.5548, 9.44662, 9.02761]",0.201585,"[9.85453, 11.8684, 9.66064, 11.4838]",0.346164
0.0,-0.0616534,0.0,0.0,20.786,0.0,1956.87,-0.692139,93.9704,1,"[200.0, 200.0, 200.0, 200.0, 200.0, 200.0, 200.0, 200.0, 200.0, 200.0, 200.0, 200.0, 200.0, 200.0, 200.0, 200.0, 200.0, 200.0, 200.0, 200.0, 200.0, 200.0, 200.0, 200.0, 200.0, 200.0, 200.0, 200.0, 200.0, 200.0, 200.0, 200.0, 200.0, 200.0, 200.0, 200.0]",1,1414.26,12.4673,0.061897,-0.0028186,0.0,"[5.99548, 6.11693, 6.76478, 8.30815, 12.3845, 72.7843, 64.085, 55.6941, 47.8432, 40.7491, 34.5724, 29.3802, 25.1378, 21.7363, 16.8906, 12.7274, 10.5539, 9.44879, 9.03217]",0.202267,"[11.9656, 9.29339, 11.7829, 9.11005]",0.346194
0.0,-0.0605586,0.0,0.0,20.808,0.0,1956.95,-0.614502,93.9704,1,"[200.0, 200.0, 200.0, 200.0, 200.0, 200.0, 200.0, 200.0, 200.0, 200.0, 200.0, 200.0, 200.0, 200.0, 200.0, 200.0, 200.0, 200.0, 200.0, 200.0, 200.0, 200.0, 200.0, 200.0, 200.0, 200.0, 200.0, 200.0, 200.0, 200.0, 200.0, 200.0, 200.0, 200.0, 200.0, 200.0]",1,1409.1,12.4557,0.0577294,0.0166964,0.0,"[5.99001, 6.11329, 6.76318, 8.31049, 12.4028, 72.6785, 63.9831, 55.5988, 47.7573, 40.6748, 34.5108, 29.3309, 25.0997, 21.7074, 16.8747, 12.7218, 10.5532, 9.45099, 9.03666]",0.202937,"[9.12088, 10.7635, 11.3522, 9.634]",0.346362
0.0,-0.0594247,0.0,0.0,20.83,0.0,1957.02,-0.536865,93.9704,1,"[200.0, 200.0, 200.0, 200.0, 200.0, 200.0, 200.0, 200.0, 200.0, 200.0, 200.0, 200.0, 200.0, 200.0, 200.0, 200.0, 200.0, 200.0, 200.0, 200.0, 200.0, 200.0, 200.0, 200.0, 200.0, 200.0, 200.0, 200.0, 200.0, 200.0, 200.0, 200.0, 200.0, 200.0, 200.0, 200.0]",1,1418.06,12.405,0.0588792,0.0111107,0.0,"[5.98463, 6.1098, 6.76184, 8.31332, 12.4225, 72.5688, 63.8773, 55.4999, 47.668, 40.5975, 34.4466, 29.2796, 25.0599, 21.6772, 16.8579, 12.7156, 10.5521, 9.45299, 9.04105]",0.203593,"[12.1508, 11.318, 9.24866, 11.7963]",0.346565
0.0,-0.0582936,0.0,0.0,20.852,0.0,1957.1,-0.459351,93.9704,1,"[200.0, 200.0, 200.0, 200.0, 200.0, 200.0, 200.0, 200.0, 200.0, 200.0, 200.0, 200.0, 200.0, 200.0, 200.0, 200.0, 200.0, 200.0, 200.0, 200.0, 200.0, 200.0, 200.0, 200.0, 200.0, 200.0, 200.0, 200.0, 200.0, 200.0, 200.0, 200.0, 200.0, 200.0, 200.0, 200.0]",1,1400.5,12.4721,0.0602293,-0.0130517,0.0,"[5.97935, 6.10642, 6.76063, 8.31629, 12.4426, 72.4593, 63.7717, 55.4012, 47.579, 40.5203, 34.3825, 29.2283, 25.0201, 21.6469, 16.8411, 12.7093, 10.551, 9.45492, 9.04536]",0.204237,"[9.02757, 8.89015, 9.68134, 11.1919]",0.34676
0.0,-0.0571731,0.0,0.0,20.874,0.0,1957.18,-0.381958,93.9704,1,"[200.0, 200.0, 200.0, 200.0, 200.0, 200.0, 200.0, 200.0, 200.0, 200.0, 200.0, 200.0, 200.0, 200.0, 200.0, 200.0, 200.0, 200.0, 200.0, 200.0, 200.0, 200.0, 200.0, 200.0, 200.0, 200.0, 200.0, 200.0, 200.0, 200.0, 200.0, 200.0, 200.0, 200.0, 200.0, 200.0]",1,1424.85,12.3659,0.0567425,-0.0466679,0.0,"[5.97418, 6.10311, 6.75948, 8.31932, 12.4628, 72.3509, 63.6672, 55.3034, 47.4908, 40.444, 34.3191, 29.1776, 24.9808, 21.617, 16.8244, 12.7031, 10.5498, 9.45678, 9.04958]",0.204869,"[11.5666, 11.9821, 11.8315, 9.43316]",0.34694
