accel,angle,brake,clutch,curLapTime,damage,dist_from_start,dist_raced,fuel,gear,opponents,race_pos,rpm,speed_x,speed_y,speed_z,steer,track,track_pos,wheel_spin_vel,z
0.0,0.00365799,0.0,0.0,-0.982,0.0,1957.56,0.0,94.0,0,"[200.0, 200.0, 200.0, 200.0, 200.0, 200.0, 200.0, 200.0, 200.0, 200.0, 200.0, 200.0, 200.0, 200.0, 200.0, 200.0, 200.0, 200.0, 200.0, 200.0, 200.0, 200.0, 200.0, 200.0, 200.0, 200.0, 200.0, 200.0, 200.0, 200.0, 200.0, 200.0, 200.0, 200.0, 200.0, 200.0]",1,942.478,0.00187065,0.0500377,-0.00546558,0.0,"[7.48658, 7.79293, 8.84666, 11.3686, 20.0323, 64.566, 55.6536, 47.2582, 39.6464, 33.0363, 27.5369, 23.121, 19.6564, 16.9654, 13.2439, 10.1237, 8.52418, 7.74488, 7.51352]",0.00179749,"[0.0, 0.0, 0.0, 0.0]",0.346282
0.0,0.00365799,0.0,0.0,-0.962,0.0,1957.56,0.0,94.0,0,"[200.0, 200.0, 200.0, 200.0, 200.0, 200.0, 200.0, 200.0, 200.0, 200.0, 200.0, 200.0, 200.0, 200.0, 200.0, 200.0, 200.0, 200.0, 200.0, 200.0, 200.0, 200.0, 200.0, 200.0, 200.0, 200.0, 200.0, 200.0, 200.0, 200.0, 200.0, 200.0, 200.0, 200.0, 200.0, 200.0]",1,942.478,0.00187065,0.0500377,-0.00546558,0.0,"[7.48658, 7.79293, 8.84666, 11.3686, 20.0323, 64.566, 55.6536, 47.2582, 39.6464, 33.0363, 27.5369, 23.121, 19.6564, 16.9654, 13.2439, 10.1237, 8.52418, 7.74488, 7.51352]",0.00179749,"[0.0, 0.0, 0.0, 0.0]",0.346282
0.0,0.00365799,0.0,0.0,-0.942,0.0,1957.56,0.0,94.0,0,"[200.0, 200.0, 200.0, 200.0, 200.0, 200.0, 200.0, 200.0, 200.0, 200.0, 200.0, 200.0, 200.0, 200.0, 200.0, 200.0, 200.0, 200.0, 200.0, 200.0, 200.0, 200.0, 200.0, 200.0, 200.0, 200.0, 200.0, 200.0, 200.0, 200.0, 200.0, 200.0, 200.0, 200.0, 200.0, 200.0]",1,942.478,0.00187065,0.0500377,-0.00546558,0.0,"[7.48658, 7.79293, 8.84666, 11.3686, 20.0323, 64.566, 55.6536, 47.2582, 39.6464, 33.0363, 27.5369, 23.121, 19.6564, 16.9654, 13.2439, 10.1237, 8.52418, 7.74488, 7.51352]",0.00179749,"[0.0, 0.0, 0.0, 0.0]",0.346282
0.0,0.00365799,0.0,0.0,-0.922,0.0,1957.56,0.0,94.0,0,"[200.0, 200.0, 200.0, 200.0, 200.0, 200.0, 200.0, 200.0, 200.0, 200.0, 200.0, 200.0, 200.0, 200.0, 200.0, 200.0, 200.0, 200.0, 200.0, 200.0, 200.0, 200.0, 200.0, 200.0, 200.0, 200.0, 200.0, 200.0, 200.0, 200.0, 200.0, 200.0, 200.0, 200.0, 200.0, 200.0]",1,942.478,0.00187065,0.0500377,-0.00546558,0.0,"[7.48658, 7.79293, 8.84666, 11.3686, 20.0323, 64.566, 55.6536, 47.2582, 39.6464, 33.0363, 27.5369, 23.121, 19.6564, 16.9654, 13.2439, 10.1237, 8.52418, 7.74488, 7.51352]",0.00179749,"[0.0, 0.0, 0.0, 0.0]",0.346282
0.0,0.00365799,0.0,0.0,-0.902,0.0,1957.56,0.0,94.0,0,"[200.0, 200.0, 200.0, 200.0, 200.0, 200.0, 200.0, 200.0, 200.0, 200.0, 200.0, 200.0, 200.0, 200.0, 200.0, 200.0, 200.0, 200.0, 200.0, 200.0, 200.0, 200.0, 200.0, 200.0, 200.0, 200.0, 200.0, 200.0, 200.0, 200.0, 200.0, 200.0, 200.0, 200.0, 200.0, 200.0]",1,942.478,0.00187065,0.0500377,-0.00546558,0.0,"[7.48658, 7.79293, 8.84666, 11.3686, 20.0323, 64.566, 55.6536, 47.2582, 39.6464, 33.0363, 27.5369, 23.121, 19.6564, 16.9654, 13.2439, 10.1237, 8.52418, 7.74488, 7.51352]",0.00179749,"[0.0, 0.0, 0.0, 0.0]",0.346282
0.0,0.00365799,0.0,0.0,-0.882,0.0,1957.56,0.0,94.0,0,"[200.0, 200.0, 200.0, 200.0, 200.0, 200.0, 200.0, 200.0, 200.0, 200.0, 200.0, 200.0, 200.0, 200.0, 200.0, 200.0, 200.0, 200.0, 200.0, 200.0, 200.0, 200.0, 200.0, 200.0, 200.0, 200.0, 200.0, 200.0, 200.0, 200.0, 200.0, 200.0, 200.0, 200.0, 200.0, 200.0]",1,942.478,0.00187065,0.0500377,-0.00546558,0.0,"[7.48658, 7.79293, 8.84666, 11.3686, 20.0323, 64.566, 55.6536, 47.2582, 39.6464, 33.0363, 27.5369, 23.121, 19.6564, 16.9654, 13.2439, 10.1237, 8.52418, 7.74488, 7.51352]",0.00179749,"[0.0, 0.0, 0.0, 0.0]",0.346282
0.0,0.00365799,0.0,0.0,-0.862,0.0,1957.56,0.0,94.0,0,"[200.0, 200.0, 200.0, 200.0, 200.0, 200.0, 200.0, 200.0, 200.0, 200.0, 200.0, 200.0, 200.0, 200.0, 200.0, 200.0, 200.0, 200.0, 200.0, 200.0, 200.0, 200.0, 200.0, 200.0, 200.0, 200.0, 200.0, 200.0, 200.0, 200.0, 200.0, 200.0, 200.0, 200.0, 200.0, 200.0]",1,942.478,0.00187065,0.0500377,-0.00546558,0.0,"[7.48658, 7.79293, 8.84666, 11.3686, 20.0323, 64.566, 55.6536, 47.2582, 39.6464, 33.0363, 27.5369, 23.121, 19.6564, 16.9654, 13.2439, 10.1237, 8.52418, 7.74488, 7.51352]",0.00179749,"[0.0, 0.0, 0.0, 0.0]",0.346282
0.0,0.00365799,0.0,0.0,-0.842,0.0,1957.56,0.0,94.0,0,"[200.0, 200.0, 200.0, 200.0, 200.0, 200.0, 200.0, 200.0, 200.0, 200.0, 200.0, 200.0, 200.0, 200.0, 200.0, 200.0, 200.0, 200.0, 200.0, 200.0, 200.0, 200.0, 200.0, 200.0, 200.0, 200.0, 200.0, 200.0, 200.0, 200.0, 200.0, 200.0, 200.0, 200.0, 200.0, 200.0]",1,942.478,0.00187065,0.0500377,-0.00546558,0.0,"[7.48658, 7.79293, 8.84666, 11.3686, 20.0323, 64.566, 55.6536, 47.2582, 39.6464, 33.0363, 27.5369, 23.121, 19.6564, 16.9654, 13.2439, 10.1237, 8.52418, 7.74488, 7.51352]",0.00179749,"[0.0, 0.0, 0.0, 0.0]",0.346282
0.0,0.00365799,0.0,0.0,-0.822,0.0,1957.56,0.0,94.0,0,"[200.0, 200.0, 200.0, 200.0, 200.0, 200.0, 200.0, 200.0, 200.0, 200.0, 200.0, 200.0, 200.0, 200.0, 200.0, 200.0, 200.0, 200.0, 200.0, 200.0, 200.0, 200.0, 200.0, 200.0, 200.0, 200.0, 200.0, 200.0, 200.0, 200.0, 200.0, 200.0, 200.0, 200.0, 200.0, 200.0]",1,942.478,0.00187065,0.0500377,-0.00546558,0.0,"[7.48658, 7.79293, 8.84666, 11.3686, 20.0323, 64.566, 55.6536, 47.2582, 39.6464, 33.0363, 27.5369, 23.121, 19.6564, 16.9654, 13.2439, 10.1237, 8.52418, 7.74488, 7.51352]",0.00179749,"[0.0, 0.0, 0.0, 0.0]",0.346282
0.0,0.00365799,0.0,0.0,-0.802,0.0,1957.56,0.0,94.0,0,"[200.0, 200.0, 200.0, 200.0, 200.0, 200.0, 200.0, 200.0, 200.0, 200.0, 200.0, 200.0, 200.0, 200.0, 200.0, 200.0, 200.0, 200.0, 200.0, 200.0, 200.0, 200.0, 200.0, 200.0, 200.0, 200.0, 200.0, 200.0, 200.0, 200.0, 200.0, 200.0, 200.0, 200.0, 200.0, 200.0]",1,942.478,0.00187065,0.0500377,-0.00546558,0.0,"[7.48658, 7.79293, 8.84666, 11.3686, 20.0323, 64.566, 55.6536, 47.2582, 39.6464, 33.0363, 27.5369, 23.121, 19.6564, 16.9654, 13.2439, 10.1237, 8.52418, 7.74488, 7.51352]",0.00179749,"[0.0, 0.0, 0.0, 0.0]",0.346282
0.0,0.00365799,0.0,0.0,-0.782,0.0,1957.56,0.0,94.0,0,"[200.0, 200.0, 200.0, 200.0, 200.0, 200.0, 200.0, 200.0, 200.0, 200.0, 200.0, 200.0, 200.0, 200.0, 200.0, 200.0, 200.0, 200.0, 200.0, 200.0, 200.0, 200.0, 200.0, 200.0, 200.0, 200.0, 200.0, 200.0, 200.0, 200.0, 200.0, 200.0, 200.0, 200.0, 200.0, 200.0]",1,942.478,0.00187065,0.0500377,-0.00546558,0.0,"[7.48658, 7.79293, 8.84666, 11.3686, 20.0323, 64.566, 55.6536, 47.2582, 39.6464, 33.0363, 27.5369, 23.121, 19.6564, 16.9654, 13.2439, 10.1237, 8.52418, 7.74488, 7.51352]",0.00179749,"[0.0, 0.0, 0.0, 0.0]",0.346282
0.0,0.00365799,0.0,0.0,-0.762,0.0,1957.56,0.0,94.0,0,"[200.0, 200.0, 200.0, 200.0, 200.0, 200.0, 200.0, 200.0, 200.0, 200.0, 200.0, 200.0, 200.0, 200.0, 200.0, 200.0, 200.0, 200.0, 200.0, 200.0, 200.0, 200.0, 200.0, 200.0, 200.0, 200.0, 200.0, 200.0, 200.0, 200.0, 200.0, 200.0, 200.0, 200.0, 200.0, 200.0]",1,942.478,0.00187065,0.0500377,-0.00546558,0.0,"[7.48658, 7.79293, 8.84666, 11.3686, 20.0323, 64.566, 55.6536, 47.2582, 39.6464, 33.0363, 27.5369, 23.121, 19.6564, 16.9654, 13.2439, 10.1237, 8.52418, 7.74488, 7.51352]",0.00179749,"[0.0, 0.0, 0.0, 0.0]",0.346282
0.0,0.00365799,0.0,0.0,-0.742,0.0,1957.56,0.0,94.0,0,"[200.0, 200.0, 200.0, 200.0, 200.0, 200.0, 200.0, 200.0, 200.0, 200.0, 200.0, 200.0, 200.0, 200.0, 200.0, 200.0, 200.0, 200.0, 200.0, 200.0, 200.0, 200.0, 200.0, 200.0, 200.0, 200.0, 200.0, 200.0, 200.0, 200.0, 200.0, 200.0, 200.0, 200.0, 200.0, 200.0]",1,942.478,0.00187065,0.0500377,-0.00546558,0.0,"[7.48658, 7.79293, 8.84666, 11.3686, 20.0323, 64.566, 55.6536, 47.2582, 39.6464, 33.0363, 27.5369, 23.121, 19.6564, 16.9654, 13.2439, 10.1237, 8.52418, 7.74488, 7.51352]",0.00179749,"[0.0, 0.0, 0.0, 0.0]",0.346282
0.0,0.00365799,0.0,0.0,-0.722,0.0,1957.56,0.0,94.0,0,"[200.0, 200.0, 200.0, 200.0, 200.0, 200.0, 200.0, 200.0, 200.0, 200.0, 200.0, 200.0, 200.0, 200.0, 200.0, 200.0, 200.0, 200.0, 200.0, 200.0, 200.0, 200.0, 200.0, 200.0, 200.0, 200.0, 200.0, 200.0, 200.0, 200.0, 200.0, 200.0, 200.0, 200.0, 200.0, 200.0]",1,942.478,0.00187065,0.0500377,-0.00546558,0.0,"[7.48658, 7.79293, 8.84666, 11.3686, 20.0323, 64.566, 55.6536, 47.2582, 39.6464, 33.0363, 27.5369, 23.121, 19.6564, 16.9654, 13.2439, 10.1237, 8.52418, 7.74488, 7.51352]",0.00179749,"[0.0, 0.0, 0.0, 0.0]",0.346282
0.0,0.00365799,0.0,0.0,-0.702,0.0,1957.56,0.0,94.0,0,"[200.0, 200.0, 200.0, 200.0, 200.0, 200.0, 200.0, 200.0, 200.0, 200.0, 200.0, 200.0, 200.0, 200.0, 200.0, 200.0, 200.0, 200.0, 200.0, 200.0, 200.0, 200.0, 200.0, 200.0, 200.0, 200.0, 200.0, 200.0, 200.0, 200.0, 200.0, 200.0, 200.0, 200.0, 200.0, 200.0]",1,942.478,0.00187065,0.0500377,-0.00546558,0.0,"[7.48658, 7.79293, 8.84666, 11.3686, 20.0323, 64.566, 55.6536, 47.2582, 39.6464, 33.0363, 27.5369, 23.121, 19.6564, 16.9654, 13.2439, 10.1237, 8.52418, 7.74488, 7.51352]",0.00179749,"[0.0, 0.0, 0.0, 0.0]",0.346282
0.0,0.00365799,0.0,0.0,-0.682,0.0,1957.56,0.0,94.0,0,"[200.0, 200.0, 200.0, 200.0, 200.0, 200.0, 200.0, 200.0, 200.0, 200.0, 200.0, 200.0, 200.0, 200.0, 200.0, 200.0, 200.0, 200.0, 200.0, 200.0, 200.0, 200.0, 200.0, 200.0, 200.0, 200.0, 200.0, 200.0, 200.0, 200.0, 200.0, 200.0, 200.0, 200.0, 200.0, 200.0]",1,942.478,0.00187065,0.0500377,-0.00546558,0.0,"[7.48658, 7.79293, 8.84666, 11.3686, 20.0323, 64.566, 55.6536, 47.2582, 39.6464, 33.0363, 27.5369, 23.121, 19.6564, 16.9654, 13.2439, 10.1237, 8.52418, 7.74488, 7.51352]",0.00179749,"[0.0, 0.0, 0.0, 0.0]",0.346282
0.0,0.00365799,0.0,0.0,-0.662,0.0,1957.56,0.0,94.0,0,"[200.0, 200.0, 200.0, 200.0, 200.0, 200.0, 200.0, 200.0, 200.0, 200.0, 200.0, 200.0, 200.0, 200.0, 200.0, 200.0, 200.0, 200.0, 200.0, 200.0, 200.0, 200.0, 200.0, 200.0, 200.0, 200.0, 200.0, 200.0, 200.0, 200.0, 200.0, 200.0, 200.0, 200.0, 200.0, 200.0]",1,942.478,0.00187065,0.0500377,-0.00546558,0.0,"[7.48658, 7.79293, 8.84666, 11.3686, 20.0323, 64.566, 55.6536, 47.2582, 39.6464, 33.0363, 27.5369, 23.121, 19.6564, 16.9654, 13.2439, 10.1237, 8.52418, 7.74488, 7.51352]",0.00179749,"[0.0, 0.0, 0.0, 0.0]",0.346282
0.0,0.00365799,0.0,0.0,-0.642,0.0,1957.56,0.0,94.0,0,"[200.0, 200.0, 200.0, 200.0, 200.0, 200.0, 200.0, 200.0, 200.0, 200.0, 200.0, 200.0, 200.0, 200.0, 200.0, 200.0, 200.0, 200.0, 200.0, 200.0, 200.0, 200.0, 200.0, 200.0, 200.0, 200.0, 200.0, 200.0, 200.0, 200.0, 200.0, 200.0, 200.0, 200.0, 200.0, 200.0]",1,942.478,0.00187065,0.0500377,-0.00546558,0.0,"[7.48658, 7.79293, 8.84666, 11.3686, 20.0323, 64.566, 55.6536, 47.2582, 39.6464, 33.0363, 27.5369, 23.121, 19.6564, 16.9654, 13.2439, 10.1237, 8.52418, 7.74488, 7.51352]",0.00179749,"[0.0, 0.0, 0.0, 0.0]",0.346282
0.0,0.00365799,0.0,0.0,-0.622,0.0,1957.56,0.0,94.0,0,"[200.0, 200.0, 200.0, 200.0, 200.0, 200.0, 200.0, 200.0, 200.0, 200.0, 200.0, 200.0, 200.0, 200.0, 200.0, 200.0, 200.0, 200.0, 200.0, 200.0, 200.0, 200.0, 200.0, 200.0, 200.0, 200.0, 200.0, 200.0, 200.0, 200.0, 200.0, 200.0, 200.0, 200.0, 200.0, 200.0]",1,942.478,0.00187065,0.0500377,-0.00546558,0.0,"[7.48658, 7.79293, 8.84666, 11.3686, 20.0323, 64.566, 55.6536, 47.2582, 39.6464, 33.0363, 27.5369, 23.121, 19.6564, 16.9654, 13.2439, 10.1237, 8.52418, 7.74488, 7.51352]",0.00179749,"[0.0, 0.0, 0.0, 0.0]",0.346282
0.0,0.00365799,0.0,0.0,-0.602,0.0,1957.56,0.0,94.0,0,"[200.0, 200.0, 200.0, 200.0, 200.0, 200.0, 200.0, 200.0, 200.0, 200.0, 200.0, 200.0, 200.0, 200.0, 200.0, 200.0, 200.0, 200.0, 200.0, 200.0, 200.0, 200.0, 200.0, 200.0, 200.0, 200.0, 200.0, 200.0, 200.0, 200.0, 200.0, 200.0, 200.0, 200.0, 200.0, 200.0]",1,942.478,0.00187065,0.0500377,-0.00546558,0.0,"[7.48658, 7.79293, 8.84666, 11.3686, 20.0323, 64.566, 55.6536, 47.2582, 39.6464, 33.0363, 27.5369, 23.121, 19.6564, 16.9654, 13.2439, 10.1237, 8.52418, 7.74488, 7.51352]",0.00179749,"[0.0, 0.0, 0.0, 0.0]",0.346282
0.0,0.00365799,0.0,0.0,-0.582,0.0,1957.56,0.0,94.0,0,"[200.0, 200.0, 200.0, 200.0, 200.0, 200.0, 200.0, 200.0, 200.0, 200.0, 200.0, 200.0, 200.0, 200.0, 200.0, 200.0, 200.0, 200.0, 200.0, 200.0, 200.0, 200.0, 200.0, 200.0, 200.0, 200.0, 200.0, 200.0, 200.0, 200.0, 200.0, 200.0, 200.0, 200.0, 200.0, 200.0]",1,942.478,0.00187065,0.0500377,-0.00546558,0.0,"[7.48658, 7.79293, 8.84666, 11.3686, 20.0323, 64.566, 55.6536, 47.2582, 39.6464, 33.0363, 27.5369, 23.121, 19.6564, 16.9654, 13.2439, 10.1237, 8.52418, 7.74488, 7.51352]",0.00179749,"[0.0, 0.0, 0.0, 0.0]",0.346282
0.0,0.00365799,0.0,0.0,-0.562,0.0,1957.56,0.0,94.0,0,"[200.0, 200.0, 200.0, 200.0, 200.0, 200.0, 200.0, 200.0, 200.0, 200.0, 200.0, 200.0, 200.0, 200.0, 200.0, 200.0, 200.0, 200.0, 200.0, 200.0, 200.0, 200.0, 200.0, 200.0, 200.0, 200.0, 200.0, 200.0, 200.0, 200.0, 200.0, 200.0, 200.0, 200.0, 200.0, 200.0]",1,942.478,0.00187065,0.0500377,-0.00546558,0.0,"[7.48658, 7.79293, 8.84666, 11.3686, 20.0323, 64.566, 55.6536, 47.2582, 39.6464, 33.0363, 27.5369, 23.121, 19.6564, 16.9654, 13.2439, 10.1237, 8.52418, 7.74488, 7.51352]",0.00179749,"[0.0, 0.0, 0.0, 0.0]",0.346282
0.0,0.00365799,0.0,0.0,-0.542,0.0,1957.56,0.0,94.0,0,"[200.0, 200.0, 200.0, 200.0, 200.0, 200.0, 200.0, 200.0, 200.0, 200.0, 200.0, 200.0, 200.0, 200.0, 200.0, 200.0, 200.0, 200.0, 200.0, 200.0, 200.0, 200.0, 200.0, 200.0, 200.0, 200.0, 200.0, 200.0, 200.0, 200.0, 200.0, 200.0, 200.0, 200.0, 200.0, 200.0]",1,942.478,0.00187065,0.0500377,-0.00546558,0.0,"[7.48658, 7.79293, 8.84666, 11.3686, 20.0323, 64.566, 55.6536, 47.2582, 39.6464, 33.0363, 27.5369, 23.121, 19.6564, 16.9654, 13.2439, 10.1237, 8.52418, 7.74488, 7.51352]",0.00179749,"[0.0, 0.0, 0.0, 0.0]",0.346282
0.0,0.00365799,0.0,0.0,-0.522,0.0,1957.56,0.0,94.0,0,"[200.0, 200.0, 200.0, 200.0, 200.0, 200.0, 200.0, 200.0, 200.0, 200.0, 200.0, 200.0, 200.0, 200.0, 200.0, 200.0, 200.0, 200.0, 200.0, 200.0, 200.0, 200.0, 200.0, 200.0, 200.0, 200.0, 200.0, 200.0, 200.0, 200.0, 200.0, 200.0, 200.0, 200.0, 200.0, 200.0]",1,942.478,0.00187065,0.0500377,-0.00546558,0.0,"[7.48658, 7.79293, 8.84666, 11.3686, 20.0323, 64.566, 55.6536, 47.2582, 39.6464, 33.0363, 27.5369, 23.121, 19.6564, 16.9654, 13.2439, 10.1237, 8.52418, 7.74488, 7.51352]",0.00179749,"[0.0, 0.0, 0.0, 0.0]",0.346282
0.0,0.00365799,0.0,0.0,-0.502,0.0,1957.56,0.0,94.0,0,"[200.0, 200.0, 200.0, 200.0, 200.0, 200.0, 200.0, 200.0, 200.0, 200.0, 200.0, 200.0, 200.0, 200.0, 200.0, 200.0, 200.0, 200.0, 200.0, 200.0, 200.0, 200.0, 200.0, 200.0, 200.0, 200.0, 200.0, 200.0, 200.0, 200.0, 200.0, 200.0, 200.0, 200.0, 200.0, 200.0]",1,942.478,0.00187065,0.0500377,-0.00546558,0.0,"[7.48658, 7.79293, 8.84666, 11.3686, 20.0323, 64.566, 55.6536, 47.2582, 39.6464, 33.0363, 27.5369, 23.121, 19.6564, 16.9654, 13.2439, 10.1237, 8.52418, 7.74488, 7.51352]",0.00179749,"[0.0, 0.0, 0.0, 0.0]",0.346282
0.0,0.00365799,0.0,0.0,-0.482,0.0,1957.56,0.0,94.0,0,"[200.0, 200.0, 200.0, 200.0, 200.0, 200.0, 200.0, 200.0, 200.0, 200.0, 200.0, 200.0, 200.0, 200.0, 200.0, 200.0, 200.0, 200.0, 200.0, 200.0, 200.0, 200.0, 200.0, 200.0, 200.0, 200.0, 200.0, 200.0, 200.0, 200.0, 200.0, 200.0, 200.0, 200.0, 200.0, 200.0]",1,942.478,0.00187065,0.0500377,-0.00546558,0.0,"[7.48658, 7.79293, 8.84666, 11.3686, 20.0323, 64.566, 55.6536, 47.2582, 39.6464, 33.0363, 27.5369, 23.121, 19.6564, 16.9654, 13.2439, 10.1237, 8.52418, 7.74488, 7.51352]",0.00179749,"[0.0, 0.0, 0.0, 0.0]",0.346282
0.0,0.00365799,0.0,0.0,-0.462,0.0,1957.56,0.0,94.0,0,"[200.0, 200.0, 200.0, 200.0, 200.0, 200.0, 200.0, 200.0, 200.0, 200.0, 200.0, 200.0, 200.0, 200.0, 200.0, 200.0, 200.0, 200.0, 200.0, 200.0, 200.0, 200.0, 200.0, 200.0, 200.0, 200.0, 200.0, 200.0, 200.0, 200.0, 200.0, 200.0, 200.0, 200.0, 200.0, 200.0]",1,942.478,0.00187065,0.0500377,-0.00546558,0.0,"[7.48658, 7.79293, 8.84666, 11.3686, 20.0323, 64.566, 55.6536, 47.2582, 39.6464, 33.0363, 27.5369, 23.121, 19.6564, 16.9654, 13.2439, 10.1237, 8.52418, 7.74488, 7.51352]",0.00179749,"[0.0, 0.0, 0.0, 0.0]",0.346282
0.0,0.00365799,0.0,0.0,-0.442,0.0,1957.56,0.0,94.0,0,"[200.0, 200.0, 200.0, 200.0, 200.0, 200.0, 200.0, 200.0, 200.0, 200.0, 200.0, 200.0, 200.0, 200.0, 200.0, 200.0, 200.0, 200.0, 200.0, 200.0, 200.0, 200.0, 200.0, 200.0, 200.0, 200.0, 200.0, 200.0, 200.0, 200.0, 200.0, 200.0, 200.0, 200.0, 200.0, 200.0]",1,942.478,0.00187065,0.0500377,-0.00546558,0.0,"[7.48658, 7.79293, 8.84666, 11.3686, 20.0323, 64.566, 55.6536, 47.2582, 39.6464, 33.0363, 27.5369, 23.121, 19.6564, 16.9654, 13.2439, 10.1237, 8.52418, 7.74488, 7.51352]",0.00179749,"[0.0, 0.0, 0.0, 0.0]",0.346282
0.0,0.00365799,0.0,0.0,-0.422,0.0,1957.56,0.0,94.0,0,"[200.0, 200.0, 200.0, 200.0, 200.0, 200.0, 200.0, 200.0, 200.0, 200.0, 200.0, 200.0, 200.0, 200.0, 200.0, 200.0, 200.0, 200.0, 200.0, 200.0, 200.0, 200.0, 200.0, 200.0, 200.0, 200.0, 200.0, 200.0, 200.0, 200.0, 200.0, 200.0, 200.0, 200.0, 200.0, 200.0]",1,942.478,0.00187065,0.0500377,-0.00546558,0.0,"[7.48658, 7.79293, 8.84666, 11.3686, 20.0323, 64.566, 55.6536, 47.2582, 39.6464, 33.0363, 27.5369, 23.121, 19.6564, 16.9654, 13.2439, 10.1237, 8.52418, 7.74488, 7.51352]",0.00179749,"[0.0, 0.0, 0.0, 0.0]",0.346282
0.0,0.00365799,0.0,0.0,-0.402,0.0,1957.56,0.0,94.0,0,"[200.0, 200.0, 200.0, 200.0, 200.0, 200.0, 200.0, 200.0, 200.0, 200.0, 200.0, 200.0, 200.0, 200.0, 200.0, 200.0, 200.0, 200.0, 200.0, 200.0, 200.0, 200.0, 200.0, 200.0, 200.0, 200.0, 200.0, 200.0, 200.0, 200.0, 200.0, 200.0, 200.0, 200.0, 200.0, 200.0]",1,942.478,0.00187065,0.0500377,-0.00546558,0.0,"[7.48658, 7.79293, 8.84666, 11.3686, 20.0323, 64.566, 55.6536, 47.2582, 39.6464, 33.0363, 27.5369, 23.121, 19.6564, 16.9654, 13.2439, 10.1237, 8.52418, 7.74488, 7.51352]",0.00179749,"[0.0, 0.0, 0.0, 0.0]",0.346282
0.0,0.00365799,0.0,0.0,-0.382,0.0,1957.56,0.0,94.0,0,"[200.0, 200.0, 200.0, 200.0, 200.0, 200.0, 200.0, 200.0, 200.0, 200.0, 200.0, 200.0, 200.0, 200.0, 200.0, 200.0, 200.0, 200.0, 200.0, 200.0, 200.0, 200.0, 200.0, 200.0, 200.0, 200.0, 200.0, 200.0, 200.0, 200.0, 200.0, 200.0, 200.0, 200.0, 200.0, 200.0]",1,942.478,0.00187065,0.0500377,-0.00546558,0.0,"[7.48658, 7.79293, 8.84666, 11.3686, 20.0323, 64.566, 55.6536, 47.2582, 39.6464, 33.0363, 27.5369, 23.121, 19.6564, 16.9654, 13.2439, 10.1237, 8.52418, 7.74488, 7.51352]",0.00179749,"[0.0, 0.0, 0.0, 0.0]",0.346282
0.0,0.00365799,0.0,0.0,-0.362,0.0,1957.56,0.0,94.0,0,"[200.0, 200.0, 200.0, 200.0, 200.0, 200.0, 200.0, 200.0, 200.0, 200.0, 200.0, 200.0, 200.0, 200.0, 200.0, 200.0, 200.0, 200.0, 200.0, 200.0, 200.0, 200.0, 200.0, 200.0, 200.0, 200.0, 200.0, 200.0, 200.0, 200.0, 200.0, 200.0, 200.0, 200.0, 200.0, 200.0]",1,942.478,0.00187065,0.0500377,-0.00546558,0.0,"[7.48658, 7.79293, 8.84666, 11.3686, 20.0323, 64.566, 55.6536, 47.2582, 39.6464, 33.0363, 27.5369, 23.121, 19.6564, 16.9654, 13.2439, 10.1237, 8.52418, 7.74488, 7.51352]",0.00179749,"[0.0, 0.0, 0.0, 0.0]",0.346282
0.0,0.00365799,0.0,0.0,-0.342,0.0,1957.56,0.0,94.0,0,"[200.0, 200.0, 200.0, 200.0, 200.0, 200.0, 200.0, 200.0, 200.0, 200.0, 200.0, 200.0, 200.0, 200.0, 200.0, 200.0, 200.0, 200.0, 200.0, 200.0, 200.0, 200.0, 200.0, 200.0, 200.0, 200.0, 200.0, 200.0, 200.0, 200.0, 200.0, 200.0, 200.0, 200.0, 200.0, 200.0]",1,942.478,0.00187065,0.0500377,-0.00546558,0.0,"[7.48658, 7.79293, 8.84666, 11.3686, 20.0323, 64.566, 55.6536, 47.2582, 39.6464, 33.0363, 27.5369, 23.121, 19.6564, 16.9654, 13.2439, 10.1237, 8.52418, 7.74488, 7.51352]",0.00179749,"[0.0, 0.0, 0.0, 0.0]",0.346282
0.0,0.00365799,0.0,0.0,-0.322,0.0,1957.56,0.0,94.0,0,"[200.0, 200.0, 200.0, 200.0, 200.0, 200.0, 200.0, 200.0, 200.0, 200.0, 200.0, 200.0, 200.0, 200.0, 200.0, 200.0, 200.0, 200.0, 200.0, 200.0, 200.0, 200.0, 200.0, 200.0, 200.0, 200.0, 200.0, 200.0, 200.0, 200.0, 200.0, 200.0, 200.0, 200.0, 200.0, 200.0]",1,942.478,0.00187065,0.0500377,-0.00546558,0.0,"[7.48658, 7.79293, 8.84666, 11.3686, 20.0323, 64.566, 55.6536, 47.2582, 39.6464, 33.0363, 27.5369, 23.121, 19.6564, 16.9654, 13.2439, 10.1237, 8.52418, 7.74488, 7.51352]",0.00179749,"[0.0, 0.0, 0.0, 0.0]",0.346282
0.0,0.00365799,0.0,0.0,-0.302,0.0,1957.56,0.0,94.0,0,"[200.0, 200.0, 200.0, 200.0, 200.0, 200.0, 200.0, 200.0, 200.0, 200.0, 200.0, 200.0, 200.0, 200.0, 200.0, 200.0, 200.0, 200.0, 200.0, 200.0, 200.0, 200.0, 200.0, 200.0, 200.0, 200.0, 200.0, 200.0, 200.0, 200.0, 200.0, 200.0, 200.0, 200.0, 200.0, 200.0]",1,942.478,0.00187065,0.0500377,-0.00546558,0.0,"[7.48658, 7.79293, 8.84666, 11.3686, 20.0323, 64.566, 55.6536, 47.2582, 39.6464, 33.0363, 27.5369, 23.121, 19.6564, 16.9654, 13.2439, 10.1237, 8.52418, 7.74488, 7.51352]",0.00179749,"[0.0, 0.0, 0.0, 0.0]",0.346282
0.0,0.00365799,0.0,0.0,-0.282,0.0,1957.56,0.0,94.0,0,"[200.0, 200.0, 200.0, 200.0, 200.0, 200.0, 200.0, 200.0, 200.0, 200.0, 200.0, 200.0, 200.0, 200.0, 200.0, 200.0, 200.0, 200.0, 200.0, 200.0, 200.0, 200.0, 200.0, 200.0, 200.0, 200.0, 200.0, 200.0, 200.0, 200.0, 200.0, 200.0, 200.0, 200.0, 200.0, 200.0]",1,942.478,0.00187065,0.0500377,-0.00546558,0.0,"[7.48658, 7.79293, 8.84666, 11.3686, 20.0323, 64.566, 55.6536, 47.2582, 39.6464, 33.0363, 27.5369, 23.121, 19.6564, 16.9654, 13.2439, 10.1237, 8.52418, 7.74488, 7.51352]",0.00179749,"[0.0, 0.0, 0.0, 0.0]",0.346282
0.0,0.00365799,0.0,0.0,-0.262,0.0,1957.56,0.0,94.0,0,"[200.0, 200.0, 200.0, 200.0, 200.0, 200.0, 200.0, 200.0, 200.0, 200.0, 200.0, 200.0, 200.0, 200.0, 200.0, 200.0, 200.0, 200.0, 200.0, 200.0, 200.0, 200.0, 200.0, 200.0, 200.0, 200.0, 200.0, 200.0, 200.0, 200.0, 200.0, 200.0, 200.0, 200.0, 200.0, 200.0]",1,942.478,0.00187065,0.0500377,-0.00546558,0.0,"[7.48658, 7.79293, 8.84666, 11.3686, 20.0323, 64.566, 55.6536, 47.2582, 39.6464, 33.0363, 27.5369, 23.121, 19.6564, 16.9654, 13.2439, 10.1237, 8.52418, 7.74488, 7.51352]",0.00179749,"[0.0, 0.0, 0.0, 0.0]",0.346282
0.0,0.00365799,0.0,0.0,-0.242,0.0,1957.56,0.0,94.0,0,"[200.0, 200.0, 200.0, 200.0, 200.0, 200.0, 200.0, 200.0, 200.0, 200.0, 200.0, 200.0, 200.0, 200.0, 200.0, 200.0, 200.0, 200.0, 200.0, 200.0, 200.0, 200.0, 200.0, 200.0, 200.0, 200.0, 200.0, 200.0, 200.0, 200.0, 200.0, 200.0, 200.0, 200.0, 200.0, 200.0]",1,942.478,0.00187065,0.0500377,-0.00546558,0.0,"[7.48658, 7.79293, 8.84666, 11.3686, 20.0323, 64.566, 55.6536, 47.2582, 39.6464, 33.0363, 27.5369, 23.121, 19.6564, 16.9654, 13.2439, 10.1237, 8.52418, 7.74488, 7.51352]",0.00179749,"[0.0, 0.0, 0.0, 0.0]",0.346282
0.0,0.00365799,0.0,0.0,-0.222,0.0,1957.56,0.0,94.0,0,"[200.0, 200.0, 200.0, 200.0, 200.0, 200.0, 200.0, 200.0, 200.0, 200.0, 200.0, 200.0, 200.0, 200.0, 200.0, 200.0, 200.0, 200.0, 200.0, 200.0, 200.0, 200.0, 200.0, 200.0, 200.0, 200.0, 200.0, 200.0, 200.0, 200.0, 200.0, 200.0, 200.0, 200.0, 200.0, 200.0]",1,942.478,0.00187065,0.0500377,-0.00546558,0.0,"[7.48658, 7.79293, 8.84666, 11.3686, 20.0323, 64.566, 55.6536, 47.2582, 39.6464, 33.0363, 27.5369, 23.121, 19.6564, 16.9654, 13.2439, 10.1237, 8.52418, 7.74488, 7.51352]",0.00179749,"[0.0, 0.0, 0.0, 0.0]",0.346282
0.0,0.00365799,0.0,0.0,-0.202,0.0,1957.56,0.0,94.0,0,"[200.0, 200.0, 200.0, 200.0, 200.0, 200.0, 200.0, 200.0, 200.0, 200.0, 200.0, 200.0, 200.0, 200.0, 200.0, 200.0, 200.0, 200.0, 200.0, 200.0, 200.0, 200.0, 200.0, 200.0, 200.0, 200.0, 200.0, 200.0, 200.0, 200.0, 200.0, 200.0, 200.0, 200.0, 200.0, 200.0]",1,942.478,0.00187065,0.0500377,-0.00546558,0.0,"[7.48658, 7.79293, 8.84666, 11.3686, 20.0323, 64.566, 55.6536, 47.2582, 39.6464, 33.0363, 27.5369, 23.121, 19.6564, 16.9654, 13.2439, 10.1237, 8.52418, 7.74488, 7.51352]",0.00179749,"[0.0, 0.0, 0.0, 0.0]",0.346282
0.0,0.00365799,0.0,0.0,-0.182,0.0,1957.56,0.0,94.0,0,"[200.0, 200.0, 200.0, 200.0, 200.0, 200.0, 200.0, 200.0, 200.0, 200.0, 200.0, 200.0, 200.0, 200.0, 200.0, 200.0, 200.0, 200.0, 200.0, 200.0, 200.0, 200.0, 200.0, 200.0, 200.0, 200.0, 200.0, 200.0, 200.0, 200.0, 200.0, 200.0, 200.0, 200.0, 200.0, 200.0]",1,942.478,0.00187065,0.0500377,-0.00546558,0.0,"[7.48658, 7.79293, 8.84666, 11.3686, 20.0323, 64.566, 55.6536, 47.2582, 39.6464, 33.0363, 27.5369, 23.121, 19.6564, 16.9654, 13.2439, 10.1237, 8.52418, 7.74488, 7.51352]",0.00179749,"[0.0, 0.0, 0.0, 0.0]",0.346282
0.0,0.00365799,0.0,0.0,-0.162,0.0,1957.56,0.0,94.0,0,"[200.0, 200.0, 200.0, 200.0, 200.0, 200.0, 200.0, 200.0, 200.0, 200.0, 200.0, 200.0, 200.0, 200.0, 200.0, 200.0, 200.0, 200.0, 200.0, 200.0, 200.0, 200.0, 200.0, 200.0, 200.0, 200.0, 200.0, 200.0, 200.0, 200.0, 200.0, 200.0, 200.0, 200.0, 200.0, 200.0]",1,942.478,0.00187065,0.0500377,-0.00546558,0.0,"[7.48658, 7.79293, 8.84666, 11.3686, 20.0323, 64.566, 55.6536, 47.2582, 39.6464, 33.0363, 27.5369, 23.121, 19.6564, 16.9654, 13.2439, 10.1237, 8.52418, 7.74488, 7.51352]",0.00179749,"[0.0, 0.0, 0.0, 0.0]",0.346282
0.0,0.00365799,0.0,0.0,-0.142,0.0,1957.56,0.0,94.0,0,"[200.0, 200.0, 200.0, 200.0, 200.0, 200.0, 200.0, 200.0, 200.0, 200.0, 200.0, 200.0, 200.0, 200.0, 200.0, 200.0, 200.0, 200.0, 200.0, 200.0, 200.0, 200.0, 200.0, 200.0, 200.0, 200.0, 200.0, 200.0, 200.0, 200.0, 200.0, 200.0, 200.0, 200.0, 200.0, 200.0]",1,942.478,0.00187065,0.0500377,-0.00546558,0.0,"[7.48658, 7.79293, 8.84666, 11.3686, 20.0323, 64.566, 55.6536, 47.2582, 39.6464, 33.0363, 27.5369, 23.121, 19.6564, 16.9654, 13.2439, 10.1237, 8.52418, 7.74488, 7.51352]",0.00179749,"[0.0, 0.0, 0.0, 0.0]",0.346282
0.0,0.00365799,0.0,0.0,-0.122,0.0,1957.56,0.0,94.0,0,"[200.0, 200.0, 200.0, 200.0, 200.0, 200.0, 200.0, 200.0, 200.0, 200.0, 200.0, 200.0, 200.0, 200.0, 200.0, 200.0, 200.0, 200.0, 200.0, 200.0, 200.0, 200.0, 200.0, 200.0, 200.0, 200.0, 200.0, 200.0, 200.0, 200.0, 200.0, 200.0, 200.0, 200.0, 200.0, 200.0]",1,942.478,0.00187065,0.0500377,-0.00546558,0.0,"[7.48658, 7.79293, 8.84666, 11.3686, 20.0323, 64.566, 55.6536, 47.2582, 39.6464, 33.0363, 27.5369, 23.121, 19.6564, 16.9654, 13.2439, 10.1237, 8.52418, 7.74488, 7.51352]",0.00179749,"[0.0, 0.0, 0.0, 0.0]",0.346282
0.0,0.00365799,0.0,0.0,-0.102,0.0,1957.56,0.0,94.0,0,"[200.0, 200.0, 200.0, 200.0, 200.0, 200.0, 200.0, 200.0, 200.0, 200.0, 200.0, 200.0, 200.0, 200.0, 200.0, 200.0, 200.0, 200.0, 200.0, 200.0, 200.0, 200.0, 200.0, 200.0, 200.0, 200.0, 200.0, 200.0, 200.0, 200.0, 200.0, 200.0, 200.0, 200.0, 200.0, 200.0]",1,942.478,0.00187065,0.0500377,-0.00546558,0.0,"[7.48658, 7.79293, 8.84666, 11.3686, 20.0323, 64.566, 55.6536, 47.2582, 39.6464, 33.0363, 27.5369, 23.121, 19.6564, 16.9654, 13.2439, 10.1237, 8.52418, 7.74488, 7.51352]",0.00179749,"[0.0, 0.0, 0.0, 0.0]",0.346282
0.0,0.00365799,0.0,0.0,-0.082,0.0,1957.56,0.0,94.0,0,"[200.0, 200.0, 200.0, 200.0, 200.0, 200.0, 200.0, 200.0, 200.0, 200.0, 200.0, 200.0, 200.0, 200.0, 200.0, 200.0, 200.0, 200.0, 200.0, 200.0, 200.0, 200.0, 200.0, 200.0, 200.0, 200.0, 200.0, 200.0, 200.0, 200.0, 200.0, 200.0, 200.0, 200.0, 200.0, 200.0]",1,942.478,0.00187065,0.0500377,-0.00546558,0.0,"[7.48658, 7.79293, 8.84666, 11.3686, 20.0323, 64.566, 55.6536, 47.2582, 39.6464, 33.0363, 27.5369, 23.121, 19.6564, 16.9654, 13.2439, 10.1237, 8.52418, 7.74488, 7.51352]",0.00179749,"[0.0, 0.0, 0.0, 0.0]",0.346282
0.0,0.00365799,0.0,0.0,-0.062,0.0,1957.56,0.0,94.0,0,"[200.0, 200.0, 200.0, 200.0, 200.0, 200.0, 200.0, 200.0, 200.0, 200.0, 200.0, 200.0, 200.0, 200.0, 200.0, 200.0, 200.0, 200.0, 200.0, 200.0, 200.0, 200.0, 200.0, 200.0, 200.0, 200.0, 200.0, 200.0, 200.0, 200.0, 200.0, 200.0, 200.0, 200.0, 200.0, 200.0]",1,942.478,0.00187065,0.0500377,-0.00546558,0.0,"[7.48658, 7.79293, 8.84666, 11.3686, 20.0323, 64.566, 55.6536, 47.2582, 39.6464, 33.0363, 27.5369, 23.121, 19.6564, 16.9654, 13.2439, 10.1237, 8.52418, 7.74488, 7.51352]",0.00179749,"[0.0, 0.0, 0.0, 0.0]",0.346282
0.0,0.00365799,0.0,0.0,-0.042,0.0,1957.56,0.0,94.0,0,"[200.0, 200.0, 200.0, 200.0, 200.0, 200.0, 200.0, 200.0, 200.0, 200.0, 200.0, 200.0, 200.0, 200.0, 200.0, 200.0, 200.0, 200.0, 200.0, 200.0, 200.0, 200.0, 200.0, 200.0, 200.0, 200.0, 200.0, 200.0, 200.0, 200.0, 200.0, 200.0, 200.0, 200.0, 200.0, 200.0]",1,942.478,0.00187065,0.0500377,-0.00546558,0.0,"[7.48658, 7.79293, 8.84666, 11.3686, 20.0323, 64.566, 55.6536, 47.2582, 39.6464, 33.0363, 27.5369, 23.121, 19.6564, 16.9654, 13.2439, 10.1237, 8.52418, 7.74488, 7.51352]",0.00179749,"[0.0, 0.0, 0.0, 0.0]",0.346282
0.0,0.00365799,0.0,0.0,-0.022,0.0,1957.56,0.0,94.0,0,"[200.0, 200.0, 200.0, 200.0, 200.0, 200.0, 200.0, 200.0, 200.0, 200.0, 200.0, 200.0, 200.0, 200.0, 200.0, 200.0, 200.0, 200.0, 200.0, 200.0, 200.0, 200.0, 200.0, 200.0, 200.0, 200.0, 200.0, 200.0, 200.0, 200.0, 200.0, 200.0, 200.0, 200.0, 200.0, 200.0]",1,942.478,0.00187065,0.0500377,-0.00546558,0.0,"[7.48658, 7.79293, 8.84666, 11.3686, 20.0323, 64.566, 55.6536, 47.2582, 39.6464, 33.0363, 27.5369, 23.121, 19.6564, 16.9654, 13.2439, 10.1237, 8.52418, 7.74488, 7.51352]",0.00179749,"[0.0, 0.0, 0.0, 0.0]",0.346282
0.0,0.00335854,0.0,0.0,0.018,0.0,1957.56,0.0,94.0,0,"[200.0, 200.0, 200.0, 200.0, 200.0, 200.0, 200.0, 200.0, 200.0, 200.0, 200.0, 200.0, 200.0, 200.0, 200.0, 200.0, 200.0, 200.0, 200.0, 200.0, 200.0, 200.0, 200.0, 200.0, 200.0, 200.0, 200.0, 200.0, 200.0, 200.0, 200.0, 200.0, 200.0, 200.0, 200.0, 200.0]",1,942.478,0.000173795,0.111707,-0.00626341,0.0,"[7.48606, 7.79169, 8.84425, 11.3633, 20.0055, 64.5977, 55.6842, 47.2866, 39.6719, 33.0582, 27.5549, 23.1355, 19.6678, 16.9744, 13.2496, 10.1268, 8.52603, 7.74595, 7.51402]",0.00186462,"[-0.888954, 0.851896, -2.04519, 2.16271]",0.346289
0.0,0.00328034,0.0,0.0,0.038,0.0,1957.56,0.0,94.0,0,"[200.0, 200.0, 200.0, 200.0, 200.0, 200.0, 200.0, 200.0, 200.0, 200.0, 200.0, 200.0, 200.0, 200.0, 200.0, 200.0, 200.0, 200.0, 200.0, 200.0, 200.0, 200.0, 200.0, 200.0, 200.0, 200.0, 200.0, 200.0, 200.0, 200.0, 200.0, 200.0, 200.0, 200.0, 200.0, 200.0]",1,942.478,0.000843995,0.132914,-0.00870325,0.0,"[7.48537, 7.79078, 8.84294, 11.3611, 19.9963, 64.6067, 55.693, 47.2951, 39.6797, 33.0651, 27.5608, 23.1404, 19.6719, 16.9778, 13.252, 10.1284, 8.52713, 7.7468, 7.5147]",0.00195618,"[0.969726, -0.910476, 2.08346, -2.09566]",0.346301
0.0,0.00332898,0.0,0.0,0.058,0.0,1957.56,0.00012207,94.0,0,"[200.0, 200.0, 200.0, 200.0, 200.0, 200.0, 200.0, 200.0, 200.0, 200.0, 200.0, 200.0, 200.0, 200.0, 200.0, 200.0, 200.0, 200.0, 200.0, 200.0, 200.0, 200.0, 200.0, 200.0, 200.0, 200.0, 200.0, 200.0, 200.0, 200.0, 200.0, 200.0, 200.0, 200.0, 200.0, 200.0]",1,942.478,-0.000301251,0.152759,-0.0117344,0.0,"[7.48457, 7.79006, 8.84229, 11.3605, 19.9971, 64.6026, 55.6893, 47.292, 39.6772, 33.0634, 27.5598, 23.1399, 19.6718, 16.978, 13.2524, 10.129, 8.52781, 7.74753, 7.51551]",0.00206299,"[-0.928366, 0.902647, -2.02812, 2.14064]",0.346307
0.0,0.00341767,0.0,0.0,0.078,0.0,1957.56,0.0,94.0,0,"[200.0, 200.0, 200.0, 200.0, 200.0, 200.0, 200.0, 200.0, 200.0, 200.0, 200.0, 200.0, 200.0, 200.0, 200.0, 200.0, 200.0, 200.0, 200.0, 200.0, 200.0, 200.0, 200.0, 200.0, 200.0, 200.0, 200.0, 200.0, 200.0, 200.0, 200.0, 200.0, 200.0, 200.0, 200.0, 200.0]",1,942.478,0.000545309,0.166916,-0.0147127,0.0,"[7.48368, 7.78934, 8.84173, 11.3603, 20.0007, 64.5944, 55.6819, 47.2854, 39.6718, 33.0591, 27.5567, 23.1378, 19.6704, 16.9772, 13.2524, 10.1294, 8.52844, 7.74829, 7.51641]",0.00218201,"[0.954553, -0.886973, 2.07507, -2.09664]",0.346302
0.0,0.00353354,0.0,0.0,0.098,0.0,1957.56,0.0,94.0,0,"[200.0, 200.0, 200.0, 200.0, 200.0, 200.0, 200.0, 200.0, 200.0, 200.0, 200.0, 200.0, 200.0, 200.0, 200.0, 200.0, 200.0, 200.0, 200.0, 200.0, 200.0, 200.0, 200.0, 200.0, 200.0, 200.0, 200.0, 200.0, 200.0, 200.0, 200.0, 200.0, 200.0, 200.0, 200.0, 200.0]",1,942.478,-0.000590354,0.180012,-0.0173205,0.0,"[7.48271, 7.78859, 8.84125, 11.3605, 20.0063, 64.5835, 55.6717, 47.2764, 39.6642, 33.0531, 27.5522, 23.1347, 19.6683, 16.9759, 13.252, 10.1297, 8.52903, 7.74907, 7.51739]",0.00231222,"[-0.943295, 0.91657, -2.03379, 2.13769]",0.346289
0.0,0.00367611,0.0,0.0,0.118,0.0,1957.56,0.0,94.0,0,"[200.0, 200.0, 200.0, 200.0, 200.0, 200.0, 200.0, 200.0, 200.0, 200.0, 200.0, 200.0, 200.0, 200.0, 200.0, 200.0, 200.0, 200.0, 200.0, 200.0, 200.0, 200.0, 200.0, 200.0, 200.0, 200.0, 200.0, 200.0, 200.0, 200.0, 200.0, 200.0, 200.0, 200.0, 200.0, 200.0]",1,942.478,0.000556628,0.191744,-0.019423,0.0,"[7.48168, 7.78784, 8.84085, 11.3609, 20.0138, 64.5699, 55.6591, 47.2651, 39.6546, 33.0454, 27.5463, 23.1304, 19.6654, 16.9739, 13.2513, 10.1298, 8.52959, 7.74988, 7.51842]",0.00245056,"[0.94378, -0.885637, 2.06707, -2.10348]",0.346268
0.0,0.00384253,0.0,0.0,0.138,0.0,1957.56,0.0,94.0,0,"[200.0, 200.0, 200.0, 200.0, 200.0, 200.0, 200.0, 200.0, 200.0, 200.0, 200.0, 200.0, 200.0, 200.0, 200.0, 200.0, 200.0, 200.0, 200.0, 200.0, 200.0, 200.0, 200.0, 200.0, 200.0, 200.0, 200.0, 200.0, 200.0, 200.0, 200.0, 200.0, 200.0, 200.0, 200.0, 200.0]",1,942.478,-0.000910343,0.202067,-0.0211089,0.0,"[7.48058, 7.7871, 8.84053, 11.3616, 20.023, 64.5538, 55.6441, 47.2517, 39.6431, 33.0362, 27.5393, 23.1253, 19.6618, 16.9714, 13.2503, 10.1299, 8.53009, 7.75071, 7.51953]",0.00259705,"[-0.94974, 0.92059, -2.04054, 2.13701]",0.346241
0.0,0.00403374,0.0,0.0,0.158,0.0,1957.56,0.0,94.0,0,"[200.0, 200.0, 200.0, 200.0, 200.0, 200.0, 200.0, 200.0, 200.0, 200.0, 200.0, 200.0, 200.0, 200.0, 200.0, 200.0, 200.0, 200.0, 200.0, 200.0, 200.0, 200.0, 200.0, 200.0, 200.0, 200.0, 200.0, 200.0, 200.0, 200.0, 200.0, 200.0, 200.0, 200.0, 200.0, 200.0]",1,942.478,0.000106884,0.213625,-0.0223737,0.0,"[7.47944, 7.78635, 8.84029, 11.3625, 20.0341, 64.5353, 55.6267, 47.2361, 39.6298, 33.0253, 27.5309, 23.1191, 19.6574, 16.9684, 13.2489, 10.1298, 8.53056, 7.75153, 7.52069]",0.00275065,"[0.944333, -0.881349, 2.06753, -2.11099]",0.34621
0.0,0.00424927,0.0,0.0,0.178,0.0,1957.56,0.00012207,94.0,0,"[200.0, 200.0, 200.0, 200.0, 200.0, 200.0, 200.0, 200.0, 200.0, 200.0, 200.0, 200.0, 200.0, 200.0, 200.0, 200.0, 200.0, 200.0, 200.0, 200.0, 200.0, 200.0, 200.0, 200.0, 200.0, 200.0, 200.0, 200.0, 200.0, 200.0, 200.0, 200.0, 200.0, 200.0, 200.0, 200.0]",1,942.478,-0.00141579,0.222588,-0.0234263,0.0,"[7.47823, 7.7856, 8.84014, 11.3638, 20.047, 64.5143, 55.607, 47.2183, 39.6145, 33.0129, 27.5213, 23.112, 19.6522, 16.9648, 13.2473, 10.1295, 8.53099, 7.75238, 7.5219]",0.00291239,"[-0.944414, 0.919479, -2.04576, 2.13641]",0.346177
0.0,0.0044896,0.0,0.0,0.198,0.0,1957.56,0.00012207,94.0,0,"[200.0, 200.0, 200.0, 200.0, 200.0, 200.0, 200.0, 200.0, 200.0, 200.0, 200.0, 200.0, 200.0, 200.0, 200.0, 200.0, 200.0, 200.0, 200.0, 200.0, 200.0, 200.0, 200.0, 200.0, 200.0, 200.0, 200.0, 200.0, 200.0, 200.0, 200.0, 200.0, 200.0, 200.0, 200.0, 200.0]",1,942.478,-0.000170705,0.234781,-0.0243348,0.0,"[7.47698, 7.78485, 8.84007, 11.3653, 20.0618, 64.4908, 55.585, 47.1984, 39.5974, 32.9989, 27.5103, 23.1038, 19.6464, 16.9606, 13.2453, 10.1291, 8.53138, 7.75324, 7.52317]",0.00308126,"[0.941932, -0.893877, 2.06855, -2.11631]",0.346143
0.0,0.00475376,0.0,0.0,0.218,0.0,1957.56,0.00012207,94.0,0,"[200.0, 200.0, 200.0, 200.0, 200.0, 200.0, 200.0, 200.0, 200.0, 200.0, 200.0, 200.0, 200.0, 200.0, 200.0, 200.0, 200.0, 200.0, 200.0, 200.0, 200.0, 200.0, 200.0, 200.0, 200.0, 200.0, 200.0, 200.0, 200.0, 200.0, 200.0, 200.0, 200.0, 200.0, 200.0, 200.0]",1,942.478,-0.00163869,0.243023,-0.025201,0.0,"[7.47565, 7.7841, 8.84005, 11.3671, 20.0784, 64.4649, 55.5606, 47.1764, 39.5784, 32.9834, 27.4983, 23.0948, 19.6398, 16.9559, 13.2431, 10.1286, 8.53173, 7.75412, 7.52451]",0.00325826,"[-0.938427, 0.89755, -2.04965, 2.13046]",0.34611
0.0,0.0050413,0.0,0.0,0.238,0.0,1957.56,0.00012207,94.0,0,"[200.0, 200.0, 200.0, 200.0, 200.0, 200.0, 200.0, 200.0, 200.0, 200.0, 200.0, 200.0, 200.0, 200.0, 200.0, 200.0, 200.0, 200.0, 200.0, 200.0, 200.0, 200.0, 200.0, 200.0, 200.0, 200.0, 200.0, 200.0, 200.0, 200.0, 200.0, 200.0, 200.0, 200.0, 200.0, 200.0]",1,942.478,-0.000442955,0.256225,-0.0260748,0.0,"[7.47428, 7.78333, 8.84011, 11.3691, 20.0967, 64.4367, 55.534, 47.1524, 39.5577, 32.9664, 27.4851, 23.0849, 19.6325, 16.9508, 13.2405, 10.128, 8.53205, 7.75503, 7.52592]",0.00344442,"[0.964629, -0.92723, 2.06034, -2.12391]",0.346077
0.0,0.00533551,0.0,0.0,0.26,0.0,1957.56,0.0,94.0,0,"[200.0, 200.0, 200.0, 200.0, 200.0, 200.0, 200.0, 200.0, 200.0, 200.0, 200.0, 200.0, 200.0, 200.0, 200.0, 200.0, 200.0, 200.0, 200.0, 200.0, 200.0, 200.0, 200.0, 200.0, 200.0, 200.0, 200.0, 200.0, 200.0, 200.0, 200.0, 200.0, 200.0, 200.0, 200.0, 200.0]",1,942.478,-0.0015282,0.265467,-0.0271519,0.0,"[7.47268, 7.78236, 8.83993, 11.3708, 20.1147, 64.408, 55.5072, 47.1282, 39.5369, 32.9494, 27.4719, 23.0751, 19.6255, 16.9458, 13.2382, 10.1277, 8.53261, 7.75615, 7.52753]",0.00365804,"[-1.87663, 1.76284, -2.0305, 2.14853]",0.34604
0.0,0.005768,0.0,0.0,0.28,0.0,1957.56,0.0,94.0,0,"[200.0, 200.0, 200.0, 200.0, 200.0, 200.0, 200.0, 200.0, 200.0, 200.0, 200.0, 200.0, 200.0, 200.0, 200.0, 200.0, 200.0, 200.0, 200.0, 200.0, 200.0, 200.0, 200.0, 200.0, 200.0, 200.0, 200.0, 200.0, 200.0, 200.0, 200.0, 200.0, 200.0, 200.0, 200.0, 200.0]",1,942.478,-0.000389271,0.278875,-0.0279164,0.0,"[7.47119, 7.78181, 8.84073, 11.3748, 20.1449, 64.3648, 55.4663, 47.091, 39.5046, 32.9227, 27.4507, 23.0589, 19.6134, 16.9369, 13.2335, 10.126, 8.53244, 7.75691, 7.52906]",0.00385946,"[1.91652, -1.86541, 2.01632, -2.17515]",0.346006
0.0,0.00602978,0.0,0.0,0.3,0.0,1957.56,0.0,94.0,0,"[200.0, 200.0, 200.0, 200.0, 200.0, 200.0, 200.0, 200.0, 200.0, 200.0, 200.0, 200.0, 200.0, 200.0, 200.0, 200.0, 200.0, 200.0, 200.0, 200.0, 200.0, 200.0, 200.0, 200.0, 200.0, 200.0, 200.0, 200.0, 200.0, 200.0, 200.0, 200.0, 200.0, 200.0, 200.0, 200.0]",1,942.478,-0.00203222,0.287292,-0.0291656,0.0,"[7.46962, 7.7808, 8.8404, 11.3761, 20.1605, 64.3395, 55.4427, 47.0698, 39.4864, 32.9079, 27.4394, 23.0506, 19.6074, 16.9327, 13.2317, 10.1259, 8.53309, 7.75805, 7.53065]",0.00407003,"[-1.85934, 1.72153, -2.03357, 2.14687]",0.345971
0.0,0.00650662,0.0,0.0,0.32,0.0,1957.56,0.0,94.0,0,"[200.0, 200.0, 200.0, 200.0, 200.0, 200.0, 200.0, 200.0, 200.0, 200.0, 200.0, 200.0, 200.0, 200.0, 200.0, 200.0, 200.0, 200.0, 200.0, 200.0, 200.0, 200.0, 200.0, 200.0, 200.0, 200.0, 200.0, 200.0, 200.0, 200.0, 200.0, 200.0, 200.0, 200.0, 200.0, 200.0]",1,942.478,-0.00124846,0.301707,-0.029989,0.0,"[7.46801, 7.78024, 8.84132, 11.3806, 20.1943, 64.2918, 55.3976, 47.0288, 39.4508, 32.8785, 27.416, 23.0327, 19.5941, 16.9229, 13.2264, 10.124, 8.5329, 7.75887, 7.53231]",0.00428874,"[1.94086, -1.91104, 2.02034, -2.16918]",0.345936
0.0,0.00680989,0.0,0.0,0.34,0.0,1957.56,0.0,94.0,0,"[200.0, 200.0, 200.0, 200.0, 200.0, 200.0, 200.0, 200.0, 200.0, 200.0, 200.0, 200.0, 200.0, 200.0, 200.0, 200.0, 200.0, 200.0, 200.0, 200.0, 200.0, 200.0, 200.0, 200.0, 200.0, 200.0, 200.0, 200.0, 200.0, 200.0, 200.0, 200.0, 200.0, 200.0, 200.0, 200.0]",1,942.478,-0.00280175,0.310184,-0.0312557,0.0,"[7.46633, 7.77919, 8.8411, 11.3824, 20.2131, 64.2624, 55.37, 47.004, 39.4295, 32.8611, 27.4026, 23.0228, 19.587, 16.9179, 13.2241, 10.1237, 8.5335, 7.76007, 7.53403]",0.00451558,"[-1.81972, 1.66702, -2.03421, 2.1403]",0.345899
0.0,0.00732582,0.0,0.0,0.36,0.0,1957.56,0.00012207,94.0,0,"[200.0, 200.0, 200.0, 200.0, 200.0, 200.0, 200.0, 200.0, 200.0, 200.0, 200.0, 200.0, 200.0, 200.0, 200.0, 200.0, 200.0, 200.0, 200.0, 200.0, 200.0, 200.0, 200.0, 200.0, 200.0, 200.0, 200.0, 200.0, 200.0, 200.0, 200.0, 200.0, 200.0, 200.0, 200.0, 200.0]",1,942.478,-0.0020535,0.3256,-0.0322092,0.0,"[7.4646, 7.7786, 8.84211, 11.3872, 20.2501, 64.2109, 55.3214, 46.9596, 39.391, 32.8292, 27.3774, 23.0035, 19.5726, 16.9073, 13.2184, 10.1217, 8.53327, 7.76093, 7.53581]",0.00475057,"[1.98062, -1.97086, 2.01915, -2.17023]",0.345861
0.0,0.00766629,0.0,0.0,0.38,0.0,1957.56,0.00012207,94.0,0,"[200.0, 200.0, 200.0, 200.0, 200.0, 200.0, 200.0, 200.0, 200.0, 200.0, 200.0, 200.0, 200.0, 200.0, 200.0, 200.0, 200.0, 200.0, 200.0, 200.0, 200.0, 200.0, 200.0, 200.0, 200.0, 200.0, 200.0, 200.0, 200.0, 200.0, 200.0, 200.0, 200.0, 200.0, 200.0, 200.0]",1,942.478,-0.00340826,0.334238,-0.033627,0.0,"[7.46278, 7.77749, 8.84195, 11.3893, 20.2718, 64.1777, 55.2903, 46.9318, 39.367, 32.8097, 27.3622, 22.9922, 19.5645, 16.9015, 13.2158, 10.1212, 8.53386, 7.76221, 7.53767]",0.00499573,"[-1.7796, 1.59779, -2.03964, 2.13496]",0.345823
0.0,0.00821656,0.0,0.0,0.4,0.0,1957.56,0.00012207,94.0,0,"[200.0, 200.0, 200.0, 200.0, 200.0, 200.0, 200.0, 200.0, 200.0, 200.0, 200.0, 200.0, 200.0, 200.0, 200.0, 200.0, 200.0, 200.0, 200.0, 200.0, 200.0, 200.0, 200.0, 200.0, 200.0, 200.0, 200.0, 200.0, 200.0, 200.0, 200.0, 200.0, 200.0, 200.0, 200.0, 200.0]",1,942.478,-0.00278283,0.350798,-0.0347318,0.0,"[7.4609, 7.77684, 8.843, 11.3945, 20.3115, 64.1228, 55.2385, 46.8846, 39.3261, 32.7758, 27.3355, 22.9718, 19.5492, 16.8903, 13.2098, 10.1191, 8.53366, 7.76318, 7.53961]",0.00525106,"[2.02163, -2.04638, 2.01867, -2.17539]",0.345783
0.0,0.00858992,0.0,0.0,0.42,0.0,1957.56,0.0,94.0,0,"[200.0, 200.0, 200.0, 200.0, 200.0, 200.0, 200.0, 200.0, 200.0, 200.0, 200.0, 200.0, 200.0, 200.0, 200.0, 200.0, 200.0, 200.0, 200.0, 200.0, 200.0, 200.0, 200.0, 200.0, 200.0, 200.0, 200.0, 200.0, 200.0, 200.0, 200.0, 200.0, 200.0, 200.0, 200.0, 200.0]",1,942.478,-0.00437209,0.358799,-0.0362601,0.0,"[7.45895, 7.77566, 8.84286, 11.3968, 20.3358, 64.0864, 55.2044, 46.8539, 39.2997, 32.7543, 27.3188, 22.9594, 19.5402, 16.8839, 13.2068, 10.1186, 8.5343, 7.76454, 7.54161]",0.00551453,"[-1.73333, 1.52812, -2.04482, 2.13087]",0.345742
0.0,0.00917214,0.0,0.0,0.44,0.0,1957.56,0.0,94.0,0,"[200.0, 200.0, 200.0, 200.0, 200.0, 200.0, 200.0, 200.0, 200.0, 200.0, 200.0, 200.0, 200.0, 200.0, 200.0, 200.0, 200.0, 200.0, 200.0, 200.0, 200.0, 200.0, 200.0, 200.0, 200.0, 200.0, 200.0, 200.0, 200.0, 200.0, 200.0, 200.0, 200.0, 200.0, 200.0, 200.0]",1,942.478,-0.00397027,0.373696,-0.0373311,0.0,"[7.45695, 7.77495, 8.84396, 11.4023, 20.3783, 64.0284, 55.1496, 46.8042, 39.2566, 32.7186, 27.2906, 22.9379, 19.5242, 16.8721, 13.2004, 10.1164, 8.5341, 7.76559, 7.54369]",0.00578613,"[2.07094, -2.11353, 2.01388, -2.17626]",0.345698
0.0,0.0095784,0.0,0.0,0.46,0.0,1957.56,0.0,94.0,0,"[200.0, 200.0, 200.0, 200.0, 200.0, 200.0, 200.0, 200.0, 200.0, 200.0, 200.0, 200.0, 200.0, 200.0, 200.0, 200.0, 200.0, 200.0, 200.0, 200.0, 200.0, 200.0, 200.0, 200.0, 200.0, 200.0, 200.0, 200.0, 200.0, 200.0, 200.0, 200.0, 200.0, 200.0, 200.0, 200.0]",1,942.478,-0.00549755,0.379432,-0.0387326,0.0,"[7.45489, 7.77374, 8.84389, 11.405, 20.4054, 63.9888, 55.1124, 46.7707, 39.2278, 32.6952, 27.2724, 22.9243, 19.5143, 16.8651, 13.1971, 10.1157, 8.53472, 7.76701, 7.54581]",0.00606588,"[-1.68435, 1.4591, -2.05251, 2.12667]",0.345652
0.0,0.0101935,0.0,0.0,0.48,0.0,1957.56,0.0,94.0,0,"[200.0, 200.0, 200.0, 200.0, 200.0, 200.0, 200.0, 200.0, 200.0, 200.0, 200.0, 200.0, 200.0, 200.0, 200.0, 200.0, 200.0, 200.0, 200.0, 200.0, 200.0, 200.0, 200.0, 200.0, 200.0, 200.0, 200.0, 200.0, 200.0, 200.0, 200.0, 200.0, 200.0, 200.0, 200.0, 200.0]",1,942.478,-0.00494903,0.392646,-0.0395739,0.0,"[7.45279, 7.773, 8.84506, 11.4108, 20.451, 63.9276, 55.0547, 46.7183, 39.1823, 32.6576, 27.2427, 22.9016, 19.4974, 16.8526, 13.1905, 10.1134, 8.53451, 7.7681, 7.54799]",0.00635173,"[2.11256, -2.18341, 2.00579, -2.18931]",0.345605
0.0,0.0107333,0.0,0.0,0.502,0.0,1957.56,0.0,94.0,0,"[200.0, 200.0, 200.0, 200.0, 200.0, 200.0, 200.0, 200.0, 200.0, 200.0, 200.0, 200.0, 200.0, 200.0, 200.0, 200.0, 200.0, 200.0, 200.0, 200.0, 200.0, 200.0, 200.0, 200.0, 200.0, 200.0, 200.0, 200.0, 200.0, 200.0, 200.0, 200.0, 200.0, 200.0, 200.0, 200.0]",1,942.478,-0.00579349,0.401247,-0.0406652,0.0,"[7.45043, 7.7718, 8.84543, 11.415, 20.4891, 63.8745, 55.0048, 46.6732, 39.1434, 32.6257, 27.2178, 22.8829, 19.4837, 16.8427, 13.1855, 10.1121, 8.53493, 7.76961, 7.55045]",0.00667419,"[1.20469, -1.31, 2.02653, -2.16556]",0.345551
0.0,0.0112883,0.0,0.0,0.522,0.0,1957.56,0.0,94.0,0,"[200.0, 200.0, 200.0, 200.0, 200.0, 200.0, 200.0, 200.0, 200.0, 200.0, 200.0, 200.0, 200.0, 200.0, 200.0, 200.0, 200.0, 200.0, 200.0, 200.0, 200.0, 200.0, 200.0, 200.0, 200.0, 200.0, 200.0, 200.0, 200.0, 200.0, 200.0, 200.0, 200.0, 200.0, 200.0, 200.0]",1,942.478,-0.00809888,0.401332,-0.0413966,0.0,"[7.44825, 7.77083, 8.84613, 11.4198, 20.5297, 63.8196, 54.9531, 46.6264, 39.103, 32.5925, 27.1917, 22.8631, 19.469, 16.832, 13.18, 10.1104, 8.53508, 7.77091, 7.55272]",0.00697123,"[-0.651776, 0.466936, -2.09427, 2.08219]",0.3455
0.0,0.0118644,0.0,0.0,0.542,0.0,1957.56,0.0,94.0,0,"[200.0, 200.0, 200.0, 200.0, 200.0, 200.0, 200.0, 200.0, 200.0, 200.0, 200.0, 200.0, 200.0, 200.0, 200.0, 200.0, 200.0, 200.0, 200.0, 200.0, 200.0, 200.0, 200.0, 200.0, 200.0, 200.0, 200.0, 200.0, 200.0, 200.0, 200.0, 200.0, 200.0, 200.0, 200.0, 200.0]",1,942.478,-0.00765495,0.408628,-0.0418997,0.0,"[7.44606, 7.76989, 8.84695, 11.4248, 20.5725, 63.7626, 54.8995, 46.5778, 39.061, 32.5579, 27.1645, 22.8425, 19.4537, 16.8208, 13.1742, 10.1085, 8.53515, 7.77218, 7.555]",0.0072703,"[1.25751, -1.37909, 2.03354, -2.16818]",0.345446
0.0,0.0124652,0.0,0.0,0.562,0.0,1957.56,0.0,94.0,0,"[200.0, 200.0, 200.0, 200.0, 200.0, 200.0, 200.0, 200.0, 200.0, 200.0, 200.0, 200.0, 200.0, 200.0, 200.0, 200.0, 200.0, 200.0, 200.0, 200.0, 200.0, 200.0, 200.0, 200.0, 200.0, 200.0, 200.0, 200.0, 200.0, 200.0, 200.0, 200.0, 200.0, 200.0, 200.0, 200.0]",1,942.478,-0.00983171,0.40407,-0.0422094,0.0,"[7.44386, 7.769, 8.84791, 11.4303, 20.618, 63.7031, 54.8434, 46.5271, 39.0171, 32.5218, 27.136, 22.8208, 19.4376, 16.809, 13.1679, 10.1065, 8.53513, 7.77344, 7.55731]",0.00757141,"[-0.601462, 0.399546, -2.09812, 2.0748]",0.345392
0.0,0.0130927,0.0,0.0,0.582,0.0,1957.56,0.0,94.0,0,"[200.0, 200.0, 200.0, 200.0, 200.0, 200.0, 200.0, 200.0, 200.0, 200.0, 200.0, 200.0, 200.0, 200.0, 200.0, 200.0, 200.0, 200.0, 200.0, 200.0, 200.0, 200.0, 200.0, 200.0, 200.0, 200.0, 200.0, 200.0, 200.0, 200.0, 200.0, 200.0, 200.0, 200.0, 200.0, 200.0]",1,942.478,-0.00932343,0.404522,-0.042221,0.0,"[7.44168, 7.7682, 8.84905, 11.4362, 20.6664, 63.6408, 54.7847, 46.4738, 38.971, 32.4837, 27.106, 22.798, 19.4207, 16.7966, 13.1613, 10.1042, 8.535, 7.77461, 7.55962]",0.00787048,"[1.28898, -1.43637, 2.02784, -2.1724]",0.345336
0.0,0.0137469,0.0,0.0,0.602,0.0,1957.56,0.0,94.0,0,"[200.0, 200.0, 200.0, 200.0, 200.0, 200.0, 200.0, 200.0, 200.0, 200.0, 200.0, 200.0, 200.0, 200.0, 200.0, 200.0, 200.0, 200.0, 200.0, 200.0, 200.0, 200.0, 200.0, 200.0, 200.0, 200.0, 200.0, 200.0, 200.0, 200.0, 200.0, 200.0, 200.0, 200.0, 200.0, 200.0]",1,942.478,-0.0117829,0.395142,-0.0419116,0.0,"[7.43953, 7.76749, 8.85038, 11.4425, 20.7178, 63.5757, 54.7234, 46.4183, 38.9229, 32.444, 27.0747, 22.7741, 19.4028, 16.7833, 13.1543, 10.1017, 8.53473, 7.77575, 7.5619]",0.00816752,"[-0.588309, 0.354968, -2.09996, 2.08042]",0.34528
0.0,0.0144259,0.0,0.0,0.622,0.0,1957.56,-0.00012207,94.0,0,"[200.0, 200.0, 200.0, 200.0, 200.0, 200.0, 200.0, 200.0, 200.0, 200.0, 200.0, 200.0, 200.0, 200.0, 200.0, 200.0, 200.0, 200.0, 200.0, 200.0, 200.0, 200.0, 200.0, 200.0, 200.0, 200.0, 200.0, 200.0, 200.0, 200.0, 200.0, 200.0, 200.0, 200.0, 200.0, 200.0]",1,942.478,-0.0111852,0.389408,-0.0412458,0.0,"[7.43744, 7.7669, 8.85194, 11.4494, 20.7724, 63.508, 54.6596, 46.3603, 38.8725, 32.4024, 27.0418, 22.749, 19.384, 16.7694, 13.1467, 10.099, 8.53432, 7.77677, 7.56414]",0.00845744,"[1.28812, -1.47632, 2.02973, -2.16822]",0.345223
0.0,0.015124,0.0,0.0,0.642,0.0,1957.56,-0.00012207,94.0,0,"[200.0, 200.0, 200.0, 200.0, 200.0, 200.0, 200.0, 200.0, 200.0, 200.0, 200.0, 200.0, 200.0, 200.0, 200.0, 200.0, 200.0, 200.0, 200.0, 200.0, 200.0, 200.0, 200.0, 200.0, 200.0, 200.0, 200.0, 200.0, 200.0, 200.0, 200.0, 200.0, 200.0, 200.0, 200.0, 200.0]",1,942.478,-0.0137982,0.377752,-0.0403416,0.0,"[7.43539, 7.7664, 8.85367, 11.4566, 20.8297, 63.4384, 54.5939, 46.3006, 38.8208, 32.3596, 27.0079, 22.723, 19.3645, 16.755, 13.1388, 10.096, 8.53376, 7.77772, 7.56634]",0.00874125,"[-0.596514, 0.33973, -2.10562, 2.0762]",0.345167
0.0,0.0158312,0.0,0.0,0.662,0.0,1957.56,-0.00012207,94.0,0,"[200.0, 200.0, 200.0, 200.0, 200.0, 200.0, 200.0, 200.0, 200.0, 200.0, 200.0, 200.0, 200.0, 200.0, 200.0, 200.0, 200.0, 200.0, 200.0, 200.0, 200.0, 200.0, 200.0, 200.0, 200.0, 200.0, 200.0, 200.0, 200.0, 200.0, 200.0, 200.0, 200.0, 200.0, 200.0, 200.0]",1,942.478,-0.013528,0.370669,-0.0391967,0.0,"[7.43341, 7.76599, 8.85554, 11.4641, 20.8887, 63.3677, 54.5272, 46.2402, 38.7683, 32.3161, 26.9735, 22.6966, 19.3446, 16.7401, 13.1307, 10.0929, 8.53312, 7.77861, 7.56849]",0.00901794,"[1.27559, -1.48573, 2.03417, -2.16758]",0.345112
0.0,0.0165345,0.0,0.0,0.682,0.0,1957.56,-0.00012207,94.0,0,"[200.0, 200.0, 200.0, 200.0, 200.0, 200.0, 200.0, 200.0, 200.0, 200.0, 200.0, 200.0, 200.0, 200.0, 200.0, 200.0, 200.0, 200.0, 200.0, 200.0, 200.0, 200.0, 200.0, 200.0, 200.0, 200.0, 200.0, 200.0, 200.0, 200.0, 200.0, 200.0, 200.0, 200.0, 200.0, 200.0]",1,942.478,-0.0162303,0.361602,-0.0380068,0.0,"[7.43147, 7.76562, 8.85744, 11.4716, 20.9482, 63.2975, 54.461, 46.18, 38.7161, 32.2729, 26.9392, 22.6703, 19.3249, 16.7254, 13.1225, 10.0898, 8.53244, 7.77947, 7.57059]",0.00928853,"[-0.612094, 0.32105, -2.0949, 2.08588]",0.345061
0.0,0.0172259,0.0,0.0,0.702,0.0,1957.56,-0.00012207,94.0,0,"[200.0, 200.0, 200.0, 200.0, 200.0, 200.0, 200.0, 200.0, 200.0, 200.0, 200.0, 200.0, 200.0, 200.0, 200.0, 200.0, 200.0, 200.0, 200.0, 200.0, 200.0, 200.0, 200.0, 200.0, 200.0, 200.0, 200.0, 200.0, 200.0, 200.0, 200.0, 200.0, 200.0, 200.0, 200.0, 200.0]",1,942.478,-0.0156323,0.358738,-0.0368789,0.0,"[7.42958, 7.76526, 8.85933, 11.479, 21.0075, 63.2283, 54.3958, 46.1208, 38.6647, 32.2304, 26.9056, 22.6445, 19.3055, 16.7109, 13.1146, 10.0867, 8.53179, 7.7803, 7.57267]",0.00955404,"[1.25209, -1.50796, 2.03901, -2.16558]",0.345013
0.0,0.0178935,0.0,0.0,0.722,0.0,1957.56,-0.000244141,94.0,0,"[200.0, 200.0, 200.0, 200.0, 200.0, 200.0, 200.0, 200.0, 200.0, 200.0, 200.0, 200.0, 200.0, 200.0, 200.0, 200.0, 200.0, 200.0, 200.0, 200.0, 200.0, 200.0, 200.0, 200.0, 200.0, 200.0, 200.0, 200.0, 200.0, 200.0, 200.0, 200.0, 200.0, 200.0, 200.0, 200.0]",1,942.478,-0.0182549,0.354731,-0.0360342,0.0,"[7.42768, 7.76485, 8.86107, 11.4861, 21.0649, 63.1618, 54.3331, 46.0639, 38.6154, 32.1897, 26.8733, 22.6198, 19.2869, 16.6971, 13.107, 10.0838, 8.53123, 7.78118, 7.57475]",0.00981954,"[-0.623751, 0.303992, -2.10467, 2.08]",0.344971
0.0,0.0185353,0.0,0.0,0.742,0.0,1957.56,-0.000244141,94.0,0,"[200.0, 200.0, 200.0, 200.0, 200.0, 200.0, 200.0, 200.0, 200.0, 200.0, 200.0, 200.0, 200.0, 200.0, 200.0, 200.0, 200.0, 200.0, 200.0, 200.0, 200.0, 200.0, 200.0, 200.0, 200.0, 200.0, 200.0, 200.0, 200.0, 200.0, 200.0, 200.0, 200.0, 200.0, 200.0, 200.0]",1,942.478,-0.0177643,0.358998,-0.0355035,0.0,"[7.42579, 7.76439, 8.86267, 11.4928, 21.1206, 63.0979, 54.2729, 46.0094, 38.5681, 32.1507, 26.8425, 22.5962, 19.2692, 16.684, 13.0998, 10.0812, 8.53077, 7.78209, 7.57681]",0.010084,"[1.24224, -1.5273, 2.03233, -2.17366]",0.344933
0.0,0.019149,0.0,0.0,0.762,0.0,1957.56,-0.000366211,94.0,0,"[200.0, 200.0, 200.0, 200.0, 200.0, 200.0, 200.0, 200.0, 200.0, 200.0, 200.0, 200.0, 200.0, 200.0, 200.0, 200.0, 200.0, 200.0, 200.0, 200.0, 200.0, 200.0, 200.0, 200.0, 200.0, 200.0, 200.0, 200.0, 200.0, 200.0, 200.0, 200.0, 200.0, 200.0, 200.0, 200.0]",1,942.478,-0.0204143,0.359409,-0.0354024,0.0,"[7.42389, 7.76384, 8.86407, 11.499, 21.1739, 63.037, 54.2155, 45.9575, 38.5233, 32.1137, 26.8133, 22.5739, 19.2526, 16.6717, 13.0932, 10.0787, 8.53044, 7.78307, 7.57889]",0.0103505,"[-0.625265, 0.267201, -2.10722, 2.07693]",0.344898
0.0,0.0197465,0.0,0.0,0.782,0.0,1957.56,-0.000488281,94.0,0,"[200.0, 200.0, 200.0, 200.0, 200.0, 200.0, 200.0, 200.0, 200.0, 200.0, 200.0, 200.0, 200.0, 200.0, 200.0, 200.0, 200.0, 200.0, 200.0, 200.0, 200.0, 200.0, 200.0, 200.0, 200.0, 200.0, 200.0, 200.0, 200.0, 200.0, 200.0, 200.0, 200.0, 200.0, 200.0, 200.0]",1,942.478,-0.0205524,0.364542,-0.0355524,0.0,"[7.42197, 7.76323, 8.86535, 11.505, 21.2259, 62.9778, 54.1599, 45.9071, 38.4798, 32.0778, 26.785, 22.5524, 19.2365, 16.6598, 13.0868, 10.0765, 8.53023, 7.78411, 7.58099]",0.0106201,"[1.25613, -1.56762, 2.03792, -2.16325]",0.344864
0.0,0.0203416,0.0,0.0,0.802,0.0,1957.56,-0.000488281,94.0,0,"[200.0, 200.0, 200.0, 200.0, 200.0, 200.0, 200.0, 200.0, 200.0, 200.0, 200.0, 200.0, 200.0, 200.0, 200.0, 200.0, 200.0, 200.0, 200.0, 200.0, 200.0, 200.0, 200.0, 200.0, 200.0, 200.0, 200.0, 200.0, 200.0, 200.0, 200.0, 200.0, 200.0, 200.0, 200.0, 200.0]",1,942.478,-0.0234459,0.36189,-0.0359078,0.0,"[7.42005, 7.76262, 8.86663, 11.511, 21.2783, 62.9188, 54.1044, 45.857, 38.4365, 32.0423, 26.757, 22.531, 19.2205, 16.648, 13.0805, 10.0743, 8.53001, 7.78516, 7.58308]",0.0108897,"[-0.607714, 0.237852, -2.09861, 2.08327]",0.344829
0.0,0.0209419,0.0,0.0,0.822,0.0,1957.56,-0.000610352,94.0,0,"[200.0, 200.0, 200.0, 200.0, 200.0, 200.0, 200.0, 200.0, 200.0, 200.0, 200.0, 200.0, 200.0, 200.0, 200.0, 200.0, 200.0, 200.0, 200.0, 200.0, 200.0, 200.0, 200.0, 200.0, 200.0, 200.0, 200.0, 200.0, 200.0, 200.0, 200.0, 200.0, 200.0, 200.0, 200.0, 200.0]",1,942.478,-0.023186,0.363413,-0.0361827,0.0,"[7.41813, 7.76202, 8.86794, 11.517, 21.3316, 62.8593, 54.0485, 45.8065, 38.3929, 32.0063, 26.7288, 22.5095, 19.2045, 16.6362, 13.0741, 10.072, 8.52977, 7.7862, 7.5852]",0.0111593,"[1.26216, -1.59183, 2.03258, -2.16298]",0.344793
0.0,0.0215456,0.0,0.0,0.842,0.0,1957.56,-0.000732422,94.0,0,"[200.0, 200.0, 200.0, 200.0, 200.0, 200.0, 200.0, 200.0, 200.0, 200.0, 200.0, 200.0, 200.0, 200.0, 200.0, 200.0, 200.0, 200.0, 200.0, 200.0, 200.0, 200.0, 200.0, 200.0, 200.0, 200.0, 200.0, 200.0, 200.0, 200.0, 200.0, 200.0, 200.0, 200.0, 200.0, 200.0]",1,942.478,-0.0258522,0.359207,-0.0363432,0.0,"[7.41623, 7.76145, 8.86929, 11.5232, 21.3862, 62.7995, 53.9923, 45.7557, 38.349, 31.9703, 26.7004, 22.4878, 19.1883, 16.6242, 13.0677, 10.0697, 8.52952, 7.78721, 7.58729]",0.0114268,"[-0.614205, 0.220743, -2.10731, 2.07242]",0.344755
0.0,0.0221564,0.0,0.0,0.862,0.0,1957.56,-0.000854492,94.0,0,"[200.0, 200.0, 200.0, 200.0, 200.0, 200.0, 200.0, 200.0, 200.0, 200.0, 200.0, 200.0, 200.0, 200.0, 200.0, 200.0, 200.0, 200.0, 200.0, 200.0, 200.0, 200.0, 200.0, 200.0, 200.0, 200.0, 200.0, 200.0, 200.0, 200.0, 200.0, 200.0, 200.0, 200.0, 200.0, 200.0]",1,942.478,-0.0258751,0.358685,-0.0363214,0.0,"[7.41433, 7.76091, 8.87071, 11.5295, 21.4421, 62.739, 53.9354, 45.7043, 38.3046, 31.9337, 26.6715, 22.4659, 19.1719, 16.612, 13.0611, 10.0673, 8.52923, 7.78822, 7.58939]",0.0116933,"[1.25171, -1.6205, 2.03844, -2.15843]",0.344715
0.0,0.0227734,0.0,0.0,0.882,0.0,1957.56,-0.000976563,94.0,0,"[200.0, 200.0, 200.0, 200.0, 200.0, 200.0, 200.0, 200.0, 200.0, 200.0, 200.0, 200.0, 200.0, 200.0, 200.0, 200.0, 200.0, 200.0, 200.0, 200.0, 200.0, 200.0, 200.0, 200.0, 200.0, 200.0, 200.0, 200.0, 200.0, 200.0, 200.0, 200.0, 200.0, 200.0, 200.0, 200.0]",1,942.478,-0.0287321,0.353162,-0.0362596,0.0,"[7.41248, 7.76042, 8.8722, 11.5359, 21.4994, 62.6778, 53.8779, 45.6523, 38.2597, 31.8968, 26.6424, 22.4437, 19.1553, 16.5997, 13.0544, 10.0649, 8.52888, 7.78918, 7.59145]",0.0119568,"[-0.623405, 0.195564, -2.1018, 2.08034]",0.344675
0.0,0.0233971,0.0,0.0,0.902,0.0,1957.56,-0.000976563,94.0,0,"[200.0, 200.0, 200.0, 200.0, 200.0, 200.0, 200.0, 200.0, 200.0, 200.0, 200.0, 200.0, 200.0, 200.0, 200.0, 200.0, 200.0, 200.0, 200.0, 200.0, 200.0, 200.0, 200.0, 200.0, 200.0, 200.0, 200.0, 200.0, 200.0, 200.0, 200.0, 200.0, 200.0, 200.0, 200.0, 200.0]",1,942.478,-0.028829,0.350471,-0.0359494,0.0,"[7.41063, 7.75995, 8.87375, 11.5425, 21.5582, 62.6159, 53.8198, 45.5998, 38.2143, 31.8594, 26.613, 22.4212, 19.1384, 16.5872, 13.0476, 10.0624, 8.5285, 7.79014, 7.59351]",0.0122182,"[1.23126, -1.637, 2.05162, -2.15096]",0.344635
0.0,0.0240237,0.0,0.0,0.922,0.0,1957.56,-0.0012207,94.0,0,"[200.0, 200.0, 200.0, 200.0, 200.0, 200.0, 200.0, 200.0, 200.0, 200.0, 200.0, 200.0, 200.0, 200.0, 200.0, 200.0, 200.0, 200.0, 200.0, 200.0, 200.0, 200.0, 200.0, 200.0, 200.0, 200.0, 200.0, 200.0, 200.0, 200.0, 200.0, 200.0, 200.0, 200.0, 200.0, 200.0]",1,942.478,-0.031743,0.344188,-0.0355566,0.0,"[7.40884, 7.75954, 8.87537, 11.5492, 21.6181, 62.5538, 53.7614, 45.5469, 38.1687, 31.8219, 26.5833, 22.3985, 19.1214, 16.5746, 13.0408, 10.0598, 8.52807, 7.79105, 7.59554]",0.0124746,"[-0.646813, 0.184372, -2.09261, 2.08969]",0.344594
0.0,0.0246546,0.0,0.0,0.942,0.0,1957.56,-0.0012207,94.0,0,"[200.0, 200.0, 200.0, 200.0, 200.0, 200.0, 200.0, 200.0, 200.0, 200.0, 200.0, 200.0, 200.0, 200.0, 200.0, 200.0, 200.0, 200.0, 200.0, 200.0, 200.0, 200.0, 200.0, 200.0, 200.0, 200.0, 200.0, 200.0, 200.0, 200.0, 200.0, 200.0, 200.0, 200.0, 200.0, 200.0]",1,942.478,-0.0320682,0.33974,-0.0350564,0.0,"[7.40705, 7.75916, 8.87703, 11.5561, 21.6794, 62.4911, 53.7025, 45.4937, 38.1227, 31.7841, 26.5535, 22.3757, 19.1043, 16.5619, 13.0338, 10.0572, 8.52761, 7.79192, 7.59755]",0.0127289,"[1.20666, -1.63905, 2.06205, -2.1381]",0.344554
0.0,0.025284,0.0,0.0,0.962,0.0,1957.56,-0.00134277,94.0,0,"[200.0, 200.0, 200.0, 200.0, 200.0, 200.0, 200.0, 200.0, 200.0, 200.0, 200.0, 200.0, 200.0, 200.0, 200.0, 200.0, 200.0, 200.0, 200.0, 200.0, 200.0, 200.0, 200.0, 200.0, 200.0, 200.0, 200.0, 200.0, 200.0, 200.0, 200.0, 200.0, 200.0, 200.0, 200.0, 200.0]",1,942.478,-0.0352253,0.333081,-0.0344433,0.0,"[7.40532, 7.75883, 8.87876, 11.563, 21.7416, 62.4286, 53.6438, 45.4406, 38.0769, 31.7462, 26.5237, 22.3529, 19.0872, 16.5491, 13.0268, 10.0546, 8.5271, 7.79277, 7.59952]",0.0129771,"[-0.676472, 0.193462, -2.07724, 2.10606]",0.344515
0.0,0.0259129,0.0,0.0,0.982,0.0,1957.56,-0.00146484,94.0,0,"[200.0, 200.0, 200.0, 200.0, 200.0, 200.0, 200.0, 200.0, 200.0, 200.0, 200.0, 200.0, 200.0, 200.0, 200.0, 200.0, 200.0, 200.0, 200.0, 200.0, 200.0, 200.0, 200.0, 200.0, 200.0, 200.0, 200.0, 200.0, 200.0, 200.0, 200.0, 200.0, 200.0, 200.0, 200.0, 200.0]",1,942.478,-0.0353332,0.327308,-0.0336956,0.0,"[7.40362, 7.75853, 8.88053, 11.57, 21.8045, 62.3661, 53.5851, 45.3875, 38.0311, 31.7085, 26.4939, 22.3301, 19.07, 16.5364, 13.0197, 10.0519, 8.52656, 7.79359, 7.60146]",0.0132212,"[1.17252, -1.63162, 2.07389, -2.12548]",0.344476
0.0,0.02655,0.0,0.0,1.004,0.0,1957.56,-0.00158691,94.0,0,"[200.0, 200.0, 200.0, 200.0, 200.0, 200.0, 200.0, 200.0, 200.0, 200.0, 200.0, 200.0, 200.0, 200.0, 200.0, 200.0, 200.0, 200.0, 200.0, 200.0, 200.0, 200.0, 200.0, 200.0, 200.0, 200.0, 200.0, 200.0, 200.0, 200.0, 200.0, 200.0, 200.0, 200.0, 200.0, 200.0]",1,942.478,-0.0383904,0.319123,-0.0329922,0.0,"[7.40177, 7.75809, 8.88217, 11.5768, 21.8685, 62.303, 53.5258, 45.3341, 37.9849, 31.6706, 26.464, 22.3073, 19.053, 16.5237, 13.0128, 10.0493, 8.52617, 7.79455, 7.60355]",0.0134857,"[-1.64864, 1.12091, -2.0514, 2.13467]",0.344436
0.0,0.0272676,0.0,0.0,1.024,0.0,1957.56,-0.00183105,94.0,0,"[200.0, 200.0, 200.0, 200.0, 200.0, 200.0, 200.0, 200.0, 200.0, 200.0, 200.0, 200.0, 200.0, 200.0, 200.0, 200.0, 200.0, 200.0, 200.0, 200.0, 200.0, 200.0, 200.0, 200.0, 200.0, 200.0, 200.0, 200.0, 200.0, 200.0, 200.0, 200.0, 200.0, 200.0, 200.0, 200.0]",1,942.478,-0.0389346,0.314426,-0.032091,0.0,"[7.40019, 7.75813, 8.88461, 11.5854, 21.944, 62.2314, 53.4584, 45.2731, 37.9321, 31.6269, 26.4294, 22.2806, 19.0328, 16.5086, 13.0043, 10.0459, 8.52518, 7.79512, 7.60544]",0.0137187,"[2.06272, -2.52926, 2.06823, -2.13216]",0.344401
0.0,0.0277774,0.0,0.0,1.044,0.0,1957.56,-0.00195313,94.0,0,"[200.0, 200.0, 200.0, 200.0, 200.0, 200.0, 200.0, 200.0, 200.0, 200.0, 200.0, 200.0, 200.0, 200.0, 200.0, 200.0, 200.0, 200.0, 200.0, 200.0, 200.0, 200.0, 200.0, 200.0, 200.0, 200.0, 200.0, 200.0, 200.0, 200.0, 200.0, 200.0, 200.0, 200.0, 200.0, 200.0]",1,942.478,-0.0422783,0.306353,-0.031567,0.0,"[7.39857, 7.75763, 8.88576, 11.5907, 21.9959, 62.1811, 53.4113, 45.2306, 37.8956, 31.597, 26.4059, 22.2628, 19.0195, 16.4987, 12.999, 10.044, 8.52504, 7.79604, 7.60727]",0.0139496,"[-1.68483, 1.16084, -2.03665, 2.15259]",0.344368
0.0,0.0284745,0.0,0.0,1.064,0.0,1957.56,-0.00219727,94.0,0,"[200.0, 200.0, 200.0, 200.0, 200.0, 200.0, 200.0, 200.0, 200.0, 200.0, 200.0, 200.0, 200.0, 200.0, 200.0, 200.0, 200.0, 200.0, 200.0, 200.0, 200.0, 200.0, 200.0, 200.0, 200.0, 200.0, 200.0, 200.0, 200.0, 200.0, 200.0, 200.0, 200.0, 200.0, 200.0, 200.0]",1,942.478,-0.0427025,0.301538,-0.0306956,0.0,"[7.39703, 7.75766, 8.88816, 11.5991, 22.0712, 62.1116, 53.3459, 45.1715, 37.8444, 31.5547, 26.3724, 22.237, 19.0, 16.4841, 12.9908, 10.0406, 8.52409, 7.79662, 7.6091]",0.0141764,"[2.02461, -2.49085, 2.08349, -2.11457]",0.344336
0.0,0.0289599,0.0,0.0,1.084,0.0,1957.56,-0.00244141,94.0,0,"[200.0, 200.0, 200.0, 200.0, 200.0, 200.0, 200.0, 200.0, 200.0, 200.0, 200.0, 200.0, 200.0, 200.0, 200.0, 200.0, 200.0, 200.0, 200.0, 200.0, 200.0, 200.0, 200.0, 200.0, 200.0, 200.0, 200.0, 200.0, 200.0, 200.0, 200.0, 200.0, 200.0, 200.0, 200.0, 200.0]",1,942.478,-0.0462248,0.294031,-0.0301894,0.0,"[7.39549, 7.75719, 8.88923, 11.6042, 22.1217, 62.0638, 53.3011, 45.1311, 37.8098, 31.5263, 26.3501, 22.22, 18.9874, 16.4748, 12.9858, 10.0389, 8.52396, 7.79752, 7.61086]",0.0143972,"[-1.72148, 1.20945, -2.02196, 2.17177]",0.344305
0.0,0.0296294,0.0,0.0,1.104,0.0,1957.56,-0.00268555,94.0,0,"[200.0, 200.0, 200.0, 200.0, 200.0, 200.0, 200.0, 200.0, 200.0, 200.0, 200.0, 200.0, 200.0, 200.0, 200.0, 200.0, 200.0, 200.0, 200.0, 200.0, 200.0, 200.0, 200.0, 200.0, 200.0, 200.0, 200.0, 200.0, 200.0, 200.0, 200.0, 200.0, 200.0, 200.0, 200.0, 200.0]",1,942.478,-0.0468507,0.28931,-0.0293298,0.0,"[7.39401, 7.75721, 8.89153, 11.6122, 22.1959, 61.997, 53.2383, 45.0744, 37.7607, 31.4859, 26.3181, 22.1954, 18.9688, 16.4608, 12.9779, 10.0357, 8.52308, 7.79808, 7.61263]",0.0146159,"[1.98311, -2.43506, 2.10786, -2.09139]",0.344277
0.0,0.0300853,0.0,0.0,1.124,0.0,1957.56,-0.00292969,94.0,0,"[200.0, 200.0, 200.0, 200.0, 200.0, 200.0, 200.0, 200.0, 200.0, 200.0, 200.0, 200.0, 200.0, 200.0, 200.0, 200.0, 200.0, 200.0, 200.0, 200.0, 200.0, 200.0, 200.0, 200.0, 200.0, 200.0, 200.0, 200.0, 200.0, 200.0, 200.0, 200.0, 200.0, 200.0, 200.0, 200.0]",1,942.478,-0.0503487,0.282643,-0.0288748,0.0,"[7.39254, 7.75675, 8.89253, 11.6169, 22.2445, 61.9522, 53.1964, 45.0367, 37.7283, 31.4594, 26.2972, 22.1796, 18.957, 16.4521, 12.9733, 10.0341, 8.52299, 7.79895, 7.61431]",0.0148275,"[-1.74826, 1.26659, -2.00594, 2.18849]",0.344248
0.0,0.0307247,0.0,0.0,1.144,0.0,1957.56,-0.00317383,94.0,0,"[200.0, 200.0, 200.0, 200.0, 200.0, 200.0, 200.0, 200.0, 200.0, 200.0, 200.0, 200.0, 200.0, 200.0, 200.0, 200.0, 200.0, 200.0, 200.0, 200.0, 200.0, 200.0, 200.0, 200.0, 200.0, 200.0, 200.0, 200.0, 200.0, 200.0, 200.0, 200.0, 200.0, 200.0, 200.0, 200.0]",1,942.478,-0.0511833,0.278074,-0.0280878,0.0,"[7.39113, 7.75678, 8.89474, 11.6247, 22.3169, 61.8885, 53.1365, 44.9826, 37.6816, 31.4208, 26.2667, 22.1562, 18.9392, 16.4388, 12.9658, 10.031, 8.52215, 7.79949, 7.61601]",0.015036,"[1.96787, -2.37644, 2.12761, -2.07358]",0.344221
0.0,0.0311505,0.0,0.0,1.164,0.0,1957.56,-0.00341797,94.0,0,"[200.0, 200.0, 200.0, 200.0, 200.0, 200.0, 200.0, 200.0, 200.0, 200.0, 200.0, 200.0, 200.0, 200.0, 200.0, 200.0, 200.0, 200.0, 200.0, 200.0, 200.0, 200.0, 200.0, 200.0, 200.0, 200.0, 200.0, 200.0, 200.0, 200.0, 200.0, 200.0, 200.0, 200.0, 200.0, 200.0]",1,942.478,-0.0545797,0.272092,-0.027691,0.0,"[7.3897, 7.75628, 8.8956, 11.629, 22.3631, 61.8467, 53.0975, 44.9475, 37.6515, 31.3962, 26.2475, 22.1416, 18.9284, 16.4308, 12.9616, 10.0296, 8.52213, 7.80035, 7.61764]",0.0152405,"[-1.77272, 1.33264, -1.98471, 2.20647]",0.344195
0.0,0.0317571,0.0,0.0,1.184,0.0,1957.56,-0.00366211,94.0,0,"[200.0, 200.0, 200.0, 200.0, 200.0, 200.0, 200.0, 200.0, 200.0, 200.0, 200.0, 200.0, 200.0, 200.0, 200.0, 200.0, 200.0, 200.0, 200.0, 200.0, 200.0, 200.0, 200.0, 200.0, 200.0, 200.0, 200.0, 200.0, 200.0, 200.0, 200.0, 200.0, 200.0, 200.0, 200.0, 200.0]",1,942.478,-0.0554325,0.267802,-0.0269448,0.0,"[7.38835, 7.75629, 8.89767, 11.6364, 22.4334, 61.7863, 53.0408, 44.8963, 37.6073, 31.3598, 26.2187, 22.1195, 18.9117, 16.4183, 12.9545, 10.0268, 8.52136, 7.80091, 7.61928]",0.0154419,"[1.93484, -2.30599, 2.15151, -2.04953]",0.34417
0.0,0.032149,0.0,0.0,1.204,0.0,1957.56,-0.00390625,94.0,0,"[200.0, 200.0, 200.0, 200.0, 200.0, 200.0, 200.0, 200.0, 200.0, 200.0, 200.0, 200.0, 200.0, 200.0, 200.0, 200.0, 200.0, 200.0, 200.0, 200.0, 200.0, 200.0, 200.0, 200.0, 200.0, 200.0, 200.0, 200.0, 200.0, 200.0, 200.0, 200.0, 200.0, 200.0, 200.0, 200.0]",1,942.478,-0.0588616,0.262722,-0.0265799,0.0,"[7.38698, 7.75578, 8.8984, 11.6403, 22.4765, 61.748, 53.005, 44.8642, 37.5798, 31.3374, 26.2011, 22.1062, 18.9019, 16.4111, 12.9508, 10.0255, 8.52141, 7.80176, 7.62083]",0.0156382,"[-1.7959, 1.4009, -1.96245, 2.23036]",0.344145
0.0,0.0327231,0.0,0.0,1.224,0.0,1957.56,-0.00415039,94.0,0,"[200.0, 200.0, 200.0, 200.0, 200.0, 200.0, 200.0, 200.0, 200.0, 200.0, 200.0, 200.0, 200.0, 200.0, 200.0, 200.0, 200.0, 200.0, 200.0, 200.0, 200.0, 200.0, 200.0, 200.0, 200.0, 200.0, 200.0, 200.0, 200.0, 200.0, 200.0, 200.0, 200.0, 200.0, 200.0, 200.0]",1,942.478,-0.0595173,0.258728,-0.0259202,0.0,"[7.38567, 7.75577, 8.90034, 11.6472, 22.5444, 61.6909, 52.9514, 44.8158, 37.5381, 31.303, 26.174, 22.0854, 18.8861, 16.3993, 12.9441, 10.0229, 8.52073, 7.80232, 7.62242]",0.0158325,"[1.90757, -2.24039, 2.17451, -2.02447]",0.344123
0.0,0.0330846,0.0,0.0,1.244,0.0,1957.56,-0.00439453,94.0,0,"[200.0, 200.0, 200.0, 200.0, 200.0, 200.0, 200.0, 200.0, 200.0, 200.0, 200.0, 200.0, 200.0, 200.0, 200.0, 200.0, 200.0, 200.0, 200.0, 200.0, 200.0, 200.0, 200.0, 200.0, 200.0, 200.0, 200.0, 200.0, 200.0, 200.0, 200.0, 200.0, 200.0, 200.0, 200.0, 200.0]",1,942.478,-0.0627922,0.254476,-0.0256206,0.0,"[7.38434, 7.75521, 8.90092, 11.6507, 22.5848, 61.6557, 52.9185, 44.7863, 37.5129, 31.2825, 26.1581, 22.0733, 18.8772, 16.3928, 12.9408, 10.0219, 8.52086, 7.80319, 7.62394]",0.0160238,"[-1.81751, 1.47433, -1.94762, 2.24455]",0.3441
0.0,0.0336282,0.0,0.0,1.264,0.0,1957.56,-0.00476074,94.0,0,"[200.0, 200.0, 200.0, 200.0, 200.0, 200.0, 200.0, 200.0, 200.0, 200.0, 200.0, 200.0, 200.0, 200.0, 200.0, 200.0, 200.0, 200.0, 200.0, 200.0, 200.0, 200.0, 200.0, 200.0, 200.0, 200.0, 200.0, 200.0, 200.0, 200.0, 200.0, 200.0, 200.0, 200.0, 200.0, 200.0]",1,942.478,-0.0634322,0.250876,-0.0251613,0.0,"[7.38306, 7.75516, 8.9027, 11.6572, 22.6502, 61.6018, 52.8679, 44.7407, 37.4736, 31.2502, 26.1325, 22.0538, 18.8625, 16.3817, 12.9346, 10.0194, 8.52026, 7.80376, 7.62549]",0.016213,"[1.88457, -2.1723, 2.19461, -2.00378]",0.34408
0.0,0.0339605,0.0,0.0,1.284,0.0,1957.56,-0.00512695,94.0,0,"[200.0, 200.0, 200.0, 200.0, 200.0, 200.0, 200.0, 200.0, 200.0, 200.0, 200.0, 200.0, 200.0, 200.0, 200.0, 200.0, 200.0, 200.0, 200.0, 200.0, 200.0, 200.0, 200.0, 200.0, 200.0, 200.0, 200.0, 200.0, 200.0, 200.0, 200.0, 200.0, 200.0, 200.0, 200.0, 200.0]",1,942.478,-0.0669298,0.247323,-0.0250292,0.0,"[7.38176, 7.75456, 8.90314, 11.6603, 22.6876, 61.5695, 52.8379, 44.7138, 37.4506, 31.2316, 26.1181, 22.0429, 18.8545, 16.376, 12.9317, 10.0186, 8.52048, 7.80465, 7.62697]",0.0164001,"[-1.83374, 1.54556, -1.92333, 2.2699]",0.34406
0.0,0.0344779,0.0,0.0,1.304,0.0,1957.55,-0.00537109,94.0,0,"[200.0, 200.0, 200.0, 200.0, 200.0, 200.0, 200.0, 200.0, 200.0, 200.0, 200.0, 200.0, 200.0, 200.0, 200.0, 200.0, 200.0, 200.0, 200.0, 200.0, 200.0, 200.0, 200.0, 200.0, 200.0, 200.0, 200.0, 200.0, 200.0, 200.0, 200.0, 200.0, 200.0, 200.0, 200.0, 200.0]",1,942.478,-0.0675725,0.243976,-0.0245548,0.0,"[7.38053, 7.7545, 8.90482, 11.6665, 22.7512, 61.5182, 52.7898, 44.6705, 37.4133, 31.2009, 26.0939, 22.0244, 18.8405, 16.3655, 12.9258, 10.0163, 8.51993, 7.80521, 7.62846]",0.0165833,"[1.865, -2.1037, 2.22457, -1.9737]",0.344039
0.0,0.0347854,0.0,0.0,1.324,0.0,1957.55,-0.0057373,94.0,0,"[200.0, 200.0, 200.0, 200.0, 200.0, 200.0, 200.0, 200.0, 200.0, 200.0, 200.0, 200.0, 200.0, 200.0, 200.0, 200.0, 200.0, 200.0, 200.0, 200.0, 200.0, 200.0, 200.0, 200.0, 200.0, 200.0, 200.0, 200.0, 200.0, 200.0, 200.0, 200.0, 200.0, 200.0, 200.0, 200.0]",1,942.478,-0.0705891,0.24111,-0.0244113,0.0,"[7.37926, 7.75389, 8.90516, 11.6693, 22.7862, 61.4884, 52.7621, 44.6457, 37.3922, 31.1838, 26.0806, 22.0144, 18.8333, 16.3603, 12.9232, 10.0156, 8.5202, 7.8061, 7.62989]",0.0167643,"[-1.85684, 1.61595, -1.90248, 2.28845]",0.344019
0.0,0.0352794,0.0,0.0,1.344,0.0,1957.55,-0.00610352,94.0,0,"[200.0, 200.0, 200.0, 200.0, 200.0, 200.0, 200.0, 200.0, 200.0, 200.0, 200.0, 200.0, 200.0, 200.0, 200.0, 200.0, 200.0, 200.0, 200.0, 200.0, 200.0, 200.0, 200.0, 200.0, 200.0, 200.0, 200.0, 200.0, 200.0, 200.0, 200.0, 200.0, 200.0, 200.0, 200.0, 200.0]",1,942.478,-0.0709674,0.238224,-0.0239881,0.0,"[7.37805, 7.75379, 8.90672, 11.6751, 22.8477, 61.4395, 52.7163, 44.6045, 37.3568, 31.1547, 26.0577, 21.9969, 18.82, 16.3504, 12.9177, 10.0134, 8.51972, 7.80669, 7.63136]",0.0169444,"[1.83492, -2.04066, 2.24573, -1.95259]",0.344
0.0,0.0355651,0.0,0.0,1.364,0.0,1957.55,-0.00646973,94.0,0,"[200.0, 200.0, 200.0, 200.0, 200.0, 200.0, 200.0, 200.0, 200.0, 200.0, 200.0, 200.0, 200.0, 200.0, 200.0, 200.0, 200.0, 200.0, 200.0, 200.0, 200.0, 200.0, 200.0, 200.0, 200.0, 200.0, 200.0, 200.0, 200.0, 200.0, 200.0, 200.0, 200.0, 200.0, 200.0, 200.0]",1,942.478,-0.0741748,0.235998,-0.0238294,0.0,"[7.3768, 7.75316, 8.90695, 11.6776, 22.8805, 61.412, 52.6906, 44.5817, 37.3374, 31.1391, 26.0455, 21.9878, 18.8134, 16.3456, 12.9153, 10.0129, 8.52004, 7.80758, 7.63276]",0.0171214,"[-1.87793, 1.67917, -1.87832, 2.31236]",0.34398
0.0,0.0360405,0.0,0.0,1.384,0.0,1957.55,-0.00683594,94.0,0,"[200.0, 200.0, 200.0, 200.0, 200.0, 200.0, 200.0, 200.0, 200.0, 200.0, 200.0, 200.0, 200.0, 200.0, 200.0, 200.0, 200.0, 200.0, 200.0, 200.0, 200.0, 200.0, 200.0, 200.0, 200.0, 200.0, 200.0, 200.0, 200.0, 200.0, 200.0, 200.0, 200.0, 200.0, 200.0, 200.0]",1,942.478,-0.0746116,0.233332,-0.0234114,0.0,"[7.37563, 7.75305, 8.90845, 11.6832, 22.941, 61.365, 52.6466, 44.542, 37.3033, 31.1111, 26.0235, 21.971, 18.8008, 16.3361, 12.9101, 10.0108, 8.51961, 7.80815, 7.63419]",0.0172963,"[1.81684, -1.97971, 2.27355, -1.92498]",0.343961
0.0,0.0363099,0.0,0.0,1.404,0.0,1957.55,-0.00720215,94.0,0,"[200.0, 200.0, 200.0, 200.0, 200.0, 200.0, 200.0, 200.0, 200.0, 200.0, 200.0, 200.0, 200.0, 200.0, 200.0, 200.0, 200.0, 200.0, 200.0, 200.0, 200.0, 200.0, 200.0, 200.0, 200.0, 200.0, 200.0, 200.0, 200.0, 200.0, 200.0, 200.0, 200.0, 200.0, 200.0, 200.0]",1,942.478,-0.0779079,0.231598,-0.023348,0.0,"[7.37441, 7.75239, 8.9086, 11.6855, 22.9721, 61.339, 52.6226, 44.5206, 37.2851, 31.0964, 26.0123, 21.9626, 18.7947, 16.3318, 12.908, 10.0104, 8.51998, 7.80904, 7.63557]",0.0174703,"[-1.88927, 1.74792, -1.85432, 2.33975]",0.343944
0.0,0.0367681,0.0,0.0,1.424,0.0,1957.55,-0.00756836,94.0,0,"[200.0, 200.0, 200.0, 200.0, 200.0, 200.0, 200.0, 200.0, 200.0, 200.0, 200.0, 200.0, 200.0, 200.0, 200.0, 200.0, 200.0, 200.0, 200.0, 200.0, 200.0, 200.0, 200.0, 200.0, 200.0, 200.0, 200.0, 200.0, 200.0, 200.0, 200.0, 200.0, 200.0, 200.0, 200.0, 200.0]",1,942.478,-0.0780842,0.229163,-0.0229264,0.0,"[7.37327, 7.75227, 8.91004, 11.6909, 23.0314, 61.2938, 52.5802, 44.4826, 37.2524, 31.0695, 25.9911, 21.9464, 18.7825, 16.3227, 12.9029, 10.0084, 8.51956, 7.80961, 7.63696]",0.0176412,"[1.79523, -1.91531, 2.30085, -1.89773]",0.343926
0.0,0.0370218,0.0,0.0,1.444,0.0,1957.55,-0.00793457,94.0,0,"[200.0, 200.0, 200.0, 200.0, 200.0, 200.0, 200.0, 200.0, 200.0, 200.0, 200.0, 200.0, 200.0, 200.0, 200.0, 200.0, 200.0, 200.0, 200.0, 200.0, 200.0, 200.0, 200.0, 200.0, 200.0, 200.0, 200.0, 200.0, 200.0, 200.0, 200.0, 200.0, 200.0, 200.0, 200.0, 200.0]",1,942.478,-0.0811742,0.227943,-0.022987,0.0,"[7.37205, 7.75159, 8.9101, 11.6929, 23.0609, 61.2695, 52.5577, 44.4625, 37.2354, 31.0559, 25.9806, 21.9386, 18.7769, 16.3187, 12.9011, 10.0081, 8.52, 7.81053, 7.63831]",0.0178131,"[-1.91239, 1.81147, -1.82806, 2.36236]",0.343909
0.0,0.0374657,0.0,0.0,1.464,0.0,1957.55,-0.00842285,94.0,0,"[200.0, 200.0, 200.0, 200.0, 200.0, 200.0, 200.0, 200.0, 200.0, 200.0, 200.0, 200.0, 200.0, 200.0, 200.0, 200.0, 200.0, 200.0, 200.0, 200.0, 200.0, 200.0, 200.0, 200.0, 200.0, 200.0, 200.0, 200.0, 200.0, 200.0, 200.0, 200.0, 200.0, 200.0, 200.0, 200.0]",1,942.478,-0.0814483,0.225756,-0.0227428,0.0,"[7.3709, 7.75143, 8.91144, 11.6981, 23.1192, 61.2257, 52.5167, 44.4257, 37.2038, 31.03, 25.9603, 21.9231, 18.7652, 16.31, 12.8963, 10.0062, 8.51964, 7.81113, 7.63971]",0.017984,"[1.76967, -1.85345, 2.33109, -1.86545]",0.343893
0.0,0.0377066,0.0,0.0,1.484,0.0,1957.55,-0.00878906,94.0,0,"[200.0, 200.0, 200.0, 200.0, 200.0, 200.0, 200.0, 200.0, 200.0, 200.0, 200.0, 200.0, 200.0, 200.0, 200.0, 200.0, 200.0, 200.0, 200.0, 200.0, 200.0, 200.0, 200.0, 200.0, 200.0, 200.0, 200.0, 200.0, 200.0, 200.0, 200.0, 200.0, 200.0, 200.0, 200.0, 200.0]",1,942.478,-0.0845036,0.224981,-0.022896,0.0,"[7.36971, 7.75073, 8.91143, 11.6999, 23.1475, 61.2027, 52.4954, 44.4068, 37.1879, 31.0172, 25.9505, 21.9158, 18.76, 16.3064, 12.8945, 10.006, 8.52009, 7.81204, 7.64104]",0.0181539,"[-1.93179, 1.87866, -1.80355, 2.39008]",0.343877
0.0,0.0381381,0.0,0.0,1.504,0.0,1957.55,-0.00927734,94.0,0,"[200.0, 200.0, 200.0, 200.0, 200.0, 200.0, 200.0, 200.0, 200.0, 200.0, 200.0, 200.0, 200.0, 200.0, 200.0, 200.0, 200.0, 200.0, 200.0, 200.0, 200.0, 200.0, 200.0, 200.0, 200.0, 200.0, 200.0, 200.0, 200.0, 200.0, 200.0, 200.0, 200.0, 200.0, 200.0, 200.0]",1,942.478,-0.0849174,0.222959,-0.0225667,0.0,"[7.36858, 7.75058, 8.91272, 11.705, 23.2052, 61.1602, 52.4557, 44.3711, 37.1572, 30.9921, 25.9307, 21.9007, 18.7487, 16.2979, 12.8899, 10.0042, 8.51976, 7.81263, 7.64242]",0.0183207,"[1.75169, -1.78183, 2.35965, -1.83429]",0.343859
0.0,0.0383679,0.0,0.0,1.524,0.0,1957.55,-0.00964355,94.0,0,"[200.0, 200.0, 200.0, 200.0, 200.0, 200.0, 200.0, 200.0, 200.0, 200.0, 200.0, 200.0, 200.0, 200.0, 200.0, 200.0, 200.0, 200.0, 200.0, 200.0, 200.0, 200.0, 200.0, 200.0, 200.0, 200.0, 200.0, 200.0, 200.0, 200.0, 200.0, 200.0, 200.0, 200.0, 200.0, 200.0]",1,942.478,-0.0874577,0.222545,-0.0225674,0.0,"[7.3674, 7.74987, 8.91269, 11.7067, 23.2324, 61.1383, 52.4355, 44.3532, 37.1421, 30.98, 25.9214, 21.8939, 18.7438, 16.2944, 12.8883, 10.004, 8.52025, 7.81355, 7.64373]",0.0184886,"[-1.95734, 1.9439, -1.77811, 2.41198]",0.343843
0.0,0.0387904,0.0,0.0,1.544,0.0,1957.55,-0.0101318,94.0,0,"[200.0, 200.0, 200.0, 200.0, 200.0, 200.0, 200.0, 200.0, 200.0, 200.0, 200.0, 200.0, 200.0, 200.0, 200.0, 200.0, 200.0, 200.0, 200.0, 200.0, 200.0, 200.0, 200.0, 200.0, 200.0, 200.0, 200.0, 200.0, 200.0, 200.0, 200.0, 200.0, 200.0, 200.0, 200.0, 200.0]",1,942.478,-0.0876879,0.22074,-0.0223723,0.0,"[7.36627, 7.74969, 8.91393, 11.7116, 23.2897, 61.0967, 52.3965, 44.3182, 37.1121, 30.9555, 25.9022, 21.8792, 18.7328, 16.2863, 12.8838, 10.0023, 8.51995, 7.81416, 7.6451]",0.0186554,"[1.72702, -1.72932, 2.38427, -1.81028]",0.343828
0.0,0.0390126,0.0,0.0,1.564,0.0,1957.55,-0.010498,94.0,0,"[200.0, 200.0, 200.0, 200.0, 200.0, 200.0, 200.0, 200.0, 200.0, 200.0, 200.0, 200.0, 200.0, 200.0, 200.0, 200.0, 200.0, 200.0, 200.0, 200.0, 200.0, 200.0, 200.0, 200.0, 200.0, 200.0, 200.0, 200.0, 200.0, 200.0, 200.0, 200.0, 200.0, 200.0, 200.0, 200.0]",1,942.478,-0.0905227,0.220624,-0.0223627,0.0,"[7.3651, 7.74898, 8.91386, 11.7132, 23.3163, 61.0756, 52.377, 44.301, 37.0976, 30.9439, 25.8933, 21.8727, 18.7281, 16.283, 12.8823, 10.0021, 8.52044, 7.81507, 7.6464]",0.0188212,"[-1.97047, 2.00805, -1.75856, 2.43718]",0.343812
0.0,0.0394289,0.0,0.0,1.584,0.0,1957.55,-0.0109863,94.0,0,"[200.0, 200.0, 200.0, 200.0, 200.0, 200.0, 200.0, 200.0, 200.0, 200.0, 200.0, 200.0, 200.0, 200.0, 200.0, 200.0, 200.0, 200.0, 200.0, 200.0, 200.0, 200.0, 200.0, 200.0, 200.0, 200.0, 200.0, 200.0, 200.0, 200.0, 200.0, 200.0, 200.0, 200.0, 200.0, 200.0]",1,942.478,-0.0906936,0.21884,-0.0220673,0.0,"[7.36401, 7.7488, 8.91507, 11.718, 23.3737, 61.0346, 52.3388, 44.2666, 37.0682, 30.9198, 25.8744, 21.8583, 18.7173, 16.2749, 12.8779, 10.0005, 8.52017, 7.81567, 7.64776]",0.018986,"[1.71701, -1.67594, 2.41212, -1.78538]",0.343797
0.0,0.0396463,0.0,0.0,1.604,0.0,1957.55,-0.0114746,94.0,0,"[200.0, 200.0, 200.0, 200.0, 200.0, 200.0, 200.0, 200.0, 200.0, 200.0, 200.0, 200.0, 200.0, 200.0, 200.0, 200.0, 200.0, 200.0, 200.0, 200.0, 200.0, 200.0, 200.0, 200.0, 200.0, 200.0, 200.0, 200.0, 200.0, 200.0, 200.0, 200.0, 200.0, 200.0, 200.0, 200.0]",1,942.478,-0.0933861,0.218916,-0.0221312,0.0,"[7.36284, 7.74808, 8.91498, 11.7195, 23.4002, 61.014, 52.3198, 44.2498, 37.054, 30.9084, 25.8658, 21.8519, 18.7127, 16.2718, 12.8765, 10.0004, 8.52067, 7.81659, 7.64905]",0.0191508,"[-1.97858, 2.05463, -1.73168, 2.46218]",0.343782
0.0,0.0400578,0.0,0.0,1.624,0.0,1957.55,-0.0118408,94.0,0,"[200.0, 200.0, 200.0, 200.0, 200.0, 200.0, 200.0, 200.0, 200.0, 200.0, 200.0, 200.0, 200.0, 200.0, 200.0, 200.0, 200.0, 200.0, 200.0, 200.0, 200.0, 200.0, 200.0, 200.0, 200.0, 200.0, 200.0, 200.0, 200.0, 200.0, 200.0, 200.0, 200.0, 200.0, 200.0, 200.0]",1,942.478,-0.0936597,0.217159,-0.0219039,0.0,"[7.36175, 7.74791, 8.9162, 11.7244, 23.4579, 60.9736, 52.282, 44.2159, 37.0249, 30.8846, 25.8471, 21.8377, 18.702, 16.2638, 12.8721, 9.99873, 8.52039, 7.81717, 7.65038]",0.0193136,"[1.70007, -1.62885, 2.44473, -1.74906]",0.343768
0.0,0.0402695,0.0,0.0,1.644,0.0,1957.55,-0.0123291,94.0,0,"[200.0, 200.0, 200.0, 200.0, 200.0, 200.0, 200.0, 200.0, 200.0, 200.0, 200.0, 200.0, 200.0, 200.0, 200.0, 200.0, 200.0, 200.0, 200.0, 200.0, 200.0, 200.0, 200.0, 200.0, 200.0, 200.0, 200.0, 200.0, 200.0, 200.0, 200.0, 200.0, 200.0, 200.0, 200.0, 200.0]",1,942.478,-0.0960707,0.217525,-0.0220233,0.0,"[7.36059, 7.74719, 8.91607, 11.7258, 23.4842, 60.9535, 52.2635, 44.1995, 37.0111, 30.8737, 25.8388, 21.8316, 18.6977, 16.2608, 12.8708, 9.99863, 8.52091, 7.8181, 7.65167]",0.0194773,"[-2.00544, 2.10631, -1.70048, 2.48999]",0.343754
0.0,0.0406739,0.0,0.0,1.664,0.0,1957.55,-0.0128174,94.0,0,"[200.0, 200.0, 200.0, 200.0, 200.0, 200.0, 200.0, 200.0, 200.0, 200.0, 200.0, 200.0, 200.0, 200.0, 200.0, 200.0, 200.0, 200.0, 200.0, 200.0, 200.0, 200.0, 200.0, 200.0, 200.0, 200.0, 200.0, 200.0, 200.0, 200.0, 200.0, 200.0, 200.0, 200.0, 200.0, 200.0]",1,942.478,-0.0961507,0.215891,-0.0219616,0.0,"[7.35949, 7.747, 8.91723, 11.7305, 23.5418, 60.9138, 52.2264, 44.1663, 36.9827, 30.8504, 25.8205, 21.8177, 18.6873, 16.2531, 12.8666, 9.99706, 8.52067, 7.8187, 7.65302]",0.0196411,"[1.67439, -1.57675, 2.46964, -1.72566]",0.343741
0.0,0.0408794,0.0,0.0,1.684,0.0,1957.55,-0.0134277,94.0,0,"[200.0, 200.0, 200.0, 200.0, 200.0, 200.0, 200.0, 200.0, 200.0, 200.0, 200.0, 200.0, 200.0, 200.0, 200.0, 200.0, 200.0, 200.0, 200.0, 200.0, 200.0, 200.0, 200.0, 200.0, 200.0, 200.0, 200.0, 200.0, 200.0, 200.0, 200.0, 200.0, 200.0, 200.0, 200.0, 200.0]",1,942.478,-0.098796,0.216529,-0.022146,0.0,"[7.35835, 7.74626, 8.91708, 11.7319, 23.5673, 60.8944, 52.2085, 44.1505, 36.9694, 30.8399, 25.8125, 21.8119, 18.6832, 16.2502, 12.8653, 9.99702, 8.52121, 7.81963, 7.65429]",0.0198039,"[-2.01164, 2.16231, -1.68173, 2.51158]",0.343727
0.0,0.0412785,0.0,0.0,1.704,0.0,1957.55,-0.013916,94.0,0,"[200.0, 200.0, 200.0, 200.0, 200.0, 200.0, 200.0, 200.0, 200.0, 200.0, 200.0, 200.0, 200.0, 200.0, 200.0, 200.0, 200.0, 200.0, 200.0, 200.0, 200.0, 200.0, 200.0, 200.0, 200.0, 200.0, 200.0, 200.0, 200.0, 200.0, 200.0, 200.0, 200.0, 200.0, 200.0, 200.0]",1,942.478,-0.0987977,0.214924,-0.0220083,0.0,"[7.35724, 7.74605, 8.9182, 11.7365, 23.6252, 60.8552, 52.1719, 44.1177, 36.9414, 30.817, 25.7945, 21.7982, 18.6729, 16.2426, 12.8612, 9.9955, 8.521, 7.82026, 7.65563]",0.0199677,"[1.65786, -1.53158, 2.49624, -1.6949]",0.343713
0.0,0.0414807,0.0,0.0,1.724,0.0,1957.55,-0.0144043,94.0,0,"[200.0, 200.0, 200.0, 200.0, 200.0, 200.0, 200.0, 200.0, 200.0, 200.0, 200.0, 200.0, 200.0, 200.0, 200.0, 200.0, 200.0, 200.0, 200.0, 200.0, 200.0, 200.0, 200.0, 200.0, 200.0, 200.0, 200.0, 200.0, 200.0, 200.0, 200.0, 200.0, 200.0, 200.0, 200.0, 200.0]",1,942.478,-0.101212,0.215797,-0.0221049,0.0,"[7.35609, 7.74532, 8.91804, 11.7378, 23.6509, 60.8362, 52.1544, 44.1022, 36.9284, 30.8067, 25.7867, 21.7925, 18.6689, 16.2398, 12.86, 9.99546, 8.52154, 7.82118, 7.65692]",0.0201304,"[-2.03951, 2.21635, -1.65711, 2.53541]",0.343699
0.0,0.0418755,0.0,0.0,1.744,0.0,1957.55,-0.0150146,94.0,0,"[200.0, 200.0, 200.0, 200.0, 200.0, 200.0, 200.0, 200.0, 200.0, 200.0, 200.0, 200.0, 200.0, 200.0, 200.0, 200.0, 200.0, 200.0, 200.0, 200.0, 200.0, 200.0, 200.0, 200.0, 200.0, 200.0, 200.0, 200.0, 200.0, 200.0, 200.0, 200.0, 200.0, 200.0, 200.0, 200.0]",1,942.478,-0.101082,0.214349,-0.0219337,0.0,"[7.35501, 7.74511, 8.91915, 11.7424, 23.7091, 60.7974, 52.1183, 44.0699, 36.9007, 30.784, 25.769, 21.779, 18.6588, 16.2323, 12.8559, 9.99396, 8.52134, 7.8218, 7.65825]",0.0202932,"[1.61504, -1.48077, 2.52717, -1.66704]",0.343686
0.0,0.0420715,0.0,0.0,1.764,0.0,1957.54,-0.0155029,94.0,0,"[200.0, 200.0, 200.0, 200.0, 200.0, 200.0, 200.0, 200.0, 200.0, 200.0, 200.0, 200.0, 200.0, 200.0, 200.0, 200.0, 200.0, 200.0, 200.0, 200.0, 200.0, 200.0, 200.0, 200.0, 200.0, 200.0, 200.0, 200.0, 200.0, 200.0, 200.0, 200.0, 200.0, 200.0, 200.0, 200.0]",1,942.478,-0.103713,0.215569,-0.0219914,0.0,"[7.35386, 7.74435, 8.91895, 11.7436, 23.7342, 60.779, 52.1013, 44.0549, 36.8882, 30.7742, 25.7615, 21.7736, 18.6549, 16.2296, 12.8548, 9.99398, 8.5219, 7.82274, 7.65952]",0.0204549,"[-2.07333, 2.2686, -1.62563, 2.56692]",0.343673
0.0,0.0424601,0.0,0.0,1.784,0.0,1957.54,-0.0159912,94.0,0,"[200.0, 200.0, 200.0, 200.0, 200.0, 200.0, 200.0, 200.0, 200.0, 200.0, 200.0, 200.0, 200.0, 200.0, 200.0, 200.0, 200.0, 200.0, 200.0, 200.0, 200.0, 200.0, 200.0, 200.0, 200.0, 200.0, 200.0, 200.0, 200.0, 200.0, 200.0, 200.0, 200.0, 200.0, 200.0, 200.0]",1,942.478,-0.103779,0.214277,-0.0218034,0.0,"[7.35278, 7.74413, 8.92002, 11.7481, 23.7925, 60.741, 52.0658, 44.0231, 36.8611, 30.752, 25.7441, 21.7603, 18.6451, 16.2223, 12.8508, 9.99253, 8.52171, 7.82338, 7.66085]",0.0206177,"[1.58039, -1.42877, 2.5632, -1.62644]",0.34366
0.0,0.0426504,0.0,0.0,1.804,0.0,1957.54,-0.0164795,94.0,0,"[200.0, 200.0, 200.0, 200.0, 200.0, 200.0, 200.0, 200.0, 200.0, 200.0, 200.0, 200.0, 200.0, 200.0, 200.0, 200.0, 200.0, 200.0, 200.0, 200.0, 200.0, 200.0, 200.0, 200.0, 200.0, 200.0, 200.0, 200.0, 200.0, 200.0, 200.0, 200.0, 200.0, 200.0, 200.0, 200.0]",1,942.478,-0.106361,0.21579,-0.0218963,0.0,"[7.35162, 7.74337, 8.91978, 11.7492, 23.817, 60.7231, 52.0494, 44.0087, 36.849, 30.7424, 25.7369, 21.7551, 18.6414, 16.2198, 12.8498, 9.99259, 8.52231, 7.82431, 7.66212]",0.0207794,"[-2.09458, 2.32722, -1.59857, 2.59416]",0.343647
0.0,0.0430352,0.0,0.0,1.824,0.0,1957.54,-0.0169678,94.0,0,"[200.0, 200.0, 200.0, 200.0, 200.0, 200.0, 200.0, 200.0, 200.0, 200.0, 200.0, 200.0, 200.0, 200.0, 200.0, 200.0, 200.0, 200.0, 200.0, 200.0, 200.0, 200.0, 200.0, 200.0, 200.0, 200.0, 200.0, 200.0, 200.0, 200.0, 200.0, 200.0, 200.0, 200.0, 200.0, 200.0]",1,942.478,-0.106231,0.214573,-0.0216778,0.0,"[7.35054, 7.74314, 8.92085, 11.7537, 23.8758, 60.6854, 52.0143, 43.9773, 36.8221, 30.7205, 25.7198, 21.742, 18.6316, 16.2126, 12.8458, 9.99114, 8.52214, 7.82495, 7.66345]",0.0209412,"[1.56549, -1.36902, 2.58302, -1.60919]",0.343634
0.0,0.0432216,0.0,0.0,1.844,0.0,1957.54,-0.0175781,94.0,0,"[200.0, 200.0, 200.0, 200.0, 200.0, 200.0, 200.0, 200.0, 200.0, 200.0, 200.0, 200.0, 200.0, 200.0, 200.0, 200.0, 200.0, 200.0, 200.0, 200.0, 200.0, 200.0, 200.0, 200.0, 200.0, 200.0, 200.0, 200.0, 200.0, 200.0, 200.0, 200.0, 200.0, 200.0, 200.0, 200.0]",1,942.478,-0.108802,0.216375,-0.0217586,0.0,"[7.34939, 7.74236, 8.92057, 11.7547, 23.9001, 60.6681, 51.9983, 43.9632, 36.8104, 30.7112, 25.7128, 21.7371, 18.6281, 16.2102, 12.8449, 9.99125, 8.52276, 7.82591, 7.66473]",0.0211039,"[-2.11367, 2.38813, -1.57852, 2.6137]",0.343623
0.0,0.0436017,0.0,0.0,1.864,0.0,1957.54,-0.0180664,94.0,0,"[200.0, 200.0, 200.0, 200.0, 200.0, 200.0, 200.0, 200.0, 200.0, 200.0, 200.0, 200.0, 200.0, 200.0, 200.0, 200.0, 200.0, 200.0, 200.0, 200.0, 200.0, 200.0, 200.0, 200.0, 200.0, 200.0, 200.0, 200.0, 200.0, 200.0, 200.0, 200.0, 200.0, 200.0, 200.0, 200.0]",1,942.478,-0.108782,0.215334,-0.0216439,0.0,"[7.34829, 7.74211, 8.92158, 11.759, 23.9589, 60.6309, 51.9637, 43.9323, 36.784, 30.6897, 25.6959, 21.7242, 18.6185, 16.2031, 12.8411, 9.98988, 8.52263, 7.82656, 7.66607]",0.0212677,"[1.54012, -1.31233, 2.60937, -1.57998]",0.343612
0.0,0.0437819,0.0,0.0,1.884,0.0,1957.54,-0.0186768,94.0,0,"[200.0, 200.0, 200.0, 200.0, 200.0, 200.0, 200.0, 200.0, 200.0, 200.0, 200.0, 200.0, 200.0, 200.0, 200.0, 200.0, 200.0, 200.0, 200.0, 200.0, 200.0, 200.0, 200.0, 200.0, 200.0, 200.0, 200.0, 200.0, 200.0, 200.0, 200.0, 200.0, 200.0, 200.0, 200.0, 200.0]",1,942.478,-0.111312,0.217558,-0.0218328,0.0,"[7.34713, 7.7413, 8.92126, 11.76, 23.9825, 60.6141, 51.9483, 43.9188, 36.7727, 30.6808, 25.6893, 21.7195, 18.6153, 16.2009, 12.8402, 9.99005, 8.52326, 7.82753, 7.66735]",0.0214315,"[-2.13876, 2.44507, -1.55393, 2.64167]",0.343602
0.0,0.0441534,0.0,0.0,1.904,0.0,1957.54,-0.0192871,94.0,0,"[200.0, 200.0, 200.0, 200.0, 200.0, 200.0, 200.0, 200.0, 200.0, 200.0, 200.0, 200.0, 200.0, 200.0, 200.0, 200.0, 200.0, 200.0, 200.0, 200.0, 200.0, 200.0, 200.0, 200.0, 200.0, 200.0, 200.0, 200.0, 200.0, 200.0, 200.0, 200.0, 200.0, 200.0, 200.0, 200.0]",1,942.478,-0.111031,0.216833,-0.02185,0.0,"[7.34602, 7.74102, 8.92221, 11.7642, 24.041, 60.5779, 51.9146, 43.8886, 36.747, 30.6599, 25.673, 21.7071, 18.606, 16.194, 12.8365, 9.98874, 8.52318, 7.82821, 7.66871]",0.0215963,"[1.50857, -1.26134, 2.63503, -1.55617]",0.343592
0.0,0.044327,0.0,0.0,1.924,0.0,1957.54,-0.0197754,94.0,0,"[200.0, 200.0, 200.0, 200.0, 200.0, 200.0, 200.0, 200.0, 200.0, 200.0, 200.0, 200.0, 200.0, 200.0, 200.0, 200.0, 200.0, 200.0, 200.0, 200.0, 200.0, 200.0, 200.0, 200.0, 200.0, 200.0, 200.0, 200.0, 200.0, 200.0, 200.0, 200.0, 200.0, 200.0, 200.0, 200.0]",1,942.478,-0.11314,0.219251,-0.0221518,0.0,"[7.34486, 7.74018, 8.92183, 11.765, 24.0638, 60.5618, 51.8998, 43.8757, 36.7363, 30.6515, 25.6667, 21.7026, 18.6029, 16.192, 12.8358, 9.98897, 8.52387, 7.82921, 7.67]",0.0217611,"[-2.16103, 2.49085, -1.54114, 2.64801]",0.343582
0.0,0.0446898,0.0,0.0,1.944,0.0,1957.54,-0.0203857,94.0,0,"[200.0, 200.0, 200.0, 200.0, 200.0, 200.0, 200.0, 200.0, 200.0, 200.0, 200.0, 200.0, 200.0, 200.0, 200.0, 200.0, 200.0, 200.0, 200.0, 200.0, 200.0, 200.0, 200.0, 200.0, 200.0, 200.0, 200.0, 200.0, 200.0, 200.0, 200.0, 200.0, 200.0, 200.0, 200.0, 200.0]",1,942.478,-0.113137,0.218456,-0.0221428,0.0,"[7.34373, 7.73987, 8.9227, 11.769, 24.1216, 60.5265, 51.867, 43.8464, 36.7112, 30.6311, 25.6508, 21.6905, 18.5939, 16.1854, 12.8323, 9.98777, 8.52381, 7.82992, 7.67136]",0.0219279,"[1.4903, -1.21864, 2.6512, -1.53958]",0.343572
0.0,0.0448458,0.0,0.0,1.964,0.0,1957.54,-0.0209961,94.0,0,"[200.0, 200.0, 200.0, 200.0, 200.0, 200.0, 200.0, 200.0, 200.0, 200.0, 200.0, 200.0, 200.0, 200.0, 200.0, 200.0, 200.0, 200.0, 200.0, 200.0, 200.0, 200.0, 200.0, 200.0, 200.0, 200.0, 200.0, 200.0, 200.0, 200.0, 200.0, 200.0, 200.0, 200.0, 200.0, 200.0]",1,942.478,-0.115602,0.220807,-0.0223541,0.0,"[7.34255, 7.73897, 8.9222, 11.7695, 24.1415, 60.5122, 51.854, 43.8351, 36.7019, 30.6239, 25.6455, 21.6868, 18.5915, 16.1838, 12.8318, 9.98815, 8.52458, 7.83095, 7.67265]",0.0220937,"[-2.16679, 2.54205, -1.52785, 2.66843]",0.343561
0.0,0.0451886,0.0,0.0,1.984,0.0,1957.54,-0.0216064,94.0,0,"[200.0, 200.0, 200.0, 200.0, 200.0, 200.0, 200.0, 200.0, 200.0, 200.0, 200.0, 200.0, 200.0, 200.0, 200.0, 200.0, 200.0, 200.0, 200.0, 200.0, 200.0, 200.0, 200.0, 200.0, 200.0, 200.0, 200.0, 200.0, 200.0, 200.0, 200.0, 200.0, 200.0, 200.0, 200.0, 200.0]",1,942.478,-0.115773,0.218248,-0.0223222,0.0,"[7.34142, 7.73859, 8.92293, 11.7732, 24.1966, 60.479, 51.8231, 43.8075, 36.6784, 30.6049, 25.6306, 21.6756, 18.5832, 16.1777, 12.8286, 9.98708, 8.52462, 7.8317, 7.67401]",0.0222605,"[1.48187, -1.16689, 2.6744, -1.5145]",0.343552
0.0,0.0454079,0.0,0.0,2.006,0.0,1957.54,-0.0222168,94.0,0,"[200.0, 200.0, 200.0, 200.0, 200.0, 200.0, 200.0, 200.0, 200.0, 200.0, 200.0, 200.0, 200.0, 200.0, 200.0, 200.0, 200.0, 200.0, 200.0, 200.0, 200.0, 200.0, 200.0, 200.0, 200.0, 200.0, 200.0, 200.0, 200.0, 200.0, 200.0, 200.0, 200.0, 200.0, 200.0, 200.0]",1,942.478,-0.117081,0.215666,-0.022402,0.0,"[7.34013, 7.73776, 8.92272, 11.7746, 24.228, 60.4584, 51.8042, 43.7909, 36.6645, 30.5938, 25.6223, 21.6696, 18.5789, 16.1748, 12.8274, 9.98711, 8.52526, 7.83274, 7.67545]",0.0224426,"[0.563098, -0.206403, 2.67211, -1.48583]",0.34354
0.0,0.0456292,0.0,0.0,2.028,0.0,1957.54,-0.0229492,94.0,0,"[200.0, 200.0, 200.0, 200.0, 200.0, 200.0, 200.0, 200.0, 200.0, 200.0, 200.0, 200.0, 200.0, 200.0, 200.0, 200.0, 200.0, 200.0, 200.0, 200.0, 200.0, 200.0, 200.0, 200.0, 200.0, 200.0, 200.0, 200.0, 200.0, 200.0, 200.0, 200.0, 200.0, 200.0, 200.0, 200.0]",1,942.478,-0.119689,0.213663,-0.0221792,0.0,"[7.33887, 7.73694, 8.92252, 11.776, 24.26, 60.4376, 51.7851, 43.7741, 36.6505, 30.5827, 25.6139, 21.6635, 18.5746, 16.1718, 12.8261, 9.98712, 8.52588, 7.83377, 7.67686]",0.0226217,"[-2.17755, 2.63308, -1.49148, 2.69995]",0.343527
0.0,0.0459515,0.0,0.0,2.05,0.0,1957.54,-0.0235596,94.0,0,"[200.0, 200.0, 200.0, 200.0, 200.0, 200.0, 200.0, 200.0, 200.0, 200.0, 200.0, 200.0, 200.0, 200.0, 200.0, 200.0, 200.0, 200.0, 200.0, 200.0, 200.0, 200.0, 200.0, 200.0, 200.0, 200.0, 200.0, 200.0, 200.0, 200.0, 200.0, 200.0, 200.0, 200.0, 200.0, 200.0]",1,942.478,-0.120587,0.20978,-0.0217889,0.0,"[7.33767, 7.73644, 8.92304, 11.7793, 24.3123, 60.4065, 51.7562, 43.7484, 36.6287, 30.5651, 25.6003, 21.6532, 18.5671, 16.1664, 12.8233, 9.98631, 8.52608, 7.83463, 7.67828]",0.0227976,"[-1.2719, 1.71924, -1.47149, 2.68645]",0.343515
0.0,0.0462758,0.0,0.0,2.072,0.0,1957.54,-0.024292,94.0,0,"[200.0, 200.0, 200.0, 200.0, 200.0, 200.0, 200.0, 200.0, 200.0, 200.0, 200.0, 200.0, 200.0, 200.0, 200.0, 200.0, 200.0, 200.0, 200.0, 200.0, 200.0, 200.0, 200.0, 200.0, 200.0, 200.0, 200.0, 200.0, 200.0, 200.0, 200.0, 200.0, 200.0, 200.0, 200.0, 200.0]",1,942.478,-0.120116,0.204327,-0.0213633,0.0,"[7.3365, 7.73598, 8.92362, 11.7826, 24.3656, 60.3752, 51.7272, 43.7225, 36.6068, 30.5474, 25.5865, 21.6428, 18.5594, 16.1608, 12.8204, 9.98545, 8.52624, 7.83543, 7.67968]",0.0229696,"[1.44734, -1.08225, 2.72093, -1.47239]",0.343502
0.0,0.0465061,0.0,0.0,2.094,0.0,1957.54,-0.0249023,94.0,0,"[200.0, 200.0, 200.0, 200.0, 200.0, 200.0, 200.0, 200.0, 200.0, 200.0, 200.0, 200.0, 200.0, 200.0, 200.0, 200.0, 200.0, 200.0, 200.0, 200.0, 200.0, 200.0, 200.0, 200.0, 200.0, 200.0, 200.0, 200.0, 200.0, 200.0, 200.0, 200.0, 200.0, 200.0, 200.0, 200.0]",1,942.478,-0.120601,0.200718,-0.020923,0.0,"[7.33532, 7.73526, 8.92358, 11.7843, 24.4011, 60.3534, 51.7071, 43.7049, 36.592, 30.5355, 25.5775, 21.6363, 18.5547, 16.1575, 12.8189, 9.98529, 8.52674, 7.83637, 7.68102]",0.0231394,"[0.519898, -0.133039, 2.7076, -1.45047]",0.343491
0.0,0.0467374,0.0,0.0,2.116,0.0,1957.53,-0.0256348,94.0,0,"[200.0, 200.0, 200.0, 200.0, 200.0, 200.0, 200.0, 200.0, 200.0, 200.0, 200.0, 200.0, 200.0, 200.0, 200.0, 200.0, 200.0, 200.0, 200.0, 200.0, 200.0, 200.0, 200.0, 200.0, 200.0, 200.0, 200.0, 200.0, 200.0, 200.0, 200.0, 200.0, 200.0, 200.0, 200.0, 200.0]",1,942.478,-0.122621,0.198403,-0.0205535,0.0,"[7.33415, 7.73458, 8.92358, 11.7862, 24.4375, 60.3316, 51.687, 43.6871, 36.577, 30.5236, 25.5684, 21.6296, 18.5499, 16.1541, 12.8174, 9.98509, 8.52722, 7.8373, 7.68236]",0.0233063,"[-2.21331, 2.69183, -1.46868, 2.72876]",0.34348
0.0,0.0470673,0.0,0.0,2.138,0.0,1957.53,-0.0262451,94.0,0,"[200.0, 200.0, 200.0, 200.0, 200.0, 200.0, 200.0, 200.0, 200.0, 200.0, 200.0, 200.0, 200.0, 200.0, 200.0, 200.0, 200.0, 200.0, 200.0, 200.0, 200.0, 200.0, 200.0, 200.0, 200.0, 200.0, 200.0, 200.0, 200.0, 200.0, 200.0, 200.0, 200.0, 200.0, 200.0, 200.0]",1,942.478,-0.123332,0.194148,-0.0199886,0.0,"[7.33306, 7.7342, 8.92427, 11.7897, 24.4942, 60.2996, 51.6573, 43.6606, 36.5545, 30.5054, 25.5543, 21.6189, 18.5419, 16.1483, 12.8143, 9.9841, 8.52727, 7.83804, 7.68368]",0.023469,"[-1.30708, 1.7638, -1.43643, 2.71938]",0.343471
0.0,0.0473997,0.0,0.0,2.16,0.0,1957.53,-0.0269775,94.0,0,"[200.0, 200.0, 200.0, 200.0, 200.0, 200.0, 200.0, 200.0, 200.0, 200.0, 200.0, 200.0, 200.0, 200.0, 200.0, 200.0, 200.0, 200.0, 200.0, 200.0, 200.0, 200.0, 200.0, 200.0, 200.0, 200.0, 200.0, 200.0, 200.0, 200.0, 200.0, 200.0, 200.0, 200.0, 200.0, 200.0]",1,942.478,-0.122405,0.189159,-0.0194593,0.0,"[7.33198, 7.73385, 8.92502, 11.7933, 24.5522, 60.2674, 51.6274, 43.6339, 36.5319, 30.487, 25.54, 21.6081, 18.5339, 16.1424, 12.8112, 9.98309, 8.5273, 7.83875, 7.68501]",0.0236298,"[1.40266, -1.04677, 2.75553, -1.43713]",0.343463
0.0,0.0476343,0.0,0.0,2.182,0.0,1957.53,-0.0275879,94.0,0,"[200.0, 200.0, 200.0, 200.0, 200.0, 200.0, 200.0, 200.0, 200.0, 200.0, 200.0, 200.0, 200.0, 200.0, 200.0, 200.0, 200.0, 200.0, 200.0, 200.0, 200.0, 200.0, 200.0, 200.0, 200.0, 200.0, 200.0, 200.0, 200.0, 200.0, 200.0, 200.0, 200.0, 200.0, 200.0, 200.0]",1,942.478,-0.122791,0.186274,-0.0191282,0.0,"[7.33089, 7.73324, 8.92512, 11.7953, 24.5908, 60.2451, 51.6068, 43.6158, 36.5165, 30.4747, 25.5306, 21.6011, 18.5289, 16.1388, 12.8095, 9.98278, 8.5277, 7.8396, 7.68626]",0.0237864,"[0.476858, -0.101183, 2.74458, -1.41104]",0.343455
0.0,0.0478665,0.0,0.0,2.204,0.0,1957.53,-0.0283203,94.0,0,"[200.0, 200.0, 200.0, 200.0, 200.0, 200.0, 200.0, 200.0, 200.0, 200.0, 200.0, 200.0, 200.0, 200.0, 200.0, 200.0, 200.0, 200.0, 200.0, 200.0, 200.0, 200.0, 200.0, 200.0, 200.0, 200.0, 200.0, 200.0, 200.0, 200.0, 200.0, 200.0, 200.0, 200.0, 200.0, 200.0]",1,942.478,-0.124171,0.185356,-0.0188483,0.0,"[7.32981, 7.73267, 8.92524, 11.7973, 24.6297, 60.2231, 51.5864, 43.5978, 36.5014, 30.4626, 25.5212, 21.5942, 18.5239, 16.1353, 12.8078, 9.98248, 8.52808, 7.84042, 7.6875]",0.0239421,"[-2.2619, 2.71219, -1.43296, 2.75743]",0.343449
0.0,0.0481908,0.0,0.0,2.226,0.0,1957.53,-0.0289307,94.0,0,"[200.0, 200.0, 200.0, 200.0, 200.0, 200.0, 200.0, 200.0, 200.0, 200.0, 200.0, 200.0, 200.0, 200.0, 200.0, 200.0, 200.0, 200.0, 200.0, 200.0, 200.0, 200.0, 200.0, 200.0, 200.0, 200.0, 200.0, 200.0, 200.0, 200.0, 200.0, 200.0, 200.0, 200.0, 200.0, 200.0]",1,942.478,-0.124282,0.183247,-0.0185663,0.0,"[7.32879, 7.73235, 8.92599, 11.8009, 24.6885, 60.1916, 51.5572, 43.5717, 36.4793, 30.4446, 25.5073, 21.5836, 18.5161, 16.1295, 12.8047, 9.98146, 8.52809, 7.8411, 7.68876]",0.0240957,"[-1.35948, 1.76825, -1.40741, 2.74503]",0.343444
0.0,0.0485102,0.0,0.0,2.248,0.0,1957.53,-0.0296631,94.0,0,"[200.0, 200.0, 200.0, 200.0, 200.0, 200.0, 200.0, 200.0, 200.0, 200.0, 200.0, 200.0, 200.0, 200.0, 200.0, 200.0, 200.0, 200.0, 200.0, 200.0, 200.0, 200.0, 200.0, 200.0, 200.0, 200.0, 200.0, 200.0, 200.0, 200.0, 200.0, 200.0, 200.0, 200.0, 200.0, 200.0]",1,942.478,-0.123275,0.180106,-0.0183404,0.0,"[7.32777, 7.73203, 8.92672, 11.8044, 24.747, 60.1606, 51.5284, 43.5461, 36.4574, 30.427, 25.4935, 21.5733, 18.5083, 16.1238, 12.8017, 9.98047, 8.52811, 7.84179, 7.69001]",0.0242482,"[1.35064, -1.05047, 2.78919, -1.40741]",0.343439
0.0,0.0487291,0.0,0.0,2.27,0.0,1957.53,-0.0303955,94.0,0,"[200.0, 200.0, 200.0, 200.0, 200.0, 200.0, 200.0, 200.0, 200.0, 200.0, 200.0, 200.0, 200.0, 200.0, 200.0, 200.0, 200.0, 200.0, 200.0, 200.0, 200.0, 200.0, 200.0, 200.0, 200.0, 200.0, 200.0, 200.0, 200.0, 200.0, 200.0, 200.0, 200.0, 200.0, 200.0, 200.0]",1,942.478,-0.12341,0.179094,-0.0181904,0.0,"[7.32672, 7.73143, 8.92678, 11.8062, 24.7847, 60.1398, 51.5094, 43.5292, 36.4433, 30.4156, 25.4849, 21.5669, 18.5037, 16.1206, 12.8002, 9.98022, 8.5285, 7.8426, 7.69122]",0.0243998,"[0.43343, -0.112512, 2.7676, -1.38424]",0.343434
0.0,0.0489418,0.0,0.0,2.292,0.0,1957.53,-0.0310059,94.0,0,"[200.0, 200.0, 200.0, 200.0, 200.0, 200.0, 200.0, 200.0, 200.0, 200.0, 200.0, 200.0, 200.0, 200.0, 200.0, 200.0, 200.0, 200.0, 200.0, 200.0, 200.0, 200.0, 200.0, 200.0, 200.0, 200.0, 200.0, 200.0, 200.0, 200.0, 200.0, 200.0, 200.0, 200.0, 200.0, 200.0]",1,942.478,-0.124897,0.179244,-0.0182337,0.0,"[7.32567, 7.73084, 8.92681, 11.8079, 24.8214, 60.1197, 51.4908, 43.5129, 36.4296, 30.4047, 25.4766, 21.5607, 18.4993, 16.1174, 12.7988, 9.98004, 8.52893, 7.84343, 7.69242]",0.0245504,"[-2.29887, 2.71034, -1.41371, 2.78084]",0.343431
0.0,0.0492474,0.0,0.0,2.314,0.0,1957.53,-0.0317383,94.0,0,"[200.0, 200.0, 200.0, 200.0, 200.0, 200.0, 200.0, 200.0, 200.0, 200.0, 200.0, 200.0, 200.0, 200.0, 200.0, 200.0, 200.0, 200.0, 200.0, 200.0, 200.0, 200.0, 200.0, 200.0, 200.0, 200.0, 200.0, 200.0, 200.0, 200.0, 200.0, 200.0, 200.0, 200.0, 200.0, 200.0]",1,942.478,-0.124932,0.177854,-0.0181616,0.0,"[7.32468, 7.73051, 8.9275, 11.8113, 24.8791, 60.0902, 51.4634, 43.4885, 36.4088, 30.3878, 25.4635, 21.5508, 18.492, 16.1121, 12.7959, 9.9791, 8.52896, 7.8441, 7.69364]",0.0246989,"[-1.40681, 1.76267, -1.37989, 2.77213]",0.343427
0.0,0.0495478,0.0,0.0,2.336,0.0,1957.53,-0.0324707,94.0,0,"[200.0, 200.0, 200.0, 200.0, 200.0, 200.0, 200.0, 200.0, 200.0, 200.0, 200.0, 200.0, 200.0, 200.0, 200.0, 200.0, 200.0, 200.0, 200.0, 200.0, 200.0, 200.0, 200.0, 200.0, 200.0, 200.0, 200.0, 200.0, 200.0, 200.0, 200.0, 200.0, 200.0, 200.0, 200.0, 200.0]",1,942.478,-0.123705,0.175991,-0.0180304,0.0,"[7.32368, 7.73017, 8.92814, 11.8146, 24.9362, 60.0612, 51.4365, 43.4645, 36.3884, 30.3714, 25.4507, 21.5412, 18.4848, 16.1068, 12.7932, 9.97822, 8.52904, 7.84478, 7.69486]",0.0248474,"[1.29061, -1.0665, 2.81943, -1.37421]",0.343423
0.0,0.0497467,0.0,0.0,2.358,0.0,1957.53,-0.0330811,94.0,0,"[200.0, 200.0, 200.0, 200.0, 200.0, 200.0, 200.0, 200.0, 200.0, 200.0, 200.0, 200.0, 200.0, 200.0, 200.0, 200.0, 200.0, 200.0, 200.0, 200.0, 200.0, 200.0, 200.0, 200.0, 200.0, 200.0, 200.0, 200.0, 200.0, 200.0, 200.0, 200.0, 200.0, 200.0, 200.0, 200.0]",1,942.478,-0.124133,0.17553,-0.0181235,0.0,"[7.32265, 7.72955, 8.92809, 11.8161, 24.9715, 60.0424, 51.4192, 43.4493, 36.3758, 30.3613, 25.443, 21.5356, 18.4808, 16.104, 12.7919, 9.97811, 8.52949, 7.84561, 7.69604]",0.0249959,"[0.372177, -0.120805, 2.8025, -1.34536]",0.343419
0.0,0.0499446,0.0,0.0,2.38,0.0,1957.53,-0.0338135,94.0,0,"[200.0, 200.0, 200.0, 200.0, 200.0, 200.0, 200.0, 200.0, 200.0, 200.0, 200.0, 200.0, 200.0, 200.0, 200.0, 200.0, 200.0, 200.0, 200.0, 200.0, 200.0, 200.0, 200.0, 200.0, 200.0, 200.0, 200.0, 200.0, 200.0, 200.0, 200.0, 200.0, 200.0, 200.0, 200.0, 200.0]",1,942.478,-0.125394,0.175515,-0.0180952,0.0,"[7.32162, 7.72892, 8.92806, 11.8176, 25.0068, 60.0237, 51.4021, 43.4342, 36.3631, 30.3513, 25.4353, 21.53, 18.4768, 16.1012, 12.7906, 9.97798, 8.52994, 7.84644, 7.69722]",0.0251434,"[-2.35761, 2.71161, -1.38723, 2.80312]",0.343415
0.0,0.0502378,0.0,0.0,2.402,0.0,1957.53,-0.0345459,94.0,0,"[200.0, 200.0, 200.0, 200.0, 200.0, 200.0, 200.0, 200.0, 200.0, 200.0, 200.0, 200.0, 200.0, 200.0, 200.0, 200.0, 200.0, 200.0, 200.0, 200.0, 200.0, 200.0, 200.0, 200.0, 200.0, 200.0, 200.0, 200.0, 200.0, 200.0, 200.0, 200.0, 200.0, 200.0, 200.0, 200.0]",1,942.478,-0.125376,0.174383,-0.0179457,0.0,"[7.32064, 7.72859, 8.92867, 11.8207, 25.0646, 59.9954, 51.3758, 43.4108, 36.3433, 30.3352, 25.4229, 21.5206, 18.4699, 16.0961, 12.788, 9.97714, 8.53002, 7.84711, 7.69842]",0.0252899,"[-1.46419, 1.76736, -1.35894, 2.79112]",0.34341
0.0,0.0505277,0.0,0.0,2.424,0.0,1957.53,-0.0351563,94.0,0,"[200.0, 200.0, 200.0, 200.0, 200.0, 200.0, 200.0, 200.0, 200.0, 200.0, 200.0, 200.0, 200.0, 200.0, 200.0, 200.0, 200.0, 200.0, 200.0, 200.0, 200.0, 200.0, 200.0, 200.0, 200.0, 200.0, 200.0, 200.0, 200.0, 200.0, 200.0, 200.0, 200.0, 200.0, 200.0, 200.0]",1,942.478,-0.124363,0.172933,-0.0177322,0.0,"[7.31967, 7.72824, 8.92928, 11.8239, 25.1222, 59.9674, 51.3499, 43.3878, 36.3237, 30.3194, 25.4106, 21.5114, 18.463, 16.0911, 12.7853, 9.97632, 8.5301, 7.84779, 7.69962]",0.0254354,"[1.2357, -1.06479, 2.84604, -1.34839]",0.343406
0.0,0.050719,0.0,0.0,2.446,0.0,1957.52,-0.0358887,94.0,0,"[200.0, 200.0, 200.0, 200.0, 200.0, 200.0, 200.0, 200.0, 200.0, 200.0, 200.0, 200.0, 200.0, 200.0, 200.0, 200.0, 200.0, 200.0, 200.0, 200.0, 200.0, 200.0, 200.0, 200.0, 200.0, 200.0, 200.0, 200.0, 200.0, 200.0, 200.0, 200.0, 200.0, 200.0, 200.0, 200.0]",1,942.478,-0.124506,0.172913,-0.0177982,0.0,"[7.31864, 7.72761, 8.9292, 11.8253, 25.1573, 59.9495, 51.3334, 43.3733, 36.3116, 30.3098, 25.4034, 21.506, 18.4592, 16.0885, 12.7842, 9.97625, 8.53057, 7.84862, 7.70078]",0.0255819,"[0.321366, -0.12279, 2.82038, -1.32971]",0.343404
0.0,0.0509068,0.0,0.0,2.468,0.0,1957.52,-0.0366211,94.0,0,"[200.0, 200.0, 200.0, 200.0, 200.0, 200.0, 200.0, 200.0, 200.0, 200.0, 200.0, 200.0, 200.0, 200.0, 200.0, 200.0, 200.0, 200.0, 200.0, 200.0, 200.0, 200.0, 200.0, 200.0, 200.0, 200.0, 200.0, 200.0, 200.0, 200.0, 200.0, 200.0, 200.0, 200.0, 200.0, 200.0]",1,942.478,-0.125817,0.173529,-0.0178457,0.0,"[7.31763, 7.72698, 8.92911, 11.8266, 25.1922, 59.9319, 51.3172, 43.3591, 36.2997, 30.3004, 25.3962, 21.5008, 18.4556, 16.0859, 12.7831, 9.97619, 8.53106, 7.84945, 7.70195]",0.0257284,"[-2.40125, 2.70827, -1.37467, 2.81901]",0.343402
0.0,0.0511891,0.0,0.0,2.49,0.0,1957.52,-0.0373535,94.0,0,"[200.0, 200.0, 200.0, 200.0, 200.0, 200.0, 200.0, 200.0, 200.0, 200.0, 200.0, 200.0, 200.0, 200.0, 200.0, 200.0, 200.0, 200.0, 200.0, 200.0, 200.0, 200.0, 200.0, 200.0, 200.0, 200.0, 200.0, 200.0, 200.0, 200.0, 200.0, 200.0, 200.0, 200.0, 200.0, 200.0]",1,942.478,-0.126037,0.172645,-0.0178215,0.0,"[7.31665, 7.72661, 8.92967, 11.8297, 25.2499, 59.9047, 51.2921, 43.3368, 36.2808, 30.2851, 25.3843, 21.4919, 18.4489, 16.0811, 12.7805, 9.97543, 8.53116, 7.85014, 7.70315]",0.0258738,"[-1.50589, 1.75916, -1.33436, 2.8107]",0.343399
0.0,0.0514695,0.0,0.0,2.512,0.0,1957.52,-0.0379639,94.0,0,"[200.0, 200.0, 200.0, 200.0, 200.0, 200.0, 200.0, 200.0, 200.0, 200.0, 200.0, 200.0, 200.0, 200.0, 200.0, 200.0, 200.0, 200.0, 200.0, 200.0, 200.0, 200.0, 200.0, 200.0, 200.0, 200.0, 200.0, 200.0, 200.0, 200.0, 200.0, 200.0, 200.0, 200.0, 200.0, 200.0]",1,942.478,-0.125196,0.171151,-0.0177691,0.0,"[7.31568, 7.72624, 8.9302, 11.8326, 25.308, 59.8777, 51.2671, 43.3145, 36.262, 30.2699, 25.3726, 21.4831, 18.4424, 16.0763, 12.7781, 9.97468, 8.53129, 7.85083, 7.70433]",0.0260193,"[1.18746, -1.07872, 2.87911, -1.31575]",0.343396
0.0,0.0516493,0.0,0.0,2.534,0.0,1957.52,-0.0386963,94.0,0,"[200.0, 200.0, 200.0, 200.0, 200.0, 200.0, 200.0, 200.0, 200.0, 200.0, 200.0, 200.0, 200.0, 200.0, 200.0, 200.0, 200.0, 200.0, 200.0, 200.0, 200.0, 200.0, 200.0, 200.0, 200.0, 200.0, 200.0, 200.0, 200.0, 200.0, 200.0, 200.0, 200.0, 200.0, 200.0, 200.0]",1,942.478,-0.125448,0.171018,-0.017775,0.0,"[7.31467, 7.72561, 8.9301, 11.8339, 25.3425, 59.8609, 51.2516, 43.301, 36.2507, 30.2609, 25.3658, 21.4781, 18.4389, 16.0739, 12.777, 9.97465, 8.53177, 7.85165, 7.70547]",0.0261627,"[0.26766, -0.126018, 2.85143, -1.29593]",0.343393
0.0,0.0518276,0.0,0.0,2.556,0.0,1957.52,-0.0393066,94.0,0,"[200.0, 200.0, 200.0, 200.0, 200.0, 200.0, 200.0, 200.0, 200.0, 200.0, 200.0, 200.0, 200.0, 200.0, 200.0, 200.0, 200.0, 200.0, 200.0, 200.0, 200.0, 200.0, 200.0, 200.0, 200.0, 200.0, 200.0, 200.0, 200.0, 200.0, 200.0, 200.0, 200.0, 200.0, 200.0, 200.0]",1,942.478,-0.126764,0.171125,-0.0177298,0.0,"[7.31367, 7.72497, 8.92996, 11.8351, 25.3767, 59.8443, 51.2364, 43.2876, 36.2395, 30.2521, 25.3592, 21.4733, 18.4355, 16.0715, 12.776, 9.97465, 8.53227, 7.85248, 7.70662]",0.0263062,"[-2.4506, 2.71593, -1.34894, 2.84204]",0.34339
0.0,0.0521018,0.0,0.0,2.578,0.0,1957.52,-0.0400391,94.0,0,"[200.0, 200.0, 200.0, 200.0, 200.0, 200.0, 200.0, 200.0, 200.0, 200.0, 200.0, 200.0, 200.0, 200.0, 200.0, 200.0, 200.0, 200.0, 200.0, 200.0, 200.0, 200.0, 200.0, 200.0, 200.0, 200.0, 200.0, 200.0, 200.0, 200.0, 200.0, 200.0, 200.0, 200.0, 200.0, 200.0]",1,942.478,-0.126944,0.170025,-0.0175612,0.0,"[7.31271, 7.7246, 8.93048, 11.838, 25.4353, 59.8179, 51.2119, 43.2659, 36.2212, 30.2373, 25.3477, 21.4647, 18.4291, 16.0669, 12.7736, 9.97393, 8.53239, 7.85316, 7.70779]",0.0264496,"[-1.55583, 1.76828, -1.31088, 2.83232]",0.343388
0.0,0.0523745,0.0,0.0,2.6,0.0,1957.52,-0.0407715,94.0,0,"[200.0, 200.0, 200.0, 200.0, 200.0, 200.0, 200.0, 200.0, 200.0, 200.0, 200.0, 200.0, 200.0, 200.0, 200.0, 200.0, 200.0, 200.0, 200.0, 200.0, 200.0, 200.0, 200.0, 200.0, 200.0, 200.0, 200.0, 200.0, 200.0, 200.0, 200.0, 200.0, 200.0, 200.0, 200.0, 200.0]",1,942.478,-0.125899,0.168559,-0.0174025,0.0,"[7.31175, 7.72423, 8.93099, 11.8409, 25.4946, 59.7917, 51.1877, 43.2444, 36.203, 30.2226, 25.3363, 21.4561, 18.4228, 16.0623, 12.7712, 9.97322, 8.53254, 7.85385, 7.70897]",0.026593,"[1.12662, -1.07081, 2.90032, -1.29305]",0.343386
0.0,0.0525481,0.0,0.0,2.622,0.0,1957.52,-0.0415039,94.0,0,"[200.0, 200.0, 200.0, 200.0, 200.0, 200.0, 200.0, 200.0, 200.0, 200.0, 200.0, 200.0, 200.0, 200.0, 200.0, 200.0, 200.0, 200.0, 200.0, 200.0, 200.0, 200.0, 200.0, 200.0, 200.0, 200.0, 200.0, 200.0, 200.0, 200.0, 200.0, 200.0, 200.0, 200.0, 200.0, 200.0]",1,942.478,-0.125955,0.168932,-0.0173899,0.0,"[7.31075, 7.72357, 8.93083, 11.8421, 25.5291, 59.7755, 51.1729, 43.2314, 36.1922, 30.2141, 25.3299, 21.4514, 18.4196, 16.06, 12.7703, 9.97326, 8.53305, 7.85468, 7.71011]",0.0267364,"[0.217841, -0.124338, 2.86697, -1.28556]",0.343385
0.0,0.0527212,0.0,0.0,2.644,0.0,1957.52,-0.0421143,94.0,0,"[200.0, 200.0, 200.0, 200.0, 200.0, 200.0, 200.0, 200.0, 200.0, 200.0, 200.0, 200.0, 200.0, 200.0, 200.0, 200.0, 200.0, 200.0, 200.0, 200.0, 200.0, 200.0, 200.0, 200.0, 200.0, 200.0, 200.0, 200.0, 200.0, 200.0, 200.0, 200.0, 200.0, 200.0, 200.0, 200.0]",1,942.478,-0.127183,0.169424,-0.0174287,0.0,"[7.30975, 7.72293, 8.93067, 11.8432, 25.5638, 59.7594, 51.1581, 43.2185, 36.1814, 30.2056, 25.3235, 21.4468, 18.4163, 16.0578, 12.7694, 9.97328, 8.53355, 7.85551, 7.71124]",0.0268789,"[-2.48768, 2.72193, -1.34853, 2.84255]",0.343384
0.0,0.0529901,0.0,0.0,2.666,0.0,1957.52,-0.0428467,94.0,0,"[200.0, 200.0, 200.0, 200.0, 200.0, 200.0, 200.0, 200.0, 200.0, 200.0, 200.0, 200.0, 200.0, 200.0, 200.0, 200.0, 200.0, 200.0, 200.0, 200.0, 200.0, 200.0, 200.0, 200.0, 200.0, 200.0, 200.0, 200.0, 200.0, 200.0, 200.0, 200.0, 200.0, 200.0, 200.0, 200.0]",1,942.478,-0.127388,0.16852,-0.0173656,0.0,"[7.3088, 7.72256, 8.93118, 11.8461, 25.6239, 59.7335, 51.1342, 43.1973, 36.1635, 30.1911, 25.3123, 21.4384, 18.4101, 16.0533, 12.767, 9.97261, 8.5337, 7.85619, 7.71241]",0.0270213,"[-1.5952, 1.76946, -1.3068, 2.83776]",0.343384
0.0,0.0532567,0.0,0.0,2.688,0.0,1957.52,-0.0435791,94.0,0,"[200.0, 200.0, 200.0, 200.0, 200.0, 200.0, 200.0, 200.0, 200.0, 200.0, 200.0, 200.0, 200.0, 200.0, 200.0, 200.0, 200.0, 200.0, 200.0, 200.0, 200.0, 200.0, 200.0, 200.0, 200.0, 200.0, 200.0, 200.0, 200.0, 200.0, 200.0, 200.0, 200.0, 200.0, 200.0, 200.0]",1,942.478,-0.126367,0.167602,-0.0173472,0.0,"[7.30784, 7.72218, 8.93166, 11.8489, 25.6849, 59.7079, 51.1106, 43.1763, 36.1458, 30.1768, 25.3012, 21.4301, 18.4039, 16.0488, 12.7647, 9.97193, 8.53385, 7.85688, 7.71358]",0.0271637,"[1.08615, -1.08337, 2.91039, -1.28143]",0.343383
0.0,0.0534236,0.0,0.0,2.71,0.0,1957.52,-0.0441895,94.0,0,"[200.0, 200.0, 200.0, 200.0, 200.0, 200.0, 200.0, 200.0, 200.0, 200.0, 200.0, 200.0, 200.0, 200.0, 200.0, 200.0, 200.0, 200.0, 200.0, 200.0, 200.0, 200.0, 200.0, 200.0, 200.0, 200.0, 200.0, 200.0, 200.0, 200.0, 200.0, 200.0, 200.0, 200.0, 200.0, 200.0]",1,942.478,-0.126816,0.167529,-0.0173364,0.0,"[7.30685, 7.72151, 8.93147, 11.8499, 25.7193, 59.6925, 51.0964, 43.1639, 36.1355, 30.1687, 25.2952, 21.4257, 18.4009, 16.0467, 12.7639, 9.972, 8.53438, 7.85773, 7.71471]",0.0273061,"[0.1812, -0.125905, 2.87807, -1.26764]",0.343383
0.0,0.05359,0.0,0.0,2.732,0.0,1957.52,-0.0449219,94.0,0,"[200.0, 200.0, 200.0, 200.0, 200.0, 200.0, 200.0, 200.0, 200.0, 200.0, 200.0, 200.0, 200.0, 200.0, 200.0, 200.0, 200.0, 200.0, 200.0, 200.0, 200.0, 200.0, 200.0, 200.0, 200.0, 200.0, 200.0, 200.0, 200.0, 200.0, 200.0, 200.0, 200.0, 200.0, 200.0, 200.0]",1,942.478,-0.12835,0.167779,-0.0173494,0.0,"[7.30587, 7.72087, 8.93129, 11.851, 25.7544, 59.677, 51.0822, 43.1516, 36.1251, 30.1606, 25.289, 21.4213, 18.3978, 16.0446, 12.763, 9.97206, 8.53488, 7.85855, 7.71581]",0.0274455,"[-2.51185, 2.72585, -1.33445, 2.85786]",0.343382
0.0,0.0538518,0.0,0.0,2.754,0.0,1957.51,-0.0456543,94.0,0,"[200.0, 200.0, 200.0, 200.0, 200.0, 200.0, 200.0, 200.0, 200.0, 200.0, 200.0, 200.0, 200.0, 200.0, 200.0, 200.0, 200.0, 200.0, 200.0, 200.0, 200.0, 200.0, 200.0, 200.0, 200.0, 200.0, 200.0, 200.0, 200.0, 200.0, 200.0, 200.0, 200.0, 200.0, 200.0, 200.0]",1,942.478,-0.128665,0.166531,-0.0172456,0.0,"[7.30493, 7.7205, 8.93177, 11.8538, 25.8158, 59.652, 51.0591, 43.131, 36.1078, 30.1466, 25.2782, 21.4131, 18.3918, 16.0402, 12.7607, 9.9714, 8.53504, 7.85922, 7.71696]",0.0275859,"[-1.61939, 1.77575, -1.29038, 2.85335]",0.343382
0.0,0.0541112,0.0,0.0,2.776,0.0,1957.51,-0.0463867,94.0,0,"[200.0, 200.0, 200.0, 200.0, 200.0, 200.0, 200.0, 200.0, 200.0, 200.0, 200.0, 200.0, 200.0, 200.0, 200.0, 200.0, 200.0, 200.0, 200.0, 200.0, 200.0, 200.0, 200.0, 200.0, 200.0, 200.0, 200.0, 200.0, 200.0, 200.0, 200.0, 200.0, 200.0, 200.0, 200.0, 200.0]",1,942.478,-0.127704,0.165194,-0.0171798,0.0,"[7.30399, 7.72012, 8.93221, 11.8565, 25.8779, 59.6271, 51.036, 43.1106, 36.0906, 30.1328, 25.2675, 21.4051, 18.3859, 16.0359, 12.7585, 9.97078, 8.53521, 7.85992, 7.71812]",0.0277273,"[1.05168, -1.07961, 2.93663, -1.25795]",0.343383
0.0,0.0542704,0.0,0.0,2.798,0.0,1957.51,-0.0469971,94.0,0,"[200.0, 200.0, 200.0, 200.0, 200.0, 200.0, 200.0, 200.0, 200.0, 200.0, 200.0, 200.0, 200.0, 200.0, 200.0, 200.0, 200.0, 200.0, 200.0, 200.0, 200.0, 200.0, 200.0, 200.0, 200.0, 200.0, 200.0, 200.0, 200.0, 200.0, 200.0, 200.0, 200.0, 200.0, 200.0, 200.0]",1,942.478,-0.128209,0.165075,-0.0171893,0.0,"[7.303, 7.71945, 8.93199, 11.8575, 25.9124, 59.6124, 51.0226, 43.0989, 36.0808, 30.1251, 25.2618, 21.401, 18.383, 16.034, 12.7578, 9.97089, 8.53575, 7.86076, 7.71924]",0.0278676,"[0.147893, -0.120338, 2.90318, -1.24337]",0.343384
0.0,0.0544278,0.0,0.0,2.82,0.0,1957.51,-0.0477295,94.0,0,"[200.0, 200.0, 200.0, 200.0, 200.0, 200.0, 200.0, 200.0, 200.0, 200.0, 200.0, 200.0, 200.0, 200.0, 200.0, 200.0, 200.0, 200.0, 200.0, 200.0, 200.0, 200.0, 200.0, 200.0, 200.0, 200.0, 200.0, 200.0, 200.0, 200.0, 200.0, 200.0, 200.0, 200.0, 200.0, 200.0]",1,942.478,-0.129388,0.165166,-0.0171209,0.0,"[7.30203, 7.71879, 8.93175, 11.8584, 25.9466, 59.5978, 51.0093, 43.0873, 36.0712, 30.1175, 25.2562, 21.397, 18.3802, 16.0321, 12.7571, 9.97101, 8.53629, 7.86157, 7.72034]",0.028006,"[-2.55142, 2.73729, -1.32217, 2.87393]",0.343383
0.0,0.05468,0.0,0.0,2.842,0.0,1957.51,-0.0484619,94.0,0,"[200.0, 200.0, 200.0, 200.0, 200.0, 200.0, 200.0, 200.0, 200.0, 200.0, 200.0, 200.0, 200.0, 200.0, 200.0, 200.0, 200.0, 200.0, 200.0, 200.0, 200.0, 200.0, 200.0, 200.0, 200.0, 200.0, 200.0, 200.0, 200.0, 200.0, 200.0, 200.0, 200.0, 200.0, 200.0, 200.0]",1,942.478,-0.129478,0.164062,-0.016927,0.0,"[7.3011, 7.71841, 8.93219, 11.861, 26.0092, 59.5737, 50.987, 43.0675, 36.0545, 30.1041, 25.2458, 21.3892, 18.3745, 16.0279, 12.7549, 9.97041, 8.53647, 7.86226, 7.72147]",0.0281443,"[-1.66818, 1.78092, -1.27468, 2.86735]",0.343383
0.0,0.0549304,0.0,0.0,2.864,0.0,1957.51,-0.0491943,94.0,0,"[200.0, 200.0, 200.0, 200.0, 200.0, 200.0, 200.0, 200.0, 200.0, 200.0, 200.0, 200.0, 200.0, 200.0, 200.0, 200.0, 200.0, 200.0, 200.0, 200.0, 200.0, 200.0, 200.0, 200.0, 200.0, 200.0, 200.0, 200.0, 200.0, 200.0, 200.0, 200.0, 200.0, 200.0, 200.0, 200.0]",1,942.478,-0.128661,0.162868,-0.0168008,0.0,"[7.30017, 7.71802, 8.93261, 11.8636, 26.072, 59.5497, 50.9649, 43.0479, 36.038, 30.0909, 25.2355, 21.3815, 18.3688, 16.0238, 12.7528, 9.96983, 8.53665, 7.86294, 7.72261]",0.0282827,"[1.00377, -1.07557, 2.95796, -1.23994]",0.343385
0.0,0.0550825,0.0,0.0,2.886,0.0,1957.51,-0.0498047,94.0,0,"[200.0, 200.0, 200.0, 200.0, 200.0, 200.0, 200.0, 200.0, 200.0, 200.0, 200.0, 200.0, 200.0, 200.0, 200.0, 200.0, 200.0, 200.0, 200.0, 200.0, 200.0, 200.0, 200.0, 200.0, 200.0, 200.0, 200.0, 200.0, 200.0, 200.0, 200.0, 200.0, 200.0, 200.0, 200.0, 200.0]",1,942.478,-0.128853,0.163161,-0.0168725,0.0,"[7.29921, 7.71735, 8.93235, 11.8645, 26.1063, 59.5357, 50.9521, 43.0368, 36.0288, 30.0836, 25.2301, 21.3776, 18.3661, 16.022, 12.7522, 9.96997, 8.53721, 7.86377, 7.72369]",0.02842,"[0.0961935, -0.120747, 2.91446, -1.22708]",0.343387
0.0,0.0552332,0.0,0.0,2.908,0.0,1957.51,-0.0505371,94.0,0,"[200.0, 200.0, 200.0, 200.0, 200.0, 200.0, 200.0, 200.0, 200.0, 200.0, 200.0, 200.0, 200.0, 200.0, 200.0, 200.0, 200.0, 200.0, 200.0, 200.0, 200.0, 200.0, 200.0, 200.0, 200.0, 200.0, 200.0, 200.0, 200.0, 200.0, 200.0, 200.0, 200.0, 200.0, 200.0, 200.0]",1,942.478,-0.130561,0.163412,-0.0169379,0.0,"[7.29824, 7.71669, 8.9321, 11.8653, 26.1409, 59.5218, 50.9395, 43.0257, 36.0197, 30.0765, 25.2248, 21.3738, 18.3635, 16.0203, 12.7515, 9.97013, 8.53776, 7.8646, 7.72479]",0.0285583,"[-2.5712, 2.74268, -1.30784, 2.88152]",0.34339
0.0,0.0554787,0.0,0.0,2.93,0.0,1957.51,-0.0512695,94.0,0,"[200.0, 200.0, 200.0, 200.0, 200.0, 200.0, 200.0, 200.0, 200.0, 200.0, 200.0, 200.0, 200.0, 200.0, 200.0, 200.0, 200.0, 200.0, 200.0, 200.0, 200.0, 200.0, 200.0, 200.0, 200.0, 200.0, 200.0, 200.0, 200.0, 200.0, 200.0, 200.0, 200.0, 200.0, 200.0, 200.0]",1,942.478,-0.130656,0.162216,-0.0168845,0.0,"[7.29732, 7.71628, 8.93249, 11.8678, 26.2047, 59.4984, 50.9179, 43.0066, 36.0036, 30.0635, 25.2148, 21.3663, 18.358, 16.0162, 12.7495, 9.96959, 8.53795, 7.86529, 7.72591]",0.0286957,"[-1.68634, 1.78558, -1.26313, 2.8775]",0.343392
0.0,0.055721,0.0,0.0,2.952,0.0,1957.51,-0.052002,94.0,0,"[200.0, 200.0, 200.0, 200.0, 200.0, 200.0, 200.0, 200.0, 200.0, 200.0, 200.0, 200.0, 200.0, 200.0, 200.0, 200.0, 200.0, 200.0, 200.0, 200.0, 200.0, 200.0, 200.0, 200.0, 200.0, 200.0, 200.0, 200.0, 200.0, 200.0, 200.0, 200.0, 200.0, 200.0, 200.0, 200.0]",1,942.478,-0.130237,0.16109,-0.0168965,0.0,"[7.29638, 7.71587, 8.93283, 11.8703, 26.2686, 59.4753, 50.8965, 42.9878, 35.9876, 30.0507, 25.2049, 21.359, 18.3526, 16.0123, 12.7475, 9.96906, 8.53817, 7.86599, 7.72706]",0.028835,"[0.992272, -1.07952, 2.97978, -1.21484]",0.343396
0.0,0.0558645,0.0,0.0,2.974,0.0,1957.51,-0.0527344,94.0,0,"[200.0, 200.0, 200.0, 200.0, 200.0, 200.0, 200.0, 200.0, 200.0, 200.0, 200.0, 200.0, 200.0, 200.0, 200.0, 200.0, 200.0, 200.0, 200.0, 200.0, 200.0, 200.0, 200.0, 200.0, 200.0, 200.0, 200.0, 200.0, 200.0, 200.0, 200.0, 200.0, 200.0, 200.0, 200.0, 200.0]",1,942.478,-0.130468,0.160892,-0.0169127,0.0,"[7.29542, 7.71519, 8.93255, 11.8711, 26.3026, 59.4622, 50.8845, 42.9773, 35.979, 30.044, 25.2, 21.3554, 18.3502, 16.0107, 12.747, 9.96927, 8.53874, 7.8668, 7.72813]",0.0289714,"[0.0951599, -0.121352, 2.9352, -1.21099]",0.343397
0.0,0.0560042,0.0,0.0,2.996,0.0,1957.51,-0.0534668,94.0,0,"[200.0, 200.0, 200.0, 200.0, 200.0, 200.0, 200.0, 200.0, 200.0, 200.0, 200.0, 200.0, 200.0, 200.0, 200.0, 200.0, 200.0, 200.0, 200.0, 200.0, 200.0, 200.0, 200.0, 200.0, 200.0, 200.0, 200.0, 200.0, 200.0, 200.0, 200.0, 200.0, 200.0, 200.0, 200.0, 200.0]",1,942.478,-0.131893,0.161278,-0.0169337,0.0,"[7.29445, 7.7145, 8.93221, 11.8717, 26.3355, 59.4494, 50.873, 42.9673, 35.9708, 30.0376, 25.1952, 21.3521, 18.3479, 16.0093, 12.7465, 9.96952, 8.53936, 7.86767, 7.72923]",0.0291087,"[-2.57847, 2.74539, -1.29807, 2.89511]",0.3434
0.0,0.0562393,0.0,0.0,3.018,0.0,1957.51,-0.0543213,94.0,0,"[200.0, 200.0, 200.0, 200.0, 200.0, 200.0, 200.0, 200.0, 200.0, 200.0, 200.0, 200.0, 200.0, 200.0, 200.0, 200.0, 200.0, 200.0, 200.0, 200.0, 200.0, 200.0, 200.0, 200.0, 200.0, 200.0, 200.0, 200.0, 200.0, 200.0, 200.0, 200.0, 200.0, 200.0, 200.0, 200.0]",1,942.478,-0.132533,0.159849,-0.0168296,0.0,"[7.29354, 7.71408, 8.93254, 11.874, 26.3996, 59.427, 50.8523, 42.949, 35.9554, 30.0252, 25.1857, 21.345, 18.3427, 16.0055, 12.7446, 9.96903, 8.53957, 7.86835, 7.73034]",0.029245,"[-1.6708, 1.78665, -1.24373, 2.8953]",0.343404
0.0,0.0564706,0.0,0.0,3.04,0.0,1957.51,-0.0550537,94.0,0,"[200.0, 200.0, 200.0, 200.0, 200.0, 200.0, 200.0, 200.0, 200.0, 200.0, 200.0, 200.0, 200.0, 200.0, 200.0, 200.0, 200.0, 200.0, 200.0, 200.0, 200.0, 200.0, 200.0, 200.0, 200.0, 200.0, 200.0, 200.0, 200.0, 200.0, 200.0, 200.0, 200.0, 200.0, 200.0, 200.0]",1,942.478,-0.131595,0.158761,-0.0167632,0.0,"[7.29263, 7.71366, 8.93287, 11.8764, 26.4641, 59.405, 50.832, 42.9311, 35.9403, 30.0131, 25.1764, 21.338, 18.3376, 16.0018, 12.7427, 9.96857, 8.5398, 7.86904, 7.73145]",0.0293803,"[0.987149, -1.0838, 2.99735, -1.2002]",0.343406
0.0,0.0566031,0.0,0.0,3.062,0.0,1957.5,-0.0559082,94.0,0,"[200.0, 200.0, 200.0, 200.0, 200.0, 200.0, 200.0, 200.0, 200.0, 200.0, 200.0, 200.0, 200.0, 200.0, 200.0, 200.0, 200.0, 200.0, 200.0, 200.0, 200.0, 200.0, 200.0, 200.0, 200.0, 200.0, 200.0, 200.0, 200.0, 200.0, 200.0, 200.0, 200.0, 200.0, 200.0, 200.0]",1,942.478,-0.131828,0.159076,-0.0168032,0.0,"[7.29166, 7.71296, 8.93249, 11.8769, 26.4962, 59.393, 50.8211, 42.9217, 35.9326, 30.0071, 25.172, 21.3349, 18.3355, 16.0005, 12.7423, 9.96885, 8.54043, 7.86989, 7.73252]",0.0295166,"[0.0986413, -0.123598, 2.94631, -1.20047]",0.34341
0.0,0.0567328,0.0,0.0,3.084,0.0,1957.5,-0.0566406,94.0,0,"[200.0, 200.0, 200.0, 200.0, 200.0, 200.0, 200.0, 200.0, 200.0, 200.0, 200.0, 200.0, 200.0, 200.0, 200.0, 200.0, 200.0, 200.0, 200.0, 200.0, 200.0, 200.0, 200.0, 200.0, 200.0, 200.0, 200.0, 200.0, 200.0, 200.0, 200.0, 200.0, 200.0, 200.0, 200.0, 200.0]",1,942.478,-0.132957,0.159313,-0.0168419,0.0,"[7.2907, 7.71222, 8.93209, 11.8774, 26.528, 59.3812, 50.8105, 42.9125, 35.925, 30.0013, 25.1678, 21.3319, 18.3336, 15.9993, 12.742, 9.96916, 8.54106, 7.87075, 7.7336]",0.0296539,"[-2.57053, 2.74949, -1.29866, 2.88955]",0.343414
0.0,0.0569593,0.0,0.0,3.106,0.0,1957.5,-0.0574951,94.0,0,"[200.0, 200.0, 200.0, 200.0, 200.0, 200.0, 200.0, 200.0, 200.0, 200.0, 200.0, 200.0, 200.0, 200.0, 200.0, 200.0, 200.0, 200.0, 200.0, 200.0, 200.0, 200.0, 200.0, 200.0, 200.0, 200.0, 200.0, 200.0, 200.0, 200.0, 200.0, 200.0, 200.0, 200.0, 200.0, 200.0]",1,942.478,-0.133292,0.158234,-0.0167618,0.0,"[7.28978, 7.7118, 8.93237, 11.8796, 26.5933, 59.3597, 50.7906, 42.8949, 35.9103, 29.9895, 25.1587, 21.3252, 18.3286, 15.9957, 12.7402, 9.96873, 8.54132, 7.87145, 7.73473]",0.0297902,"[-1.6786, 1.79099, -1.25015, 2.89069]",0.343419
0.0,0.0571844,0.0,0.0,3.128,0.0,1957.5,-0.0582275,94.0,0,"[200.0, 200.0, 200.0, 200.0, 200.0, 200.0, 200.0, 200.0, 200.0, 200.0, 200.0, 200.0, 200.0, 200.0, 200.0, 200.0, 200.0, 200.0, 200.0, 200.0, 200.0, 200.0, 200.0, 200.0, 200.0, 200.0, 200.0, 200.0, 200.0, 200.0, 200.0, 200.0, 200.0, 200.0, 200.0, 200.0]",1,942.478,-0.132453,0.15754,-0.0166455,0.0,"[7.28885, 7.71134, 8.93264, 11.8818, 26.6592, 59.3383, 50.7709, 42.8776, 35.8957, 29.9778, 25.1497, 21.3185, 18.3237, 15.9922, 12.7385, 9.96833, 8.54157, 7.87216, 7.73583]",0.0299266,"[0.982665, -1.08816, 2.99684, -1.1997]",0.343423
0.0,0.0572736,0.0,0.0,3.15,0.0,1957.5,-0.059082,94.0,1,"[200.0, 200.0, 200.0, 200.0, 200.0, 200.0, 200.0, 200.0, 200.0, 200.0, 200.0, 200.0, 200.0, 200.0, 200.0, 200.0, 200.0, 200.0, 200.0, 200.0, 200.0, 200.0, 200.0, 200.0, 200.0, 200.0, 200.0, 200.0, 200.0, 200.0, 200.0, 200.0, 200.0, 200.0, 200.0, 200.0]",1,942.478,-0.132417,0.145578,-0.016317,0.0,"[7.28791, 7.71056, 8.93203, 11.8816, 26.6786, 59.3306, 50.764, 42.8718, 35.8911, 29.9744, 25.1473, 21.317, 18.3229, 15.9918, 12.7387, 9.96889, 8.54231, 7.87303, 7.73684]",0.0300568,"[0.104724, -0.132486, 2.49715, -0.755575]",0.343424
0.0,0.0573079,0.0,0.0,3.172,0.0,1957.5,-0.0598145,94.0,1,"[200.0, 200.0, 200.0, 200.0, 200.0, 200.0, 200.0, 200.0, 200.0, 200.0, 200.0, 200.0, 200.0, 200.0, 200.0, 200.0, 200.0, 200.0, 200.0, 200.0, 200.0, 200.0, 200.0, 200.0, 200.0, 200.0, 200.0, 200.0, 200.0, 200.0, 200.0, 200.0, 200.0, 200.0, 200.0, 200.0]",1,942.478,-0.132961,0.136812,-0.015447,0.0,"[7.28704, 7.70971, 8.93113, 11.8806, 26.6797, 59.3284, 50.7622, 42.8705, 35.8904, 29.9742, 25.1475, 21.3174, 18.3235, 15.9925, 12.7395, 9.96974, 8.54316, 7.87389, 7.73775]",0.0301758,"[-2.5587, 2.74489, -0.849914, 2.44761]",0.343421
0.0,0.0574176,0.0,0.0,3.194,0.0,1957.5,-0.0605469,94.0,1,"[200.0, 200.0, 200.0, 200.0, 200.0, 200.0, 200.0, 200.0, 200.0, 200.0, 200.0, 200.0, 200.0, 200.0, 200.0, 200.0, 200.0, 200.0, 200.0, 200.0, 200.0, 200.0, 200.0, 200.0, 200.0, 200.0, 200.0, 200.0, 200.0, 200.0, 200.0, 200.0, 200.0, 200.0, 200.0, 200.0]",1,942.478,-0.132147,0.132894,-0.014463,0.0,"[7.28621, 7.70909, 8.93079, 11.8811, 26.708, 59.3185, 50.7533, 42.8628, 35.884, 29.9692, 25.1439, 21.315, 18.3219, 15.9915, 12.7392, 9.97001, 8.54369, 7.87461, 7.73867]",0.0302917,"[-1.67913, 1.77918, -0.817333, 2.4324]",0.343422
0.0,0.0575187,0.0,0.0,3.216,0.0,1957.5,-0.0612793,94.0,1,"[200.0, 200.0, 200.0, 200.0, 200.0, 200.0, 200.0, 200.0, 200.0, 200.0, 200.0, 200.0, 200.0, 200.0, 200.0, 200.0, 200.0, 200.0, 200.0, 200.0, 200.0, 200.0, 200.0, 200.0, 200.0, 200.0, 200.0, 200.0, 200.0, 200.0, 200.0, 200.0, 200.0, 200.0, 200.0, 200.0]",1,942.478,-0.130525,0.13302,-0.0137484,0.0,"[7.28541, 7.70848, 8.93042, 11.8813, 26.7338, 59.3094, 50.7451, 42.8556, 35.8783, 29.9648, 25.1407, 21.3127, 18.3204, 15.9906, 12.739, 9.97031, 8.54424, 7.87533, 7.73956]",0.0304057,"[0.977962, -1.10712, 2.52126, -0.790002]",0.343426
0.0,0.0575191,0.0,0.0,3.238,0.0,1957.5,-0.0620117,94.0,1,"[200.0, 200.0, 200.0, 200.0, 200.0, 200.0, 200.0, 200.0, 200.0, 200.0, 200.0, 200.0, 200.0, 200.0, 200.0, 200.0, 200.0, 200.0, 200.0, 200.0, 200.0, 200.0, 200.0, 200.0, 200.0, 200.0, 200.0, 200.0, 200.0, 200.0, 200.0, 200.0, 200.0, 200.0, 200.0, 200.0]",1,942.478,-0.130189,0.133654,-0.0133981,0.0,"[7.28455, 7.70757, 8.92934, 11.8798, 26.7233, 59.3105, 50.7464, 42.8572, 35.8799, 29.9666, 25.1425, 21.3144, 18.322, 15.9921, 12.7403, 9.97137, 8.54517, 7.8762, 7.74042]",0.0305196,"[0.0941885, -0.144985, 2.47003, -0.790724]",0.343434
0.0,0.0575196,0.0,0.0,3.26,0.0,1957.5,-0.0627441,94.0,1,"[200.0, 200.0, 200.0, 200.0, 200.0, 200.0, 200.0, 200.0, 200.0, 200.0, 200.0, 200.0, 200.0, 200.0, 200.0, 200.0, 200.0, 200.0, 200.0, 200.0, 200.0, 200.0, 200.0, 200.0, 200.0, 200.0, 200.0, 200.0, 200.0, 200.0, 200.0, 200.0, 200.0, 200.0, 200.0, 200.0]",1,942.478,-0.130696,0.132741,-0.0132939,0.0,"[7.28371, 7.70666, 8.92828, 11.8783, 26.7128, 59.3116, 50.7477, 42.8588, 35.8816, 29.9684, 25.1442, 21.3161, 18.3236, 15.9935, 12.7416, 9.97242, 8.54609, 7.87707, 7.74127]",0.0306325,"[-2.55938, 2.73958, -0.883011, 2.41022]",0.343443
0.0,0.0576197,0.0,0.0,3.282,0.0,1957.5,-0.0634766,94.0,1,"[200.0, 200.0, 200.0, 200.0, 200.0, 200.0, 200.0, 200.0, 200.0, 200.0, 200.0, 200.0, 200.0, 200.0, 200.0, 200.0, 200.0, 200.0, 200.0, 200.0, 200.0, 200.0, 200.0, 200.0, 200.0, 200.0, 200.0, 200.0, 200.0, 200.0, 200.0, 200.0, 200.0, 200.0, 200.0, 200.0]",1,942.478,-0.130139,0.13266,-0.0132118,0.0,"[7.28289, 7.70605, 8.92791, 11.8786, 26.7384, 59.3026, 50.7397, 42.8518, 35.8759, 29.964, 25.141, 21.3139, 18.3221, 15.9927, 12.7414, 9.97273, 8.54664, 7.87777, 7.74216]",0.0307465,"[-1.67797, 1.77252, -0.842757, 2.40019]",0.343452
0.0,0.0577213,0.0,0.0,3.304,0.0,1957.5,-0.0640869,94.0,1,"[200.0, 200.0, 200.0, 200.0, 200.0, 200.0, 200.0, 200.0, 200.0, 200.0, 200.0, 200.0, 200.0, 200.0, 200.0, 200.0, 200.0, 200.0, 200.0, 200.0, 200.0, 200.0, 200.0, 200.0, 200.0, 200.0, 200.0, 200.0, 200.0, 200.0, 200.0, 200.0, 200.0, 200.0, 200.0, 200.0]",1,942.478,-0.129044,0.133943,-0.0133116,0.0,"[7.28208, 7.70541, 8.92752, 11.8789, 26.7643, 59.2935, 50.7314, 42.8447, 35.8702, 29.9596, 25.1378, 21.3117, 18.3207, 15.9918, 12.7412, 9.97305, 8.5472, 7.8785, 7.74306]",0.0308614,"[0.979976, -1.118, 2.50045, -0.803521]",0.343463
0.0,0.0577242,0.0,0.0,3.326,0.0,1957.5,-0.0648193,94.0,1,"[200.0, 200.0, 200.0, 200.0, 200.0, 200.0, 200.0, 200.0, 200.0, 200.0, 200.0, 200.0, 200.0, 200.0, 200.0, 200.0, 200.0, 200.0, 200.0, 200.0, 200.0, 200.0, 200.0, 200.0, 200.0, 200.0, 200.0, 200.0, 200.0, 200.0, 200.0, 200.0, 200.0, 200.0, 200.0, 200.0]",1,942.478,-0.128409,0.134876,-0.0136049,0.0,"[7.28121, 7.7045, 8.92645, 11.8774, 26.7544, 59.2944, 50.7326, 42.8461, 35.8717, 29.9612, 25.1395, 21.3133, 18.3222, 15.9932, 12.7425, 9.97411, 8.54813, 7.87938, 7.74393]",0.0309764,"[0.0884408, -0.157252, 2.44598, -0.813084]",0.343472
0.0,0.0577289,0.0,0.0,3.348,0.0,1957.49,-0.0655518,94.0,1,"[200.0, 200.0, 200.0, 200.0, 200.0, 200.0, 200.0, 200.0, 200.0, 200.0, 200.0, 200.0, 200.0, 200.0, 200.0, 200.0, 200.0, 200.0, 200.0, 200.0, 200.0, 200.0, 200.0, 200.0, 200.0, 200.0, 200.0, 200.0, 200.0, 200.0, 200.0, 200.0, 200.0, 200.0, 200.0, 200.0]",1,942.478,-0.129347,0.134271,-0.0138269,0.0,"[7.28035, 7.70359, 8.92538, 11.8759, 26.7451, 59.2951, 50.7335, 42.8473, 35.8731, 29.9628, 25.141, 21.3149, 18.3237, 15.9946, 12.7437, 9.97514, 8.54906, 7.88025, 7.7448]",0.0310913,"[-2.55139, 2.73314, -0.905647, 2.38656]",0.343481
0.0,0.0578329,0.0,0.0,3.37,0.0,1957.49,-0.0662842,94.0,1,"[200.0, 200.0, 200.0, 200.0, 200.0, 200.0, 200.0, 200.0, 200.0, 200.0, 200.0, 200.0, 200.0, 200.0, 200.0, 200.0, 200.0, 200.0, 200.0, 200.0, 200.0, 200.0, 200.0, 200.0, 200.0, 200.0, 200.0, 200.0, 200.0, 200.0, 200.0, 200.0, 200.0, 200.0, 200.0, 200.0]",1,942.478,-0.129187,0.133781,-0.0139896,0.0,"[7.27953, 7.70297, 8.925, 11.8762, 26.7722, 59.2857, 50.7251, 42.84, 35.8672, 29.9582, 25.1377, 21.3126, 18.3222, 15.9937, 12.7435, 9.97544, 8.54961, 7.88098, 7.74571]",0.0312073,"[-1.6719, 1.77032, -0.859923, 2.3857]",0.343489
0.0,0.0579373,0.0,0.0,3.392,0.0,1957.49,-0.0670166,94.0,1,"[200.0, 200.0, 200.0, 200.0, 200.0, 200.0, 200.0, 200.0, 200.0, 200.0, 200.0, 200.0, 200.0, 200.0, 200.0, 200.0, 200.0, 200.0, 200.0, 200.0, 200.0, 200.0, 200.0, 200.0, 200.0, 200.0, 200.0, 200.0, 200.0, 200.0, 200.0, 200.0, 200.0, 200.0, 200.0, 200.0]",1,942.478,-0.127896,0.135031,-0.0139691,0.0,"[7.27871, 7.70234, 8.92465, 11.8765, 26.7996, 59.2764, 50.7166, 42.8327, 35.8612, 29.9536, 25.1344, 21.3102, 18.3207, 15.9927, 12.7433, 9.97574, 8.55017, 7.88171, 7.74662]",0.0313222,"[0.971239, -1.12357, 2.48583, -0.820249]",0.343495
0.0,0.0579459,0.0,0.0,3.414,0.0,1957.49,-0.067749,94.0,1,"[200.0, 200.0, 200.0, 200.0, 200.0, 200.0, 200.0, 200.0, 200.0, 200.0, 200.0, 200.0, 200.0, 200.0, 200.0, 200.0, 200.0, 200.0, 200.0, 200.0, 200.0, 200.0, 200.0, 200.0, 200.0, 200.0, 200.0, 200.0, 200.0, 200.0, 200.0, 200.0, 200.0, 200.0, 200.0, 200.0]",1,942.478,-0.127707,0.135884,-0.0141009,0.0,"[7.27785, 7.70145, 8.92361, 11.8751, 26.7917, 59.2767, 50.7172, 42.8335, 35.8624, 29.9549, 25.1358, 21.3116, 18.322, 15.994, 12.7444, 9.97675, 8.55108, 7.88256, 7.74749]",0.0314382,"[0.0900158, -0.155525, 2.42995, -0.823135]",0.343502
0.0,0.0579545,0.0,0.0,3.436,0.0,1957.49,-0.0684814,94.0,1,"[200.0, 200.0, 200.0, 200.0, 200.0, 200.0, 200.0, 200.0, 200.0, 200.0, 200.0, 200.0, 200.0, 200.0, 200.0, 200.0, 200.0, 200.0, 200.0, 200.0, 200.0, 200.0, 200.0, 200.0, 200.0, 200.0, 200.0, 200.0, 200.0, 200.0, 200.0, 200.0, 200.0, 200.0, 200.0, 200.0]",1,942.478,-0.128714,0.135137,-0.0141579,0.0,"[7.27699, 7.70055, 8.92258, 11.8737, 26.7839, 59.277, 50.7178, 42.8344, 35.8635, 29.9562, 25.1371, 21.313, 18.3234, 15.9954, 12.7456, 9.97777, 8.552, 7.88344, 7.74836]",0.0315531,"[-2.55324, 2.74259, -0.921075, 2.37388]",0.343508
0.0,0.0580623,0.0,0.0,3.458,0.0,1957.49,-0.0692139,94.0,1,"[200.0, 200.0, 200.0, 200.0, 200.0, 200.0, 200.0, 200.0, 200.0, 200.0, 200.0, 200.0, 200.0, 200.0, 200.0, 200.0, 200.0, 200.0, 200.0, 200.0, 200.0, 200.0, 200.0, 200.0, 200.0, 200.0, 200.0, 200.0, 200.0, 200.0, 200.0, 200.0, 200.0, 200.0, 200.0, 200.0]",1,942.478,-0.128809,0.134413,-0.0140806,0.0,"[7.27617, 7.69993, 8.92222, 11.8741, 26.8124, 59.2672, 50.709, 42.8269, 35.8573, 29.9514, 25.1337, 21.3106, 18.3218, 15.9944, 12.7454, 9.97804, 8.55253, 7.88416, 7.74927]",0.0316691,"[-1.66748, 1.77601, -0.871178, 2.37638]",0.343515
0.0,0.05817,0.0,0.0,3.48,0.0,1957.49,-0.0699463,94.0,1,"[200.0, 200.0, 200.0, 200.0, 200.0, 200.0, 200.0, 200.0, 200.0, 200.0, 200.0, 200.0, 200.0, 200.0, 200.0, 200.0, 200.0, 200.0, 200.0, 200.0, 200.0, 200.0, 200.0, 200.0, 200.0, 200.0, 200.0, 200.0, 200.0, 200.0, 200.0, 200.0, 200.0, 200.0, 200.0, 200.0]",1,942.478,-0.127429,0.135387,-0.014067,0.0,"[7.27535, 7.69933, 8.92189, 11.8745, 26.8417, 59.2575, 50.7002, 42.8192, 35.851, 29.9466, 25.1301, 21.3082, 18.3202, 15.9933, 12.7451, 9.9783, 8.55306, 7.88488, 7.75018]",0.0317841,"[0.967917, -1.12268, 2.47746, -0.826605]",0.343522
0.0,0.058181,0.0,0.0,3.502,0.0,1957.49,-0.0706787,94.0,1,"[200.0, 200.0, 200.0, 200.0, 200.0, 200.0, 200.0, 200.0, 200.0, 200.0, 200.0, 200.0, 200.0, 200.0, 200.0, 200.0, 200.0, 200.0, 200.0, 200.0, 200.0, 200.0, 200.0, 200.0, 200.0, 200.0, 200.0, 200.0, 200.0, 200.0, 200.0, 200.0, 200.0, 200.0, 200.0, 200.0]",1,942.478,-0.127601,0.136294,-0.0141257,0.0,"[7.27449, 7.69843, 8.92085, 11.8731, 26.8345, 59.2576, 50.7006, 42.8199, 35.852, 29.9477, 25.1314, 21.3095, 18.3215, 15.9946, 12.7463, 9.97931, 8.55397, 7.88576, 7.75105]",0.0319,"[0.0904955, -0.148755, 2.42825, -0.829429]",0.343529
0.0,0.0581929,0.0,0.0,3.524,0.0,1957.49,-0.0714111,94.0,1,"[200.0, 200.0, 200.0, 200.0, 200.0, 200.0, 200.0, 200.0, 200.0, 200.0, 200.0, 200.0, 200.0, 200.0, 200.0, 200.0, 200.0, 200.0, 200.0, 200.0, 200.0, 200.0, 200.0, 200.0, 200.0, 200.0, 200.0, 200.0, 200.0, 200.0, 200.0, 200.0, 200.0, 200.0, 200.0, 200.0]",1,942.478,-0.12852,0.135417,-0.0141804,0.0,"[7.27363, 7.69754, 8.91986, 11.8718, 26.8279, 59.2575, 50.7009, 42.8205, 35.8529, 29.9488, 25.1327, 21.3108, 18.3227, 15.9958, 12.7474, 9.9803, 8.55487, 7.88662, 7.75192]",0.032015,"[-2.54809, 2.75761, -0.931523, 2.36002]",0.343536
0.0,0.058304,0.0,0.0,3.546,0.0,1957.49,-0.0721436,94.0,1,"[200.0, 200.0, 200.0, 200.0, 200.0, 200.0, 200.0, 200.0, 200.0, 200.0, 200.0, 200.0, 200.0, 200.0, 200.0, 200.0, 200.0, 200.0, 200.0, 200.0, 200.0, 200.0, 200.0, 200.0, 200.0, 200.0, 200.0, 200.0, 200.0, 200.0, 200.0, 200.0, 200.0, 200.0, 200.0, 200.0]",1,942.478,-0.128512,0.134765,-0.0140684,0.0,"[7.27281, 7.69693, 8.91952, 11.8722, 26.8582, 59.2475, 50.6917, 42.8127, 35.8464, 29.9439, 25.129, 21.3082, 18.321, 15.9947, 12.7471, 9.98057, 8.5554, 7.88734, 7.75284]",0.0321309,"[-1.66458, 1.78591, -0.88336, 2.36454]",0.343544
0.0,0.0584156,0.0,0.0,3.568,0.0,1957.49,-0.072876,94.0,1,"[200.0, 200.0, 200.0, 200.0, 200.0, 200.0, 200.0, 200.0, 200.0, 200.0, 200.0, 200.0, 200.0, 200.0, 200.0, 200.0, 200.0, 200.0, 200.0, 200.0, 200.0, 200.0, 200.0, 200.0, 200.0, 200.0, 200.0, 200.0, 200.0, 200.0, 200.0, 200.0, 200.0, 200.0, 200.0, 200.0]",1,942.478,-0.127456,0.135675,-0.0140692,0.0,"[7.27199, 7.69632, 8.91921, 11.8727, 26.8889, 59.2374, 50.6826, 42.8048, 35.84, 29.9388, 25.1253, 21.3056, 18.3193, 15.9936, 12.7467, 9.9808, 8.55593, 7.88805, 7.75376]",0.0322469,"[0.976109, -1.11553, 2.4707, -0.832965]",0.343552
0.0,0.0584289,0.0,0.0,3.59,0.0,1957.49,-0.0736084,94.0,1,"[200.0, 200.0, 200.0, 200.0, 200.0, 200.0, 200.0, 200.0, 200.0, 200.0, 200.0, 200.0, 200.0, 200.0, 200.0, 200.0, 200.0, 200.0, 200.0, 200.0, 200.0, 200.0, 200.0, 200.0, 200.0, 200.0, 200.0, 200.0, 200.0, 200.0, 200.0, 200.0, 200.0, 200.0, 200.0, 200.0]",1,942.478,-0.127386,0.136805,-0.0141082,0.0,"[7.27113, 7.69544, 8.9182, 11.8714, 26.8828, 59.2372, 50.6828, 42.8052, 35.8407, 29.9398, 25.1264, 21.3068, 18.3205, 15.9948, 12.7479, 9.98177, 8.55682, 7.88891, 7.75464]",0.0323629,"[0.098076, -0.144842, 2.41821, -0.842555]",0.34356
0.0,0.0584437,0.0,0.0,3.612,0.0,1957.49,-0.0743408,94.0,1,"[200.0, 200.0, 200.0, 200.0, 200.0, 200.0, 200.0, 200.0, 200.0, 200.0, 200.0, 200.0, 200.0, 200.0, 200.0, 200.0, 200.0, 200.0, 200.0, 200.0, 200.0, 200.0, 200.0, 200.0, 200.0, 200.0, 200.0, 200.0, 200.0, 200.0, 200.0, 200.0, 200.0, 200.0, 200.0, 200.0]",1,942.478,-0.128193,0.135805,-0.0141888,0.0,"[7.27027, 7.69455, 8.91721, 11.8701, 26.8773, 59.2369, 50.6827, 42.8056, 35.8414, 29.9407, 25.1275, 21.308, 18.3217, 15.996, 12.7489, 9.98274, 8.55772, 7.88978, 7.7555]",0.0324778,"[-2.53846, 2.76384, -0.949779, 2.34464]",0.343568
0.0,0.0585577,0.0,0.0,3.634,0.0,1957.49,-0.0750732,94.0,1,"[200.0, 200.0, 200.0, 200.0, 200.0, 200.0, 200.0, 200.0, 200.0, 200.0, 200.0, 200.0, 200.0, 200.0, 200.0, 200.0, 200.0, 200.0, 200.0, 200.0, 200.0, 200.0, 200.0, 200.0, 200.0, 200.0, 200.0, 200.0, 200.0, 200.0, 200.0, 200.0, 200.0, 200.0, 200.0, 200.0]",1,942.478,-0.128066,0.135072,-0.0141787,0.0,"[7.26944, 7.69396, 8.91689, 11.8705, 26.909, 59.2266, 50.6734, 42.7975, 35.8348, 29.9356, 25.1237, 21.3053, 18.3199, 15.9948, 12.7486, 9.98298, 8.55824, 7.89051, 7.75643]",0.0325948,"[-1.66255, 1.79366, -0.902884, 2.34667]",0.343577
0.0,0.0586721,0.0,0.0,3.656,0.0,1957.48,-0.0758057,94.0,1,"[200.0, 200.0, 200.0, 200.0, 200.0, 200.0, 200.0, 200.0, 200.0, 200.0, 200.0, 200.0, 200.0, 200.0, 200.0, 200.0, 200.0, 200.0, 200.0, 200.0, 200.0, 200.0, 200.0, 200.0, 200.0, 200.0, 200.0, 200.0, 200.0, 200.0, 200.0, 200.0, 200.0, 200.0, 200.0, 200.0]",1,942.478,-0.126997,0.136309,-0.0141766,0.0,"[7.26862, 7.69336, 8.91659, 11.871, 26.9417, 59.2162, 50.664, 42.7893, 35.8281, 29.9304, 25.1199, 21.3026, 18.3181, 15.9937, 12.7482, 9.98321, 8.55876, 7.89123, 7.75735]",0.0327118,"[0.966712, -1.11887, 2.46122, -0.845254]",0.343586
0.0,0.0586893,0.0,0.0,3.678,0.0,1957.48,-0.0765381,94.0,1,"[200.0, 200.0, 200.0, 200.0, 200.0, 200.0, 200.0, 200.0, 200.0, 200.0, 200.0, 200.0, 200.0, 200.0, 200.0, 200.0, 200.0, 200.0, 200.0, 200.0, 200.0, 200.0, 200.0, 200.0, 200.0, 200.0, 200.0, 200.0, 200.0, 200.0, 200.0, 200.0, 200.0, 200.0, 200.0, 200.0]",1,942.478,-0.127035,0.137202,-0.0143286,0.0,"[7.26776, 7.69248, 8.9156, 11.8698, 26.9366, 59.2157, 50.6637, 42.7895, 35.8286, 29.9312, 25.1209, 21.3037, 18.3192, 15.9948, 12.7493, 9.98417, 8.55966, 7.89209, 7.75823]",0.0328278,"[0.0908778, -0.148427, 2.4071, -0.851707]",0.343595
0.0,0.0587055,0.0,0.0,3.7,0.0,1957.48,-0.0772705,94.0,1,"[200.0, 200.0, 200.0, 200.0, 200.0, 200.0, 200.0, 200.0, 200.0, 200.0, 200.0, 200.0, 200.0, 200.0, 200.0, 200.0, 200.0, 200.0, 200.0, 200.0, 200.0, 200.0, 200.0, 200.0, 200.0, 200.0, 200.0, 200.0, 200.0, 200.0, 200.0, 200.0, 200.0, 200.0, 200.0, 200.0]",1,942.478,-0.12804,0.136504,-0.0144286,0.0,"[7.26688, 7.69158, 8.91459, 11.8685, 26.9311, 59.2152, 50.6637, 42.7898, 35.8292, 29.9321, 25.122, 21.3049, 18.3204, 15.996, 12.7504, 9.98517, 8.56056, 7.89297, 7.75912]",0.0329458,"[-2.53372, 2.759, -0.959016, 2.33343]",0.343604
0.0,0.0588199,0.0,0.0,3.722,0.0,1957.48,-0.0780029,94.0,1,"[200.0, 200.0, 200.0, 200.0, 200.0, 200.0, 200.0, 200.0, 200.0, 200.0, 200.0, 200.0, 200.0, 200.0, 200.0, 200.0, 200.0, 200.0, 200.0, 200.0, 200.0, 200.0, 200.0, 200.0, 200.0, 200.0, 200.0, 200.0, 200.0, 200.0, 200.0, 200.0, 200.0, 200.0, 200.0, 200.0]",1,942.478,-0.127751,0.136059,-0.0143767,0.0,"[7.26605, 7.69097, 8.91428, 11.869, 26.9641, 59.2049, 50.6543, 42.7816, 35.8225, 29.9269, 25.1181, 21.3022, 18.3186, 15.9948, 12.7501, 9.9854, 8.56108, 7.89368, 7.76005]",0.0330627,"[-1.6578, 1.7833, -0.915533, 2.33257]",0.343613
0.0,0.0589344,0.0,0.0,3.744,0.0,1957.48,-0.0787354,94.0,1,"[200.0, 200.0, 200.0, 200.0, 200.0, 200.0, 200.0, 200.0, 200.0, 200.0, 200.0, 200.0, 200.0, 200.0, 200.0, 200.0, 200.0, 200.0, 200.0, 200.0, 200.0, 200.0, 200.0, 200.0, 200.0, 200.0, 200.0, 200.0, 200.0, 200.0, 200.0, 200.0, 200.0, 200.0, 200.0, 200.0]",1,942.478,-0.126892,0.137043,-0.0143332,0.0,"[7.26521, 7.69033, 8.91394, 11.8694, 26.9969, 59.1945, 50.6449, 42.7736, 35.8159, 29.9218, 25.1144, 21.2995, 18.3168, 15.9937, 12.7497, 9.98565, 8.56162, 7.89443, 7.76099]",0.0331818,"[0.965214, -1.13205, 2.45548, -0.851789]",0.343623
0.0,0.0589511,0.0,0.0,3.766,0.0,1957.48,-0.0793457,94.0,1,"[200.0, 200.0, 200.0, 200.0, 200.0, 200.0, 200.0, 200.0, 200.0, 200.0, 200.0, 200.0, 200.0, 200.0, 200.0, 200.0, 200.0, 200.0, 200.0, 200.0, 200.0, 200.0, 200.0, 200.0, 200.0, 200.0, 200.0, 200.0, 200.0, 200.0, 200.0, 200.0, 200.0, 200.0, 200.0, 200.0]",1,942.478,-0.126953,0.137893,-0.0143631,0.0,"[7.26434, 7.68945, 8.91295, 11.8681, 26.9916, 59.194, 50.6448, 42.7738, 35.8165, 29.9226, 25.1154, 21.3007, 18.318, 15.9948, 12.7508, 9.98662, 8.56253, 7.8953, 7.76187]",0.0332987,"[0.0903445, -0.164844, 2.40126, -0.857154]",0.343631
0.0,0.0589673,0.0,0.0,3.788,0.0,1957.48,-0.0800781,94.0,1,"[200.0, 200.0, 200.0, 200.0, 200.0, 200.0, 200.0, 200.0, 200.0, 200.0, 200.0, 200.0, 200.0, 200.0, 200.0, 200.0, 200.0, 200.0, 200.0, 200.0, 200.0, 200.0, 200.0, 200.0, 200.0, 200.0, 200.0, 200.0, 200.0, 200.0, 200.0, 200.0, 200.0, 200.0, 200.0, 200.0]",1,942.478,-0.128068,0.137136,-0.0144252,0.0,"[7.26346, 7.68856, 8.91195, 11.8668, 26.9862, 59.1936, 50.6447, 42.774, 35.817, 29.9235, 25.1165, 21.3018, 18.3191, 15.996, 12.7519, 9.98759, 8.56342, 7.89617, 7.76277]",0.0334167,"[-2.52963, 2.75481, -0.969018, 2.32176]",0.34364
0.0,0.0590822,0.0,0.0,3.81,0.0,1957.48,-0.0808105,94.0,1,"[200.0, 200.0, 200.0, 200.0, 200.0, 200.0, 200.0, 200.0, 200.0, 200.0, 200.0, 200.0, 200.0, 200.0, 200.0, 200.0, 200.0, 200.0, 200.0, 200.0, 200.0, 200.0, 200.0, 200.0, 200.0, 200.0, 200.0, 200.0, 200.0, 200.0, 200.0, 200.0, 200.0, 200.0, 200.0, 200.0]",1,942.478,-0.128218,0.136552,-0.0144421,0.0,"[7.26263, 7.68795, 8.91162, 11.8673, 27.0193, 59.1832, 50.6353, 42.7659, 35.8104, 29.9183, 25.1126, 21.2991, 18.3173, 15.9948, 12.7516, 9.98784, 8.56396, 7.89691, 7.76369]",0.0335348,"[-1.65356, 1.77853, -0.916738, 2.33341]",0.343649
0.0,0.0591952,0.0,0.0,3.832,0.0,1957.48,-0.081543,94.0,1,"[200.0, 200.0, 200.0, 200.0, 200.0, 200.0, 200.0, 200.0, 200.0, 200.0, 200.0, 200.0, 200.0, 200.0, 200.0, 200.0, 200.0, 200.0, 200.0, 200.0, 200.0, 200.0, 200.0, 200.0, 200.0, 200.0, 200.0, 200.0, 200.0, 200.0, 200.0, 200.0, 200.0, 200.0, 200.0, 200.0]",1,942.478,-0.127452,0.137089,-0.0143282,0.0,"[7.2618, 7.68733, 8.91129, 11.8678, 27.0526, 59.173, 50.626, 42.7579, 35.8038, 29.9132, 25.1089, 21.2965, 18.3156, 15.9937, 12.7513, 9.98811, 8.56449, 7.89764, 7.76463]",0.0336527,"[0.963554, -1.14344, 2.45992, -0.843613]",0.343659
0.0,0.0592086,0.0,0.0,3.854,0.0,1957.48,-0.0822754,94.0,1,"[200.0, 200.0, 200.0, 200.0, 200.0, 200.0, 200.0, 200.0, 200.0, 200.0, 200.0, 200.0, 200.0, 200.0, 200.0, 200.0, 200.0, 200.0, 200.0, 200.0, 200.0, 200.0, 200.0, 200.0, 200.0, 200.0, 200.0, 200.0, 200.0, 200.0, 200.0, 200.0, 200.0, 200.0, 200.0, 200.0]",1,942.478,-0.127507,0.13758,-0.0143713,0.0,"[7.26092, 7.68643, 8.91028, 11.8664, 27.0459, 59.1728, 50.6262, 42.7584, 35.8046, 29.9143, 25.1101, 21.2977, 18.3168, 15.9949, 12.7524, 9.98909, 8.56541, 7.89851, 7.76553]",0.0337708,"[0.0859918, -0.170468, 2.40753, -0.853871]",0.343669
0.0,0.0592234,0.0,0.0,3.876,0.0,1957.48,-0.0830078,94.0,1,"[200.0, 200.0, 200.0, 200.0, 200.0, 200.0, 200.0, 200.0, 200.0, 200.0, 200.0, 200.0, 200.0, 200.0, 200.0, 200.0, 200.0, 200.0, 200.0, 200.0, 200.0, 200.0, 200.0, 200.0, 200.0, 200.0, 200.0, 200.0, 200.0, 200.0, 200.0, 200.0, 200.0, 200.0, 200.0, 200.0]",1,942.478,-0.128531,0.136919,-0.0144252,0.0,"[7.26004, 7.68552, 8.90926, 11.8651, 27.0397, 59.1725, 50.6262, 42.7588, 35.8054, 29.9152, 25.1112, 21.299, 18.3181, 15.9961, 12.7535, 9.99008, 8.56631, 7.8994, 7.76642]",0.0338888,"[-2.52242, 2.75528, -0.972611, 2.31674]",0.343679
0.0,0.0593373,0.0,0.0,3.898,0.0,1957.48,-0.0837402,94.0,1,"[200.0, 200.0, 200.0, 200.0, 200.0, 200.0, 200.0, 200.0, 200.0, 200.0, 200.0, 200.0, 200.0, 200.0, 200.0, 200.0, 200.0, 200.0, 200.0, 200.0, 200.0, 200.0, 200.0, 200.0, 200.0, 200.0, 200.0, 200.0, 200.0, 200.0, 200.0, 200.0, 200.0, 200.0, 200.0, 200.0]",1,942.478,-0.128633,0.136519,-0.0143747,0.0,"[7.2592, 7.68491, 8.90892, 11.8655, 27.0736, 59.1622, 50.6169, 42.7507, 35.7987, 29.9101, 25.1075, 21.2964, 18.3163, 15.995, 12.7532, 9.99033, 8.56685, 7.90013, 7.76735]",0.0340068,"[-1.64404, 1.77734, -0.921904, 2.32647]",0.34369
0.0,0.0594494,0.0,0.0,3.92,0.0,1957.48,-0.0844727,94.0,1,"[200.0, 200.0, 200.0, 200.0, 200.0, 200.0, 200.0, 200.0, 200.0, 200.0, 200.0, 200.0, 200.0, 200.0, 200.0, 200.0, 200.0, 200.0, 200.0, 200.0, 200.0, 200.0, 200.0, 200.0, 200.0, 200.0, 200.0, 200.0, 200.0, 200.0, 200.0, 200.0, 200.0, 200.0, 200.0, 200.0]",1,942.478,-0.127758,0.137213,-0.0143574,0.0,"[7.25838, 7.68428, 8.90858, 11.866, 27.1068, 59.1521, 50.6077, 42.7428, 35.7923, 29.9051, 25.1038, 21.2938, 18.3146, 15.9939, 12.7529, 9.9906, 8.5674, 7.90086, 7.76827]",0.0341237,"[0.965943, -1.15027, 2.45693, -0.848568]",0.343699
0.0,0.0594622,0.0,0.0,3.942,0.0,1957.47,-0.0852051,94.0,1,"[200.0, 200.0, 200.0, 200.0, 200.0, 200.0, 200.0, 200.0, 200.0, 200.0, 200.0, 200.0, 200.0, 200.0, 200.0, 200.0, 200.0, 200.0, 200.0, 200.0, 200.0, 200.0, 200.0, 200.0, 200.0, 200.0, 200.0, 200.0, 200.0, 200.0, 200.0, 200.0, 200.0, 200.0, 200.0, 200.0]",1,942.478,-0.127887,0.137896,-0.0143955,0.0,"[7.2575, 7.68338, 8.90757, 11.8646, 27.0998, 59.152, 50.608, 42.7434, 35.7931, 29.9062, 25.105, 21.2951, 18.3158, 15.9952, 12.754, 9.99161, 8.56831, 7.90174, 7.76917]",0.0342417,"[0.0994046, -0.173346, 2.39947, -0.863092]",0.34371
0.0,0.0594756,0.0,0.0,3.964,0.0,1957.47,-0.0859375,94.0,1,"[200.0, 200.0, 200.0, 200.0, 200.0, 200.0, 200.0, 200.0, 200.0, 200.0, 200.0, 200.0, 200.0, 200.0, 200.0, 200.0, 200.0, 200.0, 200.0, 200.0, 200.0, 200.0, 200.0, 200.0, 200.0, 200.0, 200.0, 200.0, 200.0, 200.0, 200.0, 200.0, 200.0, 200.0, 200.0, 200.0]",1,942.478,-0.128948,0.136936,-0.0144211,0.0,"[7.25662, 7.68247, 8.90653, 11.8632, 27.0927, 59.1519, 50.6082, 42.7439, 35.794, 29.9073, 25.1062, 21.2963, 18.3171, 15.9964, 12.7551, 9.99261, 8.56923, 7.90263, 7.77006]",0.0343597,"[-2.51369, 2.75912, -0.984661, 2.31009]",0.34372
0.0,0.0595872,0.0,0.0,3.986,0.0,1957.47,-0.0866699,94.0,1,"[200.0, 200.0, 200.0, 200.0, 200.0, 200.0, 200.0, 200.0, 200.0, 200.0, 200.0, 200.0, 200.0, 200.0, 200.0, 200.0, 200.0, 200.0, 200.0, 200.0, 200.0, 200.0, 200.0, 200.0, 200.0, 200.0, 200.0, 200.0, 200.0, 200.0, 200.0, 200.0, 200.0, 200.0, 200.0, 200.0]",1,942.478,-0.129082,0.136042,-0.014402,0.0,"[7.25579, 7.68186, 8.9062, 11.8637, 27.1265, 59.1418, 50.599, 42.736, 35.7875, 29.9022, 25.1025, 21.2937, 18.3154, 15.9953, 12.7548, 9.99287, 8.56977, 7.90336, 7.77099]",0.0344777,"[-1.64863, 1.78113, -0.924165, 2.32247]",0.343731
0.0,0.0596988,0.0,0.0,4.008,0.0,1957.47,-0.0874023,94.0,1,"[200.0, 200.0, 200.0, 200.0, 200.0, 200.0, 200.0, 200.0, 200.0, 200.0, 200.0, 200.0, 200.0, 200.0, 200.0, 200.0, 200.0, 200.0, 200.0, 200.0, 200.0, 200.0, 200.0, 200.0, 200.0, 200.0, 200.0, 200.0, 200.0, 200.0, 200.0, 200.0, 200.0, 200.0, 200.0, 200.0]",1,942.478,-0.128263,0.136878,-0.0142777,0.0,"[7.25497, 7.68124, 8.90586, 11.8641, 27.1604, 59.1318, 50.5899, 42.7282, 35.7811, 29.8973, 25.0989, 21.2912, 18.3137, 15.9942, 12.7545, 9.99312, 8.57031, 7.90408, 7.77192]",0.0345947,"[0.960127, -1.14526, 2.45419, -0.849138]",0.343742
0.0,0.0597121,0.0,0.0,4.03,0.0,1957.47,-0.0881348,94.0,1,"[200.0, 200.0, 200.0, 200.0, 200.0, 200.0, 200.0, 200.0, 200.0, 200.0, 200.0, 200.0, 200.0, 200.0, 200.0, 200.0, 200.0, 200.0, 200.0, 200.0, 200.0, 200.0, 200.0, 200.0, 200.0, 200.0, 200.0, 200.0, 200.0, 200.0, 200.0, 200.0, 200.0, 200.0, 200.0, 200.0]",1,942.478,-0.128391,0.137435,-0.0143812,0.0,"[7.25408, 7.68033, 8.90483, 11.8628, 27.1534, 59.1316, 50.5901, 42.7286, 35.7819, 29.8983, 25.1001, 21.2924, 18.3149, 15.9954, 12.7557, 9.99413, 8.57122, 7.90497, 7.77281]",0.0347127,"[0.0896396, -0.164947, 2.39532, -0.862186]",0.343753
0.0,0.0597264,0.0,0.0,4.052,0.0,1957.47,-0.0887451,94.0,1,"[200.0, 200.0, 200.0, 200.0, 200.0, 200.0, 200.0, 200.0, 200.0, 200.0, 200.0, 200.0, 200.0, 200.0, 200.0, 200.0, 200.0, 200.0, 200.0, 200.0, 200.0, 200.0, 200.0, 200.0, 200.0, 200.0, 200.0, 200.0, 200.0, 200.0, 200.0, 200.0, 200.0, 200.0, 200.0, 200.0]",1,942.478,-0.129593,0.136351,-0.0144134,0.0,"[7.25321, 7.67945, 8.90384, 11.8614, 27.1473, 59.1313, 50.5902, 42.7291, 35.7826, 29.8993, 25.1012, 21.2936, 18.3161, 15.9966, 12.7568, 9.99511, 8.57212, 7.90584, 7.7737]",0.0348297,"[-2.50664, 2.76652, -0.987104, 2.3052]",0.343764
0.0,0.059838,0.0,0.0,4.074,0.0,1957.47,-0.0895996,94.0,1,"[200.0, 200.0, 200.0, 200.0, 200.0, 200.0, 200.0, 200.0, 200.0, 200.0, 200.0, 200.0, 200.0, 200.0, 200.0, 200.0, 200.0, 200.0, 200.0, 200.0, 200.0, 200.0, 200.0, 200.0, 200.0, 200.0, 200.0, 200.0, 200.0, 200.0, 200.0, 200.0, 200.0, 200.0, 200.0, 200.0]",1,942.478,-0.129751,0.13608,-0.01439,0.0,"[7.25238, 7.67881, 8.90347, 11.8618, 27.1812, 59.1213, 50.5811, 42.7212, 35.7762, 29.8944, 25.0976, 21.2911, 18.3145, 15.9956, 12.7565, 9.99539, 8.57268, 7.90658, 7.77464]",0.0349477,"[-1.63521, 1.78528, -0.929489, 2.31782]",0.343776
0.0,0.0599486,0.0,0.0,4.096,0.0,1957.47,-0.090332,94.0,1,"[200.0, 200.0, 200.0, 200.0, 200.0, 200.0, 200.0, 200.0, 200.0, 200.0, 200.0, 200.0, 200.0, 200.0, 200.0, 200.0, 200.0, 200.0, 200.0, 200.0, 200.0, 200.0, 200.0, 200.0, 200.0, 200.0, 200.0, 200.0, 200.0, 200.0, 200.0, 200.0, 200.0, 200.0, 200.0, 200.0]",1,942.478,-0.12878,0.13661,-0.0142898,0.0,"[7.25155, 7.6782, 8.90314, 11.8623, 27.2156, 59.1113, 50.5721, 42.7134, 35.7698, 29.8894, 25.094, 21.2886, 18.3128, 15.9945, 12.7562, 9.99564, 8.57321, 7.90732, 7.77555]",0.0350647,"[0.961516, -1.15165, 2.45547, -0.850763]",0.343787
0.0,0.059961,0.0,0.0,4.118,0.0,1957.47,-0.0910645,94.0,1,"[200.0, 200.0, 200.0, 200.0, 200.0, 200.0, 200.0, 200.0, 200.0, 200.0, 200.0, 200.0, 200.0, 200.0, 200.0, 200.0, 200.0, 200.0, 200.0, 200.0, 200.0, 200.0, 200.0, 200.0, 200.0, 200.0, 200.0, 200.0, 200.0, 200.0, 200.0, 200.0, 200.0, 200.0, 200.0, 200.0]",1,942.478,-0.129022,0.137212,-0.0143524,0.0,"[7.25067, 7.67729, 8.9021, 11.8609, 27.208, 59.1113, 50.5724, 42.714, 35.7707, 29.8905, 25.0953, 21.2899, 18.314, 15.9958, 12.7574, 9.99666, 8.57413, 7.9082, 7.77644]",0.0351827,"[0.0977141, -0.16551, 2.39585, -0.867749]",0.3438
0.0,0.0599744,0.0,0.0,4.14,0.0,1957.47,-0.0916748,94.0,1,"[200.0, 200.0, 200.0, 200.0, 200.0, 200.0, 200.0, 200.0, 200.0, 200.0, 200.0, 200.0, 200.0, 200.0, 200.0, 200.0, 200.0, 200.0, 200.0, 200.0, 200.0, 200.0, 200.0, 200.0, 200.0, 200.0, 200.0, 200.0, 200.0, 200.0, 200.0, 200.0, 200.0, 200.0, 200.0, 200.0]",1,942.478,-0.13019,0.136404,-0.0144472,0.0,"[7.2498, 7.67639, 8.90108, 11.8596, 27.2009, 59.1111, 50.5725, 42.7145, 35.7715, 29.8916, 25.0964, 21.2911, 18.3153, 15.997, 12.7585, 9.99764, 8.57504, 7.90907, 7.77734]",0.0352997,"[-2.49943, 2.77753, -0.994659, 2.29583]",0.343811
0.0,0.0600864,0.0,0.0,4.162,0.0,1957.47,-0.0924072,94.0,1,"[200.0, 200.0, 200.0, 200.0, 200.0, 200.0, 200.0, 200.0, 200.0, 200.0, 200.0, 200.0, 200.0, 200.0, 200.0, 200.0, 200.0, 200.0, 200.0, 200.0, 200.0, 200.0, 200.0, 200.0, 200.0, 200.0, 200.0, 200.0, 200.0, 200.0, 200.0, 200.0, 200.0, 200.0, 200.0, 200.0]",1,942.478,-0.130226,0.135808,-0.014379,0.0,"[7.24896, 7.67576, 8.90074, 11.86, 27.2359, 59.101, 50.5633, 42.7066, 35.765, 29.8865, 25.0928, 21.2886, 18.3136, 15.9959, 12.7582, 9.99792, 8.57558, 7.90981, 7.77827]",0.0354177,"[-1.63013, 1.79091, -0.93718, 2.31053]",0.343823
0.0,0.0601966,0.0,0.0,4.184,0.0,1957.47,-0.0931396,94.0,1,"[200.0, 200.0, 200.0, 200.0, 200.0, 200.0, 200.0, 200.0, 200.0, 200.0, 200.0, 200.0, 200.0, 200.0, 200.0, 200.0, 200.0, 200.0, 200.0, 200.0, 200.0, 200.0, 200.0, 200.0, 200.0, 200.0, 200.0, 200.0, 200.0, 200.0, 200.0, 200.0, 200.0, 200.0, 200.0, 200.0]",1,942.478,-0.129493,0.136556,-0.0143074,0.0,"[7.24814, 7.67516, 8.9004, 11.8604, 27.271, 59.0911, 50.5544, 42.6988, 35.7587, 29.8817, 25.0891, 21.2861, 18.3119, 15.9948, 12.7579, 9.99818, 8.57612, 7.91053, 7.77919]",0.0355347,"[0.968412, -1.15159, 2.45521, -0.852127]",0.343835
0.0,0.060208,0.0,0.0,4.206,0.0,1957.47,-0.0938721,94.0,1,"[200.0, 200.0, 200.0, 200.0, 200.0, 200.0, 200.0, 200.0, 200.0, 200.0, 200.0, 200.0, 200.0, 200.0, 200.0, 200.0, 200.0, 200.0, 200.0, 200.0, 200.0, 200.0, 200.0, 200.0, 200.0, 200.0, 200.0, 200.0, 200.0, 200.0, 200.0, 200.0, 200.0, 200.0, 200.0, 200.0]",1,942.478,-0.129605,0.137094,-0.0143737,0.0,"[7.24727, 7.67425, 8.89939, 11.859, 27.263, 59.0911, 50.5547, 42.6996, 35.7596, 29.8828, 25.0904, 21.2874, 18.3132, 15.9961, 12.759, 9.99917, 8.57703, 7.91139, 7.78006]",0.0356506,"[0.0990597, -0.16513, 2.39101, -0.867004]",0.343846
0.0,0.0602199,0.0,0.0,4.228,0.0,1957.47,-0.0946045,94.0,1,"[200.0, 200.0, 200.0, 200.0, 200.0, 200.0, 200.0, 200.0, 200.0, 200.0, 200.0, 200.0, 200.0, 200.0, 200.0, 200.0, 200.0, 200.0, 200.0, 200.0, 200.0, 200.0, 200.0, 200.0, 200.0, 200.0, 200.0, 200.0, 200.0, 200.0, 200.0, 200.0, 200.0, 200.0, 200.0, 200.0]",1,942.478,-0.130787,0.135873,-0.0144332,0.0,"[7.2464, 7.67335, 8.89835, 11.8577, 27.2555, 59.0911, 50.555, 42.7002, 35.7606, 29.8839, 25.0917, 21.2887, 18.3145, 15.9973, 12.7602, 10.0002, 8.57794, 7.91227, 7.78095]",0.0357676,"[-2.50092, 2.78644, -0.999222, 2.29245]",0.343858
0.0,0.0603306,0.0,0.0,4.25,0.0,1957.46,-0.0953369,94.0,1,"[200.0, 200.0, 200.0, 200.0, 200.0, 200.0, 200.0, 200.0, 200.0, 200.0, 200.0, 200.0, 200.0, 200.0, 200.0, 200.0, 200.0, 200.0, 200.0, 200.0, 200.0, 200.0, 200.0, 200.0, 200.0, 200.0, 200.0, 200.0, 200.0, 200.0, 200.0, 200.0, 200.0, 200.0, 200.0, 200.0]",1,942.478,-0.131025,0.135113,-0.0143426,0.0,"[7.24557, 7.67274, 8.89801, 11.8581, 27.2906, 59.0811, 50.546, 42.6923, 35.7542, 29.879, 25.0881, 21.2861, 18.3128, 15.9963, 12.7599, 10.0004, 8.57848, 7.91301, 7.78187]",0.0358846,"[-1.63173, 1.79868, -0.934584, 2.31111]",0.343871
0.0,0.0604398,0.0,0.0,4.272,0.0,1957.46,-0.0960693,94.0,1,"[200.0, 200.0, 200.0, 200.0, 200.0, 200.0, 200.0, 200.0, 200.0, 200.0, 200.0, 200.0, 200.0, 200.0, 200.0, 200.0, 200.0, 200.0, 200.0, 200.0, 200.0, 200.0, 200.0, 200.0, 200.0, 200.0, 200.0, 200.0, 200.0, 200.0, 200.0, 200.0, 200.0, 200.0, 200.0, 200.0]",1,942.478,-0.13008,0.135843,-0.0142502,0.0,"[7.24475, 7.67212, 8.89767, 11.8585, 27.3258, 59.0714, 50.5371, 42.6847, 35.7479, 29.8742, 25.0845, 21.2837, 18.3112, 15.9953, 12.7596, 10.0007, 8.57903, 7.91374, 7.78278]",0.0360006,"[0.956659, -1.14828, 2.4574, -0.84946]",0.343884
0.0,0.0604503,0.0,0.0,4.294,0.0,1957.46,-0.0968018,94.0,1,"[200.0, 200.0, 200.0, 200.0, 200.0, 200.0, 200.0, 200.0, 200.0, 200.0, 200.0, 200.0, 200.0, 200.0, 200.0, 200.0, 200.0, 200.0, 200.0, 200.0, 200.0, 200.0, 200.0, 200.0, 200.0, 200.0, 200.0, 200.0, 200.0, 200.0, 200.0, 200.0, 200.0, 200.0, 200.0, 200.0]",1,942.478,-0.130151,0.136566,-0.0143233,0.0,"[7.2439, 7.67123, 8.89664, 11.8571, 27.3174, 59.0715, 50.5376, 42.6854, 35.7489, 29.8754, 25.0858, 21.285, 18.3125, 15.9965, 12.7608, 10.0017, 8.57992, 7.9146, 7.78366]",0.0361155,"[0.0969231, -0.161719, 2.39034, -0.870637]",0.343896
0.0,0.0604617,0.0,0.0,4.316,0.0,1957.46,-0.0975342,94.0,1,"[200.0, 200.0, 200.0, 200.0, 200.0, 200.0, 200.0, 200.0, 200.0, 200.0, 200.0, 200.0, 200.0, 200.0, 200.0, 200.0, 200.0, 200.0, 200.0, 200.0, 200.0, 200.0, 200.0, 200.0, 200.0, 200.0, 200.0, 200.0, 200.0, 200.0, 200.0, 200.0, 200.0, 200.0, 200.0, 200.0]",1,942.478,-0.131105,0.135483,-0.0143769,0.0,"[7.24302, 7.67034, 8.89562, 11.8557, 27.3098, 59.0715, 50.5379, 42.6861, 35.7498, 29.8765, 25.087, 21.2863, 18.3137, 15.9977, 12.7619, 10.0027, 8.58082, 7.91547, 7.78454]",0.0362325,"[-2.49941, 2.79063, -1.00877, 2.2837]",0.343909
0.0,0.0605723,0.0,0.0,4.338,0.0,1957.46,-0.0982666,94.0,1,"[200.0, 200.0, 200.0, 200.0, 200.0, 200.0, 200.0, 200.0, 200.0, 200.0, 200.0, 200.0, 200.0, 200.0, 200.0, 200.0, 200.0, 200.0, 200.0, 200.0, 200.0, 200.0, 200.0, 200.0, 200.0, 200.0, 200.0, 200.0, 200.0, 200.0, 200.0, 200.0, 200.0, 200.0, 200.0, 200.0]",1,942.478,-0.131457,0.134614,-0.0143503,0.0,"[7.24221, 7.66973, 8.8953, 11.8562, 27.3457, 59.0615, 50.5289, 42.6783, 35.7435, 29.8715, 25.0834, 21.2837, 18.312, 15.9966, 12.7616, 10.003, 8.58135, 7.91619, 7.78545]",0.0363475,"[-1.63019, 1.80796, -0.94421, 2.30282]",0.343921
0.0,0.0606815,0.0,0.0,4.36,0.0,1957.46,-0.098999,94.0,1,"[200.0, 200.0, 200.0, 200.0, 200.0, 200.0, 200.0, 200.0, 200.0, 200.0, 200.0, 200.0, 200.0, 200.0, 200.0, 200.0, 200.0, 200.0, 200.0, 200.0, 200.0, 200.0, 200.0, 200.0, 200.0, 200.0, 200.0, 200.0, 200.0, 200.0, 200.0, 200.0, 200.0, 200.0, 200.0, 200.0]",1,942.478,-0.130497,0.135653,-0.0142755,0.0,"[7.24139, 7.66911, 8.89495, 11.8566, 27.3822, 59.0517, 50.52, 42.6706, 35.7372, 29.8667, 25.0799, 21.2813, 18.3104, 15.9956, 12.7613, 10.0032, 8.5819, 7.91692, 7.78638]",0.0364644,"[0.958032, -1.14602, 2.45048, -0.85585]",0.343935
0.0,0.060692,0.0,0.0,4.382,0.0,1957.46,-0.0997314,94.0,1,"[200.0, 200.0, 200.0, 200.0, 200.0, 200.0, 200.0, 200.0, 200.0, 200.0, 200.0, 200.0, 200.0, 200.0, 200.0, 200.0, 200.0, 200.0, 200.0, 200.0, 200.0, 200.0, 200.0, 200.0, 200.0, 200.0, 200.0, 200.0, 200.0, 200.0, 200.0, 200.0, 200.0, 200.0, 200.0, 200.0]",1,942.478,-0.130861,0.136433,-0.014343,0.0,"[7.24052, 7.66821, 8.89393, 11.8552, 27.3734, 59.0518, 50.5204, 42.6713, 35.7382, 29.8679, 25.0812, 21.2826, 18.3117, 15.9969, 12.7625, 10.0042, 8.5828, 7.91779, 7.78725]",0.0365804,"[0.0945597, -0.155624, 2.39055, -0.870764]",0.343948
0.0,0.0607025,0.0,0.0,4.404,0.0,1957.46,-0.100464,94.0,1,"[200.0, 200.0, 200.0, 200.0, 200.0, 200.0, 200.0, 200.0, 200.0, 200.0, 200.0, 200.0, 200.0, 200.0, 200.0, 200.0, 200.0, 200.0, 200.0, 200.0, 200.0, 200.0, 200.0, 200.0, 200.0, 200.0, 200.0, 200.0, 200.0, 200.0, 200.0, 200.0, 200.0, 200.0, 200.0, 200.0]",1,942.478,-0.132004,0.135102,-0.0143372,0.0,"[7.23967, 7.66733, 8.89291, 11.8538, 27.365, 59.0519, 50.5208, 42.672, 35.7391, 29.8691, 25.0825, 21.284, 18.313, 15.9981, 12.7636, 10.0052, 8.5837, 7.91864, 7.78812]",0.0366954,"[-2.49318, 2.79846, -1.00741, 2.28385]",0.343961
0.0,0.0608117,0.0,0.0,4.426,0.0,1957.46,-0.101196,94.0,1,"[200.0, 200.0, 200.0, 200.0, 200.0, 200.0, 200.0, 200.0, 200.0, 200.0, 200.0, 200.0, 200.0, 200.0, 200.0, 200.0, 200.0, 200.0, 200.0, 200.0, 200.0, 200.0, 200.0, 200.0, 200.0, 200.0, 200.0, 200.0, 200.0, 200.0, 200.0, 200.0, 200.0, 200.0, 200.0, 200.0]",1,942.478,-0.131981,0.134399,-0.0142403,0.0,"[7.23883, 7.6667, 8.89255, 11.8542, 27.401, 59.0421, 50.512, 42.6644, 35.7329, 29.8642, 25.079, 21.2815, 18.3114, 15.9971, 12.7634, 10.0055, 8.58426, 7.91939, 7.78905]",0.0368123,"[-1.63054, 1.81181, -0.948583, 2.29903]",0.343975
0.0,0.0609195,0.0,0.0,4.448,0.0,1957.46,-0.101929,94.0,1,"[200.0, 200.0, 200.0, 200.0, 200.0, 200.0, 200.0, 200.0, 200.0, 200.0, 200.0, 200.0, 200.0, 200.0, 200.0, 200.0, 200.0, 200.0, 200.0, 200.0, 200.0, 200.0, 200.0, 200.0, 200.0, 200.0, 200.0, 200.0, 200.0, 200.0, 200.0, 200.0, 200.0, 200.0, 200.0, 200.0]",1,942.478,-0.131221,0.135178,-0.0141988,0.0,"[7.23803, 7.66611, 8.89222, 11.8546, 27.4376, 59.0324, 50.5032, 42.6568, 35.7267, 29.8595, 25.0755, 21.2791, 18.3098, 15.9961, 12.7631, 10.0058, 8.58478, 7.9201, 7.78995]",0.0369263,"[0.948549, -1.14076, 2.45395, -0.85171]",0.343987
0.0,0.0609304,0.0,0.0,4.47,0.0,1957.46,-0.102661,94.0,1,"[200.0, 200.0, 200.0, 200.0, 200.0, 200.0, 200.0, 200.0, 200.0, 200.0, 200.0, 200.0, 200.0, 200.0, 200.0, 200.0, 200.0, 200.0, 200.0, 200.0, 200.0, 200.0, 200.0, 200.0, 200.0, 200.0, 200.0, 200.0, 200.0, 200.0, 200.0, 200.0, 200.0, 200.0, 200.0, 200.0]",1,942.478,-0.131464,0.135613,-0.0142173,0.0,"[7.23717, 7.6652, 8.8912, 11.8532, 27.4293, 59.0325, 50.5036, 42.6575, 35.7277, 29.8607, 25.0767, 21.2803, 18.3111, 15.9973, 12.7642, 10.0068, 8.58569, 7.92096, 7.79082]",0.0370422,"[0.0946617, -0.147416, 2.38891, -0.876485]",0.344001
0.0,0.0609419,0.0,0.0,4.492,0.0,1957.46,-0.103394,94.0,1,"[200.0, 200.0, 200.0, 200.0, 200.0, 200.0, 200.0, 200.0, 200.0, 200.0, 200.0, 200.0, 200.0, 200.0, 200.0, 200.0, 200.0, 200.0, 200.0, 200.0, 200.0, 200.0, 200.0, 200.0, 200.0, 200.0, 200.0, 200.0, 200.0, 200.0, 200.0, 200.0, 200.0, 200.0, 200.0, 200.0]",1,942.478,-0.132273,0.134823,-0.014208,0.0,"[7.23631, 7.66431, 8.89019, 11.8519, 27.4214, 59.0325, 50.5039, 42.6582, 35.7286, 29.8618, 25.078, 21.2816, 18.3123, 15.9986, 12.7653, 10.0078, 8.58659, 7.92182, 7.79169]",0.0371572,"[-2.48976, 2.81309, -1.02263, 2.26881]",0.344014
0.0,0.061052,0.0,0.0,4.514,0.0,1957.46,-0.104004,94.0,1,"[200.0, 200.0, 200.0, 200.0, 200.0, 200.0, 200.0, 200.0, 200.0, 200.0, 200.0, 200.0, 200.0, 200.0, 200.0, 200.0, 200.0, 200.0, 200.0, 200.0, 200.0, 200.0, 200.0, 200.0, 200.0, 200.0, 200.0, 200.0, 200.0, 200.0, 200.0, 200.0, 200.0, 200.0, 200.0, 200.0]",1,942.478,-0.13266,0.133951,-0.0141274,0.0,"[7.2355, 7.66371, 8.88987, 11.8523, 27.459, 59.0225, 50.4949, 42.6505, 35.7222, 29.8569, 25.0744, 21.2791, 18.3106, 15.9975, 12.7651, 10.008, 8.58712, 7.92255, 7.79261]",0.0372732,"[-1.62105, 1.82554, -0.956029, 2.29146]",0.344027
0.0,0.0611617,0.0,0.0,4.536,0.0,1957.46,-0.104736,94.0,1,"[200.0, 200.0, 200.0, 200.0, 200.0, 200.0, 200.0, 200.0, 200.0, 200.0, 200.0, 200.0, 200.0, 200.0, 200.0, 200.0, 200.0, 200.0, 200.0, 200.0, 200.0, 200.0, 200.0, 200.0, 200.0, 200.0, 200.0, 200.0, 200.0, 200.0, 200.0, 200.0, 200.0, 200.0, 200.0, 200.0]",1,942.478,-0.131552,0.135058,-0.0140527,0.0,"[7.23468, 7.66311, 8.88953, 11.8527, 27.4971, 59.0127, 50.486, 42.6427, 35.716, 29.852, 25.0708, 21.2766, 18.309, 15.9964, 12.7647, 10.0083, 8.58765, 7.92327, 7.79352]",0.0373881,"[0.952848, -1.1363, 2.44351, -0.861933]",0.344041
0.0,0.0611731,0.0,0.0,4.558,0.0,1957.45,-0.105591,94.0,1,"[200.0, 200.0, 200.0, 200.0, 200.0, 200.0, 200.0, 200.0, 200.0, 200.0, 200.0, 200.0, 200.0, 200.0, 200.0, 200.0, 200.0, 200.0, 200.0, 200.0, 200.0, 200.0, 200.0, 200.0, 200.0, 200.0, 200.0, 200.0, 200.0, 200.0, 200.0, 200.0, 200.0, 200.0, 200.0, 200.0]",1,942.478,-0.131703,0.13596,-0.0140779,0.0,"[7.23382, 7.6622, 8.8885, 11.8514, 27.4887, 59.0127, 50.4863, 42.6434, 35.7169, 29.8531, 25.072, 21.2779, 18.3103, 15.9977, 12.7659, 10.0093, 8.58856, 7.92413, 7.7944]",0.0375041,"[0.0917407, -0.143814, 2.37633, -0.884705]",0.344055
0.0,0.0611851,0.0,0.0,4.58,0.0,1957.45,-0.106323,94.0,1,"[200.0, 200.0, 200.0, 200.0, 200.0, 200.0, 200.0, 200.0, 200.0, 200.0, 200.0, 200.0, 200.0, 200.0, 200.0, 200.0, 200.0, 200.0, 200.0, 200.0, 200.0, 200.0, 200.0, 200.0, 200.0, 200.0, 200.0, 200.0, 200.0, 200.0, 200.0, 200.0, 200.0, 200.0, 200.0, 200.0]",1,942.478,-0.132999,0.134632,-0.0140624,0.0,"[7.23296, 7.66131, 8.88749, 11.8501, 27.4805, 59.0127, 50.4866, 42.6439, 35.7178, 29.8542, 25.0733, 21.2792, 18.3115, 15.9989, 12.767, 10.0102, 8.58945, 7.925, 7.79526]",0.037619,"[-2.47621, 2.81593, -1.02575, 2.26287]",0.344069
0.0,0.0612952,0.0,0.0,4.602,0.0,1957.45,-0.107056,94.0,1,"[200.0, 200.0, 200.0, 200.0, 200.0, 200.0, 200.0, 200.0, 200.0, 200.0, 200.0, 200.0, 200.0, 200.0, 200.0, 200.0, 200.0, 200.0, 200.0, 200.0, 200.0, 200.0, 200.0, 200.0, 200.0, 200.0, 200.0, 200.0, 200.0, 200.0, 200.0, 200.0, 200.0, 200.0, 200.0, 200.0]",1,942.478,-0.132706,0.134284,-0.0139951,0.0,"[7.23214, 7.66071, 8.88716, 11.8505, 27.5191, 59.0029, 50.4777, 42.6363, 35.7114, 29.8493, 25.0697, 21.2767, 18.3099, 15.9978, 12.7667, 10.0105, 8.58998, 7.92572, 7.79617]",0.037735,"[-1.62617, 1.82642, -0.969761, 2.27835]",0.344083
0.0,0.0614049,0.0,0.0,4.624,0.0,1957.45,-0.107666,94.0,1,"[200.0, 200.0, 200.0, 200.0, 200.0, 200.0, 200.0, 200.0, 200.0, 200.0, 200.0, 200.0, 200.0, 200.0, 200.0, 200.0, 200.0, 200.0, 200.0, 200.0, 200.0, 200.0, 200.0, 200.0, 200.0, 200.0, 200.0, 200.0, 200.0, 200.0, 200.0, 200.0, 200.0, 200.0, 200.0, 200.0]",1,942.478,-0.132206,0.135219,-0.0139492,0.0,"[7.23133, 7.6601, 8.88682, 11.8509, 27.5581, 58.9929, 50.4687, 42.6285, 35.7051, 29.8445, 25.0661, 21.2742, 18.3082, 15.9968, 12.7664, 10.0108, 8.59051, 7.92643, 7.79709]",0.0378499,"[0.957427, -1.14039, 2.44299, -0.863592]",0.344097
0.0,0.0614158,0.0,0.0,4.646,0.0,1957.45,-0.108398,94.0,1,"[200.0, 200.0, 200.0, 200.0, 200.0, 200.0, 200.0, 200.0, 200.0, 200.0, 200.0, 200.0, 200.0, 200.0, 200.0, 200.0, 200.0, 200.0, 200.0, 200.0, 200.0, 200.0, 200.0, 200.0, 200.0, 200.0, 200.0, 200.0, 200.0, 200.0, 200.0, 200.0, 200.0, 200.0, 200.0, 200.0]",1,942.478,-0.132375,0.135659,-0.0139402,0.0,"[7.23046, 7.65921, 8.88581, 11.8495, 27.5494, 58.993, 50.4691, 42.6292, 35.7061, 29.8456, 25.0674, 21.2755, 18.3095, 15.998, 12.7675, 10.0118, 8.59141, 7.92731, 7.79797]",0.0379659,"[0.0964366, -0.14644, 2.37779, -0.88827]",0.344112
0.0,0.0614278,0.0,0.0,4.668,0.0,1957.45,-0.109131,94.0,1,"[200.0, 200.0, 200.0, 200.0, 200.0, 200.0, 200.0, 200.0, 200.0, 200.0, 200.0, 200.0, 200.0, 200.0, 200.0, 200.0, 200.0, 200.0, 200.0, 200.0, 200.0, 200.0, 200.0, 200.0, 200.0, 200.0, 200.0, 200.0, 200.0, 200.0, 200.0, 200.0, 200.0, 200.0, 200.0, 200.0]",1,942.478,-0.133181,0.134818,-0.0140465,0.0,"[7.22961, 7.65832, 8.8848, 11.8482, 27.541, 58.993, 50.4694, 42.6299, 35.707, 29.8467, 25.0686, 21.2767, 18.3107, 15.9992, 12.7687, 10.0127, 8.5923, 7.92816, 7.79884]",0.0380809,"[-2.475, 2.82023, -1.04336, 2.24935]",0.344126
0.0,0.061537,0.0,0.0,4.69,0.0,1957.45,-0.109863,94.0,1,"[200.0, 200.0, 200.0, 200.0, 200.0, 200.0, 200.0, 200.0, 200.0, 200.0, 200.0, 200.0, 200.0, 200.0, 200.0, 200.0, 200.0, 200.0, 200.0, 200.0, 200.0, 200.0, 200.0, 200.0, 200.0, 200.0, 200.0, 200.0, 200.0, 200.0, 200.0, 200.0, 200.0, 200.0, 200.0, 200.0]",1,942.478,-0.133421,0.13393,-0.0140123,0.0,"[7.22879, 7.65772, 8.88445, 11.8486, 27.5805, 58.9832, 50.4605, 42.6222, 35.7007, 29.8419, 25.0651, 21.2743, 18.3091, 15.9982, 12.7684, 10.013, 8.59285, 7.92889, 7.79976]",0.0381968,"[-1.61429, 1.82997, -0.975316, 2.27094]",0.344141
0.0,0.0616462,0.0,0.0,4.712,0.0,1957.45,-0.110596,94.0,1,"[200.0, 200.0, 200.0, 200.0, 200.0, 200.0, 200.0, 200.0, 200.0, 200.0, 200.0, 200.0, 200.0, 200.0, 200.0, 200.0, 200.0, 200.0, 200.0, 200.0, 200.0, 200.0, 200.0, 200.0, 200.0, 200.0, 200.0, 200.0, 200.0, 200.0, 200.0, 200.0, 200.0, 200.0, 200.0, 200.0]",1,942.478,-0.132567,0.134836,-0.0139173,0.0,"[7.22798, 7.6571, 8.88412, 11.849, 27.6203, 58.9733, 50.4516, 42.6145, 35.6944, 29.8371, 25.0615, 21.2718, 18.3074, 15.9972, 12.7681, 10.0133, 8.59338, 7.92961, 7.80067]",0.0383118,"[0.948983, -1.13558, 2.43468, -0.869786]",0.344156
0.0,0.0616581,0.0,0.0,4.734,0.0,1957.45,-0.111328,94.0,1,"[200.0, 200.0, 200.0, 200.0, 200.0, 200.0, 200.0, 200.0, 200.0, 200.0, 200.0, 200.0, 200.0, 200.0, 200.0, 200.0, 200.0, 200.0, 200.0, 200.0, 200.0, 200.0, 200.0, 200.0, 200.0, 200.0, 200.0, 200.0, 200.0, 200.0, 200.0, 200.0, 200.0, 200.0, 200.0, 200.0]",1,942.478,-0.132757,0.135458,-0.0140266,0.0,"[7.22711, 7.65622, 8.88311, 11.8477, 27.6117, 58.9733, 50.4519, 42.6151, 35.6953, 29.8381, 25.0627, 21.273, 18.3087, 15.9984, 12.7692, 10.0143, 8.59428, 7.93047, 7.80154]",0.0384277,"[0.0907643, -0.143372, 2.3692, -0.894597]",0.34417
0.0,0.0616695,0.0,0.0,4.756,0.0,1957.45,-0.112061,94.0,1,"[200.0, 200.0, 200.0, 200.0, 200.0, 200.0, 200.0, 200.0, 200.0, 200.0, 200.0, 200.0, 200.0, 200.0, 200.0, 200.0, 200.0, 200.0, 200.0, 200.0, 200.0, 200.0, 200.0, 200.0, 200.0, 200.0, 200.0, 200.0, 200.0, 200.0, 200.0, 200.0, 200.0, 200.0, 200.0, 200.0]",1,942.478,-0.133714,0.13467,-0.0140936,0.0,"[7.22625, 7.65533, 8.88209, 11.8463, 27.6031, 58.9733, 50.4522, 42.6158, 35.6963, 29.8393, 25.064, 21.2744, 18.3099, 15.9996, 12.7704, 10.0152, 8.59518, 7.93133, 7.80241]",0.0385427,"[-2.47189, 2.82638, -1.04904, 2.23816]",0.344185
0.0,0.0617792,0.0,0.0,4.778,0.0,1957.45,-0.112793,94.0,1,"[200.0, 200.0, 200.0, 200.0, 200.0, 200.0, 200.0, 200.0, 200.0, 200.0, 200.0, 200.0, 200.0, 200.0, 200.0, 200.0, 200.0, 200.0, 200.0, 200.0, 200.0, 200.0, 200.0, 200.0, 200.0, 200.0, 200.0, 200.0, 200.0, 200.0, 200.0, 200.0, 200.0, 200.0, 200.0, 200.0]",1,942.478,-0.133858,0.133779,-0.0140521,0.0,"[7.22543, 7.65471, 8.88177, 11.8467, 27.6435, 58.9634, 50.4433, 42.608, 35.69, 29.8344, 25.0605, 21.2719, 18.3083, 15.9986, 12.7701, 10.0155, 8.59571, 7.93206, 7.80333]",0.0386587,"[-1.61599, 1.8331, -0.984558, 2.2654]",0.3442
0.0,0.0618884,0.0,0.0,4.8,0.0,1957.45,-0.113525,94.0,1,"[200.0, 200.0, 200.0, 200.0, 200.0, 200.0, 200.0, 200.0, 200.0, 200.0, 200.0, 200.0, 200.0, 200.0, 200.0, 200.0, 200.0, 200.0, 200.0, 200.0, 200.0, 200.0, 200.0, 200.0, 200.0, 200.0, 200.0, 200.0, 200.0, 200.0, 200.0, 200.0, 200.0, 200.0, 200.0, 200.0]",1,942.478,-0.132961,0.134851,-0.0140063,0.0,"[7.22464, 7.65412, 8.88143, 11.8471, 27.6844, 58.9537, 50.4344, 42.6004, 35.6837, 29.8296, 25.0569, 21.2694, 18.3066, 15.9975, 12.7698, 10.0157, 8.59624, 7.93277, 7.80423]",0.0387726,"[0.944957, -1.13935, 2.43028, -0.876665]",0.344214
0.0,0.0618998,0.0,0.0,4.822,0.0,1957.45,-0.114258,94.0,1,"[200.0, 200.0, 200.0, 200.0, 200.0, 200.0, 200.0, 200.0, 200.0, 200.0, 200.0, 200.0, 200.0, 200.0, 200.0, 200.0, 200.0, 200.0, 200.0, 200.0, 200.0, 200.0, 200.0, 200.0, 200.0, 200.0, 200.0, 200.0, 200.0, 200.0, 200.0, 200.0, 200.0, 200.0, 200.0, 200.0]",1,942.478,-0.133386,0.135325,-0.0140682,0.0,"[7.22376, 7.65321, 8.88041, 11.8458, 27.6754, 58.9537, 50.4348, 42.601, 35.6847, 29.8307, 25.0581, 21.2706, 18.3079, 15.9988, 12.7709, 10.0168, 8.59715, 7.93365, 7.80511]",0.0388896,"[0.0967597, -0.14558, 2.36316, -0.897855]",0.34423
0.0,0.0619099,0.0,0.0,4.844,0.0,1957.45,-0.115112,94.0,1,"[200.0, 200.0, 200.0, 200.0, 200.0, 200.0, 200.0, 200.0, 200.0, 200.0, 200.0, 200.0, 200.0, 200.0, 200.0, 200.0, 200.0, 200.0, 200.0, 200.0, 200.0, 200.0, 200.0, 200.0, 200.0, 200.0, 200.0, 200.0, 200.0, 200.0, 200.0, 200.0, 200.0, 200.0, 200.0, 200.0]",1,942.478,-0.134493,0.134392,-0.0142212,0.0,"[7.22289, 7.65231, 8.87938, 11.8444, 27.6658, 58.9538, 50.4352, 42.6018, 35.6857, 29.8319, 25.0595, 21.272, 18.3092, 16.0001, 12.7721, 10.0178, 8.59807, 7.93452, 7.80599]",0.0390055,"[-2.46663, 2.83913, -1.0549, 2.23201]",0.344247
0.0,0.06202,0.0,0.0,4.866,0.0,1957.44,-0.115845,94.0,1,"[200.0, 200.0, 200.0, 200.0, 200.0, 200.0, 200.0, 200.0, 200.0, 200.0, 200.0, 200.0, 200.0, 200.0, 200.0, 200.0, 200.0, 200.0, 200.0, 200.0, 200.0, 200.0, 200.0, 200.0, 200.0, 200.0, 200.0, 200.0, 200.0, 200.0, 200.0, 200.0, 200.0, 200.0, 200.0, 200.0]",1,942.478,-0.134435,0.133367,-0.0142618,0.0,"[7.22207, 7.65169, 8.87902, 11.8448, 27.7075, 58.944, 50.4264, 42.5941, 35.6794, 29.827, 25.0559, 21.2696, 18.3076, 15.999, 12.7718, 10.018, 8.5986, 7.93526, 7.80692]",0.0391225,"[-1.61174, 1.84311, -0.993499, 2.25417]",0.344264
0.0,0.0621297,0.0,0.0,4.888,0.0,1957.44,-0.116577,94.0,1,"[200.0, 200.0, 200.0, 200.0, 200.0, 200.0, 200.0, 200.0, 200.0, 200.0, 200.0, 200.0, 200.0, 200.0, 200.0, 200.0, 200.0, 200.0, 200.0, 200.0, 200.0, 200.0, 200.0, 200.0, 200.0, 200.0, 200.0, 200.0, 200.0, 200.0, 200.0, 200.0, 200.0, 200.0, 200.0, 200.0]",1,942.478,-0.13376,0.134318,-0.0143024,0.0,"[7.22126, 7.65109, 8.8787, 11.8452, 27.7496, 58.9341, 50.4174, 42.5864, 35.6731, 29.8222, 25.0523, 21.267, 18.3059, 15.9979, 12.7715, 10.0183, 8.59913, 7.93596, 7.80783]",0.0392375,"[0.939997, -1.13384, 2.42849, -0.873913]",0.344279
0.0,0.0621402,0.0,0.0,4.91,0.0,1957.44,-0.117432,94.0,1,"[200.0, 200.0, 200.0, 200.0, 200.0, 200.0, 200.0, 200.0, 200.0, 200.0, 200.0, 200.0, 200.0, 200.0, 200.0, 200.0, 200.0, 200.0, 200.0, 200.0, 200.0, 200.0, 200.0, 200.0, 200.0, 200.0, 200.0, 200.0, 200.0, 200.0, 200.0, 200.0, 200.0, 200.0, 200.0, 200.0]",1,942.478,-0.133823,0.13511,-0.0143805,0.0,"[7.22038, 7.65019, 8.87766, 11.8438, 27.7401, 58.9342, 50.4178, 42.5872, 35.6741, 29.8234, 25.0537, 21.2684, 18.3072, 15.9992, 12.7727, 10.0193, 8.60004, 7.93684, 7.80872]",0.0393545,"[0.0864528, -0.138226, 2.35946, -0.90691]",0.344295
0.0,0.0621516,0.0,0.0,4.932,0.0,1957.44,-0.118164,94.0,1,"[200.0, 200.0, 200.0, 200.0, 200.0, 200.0, 200.0, 200.0, 200.0, 200.0, 200.0, 200.0, 200.0, 200.0, 200.0, 200.0, 200.0, 200.0, 200.0, 200.0, 200.0, 200.0, 200.0, 200.0, 200.0, 200.0, 200.0, 200.0, 200.0, 200.0, 200.0, 200.0, 200.0, 200.0, 200.0, 200.0]",1,942.478,-0.134811,0.134223,-0.0144574,0.0,"[7.21952, 7.64929, 8.87664, 11.8424, 27.7309, 58.9343, 50.4182, 42.5878, 35.675, 29.8245, 25.0549, 21.2697, 18.3085, 16.0005, 12.7738, 10.0203, 8.60095, 7.93771, 7.80959]",0.0394704,"[-2.45854, 2.83895, -1.06966, 2.21922]",0.34431
0.0,0.0622598,0.0,0.0,4.954,0.0,1957.44,-0.118896,94.0,1,"[200.0, 200.0, 200.0, 200.0, 200.0, 200.0, 200.0, 200.0, 200.0, 200.0, 200.0, 200.0, 200.0, 200.0, 200.0, 200.0, 200.0, 200.0, 200.0, 200.0, 200.0, 200.0, 200.0, 200.0, 200.0, 200.0, 200.0, 200.0, 200.0, 200.0, 200.0, 200.0, 200.0, 200.0, 200.0, 200.0]",1,942.478,-0.135234,0.133631,-0.0144227,0.0,"[7.2187, 7.64866, 8.87628, 11.8428, 27.7726, 58.9245, 50.4094, 42.5803, 35.6689, 29.8198, 25.0514, 21.2673, 18.3069, 15.9995, 12.7735, 10.0206, 8.6015, 7.93845, 7.81052]",0.0395874,"[-1.60296, 1.8429, -0.995658, 2.25167]",0.344326
0.0,0.0623676,0.0,0.0,4.976,0.0,1957.44,-0.119751,94.0,1,"[200.0, 200.0, 200.0, 200.0, 200.0, 200.0, 200.0, 200.0, 200.0, 200.0, 200.0, 200.0, 200.0, 200.0, 200.0, 200.0, 200.0, 200.0, 200.0, 200.0, 200.0, 200.0, 200.0, 200.0, 200.0, 200.0, 200.0, 200.0, 200.0, 200.0, 200.0, 200.0, 200.0, 200.0, 200.0, 200.0]",1,942.478,-0.134313,0.134364,-0.0143681,0.0,"[7.21787, 7.64805, 8.87593, 11.8432, 27.8145, 58.9149, 50.4007, 42.5728, 35.6628, 29.8151, 25.048, 21.2649, 18.3053, 15.9985, 12.7733, 10.0208, 8.60204, 7.93918, 7.81144]",0.0397034,"[0.945026, -1.13855, 2.42525, -0.880533]",0.344342
0.0,0.0623772,0.0,0.0,4.998,0.0,1957.44,-0.120605,94.0,1,"[200.0, 200.0, 200.0, 200.0, 200.0, 200.0, 200.0, 200.0, 200.0, 200.0, 200.0, 200.0, 200.0, 200.0, 200.0, 200.0, 200.0, 200.0, 200.0, 200.0, 200.0, 200.0, 200.0, 200.0, 200.0, 200.0, 200.0, 200.0, 200.0, 200.0, 200.0, 200.0, 200.0, 200.0, 200.0, 200.0]",1,942.478,-0.134283,0.134987,-0.014391,0.0,"[7.217, 7.64713, 8.87487, 11.8418, 27.8044, 58.9152, 50.4012, 42.5736, 35.6638, 29.8163, 25.0494, 21.2663, 18.3067, 15.9998, 12.7745, 10.0219, 8.60297, 7.94007, 7.81232]",0.0398214,"[0.0891476, -0.138411, 2.35148, -0.916461]",0.344358
0.0,0.0623872,0.0,0.0,5.02,0.0,1957.44,-0.121338,94.0,1,"[200.0, 200.0, 200.0, 200.0, 200.0, 200.0, 200.0, 200.0, 200.0, 200.0, 200.0, 200.0, 200.0, 200.0, 200.0, 200.0, 200.0, 200.0, 200.0, 200.0, 200.0, 200.0, 200.0, 200.0, 200.0, 200.0, 200.0, 200.0, 200.0, 200.0, 200.0, 200.0, 200.0, 200.0, 200.0, 200.0]",1,942.478,-0.135458,0.134092,-0.0144259,0.0,"[7.21612, 7.64622, 8.87383, 11.8404, 27.7942, 58.9153, 50.4017, 42.5744, 35.6649, 29.8176, 25.0507, 21.2676, 18.308, 16.0011, 12.7756, 10.0229, 8.60389, 7.94094, 7.81321]",0.0399384,"[-2.45798, 2.84636, -1.07561, 2.21081]",0.344375
0.0,0.0624964,0.0,0.0,5.042,0.0,1957.44,-0.122192,94.0,1,"[200.0, 200.0, 200.0, 200.0, 200.0, 200.0, 200.0, 200.0, 200.0, 200.0, 200.0, 200.0, 200.0, 200.0, 200.0, 200.0, 200.0, 200.0, 200.0, 200.0, 200.0, 200.0, 200.0, 200.0, 200.0, 200.0, 200.0, 200.0, 200.0, 200.0, 200.0, 200.0, 200.0, 200.0, 200.0, 200.0]",1,942.478,-0.135902,0.133454,-0.0144034,0.0,"[7.2153, 7.6456, 8.87348, 11.8407, 27.8377, 58.9056, 50.3929, 42.5667, 35.6587, 29.8128, 25.0472, 21.2652, 18.3064, 16.0, 12.7754, 10.0232, 8.60443, 7.94168, 7.81413]",0.0400553,"[-1.59705, 1.85126, -1.00476, 2.2434]",0.344392
0.0,0.0626041,0.0,0.0,5.064,0.0,1957.44,-0.123047,94.0,1,"[200.0, 200.0, 200.0, 200.0, 200.0, 200.0, 200.0, 200.0, 200.0, 200.0, 200.0, 200.0, 200.0, 200.0, 200.0, 200.0, 200.0, 200.0, 200.0, 200.0, 200.0, 200.0, 200.0, 200.0, 200.0, 200.0, 200.0, 200.0, 200.0, 200.0, 200.0, 200.0, 200.0, 200.0, 200.0, 200.0]",1,942.478,-0.134988,0.134274,-0.014327,0.0,"[7.21447, 7.64498, 8.87312, 11.8411, 27.8809, 58.8959, 50.3842, 42.5593, 35.6526, 29.8081, 25.0438, 21.2628, 18.3048, 15.999, 12.7751, 10.0234, 8.60499, 7.9424, 7.81506]",0.0401723,"[0.943347, -1.13886, 2.42349, -0.882582]",0.344409
0.0,0.0626132,0.0,0.0,5.086,0.0,1957.44,-0.123779,94.0,1,"[200.0, 200.0, 200.0, 200.0, 200.0, 200.0, 200.0, 200.0, 200.0, 200.0, 200.0, 200.0, 200.0, 200.0, 200.0, 200.0, 200.0, 200.0, 200.0, 200.0, 200.0, 200.0, 200.0, 200.0, 200.0, 200.0, 200.0, 200.0, 200.0, 200.0, 200.0, 200.0, 200.0, 200.0, 200.0, 200.0]",1,942.478,-0.135035,0.134685,-0.0144089,0.0,"[7.21359, 7.64406, 8.87206, 11.8397, 27.8697, 58.8962, 50.3848, 42.5601, 35.6537, 29.8094, 25.0451, 21.2642, 18.3062, 16.0004, 12.7763, 10.0245, 8.60592, 7.94328, 7.81594]",0.0402893,"[0.09424, -0.146281, 2.35123, -0.91639]",0.344425
0.0,0.0626213,0.0,0.0,5.108,0.0,1957.44,-0.124634,94.0,1,"[200.0, 200.0, 200.0, 200.0, 200.0, 200.0, 200.0, 200.0, 200.0, 200.0, 200.0, 200.0, 200.0, 200.0, 200.0, 200.0, 200.0, 200.0, 200.0, 200.0, 200.0, 200.0, 200.0, 200.0, 200.0, 200.0, 200.0, 200.0, 200.0, 200.0, 200.0, 200.0, 200.0, 200.0, 200.0, 200.0]",1,942.478,-0.136408,0.133837,-0.0144269,0.0,"[7.21272, 7.64315, 8.87101, 11.8383, 27.8587, 58.8965, 50.3855, 42.5611, 35.6549, 29.8107, 25.0466, 21.2656, 18.3076, 16.0017, 12.7775, 10.0255, 8.60684, 7.94417, 7.81683]",0.0404063,"[-2.44969, 2.84905, -1.07531, 2.20993]",0.344442
0.0,0.0627286,0.0,0.0,5.13,0.0,1957.43,-0.125488,94.0,1,"[200.0, 200.0, 200.0, 200.0, 200.0, 200.0, 200.0, 200.0, 200.0, 200.0, 200.0, 200.0, 200.0, 200.0, 200.0, 200.0, 200.0, 200.0, 200.0, 200.0, 200.0, 200.0, 200.0, 200.0, 200.0, 200.0, 200.0, 200.0, 200.0, 200.0, 200.0, 200.0, 200.0, 200.0, 200.0, 200.0]",1,942.478,-0.136659,0.132982,-0.0143968,0.0,"[7.2119, 7.64253, 8.87066, 11.8386, 27.9023, 58.887, 50.3768, 42.5536, 35.6488, 29.806, 25.0432, 21.2633, 18.306, 16.0007, 12.7773, 10.0258, 8.60739, 7.94491, 7.81774]",0.0405223,"[-1.60154, 1.85252, -1.00352, 2.24377]",0.344459
0.0,0.062834,0.0,0.0,5.152,0.0,1957.43,-0.126221,94.0,1,"[200.0, 200.0, 200.0, 200.0, 200.0, 200.0, 200.0, 200.0, 200.0, 200.0, 200.0, 200.0, 200.0, 200.0, 200.0, 200.0, 200.0, 200.0, 200.0, 200.0, 200.0, 200.0, 200.0, 200.0, 200.0, 200.0, 200.0, 200.0, 200.0, 200.0, 200.0, 200.0, 200.0, 200.0, 200.0, 200.0]",1,942.478,-0.135841,0.133814,-0.0143098,0.0,"[7.21107, 7.64188, 8.87026, 11.8389, 27.9456, 58.8776, 50.3683, 42.5463, 35.6428, 29.8015, 25.0398, 21.261, 18.3045, 15.9998, 12.7771, 10.0261, 8.60796, 7.94565, 7.81867]",0.0406403,"[0.938541, -1.14405, 2.42855, -0.876986]",0.344477
0.0,0.0628406,0.0,0.0,5.174,0.0,1957.43,-0.127075,94.0,1,"[200.0, 200.0, 200.0, 200.0, 200.0, 200.0, 200.0, 200.0, 200.0, 200.0, 200.0, 200.0, 200.0, 200.0, 200.0, 200.0, 200.0, 200.0, 200.0, 200.0, 200.0, 200.0, 200.0, 200.0, 200.0, 200.0, 200.0, 200.0, 200.0, 200.0, 200.0, 200.0, 200.0, 200.0, 200.0, 200.0]",1,942.478,-0.13614,0.134165,-0.014347,0.0,"[7.21021, 7.64098, 8.86923, 11.8375, 27.9331, 58.8781, 50.3691, 42.5474, 35.6441, 29.8029, 25.0413, 21.2624, 18.3059, 16.0011, 12.7783, 10.0271, 8.60887, 7.94651, 7.81954]",0.0407552,"[0.097701, -0.144569, 2.35483, -0.908493]",0.344493
0.0,0.0628468,0.0,0.0,5.196,0.0,1957.43,-0.127808,94.0,1,"[200.0, 200.0, 200.0, 200.0, 200.0, 200.0, 200.0, 200.0, 200.0, 200.0, 200.0, 200.0, 200.0, 200.0, 200.0, 200.0, 200.0, 200.0, 200.0, 200.0, 200.0, 200.0, 200.0, 200.0, 200.0, 200.0, 200.0, 200.0, 200.0, 200.0, 200.0, 200.0, 200.0, 200.0, 200.0, 200.0]",1,942.478,-0.136928,0.133577,-0.0144376,0.0,"[7.20933, 7.64008, 8.86815, 11.836, 27.9207, 58.8787, 50.3699, 42.5485, 35.6454, 29.8043, 25.0429, 21.2639, 18.3074, 16.0025, 12.7795, 10.0282, 8.60979, 7.94739, 7.82042]",0.0408722,"[-2.43822, 2.84619, -1.08379, 2.20078]",0.344511
0.0,0.0629503,0.0,0.0,5.218,0.0,1957.43,-0.128662,94.0,1,"[200.0, 200.0, 200.0, 200.0, 200.0, 200.0, 200.0, 200.0, 200.0, 200.0, 200.0, 200.0, 200.0, 200.0, 200.0, 200.0, 200.0, 200.0, 200.0, 200.0, 200.0, 200.0, 200.0, 200.0, 200.0, 200.0, 200.0, 200.0, 200.0, 200.0, 200.0, 200.0, 200.0, 200.0, 200.0, 200.0]",1,942.478,-0.137035,0.133085,-0.0143727,0.0,"[7.2085, 7.63944, 8.86777, 11.8363, 27.9634, 58.8694, 50.3616, 42.5413, 35.6396, 29.7999, 25.0396, 21.2617, 18.3059, 16.0016, 12.7793, 10.0285, 8.61036, 7.94813, 7.82135]",0.0409892,"[-1.58984, 1.84169, -1.01327, 2.23282]",0.344529
0.0,0.0630543,0.0,0.0,5.24,0.0,1957.43,-0.129517,94.0,1,"[200.0, 200.0, 200.0, 200.0, 200.0, 200.0, 200.0, 200.0, 200.0, 200.0, 200.0, 200.0, 200.0, 200.0, 200.0, 200.0, 200.0, 200.0, 200.0, 200.0, 200.0, 200.0, 200.0, 200.0, 200.0, 200.0, 200.0, 200.0, 200.0, 200.0, 200.0, 200.0, 200.0, 200.0, 200.0, 200.0]",1,942.478,-0.135987,0.134154,-0.0143148,0.0,"[7.20768, 7.63881, 8.86738, 11.8366, 28.0072, 58.8602, 50.3533, 42.5342, 35.6338, 29.7954, 25.0363, 21.2595, 18.3044, 16.0007, 12.7791, 10.0288, 8.61093, 7.94887, 7.82227]",0.0411051,"[0.937688, -1.15584, 2.4178, -0.887703]",0.344545
0.0,0.0630595,0.0,0.0,5.262,0.0,1957.43,-0.130249,94.0,1,"[200.0, 200.0, 200.0, 200.0, 200.0, 200.0, 200.0, 200.0, 200.0, 200.0, 200.0, 200.0, 200.0, 200.0, 200.0, 200.0, 200.0, 200.0, 200.0, 200.0, 200.0, 200.0, 200.0, 200.0, 200.0, 200.0, 200.0, 200.0, 200.0, 200.0, 200.0, 200.0, 200.0, 200.0, 200.0, 200.0]",1,942.478,-0.136417,0.134811,-0.014366,0.0,"[7.2068, 7.63787, 8.86629, 11.8351, 27.993, 58.8609, 50.3543, 42.5354, 35.6353, 29.797, 25.0379, 21.261, 18.3059, 16.0021, 12.7803, 10.0298, 8.61187, 7.94977, 7.82316]",0.0412231,"[0.102987, -0.153087, 2.34554, -0.922211]",0.344564
0.0,0.0630652,0.0,0.0,5.284,0.0,1957.43,-0.131104,94.0,1,"[200.0, 200.0, 200.0, 200.0, 200.0, 200.0, 200.0, 200.0, 200.0, 200.0, 200.0, 200.0, 200.0, 200.0, 200.0, 200.0, 200.0, 200.0, 200.0, 200.0, 200.0, 200.0, 200.0, 200.0, 200.0, 200.0, 200.0, 200.0, 200.0, 200.0, 200.0, 200.0, 200.0, 200.0, 200.0, 200.0]",1,942.478,-0.137519,0.13365,-0.0144481,0.0,"[7.20593, 7.63696, 8.86523, 11.8336, 27.9795, 58.8615, 50.3552, 42.5366, 35.6366, 29.7984, 25.0394, 21.2625, 18.3074, 16.0035, 12.7816, 10.0309, 8.61279, 7.95063, 7.82404]",0.0413391,"[-2.42807, 2.84576, -1.09318, 2.19026]",0.344581
0.0,0.0631692,0.0,0.0,5.306,0.0,1957.43,-0.131958,94.0,1,"[200.0, 200.0, 200.0, 200.0, 200.0, 200.0, 200.0, 200.0, 200.0, 200.0, 200.0, 200.0, 200.0, 200.0, 200.0, 200.0, 200.0, 200.0, 200.0, 200.0, 200.0, 200.0, 200.0, 200.0, 200.0, 200.0, 200.0, 200.0, 200.0, 200.0, 200.0, 200.0, 200.0, 200.0, 200.0, 200.0]",1,942.478,-0.137622,0.132947,-0.0143829,0.0,"[7.2051, 7.63631, 8.86484, 11.8339, 28.0239, 58.8523, 50.3468, 42.5294, 35.6308, 29.794, 25.0362, 21.2603, 18.3059, 16.0026, 12.7814, 10.0312, 8.61337, 7.95139, 7.82496]",0.0414571,"[-1.59057, 1.84528, -1.02036, 2.22664]",0.344599
0.0,0.0632731,0.0,0.0,5.328,0.0,1957.43,-0.13269,94.0,1,"[200.0, 200.0, 200.0, 200.0, 200.0, 200.0, 200.0, 200.0, 200.0, 200.0, 200.0, 200.0, 200.0, 200.0, 200.0, 200.0, 200.0, 200.0, 200.0, 200.0, 200.0, 200.0, 200.0, 200.0, 200.0, 200.0, 200.0, 200.0, 200.0, 200.0, 200.0, 200.0, 200.0, 200.0, 200.0, 200.0]",1,942.478,-0.137213,0.133803,-0.0143458,0.0,"[7.20428, 7.63569, 8.86446, 11.8342, 28.0688, 58.843, 50.3385, 42.5223, 35.625, 29.7895, 25.033, 21.258, 18.3044, 16.0017, 12.7812, 10.0315, 8.61392, 7.95212, 7.82587]",0.0415731,"[0.946763, -1.1515, 2.42227, -0.8834]",0.344616
0.0,0.0632769,0.0,0.0,5.35,0.0,1957.43,-0.133545,94.0,1,"[200.0, 200.0, 200.0, 200.0, 200.0, 200.0, 200.0, 200.0, 200.0, 200.0, 200.0, 200.0, 200.0, 200.0, 200.0, 200.0, 200.0, 200.0, 200.0, 200.0, 200.0, 200.0, 200.0, 200.0, 200.0, 200.0, 200.0, 200.0, 200.0, 200.0, 200.0, 200.0, 200.0, 200.0, 200.0, 200.0]",1,942.478,-0.137414,0.134232,-0.0143735,0.0,"[7.2034, 7.63477, 8.86338, 11.8327, 28.0545, 58.8437, 50.3395, 42.5235, 35.6264, 29.7911, 25.0346, 21.2596, 18.306, 16.0031, 12.7824, 10.0326, 8.61486, 7.953, 7.82675]",0.041689,"[0.0977201, -0.146986, 2.34905, -0.917397]",0.344634
0.0,0.0632822,0.0,0.0,5.372,0.0,1957.43,-0.134399,94.0,1,"[200.0, 200.0, 200.0, 200.0, 200.0, 200.0, 200.0, 200.0, 200.0, 200.0, 200.0, 200.0, 200.0, 200.0, 200.0, 200.0, 200.0, 200.0, 200.0, 200.0, 200.0, 200.0, 200.0, 200.0, 200.0, 200.0, 200.0, 200.0, 200.0, 200.0, 200.0, 200.0, 200.0, 200.0, 200.0, 200.0]",1,942.478,-0.138453,0.133018,-0.0143875,0.0,"[7.20253, 7.63385, 8.86231, 11.8312, 28.0401, 58.8444, 50.3404, 42.5247, 35.6278, 29.7926, 25.0361, 21.2612, 18.3075, 16.0045, 12.7837, 10.0336, 8.61579, 7.95389, 7.82763]",0.041806,"[-2.43592, 2.85887, -1.09296, 2.19241]",0.344652
0.0,0.0633857,0.0,0.0,5.394,0.0,1957.43,-0.135132,94.0,1,"[200.0, 200.0, 200.0, 200.0, 200.0, 200.0, 200.0, 200.0, 200.0, 200.0, 200.0, 200.0, 200.0, 200.0, 200.0, 200.0, 200.0, 200.0, 200.0, 200.0, 200.0, 200.0, 200.0, 200.0, 200.0, 200.0, 200.0, 200.0, 200.0, 200.0, 200.0, 200.0, 200.0, 200.0, 200.0, 200.0]",1,942.478,-0.138566,0.13237,-0.014402,0.0,"[7.20172, 7.63323, 8.86193, 11.8315, 28.0857, 58.8353, 50.3322, 42.5176, 35.622, 29.7882, 25.0329, 21.2589, 18.3059, 16.0036, 12.7835, 10.0339, 8.61635, 7.95461, 7.82854]",0.041921,"[-1.5906, 1.85094, -1.01749, 2.22692]",0.344669
0.0,0.0634863,0.0,0.0,5.416,0.0,1957.42,-0.135986,94.0,1,"[200.0, 200.0, 200.0, 200.0, 200.0, 200.0, 200.0, 200.0, 200.0, 200.0, 200.0, 200.0, 200.0, 200.0, 200.0, 200.0, 200.0, 200.0, 200.0, 200.0, 200.0, 200.0, 200.0, 200.0, 200.0, 200.0, 200.0, 200.0, 200.0, 200.0, 200.0, 200.0, 200.0, 200.0, 200.0, 200.0]",1,942.478,-0.137703,0.133435,-0.0143248,0.0,"[7.2009, 7.63258, 8.86153, 11.8318, 28.1302, 58.8263, 50.3241, 42.5106, 35.6164, 29.7839, 25.0298, 21.2568, 18.3046, 16.0028, 12.7833, 10.0342, 8.61692, 7.95535, 7.82946]",0.0420369,"[0.936209, -1.15987, 2.42332, -0.882934]",0.344687
0.0,0.0634882,0.0,0.0,5.438,0.0,1957.42,-0.136841,94.0,1,"[200.0, 200.0, 200.0, 200.0, 200.0, 200.0, 200.0, 200.0, 200.0, 200.0, 200.0, 200.0, 200.0, 200.0, 200.0, 200.0, 200.0, 200.0, 200.0, 200.0, 200.0, 200.0, 200.0, 200.0, 200.0, 200.0, 200.0, 200.0, 200.0, 200.0, 200.0, 200.0, 200.0, 200.0, 200.0, 200.0]",1,942.478,-0.137971,0.134127,-0.0143696,0.0,"[7.20002, 7.63166, 8.86044, 11.8303, 28.1142, 58.8273, 50.3253, 42.5121, 35.618, 29.7855, 25.0315, 21.2585, 18.3061, 16.0042, 12.7846, 10.0353, 8.61785, 7.95623, 7.83033]",0.0421529,"[0.102265, -0.156698, 2.34633, -0.920974]",0.344704
0.0,0.0634896,0.0,0.0,5.46,0.0,1957.42,-0.137573,94.0,1,"[200.0, 200.0, 200.0, 200.0, 200.0, 200.0, 200.0, 200.0, 200.0, 200.0, 200.0, 200.0, 200.0, 200.0, 200.0, 200.0, 200.0, 200.0, 200.0, 200.0, 200.0, 200.0, 200.0, 200.0, 200.0, 200.0, 200.0, 200.0, 200.0, 200.0, 200.0, 200.0, 200.0, 200.0, 200.0, 200.0]",1,942.478,-0.138781,0.133055,-0.0144107,0.0,"[7.19916, 7.63074, 8.85935, 11.8287, 28.0978, 58.8283, 50.3266, 42.5136, 35.6196, 29.7873, 25.0332, 21.2601, 18.3077, 16.0057, 12.7858, 10.0364, 8.6188, 7.95712, 7.8312]",0.0422689,"[-2.43552, 2.84787, -1.10082, 2.18678]",0.344722
0.0,0.0635893,0.0,0.0,5.482,0.0,1957.42,-0.138428,94.0,1,"[200.0, 200.0, 200.0, 200.0, 200.0, 200.0, 200.0, 200.0, 200.0, 200.0, 200.0, 200.0, 200.0, 200.0, 200.0, 200.0, 200.0, 200.0, 200.0, 200.0, 200.0, 200.0, 200.0, 200.0, 200.0, 200.0, 200.0, 200.0, 200.0, 200.0, 200.0, 200.0, 200.0, 200.0, 200.0, 200.0]",1,942.478,-0.138814,0.132555,-0.0143719,0.0,"[7.19834, 7.6301, 8.85894, 11.8289, 28.142, 58.8195, 50.3186, 42.5068, 35.6141, 29.7831, 25.0302, 21.258, 18.3064, 16.0049, 12.7857, 10.0367, 8.61937, 7.95786, 7.83212]",0.0423848,"[-1.58894, 1.84048, -1.02795, 2.21843]",0.34474
0.0,0.0636684,0.0,0.0,5.504,0.0,1957.42,-0.139282,94.0,-1,"[200.0, 200.0, 200.0, 200.0, 200.0, 200.0, 200.0, 200.0, 200.0, 200.0, 200.0, 200.0, 200.0, 200.0, 200.0, 200.0, 200.0, 200.0, 200.0, 200.0, 200.0, 200.0, 200.0, 200.0, 200.0, 200.0, 200.0, 200.0, 200.0, 200.0, 200.0, 200.0, 200.0, 200.0, 200.0, 200.0]",1,942.478,-0.137618,0.127139,-0.0142234,0.0,"[7.19752, 7.62942, 8.85841, 11.8288, 28.1743, 58.8127, 50.3126, 42.5017, 35.6101, 29.7801, 25.0281, 21.2567, 18.3056, 16.0045, 12.7858, 10.0372, 8.62001, 7.95861, 7.83302]",0.0424988,"[0.931506, -1.16982, 2.09188, -0.649278]",0.344757
0.0,0.0636226,0.0,0.0,5.526,0.0,1957.42,-0.140137,94.0,-1,"[200.0, 200.0, 200.0, 200.0, 200.0, 200.0, 200.0, 200.0, 200.0, 200.0, 200.0, 200.0, 200.0, 200.0, 200.0, 200.0, 200.0, 200.0, 200.0, 200.0, 200.0, 200.0, 200.0, 200.0, 200.0, 200.0, 200.0, 200.0, 200.0, 200.0, 200.0, 200.0, 200.0, 200.0, 200.0, 200.0]",1,942.478,-0.137068,0.125389,-0.0138655,0.0,"[7.19667, 7.62841, 8.85705, 11.8265, 28.1284, 58.8184, 50.3183, 42.5071, 35.6151, 29.7845, 25.032, 21.2601, 18.3085, 16.007, 12.7877, 10.0385, 8.62107, 7.9595, 7.83381]",0.0426076,"[0.0876791, -0.167446, 2.01633, -0.687552]",0.344771
0.0,0.0635711,0.0,0.0,5.548,0.0,1957.42,-0.140869,94.0,-1,"[200.0, 200.0, 200.0, 200.0, 200.0, 200.0, 200.0, 200.0, 200.0, 200.0, 200.0, 200.0, 200.0, 200.0, 200.0, 200.0, 200.0, 200.0, 200.0, 200.0, 200.0, 200.0, 200.0, 200.0, 200.0, 200.0, 200.0, 200.0, 200.0, 200.0, 200.0, 200.0, 200.0, 200.0, 200.0, 200.0]",1,942.478,-0.137572,0.122312,-0.0135167,0.0,"[7.19585, 7.6274, 8.85568, 11.8241, 28.0808, 58.8246, 50.3244, 42.5129, 35.6204, 29.7893, 25.0362, 21.2636, 18.3115, 16.0096, 12.7897, 10.0399, 8.62212, 7.96039, 7.83459]",0.0427144,"[-2.43017, 2.83498, -0.843491, 1.87442]",0.344786
0.0,0.0636179,0.0,0.0,5.57,0.0,1957.42,-0.141724,94.0,-1,"[200.0, 200.0, 200.0, 200.0, 200.0, 200.0, 200.0, 200.0, 200.0, 200.0, 200.0, 200.0, 200.0, 200.0, 200.0, 200.0, 200.0, 200.0, 200.0, 200.0, 200.0, 200.0, 200.0, 200.0, 200.0, 200.0, 200.0, 200.0, 200.0, 200.0, 200.0, 200.0, 200.0, 200.0, 200.0, 200.0]",1,942.478,-0.137263,0.121913,-0.0132295,0.0,"[7.19506, 7.62666, 8.85497, 11.8235, 28.0932, 58.8211, 50.3213, 42.5105, 35.6187, 29.7883, 25.0356, 21.2635, 18.3116, 16.0099, 12.7902, 10.0406, 8.62285, 7.96115, 7.83543]",0.0428233,"[-1.58886, 1.82943, -0.785247, 1.89767]",0.344805
0.0,0.0636651,0.0,0.0,5.592,0.0,1957.42,-0.142578,94.0,-1,"[200.0, 200.0, 200.0, 200.0, 200.0, 200.0, 200.0, 200.0, 200.0, 200.0, 200.0, 200.0, 200.0, 200.0, 200.0, 200.0, 200.0, 200.0, 200.0, 200.0, 200.0, 200.0, 200.0, 200.0, 200.0, 200.0, 200.0, 200.0, 200.0, 200.0, 200.0, 200.0, 200.0, 200.0, 200.0, 200.0]",1,942.478,-0.136225,0.124423,-0.0130289,0.0,"[7.19427, 7.62593, 8.85428, 11.8229, 28.1062, 58.8174, 50.3182, 42.5081, 35.617, 29.787, 25.035, 21.2632, 18.3118, 16.0102, 12.7907, 10.0412, 8.62354, 7.96191, 7.83626]",0.0429311,"[0.932904, -1.1793, 2.06347, -0.674998]",0.344824
0.0,0.0636141,0.0,0.0,5.614,0.0,1957.42,-0.143311,94.0,-1,"[200.0, 200.0, 200.0, 200.0, 200.0, 200.0, 200.0, 200.0, 200.0, 200.0, 200.0, 200.0, 200.0, 200.0, 200.0, 200.0, 200.0, 200.0, 200.0, 200.0, 200.0, 200.0, 200.0, 200.0, 200.0, 200.0, 200.0, 200.0, 200.0, 200.0, 200.0, 200.0, 200.0, 200.0, 200.0, 200.0]",1,942.478,-0.13604,0.125357,-0.0130907,0.0,"[7.19343, 7.62492, 8.85289, 11.8205, 28.0583, 58.8236, 50.3244, 42.5139, 35.6223, 29.7919, 25.0392, 21.2668, 18.3148, 16.0128, 12.7927, 10.0426, 8.62463, 7.96281, 7.83704]",0.0430389,"[0.0960033, -0.167646, 1.98865, -0.711547]",0.344843
0.0,0.0635654,0.0,0.0,5.636,0.0,1957.42,-0.144165,94.0,-1,"[200.0, 200.0, 200.0, 200.0, 200.0, 200.0, 200.0, 200.0, 200.0, 200.0, 200.0, 200.0, 200.0, 200.0, 200.0, 200.0, 200.0, 200.0, 200.0, 200.0, 200.0, 200.0, 200.0, 200.0, 200.0, 200.0, 200.0, 200.0, 200.0, 200.0, 200.0, 200.0, 200.0, 200.0, 200.0, 200.0]",1,942.478,-0.136748,0.123,-0.0131603,0.0,"[7.1926, 7.62391, 8.85154, 11.8182, 28.0128, 58.8296, 50.3302, 42.5195, 35.6275, 29.7965, 25.0432, 21.2703, 18.3177, 16.0153, 12.7946, 10.044, 8.62569, 7.9637, 7.83784]",0.0431468,"[-2.41712, 2.84635, -0.867657, 1.84389]",0.344863
0.0,0.0636179,0.0,0.0,5.658,0.0,1957.42,-0.14502,94.0,-1,"[200.0, 200.0, 200.0, 200.0, 200.0, 200.0, 200.0, 200.0, 200.0, 200.0, 200.0, 200.0, 200.0, 200.0, 200.0, 200.0, 200.0, 200.0, 200.0, 200.0, 200.0, 200.0, 200.0, 200.0, 200.0, 200.0, 200.0, 200.0, 200.0, 200.0, 200.0, 200.0, 200.0, 200.0, 200.0, 200.0]",1,942.478,-0.136446,0.122627,-0.013175,0.0,"[7.1918, 7.6232, 8.85087, 11.8176, 28.0284, 58.8254, 50.3266, 42.5166, 35.6253, 29.795, 25.0423, 21.2699, 18.3177, 16.0155, 12.7951, 10.0446, 8.62638, 7.96444, 7.83868]",0.0432556,"[-1.57211, 1.84246, -0.812258, 1.86664]",0.344882
0.0,0.0636708,0.0,0.0,5.68,0.0,1957.41,-0.145874,94.0,-1,"[200.0, 200.0, 200.0, 200.0, 200.0, 200.0, 200.0, 200.0, 200.0, 200.0, 200.0, 200.0, 200.0, 200.0, 200.0, 200.0, 200.0, 200.0, 200.0, 200.0, 200.0, 200.0, 200.0, 200.0, 200.0, 200.0, 200.0, 200.0, 200.0, 200.0, 200.0, 200.0, 200.0, 200.0, 200.0, 200.0]",1,942.478,-0.135046,0.12519,-0.0131247,0.0,"[7.19101, 7.62247, 8.8502, 11.8171, 28.0443, 58.8213, 50.323, 42.5136, 35.6231, 29.7935, 25.0414, 21.2694, 18.3176, 16.0157, 12.7955, 10.0452, 8.62706, 7.9652, 7.83951]",0.0433645,"[0.935664, -1.17212, 2.03212, -0.705871]",0.344901
0.0,0.063626,0.0,0.0,5.702,0.0,1957.41,-0.146606,94.0,-1,"[200.0, 200.0, 200.0, 200.0, 200.0, 200.0, 200.0, 200.0, 200.0, 200.0, 200.0, 200.0, 200.0, 200.0, 200.0, 200.0, 200.0, 200.0, 200.0, 200.0, 200.0, 200.0, 200.0, 200.0, 200.0, 200.0, 200.0, 200.0, 200.0, 200.0, 200.0, 200.0, 200.0, 200.0, 200.0, 200.0]",1,942.478,-0.134851,0.125983,-0.0132983,0.0,"[7.19017, 7.62148, 8.84884, 11.8148, 28.0011, 58.8269, 50.3286, 42.519, 35.628, 29.798, 25.0453, 21.2728, 18.3205, 16.0182, 12.7974, 10.0466, 8.62813, 7.9661, 7.84032]",0.0434733,"[0.0896327, -0.162016, 1.96155, -0.741692]",0.344919
0.0,0.0635831,0.0,0.0,5.724,0.0,1957.41,-0.147339,94.0,-1,"[200.0, 200.0, 200.0, 200.0, 200.0, 200.0, 200.0, 200.0, 200.0, 200.0, 200.0, 200.0, 200.0, 200.0, 200.0, 200.0, 200.0, 200.0, 200.0, 200.0, 200.0, 200.0, 200.0, 200.0, 200.0, 200.0, 200.0, 200.0, 200.0, 200.0, 200.0, 200.0, 200.0, 200.0, 200.0, 200.0]",1,942.478,-0.135631,0.123869,-0.0134329,0.0,"[7.18933, 7.62047, 8.84751, 11.8126, 27.9602, 58.8323, 50.3339, 42.5241, 35.6328, 29.8023, 25.0491, 21.2761, 18.3233, 16.0206, 12.7992, 10.0479, 8.62919, 7.96699, 7.84111]",0.0435822,"[-2.43079, 2.85683, -0.897216, 1.81968]",0.344938
0.0,0.0636408,0.0,0.0,5.746,0.0,1957.41,-0.148193,94.0,-1,"[200.0, 200.0, 200.0, 200.0, 200.0, 200.0, 200.0, 200.0, 200.0, 200.0, 200.0, 200.0, 200.0, 200.0, 200.0, 200.0, 200.0, 200.0, 200.0, 200.0, 200.0, 200.0, 200.0, 200.0, 200.0, 200.0, 200.0, 200.0, 200.0, 200.0, 200.0, 200.0, 200.0, 200.0, 200.0, 200.0]",1,942.478,-0.135795,0.123095,-0.0134383,0.0,"[7.18855, 7.61976, 8.84687, 11.8122, 27.9784, 58.8276, 50.3298, 42.5208, 35.6302, 29.8005, 25.048, 21.2755, 18.3231, 16.0207, 12.7996, 10.0485, 8.62986, 7.96774, 7.84195]",0.043691,"[-1.58475, 1.85036, -0.831086, 1.84939]",0.344956
0.0,0.0636985,0.0,0.0,5.768,0.0,1957.41,-0.148926,94.0,-1,"[200.0, 200.0, 200.0, 200.0, 200.0, 200.0, 200.0, 200.0, 200.0, 200.0, 200.0, 200.0, 200.0, 200.0, 200.0, 200.0, 200.0, 200.0, 200.0, 200.0, 200.0, 200.0, 200.0, 200.0, 200.0, 200.0, 200.0, 200.0, 200.0, 200.0, 200.0, 200.0, 200.0, 200.0, 200.0, 200.0]",1,942.478,-0.134807,0.12553,-0.0134655,0.0,"[7.18776, 7.61907, 8.84627, 11.8117, 27.9973, 58.8229, 50.3257, 42.5174, 35.6277, 29.7987, 25.0468, 21.2749, 18.3228, 16.0207, 12.8, 10.049, 8.6305, 7.96847, 7.8428]",0.0437988,"[0.935835, -1.16803, 2.01922, -0.719236]",0.344973
0.0,0.0636565,0.0,0.0,5.79,0.0,1957.41,-0.14978,94.0,-1,"[200.0, 200.0, 200.0, 200.0, 200.0, 200.0, 200.0, 200.0, 200.0, 200.0, 200.0, 200.0, 200.0, 200.0, 200.0, 200.0, 200.0, 200.0, 200.0, 200.0, 200.0, 200.0, 200.0, 200.0, 200.0, 200.0, 200.0, 200.0, 200.0, 200.0, 200.0, 200.0, 200.0, 200.0, 200.0, 200.0]",1,942.478,-0.134891,0.126168,-0.01351,0.0,"[7.18691, 7.61807, 8.84493, 11.8095, 27.9564, 58.8282, 50.331, 42.5224, 35.6324, 29.8029, 25.0506, 21.2781, 18.3256, 16.0231, 12.8018, 10.0504, 8.63156, 7.96936, 7.8436]",0.0439087,"[0.0921201, -0.153304, 1.95112, -0.752004]",0.344991
0.0,0.0636169,0.0,0.0,5.812,0.0,1957.41,-0.150513,94.0,-1,"[200.0, 200.0, 200.0, 200.0, 200.0, 200.0, 200.0, 200.0, 200.0, 200.0, 200.0, 200.0, 200.0, 200.0, 200.0, 200.0, 200.0, 200.0, 200.0, 200.0, 200.0, 200.0, 200.0, 200.0, 200.0, 200.0, 200.0, 200.0, 200.0, 200.0, 200.0, 200.0, 200.0, 200.0, 200.0, 200.0]",1,942.478,-0.135754,0.124091,-0.013538,0.0,"[7.18608, 7.6171, 8.84362, 11.8073, 27.9174, 58.8333, 50.3361, 42.5273, 35.6369, 29.807, 25.0542, 21.2812, 18.3283, 16.0254, 12.8036, 10.0517, 8.6326, 7.97024, 7.84439]",0.0440165,"[-2.41739, 2.86527, -0.909215, 1.80665]",0.345007
0.0,0.0636765,0.0,0.0,5.834,0.0,1957.41,-0.151367,94.0,-1,"[200.0, 200.0, 200.0, 200.0, 200.0, 200.0, 200.0, 200.0, 200.0, 200.0, 200.0, 200.0, 200.0, 200.0, 200.0, 200.0, 200.0, 200.0, 200.0, 200.0, 200.0, 200.0, 200.0, 200.0, 200.0, 200.0, 200.0, 200.0, 200.0, 200.0, 200.0, 200.0, 200.0, 200.0, 200.0, 200.0]",1,942.478,-0.135654,0.123557,-0.0135179,0.0,"[7.18531, 7.6164, 8.84302, 11.8069, 27.9366, 58.8284, 50.3318, 42.5238, 35.6342, 29.8051, 25.0529, 21.2806, 18.3281, 16.0254, 12.8039, 10.0522, 8.63326, 7.97098, 7.84522]",0.0441243,"[-1.58452, 1.8543, -0.843293, 1.83812]",0.345025
0.0,0.0637361,0.0,0.0,5.856,0.0,1957.41,-0.1521,94.0,-1,"[200.0, 200.0, 200.0, 200.0, 200.0, 200.0, 200.0, 200.0, 200.0, 200.0, 200.0, 200.0, 200.0, 200.0, 200.0, 200.0, 200.0, 200.0, 200.0, 200.0, 200.0, 200.0, 200.0, 200.0, 200.0, 200.0, 200.0, 200.0, 200.0, 200.0, 200.0, 200.0, 200.0, 200.0, 200.0, 200.0]",1,942.478,-0.134849,0.125437,-0.0134783,0.0,"[7.18451, 7.61569, 8.84239, 11.8065, 27.9556, 58.8236, 50.3275, 42.5203, 35.6315, 29.8032, 25.0518, 21.2799, 18.3278, 16.0255, 12.8043, 10.0528, 8.63393, 7.97173, 7.84608]",0.0442342,"[0.926821, -1.16164, 2.01222, -0.724912]",0.345042
0.0,0.0636966,0.0,0.0,5.878,0.0,1957.41,-0.152832,94.0,-1,"[200.0, 200.0, 200.0, 200.0, 200.0, 200.0, 200.0, 200.0, 200.0, 200.0, 200.0, 200.0, 200.0, 200.0, 200.0, 200.0, 200.0, 200.0, 200.0, 200.0, 200.0, 200.0, 200.0, 200.0, 200.0, 200.0, 200.0, 200.0, 200.0, 200.0, 200.0, 200.0, 200.0, 200.0, 200.0, 200.0]",1,942.478,-0.134624,0.126397,-0.0135248,0.0,"[7.18367, 7.61471, 8.84107, 11.8043, 27.9169, 58.8287, 50.3326, 42.5252, 35.6361, 29.8073, 25.0553, 21.283, 18.3305, 16.0278, 12.8061, 10.0541, 8.63497, 7.97262, 7.84688]",0.0443431,"[0.0898703, -0.159139, 1.94075, -0.762236]",0.345059
0.0,0.0636565,0.0,0.0,5.9,0.0,1957.41,-0.153687,94.0,-1,"[200.0, 200.0, 200.0, 200.0, 200.0, 200.0, 200.0, 200.0, 200.0, 200.0, 200.0, 200.0, 200.0, 200.0, 200.0, 200.0, 200.0, 200.0, 200.0, 200.0, 200.0, 200.0, 200.0, 200.0, 200.0, 200.0, 200.0, 200.0, 200.0, 200.0, 200.0, 200.0, 200.0, 200.0, 200.0, 200.0]",1,942.478,-0.135323,0.124561,-0.013591,0.0,"[7.18283, 7.61372, 8.83976, 11.8021, 27.8785, 58.8337, 50.3376, 42.5301, 35.6407, 29.8115, 25.059, 21.2862, 18.3332, 16.0302, 12.8079, 10.0554, 8.636, 7.97351, 7.84768]",0.0444519,"[-2.42267, 2.86036, -0.921572, 1.79306]",0.345077
0.0,0.0637175,0.0,0.0,5.922,0.0,1957.41,-0.154419,94.0,-1,"[200.0, 200.0, 200.0, 200.0, 200.0, 200.0, 200.0, 200.0, 200.0, 200.0, 200.0, 200.0, 200.0, 200.0, 200.0, 200.0, 200.0, 200.0, 200.0, 200.0, 200.0, 200.0, 200.0, 200.0, 200.0, 200.0, 200.0, 200.0, 200.0, 200.0, 200.0, 200.0, 200.0, 200.0, 200.0, 200.0]",1,942.478,-0.135254,0.123943,-0.0135545,0.0,"[7.18203, 7.613, 8.83915, 11.8017, 27.8981, 58.8287, 50.3333, 42.5264, 35.6379, 29.8095, 25.0577, 21.2855, 18.3329, 16.0302, 12.8083, 10.056, 8.63668, 7.97426, 7.84853]",0.0445618,"[-1.58285, 1.85186, -0.860464, 1.82255]",0.345095
0.0,0.0637786,0.0,0.0,5.944,0.0,1957.41,-0.155151,94.0,-1,"[200.0, 200.0, 200.0, 200.0, 200.0, 200.0, 200.0, 200.0, 200.0, 200.0, 200.0, 200.0, 200.0, 200.0, 200.0, 200.0, 200.0, 200.0, 200.0, 200.0, 200.0, 200.0, 200.0, 200.0, 200.0, 200.0, 200.0, 200.0, 200.0, 200.0, 200.0, 200.0, 200.0, 200.0, 200.0, 200.0]",1,942.478,-0.134284,0.12628,-0.0134274,0.0,"[7.18125, 7.61232, 8.83853, 11.8013, 27.9178, 58.8237, 50.3289, 42.5228, 35.6351, 29.8075, 25.0564, 21.2847, 18.3326, 16.0301, 12.8086, 10.0565, 8.63734, 7.97499, 7.84937]",0.0446706,"[0.928466, -1.17463, 1.99661, -0.741658]",0.345112
0.0,0.0637404,0.0,0.0,5.966,0.0,1957.4,-0.156006,94.0,-1,"[200.0, 200.0, 200.0, 200.0, 200.0, 200.0, 200.0, 200.0, 200.0, 200.0, 200.0, 200.0, 200.0, 200.0, 200.0, 200.0, 200.0, 200.0, 200.0, 200.0, 200.0, 200.0, 200.0, 200.0, 200.0, 200.0, 200.0, 200.0, 200.0, 200.0, 200.0, 200.0, 200.0, 200.0, 200.0, 200.0]",1,942.478,-0.134149,0.127099,-0.0134902,0.0,"[7.18041, 7.61133, 8.83723, 11.7992, 27.88, 58.8287, 50.3339, 42.5276, 35.6395, 29.8115, 25.06, 21.2878, 18.3353, 16.0325, 12.8104, 10.0578, 8.63837, 7.97588, 7.85017]",0.0447795,"[0.0887274, -0.164668, 1.92687, -0.78196]",0.345129
0.0,0.0637028,0.0,0.0,5.988,0.0,1957.4,-0.156738,94.0,-1,"[200.0, 200.0, 200.0, 200.0, 200.0, 200.0, 200.0, 200.0, 200.0, 200.0, 200.0, 200.0, 200.0, 200.0, 200.0, 200.0, 200.0, 200.0, 200.0, 200.0, 200.0, 200.0, 200.0, 200.0, 200.0, 200.0, 200.0, 200.0, 200.0, 200.0, 200.0, 200.0, 200.0, 200.0, 200.0, 200.0]",1,942.478,-0.13482,0.125196,-0.0135499,0.0,"[7.17958, 7.61035, 8.83593, 11.797, 27.8437, 58.8335, 50.3387, 42.5322, 35.6439, 29.8154, 25.0635, 21.2909, 18.3379, 16.0347, 12.8121, 10.0591, 8.63939, 7.97675, 7.85097]",0.0448873,"[-2.42434, 2.85951, -0.942756, 1.77531]",0.345145
0.0,0.0637657,0.0,0.0,6.01,0.0,1957.4,-0.157471,94.0,-1,"[200.0, 200.0, 200.0, 200.0, 200.0, 200.0, 200.0, 200.0, 200.0, 200.0, 200.0, 200.0, 200.0, 200.0, 200.0, 200.0, 200.0, 200.0, 200.0, 200.0, 200.0, 200.0, 200.0, 200.0, 200.0, 200.0, 200.0, 200.0, 200.0, 200.0, 200.0, 200.0, 200.0, 200.0, 200.0, 200.0]",1,942.478,-0.134946,0.124249,-0.0135084,0.0,"[7.17879, 7.60966, 8.83533, 11.7967, 27.8642, 58.8283, 50.3341, 42.5284, 35.641, 29.8134, 25.0621, 21.2901, 18.3376, 16.0347, 12.8124, 10.0596, 8.64005, 7.9775, 7.85181]",0.0449961,"[-1.58321, 1.85258, -0.878675, 1.80676]",0.345163
0.0,0.0638291,0.0,0.0,6.032,0.0,1957.4,-0.158203,94.0,-1,"[200.0, 200.0, 200.0, 200.0, 200.0, 200.0, 200.0, 200.0, 200.0, 200.0, 200.0, 200.0, 200.0, 200.0, 200.0, 200.0, 200.0, 200.0, 200.0, 200.0, 200.0, 200.0, 200.0, 200.0, 200.0, 200.0, 200.0, 200.0, 200.0, 200.0, 200.0, 200.0, 200.0, 200.0, 200.0, 200.0]",1,942.478,-0.134269,0.126368,-0.0134483,0.0,"[7.17801, 7.60898, 8.83474, 11.7964, 27.885, 58.8231, 50.3295, 42.5246, 35.638, 29.8113, 25.0607, 21.2893, 18.3372, 16.0346, 12.8127, 10.0602, 8.64069, 7.97825, 7.85266]",0.045105,"[0.92436, -1.16819, 1.98501, -0.754272]",0.345181
0.0,0.0637929,0.0,0.0,6.054,0.0,1957.4,-0.159058,94.0,-1,"[200.0, 200.0, 200.0, 200.0, 200.0, 200.0, 200.0, 200.0, 200.0, 200.0, 200.0, 200.0, 200.0, 200.0, 200.0, 200.0, 200.0, 200.0, 200.0, 200.0, 200.0, 200.0, 200.0, 200.0, 200.0, 200.0, 200.0, 200.0, 200.0, 200.0, 200.0, 200.0, 200.0, 200.0, 200.0, 200.0]",1,942.478,-0.134227,0.127475,-0.0134986,0.0,"[7.17717, 7.608, 8.83346, 11.7942, 27.8493, 58.8278, 50.3342, 42.5292, 35.6423, 29.8152, 25.0642, 21.2923, 18.3398, 16.0369, 12.8145, 10.0615, 8.64173, 7.97912, 7.85346]",0.0452138,"[0.0936431, -0.163222, 1.915, -0.79356]",0.345197
0.0,0.0637576,0.0,0.0,6.076,0.0,1957.4,-0.15979,94.0,-1,"[200.0, 200.0, 200.0, 200.0, 200.0, 200.0, 200.0, 200.0, 200.0, 200.0, 200.0, 200.0, 200.0, 200.0, 200.0, 200.0, 200.0, 200.0, 200.0, 200.0, 200.0, 200.0, 200.0, 200.0, 200.0, 200.0, 200.0, 200.0, 200.0, 200.0, 200.0, 200.0, 200.0, 200.0, 200.0, 200.0]",1,942.478,-0.134961,0.125237,-0.0135655,0.0,"[7.17633, 7.60702, 8.83219, 11.7921, 27.8142, 58.8324, 50.3389, 42.5337, 35.6465, 29.819, 25.0676, 21.2953, 18.3423, 16.0391, 12.8162, 10.0627, 8.64274, 7.98, 7.85426]",0.0453227,"[-2.41624, 2.86349, -0.952851, 1.76097]",0.345214
0.0,0.0638215,0.0,0.0,6.098,0.0,1957.4,-0.160522,94.0,-1,"[200.0, 200.0, 200.0, 200.0, 200.0, 200.0, 200.0, 200.0, 200.0, 200.0, 200.0, 200.0, 200.0, 200.0, 200.0, 200.0, 200.0, 200.0, 200.0, 200.0, 200.0, 200.0, 200.0, 200.0, 200.0, 200.0, 200.0, 200.0, 200.0, 200.0, 200.0, 200.0, 200.0, 200.0, 200.0, 200.0]",1,942.478,-0.135145,0.124753,-0.0135379,0.0,"[7.17554, 7.60632, 8.83158, 11.7918, 27.8349, 58.8271, 50.3342, 42.5298, 35.6435, 29.8168, 25.0662, 21.2945, 18.342, 16.039, 12.8165, 10.0633, 8.64339, 7.98075, 7.85512]",0.0454325,"[-1.57773, 1.85077, -0.88799, 1.79845]",0.345232
0.0,0.0638844,0.0,0.0,6.12,0.0,1957.4,-0.161255,94.0,-1,"[200.0, 200.0, 200.0, 200.0, 200.0, 200.0, 200.0, 200.0, 200.0, 200.0, 200.0, 200.0, 200.0, 200.0, 200.0, 200.0, 200.0, 200.0, 200.0, 200.0, 200.0, 200.0, 200.0, 200.0, 200.0, 200.0, 200.0, 200.0, 200.0, 200.0, 200.0, 200.0, 200.0, 200.0, 200.0, 200.0]",1,942.478,-0.134232,0.126912,-0.0134661,0.0,"[7.17475, 7.60564, 8.83098, 11.7915, 27.8553, 58.8219, 50.3296, 42.526, 35.6406, 29.8147, 25.0648, 21.2936, 18.3416, 16.039, 12.8168, 10.0638, 8.64405, 7.98147, 7.85596]",0.0455414,"[0.924398, -1.18103, 1.97708, -0.762788]",0.345249
0.0,0.0638472,0.0,0.0,6.142,0.0,1957.4,-0.162109,94.0,-1,"[200.0, 200.0, 200.0, 200.0, 200.0, 200.0, 200.0, 200.0, 200.0, 200.0, 200.0, 200.0, 200.0, 200.0, 200.0, 200.0, 200.0, 200.0, 200.0, 200.0, 200.0, 200.0, 200.0, 200.0, 200.0, 200.0, 200.0, 200.0, 200.0, 200.0, 200.0, 200.0, 200.0, 200.0, 200.0, 200.0]",1,942.478,-0.134579,0.127602,-0.0134999,0.0,"[7.17391, 7.60466, 8.82969, 11.7893, 27.819, 58.8268, 50.3344, 42.5307, 35.6449, 29.8187, 25.0683, 21.2967, 18.3442, 16.0413, 12.8185, 10.0651, 8.64507, 7.98236, 7.85676]",0.0456502,"[0.0882531, -0.166601, 1.91268, -0.795475]",0.345267
0.0,0.063811,0.0,0.0,6.164,0.0,1957.4,-0.162842,94.0,-1,"[200.0, 200.0, 200.0, 200.0, 200.0, 200.0, 200.0, 200.0, 200.0, 200.0, 200.0, 200.0, 200.0, 200.0, 200.0, 200.0, 200.0, 200.0, 200.0, 200.0, 200.0, 200.0, 200.0, 200.0, 200.0, 200.0, 200.0, 200.0, 200.0, 200.0, 200.0, 200.0, 200.0, 200.0, 200.0, 200.0]",1,942.478,-0.135464,0.125269,-0.0135792,0.0,"[7.17308, 7.60367, 8.82841, 11.7872, 27.784, 58.8315, 50.3392, 42.5353, 35.6492, 29.8226, 25.0717, 21.2997, 18.3468, 16.0435, 12.8203, 10.0664, 8.64611, 7.98325, 7.85757]",0.0457591,"[-2.41764, 2.86476, -0.956004, 1.76083]",0.345284
0.0,0.0638739,0.0,0.0,6.186,0.0,1957.4,-0.163574,94.0,-1,"[200.0, 200.0, 200.0, 200.0, 200.0, 200.0, 200.0, 200.0, 200.0, 200.0, 200.0, 200.0, 200.0, 200.0, 200.0, 200.0, 200.0, 200.0, 200.0, 200.0, 200.0, 200.0, 200.0, 200.0, 200.0, 200.0, 200.0, 200.0, 200.0, 200.0, 200.0, 200.0, 200.0, 200.0, 200.0, 200.0]",1,942.478,-0.135598,0.12424,-0.0135083,0.0,"[7.17229, 7.60299, 8.82781, 11.7868, 27.8038, 58.8263, 50.3346, 42.5315, 35.6463, 29.8205, 25.0703, 21.2989, 18.3465, 16.0435, 12.8206, 10.0669, 8.64675, 7.98397, 7.85841]",0.0458679,"[-1.57876, 1.85977, -0.893086, 1.79412]",0.3453
0.0,0.0639378,0.0,0.0,6.208,0.0,1957.4,-0.164429,94.0,-1,"[200.0, 200.0, 200.0, 200.0, 200.0, 200.0, 200.0, 200.0, 200.0, 200.0, 200.0, 200.0, 200.0, 200.0, 200.0, 200.0, 200.0, 200.0, 200.0, 200.0, 200.0, 200.0, 200.0, 200.0, 200.0, 200.0, 200.0, 200.0, 200.0, 200.0, 200.0, 200.0, 200.0, 200.0, 200.0, 200.0]",1,942.478,-0.134812,0.126586,-0.0134407,0.0,"[7.17149, 7.60228, 8.82719, 11.7865, 27.8243, 58.821, 50.3299, 42.5276, 35.6433, 29.8184, 25.069, 21.2981, 18.3461, 16.0434, 12.8209, 10.0675, 8.64742, 7.98474, 7.85928]",0.0459788,"[0.925264, -1.17543, 1.97436, -0.763738]",0.345319
0.0,0.0639006,0.0,0.0,6.23,0.0,1957.4,-0.165161,94.0,-1,"[200.0, 200.0, 200.0, 200.0, 200.0, 200.0, 200.0, 200.0, 200.0, 200.0, 200.0, 200.0, 200.0, 200.0, 200.0, 200.0, 200.0, 200.0, 200.0, 200.0, 200.0, 200.0, 200.0, 200.0, 200.0, 200.0, 200.0, 200.0, 200.0, 200.0, 200.0, 200.0, 200.0, 200.0, 200.0, 200.0]",1,942.478,-0.134626,0.127282,-0.0134877,0.0,"[7.17066, 7.6013, 8.8259, 11.7843, 27.7883, 58.8258, 50.3348, 42.5323, 35.6477, 29.8223, 25.0725, 21.3012, 18.3487, 16.0457, 12.8227, 10.0688, 8.64845, 7.98561, 7.86008]",0.0460876,"[0.0891781, -0.163648, 1.90172, -0.807432]",0.345336
0.0,0.0638649,0.0,0.0,6.252,0.0,1957.39,-0.166016,94.0,-1,"[200.0, 200.0, 200.0, 200.0, 200.0, 200.0, 200.0, 200.0, 200.0, 200.0, 200.0, 200.0, 200.0, 200.0, 200.0, 200.0, 200.0, 200.0, 200.0, 200.0, 200.0, 200.0, 200.0, 200.0, 200.0, 200.0, 200.0, 200.0, 200.0, 200.0, 200.0, 200.0, 200.0, 200.0, 200.0, 200.0]",1,942.478,-0.135637,0.12536,-0.0135419,0.0,"[7.16982, 7.60032, 8.82461, 11.7822, 27.7535, 58.8305, 50.3395, 42.5369, 35.6519, 29.8262, 25.0759, 21.3041, 18.3513, 16.0479, 12.8244, 10.0701, 8.64948, 7.98651, 7.86088]",0.0461965,"[-2.41205, 2.86506, -0.965641, 1.75041]",0.345353
0.0,0.0639278,0.0,0.0,6.274,0.0,1957.39,-0.166748,94.0,-1,"[200.0, 200.0, 200.0, 200.0, 200.0, 200.0, 200.0, 200.0, 200.0, 200.0, 200.0, 200.0, 200.0, 200.0, 200.0, 200.0, 200.0, 200.0, 200.0, 200.0, 200.0, 200.0, 200.0, 200.0, 200.0, 200.0, 200.0, 200.0, 200.0, 200.0, 200.0, 200.0, 200.0, 200.0, 200.0, 200.0]",1,942.478,-0.135614,0.124782,-0.0135282,0.0,"[7.16903, 7.59964, 8.82402, 11.7819, 27.7734, 58.8253, 50.3348, 42.533, 35.649, 29.8241, 25.0745, 21.3033, 18.351, 16.0479, 12.8247, 10.0706, 8.65013, 7.98723, 7.86172]",0.0463053,"[-1.57743, 1.8489, -0.900609, 1.78449]",0.34537
0.0,0.0639903,0.0,0.0,6.296,0.0,1957.39,-0.167603,94.0,-1,"[200.0, 200.0, 200.0, 200.0, 200.0, 200.0, 200.0, 200.0, 200.0, 200.0, 200.0, 200.0, 200.0, 200.0, 200.0, 200.0, 200.0, 200.0, 200.0, 200.0, 200.0, 200.0, 200.0, 200.0, 200.0, 200.0, 200.0, 200.0, 200.0, 200.0, 200.0, 200.0, 200.0, 200.0, 200.0, 200.0]",1,942.478,-0.135158,0.126673,-0.0134702,0.0,"[7.16823, 7.59892, 8.82339, 11.7815, 27.7926, 58.8203, 50.3304, 42.5293, 35.6461, 29.822, 25.0733, 21.3026, 18.3506, 16.0479, 12.8251, 10.0712, 8.65079, 7.988, 7.86259]",0.0464162,"[0.930981, -1.17418, 1.96704, -0.770687]",0.345389
0.0,0.063954,0.0,0.0,6.318,0.0,1957.39,-0.168335,94.0,-1,"[200.0, 200.0, 200.0, 200.0, 200.0, 200.0, 200.0, 200.0, 200.0, 200.0, 200.0, 200.0, 200.0, 200.0, 200.0, 200.0, 200.0, 200.0, 200.0, 200.0, 200.0, 200.0, 200.0, 200.0, 200.0, 200.0, 200.0, 200.0, 200.0, 200.0, 200.0, 200.0, 200.0, 200.0, 200.0, 200.0]",1,942.478,-0.135002,0.127345,-0.0135265,0.0,"[7.1674, 7.59795, 8.82211, 11.7794, 27.7577, 58.825, 50.3351, 42.5339, 35.6504, 29.8259, 25.0766, 21.3056, 18.3532, 16.0501, 12.8268, 10.0725, 8.65182, 7.98887, 7.86339]",0.0465251,"[0.100221, -0.158605, 1.89191, -0.816147]",0.345406
0.0,0.0639183,0.0,0.0,6.34,0.0,1957.39,-0.169189,94.0,-1,"[200.0, 200.0, 200.0, 200.0, 200.0, 200.0, 200.0, 200.0, 200.0, 200.0, 200.0, 200.0, 200.0, 200.0, 200.0, 200.0, 200.0, 200.0, 200.0, 200.0, 200.0, 200.0, 200.0, 200.0, 200.0, 200.0, 200.0, 200.0, 200.0, 200.0, 200.0, 200.0, 200.0, 200.0, 200.0, 200.0]",1,942.478,-0.135745,0.12544,-0.0135967,0.0,"[7.16655, 7.59696, 8.82082, 11.7772, 27.7234, 58.8296, 50.3398, 42.5384, 35.6547, 29.8298, 25.0801, 21.3086, 18.3558, 16.0524, 12.8285, 10.0737, 8.65286, 7.98976, 7.8642]",0.0466349,"[-2.407, 2.87179, -0.979136, 1.73734]",0.345423
0.0,0.0639827,0.0,0.0,6.362,0.0,1957.39,-0.169922,94.0,-1,"[200.0, 200.0, 200.0, 200.0, 200.0, 200.0, 200.0, 200.0, 200.0, 200.0, 200.0, 200.0, 200.0, 200.0, 200.0, 200.0, 200.0, 200.0, 200.0, 200.0, 200.0, 200.0, 200.0, 200.0, 200.0, 200.0, 200.0, 200.0, 200.0, 200.0, 200.0, 200.0, 200.0, 200.0, 200.0, 200.0]",1,942.478,-0.135919,0.12473,-0.0135693,0.0,"[7.16576, 7.59628, 8.82021, 11.7769, 27.7434, 58.8243, 50.3351, 42.5345, 35.6516, 29.8276, 25.0786, 21.3077, 18.3555, 16.0523, 12.8288, 10.0743, 8.65351, 7.99051, 7.86505]",0.0467448,"[-1.56766, 1.86167, -0.912933, 1.77241]",0.345441
0.0,0.0640475,0.0,0.0,6.384,0.0,1957.39,-0.170776,94.0,-1,"[200.0, 200.0, 200.0, 200.0, 200.0, 200.0, 200.0, 200.0, 200.0, 200.0, 200.0, 200.0, 200.0, 200.0, 200.0, 200.0, 200.0, 200.0, 200.0, 200.0, 200.0, 200.0, 200.0, 200.0, 200.0, 200.0, 200.0, 200.0, 200.0, 200.0, 200.0, 200.0, 200.0, 200.0, 200.0, 200.0]",1,942.478,-0.135029,0.12678,-0.01352,0.0,"[7.16496, 7.59557, 8.81963, 11.7766, 27.7639, 58.819, 50.3304, 42.5307, 35.6486, 29.8254, 25.0772, 21.3069, 18.355, 16.0522, 12.8291, 10.0748, 8.65416, 7.99126, 7.86591]",0.0468547,"[0.930371, -1.16959, 1.95124, -0.786116]",0.345459
0.0,0.0640127,0.0,0.0,6.406,0.0,1957.39,-0.171631,94.0,-1,"[200.0, 200.0, 200.0, 200.0, 200.0, 200.0, 200.0, 200.0, 200.0, 200.0, 200.0, 200.0, 200.0, 200.0, 200.0, 200.0, 200.0, 200.0, 200.0, 200.0, 200.0, 200.0, 200.0, 200.0, 200.0, 200.0, 200.0, 200.0, 200.0, 200.0, 200.0, 200.0, 200.0, 200.0, 200.0, 200.0]",1,942.478,-0.134954,0.127409,-0.0135598,0.0,"[7.16413, 7.5946, 8.81835, 11.7745, 27.7304, 58.8235, 50.335, 42.535, 35.6528, 29.8292, 25.0806, 21.3098, 18.3576, 16.0545, 12.8309, 10.0761, 8.65518, 7.99213, 7.8667]",0.0469635,"[0.0875635, -0.151547, 1.88078, -0.82717]",0.345475
0.0,0.0639798,0.0,0.0,6.428,0.0,1957.39,-0.172363,94.0,-1,"[200.0, 200.0, 200.0, 200.0, 200.0, 200.0, 200.0, 200.0, 200.0, 200.0, 200.0, 200.0, 200.0, 200.0, 200.0, 200.0, 200.0, 200.0, 200.0, 200.0, 200.0, 200.0, 200.0, 200.0, 200.0, 200.0, 200.0, 200.0, 200.0, 200.0, 200.0, 200.0, 200.0, 200.0, 200.0, 200.0]",1,942.478,-0.13588,0.125115,-0.0135884,0.0,"[7.16328, 7.59362, 8.81707, 11.7724, 27.6975, 58.8279, 50.3394, 42.5394, 35.6568, 29.833, 25.0839, 21.3127, 18.3601, 16.0566, 12.8326, 10.0773, 8.65621, 7.99301, 7.86752]",0.0470734,"[-2.41038, 2.87869, -0.989705, 1.72727]",0.345492
0.0,0.0640456,0.0,0.0,6.45,0.0,1957.39,-0.173218,94.0,-1,"[200.0, 200.0, 200.0, 200.0, 200.0, 200.0, 200.0, 200.0, 200.0, 200.0, 200.0, 200.0, 200.0, 200.0, 200.0, 200.0, 200.0, 200.0, 200.0, 200.0, 200.0, 200.0, 200.0, 200.0, 200.0, 200.0, 200.0, 200.0, 200.0, 200.0, 200.0, 200.0, 200.0, 200.0, 200.0, 200.0]",1,942.478,-0.136029,0.12468,-0.0135627,0.0,"[7.16248, 7.59292, 8.81648, 11.7721, 27.7183, 58.8225, 50.3346, 42.5354, 35.6537, 29.8307, 25.0824, 21.3119, 18.3597, 16.0565, 12.8329, 10.0779, 8.65687, 7.99376, 7.86838]",0.0471842,"[-1.57465, 1.86711, -0.92199, 1.76309]",0.34551
0.0,0.0641109,0.0,0.0,6.472,0.0,1957.39,-0.174072,94.0,-1,"[200.0, 200.0, 200.0, 200.0, 200.0, 200.0, 200.0, 200.0, 200.0, 200.0, 200.0, 200.0, 200.0, 200.0, 200.0, 200.0, 200.0, 200.0, 200.0, 200.0, 200.0, 200.0, 200.0, 200.0, 200.0, 200.0, 200.0, 200.0, 200.0, 200.0, 200.0, 200.0, 200.0, 200.0, 200.0, 200.0]",1,942.478,-0.135197,0.12678,-0.0134917,0.0,"[7.16169, 7.59223, 8.81588, 11.7718, 27.7388, 58.817, 50.3298, 42.5314, 35.6506, 29.8285, 25.0809, 21.311, 18.3593, 16.0565, 12.8331, 10.0784, 8.65751, 7.99451, 7.86923]",0.0472941,"[0.927877, -1.16911, 1.94338, -0.793603]",0.345528
0.0,0.0640909,0.0,0.0,6.494,0.0,1957.39,-0.174927,94.0,1,"[200.0, 200.0, 200.0, 200.0, 200.0, 200.0, 200.0, 200.0, 200.0, 200.0, 200.0, 200.0, 200.0, 200.0, 200.0, 200.0, 200.0, 200.0, 200.0, 200.0, 200.0, 200.0, 200.0, 200.0, 200.0, 200.0, 200.0, 200.0, 200.0, 200.0, 200.0, 200.0, 200.0, 200.0, 200.0, 200.0]",1,942.478,-0.135272,0.132254,-0.0136791,0.0,"[7.16084, 7.59128, 8.81468, 11.7699, 27.7128, 58.8202, 50.333, 42.5347, 35.6538, 29.8314, 25.0837, 21.3134, 18.3614, 16.0584, 12.8347, 10.0796, 8.6585, 7.99539, 7.87006]",0.047406,"[0.0919675, -0.159275, 2.15123, -1.12397]",0.345546
0.0,0.0640952,0.0,0.0,6.516,0.0,1957.38,-0.175659,94.0,1,"[200.0, 200.0, 200.0, 200.0, 200.0, 200.0, 200.0, 200.0, 200.0, 200.0, 200.0, 200.0, 200.0, 200.0, 200.0, 200.0, 200.0, 200.0, 200.0, 200.0, 200.0, 200.0, 200.0, 200.0, 200.0, 200.0, 200.0, 200.0, 200.0, 200.0, 200.0, 200.0, 200.0, 200.0, 200.0, 200.0]",1,942.478,-0.136429,0.13444,-0.0141324,0.0,"[7.15997, 7.59036, 8.81361, 11.7684, 27.6994, 58.821, 50.3341, 42.536, 35.6553, 29.833, 25.0852, 21.315, 18.3629, 16.0598, 12.8359, 10.0807, 8.65943, 7.99627, 7.87093]",0.047522,"[-2.40959, 2.87835, -1.31613, 1.9633]",0.345567
0.0,0.0642077,0.0,0.0,6.538,0.0,1957.38,-0.176514,94.0,1,"[200.0, 200.0, 200.0, 200.0, 200.0, 200.0, 200.0, 200.0, 200.0, 200.0, 200.0, 200.0, 200.0, 200.0, 200.0, 200.0, 200.0, 200.0, 200.0, 200.0, 200.0, 200.0, 200.0, 200.0, 200.0, 200.0, 200.0, 200.0, 200.0, 200.0, 200.0, 200.0, 200.0, 200.0, 200.0, 200.0]",1,942.478,-0.137158,0.135123,-0.014457,0.0,"[7.15914, 7.58973, 8.81326, 11.7688, 27.7451, 58.8108, 50.3249, 42.5281, 35.6488, 29.828, 25.0816, 21.3124, 18.3612, 16.0587, 12.8356, 10.0809, 8.65997, 7.99701, 7.87188]",0.04764,"[-1.56815, 1.87042, -1.23412, 2.0175]",0.345587
0.0,0.064325,0.0,0.0,6.56,0.0,1957.38,-0.177246,94.0,1,"[200.0, 200.0, 200.0, 200.0, 200.0, 200.0, 200.0, 200.0, 200.0, 200.0, 200.0, 200.0, 200.0, 200.0, 200.0, 200.0, 200.0, 200.0, 200.0, 200.0, 200.0, 200.0, 200.0, 200.0, 200.0, 200.0, 200.0, 200.0, 200.0, 200.0, 200.0, 200.0, 200.0, 200.0, 200.0, 200.0]",1,942.478,-0.136769,0.136554,-0.014666,0.0,"[7.1583, 7.58913, 8.81295, 11.7693, 27.794, 58.8003, 50.3154, 42.5198, 35.6421, 29.8228, 25.0778, 21.3098, 18.3594, 16.0575, 12.8353, 10.0811, 8.6605, 7.99774, 7.87283]",0.047759,"[0.926, -1.1623, 2.23729, -1.06528]",0.345605
0.0,0.064346,0.0,0.0,6.582,0.0,1957.38,-0.178101,94.0,1,"[200.0, 200.0, 200.0, 200.0, 200.0, 200.0, 200.0, 200.0, 200.0, 200.0, 200.0, 200.0, 200.0, 200.0, 200.0, 200.0, 200.0, 200.0, 200.0, 200.0, 200.0, 200.0, 200.0, 200.0, 200.0, 200.0, 200.0, 200.0, 200.0, 200.0, 200.0, 200.0, 200.0, 200.0, 200.0, 200.0]",1,942.478,-0.13733,0.137266,-0.0148434,0.0,"[7.15742, 7.58823, 8.81196, 11.7681, 27.7891, 58.7994, 50.3149, 42.5197, 35.6424, 29.8234, 25.0786, 21.3107, 18.3604, 16.0586, 12.8363, 10.0821, 8.66139, 7.99862, 7.87372]",0.047878,"[0.0939093, -0.143757, 2.16206, -1.11349]",0.345621
0.0,0.0643675,0.0,0.0,6.604,0.0,1957.38,-0.178955,94.0,1,"[200.0, 200.0, 200.0, 200.0, 200.0, 200.0, 200.0, 200.0, 200.0, 200.0, 200.0, 200.0, 200.0, 200.0, 200.0, 200.0, 200.0, 200.0, 200.0, 200.0, 200.0, 200.0, 200.0, 200.0, 200.0, 200.0, 200.0, 200.0, 200.0, 200.0, 200.0, 200.0, 200.0, 200.0, 200.0, 200.0]",1,942.478,-0.138736,0.136271,-0.0149217,0.0,"[7.15654, 7.58734, 8.81098, 11.7668, 27.7846, 58.7985, 50.3143, 42.5196, 35.6426, 29.8239, 25.0794, 21.3116, 18.3614, 16.0596, 12.8373, 10.083, 8.66229, 7.9995, 7.87463]",0.047997,"[-2.40612, 2.89727, -1.30551, 1.9787]",0.345637
0.0,0.0644886,0.0,0.0,6.626,0.0,1957.38,-0.179688,94.0,1,"[200.0, 200.0, 200.0, 200.0, 200.0, 200.0, 200.0, 200.0, 200.0, 200.0, 200.0, 200.0, 200.0, 200.0, 200.0, 200.0, 200.0, 200.0, 200.0, 200.0, 200.0, 200.0, 200.0, 200.0, 200.0, 200.0, 200.0, 200.0, 200.0, 200.0, 200.0, 200.0, 200.0, 200.0, 200.0, 200.0]",1,942.478,-0.139304,0.135366,-0.0148541,0.0,"[7.15571, 7.58674, 8.81069, 11.7674, 27.8371, 58.7875, 50.3044, 42.511, 35.6355, 29.8185, 25.0753, 21.3088, 18.3595, 16.0583, 12.8369, 10.0833, 8.6628, 8.00022, 7.87557]",0.048115,"[-1.56638, 1.88422, -1.22358, 2.03045]",0.345652
0.0,0.0646083,0.0,0.0,6.648,0.0,1957.38,-0.180542,94.0,1,"[200.0, 200.0, 200.0, 200.0, 200.0, 200.0, 200.0, 200.0, 200.0, 200.0, 200.0, 200.0, 200.0, 200.0, 200.0, 200.0, 200.0, 200.0, 200.0, 200.0, 200.0, 200.0, 200.0, 200.0, 200.0, 200.0, 200.0, 200.0, 200.0, 200.0, 200.0, 200.0, 200.0, 200.0, 200.0, 200.0]",1,942.478,-0.138673,0.136134,-0.0147855,0.0,"[7.1549, 7.58615, 8.81041, 11.768, 27.8893, 58.7768, 50.2947, 42.5025, 35.6286, 29.8131, 25.0714, 21.3059, 18.3575, 16.057, 12.8364, 10.0834, 8.66331, 8.00095, 7.87651]",0.048232,"[0.92793, -1.15563, 2.24824, -1.05845]",0.345667
0.0,0.0646278,0.0,0.0,6.67,0.0,1957.38,-0.181396,94.0,1,"[200.0, 200.0, 200.0, 200.0, 200.0, 200.0, 200.0, 200.0, 200.0, 200.0, 200.0, 200.0, 200.0, 200.0, 200.0, 200.0, 200.0, 200.0, 200.0, 200.0, 200.0, 200.0, 200.0, 200.0, 200.0, 200.0, 200.0, 200.0, 200.0, 200.0, 200.0, 200.0, 200.0, 200.0, 200.0, 200.0]",1,942.478,-0.139022,0.136596,-0.0147838,0.0,"[7.15402, 7.58527, 8.80943, 11.7668, 27.8837, 58.776, 50.2942, 42.5025, 35.629, 29.8137, 25.0722, 21.3069, 18.3586, 16.0581, 12.8375, 10.0844, 8.66419, 8.00181, 7.8774]",0.04835,"[0.0924854, -0.14255, 2.16963, -1.10377]",0.345684
0.0,0.0646474,0.0,0.0,6.692,0.0,1957.38,-0.182129,94.0,1,"[200.0, 200.0, 200.0, 200.0, 200.0, 200.0, 200.0, 200.0, 200.0, 200.0, 200.0, 200.0, 200.0, 200.0, 200.0, 200.0, 200.0, 200.0, 200.0, 200.0, 200.0, 200.0, 200.0, 200.0, 200.0, 200.0, 200.0, 200.0, 200.0, 200.0, 200.0, 200.0, 200.0, 200.0, 200.0, 200.0]",1,942.478,-0.140557,0.135667,-0.014815,0.0,"[7.15314, 7.58437, 8.80844, 11.7655, 27.8785, 58.7752, 50.2939, 42.5025, 35.6293, 29.8144, 25.0731, 21.3079, 18.3597, 16.0592, 12.8385, 10.0853, 8.66508, 8.00268, 7.8783]",0.048468,"[-2.39916, 2.89742, -1.29642, 1.98959]",0.345701
0.0,0.0647642,0.0,0.0,6.714,0.0,1957.38,-0.182983,94.0,1,"[200.0, 200.0, 200.0, 200.0, 200.0, 200.0, 200.0, 200.0, 200.0, 200.0, 200.0, 200.0, 200.0, 200.0, 200.0, 200.0, 200.0, 200.0, 200.0, 200.0, 200.0, 200.0, 200.0, 200.0, 200.0, 200.0, 200.0, 200.0, 200.0, 200.0, 200.0, 200.0, 200.0, 200.0, 200.0, 200.0]",1,942.478,-0.141159,0.134227,-0.0147332,0.0,"[7.15232, 7.58377, 8.80813, 11.766, 27.9301, 58.7647, 50.2844, 42.4943, 35.6226, 29.8092, 25.0693, 21.3052, 18.3578, 16.058, 12.8381, 10.0856, 8.6656, 8.00341, 7.87923]",0.048585,"[-1.56426, 1.88356, -1.2107, 2.04439]",0.345717
0.0,0.0648786,0.0,0.0,6.736,0.0,1957.38,-0.183838,94.0,1,"[200.0, 200.0, 200.0, 200.0, 200.0, 200.0, 200.0, 200.0, 200.0, 200.0, 200.0, 200.0, 200.0, 200.0, 200.0, 200.0, 200.0, 200.0, 200.0, 200.0, 200.0, 200.0, 200.0, 200.0, 200.0, 200.0, 200.0, 200.0, 200.0, 200.0, 200.0, 200.0, 200.0, 200.0, 200.0, 200.0]",1,942.478,-0.140637,0.134978,-0.0146016,0.0,"[7.1515, 7.58317, 8.80783, 11.7665, 27.9822, 58.7544, 50.2751, 42.4863, 35.616, 29.8041, 25.0655, 21.3026, 18.356, 16.0568, 12.8378, 10.0858, 8.66611, 8.00414, 7.88016]",0.048702,"[0.925075, -1.1538, 2.26629, -1.03997]",0.345733
0.0,0.0648939,0.0,0.0,6.758,0.0,1957.38,-0.18457,94.0,1,"[200.0, 200.0, 200.0, 200.0, 200.0, 200.0, 200.0, 200.0, 200.0, 200.0, 200.0, 200.0, 200.0, 200.0, 200.0, 200.0, 200.0, 200.0, 200.0, 200.0, 200.0, 200.0, 200.0, 200.0, 200.0, 200.0, 200.0, 200.0, 200.0, 200.0, 200.0, 200.0, 200.0, 200.0, 200.0, 200.0]",1,942.478,-0.14112,0.13551,-0.0145891,0.0,"[7.15063, 7.58227, 8.8068, 11.7652, 27.9736, 58.7541, 50.2751, 42.4866, 35.6167, 29.805, 25.0666, 21.3037, 18.3572, 16.058, 12.8389, 10.0868, 8.66702, 8.005, 7.88105]",0.048819,"[0.0944364, -0.135708, 2.1894, -1.08694]",0.345749
0.0,0.0649087,0.0,0.0,6.78,0.0,1957.37,-0.185425,94.0,1,"[200.0, 200.0, 200.0, 200.0, 200.0, 200.0, 200.0, 200.0, 200.0, 200.0, 200.0, 200.0, 200.0, 200.0, 200.0, 200.0, 200.0, 200.0, 200.0, 200.0, 200.0, 200.0, 200.0, 200.0, 200.0, 200.0, 200.0, 200.0, 200.0, 200.0, 200.0, 200.0, 200.0, 200.0, 200.0, 200.0]",1,942.478,-0.142262,0.134133,-0.0145828,0.0,"[7.14975, 7.58137, 8.8058, 11.7639, 27.9653, 58.7538, 50.2751, 42.487, 35.6174, 29.8059, 25.0677, 21.3049, 18.3584, 16.0592, 12.84, 10.0877, 8.66792, 8.00587, 7.88193]",0.048936,"[-2.4033, 2.90065, -1.28334, 2.00295]",0.345766
0.0,0.0650212,0.0,0.0,6.802,0.0,1957.37,-0.186279,94.0,1,"[200.0, 200.0, 200.0, 200.0, 200.0, 200.0, 200.0, 200.0, 200.0, 200.0, 200.0, 200.0, 200.0, 200.0, 200.0, 200.0, 200.0, 200.0, 200.0, 200.0, 200.0, 200.0, 200.0, 200.0, 200.0, 200.0, 200.0, 200.0, 200.0, 200.0, 200.0, 200.0, 200.0, 200.0, 200.0, 200.0]",1,942.478,-0.142675,0.133111,-0.0144293,0.0,"[7.14894, 7.58076, 8.80546, 11.7643, 28.017, 58.7437, 50.266, 42.4792, 35.6109, 29.801, 25.064, 21.3024, 18.3567, 16.0581, 12.8397, 10.088, 8.66845, 8.0066, 7.88286]",0.0490529,"[-1.5663, 1.88751, -1.20093, 2.05275]",0.345782
0.0,0.0651337,0.0,0.0,6.824,0.0,1957.37,-0.187012,94.0,1,"[200.0, 200.0, 200.0, 200.0, 200.0, 200.0, 200.0, 200.0, 200.0, 200.0, 200.0, 200.0, 200.0, 200.0, 200.0, 200.0, 200.0, 200.0, 200.0, 200.0, 200.0, 200.0, 200.0, 200.0, 200.0, 200.0, 200.0, 200.0, 200.0, 200.0, 200.0, 200.0, 200.0, 200.0, 200.0, 200.0]",1,942.478,-0.141979,0.133989,-0.014307,0.0,"[7.14811, 7.58015, 8.80513, 11.7647, 28.0697, 58.7336, 50.2569, 42.4713, 35.6046, 29.796, 25.0604, 21.2998, 18.355, 16.057, 12.8393, 10.0882, 8.66899, 8.00733, 7.88379]",0.0491699,"[0.926976, -1.14646, 2.26764, -1.03629]",0.345799
0.0,0.0651461,0.0,0.0,6.846,0.0,1957.37,-0.187866,94.0,1,"[200.0, 200.0, 200.0, 200.0, 200.0, 200.0, 200.0, 200.0, 200.0, 200.0, 200.0, 200.0, 200.0, 200.0, 200.0, 200.0, 200.0, 200.0, 200.0, 200.0, 200.0, 200.0, 200.0, 200.0, 200.0, 200.0, 200.0, 200.0, 200.0, 200.0, 200.0, 200.0, 200.0, 200.0, 200.0, 200.0]",1,942.478,-0.142409,0.135439,-0.014354,0.0,"[7.14725, 7.57925, 8.80411, 11.7634, 28.0595, 58.7336, 50.2572, 42.4719, 35.6054, 29.7971, 25.0616, 21.3011, 18.3562, 16.0582, 12.8405, 10.0892, 8.66988, 8.00819, 7.88467]",0.0492859,"[0.0919929, -0.126471, 2.19308, -1.08561]",0.345815
0.0,0.0651609,0.0,0.0,6.868,0.0,1957.37,-0.188721,94.0,1,"[200.0, 200.0, 200.0, 200.0, 200.0, 200.0, 200.0, 200.0, 200.0, 200.0, 200.0, 200.0, 200.0, 200.0, 200.0, 200.0, 200.0, 200.0, 200.0, 200.0, 200.0, 200.0, 200.0, 200.0, 200.0, 200.0, 200.0, 200.0, 200.0, 200.0, 200.0, 200.0, 200.0, 200.0, 200.0, 200.0]",1,942.478,-0.143452,0.132245,-0.0144293,0.0,"[7.14639, 7.57837, 8.80311, 11.7621, 28.0511, 58.7333, 50.2572, 42.4722, 35.6061, 29.798, 25.0627, 21.3022, 18.3574, 16.0593, 12.8415, 10.0902, 8.67077, 8.00905, 7.88554]",0.0494008,"[-2.39474, 2.89502, -1.2791, 2.00375]",0.345831
0.0,0.0652711,0.0,0.0,6.89,0.0,1957.37,-0.189453,94.0,1,"[200.0, 200.0, 200.0, 200.0, 200.0, 200.0, 200.0, 200.0, 200.0, 200.0, 200.0, 200.0, 200.0, 200.0, 200.0, 200.0, 200.0, 200.0, 200.0, 200.0, 200.0, 200.0, 200.0, 200.0, 200.0, 200.0, 200.0, 200.0, 200.0, 200.0, 200.0, 200.0, 200.0, 200.0, 200.0, 200.0]",1,942.478,-0.14371,0.134009,-0.0143608,0.0,"[7.14558, 7.57776, 8.80277, 11.7625, 28.1035, 58.7235, 50.2483, 42.4646, 35.5998, 29.7932, 25.0591, 21.2997, 18.3557, 16.0583, 12.8412, 10.0904, 8.67131, 8.00979, 7.88646]",0.0495168,"[-1.56772, 1.88034, -1.19727, 2.05494]",0.345847
0.0,0.0653779,0.0,0.0,6.912,0.0,1957.37,-0.190308,94.0,1,"[200.0, 200.0, 200.0, 200.0, 200.0, 200.0, 200.0, 200.0, 200.0, 200.0, 200.0, 200.0, 200.0, 200.0, 200.0, 200.0, 200.0, 200.0, 200.0, 200.0, 200.0, 200.0, 200.0, 200.0, 200.0, 200.0, 200.0, 200.0, 200.0, 200.0, 200.0, 200.0, 200.0, 200.0, 200.0, 200.0]",1,942.478,-0.143262,0.134109,-0.0143352,0.0,"[7.14476, 7.57713, 8.80239, 11.7628, 28.1545, 58.714, 50.2397, 42.4572, 35.5939, 29.7886, 25.0557, 21.2974, 18.3542, 16.0573, 12.841, 10.0907, 8.67185, 8.01053, 7.88739]",0.0496338,"[0.932519, -1.16303, 2.27874, -1.02621]",0.345865
0.0,0.0653874,0.0,0.0,6.934,0.0,1957.37,-0.191162,94.0,1,"[200.0, 200.0, 200.0, 200.0, 200.0, 200.0, 200.0, 200.0, 200.0, 200.0, 200.0, 200.0, 200.0, 200.0, 200.0, 200.0, 200.0, 200.0, 200.0, 200.0, 200.0, 200.0, 200.0, 200.0, 200.0, 200.0, 200.0, 200.0, 200.0, 200.0, 200.0, 200.0, 200.0, 200.0, 200.0, 200.0]",1,942.478,-0.143553,0.133916,-0.0143693,0.0,"[7.14388, 7.57623, 8.80136, 11.7614, 28.1419, 58.7141, 50.2403, 42.458, 35.5949, 29.7899, 25.0571, 21.2987, 18.3555, 16.0586, 12.8422, 10.0917, 8.67277, 8.01139, 7.88827]",0.0497498,"[0.0993448, -0.149132, 2.2022, -1.07709]",0.34588
0.0,0.0653779,0.0,0.0,6.956,0.0,1957.37,-0.191895,94.0,-1,"[200.0, 200.0, 200.0, 200.0, 200.0, 200.0, 200.0, 200.0, 200.0, 200.0, 200.0, 200.0, 200.0, 200.0, 200.0, 200.0, 200.0, 200.0, 200.0, 200.0, 200.0, 200.0, 200.0, 200.0, 200.0, 200.0, 200.0, 200.0, 200.0, 200.0, 200.0, 200.0, 200.0, 200.0, 200.0, 200.0]",1,942.478,-0.144671,0.126714,-0.0143074,0.0,"[7.14302, 7.5753, 8.80023, 11.7597, 28.1178, 58.7163, 50.2425, 42.4604, 35.5973, 29.7922, 25.0593, 21.3008, 18.3574, 16.0603, 12.8436, 10.0929, 8.67373, 8.01227, 7.88912]",0.0498637,"[-2.39132, 2.88914, -0.947352, 1.7674]",0.345895
0.0,0.0654399,0.0,0.0,6.978,0.0,1957.37,-0.192749,94.0,-1,"[200.0, 200.0, 200.0, 200.0, 200.0, 200.0, 200.0, 200.0, 200.0, 200.0, 200.0, 200.0, 200.0, 200.0, 200.0, 200.0, 200.0, 200.0, 200.0, 200.0, 200.0, 200.0, 200.0, 200.0, 200.0, 200.0, 200.0, 200.0, 200.0, 200.0, 200.0, 200.0, 200.0, 200.0, 200.0, 200.0]",1,942.478,-0.144266,0.122255,-0.0138674,0.0,"[7.14223, 7.5746, 8.79962, 11.7593, 28.141, 58.7112, 50.238, 42.4567, 35.5944, 29.7901, 25.058, 21.3, 18.357, 16.0603, 12.8439, 10.0934, 8.67439, 8.013, 7.88997]",0.0499725,"[-1.56729, 1.87018, -0.885178, 1.79974]",0.345907
0.0,0.0654942,0.0,0.0,7.0,0.0,1957.37,-0.193604,94.0,-1,"[200.0, 200.0, 200.0, 200.0, 200.0, 200.0, 200.0, 200.0, 200.0, 200.0, 200.0, 200.0, 200.0, 200.0, 200.0, 200.0, 200.0, 200.0, 200.0, 200.0, 200.0, 200.0, 200.0, 200.0, 200.0, 200.0, 200.0, 200.0, 200.0, 200.0, 200.0, 200.0, 200.0, 200.0, 200.0, 200.0]",1,942.478,-0.143146,0.123539,-0.0134783,0.0,"[7.14145, 7.57389, 8.79897, 11.7589, 28.1598, 58.7068, 50.2342, 42.4536, 35.5921, 29.7885, 25.057, 21.2996, 18.3569, 16.0604, 12.8443, 10.094, 8.67506, 8.01375, 7.8908]",0.0500804,"[0.922154, -1.16489, 1.9829, -0.758045]",0.345921
0.0,0.0654465,0.0,0.0,7.022,0.0,1957.37,-0.194458,94.0,-1,"[200.0, 200.0, 200.0, 200.0, 200.0, 200.0, 200.0, 200.0, 200.0, 200.0, 200.0, 200.0, 200.0, 200.0, 200.0, 200.0, 200.0, 200.0, 200.0, 200.0, 200.0, 200.0, 200.0, 200.0, 200.0, 200.0, 200.0, 200.0, 200.0, 200.0, 200.0, 200.0, 200.0, 200.0, 200.0, 200.0]",1,942.478,-0.143035,0.12418,-0.013299,0.0,"[7.14062, 7.57288, 8.7976, 11.7565, 28.1105, 58.7127, 50.2401, 42.4592, 35.5973, 29.7931, 25.061, 21.303, 18.3598, 16.0629, 12.8462, 10.0954, 8.67613, 8.01464, 7.89159]",0.0501882,"[0.0922213, -0.146459, 1.9093, -0.802139]",0.345937
0.0,0.0653993,0.0,0.0,7.044,0.0,1957.36,-0.19519,94.0,-1,"[200.0, 200.0, 200.0, 200.0, 200.0, 200.0, 200.0, 200.0, 200.0, 200.0, 200.0, 200.0, 200.0, 200.0, 200.0, 200.0, 200.0, 200.0, 200.0, 200.0, 200.0, 200.0, 200.0, 200.0, 200.0, 200.0, 200.0, 200.0, 200.0, 200.0, 200.0, 200.0, 200.0, 200.0, 200.0, 200.0]",1,942.478,-0.143728,0.121737,-0.0131537,0.0,"[7.13979, 7.57189, 8.79626, 11.7542, 28.0633, 58.7185, 50.2458, 42.4646, 35.6023, 29.7976, 25.0649, 21.3063, 18.3627, 16.0654, 12.8481, 10.0967, 8.67717, 8.01553, 7.89236]",0.050295,"[-2.39759, 2.89014, -0.96879, 1.74484]",0.345953
0.0,0.0654523,0.0,0.0,7.066,0.0,1957.36,-0.196045,94.0,-1,"[200.0, 200.0, 200.0, 200.0, 200.0, 200.0, 200.0, 200.0, 200.0, 200.0, 200.0, 200.0, 200.0, 200.0, 200.0, 200.0, 200.0, 200.0, 200.0, 200.0, 200.0, 200.0, 200.0, 200.0, 200.0, 200.0, 200.0, 200.0, 200.0, 200.0, 200.0, 200.0, 200.0, 200.0, 200.0, 200.0]",1,942.478,-0.14333,0.121277,-0.0130774,0.0,"[7.13902, 7.57118, 8.79561, 11.7537, 28.0806, 58.7143, 50.2422, 42.4617, 35.6, 29.7961, 25.064, 21.3059, 18.3626, 16.0655, 12.8485, 10.0973, 8.67784, 8.01626, 7.8932]",0.0504018,"[-1.56695, 1.87251, -0.907652, 1.77709]",0.345969
0.0,0.0655057,0.0,0.0,7.088,0.0,1957.36,-0.196899,94.0,-1,"[200.0, 200.0, 200.0, 200.0, 200.0, 200.0, 200.0, 200.0, 200.0, 200.0, 200.0, 200.0, 200.0, 200.0, 200.0, 200.0, 200.0, 200.0, 200.0, 200.0, 200.0, 200.0, 200.0, 200.0, 200.0, 200.0, 200.0, 200.0, 200.0, 200.0, 200.0, 200.0, 200.0, 200.0, 200.0, 200.0]",1,942.478,-0.142339,0.123533,-0.0130458,0.0,"[7.13823, 7.57048, 8.79496, 11.7532, 28.0983, 58.71, 50.2385, 42.4587, 35.5978, 29.7946, 25.0631, 21.3055, 18.3625, 16.0657, 12.849, 10.0979, 8.67853, 8.01701, 7.89404]",0.0505096,"[0.924264, -1.1625, 1.95972, -0.77729]",0.345986
0.0,0.0654594,0.0,0.0,7.11,0.0,1957.36,-0.197754,94.0,-1,"[200.0, 200.0, 200.0, 200.0, 200.0, 200.0, 200.0, 200.0, 200.0, 200.0, 200.0, 200.0, 200.0, 200.0, 200.0, 200.0, 200.0, 200.0, 200.0, 200.0, 200.0, 200.0, 200.0, 200.0, 200.0, 200.0, 200.0, 200.0, 200.0, 200.0, 200.0, 200.0, 200.0, 200.0, 200.0, 200.0]",1,942.478,-0.142304,0.124547,-0.0131183,0.0,"[7.13741, 7.56948, 8.79362, 11.751, 28.0517, 58.7158, 50.2441, 42.4641, 35.6028, 29.799, 25.067, 21.3088, 18.3654, 16.0682, 12.8508, 10.0992, 8.67957, 8.01789, 7.89481]",0.0506165,"[0.0937788, -0.149857, 1.89141, -0.820567]",0.346002
0.0,0.0654141,0.0,0.0,7.132,0.0,1957.36,-0.198486,94.0,-1,"[200.0, 200.0, 200.0, 200.0, 200.0, 200.0, 200.0, 200.0, 200.0, 200.0, 200.0, 200.0, 200.0, 200.0, 200.0, 200.0, 200.0, 200.0, 200.0, 200.0, 200.0, 200.0, 200.0, 200.0, 200.0, 200.0, 200.0, 200.0, 200.0, 200.0, 200.0, 200.0, 200.0, 200.0, 200.0, 200.0]",1,942.478,-0.143308,0.122408,-0.0131665,0.0,"[7.13658, 7.5685, 8.79229, 11.7487, 28.0062, 58.7214, 50.2497, 42.4694, 35.6077, 29.8034, 25.0708, 21.3122, 18.3682, 16.0706, 12.8527, 10.1006, 8.68061, 8.01876, 7.89559]",0.0507233,"[-2.39739, 2.88943, -0.980729, 1.73175]",0.346017
0.0,0.065469,0.0,0.0,7.154,0.0,1957.36,-0.199341,94.0,-1,"[200.0, 200.0, 200.0, 200.0, 200.0, 200.0, 200.0, 200.0, 200.0, 200.0, 200.0, 200.0, 200.0, 200.0, 200.0, 200.0, 200.0, 200.0, 200.0, 200.0, 200.0, 200.0, 200.0, 200.0, 200.0, 200.0, 200.0, 200.0, 200.0, 200.0, 200.0, 200.0, 200.0, 200.0, 200.0, 200.0]",1,942.478,-0.143153,0.121345,-0.0131318,0.0,"[7.1358, 7.56779, 8.79165, 11.7482, 28.0242, 58.717, 50.2458, 42.4663, 35.6053, 29.8018, 25.0698, 21.3116, 18.3681, 16.0707, 12.8531, 10.1012, 8.68129, 8.01951, 7.89642]",0.0508311,"[-1.56967, 1.87409, -0.91653, 1.76979]",0.346033
0.0,0.0655238,0.0,0.0,7.176,0.0,1957.36,-0.200195,94.0,-1,"[200.0, 200.0, 200.0, 200.0, 200.0, 200.0, 200.0, 200.0, 200.0, 200.0, 200.0, 200.0, 200.0, 200.0, 200.0, 200.0, 200.0, 200.0, 200.0, 200.0, 200.0, 200.0, 200.0, 200.0, 200.0, 200.0, 200.0, 200.0, 200.0, 200.0, 200.0, 200.0, 200.0, 200.0, 200.0, 200.0]",1,942.478,-0.142206,0.123727,-0.0131241,0.0,"[7.13502, 7.56709, 8.79101, 11.7477, 28.0424, 58.7126, 50.242, 42.4631, 35.603, 29.8002, 25.0688, 21.3111, 18.3679, 16.0708, 12.8535, 10.1017, 8.68195, 8.02024, 7.89726]",0.0509379,"[0.922526, -1.16358, 1.9533, -0.784508]",0.346048
0.0,0.065479,0.0,0.0,7.198,0.0,1957.36,-0.20105,94.0,-1,"[200.0, 200.0, 200.0, 200.0, 200.0, 200.0, 200.0, 200.0, 200.0, 200.0, 200.0, 200.0, 200.0, 200.0, 200.0, 200.0, 200.0, 200.0, 200.0, 200.0, 200.0, 200.0, 200.0, 200.0, 200.0, 200.0, 200.0, 200.0, 200.0, 200.0, 200.0, 200.0, 200.0, 200.0, 200.0, 200.0]",1,942.478,-0.142303,0.124311,-0.0131697,0.0,"[7.13419, 7.5661, 8.78967, 11.7455, 27.9974, 58.7182, 50.2475, 42.4685, 35.6079, 29.8045, 25.0727, 21.3144, 18.3708, 16.0732, 12.8553, 10.1031, 8.68299, 8.02112, 7.89804]",0.0510447,"[0.0976518, -0.143909, 1.88287, -0.828631]",0.346062
0.0,0.0654351,0.0,0.0,7.22,0.0,1957.36,-0.201782,94.0,-1,"[200.0, 200.0, 200.0, 200.0, 200.0, 200.0, 200.0, 200.0, 200.0, 200.0, 200.0, 200.0, 200.0, 200.0, 200.0, 200.0, 200.0, 200.0, 200.0, 200.0, 200.0, 200.0, 200.0, 200.0, 200.0, 200.0, 200.0, 200.0, 200.0, 200.0, 200.0, 200.0, 200.0, 200.0, 200.0, 200.0]",1,942.478,-0.143155,0.122343,-0.0132584,0.0,"[7.13337, 7.56511, 8.78836, 11.7432, 27.9537, 58.7237, 50.253, 42.4737, 35.6127, 29.8089, 25.0764, 21.3177, 18.3736, 16.0756, 12.8572, 10.1044, 8.68404, 8.02201, 7.89883]",0.0511525,"[-2.40346, 2.89368, -0.989296, 1.72546]",0.346077
0.0,0.0654904,0.0,0.0,7.242,0.0,1957.36,-0.202637,94.0,-1,"[200.0, 200.0, 200.0, 200.0, 200.0, 200.0, 200.0, 200.0, 200.0, 200.0, 200.0, 200.0, 200.0, 200.0, 200.0, 200.0, 200.0, 200.0, 200.0, 200.0, 200.0, 200.0, 200.0, 200.0, 200.0, 200.0, 200.0, 200.0, 200.0, 200.0, 200.0, 200.0, 200.0, 200.0, 200.0, 200.0]",1,942.478,-0.143217,0.121195,-0.0132664,0.0,"[7.13258, 7.56441, 8.7877, 11.7427, 27.9718, 58.7192, 50.2491, 42.4705, 35.6103, 29.8072, 25.0754, 21.3172, 18.3734, 16.0757, 12.8576, 10.105, 8.6847, 8.02274, 7.89967]",0.0512604,"[-1.56879, 1.87618, -0.920338, 1.76414]",0.346093
0.0,0.0655467,0.0,0.0,7.264,0.0,1957.36,-0.203491,94.0,-1,"[200.0, 200.0, 200.0, 200.0, 200.0, 200.0, 200.0, 200.0, 200.0, 200.0, 200.0, 200.0, 200.0, 200.0, 200.0, 200.0, 200.0, 200.0, 200.0, 200.0, 200.0, 200.0, 200.0, 200.0, 200.0, 200.0, 200.0, 200.0, 200.0, 200.0, 200.0, 200.0, 200.0, 200.0, 200.0, 200.0]",1,942.478,-0.142272,0.123709,-0.0132689,0.0,"[7.13181, 7.56372, 8.78708, 11.7423, 27.9904, 58.7147, 50.2451, 42.4672, 35.6078, 29.8055, 25.0744, 21.3166, 18.3733, 16.0758, 12.8579, 10.1055, 8.68536, 8.02348, 7.9005]",0.0513672,"[0.926365, -1.15808, 1.94536, -0.790363]",0.346107
0.0,0.0655023,0.0,0.0,7.286,0.0,1957.36,-0.204224,94.0,-1,"[200.0, 200.0, 200.0, 200.0, 200.0, 200.0, 200.0, 200.0, 200.0, 200.0, 200.0, 200.0, 200.0, 200.0, 200.0, 200.0, 200.0, 200.0, 200.0, 200.0, 200.0, 200.0, 200.0, 200.0, 200.0, 200.0, 200.0, 200.0, 200.0, 200.0, 200.0, 200.0, 200.0, 200.0, 200.0, 200.0]",1,942.478,-0.142241,0.125009,-0.0133703,0.0,"[7.13097, 7.56271, 8.78574, 11.74, 27.9463, 58.7202, 50.2506, 42.4725, 35.6127, 29.8099, 25.0782, 21.3199, 18.376, 16.0783, 12.8598, 10.1069, 8.68642, 8.02437, 7.90128]",0.051475,"[0.093184, -0.141936, 1.87785, -0.834828]",0.346122
0.0,0.0654604,0.0,0.0,7.308,0.0,1957.36,-0.205078,94.0,-1,"[200.0, 200.0, 200.0, 200.0, 200.0, 200.0, 200.0, 200.0, 200.0, 200.0, 200.0, 200.0, 200.0, 200.0, 200.0, 200.0, 200.0, 200.0, 200.0, 200.0, 200.0, 200.0, 200.0, 200.0, 200.0, 200.0, 200.0, 200.0, 200.0, 200.0, 200.0, 200.0, 200.0, 200.0, 200.0, 200.0]",1,942.478,-0.142822,0.122352,-0.0135436,0.0,"[7.13014, 7.56174, 8.78443, 11.7378, 27.905, 58.7255, 50.2558, 42.4775, 35.6173, 29.8141, 25.0818, 21.3231, 18.3788, 16.0806, 12.8616, 10.1082, 8.68745, 8.02524, 7.90207]",0.0515818,"[-2.40664, 2.88983, -0.997258, 1.71436]",0.346136
0.0,0.0655176,0.0,0.0,7.33,0.0,1957.35,-0.205933,94.0,-1,"[200.0, 200.0, 200.0, 200.0, 200.0, 200.0, 200.0, 200.0, 200.0, 200.0, 200.0, 200.0, 200.0, 200.0, 200.0, 200.0, 200.0, 200.0, 200.0, 200.0, 200.0, 200.0, 200.0, 200.0, 200.0, 200.0, 200.0, 200.0, 200.0, 200.0, 200.0, 200.0, 200.0, 200.0, 200.0, 200.0]",1,942.478,-0.142588,0.12207,-0.0135202,0.0,"[7.12937, 7.56104, 8.7838, 11.7374, 27.9236, 58.7209, 50.2518, 42.4742, 35.6148, 29.8123, 25.0807, 21.3225, 18.3786, 16.0807, 12.862, 10.1088, 8.68811, 8.02598, 7.9029]",0.0516897,"[-1.57163, 1.87407, -0.937379, 1.74796]",0.34615
0.0,0.0655753,0.0,0.0,7.352,0.0,1957.35,-0.206787,94.0,-1,"[200.0, 200.0, 200.0, 200.0, 200.0, 200.0, 200.0, 200.0, 200.0, 200.0, 200.0, 200.0, 200.0, 200.0, 200.0, 200.0, 200.0, 200.0, 200.0, 200.0, 200.0, 200.0, 200.0, 200.0, 200.0, 200.0, 200.0, 200.0, 200.0, 200.0, 200.0, 200.0, 200.0, 200.0, 200.0, 200.0]",1,942.478,-0.141575,0.124486,-0.0134512,0.0,"[7.12857, 7.56033, 8.78317, 11.737, 27.9421, 58.7162, 50.2477, 42.4708, 35.6123, 29.8105, 25.0796, 21.3219, 18.3784, 16.0807, 12.8624, 10.1093, 8.6888, 8.02672, 7.90375]",0.0517985,"[0.928525, -1.16278, 1.92671, -0.810777]",0.346164
0.0,0.0655338,0.0,0.0,7.374,0.0,1957.35,-0.207642,94.0,-1,"[200.0, 200.0, 200.0, 200.0, 200.0, 200.0, 200.0, 200.0, 200.0, 200.0, 200.0, 200.0, 200.0, 200.0, 200.0, 200.0, 200.0, 200.0, 200.0, 200.0, 200.0, 200.0, 200.0, 200.0, 200.0, 200.0, 200.0, 200.0, 200.0, 200.0, 200.0, 200.0, 200.0, 200.0, 200.0, 200.0]",1,942.478,-0.141767,0.125074,-0.0135116,0.0,"[7.12776, 7.55935, 8.78186, 11.7348, 27.9013, 58.7214, 50.2529, 42.4758, 35.6169, 29.8147, 25.0833, 21.3251, 18.3811, 16.0831, 12.8641, 10.1106, 8.68981, 8.02759, 7.90453]",0.0519053,"[0.0976703, -0.146159, 1.86145, -0.85147]",0.346177
0.0,0.0654923,0.0,0.0,7.396,0.0,1957.35,-0.208374,94.0,-1,"[200.0, 200.0, 200.0, 200.0, 200.0, 200.0, 200.0, 200.0, 200.0, 200.0, 200.0, 200.0, 200.0, 200.0, 200.0, 200.0, 200.0, 200.0, 200.0, 200.0, 200.0, 200.0, 200.0, 200.0, 200.0, 200.0, 200.0, 200.0, 200.0, 200.0, 200.0, 200.0, 200.0, 200.0, 200.0, 200.0]",1,942.478,-0.142767,0.122788,-0.0135781,0.0,"[7.12691, 7.55836, 8.78054, 11.7325, 27.8602, 58.7267, 50.2581, 42.4808, 35.6215, 29.8189, 25.087, 21.3282, 18.3839, 16.0855, 12.866, 10.112, 8.69085, 8.02849, 7.90533]",0.0520142,"[-2.40144, 2.89212, -1.00959, 1.70445]",0.346191
0.0,0.065551,0.0,0.0,7.418,0.0,1957.35,-0.209229,94.0,-1,"[200.0, 200.0, 200.0, 200.0, 200.0, 200.0, 200.0, 200.0, 200.0, 200.0, 200.0, 200.0, 200.0, 200.0, 200.0, 200.0, 200.0, 200.0, 200.0, 200.0, 200.0, 200.0, 200.0, 200.0, 200.0, 200.0, 200.0, 200.0, 200.0, 200.0, 200.0, 200.0, 200.0, 200.0, 200.0, 200.0]",1,942.478,-0.142772,0.122335,-0.0134922,0.0,"[7.12614, 7.55768, 8.77993, 11.7321, 27.8795, 58.722, 50.2539, 42.4774, 35.6189, 29.817, 25.0858, 21.3276, 18.3836, 16.0855, 12.8663, 10.1125, 8.69151, 8.02922, 7.90617]",0.052121,"[-1.56292, 1.87525, -0.94573, 1.74241]",0.346203
0.0,0.0656077,0.0,0.0,7.44,0.0,1957.35,-0.210083,94.0,-1,"[200.0, 200.0, 200.0, 200.0, 200.0, 200.0, 200.0, 200.0, 200.0, 200.0, 200.0, 200.0, 200.0, 200.0, 200.0, 200.0, 200.0, 200.0, 200.0, 200.0, 200.0, 200.0, 200.0, 200.0, 200.0, 200.0, 200.0, 200.0, 200.0, 200.0, 200.0, 200.0, 200.0, 200.0, 200.0, 200.0]",1,942.478,-0.141947,0.124218,-0.0134554,0.0,"[7.12536, 7.55697, 8.7793, 11.7317, 27.8975, 58.7173, 50.25, 42.4741, 35.6164, 29.8153, 25.0847, 21.327, 18.3834, 16.0856, 12.8667, 10.1131, 8.69218, 8.02996, 7.90699]",0.0522288,"[0.923172, -1.15927, 1.92869, -0.810469]",0.346216
0.0,0.0655662,0.0,0.0,7.462,0.0,1957.35,-0.210938,94.0,-1,"[200.0, 200.0, 200.0, 200.0, 200.0, 200.0, 200.0, 200.0, 200.0, 200.0, 200.0, 200.0, 200.0, 200.0, 200.0, 200.0, 200.0, 200.0, 200.0, 200.0, 200.0, 200.0, 200.0, 200.0, 200.0, 200.0, 200.0, 200.0, 200.0, 200.0, 200.0, 200.0, 200.0, 200.0, 200.0, 200.0]",1,942.478,-0.141963,0.124672,-0.0135026,0.0,"[7.12453, 7.55598, 8.77798, 11.7295, 27.8568, 58.7226, 50.2552, 42.4791, 35.6211, 29.8195, 25.0884, 21.3302, 18.3861, 16.0879, 12.8685, 10.1144, 8.6932, 8.03083, 7.90778]",0.0523366,"[0.090615, -0.143231, 1.85853, -0.851766]",0.34623
0.0,0.0655257,0.0,0.0,7.484,0.0,1957.35,-0.21167,94.0,-1,"[200.0, 200.0, 200.0, 200.0, 200.0, 200.0, 200.0, 200.0, 200.0, 200.0, 200.0, 200.0, 200.0, 200.0, 200.0, 200.0, 200.0, 200.0, 200.0, 200.0, 200.0, 200.0, 200.0, 200.0, 200.0, 200.0, 200.0, 200.0, 200.0, 200.0, 200.0, 200.0, 200.0, 200.0, 200.0, 200.0]",1,942.478,-0.142712,0.122793,-0.0135222,0.0,"[7.1237, 7.55501, 8.77667, 11.7273, 27.8172, 58.7277, 50.2602, 42.484, 35.6256, 29.8236, 25.092, 21.3333, 18.3888, 16.0902, 12.8703, 10.1157, 8.69424, 8.03172, 7.90858]",0.0524445,"[-2.39552, 2.8884, -1.01747, 1.69549]",0.346242
0.0,0.0655839,0.0,0.0,7.506,0.0,1957.35,-0.212524,94.0,-1,"[200.0, 200.0, 200.0, 200.0, 200.0, 200.0, 200.0, 200.0, 200.0, 200.0, 200.0, 200.0, 200.0, 200.0, 200.0, 200.0, 200.0, 200.0, 200.0, 200.0, 200.0, 200.0, 200.0, 200.0, 200.0, 200.0, 200.0, 200.0, 200.0, 200.0, 200.0, 200.0, 200.0, 200.0, 200.0, 200.0]",1,942.478,-0.142372,0.122634,-0.0135327,0.0,"[7.12292, 7.55431, 8.77606, 11.7269, 27.8358, 58.723, 50.2562, 42.4806, 35.6231, 29.8218, 25.0909, 21.3327, 18.3886, 16.0903, 12.8706, 10.1163, 8.69491, 8.03244, 7.90941]",0.0525523,"[-1.57294, 1.87249, -0.957228, 1.73114]",0.346256
0.0,0.0656411,0.0,0.0,7.528,0.0,1957.35,-0.213379,94.0,-1,"[200.0, 200.0, 200.0, 200.0, 200.0, 200.0, 200.0, 200.0, 200.0, 200.0, 200.0, 200.0, 200.0, 200.0, 200.0, 200.0, 200.0, 200.0, 200.0, 200.0, 200.0, 200.0, 200.0, 200.0, 200.0, 200.0, 200.0, 200.0, 200.0, 200.0, 200.0, 200.0, 200.0, 200.0, 200.0, 200.0]",1,942.478,-0.141847,0.124648,-0.0134643,0.0,"[7.12213, 7.5536, 8.77541, 11.7264, 27.8537, 58.7184, 50.2521, 42.4773, 35.6205, 29.82, 25.0898, 21.3321, 18.3884, 16.0904, 12.871, 10.1168, 8.69558, 8.0332, 7.91026]",0.0526611,"[0.923438, -1.16492, 1.91874, -0.817758]",0.346269
0.0,0.0656001,0.0,0.0,7.55,0.0,1957.35,-0.214111,94.0,-1,"[200.0, 200.0, 200.0, 200.0, 200.0, 200.0, 200.0, 200.0, 200.0, 200.0, 200.0, 200.0, 200.0, 200.0, 200.0, 200.0, 200.0, 200.0, 200.0, 200.0, 200.0, 200.0, 200.0, 200.0, 200.0, 200.0, 200.0, 200.0, 200.0, 200.0, 200.0, 200.0, 200.0, 200.0, 200.0, 200.0]",1,942.478,-0.141716,0.125109,-0.0134612,0.0,"[7.12129, 7.55261, 8.77411, 11.7242, 27.8136, 58.7236, 50.2573, 42.4823, 35.6252, 29.8242, 25.0934, 21.3353, 18.3911, 16.0927, 12.8728, 10.1181, 8.69661, 8.03409, 7.91105]",0.052769,"[0.0948218, -0.155429, 1.85066, -0.864611]",0.346281
0.0,0.0655581,0.0,0.0,7.572,0.0,1957.35,-0.214966,94.0,-1,"[200.0, 200.0, 200.0, 200.0, 200.0, 200.0, 200.0, 200.0, 200.0, 200.0, 200.0, 200.0, 200.0, 200.0, 200.0, 200.0, 200.0, 200.0, 200.0, 200.0, 200.0, 200.0, 200.0, 200.0, 200.0, 200.0, 200.0, 200.0, 200.0, 200.0, 200.0, 200.0, 200.0, 200.0, 200.0, 200.0]",1,942.478,-0.142464,0.123449,-0.0135998,0.0,"[7.12046, 7.55161, 8.77277, 11.722, 27.7736, 58.7289, 50.2626, 42.4874, 35.6299, 29.8284, 25.0971, 21.3385, 18.3939, 16.0951, 12.8746, 10.1195, 8.69766, 8.03497, 7.91184]",0.0528778,"[-2.40673, 2.87874, -1.02552, 1.6902]",0.346295
0.0,0.0656153,0.0,0.0,7.594,0.0,1957.34,-0.21582,94.0,-1,"[200.0, 200.0, 200.0, 200.0, 200.0, 200.0, 200.0, 200.0, 200.0, 200.0, 200.0, 200.0, 200.0, 200.0, 200.0, 200.0, 200.0, 200.0, 200.0, 200.0, 200.0, 200.0, 200.0, 200.0, 200.0, 200.0, 200.0, 200.0, 200.0, 200.0, 200.0, 200.0, 200.0, 200.0, 200.0, 200.0]",1,942.478,-0.142676,0.122324,-0.0135365,0.0,"[7.11967, 7.55091, 8.77214, 11.7216, 27.7914, 58.7243, 50.2585, 42.484, 35.6273, 29.8266, 25.096, 21.3379, 18.3937, 16.0952, 12.875, 10.12, 8.69832, 8.03571, 7.91268]",0.0529856,"[-1.57557, 1.8711, -0.957797, 1.7295]",0.346307
0.0,0.065675,0.0,0.0,7.616,0.0,1957.34,-0.216675,94.0,-1,"[200.0, 200.0, 200.0, 200.0, 200.0, 200.0, 200.0, 200.0, 200.0, 200.0, 200.0, 200.0, 200.0, 200.0, 200.0, 200.0, 200.0, 200.0, 200.0, 200.0, 200.0, 200.0, 200.0, 200.0, 200.0, 200.0, 200.0, 200.0, 200.0, 200.0, 200.0, 200.0, 200.0, 200.0, 200.0, 200.0]",1,942.478,-0.141868,0.124532,-0.0134485,0.0,"[7.11889, 7.55022, 8.77151, 11.7211, 27.8102, 58.7194, 50.2542, 42.4806, 35.6246, 29.8248, 25.0948, 21.3373, 18.3934, 16.0952, 12.8754, 10.1206, 8.69898, 8.03646, 7.91354]",0.0530945,"[0.924478, -1.16111, 1.91002, -0.827527]",0.346319
0.0,0.065633,0.0,0.0,7.638,0.0,1957.34,-0.217529,94.0,-1,"[200.0, 200.0, 200.0, 200.0, 200.0, 200.0, 200.0, 200.0, 200.0, 200.0, 200.0, 200.0, 200.0, 200.0, 200.0, 200.0, 200.0, 200.0, 200.0, 200.0, 200.0, 200.0, 200.0, 200.0, 200.0, 200.0, 200.0, 200.0, 200.0, 200.0, 200.0, 200.0, 200.0, 200.0, 200.0, 200.0]",1,942.478,-0.14198,0.125563,-0.013495,0.0,"[7.11805, 7.54923, 8.7702, 11.7189, 27.7704, 58.7247, 50.2595, 42.4856, 35.6293, 29.829, 25.0985, 21.3405, 18.3962, 16.0976, 12.8772, 10.1219, 8.70003, 8.03733, 7.91432]",0.0532023,"[0.0884848, -0.148609, 1.84653, -0.867004]",0.346331
0.0,0.0655925,0.0,0.0,7.66,0.0,1957.34,-0.218262,94.0,-1,"[200.0, 200.0, 200.0, 200.0, 200.0, 200.0, 200.0, 200.0, 200.0, 200.0, 200.0, 200.0, 200.0, 200.0, 200.0, 200.0, 200.0, 200.0, 200.0, 200.0, 200.0, 200.0, 200.0, 200.0, 200.0, 200.0, 200.0, 200.0, 200.0, 200.0, 200.0, 200.0, 200.0, 200.0, 200.0, 200.0]",1,942.478,-0.142975,0.12288,-0.0135292,0.0,"[7.11722, 7.54825, 8.7689, 11.7167, 27.7319, 58.7298, 50.2646, 42.4905, 35.6339, 29.8331, 25.1021, 21.3436, 18.3989, 16.0999, 12.879, 10.1232, 8.70105, 8.03821, 7.91511]",0.0533101,"[-2.40154, 2.88219, -1.02571, 1.68828]",0.346343
0.0,0.0656516,0.0,0.0,7.682,0.0,1957.34,-0.219116,94.0,-1,"[200.0, 200.0, 200.0, 200.0, 200.0, 200.0, 200.0, 200.0, 200.0, 200.0, 200.0, 200.0, 200.0, 200.0, 200.0, 200.0, 200.0, 200.0, 200.0, 200.0, 200.0, 200.0, 200.0, 200.0, 200.0, 200.0, 200.0, 200.0, 200.0, 200.0, 200.0, 200.0, 200.0, 200.0, 200.0, 200.0]",1,942.478,-0.142746,0.12262,-0.0134769,0.0,"[7.11643, 7.54754, 8.76828, 11.7163, 27.7502, 58.725, 50.2604, 42.487, 35.6312, 29.8312, 25.101, 21.3429, 18.3987, 16.0999, 12.8793, 10.1238, 8.70173, 8.03896, 7.91595]",0.053419,"[-1.57111, 1.87105, -0.967811, 1.72356]",0.346355
0.0,0.0657098,0.0,0.0,7.704,0.0,1957.34,-0.219971,94.0,-1,"[200.0, 200.0, 200.0, 200.0, 200.0, 200.0, 200.0, 200.0, 200.0, 200.0, 200.0, 200.0, 200.0, 200.0, 200.0, 200.0, 200.0, 200.0, 200.0, 200.0, 200.0, 200.0, 200.0, 200.0, 200.0, 200.0, 200.0, 200.0, 200.0, 200.0, 200.0, 200.0, 200.0, 200.0, 200.0, 200.0]",1,942.478,-0.141926,0.124564,-0.0134618,0.0,"[7.11565, 7.54684, 8.76764, 11.7159, 27.7683, 58.7204, 50.2563, 42.4837, 35.6287, 29.8294, 25.0998, 21.3423, 18.3984, 16.1, 12.8797, 10.1244, 8.70238, 8.03971, 7.91679]",0.0535268,"[0.924293, -1.15818, 1.90291, -0.83576]",0.346367
0.0,0.0656697,0.0,0.0,7.726,0.0,1957.34,-0.220703,94.0,-1,"[200.0, 200.0, 200.0, 200.0, 200.0, 200.0, 200.0, 200.0, 200.0, 200.0, 200.0, 200.0, 200.0, 200.0, 200.0, 200.0, 200.0, 200.0, 200.0, 200.0, 200.0, 200.0, 200.0, 200.0, 200.0, 200.0, 200.0, 200.0, 200.0, 200.0, 200.0, 200.0, 200.0, 200.0, 200.0, 200.0]",1,942.478,-0.142255,0.124976,-0.0134765,0.0,"[7.11481, 7.54586, 8.76633, 11.7137, 27.7299, 58.7254, 50.2613, 42.4885, 35.6332, 29.8335, 25.1034, 21.3454, 18.4011, 16.1023, 12.8815, 10.1257, 8.70342, 8.04059, 7.91759]",0.0536357,"[0.0946978, -0.147868, 1.84202, -0.872673]",0.346379
0.0,0.0656287,0.0,0.0,7.748,0.0,1957.34,-0.221558,94.0,-1,"[200.0, 200.0, 200.0, 200.0, 200.0, 200.0, 200.0, 200.0, 200.0, 200.0, 200.0, 200.0, 200.0, 200.0, 200.0, 200.0, 200.0, 200.0, 200.0, 200.0, 200.0, 200.0, 200.0, 200.0, 200.0, 200.0, 200.0, 200.0, 200.0, 200.0, 200.0, 200.0, 200.0, 200.0, 200.0, 200.0]",1,942.478,-0.143147,0.12326,-0.0135281,0.0,"[7.11398, 7.54488, 8.76504, 11.7115, 27.6913, 58.7306, 50.2666, 42.4935, 35.6378, 29.8376, 25.1071, 21.3486, 18.4038, 16.1046, 12.8833, 10.127, 8.70445, 8.04146, 7.91837]",0.0537425,"[-2.41011, 2.87718, -1.02634, 1.68868]",0.34639
0.0,0.0656859,0.0,0.0,7.77,0.0,1957.34,-0.222412,94.0,-1,"[200.0, 200.0, 200.0, 200.0, 200.0, 200.0, 200.0, 200.0, 200.0, 200.0, 200.0, 200.0, 200.0, 200.0, 200.0, 200.0, 200.0, 200.0, 200.0, 200.0, 200.0, 200.0, 200.0, 200.0, 200.0, 200.0, 200.0, 200.0, 200.0, 200.0, 200.0, 200.0, 200.0, 200.0, 200.0, 200.0]",1,942.478,-0.143097,0.122507,-0.0135082,0.0,"[7.1132, 7.54417, 8.7644, 11.7111, 27.709, 58.726, 50.2625, 42.4902, 35.6352, 29.8359, 25.106, 21.348, 18.4036, 16.1047, 12.8837, 10.1275, 8.70512, 8.0422, 7.91923]",0.0538513,"[-1.57319, 1.86306, -0.964014, 1.72411]",0.346402
0.0,0.0657436,0.0,0.0,7.792,0.0,1957.34,-0.223267,94.0,-1,"[200.0, 200.0, 200.0, 200.0, 200.0, 200.0, 200.0, 200.0, 200.0, 200.0, 200.0, 200.0, 200.0, 200.0, 200.0, 200.0, 200.0, 200.0, 200.0, 200.0, 200.0, 200.0, 200.0, 200.0, 200.0, 200.0, 200.0, 200.0, 200.0, 200.0, 200.0, 200.0, 200.0, 200.0, 200.0, 200.0]",1,942.478,-0.142082,0.124588,-0.0134428,0.0,"[7.11242, 7.54348, 8.76377, 11.7107, 27.7261, 58.7213, 50.2584, 42.4868, 35.6327, 29.8341, 25.1048, 21.3474, 18.4034, 16.1048, 12.884, 10.1281, 8.70578, 8.04293, 7.92006]",0.0539591,"[0.928372, -1.16097, 1.89752, -0.840887]",0.346412
0.0,0.0657031,0.0,0.0,7.814,0.0,1957.34,-0.223999,94.0,-1,"[200.0, 200.0, 200.0, 200.0, 200.0, 200.0, 200.0, 200.0, 200.0, 200.0, 200.0, 200.0, 200.0, 200.0, 200.0, 200.0, 200.0, 200.0, 200.0, 200.0, 200.0, 200.0, 200.0, 200.0, 200.0, 200.0, 200.0, 200.0, 200.0, 200.0, 200.0, 200.0, 200.0, 200.0, 200.0, 200.0]",1,942.478,-0.142129,0.125334,-0.0134763,0.0,"[7.11158, 7.54248, 8.76245, 11.7084, 27.6876, 58.7265, 50.2636, 42.4918, 35.6373, 29.8382, 25.1085, 21.3506, 18.4061, 16.1071, 12.8858, 10.1294, 8.70683, 8.04383, 7.92085]",0.054068,"[0.0904194, -0.150593, 1.83244, -0.879783]",0.346423
0.0,0.0656626,0.0,0.0,7.836,0.0,1957.34,-0.224854,94.0,-1,"[200.0, 200.0, 200.0, 200.0, 200.0, 200.0, 200.0, 200.0, 200.0, 200.0, 200.0, 200.0, 200.0, 200.0, 200.0, 200.0, 200.0, 200.0, 200.0, 200.0, 200.0, 200.0, 200.0, 200.0, 200.0, 200.0, 200.0, 200.0, 200.0, 200.0, 200.0, 200.0, 200.0, 200.0, 200.0, 200.0]",1,942.478,-0.143109,0.123504,-0.0135971,0.0,"[7.11075, 7.5415, 8.76114, 11.7062, 27.6504, 58.7316, 50.2686, 42.4967, 35.6419, 29.8424, 25.1121, 21.3537, 18.4088, 16.1095, 12.8876, 10.1307, 8.70786, 8.04471, 7.92165]",0.0541758,"[-2.40682, 2.87873, -1.03651, 1.67732]",0.346434
0.0,0.0657222,0.0,0.0,7.858,0.0,1957.33,-0.225708,94.0,-1,"[200.0, 200.0, 200.0, 200.0, 200.0, 200.0, 200.0, 200.0, 200.0, 200.0, 200.0, 200.0, 200.0, 200.0, 200.0, 200.0, 200.0, 200.0, 200.0, 200.0, 200.0, 200.0, 200.0, 200.0, 200.0, 200.0, 200.0, 200.0, 200.0, 200.0, 200.0, 200.0, 200.0, 200.0, 200.0, 200.0]",1,942.478,-0.143176,0.1227,-0.0135375,0.0,"[7.10996, 7.5408, 8.76052, 11.7058, 27.6684, 58.7268, 50.2644, 42.4932, 35.6392, 29.8405, 25.1109, 21.353, 18.4085, 16.1095, 12.888, 10.1313, 8.70852, 8.04545, 7.92249]",0.0542847,"[-1.57249, 1.86515, -0.972437, 1.71646]",0.346445
0.0,0.0657803,0.0,0.0,7.88,0.0,1957.33,-0.226563,94.0,-1,"[200.0, 200.0, 200.0, 200.0, 200.0, 200.0, 200.0, 200.0, 200.0, 200.0, 200.0, 200.0, 200.0, 200.0, 200.0, 200.0, 200.0, 200.0, 200.0, 200.0, 200.0, 200.0, 200.0, 200.0, 200.0, 200.0, 200.0, 200.0, 200.0, 200.0, 200.0, 200.0, 200.0, 200.0, 200.0, 200.0]",1,942.478,-0.142318,0.124738,-0.0134758,0.0,"[7.10917, 7.5401, 8.75988, 11.7054, 27.6858, 58.7221, 50.2603, 42.4898, 35.6366, 29.8386, 25.1097, 21.3525, 18.4083, 16.1095, 12.8884, 10.1319, 8.70919, 8.0462, 7.92334]",0.0543935,"[0.928947, -1.16243, 1.89222, -0.843568]",0.346456
0.0,0.0657393,0.0,0.0,7.902,0.0,1957.33,-0.227295,94.0,-1,"[200.0, 200.0, 200.0, 200.0, 200.0, 200.0, 200.0, 200.0, 200.0, 200.0, 200.0, 200.0, 200.0, 200.0, 200.0, 200.0, 200.0, 200.0, 200.0, 200.0, 200.0, 200.0, 200.0, 200.0, 200.0, 200.0, 200.0, 200.0, 200.0, 200.0, 200.0, 200.0, 200.0, 200.0, 200.0, 200.0]",1,942.478,-0.142723,0.125051,-0.0135117,0.0,"[7.10834, 7.53911, 8.75857, 11.7032, 27.6481, 58.7273, 50.2654, 42.4947, 35.6413, 29.8428, 25.1134, 21.3556, 18.4111, 16.1119, 12.8902, 10.1332, 8.71022, 8.04708, 7.92413]",0.0545013,"[0.0902195, -0.147572, 1.83473, -0.877225]",0.346466
0.0,0.0656983,0.0,0.0,7.924,0.0,1957.33,-0.228149,94.0,-1,"[200.0, 200.0, 200.0, 200.0, 200.0, 200.0, 200.0, 200.0, 200.0, 200.0, 200.0, 200.0, 200.0, 200.0, 200.0, 200.0, 200.0, 200.0, 200.0, 200.0, 200.0, 200.0, 200.0, 200.0, 200.0, 200.0, 200.0, 200.0, 200.0, 200.0, 200.0, 200.0, 200.0, 200.0, 200.0, 200.0]",1,942.478,-0.143582,0.123191,-0.0135457,0.0,"[7.1075, 7.53812, 8.75726, 11.701, 27.6107, 58.7324, 50.2706, 42.4997, 35.6459, 29.847, 25.1171, 21.3588, 18.4138, 16.1143, 12.892, 10.1345, 8.71128, 8.04797, 7.92493]",0.0546102,"[-2.41168, 2.8783, -1.03388, 1.67997]",0.346477
0.0,0.0657574,0.0,0.0,7.946,0.0,1957.33,-0.229004,94.0,-1,"[200.0, 200.0, 200.0, 200.0, 200.0, 200.0, 200.0, 200.0, 200.0, 200.0, 200.0, 200.0, 200.0, 200.0, 200.0, 200.0, 200.0, 200.0, 200.0, 200.0, 200.0, 200.0, 200.0, 200.0, 200.0, 200.0, 200.0, 200.0, 200.0, 200.0, 200.0, 200.0, 200.0, 200.0, 200.0, 200.0]",1,942.478,-0.14366,0.122413,-0.0135311,0.0,"[7.10672, 7.53743, 8.75664, 11.7006, 27.628, 58.7277, 50.2664, 42.4963, 35.6432, 29.8451, 25.1158, 21.3581, 18.4135, 16.1143, 12.8923, 10.1351, 8.71192, 8.0487, 7.92576]",0.054718,"[-1.57536, 1.86331, -0.969559, 1.71954]",0.346487
0.0,0.0658156,0.0,0.0,7.968,0.0,1957.33,-0.229858,94.0,-1,"[200.0, 200.0, 200.0, 200.0, 200.0, 200.0, 200.0, 200.0, 200.0, 200.0, 200.0, 200.0, 200.0, 200.0, 200.0, 200.0, 200.0, 200.0, 200.0, 200.0, 200.0, 200.0, 200.0, 200.0, 200.0, 200.0, 200.0, 200.0, 200.0, 200.0, 200.0, 200.0, 200.0, 200.0, 200.0, 200.0]",1,942.478,-0.142768,0.124593,-0.013446,0.0,"[7.10593, 7.53672, 8.756, 11.7002, 27.6454, 58.723, 50.2623, 42.4928, 35.6406, 29.8433, 25.1147, 21.3575, 18.4133, 16.1143, 12.8927, 10.1356, 8.71259, 8.04944, 7.92661]",0.0548269,"[0.927674, -1.16069, 1.89498, -0.844731]",0.346498
0.0,0.0657746,0.0,0.0,7.99,0.0,1957.33,-0.230591,94.0,-1,"[200.0, 200.0, 200.0, 200.0, 200.0, 200.0, 200.0, 200.0, 200.0, 200.0, 200.0, 200.0, 200.0, 200.0, 200.0, 200.0, 200.0, 200.0, 200.0, 200.0, 200.0, 200.0, 200.0, 200.0, 200.0, 200.0, 200.0, 200.0, 200.0, 200.0, 200.0, 200.0, 200.0, 200.0, 200.0, 200.0]",1,942.478,-0.142835,0.12519,-0.0135009,0.0,"[7.10509, 7.53574, 8.7547, 11.6979, 27.6082, 58.7281, 50.2674, 42.4978, 35.6452, 29.8474, 25.1184, 21.3606, 18.416, 16.1167, 12.8945, 10.1369, 8.71362, 8.05033, 7.92741]",0.0549347,"[0.0925193, -0.146391, 1.82875, -0.8849]",0.346508
0.0,0.0657827,0.0,0.0,8.01,0.0,1957.33,-0.231445,94.0,-1,"[200.0, 200.0, 200.0, 200.0, 200.0, 200.0, 200.0, 200.0, 200.0, 200.0, 200.0, 200.0, 200.0, 200.0, 200.0, 200.0, 200.0, 200.0, 200.0, 200.0, 200.0, 200.0, 200.0, 200.0, 200.0, 200.0, 200.0, 200.0, 200.0, 200.0, 200.0, 200.0, 200.0, 200.0, 200.0, 200.0]",1,942.478,-0.144057,0.122117,-0.0135083,0.0,"[7.10437, 7.53498, 8.75382, 11.6968, 27.599, 58.7283, 50.2679, 42.4985, 35.6461, 29.8485, 25.1195, 21.3618, 18.4171, 16.1177, 12.8954, 10.1378, 8.71439, 8.05106, 7.92814]",0.0550324,"[-1.57681, 1.86964, -0.969036, 1.72047]",0.346516
0.0,0.0657908,0.0,0.0,8.03,0.0,1957.33,-0.232178,94.0,-1,"[200.0, 200.0, 200.0, 200.0, 200.0, 200.0, 200.0, 200.0, 200.0, 200.0, 200.0, 200.0, 200.0, 200.0, 200.0, 200.0, 200.0, 200.0, 200.0, 200.0, 200.0, 200.0, 200.0, 200.0, 200.0, 200.0, 200.0, 200.0, 200.0, 200.0, 200.0, 200.0, 200.0, 200.0, 200.0, 200.0]",1,942.478,-0.143281,0.124609,-0.0135316,0.0,"[7.10364, 7.53422, 8.75296, 11.6956, 27.5902, 58.7285, 50.2683, 42.4992, 35.647, 29.8495, 25.1206, 21.3629, 18.4182, 16.1188, 12.8964, 10.1386, 8.71517, 8.05179, 7.92888]",0.05513,"[0.0945205, -0.142609, 1.83116, -0.879585]",0.346524
0.0,0.0657985,0.0,0.0,8.05,0.0,1957.33,-0.23291,94.0,-1,"[200.0, 200.0, 200.0, 200.0, 200.0, 200.0, 200.0, 200.0, 200.0, 200.0, 200.0, 200.0, 200.0, 200.0, 200.0, 200.0, 200.0, 200.0, 200.0, 200.0, 200.0, 200.0, 200.0, 200.0, 200.0, 200.0, 200.0, 200.0, 200.0, 200.0, 200.0, 200.0, 200.0, 200.0, 200.0, 200.0]",1,942.478,-0.144013,0.122166,-0.0135256,0.0,"[7.1029, 7.53344, 8.75206, 11.6944, 27.5808, 58.7288, 50.2688, 42.4999, 35.6479, 29.8506, 25.1217, 21.3641, 18.4194, 16.1199, 12.8974, 10.1395, 8.71593, 8.05253, 7.92962]",0.0552287,"[-1.57724, 1.8713, -0.973533, 1.71628]",0.346534
0.0,0.0658056,0.0,0.0,8.07,0.0,1957.33,-0.233643,94.0,-1,"[200.0, 200.0, 200.0, 200.0, 200.0, 200.0, 200.0, 200.0, 200.0, 200.0, 200.0, 200.0, 200.0, 200.0, 200.0, 200.0, 200.0, 200.0, 200.0, 200.0, 200.0, 200.0, 200.0, 200.0, 200.0, 200.0, 200.0, 200.0, 200.0, 200.0, 200.0, 200.0, 200.0, 200.0, 200.0, 200.0]",1,942.478,-0.143,0.124932,-0.0134651,0.0,"[7.10216, 7.53266, 8.75116, 11.6932, 27.5715, 58.729, 50.2693, 42.5007, 35.6489, 29.8517, 25.1229, 21.3653, 18.4206, 16.121, 12.8984, 10.1403, 8.71672, 8.05328, 7.93037]",0.0553274,"[0.0910728, -0.144996, 1.82645, -0.889009]",0.346542
0.0,0.0658242,0.0,0.0,8.09,0.0,1957.33,-0.234375,94.0,1,"[200.0, 200.0, 200.0, 200.0, 200.0, 200.0, 200.0, 200.0, 200.0, 200.0, 200.0, 200.0, 200.0, 200.0, 200.0, 200.0, 200.0, 200.0, 200.0, 200.0, 200.0, 200.0, 200.0, 200.0, 200.0, 200.0, 200.0, 200.0, 200.0, 200.0, 200.0, 200.0, 200.0, 200.0, 200.0, 200.0]",1,942.478,-0.144157,0.127184,-0.013564,0.0,"[7.10143, 7.53193, 8.75035, 11.6921, 27.5681, 58.7282, 50.2688, 42.5005, 35.649, 29.8521, 25.1235, 21.366, 18.4214, 16.1219, 12.8993, 10.1411, 8.71745, 8.054, 7.93111]",0.055426,"[-1.57759, 1.86904, -1.2843, 1.97163]",0.346551
0.0,0.0658614,0.0,0.0,8.11,0.0,1957.33,-0.235107,94.0,1,"[200.0, 200.0, 200.0, 200.0, 200.0, 200.0, 200.0, 200.0, 200.0, 200.0, 200.0, 200.0, 200.0, 200.0, 200.0, 200.0, 200.0, 200.0, 200.0, 200.0, 200.0, 200.0, 200.0, 200.0, 200.0, 200.0, 200.0, 200.0, 200.0, 200.0, 200.0, 200.0, 200.0, 200.0, 200.0, 200.0]",1,942.478,-0.143823,0.131984,-0.0137542,0.0,"[7.10068, 7.53121, 8.74963, 11.6914, 27.5742, 58.7255, 50.2666, 42.4989, 35.6479, 29.8515, 25.1233, 21.3661, 18.4217, 16.1223, 12.8999, 10.1418, 8.71816, 8.05473, 7.93191]",0.0555288,"[0.093334, -0.13607, 2.10819, -1.16896]",0.346562
0.0,0.0659105,0.0,0.0,8.13,0.0,1957.32,-0.23584,94.0,1,"[200.0, 200.0, 200.0, 200.0, 200.0, 200.0, 200.0, 200.0, 200.0, 200.0, 200.0, 200.0, 200.0, 200.0, 200.0, 200.0, 200.0, 200.0, 200.0, 200.0, 200.0, 200.0, 200.0, 200.0, 200.0, 200.0, 200.0, 200.0, 200.0, 200.0, 200.0, 200.0, 200.0, 200.0, 200.0, 200.0]",1,942.478,-0.144915,0.131533,-0.0140342,0.0,"[7.09993, 7.53053, 8.74898, 11.6909, 27.5869, 58.7216, 50.2633, 42.4961, 35.6459, 29.8501, 25.1225, 21.3658, 18.4217, 16.1225, 12.9003, 10.1424, 8.7188, 8.05544, 7.93271]",0.0556325,"[-1.57896, 1.87561, -1.27864, 1.97895]",0.346571
0.0,0.0659649,0.0,0.0,8.15,0.0,1957.32,-0.236572,94.0,1,"[200.0, 200.0, 200.0, 200.0, 200.0, 200.0, 200.0, 200.0, 200.0, 200.0, 200.0, 200.0, 200.0, 200.0, 200.0, 200.0, 200.0, 200.0, 200.0, 200.0, 200.0, 200.0, 200.0, 200.0, 200.0, 200.0, 200.0, 200.0, 200.0, 200.0, 200.0, 200.0, 200.0, 200.0, 200.0, 200.0]",1,942.478,-0.14414,0.133158,-0.0142924,0.0,"[7.09916, 7.52985, 8.74837, 11.6905, 27.6024, 58.7172, 50.2595, 42.493, 35.6436, 29.8485, 25.1216, 21.3652, 18.4215, 16.1226, 12.9007, 10.143, 8.71946, 8.05616, 7.93353]",0.0557373,"[0.0932972, -0.154557, 2.11339, -1.1664]",0.34658
0.0,0.0660168,0.0,0.0,8.17,0.0,1957.32,-0.237305,94.0,1,"[200.0, 200.0, 200.0, 200.0, 200.0, 200.0, 200.0, 200.0, 200.0, 200.0, 200.0, 200.0, 200.0, 200.0, 200.0, 200.0, 200.0, 200.0, 200.0, 200.0, 200.0, 200.0, 200.0, 200.0, 200.0, 200.0, 200.0, 200.0, 200.0, 200.0, 200.0, 200.0, 200.0, 200.0, 200.0, 200.0]",1,942.478,-0.14557,0.133436,-0.0145214,0.0,"[7.09838, 7.52914, 8.74771, 11.6899, 27.6164, 58.7131, 50.2559, 42.4901, 35.6414, 29.847, 25.1207, 21.3648, 18.4214, 16.1228, 12.9011, 10.1436, 8.72013, 8.0569, 7.93435]",0.0558441,"[-1.57651, 1.86437, -1.27249, 1.9861]",0.346589
0.0,0.0660688,0.0,0.0,8.19,0.0,1957.32,-0.238159,94.0,1,"[200.0, 200.0, 200.0, 200.0, 200.0, 200.0, 200.0, 200.0, 200.0, 200.0, 200.0, 200.0, 200.0, 200.0, 200.0, 200.0, 200.0, 200.0, 200.0, 200.0, 200.0, 200.0, 200.0, 200.0, 200.0, 200.0, 200.0, 200.0, 200.0, 200.0, 200.0, 200.0, 200.0, 200.0, 200.0, 200.0]",1,942.478,-0.145047,0.134838,-0.014627,0.0,"[7.09762, 7.52844, 8.74706, 11.6894, 27.6305, 58.7091, 50.2523, 42.4872, 35.6392, 29.8455, 25.1198, 21.3644, 18.4214, 16.1229, 12.9016, 10.1442, 8.7208, 8.05763, 7.93517]",0.0559499,"[0.0948378, -0.143594, 2.1165, -1.16142]",0.346596
0.0,0.0661237,0.0,0.0,8.21,0.0,1957.32,-0.238892,94.0,1,"[200.0, 200.0, 200.0, 200.0, 200.0, 200.0, 200.0, 200.0, 200.0, 200.0, 200.0, 200.0, 200.0, 200.0, 200.0, 200.0, 200.0, 200.0, 200.0, 200.0, 200.0, 200.0, 200.0, 200.0, 200.0, 200.0, 200.0, 200.0, 200.0, 200.0, 200.0, 200.0, 200.0, 200.0, 200.0, 200.0]",1,942.478,-0.146374,0.132488,-0.0147313,0.0,"[7.09686, 7.52775, 8.74643, 11.689, 27.6464, 58.7046, 50.2485, 42.4841, 35.6368, 29.8439, 25.1187, 21.3639, 18.4212, 16.123, 12.9019, 10.1447, 8.72145, 8.05836, 7.93598]",0.0560547,"[-1.57993, 1.87107, -1.26664, 1.99104]",0.346602
0.0,0.0661775,0.0,0.0,8.23,0.0,1957.32,-0.239624,94.0,1,"[200.0, 200.0, 200.0, 200.0, 200.0, 200.0, 200.0, 200.0, 200.0, 200.0, 200.0, 200.0, 200.0, 200.0, 200.0, 200.0, 200.0, 200.0, 200.0, 200.0, 200.0, 200.0, 200.0, 200.0, 200.0, 200.0, 200.0, 200.0, 200.0, 200.0, 200.0, 200.0, 200.0, 200.0, 200.0, 200.0]",1,942.478,-0.146044,0.13384,-0.0147506,0.0,"[7.09609, 7.52706, 8.7458, 11.6885, 27.6616, 58.7004, 50.2447, 42.481, 35.6345, 29.8423, 25.1178, 21.3634, 18.4211, 16.1231, 12.9023, 10.1453, 8.72211, 8.05909, 7.9368]",0.0561605,"[0.102348, -0.138838, 2.12324, -1.15363]",0.346609
0.0,0.0662309,0.0,0.0,8.25,0.0,1957.32,-0.240356,94.0,1,"[200.0, 200.0, 200.0, 200.0, 200.0, 200.0, 200.0, 200.0, 200.0, 200.0, 200.0, 200.0, 200.0, 200.0, 200.0, 200.0, 200.0, 200.0, 200.0, 200.0, 200.0, 200.0, 200.0, 200.0, 200.0, 200.0, 200.0, 200.0, 200.0, 200.0, 200.0, 200.0, 200.0, 200.0, 200.0, 200.0]",1,942.478,-0.147174,0.132282,-0.0147517,0.0,"[7.09532, 7.52637, 8.74515, 11.688, 27.6768, 58.6961, 50.2411, 42.478, 35.6322, 29.8407, 25.1169, 21.3629, 18.421, 16.1233, 12.9027, 10.1459, 8.72278, 8.05981, 7.93761]",0.0562663,"[-1.58074, 1.87336, -1.26101, 1.9994]",0.346615
0.0,0.0662839,0.0,0.0,8.27,0.0,1957.32,-0.241089,94.0,1,"[200.0, 200.0, 200.0, 200.0, 200.0, 200.0, 200.0, 200.0, 200.0, 200.0, 200.0, 200.0, 200.0, 200.0, 200.0, 200.0, 200.0, 200.0, 200.0, 200.0, 200.0, 200.0, 200.0, 200.0, 200.0, 200.0, 200.0, 200.0, 200.0, 200.0, 200.0, 200.0, 200.0, 200.0, 200.0, 200.0]",1,942.478,-0.146917,0.133703,-0.0146964,0.0,"[7.09457, 7.52568, 8.74455, 11.6876, 27.6926, 58.6918, 50.2374, 42.475, 35.6299, 29.8392, 25.1159, 21.3625, 18.4208, 16.1234, 12.9031, 10.1464, 8.72341, 8.06053, 7.93842]",0.05637,"[0.0962422, -0.131871, 2.13288, -1.1449]",0.34662
0.0,0.0663368,0.0,0.0,8.29,0.0,1957.32,-0.241821,94.0,1,"[200.0, 200.0, 200.0, 200.0, 200.0, 200.0, 200.0, 200.0, 200.0, 200.0, 200.0, 200.0, 200.0, 200.0, 200.0, 200.0, 200.0, 200.0, 200.0, 200.0, 200.0, 200.0, 200.0, 200.0, 200.0, 200.0, 200.0, 200.0, 200.0, 200.0, 200.0, 200.0, 200.0, 200.0, 200.0, 200.0]",1,942.478,-0.148097,0.132009,-0.0145625,0.0,"[7.09381, 7.525, 8.74391, 11.6871, 27.7079, 58.6876, 50.2337, 42.472, 35.6277, 29.8376, 25.1149, 21.362, 18.4207, 16.1235, 12.9035, 10.147, 8.72407, 8.06125, 7.93924]",0.0564748,"[-1.57779, 1.87813, -1.2524, 2.00614]",0.346626
0.0,0.0663869,0.0,0.0,8.31,0.0,1957.32,-0.242554,94.0,1,"[200.0, 200.0, 200.0, 200.0, 200.0, 200.0, 200.0, 200.0, 200.0, 200.0, 200.0, 200.0, 200.0, 200.0, 200.0, 200.0, 200.0, 200.0, 200.0, 200.0, 200.0, 200.0, 200.0, 200.0, 200.0, 200.0, 200.0, 200.0, 200.0, 200.0, 200.0, 200.0, 200.0, 200.0, 200.0, 200.0]",1,942.478,-0.14719,0.134582,-0.014448,0.0,"[7.09304, 7.5243, 8.74325, 11.6866, 27.7216, 58.6837, 50.2303, 42.4692, 35.6256, 29.8362, 25.1141, 21.3616, 18.4206, 16.1237, 12.904, 10.1476, 8.72475, 8.06197, 7.94005]",0.0565796,"[0.100863, -0.159975, 2.13826, -1.14151]",0.346632
0.0,0.0664355,0.0,0.0,8.33,0.0,1957.32,-0.243286,94.0,1,"[200.0, 200.0, 200.0, 200.0, 200.0, 200.0, 200.0, 200.0, 200.0, 200.0, 200.0, 200.0, 200.0, 200.0, 200.0, 200.0, 200.0, 200.0, 200.0, 200.0, 200.0, 200.0, 200.0, 200.0, 200.0, 200.0, 200.0, 200.0, 200.0, 200.0, 200.0, 200.0, 200.0, 200.0, 200.0, 200.0]",1,942.478,-0.148377,0.13195,-0.0144008,0.0,"[7.09228, 7.5236, 8.74259, 11.686, 27.7348, 58.68, 50.2271, 42.4667, 35.6237, 29.835, 25.1134, 21.3613, 18.4206, 16.1239, 12.9044, 10.1482, 8.72542, 8.0627, 7.94086]",0.0566854,"[-1.58136, 1.85127, -1.24469, 2.01361]",0.346638
0.0,0.0664832,0.0,0.0,8.35,0.0,1957.32,-0.244019,94.0,1,"[200.0, 200.0, 200.0, 200.0, 200.0, 200.0, 200.0, 200.0, 200.0, 200.0, 200.0, 200.0, 200.0, 200.0, 200.0, 200.0, 200.0, 200.0, 200.0, 200.0, 200.0, 200.0, 200.0, 200.0, 200.0, 200.0, 200.0, 200.0, 200.0, 200.0, 200.0, 200.0, 200.0, 200.0, 200.0, 200.0]",1,942.478,-0.147886,0.133304,-0.0143763,0.0,"[7.09151, 7.52289, 8.74191, 11.6854, 27.7471, 58.6762, 50.2239, 42.4641, 35.6219, 29.8337, 25.1127, 21.3611, 18.4207, 16.1242, 12.9049, 10.1489, 8.7261, 8.06345, 7.94168]",0.0567902,"[0.100151, -0.155218, 2.13977, -1.13505]",0.346645
0.0,0.0665309,0.0,0.0,8.37,0.0,1957.32,-0.244751,94.0,1,"[200.0, 200.0, 200.0, 200.0, 200.0, 200.0, 200.0, 200.0, 200.0, 200.0, 200.0, 200.0, 200.0, 200.0, 200.0, 200.0, 200.0, 200.0, 200.0, 200.0, 200.0, 200.0, 200.0, 200.0, 200.0, 200.0, 200.0, 200.0, 200.0, 200.0, 200.0, 200.0, 200.0, 200.0, 200.0, 200.0]",1,942.478,-0.149184,0.132003,-0.0144057,0.0,"[7.09075, 7.52218, 8.74125, 11.6849, 27.76, 58.6725, 50.2207, 42.4616, 35.62, 29.8325, 25.112, 21.3608, 18.4207, 16.1244, 12.9054, 10.1495, 8.72677, 8.06418, 7.94248]",0.0568949,"[-1.57806, 1.85813, -1.24115, 2.01808]",0.346652
0.0,0.0665781,0.0,0.0,8.39,0.0,1957.31,-0.245605,94.0,1,"[200.0, 200.0, 200.0, 200.0, 200.0, 200.0, 200.0, 200.0, 200.0, 200.0, 200.0, 200.0, 200.0, 200.0, 200.0, 200.0, 200.0, 200.0, 200.0, 200.0, 200.0, 200.0, 200.0, 200.0, 200.0, 200.0, 200.0, 200.0, 200.0, 200.0, 200.0, 200.0, 200.0, 200.0, 200.0, 200.0]",1,942.478,-0.148794,0.13301,-0.0143998,0.0,"[7.08998, 7.52147, 8.74056, 11.6843, 27.7723, 58.6689, 50.2176, 42.4591, 35.6182, 29.8313, 25.1114, 21.3606, 18.4208, 16.1247, 12.9059, 10.1501, 8.72746, 8.06491, 7.94331]",0.0570007,"[0.100515, -0.139244, 2.14739, -1.13313]",0.346658
0.0,0.0666258,0.0,0.0,8.41,0.0,1957.31,-0.24646,94.0,1,"[200.0, 200.0, 200.0, 200.0, 200.0, 200.0, 200.0, 200.0, 200.0, 200.0, 200.0, 200.0, 200.0, 200.0, 200.0, 200.0, 200.0, 200.0, 200.0, 200.0, 200.0, 200.0, 200.0, 200.0, 200.0, 200.0, 200.0, 200.0, 200.0, 200.0, 200.0, 200.0, 200.0, 200.0, 200.0, 200.0]",1,942.478,-0.14933,0.130778,-0.0144501,0.0,"[7.08922, 7.52077, 8.73989, 11.6837, 27.7849, 58.6652, 50.2144, 42.4565, 35.6163, 29.8301, 25.1107, 21.3603, 18.4208, 16.1249, 12.9064, 10.1507, 8.72814, 8.06565, 7.94411]",0.0571055,"[-1.58489, 1.84511, -1.23954, 2.01999]",0.346665
0.0,0.0666706,0.0,0.0,8.43,0.0,1957.31,-0.247192,94.0,1,"[200.0, 200.0, 200.0, 200.0, 200.0, 200.0, 200.0, 200.0, 200.0, 200.0, 200.0, 200.0, 200.0, 200.0, 200.0, 200.0, 200.0, 200.0, 200.0, 200.0, 200.0, 200.0, 200.0, 200.0, 200.0, 200.0, 200.0, 200.0, 200.0, 200.0, 200.0, 200.0, 200.0, 200.0, 200.0, 200.0]",1,942.478,-0.148763,0.132544,-0.0143813,0.0,"[7.08845, 7.52005, 8.73919, 11.6831, 27.7958, 58.6618, 50.2116, 42.4542, 35.6146, 29.829, 25.1102, 21.3602, 18.421, 16.1253, 12.9069, 10.1514, 8.72883, 8.06638, 7.94492]",0.0572113,"[0.093313, -0.156719, 2.14532, -1.13421]",0.346672
0.0,0.0667149,0.0,0.0,8.45,0.0,1957.31,-0.248047,94.0,1,"[200.0, 200.0, 200.0, 200.0, 200.0, 200.0, 200.0, 200.0, 200.0, 200.0, 200.0, 200.0, 200.0, 200.0, 200.0, 200.0, 200.0, 200.0, 200.0, 200.0, 200.0, 200.0, 200.0, 200.0, 200.0, 200.0, 200.0, 200.0, 200.0, 200.0, 200.0, 200.0, 200.0, 200.0, 200.0, 200.0]",1,942.478,-0.150011,0.131453,-0.0144007,0.0,"[7.08769, 7.51935, 8.73852, 11.6825, 27.8076, 58.6584, 50.2087, 42.452, 35.613, 29.828, 25.1096, 21.36, 18.4211, 16.1255, 12.9074, 10.152, 8.72951, 8.06711, 7.94573]",0.0573151,"[-1.57768, 1.85736, -1.24117, 2.01601]",0.346677
0.0,0.0667602,0.0,0.0,8.47,0.0,1957.31,-0.248901,94.0,1,"[200.0, 200.0, 200.0, 200.0, 200.0, 200.0, 200.0, 200.0, 200.0, 200.0, 200.0, 200.0, 200.0, 200.0, 200.0, 200.0, 200.0, 200.0, 200.0, 200.0, 200.0, 200.0, 200.0, 200.0, 200.0, 200.0, 200.0, 200.0, 200.0, 200.0, 200.0, 200.0, 200.0, 200.0, 200.0, 200.0]",1,942.478,-0.149371,0.132478,-0.0143965,0.0,"[7.08692, 7.51862, 8.73782, 11.6818, 27.8189, 58.655, 50.2057, 42.4496, 35.6113, 29.8269, 25.109, 21.3598, 18.4212, 16.1259, 12.908, 10.1526, 8.73019, 8.06785, 7.94655]",0.0574209,"[0.0965719, -0.141606, 2.14306, -1.13756]",0.346684
0.0,0.0668065,0.0,0.0,8.49,0.0,1957.31,-0.249634,94.0,1,"[200.0, 200.0, 200.0, 200.0, 200.0, 200.0, 200.0, 200.0, 200.0, 200.0, 200.0, 200.0, 200.0, 200.0, 200.0, 200.0, 200.0, 200.0, 200.0, 200.0, 200.0, 200.0, 200.0, 200.0, 200.0, 200.0, 200.0, 200.0, 200.0, 200.0, 200.0, 200.0, 200.0, 200.0, 200.0, 200.0]",1,942.478,-0.150484,0.130974,-0.0144183,0.0,"[7.08614, 7.51791, 8.73714, 11.6812, 27.8313, 58.6514, 50.2027, 42.4472, 35.6095, 29.8258, 25.1085, 21.3597, 18.4213, 16.1262, 12.9085, 10.1533, 8.73088, 8.06858, 7.94736]",0.0575267,"[-1.57907, 1.86284, -1.24298, 2.01687]",0.34669
0.0,0.0668513,0.0,0.0,8.51,0.0,1957.31,-0.250488,94.0,1,"[200.0, 200.0, 200.0, 200.0, 200.0, 200.0, 200.0, 200.0, 200.0, 200.0, 200.0, 200.0, 200.0, 200.0, 200.0, 200.0, 200.0, 200.0, 200.0, 200.0, 200.0, 200.0, 200.0, 200.0, 200.0, 200.0, 200.0, 200.0, 200.0, 200.0, 200.0, 200.0, 200.0, 200.0, 200.0, 200.0]",1,942.478,-0.149473,0.133377,-0.0143589,0.0,"[7.08538, 7.5172, 8.73643, 11.6806, 27.8424, 58.6481, 50.1999, 42.445, 35.6079, 29.8247, 25.108, 21.3595, 18.4215, 16.1265, 12.909, 10.1539, 8.73158, 8.06933, 7.94817]",0.0576314,"[0.10104, -0.158582, 2.14159, -1.14223]",0.346695
0.0,0.0668947,0.0,0.0,8.53,0.0,1957.31,-0.251343,94.0,1,"[200.0, 200.0, 200.0, 200.0, 200.0, 200.0, 200.0, 200.0, 200.0, 200.0, 200.0, 200.0, 200.0, 200.0, 200.0, 200.0, 200.0, 200.0, 200.0, 200.0, 200.0, 200.0, 200.0, 200.0, 200.0, 200.0, 200.0, 200.0, 200.0, 200.0, 200.0, 200.0, 200.0, 200.0, 200.0, 200.0]",1,942.478,-0.150789,0.131183,-0.014416,0.0,"[7.08461, 7.51647, 8.73572, 11.6799, 27.853, 58.6448, 50.1971, 42.4428, 35.6063, 29.8238, 25.1075, 21.3594, 18.4216, 16.1268, 12.9095, 10.1546, 8.73228, 8.07008, 7.94899]",0.0577372,"[-1.58356, 1.84783, -1.23793, 2.02063]",0.346701
0.0,0.066939,0.0,0.0,8.55,0.0,1957.31,-0.252075,94.0,1,"[200.0, 200.0, 200.0, 200.0, 200.0, 200.0, 200.0, 200.0, 200.0, 200.0, 200.0, 200.0, 200.0, 200.0, 200.0, 200.0, 200.0, 200.0, 200.0, 200.0, 200.0, 200.0, 200.0, 200.0, 200.0, 200.0, 200.0, 200.0, 200.0, 200.0, 200.0, 200.0, 200.0, 200.0, 200.0, 200.0]",1,942.478,-0.150346,0.132156,-0.0144656,0.0,"[7.08386, 7.51577, 8.73504, 11.6793, 27.8644, 58.6414, 50.1943, 42.4405, 35.6047, 29.8227, 25.1069, 21.3593, 18.4217, 16.1271, 12.9101, 10.1552, 8.73295, 8.07079, 7.94978]",0.057841,"[0.0997937, -0.148742, 2.14643, -1.13279]",0.346705
0.0,0.0669829,0.0,0.0,8.57,0.0,1957.31,-0.25293,94.0,1,"[200.0, 200.0, 200.0, 200.0, 200.0, 200.0, 200.0, 200.0, 200.0, 200.0, 200.0, 200.0, 200.0, 200.0, 200.0, 200.0, 200.0, 200.0, 200.0, 200.0, 200.0, 200.0, 200.0, 200.0, 200.0, 200.0, 200.0, 200.0, 200.0, 200.0, 200.0, 200.0, 200.0, 200.0, 200.0, 200.0]",1,942.478,-0.151089,0.132023,-0.0144316,0.0,"[7.08308, 7.51504, 8.73434, 11.6787, 27.8761, 58.6381, 50.1914, 42.4383, 35.6031, 29.8217, 25.1064, 21.3592, 18.4219, 16.1275, 12.9106, 10.1559, 8.73364, 8.07154, 7.95061]",0.0579468,"[-1.58675, 1.82856, -1.23207, 2.02639]",0.346711
0.0,0.067022,0.0,0.0,8.59,0.0,1957.31,-0.253784,94.0,1,"[200.0, 200.0, 200.0, 200.0, 200.0, 200.0, 200.0, 200.0, 200.0, 200.0, 200.0, 200.0, 200.0, 200.0, 200.0, 200.0, 200.0, 200.0, 200.0, 200.0, 200.0, 200.0, 200.0, 200.0, 200.0, 200.0, 200.0, 200.0, 200.0, 200.0, 200.0, 200.0, 200.0, 200.0, 200.0, 200.0]",1,942.478,-0.150426,0.133,-0.0143875,0.0,"[7.08231, 7.51431, 8.73361, 11.6779, 27.8839, 58.6353, 50.1891, 42.4365, 35.6019, 29.821, 25.1061, 21.3592, 18.4222, 16.1279, 12.9112, 10.1565, 8.73436, 8.07229, 7.95142]",0.0580526,"[0.0908234, -0.16972, 2.15017, -1.1302]",0.346716
0.0,0.067063,0.0,0.0,8.61,0.0,1957.31,-0.254639,94.0,1,"[200.0, 200.0, 200.0, 200.0, 200.0, 200.0, 200.0, 200.0, 200.0, 200.0, 200.0, 200.0, 200.0, 200.0, 200.0, 200.0, 200.0, 200.0, 200.0, 200.0, 200.0, 200.0, 200.0, 200.0, 200.0, 200.0, 200.0, 200.0, 200.0, 200.0, 200.0, 200.0, 200.0, 200.0, 200.0, 200.0]",1,942.478,-0.151808,0.130783,-0.014423,0.0,"[7.08154, 7.51359, 8.73289, 11.6772, 27.8936, 58.6322, 50.1865, 42.4345, 35.6005, 29.8202, 25.1058, 21.3592, 18.4225, 16.1283, 12.9118, 10.1572, 8.73507, 8.07302, 7.95223]",0.0581573,"[-1.58366, 1.83882, -1.22875, 2.02737]",0.34672
0.0,0.067104,0.0,0.0,8.63,0.0,1957.3,-0.255371,94.0,1,"[200.0, 200.0, 200.0, 200.0, 200.0, 200.0, 200.0, 200.0, 200.0, 200.0, 200.0, 200.0, 200.0, 200.0, 200.0, 200.0, 200.0, 200.0, 200.0, 200.0, 200.0, 200.0, 200.0, 200.0, 200.0, 200.0, 200.0, 200.0, 200.0, 200.0, 200.0, 200.0, 200.0, 200.0, 200.0, 200.0]",1,942.478,-0.151192,0.132248,-0.0144018,0.0,"[7.08077, 7.51287, 8.73218, 11.6765, 27.9031, 58.6292, 50.184, 42.4325, 35.5991, 29.8194, 25.1054, 21.3592, 18.4227, 16.1287, 12.9124, 10.1579, 8.73577, 8.07377, 7.95303]",0.0582621,"[0.0993034, -0.156894, 2.15013, -1.12948]",0.346725
0.0,0.067146,0.0,0.0,8.65,0.0,1957.3,-0.256226,94.0,1,"[200.0, 200.0, 200.0, 200.0, 200.0, 200.0, 200.0, 200.0, 200.0, 200.0, 200.0, 200.0, 200.0, 200.0, 200.0, 200.0, 200.0, 200.0, 200.0, 200.0, 200.0, 200.0, 200.0, 200.0, 200.0, 200.0, 200.0, 200.0, 200.0, 200.0, 200.0, 200.0, 200.0, 200.0, 200.0, 200.0]",1,942.478,-0.152431,0.130609,-0.0143654,0.0,"[7.08001, 7.51215, 8.73146, 11.6759, 27.913, 58.6261, 50.1813, 42.4305, 35.5977, 29.8185, 25.105, 21.3591, 18.4229, 16.1291, 12.9129, 10.1585, 8.73647, 8.07451, 7.95384]",0.0583669,"[-1.58672, 1.85391, -1.23045, 2.02901]",0.34673
0.0,0.0671861,0.0,0.0,8.67,0.0,1957.3,-0.25708,94.0,1,"[200.0, 200.0, 200.0, 200.0, 200.0, 200.0, 200.0, 200.0, 200.0, 200.0, 200.0, 200.0, 200.0, 200.0, 200.0, 200.0, 200.0, 200.0, 200.0, 200.0, 200.0, 200.0, 200.0, 200.0, 200.0, 200.0, 200.0, 200.0, 200.0, 200.0, 200.0, 200.0, 200.0, 200.0, 200.0, 200.0]",1,942.478,-0.151368,0.133043,-0.0144518,0.0,"[7.07924, 7.51142, 8.73074, 11.6752, 27.9219, 58.6231, 50.1789, 42.4285, 35.5963, 29.8177, 25.1047, 21.3592, 18.4232, 16.1295, 12.9135, 10.1592, 8.73717, 8.07525, 7.95465]",0.0584727,"[0.097441, -0.171877, 2.1503, -1.12821]",0.346734
0.0,0.0672252,0.0,0.0,8.69,0.0,1957.3,-0.257813,94.0,1,"[200.0, 200.0, 200.0, 200.0, 200.0, 200.0, 200.0, 200.0, 200.0, 200.0, 200.0, 200.0, 200.0, 200.0, 200.0, 200.0, 200.0, 200.0, 200.0, 200.0, 200.0, 200.0, 200.0, 200.0, 200.0, 200.0, 200.0, 200.0, 200.0, 200.0, 200.0, 200.0, 200.0, 200.0, 200.0, 200.0]",1,942.478,-0.152626,0.130615,-0.0144337,0.0,"[7.07847, 7.51069, 8.73001, 11.6744, 27.9305, 58.6203, 50.1765, 42.4268, 35.5951, 29.817, 25.1045, 21.3592, 18.4234, 16.13, 12.9141, 10.1599, 8.73788, 8.07599, 7.95546]",0.0585775,"[-1.58825, 1.83336, -1.22505, 2.03131]",0.346738
0.0,0.0672643,0.0,0.0,8.71,0.0,1957.3,-0.258667,94.0,1,"[200.0, 200.0, 200.0, 200.0, 200.0, 200.0, 200.0, 200.0, 200.0, 200.0, 200.0, 200.0, 200.0, 200.0, 200.0, 200.0, 200.0, 200.0, 200.0, 200.0, 200.0, 200.0, 200.0, 200.0, 200.0, 200.0, 200.0, 200.0, 200.0, 200.0, 200.0, 200.0, 200.0, 200.0, 200.0, 200.0]",1,942.478,-0.15199,0.132098,-0.0144258,0.0,"[7.07769, 7.50996, 8.72927, 11.6737, 27.9388, 58.6175, 50.1743, 42.425, 35.5939, 29.8163, 25.1042, 21.3593, 18.4237, 16.1305, 12.9147, 10.1606, 8.7386, 8.07674, 7.95626]",0.0586823,"[0.0996084, -0.157018, 2.1481, -1.12843]",0.346741
0.0,0.0673034,0.0,0.0,8.73,0.0,1957.3,-0.259521,94.0,1,"[200.0, 200.0, 200.0, 200.0, 200.0, 200.0, 200.0, 200.0, 200.0, 200.0, 200.0, 200.0, 200.0, 200.0, 200.0, 200.0, 200.0, 200.0, 200.0, 200.0, 200.0, 200.0, 200.0, 200.0, 200.0, 200.0, 200.0, 200.0, 200.0, 200.0, 200.0, 200.0, 200.0, 200.0, 200.0, 200.0]",1,942.478,-0.153241,0.130126,-0.0144437,0.0,"[7.07693, 7.50922, 8.72854, 11.673, 27.9476, 58.6147, 50.1718, 42.4231, 35.5926, 29.8155, 25.1039, 21.3594, 18.424, 16.1309, 12.9153, 10.1612, 8.7393, 8.07748, 7.95707]",0.058787,"[-1.5913, 1.84603, -1.22409, 2.03294]",0.346745
0.0,0.0673434,0.0,0.0,8.75,0.0,1957.3,-0.260376,94.0,1,"[200.0, 200.0, 200.0, 200.0, 200.0, 200.0, 200.0, 200.0, 200.0, 200.0, 200.0, 200.0, 200.0, 200.0, 200.0, 200.0, 200.0, 200.0, 200.0, 200.0, 200.0, 200.0, 200.0, 200.0, 200.0, 200.0, 200.0, 200.0, 200.0, 200.0, 200.0, 200.0, 200.0, 200.0, 200.0, 200.0]",1,942.478,-0.152764,0.131424,-0.0144204,0.0,"[7.07616, 7.50849, 8.72781, 11.6723, 27.9568, 58.6117, 50.1694, 42.4212, 35.5913, 29.8148, 25.1036, 21.3594, 18.4243, 16.1313, 12.9159, 10.1619, 8.74001, 8.07823, 7.95789]",0.0588928,"[0.101436, -0.147002, 2.15247, -1.12397]",0.346749
0.0,0.0673835,0.0,0.0,8.77,0.0,1957.3,-0.261108,94.0,1,"[200.0, 200.0, 200.0, 200.0, 200.0, 200.0, 200.0, 200.0, 200.0, 200.0, 200.0, 200.0, 200.0, 200.0, 200.0, 200.0, 200.0, 200.0, 200.0, 200.0, 200.0, 200.0, 200.0, 200.0, 200.0, 200.0, 200.0, 200.0, 200.0, 200.0, 200.0, 200.0, 200.0, 200.0, 200.0, 200.0]",1,942.478,-0.153747,0.130117,-0.0143974,0.0,"[7.07539, 7.50777, 8.7271, 11.6715, 27.9657, 58.6088, 50.1669, 42.4193, 35.5899, 29.814, 25.1032, 21.3594, 18.4245, 16.1317, 12.9165, 10.1626, 8.74072, 8.07896, 7.95869]",0.0589976,"[-1.59178, 1.84674, -1.22166, 2.03635]",0.346752
0.0,0.0674221,0.0,0.0,8.79,0.0,1957.3,-0.261963,94.0,1,"[200.0, 200.0, 200.0, 200.0, 200.0, 200.0, 200.0, 200.0, 200.0, 200.0, 200.0, 200.0, 200.0, 200.0, 200.0, 200.0, 200.0, 200.0, 200.0, 200.0, 200.0, 200.0, 200.0, 200.0, 200.0, 200.0, 200.0, 200.0, 200.0, 200.0, 200.0, 200.0, 200.0, 200.0, 200.0, 200.0]",1,942.478,-0.153098,0.1316,-0.0143923,0.0,"[7.07463, 7.50705, 8.72637, 11.6708, 27.9744, 58.606, 50.1646, 42.4175, 35.5887, 29.8133, 25.103, 21.3595, 18.4248, 16.1322, 12.9171, 10.1633, 8.74142, 8.0797, 7.95949]",0.0591014,"[0.0951977, -0.143224, 2.15334, -1.12438]",0.346755
0.0,0.0674607,0.0,0.0,8.81,0.0,1957.3,-0.262817,94.0,1,"[200.0, 200.0, 200.0, 200.0, 200.0, 200.0, 200.0, 200.0, 200.0, 200.0, 200.0, 200.0, 200.0, 200.0, 200.0, 200.0, 200.0, 200.0, 200.0, 200.0, 200.0, 200.0, 200.0, 200.0, 200.0, 200.0, 200.0, 200.0, 200.0, 200.0, 200.0, 200.0, 200.0, 200.0, 200.0, 200.0]",1,942.478,-0.153542,0.130365,-0.014425,0.0,"[7.07386, 7.50631, 8.72563, 11.6701, 27.9827, 58.6033, 50.1622, 42.4157, 35.5875, 29.8127, 25.1028, 21.3596, 18.4252, 16.1326, 12.9177, 10.164, 8.74213, 8.08046, 7.9603]",0.0592061,"[-1.59326, 1.81033, -1.22047, 2.0363]",0.346758
0.0,0.0674965,0.0,0.0,8.83,0.0,1957.3,-0.26355,94.0,1,"[200.0, 200.0, 200.0, 200.0, 200.0, 200.0, 200.0, 200.0, 200.0, 200.0, 200.0, 200.0, 200.0, 200.0, 200.0, 200.0, 200.0, 200.0, 200.0, 200.0, 200.0, 200.0, 200.0, 200.0, 200.0, 200.0, 200.0, 200.0, 200.0, 200.0, 200.0, 200.0, 200.0, 200.0, 200.0, 200.0]",1,942.478,-0.153275,0.131592,-0.0143822,0.0,"[7.07308, 7.50557, 8.72487, 11.6693, 27.9891, 58.6008, 50.1602, 42.4142, 35.5865, 29.8122, 25.1027, 21.3598, 18.4256, 16.1332, 12.9184, 10.1647, 8.74286, 8.0812, 7.96111]",0.0593119,"[0.095401, -0.169852, 2.16015, -1.12136]",0.346761
0.0,0.0675337,0.0,0.0,8.85,0.0,1957.3,-0.264404,94.0,1,"[200.0, 200.0, 200.0, 200.0, 200.0, 200.0, 200.0, 200.0, 200.0, 200.0, 200.0, 200.0, 200.0, 200.0, 200.0, 200.0, 200.0, 200.0, 200.0, 200.0, 200.0, 200.0, 200.0, 200.0, 200.0, 200.0, 200.0, 200.0, 200.0, 200.0, 200.0, 200.0, 200.0, 200.0, 200.0, 200.0]",1,942.478,-0.154629,0.129561,-0.0144115,0.0,"[7.07232, 7.50483, 8.72413, 11.6685, 27.9971, 58.5981, 50.158, 42.4126, 35.5854, 29.8116, 25.1025, 21.3599, 18.4259, 16.1337, 12.919, 10.1654, 8.74356, 8.08195, 7.96191]",0.0594167,"[-1.5921, 1.83936, -1.21642, 2.04203]",0.346764
0.0,0.0675709,0.0,0.0,8.87,0.0,1957.29,-0.265259,94.0,1,"[200.0, 200.0, 200.0, 200.0, 200.0, 200.0, 200.0, 200.0, 200.0, 200.0, 200.0, 200.0, 200.0, 200.0, 200.0, 200.0, 200.0, 200.0, 200.0, 200.0, 200.0, 200.0, 200.0, 200.0, 200.0, 200.0, 200.0, 200.0, 200.0, 200.0, 200.0, 200.0, 200.0, 200.0, 200.0, 200.0]",1,942.478,-0.153794,0.130853,-0.0143643,0.0,"[7.07156, 7.50411, 8.72341, 11.6678, 28.0045, 58.5954, 50.1558, 42.4109, 35.5843, 29.8109, 25.1023, 21.36, 18.4263, 16.1342, 12.9197, 10.166, 8.74427, 8.08268, 7.96271]",0.0595205,"[0.0950403, -0.146753, 2.15567, -1.12739]",0.346766
0.0,0.0676081,0.0,0.0,8.89,0.0,1957.29,-0.265991,94.0,1,"[200.0, 200.0, 200.0, 200.0, 200.0, 200.0, 200.0, 200.0, 200.0, 200.0, 200.0, 200.0, 200.0, 200.0, 200.0, 200.0, 200.0, 200.0, 200.0, 200.0, 200.0, 200.0, 200.0, 200.0, 200.0, 200.0, 200.0, 200.0, 200.0, 200.0, 200.0, 200.0, 200.0, 200.0, 200.0, 200.0]",1,942.478,-0.154828,0.129458,-0.0143958,0.0,"[7.07079, 7.50338, 8.72265, 11.667, 28.0122, 58.5928, 50.1536, 42.4092, 35.5832, 29.8103, 25.1021, 21.3601, 18.4266, 16.1346, 12.9203, 10.1667, 8.74499, 8.08343, 7.96352]",0.0596252,"[-1.59562, 1.8315, -1.21476, 2.04143]",0.346768
0.0,0.0676443,0.0,0.0,8.91,0.0,1957.29,-0.266846,94.0,1,"[200.0, 200.0, 200.0, 200.0, 200.0, 200.0, 200.0, 200.0, 200.0, 200.0, 200.0, 200.0, 200.0, 200.0, 200.0, 200.0, 200.0, 200.0, 200.0, 200.0, 200.0, 200.0, 200.0, 200.0, 200.0, 200.0, 200.0, 200.0, 200.0, 200.0, 200.0, 200.0, 200.0, 200.0, 200.0, 200.0]",1,942.478,-0.154297,0.130943,-0.0143689,0.0,"[7.07002, 7.50265, 8.72192, 11.6663, 28.0193, 58.5903, 50.1515, 42.4077, 35.5821, 29.8098, 25.102, 21.3603, 18.427, 16.1352, 12.9209, 10.1674, 8.74571, 8.08417, 7.96432]",0.05973,"[0.101768, -0.152133, 2.15651, -1.1228]",0.346771
0.0,0.0676829,0.0,0.0,8.93,0.0,1957.29,-0.2677,94.0,1,"[200.0, 200.0, 200.0, 200.0, 200.0, 200.0, 200.0, 200.0, 200.0, 200.0, 200.0, 200.0, 200.0, 200.0, 200.0, 200.0, 200.0, 200.0, 200.0, 200.0, 200.0, 200.0, 200.0, 200.0, 200.0, 200.0, 200.0, 200.0, 200.0, 200.0, 200.0, 200.0, 200.0, 200.0, 200.0, 200.0]",1,942.478,-0.15434,0.131062,-0.0143958,0.0,"[7.06926, 7.50191, 8.72117, 11.6655, 28.0281, 58.5875, 50.1492, 42.4059, 35.5809, 29.8091, 25.1017, 21.3604, 18.4273, 16.1356, 12.9215, 10.1681, 8.74642, 8.08493, 7.96513]",0.0598348,"[-1.59693, 1.77715, -1.21464, 2.04337]",0.346773
0.0,0.0677134,0.0,0.0,8.95,0.0,1957.29,-0.268555,94.0,1,"[200.0, 200.0, 200.0, 200.0, 200.0, 200.0, 200.0, 200.0, 200.0, 200.0, 200.0, 200.0, 200.0, 200.0, 200.0, 200.0, 200.0, 200.0, 200.0, 200.0, 200.0, 200.0, 200.0, 200.0, 200.0, 200.0, 200.0, 200.0, 200.0, 200.0, 200.0, 200.0, 200.0, 200.0, 200.0, 200.0]",1,942.478,-0.153711,0.131905,-0.0143851,0.0,"[7.06849, 7.50116, 8.7204, 11.6646, 28.0314, 58.5855, 50.1476, 42.4048, 35.5803, 29.8089, 25.1019, 21.3608, 18.4278, 16.1362, 12.9223, 10.1689, 8.74714, 8.08566, 7.96592]",0.0599386,"[0.0966641, -0.203204, 2.15494, -1.12551]",0.346774
0.0,0.0677459,0.0,0.0,8.97,0.0,1957.29,-0.269287,94.0,1,"[200.0, 200.0, 200.0, 200.0, 200.0, 200.0, 200.0, 200.0, 200.0, 200.0, 200.0, 200.0, 200.0, 200.0, 200.0, 200.0, 200.0, 200.0, 200.0, 200.0, 200.0, 200.0, 200.0, 200.0, 200.0, 200.0, 200.0, 200.0, 200.0, 200.0, 200.0, 200.0, 200.0, 200.0, 200.0, 200.0]",1,942.478,-0.155133,0.130334,-0.0144313,0.0,"[7.06771, 7.50041, 8.71962, 11.6638, 28.0359, 58.5833, 50.1459, 42.4036, 35.5796, 29.8086, 25.1019, 21.3611, 18.4283, 16.1368, 12.923, 10.1696, 8.74789, 8.08641, 7.96672]",0.0600433,"[-1.59925, 1.7984, -1.21221, 2.04351]",0.346776
0.0,0.0677783,0.0,0.0,8.99,0.0,1957.29,-0.270142,94.0,1,"[200.0, 200.0, 200.0, 200.0, 200.0, 200.0, 200.0, 200.0, 200.0, 200.0, 200.0, 200.0, 200.0, 200.0, 200.0, 200.0, 200.0, 200.0, 200.0, 200.0, 200.0, 200.0, 200.0, 200.0, 200.0, 200.0, 200.0, 200.0, 200.0, 200.0, 200.0, 200.0, 200.0, 200.0, 200.0, 200.0]",1,942.478,-0.154847,0.131328,-0.014433,0.0,"[7.06694, 7.49966, 8.71884, 11.6629, 28.0406, 58.5812, 50.1442, 42.4023, 35.5788, 29.8083, 25.1019, 21.3614, 18.4288, 16.1374, 12.9237, 10.1703, 8.74862, 8.08717, 7.96753]",0.0601491,"[0.0949234, -0.174841, 2.16047, -1.11606]",0.346778
0.0,0.0678117,0.0,0.0,9.01,0.0,1957.29,-0.270996,94.0,1,"[200.0, 200.0, 200.0, 200.0, 200.0, 200.0, 200.0, 200.0, 200.0, 200.0, 200.0, 200.0, 200.0, 200.0, 200.0, 200.0, 200.0, 200.0, 200.0, 200.0, 200.0, 200.0, 200.0, 200.0, 200.0, 200.0, 200.0, 200.0, 200.0, 200.0, 200.0, 200.0, 200.0, 200.0, 200.0, 200.0]",1,942.478,-0.155877,0.129388,-0.0144213,0.0,"[7.06617, 7.49892, 8.71807, 11.6621, 28.0459, 58.5789, 50.1423, 42.4009, 35.5779, 29.8079, 25.1019, 21.3617, 18.4292, 16.138, 12.9243, 10.171, 8.74936, 8.08792, 7.96834]",0.0602539,"[-1.59979, 1.82091, -1.21307, 2.04464]",0.34678
0.0,0.067846,0.0,0.0,9.03,0.0,1957.29,-0.271729,94.0,1,"[200.0, 200.0, 200.0, 200.0, 200.0, 200.0, 200.0, 200.0, 200.0, 200.0, 200.0, 200.0, 200.0, 200.0, 200.0, 200.0, 200.0, 200.0, 200.0, 200.0, 200.0, 200.0, 200.0, 200.0, 200.0, 200.0, 200.0, 200.0, 200.0, 200.0, 200.0, 200.0, 200.0, 200.0, 200.0, 200.0]",1,942.478,-0.155145,0.130837,-0.014399,0.0,"[7.06541, 7.49819, 8.71732, 11.6613, 28.0519, 58.5765, 50.1404, 42.3995, 35.577, 29.8075, 25.1019, 21.3619, 18.4297, 16.1386, 12.925, 10.1717, 8.75006, 8.08866, 7.96913]",0.0603577,"[0.0930469, -0.160373, 2.1551, -1.12403]",0.34678
0.0,0.0678813,0.0,0.0,9.05,0.0,1957.29,-0.272583,94.0,1,"[200.0, 200.0, 200.0, 200.0, 200.0, 200.0, 200.0, 200.0, 200.0, 200.0, 200.0, 200.0, 200.0, 200.0, 200.0, 200.0, 200.0, 200.0, 200.0, 200.0, 200.0, 200.0, 200.0, 200.0, 200.0, 200.0, 200.0, 200.0, 200.0, 200.0, 200.0, 200.0, 200.0, 200.0, 200.0, 200.0]",1,942.478,-0.156512,0.12898,-0.0143645,0.0,"[7.06466, 7.49745, 8.71657, 11.6605, 28.0586, 58.5741, 50.1384, 42.398, 35.5761, 29.8069, 25.1018, 21.3621, 18.4301, 16.1391, 12.9256, 10.1724, 8.75077, 8.0894, 7.96992]",0.0604604,"[-1.59563, 1.83011, -1.21044, 2.04537]",0.346781
0.0,0.0679156,0.0,0.0,9.07,0.0,1957.29,-0.273438,94.0,1,"[200.0, 200.0, 200.0, 200.0, 200.0, 200.0, 200.0, 200.0, 200.0, 200.0, 200.0, 200.0, 200.0, 200.0, 200.0, 200.0, 200.0, 200.0, 200.0, 200.0, 200.0, 200.0, 200.0, 200.0, 200.0, 200.0, 200.0, 200.0, 200.0, 200.0, 200.0, 200.0, 200.0, 200.0, 200.0, 200.0]",1,942.478,-0.155804,0.130343,-0.0143341,0.0,"[7.06388, 7.49671, 8.71581, 11.6597, 28.064, 58.5718, 50.1365, 42.3966, 35.5752, 29.8065, 25.1018, 21.3623, 18.4305, 16.1396, 12.9263, 10.1732, 8.7515, 8.09015, 7.97073]",0.0605652,"[0.100057, -0.149989, 2.15579, -1.12338]",0.346782
0.0,0.067949,0.0,0.0,9.09,0.0,1957.29,-0.274292,94.0,1,"[200.0, 200.0, 200.0, 200.0, 200.0, 200.0, 200.0, 200.0, 200.0, 200.0, 200.0, 200.0, 200.0, 200.0, 200.0, 200.0, 200.0, 200.0, 200.0, 200.0, 200.0, 200.0, 200.0, 200.0, 200.0, 200.0, 200.0, 200.0, 200.0, 200.0, 200.0, 200.0, 200.0, 200.0, 200.0, 200.0]",1,942.478,-0.156514,0.129426,-0.0143789,0.0,"[7.06312, 7.49598, 8.71506, 11.6589, 28.07, 58.5694, 50.1346, 42.3952, 35.5743, 29.8062, 25.1017, 21.3626, 18.431, 16.1402, 12.927, 10.1739, 8.75222, 8.09089, 7.97153]",0.0606689,"[-1.60066, 1.80429, -1.2073, 2.04928]",0.346782
0.0,0.0679809,0.0,0.0,9.11,0.0,1957.29,-0.275146,94.0,1,"[200.0, 200.0, 200.0, 200.0, 200.0, 200.0, 200.0, 200.0, 200.0, 200.0, 200.0, 200.0, 200.0, 200.0, 200.0, 200.0, 200.0, 200.0, 200.0, 200.0, 200.0, 200.0, 200.0, 200.0, 200.0, 200.0, 200.0, 200.0, 200.0, 200.0, 200.0, 200.0, 200.0, 200.0, 200.0, 200.0]",1,942.478,-0.156105,0.130539,-0.0143745,0.0,"[7.06236, 7.49524, 8.71429, 11.6581, 28.0749, 58.5673, 50.1329, 42.394, 35.5735, 29.8058, 25.1018, 21.3629, 18.4314, 16.1408, 12.9277, 10.1746, 8.75295, 8.09163, 7.97231]",0.0607727,"[0.104597, -0.168464, 2.15976, -1.11938]",0.346783
0.0,0.0680138,0.0,0.0,9.13,0.0,1957.28,-0.275879,94.0,1,"[200.0, 200.0, 200.0, 200.0, 200.0, 200.0, 200.0, 200.0, 200.0, 200.0, 200.0, 200.0, 200.0, 200.0, 200.0, 200.0, 200.0, 200.0, 200.0, 200.0, 200.0, 200.0, 200.0, 200.0, 200.0, 200.0, 200.0, 200.0, 200.0, 200.0, 200.0, 200.0, 200.0, 200.0, 200.0, 200.0]",1,942.478,-0.157244,0.128909,-0.014385,0.0,"[7.06159, 7.4945, 8.71354, 11.6572, 28.0802, 58.5651, 50.1311, 42.3927, 35.5727, 29.8055, 25.1018, 21.3632, 18.4319, 16.1414, 12.9284, 10.1753, 8.75367, 8.09238, 7.97311]",0.0608765,"[-1.60126, 1.82239, -1.2051, 2.05101]",0.346783
0.0,0.0680458,0.0,0.0,9.15,0.0,1957.28,-0.276733,94.0,1,"[200.0, 200.0, 200.0, 200.0, 200.0, 200.0, 200.0, 200.0, 200.0, 200.0, 200.0, 200.0, 200.0, 200.0, 200.0, 200.0, 200.0, 200.0, 200.0, 200.0, 200.0, 200.0, 200.0, 200.0, 200.0, 200.0, 200.0, 200.0, 200.0, 200.0, 200.0, 200.0, 200.0, 200.0, 200.0, 200.0]",1,942.478,-0.156605,0.130068,-0.0143087,0.0,"[7.06083, 7.49376, 8.71276, 11.6564, 28.0843, 58.563, 50.1294, 42.3914, 35.572, 29.8052, 25.1019, 21.3635, 18.4324, 16.142, 12.9291, 10.176, 8.75439, 8.09312, 7.97391]",0.0609802,"[0.0960469, -0.154823, 2.16089, -1.11674]",0.346783
0.0,0.0680782,0.0,0.0,9.17,0.0,1957.28,-0.277588,94.0,1,"[200.0, 200.0, 200.0, 200.0, 200.0, 200.0, 200.0, 200.0, 200.0, 200.0, 200.0, 200.0, 200.0, 200.0, 200.0, 200.0, 200.0, 200.0, 200.0, 200.0, 200.0, 200.0, 200.0, 200.0, 200.0, 200.0, 200.0, 200.0, 200.0, 200.0, 200.0, 200.0, 200.0, 200.0, 200.0, 200.0]",1,942.478,-0.157707,0.128247,-0.0143423,0.0,"[7.06007, 7.49302, 8.71201, 11.6556, 28.0894, 58.5608, 50.1277, 42.3902, 35.5712, 29.8048, 25.1019, 21.3638, 18.4329, 16.1425, 12.9297, 10.1767, 8.75511, 8.09386, 7.97469]",0.061083,"[-1.60092, 1.82298, -1.20242, 2.05441]",0.346783
0.0,0.0681116,0.0,0.0,9.19,0.0,1957.28,-0.27832,94.0,1,"[200.0, 200.0, 200.0, 200.0, 200.0, 200.0, 200.0, 200.0, 200.0, 200.0, 200.0, 200.0, 200.0, 200.0, 200.0, 200.0, 200.0, 200.0, 200.0, 200.0, 200.0, 200.0, 200.0, 200.0, 200.0, 200.0, 200.0, 200.0, 200.0, 200.0, 200.0, 200.0, 200.0, 200.0, 200.0, 200.0]",1,942.478,-0.156494,0.12948,-0.0143374,0.0,"[7.05932, 7.4923, 8.71125, 11.6548, 28.0956, 58.5585, 50.1258, 42.3888, 35.5703, 29.8044, 25.1018, 21.364, 18.4333, 16.1431, 12.9304, 10.1775, 8.75583, 8.09459, 7.97548]",0.0611857,"[0.0932235, -0.185819, 2.16478, -1.11527]",0.346782
0.0,0.0681407,0.0,0.0,9.21,0.0,1957.28,-0.279175,94.0,1,"[200.0, 200.0, 200.0, 200.0, 200.0, 200.0, 200.0, 200.0, 200.0, 200.0, 200.0, 200.0, 200.0, 200.0, 200.0, 200.0, 200.0, 200.0, 200.0, 200.0, 200.0, 200.0, 200.0, 200.0, 200.0, 200.0, 200.0, 200.0, 200.0, 200.0, 200.0, 200.0, 200.0, 200.0, 200.0, 200.0]",1,942.478,-0.15817,0.128644,-0.0143513,0.0,"[7.05856, 7.49154, 8.71046, 11.6539, 28.098, 58.5566, 50.1244, 42.3878, 35.5698, 29.8043, 25.1021, 21.3645, 18.4339, 16.1437, 12.9311, 10.1782, 8.75657, 8.09535, 7.97628]",0.0612895,"[-1.60434, 1.81712, -1.19558, 2.06048]",0.346783
0.0,0.0681702,0.0,0.0,9.23,0.0,1957.28,-0.280029,94.0,1,"[200.0, 200.0, 200.0, 200.0, 200.0, 200.0, 200.0, 200.0, 200.0, 200.0, 200.0, 200.0, 200.0, 200.0, 200.0, 200.0, 200.0, 200.0, 200.0, 200.0, 200.0, 200.0, 200.0, 200.0, 200.0, 200.0, 200.0, 200.0, 200.0, 200.0, 200.0, 200.0, 200.0, 200.0, 200.0, 200.0]",1,942.478,-0.157686,0.129984,-0.0143301,0.0,"[7.0578, 7.49081, 8.70969, 11.653, 28.1013, 58.5548, 50.1229, 42.3867, 35.5692, 29.8041, 25.1022, 21.3649, 18.4344, 16.1444, 12.9318, 10.1789, 8.75728, 8.09608, 7.97707]",0.0613922,"[0.101542, -0.152246, 2.16699, -1.10887]",0.346782
0.0,0.0682003,0.0,0.0,9.25,0.0,1957.28,-0.280884,94.0,1,"[200.0, 200.0, 200.0, 200.0, 200.0, 200.0, 200.0, 200.0, 200.0, 200.0, 200.0, 200.0, 200.0, 200.0, 200.0, 200.0, 200.0, 200.0, 200.0, 200.0, 200.0, 200.0, 200.0, 200.0, 200.0, 200.0, 200.0, 200.0, 200.0, 200.0, 200.0, 200.0, 200.0, 200.0, 200.0, 200.0]",1,942.478,-0.157924,0.128879,-0.0143909,0.0,"[7.05704, 7.49006, 8.70891, 11.6522, 28.1047, 58.5528, 50.1214, 42.3857, 35.5686, 29.8039, 25.1023, 21.3652, 18.4349, 16.145, 12.9326, 10.1796, 8.758, 8.09682, 7.97786]",0.061496,"[-1.60935, 1.78583, -1.19494, 2.06054]",0.346781
0.0,0.0682279,0.0,0.0,9.27,0.0,1957.28,-0.281616,94.0,1,"[200.0, 200.0, 200.0, 200.0, 200.0, 200.0, 200.0, 200.0, 200.0, 200.0, 200.0, 200.0, 200.0, 200.0, 200.0, 200.0, 200.0, 200.0, 200.0, 200.0, 200.0, 200.0, 200.0, 200.0, 200.0, 200.0, 200.0, 200.0, 200.0, 200.0, 200.0, 200.0, 200.0, 200.0, 200.0, 200.0]",1,942.478,-0.157069,0.130493,-0.0143378,0.0,"[7.05627, 7.4893, 8.70811, 11.6512, 28.1059, 58.5511, 50.1201, 42.3848, 35.5682, 29.8039, 25.1026, 21.3657, 18.4355, 16.1457, 12.9333, 10.1804, 8.75876, 8.09758, 7.97865]",0.0615997,"[0.0973557, -0.192191, 2.16299, -1.11751]",0.346781
0.0,0.068257,0.0,0.0,9.29,0.0,1957.28,-0.282471,94.0,1,"[200.0, 200.0, 200.0, 200.0, 200.0, 200.0, 200.0, 200.0, 200.0, 200.0, 200.0, 200.0, 200.0, 200.0, 200.0, 200.0, 200.0, 200.0, 200.0, 200.0, 200.0, 200.0, 200.0, 200.0, 200.0, 200.0, 200.0, 200.0, 200.0, 200.0, 200.0, 200.0, 200.0, 200.0, 200.0, 200.0]",1,942.478,-0.158396,0.128964,-0.0144023,0.0,"[7.05552, 7.48856, 8.70733, 11.6504, 28.1087, 58.5493, 50.1186, 42.3839, 35.5677, 29.8038, 25.1028, 21.3662, 18.4361, 16.1464, 12.9341, 10.1811, 8.75949, 8.09833, 7.97943]",0.0617025,"[-1.6044, 1.79639, -1.1996, 2.05814]",0.346779
0.0,0.0682856,0.0,0.0,9.31,0.0,1957.28,-0.283325,94.0,1,"[200.0, 200.0, 200.0, 200.0, 200.0, 200.0, 200.0, 200.0, 200.0, 200.0, 200.0, 200.0, 200.0, 200.0, 200.0, 200.0, 200.0, 200.0, 200.0, 200.0, 200.0, 200.0, 200.0, 200.0, 200.0, 200.0, 200.0, 200.0, 200.0, 200.0, 200.0, 200.0, 200.0, 200.0, 200.0, 200.0]",1,942.478,-0.157658,0.130313,-0.0143162,0.0,"[7.05474, 7.4878, 8.70652, 11.6494, 28.1111, 58.5475, 50.1172, 42.3829, 35.5671, 29.8037, 25.103, 21.3666, 18.4367, 16.147, 12.9348, 10.1819, 8.76023, 8.09908, 7.98024]",0.0618073,"[0.105097, -0.179246, 2.16093, -1.12057]",0.346778
0.0,0.0683152,0.0,0.0,9.33,0.0,1957.28,-0.28418,94.0,1,"[200.0, 200.0, 200.0, 200.0, 200.0, 200.0, 200.0, 200.0, 200.0, 200.0, 200.0, 200.0, 200.0, 200.0, 200.0, 200.0, 200.0, 200.0, 200.0, 200.0, 200.0, 200.0, 200.0, 200.0, 200.0, 200.0, 200.0, 200.0, 200.0, 200.0, 200.0, 200.0, 200.0, 200.0, 200.0, 200.0]",1,942.478,-0.159061,0.128258,-0.0143587,0.0,"[7.05398, 7.48706, 8.70574, 11.6486, 28.1141, 58.5456, 50.1157, 42.3819, 35.5665, 29.8035, 25.1032, 21.367, 18.4373, 16.1477, 12.9355, 10.1826, 8.76097, 8.09982, 7.98103]",0.061911,"[-1.60781, 1.81479, -1.19686, 2.05874]",0.346777
0.0,0.0683457,0.0,0.0,9.35,0.0,1957.28,-0.284912,94.0,1,"[200.0, 200.0, 200.0, 200.0, 200.0, 200.0, 200.0, 200.0, 200.0, 200.0, 200.0, 200.0, 200.0, 200.0, 200.0, 200.0, 200.0, 200.0, 200.0, 200.0, 200.0, 200.0, 200.0, 200.0, 200.0, 200.0, 200.0, 200.0, 200.0, 200.0, 200.0, 200.0, 200.0, 200.0, 200.0, 200.0]",1,942.478,-0.158022,0.130158,-0.0142919,0.0,"[7.05323, 7.48633, 8.70499, 11.6477, 28.1179, 58.5436, 50.1141, 42.3807, 35.5659, 29.8033, 25.1033, 21.3673, 18.4378, 16.1483, 12.9362, 10.1834, 8.76168, 8.10055, 7.98181]",0.0620127,"[0.0945907, -0.163972, 2.15824, -1.12028]",0.346774
0.0,0.0683762,0.0,0.0,9.37,0.0,1957.27,-0.285767,94.0,1,"[200.0, 200.0, 200.0, 200.0, 200.0, 200.0, 200.0, 200.0, 200.0, 200.0, 200.0, 200.0, 200.0, 200.0, 200.0, 200.0, 200.0, 200.0, 200.0, 200.0, 200.0, 200.0, 200.0, 200.0, 200.0, 200.0, 200.0, 200.0, 200.0, 200.0, 200.0, 200.0, 200.0, 200.0, 200.0, 200.0]",1,942.478,-0.158677,0.127772,-0.0143308,0.0,"[7.05247, 7.4856, 8.70422, 11.6469, 28.1222, 58.5416, 50.1125, 42.3796, 35.5652, 29.803, 25.1034, 21.3677, 18.4383, 16.1489, 12.9369, 10.1841, 8.76239, 8.10129, 7.9826]",0.0621155,"[-1.60852, 1.78126, -1.20037, 2.05644]",0.346772
0.0,0.0684048,0.0,0.0,9.39,0.0,1957.27,-0.286621,94.0,1,"[200.0, 200.0, 200.0, 200.0, 200.0, 200.0, 200.0, 200.0, 200.0, 200.0, 200.0, 200.0, 200.0, 200.0, 200.0, 200.0, 200.0, 200.0, 200.0, 200.0, 200.0, 200.0, 200.0, 200.0, 200.0, 200.0, 200.0, 200.0, 200.0, 200.0, 200.0, 200.0, 200.0, 200.0, 200.0, 200.0]",1,942.478,-0.158108,0.129805,-0.0143131,0.0,"[7.05171, 7.48484, 8.70342, 11.646, 28.1243, 58.5398, 50.1112, 42.3787, 35.5648, 29.8029, 25.1036, 21.3682, 18.4389, 16.1496, 12.9377, 10.1848, 8.76314, 8.10205, 7.98339]",0.0622192,"[0.0978671, -0.185623, 2.15819, -1.118]",0.346771
0.0,0.0684325,0.0,0.0,9.41,0.0,1957.27,-0.287354,94.0,1,"[200.0, 200.0, 200.0, 200.0, 200.0, 200.0, 200.0, 200.0, 200.0, 200.0, 200.0, 200.0, 200.0, 200.0, 200.0, 200.0, 200.0, 200.0, 200.0, 200.0, 200.0, 200.0, 200.0, 200.0, 200.0, 200.0, 200.0, 200.0, 200.0, 200.0, 200.0, 200.0, 200.0, 200.0, 200.0, 200.0]",1,942.478,-0.159474,0.128354,-0.0143562,0.0,"[7.05095, 7.48409, 8.70263, 11.6451, 28.1261, 58.5381, 50.1098, 42.3778, 35.5643, 29.8029, 25.1039, 21.3686, 18.4395, 16.1503, 12.9384, 10.1856, 8.76388, 8.10279, 7.98418]",0.062322,"[-1.6128, 1.79998, -1.19664, 2.06032]",0.346769
0.0,0.0684611,0.0,0.0,9.43,0.0,1957.27,-0.288208,94.0,1,"[200.0, 200.0, 200.0, 200.0, 200.0, 200.0, 200.0, 200.0, 200.0, 200.0, 200.0, 200.0, 200.0, 200.0, 200.0, 200.0, 200.0, 200.0, 200.0, 200.0, 200.0, 200.0, 200.0, 200.0, 200.0, 200.0, 200.0, 200.0, 200.0, 200.0, 200.0, 200.0, 200.0, 200.0, 200.0, 200.0]",1,942.478,-0.158728,0.12948,-0.0142954,0.0,"[7.0502, 7.48336, 8.70185, 11.6442, 28.1289, 58.5363, 50.1084, 42.3768, 35.5637, 29.8027, 25.1041, 21.369, 18.44, 16.1509, 12.9391, 10.1863, 8.7646, 8.10352, 7.98496]",0.0624237,"[0.0993994, -0.156727, 2.15502, -1.12494]",0.346766
0.0,0.0684902,0.0,0.0,9.45,0.0,1957.27,-0.289063,94.0,1,"[200.0, 200.0, 200.0, 200.0, 200.0, 200.0, 200.0, 200.0, 200.0, 200.0, 200.0, 200.0, 200.0, 200.0, 200.0, 200.0, 200.0, 200.0, 200.0, 200.0, 200.0, 200.0, 200.0, 200.0, 200.0, 200.0, 200.0, 200.0, 200.0, 200.0, 200.0, 200.0, 200.0, 200.0, 200.0, 200.0]",1,942.478,-0.159363,0.128148,-0.0143153,0.0,"[7.04944, 7.48262, 8.70107, 11.6433, 28.1313, 58.5344, 50.1069, 42.3758, 35.5632, 29.8026, 25.1042, 21.3694, 18.4406, 16.1516, 12.9398, 10.187, 8.76532, 8.10426, 7.98575]",0.0625264,"[-1.61691, 1.79243, -1.20206, 2.05335]",0.346763
0.0,0.0685183,0.0,0.0,9.47,0.0,1957.27,-0.289917,94.0,1,"[200.0, 200.0, 200.0, 200.0, 200.0, 200.0, 200.0, 200.0, 200.0, 200.0, 200.0, 200.0, 200.0, 200.0, 200.0, 200.0, 200.0, 200.0, 200.0, 200.0, 200.0, 200.0, 200.0, 200.0, 200.0, 200.0, 200.0, 200.0, 200.0, 200.0, 200.0, 200.0, 200.0, 200.0, 200.0, 200.0]",1,942.478,-0.158804,0.129481,-0.0143078,0.0,"[7.04869, 7.48188, 8.70029, 11.6424, 28.1342, 58.5327, 50.1056, 42.3748, 35.5627, 29.8025, 25.1044, 21.3698, 18.4412, 16.1522, 12.9406, 10.1878, 8.76605, 8.10501, 7.98653]",0.0626292,"[0.0972435, -0.167077, 2.153, -1.12676]",0.346761
0.0,0.0685479,0.0,0.0,9.49,0.0,1957.27,-0.290771,94.0,1,"[200.0, 200.0, 200.0, 200.0, 200.0, 200.0, 200.0, 200.0, 200.0, 200.0, 200.0, 200.0, 200.0, 200.0, 200.0, 200.0, 200.0, 200.0, 200.0, 200.0, 200.0, 200.0, 200.0, 200.0, 200.0, 200.0, 200.0, 200.0, 200.0, 200.0, 200.0, 200.0, 200.0, 200.0, 200.0, 200.0]",1,942.478,-0.159387,0.129071,-0.0143005,0.0,"[7.04792, 7.48112, 8.6995, 11.6415, 28.1369, 58.5308, 50.1041, 42.3738, 35.5622, 29.8023, 25.1046, 21.3703, 18.4418, 16.1529, 12.9413, 10.1885, 8.7668, 8.10575, 7.98732]",0.0627329,"[-1.61621, 1.77712, -1.20604, 2.05331]",0.346759
0.0,0.0685746,0.0,0.0,9.51,0.0,1957.27,-0.291504,94.0,1,"[200.0, 200.0, 200.0, 200.0, 200.0, 200.0, 200.0, 200.0, 200.0, 200.0, 200.0, 200.0, 200.0, 200.0, 200.0, 200.0, 200.0, 200.0, 200.0, 200.0, 200.0, 200.0, 200.0, 200.0, 200.0, 200.0, 200.0, 200.0, 200.0, 200.0, 200.0, 200.0, 200.0, 200.0, 200.0, 200.0]",1,942.478,-0.158715,0.130066,-0.0142998,0.0,"[7.04716, 7.48038, 8.69872, 11.6406, 28.1382, 58.5292, 50.1029, 42.3731, 35.5618, 29.8024, 25.1049, 21.3708, 18.4424, 16.1536, 12.9421, 10.1893, 8.76751, 8.10649, 7.98811]",0.0628347,"[0.0970054, -0.182217, 2.14981, -1.1329]",0.346755
0.0,0.0686027,0.0,0.0,9.53,0.0,1957.27,-0.292358,94.0,1,"[200.0, 200.0, 200.0, 200.0, 200.0, 200.0, 200.0, 200.0, 200.0, 200.0, 200.0, 200.0, 200.0, 200.0, 200.0, 200.0, 200.0, 200.0, 200.0, 200.0, 200.0, 200.0, 200.0, 200.0, 200.0, 200.0, 200.0, 200.0, 200.0, 200.0, 200.0, 200.0, 200.0, 200.0, 200.0, 200.0]",1,942.478,-0.160101,0.128126,-0.0142987,0.0,"[7.04641, 7.47964, 8.69792, 11.6397, 28.1407, 58.5275, 50.1015, 42.3721, 35.5613, 29.8023, 25.1051, 21.3712, 18.443, 16.1542, 12.9428, 10.19, 8.76825, 8.10723, 7.98888]",0.0629374,"[-1.62206, 1.80394, -1.2045, 2.05209]",0.346751
0.0,0.0686313,0.0,0.0,9.55,0.0,1957.27,-0.293213,94.0,1,"[200.0, 200.0, 200.0, 200.0, 200.0, 200.0, 200.0, 200.0, 200.0, 200.0, 200.0, 200.0, 200.0, 200.0, 200.0, 200.0, 200.0, 200.0, 200.0, 200.0, 200.0, 200.0, 200.0, 200.0, 200.0, 200.0, 200.0, 200.0, 200.0, 200.0, 200.0, 200.0, 200.0, 200.0, 200.0, 200.0]",1,942.478,-0.159485,0.129857,-0.0143057,0.0,"[7.04564, 7.4789, 8.69713, 11.6388, 28.1426, 58.5256, 50.1001, 42.3711, 35.5608, 29.8022, 25.1054, 21.3717, 18.4435, 16.1549, 12.9435, 10.1907, 8.76898, 8.10798, 7.98969]",0.0630412,"[0.0994513, -0.166637, 2.15108, -1.12803]",0.346749
0.0,0.0686609,0.0,0.0,9.57,0.0,1957.27,-0.293945,94.0,1,"[200.0, 200.0, 200.0, 200.0, 200.0, 200.0, 200.0, 200.0, 200.0, 200.0, 200.0, 200.0, 200.0, 200.0, 200.0, 200.0, 200.0, 200.0, 200.0, 200.0, 200.0, 200.0, 200.0, 200.0, 200.0, 200.0, 200.0, 200.0, 200.0, 200.0, 200.0, 200.0, 200.0, 200.0, 200.0, 200.0]",1,942.478,-0.160398,0.128735,-0.0142692,0.0,"[7.0449, 7.47816, 8.69638, 11.638, 28.1464, 58.5237, 50.0986, 42.3701, 35.5602, 29.802, 25.1055, 21.372, 18.444, 16.1555, 12.9442, 10.1915, 8.76971, 8.10871, 7.99046]",0.0631429,"[-1.62056, 1.77933, -1.19702, 2.06053]",0.346745
0.0,0.0686862,0.0,0.0,9.59,0.0,1957.27,-0.2948,94.0,1,"[200.0, 200.0, 200.0, 200.0, 200.0, 200.0, 200.0, 200.0, 200.0, 200.0, 200.0, 200.0, 200.0, 200.0, 200.0, 200.0, 200.0, 200.0, 200.0, 200.0, 200.0, 200.0, 200.0, 200.0, 200.0, 200.0, 200.0, 200.0, 200.0, 200.0, 200.0, 200.0, 200.0, 200.0, 200.0, 200.0]",1,942.478,-0.159906,0.129673,-0.0142793,0.0,"[7.04414, 7.47741, 8.69557, 11.637, 28.1469, 58.5223, 50.0975, 42.3694, 35.5599, 29.802, 25.1058, 21.3726, 18.4447, 16.1563, 12.945, 10.1922, 8.77044, 8.10945, 7.99125]",0.0632456,"[0.102959, -0.176579, 2.1559, -1.12358]",0.346741
0.0,0.0687134,0.0,0.0,9.61,0.0,1957.26,-0.295654,94.0,1,"[200.0, 200.0, 200.0, 200.0, 200.0, 200.0, 200.0, 200.0, 200.0, 200.0, 200.0, 200.0, 200.0, 200.0, 200.0, 200.0, 200.0, 200.0, 200.0, 200.0, 200.0, 200.0, 200.0, 200.0, 200.0, 200.0, 200.0, 200.0, 200.0, 200.0, 200.0, 200.0, 200.0, 200.0, 200.0, 200.0]",1,942.478,-0.161417,0.127721,-0.0142651,0.0,"[7.04338, 7.47666, 8.69476, 11.6361, 28.1477, 58.5206, 50.0962, 42.3685, 35.5595, 29.802, 25.1061, 21.3731, 18.4453, 16.157, 12.9458, 10.193, 8.77119, 8.11021, 7.99203]",0.0633484,"[-1.61711, 1.80178, -1.19042, 2.06743]",0.346737
0.0,0.0687415,0.0,0.0,9.63,0.0,1957.26,-0.296509,94.0,1,"[200.0, 200.0, 200.0, 200.0, 200.0, 200.0, 200.0, 200.0, 200.0, 200.0, 200.0, 200.0, 200.0, 200.0, 200.0, 200.0, 200.0, 200.0, 200.0, 200.0, 200.0, 200.0, 200.0, 200.0, 200.0, 200.0, 200.0, 200.0, 200.0, 200.0, 200.0, 200.0, 200.0, 200.0, 200.0, 200.0]",1,942.478,-0.160218,0.128808,-0.0142738,0.0,"[7.04262, 7.47591, 8.69399, 11.6352, 28.1502, 58.5189, 50.0949, 42.3677, 35.559, 29.802, 25.1063, 21.3735, 18.446, 16.1576, 12.9465, 10.1937, 8.77192, 8.11095, 7.99282]",0.0634511,"[0.0995632, -0.190986, 2.16273, -1.11669]",0.346734
0.0,0.0687653,0.0,0.0,9.65,0.0,1957.26,-0.297241,94.0,1,"[200.0, 200.0, 200.0, 200.0, 200.0, 200.0, 200.0, 200.0, 200.0, 200.0, 200.0, 200.0, 200.0, 200.0, 200.0, 200.0, 200.0, 200.0, 200.0, 200.0, 200.0, 200.0, 200.0, 200.0, 200.0, 200.0, 200.0, 200.0, 200.0, 200.0, 200.0, 200.0, 200.0, 200.0, 200.0, 200.0]",1,942.478,-0.161456,0.127765,-0.014265,0.0,"[7.04187, 7.47517, 8.69319, 11.6343, 28.1499, 58.5175, 50.0939, 42.3671, 35.5589, 29.8021, 25.1068, 21.3741, 18.4466, 16.1584, 12.9473, 10.1945, 8.77265, 8.11169, 7.99359]",0.0635529,"[-1.61897, 1.7875, -1.19228, 2.067]",0.346729
0.0,0.0687911,0.0,0.0,9.67,0.0,1957.26,-0.298096,94.0,1,"[200.0, 200.0, 200.0, 200.0, 200.0, 200.0, 200.0, 200.0, 200.0, 200.0, 200.0, 200.0, 200.0, 200.0, 200.0, 200.0, 200.0, 200.0, 200.0, 200.0, 200.0, 200.0, 200.0, 200.0, 200.0, 200.0, 200.0, 200.0, 200.0, 200.0, 200.0, 200.0, 200.0, 200.0, 200.0, 200.0]",1,942.478,-0.160719,0.12878,-0.0142592,0.0,"[7.04111, 7.47442, 8.69238, 11.6333, 28.1504, 58.516, 50.0927, 42.3663, 35.5585, 29.8021, 25.1071, 21.3746, 18.4473, 16.1591, 12.9481, 10.1952, 8.77339, 8.11243, 7.99438]",0.0636556,"[0.102639, -0.166256, 2.15596, -1.12356]",0.346725
0.0,0.0688187,0.0,0.0,9.69,0.0,1957.26,-0.29895,94.0,1,"[200.0, 200.0, 200.0, 200.0, 200.0, 200.0, 200.0, 200.0, 200.0, 200.0, 200.0, 200.0, 200.0, 200.0, 200.0, 200.0, 200.0, 200.0, 200.0, 200.0, 200.0, 200.0, 200.0, 200.0, 200.0, 200.0, 200.0, 200.0, 200.0, 200.0, 200.0, 200.0, 200.0, 200.0, 200.0, 200.0]",1,942.478,-0.161081,0.128815,-0.0142653,0.0,"[7.04036, 7.47367, 8.69158, 11.6324, 28.1523, 58.5143, 50.0914, 42.3655, 35.5581, 29.8021, 25.1073, 21.3751, 18.4479, 16.1598, 12.9488, 10.196, 8.77413, 8.11317, 7.99516]",0.0637583,"[-1.62394, 1.74603, -1.19067, 2.06875]",0.34672
0.0,0.0688402,0.0,0.0,9.71,0.0,1957.26,-0.299805,94.0,1,"[200.0, 200.0, 200.0, 200.0, 200.0, 200.0, 200.0, 200.0, 200.0, 200.0, 200.0, 200.0, 200.0, 200.0, 200.0, 200.0, 200.0, 200.0, 200.0, 200.0, 200.0, 200.0, 200.0, 200.0, 200.0, 200.0, 200.0, 200.0, 200.0, 200.0, 200.0, 200.0, 200.0, 200.0, 200.0, 200.0]",1,942.478,-0.160474,0.1298,-0.014255,0.0,"[7.0396, 7.4729, 8.69075, 11.6314, 28.1495, 58.5132, 50.0907, 42.3651, 35.5581, 29.8024, 25.1079, 21.3758, 18.4487, 16.1606, 12.9496, 10.1968, 8.77488, 8.11393, 7.99595]",0.0638611,"[0.0988554, -0.206858, 2.1585, -1.12003]",0.346716
0.0,0.0688636,0.0,0.0,9.73,0.0,1957.26,-0.300537,94.0,1,"[200.0, 200.0, 200.0, 200.0, 200.0, 200.0, 200.0, 200.0, 200.0, 200.0, 200.0, 200.0, 200.0, 200.0, 200.0, 200.0, 200.0, 200.0, 200.0, 200.0, 200.0, 200.0, 200.0, 200.0, 200.0, 200.0, 200.0, 200.0, 200.0, 200.0, 200.0, 200.0, 200.0, 200.0, 200.0, 200.0]",1,942.478,-0.162041,0.127818,-0.0142522,0.0,"[7.03884, 7.47215, 8.68994, 11.6304, 28.1479, 58.512, 50.0899, 42.3646, 35.558, 29.8026, 25.1083, 21.3764, 18.4494, 16.1614, 12.9504, 10.1975, 8.77563, 8.11466, 7.99672]",0.0639628,"[-1.62229, 1.77819, -1.18852, 2.06915]",0.34671
0.0,0.0688874,0.0,0.0,9.75,0.0,1957.26,-0.301392,94.0,1,"[200.0, 200.0, 200.0, 200.0, 200.0, 200.0, 200.0, 200.0, 200.0, 200.0, 200.0, 200.0, 200.0, 200.0, 200.0, 200.0, 200.0, 200.0, 200.0, 200.0, 200.0, 200.0, 200.0, 200.0, 200.0, 200.0, 200.0, 200.0, 200.0, 200.0, 200.0, 200.0, 200.0, 200.0, 200.0, 200.0]",1,942.478,-0.161298,0.128872,-0.0142901,0.0,"[7.03807, 7.4714, 8.68914, 11.6294, 28.1474, 58.5107, 50.0888, 42.364, 35.5578, 29.8027, 25.1087, 21.377, 18.4501, 16.1622, 12.9512, 10.1983, 8.77638, 8.11542, 7.99751]",0.0640656,"[0.102643, -0.164107, 2.15155, -1.12581]",0.346706
0.0,0.0689122,0.0,0.0,9.77,0.0,1957.26,-0.302246,94.0,1,"[200.0, 200.0, 200.0, 200.0, 200.0, 200.0, 200.0, 200.0, 200.0, 200.0, 200.0, 200.0, 200.0, 200.0, 200.0, 200.0, 200.0, 200.0, 200.0, 200.0, 200.0, 200.0, 200.0, 200.0, 200.0, 200.0, 200.0, 200.0, 200.0, 200.0, 200.0, 200.0, 200.0, 200.0, 200.0, 200.0]",1,942.478,-0.162119,0.127511,-0.0142591,0.0,"[7.03732, 7.47065, 8.68832, 11.6285, 28.1474, 58.5092, 50.0878, 42.3634, 35.5575, 29.8029, 25.1091, 21.3776, 18.4508, 16.1629, 12.952, 10.1991, 8.77713, 8.11616, 7.99829]",0.0641683,"[-1.62516, 1.78127, -1.19706, 2.06461]",0.346701
0.0,0.068937,0.0,0.0,9.79,0.0,1957.26,-0.302979,94.0,1,"[200.0, 200.0, 200.0, 200.0, 200.0, 200.0, 200.0, 200.0, 200.0, 200.0, 200.0, 200.0, 200.0, 200.0, 200.0, 200.0, 200.0, 200.0, 200.0, 200.0, 200.0, 200.0, 200.0, 200.0, 200.0, 200.0, 200.0, 200.0, 200.0, 200.0, 200.0, 200.0, 200.0, 200.0, 200.0, 200.0]",1,942.478,-0.161544,0.128806,-0.0142701,0.0,"[7.03657, 7.4699, 8.68752, 11.6275, 28.1472, 58.5077, 50.0867, 42.3627, 35.5573, 29.803, 25.1095, 21.3781, 18.4515, 16.1637, 12.9528, 10.1998, 8.77786, 8.11691, 7.99906]",0.06427,"[0.0933852, -0.165356, 2.15328, -1.12334]",0.346695
0.0,0.0689613,0.0,0.0,9.81,0.0,1957.26,-0.303833,94.0,1,"[200.0, 200.0, 200.0, 200.0, 200.0, 200.0, 200.0, 200.0, 200.0, 200.0, 200.0, 200.0, 200.0, 200.0, 200.0, 200.0, 200.0, 200.0, 200.0, 200.0, 200.0, 200.0, 200.0, 200.0, 200.0, 200.0, 200.0, 200.0, 200.0, 200.0, 200.0, 200.0, 200.0, 200.0, 200.0, 200.0]",1,942.478,-0.16238,0.127383,-0.0142717,0.0,"[7.03581, 7.46915, 8.68671, 11.6266, 28.1472, 58.5064, 50.0857, 42.3621, 35.557, 29.8031, 25.1099, 21.3787, 18.4522, 16.1644, 12.9536, 10.2006, 8.7786, 8.11765, 7.99985]",0.0643728,"[-1.62665, 1.77387, -1.19326, 2.06539]",0.346689
0.0,0.0689852,0.0,0.0,9.83,0.0,1957.26,-0.304688,94.0,1,"[200.0, 200.0, 200.0, 200.0, 200.0, 200.0, 200.0, 200.0, 200.0, 200.0, 200.0, 200.0, 200.0, 200.0, 200.0, 200.0, 200.0, 200.0, 200.0, 200.0, 200.0, 200.0, 200.0, 200.0, 200.0, 200.0, 200.0, 200.0, 200.0, 200.0, 200.0, 200.0, 200.0, 200.0, 200.0, 200.0]",1,942.478,-0.161603,0.128549,-0.0142424,0.0,"[7.03505, 7.46839, 8.6859, 11.6256, 28.1461, 58.505, 50.0848, 42.3615, 35.5569, 29.8032, 25.1103, 21.3793, 18.4529, 16.1652, 12.9544, 10.2014, 8.77934, 8.11839, 8.00063]",0.0644755,"[0.10158, -0.171691, 2.14808, -1.13202]",0.346684
0.0,0.0690123,0.0,0.0,9.85,0.0,1957.25,-0.305542,94.0,1,"[200.0, 200.0, 200.0, 200.0, 200.0, 200.0, 200.0, 200.0, 200.0, 200.0, 200.0, 200.0, 200.0, 200.0, 200.0, 200.0, 200.0, 200.0, 200.0, 200.0, 200.0, 200.0, 200.0, 200.0, 200.0, 200.0, 200.0, 200.0, 200.0, 200.0, 200.0, 200.0, 200.0, 200.0, 200.0, 200.0]",1,942.478,-0.161831,0.128639,-0.0142046,0.0,"[7.03429, 7.46763, 8.68509, 11.6247, 28.147, 58.5034, 50.0835, 42.3608, 35.5565, 29.8032, 25.1106, 21.3798, 18.4535, 16.1659, 12.9551, 10.2021, 8.78008, 8.11915, 8.00142]",0.0645783,"[-1.63126, 1.73965, -1.20098, 2.06051]",0.346678
0.0,0.0690324,0.0,0.0,9.87,0.0,1957.25,-0.306396,94.0,1,"[200.0, 200.0, 200.0, 200.0, 200.0, 200.0, 200.0, 200.0, 200.0, 200.0, 200.0, 200.0, 200.0, 200.0, 200.0, 200.0, 200.0, 200.0, 200.0, 200.0, 200.0, 200.0, 200.0, 200.0, 200.0, 200.0, 200.0, 200.0, 200.0, 200.0, 200.0, 200.0, 200.0, 200.0, 200.0, 200.0]",1,942.478,-0.161513,0.129456,-0.0142549,0.0,"[7.03354, 7.46688, 8.68427, 11.6237, 28.144, 58.5024, 50.0829, 42.3604, 35.5566, 29.8036, 25.1112, 21.3805, 18.4543, 16.1667, 12.956, 10.2029, 8.78084, 8.11989, 8.00219]",0.06468,"[0.104784, -0.195105, 2.145, -1.13527]",0.346672
0.0,0.0690557,0.0,0.0,9.89,0.0,1957.25,-0.307129,94.0,1,"[200.0, 200.0, 200.0, 200.0, 200.0, 200.0, 200.0, 200.0, 200.0, 200.0, 200.0, 200.0, 200.0, 200.0, 200.0, 200.0, 200.0, 200.0, 200.0, 200.0, 200.0, 200.0, 200.0, 200.0, 200.0, 200.0, 200.0, 200.0, 200.0, 200.0, 200.0, 200.0, 200.0, 200.0, 200.0, 200.0]",1,942.478,-0.162695,0.127473,-0.0142721,0.0,"[7.03277, 7.46612, 8.68344, 11.6227, 28.1431, 58.5011, 50.0819, 42.3599, 35.5565, 29.8038, 25.1117, 21.3812, 18.455, 16.1675, 12.9568, 10.2037, 8.78159, 8.12063, 8.00298]",0.0647827,"[-1.63334, 1.77806, -1.20206, 2.05752]",0.346666
0.0,0.0690805,0.0,0.0,9.91,0.0,1957.25,-0.307983,94.0,1,"[200.0, 200.0, 200.0, 200.0, 200.0, 200.0, 200.0, 200.0, 200.0, 200.0, 200.0, 200.0, 200.0, 200.0, 200.0, 200.0, 200.0, 200.0, 200.0, 200.0, 200.0, 200.0, 200.0, 200.0, 200.0, 200.0, 200.0, 200.0, 200.0, 200.0, 200.0, 200.0, 200.0, 200.0, 200.0, 200.0]",1,942.478,-0.161956,0.128737,-0.0142553,0.0,"[7.03202, 7.46537, 8.68263, 11.6217, 28.1427, 58.4997, 50.0809, 42.3593, 35.5562, 29.8039, 25.1121, 21.3817, 18.4557, 16.1682, 12.9576, 10.2045, 8.78233, 8.12138, 8.00376]",0.0648855,"[0.0997573, -0.16747, 2.13912, -1.14206]",0.346659
0.0,0.0691058,0.0,0.0,9.93,0.0,1957.25,-0.308838,94.0,1,"[200.0, 200.0, 200.0, 200.0, 200.0, 200.0, 200.0, 200.0, 200.0, 200.0, 200.0, 200.0, 200.0, 200.0, 200.0, 200.0, 200.0, 200.0, 200.0, 200.0, 200.0, 200.0, 200.0, 200.0, 200.0, 200.0, 200.0, 200.0, 200.0, 200.0, 200.0, 200.0, 200.0, 200.0, 200.0, 200.0]",1,942.478,-0.162926,0.12714,-0.0142787,0.0,"[7.03127, 7.46462, 8.68183, 11.6208, 28.1425, 58.4982, 50.0798, 42.3586, 35.5559, 29.804, 25.1124, 21.3823, 18.4564, 16.169, 12.9583, 10.2052, 8.78307, 8.12212, 8.00454]",0.0649872,"[-1.62784, 1.76992, -1.20343, 2.05581]",0.346652
0.0,0.0691306,0.0,0.0,9.95,0.0,1957.25,-0.309692,94.0,1,"[200.0, 200.0, 200.0, 200.0, 200.0, 200.0, 200.0, 200.0, 200.0, 200.0, 200.0, 200.0, 200.0, 200.0, 200.0, 200.0, 200.0, 200.0, 200.0, 200.0, 200.0, 200.0, 200.0, 200.0, 200.0, 200.0, 200.0, 200.0, 200.0, 200.0, 200.0, 200.0, 200.0, 200.0, 200.0, 200.0]",1,942.478,-0.162317,0.128735,-0.014262,0.0,"[7.0305, 7.46387, 8.68102, 11.6198, 28.1425, 58.4969, 50.0787, 42.358, 35.5557, 29.8041, 25.1128, 21.3829, 18.4571, 16.1697, 12.9591, 10.206, 8.78381, 8.12286, 8.00532]",0.0650899,"[0.0973398, -0.171782, 2.14144, -1.13871]",0.346646
0.0,0.0691559,0.0,0.0,9.97,0.0,1957.25,-0.310425,94.0,1,"[200.0, 200.0, 200.0, 200.0, 200.0, 200.0, 200.0, 200.0, 200.0, 200.0, 200.0, 200.0, 200.0, 200.0, 200.0, 200.0, 200.0, 200.0, 200.0, 200.0, 200.0, 200.0, 200.0, 200.0, 200.0, 200.0, 200.0, 200.0, 200.0, 200.0, 200.0, 200.0, 200.0, 200.0, 200.0, 200.0]",1,942.478,-0.163132,0.128203,-0.014271,0.0,"[7.02974, 7.46312, 8.68022, 11.6189, 28.1428, 58.4953, 50.0777, 42.3573, 35.5554, 29.8042, 25.1132, 21.3834, 18.4577, 16.1704, 12.9599, 10.2067, 8.78455, 8.12362, 8.00611]",0.0651927,"[-1.63556, 1.7541, -1.19772, 2.0614]",0.346639
0.0,0.0691773,0.0,0.0,9.99,0.0,1957.25,-0.311401,94.0,1,"[200.0, 200.0, 200.0, 200.0, 200.0, 200.0, 200.0, 200.0, 200.0, 200.0, 200.0, 200.0, 200.0, 200.0, 200.0, 200.0, 200.0, 200.0, 200.0, 200.0, 200.0, 200.0, 200.0, 200.0, 200.0, 200.0, 200.0, 200.0, 200.0, 200.0, 200.0, 200.0, 200.0, 200.0, 200.0, 200.0]",1,942.478,-0.162631,0.129005,-0.014334,0.0,"[7.02898, 7.46235, 8.67938, 11.6178, 28.1395, 58.4943, 50.077, 42.357, 35.5555, 29.8045, 25.1137, 21.3841, 18.4585, 16.1713, 12.9607, 10.2075, 8.78532, 8.12438, 8.0069]",0.0652964,"[0.101569, -0.178623, 2.14226, -1.13862]",0.346633
0.0,0.0692012,0.0,0.0,10.01,0.0,1957.25,-0.312134,94.0,1,"[200.0, 200.0, 200.0, 200.0, 200.0, 200.0, 200.0, 200.0, 200.0, 200.0, 200.0, 200.0, 200.0, 200.0, 200.0, 200.0, 200.0, 200.0, 200.0, 200.0, 200.0, 200.0, 200.0, 200.0, 200.0, 200.0, 200.0, 200.0, 200.0, 200.0, 200.0, 200.0, 200.0, 200.0, 200.0, 200.0]",1,942.478,-0.163932,0.127466,-0.0143447,0.0,"[7.02821, 7.46159, 8.67857, 11.6169, 28.1391, 58.493, 50.076, 42.3563, 35.5552, 29.8047, 25.1142, 21.3847, 18.4592, 16.172, 12.9615, 10.2083, 8.78606, 8.12511, 8.00768]",0.0653992,"[-1.63143, 1.77675, -1.19754, 2.06205]",0.346625
0.0,0.0692231,0.0,0.0,10.03,0.0,1957.25,-0.312988,94.0,1,"[200.0, 200.0, 200.0, 200.0, 200.0, 200.0, 200.0, 200.0, 200.0, 200.0, 200.0, 200.0, 200.0, 200.0, 200.0, 200.0, 200.0, 200.0, 200.0, 200.0, 200.0, 200.0, 200.0, 200.0, 200.0, 200.0, 200.0, 200.0, 200.0, 200.0, 200.0, 200.0, 200.0, 200.0, 200.0, 200.0]",1,942.478,-0.162733,0.12941,-0.0144201,0.0,"[7.02745, 7.46083, 8.67774, 11.6159, 28.1369, 58.4918, 50.0752, 42.356, 35.5552, 29.805, 25.1146, 21.3854, 18.46, 16.1728, 12.9623, 10.2091, 8.78681, 8.12587, 8.00847]",0.0655019,"[0.0990489, -0.186794, 2.13784, -1.13738]",0.346617
0.0,0.069246,0.0,0.0,10.05,0.0,1957.25,-0.313965,94.0,1,"[200.0, 200.0, 200.0, 200.0, 200.0, 200.0, 200.0, 200.0, 200.0, 200.0, 200.0, 200.0, 200.0, 200.0, 200.0, 200.0, 200.0, 200.0, 200.0, 200.0, 200.0, 200.0, 200.0, 200.0, 200.0, 200.0, 200.0, 200.0, 200.0, 200.0, 200.0, 200.0, 200.0, 200.0, 200.0, 200.0]",1,942.478,-0.163649,0.126857,-0.0144028,0.0,"[7.02669, 7.46006, 8.6769, 11.6149, 28.1352, 58.4906, 50.0743, 42.3555, 35.5551, 29.8053, 25.1151, 21.386, 18.4607, 16.1737, 12.9632, 10.2099, 8.78757, 8.12663, 8.00926]",0.0656057,"[-1.63323, 1.75887, -1.20246, 2.05338]",0.34661
0.0,0.0692694,0.0,0.0,10.07,0.0,1957.25,-0.314819,94.0,1,"[200.0, 200.0, 200.0, 200.0, 200.0, 200.0, 200.0, 200.0, 200.0, 200.0, 200.0, 200.0, 200.0, 200.0, 200.0, 200.0, 200.0, 200.0, 200.0, 200.0, 200.0, 200.0, 200.0, 200.0, 200.0, 200.0, 200.0, 200.0, 200.0, 200.0, 200.0, 200.0, 200.0, 200.0, 200.0, 200.0]",1,942.478,-0.162966,0.128571,-0.014377,0.0,"[7.02593, 7.4593, 8.67609, 11.6139, 28.1338, 58.4893, 50.0734, 42.355, 35.5549, 29.8054, 25.1156, 21.3867, 18.4615, 16.1744, 12.964, 10.2107, 8.78832, 8.12737, 8.01004]",0.0657084,"[0.102666, -0.173254, 2.13002, -1.14819]",0.346601
0.0,0.0692951,0.0,0.0,10.09,0.0,1957.24,-0.315674,94.0,1,"[200.0, 200.0, 200.0, 200.0, 200.0, 200.0, 200.0, 200.0, 200.0, 200.0, 200.0, 200.0, 200.0, 200.0, 200.0, 200.0, 200.0, 200.0, 200.0, 200.0, 200.0, 200.0, 200.0, 200.0, 200.0, 200.0, 200.0, 200.0, 200.0, 200.0, 200.0, 200.0, 200.0, 200.0, 200.0, 200.0]",1,942.478,-0.163078,0.128549,-0.014346,0.0,"[7.02517, 7.45854, 8.67527, 11.6129, 28.134, 58.4878, 50.0723, 42.3542, 35.5547, 29.8055, 25.116, 21.3872, 18.4621, 16.1752, 12.9648, 10.2114, 8.78907, 8.12813, 8.01083]",0.0658112,"[-1.63867, 1.72429, -1.21254, 2.04868]",0.346593
0.0,0.0693147,0.0,0.0,10.11,0.0,1957.24,-0.316528,94.0,1,"[200.0, 200.0, 200.0, 200.0, 200.0, 200.0, 200.0, 200.0, 200.0, 200.0, 200.0, 200.0, 200.0, 200.0, 200.0, 200.0, 200.0, 200.0, 200.0, 200.0, 200.0, 200.0, 200.0, 200.0, 200.0, 200.0, 200.0, 200.0, 200.0, 200.0, 200.0, 200.0, 200.0, 200.0, 200.0, 200.0]",1,942.478,-0.162787,0.129325,-0.0143428,0.0,"[7.02441, 7.45778, 8.67443, 11.6119, 28.1301, 58.4869, 50.0717, 42.3541, 35.5548, 29.8059, 25.1166, 21.388, 18.463, 16.176, 12.9656, 10.2122, 8.78983, 8.12889, 8.0116]",0.0659139,"[0.108098, -0.202898, 2.12819, -1.1551]",0.346585
0.0,0.0693371,0.0,0.0,10.13,0.0,1957.24,-0.317261,94.0,1,"[200.0, 200.0, 200.0, 200.0, 200.0, 200.0, 200.0, 200.0, 200.0, 200.0, 200.0, 200.0, 200.0, 200.0, 200.0, 200.0, 200.0, 200.0, 200.0, 200.0, 200.0, 200.0, 200.0, 200.0, 200.0, 200.0, 200.0, 200.0, 200.0, 200.0, 200.0, 200.0, 200.0, 200.0, 200.0, 200.0]",1,942.478,-0.164094,0.127589,-0.0144025,0.0,"[7.02363, 7.457, 8.67359, 11.6108, 28.1277, 58.4857, 50.0709, 42.3536, 35.5548, 29.8062, 25.1171, 21.3887, 18.4638, 16.1769, 12.9665, 10.213, 8.7906, 8.12964, 8.01241]",0.0660187,"[-1.63737, 1.75927, -1.21184, 2.04987]",0.346578
0.0,0.069359,0.0,0.0,10.15,0.0,1957.24,-0.318237,94.0,1,"[200.0, 200.0, 200.0, 200.0, 200.0, 200.0, 200.0, 200.0, 200.0, 200.0, 200.0, 200.0, 200.0, 200.0, 200.0, 200.0, 200.0, 200.0, 200.0, 200.0, 200.0, 200.0, 200.0, 200.0, 200.0, 200.0, 200.0, 200.0, 200.0, 200.0, 200.0, 200.0, 200.0, 200.0, 200.0, 200.0]",1,942.478,-0.163481,0.128777,-0.0143926,0.0,"[7.02287, 7.45624, 8.67275, 11.6098, 28.1253, 58.4846, 50.0702, 42.3532, 35.5548, 29.8065, 25.1176, 21.3894, 18.4645, 16.1777, 12.9673, 10.2138, 8.79136, 8.13039, 8.01319]",0.0661214,"[0.100527, -0.173247, 2.12631, -1.15376]",0.346569
0.0,0.0693824,0.0,0.0,10.17,0.0,1957.24,-0.319092,94.0,1,"[200.0, 200.0, 200.0, 200.0, 200.0, 200.0, 200.0, 200.0, 200.0, 200.0, 200.0, 200.0, 200.0, 200.0, 200.0, 200.0, 200.0, 200.0, 200.0, 200.0, 200.0, 200.0, 200.0, 200.0, 200.0, 200.0, 200.0, 200.0, 200.0, 200.0, 200.0, 200.0, 200.0, 200.0, 200.0, 200.0]",1,942.478,-0.164162,0.126929,-0.0143518,0.0,"[7.0221, 7.45547, 8.67192, 11.6088, 28.1236, 58.4833, 50.0692, 42.3527, 35.5547, 29.8067, 25.1181, 21.39, 18.4653, 16.1785, 12.9681, 10.2146, 8.79212, 8.13117, 8.01398]",0.0662262,"[-1.63876, 1.73544, -1.20826, 2.05377]",0.34656
0.0,0.0694033,0.0,0.0,10.19,0.0,1957.24,-0.320068,94.0,1,"[200.0, 200.0, 200.0, 200.0, 200.0, 200.0, 200.0, 200.0, 200.0, 200.0, 200.0, 200.0, 200.0, 200.0, 200.0, 200.0, 200.0, 200.0, 200.0, 200.0, 200.0, 200.0, 200.0, 200.0, 200.0, 200.0, 200.0, 200.0, 200.0, 200.0, 200.0, 200.0, 200.0, 200.0, 200.0, 200.0]",1,942.478,-0.163797,0.128789,-0.0143833,0.0,"[7.02133, 7.4547, 8.67109, 11.6078, 28.1211, 58.4823, 50.0686, 42.3524, 35.5547, 29.8071, 25.1187, 21.3907, 18.4661, 16.1793, 12.9689, 10.2154, 8.79287, 8.13191, 8.01477]",0.0663289,"[0.101425, -0.189413, 2.13277, -1.15058]",0.34655
0.0,0.0694248,0.0,0.0,10.21,0.0,1957.24,-0.320923,94.0,1,"[200.0, 200.0, 200.0, 200.0, 200.0, 200.0, 200.0, 200.0, 200.0, 200.0, 200.0, 200.0, 200.0, 200.0, 200.0, 200.0, 200.0, 200.0, 200.0, 200.0, 200.0, 200.0, 200.0, 200.0, 200.0, 200.0, 200.0, 200.0, 200.0, 200.0, 200.0, 200.0, 200.0, 200.0, 200.0, 200.0]",1,942.478,-0.165166,0.127225,-0.0143913,0.0,"[7.02056, 7.45393, 8.67023, 11.6068, 28.118, 58.4812, 50.0678, 42.3521, 35.5547, 29.8074, 25.1193, 21.3914, 18.4669, 16.1802, 12.9698, 10.2162, 8.79365, 8.13268, 8.01557]",0.0664337,"[-1.64307, 1.76377, -1.20225, 2.05859]",0.346542
0.0,0.0694467,0.0,0.0,10.23,0.0,1957.24,-0.321777,94.0,1,"[200.0, 200.0, 200.0, 200.0, 200.0, 200.0, 200.0, 200.0, 200.0, 200.0, 200.0, 200.0, 200.0, 200.0, 200.0, 200.0, 200.0, 200.0, 200.0, 200.0, 200.0, 200.0, 200.0, 200.0, 200.0, 200.0, 200.0, 200.0, 200.0, 200.0, 200.0, 200.0, 200.0, 200.0, 200.0, 200.0]",1,942.478,-0.164529,0.128351,-0.0143959,0.0,"[7.01979, 7.45315, 8.6694, 11.6057, 28.1154, 58.4801, 50.067, 42.3517, 35.5547, 29.8076, 25.1198, 21.3921, 18.4677, 16.181, 12.9706, 10.217, 8.7944, 8.13343, 8.01635]",0.0665365,"[0.109558, -0.169361, 2.1272, -1.14828]",0.346532
0.0,0.0694677,0.0,0.0,10.25,0.0,1957.24,-0.322754,94.0,1,"[200.0, 200.0, 200.0, 200.0, 200.0, 200.0, 200.0, 200.0, 200.0, 200.0, 200.0, 200.0, 200.0, 200.0, 200.0, 200.0, 200.0, 200.0, 200.0, 200.0, 200.0, 200.0, 200.0, 200.0, 200.0, 200.0, 200.0, 200.0, 200.0, 200.0, 200.0, 200.0, 200.0, 200.0, 200.0, 200.0]",1,942.478,-0.165131,0.127539,-0.0144086,0.0,"[7.01902, 7.45239, 8.66854, 11.6047, 28.112, 58.4791, 50.0664, 42.3514, 35.5547, 29.808, 25.1204, 21.3929, 18.4685, 16.1818, 12.9715, 10.2178, 8.79518, 8.1342, 8.01714]",0.0666412,"[-1.64486, 1.7373, -1.19939, 2.05928]",0.346523
0.0,0.0694868,0.0,0.0,10.27,0.0,1957.24,-0.323608,94.0,1,"[200.0, 200.0, 200.0, 200.0, 200.0, 200.0, 200.0, 200.0, 200.0, 200.0, 200.0, 200.0, 200.0, 200.0, 200.0, 200.0, 200.0, 200.0, 200.0, 200.0, 200.0, 200.0, 200.0, 200.0, 200.0, 200.0, 200.0, 200.0, 200.0, 200.0, 200.0, 200.0, 200.0, 200.0, 200.0, 200.0]",1,942.478,-0.164368,0.128605,-0.0143596,0.0,"[7.01826, 7.4516, 8.66769, 11.6036, 28.1074, 58.4782, 50.0659, 42.3512, 35.5549, 29.8085, 25.1211, 21.3937, 18.4693, 16.1827, 12.9724, 10.2186, 8.79594, 8.13495, 8.01793]",0.066744,"[0.0985841, -0.184395, 2.12821, -1.15412]",0.346512
0.0,0.0695073,0.0,0.0,10.29,0.0,1957.24,-0.324585,94.0,1,"[200.0, 200.0, 200.0, 200.0, 200.0, 200.0, 200.0, 200.0, 200.0, 200.0, 200.0, 200.0, 200.0, 200.0, 200.0, 200.0, 200.0, 200.0, 200.0, 200.0, 200.0, 200.0, 200.0, 200.0, 200.0, 200.0, 200.0, 200.0, 200.0, 200.0, 200.0, 200.0, 200.0, 200.0, 200.0, 200.0]",1,942.478,-0.165867,0.126745,-0.0143739,0.0,"[7.01748, 7.45082, 8.66683, 11.6026, 28.1043, 58.4773, 50.0652, 42.351, 35.555, 29.8089, 25.1216, 21.3944, 18.4702, 16.1836, 12.9732, 10.2194, 8.79673, 8.13572, 8.01873]",0.0668488,"[-1.6478, 1.76489, -1.20199, 2.06055]",0.346503
0.0,0.0695288,0.0,0.0,10.31,0.0,1957.23,-0.325439,94.0,1,"[200.0, 200.0, 200.0, 200.0, 200.0, 200.0, 200.0, 200.0, 200.0, 200.0, 200.0, 200.0, 200.0, 200.0, 200.0, 200.0, 200.0, 200.0, 200.0, 200.0, 200.0, 200.0, 200.0, 200.0, 200.0, 200.0, 200.0, 200.0, 200.0, 200.0, 200.0, 200.0, 200.0, 200.0, 200.0, 200.0]",1,942.478,-0.164573,0.129176,-0.0143984,0.0,"[7.01672, 7.45007, 8.666, 11.6015, 28.101, 58.4762, 50.0645, 42.3506, 35.555, 29.8092, 25.1222, 21.3951, 18.471, 16.1844, 12.9741, 10.2202, 8.79748, 8.13646, 8.01951]",0.0669515,"[0.103746, -0.202896, 2.1298, -1.15252]",0.346492
0.0,0.0695473,0.0,0.0,10.33,0.0,1957.23,-0.326294,94.0,1,"[200.0, 200.0, 200.0, 200.0, 200.0, 200.0, 200.0, 200.0, 200.0, 200.0, 200.0, 200.0, 200.0, 200.0, 200.0, 200.0, 200.0, 200.0, 200.0, 200.0, 200.0, 200.0, 200.0, 200.0, 200.0, 200.0, 200.0, 200.0, 200.0, 200.0, 200.0, 200.0, 200.0, 200.0, 200.0, 200.0]",1,942.478,-0.165847,0.127025,-0.0144059,0.0,"[7.01594, 7.44927, 8.66512, 11.6004, 28.0958, 58.4754, 50.0641, 42.3505, 35.5553, 29.8097, 25.1229, 21.3959, 18.4718, 16.1853, 12.9749, 10.2211, 8.79826, 8.13724, 8.02031]",0.0670563,"[-1.64946, 1.74773, -1.20272, 2.05864]",0.346482
0.0,0.0695679,0.0,0.0,10.35,0.0,1957.23,-0.327271,94.0,1,"[200.0, 200.0, 200.0, 200.0, 200.0, 200.0, 200.0, 200.0, 200.0, 200.0, 200.0, 200.0, 200.0, 200.0, 200.0, 200.0, 200.0, 200.0, 200.0, 200.0, 200.0, 200.0, 200.0, 200.0, 200.0, 200.0, 200.0, 200.0, 200.0, 200.0, 200.0, 200.0, 200.0, 200.0, 200.0, 200.0]",1,942.478,-0.165144,0.12839,-0.0143989,0.0,"[7.01518, 7.4485, 8.66429, 11.5994, 28.0926, 58.4744, 50.0634, 42.3502, 35.5553, 29.8101, 25.1235, 21.3967, 18.4726, 16.1862, 12.9758, 10.2218, 8.79902, 8.13799, 8.02109]",0.067159,"[0.102193, -0.173641, 2.1242, -1.15815]",0.346471
0.0,0.0695888,0.0,0.0,10.37,0.0,1957.23,-0.328125,94.0,1,"[200.0, 200.0, 200.0, 200.0, 200.0, 200.0, 200.0, 200.0, 200.0, 200.0, 200.0, 200.0, 200.0, 200.0, 200.0, 200.0, 200.0, 200.0, 200.0, 200.0, 200.0, 200.0, 200.0, 200.0, 200.0, 200.0, 200.0, 200.0, 200.0, 200.0, 200.0, 200.0, 200.0, 200.0, 200.0, 200.0]",1,942.478,-0.16604,0.126923,-0.0143756,0.0,"[7.0144, 7.44771, 8.66342, 11.5983, 28.0893, 58.4734, 50.0628, 42.35, 35.5554, 29.8105, 25.1241, 21.3974, 18.4735, 16.1871, 12.9767, 10.2227, 8.7998, 8.13877, 8.02188]",0.0672638,"[-1.65686, 1.74992, -1.20403, 2.05636]",0.346461
0.0,0.0696103,0.0,0.0,10.39,0.0,1957.23,-0.328979,94.0,1,"[200.0, 200.0, 200.0, 200.0, 200.0, 200.0, 200.0, 200.0, 200.0, 200.0, 200.0, 200.0, 200.0, 200.0, 200.0, 200.0, 200.0, 200.0, 200.0, 200.0, 200.0, 200.0, 200.0, 200.0, 200.0, 200.0, 200.0, 200.0, 200.0, 200.0, 200.0, 200.0, 200.0, 200.0, 200.0, 200.0]",1,942.478,-0.165104,0.128216,-0.0143951,0.0,"[7.01364, 7.44696, 8.6626, 11.5973, 28.0864, 58.4724, 50.062, 42.3496, 35.5554, 29.8108, 25.1246, 21.3981, 18.4743, 16.1879, 12.9775, 10.2234, 8.80056, 8.13951, 8.02267]",0.0673665,"[0.107176, -0.192807, 2.11951, -1.16039]",0.346449
0.0,0.0696298,0.0,0.0,10.41,0.0,1957.23,-0.329956,94.0,1,"[200.0, 200.0, 200.0, 200.0, 200.0, 200.0, 200.0, 200.0, 200.0, 200.0, 200.0, 200.0, 200.0, 200.0, 200.0, 200.0, 200.0, 200.0, 200.0, 200.0, 200.0, 200.0, 200.0, 200.0, 200.0, 200.0, 200.0, 200.0, 200.0, 200.0, 200.0, 200.0, 200.0, 200.0, 200.0, 200.0]",1,942.478,-0.166179,0.126631,-0.0144018,0.0,"[7.01286, 7.44618, 8.66174, 11.5963, 28.082, 58.4714, 50.0615, 42.3494, 35.5556, 29.8112, 25.1253, 21.3989, 18.4751, 16.1888, 12.9784, 10.2243, 8.80133, 8.14028, 8.02347]",0.0674713,"[-1.65299, 1.73841, -1.20539, 2.05489]",0.346439
0.0,0.0696494,0.0,0.0,10.43,0.0,1957.23,-0.330811,94.0,1,"[200.0, 200.0, 200.0, 200.0, 200.0, 200.0, 200.0, 200.0, 200.0, 200.0, 200.0, 200.0, 200.0, 200.0, 200.0, 200.0, 200.0, 200.0, 200.0, 200.0, 200.0, 200.0, 200.0, 200.0, 200.0, 200.0, 200.0, 200.0, 200.0, 200.0, 200.0, 200.0, 200.0, 200.0, 200.0, 200.0]",1,942.478,-0.165335,0.128263,-0.0143646,0.0,"[7.01209, 7.4454, 8.66089, 11.5952, 28.078, 58.4706, 50.0609, 42.3492, 35.5557, 29.8117, 25.126, 21.3997, 18.476, 16.1896, 12.9792, 10.2251, 8.8021, 8.14104, 8.02425]",0.0675751,"[0.0990447, -0.185909, 2.11706, -1.1632]",0.346428
0.0,0.0696699,0.0,0.0,10.45,0.0,1957.23,-0.331665,94.0,1,"[200.0, 200.0, 200.0, 200.0, 200.0, 200.0, 200.0, 200.0, 200.0, 200.0, 200.0, 200.0, 200.0, 200.0, 200.0, 200.0, 200.0, 200.0, 200.0, 200.0, 200.0, 200.0, 200.0, 200.0, 200.0, 200.0, 200.0, 200.0, 200.0, 200.0, 200.0, 200.0, 200.0, 200.0, 200.0, 200.0]",1,942.478,-0.166742,0.126733,-0.0144078,0.0,"[7.01132, 7.44462, 8.66002, 11.5941, 28.0741, 58.4696, 50.0603, 42.349, 35.5558, 29.812, 25.1266, 21.4004, 18.4768, 16.1905, 12.9801, 10.2259, 8.80287, 8.1418, 8.02505]",0.0676788,"[-1.65404, 1.76071, -1.21049, 2.0517]",0.346417
0.0,0.0696904,0.0,0.0,10.47,0.0,1957.23,-0.332642,94.0,1,"[200.0, 200.0, 200.0, 200.0, 200.0, 200.0, 200.0, 200.0, 200.0, 200.0, 200.0, 200.0, 200.0, 200.0, 200.0, 200.0, 200.0, 200.0, 200.0, 200.0, 200.0, 200.0, 200.0, 200.0, 200.0, 200.0, 200.0, 200.0, 200.0, 200.0, 200.0, 200.0, 200.0, 200.0, 200.0, 200.0]",1,942.478,-0.165454,0.129094,-0.0143865,0.0,"[7.01055, 7.44385, 8.65919, 11.5931, 28.0709, 58.4686, 50.0596, 42.3487, 35.5559, 29.8124, 25.1272, 21.4012, 18.4776, 16.1913, 12.9809, 10.2267, 8.80363, 8.14256, 8.02583]",0.0677826,"[0.0992521, -0.201484, 2.11793, -1.16393]",0.346406
0.0,0.0697095,0.0,0.0,10.49,0.0,1957.23,-0.333496,94.0,1,"[200.0, 200.0, 200.0, 200.0, 200.0, 200.0, 200.0, 200.0, 200.0, 200.0, 200.0, 200.0, 200.0, 200.0, 200.0, 200.0, 200.0, 200.0, 200.0, 200.0, 200.0, 200.0, 200.0, 200.0, 200.0, 200.0, 200.0, 200.0, 200.0, 200.0, 200.0, 200.0, 200.0, 200.0, 200.0, 200.0]",1,942.478,-0.166905,0.127006,-0.0143629,0.0,"[7.00978, 7.44305, 8.65831, 11.592, 28.066, 58.4677, 50.0592, 42.3486, 35.5561, 29.8129, 25.1279, 21.402, 18.4785, 16.1922, 12.9818, 10.2275, 8.80442, 8.14334, 8.02663]",0.0678874,"[-1.65485, 1.74242, -1.20844, 2.05414]",0.346395
0.0,0.0697314,0.0,0.0,10.51,0.0,1957.23,-0.334473,94.0,1,"[200.0, 200.0, 200.0, 200.0, 200.0, 200.0, 200.0, 200.0, 200.0, 200.0, 200.0, 200.0, 200.0, 200.0, 200.0, 200.0, 200.0, 200.0, 200.0, 200.0, 200.0, 200.0, 200.0, 200.0, 200.0, 200.0, 200.0, 200.0, 200.0, 200.0, 200.0, 200.0, 200.0, 200.0, 200.0, 200.0]",1,942.478,-0.16545,0.127892,-0.0143557,0.0,"[7.00901, 7.44229, 8.65748, 11.591, 28.0632, 58.4667, 50.0584, 42.3482, 35.5561, 29.8132, 25.1284, 21.4027, 18.4793, 16.193, 12.9827, 10.2283, 8.80518, 8.1441, 8.02742]",0.0679901,"[0.104714, -0.218821, 2.1137, -1.16735]",0.346383
0.0,0.0697486,0.0,0.0,10.53,0.0,1957.22,-0.335327,94.0,1,"[200.0, 200.0, 200.0, 200.0, 200.0, 200.0, 200.0, 200.0, 200.0, 200.0, 200.0, 200.0, 200.0, 200.0, 200.0, 200.0, 200.0, 200.0, 200.0, 200.0, 200.0, 200.0, 200.0, 200.0, 200.0, 200.0, 200.0, 200.0, 200.0, 200.0, 200.0, 200.0, 200.0, 200.0, 200.0, 200.0]",1,942.478,-0.166901,0.12727,-0.0144017,0.0,"[7.00824, 7.44151, 8.6566, 11.5899, 28.0577, 58.466, 50.058, 42.3482, 35.5564, 29.8138, 25.1292, 21.4036, 18.4802, 16.194, 12.9836, 10.2291, 8.80597, 8.14485, 8.0282]",0.0680939,"[-1.66, 1.72869, -1.20904, 2.05211]",0.346371
0.0,0.0697672,0.0,0.0,10.55,0.0,1957.22,-0.336182,94.0,1,"[200.0, 200.0, 200.0, 200.0, 200.0, 200.0, 200.0, 200.0, 200.0, 200.0, 200.0, 200.0, 200.0, 200.0, 200.0, 200.0, 200.0, 200.0, 200.0, 200.0, 200.0, 200.0, 200.0, 200.0, 200.0, 200.0, 200.0, 200.0, 200.0, 200.0, 200.0, 200.0, 200.0, 200.0, 200.0, 200.0]",1,942.478,-0.166232,0.12847,-0.0143933,0.0,"[7.00748, 7.44073, 8.65574, 11.5888, 28.0525, 58.4652, 50.0576, 42.348, 35.5566, 29.8143, 25.1298, 21.4044, 18.4811, 16.1949, 12.9845, 10.23, 8.80673, 8.14562, 8.02899]",0.0681976,"[0.102713, -0.182985, 2.11034, -1.17103]",0.346359
0.0,0.0697877,0.0,0.0,10.57,0.0,1957.22,-0.337158,94.0,1,"[200.0, 200.0, 200.0, 200.0, 200.0, 200.0, 200.0, 200.0, 200.0, 200.0, 200.0, 200.0, 200.0, 200.0, 200.0, 200.0, 200.0, 200.0, 200.0, 200.0, 200.0, 200.0, 200.0, 200.0, 200.0, 200.0, 200.0, 200.0, 200.0, 200.0, 200.0, 200.0, 200.0, 200.0, 200.0, 200.0]",1,942.478,-0.167111,0.127363,-0.0143268,0.0,"[7.00671, 7.43997, 8.65491, 11.5878, 28.0496, 58.4642, 50.0569, 42.3478, 35.5567, 29.8146, 25.1305, 21.4051, 18.4819, 16.1957, 12.9853, 10.2308, 8.80749, 8.14637, 8.02978]",0.0683004,"[-1.65996, 1.73144, -1.21453, 2.04807]",0.346347
0.0,0.0698063,0.0,0.0,10.59,0.0,1957.22,-0.338013,94.0,1,"[200.0, 200.0, 200.0, 200.0, 200.0, 200.0, 200.0, 200.0, 200.0, 200.0, 200.0, 200.0, 200.0, 200.0, 200.0, 200.0, 200.0, 200.0, 200.0, 200.0, 200.0, 200.0, 200.0, 200.0, 200.0, 200.0, 200.0, 200.0, 200.0, 200.0, 200.0, 200.0, 200.0, 200.0, 200.0, 200.0]",1,942.478,-0.166403,0.12843,-0.0143776,0.0,"[7.00594, 7.43917, 8.65403, 11.5867, 28.044, 58.4634, 50.0565, 42.3477, 35.5569, 29.8152, 25.1312, 21.4059, 18.4828, 16.1967, 12.9862, 10.2316, 8.80828, 8.14714, 8.03058]",0.0684052,"[0.101224, -0.179078, 2.10648, -1.17824]",0.346335
0.0,0.0698263,0.0,0.0,10.61,0.0,1957.22,-0.338867,94.0,1,"[200.0, 200.0, 200.0, 200.0, 200.0, 200.0, 200.0, 200.0, 200.0, 200.0, 200.0, 200.0, 200.0, 200.0, 200.0, 200.0, 200.0, 200.0, 200.0, 200.0, 200.0, 200.0, 200.0, 200.0, 200.0, 200.0, 200.0, 200.0, 200.0, 200.0, 200.0, 200.0, 200.0, 200.0, 200.0, 200.0]",1,942.478,-0.167077,0.126422,-0.0144229,0.0,"[7.00517, 7.43841, 8.65319, 11.5856, 28.0405, 58.4624, 50.0559, 42.3474, 35.557, 29.8156, 25.1318, 21.4067, 18.4836, 16.1975, 12.987, 10.2324, 8.80904, 8.1479, 8.03136]",0.0685079,"[-1.66476, 1.71684, -1.21693, 2.04783]",0.346323
0.0,0.0698449,0.0,0.0,10.63,0.0,1957.22,-0.339844,94.0,1,"[200.0, 200.0, 200.0, 200.0, 200.0, 200.0, 200.0, 200.0, 200.0, 200.0, 200.0, 200.0, 200.0, 200.0, 200.0, 200.0, 200.0, 200.0, 200.0, 200.0, 200.0, 200.0, 200.0, 200.0, 200.0, 200.0, 200.0, 200.0, 200.0, 200.0, 200.0, 200.0, 200.0, 200.0, 200.0, 200.0]",1,942.478,-0.166504,0.128346,-0.0143863,0.0,"[7.00441, 7.43762, 8.65232, 11.5845, 28.0356, 58.4617, 50.0555, 42.3473, 35.5573, 29.8161, 25.1325, 21.4075, 18.4845, 16.1984, 12.9879, 10.2332, 8.80981, 8.14867, 8.03214]",0.0686117,"[0.101176, -0.192652, 2.10448, -1.1792]",0.34631
0.0,0.0698644,0.0,0.0,10.65,0.0,1957.22,-0.340698,94.0,1,"[200.0, 200.0, 200.0, 200.0, 200.0, 200.0, 200.0, 200.0, 200.0, 200.0, 200.0, 200.0, 200.0, 200.0, 200.0, 200.0, 200.0, 200.0, 200.0, 200.0, 200.0, 200.0, 200.0, 200.0, 200.0, 200.0, 200.0, 200.0, 200.0, 200.0, 200.0, 200.0, 200.0, 200.0, 200.0, 200.0]",1,942.478,-0.167601,0.126554,-0.0143623,0.0,"[7.00363, 7.43685, 8.65147, 11.5835, 28.0311, 58.4608, 50.0549, 42.3471, 35.5574, 29.8165, 25.1331, 21.4083, 18.4854, 16.1993, 12.9888, 10.234, 8.81058, 8.14943, 8.03294]",0.0687154,"[-1.66082, 1.72915, -1.22102, 2.04547]",0.346298
0.0,0.0698835,0.0,0.0,10.67,0.0,1957.22,-0.341675,94.0,1,"[200.0, 200.0, 200.0, 200.0, 200.0, 200.0, 200.0, 200.0, 200.0, 200.0, 200.0, 200.0, 200.0, 200.0, 200.0, 200.0, 200.0, 200.0, 200.0, 200.0, 200.0, 200.0, 200.0, 200.0, 200.0, 200.0, 200.0, 200.0, 200.0, 200.0, 200.0, 200.0, 200.0, 200.0, 200.0, 200.0]",1,942.478,-0.16675,0.12811,-0.0143473,0.0,"[7.00286, 7.43608, 8.65061, 11.5824, 28.0269, 58.46, 50.0544, 42.347, 35.5576, 29.817, 25.1338, 21.4091, 18.4862, 16.2002, 12.9897, 10.2348, 8.81136, 8.15018, 8.03372]",0.0688192,"[0.101055, -0.18529, 2.09702, -1.18321]",0.346284
0.0,0.0699035,0.0,0.0,10.69,0.0,1957.22,-0.342529,94.0,1,"[200.0, 200.0, 200.0, 200.0, 200.0, 200.0, 200.0, 200.0, 200.0, 200.0, 200.0, 200.0, 200.0, 200.0, 200.0, 200.0, 200.0, 200.0, 200.0, 200.0, 200.0, 200.0, 200.0, 200.0, 200.0, 200.0, 200.0, 200.0, 200.0, 200.0, 200.0, 200.0, 200.0, 200.0, 200.0, 200.0]",1,942.478,-0.168011,0.126839,-0.0143804,0.0,"[7.00209, 7.43529, 8.64976, 11.5813, 28.0228, 58.459, 50.0538, 42.3468, 35.5577, 29.8174, 25.1344, 21.4098, 18.487, 16.201, 12.9905, 10.2357, 8.81213, 8.15095, 8.03451]",0.0689229,"[-1.66581, 1.74231, -1.22203, 2.04115]",0.346272
0.0,0.0699231,0.0,0.0,10.71,0.0,1957.22,-0.343384,94.0,1,"[200.0, 200.0, 200.0, 200.0, 200.0, 200.0, 200.0, 200.0, 200.0, 200.0, 200.0, 200.0, 200.0, 200.0, 200.0, 200.0, 200.0, 200.0, 200.0, 200.0, 200.0, 200.0, 200.0, 200.0, 200.0, 200.0, 200.0, 200.0, 200.0, 200.0, 200.0, 200.0, 200.0, 200.0, 200.0, 200.0]",1,942.478,-0.166989,0.128569,-0.0143873,0.0,"[7.00133, 7.43452, 8.64891, 11.5803, 28.0189, 58.4581, 50.0532, 42.3465, 35.5578, 29.8178, 25.1351, 21.4106, 18.4879, 16.2019, 12.9914, 10.2365, 8.81289, 8.1517, 8.03529]",0.0690257,"[0.102157, -0.188433, 2.09523, -1.18595]",0.346258
0.0,0.0699431,0.0,0.0,10.73,0.0,1957.22,-0.34436,94.0,1,"[200.0, 200.0, 200.0, 200.0, 200.0, 200.0, 200.0, 200.0, 200.0, 200.0, 200.0, 200.0, 200.0, 200.0, 200.0, 200.0, 200.0, 200.0, 200.0, 200.0, 200.0, 200.0, 200.0, 200.0, 200.0, 200.0, 200.0, 200.0, 200.0, 200.0, 200.0, 200.0, 200.0, 200.0, 200.0, 200.0]",1,942.478,-0.168245,0.126803,-0.0143838,0.0,"[7.00055, 7.43373, 8.64804, 11.5792, 28.0144, 58.4572, 50.0527, 42.3464, 35.558, 29.8183, 25.1357, 21.4114, 18.4888, 16.2028, 12.9923, 10.2373, 8.81368, 8.15247, 8.03609]",0.0691305,"[-1.66542, 1.74163, -1.2259, 2.03817]",0.346246
0.0,0.0699627,0.0,0.0,10.75,0.0,1957.21,-0.345215,94.0,1,"[200.0, 200.0, 200.0, 200.0, 200.0, 200.0, 200.0, 200.0, 200.0, 200.0, 200.0, 200.0, 200.0, 200.0, 200.0, 200.0, 200.0, 200.0, 200.0, 200.0, 200.0, 200.0, 200.0, 200.0, 200.0, 200.0, 200.0, 200.0, 200.0, 200.0, 200.0, 200.0, 200.0, 200.0, 200.0, 200.0]",1,942.478,-0.166819,0.129228,-0.0143531,0.0,"[6.99979, 7.43297, 8.6472, 11.5782, 28.0108, 58.4563, 50.0521, 42.3461, 35.5581, 29.8187, 25.1363, 21.4122, 18.4896, 16.2037, 12.9931, 10.2381, 8.81443, 8.15323, 8.03687]",0.0692332,"[0.100494, -0.218895, 2.09547, -1.18833]",0.346231
0.0,0.0699803,0.0,0.0,10.77,0.0,1957.21,-0.346191,94.0,1,"[200.0, 200.0, 200.0, 200.0, 200.0, 200.0, 200.0, 200.0, 200.0, 200.0, 200.0, 200.0, 200.0, 200.0, 200.0, 200.0, 200.0, 200.0, 200.0, 200.0, 200.0, 200.0, 200.0, 200.0, 200.0, 200.0, 200.0, 200.0, 200.0, 200.0, 200.0, 200.0, 200.0, 200.0, 200.0, 200.0]",1,942.478,-0.168284,0.127166,-0.014385,0.0,"[6.99902, 7.43219, 8.64634, 11.5771, 28.0052, 58.4556, 50.0518, 42.3461, 35.5584, 29.8192, 25.137, 21.413, 18.4905, 16.2046, 12.994, 10.2389, 8.81521, 8.15398, 8.03767]",0.069337,"[-1.66832, 1.72178, -1.22551, 2.03859]",0.346218
0.0,0.0699994,0.0,0.0,10.79,0.0,1957.21,-0.347046,94.0,1,"[200.0, 200.0, 200.0, 200.0, 200.0, 200.0, 200.0, 200.0, 200.0, 200.0, 200.0, 200.0, 200.0, 200.0, 200.0, 200.0, 200.0, 200.0, 200.0, 200.0, 200.0, 200.0, 200.0, 200.0, 200.0, 200.0, 200.0, 200.0, 200.0, 200.0, 200.0, 200.0, 200.0, 200.0, 200.0, 200.0]",1,942.478,-0.167577,0.128338,-0.0143731,0.0,"[6.99825, 7.43141, 8.64548, 11.576, 28.0006, 58.4548, 50.0512, 42.346, 35.5586, 29.8197, 25.1377, 21.4138, 18.4914, 16.2055, 12.9949, 10.2397, 8.816, 8.15475, 8.03845]",0.0694407,"[0.102813, -0.181433, 2.08896, -1.19474]",0.346205
0.0,0.0700199,0.0,0.0,10.81,0.0,1957.21,-0.3479,94.0,1,"[200.0, 200.0, 200.0, 200.0, 200.0, 200.0, 200.0, 200.0, 200.0, 200.0, 200.0, 200.0, 200.0, 200.0, 200.0, 200.0, 200.0, 200.0, 200.0, 200.0, 200.0, 200.0, 200.0, 200.0, 200.0, 200.0, 200.0, 200.0, 200.0, 200.0, 200.0, 200.0, 200.0, 200.0, 200.0, 200.0]",1,942.478,-0.168787,0.127159,-0.0143511,0.0,"[6.99749, 7.43064, 8.64462, 11.5749, 27.9969, 58.4538, 50.0506, 42.3457, 35.5587, 29.8201, 25.1383, 21.4146, 18.4922, 16.2063, 12.9957, 10.2405, 8.81675, 8.15551, 8.03925]",0.0695445,"[-1.666, 1.73028, -1.22724, 2.03762]",0.346191
0.0,0.0700385,0.0,0.0,10.83,0.0,1957.21,-0.348877,94.0,1,"[200.0, 200.0, 200.0, 200.0, 200.0, 200.0, 200.0, 200.0, 200.0, 200.0, 200.0, 200.0, 200.0, 200.0, 200.0, 200.0, 200.0, 200.0, 200.0, 200.0, 200.0, 200.0, 200.0, 200.0, 200.0, 200.0, 200.0, 200.0, 200.0, 200.0, 200.0, 200.0, 200.0, 200.0, 200.0, 200.0]",1,942.478,-0.167579,0.12861,-0.0143512,0.0,"[6.99671, 7.42985, 8.64375, 11.5738, 27.9923, 58.453, 50.0501, 42.3456, 35.5589, 29.8206, 25.139, 21.4154, 18.4931, 16.2073, 12.9966, 10.2413, 8.81753, 8.15628, 8.04003]",0.0696482,"[0.100571, -0.192868, 2.08353, -1.19709]",0.346178
0.0,0.070058,0.0,0.0,10.85,0.0,1957.21,-0.349731,94.0,1,"[200.0, 200.0, 200.0, 200.0, 200.0, 200.0, 200.0, 200.0, 200.0, 200.0, 200.0, 200.0, 200.0, 200.0, 200.0, 200.0, 200.0, 200.0, 200.0, 200.0, 200.0, 200.0, 200.0, 200.0, 200.0, 200.0, 200.0, 200.0, 200.0, 200.0, 200.0, 200.0, 200.0, 200.0, 200.0, 200.0]",1,942.478,-0.168659,0.126505,-0.0143783,0.0,"[6.99595, 7.42908, 8.6429, 11.5728, 27.9881, 58.4521, 50.0496, 42.3454, 35.559, 29.821, 25.1396, 21.4162, 18.4939, 16.2081, 12.9975, 10.2422, 8.81829, 8.15702, 8.04082]",0.069751,"[-1.67055, 1.71006, -1.22982, 2.03544]",0.346163
0.0,0.0700776,0.0,0.0,10.87,0.0,1957.21,-0.350586,94.0,1,"[200.0, 200.0, 200.0, 200.0, 200.0, 200.0, 200.0, 200.0, 200.0, 200.0, 200.0, 200.0, 200.0, 200.0, 200.0, 200.0, 200.0, 200.0, 200.0, 200.0, 200.0, 200.0, 200.0, 200.0, 200.0, 200.0, 200.0, 200.0, 200.0, 200.0, 200.0, 200.0, 200.0, 200.0, 200.0, 200.0]",1,942.478,-0.168081,0.12802,-0.0143442,0.0,"[6.99517, 7.42831, 8.64206, 11.5717, 27.9842, 58.4512, 50.0491, 42.3452, 35.5592, 29.8214, 25.1403, 21.4169, 18.4947, 16.209, 12.9984, 10.243, 8.81905, 8.15779, 8.0416]",0.0698547,"[0.104485, -0.187245, 2.0843, -1.19954]",0.346149
0.0,0.0700971,0.0,0.0,10.89,0.0,1957.21,-0.351563,94.0,1,"[200.0, 200.0, 200.0, 200.0, 200.0, 200.0, 200.0, 200.0, 200.0, 200.0, 200.0, 200.0, 200.0, 200.0, 200.0, 200.0, 200.0, 200.0, 200.0, 200.0, 200.0, 200.0, 200.0, 200.0, 200.0, 200.0, 200.0, 200.0, 200.0, 200.0, 200.0, 200.0, 200.0, 200.0, 200.0, 200.0]",1,942.478,-0.169108,0.127228,-0.0144143,0.0,"[6.99441, 7.42752, 8.64119, 11.5706, 27.9797, 58.4503, 50.0485, 42.345, 35.5594, 29.8219, 25.141, 21.4177, 18.4956, 16.2098, 12.9992, 10.2438, 8.81983, 8.15856, 8.04239]",0.0699585,"[-1.67278, 1.71873, -1.22996, 2.03264]",0.346135
0.0,0.0701153,0.0,0.0,10.91,0.0,1957.21,-0.352417,94.0,1,"[200.0, 200.0, 200.0, 200.0, 200.0, 200.0, 200.0, 200.0, 200.0, 200.0, 200.0, 200.0, 200.0, 200.0, 200.0, 200.0, 200.0, 200.0, 200.0, 200.0, 200.0, 200.0, 200.0, 200.0, 200.0, 200.0, 200.0, 200.0, 200.0, 200.0, 200.0, 200.0, 200.0, 200.0, 200.0, 200.0]",1,942.478,-0.168379,0.128217,-0.0143879,0.0,"[6.99364, 7.42675, 8.64034, 11.5696, 27.9747, 58.4496, 50.0481, 42.3449, 35.5596, 29.8224, 25.1417, 21.4185, 18.4965, 16.2108, 13.0001, 10.2446, 8.82061, 8.15932, 8.04317]",0.0700623,"[0.09862, -0.182669, 2.08091, -1.2001]",0.346121
0.0,0.0701348,0.0,0.0,10.93,0.0,1957.21,-0.353394,94.0,1,"[200.0, 200.0, 200.0, 200.0, 200.0, 200.0, 200.0, 200.0, 200.0, 200.0, 200.0, 200.0, 200.0, 200.0, 200.0, 200.0, 200.0, 200.0, 200.0, 200.0, 200.0, 200.0, 200.0, 200.0, 200.0, 200.0, 200.0, 200.0, 200.0, 200.0, 200.0, 200.0, 200.0, 200.0, 200.0, 200.0]",1,942.478,-0.16933,0.1264,-0.0143572,0.0,"[6.99287, 7.42597, 8.63948, 11.5685, 27.9706, 58.4487, 50.0475, 42.3448, 35.5597, 29.8228, 25.1423, 21.4193, 18.4974, 16.2116, 13.001, 10.2454, 8.82137, 8.16007, 8.04397]",0.070165,"[-1.6757, 1.70878, -1.22956, 2.03541]",0.346106
0.0,0.0701534,0.0,0.0,10.95,0.0,1957.21,-0.354248,94.0,1,"[200.0, 200.0, 200.0, 200.0, 200.0, 200.0, 200.0, 200.0, 200.0, 200.0, 200.0, 200.0, 200.0, 200.0, 200.0, 200.0, 200.0, 200.0, 200.0, 200.0, 200.0, 200.0, 200.0, 200.0, 200.0, 200.0, 200.0, 200.0, 200.0, 200.0, 200.0, 200.0, 200.0, 200.0, 200.0, 200.0]",1,942.478,-0.168862,0.127933,-0.014334,0.0,"[6.9921, 7.4252, 8.63862, 11.5674, 27.9657, 58.4479, 50.0471, 42.3446, 35.56, 29.8233, 25.143, 21.4201, 18.4982, 16.2126, 13.0019, 10.2462, 8.82215, 8.16082, 8.04475]",0.0702688,"[0.106038, -0.185783, 2.08246, -1.1999]",0.346092
0.0,0.0701734,0.0,0.0,10.97,0.0,1957.21,-0.355103,94.0,1,"[200.0, 200.0, 200.0, 200.0, 200.0, 200.0, 200.0, 200.0, 200.0, 200.0, 200.0, 200.0, 200.0, 200.0, 200.0, 200.0, 200.0, 200.0, 200.0, 200.0, 200.0, 200.0, 200.0, 200.0, 200.0, 200.0, 200.0, 200.0, 200.0, 200.0, 200.0, 200.0, 200.0, 200.0, 200.0, 200.0]",1,942.478,-0.16947,0.127562,-0.0143632,0.0,"[6.99134, 7.42443, 8.63778, 11.5664, 27.962, 58.447, 50.0465, 42.3444, 35.5601, 29.8237, 25.1436, 21.4209, 18.499, 16.2134, 13.0027, 10.247, 8.82291, 8.16159, 8.04554]",0.0703715,"[-1.6752, 1.69041, -1.22956, 2.03609]",0.346077
0.0,0.0701892,0.0,0.0,10.99,0.0,1957.2,-0.356079,94.0,1,"[200.0, 200.0, 200.0, 200.0, 200.0, 200.0, 200.0, 200.0, 200.0, 200.0, 200.0, 200.0, 200.0, 200.0, 200.0, 200.0, 200.0, 200.0, 200.0, 200.0, 200.0, 200.0, 200.0, 200.0, 200.0, 200.0, 200.0, 200.0, 200.0, 200.0, 200.0, 200.0, 200.0, 200.0, 200.0, 200.0]",1,942.478,-0.168738,0.128461,-0.0143854,0.0,"[6.99057, 7.42364, 8.6369, 11.5652, 27.9552, 58.4465, 50.0463, 42.3446, 35.5605, 29.8244, 25.1444, 21.4218, 18.5, 16.2144, 13.0036, 10.2479, 8.8237, 8.16236, 8.04633]",0.0704753,"[0.102453, -0.203037, 2.07749, -1.20398]",0.346062
0.0,0.0702073,0.0,0.0,11.01,0.0,1957.2,-0.356934,94.0,1,"[200.0, 200.0, 200.0, 200.0, 200.0, 200.0, 200.0, 200.0, 200.0, 200.0, 200.0, 200.0, 200.0, 200.0, 200.0, 200.0, 200.0, 200.0, 200.0, 200.0, 200.0, 200.0, 200.0, 200.0, 200.0, 200.0, 200.0, 200.0, 200.0, 200.0, 200.0, 200.0, 200.0, 200.0, 200.0, 200.0]",1,942.478,-0.170239,0.126557,-0.0144133,0.0,"[6.9898, 7.42285, 8.63603, 11.5641, 27.9499, 58.4458, 50.0458, 42.3445, 35.5608, 29.8249, 25.1452, 21.4226, 18.5009, 16.2153, 13.0045, 10.2487, 8.82447, 8.16312, 8.04711]",0.070579,"[-1.67618, 1.72088, -1.23154, 2.03268]",0.346047
0.0,0.0702264,0.0,0.0,11.03,0.0,1957.2,-0.357788,94.0,1,"[200.0, 200.0, 200.0, 200.0, 200.0, 200.0, 200.0, 200.0, 200.0, 200.0, 200.0, 200.0, 200.0, 200.0, 200.0, 200.0, 200.0, 200.0, 200.0, 200.0, 200.0, 200.0, 200.0, 200.0, 200.0, 200.0, 200.0, 200.0, 200.0, 200.0, 200.0, 200.0, 200.0, 200.0, 200.0, 200.0]",1,942.478,-0.169419,0.127668,-0.0143655,0.0,"[6.98904, 7.42209, 8.63518, 11.5631, 27.9456, 58.4449, 50.0454, 42.3443, 35.561, 29.8254, 25.1459, 21.4234, 18.5018, 16.2161, 13.0054, 10.2495, 8.82524, 8.16388, 8.0479]",0.0706818,"[0.11128, -0.191941, 2.07816, -1.20625]",0.346032
0.0,0.0702445,0.0,0.0,11.05,0.0,1957.2,-0.358765,94.0,1,"[200.0, 200.0, 200.0, 200.0, 200.0, 200.0, 200.0, 200.0, 200.0, 200.0, 200.0, 200.0, 200.0, 200.0, 200.0, 200.0, 200.0, 200.0, 200.0, 200.0, 200.0, 200.0, 200.0, 200.0, 200.0, 200.0, 200.0, 200.0, 200.0, 200.0, 200.0, 200.0, 200.0, 200.0, 200.0, 200.0]",1,942.478,-0.170287,0.127198,-0.0143492,0.0,"[6.98827, 7.42131, 8.63431, 11.562, 27.9404, 58.4441, 50.0449, 42.3442, 35.5612, 29.8259, 25.1466, 21.4242, 18.5026, 16.217, 13.0063, 10.2503, 8.82601, 8.16464, 8.04868]",0.0707855,"[-1.67675, 1.69742, -1.23095, 2.03463]",0.346017
0.0,0.0702612,0.0,0.0,11.07,0.0,1957.2,-0.359619,94.0,1,"[200.0, 200.0, 200.0, 200.0, 200.0, 200.0, 200.0, 200.0, 200.0, 200.0, 200.0, 200.0, 200.0, 200.0, 200.0, 200.0, 200.0, 200.0, 200.0, 200.0, 200.0, 200.0, 200.0, 200.0, 200.0, 200.0, 200.0, 200.0, 200.0, 200.0, 200.0, 200.0, 200.0, 200.0, 200.0, 200.0]",1,942.478,-0.169693,0.12789,-0.014319,0.0,"[6.98751, 7.42053, 8.63344, 11.5609, 27.9343, 58.4435, 50.0446, 42.3443, 35.5615, 29.8265, 25.1473, 21.4251, 18.5035, 16.218, 13.0072, 10.2511, 8.82678, 8.16539, 8.04947]",0.0708883,"[0.106144, -0.195108, 2.07899, -1.20601]",0.346001
0.0,0.0702788,0.0,0.0,11.09,0.0,1957.2,-0.360474,94.0,1,"[200.0, 200.0, 200.0, 200.0, 200.0, 200.0, 200.0, 200.0, 200.0, 200.0, 200.0, 200.0, 200.0, 200.0, 200.0, 200.0, 200.0, 200.0, 200.0, 200.0, 200.0, 200.0, 200.0, 200.0, 200.0, 200.0, 200.0, 200.0, 200.0, 200.0, 200.0, 200.0, 200.0, 200.0, 200.0, 200.0]",1,942.478,-0.17108,0.126666,-0.0143572,0.0,"[6.98674, 7.41975, 8.63258, 11.5598, 27.929, 58.4428, 50.0443, 42.3442, 35.5618, 29.827, 25.148, 21.4259, 18.5044, 16.2189, 13.0081, 10.252, 8.82757, 8.16614, 8.05025]",0.070991,"[-1.67945, 1.71727, -1.22704, 2.03681]",0.345986
0.0,0.070296,0.0,0.0,11.11,0.0,1957.2,-0.36145,94.0,1,"[200.0, 200.0, 200.0, 200.0, 200.0, 200.0, 200.0, 200.0, 200.0, 200.0, 200.0, 200.0, 200.0, 200.0, 200.0, 200.0, 200.0, 200.0, 200.0, 200.0, 200.0, 200.0, 200.0, 200.0, 200.0, 200.0, 200.0, 200.0, 200.0, 200.0, 200.0, 200.0, 200.0, 200.0, 200.0, 200.0]",1,942.478,-0.170198,0.127813,-0.0143349,0.0,"[6.98598, 7.41896, 8.63172, 11.5587, 27.9233, 58.4422, 50.0439, 42.3442, 35.5621, 29.8276, 25.1488, 21.4268, 18.5054, 16.2198, 13.009, 10.2528, 8.82834, 8.16691, 8.05102]",0.0710938,"[0.101391, -0.179556, 2.07607, -1.20533]",0.345971
0.0,0.0703131,0.0,0.0,11.13,0.0,1957.2,-0.362305,94.0,1,"[200.0, 200.0, 200.0, 200.0, 200.0, 200.0, 200.0, 200.0, 200.0, 200.0, 200.0, 200.0, 200.0, 200.0, 200.0, 200.0, 200.0, 200.0, 200.0, 200.0, 200.0, 200.0, 200.0, 200.0, 200.0, 200.0, 200.0, 200.0, 200.0, 200.0, 200.0, 200.0, 200.0, 200.0, 200.0, 200.0]",1,942.478,-0.170824,0.127021,-0.0143799,0.0,"[6.9852, 7.41818, 8.63084, 11.5576, 27.9171, 58.4415, 50.0436, 42.3442, 35.5625, 29.8282, 25.1495, 21.4277, 18.5063, 16.2208, 13.0099, 10.2536, 8.82913, 8.16768, 8.05182]",0.0711985,"[-1.67816, 1.67849, -1.2287, 2.03627]",0.345956
0.0,0.0703284,0.0,0.0,11.15,0.0,1957.2,-0.363281,94.0,1,"[200.0, 200.0, 200.0, 200.0, 200.0, 200.0, 200.0, 200.0, 200.0, 200.0, 200.0, 200.0, 200.0, 200.0, 200.0, 200.0, 200.0, 200.0, 200.0, 200.0, 200.0, 200.0, 200.0, 200.0, 200.0, 200.0, 200.0, 200.0, 200.0, 200.0, 200.0, 200.0, 200.0, 200.0, 200.0, 200.0]",1,942.478,-0.170121,0.128082,-0.0143875,0.0,"[6.98444, 7.4174, 8.62996, 11.5565, 27.9103, 58.441, 50.0435, 42.3444, 35.5629, 29.8289, 25.1504, 21.4286, 18.5072, 16.2217, 13.0108, 10.2545, 8.8299, 8.16845, 8.0526]",0.0713013,"[0.0999438, -0.202534, 2.07365, -1.20693]",0.34594
0.0,0.0703451,0.0,0.0,11.17,0.0,1957.2,-0.364136,94.0,1,"[200.0, 200.0, 200.0, 200.0, 200.0, 200.0, 200.0, 200.0, 200.0, 200.0, 200.0, 200.0, 200.0, 200.0, 200.0, 200.0, 200.0, 200.0, 200.0, 200.0, 200.0, 200.0, 200.0, 200.0, 200.0, 200.0, 200.0, 200.0, 200.0, 200.0, 200.0, 200.0, 200.0, 200.0, 200.0, 200.0]",1,942.478,-0.1713,0.126213,-0.014344,0.0,"[6.98368, 7.41663, 8.6291, 11.5553, 27.9046, 58.4404, 50.0432, 42.3444, 35.5633, 29.8295, 25.1512, 21.4295, 18.5082, 16.2227, 13.0117, 10.2553, 8.83067, 8.1692, 8.05338]",0.071403,"[-1.6813, 1.69516, -1.23188, 2.03387]",0.345924
0.0,0.0703618,0.0,0.0,11.19,0.0,1957.2,-0.36499,94.0,1,"[200.0, 200.0, 200.0, 200.0, 200.0, 200.0, 200.0, 200.0, 200.0, 200.0, 200.0, 200.0, 200.0, 200.0, 200.0, 200.0, 200.0, 200.0, 200.0, 200.0, 200.0, 200.0, 200.0, 200.0, 200.0, 200.0, 200.0, 200.0, 200.0, 200.0, 200.0, 200.0, 200.0, 200.0, 200.0, 200.0]",1,942.478,-0.170486,0.127584,-0.0143272,0.0,"[6.9829, 7.41583, 8.62822, 11.5542, 27.898, 58.4399, 50.0428, 42.3445, 35.5636, 29.8301, 25.152, 21.4304, 18.5091, 16.2236, 13.0126, 10.2561, 8.83146, 8.16998, 8.05417]",0.0715078,"[0.0989639, -0.187751, 2.07, -1.21467]",0.345909
0.0,0.070379,0.0,0.0,11.21,0.0,1957.19,-0.365967,94.0,1,"[200.0, 200.0, 200.0, 200.0, 200.0, 200.0, 200.0, 200.0, 200.0, 200.0, 200.0, 200.0, 200.0, 200.0, 200.0, 200.0, 200.0, 200.0, 200.0, 200.0, 200.0, 200.0, 200.0, 200.0, 200.0, 200.0, 200.0, 200.0, 200.0, 200.0, 200.0, 200.0, 200.0, 200.0, 200.0, 200.0]",1,942.478,-0.171736,0.126226,-0.0143632,0.0,"[6.98214, 7.41507, 8.62737, 11.5531, 27.893, 58.4391, 50.0425, 42.3445, 35.5639, 29.8307, 25.1527, 21.4312, 18.51, 16.2245, 13.0135, 10.2569, 8.83221, 8.17072, 8.05493]",0.0716085,"[-1.68541, 1.71108, -1.23607, 2.03144]",0.345892
0.0,0.0703956,0.0,0.0,11.23,0.0,1957.19,-0.366821,94.0,1,"[200.0, 200.0, 200.0, 200.0, 200.0, 200.0, 200.0, 200.0, 200.0, 200.0, 200.0, 200.0, 200.0, 200.0, 200.0, 200.0, 200.0, 200.0, 200.0, 200.0, 200.0, 200.0, 200.0, 200.0, 200.0, 200.0, 200.0, 200.0, 200.0, 200.0, 200.0, 200.0, 200.0, 200.0, 200.0, 200.0]",1,942.478,-0.170809,0.128063,-0.0143678,0.0,"[6.98138, 7.41428, 8.62651, 11.552, 27.8868, 58.4385, 50.0422, 42.3445, 35.5642, 29.8312, 25.1535, 21.4321, 18.5109, 16.2254, 13.0144, 10.2577, 8.83298, 8.17147, 8.05572]",0.0717112,"[0.105846, -0.192288, 2.06671, -1.21595]",0.345876
0.0,0.0704133,0.0,0.0,11.25,0.0,1957.19,-0.367798,94.0,1,"[200.0, 200.0, 200.0, 200.0, 200.0, 200.0, 200.0, 200.0, 200.0, 200.0, 200.0, 200.0, 200.0, 200.0, 200.0, 200.0, 200.0, 200.0, 200.0, 200.0, 200.0, 200.0, 200.0, 200.0, 200.0, 200.0, 200.0, 200.0, 200.0, 200.0, 200.0, 200.0, 200.0, 200.0, 200.0, 200.0]",1,942.478,-0.17184,0.126255,-0.0143536,0.0,"[6.98062, 7.41352, 8.62565, 11.551, 27.8813, 58.4379, 50.0419, 42.3445, 35.5645, 29.8318, 25.1542, 21.4329, 18.5118, 16.2263, 13.0153, 10.2586, 8.83375, 8.17221, 8.0565]",0.071814,"[-1.68654, 1.69003, -1.23339, 2.03303]",0.34586
0.0,0.0704295,0.0,0.0,11.27,0.0,1957.19,-0.368652,94.0,1,"[200.0, 200.0, 200.0, 200.0, 200.0, 200.0, 200.0, 200.0, 200.0, 200.0, 200.0, 200.0, 200.0, 200.0, 200.0, 200.0, 200.0, 200.0, 200.0, 200.0, 200.0, 200.0, 200.0, 200.0, 200.0, 200.0, 200.0, 200.0, 200.0, 200.0, 200.0, 200.0, 200.0, 200.0, 200.0, 200.0]",1,942.478,-0.171115,0.127735,-0.0143341,0.0,"[6.97986, 7.41274, 8.62478, 11.5499, 27.8757, 58.4372, 50.0416, 42.3445, 35.5649, 29.8324, 25.155, 21.4338, 18.5127, 16.2273, 13.0162, 10.2594, 8.83453, 8.17298, 8.05728]",0.0719167,"[0.103019, -0.192308, 2.06508, -1.21653]",0.345844
0.0,0.0704471,0.0,0.0,11.29,0.0,1957.19,-0.369629,94.0,1,"[200.0, 200.0, 200.0, 200.0, 200.0, 200.0, 200.0, 200.0, 200.0, 200.0, 200.0, 200.0, 200.0, 200.0, 200.0, 200.0, 200.0, 200.0, 200.0, 200.0, 200.0, 200.0, 200.0, 200.0, 200.0, 200.0, 200.0, 200.0, 200.0, 200.0, 200.0, 200.0, 200.0, 200.0, 200.0, 200.0]",1,942.478,-0.17194,0.126952,-0.0143528,0.0,"[6.9791, 7.41196, 8.62391, 11.5487, 27.8698, 58.4365, 50.0412, 42.3445, 35.5652, 29.8329, 25.1557, 21.4347, 18.5136, 16.2282, 13.0171, 10.2602, 8.83531, 8.17375, 8.05806]",0.0720195,"[-1.68578, 1.6827, -1.23755, 2.02662]",0.345828
0.0,0.0704624,0.0,0.0,11.31,0.0,1957.19,-0.370483,94.0,1,"[200.0, 200.0, 200.0, 200.0, 200.0, 200.0, 200.0, 200.0, 200.0, 200.0, 200.0, 200.0, 200.0, 200.0, 200.0, 200.0, 200.0, 200.0, 200.0, 200.0, 200.0, 200.0, 200.0, 200.0, 200.0, 200.0, 200.0, 200.0, 200.0, 200.0, 200.0, 200.0, 200.0, 200.0, 200.0, 200.0]",1,942.478,-0.171426,0.127753,-0.0143381,0.0,"[6.97832, 7.41118, 8.62304, 11.5476, 27.8629, 58.4361, 50.041, 42.3447, 35.5656, 29.8336, 25.1565, 21.4356, 18.5146, 16.2292, 13.018, 10.261, 8.83609, 8.1745, 8.05884]",0.0721222,"[0.10589, -0.19231, 2.06307, -1.22071]",0.345811
0.0,0.0704805,0.0,0.0,11.33,0.0,1957.19,-0.371338,94.0,1,"[200.0, 200.0, 200.0, 200.0, 200.0, 200.0, 200.0, 200.0, 200.0, 200.0, 200.0, 200.0, 200.0, 200.0, 200.0, 200.0, 200.0, 200.0, 200.0, 200.0, 200.0, 200.0, 200.0, 200.0, 200.0, 200.0, 200.0, 200.0, 200.0, 200.0, 200.0, 200.0, 200.0, 200.0, 200.0, 200.0]",1,942.478,-0.172032,0.127279,-0.0143487,0.0,"[6.97757, 7.41041, 8.62219, 11.5466, 27.8585, 58.4354, 50.0406, 42.3446, 35.5659, 29.8341, 25.1572, 21.4364, 18.5155, 16.2301, 13.0188, 10.2619, 8.83685, 8.17525, 8.05962]",0.0722249,"[-1.6891, 1.66243, -1.23702, 2.0301]",0.345795
0.0,0.0704939,0.0,0.0,11.35,0.0,1957.19,-0.372314,94.0,1,"[200.0, 200.0, 200.0, 200.0, 200.0, 200.0, 200.0, 200.0, 200.0, 200.0, 200.0, 200.0, 200.0, 200.0, 200.0, 200.0, 200.0, 200.0, 200.0, 200.0, 200.0, 200.0, 200.0, 200.0, 200.0, 200.0, 200.0, 200.0, 200.0, 200.0, 200.0, 200.0, 200.0, 200.0, 200.0, 200.0]",1,942.478,-0.171296,0.128138,-0.0143682,0.0,"[6.97679, 7.40961, 8.62129, 11.5454, 27.8501, 58.435, 50.0406, 42.3449, 35.5665, 29.8349, 25.1582, 21.4374, 18.5165, 16.2311, 13.0198, 10.2627, 8.83765, 8.17604, 8.0604]",0.0723287,"[0.103197, -0.216554, 2.06086, -1.22356]",0.345778
0.0,0.0705087,0.0,0.0,11.37,0.0,1957.19,-0.373169,94.0,1,"[200.0, 200.0, 200.0, 200.0, 200.0, 200.0, 200.0, 200.0, 200.0, 200.0, 200.0, 200.0, 200.0, 200.0, 200.0, 200.0, 200.0, 200.0, 200.0, 200.0, 200.0, 200.0, 200.0, 200.0, 200.0, 200.0, 200.0, 200.0, 200.0, 200.0, 200.0, 200.0, 200.0, 200.0, 200.0, 200.0]",1,942.478,-0.172897,0.12645,-0.0143957,0.0,"[6.97602, 7.40883, 8.62041, 11.5442, 27.843, 58.4346, 50.0406, 42.3451, 35.5669, 29.8356, 25.159, 21.4384, 18.5175, 16.232, 13.0207, 10.2635, 8.83843, 8.17679, 8.06118]",0.0724314,"[-1.68822, 1.69615, -1.23874, 2.02673]",0.345762
0.0,0.0705253,0.0,0.0,11.39,0.0,1957.19,-0.374023,94.0,1,"[200.0, 200.0, 200.0, 200.0, 200.0, 200.0, 200.0, 200.0, 200.0, 200.0, 200.0, 200.0, 200.0, 200.0, 200.0, 200.0, 200.0, 200.0, 200.0, 200.0, 200.0, 200.0, 200.0, 200.0, 200.0, 200.0, 200.0, 200.0, 200.0, 200.0, 200.0, 200.0, 200.0, 200.0, 200.0, 200.0]",1,942.478,-0.171683,0.127473,-0.0143387,0.0,"[6.97526, 7.40805, 8.61953, 11.5431, 27.8365, 58.4341, 50.0403, 42.3451, 35.5673, 29.8362, 25.1598, 21.4393, 18.5184, 16.233, 13.0216, 10.2644, 8.8392, 8.17755, 8.06197]",0.0725342,"[0.0998911, -0.203707, 2.055, -1.22533]",0.345745
0.0,0.0705411,0.0,0.0,11.41,0.0,1957.19,-0.375,94.0,1,"[200.0, 200.0, 200.0, 200.0, 200.0, 200.0, 200.0, 200.0, 200.0, 200.0, 200.0, 200.0, 200.0, 200.0, 200.0, 200.0, 200.0, 200.0, 200.0, 200.0, 200.0, 200.0, 200.0, 200.0, 200.0, 200.0, 200.0, 200.0, 200.0, 200.0, 200.0, 200.0, 200.0, 200.0, 200.0, 200.0]",1,942.478,-0.173137,0.126285,-0.0143332,0.0,"[6.97451, 7.40728, 8.61867, 11.542, 27.8304, 58.4336, 50.0401, 42.3453, 35.5677, 29.8368, 25.1606, 21.4401, 18.5193, 16.2339, 13.0225, 10.2652, 8.83997, 8.17831, 8.06274]",0.0726359,"[-1.69153, 1.69835, -1.24286, 2.02408]",0.345728
0.0,0.0705573,0.0,0.0,11.43,0.0,1957.18,-0.375854,94.0,1,"[200.0, 200.0, 200.0, 200.0, 200.0, 200.0, 200.0, 200.0, 200.0, 200.0, 200.0, 200.0, 200.0, 200.0, 200.0, 200.0, 200.0, 200.0, 200.0, 200.0, 200.0, 200.0, 200.0, 200.0, 200.0, 200.0, 200.0, 200.0, 200.0, 200.0, 200.0, 200.0, 200.0, 200.0, 200.0, 200.0]",1,942.478,-0.172138,0.127362,-0.014283,0.0,"[6.97374, 7.4065, 8.61781, 11.5409, 27.8242, 58.433, 50.0398, 42.3453, 35.568, 29.8375, 25.1614, 21.441, 18.5203, 16.2349, 13.0234, 10.266, 8.84074, 8.17906, 8.06352]",0.0727386,"[0.104723, -0.200546, 2.05574, -1.22913]",0.345711
0.0,0.0705735,0.0,0.0,11.45,0.0,1957.18,-0.376831,94.0,1,"[200.0, 200.0, 200.0, 200.0, 200.0, 200.0, 200.0, 200.0, 200.0, 200.0, 200.0, 200.0, 200.0, 200.0, 200.0, 200.0, 200.0, 200.0, 200.0, 200.0, 200.0, 200.0, 200.0, 200.0, 200.0, 200.0, 200.0, 200.0, 200.0, 200.0, 200.0, 200.0, 200.0, 200.0, 200.0, 200.0]",1,942.478,-0.173178,0.125993,-0.01432,0.0,"[6.97298, 7.40571, 8.61693, 11.5398, 27.8182, 58.4325, 50.0396, 42.3454, 35.5684, 29.8381, 25.1622, 21.4419, 18.5212, 16.2358, 13.0243, 10.2669, 8.84152, 8.17982, 8.0643]",0.0728414,"[-1.69065, 1.66906, -1.23752, 2.02593]",0.345695
0.0,0.0705883,0.0,0.0,11.47,0.0,1957.18,-0.377686,94.0,1,"[200.0, 200.0, 200.0, 200.0, 200.0, 200.0, 200.0, 200.0, 200.0, 200.0, 200.0, 200.0, 200.0, 200.0, 200.0, 200.0, 200.0, 200.0, 200.0, 200.0, 200.0, 200.0, 200.0, 200.0, 200.0, 200.0, 200.0, 200.0, 200.0, 200.0, 200.0, 200.0, 200.0, 200.0, 200.0, 200.0]",1,942.478,-0.172306,0.127682,-0.0143132,0.0,"[6.97221, 7.40494, 8.61606, 11.5386, 27.8109, 58.432, 50.0394, 42.3456, 35.5689, 29.8388, 25.163, 21.4429, 18.5222, 16.2368, 13.0253, 10.2677, 8.8423, 8.18057, 8.06508]",0.0729441,"[0.103672, -0.209311, 2.05428, -1.23142]",0.345677
0.0,0.0706035,0.0,0.0,11.49,0.0,1957.18,-0.37854,94.0,1,"[200.0, 200.0, 200.0, 200.0, 200.0, 200.0, 200.0, 200.0, 200.0, 200.0, 200.0, 200.0, 200.0, 200.0, 200.0, 200.0, 200.0, 200.0, 200.0, 200.0, 200.0, 200.0, 200.0, 200.0, 200.0, 200.0, 200.0, 200.0, 200.0, 200.0, 200.0, 200.0, 200.0, 200.0, 200.0, 200.0]",1,942.478,-0.173882,0.126136,-0.0143381,0.0,"[6.97146, 7.40416, 8.61518, 11.5375, 27.804, 58.4315, 50.0392, 42.3457, 35.5694, 29.8395, 25.1639, 21.4438, 18.5231, 16.2377, 13.0262, 10.2685, 8.84308, 8.18134, 8.06586]",0.0730469,"[-1.69388, 1.70056, -1.24349, 2.02234]",0.345661
0.0,0.0706193,0.0,0.0,11.51,0.0,1957.18,-0.379517,94.0,1,"[200.0, 200.0, 200.0, 200.0, 200.0, 200.0, 200.0, 200.0, 200.0, 200.0, 200.0, 200.0, 200.0, 200.0, 200.0, 200.0, 200.0, 200.0, 200.0, 200.0, 200.0, 200.0, 200.0, 200.0, 200.0, 200.0, 200.0, 200.0, 200.0, 200.0, 200.0, 200.0, 200.0, 200.0, 200.0, 200.0]",1,942.478,-0.172399,0.128183,-0.0143274,0.0,"[6.97069, 7.40338, 8.6143, 11.5364, 27.798, 58.431, 50.0391, 42.3458, 35.5698, 29.8401, 25.1647, 21.4447, 18.5241, 16.2387, 13.0271, 10.2694, 8.84385, 8.18209, 8.06664]",0.0731496,"[0.0998725, -0.217571, 2.05046, -1.2327]",0.345644
0.0,0.0706336,0.0,0.0,11.53,0.0,1957.18,-0.380371,94.0,1,"[200.0, 200.0, 200.0, 200.0, 200.0, 200.0, 200.0, 200.0, 200.0, 200.0, 200.0, 200.0, 200.0, 200.0, 200.0, 200.0, 200.0, 200.0, 200.0, 200.0, 200.0, 200.0, 200.0, 200.0, 200.0, 200.0, 200.0, 200.0, 200.0, 200.0, 200.0, 200.0, 200.0, 200.0, 200.0, 200.0]",1,942.478,-0.174072,0.126063,-0.0143664,0.0,"[6.96992, 7.40258, 8.61342, 11.5352, 27.7902, 58.4306, 50.039, 42.3461, 35.5703, 29.8409, 25.1656, 21.4457, 18.5251, 16.2397, 13.028, 10.2702, 8.84464, 8.18286, 8.06742]",0.0732524,"[-1.69521, 1.69491, -1.24589, 2.02014]",0.345627
0.0,0.0706493,0.0,0.0,11.55,0.0,1957.18,-0.381226,94.0,1,"[200.0, 200.0, 200.0, 200.0, 200.0, 200.0, 200.0, 200.0, 200.0, 200.0, 200.0, 200.0, 200.0, 200.0, 200.0, 200.0, 200.0, 200.0, 200.0, 200.0, 200.0, 200.0, 200.0, 200.0, 200.0, 200.0, 200.0, 200.0, 200.0, 200.0, 200.0, 200.0, 200.0, 200.0, 200.0, 200.0]",1,942.478,-0.17284,0.12792,-0.0143085,0.0,"[6.96916, 7.40181, 8.61255, 11.5341, 27.7841, 58.4301, 50.0388, 42.3462, 35.5707, 29.8415, 25.1664, 21.4466, 18.526, 16.2406, 13.0289, 10.271, 8.84541, 8.18361, 8.06819]",0.0733551,"[0.109423, -0.21748, 2.04847, -1.23639]",0.345609
0.0,0.0706636,0.0,0.0,11.57,0.0,1957.18,-0.382202,94.0,1,"[200.0, 200.0, 200.0, 200.0, 200.0, 200.0, 200.0, 200.0, 200.0, 200.0, 200.0, 200.0, 200.0, 200.0, 200.0, 200.0, 200.0, 200.0, 200.0, 200.0, 200.0, 200.0, 200.0, 200.0, 200.0, 200.0, 200.0, 200.0, 200.0, 200.0, 200.0, 200.0, 200.0, 200.0, 200.0, 200.0]",1,942.478,-0.174326,0.126023,-0.0143195,0.0,"[6.9684, 7.40104, 8.61167, 11.533, 27.7768, 58.4297, 50.0387, 42.3464, 35.5712, 29.8422, 25.1673, 21.4475, 18.527, 16.2416, 13.0299, 10.2719, 8.84619, 8.18437, 8.06896]",0.0734568,"[-1.69589, 1.6936, -1.24975, 2.01861]",0.345592
0.0,0.0706794,0.0,0.0,11.59,0.0,1957.18,-0.383057,94.0,1,"[200.0, 200.0, 200.0, 200.0, 200.0, 200.0, 200.0, 200.0, 200.0, 200.0, 200.0, 200.0, 200.0, 200.0, 200.0, 200.0, 200.0, 200.0, 200.0, 200.0, 200.0, 200.0, 200.0, 200.0, 200.0, 200.0, 200.0, 200.0, 200.0, 200.0, 200.0, 200.0, 200.0, 200.0, 200.0, 200.0]",1,942.478,-0.17298,0.127238,-0.014329,0.0,"[6.96764, 7.40025, 8.6108, 11.5319, 27.7703, 58.4292, 50.0385, 42.3465, 35.5716, 29.8429, 25.1681, 21.4484, 18.5279, 16.2425, 13.0308, 10.2727, 8.84697, 8.18513, 8.06975]",0.0735596,"[0.106373, -0.208571, 2.04017, -1.2451]",0.345575
0.0,0.0706941,0.0,0.0,11.61,0.0,1957.18,-0.384033,94.0,1,"[200.0, 200.0, 200.0, 200.0, 200.0, 200.0, 200.0, 200.0, 200.0, 200.0, 200.0, 200.0, 200.0, 200.0, 200.0, 200.0, 200.0, 200.0, 200.0, 200.0, 200.0, 200.0, 200.0, 200.0, 200.0, 200.0, 200.0, 200.0, 200.0, 200.0, 200.0, 200.0, 200.0, 200.0, 200.0, 200.0]",1,942.478,-0.174606,0.126201,-0.0143219,0.0,"[6.96687, 7.39946, 8.60991, 11.5307, 27.7632, 58.4288, 50.0384, 42.3467, 35.5721, 29.8436, 25.1689, 21.4494, 18.5289, 16.2435, 13.0317, 10.2735, 8.84775, 8.18589, 8.07053]",0.0736623,"[-1.69314, 1.69195, -1.25341, 2.01472]",0.345557
0.0,0.0707099,0.0,0.0,11.63,0.0,1957.18,-0.384888,94.0,1,"[200.0, 200.0, 200.0, 200.0, 200.0, 200.0, 200.0, 200.0, 200.0, 200.0, 200.0, 200.0, 200.0, 200.0, 200.0, 200.0, 200.0, 200.0, 200.0, 200.0, 200.0, 200.0, 200.0, 200.0, 200.0, 200.0, 200.0, 200.0, 200.0, 200.0, 200.0, 200.0, 200.0, 200.0, 200.0, 200.0]",1,942.478,-0.173379,0.127955,-0.0143311,0.0,"[6.96611, 7.39869, 8.60905, 11.5296, 27.7567, 58.4283, 50.0382, 42.3469, 35.5725, 29.8442, 25.1698, 21.4503, 18.5299, 16.2444, 13.0326, 10.2744, 8.84851, 8.18664, 8.0713]",0.073764,"[0.10535, -0.213291, 2.04133, -1.24248]",0.345539
0.0,0.0707247,0.0,0.0,11.65,0.0,1957.17,-0.385742,94.0,1,"[200.0, 200.0, 200.0, 200.0, 200.0, 200.0, 200.0, 200.0, 200.0, 200.0, 200.0, 200.0, 200.0, 200.0, 200.0, 200.0, 200.0, 200.0, 200.0, 200.0, 200.0, 200.0, 200.0, 200.0, 200.0, 200.0, 200.0, 200.0, 200.0, 200.0, 200.0, 200.0, 200.0, 200.0, 200.0, 200.0]",1,942.478,-0.174518,0.12591,-0.0143255,0.0,"[6.96535, 7.39791, 8.60818, 11.5285, 27.7502, 58.4279, 50.0381, 42.347, 35.5729, 29.8449, 25.1706, 21.4512, 18.5308, 16.2454, 13.0335, 10.2752, 8.84929, 8.18741, 8.07208]",0.0738668,"[-1.6949, 1.66266, -1.25182, 2.01553]",0.345522
0.0,0.070739,0.0,0.0,11.67,0.0,1957.17,-0.386719,94.0,1,"[200.0, 200.0, 200.0, 200.0, 200.0, 200.0, 200.0, 200.0, 200.0, 200.0, 200.0, 200.0, 200.0, 200.0, 200.0, 200.0, 200.0, 200.0, 200.0, 200.0, 200.0, 200.0, 200.0, 200.0, 200.0, 200.0, 200.0, 200.0, 200.0, 200.0, 200.0, 200.0, 200.0, 200.0, 200.0, 200.0]",1,942.478,-0.173604,0.127457,-0.0143294,0.0,"[6.96458, 7.39712, 8.60729, 11.5273, 27.7426, 58.4275, 50.038, 42.3473, 35.5735, 29.8457, 25.1715, 21.4522, 18.5318, 16.2464, 13.0345, 10.276, 8.85008, 8.18817, 8.07286]",0.0739695,"[0.10338, -0.205418, 2.03438, -1.2489]",0.345505
0.0,0.0707537,0.0,0.0,11.69,0.0,1957.17,-0.387573,94.0,1,"[200.0, 200.0, 200.0, 200.0, 200.0, 200.0, 200.0, 200.0, 200.0, 200.0, 200.0, 200.0, 200.0, 200.0, 200.0, 200.0, 200.0, 200.0, 200.0, 200.0, 200.0, 200.0, 200.0, 200.0, 200.0, 200.0, 200.0, 200.0, 200.0, 200.0, 200.0, 200.0, 200.0, 200.0, 200.0, 200.0]",1,942.478,-0.175276,0.125992,-0.0143484,0.0,"[6.96383, 7.39633, 8.6064, 11.5262, 27.7357, 58.4271, 50.0379, 42.3475, 35.574, 29.8464, 25.1723, 21.4531, 18.5328, 16.2474, 13.0354, 10.2769, 8.85087, 8.18894, 8.07365]",0.0740723,"[-1.69794, 1.69137, -1.25437, 2.01292]",0.345487
0.0,0.0707695,0.0,0.0,11.71,0.0,1957.17,-0.38855,94.0,1,"[200.0, 200.0, 200.0, 200.0, 200.0, 200.0, 200.0, 200.0, 200.0, 200.0, 200.0, 200.0, 200.0, 200.0, 200.0, 200.0, 200.0, 200.0, 200.0, 200.0, 200.0, 200.0, 200.0, 200.0, 200.0, 200.0, 200.0, 200.0, 200.0, 200.0, 200.0, 200.0, 200.0, 200.0, 200.0, 200.0]",1,942.478,-0.173511,0.128165,-0.0143465,0.0,"[6.96306, 7.39556, 8.60553, 11.5251, 27.7288, 58.4266, 50.0377, 42.3476, 35.5744, 29.847, 25.1731, 21.454, 18.5337, 16.2483, 13.0363, 10.2777, 8.85163, 8.18969, 8.07442]",0.074175,"[0.107991, -0.235418, 2.03151, -1.25057]",0.345469
0.0,0.0707824,0.0,0.0,11.73,0.0,1957.17,-0.389404,94.0,1,"[200.0, 200.0, 200.0, 200.0, 200.0, 200.0, 200.0, 200.0, 200.0, 200.0, 200.0, 200.0, 200.0, 200.0, 200.0, 200.0, 200.0, 200.0, 200.0, 200.0, 200.0, 200.0, 200.0, 200.0, 200.0, 200.0, 200.0, 200.0, 200.0, 200.0, 200.0, 200.0, 200.0, 200.0, 200.0, 200.0]",1,942.478,-0.175271,0.126281,-0.0143594,0.0,"[6.9623, 7.39477, 8.60464, 11.5239, 27.7212, 58.4263, 50.0378, 42.348, 35.575, 29.8478, 25.1741, 21.455, 18.5347, 16.2494, 13.0373, 10.2785, 8.85242, 8.19044, 8.0752]",0.0742778,"[-1.69983, 1.67501, -1.25806, 2.01018]",0.345452
0.0,0.0707967,0.0,0.0,11.75,0.0,1957.17,-0.390259,94.0,1,"[200.0, 200.0, 200.0, 200.0, 200.0, 200.0, 200.0, 200.0, 200.0, 200.0, 200.0, 200.0, 200.0, 200.0, 200.0, 200.0, 200.0, 200.0, 200.0, 200.0, 200.0, 200.0, 200.0, 200.0, 200.0, 200.0, 200.0, 200.0, 200.0, 200.0, 200.0, 200.0, 200.0, 200.0, 200.0, 200.0]",1,942.478,-0.174633,0.12728,-0.0143329,0.0,"[6.96153, 7.39398, 8.60376, 11.5227, 27.7138, 58.4259, 50.0377, 42.3482, 35.5755, 29.8486, 25.175, 21.456, 18.5358, 16.2504, 13.0382, 10.2794, 8.85322, 8.19121, 8.07597]",0.0743805,"[0.106249, -0.191245, 2.03437, -1.25188]",0.345434
0.0,0.0708114,0.0,0.0,11.77,0.0,1957.17,-0.391235,94.0,1,"[200.0, 200.0, 200.0, 200.0, 200.0, 200.0, 200.0, 200.0, 200.0, 200.0, 200.0, 200.0, 200.0, 200.0, 200.0, 200.0, 200.0, 200.0, 200.0, 200.0, 200.0, 200.0, 200.0, 200.0, 200.0, 200.0, 200.0, 200.0, 200.0, 200.0, 200.0, 200.0, 200.0, 200.0, 200.0, 200.0]",1,942.478,-0.175607,0.126185,-0.0143394,0.0,"[6.96077, 7.3932, 8.60288, 11.5216, 27.7065, 58.4255, 50.0375, 42.3484, 35.576, 29.8493, 25.1758, 21.4569, 18.5367, 16.2513, 13.0391, 10.2802, 8.85399, 8.19197, 8.07675]",0.0744822,"[-1.70113, 1.67286, -1.25941, 2.01088]",0.345415
0.0,0.0708267,0.0,0.0,11.79,0.0,1957.17,-0.39209,94.0,1,"[200.0, 200.0, 200.0, 200.0, 200.0, 200.0, 200.0, 200.0, 200.0, 200.0, 200.0, 200.0, 200.0, 200.0, 200.0, 200.0, 200.0, 200.0, 200.0, 200.0, 200.0, 200.0, 200.0, 200.0, 200.0, 200.0, 200.0, 200.0, 200.0, 200.0, 200.0, 200.0, 200.0, 200.0, 200.0, 200.0]",1,942.478,-0.174395,0.1269,-0.0143362,0.0,"[6.96001, 7.39242, 8.60201, 11.5205, 27.7005, 58.425, 50.0374, 42.3485, 35.5764, 29.85, 25.1767, 21.4579, 18.5377, 16.2523, 13.04, 10.2811, 8.85477, 8.19273, 8.07753]",0.074585,"[0.10941, -0.226349, 2.03085, -1.25488]",0.345398
0.0,0.0708396,0.0,0.0,11.81,0.0,1957.17,-0.392944,94.0,1,"[200.0, 200.0, 200.0, 200.0, 200.0, 200.0, 200.0, 200.0, 200.0, 200.0, 200.0, 200.0, 200.0, 200.0, 200.0, 200.0, 200.0, 200.0, 200.0, 200.0, 200.0, 200.0, 200.0, 200.0, 200.0, 200.0, 200.0, 200.0, 200.0, 200.0, 200.0, 200.0, 200.0, 200.0, 200.0, 200.0]",1,942.478,-0.176286,0.125967,-0.0143267,0.0,"[6.95924, 7.39164, 8.60112, 11.5193, 27.6922, 58.4248, 50.0374, 42.3488, 35.577, 29.8508, 25.1776, 21.4589, 18.5387, 16.2533, 13.041, 10.2819, 8.85555, 8.19349, 8.07831]",0.0746877,"[-1.70028, 1.68104, -1.25456, 2.01197]",0.34538
0.0,0.0708539,0.0,0.0,11.83,0.0,1957.17,-0.393921,94.0,1,"[200.0, 200.0, 200.0, 200.0, 200.0, 200.0, 200.0, 200.0, 200.0, 200.0, 200.0, 200.0, 200.0, 200.0, 200.0, 200.0, 200.0, 200.0, 200.0, 200.0, 200.0, 200.0, 200.0, 200.0, 200.0, 200.0, 200.0, 200.0, 200.0, 200.0, 200.0, 200.0, 200.0, 200.0, 200.0, 200.0]",1,942.478,-0.175338,0.127169,-0.0143122,0.0,"[6.95848, 7.39085, 8.60024, 11.5182, 27.6848, 58.4245, 50.0374, 42.3491, 35.5776, 29.8515, 25.1785, 21.4598, 18.5397, 16.2543, 13.0419, 10.2828, 8.85632, 8.19425, 8.07908]",0.0747894,"[0.106516, -0.193607, 2.03166, -1.25305]",0.345361
0.0,0.0708672,0.0,0.0,11.85,0.0,1957.17,-0.394775,94.0,1,"[200.0, 200.0, 200.0, 200.0, 200.0, 200.0, 200.0, 200.0, 200.0, 200.0, 200.0, 200.0, 200.0, 200.0, 200.0, 200.0, 200.0, 200.0, 200.0, 200.0, 200.0, 200.0, 200.0, 200.0, 200.0, 200.0, 200.0, 200.0, 200.0, 200.0, 200.0, 200.0, 200.0, 200.0, 200.0, 200.0]",1,942.478,-0.176324,0.125941,-0.014334,0.0,"[6.95771, 7.39006, 8.59935, 11.517, 27.6775, 58.4242, 50.0373, 42.3494, 35.5782, 29.8523, 25.1794, 21.4608, 18.5407, 16.2553, 13.0428, 10.2836, 8.85712, 8.19501, 8.07986]",0.0748922,"[-1.70618, 1.66564, -1.25568, 2.01241]",0.345344
0.0,0.0708801,0.0,0.0,11.87,0.0,1957.16,-0.395752,94.0,1,"[200.0, 200.0, 200.0, 200.0, 200.0, 200.0, 200.0, 200.0, 200.0, 200.0, 200.0, 200.0, 200.0, 200.0, 200.0, 200.0, 200.0, 200.0, 200.0, 200.0, 200.0, 200.0, 200.0, 200.0, 200.0, 200.0, 200.0, 200.0, 200.0, 200.0, 200.0, 200.0, 200.0, 200.0, 200.0, 200.0]",1,942.478,-0.175601,0.126954,-0.0143024,0.0,"[6.95695, 7.38929, 8.59847, 11.5158, 27.6694, 58.4239, 50.0374, 42.3497, 35.5787, 29.8531, 25.1803, 21.4618, 18.5417, 16.2563, 13.0438, 10.2844, 8.85789, 8.19576, 8.08064]",0.0749939,"[0.103464, -0.200919, 2.03222, -1.25197]",0.345325
0.0,0.0708944,0.0,0.0,11.89,0.0,1957.16,-0.396606,94.0,1,"[200.0, 200.0, 200.0, 200.0, 200.0, 200.0, 200.0, 200.0, 200.0, 200.0, 200.0, 200.0, 200.0, 200.0, 200.0, 200.0, 200.0, 200.0, 200.0, 200.0, 200.0, 200.0, 200.0, 200.0, 200.0, 200.0, 200.0, 200.0, 200.0, 200.0, 200.0, 200.0, 200.0, 200.0, 200.0, 200.0]",1,942.478,-0.1765,0.126415,-0.0143093,0.0,"[6.9562, 7.38852, 8.5976, 11.5147, 27.6621, 58.4235, 50.0374, 42.3499, 35.5792, 29.8538, 25.1812, 21.4628, 18.5427, 16.2572, 13.0447, 10.2853, 8.85866, 8.19651, 8.08141]",0.0750956,"[-1.70726, 1.64109, -1.25082, 2.01673]",0.345307
0.0,0.0709049,0.0,0.0,11.91,0.0,1957.16,-0.397461,94.0,1,"[200.0, 200.0, 200.0, 200.0, 200.0, 200.0, 200.0, 200.0, 200.0, 200.0, 200.0, 200.0, 200.0, 200.0, 200.0, 200.0, 200.0, 200.0, 200.0, 200.0, 200.0, 200.0, 200.0, 200.0, 200.0, 200.0, 200.0, 200.0, 200.0, 200.0, 200.0, 200.0, 200.0, 200.0, 200.0, 200.0]",1,942.478,-0.17588,0.127209,-0.0143232,0.0,"[6.95543, 7.38772, 8.59668, 11.5135, 27.6526, 58.4235, 50.0377, 42.3505, 35.58, 29.8548, 25.1823, 21.4639, 18.5438, 16.2583, 13.0457, 10.2861, 8.85946, 8.19729, 8.08218]",0.0751984,"[0.106625, -0.216908, 2.03417, -1.25008]",0.345289
0.0,0.0709173,0.0,0.0,11.93,0.0,1957.16,-0.398438,94.0,1,"[200.0, 200.0, 200.0, 200.0, 200.0, 200.0, 200.0, 200.0, 200.0, 200.0, 200.0, 200.0, 200.0, 200.0, 200.0, 200.0, 200.0, 200.0, 200.0, 200.0, 200.0, 200.0, 200.0, 200.0, 200.0, 200.0, 200.0, 200.0, 200.0, 200.0, 200.0, 200.0, 200.0, 200.0, 200.0, 200.0]",1,942.478,-0.176897,0.125446,-0.0142828,0.0,"[6.95467, 7.38694, 8.59581, 11.5123, 27.6444, 58.4234, 50.0377, 42.3509, 35.5807, 29.8556, 25.1832, 21.4649, 18.5448, 16.2593, 13.0466, 10.287, 8.86024, 8.19804, 8.08295]",0.0753001,"[-1.70752, 1.65034, -1.25416, 2.0151]",0.345271
0.0,0.0709287,0.0,0.0,11.95,0.0,1957.16,-0.399292,94.0,1,"[200.0, 200.0, 200.0, 200.0, 200.0, 200.0, 200.0, 200.0, 200.0, 200.0, 200.0, 200.0, 200.0, 200.0, 200.0, 200.0, 200.0, 200.0, 200.0, 200.0, 200.0, 200.0, 200.0, 200.0, 200.0, 200.0, 200.0, 200.0, 200.0, 200.0, 200.0, 200.0, 200.0, 200.0, 200.0, 200.0]",1,942.478,-0.176203,0.127023,-0.0141965,0.0,"[6.95391, 7.38615, 8.59491, 11.5111, 27.6358, 58.4232, 50.0379, 42.3514, 35.5814, 29.8565, 25.1843, 21.466, 18.5459, 16.2604, 13.0476, 10.2878, 8.86102, 8.1988, 8.08372]",0.0754018,"[0.101792, -0.213196, 2.03331, -1.25163]",0.345253
0.0,0.0709407,0.0,0.0,11.97,0.0,1957.16,-0.400269,94.0,1,"[200.0, 200.0, 200.0, 200.0, 200.0, 200.0, 200.0, 200.0, 200.0, 200.0, 200.0, 200.0, 200.0, 200.0, 200.0, 200.0, 200.0, 200.0, 200.0, 200.0, 200.0, 200.0, 200.0, 200.0, 200.0, 200.0, 200.0, 200.0, 200.0, 200.0, 200.0, 200.0, 200.0, 200.0, 200.0, 200.0]",1,942.478,-0.177115,0.12523,-0.0142267,0.0,"[6.95315, 7.38536, 8.59401, 11.5099, 27.6273, 58.4231, 50.038, 42.3518, 35.582, 29.8574, 25.1853, 21.467, 18.5469, 16.2614, 13.0486, 10.2887, 8.86182, 8.19957, 8.0845]",0.0755046,"[-1.7077, 1.64286, -1.25525, 2.01365]",0.345235
0.0,0.0709512,0.0,0.0,11.99,0.0,1957.16,-0.401123,94.0,1,"[200.0, 200.0, 200.0, 200.0, 200.0, 200.0, 200.0, 200.0, 200.0, 200.0, 200.0, 200.0, 200.0, 200.0, 200.0, 200.0, 200.0, 200.0, 200.0, 200.0, 200.0, 200.0, 200.0, 200.0, 200.0, 200.0, 200.0, 200.0, 200.0, 200.0, 200.0, 200.0, 200.0, 200.0, 200.0, 200.0]",1,942.478,-0.176294,0.127017,-0.0142086,0.0,"[6.95238, 7.38456, 8.5931, 11.5087, 27.6176, 58.4231, 50.0383, 42.3524, 35.5828, 29.8583, 25.1863, 21.4681, 18.548, 16.2625, 13.0495, 10.2896, 8.86261, 8.20033, 8.08527]",0.0756073,"[0.104426, -0.216702, 2.02755, -1.25959]",0.345217
0.0,0.0709631,0.0,0.0,12.01,0.0,1957.16,-0.4021,94.0,1,"[200.0, 200.0, 200.0, 200.0, 200.0, 200.0, 200.0, 200.0, 200.0, 200.0, 200.0, 200.0, 200.0, 200.0, 200.0, 200.0, 200.0, 200.0, 200.0, 200.0, 200.0, 200.0, 200.0, 200.0, 200.0, 200.0, 200.0, 200.0, 200.0, 200.0, 200.0, 200.0, 200.0, 200.0, 200.0, 200.0]",1,942.478,-0.177414,0.125308,-0.01425,0.0,"[6.95163, 7.38379, 8.59222, 11.5076, 27.6098, 58.423, 50.0384, 42.3527, 35.5835, 29.8592, 25.1873, 21.4691, 18.5491, 16.2635, 13.0505, 10.2904, 8.86339, 8.20108, 8.08604]",0.075708,"[-1.70719, 1.63667, -1.25596, 2.01357]",0.345198
0.0,0.0709736,0.0,0.0,12.03,0.0,1957.16,-0.403076,94.0,1,"[200.0, 200.0, 200.0, 200.0, 200.0, 200.0, 200.0, 200.0, 200.0, 200.0, 200.0, 200.0, 200.0, 200.0, 200.0, 200.0, 200.0, 200.0, 200.0, 200.0, 200.0, 200.0, 200.0, 200.0, 200.0, 200.0, 200.0, 200.0, 200.0, 200.0, 200.0, 200.0, 200.0, 200.0, 200.0, 200.0]",1,942.478,-0.177073,0.126853,-0.0142665,0.0,"[6.95086, 7.38298, 8.5913, 11.5063, 27.5998, 58.423, 50.0387, 42.3533, 35.5843, 29.8602, 25.1884, 21.4702, 18.5502, 16.2646, 13.0515, 10.2913, 8.86419, 8.20186, 8.08682]",0.0758118,"[0.105959, -0.205472, 2.02869, -1.25266]",0.345181
0.0,0.070986,0.0,0.0,12.05,0.0,1957.16,-0.403931,94.0,1,"[200.0, 200.0, 200.0, 200.0, 200.0, 200.0, 200.0, 200.0, 200.0, 200.0, 200.0, 200.0, 200.0, 200.0, 200.0, 200.0, 200.0, 200.0, 200.0, 200.0, 200.0, 200.0, 200.0, 200.0, 200.0, 200.0, 200.0, 200.0, 200.0, 200.0, 200.0, 200.0, 200.0, 200.0, 200.0, 200.0]",1,942.478,-0.177798,0.126062,-0.0143306,0.0,"[6.95009, 7.38219, 8.5904, 11.5051, 27.5915, 58.4227, 50.0388, 42.3537, 35.5849, 29.861, 25.1893, 21.4712, 18.5512, 16.2656, 13.0524, 10.2921, 8.86498, 8.20262, 8.08759]",0.0759135,"[-1.70785, 1.63962, -1.25855, 2.01204]",0.345162
0.0,0.070995,0.0,0.0,12.07,0.0,1957.16,-0.404907,94.0,1,"[200.0, 200.0, 200.0, 200.0, 200.0, 200.0, 200.0, 200.0, 200.0, 200.0, 200.0, 200.0, 200.0, 200.0, 200.0, 200.0, 200.0, 200.0, 200.0, 200.0, 200.0, 200.0, 200.0, 200.0, 200.0, 200.0, 200.0, 200.0, 200.0, 200.0, 200.0, 200.0, 200.0, 200.0, 200.0, 200.0]",1,942.478,-0.17722,0.127004,-0.0143371,0.0,"[6.94933, 7.3814, 8.5895, 11.5039, 27.5814, 58.4229, 50.0393, 42.3544, 35.5858, 29.862, 25.1904, 21.4724, 18.5524, 16.2667, 13.0534, 10.293, 8.86578, 8.20338, 8.08838]",0.0760162,"[0.10559, -0.210155, 2.02545, -1.25746]",0.345144
0.0,0.0710055,0.0,0.0,12.09,0.0,1957.15,-0.405884,94.0,1,"[200.0, 200.0, 200.0, 200.0, 200.0, 200.0, 200.0, 200.0, 200.0, 200.0, 200.0, 200.0, 200.0, 200.0, 200.0, 200.0, 200.0, 200.0, 200.0, 200.0, 200.0, 200.0, 200.0, 200.0, 200.0, 200.0, 200.0, 200.0, 200.0, 200.0, 200.0, 200.0, 200.0, 200.0, 200.0, 200.0]",1,942.478,-0.178517,0.125605,-0.0143528,0.0,"[6.94857, 7.38061, 8.58859, 11.5027, 27.5719, 58.4229, 50.0395, 42.3549, 35.5866, 29.863, 25.1915, 21.4735, 18.5534, 16.2678, 13.0544, 10.2939, 8.86657, 8.20413, 8.08914]",0.076118,"[-1.70994, 1.65987, -1.25694, 2.0118]",0.345125
0.0,0.0710155,0.0,0.0,12.11,0.0,1957.15,-0.40686,94.0,1,"[200.0, 200.0, 200.0, 200.0, 200.0, 200.0, 200.0, 200.0, 200.0, 200.0, 200.0, 200.0, 200.0, 200.0, 200.0, 200.0, 200.0, 200.0, 200.0, 200.0, 200.0, 200.0, 200.0, 200.0, 200.0, 200.0, 200.0, 200.0, 200.0, 200.0, 200.0, 200.0, 200.0, 200.0, 200.0, 200.0]",1,942.478,-0.177701,0.126677,-0.0143895,0.0,"[6.94781, 7.37982, 8.58768, 11.5015, 27.5627, 58.423, 50.0398, 42.3555, 35.5874, 29.8639, 25.1926, 21.4746, 18.5546, 16.2689, 13.0554, 10.2947, 8.86736, 8.20491, 8.08991]",0.0762197,"[0.10365, -0.199396, 2.02394, -1.25816]",0.345105
0.0,0.071026,0.0,0.0,12.13,0.0,1957.15,-0.407837,94.0,1,"[200.0, 200.0, 200.0, 200.0, 200.0, 200.0, 200.0, 200.0, 200.0, 200.0, 200.0, 200.0, 200.0, 200.0, 200.0, 200.0, 200.0, 200.0, 200.0, 200.0, 200.0, 200.0, 200.0, 200.0, 200.0, 200.0, 200.0, 200.0, 200.0, 200.0, 200.0, 200.0, 200.0, 200.0, 200.0, 200.0]",1,942.478,-0.178917,0.125275,-0.0143588,0.0,"[6.94704, 7.37903, 8.58677, 11.5003, 27.5535, 58.4229, 50.0401, 42.3561, 35.5882, 29.8649, 25.1936, 21.4757, 18.5557, 16.2699, 13.0564, 10.2956, 8.86815, 8.20566, 8.09069]",0.0763224,"[-1.71131, 1.6644, -1.25671, 2.01057]",0.345087
0.0,0.0710379,0.0,0.0,12.15,0.0,1957.15,-0.408813,94.0,1,"[200.0, 200.0, 200.0, 200.0, 200.0, 200.0, 200.0, 200.0, 200.0, 200.0, 200.0, 200.0, 200.0, 200.0, 200.0, 200.0, 200.0, 200.0, 200.0, 200.0, 200.0, 200.0, 200.0, 200.0, 200.0, 200.0, 200.0, 200.0, 200.0, 200.0, 200.0, 200.0, 200.0, 200.0, 200.0, 200.0]",1,942.478,-0.177012,0.126138,-0.0143751,0.0,"[6.94628, 7.37823, 8.58587, 11.4991, 27.545, 58.4228, 50.0403, 42.3565, 35.5889, 29.8658, 25.1946, 21.4768, 18.5567, 16.271, 13.0574, 10.2965, 8.86896, 8.20643, 8.09147]",0.0764252,"[0.100244, -0.260417, 2.02448, -1.25948]",0.345068
0.0,0.0710451,0.0,0.0,12.17,0.0,1957.15,-0.40979,94.0,1,"[200.0, 200.0, 200.0, 200.0, 200.0, 200.0, 200.0, 200.0, 200.0, 200.0, 200.0, 200.0, 200.0, 200.0, 200.0, 200.0, 200.0, 200.0, 200.0, 200.0, 200.0, 200.0, 200.0, 200.0, 200.0, 200.0, 200.0, 200.0, 200.0, 200.0, 200.0, 200.0, 200.0, 200.0, 200.0, 200.0]",1,942.478,-0.179051,0.125738,-0.0143659,0.0,"[6.9455, 7.37743, 8.58495, 11.4978, 27.5338, 58.4232, 50.0408, 42.3573, 35.5899, 29.8669, 25.1958, 21.478, 18.5579, 16.2721, 13.0584, 10.2974, 8.86976, 8.20719, 8.09225]",0.0765279,"[-1.71016, 1.63715, -1.25471, 2.01525]",0.345048
0.0,0.0710527,0.0,0.0,12.19,0.0,1957.15,-0.410767,94.0,1,"[200.0, 200.0, 200.0, 200.0, 200.0, 200.0, 200.0, 200.0, 200.0, 200.0, 200.0, 200.0, 200.0, 200.0, 200.0, 200.0, 200.0, 200.0, 200.0, 200.0, 200.0, 200.0, 200.0, 200.0, 200.0, 200.0, 200.0, 200.0, 200.0, 200.0, 200.0, 200.0, 200.0, 200.0, 200.0, 200.0]",1,942.478,-0.1783,0.12656,-0.01435,0.0,"[6.94473, 7.37661, 8.584, 11.4965, 27.5225, 58.4235, 50.0414, 42.3581, 35.5909, 29.8681, 25.1971, 21.4792, 18.5591, 16.2732, 13.0594, 10.2983, 8.87058, 8.20798, 8.09303]",0.0766317,"[0.104907, -0.204208, 2.02225, -1.26251]",0.34503
0.0,0.0710627,0.0,0.0,12.21,0.0,1957.15,-0.411743,94.0,1,"[200.0, 200.0, 200.0, 200.0, 200.0, 200.0, 200.0, 200.0, 200.0, 200.0, 200.0, 200.0, 200.0, 200.0, 200.0, 200.0, 200.0, 200.0, 200.0, 200.0, 200.0, 200.0, 200.0, 200.0, 200.0, 200.0, 200.0, 200.0, 200.0, 200.0, 200.0, 200.0, 200.0, 200.0, 200.0, 200.0]",1,942.478,-0.179208,0.124979,-0.014363,0.0,"[6.94397, 7.37583, 8.5831, 11.4953, 27.5131, 58.4235, 50.0417, 42.3587, 35.5917, 29.8691, 25.1981, 21.4803, 18.5602, 16.2743, 13.0604, 10.2991, 8.87137, 8.20875, 8.0938]",0.0767334,"[-1.71482, 1.64468, -1.25989, 2.00933]",0.34501
0.0,0.0710713,0.0,0.0,12.23,0.0,1957.15,-0.41272,94.0,1,"[200.0, 200.0, 200.0, 200.0, 200.0, 200.0, 200.0, 200.0, 200.0, 200.0, 200.0, 200.0, 200.0, 200.0, 200.0, 200.0, 200.0, 200.0, 200.0, 200.0, 200.0, 200.0, 200.0, 200.0, 200.0, 200.0, 200.0, 200.0, 200.0, 200.0, 200.0, 200.0, 200.0, 200.0, 200.0, 200.0]",1,942.478,-0.178519,0.126341,-0.0143757,0.0,"[6.94321, 7.37503, 8.58219, 11.4941, 27.5029, 58.4237, 50.0422, 42.3594, 35.5926, 29.8702, 25.1993, 21.4815, 18.5614, 16.2754, 13.0614, 10.3, 8.87215, 8.2095, 8.09457]",0.0768351,"[0.107802, -0.20599, 2.0174, -1.26604]",0.34499
0.0,0.0710809,0.0,0.0,12.25,0.0,1957.15,-0.413696,94.0,1,"[200.0, 200.0, 200.0, 200.0, 200.0, 200.0, 200.0, 200.0, 200.0, 200.0, 200.0, 200.0, 200.0, 200.0, 200.0, 200.0, 200.0, 200.0, 200.0, 200.0, 200.0, 200.0, 200.0, 200.0, 200.0, 200.0, 200.0, 200.0, 200.0, 200.0, 200.0, 200.0, 200.0, 200.0, 200.0, 200.0]",1,942.478,-0.179854,0.125229,-0.014354,0.0,"[6.94244, 7.37424, 8.58126, 11.4929, 27.4932, 58.4238, 50.0425, 42.36, 35.5935, 29.8712, 25.2004, 21.4826, 18.5625, 16.2765, 13.0624, 10.3009, 8.87296, 8.21028, 8.09534]",0.0769379,"[-1.71356, 1.66518, -1.26258, 2.00618]",0.344971
0.0,0.0710904,0.0,0.0,12.27,0.0,1957.15,-0.414673,94.0,1,"[200.0, 200.0, 200.0, 200.0, 200.0, 200.0, 200.0, 200.0, 200.0, 200.0, 200.0, 200.0, 200.0, 200.0, 200.0, 200.0, 200.0, 200.0, 200.0, 200.0, 200.0, 200.0, 200.0, 200.0, 200.0, 200.0, 200.0, 200.0, 200.0, 200.0, 200.0, 200.0, 200.0, 200.0, 200.0, 200.0]",1,942.478,-0.17848,0.126967,-0.0143686,0.0,"[6.94166, 7.37343, 8.58035, 11.4916, 27.4835, 58.4239, 50.0429, 42.3607, 35.5943, 29.8722, 25.2015, 21.4838, 18.5636, 16.2776, 13.0634, 10.3018, 8.87377, 8.21103, 8.09613]",0.0770416,"[0.106571, -0.220257, 2.0135, -1.27081]",0.344953
0.0,0.0710995,0.0,0.0,12.29,0.0,1957.14,-0.415649,94.0,1,"[200.0, 200.0, 200.0, 200.0, 200.0, 200.0, 200.0, 200.0, 200.0, 200.0, 200.0, 200.0, 200.0, 200.0, 200.0, 200.0, 200.0, 200.0, 200.0, 200.0, 200.0, 200.0, 200.0, 200.0, 200.0, 200.0, 200.0, 200.0, 200.0, 200.0, 200.0, 200.0, 200.0, 200.0, 200.0, 200.0]",1,942.478,-0.179548,0.125048,-0.0143556,0.0,"[6.94091, 7.37264, 8.57943, 11.4904, 27.4735, 58.4241, 50.0434, 42.3613, 35.5952, 29.8732, 25.2027, 21.4849, 18.5648, 16.2787, 13.0644, 10.3026, 8.87457, 8.21181, 8.09689]",0.0771433,"[-1.71455, 1.63452, -1.26648, 2.0025]",0.344934
0.0,0.071109,0.0,0.0,12.31,0.0,1957.14,-0.416626,94.0,1,"[200.0, 200.0, 200.0, 200.0, 200.0, 200.0, 200.0, 200.0, 200.0, 200.0, 200.0, 200.0, 200.0, 200.0, 200.0, 200.0, 200.0, 200.0, 200.0, 200.0, 200.0, 200.0, 200.0, 200.0, 200.0, 200.0, 200.0, 200.0, 200.0, 200.0, 200.0, 200.0, 200.0, 200.0, 200.0, 200.0]",1,942.478,-0.178921,0.12644,-0.0143301,0.0,"[6.94015, 7.37184, 8.57853, 11.4892, 27.464, 58.4241, 50.0437, 42.362, 35.596, 29.8742, 25.2037, 21.4861, 18.5659, 16.2798, 13.0654, 10.3035, 8.87534, 8.21258, 8.09766]",0.0772451,"[0.109302, -0.208002, 2.00965, -1.27607]",0.344914
0.0,0.071119,0.0,0.0,12.33,0.0,1957.14,-0.417603,94.0,1,"[200.0, 200.0, 200.0, 200.0, 200.0, 200.0, 200.0, 200.0, 200.0, 200.0, 200.0, 200.0, 200.0, 200.0, 200.0, 200.0, 200.0, 200.0, 200.0, 200.0, 200.0, 200.0, 200.0, 200.0, 200.0, 200.0, 200.0, 200.0, 200.0, 200.0, 200.0, 200.0, 200.0, 200.0, 200.0, 200.0]",1,942.478,-0.180079,0.125701,-0.0143854,0.0,"[6.93937, 7.37104, 8.57761, 11.4879, 27.4548, 58.4242, 50.044, 42.3625, 35.5969, 29.8752, 25.2048, 21.4872, 18.567, 16.2809, 13.0664, 10.3044, 8.87616, 8.21334, 8.09845]",0.0773488,"[-1.71676, 1.64339, -1.2676, 2.00385]",0.344895
0.0,0.0711276,0.0,0.0,12.35,0.0,1957.14,-0.418579,94.0,1,"[200.0, 200.0, 200.0, 200.0, 200.0, 200.0, 200.0, 200.0, 200.0, 200.0, 200.0, 200.0, 200.0, 200.0, 200.0, 200.0, 200.0, 200.0, 200.0, 200.0, 200.0, 200.0, 200.0, 200.0, 200.0, 200.0, 200.0, 200.0, 200.0, 200.0, 200.0, 200.0, 200.0, 200.0, 200.0, 200.0]",1,942.478,-0.179416,0.126495,-0.0143467,0.0,"[6.93861, 7.37023, 8.57668, 11.4867, 27.444, 58.4244, 50.0445, 42.3633, 35.5978, 29.8763, 25.206, 21.4884, 18.5682, 16.282, 13.0674, 10.3053, 8.87696, 8.21411, 8.09923]",0.0774516,"[0.105852, -0.201142, 2.01028, -1.27486]",0.344877
0.0,0.0711371,0.0,0.0,12.37,0.0,1957.14,-0.419556,94.0,1,"[200.0, 200.0, 200.0, 200.0, 200.0, 200.0, 200.0, 200.0, 200.0, 200.0, 200.0, 200.0, 200.0, 200.0, 200.0, 200.0, 200.0, 200.0, 200.0, 200.0, 200.0, 200.0, 200.0, 200.0, 200.0, 200.0, 200.0, 200.0, 200.0, 200.0, 200.0, 200.0, 200.0, 200.0, 200.0, 200.0]",1,942.478,-0.180401,0.125515,-0.0143989,0.0,"[6.93785, 7.36944, 8.57577, 11.4854, 27.4344, 58.4245, 50.0449, 42.3639, 35.5987, 29.8773, 25.2071, 21.4895, 18.5693, 16.2831, 13.0684, 10.3061, 8.87776, 8.21488, 8.09999]",0.0775533,"[-1.71637, 1.6401, -1.2665, 2.00168]",0.344857
0.0,0.0711452,0.0,0.0,12.39,0.0,1957.14,-0.420532,94.0,1,"[200.0, 200.0, 200.0, 200.0, 200.0, 200.0, 200.0, 200.0, 200.0, 200.0, 200.0, 200.0, 200.0, 200.0, 200.0, 200.0, 200.0, 200.0, 200.0, 200.0, 200.0, 200.0, 200.0, 200.0, 200.0, 200.0, 200.0, 200.0, 200.0, 200.0, 200.0, 200.0, 200.0, 200.0, 200.0, 200.0]",1,942.478,-0.179458,0.126628,-0.0143572,0.0,"[6.93707, 7.36864, 8.57485, 11.4842, 27.4246, 58.4247, 50.0453, 42.3646, 35.5996, 29.8784, 25.2083, 21.4907, 18.5705, 16.2842, 13.0695, 10.307, 8.87856, 8.21565, 8.10078]",0.0776571,"[0.107234, -0.212685, 2.00556, -1.2791]",0.344839
0.0,0.0711552,0.0,0.0,12.41,0.0,1957.14,-0.421509,94.0,1,"[200.0, 200.0, 200.0, 200.0, 200.0, 200.0, 200.0, 200.0, 200.0, 200.0, 200.0, 200.0, 200.0, 200.0, 200.0, 200.0, 200.0, 200.0, 200.0, 200.0, 200.0, 200.0, 200.0, 200.0, 200.0, 200.0, 200.0, 200.0, 200.0, 200.0, 200.0, 200.0, 200.0, 200.0, 200.0, 200.0]",1,942.478,-0.180467,0.125884,-0.0144116,0.0,"[6.93631, 7.36785, 8.57394, 11.483, 27.4151, 58.4248, 50.0456, 42.3652, 35.6005, 29.8794, 25.2093, 21.4918, 18.5716, 16.2853, 13.0704, 10.3079, 8.87936, 8.21641, 8.10155]",0.0777588,"[-1.71523, 1.62449, -1.26876, 1.99836]",0.34482
0.0,0.0711633,0.0,0.0,12.43,0.0,1957.14,-0.422485,94.0,1,"[200.0, 200.0, 200.0, 200.0, 200.0, 200.0, 200.0, 200.0, 200.0, 200.0, 200.0, 200.0, 200.0, 200.0, 200.0, 200.0, 200.0, 200.0, 200.0, 200.0, 200.0, 200.0, 200.0, 200.0, 200.0, 200.0, 200.0, 200.0, 200.0, 200.0, 200.0, 200.0, 200.0, 200.0, 200.0, 200.0]",1,942.478,-0.179865,0.12664,-0.0143328,0.0,"[6.93554, 7.36704, 8.57302, 11.4817, 27.4052, 58.425, 50.0462, 42.3659, 35.6014, 29.8805, 25.2105, 21.493, 18.5727, 16.2864, 13.0714, 10.3088, 8.88016, 8.21718, 8.10233]",0.0778615,"[0.111542, -0.221259, 2.00906, -1.279]",0.3448
0.0,0.0711715,0.0,0.0,12.45,0.0,1957.14,-0.423462,94.0,1,"[200.0, 200.0, 200.0, 200.0, 200.0, 200.0, 200.0, 200.0, 200.0, 200.0, 200.0, 200.0, 200.0, 200.0, 200.0, 200.0, 200.0, 200.0, 200.0, 200.0, 200.0, 200.0, 200.0, 200.0, 200.0, 200.0, 200.0, 200.0, 200.0, 200.0, 200.0, 200.0, 200.0, 200.0, 200.0, 200.0]",1,942.478,-0.181344,0.125316,-0.0143561,0.0,"[6.93478, 7.36624, 8.57209, 11.4805, 27.3948, 58.4252, 50.0467, 42.3667, 35.6023, 29.8816, 25.2117, 21.4942, 18.5739, 16.2875, 13.0725, 10.3097, 8.88097, 8.21795, 8.1031]",0.0779633,"[-1.71059, 1.65075, -1.2703, 1.99847]",0.344781
0.0,0.07118,0.0,0.0,12.47,0.0,1957.14,-0.424438,94.0,1,"[200.0, 200.0, 200.0, 200.0, 200.0, 200.0, 200.0, 200.0, 200.0, 200.0, 200.0, 200.0, 200.0, 200.0, 200.0, 200.0, 200.0, 200.0, 200.0, 200.0, 200.0, 200.0, 200.0, 200.0, 200.0, 200.0, 200.0, 200.0, 200.0, 200.0, 200.0, 200.0, 200.0, 200.0, 200.0, 200.0]",1,942.478,-0.180344,0.12628,-0.0143239,0.0,"[6.93401, 7.36545, 8.57117, 11.4792, 27.3849, 58.4254, 50.0471, 42.3674, 35.6033, 29.8826, 25.2128, 21.4953, 18.575, 16.2886, 13.0735, 10.3105, 8.88176, 8.21871, 8.10387]",0.078066,"[0.109434, -0.206462, 2.00596, -1.2808]",0.344762
0.0,0.0711896,0.0,0.0,12.49,0.0,1957.13,-0.425415,94.0,1,"[200.0, 200.0, 200.0, 200.0, 200.0, 200.0, 200.0, 200.0, 200.0, 200.0, 200.0, 200.0, 200.0, 200.0, 200.0, 200.0, 200.0, 200.0, 200.0, 200.0, 200.0, 200.0, 200.0, 200.0, 200.0, 200.0, 200.0, 200.0, 200.0, 200.0, 200.0, 200.0, 200.0, 200.0, 200.0, 200.0]",1,942.478,-0.181388,0.125452,-0.014367,0.0,"[6.93323, 7.36463, 8.57024, 11.4779, 27.3753, 58.4256, 50.0475, 42.3681, 35.6041, 29.8837, 25.2139, 21.4965, 18.5762, 16.2898, 13.0745, 10.3114, 8.88257, 8.21949, 8.10466]",0.0781698,"[-1.71369, 1.64072, -1.27231, 1.99544]",0.344744
0.0,0.0711977,0.0,0.0,12.51,0.0,1957.13,-0.426392,94.0,1,"[200.0, 200.0, 200.0, 200.0, 200.0, 200.0, 200.0, 200.0, 200.0, 200.0, 200.0, 200.0, 200.0, 200.0, 200.0, 200.0, 200.0, 200.0, 200.0, 200.0, 200.0, 200.0, 200.0, 200.0, 200.0, 200.0, 200.0, 200.0, 200.0, 200.0, 200.0, 200.0, 200.0, 200.0, 200.0, 200.0]",1,942.478,-0.18033,0.126135,-0.0143288,0.0,"[6.93247, 7.36385, 8.56933, 11.4767, 27.3651, 58.4258, 50.048, 42.3688, 35.605, 29.8847, 25.2151, 21.4977, 18.5773, 16.2909, 13.0755, 10.3123, 8.88337, 8.22025, 8.10542]",0.0782715,"[0.107912, -0.219865, 2.00278, -1.28533]",0.344725
0.0,0.0712058,0.0,0.0,12.53,0.0,1957.13,-0.427368,94.0,1,"[200.0, 200.0, 200.0, 200.0, 200.0, 200.0, 200.0, 200.0, 200.0, 200.0, 200.0, 200.0, 200.0, 200.0, 200.0, 200.0, 200.0, 200.0, 200.0, 200.0, 200.0, 200.0, 200.0, 200.0, 200.0, 200.0, 200.0, 200.0, 200.0, 200.0, 200.0, 200.0, 200.0, 200.0, 200.0, 200.0]",1,942.478,-0.181787,0.12526,-0.0143425,0.0,"[6.93171, 7.36305, 8.56841, 11.4755, 27.3551, 58.426, 50.0485, 42.3695, 35.606, 29.8859, 25.2163, 21.4989, 18.5785, 16.292, 13.0765, 10.3132, 8.88416, 8.22102, 8.10619]",0.0783732,"[-1.71525, 1.64799, -1.27586, 1.99463]",0.344706
0.0,0.0712139,0.0,0.0,12.55,0.0,1957.13,-0.428345,94.0,1,"[200.0, 200.0, 200.0, 200.0, 200.0, 200.0, 200.0, 200.0, 200.0, 200.0, 200.0, 200.0, 200.0, 200.0, 200.0, 200.0, 200.0, 200.0, 200.0, 200.0, 200.0, 200.0, 200.0, 200.0, 200.0, 200.0, 200.0, 200.0, 200.0, 200.0, 200.0, 200.0, 200.0, 200.0, 200.0, 200.0]",1,942.478,-0.1807,0.126607,-0.014402,0.0,"[6.93093, 7.36224, 8.56747, 11.4742, 27.3445, 58.4263, 50.049, 42.3703, 35.607, 29.887, 25.2175, 21.5001, 18.5797, 16.2931, 13.0775, 10.3141, 8.88499, 8.2218, 8.10698]",0.078477,"[0.110083, -0.216726, 1.99812, -1.28638]",0.344688
0.0,0.0712225,0.0,0.0,12.57,0.0,1957.13,-0.429321,94.0,1,"[200.0, 200.0, 200.0, 200.0, 200.0, 200.0, 200.0, 200.0, 200.0, 200.0, 200.0, 200.0, 200.0, 200.0, 200.0, 200.0, 200.0, 200.0, 200.0, 200.0, 200.0, 200.0, 200.0, 200.0, 200.0, 200.0, 200.0, 200.0, 200.0, 200.0, 200.0, 200.0, 200.0, 200.0, 200.0, 200.0]",1,942.478,-0.182129,0.125265,-0.0143601,0.0,"[6.93017, 7.36143, 8.56655, 11.4729, 27.3352, 58.4265, 50.0494, 42.371, 35.6079, 29.888, 25.2186, 21.5012, 18.5808, 16.2942, 13.0785, 10.315, 8.88578, 8.22256, 8.10776]",0.0785797,"[-1.71668, 1.65035, -1.27708, 1.9928]",0.344669
0.0,0.0712311,0.0,0.0,12.59,0.0,1957.13,-0.430298,94.0,1,"[200.0, 200.0, 200.0, 200.0, 200.0, 200.0, 200.0, 200.0, 200.0, 200.0, 200.0, 200.0, 200.0, 200.0, 200.0, 200.0, 200.0, 200.0, 200.0, 200.0, 200.0, 200.0, 200.0, 200.0, 200.0, 200.0, 200.0, 200.0, 200.0, 200.0, 200.0, 200.0, 200.0, 200.0, 200.0, 200.0]",1,942.478,-0.180815,0.126554,-0.0143541,0.0,"[6.92941, 7.36063, 8.56563, 11.4717, 27.325, 58.4267, 50.0499, 42.3717, 35.6088, 29.8891, 25.2198, 21.5024, 18.582, 16.2953, 13.0796, 10.3158, 8.88658, 8.22333, 8.10853]",0.0786814,"[0.107797, -0.220191, 1.99647, -1.29377]",0.34465
0.0,0.0712392,0.0,0.0,12.61,0.0,1957.13,-0.431274,94.0,1,"[200.0, 200.0, 200.0, 200.0, 200.0, 200.0, 200.0, 200.0, 200.0, 200.0, 200.0, 200.0, 200.0, 200.0, 200.0, 200.0, 200.0, 200.0, 200.0, 200.0, 200.0, 200.0, 200.0, 200.0, 200.0, 200.0, 200.0, 200.0, 200.0, 200.0, 200.0, 200.0, 200.0, 200.0, 200.0, 200.0]",1,942.478,-0.182629,0.12502,-0.014373,0.0,"[6.92864, 7.35984, 8.56471, 11.4704, 27.3151, 58.4269, 50.0505, 42.3725, 35.6098, 29.8902, 25.2209, 21.5036, 18.5832, 16.2964, 13.0806, 10.3167, 8.88739, 8.22409, 8.1093]",0.0787842,"[-1.71177, 1.65507, -1.27706, 1.98988]",0.344631
0.0,0.0712477,0.0,0.0,12.63,0.0,1957.13,-0.432251,94.0,1,"[200.0, 200.0, 200.0, 200.0, 200.0, 200.0, 200.0, 200.0, 200.0, 200.0, 200.0, 200.0, 200.0, 200.0, 200.0, 200.0, 200.0, 200.0, 200.0, 200.0, 200.0, 200.0, 200.0, 200.0, 200.0, 200.0, 200.0, 200.0, 200.0, 200.0, 200.0, 200.0, 200.0, 200.0, 200.0, 200.0]",1,942.478,-0.181152,0.126796,-0.0143388,0.0,"[6.92787, 7.35904, 8.56379, 11.4692, 27.3054, 58.4271, 50.0509, 42.3732, 35.6107, 29.8913, 25.2221, 21.5048, 18.5843, 16.2976, 13.0816, 10.3176, 8.8882, 8.22488, 8.11008]",0.0788869,"[0.109904, -0.240726, 2.00146, -1.28693]",0.344613
0.0,0.0712544,0.0,0.0,12.65,0.0,1957.13,-0.433228,94.0,1,"[200.0, 200.0, 200.0, 200.0, 200.0, 200.0, 200.0, 200.0, 200.0, 200.0, 200.0, 200.0, 200.0, 200.0, 200.0, 200.0, 200.0, 200.0, 200.0, 200.0, 200.0, 200.0, 200.0, 200.0, 200.0, 200.0, 200.0, 200.0, 200.0, 200.0, 200.0, 200.0, 200.0, 200.0, 200.0, 200.0]",1,942.478,-0.183065,0.124871,-0.0143151,0.0,"[6.9271, 7.35823, 8.56286, 11.4679, 27.2945, 58.4275, 50.0515, 42.3741, 35.6118, 29.8924, 25.2233, 21.506, 18.5855, 16.2987, 13.0826, 10.3185, 8.88901, 8.22564, 8.11086]",0.0789897,"[-1.71817, 1.65354, -1.27396, 1.99553]",0.344595
0.0,0.071263,0.0,0.0,12.67,0.0,1957.13,-0.434326,94.0,1,"[200.0, 200.0, 200.0, 200.0, 200.0, 200.0, 200.0, 200.0, 200.0, 200.0, 200.0, 200.0, 200.0, 200.0, 200.0, 200.0, 200.0, 200.0, 200.0, 200.0, 200.0, 200.0, 200.0, 200.0, 200.0, 200.0, 200.0, 200.0, 200.0, 200.0, 200.0, 200.0, 200.0, 200.0, 200.0, 200.0]",1,942.478,-0.181115,0.126858,-0.0144043,0.0,"[6.92634, 7.35743, 8.56193, 11.4667, 27.2848, 58.4277, 50.052, 42.3748, 35.6127, 29.8935, 25.2245, 21.5072, 18.5867, 16.2999, 13.0837, 10.3194, 8.88981, 8.2264, 8.11162]",0.0790914,"[0.103592, -0.25582, 1.99697, -1.28632]",0.344576
0.0,0.0712678,0.0,0.0,12.69,0.0,1957.13,-0.435181,94.0,1,"[200.0, 200.0, 200.0, 200.0, 200.0, 200.0, 200.0, 200.0, 200.0, 200.0, 200.0, 200.0, 200.0, 200.0, 200.0, 200.0, 200.0, 200.0, 200.0, 200.0, 200.0, 200.0, 200.0, 200.0, 200.0, 200.0, 200.0, 200.0, 200.0, 200.0, 200.0, 200.0, 200.0, 200.0, 200.0, 200.0]",1,942.478,-0.183131,0.124993,-0.014339,0.0,"[6.92558, 7.35662, 8.56099, 11.4654, 27.2735, 58.4282, 50.0527, 42.3757, 35.6138, 29.8948, 25.2258, 21.5085, 18.5879, 16.301, 13.0847, 10.3203, 8.89062, 8.22717, 8.11239]",0.0791931,"[-1.71671, 1.63471, -1.27494, 1.9942]",0.344557
0.0,0.0712754,0.0,0.0,12.71,0.0,1957.12,-0.436279,94.0,1,"[200.0, 200.0, 200.0, 200.0, 200.0, 200.0, 200.0, 200.0, 200.0, 200.0, 200.0, 200.0, 200.0, 200.0, 200.0, 200.0, 200.0, 200.0, 200.0, 200.0, 200.0, 200.0, 200.0, 200.0, 200.0, 200.0, 200.0, 200.0, 200.0, 200.0, 200.0, 200.0, 200.0, 200.0, 200.0, 200.0]",1,942.478,-0.181685,0.12586,-0.0143534,0.0,"[6.9248, 7.35582, 8.56006, 11.4641, 27.2627, 58.4286, 50.0534, 42.3766, 35.6149, 29.8959, 25.227, 21.5097, 18.5891, 16.3022, 13.0857, 10.3212, 8.89143, 8.22794, 8.11317]",0.0792969,"[0.106942, -0.229342, 1.99067, -1.29389]",0.344539
0.0,0.0712821,0.0,0.0,12.73,0.0,1957.12,-0.437256,94.0,1,"[200.0, 200.0, 200.0, 200.0, 200.0, 200.0, 200.0, 200.0, 200.0, 200.0, 200.0, 200.0, 200.0, 200.0, 200.0, 200.0, 200.0, 200.0, 200.0, 200.0, 200.0, 200.0, 200.0, 200.0, 200.0, 200.0, 200.0, 200.0, 200.0, 200.0, 200.0, 200.0, 200.0, 200.0, 200.0, 200.0]",1,942.478,-0.183129,0.124798,-0.0143409,0.0,"[6.92403, 7.35501, 8.55912, 11.4628, 27.2523, 58.4289, 50.0539, 42.3774, 35.6159, 29.8971, 25.2282, 21.511, 18.5903, 16.3033, 13.0868, 10.3221, 8.89225, 8.22871, 8.11395]",0.0793996,"[-1.71966, 1.63544, -1.28294, 1.98696]",0.344521
0.0,0.0712892,0.0,0.0,12.75,0.0,1957.12,-0.438232,94.0,1,"[200.0, 200.0, 200.0, 200.0, 200.0, 200.0, 200.0, 200.0, 200.0, 200.0, 200.0, 200.0, 200.0, 200.0, 200.0, 200.0, 200.0, 200.0, 200.0, 200.0, 200.0, 200.0, 200.0, 200.0, 200.0, 200.0, 200.0, 200.0, 200.0, 200.0, 200.0, 200.0, 200.0, 200.0, 200.0, 200.0]",1,942.478,-0.182155,0.125919,-0.014361,0.0,"[6.92327, 7.35422, 8.55821, 11.4615, 27.242, 58.4292, 50.0545, 42.3782, 35.6169, 29.8982, 25.2294, 21.5122, 18.5915, 16.3045, 13.0878, 10.323, 8.89304, 8.22948, 8.11472]",0.0795013,"[0.105392, -0.213191, 1.98731, -1.29755]",0.344503
0.0,0.0712959,0.0,0.0,12.77,0.0,1957.12,-0.439209,94.0,1,"[200.0, 200.0, 200.0, 200.0, 200.0, 200.0, 200.0, 200.0, 200.0, 200.0, 200.0, 200.0, 200.0, 200.0, 200.0, 200.0, 200.0, 200.0, 200.0, 200.0, 200.0, 200.0, 200.0, 200.0, 200.0, 200.0, 200.0, 200.0, 200.0, 200.0, 200.0, 200.0, 200.0, 200.0, 200.0, 200.0]",1,942.478,-0.183317,0.12473,-0.0143717,0.0,"[6.92251, 7.35341, 8.55726, 11.4603, 27.2315, 58.4296, 50.0551, 42.3791, 35.618, 29.8994, 25.2307, 21.5134, 18.5927, 16.3056, 13.0888, 10.3239, 8.89385, 8.23025, 8.11548]",0.0796031,"[-1.72245, 1.63313, -1.28598, 1.985]",0.344484
0.0,0.0713031,0.0,0.0,12.79,0.0,1957.12,-0.440186,94.0,1,"[200.0, 200.0, 200.0, 200.0, 200.0, 200.0, 200.0, 200.0, 200.0, 200.0, 200.0, 200.0, 200.0, 200.0, 200.0, 200.0, 200.0, 200.0, 200.0, 200.0, 200.0, 200.0, 200.0, 200.0, 200.0, 200.0, 200.0, 200.0, 200.0, 200.0, 200.0, 200.0, 200.0, 200.0, 200.0, 200.0]",1,942.478,-0.182324,0.126119,-0.0143607,0.0,"[6.92174, 7.3526, 8.55634, 11.459, 27.221, 58.43, 50.0557, 42.3799, 35.619, 29.9006, 25.2319, 21.5146, 18.5939, 16.3068, 13.0899, 10.3248, 8.89466, 8.23103, 8.11627]",0.0797068,"[0.103742, -0.212493, 1.9822, -1.30251]",0.344467
0.0,0.0713102,0.0,0.0,12.81,0.0,1957.12,-0.441162,94.0,1,"[200.0, 200.0, 200.0, 200.0, 200.0, 200.0, 200.0, 200.0, 200.0, 200.0, 200.0, 200.0, 200.0, 200.0, 200.0, 200.0, 200.0, 200.0, 200.0, 200.0, 200.0, 200.0, 200.0, 200.0, 200.0, 200.0, 200.0, 200.0, 200.0, 200.0, 200.0, 200.0, 200.0, 200.0, 200.0, 200.0]",1,942.478,-0.183522,0.124799,-0.0143439,0.0,"[6.92096, 7.35179, 8.5554, 11.4577, 27.2109, 58.4303, 50.0563, 42.3808, 35.6201, 29.9018, 25.2331, 21.5159, 18.5951, 16.3079, 13.0909, 10.3257, 8.89547, 8.23181, 8.11704]",0.0798096,"[-1.72297, 1.63751, -1.29249, 1.97889]",0.344449
0.0,0.0713183,0.0,0.0,12.83,0.0,1957.12,-0.442139,94.0,1,"[200.0, 200.0, 200.0, 200.0, 200.0, 200.0, 200.0, 200.0, 200.0, 200.0, 200.0, 200.0, 200.0, 200.0, 200.0, 200.0, 200.0, 200.0, 200.0, 200.0, 200.0, 200.0, 200.0, 200.0, 200.0, 200.0, 200.0, 200.0, 200.0, 200.0, 200.0, 200.0, 200.0, 200.0, 200.0, 200.0]",1,942.478,-0.182368,0.125932,-0.0143466,0.0,"[6.9202, 7.351, 8.55449, 11.4564, 27.2011, 58.4305, 50.0568, 42.3815, 35.621, 29.9028, 25.2343, 21.517, 18.5963, 16.309, 13.0919, 10.3265, 8.89627, 8.23256, 8.11781]",0.0799113,"[0.107209, -0.228164, 1.98039, -1.30751]",0.344431
0.0,0.071325,0.0,0.0,12.85,0.0,1957.12,-0.443115,94.0,1,"[200.0, 200.0, 200.0, 200.0, 200.0, 200.0, 200.0, 200.0, 200.0, 200.0, 200.0, 200.0, 200.0, 200.0, 200.0, 200.0, 200.0, 200.0, 200.0, 200.0, 200.0, 200.0, 200.0, 200.0, 200.0, 200.0, 200.0, 200.0, 200.0, 200.0, 200.0, 200.0, 200.0, 200.0, 200.0, 200.0]",1,942.478,-0.18422,0.124787,-0.0143406,0.0,"[6.91944, 7.3502, 8.55356, 11.4552, 27.191, 58.4309, 50.0574, 42.3823, 35.622, 29.904, 25.2355, 21.5183, 18.5975, 16.3102, 13.0929, 10.3274, 8.89707, 8.23333, 8.11858]",0.080013,"[-1.7154, 1.64692, -1.29235, 1.97913]",0.344412
0.0,0.0713326,0.0,0.0,12.87,0.0,1957.12,-0.444092,94.0,1,"[200.0, 200.0, 200.0, 200.0, 200.0, 200.0, 200.0, 200.0, 200.0, 200.0, 200.0, 200.0, 200.0, 200.0, 200.0, 200.0, 200.0, 200.0, 200.0, 200.0, 200.0, 200.0, 200.0, 200.0, 200.0, 200.0, 200.0, 200.0, 200.0, 200.0, 200.0, 200.0, 200.0, 200.0, 200.0, 200.0]",1,942.478,-0.182751,0.126342,-0.0143469,0.0,"[6.91866, 7.34938, 8.55262, 11.4539, 27.1809, 58.4312, 50.058, 42.3832, 35.623, 29.9052, 25.2367, 21.5195, 18.5987, 16.3113, 13.094, 10.3283, 8.89789, 8.2341, 8.11937]",0.0801168,"[0.113081, -0.22752, 1.97739, -1.3104]",0.344395
0.0,0.0713398,0.0,0.0,12.89,0.0,1957.12,-0.445068,94.0,1,"[200.0, 200.0, 200.0, 200.0, 200.0, 200.0, 200.0, 200.0, 200.0, 200.0, 200.0, 200.0, 200.0, 200.0, 200.0, 200.0, 200.0, 200.0, 200.0, 200.0, 200.0, 200.0, 200.0, 200.0, 200.0, 200.0, 200.0, 200.0, 200.0, 200.0, 200.0, 200.0, 200.0, 200.0, 200.0, 200.0]",1,942.478,-0.183737,0.124701,-0.0143361,0.0,"[6.91789, 7.34859, 8.55168, 11.4526, 27.1707, 58.4315, 50.0586, 42.384, 35.624, 29.9063, 25.2379, 21.5207, 18.5998, 16.3125, 13.095, 10.3292, 8.89869, 8.23487, 8.12013]",0.0802195,"[-1.72335, 1.62142, -1.29918, 1.97133]",0.344378
0.0,0.0713469,0.0,0.0,12.91,0.0,1957.11,-0.446045,94.0,1,"[200.0, 200.0, 200.0, 200.0, 200.0, 200.0, 200.0, 200.0, 200.0, 200.0, 200.0, 200.0, 200.0, 200.0, 200.0, 200.0, 200.0, 200.0, 200.0, 200.0, 200.0, 200.0, 200.0, 200.0, 200.0, 200.0, 200.0, 200.0, 200.0, 200.0, 200.0, 200.0, 200.0, 200.0, 200.0, 200.0]",1,942.478,-0.183122,0.126141,-0.0143492,0.0,"[6.91713, 7.34779, 8.55077, 11.4514, 27.1604, 58.4319, 50.0592, 42.3848, 35.6251, 29.9074, 25.2392, 21.5219, 18.601, 16.3136, 13.096, 10.3301, 8.89949, 8.23563, 8.1209]",0.0803212,"[0.106544, -0.213127, 1.97368, -1.31374]",0.34436
0.0,0.0713536,0.0,0.0,12.93,0.0,1957.11,-0.447021,94.0,1,"[200.0, 200.0, 200.0, 200.0, 200.0, 200.0, 200.0, 200.0, 200.0, 200.0, 200.0, 200.0, 200.0, 200.0, 200.0, 200.0, 200.0, 200.0, 200.0, 200.0, 200.0, 200.0, 200.0, 200.0, 200.0, 200.0, 200.0, 200.0, 200.0, 200.0, 200.0, 200.0, 200.0, 200.0, 200.0, 200.0]",1,942.478,-0.184511,0.124649,-0.0143495,0.0,"[6.91637, 7.34698, 8.54983, 11.4501, 27.15, 58.4323, 50.0599, 42.3857, 35.6261, 29.9086, 25.2404, 21.5232, 18.6023, 16.3148, 13.0971, 10.331, 8.9003, 8.23641, 8.12167]",0.080423,"[-1.71709, 1.64169, -1.30173, 1.97025]",0.344342
0.0,0.0713603,0.0,0.0,12.95,0.0,1957.11,-0.447998,94.0,1,"[200.0, 200.0, 200.0, 200.0, 200.0, 200.0, 200.0, 200.0, 200.0, 200.0, 200.0, 200.0, 200.0, 200.0, 200.0, 200.0, 200.0, 200.0, 200.0, 200.0, 200.0, 200.0, 200.0, 200.0, 200.0, 200.0, 200.0, 200.0, 200.0, 200.0, 200.0, 200.0, 200.0, 200.0, 200.0, 200.0]",1,942.478,-0.183287,0.126185,-0.0143586,0.0,"[6.91559, 7.34617, 8.54889, 11.4488, 27.1397, 58.4326, 50.0605, 42.3865, 35.6272, 29.9098, 25.2416, 21.5244, 18.6035, 16.3159, 13.0981, 10.3319, 8.90112, 8.23718, 8.12246]",0.0805267,"[0.10393, -0.214811, 1.96947, -1.31698]",0.344325
0.0,0.0713679,0.0,0.0,12.97,0.0,1957.11,-0.448975,94.0,1,"[200.0, 200.0, 200.0, 200.0, 200.0, 200.0, 200.0, 200.0, 200.0, 200.0, 200.0, 200.0, 200.0, 200.0, 200.0, 200.0, 200.0, 200.0, 200.0, 200.0, 200.0, 200.0, 200.0, 200.0, 200.0, 200.0, 200.0, 200.0, 200.0, 200.0, 200.0, 200.0, 200.0, 200.0, 200.0, 200.0]",1,942.478,-0.183989,0.124483,-0.0143733,0.0,"[6.91483, 7.34536, 8.54797, 11.4475, 27.1301, 58.4329, 50.0609, 42.3873, 35.6282, 29.9109, 25.2428, 21.5256, 18.6046, 16.3171, 13.0991, 10.3328, 8.90192, 8.23796, 8.12324]",0.0806295,"[-1.72145, 1.60371, -1.30557, 1.96495]",0.344308
0.0,0.0713746,0.0,0.0,12.99,0.0,1957.11,-0.449951,94.0,1,"[200.0, 200.0, 200.0, 200.0, 200.0, 200.0, 200.0, 200.0, 200.0, 200.0, 200.0, 200.0, 200.0, 200.0, 200.0, 200.0, 200.0, 200.0, 200.0, 200.0, 200.0, 200.0, 200.0, 200.0, 200.0, 200.0, 200.0, 200.0, 200.0, 200.0, 200.0, 200.0, 200.0, 200.0, 200.0, 200.0]",1,942.478,-0.183457,0.126074,-0.0143705,0.0,"[6.91407, 7.34457, 8.54703, 11.4462, 27.1193, 58.4333, 50.0616, 42.3882, 35.6292, 29.9121, 25.2441, 21.5269, 18.6059, 16.3182, 13.1002, 10.3337, 8.90273, 8.23872, 8.124]",0.0807312,"[0.113635, -0.228784, 1.96523, -1.32059]",0.34429
0.0,0.0713813,0.0,0.0,13.01,0.0,1957.11,-0.450928,94.0,1,"[200.0, 200.0, 200.0, 200.0, 200.0, 200.0, 200.0, 200.0, 200.0, 200.0, 200.0, 200.0, 200.0, 200.0, 200.0, 200.0, 200.0, 200.0, 200.0, 200.0, 200.0, 200.0, 200.0, 200.0, 200.0, 200.0, 200.0, 200.0, 200.0, 200.0, 200.0, 200.0, 200.0, 200.0, 200.0, 200.0]",1,942.478,-0.18433,0.124608,-0.0143809,0.0,"[6.9133, 7.34377, 8.54611, 11.445, 27.1097, 58.4336, 50.0622, 42.389, 35.6302, 29.9133, 25.2453, 21.5281, 18.607, 16.3193, 13.1012, 10.3346, 8.90352, 8.23949, 8.12477]",0.0808329,"[-1.72292, 1.60465, -1.30755, 1.96496]",0.344273
0.0,0.0713875,0.0,0.0,13.03,0.0,1957.11,-0.451904,94.0,1,"[200.0, 200.0, 200.0, 200.0, 200.0, 200.0, 200.0, 200.0, 200.0, 200.0, 200.0, 200.0, 200.0, 200.0, 200.0, 200.0, 200.0, 200.0, 200.0, 200.0, 200.0, 200.0, 200.0, 200.0, 200.0, 200.0, 200.0, 200.0, 200.0, 200.0, 200.0, 200.0, 200.0, 200.0, 200.0, 200.0]",1,942.478,-0.183703,0.12612,-0.0143514,0.0,"[6.91253, 7.34295, 8.54515, 11.4437, 27.0989, 58.4341, 50.0629, 42.39, 35.6314, 29.9145, 25.2466, 21.5294, 18.6083, 16.3205, 13.1023, 10.3355, 8.90435, 8.24027, 8.12555]",0.0809367,"[0.107083, -0.229466, 1.96392, -1.32113]",0.344256
0.0,0.0713946,0.0,0.0,13.05,0.0,1957.11,-0.452881,94.0,1,"[200.0, 200.0, 200.0, 200.0, 200.0, 200.0, 200.0, 200.0, 200.0, 200.0, 200.0, 200.0, 200.0, 200.0, 200.0, 200.0, 200.0, 200.0, 200.0, 200.0, 200.0, 200.0, 200.0, 200.0, 200.0, 200.0, 200.0, 200.0, 200.0, 200.0, 200.0, 200.0, 200.0, 200.0, 200.0, 200.0]",1,942.478,-0.185285,0.124994,-0.014363,0.0,"[6.91175, 7.34214, 8.54423, 11.4424, 27.0889, 58.4345, 50.0636, 42.3908, 35.6324, 29.9157, 25.2478, 21.5306, 18.6095, 16.3217, 13.1033, 10.3364, 8.90516, 8.24104, 8.12633]",0.0810394,"[-1.72011, 1.63367, -1.3082, 1.9644]",0.344239
0.0,0.0714013,0.0,0.0,13.07,0.0,1957.11,-0.453857,94.0,1,"[200.0, 200.0, 200.0, 200.0, 200.0, 200.0, 200.0, 200.0, 200.0, 200.0, 200.0, 200.0, 200.0, 200.0, 200.0, 200.0, 200.0, 200.0, 200.0, 200.0, 200.0, 200.0, 200.0, 200.0, 200.0, 200.0, 200.0, 200.0, 200.0, 200.0, 200.0, 200.0, 200.0, 200.0, 200.0, 200.0]",1,942.478,-0.183627,0.125672,-0.014361,0.0,"[6.911, 7.34135, 8.5433, 11.4411, 27.0789, 58.4348, 50.0641, 42.3916, 35.6334, 29.9169, 25.249, 21.5318, 18.6107, 16.3228, 13.1043, 10.3373, 8.90596, 8.24179, 8.1271]",0.0811412,"[0.106766, -0.248191, 1.96119, -1.3261]",0.344222
0.0,0.071407,0.0,0.0,13.09,0.0,1957.11,-0.454834,94.0,1,"[200.0, 200.0, 200.0, 200.0, 200.0, 200.0, 200.0, 200.0, 200.0, 200.0, 200.0, 200.0, 200.0, 200.0, 200.0, 200.0, 200.0, 200.0, 200.0, 200.0, 200.0, 200.0, 200.0, 200.0, 200.0, 200.0, 200.0, 200.0, 200.0, 200.0, 200.0, 200.0, 200.0, 200.0, 200.0, 200.0]",1,942.478,-0.185561,0.124888,-0.0143916,0.0,"[6.91023, 7.34054, 8.54237, 11.4398, 27.0684, 58.4353, 50.0649, 42.3926, 35.6345, 29.9181, 25.2503, 21.5331, 18.6119, 16.324, 13.1054, 10.3381, 8.90676, 8.24257, 8.12787]",0.0812429,"[-1.72083, 1.6361, -1.31067, 1.96013]",0.344205
0.0,0.0714137,0.0,0.0,13.11,0.0,1957.1,-0.455811,94.0,1,"[200.0, 200.0, 200.0, 200.0, 200.0, 200.0, 200.0, 200.0, 200.0, 200.0, 200.0, 200.0, 200.0, 200.0, 200.0, 200.0, 200.0, 200.0, 200.0, 200.0, 200.0, 200.0, 200.0, 200.0, 200.0, 200.0, 200.0, 200.0, 200.0, 200.0, 200.0, 200.0, 200.0, 200.0, 200.0, 200.0]",1,942.478,-0.184465,0.125929,-0.0143372,0.0,"[6.90945, 7.33973, 8.54143, 11.4385, 27.0582, 58.4356, 50.0655, 42.3934, 35.6356, 29.9193, 25.2515, 21.5343, 18.6132, 16.3252, 13.1064, 10.3391, 8.90758, 8.24335, 8.12865]",0.0813466,"[0.108732, -0.209669, 1.95435, -1.32956]",0.344189
0.0,0.0714204,0.0,0.0,13.13,0.0,1957.1,-0.456787,94.0,1,"[200.0, 200.0, 200.0, 200.0, 200.0, 200.0, 200.0, 200.0, 200.0, 200.0, 200.0, 200.0, 200.0, 200.0, 200.0, 200.0, 200.0, 200.0, 200.0, 200.0, 200.0, 200.0, 200.0, 200.0, 200.0, 200.0, 200.0, 200.0, 200.0, 200.0, 200.0, 200.0, 200.0, 200.0, 200.0, 200.0]",1,942.478,-0.185243,0.125143,-0.0143254,0.0,"[6.90869, 7.33893, 8.54049, 11.4373, 27.0475, 58.4361, 50.0662, 42.3943, 35.6367, 29.9205, 25.2528, 21.5356, 18.6143, 16.3263, 13.1075, 10.34, 8.9084, 8.24411, 8.12943]",0.0814494,"[-1.72779, 1.6148, -1.3177, 1.95467]",0.344173
0.0,0.0714251,0.0,0.0,13.15,0.0,1957.1,-0.457764,94.0,1,"[200.0, 200.0, 200.0, 200.0, 200.0, 200.0, 200.0, 200.0, 200.0, 200.0, 200.0, 200.0, 200.0, 200.0, 200.0, 200.0, 200.0, 200.0, 200.0, 200.0, 200.0, 200.0, 200.0, 200.0, 200.0, 200.0, 200.0, 200.0, 200.0, 200.0, 200.0, 200.0, 200.0, 200.0, 200.0, 200.0]",1,942.478,-0.18471,0.125998,-0.0143362,0.0,"[6.90793, 7.33811, 8.53955, 11.4359, 27.0371, 58.4366, 50.0669, 42.3953, 35.6378, 29.9218, 25.2541, 21.5369, 18.6156, 16.3275, 13.1085, 10.3409, 8.90921, 8.24489, 8.13019]",0.0815511,"[0.107678, -0.215237, 1.95446, -1.3325]",0.344156
0.0,0.0714313,0.0,0.0,13.17,0.0,1957.1,-0.458862,94.0,1,"[200.0, 200.0, 200.0, 200.0, 200.0, 200.0, 200.0, 200.0, 200.0, 200.0, 200.0, 200.0, 200.0, 200.0, 200.0, 200.0, 200.0, 200.0, 200.0, 200.0, 200.0, 200.0, 200.0, 200.0, 200.0, 200.0, 200.0, 200.0, 200.0, 200.0, 200.0, 200.0, 200.0, 200.0, 200.0, 200.0]",1,942.478,-0.186117,0.124709,-0.0143648,0.0,"[6.90716, 7.33731, 8.53862, 11.4347, 27.027, 58.437, 50.0676, 42.3962, 35.6389, 29.923, 25.2554, 21.5382, 18.6168, 16.3287, 13.1095, 10.3418, 8.91002, 8.24566, 8.13096]",0.0816528,"[-1.72297, 1.63669, -1.31633, 1.95484]",0.344139
0.0,0.071438,0.0,0.0,13.19,0.0,1957.1,-0.459717,94.0,1,"[200.0, 200.0, 200.0, 200.0, 200.0, 200.0, 200.0, 200.0, 200.0, 200.0, 200.0, 200.0, 200.0, 200.0, 200.0, 200.0, 200.0, 200.0, 200.0, 200.0, 200.0, 200.0, 200.0, 200.0, 200.0, 200.0, 200.0, 200.0, 200.0, 200.0, 200.0, 200.0, 200.0, 200.0, 200.0, 200.0]",1,942.478,-0.185113,0.125873,-0.0143306,0.0,"[6.90639, 7.33651, 8.53769, 11.4334, 27.0168, 58.4374, 50.0682, 42.3971, 35.64, 29.9241, 25.2566, 21.5394, 18.618, 16.3298, 13.1106, 10.3426, 8.91082, 8.24642, 8.13174]",0.0817556,"[0.111913, -0.218636, 1.95433, -1.33272]",0.344123
0.0,0.0714442,0.0,0.0,13.21,0.0,1957.1,-0.460693,94.0,1,"[200.0, 200.0, 200.0, 200.0, 200.0, 200.0, 200.0, 200.0, 200.0, 200.0, 200.0, 200.0, 200.0, 200.0, 200.0, 200.0, 200.0, 200.0, 200.0, 200.0, 200.0, 200.0, 200.0, 200.0, 200.0, 200.0, 200.0, 200.0, 200.0, 200.0, 200.0, 200.0, 200.0, 200.0, 200.0, 200.0]",1,942.478,-0.18644,0.12474,-0.0143716,0.0,"[6.90561, 7.33569, 8.53673, 11.4321, 27.0066, 58.4379, 50.0689, 42.398, 35.6411, 29.9254, 25.2579, 21.5407, 18.6192, 16.331, 13.1117, 10.3436, 8.91165, 8.24721, 8.13251]",0.0818593,"[-1.72434, 1.63675, -1.31761, 1.95438]",0.344108
0.0,0.0714504,0.0,0.0,13.23,0.0,1957.1,-0.461792,94.0,1,"[200.0, 200.0, 200.0, 200.0, 200.0, 200.0, 200.0, 200.0, 200.0, 200.0, 200.0, 200.0, 200.0, 200.0, 200.0, 200.0, 200.0, 200.0, 200.0, 200.0, 200.0, 200.0, 200.0, 200.0, 200.0, 200.0, 200.0, 200.0, 200.0, 200.0, 200.0, 200.0, 200.0, 200.0, 200.0, 200.0]",1,942.478,-0.185314,0.126025,-0.0143433,0.0,"[6.90485, 7.33489, 8.53579, 11.4308, 26.9963, 58.4382, 50.0695, 42.3989, 35.6422, 29.9266, 25.2591, 21.5419, 18.6205, 16.3321, 13.1127, 10.3445, 8.91245, 8.24797, 8.13329]",0.0819611,"[0.102553, -0.218048, 1.95435, -1.33515]",0.344091
0.0,0.0714571,0.0,0.0,13.25,0.0,1957.1,-0.462769,94.0,1,"[200.0, 200.0, 200.0, 200.0, 200.0, 200.0, 200.0, 200.0, 200.0, 200.0, 200.0, 200.0, 200.0, 200.0, 200.0, 200.0, 200.0, 200.0, 200.0, 200.0, 200.0, 200.0, 200.0, 200.0, 200.0, 200.0, 200.0, 200.0, 200.0, 200.0, 200.0, 200.0, 200.0, 200.0, 200.0, 200.0]",1,942.478,-0.186653,0.124709,-0.014371,0.0,"[6.90409, 7.33409, 8.53487, 11.4295, 26.986, 58.4386, 50.0702, 42.3997, 35.6432, 29.9277, 25.2604, 21.5432, 18.6217, 16.3333, 13.1137, 10.3454, 8.91326, 8.24875, 8.13406]",0.0820628,"[-1.72183, 1.63679, -1.32282, 1.9488]",0.344075
0.0,0.0714633,0.0,0.0,13.27,0.0,1957.1,-0.463745,94.0,1,"[200.0, 200.0, 200.0, 200.0, 200.0, 200.0, 200.0, 200.0, 200.0, 200.0, 200.0, 200.0, 200.0, 200.0, 200.0, 200.0, 200.0, 200.0, 200.0, 200.0, 200.0, 200.0, 200.0, 200.0, 200.0, 200.0, 200.0, 200.0, 200.0, 200.0, 200.0, 200.0, 200.0, 200.0, 200.0, 200.0]",1,942.478,-0.185263,0.126155,-0.0143237,0.0,"[6.90332, 7.33329, 8.53394, 11.4282, 26.9764, 58.4391, 50.0708, 42.4006, 35.6443, 29.929, 25.2616, 21.5444, 18.6229, 16.3345, 13.1148, 10.3462, 8.91406, 8.2495, 8.13483]",0.0821655,"[0.10498, -0.233502, 1.94794, -1.3405]",0.344059
0.0,0.0714695,0.0,0.0,13.29,0.0,1957.1,-0.464722,94.0,1,"[200.0, 200.0, 200.0, 200.0, 200.0, 200.0, 200.0, 200.0, 200.0, 200.0, 200.0, 200.0, 200.0, 200.0, 200.0, 200.0, 200.0, 200.0, 200.0, 200.0, 200.0, 200.0, 200.0, 200.0, 200.0, 200.0, 200.0, 200.0, 200.0, 200.0, 200.0, 200.0, 200.0, 200.0, 200.0, 200.0]",1,942.478,-0.186537,0.124533,-0.0143691,0.0,"[6.90255, 7.33247, 8.533, 11.4269, 26.9663, 58.4395, 50.0716, 42.4016, 35.6454, 29.9302, 25.2629, 21.5457, 18.6241, 16.3357, 13.1158, 10.3471, 8.91488, 8.25028, 8.1356]",0.0822683,"[-1.7257, 1.61009, -1.32145, 1.94822]",0.344044
0.0,0.0714747,0.0,0.0,13.31,0.0,1957.09,-0.465698,94.0,1,"[200.0, 200.0, 200.0, 200.0, 200.0, 200.0, 200.0, 200.0, 200.0, 200.0, 200.0, 200.0, 200.0, 200.0, 200.0, 200.0, 200.0, 200.0, 200.0, 200.0, 200.0, 200.0, 200.0, 200.0, 200.0, 200.0, 200.0, 200.0, 200.0, 200.0, 200.0, 200.0, 200.0, 200.0, 200.0, 200.0]",1,942.478,-0.185762,0.125883,-0.0143539,0.0,"[6.90178, 7.33166, 8.53205, 11.4256, 26.9554, 58.44, 50.0723, 42.4025, 35.6466, 29.9314, 25.2642, 21.547, 18.6254, 16.3368, 13.1169, 10.3481, 8.9157, 8.25106, 8.13638]",0.082371,"[0.104001, -0.228347, 1.94882, -1.3394]",0.344028
0.0,0.0714814,0.0,0.0,13.33,0.0,1957.09,-0.466675,94.0,1,"[200.0, 200.0, 200.0, 200.0, 200.0, 200.0, 200.0, 200.0, 200.0, 200.0, 200.0, 200.0, 200.0, 200.0, 200.0, 200.0, 200.0, 200.0, 200.0, 200.0, 200.0, 200.0, 200.0, 200.0, 200.0, 200.0, 200.0, 200.0, 200.0, 200.0, 200.0, 200.0, 200.0, 200.0, 200.0, 200.0]",1,942.478,-0.187097,0.124932,-0.0144023,0.0,"[6.90102, 7.33085, 8.53112, 11.4244, 26.9457, 58.4404, 50.073, 42.4035, 35.6476, 29.9326, 25.2654, 21.5482, 18.6266, 16.338, 13.1179, 10.349, 8.91651, 8.25182, 8.13715]",0.0824727,"[-1.72114, 1.61898, -1.32543, 1.94716]",0.344012
0.0,0.0714871,0.0,0.0,13.35,0.0,1957.09,-0.467651,94.0,1,"[200.0, 200.0, 200.0, 200.0, 200.0, 200.0, 200.0, 200.0, 200.0, 200.0, 200.0, 200.0, 200.0, 200.0, 200.0, 200.0, 200.0, 200.0, 200.0, 200.0, 200.0, 200.0, 200.0, 200.0, 200.0, 200.0, 200.0, 200.0, 200.0, 200.0, 200.0, 200.0, 200.0, 200.0, 200.0, 200.0]",1,942.478,-0.186341,0.125556,-0.0143658,0.0,"[6.90025, 7.33006, 8.53017, 11.423, 26.935, 58.4409, 50.0737, 42.4044, 35.6487, 29.9338, 25.2667, 21.5495, 18.6278, 16.3392, 13.119, 10.3498, 8.91731, 8.25259, 8.13792]",0.0825755,"[0.11651, -0.219017, 1.94485, -1.34357]",0.343997
0.0,0.0714924,0.0,0.0,13.37,0.0,1957.09,-0.468628,94.0,1,"[200.0, 200.0, 200.0, 200.0, 200.0, 200.0, 200.0, 200.0, 200.0, 200.0, 200.0, 200.0, 200.0, 200.0, 200.0, 200.0, 200.0, 200.0, 200.0, 200.0, 200.0, 200.0, 200.0, 200.0, 200.0, 200.0, 200.0, 200.0, 200.0, 200.0, 200.0, 200.0, 200.0, 200.0, 200.0, 200.0]",1,942.478,-0.18745,0.124641,-0.0143569,0.0,"[6.89948, 7.32924, 8.52923, 11.4217, 26.9248, 58.4414, 50.0744, 42.4053, 35.6499, 29.9351, 25.268, 21.5508, 18.629, 16.3404, 13.12, 10.3508, 8.91812, 8.25337, 8.13869]",0.0826782,"[-1.72351, 1.6391, -1.33367, 1.93979]",0.343982
0.0,0.071499,0.0,0.0,13.39,0.0,1957.09,-0.469604,94.0,1,"[200.0, 200.0, 200.0, 200.0, 200.0, 200.0, 200.0, 200.0, 200.0, 200.0, 200.0, 200.0, 200.0, 200.0, 200.0, 200.0, 200.0, 200.0, 200.0, 200.0, 200.0, 200.0, 200.0, 200.0, 200.0, 200.0, 200.0, 200.0, 200.0, 200.0, 200.0, 200.0, 200.0, 200.0, 200.0, 200.0]",1,942.478,-0.185777,0.126307,-0.0143578,0.0,"[6.89872, 7.32844, 8.5283, 11.4205, 26.9154, 58.4418, 50.075, 42.4062, 35.6509, 29.9363, 25.2693, 21.552, 18.6302, 16.3415, 13.121, 10.3516, 8.91893, 8.25413, 8.13947]",0.08278,"[0.105186, -0.250907, 1.93781, -1.34934]",0.343967
0.0,0.0715029,0.0,0.0,13.41,0.0,1957.09,-0.470581,94.0,1,"[200.0, 200.0, 200.0, 200.0, 200.0, 200.0, 200.0, 200.0, 200.0, 200.0, 200.0, 200.0, 200.0, 200.0, 200.0, 200.0, 200.0, 200.0, 200.0, 200.0, 200.0, 200.0, 200.0, 200.0, 200.0, 200.0, 200.0, 200.0, 200.0, 200.0, 200.0, 200.0, 200.0, 200.0, 200.0, 200.0]",1,942.478,-0.187709,0.124642,-0.0143649,0.0,"[6.89796, 7.32763, 8.52736, 11.4191, 26.9041, 58.4424, 50.0759, 42.4073, 35.6522, 29.9376, 25.2706, 21.5534, 18.6315, 16.3427, 13.1221, 10.3526, 8.91974, 8.2549, 8.14023]",0.0828817,"[-1.72311, 1.63034, -1.33283, 1.93877]",0.343952
0.0,0.0715081,0.0,0.0,13.43,0.0,1957.09,-0.471558,94.0,1,"[200.0, 200.0, 200.0, 200.0, 200.0, 200.0, 200.0, 200.0, 200.0, 200.0, 200.0, 200.0, 200.0, 200.0, 200.0, 200.0, 200.0, 200.0, 200.0, 200.0, 200.0, 200.0, 200.0, 200.0, 200.0, 200.0, 200.0, 200.0, 200.0, 200.0, 200.0, 200.0, 200.0, 200.0, 200.0, 200.0]",1,942.478,-0.186815,0.125826,-0.0143748,0.0,"[6.89718, 7.32682, 8.52641, 11.4178, 26.8938, 58.4429, 50.0767, 42.4083, 35.6533, 29.9389, 25.2719, 21.5546, 18.6328, 16.3439, 13.1232, 10.3535, 8.92056, 8.25568, 8.14102]",0.0829854,"[0.107721, -0.217317, 1.93973, -1.34881]",0.343938
0.0,0.0715143,0.0,0.0,13.45,0.0,1957.09,-0.472534,94.0,1,"[200.0, 200.0, 200.0, 200.0, 200.0, 200.0, 200.0, 200.0, 200.0, 200.0, 200.0, 200.0, 200.0, 200.0, 200.0, 200.0, 200.0, 200.0, 200.0, 200.0, 200.0, 200.0, 200.0, 200.0, 200.0, 200.0, 200.0, 200.0, 200.0, 200.0, 200.0, 200.0, 200.0, 200.0, 200.0, 200.0]",1,942.478,-0.187962,0.124643,-0.0143925,0.0,"[6.89641, 7.326, 8.52547, 11.4165, 26.8837, 58.4434, 50.0773, 42.4091, 35.6545, 29.9401, 25.2732, 21.5559, 18.634, 16.3451, 13.1242, 10.3544, 8.92138, 8.25645, 8.14178]",0.0830882,"[-1.7182, 1.62366, -1.33633, 1.9363]",0.343924
0.0,0.0715205,0.0,0.0,13.47,0.0,1957.09,-0.473511,94.0,1,"[200.0, 200.0, 200.0, 200.0, 200.0, 200.0, 200.0, 200.0, 200.0, 200.0, 200.0, 200.0, 200.0, 200.0, 200.0, 200.0, 200.0, 200.0, 200.0, 200.0, 200.0, 200.0, 200.0, 200.0, 200.0, 200.0, 200.0, 200.0, 200.0, 200.0, 200.0, 200.0, 200.0, 200.0, 200.0, 200.0]",1,942.478,-0.186496,0.125326,-0.0143539,0.0,"[6.89565, 7.3252, 8.52453, 11.4152, 26.8742, 58.4438, 50.078, 42.4101, 35.6555, 29.9413, 25.2745, 21.5571, 18.6352, 16.3462, 13.1253, 10.3553, 8.92219, 8.25722, 8.14256]",0.0831899,"[0.110847, -0.257594, 1.93734, -1.35151]",0.343908
0.0,0.0715238,0.0,0.0,13.49,0.0,1957.09,-0.474487,94.0,1,"[200.0, 200.0, 200.0, 200.0, 200.0, 200.0, 200.0, 200.0, 200.0, 200.0, 200.0, 200.0, 200.0, 200.0, 200.0, 200.0, 200.0, 200.0, 200.0, 200.0, 200.0, 200.0, 200.0, 200.0, 200.0, 200.0, 200.0, 200.0, 200.0, 200.0, 200.0, 200.0, 200.0, 200.0, 200.0, 200.0]",1,942.478,-0.188309,0.124594,-0.0143345,0.0,"[6.89488, 7.3244, 8.52358, 11.4139, 26.8628, 58.4445, 50.079, 42.4112, 35.6568, 29.9427, 25.2759, 21.5585, 18.6365, 16.3475, 13.1264, 10.3562, 8.92301, 8.25799, 8.14333]",0.0832916,"[-1.72011, 1.62496, -1.33773, 1.93573]",0.343894
0.0,0.0715291,0.0,0.0,13.51,0.0,1957.08,-0.475464,94.0,1,"[200.0, 200.0, 200.0, 200.0, 200.0, 200.0, 200.0, 200.0, 200.0, 200.0, 200.0, 200.0, 200.0, 200.0, 200.0, 200.0, 200.0, 200.0, 200.0, 200.0, 200.0, 200.0, 200.0, 200.0, 200.0, 200.0, 200.0, 200.0, 200.0, 200.0, 200.0, 200.0, 200.0, 200.0, 200.0, 200.0]",1,942.478,-0.187065,0.12527,-0.014344,0.0,"[6.89412, 7.32359, 8.52265, 11.4126, 26.8526, 58.445, 50.0797, 42.4122, 35.6579, 29.9439, 25.2771, 21.5598, 18.6378, 16.3486, 13.1274, 10.3571, 8.92381, 8.25876, 8.1441]",0.0833944,"[0.112586, -0.248307, 1.93731, -1.35196]",0.34388
0.0,0.0715329,0.0,0.0,13.53,0.0,1957.08,-0.47644,94.0,1,"[200.0, 200.0, 200.0, 200.0, 200.0, 200.0, 200.0, 200.0, 200.0, 200.0, 200.0, 200.0, 200.0, 200.0, 200.0, 200.0, 200.0, 200.0, 200.0, 200.0, 200.0, 200.0, 200.0, 200.0, 200.0, 200.0, 200.0, 200.0, 200.0, 200.0, 200.0, 200.0, 200.0, 200.0, 200.0, 200.0]",1,942.478,-0.188912,0.124477,-0.0143692,0.0,"[6.89335, 7.32277, 8.52169, 11.4113, 26.8415, 58.4457, 50.0806, 42.4133, 35.6592, 29.9453, 25.2785, 21.5612, 18.6391, 16.3499, 13.1285, 10.358, 8.92464, 8.25954, 8.14487]",0.0834971,"[-1.71946, 1.62912, -1.33395, 1.93873]",0.343866
0.0,0.0715381,0.0,0.0,13.55,0.0,1957.08,-0.477417,94.0,1,"[200.0, 200.0, 200.0, 200.0, 200.0, 200.0, 200.0, 200.0, 200.0, 200.0, 200.0, 200.0, 200.0, 200.0, 200.0, 200.0, 200.0, 200.0, 200.0, 200.0, 200.0, 200.0, 200.0, 200.0, 200.0, 200.0, 200.0, 200.0, 200.0, 200.0, 200.0, 200.0, 200.0, 200.0, 200.0, 200.0]",1,942.478,-0.187816,0.125392,-0.0143617,0.0,"[6.89257, 7.32195, 8.52074, 11.41, 26.8312, 58.4462, 50.0814, 42.4143, 35.6604, 29.9466, 25.2798, 21.5625, 18.6403, 16.3511, 13.1296, 10.3589, 8.92546, 8.26032, 8.14565]",0.0835999,"[0.109396, -0.231855, 1.93973, -1.34752]",0.343852
0.0,0.0715429,0.0,0.0,13.57,0.0,1957.08,-0.478394,94.0,1,"[200.0, 200.0, 200.0, 200.0, 200.0, 200.0, 200.0, 200.0, 200.0, 200.0, 200.0, 200.0, 200.0, 200.0, 200.0, 200.0, 200.0, 200.0, 200.0, 200.0, 200.0, 200.0, 200.0, 200.0, 200.0, 200.0, 200.0, 200.0, 200.0, 200.0, 200.0, 200.0, 200.0, 200.0, 200.0, 200.0]",1,942.478,-0.188936,0.124722,-0.0143555,0.0,"[6.89181, 7.32115, 8.5198, 11.4087, 26.821, 58.4468, 50.0822, 42.4153, 35.6616, 29.9479, 25.2812, 21.5638, 18.6416, 16.3522, 13.1306, 10.3598, 8.92627, 8.26109, 8.14642]",0.0837016,"[-1.71793, 1.60803, -1.33464, 1.93688]",0.343838
0.0,0.0715458,0.0,0.0,13.59,0.0,1957.08,-0.47937,94.0,1,"[200.0, 200.0, 200.0, 200.0, 200.0, 200.0, 200.0, 200.0, 200.0, 200.0, 200.0, 200.0, 200.0, 200.0, 200.0, 200.0, 200.0, 200.0, 200.0, 200.0, 200.0, 200.0, 200.0, 200.0, 200.0, 200.0, 200.0, 200.0, 200.0, 200.0, 200.0, 200.0, 200.0, 200.0, 200.0, 200.0]",1,942.478,-0.188404,0.125526,-0.0143182,0.0,"[6.89103, 7.32033, 8.51884, 11.4073, 26.8099, 58.4476, 50.0831, 42.4165, 35.6629, 29.9492, 25.2826, 21.5651, 18.6429, 16.3535, 13.1317, 10.3607, 8.92708, 8.26185, 8.14719]",0.0838043,"[0.10947, -0.226905, 1.94316, -1.34493]",0.343824
0.0,0.0715496,0.0,0.0,13.61,0.0,1957.08,-0.480347,94.0,1,"[200.0, 200.0, 200.0, 200.0, 200.0, 200.0, 200.0, 200.0, 200.0, 200.0, 200.0, 200.0, 200.0, 200.0, 200.0, 200.0, 200.0, 200.0, 200.0, 200.0, 200.0, 200.0, 200.0, 200.0, 200.0, 200.0, 200.0, 200.0, 200.0, 200.0, 200.0, 200.0, 200.0, 200.0, 200.0, 200.0]",1,942.478,-0.18918,0.12394,-0.0143685,0.0,"[6.89027, 7.31952, 8.51789, 11.406, 26.7987, 58.4482, 50.0841, 42.4176, 35.6642, 29.9506, 25.2839, 21.5665, 18.6442, 16.3547, 13.1328, 10.3616, 8.92791, 8.26263, 8.14796]",0.0839071,"[-1.72109, 1.59391, -1.33072, 1.94289]",0.343811
0.0,0.0715529,0.0,0.0,13.63,0.0,1957.08,-0.481323,94.0,1,"[200.0, 200.0, 200.0, 200.0, 200.0, 200.0, 200.0, 200.0, 200.0, 200.0, 200.0, 200.0, 200.0, 200.0, 200.0, 200.0, 200.0, 200.0, 200.0, 200.0, 200.0, 200.0, 200.0, 200.0, 200.0, 200.0, 200.0, 200.0, 200.0, 200.0, 200.0, 200.0, 200.0, 200.0, 200.0, 200.0]",1,942.478,-0.188353,0.125468,-0.0143299,0.0,"[6.8895, 7.31871, 8.51692, 11.4046, 26.7877, 58.449, 50.0851, 42.4187, 35.6654, 29.952, 25.2853, 21.5679, 18.6455, 16.3559, 13.1339, 10.3626, 8.92874, 8.26342, 8.14874]",0.0840098,"[0.104462, -0.240048, 1.94009, -1.348]",0.343798
0.0,0.0715563,0.0,0.0,13.65,0.0,1957.08,-0.4823,94.0,1,"[200.0, 200.0, 200.0, 200.0, 200.0, 200.0, 200.0, 200.0, 200.0, 200.0, 200.0, 200.0, 200.0, 200.0, 200.0, 200.0, 200.0, 200.0, 200.0, 200.0, 200.0, 200.0, 200.0, 200.0, 200.0, 200.0, 200.0, 200.0, 200.0, 200.0, 200.0, 200.0, 200.0, 200.0, 200.0, 200.0]",1,942.478,-0.189052,0.123902,-0.0143587,0.0,"[6.88873, 7.31789, 8.51597, 11.4033, 26.7768, 58.4496, 50.0859, 42.4198, 35.6667, 29.9534, 25.2867, 21.5692, 18.6468, 16.3572, 13.1349, 10.3635, 8.92955, 8.26419, 8.14951]",0.0841115,"[-1.71969, 1.58568, -1.33929, 1.93263]",0.343785
0.0,0.0715596,0.0,0.0,13.67,0.0,1957.08,-0.483398,94.0,1,"[200.0, 200.0, 200.0, 200.0, 200.0, 200.0, 200.0, 200.0, 200.0, 200.0, 200.0, 200.0, 200.0, 200.0, 200.0, 200.0, 200.0, 200.0, 200.0, 200.0, 200.0, 200.0, 200.0, 200.0, 200.0, 200.0, 200.0, 200.0, 200.0, 200.0, 200.0, 200.0, 200.0, 200.0, 200.0, 200.0]",1,942.478,-0.188599,0.125497,-0.0143205,0.0,"[6.88797, 7.31709, 8.51503, 11.402, 26.7657, 58.4504, 50.0869, 42.421, 35.668, 29.9547, 25.2881, 21.5706, 18.6481, 16.3584, 13.136, 10.3644, 8.93037, 8.26495, 8.15027]",0.0842133,"[0.113908, -0.251267, 1.93682, -1.35089]",0.343771
0.0,0.071562,0.0,0.0,13.69,0.0,1957.08,-0.484253,94.0,1,"[200.0, 200.0, 200.0, 200.0, 200.0, 200.0, 200.0, 200.0, 200.0, 200.0, 200.0, 200.0, 200.0, 200.0, 200.0, 200.0, 200.0, 200.0, 200.0, 200.0, 200.0, 200.0, 200.0, 200.0, 200.0, 200.0, 200.0, 200.0, 200.0, 200.0, 200.0, 200.0, 200.0, 200.0, 200.0, 200.0]",1,942.478,-0.190358,0.124086,-0.0143484,0.0,"[6.8872, 7.31627, 8.51407, 11.4006, 26.7547, 58.4511, 50.0879, 42.4222, 35.6693, 29.9561, 25.2896, 21.572, 18.6494, 16.3596, 13.1371, 10.3653, 8.93118, 8.26572, 8.15103]",0.084315,"[-1.71753, 1.63197, -1.33857, 1.93592]",0.343759
0.0,0.0715653,0.0,0.0,13.71,0.0,1957.07,-0.485352,94.0,1,"[200.0, 200.0, 200.0, 200.0, 200.0, 200.0, 200.0, 200.0, 200.0, 200.0, 200.0, 200.0, 200.0, 200.0, 200.0, 200.0, 200.0, 200.0, 200.0, 200.0, 200.0, 200.0, 200.0, 200.0, 200.0, 200.0, 200.0, 200.0, 200.0, 200.0, 200.0, 200.0, 200.0, 200.0, 200.0, 200.0]",1,942.478,-0.188939,0.125481,-0.0143155,0.0,"[6.88644, 7.31546, 8.51311, 11.3993, 26.7437, 58.4518, 50.0888, 42.4233, 35.6706, 29.9575, 25.2909, 21.5734, 18.6507, 16.3609, 13.1382, 10.3662, 8.93201, 8.2665, 8.1518]",0.0844177,"[0.10912, -0.243057, 1.93735, -1.35525]",0.343746
0.0,0.0715691,0.0,0.0,13.73,0.0,1957.07,-0.486328,94.0,1,"[200.0, 200.0, 200.0, 200.0, 200.0, 200.0, 200.0, 200.0, 200.0, 200.0, 200.0, 200.0, 200.0, 200.0, 200.0, 200.0, 200.0, 200.0, 200.0, 200.0, 200.0, 200.0, 200.0, 200.0, 200.0, 200.0, 200.0, 200.0, 200.0, 200.0, 200.0, 200.0, 200.0, 200.0, 200.0, 200.0]",1,942.478,-0.190295,0.123998,-0.0143413,0.0,"[6.88567, 7.31465, 8.51216, 11.3979, 26.7331, 58.4525, 50.0897, 42.4244, 35.6719, 29.9588, 25.2923, 21.5747, 18.652, 16.3621, 13.1393, 10.3672, 8.93283, 8.26727, 8.15257]",0.0845195,"[-1.71551, 1.61169, -1.33926, 1.93078]",0.343733
0.0,0.071571,0.0,0.0,13.75,0.0,1957.07,-0.487305,94.0,1,"[200.0, 200.0, 200.0, 200.0, 200.0, 200.0, 200.0, 200.0, 200.0, 200.0, 200.0, 200.0, 200.0, 200.0, 200.0, 200.0, 200.0, 200.0, 200.0, 200.0, 200.0, 200.0, 200.0, 200.0, 200.0, 200.0, 200.0, 200.0, 200.0, 200.0, 200.0, 200.0, 200.0, 200.0, 200.0, 200.0]",1,942.478,-0.189657,0.125149,-0.0142941,0.0,"[6.88491, 7.31382, 8.5112, 11.3966, 26.7216, 58.4533, 50.0908, 42.4257, 35.6733, 29.9603, 25.2938, 21.5761, 18.6533, 16.3633, 13.1404, 10.3681, 8.93365, 8.26805, 8.15334]",0.0846212,"[0.106347, -0.220909, 1.93615, -1.35245]",0.34372
0.0,0.0715749,0.0,0.0,13.77,0.0,1957.07,-0.488281,94.0,1,"[200.0, 200.0, 200.0, 200.0, 200.0, 200.0, 200.0, 200.0, 200.0, 200.0, 200.0, 200.0, 200.0, 200.0, 200.0, 200.0, 200.0, 200.0, 200.0, 200.0, 200.0, 200.0, 200.0, 200.0, 200.0, 200.0, 200.0, 200.0, 200.0, 200.0, 200.0, 200.0, 200.0, 200.0, 200.0, 200.0]",1,942.478,-0.190803,0.124323,-0.0142667,0.0,"[6.88414, 7.31302, 8.51026, 11.3953, 26.7112, 58.454, 50.0917, 42.4268, 35.6745, 29.9616, 25.2951, 21.5774, 18.6546, 16.3645, 13.1415, 10.369, 8.93446, 8.26882, 8.15411]",0.0847239,"[-1.71915, 1.60973, -1.33684, 1.9379]",0.343709
0.0,0.0715763,0.0,0.0,13.79,0.0,1957.07,-0.489258,94.0,1,"[200.0, 200.0, 200.0, 200.0, 200.0, 200.0, 200.0, 200.0, 200.0, 200.0, 200.0, 200.0, 200.0, 200.0, 200.0, 200.0, 200.0, 200.0, 200.0, 200.0, 200.0, 200.0, 200.0, 200.0, 200.0, 200.0, 200.0, 200.0, 200.0, 200.0, 200.0, 200.0, 200.0, 200.0, 200.0, 200.0]",1,942.478,-0.190392,0.124928,-0.0142301,0.0,"[6.88338, 7.31222, 8.5093, 11.3939, 26.6996, 58.4549, 50.0928, 42.428, 35.6759, 29.9631, 25.2966, 21.5788, 18.656, 16.3658, 13.1425, 10.3699, 8.93527, 8.26957, 8.15487]",0.0848246,"[0.111632, -0.226495, 1.94626, -1.3445]",0.343696
0.0,0.0715787,0.0,0.0,13.81,0.0,1957.07,-0.490234,94.0,1,"[200.0, 200.0, 200.0, 200.0, 200.0, 200.0, 200.0, 200.0, 200.0, 200.0, 200.0, 200.0, 200.0, 200.0, 200.0, 200.0, 200.0, 200.0, 200.0, 200.0, 200.0, 200.0, 200.0, 200.0, 200.0, 200.0, 200.0, 200.0, 200.0, 200.0, 200.0, 200.0, 200.0, 200.0, 200.0, 200.0]",1,942.478,-0.191408,0.123971,-0.0142557,0.0,"[6.88262, 7.31141, 8.50834, 11.3926, 26.6882, 58.4558, 50.0938, 42.4293, 35.6773, 29.9645, 25.298, 21.5802, 18.6573, 16.3671, 13.1436, 10.3708, 8.93609, 8.27035, 8.15564]",0.0849264,"[-1.71842, 1.62388, -1.33601, 1.93801]",0.343684
0.0,0.0715815,0.0,0.0,13.83,0.0,1957.07,-0.491211,94.0,1,"[200.0, 200.0, 200.0, 200.0, 200.0, 200.0, 200.0, 200.0, 200.0, 200.0, 200.0, 200.0, 200.0, 200.0, 200.0, 200.0, 200.0, 200.0, 200.0, 200.0, 200.0, 200.0, 200.0, 200.0, 200.0, 200.0, 200.0, 200.0, 200.0, 200.0, 200.0, 200.0, 200.0, 200.0, 200.0, 200.0]",1,942.478,-0.189637,0.12471,-0.014202,0.0,"[6.88185, 7.3106, 8.50739, 11.3912, 26.6777, 58.4564, 50.0948, 42.4304, 35.6786, 29.9659, 25.2994, 21.5816, 18.6586, 16.3683, 13.1447, 10.3718, 8.93691, 8.27112, 8.1564]",0.0850281,"[0.109234, -0.270646, 1.93706, -1.3522]",0.343673
0.0,0.071582,0.0,0.0,13.85,0.0,1957.07,-0.492188,94.0,1,"[200.0, 200.0, 200.0, 200.0, 200.0, 200.0, 200.0, 200.0, 200.0, 200.0, 200.0, 200.0, 200.0, 200.0, 200.0, 200.0, 200.0, 200.0, 200.0, 200.0, 200.0, 200.0, 200.0, 200.0, 200.0, 200.0, 200.0, 200.0, 200.0, 200.0, 200.0, 200.0, 200.0, 200.0, 200.0, 200.0]",1,942.478,-0.191574,0.124016,-0.0142187,0.0,"[6.88108, 7.30978, 8.50642, 11.3899, 26.6657, 58.4574, 50.0959, 42.4318, 35.68, 29.9674, 25.301, 21.583, 18.66, 16.3696, 13.1458, 10.3727, 8.93773, 8.27189, 8.15717]",0.0851298,"[-1.7169, 1.62113, -1.33946, 1.93226]",0.343661
0.0,0.0715844,0.0,0.0,13.87,0.0,1957.07,-0.493164,94.0,1,"[200.0, 200.0, 200.0, 200.0, 200.0, 200.0, 200.0, 200.0, 200.0, 200.0, 200.0, 200.0, 200.0, 200.0, 200.0, 200.0, 200.0, 200.0, 200.0, 200.0, 200.0, 200.0, 200.0, 200.0, 200.0, 200.0, 200.0, 200.0, 200.0, 200.0, 200.0, 200.0, 200.0, 200.0, 200.0, 200.0]",1,942.478,-0.19037,0.124774,-0.0141605,0.0,"[6.88032, 7.30896, 8.50546, 11.3885, 26.6545, 58.4582, 50.097, 42.433, 35.6814, 29.9689, 25.3024, 21.5845, 18.6613, 16.3708, 13.1469, 10.3736, 8.93857, 8.27267, 8.15793]",0.0852315,"[0.114275, -0.253878, 1.93818, -1.3529]",0.34365
0.0,0.0715839,0.0,0.0,13.89,0.0,1957.07,-0.494263,94.0,1,"[200.0, 200.0, 200.0, 200.0, 200.0, 200.0, 200.0, 200.0, 200.0, 200.0, 200.0, 200.0, 200.0, 200.0, 200.0, 200.0, 200.0, 200.0, 200.0, 200.0, 200.0, 200.0, 200.0, 200.0, 200.0, 200.0, 200.0, 200.0, 200.0, 200.0, 200.0, 200.0, 200.0, 200.0, 200.0, 200.0]",1,942.478,-0.191769,0.123622,-0.0142727,0.0,"[6.87955, 7.30815, 8.50449, 11.3871, 26.6425, 58.4592, 50.0983, 42.4344, 35.6829, 29.9705, 25.3039, 21.586, 18.6627, 16.3721, 13.1481, 10.3745, 8.93938, 8.27343, 8.1587]",0.0853333,"[-1.71694, 1.62035, -1.34272, 1.92923]",0.343639
0.0,0.0715863,0.0,0.0,13.91,0.0,1957.06,-0.495239,94.0,1,"[200.0, 200.0, 200.0, 200.0, 200.0, 200.0, 200.0, 200.0, 200.0, 200.0, 200.0, 200.0, 200.0, 200.0, 200.0, 200.0, 200.0, 200.0, 200.0, 200.0, 200.0, 200.0, 200.0, 200.0, 200.0, 200.0, 200.0, 200.0, 200.0, 200.0, 200.0, 200.0, 200.0, 200.0, 200.0, 200.0]",1,942.478,-0.190686,0.124787,-0.0142722,0.0,"[6.87878, 7.30733, 8.50353, 11.3858, 26.6316, 58.4601, 50.0993, 42.4356, 35.6843, 29.9718, 25.3054, 21.5874, 18.664, 16.3734, 13.1492, 10.3755, 8.94021, 8.27422, 8.15947]",0.085436,"[0.112324, -0.243733, 1.93388, -1.35748]",0.343629
0.0,0.0715873,0.0,0.0,13.93,0.0,1957.06,-0.496216,94.0,1,"[200.0, 200.0, 200.0, 200.0, 200.0, 200.0, 200.0, 200.0, 200.0, 200.0, 200.0, 200.0, 200.0, 200.0, 200.0, 200.0, 200.0, 200.0, 200.0, 200.0, 200.0, 200.0, 200.0, 200.0, 200.0, 200.0, 200.0, 200.0, 200.0, 200.0, 200.0, 200.0, 200.0, 200.0, 200.0, 200.0]",1,942.478,-0.192196,0.123963,-0.0143002,0.0,"[6.87803, 7.30651, 8.50257, 11.3844, 26.6199, 58.4611, 50.1004, 42.437, 35.6858, 29.9734, 25.3069, 21.5888, 18.6654, 16.3746, 13.1503, 10.3764, 8.94103, 8.27498, 8.16022]",0.0855367,"[-1.71493, 1.62572, -1.34523, 1.92844]",0.343617
0.0,0.0715877,0.0,0.0,13.95,0.0,1957.06,-0.497314,94.0,1,"[200.0, 200.0, 200.0, 200.0, 200.0, 200.0, 200.0, 200.0, 200.0, 200.0, 200.0, 200.0, 200.0, 200.0, 200.0, 200.0, 200.0, 200.0, 200.0, 200.0, 200.0, 200.0, 200.0, 200.0, 200.0, 200.0, 200.0, 200.0, 200.0, 200.0, 200.0, 200.0, 200.0, 200.0, 200.0, 200.0]",1,942.478,-0.191137,0.125031,-0.0143316,0.0,"[6.87726, 7.3057, 8.50159, 11.383, 26.6082, 58.462, 50.1016, 42.4383, 35.6872, 29.9749, 25.3084, 21.5903, 18.6667, 16.3759, 13.1514, 10.3773, 8.94185, 8.27575, 8.161]",0.0856384,"[0.115291, -0.236803, 1.93027, -1.35696]",0.343607
0.0,0.0715901,0.0,0.0,13.97,0.0,1957.06,-0.498291,94.0,1,"[200.0, 200.0, 200.0, 200.0, 200.0, 200.0, 200.0, 200.0, 200.0, 200.0, 200.0, 200.0, 200.0, 200.0, 200.0, 200.0, 200.0, 200.0, 200.0, 200.0, 200.0, 200.0, 200.0, 200.0, 200.0, 200.0, 200.0, 200.0, 200.0, 200.0, 200.0, 200.0, 200.0, 200.0, 200.0, 200.0]",1,942.478,-0.192098,0.124268,-0.0143532,0.0,"[6.87649, 7.30488, 8.50064, 11.3817, 26.5972, 58.4628, 50.1026, 42.4395, 35.6886, 29.9764, 25.3099, 21.5917, 18.6681, 16.3772, 13.1525, 10.3783, 8.94269, 8.27653, 8.16177]",0.0857412,"[-1.71298, 1.59896, -1.34624, 1.92667]",0.343596
0.0,0.0715892,0.0,0.0,13.99,0.0,1957.06,-0.49939,94.0,1,"[200.0, 200.0, 200.0, 200.0, 200.0, 200.0, 200.0, 200.0, 200.0, 200.0, 200.0, 200.0, 200.0, 200.0, 200.0, 200.0, 200.0, 200.0, 200.0, 200.0, 200.0, 200.0, 200.0, 200.0, 200.0, 200.0, 200.0, 200.0, 200.0, 200.0, 200.0, 200.0, 200.0, 200.0, 200.0, 200.0]",1,942.478,-0.191489,0.124948,-0.0143477,0.0,"[6.87572, 7.30406, 8.49965, 11.3803, 26.5849, 58.4639, 50.104, 42.441, 35.6902, 29.978, 25.3114, 21.5931, 18.6695, 16.3785, 13.1536, 10.3792, 8.94351, 8.27731, 8.16253]",0.0858429,"[0.112418, -0.239255, 1.93394, -1.35717]",0.343586
0.0,0.0715911,0.0,0.0,14.01,0.0,1957.06,-0.500366,94.0,1,"[200.0, 200.0, 200.0, 200.0, 200.0, 200.0, 200.0, 200.0, 200.0, 200.0, 200.0, 200.0, 200.0, 200.0, 200.0, 200.0, 200.0, 200.0, 200.0, 200.0, 200.0, 200.0, 200.0, 200.0, 200.0, 200.0, 200.0, 200.0, 200.0, 200.0, 200.0, 200.0, 200.0, 200.0, 200.0, 200.0]",1,942.478,-0.192176,0.124354,-0.0143588,0.0,"[6.87495, 7.30325, 8.49869, 11.3789, 26.574, 58.4648, 50.105, 42.4423, 35.6916, 29.9794, 25.3128, 21.5946, 18.6708, 16.3797, 13.1547, 10.3801, 8.94433, 8.27808, 8.16331]",0.0859456,"[-1.7162, 1.591, -1.34785, 1.92384]",0.343576
0.0,0.0715906,0.0,0.0,14.03,0.0,1957.06,-0.501343,94.0,1,"[200.0, 200.0, 200.0, 200.0, 200.0, 200.0, 200.0, 200.0, 200.0, 200.0, 200.0, 200.0, 200.0, 200.0, 200.0, 200.0, 200.0, 200.0, 200.0, 200.0, 200.0, 200.0, 200.0, 200.0, 200.0, 200.0, 200.0, 200.0, 200.0, 200.0, 200.0, 200.0, 200.0, 200.0, 200.0, 200.0]",1,942.478,-0.191334,0.12509,-0.0143264,0.0,"[6.87419, 7.30242, 8.4977, 11.3775, 26.5616, 58.4659, 50.1063, 42.4437, 35.6931, 29.9811, 25.3145, 21.5961, 18.6723, 16.3811, 13.1559, 10.3811, 8.94518, 8.27886, 8.16406]",0.0860474,"[0.105647, -0.246507, 1.92733, -1.36495]",0.343565
0.0,0.0715906,0.0,0.0,14.05,0.0,1957.06,-0.502441,94.0,1,"[200.0, 200.0, 200.0, 200.0, 200.0, 200.0, 200.0, 200.0, 200.0, 200.0, 200.0, 200.0, 200.0, 200.0, 200.0, 200.0, 200.0, 200.0, 200.0, 200.0, 200.0, 200.0, 200.0, 200.0, 200.0, 200.0, 200.0, 200.0, 200.0, 200.0, 200.0, 200.0, 200.0, 200.0, 200.0, 200.0]",1,942.478,-0.192945,0.123808,-0.0143932,0.0,"[6.87341, 7.3016, 8.49674, 11.3761, 26.5498, 58.4669, 50.1075, 42.4451, 35.6947, 29.9826, 25.316, 21.5976, 18.6737, 16.3824, 13.157, 10.382, 8.94601, 8.27964, 8.16484]",0.0861501,"[-1.71259, 1.62872, -1.35453, 1.91732]",0.343555
0.0,0.0715915,0.0,0.0,14.07,0.0,1957.06,-0.503418,94.0,1,"[200.0, 200.0, 200.0, 200.0, 200.0, 200.0, 200.0, 200.0, 200.0, 200.0, 200.0, 200.0, 200.0, 200.0, 200.0, 200.0, 200.0, 200.0, 200.0, 200.0, 200.0, 200.0, 200.0, 200.0, 200.0, 200.0, 200.0, 200.0, 200.0, 200.0, 200.0, 200.0, 200.0, 200.0, 200.0, 200.0]",1,942.478,-0.191889,0.124966,-0.0143361,0.0,"[6.87265, 7.30078, 8.49578, 11.3747, 26.5386, 58.4678, 50.1087, 42.4465, 35.6961, 29.9841, 25.3175, 21.599, 18.675, 16.3837, 13.1581, 10.383, 8.94683, 8.28042, 8.16561]",0.0862518,"[0.117372, -0.23874, 1.92506, -1.36783]",0.343545
0.0,0.071593,0.0,0.0,14.09,0.0,1957.06,-0.504517,94.0,1,"[200.0, 200.0, 200.0, 200.0, 200.0, 200.0, 200.0, 200.0, 200.0, 200.0, 200.0, 200.0, 200.0, 200.0, 200.0, 200.0, 200.0, 200.0, 200.0, 200.0, 200.0, 200.0, 200.0, 200.0, 200.0, 200.0, 200.0, 200.0, 200.0, 200.0, 200.0, 200.0, 200.0, 200.0, 200.0, 200.0]",1,942.478,-0.192709,0.124206,-0.0143555,0.0,"[6.87188, 7.29996, 8.4948, 11.3733, 26.5274, 58.4688, 50.1098, 42.4478, 35.6975, 29.9856, 25.319, 21.6005, 18.6764, 16.3849, 13.1592, 10.3839, 8.94767, 8.2812, 8.16637]",0.0863546,"[-1.71269, 1.60453, -1.35931, 1.91301]",0.343536
0.0,0.071592,0.0,0.0,14.11,0.0,1957.05,-0.505615,94.0,1,"[200.0, 200.0, 200.0, 200.0, 200.0, 200.0, 200.0, 200.0, 200.0, 200.0, 200.0, 200.0, 200.0, 200.0, 200.0, 200.0, 200.0, 200.0, 200.0, 200.0, 200.0, 200.0, 200.0, 200.0, 200.0, 200.0, 200.0, 200.0, 200.0, 200.0, 200.0, 200.0, 200.0, 200.0, 200.0, 200.0]",1,942.478,-0.192021,0.124878,-0.0143712,0.0,"[6.8711, 7.29913, 8.49381, 11.3719, 26.515, 58.4699, 50.1111, 42.4493, 35.6991, 29.9873, 25.3206, 21.602, 18.6778, 16.3863, 13.1604, 10.3849, 8.9485, 8.28198, 8.16714]",0.0864573,"[0.114633, -0.235376, 1.91905, -1.37292]",0.343526
0.0,0.0715925,0.0,0.0,14.13,0.0,1957.05,-0.506592,94.0,1,"[200.0, 200.0, 200.0, 200.0, 200.0, 200.0, 200.0, 200.0, 200.0, 200.0, 200.0, 200.0, 200.0, 200.0, 200.0, 200.0, 200.0, 200.0, 200.0, 200.0, 200.0, 200.0, 200.0, 200.0, 200.0, 200.0, 200.0, 200.0, 200.0, 200.0, 200.0, 200.0, 200.0, 200.0, 200.0, 200.0]",1,942.478,-0.193185,0.123686,-0.0143771,0.0,"[6.87033, 7.2983, 8.49283, 11.3705, 26.5039, 58.4709, 50.1123, 42.4507, 35.7006, 29.9887, 25.3222, 21.6035, 18.6792, 16.3876, 13.1615, 10.3858, 8.94934, 8.28276, 8.16792]",0.0865601,"[-1.71292, 1.61649, -1.36189, 1.91331]",0.343517
0.0,0.071593,0.0,0.0,14.15,0.0,1957.05,-0.50769,94.0,1,"[200.0, 200.0, 200.0, 200.0, 200.0, 200.0, 200.0, 200.0, 200.0, 200.0, 200.0, 200.0, 200.0, 200.0, 200.0, 200.0, 200.0, 200.0, 200.0, 200.0, 200.0, 200.0, 200.0, 200.0, 200.0, 200.0, 200.0, 200.0, 200.0, 200.0, 200.0, 200.0, 200.0, 200.0, 200.0, 200.0]",1,942.478,-0.19259,0.124752,-0.0143621,0.0,"[6.86957, 7.29749, 8.49187, 11.3691, 26.4923, 58.4719, 50.1135, 42.452, 35.7021, 29.9903, 25.3236, 21.6049, 18.6806, 16.3888, 13.1626, 10.3867, 8.95017, 8.28353, 8.16869]",0.0866618,"[0.11489, -0.229721, 1.92195, -1.37064]",0.343507
0.0,0.071593,0.0,0.0,14.17,0.0,1957.05,-0.508789,94.0,1,"[200.0, 200.0, 200.0, 200.0, 200.0, 200.0, 200.0, 200.0, 200.0, 200.0, 200.0, 200.0, 200.0, 200.0, 200.0, 200.0, 200.0, 200.0, 200.0, 200.0, 200.0, 200.0, 200.0, 200.0, 200.0, 200.0, 200.0, 200.0, 200.0, 200.0, 200.0, 200.0, 200.0, 200.0, 200.0, 200.0]",1,942.478,-0.19342,0.123954,-0.0143737,0.0,"[6.8688, 7.29667, 8.49087, 11.3678, 26.4806, 58.4729, 50.1148, 42.4534, 35.7037, 29.9919, 25.3252, 21.6064, 18.682, 16.3902, 13.1638, 10.3877, 8.951, 8.28432, 8.16946]",0.0867645,"[-1.70982, 1.61469, -1.36521, 1.90894]",0.343499
0.0,0.0715925,0.0,0.0,14.19,0.0,1957.05,-0.509766,94.0,1,"[200.0, 200.0, 200.0, 200.0, 200.0, 200.0, 200.0, 200.0, 200.0, 200.0, 200.0, 200.0, 200.0, 200.0, 200.0, 200.0, 200.0, 200.0, 200.0, 200.0, 200.0, 200.0, 200.0, 200.0, 200.0, 200.0, 200.0, 200.0, 200.0, 200.0, 200.0, 200.0, 200.0, 200.0, 200.0, 200.0]",1,942.478,-0.192799,0.124698,-0.0143855,0.0,"[6.86802, 7.29583, 8.4899, 11.3663, 26.4687, 58.474, 50.1161, 42.4549, 35.7052, 29.9935, 25.3268, 21.608, 18.6834, 16.3915, 13.1649, 10.3886, 8.95184, 8.28509, 8.17023]",0.0868673,"[0.110142, -0.236318, 1.92294, -1.36931]",0.34349
0.0,0.0715925,0.0,0.0,14.21,0.0,1957.05,-0.510864,94.0,1,"[200.0, 200.0, 200.0, 200.0, 200.0, 200.0, 200.0, 200.0, 200.0, 200.0, 200.0, 200.0, 200.0, 200.0, 200.0, 200.0, 200.0, 200.0, 200.0, 200.0, 200.0, 200.0, 200.0, 200.0, 200.0, 200.0, 200.0, 200.0, 200.0, 200.0, 200.0, 200.0, 200.0, 200.0, 200.0, 200.0]",1,942.478,-0.19349,0.123463,-0.0143987,0.0,"[6.86726, 7.29502, 8.48892, 11.3649, 26.4571, 58.475, 50.1173, 42.4563, 35.7067, 29.995, 25.3284, 21.6094, 18.6848, 16.3928, 13.166, 10.3896, 8.95266, 8.28588, 8.17099]",0.086969,"[-1.70951, 1.60538, -1.36757, 1.90631]",0.343481
0.0,0.0715925,0.0,0.0,14.23,0.0,1957.05,-0.511963,94.0,1,"[200.0, 200.0, 200.0, 200.0, 200.0, 200.0, 200.0, 200.0, 200.0, 200.0, 200.0, 200.0, 200.0, 200.0, 200.0, 200.0, 200.0, 200.0, 200.0, 200.0, 200.0, 200.0, 200.0, 200.0, 200.0, 200.0, 200.0, 200.0, 200.0, 200.0, 200.0, 200.0, 200.0, 200.0, 200.0, 200.0]",1,942.478,-0.192763,0.124784,-0.0143606,0.0,"[6.86648, 7.29419, 8.48794, 11.3636, 26.4456, 58.4761, 50.1186, 42.4577, 35.7083, 29.9966, 25.3299, 21.6109, 18.6862, 16.3941, 13.1672, 10.3905, 8.9535, 8.28665, 8.17177]",0.0870717,"[0.110221, -0.246384, 1.91566, -1.37318]",0.343473
0.0,0.071592,0.0,0.0,14.25,0.0,1957.05,-0.512939,94.0,1,"[200.0, 200.0, 200.0, 200.0, 200.0, 200.0, 200.0, 200.0, 200.0, 200.0, 200.0, 200.0, 200.0, 200.0, 200.0, 200.0, 200.0, 200.0, 200.0, 200.0, 200.0, 200.0, 200.0, 200.0, 200.0, 200.0, 200.0, 200.0, 200.0, 200.0, 200.0, 200.0, 200.0, 200.0, 200.0, 200.0]",1,942.478,-0.194089,0.123713,-0.0143517,0.0,"[6.86572, 7.29336, 8.48697, 11.3622, 26.4338, 58.4771, 50.1198, 42.4592, 35.7098, 29.9982, 25.3315, 21.6124, 18.6876, 16.3954, 13.1683, 10.3915, 8.95433, 8.28742, 8.17253]",0.0871735,"[-1.70848, 1.63528, -1.37453, 1.89891]",0.343465
0.0,0.071593,0.0,0.0,14.27,0.0,1957.05,-0.514038,94.0,1,"[200.0, 200.0, 200.0, 200.0, 200.0, 200.0, 200.0, 200.0, 200.0, 200.0, 200.0, 200.0, 200.0, 200.0, 200.0, 200.0, 200.0, 200.0, 200.0, 200.0, 200.0, 200.0, 200.0, 200.0, 200.0, 200.0, 200.0, 200.0, 200.0, 200.0, 200.0, 200.0, 200.0, 200.0, 200.0, 200.0]",1,942.478,-0.192639,0.125155,-0.0143405,0.0,"[6.86494, 7.29254, 8.48598, 11.3608, 26.4227, 58.4781, 50.121, 42.4605, 35.7113, 29.9997, 25.333, 21.6139, 18.689, 16.3967, 13.1694, 10.3924, 8.95518, 8.28821, 8.17331]",0.0872772,"[0.111213, -0.266872, 1.91414, -1.37993]",0.343458
0.0,0.0715911,0.0,0.0,14.29,0.0,1957.05,-0.515137,94.0,1,"[200.0, 200.0, 200.0, 200.0, 200.0, 200.0, 200.0, 200.0, 200.0, 200.0, 200.0, 200.0, 200.0, 200.0, 200.0, 200.0, 200.0, 200.0, 200.0, 200.0, 200.0, 200.0, 200.0, 200.0, 200.0, 200.0, 200.0, 200.0, 200.0, 200.0, 200.0, 200.0, 200.0, 200.0, 200.0, 200.0]",1,942.478,-0.194567,0.123598,-0.0144116,0.0,"[6.86417, 7.29171, 8.485, 11.3593, 26.4104, 58.4793, 50.1224, 42.4621, 35.713, 30.0014, 25.3346, 21.6154, 18.6905, 16.398, 13.1706, 10.3933, 8.95601, 8.28899, 8.17407]",0.0873789,"[-1.70859, 1.63133, -1.36855, 1.9027]",0.34345
0.0,0.0715911,0.0,0.0,14.31,0.0,1957.04,-0.516235,94.0,1,"[200.0, 200.0, 200.0, 200.0, 200.0, 200.0, 200.0, 200.0, 200.0, 200.0, 200.0, 200.0, 200.0, 200.0, 200.0, 200.0, 200.0, 200.0, 200.0, 200.0, 200.0, 200.0, 200.0, 200.0, 200.0, 200.0, 200.0, 200.0, 200.0, 200.0, 200.0, 200.0, 200.0, 200.0, 200.0, 200.0]",1,942.478,-0.193242,0.12493,-0.0143602,0.0,"[6.8634, 7.29088, 8.48402, 11.3579, 26.399, 58.4804, 50.1236, 42.4635, 35.7145, 30.003, 25.3362, 21.6169, 18.6919, 16.3993, 13.1717, 10.3943, 8.95684, 8.28978, 8.17484]",0.0874817,"[0.10713, -0.244388, 1.91251, -1.38015]",0.343442
0.0,0.0715915,0.0,0.0,14.33,0.0,1957.04,-0.517212,94.0,1,"[200.0, 200.0, 200.0, 200.0, 200.0, 200.0, 200.0, 200.0, 200.0, 200.0, 200.0, 200.0, 200.0, 200.0, 200.0, 200.0, 200.0, 200.0, 200.0, 200.0, 200.0, 200.0, 200.0, 200.0, 200.0, 200.0, 200.0, 200.0, 200.0, 200.0, 200.0, 200.0, 200.0, 200.0, 200.0, 200.0]",1,942.478,-0.194471,0.123921,-0.0143951,0.0,"[6.86263, 7.29006, 8.48304, 11.3565, 26.3877, 58.4814, 50.1249, 42.4649, 35.716, 30.0045, 25.3377, 21.6184, 18.6933, 16.4007, 13.1728, 10.3952, 8.95768, 8.29056, 8.17562]",0.0875844,"[-1.70559, 1.61894, -1.37573, 1.89561]",0.343436
0.0,0.0715911,0.0,0.0,14.35,0.0,1957.04,-0.518311,94.0,1,"[200.0, 200.0, 200.0, 200.0, 200.0, 200.0, 200.0, 200.0, 200.0, 200.0, 200.0, 200.0, 200.0, 200.0, 200.0, 200.0, 200.0, 200.0, 200.0, 200.0, 200.0, 200.0, 200.0, 200.0, 200.0, 200.0, 200.0, 200.0, 200.0, 200.0, 200.0, 200.0, 200.0, 200.0, 200.0, 200.0]",1,942.478,-0.193656,0.124758,-0.0143549,0.0,"[6.86185, 7.28923, 8.48205, 11.3551, 26.3763, 58.4824, 50.1261, 42.4663, 35.7175, 30.0062, 25.3393, 21.6199, 18.6947, 16.402, 13.174, 10.3962, 8.95852, 8.29135, 8.17638]",0.0876872,"[0.114785, -0.23133, 1.90775, -1.3879]",0.343429
0.0,0.0715911,0.0,0.0,14.37,0.0,1957.04,-0.519409,94.0,1,"[200.0, 200.0, 200.0, 200.0, 200.0, 200.0, 200.0, 200.0, 200.0, 200.0, 200.0, 200.0, 200.0, 200.0, 200.0, 200.0, 200.0, 200.0, 200.0, 200.0, 200.0, 200.0, 200.0, 200.0, 200.0, 200.0, 200.0, 200.0, 200.0, 200.0, 200.0, 200.0, 200.0, 200.0, 200.0, 200.0]",1,942.478,-0.194775,0.123997,-0.0143699,0.0,"[6.86108, 7.28841, 8.48109, 11.3537, 26.365, 58.4834, 50.1274, 42.4677, 35.7191, 30.0077, 25.3408, 21.6214, 18.6961, 16.4033, 13.1751, 10.3971, 8.95934, 8.2921, 8.17715]",0.0877889,"[-1.70488, 1.61624, -1.37755, 1.89655]",0.343421
0.0,0.0715901,0.0,0.0,14.39,0.0,1957.04,-0.520386,94.0,1,"[200.0, 200.0, 200.0, 200.0, 200.0, 200.0, 200.0, 200.0, 200.0, 200.0, 200.0, 200.0, 200.0, 200.0, 200.0, 200.0, 200.0, 200.0, 200.0, 200.0, 200.0, 200.0, 200.0, 200.0, 200.0, 200.0, 200.0, 200.0, 200.0, 200.0, 200.0, 200.0, 200.0, 200.0, 200.0, 200.0]",1,942.478,-0.193734,0.124621,-0.0143448,0.0,"[6.86031, 7.28758, 8.4801, 11.3523, 26.3531, 58.4847, 50.1288, 42.4693, 35.7207, 30.0094, 25.3424, 21.6229, 18.6975, 16.4046, 13.1763, 10.3981, 8.96018, 8.2929, 8.17793]",0.0878916,"[0.106253, -0.236797, 1.90674, -1.38906]",0.343415
0.0,0.0715896,0.0,0.0,14.41,0.0,1957.04,-0.521484,94.0,1,"[200.0, 200.0, 200.0, 200.0, 200.0, 200.0, 200.0, 200.0, 200.0, 200.0, 200.0, 200.0, 200.0, 200.0, 200.0, 200.0, 200.0, 200.0, 200.0, 200.0, 200.0, 200.0, 200.0, 200.0, 200.0, 200.0, 200.0, 200.0, 200.0, 200.0, 200.0, 200.0, 200.0, 200.0, 200.0, 200.0]",1,942.478,-0.195017,0.123402,-0.0144252,0.0,"[6.85954, 7.28676, 8.4791, 11.3509, 26.3417, 58.4857, 50.13, 42.4707, 35.7222, 30.0109, 25.344, 21.6244, 18.6989, 16.406, 13.1774, 10.399, 8.96102, 8.29368, 8.1787]",0.0879944,"[-1.70059, 1.62312, -1.3842, 1.89037]",0.343409
0.0,0.0715896,0.0,0.0,14.43,0.0,1957.04,-0.522583,94.0,1,"[200.0, 200.0, 200.0, 200.0, 200.0, 200.0, 200.0, 200.0, 200.0, 200.0, 200.0, 200.0, 200.0, 200.0, 200.0, 200.0, 200.0, 200.0, 200.0, 200.0, 200.0, 200.0, 200.0, 200.0, 200.0, 200.0, 200.0, 200.0, 200.0, 200.0, 200.0, 200.0, 200.0, 200.0, 200.0, 200.0]",1,942.478,-0.194113,0.124578,-0.0143283,0.0,"[6.85876, 7.28593, 8.47813, 11.3495, 26.3302, 58.4867, 50.1313, 42.4721, 35.7238, 30.0125, 25.3456, 21.6259, 18.7003, 16.4073, 13.1785, 10.4, 8.96186, 8.29446, 8.17947]",0.0880971,"[0.109895, -0.23733, 1.90651, -1.38983]",0.343403
0.0,0.0715892,0.0,0.0,14.45,0.0,1957.04,-0.52356,94.0,1,"[200.0, 200.0, 200.0, 200.0, 200.0, 200.0, 200.0, 200.0, 200.0, 200.0, 200.0, 200.0, 200.0, 200.0, 200.0, 200.0, 200.0, 200.0, 200.0, 200.0, 200.0, 200.0, 200.0, 200.0, 200.0, 200.0, 200.0, 200.0, 200.0, 200.0, 200.0, 200.0, 200.0, 200.0, 200.0, 200.0]",1,942.478,-0.195283,0.123531,-0.0143763,0.0,"[6.858, 7.2851, 8.47715, 11.3481, 26.3192, 58.4878, 50.1325, 42.4735, 35.7253, 30.0141, 25.3472, 21.6274, 18.7017, 16.4086, 13.1797, 10.4009, 8.96269, 8.29523, 8.18024]",0.0881989,"[-1.70261, 1.62504, -1.38466, 1.88724]",0.343397
0.0,0.0715901,0.0,0.0,14.47,0.0,1957.04,-0.524658,94.0,1,"[200.0, 200.0, 200.0, 200.0, 200.0, 200.0, 200.0, 200.0, 200.0, 200.0, 200.0, 200.0, 200.0, 200.0, 200.0, 200.0, 200.0, 200.0, 200.0, 200.0, 200.0, 200.0, 200.0, 200.0, 200.0, 200.0, 200.0, 200.0, 200.0, 200.0, 200.0, 200.0, 200.0, 200.0, 200.0, 200.0]",1,942.478,-0.193868,0.124336,-0.0143738,0.0,"[6.85723, 7.28429, 8.47619, 11.3467, 26.3084, 58.4887, 50.1337, 42.4749, 35.7268, 30.0156, 25.3486, 21.6289, 18.7031, 16.4098, 13.1808, 10.4019, 8.96351, 8.29601, 8.181]",0.0883006,"[0.112485, -0.268531, 1.90263, -1.39201]",0.343391
0.0,0.0715882,0.0,0.0,14.49,0.0,1957.03,-0.525757,94.0,1,"[200.0, 200.0, 200.0, 200.0, 200.0, 200.0, 200.0, 200.0, 200.0, 200.0, 200.0, 200.0, 200.0, 200.0, 200.0, 200.0, 200.0, 200.0, 200.0, 200.0, 200.0, 200.0, 200.0, 200.0, 200.0, 200.0, 200.0, 200.0, 200.0, 200.0, 200.0, 200.0, 200.0, 200.0, 200.0, 200.0]",1,942.478,-0.195678,0.12351,-0.0144208,0.0,"[6.85645, 7.28345, 8.47519, 11.3453, 26.296, 58.49, 50.1351, 42.4765, 35.7284, 30.0173, 25.3503, 21.6304, 18.7046, 16.4112, 13.182, 10.4028, 8.96437, 8.2968, 8.18178]",0.0884043,"[-1.69959, 1.62918, -1.38768, 1.88591]",0.343387
0.0,0.0715868,0.0,0.0,14.51,0.0,1957.03,-0.526733,94.0,1,"[200.0, 200.0, 200.0, 200.0, 200.0, 200.0, 200.0, 200.0, 200.0, 200.0, 200.0, 200.0, 200.0, 200.0, 200.0, 200.0, 200.0, 200.0, 200.0, 200.0, 200.0, 200.0, 200.0, 200.0, 200.0, 200.0, 200.0, 200.0, 200.0, 200.0, 200.0, 200.0, 200.0, 200.0, 200.0, 200.0]",1,942.478,-0.194747,0.124464,-0.0143669,0.0,"[6.85569, 7.28264, 8.4742, 11.3439, 26.2846, 58.4912, 50.1365, 42.478, 35.73, 30.019, 25.3519, 21.632, 18.706, 16.4125, 13.1831, 10.4038, 8.9652, 8.29757, 8.18254]",0.0885061,"[0.112099, -0.239036, 1.90133, -1.38757]",0.343381
0.0,0.0715853,0.0,0.0,14.53,0.0,1957.03,-0.527832,94.0,1,"[200.0, 200.0, 200.0, 200.0, 200.0, 200.0, 200.0, 200.0, 200.0, 200.0, 200.0, 200.0, 200.0, 200.0, 200.0, 200.0, 200.0, 200.0, 200.0, 200.0, 200.0, 200.0, 200.0, 200.0, 200.0, 200.0, 200.0, 200.0, 200.0, 200.0, 200.0, 200.0, 200.0, 200.0, 200.0, 200.0]",1,942.478,-0.19589,0.123531,-0.0144135,0.0,"[6.85492, 7.2818, 8.47321, 11.3425, 26.273, 58.4923, 50.1379, 42.4795, 35.7317, 30.0206, 25.3535, 21.6335, 18.7074, 16.4139, 13.1843, 10.4047, 8.96604, 8.29836, 8.18332]",0.0886088,"[-1.69904, 1.63294, -1.3919, 1.88128]",0.343376
0.0,0.0715844,0.0,0.0,14.55,0.0,1957.03,-0.528931,94.0,1,"[200.0, 200.0, 200.0, 200.0, 200.0, 200.0, 200.0, 200.0, 200.0, 200.0, 200.0, 200.0, 200.0, 200.0, 200.0, 200.0, 200.0, 200.0, 200.0, 200.0, 200.0, 200.0, 200.0, 200.0, 200.0, 200.0, 200.0, 200.0, 200.0, 200.0, 200.0, 200.0, 200.0, 200.0, 200.0, 200.0]",1,942.478,-0.194669,0.124766,-0.0143765,0.0,"[6.85414, 7.28097, 8.47223, 11.341, 26.2615, 58.4935, 50.1392, 42.481, 35.7333, 30.0223, 25.3551, 21.6351, 18.7089, 16.4152, 13.1854, 10.4057, 8.96688, 8.29915, 8.18408]",0.0887115,"[0.10842, -0.242742, 1.89458, -1.39538]",0.343372
0.0,0.0715839,0.0,0.0,14.57,0.0,1957.03,-0.529907,94.0,1,"[200.0, 200.0, 200.0, 200.0, 200.0, 200.0, 200.0, 200.0, 200.0, 200.0, 200.0, 200.0, 200.0, 200.0, 200.0, 200.0, 200.0, 200.0, 200.0, 200.0, 200.0, 200.0, 200.0, 200.0, 200.0, 200.0, 200.0, 200.0, 200.0, 200.0, 200.0, 200.0, 200.0, 200.0, 200.0, 200.0]",1,942.478,-0.19627,0.123486,-0.0143909,0.0,"[6.85336, 7.28014, 8.47124, 11.3396, 26.2501, 58.4946, 50.1405, 42.4825, 35.7349, 30.0239, 25.3567, 21.6366, 18.7103, 16.4165, 13.1866, 10.4067, 8.96771, 8.29993, 8.18486]",0.0888143,"[-1.69571, 1.63996, -1.39519, 1.87879]",0.343367
0.0,0.0715834,0.0,0.0,14.59,0.0,1957.03,-0.531006,94.0,1,"[200.0, 200.0, 200.0, 200.0, 200.0, 200.0, 200.0, 200.0, 200.0, 200.0, 200.0, 200.0, 200.0, 200.0, 200.0, 200.0, 200.0, 200.0, 200.0, 200.0, 200.0, 200.0, 200.0, 200.0, 200.0, 200.0, 200.0, 200.0, 200.0, 200.0, 200.0, 200.0, 200.0, 200.0, 200.0, 200.0]",1,942.478,-0.195077,0.124782,-0.0143242,0.0,"[6.8526, 7.27933, 8.47027, 11.3383, 26.239, 58.4956, 50.1418, 42.4839, 35.7364, 30.0254, 25.3583, 21.638, 18.7117, 16.4178, 13.1877, 10.4076, 8.96854, 8.3007, 8.18562]",0.088916,"[0.117163, -0.258509, 1.90228, -1.394]",0.343362
0.0,0.0715815,0.0,0.0,14.61,0.0,1957.03,-0.532104,94.0,1,"[200.0, 200.0, 200.0, 200.0, 200.0, 200.0, 200.0, 200.0, 200.0, 200.0, 200.0, 200.0, 200.0, 200.0, 200.0, 200.0, 200.0, 200.0, 200.0, 200.0, 200.0, 200.0, 200.0, 200.0, 200.0, 200.0, 200.0, 200.0, 200.0, 200.0, 200.0, 200.0, 200.0, 200.0, 200.0, 200.0]",1,942.478,-0.196429,0.123416,-0.0144294,0.0,"[6.85184, 7.2785, 8.46928, 11.3368, 26.2275, 58.4969, 50.1432, 42.4854, 35.738, 30.0271, 25.3599, 21.6396, 18.7131, 16.4192, 13.1888, 10.4085, 8.96938, 8.30148, 8.18639]",0.0890177,"[-1.69981, 1.63856, -1.39619, 1.87552]",0.343358
0.0,0.0715811,0.0,0.0,14.63,0.0,1957.03,-0.533203,94.0,1,"[200.0, 200.0, 200.0, 200.0, 200.0, 200.0, 200.0, 200.0, 200.0, 200.0, 200.0, 200.0, 200.0, 200.0, 200.0, 200.0, 200.0, 200.0, 200.0, 200.0, 200.0, 200.0, 200.0, 200.0, 200.0, 200.0, 200.0, 200.0, 200.0, 200.0, 200.0, 200.0, 200.0, 200.0, 200.0, 200.0]",1,942.478,-0.195212,0.12472,-0.0143741,0.0,"[6.85107, 7.27768, 8.4683, 11.3354, 26.2162, 58.498, 50.1444, 42.4869, 35.7396, 30.0287, 25.3615, 21.6411, 18.7146, 16.4205, 13.19, 10.4095, 8.97022, 8.30226, 8.18716]",0.0891205,"[0.111498, -0.25078, 1.89444, -1.39745]",0.343354
0.0,0.0715801,0.0,0.0,14.65,0.0,1957.03,-0.53418,94.0,1,"[200.0, 200.0, 200.0, 200.0, 200.0, 200.0, 200.0, 200.0, 200.0, 200.0, 200.0, 200.0, 200.0, 200.0, 200.0, 200.0, 200.0, 200.0, 200.0, 200.0, 200.0, 200.0, 200.0, 200.0, 200.0, 200.0, 200.0, 200.0, 200.0, 200.0, 200.0, 200.0, 200.0, 200.0, 200.0, 200.0]",1,942.478,-0.19653,0.123674,-0.0143857,0.0,"[6.85028, 7.27684, 8.4673, 11.334, 26.2047, 58.4991, 50.1458, 42.4884, 35.7412, 30.0304, 25.3631, 21.6426, 18.716, 16.4218, 13.1911, 10.4104, 8.97107, 8.30305, 8.18794]",0.0892242,"[-1.69541, 1.62615, -1.40066, 1.87468]",0.343352
0.0,0.0715796,0.0,0.0,14.67,0.0,1957.02,-0.535278,94.0,1,"[200.0, 200.0, 200.0, 200.0, 200.0, 200.0, 200.0, 200.0, 200.0, 200.0, 200.0, 200.0, 200.0, 200.0, 200.0, 200.0, 200.0, 200.0, 200.0, 200.0, 200.0, 200.0, 200.0, 200.0, 200.0, 200.0, 200.0, 200.0, 200.0, 200.0, 200.0, 200.0, 200.0, 200.0, 200.0, 200.0]",1,942.478,-0.195302,0.124232,-0.0143633,0.0,"[6.84952, 7.27602, 8.46633, 11.3326, 26.194, 58.5002, 50.1471, 42.4899, 35.7428, 30.032, 25.3647, 21.6441, 18.7174, 16.4231, 13.1923, 10.4114, 8.9719, 8.30383, 8.1887]",0.089326,"[0.114671, -0.260783, 1.89237, -1.40159]",0.343348
0.0,0.0715777,0.0,0.0,14.69,0.0,1957.02,-0.536377,94.0,1,"[200.0, 200.0, 200.0, 200.0, 200.0, 200.0, 200.0, 200.0, 200.0, 200.0, 200.0, 200.0, 200.0, 200.0, 200.0, 200.0, 200.0, 200.0, 200.0, 200.0, 200.0, 200.0, 200.0, 200.0, 200.0, 200.0, 200.0, 200.0, 200.0, 200.0, 200.0, 200.0, 200.0, 200.0, 200.0, 200.0]",1,942.478,-0.196677,0.123344,-0.0143341,0.0,"[6.84875, 7.27519, 8.46534, 11.3312, 26.1824, 58.5014, 50.1485, 42.4914, 35.7444, 30.0336, 25.3663, 21.6457, 18.7189, 16.4245, 13.1934, 10.4123, 8.97273, 8.3046, 8.18947]",0.0894277,"[-1.69211, 1.62922, -1.40725, 1.86839]",0.343345
0.0,0.0715768,0.0,0.0,14.71,0.0,1957.02,-0.537354,94.0,1,"[200.0, 200.0, 200.0, 200.0, 200.0, 200.0, 200.0, 200.0, 200.0, 200.0, 200.0, 200.0, 200.0, 200.0, 200.0, 200.0, 200.0, 200.0, 200.0, 200.0, 200.0, 200.0, 200.0, 200.0, 200.0, 200.0, 200.0, 200.0, 200.0, 200.0, 200.0, 200.0, 200.0, 200.0, 200.0, 200.0]",1,942.478,-0.1958,0.124216,-0.0143753,0.0,"[6.84797, 7.27436, 8.46435, 11.3297, 26.1711, 58.5025, 50.1498, 42.4929, 35.746, 30.0353, 25.3679, 21.6473, 18.7203, 16.4258, 13.1946, 10.4133, 8.97357, 8.30539, 8.19025]",0.0895315,"[0.119165, -0.251969, 1.89032, -1.40176]",0.343343
0.0,0.0715739,0.0,0.0,14.73,0.0,1957.02,-0.538452,94.0,1,"[200.0, 200.0, 200.0, 200.0, 200.0, 200.0, 200.0, 200.0, 200.0, 200.0, 200.0, 200.0, 200.0, 200.0, 200.0, 200.0, 200.0, 200.0, 200.0, 200.0, 200.0, 200.0, 200.0, 200.0, 200.0, 200.0, 200.0, 200.0, 200.0, 200.0, 200.0, 200.0, 200.0, 200.0, 200.0, 200.0]",1,942.478,-0.197244,0.123303,-0.0143977,0.0,"[6.84721, 7.27354, 8.46337, 11.3283, 26.1592, 58.5038, 50.1513, 42.4946, 35.7477, 30.037, 25.3695, 21.6488, 18.7218, 16.4272, 13.1957, 10.4143, 8.97441, 8.30616, 8.191]",0.0896322,"[-1.69102, 1.63668, -1.40417, 1.86939]",0.343339
0.0,0.071573,0.0,0.0,14.75,0.0,1957.02,-0.539551,94.0,1,"[200.0, 200.0, 200.0, 200.0, 200.0, 200.0, 200.0, 200.0, 200.0, 200.0, 200.0, 200.0, 200.0, 200.0, 200.0, 200.0, 200.0, 200.0, 200.0, 200.0, 200.0, 200.0, 200.0, 200.0, 200.0, 200.0, 200.0, 200.0, 200.0, 200.0, 200.0, 200.0, 200.0, 200.0, 200.0, 200.0]",1,942.478,-0.196092,0.124344,-0.0143269,0.0,"[6.84642, 7.2727, 8.46237, 11.3269, 26.1477, 58.505, 50.1527, 42.4961, 35.7494, 30.0386, 25.3712, 21.6503, 18.7233, 16.4285, 13.1969, 10.4152, 8.97526, 8.30694, 8.19177]",0.0897359,"[0.113599, -0.240203, 1.88896, -1.40674]",0.343337
0.0,0.071571,0.0,0.0,14.77,0.0,1957.02,-0.540527,94.0,1,"[200.0, 200.0, 200.0, 200.0, 200.0, 200.0, 200.0, 200.0, 200.0, 200.0, 200.0, 200.0, 200.0, 200.0, 200.0, 200.0, 200.0, 200.0, 200.0, 200.0, 200.0, 200.0, 200.0, 200.0, 200.0, 200.0, 200.0, 200.0, 200.0, 200.0, 200.0, 200.0, 200.0, 200.0, 200.0, 200.0]",1,942.478,-0.197175,0.123339,-0.0143815,0.0,"[6.84566, 7.27188, 8.46139, 11.3255, 26.1364, 58.5062, 50.1541, 42.4977, 35.7511, 30.0403, 25.3728, 21.6519, 18.7247, 16.4299, 13.198, 10.4162, 8.97609, 8.30772, 8.19254]",0.0898376,"[-1.69682, 1.64018, -1.41324, 1.86149]",0.343335
0.0,0.0715696,0.0,0.0,14.79,0.0,1957.02,-0.541626,94.0,1,"[200.0, 200.0, 200.0, 200.0, 200.0, 200.0, 200.0, 200.0, 200.0, 200.0, 200.0, 200.0, 200.0, 200.0, 200.0, 200.0, 200.0, 200.0, 200.0, 200.0, 200.0, 200.0, 200.0, 200.0, 200.0, 200.0, 200.0, 200.0, 200.0, 200.0, 200.0, 200.0, 200.0, 200.0, 200.0, 200.0]",1,942.478,-0.195848,0.124679,-0.0143258,0.0,"[6.84489, 7.27106, 8.46041, 11.3241, 26.1254, 58.5074, 50.1554, 42.4991, 35.7526, 30.042, 25.3744, 21.6534, 18.7261, 16.4312, 13.1992, 10.4171, 8.97692, 8.30851, 8.19331]",0.0899394,"[0.109845, -0.256071, 1.88329, -1.41381]",0.343333
0.0,0.0715677,0.0,0.0,14.81,0.0,1957.02,-0.542725,94.0,1,"[200.0, 200.0, 200.0, 200.0, 200.0, 200.0, 200.0, 200.0, 200.0, 200.0, 200.0, 200.0, 200.0, 200.0, 200.0, 200.0, 200.0, 200.0, 200.0, 200.0, 200.0, 200.0, 200.0, 200.0, 200.0, 200.0, 200.0, 200.0, 200.0, 200.0, 200.0, 200.0, 200.0, 200.0, 200.0, 200.0]",1,942.478,-0.197532,0.123394,-0.0144086,0.0,"[6.84412, 7.27022, 8.45941, 11.3226, 26.1139, 58.5086, 50.1569, 42.5007, 35.7543, 30.0436, 25.3761, 21.655, 18.7276, 16.4325, 13.2003, 10.4181, 8.97777, 8.30929, 8.19408]",0.0900421,"[-1.68598, 1.64235, -1.41881, 1.85725]",0.343332
0.0,0.0715663,0.0,0.0,14.83,0.0,1957.02,-0.543823,94.0,1,"[200.0, 200.0, 200.0, 200.0, 200.0, 200.0, 200.0, 200.0, 200.0, 200.0, 200.0, 200.0, 200.0, 200.0, 200.0, 200.0, 200.0, 200.0, 200.0, 200.0, 200.0, 200.0, 200.0, 200.0, 200.0, 200.0, 200.0, 200.0, 200.0, 200.0, 200.0, 200.0, 200.0, 200.0, 200.0, 200.0]",1,942.478,-0.196276,0.124568,-0.0144033,0.0,"[6.84335, 7.2694, 8.45842, 11.3212, 26.1028, 58.5097, 50.1582, 42.5022, 35.7559, 30.0453, 25.3777, 21.6565, 18.729, 16.4339, 13.2015, 10.419, 8.9786, 8.31006, 8.19484]",0.0901438,"[0.110279, -0.25279, 1.88163, -1.41075]",0.34333
0.0,0.0715644,0.0,0.0,14.85,0.0,1957.02,-0.5448,94.0,1,"[200.0, 200.0, 200.0, 200.0, 200.0, 200.0, 200.0, 200.0, 200.0, 200.0, 200.0, 200.0, 200.0, 200.0, 200.0, 200.0, 200.0, 200.0, 200.0, 200.0, 200.0, 200.0, 200.0, 200.0, 200.0, 200.0, 200.0, 200.0, 200.0, 200.0, 200.0, 200.0, 200.0, 200.0, 200.0, 200.0]",1,942.478,-0.197665,0.123444,-0.0143546,0.0,"[6.84258, 7.26857, 8.45744, 11.3198, 26.0914, 58.511, 50.1597, 42.5038, 35.7576, 30.0469, 25.3793, 21.6581, 18.7304, 16.4352, 13.2026, 10.42, 8.97944, 8.31085, 8.19562]",0.0902466,"[-1.69104, 1.63448, -1.41686, 1.85719]",0.343329
0.0,0.0715634,0.0,0.0,14.87,0.0,1957.01,-0.545898,94.0,1,"[200.0, 200.0, 200.0, 200.0, 200.0, 200.0, 200.0, 200.0, 200.0, 200.0, 200.0, 200.0, 200.0, 200.0, 200.0, 200.0, 200.0, 200.0, 200.0, 200.0, 200.0, 200.0, 200.0, 200.0, 200.0, 200.0, 200.0, 200.0, 200.0, 200.0, 200.0, 200.0, 200.0, 200.0, 200.0, 200.0]",1,942.478,-0.196401,0.124003,-0.0143595,0.0,"[6.84181, 7.26775, 8.45645, 11.3184, 26.0806, 58.5121, 50.1609, 42.5053, 35.7592, 30.0486, 25.3809, 21.6596, 18.7319, 16.4366, 13.2038, 10.4209, 8.98028, 8.31162, 8.19637]",0.0903483,"[0.110499, -0.27538, 1.88648, -1.40682]",0.343328
0.0,0.0715596,0.0,0.0,14.89,0.0,1957.01,-0.546997,94.0,1,"[200.0, 200.0, 200.0, 200.0, 200.0, 200.0, 200.0, 200.0, 200.0, 200.0, 200.0, 200.0, 200.0, 200.0, 200.0, 200.0, 200.0, 200.0, 200.0, 200.0, 200.0, 200.0, 200.0, 200.0, 200.0, 200.0, 200.0, 200.0, 200.0, 200.0, 200.0, 200.0, 200.0, 200.0, 200.0, 200.0]",1,942.478,-0.198221,0.123211,-0.0143684,0.0,"[6.84105, 7.26692, 8.45546, 11.3169, 26.0686, 58.5135, 50.1625, 42.507, 35.7609, 30.0504, 25.3826, 21.6612, 18.7334, 16.4379, 13.205, 10.4219, 8.98112, 8.3124, 8.19714]",0.09045,"[-1.68068, 1.63837, -1.4179, 1.85744]",0.343327
0.0,0.0715577,0.0,0.0,14.91,0.0,1957.01,-0.547974,94.0,1,"[200.0, 200.0, 200.0, 200.0, 200.0, 200.0, 200.0, 200.0, 200.0, 200.0, 200.0, 200.0, 200.0, 200.0, 200.0, 200.0, 200.0, 200.0, 200.0, 200.0, 200.0, 200.0, 200.0, 200.0, 200.0, 200.0, 200.0, 200.0, 200.0, 200.0, 200.0, 200.0, 200.0, 200.0, 200.0, 200.0]",1,942.478,-0.197046,0.12416,-0.0143185,0.0,"[6.84028, 7.26609, 8.45446, 11.3155, 26.0572, 58.5148, 50.164, 42.5086, 35.7626, 30.0521, 25.3843, 21.6628, 18.7348, 16.4393, 13.2061, 10.4229, 8.98196, 8.31318, 8.19791]",0.0905528,"[0.109854, -0.25207, 1.88507, -1.40797]",0.343327
0.0,0.0715548,0.0,0.0,14.93,0.0,1957.01,-0.549072,94.0,1,"[200.0, 200.0, 200.0, 200.0, 200.0, 200.0, 200.0, 200.0, 200.0, 200.0, 200.0, 200.0, 200.0, 200.0, 200.0, 200.0, 200.0, 200.0, 200.0, 200.0, 200.0, 200.0, 200.0, 200.0, 200.0, 200.0, 200.0, 200.0, 200.0, 200.0, 200.0, 200.0, 200.0, 200.0, 200.0, 200.0]",1,942.478,-0.198557,0.123222,-0.014322,0.0,"[6.83952, 7.26527, 8.45347, 11.3141, 26.0456, 58.5161, 50.1655, 42.5102, 35.7643, 30.0537, 25.3859, 21.6643, 18.7363, 16.4406, 13.2073, 10.4238, 8.9828, 8.31395, 8.19867]",0.0906535,"[-1.68375, 1.63412, -1.41384, 1.86045]",0.343326
0.0,0.0715534,0.0,0.0,14.95,0.0,1957.01,-0.550171,94.0,1,"[200.0, 200.0, 200.0, 200.0, 200.0, 200.0, 200.0, 200.0, 200.0, 200.0, 200.0, 200.0, 200.0, 200.0, 200.0, 200.0, 200.0, 200.0, 200.0, 200.0, 200.0, 200.0, 200.0, 200.0, 200.0, 200.0, 200.0, 200.0, 200.0, 200.0, 200.0, 200.0, 200.0, 200.0, 200.0, 200.0]",1,942.478,-0.197095,0.123772,-0.0143162,0.0,"[6.83875, 7.26445, 8.45251, 11.3126, 26.0348, 58.5172, 50.1668, 42.5117, 35.7659, 30.0554, 25.3875, 21.6659, 18.7377, 16.442, 13.2084, 10.4248, 8.98362, 8.31473, 8.19942]",0.0907552,"[0.10943, -0.276392, 1.88983, -1.40517]",0.343326
0.0,0.0715491,0.0,0.0,14.97,0.0,1957.01,-0.551147,94.0,1,"[200.0, 200.0, 200.0, 200.0, 200.0, 200.0, 200.0, 200.0, 200.0, 200.0, 200.0, 200.0, 200.0, 200.0, 200.0, 200.0, 200.0, 200.0, 200.0, 200.0, 200.0, 200.0, 200.0, 200.0, 200.0, 200.0, 200.0, 200.0, 200.0, 200.0, 200.0, 200.0, 200.0, 200.0, 200.0, 200.0]",1,942.478,-0.198889,0.123022,-0.0143211,0.0,"[6.83799, 7.26363, 8.45152, 11.3112, 26.0228, 58.5187, 50.1684, 42.5135, 35.7678, 30.0572, 25.3893, 21.6675, 18.7392, 16.4433, 13.2096, 10.4257, 8.98445, 8.3155, 8.20018]",0.0908559,"[-1.68492, 1.64622, -1.41773, 1.8576]",0.343326
0.0,0.0715462,0.0,0.0,14.99,0.0,1957.01,-0.552246,94.0,1,"[200.0, 200.0, 200.0, 200.0, 200.0, 200.0, 200.0, 200.0, 200.0, 200.0, 200.0, 200.0, 200.0, 200.0, 200.0, 200.0, 200.0, 200.0, 200.0, 200.0, 200.0, 200.0, 200.0, 200.0, 200.0, 200.0, 200.0, 200.0, 200.0, 200.0, 200.0, 200.0, 200.0, 200.0, 200.0, 200.0]",1,942.478,-0.19738,0.124369,-0.0143131,0.0,"[6.83723, 7.2628, 8.45053, 11.3098, 26.0113, 58.52, 50.1699, 42.5151, 35.7694, 30.0589, 25.3909, 21.669, 18.7407, 16.4447, 13.2108, 10.4267, 8.98529, 8.31628, 8.20094]",0.0909566,"[0.110965, -0.271574, 1.8861, -1.40857]",0.343326
0.0,0.071542,0.0,0.0,15.01,0.0,1957.01,-0.553345,94.0,1,"[200.0, 200.0, 200.0, 200.0, 200.0, 200.0, 200.0, 200.0, 200.0, 200.0, 200.0, 200.0, 200.0, 200.0, 200.0, 200.0, 200.0, 200.0, 200.0, 200.0, 200.0, 200.0, 200.0, 200.0, 200.0, 200.0, 200.0, 200.0, 200.0, 200.0, 200.0, 200.0, 200.0, 200.0, 200.0, 200.0]",1,942.478,-0.198818,0.122749,-0.01431,0.0,"[6.83646, 7.26197, 8.44952, 11.3083, 25.9995, 58.5214, 50.1716, 42.5169, 35.7712, 30.0607, 25.3927, 21.6707, 18.7422, 16.4461, 13.212, 10.4277, 8.98614, 8.31705, 8.2017]",0.0910584,"[-1.68376, 1.62638, -1.41824, 1.85527]",0.343327
0.0,0.0715386,0.0,0.0,15.03,0.0,1957.01,-0.554443,94.0,1,"[200.0, 200.0, 200.0, 200.0, 200.0, 200.0, 200.0, 200.0, 200.0, 200.0, 200.0, 200.0, 200.0, 200.0, 200.0, 200.0, 200.0, 200.0, 200.0, 200.0, 200.0, 200.0, 200.0, 200.0, 200.0, 200.0, 200.0, 200.0, 200.0, 200.0, 200.0, 200.0, 200.0, 200.0, 200.0, 200.0]",1,942.478,-0.19812,0.123807,-0.0143291,0.0,"[6.8357, 7.26115, 8.44854, 11.3069, 25.988, 58.5228, 50.1731, 42.5185, 35.773, 30.0625, 25.3944, 21.6723, 18.7437, 16.4475, 13.2131, 10.4286, 8.98697, 8.31783, 8.20245]",0.0911591,"[0.111108, -0.250261, 1.8876, -1.40511]",0.343328
0.0,0.0715353,0.0,0.0,15.05,0.0,1957.0,-0.55542,94.0,1,"[200.0, 200.0, 200.0, 200.0, 200.0, 200.0, 200.0, 200.0, 200.0, 200.0, 200.0, 200.0, 200.0, 200.0, 200.0, 200.0, 200.0, 200.0, 200.0, 200.0, 200.0, 200.0, 200.0, 200.0, 200.0, 200.0, 200.0, 200.0, 200.0, 200.0, 200.0, 200.0, 200.0, 200.0, 200.0, 200.0]",1,942.478,-0.19914,0.123174,-0.0143372,0.0,"[6.83493, 7.26034, 8.44756, 11.3055, 25.9766, 58.5241, 50.1746, 42.5202, 35.7747, 30.0642, 25.3961, 21.6739, 18.7452, 16.4488, 13.2143, 10.4296, 8.9878, 8.3186, 8.20322]",0.0912608,"[-1.67866, 1.62146, -1.41853, 1.85584]",0.34333
0.0,0.071531,0.0,0.0,15.07,0.0,1957.0,-0.556519,94.0,1,"[200.0, 200.0, 200.0, 200.0, 200.0, 200.0, 200.0, 200.0, 200.0, 200.0, 200.0, 200.0, 200.0, 200.0, 200.0, 200.0, 200.0, 200.0, 200.0, 200.0, 200.0, 200.0, 200.0, 200.0, 200.0, 200.0, 200.0, 200.0, 200.0, 200.0, 200.0, 200.0, 200.0, 200.0, 200.0, 200.0]",1,942.478,-0.198629,0.123826,-0.0142968,0.0,"[6.83418, 7.25951, 8.44657, 11.304, 25.9647, 58.5256, 50.1762, 42.522, 35.7765, 30.066, 25.3978, 21.6755, 18.7467, 16.4502, 13.2155, 10.4305, 8.98865, 8.31938, 8.20397]",0.0913615,"[0.123369, -0.249164, 1.88766, -1.40509]",0.343331
0.0,0.0715267,0.0,0.0,15.09,0.0,1957.0,-0.557495,94.0,1,"[200.0, 200.0, 200.0, 200.0, 200.0, 200.0, 200.0, 200.0, 200.0, 200.0, 200.0, 200.0, 200.0, 200.0, 200.0, 200.0, 200.0, 200.0, 200.0, 200.0, 200.0, 200.0, 200.0, 200.0, 200.0, 200.0, 200.0, 200.0, 200.0, 200.0, 200.0, 200.0, 200.0, 200.0, 200.0, 200.0]",1,942.478,-0.199231,0.122676,-0.0142891,0.0,"[6.83341, 7.25867, 8.44556, 11.3025, 25.9531, 58.527, 50.1779, 42.5237, 35.7784, 30.0678, 25.3996, 21.6771, 18.7482, 16.4516, 13.2167, 10.4315, 8.98949, 8.32016, 8.20473]",0.0914632,"[-1.6776, 1.6197, -1.42241, 1.85243]",0.343333
0.0,0.0715224,0.0,0.0,15.11,0.0,1957.0,-0.558594,94.0,1,"[200.0, 200.0, 200.0, 200.0, 200.0, 200.0, 200.0, 200.0, 200.0, 200.0, 200.0, 200.0, 200.0, 200.0, 200.0, 200.0, 200.0, 200.0, 200.0, 200.0, 200.0, 200.0, 200.0, 200.0, 200.0, 200.0, 200.0, 200.0, 200.0, 200.0, 200.0, 200.0, 200.0, 200.0, 200.0, 200.0]",1,942.478,-0.198708,0.123727,-0.0143183,0.0,"[6.83264, 7.25786, 8.44457, 11.3011, 25.9413, 58.5284, 50.1795, 42.5254, 35.7801, 30.0696, 25.4013, 21.6788, 18.7497, 16.453, 13.2178, 10.4324, 8.99033, 8.32092, 8.20549]",0.0915639,"[0.114423, -0.244485, 1.88462, -1.40905]",0.343334
0.0,0.0715186,0.0,0.0,15.13,0.0,1957.0,-0.559692,94.0,1,"[200.0, 200.0, 200.0, 200.0, 200.0, 200.0, 200.0, 200.0, 200.0, 200.0, 200.0, 200.0, 200.0, 200.0, 200.0, 200.0, 200.0, 200.0, 200.0, 200.0, 200.0, 200.0, 200.0, 200.0, 200.0, 200.0, 200.0, 200.0, 200.0, 200.0, 200.0, 200.0, 200.0, 200.0, 200.0, 200.0]",1,942.478,-0.199803,0.122881,-0.0143013,0.0,"[6.83189, 7.25704, 8.44359, 11.2996, 25.9298, 58.5299, 50.181, 42.5271, 35.7819, 30.0714, 25.403, 21.6804, 18.7512, 16.4544, 13.219, 10.4334, 8.99116, 8.32171, 8.20625]",0.0916646,"[-1.68018, 1.64235, -1.42517, 1.85151]",0.343337
0.0,0.0715138,0.0,0.0,15.15,0.0,1957.0,-0.560791,94.0,1,"[200.0, 200.0, 200.0, 200.0, 200.0, 200.0, 200.0, 200.0, 200.0, 200.0, 200.0, 200.0, 200.0, 200.0, 200.0, 200.0, 200.0, 200.0, 200.0, 200.0, 200.0, 200.0, 200.0, 200.0, 200.0, 200.0, 200.0, 200.0, 200.0, 200.0, 200.0, 200.0, 200.0, 200.0, 200.0, 200.0]",1,942.478,-0.198748,0.123868,-0.0143216,0.0,"[6.83112, 7.2562, 8.44258, 11.2982, 25.9179, 58.5314, 50.1827, 42.5289, 35.7838, 30.0732, 25.4047, 21.6821, 18.7527, 16.4558, 13.2202, 10.4344, 8.992, 8.32248, 8.20701]",0.0917664,"[0.109851, -0.247006, 1.88211, -1.41285]",0.343339
0.0,0.0715095,0.0,0.0,15.17,0.0,1957.0,-0.561768,94.0,1,"[200.0, 200.0, 200.0, 200.0, 200.0, 200.0, 200.0, 200.0, 200.0, 200.0, 200.0, 200.0, 200.0, 200.0, 200.0, 200.0, 200.0, 200.0, 200.0, 200.0, 200.0, 200.0, 200.0, 200.0, 200.0, 200.0, 200.0, 200.0, 200.0, 200.0, 200.0, 200.0, 200.0, 200.0, 200.0, 200.0]",1,942.478,-0.20016,0.122641,-0.014343,0.0,"[6.83036, 7.25538, 8.4416, 11.2967, 25.9061, 58.5328, 50.1843, 42.5306, 35.7856, 30.075, 25.4065, 21.6837, 18.7542, 16.4572, 13.2214, 10.4353, 8.99284, 8.32325, 8.20776]",0.0918671,"[-1.67242, 1.64675, -1.42801, 1.84807]",0.343342
0.0,0.0715062,0.0,0.0,15.19,0.0,1957.0,-0.562866,94.0,1,"[200.0, 200.0, 200.0, 200.0, 200.0, 200.0, 200.0, 200.0, 200.0, 200.0, 200.0, 200.0, 200.0, 200.0, 200.0, 200.0, 200.0, 200.0, 200.0, 200.0, 200.0, 200.0, 200.0, 200.0, 200.0, 200.0, 200.0, 200.0, 200.0, 200.0, 200.0, 200.0, 200.0, 200.0, 200.0, 200.0]",1,942.478,-0.19887,0.123917,-0.0142868,0.0,"[6.8296, 7.25457, 8.44061, 11.2953, 25.8952, 58.5341, 50.1859, 42.5323, 35.7873, 30.0768, 25.4082, 21.6853, 18.7557, 16.4585, 13.2225, 10.4363, 8.99368, 8.32403, 8.20852]",0.0919678,"[0.121428, -0.261644, 1.87966, -1.41629]",0.343344
0.0,0.0715014,0.0,0.0,15.21,0.0,1957.0,-0.563965,94.0,1,"[200.0, 200.0, 200.0, 200.0, 200.0, 200.0, 200.0, 200.0, 200.0, 200.0, 200.0, 200.0, 200.0, 200.0, 200.0, 200.0, 200.0, 200.0, 200.0, 200.0, 200.0, 200.0, 200.0, 200.0, 200.0, 200.0, 200.0, 200.0, 200.0, 200.0, 200.0, 200.0, 200.0, 200.0, 200.0, 200.0]",1,942.478,-0.200108,0.122928,-0.0143142,0.0,"[6.82883, 7.25373, 8.43961, 11.2939, 25.8832, 58.5356, 50.1875, 42.5341, 35.7892, 30.0786, 25.4099, 21.6869, 18.7572, 16.4599, 13.2237, 10.4373, 8.99452, 8.32481, 8.20927]",0.0920695,"[-1.67661, 1.63816, -1.42991, 1.84434]",0.343348
0.0,0.0714971,0.0,0.0,15.23,0.0,1957.0,-0.564941,94.0,1,"[200.0, 200.0, 200.0, 200.0, 200.0, 200.0, 200.0, 200.0, 200.0, 200.0, 200.0, 200.0, 200.0, 200.0, 200.0, 200.0, 200.0, 200.0, 200.0, 200.0, 200.0, 200.0, 200.0, 200.0, 200.0, 200.0, 200.0, 200.0, 200.0, 200.0, 200.0, 200.0, 200.0, 200.0, 200.0, 200.0]",1,942.478,-0.198991,0.123643,-0.0143165,0.0,"[6.82807, 7.25291, 8.43861, 11.2924, 25.8718, 58.5371, 50.1892, 42.5358, 35.7909, 30.0804, 25.4116, 21.6885, 18.7587, 16.4613, 13.2249, 10.4382, 8.99535, 8.32558, 8.21003]",0.0921702,"[0.108231, -0.25917, 1.88046, -1.41619]",0.343351
0.0,0.0714924,0.0,0.0,15.25,0.0,1956.99,-0.56604,94.0,1,"[200.0, 200.0, 200.0, 200.0, 200.0, 200.0, 200.0, 200.0, 200.0, 200.0, 200.0, 200.0, 200.0, 200.0, 200.0, 200.0, 200.0, 200.0, 200.0, 200.0, 200.0, 200.0, 200.0, 200.0, 200.0, 200.0, 200.0, 200.0, 200.0, 200.0, 200.0, 200.0, 200.0, 200.0, 200.0, 200.0]",1,942.478,-0.200531,0.122711,-0.0143318,0.0,"[6.82731, 7.25208, 8.43763, 11.2909, 25.8599, 58.5386, 50.1908, 42.5376, 35.7928, 30.0822, 25.4134, 21.6902, 18.7603, 16.4627, 13.2261, 10.4392, 8.9962, 8.32635, 8.21079]",0.0922709,"[-1.67948, 1.65374, -1.43217, 1.84364]",0.343354
0.0,0.0714881,0.0,0.0,15.27,0.0,1956.99,-0.567139,94.0,1,"[200.0, 200.0, 200.0, 200.0, 200.0, 200.0, 200.0, 200.0, 200.0, 200.0, 200.0, 200.0, 200.0, 200.0, 200.0, 200.0, 200.0, 200.0, 200.0, 200.0, 200.0, 200.0, 200.0, 200.0, 200.0, 200.0, 200.0, 200.0, 200.0, 200.0, 200.0, 200.0, 200.0, 200.0, 200.0, 200.0]",1,942.478,-0.199128,0.123999,-0.0142897,0.0,"[6.82655, 7.25126, 8.43662, 11.2895, 25.8483, 58.54, 50.1924, 42.5394, 35.7947, 30.084, 25.4151, 21.6918, 18.7618, 16.4641, 13.2273, 10.4402, 8.99704, 8.32713, 8.21156]",0.0923726,"[0.107911, -0.25978, 1.87783, -1.41994]",0.343358
0.0,0.0714833,0.0,0.0,15.29,0.0,1956.99,-0.568237,94.0,1,"[200.0, 200.0, 200.0, 200.0, 200.0, 200.0, 200.0, 200.0, 200.0, 200.0, 200.0, 200.0, 200.0, 200.0, 200.0, 200.0, 200.0, 200.0, 200.0, 200.0, 200.0, 200.0, 200.0, 200.0, 200.0, 200.0, 200.0, 200.0, 200.0, 200.0, 200.0, 200.0, 200.0, 200.0, 200.0, 200.0]",1,942.478,-0.200826,0.122703,-0.0143148,0.0,"[6.82578, 7.25043, 8.43563, 11.288, 25.8369, 58.5415, 50.1941, 42.5412, 35.7965, 30.0859, 25.4169, 21.6935, 18.7633, 16.4655, 13.2284, 10.4411, 8.99787, 8.3279, 8.21231]",0.0924734,"[-1.66688, 1.64789, -1.43451, 1.84024]",0.343362
0.0,0.0714795,0.0,0.0,15.31,0.0,1956.99,-0.569214,94.0,1,"[200.0, 200.0, 200.0, 200.0, 200.0, 200.0, 200.0, 200.0, 200.0, 200.0, 200.0, 200.0, 200.0, 200.0, 200.0, 200.0, 200.0, 200.0, 200.0, 200.0, 200.0, 200.0, 200.0, 200.0, 200.0, 200.0, 200.0, 200.0, 200.0, 200.0, 200.0, 200.0, 200.0, 200.0, 200.0, 200.0]",1,942.478,-0.199576,0.123788,-0.0143032,0.0,"[6.82502, 7.24961, 8.43464, 11.2866, 25.8256, 58.5429, 50.1956, 42.5429, 35.7982, 30.0877, 25.4186, 21.6951, 18.7648, 16.4669, 13.2296, 10.4421, 8.99871, 8.32868, 8.21307]",0.0925751,"[0.111676, -0.249454, 1.8766, -1.4215]",0.343367
0.0,0.0714752,0.0,0.0,15.33,0.0,1956.99,-0.570313,94.0,1,"[200.0, 200.0, 200.0, 200.0, 200.0, 200.0, 200.0, 200.0, 200.0, 200.0, 200.0, 200.0, 200.0, 200.0, 200.0, 200.0, 200.0, 200.0, 200.0, 200.0, 200.0, 200.0, 200.0, 200.0, 200.0, 200.0, 200.0, 200.0, 200.0, 200.0, 200.0, 200.0, 200.0, 200.0, 200.0, 200.0]",1,942.478,-0.200499,0.122476,-0.0143093,0.0,"[6.82426, 7.24878, 8.43364, 11.2851, 25.814, 58.5443, 50.1973, 42.5446, 35.8001, 30.0894, 25.4204, 21.6967, 18.7663, 16.4683, 13.2308, 10.4431, 8.99955, 8.32946, 8.21382]",0.0926758,"[-1.67053, 1.62391, -1.43755, 1.83868]",0.343371
0.0,0.07147,0.0,0.0,15.35,0.0,1956.99,-0.571411,94.0,1,"[200.0, 200.0, 200.0, 200.0, 200.0, 200.0, 200.0, 200.0, 200.0, 200.0, 200.0, 200.0, 200.0, 200.0, 200.0, 200.0, 200.0, 200.0, 200.0, 200.0, 200.0, 200.0, 200.0, 200.0, 200.0, 200.0, 200.0, 200.0, 200.0, 200.0, 200.0, 200.0, 200.0, 200.0, 200.0, 200.0]",1,942.478,-0.199807,0.12378,-0.0143159,0.0,"[6.82349, 7.24796, 8.43264, 11.2837, 25.8025, 58.5459, 50.199, 42.5465, 35.8019, 30.0913, 25.4221, 21.6984, 18.7678, 16.4697, 13.232, 10.444, 9.00039, 8.33023, 8.21458]",0.0927765,"[0.107042, -0.25162, 1.8766, -1.41811]",0.343375
0.0,0.0714657,0.0,0.0,15.37,0.0,1956.99,-0.572388,94.0,1,"[200.0, 200.0, 200.0, 200.0, 200.0, 200.0, 200.0, 200.0, 200.0, 200.0, 200.0, 200.0, 200.0, 200.0, 200.0, 200.0, 200.0, 200.0, 200.0, 200.0, 200.0, 200.0, 200.0, 200.0, 200.0, 200.0, 200.0, 200.0, 200.0, 200.0, 200.0, 200.0, 200.0, 200.0, 200.0, 200.0]",1,942.478,-0.20073,0.122446,-0.0142799,0.0,"[6.82273, 7.24712, 8.43164, 11.2822, 25.7909, 58.5474, 50.2006, 42.5482, 35.8038, 30.0931, 25.4239, 21.7, 18.7694, 16.4711, 13.2332, 10.445, 9.00124, 8.33101, 8.21534]",0.0928782,"[-1.66864, 1.62581, -1.43918, 1.83519]",0.343381
0.0,0.0714604,0.0,0.0,15.39,0.0,1956.99,-0.573486,94.0,1,"[200.0, 200.0, 200.0, 200.0, 200.0, 200.0, 200.0, 200.0, 200.0, 200.0, 200.0, 200.0, 200.0, 200.0, 200.0, 200.0, 200.0, 200.0, 200.0, 200.0, 200.0, 200.0, 200.0, 200.0, 200.0, 200.0, 200.0, 200.0, 200.0, 200.0, 200.0, 200.0, 200.0, 200.0, 200.0, 200.0]",1,942.478,-0.20008,0.123649,-0.0143209,0.0,"[6.82197, 7.2463, 8.43065, 11.2808, 25.7797, 58.5488, 50.2023, 42.55, 35.8056, 30.0949, 25.4256, 21.7017, 18.7709, 16.4725, 13.2344, 10.446, 9.00208, 8.33178, 8.21609]",0.0929789,"[0.109825, -0.254021, 1.87675, -1.41843]",0.343386
0.0,0.0714561,0.0,0.0,15.41,0.0,1956.99,-0.574585,94.0,1,"[200.0, 200.0, 200.0, 200.0, 200.0, 200.0, 200.0, 200.0, 200.0, 200.0, 200.0, 200.0, 200.0, 200.0, 200.0, 200.0, 200.0, 200.0, 200.0, 200.0, 200.0, 200.0, 200.0, 200.0, 200.0, 200.0, 200.0, 200.0, 200.0, 200.0, 200.0, 200.0, 200.0, 200.0, 200.0, 200.0]",1,942.478,-0.201271,0.122728,-0.014324,0.0,"[6.82121, 7.24548, 8.42966, 11.2793, 25.768, 58.5503, 50.204, 42.5517, 35.8074, 30.0967, 25.4274, 21.7033, 18.7724, 16.4739, 13.2356, 10.4469, 9.00291, 8.33256, 8.21684]",0.0930796,"[-1.66538, 1.6493, -1.44393, 1.83066]",0.343391
0.0,0.0714518,0.0,0.0,15.43,0.0,1956.98,-0.575562,94.0,1,"[200.0, 200.0, 200.0, 200.0, 200.0, 200.0, 200.0, 200.0, 200.0, 200.0, 200.0, 200.0, 200.0, 200.0, 200.0, 200.0, 200.0, 200.0, 200.0, 200.0, 200.0, 200.0, 200.0, 200.0, 200.0, 200.0, 200.0, 200.0, 200.0, 200.0, 200.0, 200.0, 200.0, 200.0, 200.0, 200.0]",1,942.478,-0.200262,0.123363,-0.0143095,0.0,"[6.82044, 7.24465, 8.42866, 11.2779, 25.7568, 58.5517, 50.2055, 42.5535, 35.8092, 30.0985, 25.4291, 21.7049, 18.7739, 16.4752, 13.2367, 10.4479, 9.00374, 8.33333, 8.21761]",0.0931814,"[0.118473, -0.2639, 1.87531, -1.42012]",0.343397
0.0,0.0714466,0.0,0.0,15.45,0.0,1956.98,-0.57666,94.0,1,"[200.0, 200.0, 200.0, 200.0, 200.0, 200.0, 200.0, 200.0, 200.0, 200.0, 200.0, 200.0, 200.0, 200.0, 200.0, 200.0, 200.0, 200.0, 200.0, 200.0, 200.0, 200.0, 200.0, 200.0, 200.0, 200.0, 200.0, 200.0, 200.0, 200.0, 200.0, 200.0, 200.0, 200.0, 200.0, 200.0]",1,942.478,-0.201392,0.122731,-0.0143102,0.0,"[6.81968, 7.24383, 8.42767, 11.2764, 25.7454, 58.5533, 50.2072, 42.5553, 35.8111, 30.1004, 25.4309, 21.7066, 18.7754, 16.4767, 13.2379, 10.4488, 9.00458, 8.33411, 8.21836]",0.0932821,"[-1.66754, 1.64425, -1.44419, 1.83008]",0.343402
0.0,0.0714413,0.0,0.0,15.47,0.0,1956.98,-0.577759,94.0,1,"[200.0, 200.0, 200.0, 200.0, 200.0, 200.0, 200.0, 200.0, 200.0, 200.0, 200.0, 200.0, 200.0, 200.0, 200.0, 200.0, 200.0, 200.0, 200.0, 200.0, 200.0, 200.0, 200.0, 200.0, 200.0, 200.0, 200.0, 200.0, 200.0, 200.0, 200.0, 200.0, 200.0, 200.0, 200.0, 200.0]",1,942.478,-0.200393,0.123357,-0.0143068,0.0,"[6.81891, 7.24298, 8.42665, 11.2749, 25.7337, 58.5548, 50.209, 42.5572, 35.813, 30.1023, 25.4327, 21.7083, 18.7769, 16.4781, 13.2391, 10.4498, 9.00544, 8.33489, 8.21912]",0.0933838,"[0.108115, -0.271103, 1.87901, -1.4161]",0.343408
0.0,0.0714356,0.0,0.0,15.49,0.0,1956.98,-0.578857,94.0,1,"[200.0, 200.0, 200.0, 200.0, 200.0, 200.0, 200.0, 200.0, 200.0, 200.0, 200.0, 200.0, 200.0, 200.0, 200.0, 200.0, 200.0, 200.0, 200.0, 200.0, 200.0, 200.0, 200.0, 200.0, 200.0, 200.0, 200.0, 200.0, 200.0, 200.0, 200.0, 200.0, 200.0, 200.0, 200.0, 200.0]",1,942.478,-0.201693,0.122224,-0.0143036,0.0,"[6.81815, 7.24216, 8.42565, 11.2734, 25.7219, 58.5565, 50.2108, 42.5591, 35.8149, 30.1042, 25.4345, 21.7099, 18.7785, 16.4795, 13.2403, 10.4508, 9.00629, 8.33566, 8.21988]",0.0934845,"[-1.65841, 1.62534, -1.43956, 1.83651]",0.343415
0.0,0.0714294,0.0,0.0,15.51,0.0,1956.98,-0.579834,94.0,1,"[200.0, 200.0, 200.0, 200.0, 200.0, 200.0, 200.0, 200.0, 200.0, 200.0, 200.0, 200.0, 200.0, 200.0, 200.0, 200.0, 200.0, 200.0, 200.0, 200.0, 200.0, 200.0, 200.0, 200.0, 200.0, 200.0, 200.0, 200.0, 200.0, 200.0, 200.0, 200.0, 200.0, 200.0, 200.0, 200.0]",1,942.478,-0.200885,0.123417,-0.0143001,0.0,"[6.81739, 7.24133, 8.42465, 11.2719, 25.7102, 58.558, 50.2125, 42.5609, 35.8168, 30.1061, 25.4363, 21.7116, 18.7801, 16.4809, 13.2415, 10.4518, 9.00713, 8.33644, 8.22063]",0.0935852,"[0.113256, -0.26341, 1.88001, -1.41619]",0.343421
0.0,0.0714232,0.0,0.0,15.53,0.0,1956.98,-0.580933,94.0,1,"[200.0, 200.0, 200.0, 200.0, 200.0, 200.0, 200.0, 200.0, 200.0, 200.0, 200.0, 200.0, 200.0, 200.0, 200.0, 200.0, 200.0, 200.0, 200.0, 200.0, 200.0, 200.0, 200.0, 200.0, 200.0, 200.0, 200.0, 200.0, 200.0, 200.0, 200.0, 200.0, 200.0, 200.0, 200.0, 200.0]",1,942.478,-0.202064,0.122555,-0.0143109,0.0,"[6.81662, 7.24051, 8.42366, 11.2705, 25.6987, 58.5597, 50.2143, 42.5628, 35.8188, 30.1079, 25.4381, 21.7133, 18.7816, 16.4824, 13.2427, 10.4528, 9.00798, 8.33722, 8.22139]",0.0936859,"[-1.66289, 1.64654, -1.4429, 1.83037]",0.343428
0.0,0.0714189,0.0,0.0,15.55,0.0,1956.98,-0.582031,94.0,1,"[200.0, 200.0, 200.0, 200.0, 200.0, 200.0, 200.0, 200.0, 200.0, 200.0, 200.0, 200.0, 200.0, 200.0, 200.0, 200.0, 200.0, 200.0, 200.0, 200.0, 200.0, 200.0, 200.0, 200.0, 200.0, 200.0, 200.0, 200.0, 200.0, 200.0, 200.0, 200.0, 200.0, 200.0, 200.0, 200.0]",1,942.478,-0.200711,0.123066,-0.0142902,0.0,"[6.81586, 7.23968, 8.42265, 11.269, 25.6872, 58.5611, 50.2159, 42.5646, 35.8206, 30.1098, 25.4399, 21.7149, 18.7831, 16.4837, 13.2439, 10.4537, 9.00882, 8.338, 8.22215]",0.0937876,"[0.113291, -0.285314, 1.87849, -1.41741]",0.343434
0.0,0.0714118,0.0,0.0,15.57,0.0,1956.98,-0.583008,94.0,1,"[200.0, 200.0, 200.0, 200.0, 200.0, 200.0, 200.0, 200.0, 200.0, 200.0, 200.0, 200.0, 200.0, 200.0, 200.0, 200.0, 200.0, 200.0, 200.0, 200.0, 200.0, 200.0, 200.0, 200.0, 200.0, 200.0, 200.0, 200.0, 200.0, 200.0, 200.0, 200.0, 200.0, 200.0, 200.0, 200.0]",1,942.478,-0.202466,0.122334,-0.0142824,0.0,"[6.8151, 7.23885, 8.42164, 11.2675, 25.6754, 58.5628, 50.2178, 42.5666, 35.8226, 30.1117, 25.4417, 21.7167, 18.7847, 16.4852, 13.2451, 10.4547, 9.00966, 8.33876, 8.2229]",0.0938883,"[-1.6611, 1.65894, -1.44505, 1.82966]",0.343441
0.0,0.0714065,0.0,0.0,15.59,0.0,1956.98,-0.584106,94.0,1,"[200.0, 200.0, 200.0, 200.0, 200.0, 200.0, 200.0, 200.0, 200.0, 200.0, 200.0, 200.0, 200.0, 200.0, 200.0, 200.0, 200.0, 200.0, 200.0, 200.0, 200.0, 200.0, 200.0, 200.0, 200.0, 200.0, 200.0, 200.0, 200.0, 200.0, 200.0, 200.0, 200.0, 200.0, 200.0, 200.0]",1,942.478,-0.201281,0.123555,-0.0142859,0.0,"[6.81433, 7.23802, 8.42064, 11.266, 25.6639, 58.5644, 50.2195, 42.5684, 35.8245, 30.1136, 25.4435, 21.7184, 18.7863, 16.4866, 13.2463, 10.4557, 9.0105, 8.33956, 8.22366]",0.0939901,"[0.115354, -0.260317, 1.87529, -1.42033]",0.343449
0.0,0.0714013,0.0,0.0,15.61,0.0,1956.97,-0.585205,94.0,1,"[200.0, 200.0, 200.0, 200.0, 200.0, 200.0, 200.0, 200.0, 200.0, 200.0, 200.0, 200.0, 200.0, 200.0, 200.0, 200.0, 200.0, 200.0, 200.0, 200.0, 200.0, 200.0, 200.0, 200.0, 200.0, 200.0, 200.0, 200.0, 200.0, 200.0, 200.0, 200.0, 200.0, 200.0, 200.0, 200.0]",1,942.478,-0.202034,0.12271,-0.0143277,0.0,"[6.81357, 7.2372, 8.41964, 11.2646, 25.6526, 58.566, 50.2212, 42.5702, 35.8264, 30.1155, 25.4452, 21.72, 18.7878, 16.488, 13.2475, 10.4566, 9.01134, 8.34033, 8.22442]",0.0940908,"[-1.65873, 1.63725, -1.45375, 1.8211]",0.343457
0.0,0.0713941,0.0,0.0,15.63,0.0,1956.97,-0.586304,94.0,1,"[200.0, 200.0, 200.0, 200.0, 200.0, 200.0, 200.0, 200.0, 200.0, 200.0, 200.0, 200.0, 200.0, 200.0, 200.0, 200.0, 200.0, 200.0, 200.0, 200.0, 200.0, 200.0, 200.0, 200.0, 200.0, 200.0, 200.0, 200.0, 200.0, 200.0, 200.0, 200.0, 200.0, 200.0, 200.0, 200.0]",1,942.478,-0.201586,0.1233,-0.0142867,0.0,"[6.81281, 7.23637, 8.41863, 11.2631, 25.6408, 58.5676, 50.223, 42.5722, 35.8283, 30.1174, 25.4471, 21.7217, 18.7894, 16.4894, 13.2487, 10.4576, 9.0122, 8.3411, 8.22517]",0.0941915,"[0.120497, -0.251386, 1.87144, -1.42427]",0.343465
0.0,0.0713879,0.0,0.0,15.65,0.0,1956.97,-0.58728,94.0,1,"[200.0, 200.0, 200.0, 200.0, 200.0, 200.0, 200.0, 200.0, 200.0, 200.0, 200.0, 200.0, 200.0, 200.0, 200.0, 200.0, 200.0, 200.0, 200.0, 200.0, 200.0, 200.0, 200.0, 200.0, 200.0, 200.0, 200.0, 200.0, 200.0, 200.0, 200.0, 200.0, 200.0, 200.0, 200.0, 200.0]",1,942.478,-0.202615,0.122403,-0.0142744,0.0,"[6.81203, 7.23553, 8.41762, 11.2616, 25.6291, 58.5693, 50.2249, 42.5741, 35.8303, 30.1193, 25.4489, 21.7234, 18.791, 16.4909, 13.2499, 10.4586, 9.01305, 8.34188, 8.22593]",0.0942932,"[-1.65834, 1.6565, -1.45308, 1.82144]",0.343473
0.0,0.0713822,0.0,0.0,15.67,0.0,1956.97,-0.588379,94.0,1,"[200.0, 200.0, 200.0, 200.0, 200.0, 200.0, 200.0, 200.0, 200.0, 200.0, 200.0, 200.0, 200.0, 200.0, 200.0, 200.0, 200.0, 200.0, 200.0, 200.0, 200.0, 200.0, 200.0, 200.0, 200.0, 200.0, 200.0, 200.0, 200.0, 200.0, 200.0, 200.0, 200.0, 200.0, 200.0, 200.0]",1,942.478,-0.201773,0.12349,-0.0142797,0.0,"[6.81128, 7.2347, 8.41662, 11.2601, 25.6176, 58.5709, 50.2266, 42.5759, 35.8322, 30.1212, 25.4508, 21.7251, 18.7925, 16.4923, 13.2512, 10.4596, 9.0139, 8.34266, 8.22668]",0.0943939,"[0.109488, -0.253413, 1.87552, -1.42086]",0.343482
0.0,0.0713765,0.0,0.0,15.69,0.0,1956.97,-0.589478,94.0,1,"[200.0, 200.0, 200.0, 200.0, 200.0, 200.0, 200.0, 200.0, 200.0, 200.0, 200.0, 200.0, 200.0, 200.0, 200.0, 200.0, 200.0, 200.0, 200.0, 200.0, 200.0, 200.0, 200.0, 200.0, 200.0, 200.0, 200.0, 200.0, 200.0, 200.0, 200.0, 200.0, 200.0, 200.0, 200.0, 200.0]",1,942.478,-0.202921,0.122046,-0.0142935,0.0,"[6.81051, 7.23387, 8.41561, 11.2586, 25.6062, 58.5725, 50.2284, 42.5778, 35.8341, 30.1231, 25.4526, 21.7268, 18.7941, 16.4937, 13.2524, 10.4606, 9.01474, 8.34344, 8.22744]",0.0944956,"[-1.64773, 1.64528, -1.4504, 1.82203]",0.34349
0.0,0.0713698,0.0,0.0,15.71,0.0,1956.97,-0.590454,94.0,1,"[200.0, 200.0, 200.0, 200.0, 200.0, 200.0, 200.0, 200.0, 200.0, 200.0, 200.0, 200.0, 200.0, 200.0, 200.0, 200.0, 200.0, 200.0, 200.0, 200.0, 200.0, 200.0, 200.0, 200.0, 200.0, 200.0, 200.0, 200.0, 200.0, 200.0, 200.0, 200.0, 200.0, 200.0, 200.0, 200.0]",1,942.478,-0.202194,0.123119,-0.0142698,0.0,"[6.80975, 7.23304, 8.41461, 11.2572, 25.5946, 58.5741, 50.2302, 42.5798, 35.8361, 30.125, 25.4544, 21.7285, 18.7956, 16.4952, 13.2536, 10.4615, 9.01559, 8.34422, 8.2282]",0.0945964,"[0.113555, -0.249952, 1.87769, -1.41976]",0.343498
0.0,0.0713631,0.0,0.0,15.73,0.0,1956.97,-0.591553,94.0,1,"[200.0, 200.0, 200.0, 200.0, 200.0, 200.0, 200.0, 200.0, 200.0, 200.0, 200.0, 200.0, 200.0, 200.0, 200.0, 200.0, 200.0, 200.0, 200.0, 200.0, 200.0, 200.0, 200.0, 200.0, 200.0, 200.0, 200.0, 200.0, 200.0, 200.0, 200.0, 200.0, 200.0, 200.0, 200.0, 200.0]",1,942.478,-0.203234,0.122224,-0.0143064,0.0,"[6.80899, 7.23221, 8.41361, 11.2557, 25.5828, 58.5758, 50.232, 42.5817, 35.8381, 30.127, 25.4562, 21.7303, 18.7972, 16.4966, 13.2548, 10.4625, 9.01642, 8.345, 8.22895]",0.0946971,"[-1.65226, 1.65227, -1.44987, 1.82358]",0.343507
0.0,0.0713569,0.0,0.0,15.75,0.0,1956.97,-0.592651,94.0,1,"[200.0, 200.0, 200.0, 200.0, 200.0, 200.0, 200.0, 200.0, 200.0, 200.0, 200.0, 200.0, 200.0, 200.0, 200.0, 200.0, 200.0, 200.0, 200.0, 200.0, 200.0, 200.0, 200.0, 200.0, 200.0, 200.0, 200.0, 200.0, 200.0, 200.0, 200.0, 200.0, 200.0, 200.0, 200.0, 200.0]",1,942.478,-0.201847,0.122884,-0.0142805,0.0,"[6.80822, 7.23138, 8.4126, 11.2542, 25.5716, 58.5774, 50.2338, 42.5836, 35.84, 30.1289, 25.458, 21.732, 18.7988, 16.498, 13.256, 10.4635, 9.01727, 8.34577, 8.22971]",0.0947978,"[0.110155, -0.282308, 1.87869, -1.42028]",0.343517
0.0,0.0713493,0.0,0.0,15.77,0.0,1956.97,-0.59375,94.0,1,"[200.0, 200.0, 200.0, 200.0, 200.0, 200.0, 200.0, 200.0, 200.0, 200.0, 200.0, 200.0, 200.0, 200.0, 200.0, 200.0, 200.0, 200.0, 200.0, 200.0, 200.0, 200.0, 200.0, 200.0, 200.0, 200.0, 200.0, 200.0, 200.0, 200.0, 200.0, 200.0, 200.0, 200.0, 200.0, 200.0]",1,942.478,-0.203676,0.122055,-0.0143355,0.0,"[6.80745, 7.23054, 8.41158, 11.2527, 25.5594, 58.5792, 50.2357, 42.5856, 35.842, 30.1309, 25.46, 21.7337, 18.8004, 16.4995, 13.2572, 10.4645, 9.01812, 8.34655, 8.23047]",0.0948995,"[-1.64224, 1.66482, -1.45429, 1.82003]",0.343527
0.0,0.0713431,0.0,0.0,15.79,0.0,1956.97,-0.594727,94.0,1,"[200.0, 200.0, 200.0, 200.0, 200.0, 200.0, 200.0, 200.0, 200.0, 200.0, 200.0, 200.0, 200.0, 200.0, 200.0, 200.0, 200.0, 200.0, 200.0, 200.0, 200.0, 200.0, 200.0, 200.0, 200.0, 200.0, 200.0, 200.0, 200.0, 200.0, 200.0, 200.0, 200.0, 200.0, 200.0, 200.0]",1,942.478,-0.202208,0.12336,-0.0143206,0.0,"[6.8067, 7.22971, 8.41057, 11.2512, 25.5481, 58.5809, 50.2375, 42.5875, 35.844, 30.1328, 25.4618, 21.7354, 18.8019, 16.501, 13.2584, 10.4655, 9.01898, 8.34733, 8.23122]",0.0950002,"[0.112603, -0.266005, 1.8723, -1.42259]",0.343536
0.0,0.0713369,0.0,0.0,15.81,0.0,1956.96,-0.595825,94.0,1,"[200.0, 200.0, 200.0, 200.0, 200.0, 200.0, 200.0, 200.0, 200.0, 200.0, 200.0, 200.0, 200.0, 200.0, 200.0, 200.0, 200.0, 200.0, 200.0, 200.0, 200.0, 200.0, 200.0, 200.0, 200.0, 200.0, 200.0, 200.0, 200.0, 200.0, 200.0, 200.0, 200.0, 200.0, 200.0, 200.0]",1,942.478,-0.203296,0.122437,-0.0142729,0.0,"[6.80593, 7.22889, 8.40957, 11.2497, 25.5366, 58.5825, 50.2393, 42.5894, 35.8459, 30.1347, 25.4636, 21.7371, 18.8035, 16.5024, 13.2596, 10.4664, 9.01982, 8.3481, 8.23197]",0.0951009,"[-1.6503, 1.64928, -1.46002, 1.81588]",0.343545
0.0,0.0713298,0.0,0.0,15.83,0.0,1956.96,-0.596924,94.0,1,"[200.0, 200.0, 200.0, 200.0, 200.0, 200.0, 200.0, 200.0, 200.0, 200.0, 200.0, 200.0, 200.0, 200.0, 200.0, 200.0, 200.0, 200.0, 200.0, 200.0, 200.0, 200.0, 200.0, 200.0, 200.0, 200.0, 200.0, 200.0, 200.0, 200.0, 200.0, 200.0, 200.0, 200.0, 200.0, 200.0]",1,942.478,-0.202453,0.123118,-0.0143112,0.0,"[6.80518, 7.22805, 8.40856, 11.2482, 25.5252, 58.5842, 50.2412, 42.5914, 35.8479, 30.1367, 25.4655, 21.7388, 18.8051, 16.5038, 13.2608, 10.4674, 9.02067, 8.34888, 8.23273]",0.0952016,"[0.102789, -0.254414, 1.87254, -1.42346]",0.343554
0.0,0.0713231,0.0,0.0,15.85,0.0,1956.96,-0.5979,94.0,1,"[200.0, 200.0, 200.0, 200.0, 200.0, 200.0, 200.0, 200.0, 200.0, 200.0, 200.0, 200.0, 200.0, 200.0, 200.0, 200.0, 200.0, 200.0, 200.0, 200.0, 200.0, 200.0, 200.0, 200.0, 200.0, 200.0, 200.0, 200.0, 200.0, 200.0, 200.0, 200.0, 200.0, 200.0, 200.0, 200.0]",1,942.478,-0.203929,0.122021,-0.0143188,0.0,"[6.80441, 7.22723, 8.40754, 11.2467, 25.5137, 58.5859, 50.243, 42.5933, 35.8499, 30.1386, 25.4673, 21.7406, 18.8067, 16.5053, 13.262, 10.4684, 9.02151, 8.34966, 8.23348]",0.0953033,"[-1.64424, 1.66814, -1.46, 1.81539]",0.343565
0.0,0.0713159,0.0,0.0,15.87,0.0,1956.96,-0.598999,94.0,1,"[200.0, 200.0, 200.0, 200.0, 200.0, 200.0, 200.0, 200.0, 200.0, 200.0, 200.0, 200.0, 200.0, 200.0, 200.0, 200.0, 200.0, 200.0, 200.0, 200.0, 200.0, 200.0, 200.0, 200.0, 200.0, 200.0, 200.0, 200.0, 200.0, 200.0, 200.0, 200.0, 200.0, 200.0, 200.0, 200.0]",1,942.478,-0.202847,0.123135,-0.0142846,0.0,"[6.80364, 7.2264, 8.40654, 11.2452, 25.5021, 58.5876, 50.2449, 42.5953, 35.8519, 30.1406, 25.4692, 21.7423, 18.8083, 16.5067, 13.2633, 10.4694, 9.02236, 8.35044, 8.23425]",0.0954041,"[0.113267, -0.261171, 1.87419, -1.41946]",0.343575
0.0,0.0713088,0.0,0.0,15.89,0.0,1956.96,-0.600098,94.0,1,"[200.0, 200.0, 200.0, 200.0, 200.0, 200.0, 200.0, 200.0, 200.0, 200.0, 200.0, 200.0, 200.0, 200.0, 200.0, 200.0, 200.0, 200.0, 200.0, 200.0, 200.0, 200.0, 200.0, 200.0, 200.0, 200.0, 200.0, 200.0, 200.0, 200.0, 200.0, 200.0, 200.0, 200.0, 200.0, 200.0]",1,942.478,-0.204188,0.122107,-0.0142646,0.0,"[6.80287, 7.22555, 8.40552, 11.2437, 25.4903, 58.5894, 50.2468, 42.5973, 35.8539, 30.1426, 25.4711, 21.744, 18.8099, 16.5082, 13.2645, 10.4704, 9.02321, 8.35123, 8.235]",0.0955058,"[-1.64007, 1.66334, -1.4581, 1.81618]",0.343587
0.0,0.0713021,0.0,0.0,15.91,0.0,1956.96,-0.601196,94.0,1,"[200.0, 200.0, 200.0, 200.0, 200.0, 200.0, 200.0, 200.0, 200.0, 200.0, 200.0, 200.0, 200.0, 200.0, 200.0, 200.0, 200.0, 200.0, 200.0, 200.0, 200.0, 200.0, 200.0, 200.0, 200.0, 200.0, 200.0, 200.0, 200.0, 200.0, 200.0, 200.0, 200.0, 200.0, 200.0, 200.0]",1,942.478,-0.202952,0.12317,-0.0142702,0.0,"[6.80212, 7.22473, 8.40452, 11.2422, 25.4791, 58.591, 50.2486, 42.5993, 35.8559, 30.1445, 25.4729, 21.7457, 18.8114, 16.5096, 13.2657, 10.4714, 9.02406, 8.352, 8.23576]",0.0956065,"[0.116503, -0.269943, 1.87474, -1.42101]",0.343597
0.0,0.0712945,0.0,0.0,15.93,0.0,1956.96,-0.602173,94.0,1,"[200.0, 200.0, 200.0, 200.0, 200.0, 200.0, 200.0, 200.0, 200.0, 200.0, 200.0, 200.0, 200.0, 200.0, 200.0, 200.0, 200.0, 200.0, 200.0, 200.0, 200.0, 200.0, 200.0, 200.0, 200.0, 200.0, 200.0, 200.0, 200.0, 200.0, 200.0, 200.0, 200.0, 200.0, 200.0, 200.0]",1,942.478,-0.204179,0.122074,-0.0142669,0.0,"[6.80135, 7.22389, 8.40349, 11.2407, 25.4673, 58.5928, 50.2506, 42.6013, 35.8581, 30.1465, 25.4748, 21.7475, 18.813, 16.5111, 13.2669, 10.4723, 9.02492, 8.35279, 8.23651]",0.0957072,"[-1.64376, 1.66158, -1.46112, 1.8137]",0.343609
0.0,0.0712868,0.0,0.0,15.95,0.0,1956.96,-0.603271,94.0,1,"[200.0, 200.0, 200.0, 200.0, 200.0, 200.0, 200.0, 200.0, 200.0, 200.0, 200.0, 200.0, 200.0, 200.0, 200.0, 200.0, 200.0, 200.0, 200.0, 200.0, 200.0, 200.0, 200.0, 200.0, 200.0, 200.0, 200.0, 200.0, 200.0, 200.0, 200.0, 200.0, 200.0, 200.0, 200.0, 200.0]",1,942.478,-0.203132,0.122704,-0.0142771,0.0,"[6.80058, 7.22305, 8.40247, 11.2392, 25.4558, 58.5945, 50.2525, 42.6033, 35.86, 30.1485, 25.4767, 21.7493, 18.8147, 16.5126, 13.2682, 10.4733, 9.02577, 8.35356, 8.23727]",0.0958089,"[0.117255, -0.278935, 1.87659, -1.41671]",0.343621
0.0,0.0712792,0.0,0.0,15.97,0.0,1956.96,-0.60437,94.0,1,"[200.0, 200.0, 200.0, 200.0, 200.0, 200.0, 200.0, 200.0, 200.0, 200.0, 200.0, 200.0, 200.0, 200.0, 200.0, 200.0, 200.0, 200.0, 200.0, 200.0, 200.0, 200.0, 200.0, 200.0, 200.0, 200.0, 200.0, 200.0, 200.0, 200.0, 200.0, 200.0, 200.0, 200.0, 200.0, 200.0]",1,942.478,-0.204002,0.121804,-0.0142782,0.0,"[6.79982, 7.22222, 8.40147, 11.2377, 25.4441, 58.5963, 50.2544, 42.6053, 35.8621, 30.1505, 25.4786, 21.751, 18.8163, 16.514, 13.2694, 10.4743, 9.02663, 8.35433, 8.23802]",0.0959096,"[-1.64108, 1.64342, -1.46324, 1.81174]",0.343632
0.0,0.0712716,0.0,0.0,15.99,0.0,1956.95,-0.605347,94.0,1,"[200.0, 200.0, 200.0, 200.0, 200.0, 200.0, 200.0, 200.0, 200.0, 200.0, 200.0, 200.0, 200.0, 200.0, 200.0, 200.0, 200.0, 200.0, 200.0, 200.0, 200.0, 200.0, 200.0, 200.0, 200.0, 200.0, 200.0, 200.0, 200.0, 200.0, 200.0, 200.0, 200.0, 200.0, 200.0, 200.0]",1,942.478,-0.203623,0.12296,-0.014308,0.0,"[6.79906, 7.2214, 8.40045, 11.2362, 25.4324, 58.5981, 50.2564, 42.6073, 35.8642, 30.1525, 25.4805, 21.7528, 18.8179, 16.5155, 13.2706, 10.4753, 9.02747, 8.35512, 8.23877]",0.0960103,"[0.11763, -0.255543, 1.87406, -1.41924]",0.343643
0.0,0.071212,0.0,0.0,16.012,0.0,1956.95,-0.606567,94.0,1,"[200.0, 200.0, 200.0, 200.0, 200.0, 200.0, 200.0, 200.0, 200.0, 200.0, 200.0, 200.0, 200.0, 200.0, 200.0, 200.0, 200.0, 200.0, 200.0, 200.0, 200.0, 200.0, 200.0, 200.0, 200.0, 200.0, 200.0, 200.0, 200.0, 200.0, 200.0, 200.0, 200.0, 200.0, 200.0, 200.0]",1,942.478,-0.204704,0.121613,-0.0143408,0.0,"[6.79819, 7.22033, 8.39899, 11.2337, 25.4031, 58.6051, 50.2632, 42.6138, 35.87, 30.1577, 25.485, 21.7566, 18.8211, 16.5183, 13.2727, 10.4768, 9.02859, 8.35604, 8.23958]",0.0961212,"[-2.51867, 2.64446, -1.49537, 1.78722]",0.343656
0.0,0.0712535,0.0,0.0,16.034,0.0,1956.95,-0.607788,94.0,1,"[200.0, 200.0, 200.0, 200.0, 200.0, 200.0, 200.0, 200.0, 200.0, 200.0, 200.0, 200.0, 200.0, 200.0, 200.0, 200.0, 200.0, 200.0, 200.0, 200.0, 200.0, 200.0, 200.0, 200.0, 200.0, 200.0, 200.0, 200.0, 200.0, 200.0, 200.0, 200.0, 200.0, 200.0, 200.0, 200.0]",1,942.478,-0.204711,0.121896,-0.0142957,0.0,"[6.79737, 7.21955, 8.39821, 11.2329, 25.4066, 58.6021, 50.2607, 42.6119, 35.8687, 30.157, 25.4847, 21.7567, 18.8214, 16.5188, 13.2734, 10.4775, 9.02935, 8.35684, 8.24043]",0.0962331,"[-1.63658, 1.6645, -1.46518, 1.81011]",0.34367
0.0,0.0712954,0.0,0.0,16.056,0.0,1956.95,-0.608887,94.0,1,"[200.0, 200.0, 200.0, 200.0, 200.0, 200.0, 200.0, 200.0, 200.0, 200.0, 200.0, 200.0, 200.0, 200.0, 200.0, 200.0, 200.0, 200.0, 200.0, 200.0, 200.0, 200.0, 200.0, 200.0, 200.0, 200.0, 200.0, 200.0, 200.0, 200.0, 200.0, 200.0, 200.0, 200.0, 200.0, 200.0]",1,942.478,-0.203417,0.122881,-0.0142259,0.0,"[6.79656, 7.21878, 8.39743, 11.2321, 25.4105, 58.5991, 50.2582, 42.6099, 35.8673, 30.1562, 25.4844, 21.7567, 18.8217, 16.5192, 13.2739, 10.4782, 9.03009, 8.35762, 8.24129]",0.096344,"[0.99738, -1.23903, 1.9036, -1.40507]",0.343683
0.0,0.0712358,0.0,0.0,16.078,0.0,1956.95,-0.610107,94.0,1,"[200.0, 200.0, 200.0, 200.0, 200.0, 200.0, 200.0, 200.0, 200.0, 200.0, 200.0, 200.0, 200.0, 200.0, 200.0, 200.0, 200.0, 200.0, 200.0, 200.0, 200.0, 200.0, 200.0, 200.0, 200.0, 200.0, 200.0, 200.0, 200.0, 200.0, 200.0, 200.0, 200.0, 200.0, 200.0, 200.0]",1,942.478,-0.203683,0.122866,-0.0142907,0.0,"[6.7957, 7.21772, 8.39597, 11.2296, 25.3811, 58.6061, 50.265, 42.6164, 35.8732, 30.1614, 25.4889, 21.7605, 18.825, 16.522, 13.276, 10.4797, 9.03121, 8.35855, 8.2421]",0.0964549,"[0.112263, -0.263344, 1.87216, -1.42506]",0.343697
0.0,0.0711762,0.0,0.0,16.1,0.0,1956.95,-0.611328,94.0,1,"[200.0, 200.0, 200.0, 200.0, 200.0, 200.0, 200.0, 200.0, 200.0, 200.0, 200.0, 200.0, 200.0, 200.0, 200.0, 200.0, 200.0, 200.0, 200.0, 200.0, 200.0, 200.0, 200.0, 200.0, 200.0, 200.0, 200.0, 200.0, 200.0, 200.0, 200.0, 200.0, 200.0, 200.0, 200.0, 200.0]",1,942.478,-0.205073,0.121742,-0.0143746,0.0,"[6.79483, 7.21666, 8.39452, 11.227, 25.3522, 58.6131, 50.2718, 42.6229, 35.8792, 30.1667, 25.4934, 21.7644, 18.8283, 16.5248, 13.2782, 10.4812, 9.03236, 8.35948, 8.2429]",0.0965658,"[-2.50399, 2.63898, -1.5016, 1.78241]",0.343711
0.0,0.0712182,0.0,0.0,16.122,0.0,1956.95,-0.612427,94.0,1,"[200.0, 200.0, 200.0, 200.0, 200.0, 200.0, 200.0, 200.0, 200.0, 200.0, 200.0, 200.0, 200.0, 200.0, 200.0, 200.0, 200.0, 200.0, 200.0, 200.0, 200.0, 200.0, 200.0, 200.0, 200.0, 200.0, 200.0, 200.0, 200.0, 200.0, 200.0, 200.0, 200.0, 200.0, 200.0, 200.0]",1,942.478,-0.204645,0.122132,-0.0143182,0.0,"[6.79401, 7.21588, 8.39374, 11.2262, 25.3557, 58.6101, 50.2693, 42.6209, 35.8778, 30.1659, 25.4931, 21.7644, 18.8285, 16.5252, 13.2788, 10.4819, 9.0331, 8.36027, 8.24376]",0.0966777,"[-1.63509, 1.64701, -1.47039, 1.80457]",0.343726
0.0,0.0712592,0.0,0.0,16.144,0.0,1956.95,-0.613647,94.0,1,"[200.0, 200.0, 200.0, 200.0, 200.0, 200.0, 200.0, 200.0, 200.0, 200.0, 200.0, 200.0, 200.0, 200.0, 200.0, 200.0, 200.0, 200.0, 200.0, 200.0, 200.0, 200.0, 200.0, 200.0, 200.0, 200.0, 200.0, 200.0, 200.0, 200.0, 200.0, 200.0, 200.0, 200.0, 200.0, 200.0]",1,942.478,-0.203984,0.122891,-0.0142167,0.0,"[6.7932, 7.2151, 8.39294, 11.2254, 25.359, 58.6072, 50.2669, 42.619, 35.8765, 30.1651, 25.4928, 21.7645, 18.8289, 16.5257, 13.2794, 10.4826, 9.03384, 8.36105, 8.24462]",0.0967885,"[0.990726, -1.23917, 1.90812, -1.39999]",0.34374
0.0,0.0712005,0.0,0.0,16.166,0.0,1956.95,-0.614746,94.0,1,"[200.0, 200.0, 200.0, 200.0, 200.0, 200.0, 200.0, 200.0, 200.0, 200.0, 200.0, 200.0, 200.0, 200.0, 200.0, 200.0, 200.0, 200.0, 200.0, 200.0, 200.0, 200.0, 200.0, 200.0, 200.0, 200.0, 200.0, 200.0, 200.0, 200.0, 200.0, 200.0, 200.0, 200.0, 200.0, 200.0]",1,942.478,-0.203886,0.122529,-0.0142943,0.0,"[6.79234, 7.21405, 8.3915, 11.2229, 25.3303, 58.614, 50.2736, 42.6254, 35.8824, 30.1703, 25.4973, 21.7683, 18.8321, 16.5285, 13.2815, 10.484, 9.03497, 8.36199, 8.24541]",0.0968994,"[0.117938, -0.276542, 1.87165, -1.42841]",0.343755
0.0,0.0711405,0.0,0.0,16.188,0.0,1956.94,-0.615967,94.0,1,"[200.0, 200.0, 200.0, 200.0, 200.0, 200.0, 200.0, 200.0, 200.0, 200.0, 200.0, 200.0, 200.0, 200.0, 200.0, 200.0, 200.0, 200.0, 200.0, 200.0, 200.0, 200.0, 200.0, 200.0, 200.0, 200.0, 200.0, 200.0, 200.0, 200.0, 200.0, 200.0, 200.0, 200.0, 200.0, 200.0]",1,942.478,-0.20464,0.121558,-0.0143873,0.0,"[6.79147, 7.21298, 8.39004, 11.2203, 25.3017, 58.6211, 50.2805, 42.6319, 35.8883, 30.1756, 25.5019, 21.7722, 18.8354, 16.5313, 13.2836, 10.4855, 9.03611, 8.36292, 8.24622]",0.0970103,"[-2.5125, 2.62324, -1.51444, 1.77281]",0.343769
0.0,0.0711819,0.0,0.0,16.21,0.0,1956.94,-0.617065,94.0,1,"[200.0, 200.0, 200.0, 200.0, 200.0, 200.0, 200.0, 200.0, 200.0, 200.0, 200.0, 200.0, 200.0, 200.0, 200.0, 200.0, 200.0, 200.0, 200.0, 200.0, 200.0, 200.0, 200.0, 200.0, 200.0, 200.0, 200.0, 200.0, 200.0, 200.0, 200.0, 200.0, 200.0, 200.0, 200.0, 200.0]",1,942.478,-0.205197,0.121752,-0.0142952,0.0,"[6.79065, 7.21221, 8.38925, 11.2196, 25.3051, 58.6181, 50.2779, 42.63, 35.887, 30.1748, 25.5015, 21.7722, 18.8357, 16.5317, 13.2842, 10.4862, 9.03685, 8.3637, 8.24708]",0.0971212,"[-1.62703, 1.67147, -1.47899, 1.79647]",0.343785
0.0,0.0712249,0.0,0.0,16.232,0.0,1956.94,-0.618286,94.0,1,"[200.0, 200.0, 200.0, 200.0, 200.0, 200.0, 200.0, 200.0, 200.0, 200.0, 200.0, 200.0, 200.0, 200.0, 200.0, 200.0, 200.0, 200.0, 200.0, 200.0, 200.0, 200.0, 200.0, 200.0, 200.0, 200.0, 200.0, 200.0, 200.0, 200.0, 200.0, 200.0, 200.0, 200.0, 200.0, 200.0]",1,942.478,-0.204038,0.122903,-0.0142314,0.0,"[6.78984, 7.21145, 8.38849, 11.2188, 25.3089, 58.615, 50.2754, 42.628, 35.8856, 30.1739, 25.5011, 21.7722, 18.8359, 16.5321, 13.2848, 10.4869, 9.03759, 8.36448, 8.24792]",0.0972321,"[0.991924, -1.24558, 1.90102, -1.40738]",0.3438
0.0,0.0711648,0.0,0.0,16.254,0.0,1956.94,-0.619507,94.0,1,"[200.0, 200.0, 200.0, 200.0, 200.0, 200.0, 200.0, 200.0, 200.0, 200.0, 200.0, 200.0, 200.0, 200.0, 200.0, 200.0, 200.0, 200.0, 200.0, 200.0, 200.0, 200.0, 200.0, 200.0, 200.0, 200.0, 200.0, 200.0, 200.0, 200.0, 200.0, 200.0, 200.0, 200.0, 200.0, 200.0]",1,942.478,-0.204104,0.122659,-0.0143168,0.0,"[6.78897, 7.21037, 8.38702, 11.2162, 25.2801, 58.6221, 50.2822, 42.6344, 35.8915, 30.1792, 25.5057, 21.7761, 18.8392, 16.5349, 13.2869, 10.4884, 9.03872, 8.36542, 8.24874]",0.097344,"[0.113638, -0.26844, 1.86485, -1.43312]",0.343816
0.0,0.0711057,0.0,0.0,16.276,0.0,1956.94,-0.620605,94.0,1,"[200.0, 200.0, 200.0, 200.0, 200.0, 200.0, 200.0, 200.0, 200.0, 200.0, 200.0, 200.0, 200.0, 200.0, 200.0, 200.0, 200.0, 200.0, 200.0, 200.0, 200.0, 200.0, 200.0, 200.0, 200.0, 200.0, 200.0, 200.0, 200.0, 200.0, 200.0, 200.0, 200.0, 200.0, 200.0, 200.0]",1,942.478,-0.205291,0.121788,-0.014398,0.0,"[6.7881, 7.20932, 8.38557, 11.2137, 25.2519, 58.6291, 50.2891, 42.6409, 35.8974, 30.1844, 25.5102, 21.7799, 18.8425, 16.5377, 13.289, 10.4899, 9.03985, 8.36635, 8.24954]",0.0974548,"[-2.50291, 2.64432, -1.51983, 1.76846]",0.343831
0.0,0.0711467,0.0,0.0,16.298,0.0,1956.94,-0.621826,94.0,1,"[200.0, 200.0, 200.0, 200.0, 200.0, 200.0, 200.0, 200.0, 200.0, 200.0, 200.0, 200.0, 200.0, 200.0, 200.0, 200.0, 200.0, 200.0, 200.0, 200.0, 200.0, 200.0, 200.0, 200.0, 200.0, 200.0, 200.0, 200.0, 200.0, 200.0, 200.0, 200.0, 200.0, 200.0, 200.0, 200.0]",1,942.478,-0.205297,0.121748,-0.01432,0.0,"[6.78729, 7.20854, 8.38478, 11.2129, 25.2552, 58.6261, 50.2866, 42.639, 35.8961, 30.1836, 25.5099, 21.78, 18.8428, 16.5382, 13.2896, 10.4906, 9.0406, 8.36712, 8.2504]",0.0975657,"[-1.63199, 1.67559, -1.4846, 1.78931]",0.343848
0.0,0.0711886,0.0,0.0,16.32,0.0,1956.94,-0.622925,94.0,1,"[200.0, 200.0, 200.0, 200.0, 200.0, 200.0, 200.0, 200.0, 200.0, 200.0, 200.0, 200.0, 200.0, 200.0, 200.0, 200.0, 200.0, 200.0, 200.0, 200.0, 200.0, 200.0, 200.0, 200.0, 200.0, 200.0, 200.0, 200.0, 200.0, 200.0, 200.0, 200.0, 200.0, 200.0, 200.0, 200.0]",1,942.478,-0.204309,0.122843,-0.0142218,0.0,"[6.78648, 7.20776, 8.384, 11.2121, 25.2588, 58.623, 50.2841, 42.637, 35.8947, 30.1828, 25.5096, 21.78, 18.8431, 16.5386, 13.2902, 10.4913, 9.04134, 8.36791, 8.25125]",0.0976766,"[0.98886, -1.24435, 1.90058, -1.40907]",0.343863
0.0,0.0711295,0.0,0.0,16.342,0.0,1956.94,-0.624146,94.0,1,"[200.0, 200.0, 200.0, 200.0, 200.0, 200.0, 200.0, 200.0, 200.0, 200.0, 200.0, 200.0, 200.0, 200.0, 200.0, 200.0, 200.0, 200.0, 200.0, 200.0, 200.0, 200.0, 200.0, 200.0, 200.0, 200.0, 200.0, 200.0, 200.0, 200.0, 200.0, 200.0, 200.0, 200.0, 200.0, 200.0]",1,942.478,-0.204411,0.122688,-0.0142755,0.0,"[6.78561, 7.20671, 8.38255, 11.2096, 25.2306, 58.6301, 50.2909, 42.6435, 35.9006, 30.188, 25.5141, 21.7838, 18.8463, 16.5414, 13.2923, 10.4928, 9.04247, 8.36884, 8.25205]",0.0977875,"[0.108441, -0.259829, 1.86105, -1.43562]",0.343879
0.0,0.0710704,0.0,0.0,16.364,0.0,1956.93,-0.625244,94.0,1,"[200.0, 200.0, 200.0, 200.0, 200.0, 200.0, 200.0, 200.0, 200.0, 200.0, 200.0, 200.0, 200.0, 200.0, 200.0, 200.0, 200.0, 200.0, 200.0, 200.0, 200.0, 200.0, 200.0, 200.0, 200.0, 200.0, 200.0, 200.0, 200.0, 200.0, 200.0, 200.0, 200.0, 200.0, 200.0, 200.0]",1,942.478,-0.205463,0.121535,-0.0143658,0.0,"[6.78474, 7.20564, 8.3811, 11.2071, 25.2028, 58.6369, 50.2976, 42.6499, 35.9065, 30.1933, 25.5186, 21.7877, 18.8496, 16.5442, 13.2944, 10.4942, 9.04361, 8.36978, 8.25286]",0.0978994,"[-2.50234, 2.65168, -1.5266, 1.75853]",0.343897
0.0,0.0711119,0.0,0.0,16.386,0.0,1956.93,-0.626465,94.0,1,"[200.0, 200.0, 200.0, 200.0, 200.0, 200.0, 200.0, 200.0, 200.0, 200.0, 200.0, 200.0, 200.0, 200.0, 200.0, 200.0, 200.0, 200.0, 200.0, 200.0, 200.0, 200.0, 200.0, 200.0, 200.0, 200.0, 200.0, 200.0, 200.0, 200.0, 200.0, 200.0, 200.0, 200.0, 200.0, 200.0]",1,942.478,-0.205708,0.121877,-0.0143318,0.0,"[6.78393, 7.20486, 8.38031, 11.2063, 25.206, 58.634, 50.2952, 42.648, 35.9052, 30.1925, 25.5183, 21.7877, 18.8499, 16.5447, 13.295, 10.495, 9.04435, 8.37056, 8.25372]",0.0980103,"[-1.62158, 1.67557, -1.4881, 1.78511]",0.343914
0.0,0.0711533,0.0,0.0,16.408,0.0,1956.93,-0.627686,94.0,1,"[200.0, 200.0, 200.0, 200.0, 200.0, 200.0, 200.0, 200.0, 200.0, 200.0, 200.0, 200.0, 200.0, 200.0, 200.0, 200.0, 200.0, 200.0, 200.0, 200.0, 200.0, 200.0, 200.0, 200.0, 200.0, 200.0, 200.0, 200.0, 200.0, 200.0, 200.0, 200.0, 200.0, 200.0, 200.0, 200.0]",1,942.478,-0.204416,0.122781,-0.0142903,0.0,"[6.78311, 7.20407, 8.37951, 11.2055, 25.2091, 58.6311, 50.2927, 42.6461, 35.9038, 30.1918, 25.518, 21.7878, 18.8502, 16.5451, 13.2957, 10.4957, 9.04511, 8.37136, 8.25459]",0.0981221,"[0.987177, -1.24684, 1.89775, -1.41284]",0.343932
0.0,0.0710928,0.0,0.0,16.43,0.0,1956.93,-0.628906,94.0,1,"[200.0, 200.0, 200.0, 200.0, 200.0, 200.0, 200.0, 200.0, 200.0, 200.0, 200.0, 200.0, 200.0, 200.0, 200.0, 200.0, 200.0, 200.0, 200.0, 200.0, 200.0, 200.0, 200.0, 200.0, 200.0, 200.0, 200.0, 200.0, 200.0, 200.0, 200.0, 200.0, 200.0, 200.0, 200.0, 200.0]",1,942.478,-0.204666,0.122735,-0.0143972,0.0,"[6.78224, 7.20301, 8.37805, 11.2029, 25.181, 58.6381, 50.2996, 42.6526, 35.9098, 30.197, 25.5226, 21.7917, 18.8535, 16.5479, 13.2978, 10.4972, 9.04624, 8.37229, 8.25539]",0.098234,"[0.106307, -0.259404, 1.859, -1.43779]",0.34395
0.0,0.0710332,0.0,0.0,16.452,0.0,1956.93,-0.630127,94.0,1,"[200.0, 200.0, 200.0, 200.0, 200.0, 200.0, 200.0, 200.0, 200.0, 200.0, 200.0, 200.0, 200.0, 200.0, 200.0, 200.0, 200.0, 200.0, 200.0, 200.0, 200.0, 200.0, 200.0, 200.0, 200.0, 200.0, 200.0, 200.0, 200.0, 200.0, 200.0, 200.0, 200.0, 200.0, 200.0, 200.0]",1,942.478,-0.205848,0.121567,-0.0144282,0.0,"[6.78137, 7.20195, 8.37659, 11.2004, 25.1532, 58.6451, 50.3064, 42.659, 35.9158, 30.2023, 25.5272, 21.7956, 18.8568, 16.5508, 13.2999, 10.4986, 9.04738, 8.37322, 8.2562]",0.0983449,"[-2.49264, 2.66362, -1.53451, 1.75124]",0.343966
0.0,0.0710742,0.0,0.0,16.474,0.0,1956.93,-0.631226,94.0,1,"[200.0, 200.0, 200.0, 200.0, 200.0, 200.0, 200.0, 200.0, 200.0, 200.0, 200.0, 200.0, 200.0, 200.0, 200.0, 200.0, 200.0, 200.0, 200.0, 200.0, 200.0, 200.0, 200.0, 200.0, 200.0, 200.0, 200.0, 200.0, 200.0, 200.0, 200.0, 200.0, 200.0, 200.0, 200.0, 200.0]",1,942.478,-0.205572,0.121563,-0.0143718,0.0,"[6.78055, 7.20117, 8.3758, 11.1996, 25.1562, 58.6422, 50.304, 42.6572, 35.9145, 30.2016, 25.5269, 21.7956, 18.8571, 16.5512, 13.3005, 10.4994, 9.04813, 8.37401, 8.25705]",0.0984568,"[-1.62283, 1.66756, -1.49387, 1.77693]",0.343985
0.0,0.0711152,0.0,0.0,16.496,0.0,1956.93,-0.632446,94.0,1,"[200.0, 200.0, 200.0, 200.0, 200.0, 200.0, 200.0, 200.0, 200.0, 200.0, 200.0, 200.0, 200.0, 200.0, 200.0, 200.0, 200.0, 200.0, 200.0, 200.0, 200.0, 200.0, 200.0, 200.0, 200.0, 200.0, 200.0, 200.0, 200.0, 200.0, 200.0, 200.0, 200.0, 200.0, 200.0, 200.0]",1,942.478,-0.205091,0.122728,-0.0142967,0.0,"[6.77974, 7.20039, 8.37501, 11.1988, 25.1594, 58.6392, 50.3016, 42.6553, 35.9132, 30.2008, 25.5265, 21.7957, 18.8574, 16.5517, 13.3011, 10.5001, 9.04888, 8.3748, 8.2579]",0.0985677,"[0.984383, -1.24301, 1.90058, -1.4071]",0.344002
0.0,0.0710565,0.0,0.0,16.518,0.0,1956.93,-0.633667,94.0,1,"[200.0, 200.0, 200.0, 200.0, 200.0, 200.0, 200.0, 200.0, 200.0, 200.0, 200.0, 200.0, 200.0, 200.0, 200.0, 200.0, 200.0, 200.0, 200.0, 200.0, 200.0, 200.0, 200.0, 200.0, 200.0, 200.0, 200.0, 200.0, 200.0, 200.0, 200.0, 200.0, 200.0, 200.0, 200.0, 200.0]",1,942.478,-0.204389,0.122967,-0.0143384,0.0,"[6.77886, 7.19933, 8.37355, 11.1962, 25.1319, 58.6461, 50.3083, 42.6617, 35.919, 30.206, 25.531, 21.7995, 18.8607, 16.5545, 13.3032, 10.5015, 9.05001, 8.37573, 8.25872]",0.0986796,"[0.110787, -0.298371, 1.85814, -1.43998]",0.34402
0.0,0.0709945,0.0,0.0,16.54,0.0,1956.93,-0.634888,94.0,1,"[200.0, 200.0, 200.0, 200.0, 200.0, 200.0, 200.0, 200.0, 200.0, 200.0, 200.0, 200.0, 200.0, 200.0, 200.0, 200.0, 200.0, 200.0, 200.0, 200.0, 200.0, 200.0, 200.0, 200.0, 200.0, 200.0, 200.0, 200.0, 200.0, 200.0, 200.0, 200.0, 200.0, 200.0, 200.0, 200.0]",1,942.478,-0.206113,0.121458,-0.0144021,0.0,"[6.77799, 7.19826, 8.37209, 11.1937, 25.104, 58.6534, 50.3154, 42.6684, 35.9251, 30.2114, 25.5357, 21.8035, 18.864, 16.5573, 13.3054, 10.503, 9.05115, 8.37667, 8.25953]",0.0987915,"[-2.48669, 2.66805, -1.53789, 1.74328]",0.344039
0.0,0.0710351,0.0,0.0,16.562,0.0,1956.92,-0.636108,94.0,1,"[200.0, 200.0, 200.0, 200.0, 200.0, 200.0, 200.0, 200.0, 200.0, 200.0, 200.0, 200.0, 200.0, 200.0, 200.0, 200.0, 200.0, 200.0, 200.0, 200.0, 200.0, 200.0, 200.0, 200.0, 200.0, 200.0, 200.0, 200.0, 200.0, 200.0, 200.0, 200.0, 200.0, 200.0, 200.0, 200.0]",1,942.478,-0.205982,0.121499,-0.0143559,0.0,"[6.77717, 7.19748, 8.37129, 11.1928, 25.1066, 58.6506, 50.313, 42.6666, 35.9239, 30.2107, 25.5355, 21.8036, 18.8643, 16.5578, 13.306, 10.5038, 9.05191, 8.37747, 8.26038]",0.0989024,"[-1.61684, 1.66567, -1.49545, 1.77883]",0.344059
0.0,0.0710761,0.0,0.0,16.584,0.0,1956.92,-0.637329,94.0,1,"[200.0, 200.0, 200.0, 200.0, 200.0, 200.0, 200.0, 200.0, 200.0, 200.0, 200.0, 200.0, 200.0, 200.0, 200.0, 200.0, 200.0, 200.0, 200.0, 200.0, 200.0, 200.0, 200.0, 200.0, 200.0, 200.0, 200.0, 200.0, 200.0, 200.0, 200.0, 200.0, 200.0, 200.0, 200.0, 200.0]",1,942.478,-0.205127,0.122653,-0.0143112,0.0,"[6.77635, 7.19669, 8.37049, 11.192, 25.1095, 58.6476, 50.3106, 42.6647, 35.9226, 30.2099, 25.5351, 21.8036, 18.8646, 16.5583, 13.3067, 10.5045, 9.05266, 8.37825, 8.26125]",0.0990143,"[0.983039, -1.25165, 1.90153, -1.40814]",0.344078
0.0,0.0710146,0.0,0.0,16.606,0.0,1956.92,-0.63855,94.0,1,"[200.0, 200.0, 200.0, 200.0, 200.0, 200.0, 200.0, 200.0, 200.0, 200.0, 200.0, 200.0, 200.0, 200.0, 200.0, 200.0, 200.0, 200.0, 200.0, 200.0, 200.0, 200.0, 200.0, 200.0, 200.0, 200.0, 200.0, 200.0, 200.0, 200.0, 200.0, 200.0, 200.0, 200.0, 200.0, 200.0]",1,942.478,-0.205708,0.122415,-0.0143776,0.0,"[6.77548, 7.19562, 8.36903, 11.1895, 25.0817, 58.6548, 50.3175, 42.6713, 35.9286, 30.2153, 25.5398, 21.8076, 18.868, 16.5611, 13.3088, 10.506, 9.05381, 8.3792, 8.26205]",0.0991262,"[0.118178, -0.256867, 1.8642, -1.43613]",0.344097
0.0,0.070954,0.0,0.0,16.628,0.0,1956.92,-0.639771,94.0,1,"[200.0, 200.0, 200.0, 200.0, 200.0, 200.0, 200.0, 200.0, 200.0, 200.0, 200.0, 200.0, 200.0, 200.0, 200.0, 200.0, 200.0, 200.0, 200.0, 200.0, 200.0, 200.0, 200.0, 200.0, 200.0, 200.0, 200.0, 200.0, 200.0, 200.0, 200.0, 200.0, 200.0, 200.0, 200.0, 200.0]",1,942.478,-0.206364,0.121517,-0.0144581,0.0,"[6.7746, 7.19455, 8.36755, 11.1869, 25.0541, 58.6619, 50.3245, 42.6779, 35.9346, 30.2206, 25.5444, 21.8115, 18.8713, 16.564, 13.3109, 10.5075, 9.05495, 8.38014, 8.26286]",0.0992381,"[-2.48656, 2.66097, -1.53862, 1.74581]",0.344116
0.0,0.0709936,0.0,0.0,16.65,0.0,1956.92,-0.640991,94.0,1,"[200.0, 200.0, 200.0, 200.0, 200.0, 200.0, 200.0, 200.0, 200.0, 200.0, 200.0, 200.0, 200.0, 200.0, 200.0, 200.0, 200.0, 200.0, 200.0, 200.0, 200.0, 200.0, 200.0, 200.0, 200.0, 200.0, 200.0, 200.0, 200.0, 200.0, 200.0, 200.0, 200.0, 200.0, 200.0, 200.0]",1,942.478,-0.206816,0.121598,-0.0143774,0.0,"[6.77379, 7.19376, 8.36675, 11.186, 25.0566, 58.6591, 50.3222, 42.6761, 35.9335, 30.22, 25.5442, 21.8116, 18.8717, 16.5645, 13.3116, 10.5082, 9.0557, 8.38092, 8.26373]",0.09935,"[-1.61612, 1.68753, -1.49161, 1.78171]",0.344136
0.0,0.0710336,0.0,0.0,16.672,0.0,1956.92,-0.642212,94.0,1,"[200.0, 200.0, 200.0, 200.0, 200.0, 200.0, 200.0, 200.0, 200.0, 200.0, 200.0, 200.0, 200.0, 200.0, 200.0, 200.0, 200.0, 200.0, 200.0, 200.0, 200.0, 200.0, 200.0, 200.0, 200.0, 200.0, 200.0, 200.0, 200.0, 200.0, 200.0, 200.0, 200.0, 200.0, 200.0, 200.0]",1,942.478,-0.205825,0.122583,-0.0142937,0.0,"[6.77296, 7.19296, 8.36593, 11.1852, 25.059, 58.6563, 50.3199, 42.6743, 35.9323, 30.2193, 25.544, 21.8117, 18.872, 16.565, 13.3122, 10.5089, 9.05648, 8.38173, 8.26459]",0.0994629,"[0.982301, -1.25708, 1.91353, -1.39572]",0.344157
0.0,0.0709721,0.0,0.0,16.694,0.0,1956.92,-0.643433,94.0,1,"[200.0, 200.0, 200.0, 200.0, 200.0, 200.0, 200.0, 200.0, 200.0, 200.0, 200.0, 200.0, 200.0, 200.0, 200.0, 200.0, 200.0, 200.0, 200.0, 200.0, 200.0, 200.0, 200.0, 200.0, 200.0, 200.0, 200.0, 200.0, 200.0, 200.0, 200.0, 200.0, 200.0, 200.0, 200.0, 200.0]",1,942.478,-0.205982,0.122376,-0.0143762,0.0,"[6.77208, 7.19189, 8.36445, 11.1826, 25.0314, 58.6636, 50.327, 42.681, 35.9383, 30.2247, 25.5486, 21.8157, 18.8754, 16.5679, 13.3144, 10.5105, 9.05764, 8.38267, 8.26541]",0.0995758,"[0.109293, -0.269316, 1.87226, -1.4281]",0.344178
0.0,0.0709106,0.0,0.0,16.716,0.0,1956.92,-0.644653,94.0,1,"[200.0, 200.0, 200.0, 200.0, 200.0, 200.0, 200.0, 200.0, 200.0, 200.0, 200.0, 200.0, 200.0, 200.0, 200.0, 200.0, 200.0, 200.0, 200.0, 200.0, 200.0, 200.0, 200.0, 200.0, 200.0, 200.0, 200.0, 200.0, 200.0, 200.0, 200.0, 200.0, 200.0, 200.0, 200.0, 200.0]",1,942.478,-0.206737,0.121453,-0.0144676,0.0,"[6.7712, 7.19083, 8.36298, 11.18, 25.0041, 58.6707, 50.3339, 42.6876, 35.9444, 30.23, 25.5532, 21.8196, 18.8787, 16.5707, 13.3165, 10.5119, 9.05876, 8.38361, 8.26621]",0.0996867,"[-2.47964, 2.65718, -1.53496, 1.74471]",0.344198
0.0,0.0709492,0.0,0.0,16.738,0.0,1956.91,-0.645996,94.0,1,"[200.0, 200.0, 200.0, 200.0, 200.0, 200.0, 200.0, 200.0, 200.0, 200.0, 200.0, 200.0, 200.0, 200.0, 200.0, 200.0, 200.0, 200.0, 200.0, 200.0, 200.0, 200.0, 200.0, 200.0, 200.0, 200.0, 200.0, 200.0, 200.0, 200.0, 200.0, 200.0, 200.0, 200.0, 200.0, 200.0]",1,942.478,-0.206798,0.121425,-0.0144112,0.0,"[6.77038, 7.19002, 8.36216, 11.1792, 25.0061, 58.668, 50.3317, 42.6859, 35.9433, 30.2295, 25.5531, 21.8198, 18.8791, 16.5712, 13.3172, 10.5127, 9.05954, 8.38441, 8.26708]",0.0997996,"[-1.61245, 1.67802, -1.49536, 1.77754]",0.34422
0.0,0.0709898,0.0,0.0,16.76,0.0,1956.91,-0.647217,94.0,1,"[200.0, 200.0, 200.0, 200.0, 200.0, 200.0, 200.0, 200.0, 200.0, 200.0, 200.0, 200.0, 200.0, 200.0, 200.0, 200.0, 200.0, 200.0, 200.0, 200.0, 200.0, 200.0, 200.0, 200.0, 200.0, 200.0, 200.0, 200.0, 200.0, 200.0, 200.0, 200.0, 200.0, 200.0, 200.0, 200.0]",1,942.478,-0.205969,0.122537,-0.0143136,0.0,"[6.76957, 7.18925, 8.36137, 11.1784, 25.0088, 58.6651, 50.3293, 42.6841, 35.942, 30.2287, 25.5528, 21.8199, 18.8794, 16.5717, 13.3178, 10.5134, 9.06028, 8.3852, 8.26794]",0.0999105,"[0.980476, -1.25926, 1.91098, -1.4005]",0.34424
0.0,0.0709273,0.0,0.0,16.782,0.0,1956.91,-0.648438,94.0,1,"[200.0, 200.0, 200.0, 200.0, 200.0, 200.0, 200.0, 200.0, 200.0, 200.0, 200.0, 200.0, 200.0, 200.0, 200.0, 200.0, 200.0, 200.0, 200.0, 200.0, 200.0, 200.0, 200.0, 200.0, 200.0, 200.0, 200.0, 200.0, 200.0, 200.0, 200.0, 200.0, 200.0, 200.0, 200.0, 200.0]",1,942.478,-0.205883,0.12246,-0.0143776,0.0,"[6.76868, 7.18816, 8.35988, 11.1758, 24.9813, 58.6724, 50.3364, 42.6908, 35.9481, 30.2341, 25.5575, 21.8239, 18.8828, 16.5746, 13.32, 10.5149, 9.06144, 8.38614, 8.26875]",0.100023,"[0.113497, -0.268913, 1.8616, -1.43789]",0.344262
0.0,0.0708663,0.0,0.0,16.804,0.0,1956.91,-0.649658,94.0,1,"[200.0, 200.0, 200.0, 200.0, 200.0, 200.0, 200.0, 200.0, 200.0, 200.0, 200.0, 200.0, 200.0, 200.0, 200.0, 200.0, 200.0, 200.0, 200.0, 200.0, 200.0, 200.0, 200.0, 200.0, 200.0, 200.0, 200.0, 200.0, 200.0, 200.0, 200.0, 200.0, 200.0, 200.0, 200.0, 200.0]",1,942.478,-0.206556,0.121446,-0.0144721,0.0,"[6.76781, 7.18709, 8.35841, 11.1732, 24.9539, 58.6796, 50.3434, 42.6975, 35.9542, 30.2395, 25.5621, 21.8278, 18.8862, 16.5775, 13.3221, 10.5164, 9.06259, 8.38709, 8.26956]",0.100135,"[-2.47144, 2.66096, -1.55233, 1.73197]",0.344283
0.0,0.0709049,0.0,0.0,16.826,0.0,1956.91,-0.650879,94.0,1,"[200.0, 200.0, 200.0, 200.0, 200.0, 200.0, 200.0, 200.0, 200.0, 200.0, 200.0, 200.0, 200.0, 200.0, 200.0, 200.0, 200.0, 200.0, 200.0, 200.0, 200.0, 200.0, 200.0, 200.0, 200.0, 200.0, 200.0, 200.0, 200.0, 200.0, 200.0, 200.0, 200.0, 200.0, 200.0, 200.0]",1,942.478,-0.206573,0.121399,-0.0143819,0.0,"[6.76699, 7.18631, 8.3576, 11.1724, 24.9563, 58.6769, 50.3412, 42.6957, 35.9531, 30.2389, 25.5619, 21.828, 18.8865, 16.578, 13.3228, 10.5171, 9.06334, 8.38788, 8.27042]",0.100247,"[-1.61077, 1.67962, -1.50717, 1.76388]",0.344305
0.0,0.070945,0.0,0.0,16.848,0.0,1956.91,-0.652222,94.0,1,"[200.0, 200.0, 200.0, 200.0, 200.0, 200.0, 200.0, 200.0, 200.0, 200.0, 200.0, 200.0, 200.0, 200.0, 200.0, 200.0, 200.0, 200.0, 200.0, 200.0, 200.0, 200.0, 200.0, 200.0, 200.0, 200.0, 200.0, 200.0, 200.0, 200.0, 200.0, 200.0, 200.0, 200.0, 200.0, 200.0]",1,942.478,-0.205967,0.122598,-0.0143132,0.0,"[6.76617, 7.18552, 8.3568, 11.1715, 24.9586, 58.6741, 50.3388, 42.6939, 35.9519, 30.2382, 25.5617, 21.8281, 18.8869, 16.5785, 13.3234, 10.5179, 9.0641, 8.38867, 8.27128]",0.100359,"[0.983951, -1.25343, 1.90191, -1.4092]",0.344327
0.0,0.0708849,0.0,0.0,16.87,0.0,1956.91,-0.653442,94.0,1,"[200.0, 200.0, 200.0, 200.0, 200.0, 200.0, 200.0, 200.0, 200.0, 200.0, 200.0, 200.0, 200.0, 200.0, 200.0, 200.0, 200.0, 200.0, 200.0, 200.0, 200.0, 200.0, 200.0, 200.0, 200.0, 200.0, 200.0, 200.0, 200.0, 200.0, 200.0, 200.0, 200.0, 200.0, 200.0, 200.0]",1,942.478,-0.205585,0.122741,-0.0144102,0.0,"[6.76529, 7.18444, 8.35532, 11.169, 24.9322, 58.6811, 50.3457, 42.7005, 35.9578, 30.2435, 25.5663, 21.832, 18.8902, 16.5813, 13.3255, 10.5194, 9.06525, 8.38962, 8.27209]",0.100471,"[0.11503, -0.286457, 1.85367, -1.44438]",0.344348
0.0,0.0708234,0.0,0.0,16.892,0.0,1956.91,-0.654663,94.0,1,"[200.0, 200.0, 200.0, 200.0, 200.0, 200.0, 200.0, 200.0, 200.0, 200.0, 200.0, 200.0, 200.0, 200.0, 200.0, 200.0, 200.0, 200.0, 200.0, 200.0, 200.0, 200.0, 200.0, 200.0, 200.0, 200.0, 200.0, 200.0, 200.0, 200.0, 200.0, 200.0, 200.0, 200.0, 200.0, 200.0]",1,942.478,-0.206255,0.121029,-0.0144759,0.0,"[6.76442, 7.18337, 8.35386, 11.1664, 24.9052, 58.6883, 50.3527, 42.7071, 35.9639, 30.2489, 25.5709, 21.8359, 18.8935, 16.5841, 13.3277, 10.5209, 9.06639, 8.39055, 8.2729]",0.100583,"[-2.46688, 2.63519, -1.55626, 1.72422]",0.34437
0.0,0.0708629,0.0,0.0,16.914,0.0,1956.9,-0.655884,94.0,1,"[200.0, 200.0, 200.0, 200.0, 200.0, 200.0, 200.0, 200.0, 200.0, 200.0, 200.0, 200.0, 200.0, 200.0, 200.0, 200.0, 200.0, 200.0, 200.0, 200.0, 200.0, 200.0, 200.0, 200.0, 200.0, 200.0, 200.0, 200.0, 200.0, 200.0, 200.0, 200.0, 200.0, 200.0, 200.0, 200.0]",1,942.478,-0.206831,0.121643,-0.0143914,0.0,"[6.7636, 7.18258, 8.35305, 11.1656, 24.9075, 58.6855, 50.3504, 42.7053, 35.9627, 30.2482, 25.5707, 21.836, 18.8939, 16.5846, 13.3283, 10.5216, 9.06716, 8.39135, 8.27376]",0.100695,"[-1.60009, 1.6823, -1.51341, 1.75816]",0.344392
0.0,0.0709016,0.0,0.0,16.936,0.0,1956.9,-0.657104,94.0,1,"[200.0, 200.0, 200.0, 200.0, 200.0, 200.0, 200.0, 200.0, 200.0, 200.0, 200.0, 200.0, 200.0, 200.0, 200.0, 200.0, 200.0, 200.0, 200.0, 200.0, 200.0, 200.0, 200.0, 200.0, 200.0, 200.0, 200.0, 200.0, 200.0, 200.0, 200.0, 200.0, 200.0, 200.0, 200.0, 200.0]",1,942.478,-0.205884,0.122472,-0.0143058,0.0,"[6.76278, 7.18179, 8.35224, 11.1647, 24.9095, 58.6829, 50.3482, 42.7037, 35.9616, 30.2476, 25.5706, 21.8362, 18.8942, 16.5852, 13.329, 10.5223, 9.06792, 8.39214, 8.27463]",0.100807,"[0.977327, -1.26119, 1.90013, -1.40817]",0.344415
0.0,0.0708396,0.0,0.0,16.958,0.0,1956.9,-0.658325,94.0,1,"[200.0, 200.0, 200.0, 200.0, 200.0, 200.0, 200.0, 200.0, 200.0, 200.0, 200.0, 200.0, 200.0, 200.0, 200.0, 200.0, 200.0, 200.0, 200.0, 200.0, 200.0, 200.0, 200.0, 200.0, 200.0, 200.0, 200.0, 200.0, 200.0, 200.0, 200.0, 200.0, 200.0, 200.0, 200.0, 200.0]",1,942.478,-0.206098,0.122386,-0.0143795,0.0,"[6.76189, 7.18072, 8.35076, 11.1621, 24.8825, 58.6901, 50.3553, 42.7104, 35.9677, 30.253, 25.5752, 21.8402, 18.8976, 16.588, 13.3311, 10.5238, 9.06906, 8.39309, 8.27544]",0.10092,"[0.113195, -0.266599, 1.85378, -1.44513]",0.344438
0.0,0.0707781,0.0,0.0,16.98,0.0,1956.9,-0.659668,94.0,1,"[200.0, 200.0, 200.0, 200.0, 200.0, 200.0, 200.0, 200.0, 200.0, 200.0, 200.0, 200.0, 200.0, 200.0, 200.0, 200.0, 200.0, 200.0, 200.0, 200.0, 200.0, 200.0, 200.0, 200.0, 200.0, 200.0, 200.0, 200.0, 200.0, 200.0, 200.0, 200.0, 200.0, 200.0, 200.0, 200.0]",1,942.478,-0.20682,0.120983,-0.0144399,0.0,"[6.76103, 7.17965, 8.34929, 11.1595, 24.8561, 58.6972, 50.3623, 42.7169, 35.9737, 30.2584, 25.5798, 21.8441, 18.901, 16.5909, 13.3333, 10.5253, 9.07022, 8.39402, 8.27624]",0.10103,"[-2.45983, 2.66004, -1.5613, 1.72062]",0.34446
0.0,0.0708157,0.0,0.0,17.002,0.0,1956.9,-0.660889,94.0,1,"[200.0, 200.0, 200.0, 200.0, 200.0, 200.0, 200.0, 200.0, 200.0, 200.0, 200.0, 200.0, 200.0, 200.0, 200.0, 200.0, 200.0, 200.0, 200.0, 200.0, 200.0, 200.0, 200.0, 200.0, 200.0, 200.0, 200.0, 200.0, 200.0, 200.0, 200.0, 200.0, 200.0, 200.0, 200.0, 200.0]",1,942.478,-0.207453,0.121261,-0.014354,0.0,"[6.76021, 7.17885, 8.34848, 11.1587, 24.8578, 58.6947, 50.3602, 42.7154, 35.9727, 30.2579, 25.5797, 21.8443, 18.9014, 16.5914, 13.334, 10.5261, 9.07098, 8.39482, 8.2771]",0.101142,"[-1.6012, 1.70715, -1.51315, 1.76008]",0.344483
0.0,0.0708553,0.0,0.0,17.024,0.0,1956.9,-0.662109,94.0,1,"[200.0, 200.0, 200.0, 200.0, 200.0, 200.0, 200.0, 200.0, 200.0, 200.0, 200.0, 200.0, 200.0, 200.0, 200.0, 200.0, 200.0, 200.0, 200.0, 200.0, 200.0, 200.0, 200.0, 200.0, 200.0, 200.0, 200.0, 200.0, 200.0, 200.0, 200.0, 200.0, 200.0, 200.0, 200.0, 200.0]",1,942.478,-0.206019,0.12263,-0.0143145,0.0,"[6.75938, 7.17806, 8.34766, 11.1578, 24.8601, 58.6919, 50.3579, 42.7136, 35.9715, 30.2572, 25.5795, 21.8444, 18.9018, 16.5919, 13.3346, 10.5268, 9.07174, 8.39562, 8.27797]",0.101255,"[0.974489, -1.28035, 1.90534, -1.40474]",0.344507
0.0,0.0707919,0.0,0.0,17.046,0.0,1956.9,-0.663452,94.0,1,"[200.0, 200.0, 200.0, 200.0, 200.0, 200.0, 200.0, 200.0, 200.0, 200.0, 200.0, 200.0, 200.0, 200.0, 200.0, 200.0, 200.0, 200.0, 200.0, 200.0, 200.0, 200.0, 200.0, 200.0, 200.0, 200.0, 200.0, 200.0, 200.0, 200.0, 200.0, 200.0, 200.0, 200.0, 200.0, 200.0]",1,942.478,-0.206339,0.12222,-0.0143449,0.0,"[6.75851, 7.17699, 8.34618, 11.1552, 24.8331, 58.6993, 50.365, 42.7204, 35.9777, 30.2626, 25.5842, 21.8484, 18.9051, 16.5948, 13.3368, 10.5283, 9.07289, 8.39656, 8.27877]",0.101366,"[0.118808, -0.261467, 1.8526, -1.45011]",0.344529
0.0,0.0707299,0.0,0.0,17.068,0.0,1956.9,-0.664673,94.0,1,"[200.0, 200.0, 200.0, 200.0, 200.0, 200.0, 200.0, 200.0, 200.0, 200.0, 200.0, 200.0, 200.0, 200.0, 200.0, 200.0, 200.0, 200.0, 200.0, 200.0, 200.0, 200.0, 200.0, 200.0, 200.0, 200.0, 200.0, 200.0, 200.0, 200.0, 200.0, 200.0, 200.0, 200.0, 200.0, 200.0]",1,942.478,-0.207038,0.121307,-0.0144595,0.0,"[6.75763, 7.17591, 8.34471, 11.1526, 24.8066, 58.7065, 50.3721, 42.7271, 35.9837, 30.2681, 25.5889, 21.8524, 18.9085, 16.5977, 13.3389, 10.5298, 9.07405, 8.3975, 8.27958]",0.101478,"[-2.45888, 2.68972, -1.5711, 1.70992]",0.344553
0.0,0.07077,0.0,0.0,17.09,0.0,1956.89,-0.665894,94.0,1,"[200.0, 200.0, 200.0, 200.0, 200.0, 200.0, 200.0, 200.0, 200.0, 200.0, 200.0, 200.0, 200.0, 200.0, 200.0, 200.0, 200.0, 200.0, 200.0, 200.0, 200.0, 200.0, 200.0, 200.0, 200.0, 200.0, 200.0, 200.0, 200.0, 200.0, 200.0, 200.0, 200.0, 200.0, 200.0, 200.0]",1,942.478,-0.206863,0.121682,-0.0143942,0.0,"[6.75681, 7.17513, 8.34391, 11.1518, 24.809, 58.7037, 50.3698, 42.7253, 35.9826, 30.2674, 25.5886, 21.8525, 18.9088, 16.5982, 13.3396, 10.5305, 9.0748, 8.39828, 8.28044]",0.10159,"[-1.5935, 1.6855, -1.52599, 1.74576]",0.344576
0.0,0.0708086,0.0,0.0,17.112,0.0,1956.89,-0.667236,94.0,1,"[200.0, 200.0, 200.0, 200.0, 200.0, 200.0, 200.0, 200.0, 200.0, 200.0, 200.0, 200.0, 200.0, 200.0, 200.0, 200.0, 200.0, 200.0, 200.0, 200.0, 200.0, 200.0, 200.0, 200.0, 200.0, 200.0, 200.0, 200.0, 200.0, 200.0, 200.0, 200.0, 200.0, 200.0, 200.0, 200.0]",1,942.478,-0.20587,0.122498,-0.0143137,0.0,"[6.75599, 7.17434, 8.34309, 11.151, 24.8107, 58.701, 50.3675, 42.7236, 35.9815, 30.2668, 25.5885, 21.8527, 18.9092, 16.5987, 13.3402, 10.5313, 9.07556, 8.39909, 8.2813]",0.101702,"[0.975035, -1.2626, 1.89274, -1.4189]",0.344599
0.0,0.0707471,0.0,0.0,17.134,0.0,1956.89,-0.668457,94.0,1,"[200.0, 200.0, 200.0, 200.0, 200.0, 200.0, 200.0, 200.0, 200.0, 200.0, 200.0, 200.0, 200.0, 200.0, 200.0, 200.0, 200.0, 200.0, 200.0, 200.0, 200.0, 200.0, 200.0, 200.0, 200.0, 200.0, 200.0, 200.0, 200.0, 200.0, 200.0, 200.0, 200.0, 200.0, 200.0, 200.0]",1,942.478,-0.206155,0.122287,-0.014349,0.0,"[6.75512, 7.17328, 8.34162, 11.1484, 24.7849, 58.7082, 50.3746, 42.7302, 35.9875, 30.2721, 25.5931, 21.8566, 18.9126, 16.6016, 13.3424, 10.5328, 9.0767, 8.40003, 8.2821]",0.101814,"[0.119079, -0.263007, 1.84304, -1.45809]",0.344622
0.0,0.0706856,0.0,0.0,17.156,0.0,1956.89,-0.669678,94.0,1,"[200.0, 200.0, 200.0, 200.0, 200.0, 200.0, 200.0, 200.0, 200.0, 200.0, 200.0, 200.0, 200.0, 200.0, 200.0, 200.0, 200.0, 200.0, 200.0, 200.0, 200.0, 200.0, 200.0, 200.0, 200.0, 200.0, 200.0, 200.0, 200.0, 200.0, 200.0, 200.0, 200.0, 200.0, 200.0, 200.0]",1,942.478,-0.207035,0.12124,-0.0144847,0.0,"[6.75424, 7.1722, 8.34014, 11.1458, 24.7588, 58.7153, 50.3815, 42.7369, 35.9935, 30.2775, 25.5978, 21.8606, 18.9159, 16.6044, 13.3445, 10.5343, 9.07784, 8.40096, 8.28292]",0.101926,"[-2.45712, 2.69627, -1.5795, 1.70026]",0.344646
0.0,0.0707261,0.0,0.0,17.178,0.0,1956.89,-0.671021,94.0,1,"[200.0, 200.0, 200.0, 200.0, 200.0, 200.0, 200.0, 200.0, 200.0, 200.0, 200.0, 200.0, 200.0, 200.0, 200.0, 200.0, 200.0, 200.0, 200.0, 200.0, 200.0, 200.0, 200.0, 200.0, 200.0, 200.0, 200.0, 200.0, 200.0, 200.0, 200.0, 200.0, 200.0, 200.0, 200.0, 200.0]",1,942.478,-0.206312,0.121363,-0.0143951,0.0,"[6.75343, 7.17141, 8.33934, 11.145, 24.7611, 58.7125, 50.3792, 42.7351, 35.9923, 30.2768, 25.5975, 21.8607, 18.9162, 16.6049, 13.3452, 10.535, 9.07861, 8.40177, 8.28378]",0.102038,"[-1.59181, 1.66871, -1.53642, 1.73583]",0.34467
0.0,0.0707666,0.0,0.0,17.2,0.0,1956.89,-0.672119,94.0,1,"[200.0, 200.0, 200.0, 200.0, 200.0, 200.0, 200.0, 200.0, 200.0, 200.0, 200.0, 200.0, 200.0, 200.0, 200.0, 200.0, 200.0, 200.0, 200.0, 200.0, 200.0, 200.0, 200.0, 200.0, 200.0, 200.0, 200.0, 200.0, 200.0, 200.0, 200.0, 200.0, 200.0, 200.0, 200.0, 200.0]",1,942.478,-0.205577,0.12283,-0.0142946,0.0,"[6.7526, 7.17062, 8.33855, 11.1442, 24.7635, 58.7096, 50.3768, 42.7332, 35.9911, 30.2761, 25.5972, 21.8607, 18.9166, 16.6054, 13.3458, 10.5357, 9.07935, 8.40254, 8.28465]",0.102149,"[0.97115, -1.2774, 1.88535, -1.42449]",0.344693
0.0,0.0707061,0.0,0.0,17.222,0.0,1956.89,-0.67334,94.0,1,"[200.0, 200.0, 200.0, 200.0, 200.0, 200.0, 200.0, 200.0, 200.0, 200.0, 200.0, 200.0, 200.0, 200.0, 200.0, 200.0, 200.0, 200.0, 200.0, 200.0, 200.0, 200.0, 200.0, 200.0, 200.0, 200.0, 200.0, 200.0, 200.0, 200.0, 200.0, 200.0, 200.0, 200.0, 200.0, 200.0]",1,942.478,-0.205637,0.122216,-0.0143624,0.0,"[6.75173, 7.16956, 8.33707, 11.1416, 24.7377, 58.7167, 50.3837, 42.7398, 35.9971, 30.2814, 25.6018, 21.8647, 18.9199, 16.6082, 13.3479, 10.5372, 9.08051, 8.4035, 8.28545]",0.102261,"[0.107324, -0.285635, 1.84006, -1.46139]",0.344717
0.0,0.0706446,0.0,0.0,17.244,0.0,1956.89,-0.674683,94.0,1,"[200.0, 200.0, 200.0, 200.0, 200.0, 200.0, 200.0, 200.0, 200.0, 200.0, 200.0, 200.0, 200.0, 200.0, 200.0, 200.0, 200.0, 200.0, 200.0, 200.0, 200.0, 200.0, 200.0, 200.0, 200.0, 200.0, 200.0, 200.0, 200.0, 200.0, 200.0, 200.0, 200.0, 200.0, 200.0, 200.0]",1,942.478,-0.206705,0.121051,-0.0144786,0.0,"[6.75085, 7.16847, 8.3356, 11.139, 24.7121, 58.7239, 50.3907, 42.7464, 36.0031, 30.2868, 25.6065, 21.8686, 18.9233, 16.6111, 13.3501, 10.5387, 9.08165, 8.40444, 8.28626]",0.102374,"[-2.44576, 2.66387, -1.58403, 1.6957]",0.344742
0.0,0.0706837,0.0,0.0,17.266,0.0,1956.88,-0.675903,94.0,1,"[200.0, 200.0, 200.0, 200.0, 200.0, 200.0, 200.0, 200.0, 200.0, 200.0, 200.0, 200.0, 200.0, 200.0, 200.0, 200.0, 200.0, 200.0, 200.0, 200.0, 200.0, 200.0, 200.0, 200.0, 200.0, 200.0, 200.0, 200.0, 200.0, 200.0, 200.0, 200.0, 200.0, 200.0, 200.0, 200.0]",1,942.478,-0.207491,0.121409,-0.0144092,0.0,"[6.75003, 7.16769, 8.33478, 11.1382, 24.714, 58.7212, 50.3884, 42.7447, 36.002, 30.2861, 25.6063, 21.8687, 18.9236, 16.6116, 13.3507, 10.5395, 9.08241, 8.40523, 8.28712]",0.102485,"[-1.59418, 1.71145, -1.52935, 1.74255]",0.344765
0.0,0.0707223,0.0,0.0,17.288,0.0,1956.88,-0.677124,94.0,1,"[200.0, 200.0, 200.0, 200.0, 200.0, 200.0, 200.0, 200.0, 200.0, 200.0, 200.0, 200.0, 200.0, 200.0, 200.0, 200.0, 200.0, 200.0, 200.0, 200.0, 200.0, 200.0, 200.0, 200.0, 200.0, 200.0, 200.0, 200.0, 200.0, 200.0, 200.0, 200.0, 200.0, 200.0, 200.0, 200.0]",1,942.478,-0.206649,0.122527,-0.0142946,0.0,"[6.74921, 7.1669, 8.334, 11.1373, 24.7159, 58.7185, 50.3862, 42.743, 36.0009, 30.2856, 25.6061, 21.8689, 18.924, 16.6121, 13.3514, 10.5402, 9.08316, 8.40602, 8.28798]",0.102597,"[0.970604, -1.26751, 1.90352, -1.40554]",0.34479
0.0,0.0706598,0.0,0.0,17.31,0.0,1956.88,-0.678467,94.0,1,"[200.0, 200.0, 200.0, 200.0, 200.0, 200.0, 200.0, 200.0, 200.0, 200.0, 200.0, 200.0, 200.0, 200.0, 200.0, 200.0, 200.0, 200.0, 200.0, 200.0, 200.0, 200.0, 200.0, 200.0, 200.0, 200.0, 200.0, 200.0, 200.0, 200.0, 200.0, 200.0, 200.0, 200.0, 200.0, 200.0]",1,942.478,-0.206988,0.1222,-0.0143503,0.0,"[6.74834, 7.16583, 8.33251, 11.1348, 24.6902, 58.7258, 50.3933, 42.7497, 36.007, 30.291, 25.6108, 21.8729, 18.9274, 16.615, 13.3535, 10.5417, 9.08432, 8.40696, 8.28879]",0.102709,"[0.114392, -0.262834, 1.85856, -1.44493]",0.344814
0.0,0.0705978,0.0,0.0,17.332,0.0,1956.88,-0.679688,94.0,1,"[200.0, 200.0, 200.0, 200.0, 200.0, 200.0, 200.0, 200.0, 200.0, 200.0, 200.0, 200.0, 200.0, 200.0, 200.0, 200.0, 200.0, 200.0, 200.0, 200.0, 200.0, 200.0, 200.0, 200.0, 200.0, 200.0, 200.0, 200.0, 200.0, 200.0, 200.0, 200.0, 200.0, 200.0, 200.0, 200.0]",1,942.478,-0.208091,0.120944,-0.0144555,0.0,"[6.74747, 7.16476, 8.33103, 11.1322, 24.6645, 58.7329, 50.4004, 42.7564, 36.0131, 30.2963, 25.6154, 21.8768, 18.9307, 16.6179, 13.3557, 10.5432, 9.08547, 8.40789, 8.2896]",0.10282,"[-2.43687, 2.70387, -1.57024, 1.70815]",0.344838
0.0,0.0706364,0.0,0.0,17.354,0.0,1956.88,-0.680908,94.0,1,"[200.0, 200.0, 200.0, 200.0, 200.0, 200.0, 200.0, 200.0, 200.0, 200.0, 200.0, 200.0, 200.0, 200.0, 200.0, 200.0, 200.0, 200.0, 200.0, 200.0, 200.0, 200.0, 200.0, 200.0, 200.0, 200.0, 200.0, 200.0, 200.0, 200.0, 200.0, 200.0, 200.0, 200.0, 200.0, 200.0]",1,942.478,-0.207996,0.121142,-0.0144008,0.0,"[6.74666, 7.16398, 8.33024, 11.1313, 24.6665, 58.7303, 50.3981, 42.7547, 36.0119, 30.2957, 25.6153, 21.8769, 18.9311, 16.6184, 13.3563, 10.5439, 9.08623, 8.40869, 8.29045]",0.102931,"[-1.58689, 1.70401, -1.51793, 1.75121]",0.344863
0.0,0.0706775,0.0,0.0,17.376,0.0,1956.88,-0.682251,94.0,1,"[200.0, 200.0, 200.0, 200.0, 200.0, 200.0, 200.0, 200.0, 200.0, 200.0, 200.0, 200.0, 200.0, 200.0, 200.0, 200.0, 200.0, 200.0, 200.0, 200.0, 200.0, 200.0, 200.0, 200.0, 200.0, 200.0, 200.0, 200.0, 200.0, 200.0, 200.0, 200.0, 200.0, 200.0, 200.0, 200.0]",1,942.478,-0.206587,0.122299,-0.0142746,0.0,"[6.74584, 7.1632, 8.32944, 11.1305, 24.6689, 58.7273, 50.3957, 42.7528, 36.0106, 30.295, 25.6149, 21.877, 18.9314, 16.6188, 13.357, 10.5446, 9.08697, 8.40947, 8.29131]",0.103043,"[0.980751, -1.30547, 1.91209, -1.39937]",0.344888
0.0,0.0706136,0.0,0.0,17.398,0.0,1956.88,-0.683472,94.0,1,"[200.0, 200.0, 200.0, 200.0, 200.0, 200.0, 200.0, 200.0, 200.0, 200.0, 200.0, 200.0, 200.0, 200.0, 200.0, 200.0, 200.0, 200.0, 200.0, 200.0, 200.0, 200.0, 200.0, 200.0, 200.0, 200.0, 200.0, 200.0, 200.0, 200.0, 200.0, 200.0, 200.0, 200.0, 200.0, 200.0]",1,942.478,-0.207101,0.121947,-0.0143784,0.0,"[6.74496, 7.16212, 8.32796, 11.128, 24.6427, 58.7348, 50.4029, 42.7596, 36.0169, 30.3005, 25.6197, 21.8811, 18.9348, 16.6218, 13.3591, 10.5461, 9.08813, 8.41042, 8.29211]",0.103155,"[0.130812, -0.274906, 1.85557, -1.44491]",0.344913
0.0,0.0705506,0.0,0.0,17.42,0.0,1956.88,-0.684692,94.0,1,"[200.0, 200.0, 200.0, 200.0, 200.0, 200.0, 200.0, 200.0, 200.0, 200.0, 200.0, 200.0, 200.0, 200.0, 200.0, 200.0, 200.0, 200.0, 200.0, 200.0, 200.0, 200.0, 200.0, 200.0, 200.0, 200.0, 200.0, 200.0, 200.0, 200.0, 200.0, 200.0, 200.0, 200.0, 200.0, 200.0]",1,942.478,-0.207539,0.121242,-0.0144632,0.0,"[6.74409, 7.16105, 8.32649, 11.1253, 24.6173, 58.7421, 50.41, 42.7663, 36.023, 30.3059, 25.6244, 21.885, 18.9382, 16.6246, 13.3613, 10.5476, 9.08928, 8.41136, 8.29292]",0.103265,"[-2.44359, 2.68723, -1.57746, 1.70214]",0.344937
0.0,0.0705883,0.0,0.0,17.442,0.0,1956.87,-0.686035,94.0,1,"[200.0, 200.0, 200.0, 200.0, 200.0, 200.0, 200.0, 200.0, 200.0, 200.0, 200.0, 200.0, 200.0, 200.0, 200.0, 200.0, 200.0, 200.0, 200.0, 200.0, 200.0, 200.0, 200.0, 200.0, 200.0, 200.0, 200.0, 200.0, 200.0, 200.0, 200.0, 200.0, 200.0, 200.0, 200.0, 200.0]",1,942.478,-0.207725,0.121144,-0.0143727,0.0,"[6.74327, 7.16026, 8.32566, 11.1245, 24.6187, 58.7395, 50.4079, 42.7648, 36.022, 30.3054, 25.6243, 21.8852, 18.9386, 16.6252, 13.362, 10.5484, 9.09004, 8.41216, 8.29378]",0.103377,"[-1.58708, 1.6976, -1.52473, 1.74729]",0.344963
0.0,0.0706279,0.0,0.0,17.464,0.0,1956.87,-0.687256,94.0,1,"[200.0, 200.0, 200.0, 200.0, 200.0, 200.0, 200.0, 200.0, 200.0, 200.0, 200.0, 200.0, 200.0, 200.0, 200.0, 200.0, 200.0, 200.0, 200.0, 200.0, 200.0, 200.0, 200.0, 200.0, 200.0, 200.0, 200.0, 200.0, 200.0, 200.0, 200.0, 200.0, 200.0, 200.0, 200.0, 200.0]",1,942.478,-0.20689,0.122236,-0.0143092,0.0,"[6.74247, 7.15947, 8.32487, 11.1237, 24.6208, 58.7367, 50.4056, 42.763, 36.0208, 30.3047, 25.624, 21.8854, 18.9389, 16.6257, 13.3626, 10.5491, 9.09079, 8.41294, 8.29462]",0.103488,"[0.972165, -1.26853, 1.90934, -1.40408]",0.344987
0.0,0.0705654,0.0,0.0,17.486,0.0,1956.87,-0.688477,94.0,1,"[200.0, 200.0, 200.0, 200.0, 200.0, 200.0, 200.0, 200.0, 200.0, 200.0, 200.0, 200.0, 200.0, 200.0, 200.0, 200.0, 200.0, 200.0, 200.0, 200.0, 200.0, 200.0, 200.0, 200.0, 200.0, 200.0, 200.0, 200.0, 200.0, 200.0, 200.0, 200.0, 200.0, 200.0, 200.0, 200.0]",1,942.478,-0.206741,0.122012,-0.0143592,0.0,"[6.74159, 7.1584, 8.32339, 11.1211, 24.5954, 58.744, 50.4127, 42.7697, 36.0269, 30.3102, 25.6287, 21.8893, 18.9424, 16.6286, 13.3648, 10.5506, 9.09193, 8.41388, 8.29544]",0.1036,"[0.110562, -0.273455, 1.85311, -1.44799]",0.345012
0.0,0.0705034,0.0,0.0,17.508,0.0,1956.87,-0.689697,94.0,1,"[200.0, 200.0, 200.0, 200.0, 200.0, 200.0, 200.0, 200.0, 200.0, 200.0, 200.0, 200.0, 200.0, 200.0, 200.0, 200.0, 200.0, 200.0, 200.0, 200.0, 200.0, 200.0, 200.0, 200.0, 200.0, 200.0, 200.0, 200.0, 200.0, 200.0, 200.0, 200.0, 200.0, 200.0, 200.0, 200.0]",1,942.478,-0.207549,0.121308,-0.0144641,0.0,"[6.74072, 7.15733, 8.32193, 11.1185, 24.5703, 58.7512, 50.4197, 42.7763, 36.033, 30.3155, 25.6334, 21.8933, 18.9457, 16.6314, 13.3669, 10.5521, 9.09307, 8.41481, 8.29624]",0.103711,"[-2.43942, 2.6874, -1.58019, 1.69881]",0.345038
0.0,0.0705411,0.0,0.0,17.53,0.0,1956.87,-0.69104,94.0,1,"[200.0, 200.0, 200.0, 200.0, 200.0, 200.0, 200.0, 200.0, 200.0, 200.0, 200.0, 200.0, 200.0, 200.0, 200.0, 200.0, 200.0, 200.0, 200.0, 200.0, 200.0, 200.0, 200.0, 200.0, 200.0, 200.0, 200.0, 200.0, 200.0, 200.0, 200.0, 200.0, 200.0, 200.0, 200.0, 200.0]",1,942.478,-0.207841,0.121035,-0.0144219,0.0,"[6.7399, 7.15655, 8.32112, 11.1176, 24.5719, 58.7486, 50.4176, 42.7747, 36.0319, 30.315, 25.6332, 21.8935, 18.9461, 16.6319, 13.3676, 10.5529, 9.09386, 8.41561, 8.2971]",0.103823,"[-1.58174, 1.70246, -1.5276, 1.74446]",0.345062
0.0,0.0705792,0.0,0.0,17.552,0.0,1956.87,-0.692261,94.0,1,"[200.0, 200.0, 200.0, 200.0, 200.0, 200.0, 200.0, 200.0, 200.0, 200.0, 200.0, 200.0, 200.0, 200.0, 200.0, 200.0, 200.0, 200.0, 200.0, 200.0, 200.0, 200.0, 200.0, 200.0, 200.0, 200.0, 200.0, 200.0, 200.0, 200.0, 200.0, 200.0, 200.0, 200.0, 200.0, 200.0]",1,942.478,-0.206766,0.122109,-0.0142982,0.0,"[6.73908, 7.15576, 8.3203, 11.1168, 24.5736, 58.746, 50.4155, 42.7731, 36.0308, 30.3144, 25.6331, 21.8936, 18.9464, 16.6325, 13.3682, 10.5536, 9.0946, 8.4164, 8.29796]",0.103934,"[0.967804, -1.27668, 1.90926, -1.3993]",0.345087
0.0,0.0705163,0.0,0.0,17.574,0.0,1956.87,-0.693481,94.0,1,"[200.0, 200.0, 200.0, 200.0, 200.0, 200.0, 200.0, 200.0, 200.0, 200.0, 200.0, 200.0, 200.0, 200.0, 200.0, 200.0, 200.0, 200.0, 200.0, 200.0, 200.0, 200.0, 200.0, 200.0, 200.0, 200.0, 200.0, 200.0, 200.0, 200.0, 200.0, 200.0, 200.0, 200.0, 200.0, 200.0]",1,942.478,-0.206894,0.122155,-0.0143962,0.0,"[6.73821, 7.15468, 8.31882, 11.1142, 24.5481, 58.7533, 50.4226, 42.7798, 36.037, 30.3198, 25.6378, 21.8977, 18.9499, 16.6354, 13.3704, 10.5551, 9.09576, 8.41734, 8.29876]",0.104046,"[0.112863, -0.289843, 1.8597, -1.43857]",0.345112
0.0,0.0704524,0.0,0.0,17.596,0.0,1956.87,-0.694824,94.0,1,"[200.0, 200.0, 200.0, 200.0, 200.0, 200.0, 200.0, 200.0, 200.0, 200.0, 200.0, 200.0, 200.0, 200.0, 200.0, 200.0, 200.0, 200.0, 200.0, 200.0, 200.0, 200.0, 200.0, 200.0, 200.0, 200.0, 200.0, 200.0, 200.0, 200.0, 200.0, 200.0, 200.0, 200.0, 200.0, 200.0]",1,942.478,-0.208103,0.120691,-0.0144317,0.0,"[6.73734, 7.15361, 8.31734, 11.1116, 24.5229, 58.7607, 50.4298, 42.7867, 36.0432, 30.3253, 25.6426, 21.9017, 18.9533, 16.6383, 13.3726, 10.5566, 9.09691, 8.41828, 8.29957]",0.104156,"[-2.43636, 2.70066, -1.57468, 1.70537]",0.345137
0.0,0.0704901,0.0,0.0,17.618,0.0,1956.86,-0.696045,94.0,1,"[200.0, 200.0, 200.0, 200.0, 200.0, 200.0, 200.0, 200.0, 200.0, 200.0, 200.0, 200.0, 200.0, 200.0, 200.0, 200.0, 200.0, 200.0, 200.0, 200.0, 200.0, 200.0, 200.0, 200.0, 200.0, 200.0, 200.0, 200.0, 200.0, 200.0, 200.0, 200.0, 200.0, 200.0, 200.0, 200.0]",1,942.478,-0.208091,0.121237,-0.0143602,0.0,"[6.73653, 7.15283, 8.31653, 11.1107, 24.5243, 58.7581, 50.4276, 42.785, 36.0421, 30.3248, 25.6424, 21.9019, 18.9537, 16.6388, 13.3732, 10.5574, 9.09767, 8.41907, 8.30042]",0.104267,"[-1.58105, 1.70149, -1.52097, 1.74884]",0.345162
0.0,0.0705277,0.0,0.0,17.64,0.0,1956.86,-0.697266,94.0,1,"[200.0, 200.0, 200.0, 200.0, 200.0, 200.0, 200.0, 200.0, 200.0, 200.0, 200.0, 200.0, 200.0, 200.0, 200.0, 200.0, 200.0, 200.0, 200.0, 200.0, 200.0, 200.0, 200.0, 200.0, 200.0, 200.0, 200.0, 200.0, 200.0, 200.0, 200.0, 200.0, 200.0, 200.0, 200.0, 200.0]",1,942.478,-0.207377,0.122083,-0.0142479,0.0,"[6.73571, 7.15205, 8.31572, 11.1099, 24.5261, 58.7555, 50.4255, 42.7834, 36.041, 30.3242, 25.6423, 21.902, 18.9541, 16.6393, 13.3739, 10.5581, 9.09842, 8.41985, 8.30127]",0.104378,"[0.966427, -1.27586, 1.92125, -1.38896]",0.345188
0.0,0.0704648,0.0,0.0,17.662,0.0,1956.86,-0.698486,94.0,1,"[200.0, 200.0, 200.0, 200.0, 200.0, 200.0, 200.0, 200.0, 200.0, 200.0, 200.0, 200.0, 200.0, 200.0, 200.0, 200.0, 200.0, 200.0, 200.0, 200.0, 200.0, 200.0, 200.0, 200.0, 200.0, 200.0, 200.0, 200.0, 200.0, 200.0, 200.0, 200.0, 200.0, 200.0, 200.0, 200.0]",1,942.478,-0.207419,0.122076,-0.0143404,0.0,"[6.73484, 7.15097, 8.31425, 11.1073, 24.5009, 58.7628, 50.4327, 42.7901, 36.0472, 30.3297, 25.6469, 21.906, 18.9574, 16.6422, 13.3761, 10.5596, 9.09958, 8.4208, 8.30207]",0.10449,"[0.113011, -0.273764, 1.86651, -1.43236]",0.345213
0.0,0.0704018,0.0,0.0,17.684,0.0,1956.86,-0.699829,94.0,1,"[200.0, 200.0, 200.0, 200.0, 200.0, 200.0, 200.0, 200.0, 200.0, 200.0, 200.0, 200.0, 200.0, 200.0, 200.0, 200.0, 200.0, 200.0, 200.0, 200.0, 200.0, 200.0, 200.0, 200.0, 200.0, 200.0, 200.0, 200.0, 200.0, 200.0, 200.0, 200.0, 200.0, 200.0, 200.0, 200.0]",1,942.478,-0.208459,0.121098,-0.0144938,0.0,"[6.73397, 7.14991, 8.31278, 11.1047, 24.4761, 58.7701, 50.4398, 42.7969, 36.0533, 30.3351, 25.6516, 21.91, 18.9608, 16.6451, 13.3782, 10.5611, 9.10072, 8.42172, 8.30287]",0.1046,"[-2.42916, 2.69441, -1.5671, 1.71389]",0.345238
0.0,0.0704386,0.0,0.0,17.706,0.0,1956.86,-0.70105,94.0,1,"[200.0, 200.0, 200.0, 200.0, 200.0, 200.0, 200.0, 200.0, 200.0, 200.0, 200.0, 200.0, 200.0, 200.0, 200.0, 200.0, 200.0, 200.0, 200.0, 200.0, 200.0, 200.0, 200.0, 200.0, 200.0, 200.0, 200.0, 200.0, 200.0, 200.0, 200.0, 200.0, 200.0, 200.0, 200.0, 200.0]",1,942.478,-0.208649,0.120796,-0.0144016,0.0,"[6.73316, 7.14912, 8.31195, 11.1038, 24.4772, 58.7676, 50.4377, 42.7954, 36.0524, 30.3346, 25.6515, 21.9102, 18.9613, 16.6457, 13.3789, 10.5618, 9.10147, 8.42253, 8.30373]",0.104712,"[-1.5738, 1.70039, -1.50846, 1.76044]",0.345263
0.0,0.0704767,0.0,0.0,17.728,0.0,1956.86,-0.702271,94.0,1,"[200.0, 200.0, 200.0, 200.0, 200.0, 200.0, 200.0, 200.0, 200.0, 200.0, 200.0, 200.0, 200.0, 200.0, 200.0, 200.0, 200.0, 200.0, 200.0, 200.0, 200.0, 200.0, 200.0, 200.0, 200.0, 200.0, 200.0, 200.0, 200.0, 200.0, 200.0, 200.0, 200.0, 200.0, 200.0, 200.0]",1,942.478,-0.20759,0.12192,-0.0142566,0.0,"[6.73234, 7.14832, 8.31115, 11.103, 24.479, 58.7649, 50.4356, 42.7937, 36.0513, 30.334, 25.6514, 21.9104, 18.9616, 16.6462, 13.3796, 10.5626, 9.10224, 8.42332, 8.30458]",0.104823,"[0.966524, -1.28533, 1.93055, -1.37842]",0.345288
0.0,0.0704128,0.0,0.0,17.75,0.0,1956.86,-0.703613,94.0,1,"[200.0, 200.0, 200.0, 200.0, 200.0, 200.0, 200.0, 200.0, 200.0, 200.0, 200.0, 200.0, 200.0, 200.0, 200.0, 200.0, 200.0, 200.0, 200.0, 200.0, 200.0, 200.0, 200.0, 200.0, 200.0, 200.0, 200.0, 200.0, 200.0, 200.0, 200.0, 200.0, 200.0, 200.0, 200.0, 200.0]",1,942.478,-0.207828,0.121532,-0.0143514,0.0,"[6.73146, 7.14727, 8.30967, 11.1004, 24.4539, 58.7724, 50.4428, 42.8005, 36.0575, 30.3395, 25.6561, 21.9144, 18.965, 16.6491, 13.3817, 10.5641, 9.10337, 8.42426, 8.30538]",0.104934,"[0.122871, -0.279852, 1.8764, -1.42271]",0.345313
0.0,0.0703484,0.0,0.0,17.772,0.0,1956.86,-0.704834,94.0,1,"[200.0, 200.0, 200.0, 200.0, 200.0, 200.0, 200.0, 200.0, 200.0, 200.0, 200.0, 200.0, 200.0, 200.0, 200.0, 200.0, 200.0, 200.0, 200.0, 200.0, 200.0, 200.0, 200.0, 200.0, 200.0, 200.0, 200.0, 200.0, 200.0, 200.0, 200.0, 200.0, 200.0, 200.0, 200.0, 200.0]",1,942.478,-0.20871,0.120733,-0.0145093,0.0,"[6.73061, 7.14619, 8.3082, 11.0978, 24.429, 58.7798, 50.45, 42.8074, 36.0638, 30.345, 25.6609, 21.9185, 18.9685, 16.652, 13.3839, 10.5656, 9.10453, 8.42519, 8.30618]",0.105045,"[-2.43079, 2.71128, -1.56578, 1.71615]",0.345339
0.0,0.0703832,0.0,0.0,17.794,0.0,1956.85,-0.705933,94.0,1,"[200.0, 200.0, 200.0, 200.0, 200.0, 200.0, 200.0, 200.0, 200.0, 200.0, 200.0, 200.0, 200.0, 200.0, 200.0, 200.0, 200.0, 200.0, 200.0, 200.0, 200.0, 200.0, 200.0, 200.0, 200.0, 200.0, 200.0, 200.0, 200.0, 200.0, 200.0, 200.0, 200.0, 200.0, 200.0, 200.0]",1,942.478,-0.184019,0.109532,0.0198583,0.0,"[6.72982, 7.14543, 8.3074, 11.0969, 24.4299, 58.7775, 50.4481, 42.8059, 36.0628, 30.3446, 25.6608, 21.9187, 18.9689, 16.6525, 13.3846, 10.5663, 9.10528, 8.42596, 8.307]",0.105151,"[-3.50696, 1.43787, -1.59634, 1.72781]",0.345524
0.0,0.070511,0.0,0.0,17.816,0.0,1956.85,-0.707275,94.0,1,"[200.0, 200.0, 200.0, 200.0, 200.0, 200.0, 200.0, 200.0, 200.0, 200.0, 200.0, 200.0, 200.0, 200.0, 200.0, 200.0, 200.0, 200.0, 200.0, 200.0, 200.0, 200.0, 200.0, 200.0, 200.0, 200.0, 200.0, 200.0, 200.0, 200.0, 200.0, 200.0, 200.0, 200.0, 200.0, 200.0]",1,942.478,-0.134394,0.102947,0.0184213,0.0,"[6.72914, 7.14499, 8.3073, 11.0978, 24.4559, 58.7659, 50.4375, 42.7967, 36.0551, 30.3385, 25.6562, 21.9153, 18.9664, 16.6508, 13.3838, 10.5662, 9.10557, 8.42652, 8.30781]",0.10525,"[-2.88423, -1.58282, 1.76657, -1.46742]",0.345746
0.0,0.0705544,0.0,0.0,17.838,0.0,1956.85,-0.708496,94.0,1,"[200.0, 200.0, 200.0, 200.0, 200.0, 200.0, 200.0, 200.0, 200.0, 200.0, 200.0, 200.0, 200.0, 200.0, 200.0, 200.0, 200.0, 200.0, 200.0, 200.0, 200.0, 200.0, 200.0, 200.0, 200.0, 200.0, 200.0, 200.0, 200.0, 200.0, 200.0, 200.0, 200.0, 200.0, 200.0, 200.0]",1,942.478,-0.180049,0.0987214,0.0135591,0.0,"[6.72845, 7.14434, 8.30667, 11.0972, 24.46, 58.7626, 50.4347, 42.7944, 36.0534, 30.3374, 25.6555, 21.915, 18.9664, 16.651, 13.3842, 10.5668, 9.10619, 8.42718, 8.30855]",0.105346,"[0.19004, -0.635381, 1.72978, -1.49755]",0.345946
0.0,0.0705659,0.0,0.0,17.86,0.0,1956.85,-0.709717,94.0,1,"[200.0, 200.0, 200.0, 200.0, 200.0, 200.0, 200.0, 200.0, 200.0, 200.0, 200.0, 200.0, 200.0, 200.0, 200.0, 200.0, 200.0, 200.0, 200.0, 200.0, 200.0, 200.0, 200.0, 200.0, 200.0, 200.0, 200.0, 200.0, 200.0, 200.0, 200.0, 200.0, 200.0, 200.0, 200.0, 200.0]",1,942.478,-0.273259,0.09802,0.00714977,0.0,"[6.72776, 7.14363, 8.30587, 11.0962, 24.4558, 58.7624, 50.4347, 42.7947, 36.054, 30.3381, 25.6564, 21.9159, 18.9673, 16.6519, 13.385, 10.5676, 9.1069, 8.42788, 8.30925]",0.105438,"[2.63549, 2.24845, -1.66227, 1.69695]",0.346107
0.0,0.0706269,0.0,0.0,17.882,0.0,1956.85,-0.710938,94.0,1,"[200.0, 200.0, 200.0, 200.0, 200.0, 200.0, 200.0, 200.0, 200.0, 200.0, 200.0, 200.0, 200.0, 200.0, 200.0, 200.0, 200.0, 200.0, 200.0, 200.0, 200.0, 200.0, 200.0, 200.0, 200.0, 200.0, 200.0, 200.0, 200.0, 200.0, 200.0, 200.0, 200.0, 200.0, 200.0, 200.0]",1,942.478,-0.273281,0.0958444,0.000632965,0.0,"[6.72711, 7.14308, 8.30542, 11.096, 24.465, 58.7573, 50.4302, 42.7909, 36.051, 30.3358, 25.6548, 21.9149, 18.9667, 16.6516, 13.3852, 10.5679, 9.10739, 8.42847, 8.30997]",0.105529,"[2.05073, 1.23715, -1.61739, 1.71503]",0.346224
0.0,0.070687,0.0,0.0,17.904,0.0,1956.85,-0.712036,94.0,1,"[200.0, 200.0, 200.0, 200.0, 200.0, 200.0, 200.0, 200.0, 200.0, 200.0, 200.0, 200.0, 200.0, 200.0, 200.0, 200.0, 200.0, 200.0, 200.0, 200.0, 200.0, 200.0, 200.0, 200.0, 200.0, 200.0, 200.0, 200.0, 200.0, 200.0, 200.0, 200.0, 200.0, 200.0, 200.0, 200.0]",1,942.478,-0.180455,0.0934246,-0.00544544,0.0,"[6.72644, 7.14251, 8.30493, 11.0957, 24.4739, 58.7523, 50.4258, 42.7872, 36.048, 30.3336, 25.6533, 21.9139, 18.9662, 16.6514, 13.3853, 10.5683, 9.10791, 8.42908, 8.31068]",0.10562,"[-0.965922, -1.71519, 1.80044, -1.48837]",0.346302
0.0,0.070696,0.0,0.0,17.926,0.0,1956.85,-0.713257,94.0,1,"[200.0, 200.0, 200.0, 200.0, 200.0, 200.0, 200.0, 200.0, 200.0, 200.0, 200.0, 200.0, 200.0, 200.0, 200.0, 200.0, 200.0, 200.0, 200.0, 200.0, 200.0, 200.0, 200.0, 200.0, 200.0, 200.0, 200.0, 200.0, 200.0, 200.0, 200.0, 200.0, 200.0, 200.0, 200.0, 200.0]",1,942.478,-0.13451,0.0893327,-0.0100272,0.0,"[6.72577, 7.1418, 8.30411, 11.0947, 24.4694, 58.7523, 50.426, 42.7877, 36.0487, 30.3345, 25.6542, 21.9149, 18.9672, 16.6523, 13.3862, 10.5691, 9.10861, 8.42976, 8.31137]",0.105711,"[-3.42044, -0.796692, 1.77452, -1.52344]",0.346349
0.0,0.0707347,0.0,0.0,17.948,0.0,1956.85,-0.714478,94.0,1,"[200.0, 200.0, 200.0, 200.0, 200.0, 200.0, 200.0, 200.0, 200.0, 200.0, 200.0, 200.0, 200.0, 200.0, 200.0, 200.0, 200.0, 200.0, 200.0, 200.0, 200.0, 200.0, 200.0, 200.0, 200.0, 200.0, 200.0, 200.0, 200.0, 200.0, 200.0, 200.0, 200.0, 200.0, 200.0, 200.0]",1,942.478,-0.179255,0.0940369,-0.0130006,0.0,"[6.72514, 7.1412, 8.30354, 11.0941, 24.473, 58.7494, 50.4235, 42.7857, 36.0472, 30.3335, 25.6537, 21.9147, 18.9672, 16.6525, 13.3865, 10.5696, 9.10918, 8.43037, 8.31206]",0.105799,"[-2.9227, 2.07046, -1.61741, 1.64745]",0.346373
0.0,0.0708668,0.0,0.0,17.97,0.0,1956.84,-0.715698,94.0,1,"[200.0, 200.0, 200.0, 200.0, 200.0, 200.0, 200.0, 200.0, 200.0, 200.0, 200.0, 200.0, 200.0, 200.0, 200.0, 200.0, 200.0, 200.0, 200.0, 200.0, 200.0, 200.0, 200.0, 200.0, 200.0, 200.0, 200.0, 200.0, 200.0, 200.0, 200.0, 200.0, 200.0, 200.0, 200.0, 200.0]",1,942.478,-0.223294,0.100997,-0.014357,0.0,"[6.72453, 7.14085, 8.30356, 11.0952, 24.5008, 58.7372, 50.4125, 42.776, 36.0391, 30.327, 25.6487, 21.9109, 18.9645, 16.6506, 13.3856, 10.5694, 9.10939, 8.43085, 8.31279]",0.105888,"[0.0917902, 1.03476, -1.57357, 1.68154]",0.346384
0.0,0.070985,0.0,0.0,17.992,0.0,1956.84,-0.716919,94.0,1,"[200.0, 200.0, 200.0, 200.0, 200.0, 200.0, 200.0, 200.0, 200.0, 200.0, 200.0, 200.0, 200.0, 200.0, 200.0, 200.0, 200.0, 200.0, 200.0, 200.0, 200.0, 200.0, 200.0, 200.0, 200.0, 200.0, 200.0, 200.0, 200.0, 200.0, 200.0, 200.0, 200.0, 200.0, 200.0, 200.0]",1,942.478,-0.222076,0.097191,-0.0147286,0.0,"[6.72394, 7.14048, 8.30351, 11.096, 24.5256, 58.7265, 50.4027, 42.7674, 36.0319, 30.3213, 25.6443, 21.9077, 18.9621, 16.6489, 13.3848, 10.5693, 9.10964, 8.43134, 8.3135]",0.105974,"[2.58229, -1.96371, 1.83683, -1.49196]",0.346386
0.0,0.0710007,0.0,0.0,18.014,0.0,1956.84,-0.71814,94.0,1,"[200.0, 200.0, 200.0, 200.0, 200.0, 200.0, 200.0, 200.0, 200.0, 200.0, 200.0, 200.0, 200.0, 200.0, 200.0, 200.0, 200.0, 200.0, 200.0, 200.0, 200.0, 200.0, 200.0, 200.0, 200.0, 200.0, 200.0, 200.0, 200.0, 200.0, 200.0, 200.0, 200.0, 200.0, 200.0, 200.0]",1,942.478,-0.221839,0.0954749,-0.0144448,0.0,"[6.72329, 7.13981, 8.30277, 11.0951, 24.5231, 58.7258, 50.4023, 42.7673, 36.0321, 30.3217, 25.6449, 21.9084, 18.9629, 16.6496, 13.3855, 10.57, 9.1103, 8.43199, 8.31417]",0.106062,"[1.97304, -1.03499, 1.79647, -1.51556]",0.34639
0.0,0.0710208,0.0,0.0,18.036,0.0,1956.84,-0.719238,94.0,1,"[200.0, 200.0, 200.0, 200.0, 200.0, 200.0, 200.0, 200.0, 200.0, 200.0, 200.0, 200.0, 200.0, 200.0, 200.0, 200.0, 200.0, 200.0, 200.0, 200.0, 200.0, 200.0, 200.0, 200.0, 200.0, 200.0, 200.0, 200.0, 200.0, 200.0, 200.0, 200.0, 200.0, 200.0, 200.0, 200.0]",1,942.478,-0.222674,0.0949034,-0.013802,0.0,"[6.72266, 7.13918, 8.30209, 11.0942, 24.5216, 58.7248, 50.4015, 42.7668, 36.0319, 30.3218, 25.6452, 21.9088, 18.9634, 16.6503, 13.3862, 10.5706, 9.11091, 8.43261, 8.31483]",0.106148,"[-1.10148, 1.85123, -1.62582, 1.69224]",0.346395
0.0,0.0711433,0.0,0.0,18.058,0.0,1956.84,-0.720459,94.0,1,"[200.0, 200.0, 200.0, 200.0, 200.0, 200.0, 200.0, 200.0, 200.0, 200.0, 200.0, 200.0, 200.0, 200.0, 200.0, 200.0, 200.0, 200.0, 200.0, 200.0, 200.0, 200.0, 200.0, 200.0, 200.0, 200.0, 200.0, 200.0, 200.0, 200.0, 200.0, 200.0, 200.0, 200.0, 200.0, 200.0]",1,942.478,-0.176238,0.0935132,-0.0130659,0.0,"[6.72208, 7.13885, 8.30208, 11.0952, 24.5481, 58.7135, 50.3912, 42.7579, 36.0244, 30.3158, 25.6406, 21.9054, 18.9609, 16.6485, 13.3853, 10.5705, 9.11113, 8.43307, 8.31553]",0.106233,"[-3.56959, 0.834882, -1.58835, 1.74293]",0.346404
0.0,0.0712964,0.0,0.0,18.08,0.0,1956.84,-0.72168,94.0,1,"[200.0, 200.0, 200.0, 200.0, 200.0, 200.0, 200.0, 200.0, 200.0, 200.0, 200.0, 200.0, 200.0, 200.0, 200.0, 200.0, 200.0, 200.0, 200.0, 200.0, 200.0, 200.0, 200.0, 200.0, 200.0, 200.0, 200.0, 200.0, 200.0, 200.0, 200.0, 200.0, 200.0, 200.0, 200.0, 200.0]",1,942.478,-0.12862,0.0912067,-0.0124562,0.0,"[6.72151, 7.13856, 8.30225, 11.0966, 24.5824, 58.6994, 50.3782, 42.7464, 36.0148, 30.3081, 25.6346, 21.9009, 18.9576, 16.646, 13.384, 10.5701, 9.11126, 8.43351, 8.31627]",0.10632,"[-2.95235, -2.13412, 1.80426, -1.42505]",0.34642
0.0,0.0713746,0.0,0.0,18.102,0.0,1956.84,-0.7229,94.0,1,"[200.0, 200.0, 200.0, 200.0, 200.0, 200.0, 200.0, 200.0, 200.0, 200.0, 200.0, 200.0, 200.0, 200.0, 200.0, 200.0, 200.0, 200.0, 200.0, 200.0, 200.0, 200.0, 200.0, 200.0, 200.0, 200.0, 200.0, 200.0, 200.0, 200.0, 200.0, 200.0, 200.0, 200.0, 200.0, 200.0]",1,942.478,-0.17508,0.0891275,-0.0118249,0.0,"[6.7209, 7.1381, 8.30196, 11.0967, 24.597, 58.6925, 50.372, 42.7411, 36.0105, 30.3047, 25.6321, 21.8991, 18.9564, 16.6452, 13.3838, 10.5703, 9.11165, 8.43405, 8.31695]",0.106406,"[0.149053, -1.16524, 1.76388, -1.44782]",0.346438
0.0,0.0714304,0.0,0.0,18.124,0.0,1956.84,-0.724121,94.0,1,"[200.0, 200.0, 200.0, 200.0, 200.0, 200.0, 200.0, 200.0, 200.0, 200.0, 200.0, 200.0, 200.0, 200.0, 200.0, 200.0, 200.0, 200.0, 200.0, 200.0, 200.0, 200.0, 200.0, 200.0, 200.0, 200.0, 200.0, 200.0, 200.0, 200.0, 200.0, 200.0, 200.0, 200.0, 200.0, 200.0]",1,942.478,-0.270389,0.0890936,-0.011258,0.0,"[6.7203, 7.13757, 8.30152, 11.0965, 24.6054, 58.6878, 50.3679, 42.7376, 36.0077, 30.3027, 25.6307, 21.8982, 18.9559, 16.645, 13.3839, 10.5707, 9.11213, 8.43462, 8.31761]",0.10649,"[2.67613, 1.78668, -1.6263, 1.73418]",0.346459
0.0,0.0715339,0.0,0.0,18.146,0.0,1956.83,-0.72522,94.0,1,"[200.0, 200.0, 200.0, 200.0, 200.0, 200.0, 200.0, 200.0, 200.0, 200.0, 200.0, 200.0, 200.0, 200.0, 200.0, 200.0, 200.0, 200.0, 200.0, 200.0, 200.0, 200.0, 200.0, 200.0, 200.0, 200.0, 200.0, 200.0, 200.0, 200.0, 200.0, 200.0, 200.0, 200.0, 200.0, 200.0]",1,942.478,-0.270801,0.0876633,-0.0107843,0.0,"[6.71973, 7.13718, 8.3014, 11.0972, 24.6273, 58.6785, 50.3594, 42.7302, 36.0015, 30.2978, 25.627, 21.8955, 18.9539, 16.6437, 13.3833, 10.5706, 9.11241, 8.43511, 8.3183]",0.106573,"[2.05987, 0.803391, -1.57393, 1.75759]",0.346481
0.0,0.0716359,0.0,0.0,18.168,0.0,1956.83,-0.72644,94.0,1,"[200.0, 200.0, 200.0, 200.0, 200.0, 200.0, 200.0, 200.0, 200.0, 200.0, 200.0, 200.0, 200.0, 200.0, 200.0, 200.0, 200.0, 200.0, 200.0, 200.0, 200.0, 200.0, 200.0, 200.0, 200.0, 200.0, 200.0, 200.0, 200.0, 200.0, 200.0, 200.0, 200.0, 200.0, 200.0, 200.0]",1,942.478,-0.177974,0.0829432,-0.0106679,0.0,"[6.71915, 7.13679, 8.30127, 11.0978, 24.6485, 58.6694, 50.3511, 42.723, 35.9955, 30.293, 25.6234, 21.8928, 18.952, 16.6423, 13.3828, 10.5706, 9.11268, 8.4356, 8.31898]",0.106658,"[-0.973719, -2.14236, 1.84921, -1.43806]",0.346504
0.0,0.0716855,0.0,0.0,18.19,0.0,1956.83,-0.727661,94.0,1,"[200.0, 200.0, 200.0, 200.0, 200.0, 200.0, 200.0, 200.0, 200.0, 200.0, 200.0, 200.0, 200.0, 200.0, 200.0, 200.0, 200.0, 200.0, 200.0, 200.0, 200.0, 200.0, 200.0, 200.0, 200.0, 200.0, 200.0, 200.0, 200.0, 200.0, 200.0, 200.0, 200.0, 200.0, 200.0, 200.0]",1,942.478,-0.132021,0.0804644,-0.0106876,0.0,"[6.71854, 7.13624, 8.30079, 11.0974, 24.6556, 58.6653, 50.3475, 42.72, 35.9933, 30.2914, 25.6223, 21.8922, 18.9517, 16.6422, 13.383, 10.571, 9.11318, 8.43618, 8.31964]",0.106742,"[-3.46016, -1.17881, 1.82192, -1.47391]",0.34653
0.0,0.071757,0.0,0.0,18.212,0.0,1956.83,-0.728882,94.0,1,"[200.0, 200.0, 200.0, 200.0, 200.0, 200.0, 200.0, 200.0, 200.0, 200.0, 200.0, 200.0, 200.0, 200.0, 200.0, 200.0, 200.0, 200.0, 200.0, 200.0, 200.0, 200.0, 200.0, 200.0, 200.0, 200.0, 200.0, 200.0, 200.0, 200.0, 200.0, 200.0, 200.0, 200.0, 200.0, 200.0]",1,942.478,-0.178273,0.0867256,-0.0107679,0.0,"[6.71793, 7.13575, 8.30044, 11.0975, 24.6684, 58.6592, 50.342, 42.7153, 35.9894, 30.2884, 25.6201, 21.8907, 18.9507, 16.6416, 13.3829, 10.5713, 9.11361, 8.43672, 8.32033]",0.106828,"[-2.9425, 1.75099, -1.56617, 1.70155]",0.346557
0.0,0.0719201,0.0,0.0,18.234,0.0,1956.83,-0.730103,94.0,1,"[200.0, 200.0, 200.0, 200.0, 200.0, 200.0, 200.0, 200.0, 200.0, 200.0, 200.0, 200.0, 200.0, 200.0, 200.0, 200.0, 200.0, 200.0, 200.0, 200.0, 200.0, 200.0, 200.0, 200.0, 200.0, 200.0, 200.0, 200.0, 200.0, 200.0, 200.0, 200.0, 200.0, 200.0, 200.0, 200.0]",1,942.478,-0.223236,0.0945654,-0.0106468,0.0,"[6.7174, 7.13555, 8.30073, 11.0991, 24.7075, 58.6439, 50.328, 42.7029, 35.979, 30.28, 25.6136, 21.8857, 18.947, 16.6389, 13.3814, 10.5708, 9.11364, 8.43712, 8.32104]",0.106911,"[0.104325, 0.736503, -1.5158, 1.73304]",0.346582
0.0,0.0720603,0.0,0.0,18.256,0.0,1956.83,-0.731201,94.0,1,"[200.0, 200.0, 200.0, 200.0, 200.0, 200.0, 200.0, 200.0, 200.0, 200.0, 200.0, 200.0, 200.0, 200.0, 200.0, 200.0, 200.0, 200.0, 200.0, 200.0, 200.0, 200.0, 200.0, 200.0, 200.0, 200.0, 200.0, 200.0, 200.0, 200.0, 200.0, 200.0, 200.0, 200.0, 200.0, 200.0]",1,942.478,-0.222073,0.0916435,-0.0105949,0.0,"[6.71685, 7.13527, 8.30086, 11.1004, 24.74, 58.631, 50.3162, 42.6925, 35.9703, 30.2729, 25.6081, 21.8816, 18.9439, 16.6367, 13.3802, 10.5705, 9.11378, 8.43754, 8.32173]",0.106994,"[2.5629, -2.22038, 1.88973, -1.43966]",0.346606
0.0,0.0721022,0.0,0.0,18.278,0.0,1956.83,-0.732422,94.0,1,"[200.0, 200.0, 200.0, 200.0, 200.0, 200.0, 200.0, 200.0, 200.0, 200.0, 200.0, 200.0, 200.0, 200.0, 200.0, 200.0, 200.0, 200.0, 200.0, 200.0, 200.0, 200.0, 200.0, 200.0, 200.0, 200.0, 200.0, 200.0, 200.0, 200.0, 200.0, 200.0, 200.0, 200.0, 200.0, 200.0]",1,942.478,-0.222687,0.0898925,-0.0105991,0.0,"[6.71626, 7.13473, 8.30036, 11.1, 24.7454, 58.6277, 50.3133, 42.6902, 35.9685, 30.2717, 25.6074, 21.8812, 18.9438, 16.6367, 13.3805, 10.5709, 9.11428, 8.43809, 8.32236]",0.107075,"[1.97394, -1.25993, 1.84741, -1.46123]",0.346628
0.0,0.0721423,0.0,0.0,18.3,0.0,1956.83,-0.733643,94.0,1,"[200.0, 200.0, 200.0, 200.0, 200.0, 200.0, 200.0, 200.0, 200.0, 200.0, 200.0, 200.0, 200.0, 200.0, 200.0, 200.0, 200.0, 200.0, 200.0, 200.0, 200.0, 200.0, 200.0, 200.0, 200.0, 200.0, 200.0, 200.0, 200.0, 200.0, 200.0, 200.0, 200.0, 200.0, 200.0, 200.0]",1,942.478,-0.223869,0.0906104,-0.010734,0.0,"[6.71566, 7.13418, 8.29983, 11.0995, 24.7502, 58.6246, 50.3106, 42.688, 35.9668, 30.2706, 25.6067, 21.8809, 18.9438, 16.6368, 13.3808, 10.5714, 9.1148, 8.43867, 8.32301]",0.107157,"[-1.10271, 1.63183, -1.56465, 1.75024]",0.346651
0.0,0.0722868,0.0,0.0,18.322,0.0,1956.83,-0.734863,94.0,1,"[200.0, 200.0, 200.0, 200.0, 200.0, 200.0, 200.0, 200.0, 200.0, 200.0, 200.0, 200.0, 200.0, 200.0, 200.0, 200.0, 200.0, 200.0, 200.0, 200.0, 200.0, 200.0, 200.0, 200.0, 200.0, 200.0, 200.0, 200.0, 200.0, 200.0, 200.0, 200.0, 200.0, 200.0, 200.0, 200.0]",1,942.478,-0.177646,0.0897858,-0.0107998,0.0,"[6.71513, 7.13393, 8.30002, 11.1009, 24.7848, 58.6112, 50.2983, 42.6771, 35.9577, 30.2632, 25.601, 21.8766, 18.9405, 16.6345, 13.3796, 10.571, 9.1149, 8.43908, 8.3237]",0.107239,"[-3.56707, 0.636084, -1.53085, 1.79693]",0.346673
0.0,0.072458,0.0,0.0,18.344,0.0,1956.82,-0.736084,94.0,1,"[200.0, 200.0, 200.0, 200.0, 200.0, 200.0, 200.0, 200.0, 200.0, 200.0, 200.0, 200.0, 200.0, 200.0, 200.0, 200.0, 200.0, 200.0, 200.0, 200.0, 200.0, 200.0, 200.0, 200.0, 200.0, 200.0, 200.0, 200.0, 200.0, 200.0, 200.0, 200.0, 200.0, 200.0, 200.0, 200.0]",1,942.478,-0.130559,0.0870241,-0.010896,0.0,"[6.7146, 7.13374, 8.30035, 11.1027, 24.8272, 58.5951, 50.2836, 42.6642, 35.9467, 30.2544, 25.5941, 21.8713, 18.9366, 16.6315, 13.378, 10.5705, 9.11491, 8.43945, 8.32441]",0.107321,"[-2.95541, -2.29795, 1.85918, -1.36706]",0.346696
0.0,0.0725514,0.0,0.0,18.366,0.0,1956.82,-0.737305,94.0,1,"[200.0, 200.0, 200.0, 200.0, 200.0, 200.0, 200.0, 200.0, 200.0, 200.0, 200.0, 200.0, 200.0, 200.0, 200.0, 200.0, 200.0, 200.0, 200.0, 200.0, 200.0, 200.0, 200.0, 200.0, 200.0, 200.0, 200.0, 200.0, 200.0, 200.0, 200.0, 200.0, 200.0, 200.0, 200.0, 200.0]",1,942.478,-0.177424,0.0846162,-0.0109723,0.0,"[6.71403, 7.13334, 8.30018, 11.1032, 24.8476, 58.5868, 50.276, 42.6575, 35.9412, 30.2501, 25.5908, 21.869, 18.9349, 16.6304, 13.3775, 10.5705, 9.11522, 8.43995, 8.32507]",0.107404,"[0.141191, -1.29003, 1.8141, -1.39459]",0.34672
0.0,0.0726167,0.0,0.0,18.388,0.0,1956.82,-0.738525,94.0,1,"[200.0, 200.0, 200.0, 200.0, 200.0, 200.0, 200.0, 200.0, 200.0, 200.0, 200.0, 200.0, 200.0, 200.0, 200.0, 200.0, 200.0, 200.0, 200.0, 200.0, 200.0, 200.0, 200.0, 200.0, 200.0, 200.0, 200.0, 200.0, 200.0, 200.0, 200.0, 200.0, 200.0, 200.0, 200.0, 200.0]",1,942.478,-0.272696,0.0854898,-0.0109834,0.0,"[6.71345, 7.13287, 8.29984, 11.1032, 24.8599, 58.5812, 50.271, 42.6533, 35.9378, 30.2474, 25.5889, 21.8676, 18.9341, 16.6298, 13.3775, 10.5708, 9.11563, 8.44047, 8.32572]",0.107485,"[2.66224, 1.68233, -1.5799, 1.77938]",0.346741
0.0,0.0727288,0.0,0.0,18.41,0.0,1956.82,-0.739624,94.0,1,"[200.0, 200.0, 200.0, 200.0, 200.0, 200.0, 200.0, 200.0, 200.0, 200.0, 200.0, 200.0, 200.0, 200.0, 200.0, 200.0, 200.0, 200.0, 200.0, 200.0, 200.0, 200.0, 200.0, 200.0, 200.0, 200.0, 200.0, 200.0, 200.0, 200.0, 200.0, 200.0, 200.0, 200.0, 200.0, 200.0]",1,942.478,-0.273636,0.0839006,-0.0108033,0.0,"[6.71289, 7.13252, 8.29978, 11.104, 24.8859, 58.571, 50.2617, 42.6452, 35.9311, 30.242, 25.5848, 21.8646, 18.9319, 16.6283, 13.3767, 10.5707, 9.11587, 8.44095, 8.32641]",0.107567,"[2.06388, 0.71382, -1.52558, 1.8004]",0.346763
0.0,0.0728366,0.0,0.0,18.432,0.0,1956.82,-0.740845,94.0,1,"[200.0, 200.0, 200.0, 200.0, 200.0, 200.0, 200.0, 200.0, 200.0, 200.0, 200.0, 200.0, 200.0, 200.0, 200.0, 200.0, 200.0, 200.0, 200.0, 200.0, 200.0, 200.0, 200.0, 200.0, 200.0, 200.0, 200.0, 200.0, 200.0, 200.0, 200.0, 200.0, 200.0, 200.0, 200.0, 200.0]",1,942.478,-0.180595,0.0803138,-0.0108855,0.0,"[6.71234, 7.13216, 8.2997, 11.1047, 24.9109, 58.5613, 50.2528, 42.6375, 35.9246, 30.2369, 25.5809, 21.8617, 18.9298, 16.6268, 13.3761, 10.5706, 9.11612, 8.4414, 8.32707]",0.107649,"[-0.996519, -2.21839, 1.89383, -1.39406]",0.346783
0.0,0.0728885,0.0,0.0,18.454,0.0,1956.82,-0.742065,94.0,1,"[200.0, 200.0, 200.0, 200.0, 200.0, 200.0, 200.0, 200.0, 200.0, 200.0, 200.0, 200.0, 200.0, 200.0, 200.0, 200.0, 200.0, 200.0, 200.0, 200.0, 200.0, 200.0, 200.0, 200.0, 200.0, 200.0, 200.0, 200.0, 200.0, 200.0, 200.0, 200.0, 200.0, 200.0, 200.0, 200.0]",1,942.478,-0.1351,0.0766712,-0.0110501,0.0,"[6.71174, 7.13164, 8.29926, 11.1045, 24.9196, 58.557, 50.249, 42.6343, 35.9221, 30.2351, 25.5797, 21.8609, 18.9293, 16.6266, 13.3762, 10.571, 9.11658, 8.44196, 8.32773]",0.107731,"[-3.45264, -1.2487, 1.86174, -1.43302]",0.346806
0.0,0.0729672,0.0,0.0,18.476,0.0,1956.82,-0.743286,94.0,1,"[200.0, 200.0, 200.0, 200.0, 200.0, 200.0, 200.0, 200.0, 200.0, 200.0, 200.0, 200.0, 200.0, 200.0, 200.0, 200.0, 200.0, 200.0, 200.0, 200.0, 200.0, 200.0, 200.0, 200.0, 200.0, 200.0, 200.0, 200.0, 200.0, 200.0, 200.0, 200.0, 200.0, 200.0, 200.0, 200.0]",1,942.478,-0.180919,0.0839821,-0.0111236,0.0,"[6.71117, 7.13119, 8.29899, 11.1046, 24.9359, 58.5502, 50.2428, 42.6289, 35.9178, 30.2317, 25.5771, 21.8591, 18.9281, 16.6259, 13.376, 10.5711, 9.11696, 8.44248, 8.32838]",0.107814,"[-2.94178, 1.67579, -1.52934, 1.73646]",0.346828
0.0,0.0731313,0.0,0.0,18.498,0.0,1956.82,-0.744507,94.0,1,"[200.0, 200.0, 200.0, 200.0, 200.0, 200.0, 200.0, 200.0, 200.0, 200.0, 200.0, 200.0, 200.0, 200.0, 200.0, 200.0, 200.0, 200.0, 200.0, 200.0, 200.0, 200.0, 200.0, 200.0, 200.0, 200.0, 200.0, 200.0, 200.0, 200.0, 200.0, 200.0, 200.0, 200.0, 200.0, 200.0]",1,942.478,-0.225761,0.0921848,-0.0110681,0.0,"[6.71065, 7.131, 8.2993, 11.1064, 24.9783, 58.5348, 50.2287, 42.6165, 35.9072, 30.2232, 25.5705, 21.8541, 18.9243, 16.6231, 13.3745, 10.5706, 9.11698, 8.44285, 8.32909]",0.107895,"[0.0844609, 0.675597, -1.48271, 1.76627]",0.34685
0.0,0.0732805,0.0,0.0,18.52,0.0,1956.81,-0.745728,94.0,1,"[200.0, 200.0, 200.0, 200.0, 200.0, 200.0, 200.0, 200.0, 200.0, 200.0, 200.0, 200.0, 200.0, 200.0, 200.0, 200.0, 200.0, 200.0, 200.0, 200.0, 200.0, 200.0, 200.0, 200.0, 200.0, 200.0, 200.0, 200.0, 200.0, 200.0, 200.0, 200.0, 200.0, 200.0, 200.0, 200.0]",1,942.478,-0.225031,0.088938,-0.0108684,0.0,"[6.71011, 7.13076, 8.29951, 11.1078, 25.0169, 58.5209, 50.216, 42.6053, 35.8978, 30.2156, 25.5646, 21.8496, 18.921, 16.6206, 13.3732, 10.5703, 9.11707, 8.44326, 8.32978]",0.107976,"[2.56752, -2.27303, 1.92062, -1.40966]",0.34687
0.0,0.0733249,0.0,0.0,18.542,0.0,1956.81,-0.746948,94.0,1,"[200.0, 200.0, 200.0, 200.0, 200.0, 200.0, 200.0, 200.0, 200.0, 200.0, 200.0, 200.0, 200.0, 200.0, 200.0, 200.0, 200.0, 200.0, 200.0, 200.0, 200.0, 200.0, 200.0, 200.0, 200.0, 200.0, 200.0, 200.0, 200.0, 200.0, 200.0, 200.0, 200.0, 200.0, 200.0, 200.0]",1,942.478,-0.22539,0.0877855,-0.0108688,0.0,"[6.70953, 7.13022, 8.29903, 11.1074, 25.0234, 58.5174, 50.213, 42.6028, 35.8959, 30.2143, 25.5637, 21.8491, 18.9208, 16.6206, 13.3734, 10.5707, 9.11757, 8.44382, 8.33041]",0.108058,"[1.96532, -1.30384, 1.8695, -1.43426]",0.346891
0.0,0.0733682,0.0,0.0,18.564,0.0,1956.81,-0.748169,94.0,1,"[200.0, 200.0, 200.0, 200.0, 200.0, 200.0, 200.0, 200.0, 200.0, 200.0, 200.0, 200.0, 200.0, 200.0, 200.0, 200.0, 200.0, 200.0, 200.0, 200.0, 200.0, 200.0, 200.0, 200.0, 200.0, 200.0, 200.0, 200.0, 200.0, 200.0, 200.0, 200.0, 200.0, 200.0, 200.0, 200.0]",1,942.478,-0.226359,0.0886493,-0.0109071,0.0,"[6.70895, 7.12971, 8.29855, 11.1071, 25.0297, 58.514, 50.2099, 42.6003, 35.894, 30.2129, 25.5628, 21.8486, 18.9206, 16.6206, 13.3737, 10.5711, 9.11804, 8.44436, 8.33104]",0.108138,"[-1.10118, 1.59057, -1.54999, 1.76282]",0.34691
0.0,0.0735137,0.0,0.0,18.586,0.0,1956.81,-0.74939,94.0,1,"[200.0, 200.0, 200.0, 200.0, 200.0, 200.0, 200.0, 200.0, 200.0, 200.0, 200.0, 200.0, 200.0, 200.0, 200.0, 200.0, 200.0, 200.0, 200.0, 200.0, 200.0, 200.0, 200.0, 200.0, 200.0, 200.0, 200.0, 200.0, 200.0, 200.0, 200.0, 200.0, 200.0, 200.0, 200.0, 200.0]",1,942.478,-0.180151,0.0885089,-0.0109222,0.0,"[6.70842, 7.12944, 8.29872, 11.1085, 25.0676, 58.5005, 50.1976, 42.5894, 35.8849, 30.2056, 25.5572, 21.8444, 18.9174, 16.6183, 13.3724, 10.5707, 9.11815, 8.44478, 8.33173]",0.108219,"[-3.57847, 0.593706, -1.51225, 1.81468]",0.346931
0.0,0.0736887,0.0,0.0,18.608,0.0,1956.81,-0.75061,94.0,1,"[200.0, 200.0, 200.0, 200.0, 200.0, 200.0, 200.0, 200.0, 200.0, 200.0, 200.0, 200.0, 200.0, 200.0, 200.0, 200.0, 200.0, 200.0, 200.0, 200.0, 200.0, 200.0, 200.0, 200.0, 200.0, 200.0, 200.0, 200.0, 200.0, 200.0, 200.0, 200.0, 200.0, 200.0, 200.0, 200.0]",1,942.478,-0.133513,0.0853087,-0.01101,0.0,"[6.7079, 7.12929, 8.29911, 11.1103, 25.1152, 58.4841, 50.1826, 42.5761, 35.8736, 30.1965, 25.55, 21.8389, 18.9133, 16.6152, 13.3708, 10.5701, 9.11815, 8.44514, 8.33244]",0.108301,"[-2.94818, -2.34017, 1.88065, -1.34634]",0.346952
0.0,0.0737826,0.0,0.0,18.63,0.0,1956.81,-0.751831,94.0,1,"[200.0, 200.0, 200.0, 200.0, 200.0, 200.0, 200.0, 200.0, 200.0, 200.0, 200.0, 200.0, 200.0, 200.0, 200.0, 200.0, 200.0, 200.0, 200.0, 200.0, 200.0, 200.0, 200.0, 200.0, 200.0, 200.0, 200.0, 200.0, 200.0, 200.0, 200.0, 200.0, 200.0, 200.0, 200.0, 200.0]",1,942.478,-0.180235,0.08304,-0.0110935,0.0,"[6.70734, 7.12889, 8.29895, 11.1108, 25.1376, 58.4757, 50.1749, 42.5695, 35.8681, 30.1921, 25.5468, 21.8365, 18.9117, 16.6141, 13.3703, 10.5702, 9.11844, 8.44563, 8.33311]",0.108382,"[0.142486, -1.33753, 1.83464, -1.37305]",0.346973
0.0,0.0738494,0.0,0.0,18.652,0.0,1956.81,-0.753052,94.0,1,"[200.0, 200.0, 200.0, 200.0, 200.0, 200.0, 200.0, 200.0, 200.0, 200.0, 200.0, 200.0, 200.0, 200.0, 200.0, 200.0, 200.0, 200.0, 200.0, 200.0, 200.0, 200.0, 200.0, 200.0, 200.0, 200.0, 200.0, 200.0, 200.0, 200.0, 200.0, 200.0, 200.0, 200.0, 200.0, 200.0]",1,942.478,-0.275436,0.0835126,-0.0110245,0.0,"[6.70676, 7.12842, 8.29859, 11.1108, 25.1514, 58.47, 50.1699, 42.5651, 35.8647, 30.1895, 25.5448, 21.8352, 18.9108, 16.6135, 13.3702, 10.5704, 9.11885, 8.44616, 8.33376]",0.108465,"[2.65951, 1.63038, -1.55523, 1.7984]",0.346994
0.0,0.0739657,0.0,0.0,18.674,0.0,1956.81,-0.754272,94.0,1,"[200.0, 200.0, 200.0, 200.0, 200.0, 200.0, 200.0, 200.0, 200.0, 200.0, 200.0, 200.0, 200.0, 200.0, 200.0, 200.0, 200.0, 200.0, 200.0, 200.0, 200.0, 200.0, 200.0, 200.0, 200.0, 200.0, 200.0, 200.0, 200.0, 200.0, 200.0, 200.0, 200.0, 200.0, 200.0, 200.0]",1,942.478,-0.276426,0.0816582,-0.0108385,0.0,"[6.70621, 7.12809, 8.2986, 11.1117, 25.1815, 58.4594, 50.1601, 42.5567, 35.8575, 30.1838, 25.5405, 21.832, 18.9084, 16.6119, 13.3694, 10.5703, 9.11905, 8.4466, 8.33443]",0.108545,"[2.06117, 0.664694, -1.50538, 1.82015]",0.347013
0.0,0.0740768,0.0,0.0,18.696,0.0,1956.8,-0.755493,94.0,1,"[200.0, 200.0, 200.0, 200.0, 200.0, 200.0, 200.0, 200.0, 200.0, 200.0, 200.0, 200.0, 200.0, 200.0, 200.0, 200.0, 200.0, 200.0, 200.0, 200.0, 200.0, 200.0, 200.0, 200.0, 200.0, 200.0, 200.0, 200.0, 200.0, 200.0, 200.0, 200.0, 200.0, 200.0, 200.0, 200.0]",1,942.478,-0.183641,0.0777192,-0.0108748,0.0,"[6.70567, 7.12775, 8.29856, 11.1125, 25.21, 58.4493, 50.1509, 42.5486, 35.8508, 30.1785, 25.5364, 21.829, 18.9062, 16.6103, 13.3687, 10.5702, 9.11929, 8.44707, 8.3351]",0.108625,"[-0.987429, -2.25871, 1.91113, -1.37624]",0.347032
0.0,0.0741312,0.0,0.0,18.718,0.0,1956.8,-0.756714,94.0,1,"[200.0, 200.0, 200.0, 200.0, 200.0, 200.0, 200.0, 200.0, 200.0, 200.0, 200.0, 200.0, 200.0, 200.0, 200.0, 200.0, 200.0, 200.0, 200.0, 200.0, 200.0, 200.0, 200.0, 200.0, 200.0, 200.0, 200.0, 200.0, 200.0, 200.0, 200.0, 200.0, 200.0, 200.0, 200.0, 200.0]",1,942.478,-0.138043,0.0750246,-0.0110736,0.0,"[6.70509, 7.12726, 8.29815, 11.1124, 25.2202, 58.4448, 50.1469, 42.5453, 35.8482, 30.1765, 25.5351, 21.8281, 18.9057, 16.61, 13.3687, 10.5705, 9.11974, 8.44759, 8.33574]",0.108707,"[-3.46631, -1.27638, 1.87925, -1.41373]",0.347052
0.0,0.0742075,0.0,0.0,18.74,0.0,1956.8,-0.757935,94.0,1,"[200.0, 200.0, 200.0, 200.0, 200.0, 200.0, 200.0, 200.0, 200.0, 200.0, 200.0, 200.0, 200.0, 200.0, 200.0, 200.0, 200.0, 200.0, 200.0, 200.0, 200.0, 200.0, 200.0, 200.0, 200.0, 200.0, 200.0, 200.0, 200.0, 200.0, 200.0, 200.0, 200.0, 200.0, 200.0, 200.0]",1,942.478,-0.184179,0.0821034,-0.0111359,0.0,"[6.70451, 7.12681, 8.29787, 11.1126, 25.2376, 58.4381, 50.1409, 42.5401, 35.844, 30.1732, 25.5327, 21.8264, 18.9046, 16.6093, 13.3685, 10.5707, 9.12012, 8.44811, 8.33639]",0.108788,"[-2.94843, 1.6575, -1.51258, 1.75463]",0.347073
0.0,0.0743734,0.0,0.0,18.762,0.0,1956.8,-0.759277,94.0,1,"[200.0, 200.0, 200.0, 200.0, 200.0, 200.0, 200.0, 200.0, 200.0, 200.0, 200.0, 200.0, 200.0, 200.0, 200.0, 200.0, 200.0, 200.0, 200.0, 200.0, 200.0, 200.0, 200.0, 200.0, 200.0, 200.0, 200.0, 200.0, 200.0, 200.0, 200.0, 200.0, 200.0, 200.0, 200.0, 200.0]",1,942.478,-0.2293,0.0904082,-0.010997,0.0,"[6.70399, 7.12662, 8.2982, 11.1143, 25.2849, 58.4227, 50.1267, 42.5275, 35.8334, 30.1647, 25.526, 21.8213, 18.9008, 16.6065, 13.367, 10.5702, 9.12013, 8.44849, 8.33709]",0.108869,"[0.0941806, 0.663017, -1.4664, 1.78137]",0.347094
0.0,0.0745165,0.0,0.0,18.784,0.0,1956.8,-0.760498,94.0,1,"[200.0, 200.0, 200.0, 200.0, 200.0, 200.0, 200.0, 200.0, 200.0, 200.0, 200.0, 200.0, 200.0, 200.0, 200.0, 200.0, 200.0, 200.0, 200.0, 200.0, 200.0, 200.0, 200.0, 200.0, 200.0, 200.0, 200.0, 200.0, 200.0, 200.0, 200.0, 200.0, 200.0, 200.0, 200.0, 200.0]",1,942.478,-0.228343,0.0877025,-0.0109218,0.0,"[6.70347, 7.12638, 8.29839, 11.1157, 25.3251, 58.4094, 50.1146, 42.5169, 35.8243, 30.1575, 25.5203, 21.817, 18.8976, 16.6042, 13.3658, 10.5698, 9.12023, 8.44889, 8.33777]",0.108949,"[2.56679, -2.28257, 1.93334, -1.3983]",0.347113
0.0,0.074558,0.0,0.0,18.806,0.0,1956.8,-0.761719,94.0,1,"[200.0, 200.0, 200.0, 200.0, 200.0, 200.0, 200.0, 200.0, 200.0, 200.0, 200.0, 200.0, 200.0, 200.0, 200.0, 200.0, 200.0, 200.0, 200.0, 200.0, 200.0, 200.0, 200.0, 200.0, 200.0, 200.0, 200.0, 200.0, 200.0, 200.0, 200.0, 200.0, 200.0, 200.0, 200.0, 200.0]",1,942.478,-0.228726,0.0863891,-0.0109638,0.0,"[6.7029, 7.12585, 8.29789, 11.1153, 25.3315, 58.4061, 50.1118, 42.5146, 35.8226, 30.1562, 25.5196, 21.8166, 18.8975, 16.6042, 13.3661, 10.5703, 9.12074, 8.44943, 8.33839]",0.109029,"[1.96668, -1.31844, 1.88374, -1.42346]",0.347131
0.0,0.0745961,0.0,0.0,18.828,0.0,1956.8,-0.762939,94.0,1,"[200.0, 200.0, 200.0, 200.0, 200.0, 200.0, 200.0, 200.0, 200.0, 200.0, 200.0, 200.0, 200.0, 200.0, 200.0, 200.0, 200.0, 200.0, 200.0, 200.0, 200.0, 200.0, 200.0, 200.0, 200.0, 200.0, 200.0, 200.0, 200.0, 200.0, 200.0, 200.0, 200.0, 200.0, 200.0, 200.0]",1,942.478,-0.22971,0.0874695,-0.0109651,0.0,"[6.70231, 7.12529, 8.29736, 11.1148, 25.3369, 58.4033, 50.1092, 42.5125, 35.8211, 30.1552, 25.5189, 21.8164, 18.8974, 16.6043, 13.3664, 10.5707, 9.12123, 8.45001, 8.33903]",0.109111,"[-1.11143, 1.58408, -1.53845, 1.77745]",0.347151
0.0,0.0747401,0.0,0.0,18.85,0.0,1956.8,-0.76416,94.0,1,"[200.0, 200.0, 200.0, 200.0, 200.0, 200.0, 200.0, 200.0, 200.0, 200.0, 200.0, 200.0, 200.0, 200.0, 200.0, 200.0, 200.0, 200.0, 200.0, 200.0, 200.0, 200.0, 200.0, 200.0, 200.0, 200.0, 200.0, 200.0, 200.0, 200.0, 200.0, 200.0, 200.0, 200.0, 200.0, 200.0]",1,942.478,-0.18375,0.087084,-0.0109977,0.0,"[6.70179, 7.12506, 8.29754, 11.1162, 25.3782, 58.3899, 50.097, 42.5018, 35.8121, 30.148, 25.5133, 21.8121, 18.8943, 16.602, 13.3652, 10.5704, 9.12133, 8.45042, 8.33971]",0.10919,"[-3.57066, 0.596157, -1.50352, 1.82099]",0.347168
0.0,0.0749103,0.0,0.0,18.872,0.0,1956.79,-0.765381,94.0,1,"[200.0, 200.0, 200.0, 200.0, 200.0, 200.0, 200.0, 200.0, 200.0, 200.0, 200.0, 200.0, 200.0, 200.0, 200.0, 200.0, 200.0, 200.0, 200.0, 200.0, 200.0, 200.0, 200.0, 200.0, 200.0, 200.0, 200.0, 200.0, 200.0, 200.0, 200.0, 200.0, 200.0, 200.0, 200.0, 200.0]",1,942.478,-0.136592,0.0844599,-0.0110697,0.0,"[6.70128, 7.12489, 8.2979, 11.118, 25.4288, 58.374, 50.0824, 42.4889, 35.8012, 30.1392, 25.5065, 21.8069, 18.8903, 16.599, 13.3636, 10.5698, 9.12134, 8.45077, 8.3404]",0.10927,"[-2.96499, -2.33615, 1.88379, -1.34344]",0.347187
0.0,0.0750014,0.0,0.0,18.894,0.0,1956.79,-0.766724,94.0,1,"[200.0, 200.0, 200.0, 200.0, 200.0, 200.0, 200.0, 200.0, 200.0, 200.0, 200.0, 200.0, 200.0, 200.0, 200.0, 200.0, 200.0, 200.0, 200.0, 200.0, 200.0, 200.0, 200.0, 200.0, 200.0, 200.0, 200.0, 200.0, 200.0, 200.0, 200.0, 200.0, 200.0, 200.0, 200.0, 200.0]",1,942.478,-0.183664,0.0818966,-0.0110907,0.0,"[6.70072, 7.1245, 8.29774, 11.1185, 25.453, 58.3659, 50.075, 42.4825, 35.796, 30.135, 25.5033, 21.8046, 18.8887, 16.5979, 13.3631, 10.5698, 9.12165, 8.45127, 8.34106]",0.109352,"[0.146768, -1.33014, 1.83491, -1.37039]",0.347207
0.0,0.0750634,0.0,0.0,18.916,0.0,1956.79,-0.767944,94.0,1,"[200.0, 200.0, 200.0, 200.0, 200.0, 200.0, 200.0, 200.0, 200.0, 200.0, 200.0, 200.0, 200.0, 200.0, 200.0, 200.0, 200.0, 200.0, 200.0, 200.0, 200.0, 200.0, 200.0, 200.0, 200.0, 200.0, 200.0, 200.0, 200.0, 200.0, 200.0, 200.0, 200.0, 200.0, 200.0, 200.0]",1,942.478,-0.278948,0.0827346,-0.0110182,0.0,"[6.70014, 7.12401, 8.29737, 11.1184, 25.4666, 58.3607, 50.0704, 42.4786, 35.7927, 30.1326, 25.5016, 21.8034, 18.888, 16.5976, 13.3631, 10.5701, 9.12207, 8.45179, 8.34171]",0.109433,"[2.65816, 1.63939, -1.55395, 1.80284]",0.347227
0.0,0.075174,0.0,0.0,18.938,0.0,1956.79,-0.769165,94.0,1,"[200.0, 200.0, 200.0, 200.0, 200.0, 200.0, 200.0, 200.0, 200.0, 200.0, 200.0, 200.0, 200.0, 200.0, 200.0, 200.0, 200.0, 200.0, 200.0, 200.0, 200.0, 200.0, 200.0, 200.0, 200.0, 200.0, 200.0, 200.0, 200.0, 200.0, 200.0, 200.0, 200.0, 200.0, 200.0, 200.0]",1,942.478,-0.280061,0.080947,-0.0108835,0.0,"[6.6996, 7.12368, 8.29734, 11.1192, 25.4977, 58.3507, 50.0613, 42.4706, 35.7862, 30.1273, 25.4976, 21.8004, 18.8858, 16.596, 13.3624, 10.57, 9.12229, 8.45224, 8.34238]",0.109512,"[2.06323, 0.678283, -1.50335, 1.82218]",0.347244
0.0,0.0752785,0.0,0.0,18.96,0.0,1956.79,-0.770386,94.0,1,"[200.0, 200.0, 200.0, 200.0, 200.0, 200.0, 200.0, 200.0, 200.0, 200.0, 200.0, 200.0, 200.0, 200.0, 200.0, 200.0, 200.0, 200.0, 200.0, 200.0, 200.0, 200.0, 200.0, 200.0, 200.0, 200.0, 200.0, 200.0, 200.0, 200.0, 200.0, 200.0, 200.0, 200.0, 200.0, 200.0]",1,942.478,-0.187308,0.0775575,-0.0109483,0.0,"[6.69905, 7.12333, 8.29726, 11.1199, 25.527, 58.3412, 50.0527, 42.4631, 35.7799, 30.1224, 25.4938, 21.7976, 18.8838, 16.5946, 13.3617, 10.57, 9.12254, 8.4527, 8.34303]",0.109593,"[-1.00026, -2.23865, 1.91549, -1.37179]",0.347261
0.0,0.0753266,0.0,0.0,18.982,0.0,1956.79,-0.771729,94.0,1,"[200.0, 200.0, 200.0, 200.0, 200.0, 200.0, 200.0, 200.0, 200.0, 200.0, 200.0, 200.0, 200.0, 200.0, 200.0, 200.0, 200.0, 200.0, 200.0, 200.0, 200.0, 200.0, 200.0, 200.0, 200.0, 200.0, 200.0, 200.0, 200.0, 200.0, 200.0, 200.0, 200.0, 200.0, 200.0, 200.0]",1,942.478,-0.141896,0.0742279,-0.0111437,0.0,"[6.69848, 7.12282, 8.29681, 11.1197, 25.5364, 58.3373, 50.0493, 42.4603, 35.7777, 30.1207, 25.4927, 21.797, 18.8835, 16.5945, 13.3619, 10.5704, 9.12301, 8.45325, 8.34367]",0.109673,"[-3.46035, -1.25602, 1.88092, -1.41417]",0.347279
0.0,0.0753986,0.0,0.0,19.004,0.0,1956.79,-0.772949,94.0,1,"[200.0, 200.0, 200.0, 200.0, 200.0, 200.0, 200.0, 200.0, 200.0, 200.0, 200.0, 200.0, 200.0, 200.0, 200.0, 200.0, 200.0, 200.0, 200.0, 200.0, 200.0, 200.0, 200.0, 200.0, 200.0, 200.0, 200.0, 200.0, 200.0, 200.0, 200.0, 200.0, 200.0, 200.0, 200.0, 200.0]",1,942.478,-0.1878,0.0819545,-0.0112671,0.0,"[6.6979, 7.12236, 8.2965, 11.1198, 25.5543, 58.331, 50.0436, 42.4555, 35.7738, 30.1178, 25.4906, 21.7955, 18.8825, 16.5939, 13.3618, 10.5706, 9.1234, 8.45377, 8.34433]",0.109755,"[-2.94666, 1.67089, -1.51073, 1.7546]",0.347299
0.0,0.075555,0.0,0.0,19.026,0.0,1956.79,-0.77417,94.0,1,"[200.0, 200.0, 200.0, 200.0, 200.0, 200.0, 200.0, 200.0, 200.0, 200.0, 200.0, 200.0, 200.0, 200.0, 200.0, 200.0, 200.0, 200.0, 200.0, 200.0, 200.0, 200.0, 200.0, 200.0, 200.0, 200.0, 200.0, 200.0, 200.0, 200.0, 200.0, 200.0, 200.0, 200.0, 200.0, 200.0]",1,942.478,-0.232751,0.0902015,-0.011153,0.0,"[6.69738, 7.12214, 8.29677, 11.1213, 25.6029, 58.3165, 50.0303, 42.4437, 35.7639, 30.1098, 25.4844, 21.7908, 18.879, 16.5913, 13.3604, 10.5701, 9.12347, 8.45416, 8.34502]",0.109836,"[0.0889357, 0.677701, -1.47213, 1.77776]",0.347316
0.0,0.0756943,0.0,0.0,19.048,0.0,1956.78,-0.775513,94.0,1,"[200.0, 200.0, 200.0, 200.0, 200.0, 200.0, 200.0, 200.0, 200.0, 200.0, 200.0, 200.0, 200.0, 200.0, 200.0, 200.0, 200.0, 200.0, 200.0, 200.0, 200.0, 200.0, 200.0, 200.0, 200.0, 200.0, 200.0, 200.0, 200.0, 200.0, 200.0, 200.0, 200.0, 200.0, 200.0, 200.0]",1,942.478,-0.231915,0.0872122,-0.011031,0.0,"[6.69686, 7.12189, 8.29692, 11.1227, 25.6462, 58.3037, 50.0186, 42.4334, 35.7552, 30.1028, 25.479, 21.7867, 18.8759, 16.5891, 13.3592, 10.5698, 9.12358, 8.45457, 8.3457]",0.109916,"[2.57713, -2.26446, 1.92324, -1.40804]",0.347333
0.0,0.0757291,0.0,0.0,19.07,0.0,1956.78,-0.776733,94.0,1,"[200.0, 200.0, 200.0, 200.0, 200.0, 200.0, 200.0, 200.0, 200.0, 200.0, 200.0, 200.0, 200.0, 200.0, 200.0, 200.0, 200.0, 200.0, 200.0, 200.0, 200.0, 200.0, 200.0, 200.0, 200.0, 200.0, 200.0, 200.0, 200.0, 200.0, 200.0, 200.0, 200.0, 200.0, 200.0, 200.0]",1,942.478,-0.232161,0.0861774,-0.0110905,0.0,"[6.69626, 7.12133, 8.29637, 11.1221, 25.6507, 58.3011, 50.0164, 42.4317, 35.7539, 30.102, 25.4785, 21.7866, 18.876, 16.5892, 13.3596, 10.5703, 9.1241, 8.45515, 8.34633]",0.109998,"[1.97308, -1.29774, 1.87017, -1.43754]",0.347351
0.0,0.0757629,0.0,0.0,19.092,0.0,1956.78,-0.777954,94.0,1,"[200.0, 200.0, 200.0, 200.0, 200.0, 200.0, 200.0, 200.0, 200.0, 200.0, 200.0, 200.0, 200.0, 200.0, 200.0, 200.0, 200.0, 200.0, 200.0, 200.0, 200.0, 200.0, 200.0, 200.0, 200.0, 200.0, 200.0, 200.0, 200.0, 200.0, 200.0, 200.0, 200.0, 200.0, 200.0, 200.0]",1,942.478,-0.23325,0.087057,-0.0111425,0.0,"[6.69568, 7.12079, 8.29584, 11.1216, 25.6554, 58.2986, 50.0142, 42.43, 35.7528, 30.1012, 25.4781, 21.7864, 18.8761, 16.5895, 13.36, 10.5708, 9.12462, 8.45569, 8.34695]",0.110077,"[-1.10439, 1.5956, -1.54743, 1.76749]",0.347367
0.0,0.0759017,0.0,0.0,19.114,0.0,1956.78,-0.779175,94.0,1,"[200.0, 200.0, 200.0, 200.0, 200.0, 200.0, 200.0, 200.0, 200.0, 200.0, 200.0, 200.0, 200.0, 200.0, 200.0, 200.0, 200.0, 200.0, 200.0, 200.0, 200.0, 200.0, 200.0, 200.0, 200.0, 200.0, 200.0, 200.0, 200.0, 200.0, 200.0, 200.0, 200.0, 200.0, 200.0, 200.0]",1,942.478,-0.186689,0.0868085,-0.0112159,0.0,"[6.69516, 7.12053, 8.29599, 11.1229, 25.699, 58.2859, 50.0025, 42.4197, 35.7442, 30.0943, 25.4727, 21.7824, 18.8731, 16.5873, 13.3589, 10.5704, 9.12473, 8.45611, 8.34763]",0.110157,"[-3.58271, 0.602541, -1.5203, 1.80572]",0.347383
0.0,0.0760681,0.0,0.0,19.136,0.0,1956.78,-0.780518,94.0,1,"[200.0, 200.0, 200.0, 200.0, 200.0, 200.0, 200.0, 200.0, 200.0, 200.0, 200.0, 200.0, 200.0, 200.0, 200.0, 200.0, 200.0, 200.0, 200.0, 200.0, 200.0, 200.0, 200.0, 200.0, 200.0, 200.0, 200.0, 200.0, 200.0, 200.0, 200.0, 200.0, 200.0, 200.0, 200.0, 200.0]",1,942.478,-0.139663,0.0839595,-0.011274,0.0,"[6.69466, 7.12036, 8.29633, 11.1247, 25.7543, 58.2703, 49.9883, 42.4071, 35.7335, 30.0857, 25.4661, 21.7773, 18.8692, 16.5844, 13.3573, 10.5699, 9.12475, 8.45648, 8.34832]",0.110237,"[-2.9603, -2.32297, 1.86008, -1.36585]",0.347399
0.0,0.0761549,0.0,0.0,19.158,0.0,1956.78,-0.781738,94.0,1,"[200.0, 200.0, 200.0, 200.0, 200.0, 200.0, 200.0, 200.0, 200.0, 200.0, 200.0, 200.0, 200.0, 200.0, 200.0, 200.0, 200.0, 200.0, 200.0, 200.0, 200.0, 200.0, 200.0, 200.0, 200.0, 200.0, 200.0, 200.0, 200.0, 200.0, 200.0, 200.0, 200.0, 200.0, 200.0, 200.0]",1,942.478,-0.186788,0.0817904,-0.0113127,0.0,"[6.69409, 7.11994, 8.29612, 11.1251, 25.7791, 58.2626, 49.9813, 42.4011, 35.7286, 30.0818, 25.4632, 21.7752, 18.8678, 16.5834, 13.3569, 10.57, 9.12509, 8.45698, 8.34898]",0.110318,"[0.144707, -1.31614, 1.81706, -1.39204]",0.347416
0.0,0.0762135,0.0,0.0,19.18,0.0,1956.78,-0.783081,94.0,1,"[200.0, 200.0, 200.0, 200.0, 200.0, 200.0, 200.0, 200.0, 200.0, 200.0, 200.0, 200.0, 200.0, 200.0, 200.0, 200.0, 200.0, 200.0, 200.0, 200.0, 200.0, 200.0, 200.0, 200.0, 200.0, 200.0, 200.0, 200.0, 200.0, 200.0, 200.0, 200.0, 200.0, 200.0, 200.0, 200.0]",1,942.478,-0.282363,0.0824104,-0.0112796,0.0,"[6.69352, 7.11945, 8.29574, 11.125, 25.7933, 58.2577, 49.977, 42.3975, 35.7256, 30.0797, 25.4616, 21.7742, 18.8672, 16.5831, 13.357, 10.5703, 9.12552, 8.4575, 8.34962]",0.110398,"[2.66736, 1.64837, -1.57012, 1.78677]",0.347433
0.0,0.0763199,0.0,0.0,19.202,0.0,1956.78,-0.784302,94.0,1,"[200.0, 200.0, 200.0, 200.0, 200.0, 200.0, 200.0, 200.0, 200.0, 200.0, 200.0, 200.0, 200.0, 200.0, 200.0, 200.0, 200.0, 200.0, 200.0, 200.0, 200.0, 200.0, 200.0, 200.0, 200.0, 200.0, 200.0, 200.0, 200.0, 200.0, 200.0, 200.0, 200.0, 200.0, 200.0, 200.0]",1,942.478,-0.283274,0.080763,-0.0111621,0.0,"[6.69299, 7.11912, 8.2957, 11.1257, 25.8268, 58.2481, 49.9682, 42.3898, 35.7193, 30.0746, 25.4577, 21.7713, 18.8651, 16.5816, 13.3563, 10.5702, 9.12574, 8.45797, 8.35028]",0.110478,"[2.06368, 0.687651, -1.52449, 1.80311]",0.347447
0.0,0.0764224,0.0,0.0,19.224,0.0,1956.77,-0.785522,94.0,1,"[200.0, 200.0, 200.0, 200.0, 200.0, 200.0, 200.0, 200.0, 200.0, 200.0, 200.0, 200.0, 200.0, 200.0, 200.0, 200.0, 200.0, 200.0, 200.0, 200.0, 200.0, 200.0, 200.0, 200.0, 200.0, 200.0, 200.0, 200.0, 200.0, 200.0, 200.0, 200.0, 200.0, 200.0, 200.0, 200.0]",1,942.478,-0.190349,0.0770012,-0.0112091,0.0,"[6.69244, 7.11876, 8.29561, 11.1264, 25.8586, 58.2388, 49.9598, 42.3824, 35.7132, 30.0698, 25.4541, 21.7686, 18.8632, 16.5803, 13.3557, 10.5702, 9.126, 8.45843, 8.35094]",0.110558,"[-0.996073, -2.22525, 1.88665, -1.39973]",0.347461
0.0,0.0764686,0.0,0.0,19.246,0.0,1956.77,-0.786743,94.0,1,"[200.0, 200.0, 200.0, 200.0, 200.0, 200.0, 200.0, 200.0, 200.0, 200.0, 200.0, 200.0, 200.0, 200.0, 200.0, 200.0, 200.0, 200.0, 200.0, 200.0, 200.0, 200.0, 200.0, 200.0, 200.0, 200.0, 200.0, 200.0, 200.0, 200.0, 200.0, 200.0, 200.0, 200.0, 200.0, 200.0]",1,942.478,-0.144385,0.074207,-0.011375,0.0,"[6.69186, 7.11825, 8.29515, 11.1261, 25.8686, 58.2351, 49.9565, 42.3798, 35.7111, 30.0683, 25.4531, 21.768, 18.8629, 16.5802, 13.3559, 10.5706, 9.12648, 8.45896, 8.35157]",0.110638,"[-3.4755, -1.24876, 1.84709, -1.44405]",0.347477
0.0,0.0765373,0.0,0.0,19.268,0.0,1956.77,-0.788086,94.0,1,"[200.0, 200.0, 200.0, 200.0, 200.0, 200.0, 200.0, 200.0, 200.0, 200.0, 200.0, 200.0, 200.0, 200.0, 200.0, 200.0, 200.0, 200.0, 200.0, 200.0, 200.0, 200.0, 200.0, 200.0, 200.0, 200.0, 200.0, 200.0, 200.0, 200.0, 200.0, 200.0, 200.0, 200.0, 200.0, 200.0]",1,942.478,-0.190514,0.0813128,-0.0115031,0.0,"[6.69128, 7.11777, 8.29482, 11.1261, 25.8871, 58.2292, 49.9512, 42.3752, 35.7075, 30.0655, 25.4511, 21.7666, 18.862, 16.5797, 13.3558, 10.5708, 9.12688, 8.4595, 8.35222]",0.110721,"[-2.95468, 1.66827, -1.53814, 1.72629]",0.347495
0.0,0.0766947,0.0,0.0,19.29,0.0,1956.77,-0.789307,94.0,1,"[200.0, 200.0, 200.0, 200.0, 200.0, 200.0, 200.0, 200.0, 200.0, 200.0, 200.0, 200.0, 200.0, 200.0, 200.0, 200.0, 200.0, 200.0, 200.0, 200.0, 200.0, 200.0, 200.0, 200.0, 200.0, 200.0, 200.0, 200.0, 200.0, 200.0, 200.0, 200.0, 200.0, 200.0, 200.0, 200.0]",1,942.478,-0.235997,0.0895296,-0.0113515,0.0,"[6.69077, 7.11758, 8.29509, 11.1278, 25.942, 58.2146, 49.9379, 42.3635, 35.6976, 30.0575, 25.4449, 21.7619, 18.8584, 16.577, 13.3544, 10.5704, 9.12694, 8.45988, 8.35291]",0.1108,"[0.0980092, 0.678565, -1.49577, 1.75514]",0.34751
0.0,0.0768296,0.0,0.0,19.312,0.0,1956.77,-0.790527,94.0,1,"[200.0, 200.0, 200.0, 200.0, 200.0, 200.0, 200.0, 200.0, 200.0, 200.0, 200.0, 200.0, 200.0, 200.0, 200.0, 200.0, 200.0, 200.0, 200.0, 200.0, 200.0, 200.0, 200.0, 200.0, 200.0, 200.0, 200.0, 200.0, 200.0, 200.0, 200.0, 200.0, 200.0, 200.0, 200.0, 200.0]",1,942.478,-0.23485,0.0870053,-0.0112613,0.0,"[6.69024, 7.11732, 8.29523, 11.129, 25.9889, 58.2022, 49.9266, 42.3535, 35.6892, 30.0508, 25.4396, 21.758, 18.8556, 16.5749, 13.3533, 10.5701, 9.12707, 8.4603, 8.3536]",0.110881,"[2.57277, -2.25408, 1.89398, -1.44001]",0.347524
0.0,0.0768639,0.0,0.0,19.334,0.0,1956.77,-0.79187,94.0,1,"[200.0, 200.0, 200.0, 200.0, 200.0, 200.0, 200.0, 200.0, 200.0, 200.0, 200.0, 200.0, 200.0, 200.0, 200.0, 200.0, 200.0, 200.0, 200.0, 200.0, 200.0, 200.0, 200.0, 200.0, 200.0, 200.0, 200.0, 200.0, 200.0, 200.0, 200.0, 200.0, 200.0, 200.0, 200.0, 200.0]",1,942.478,-0.235408,0.0857054,-0.0113202,0.0,"[6.68965, 7.11676, 8.29468, 11.1285, 25.9944, 58.1997, 49.9244, 42.3518, 35.688, 30.05, 25.4392, 21.7579, 18.8556, 16.5751, 13.3537, 10.5706, 9.1276, 8.46088, 8.35422]",0.110961,"[1.97906, -1.28672, 1.84248, -1.46602]",0.347538
0.0,0.0768921,0.0,0.0,19.356,0.0,1956.77,-0.793091,94.0,1,"[200.0, 200.0, 200.0, 200.0, 200.0, 200.0, 200.0, 200.0, 200.0, 200.0, 200.0, 200.0, 200.0, 200.0, 200.0, 200.0, 200.0, 200.0, 200.0, 200.0, 200.0, 200.0, 200.0, 200.0, 200.0, 200.0, 200.0, 200.0, 200.0, 200.0, 200.0, 200.0, 200.0, 200.0, 200.0, 200.0]",1,942.478,-0.236352,0.0868503,-0.0113217,0.0,"[6.68906, 7.11619, 8.29409, 11.1279, 25.9969, 58.1977, 49.9228, 42.3506, 35.6872, 30.0496, 25.4391, 21.758, 18.8559, 16.5755, 13.3542, 10.5711, 9.12814, 8.46145, 8.35484]",0.111041,"[-1.11408, 1.60783, -1.57481, 1.74059]",0.347552
0.0,0.0770275,0.0,0.0,19.378,0.0,1956.77,-0.794434,94.0,1,"[200.0, 200.0, 200.0, 200.0, 200.0, 200.0, 200.0, 200.0, 200.0, 200.0, 200.0, 200.0, 200.0, 200.0, 200.0, 200.0, 200.0, 200.0, 200.0, 200.0, 200.0, 200.0, 200.0, 200.0, 200.0, 200.0, 200.0, 200.0, 200.0, 200.0, 200.0, 200.0, 200.0, 200.0, 200.0, 200.0]",1,942.478,-0.190013,0.0863575,-0.0113654,0.0,"[6.68853, 7.11591, 8.29422, 11.1291, 26.0449, 58.1853, 49.9114, 42.3407, 35.6788, 30.0429, 25.4339, 21.7541, 18.853, 16.5734, 13.3531, 10.5708, 9.12829, 8.46186, 8.35553]",0.111123,"[-3.57771, 0.616809, -1.55326, 1.77912]",0.347566
0.0,0.0771872,0.0,0.0,19.4,0.0,1956.76,-0.795654,94.0,1,"[200.0, 200.0, 200.0, 200.0, 200.0, 200.0, 200.0, 200.0, 200.0, 200.0, 200.0, 200.0, 200.0, 200.0, 200.0, 200.0, 200.0, 200.0, 200.0, 200.0, 200.0, 200.0, 200.0, 200.0, 200.0, 200.0, 200.0, 200.0, 200.0, 200.0, 200.0, 200.0, 200.0, 200.0, 200.0, 200.0]",1,942.478,-0.142543,0.0841089,-0.0114431,0.0,"[6.68801, 7.11572, 8.29452, 11.1308, 26.1041, 58.1705, 49.8978, 42.3287, 35.6687, 30.0348, 25.4276, 21.7492, 18.8494, 16.5707, 13.3517, 10.5704, 9.12833, 8.46226, 8.35623]",0.111203,"[-2.97004, -2.30517, 1.82611, -1.404]",0.34758
0.0,0.0772721,0.0,0.0,19.422,0.0,1956.76,-0.796997,94.0,1,"[200.0, 200.0, 200.0, 200.0, 200.0, 200.0, 200.0, 200.0, 200.0, 200.0, 200.0, 200.0, 200.0, 200.0, 200.0, 200.0, 200.0, 200.0, 200.0, 200.0, 200.0, 200.0, 200.0, 200.0, 200.0, 200.0, 200.0, 200.0, 200.0, 200.0, 200.0, 200.0, 200.0, 200.0, 200.0, 200.0]",1,942.478,-0.189584,0.0815739,-0.0114717,0.0,"[6.68746, 7.1153, 8.29431, 11.1311, 26.1317, 58.163, 49.8911, 42.3228, 35.6639, 30.031, 25.4248, 21.7472, 18.848, 16.5698, 13.3513, 10.5704, 9.12865, 8.46274, 8.35688]",0.111283,"[0.146461, -1.30844, 1.7796, -1.43187]",0.347593
0.0,0.0773293,0.0,0.0,19.444,0.0,1956.76,-0.79834,94.0,1,"[200.0, 200.0, 200.0, 200.0, 200.0, 200.0, 200.0, 200.0, 200.0, 200.0, 200.0, 200.0, 200.0, 200.0, 200.0, 200.0, 200.0, 200.0, 200.0, 200.0, 200.0, 200.0, 200.0, 200.0, 200.0, 200.0, 200.0, 200.0, 200.0, 200.0, 200.0, 200.0, 200.0, 200.0, 200.0, 200.0]",1,942.478,-0.285571,0.0820636,-0.0114373,0.0,"[6.68689, 7.11481, 8.29391, 11.131, 26.1473, 58.1582, 49.8868, 42.3192, 35.6611, 30.0289, 25.4233, 21.7463, 18.8474, 16.5695, 13.3514, 10.5708, 9.1291, 8.46328, 8.35753]",0.111365,"[2.67669, 1.64779, -1.60058, 1.75623]",0.347608
0.0,0.0774333,0.0,0.0,19.466,0.0,1956.76,-0.799561,94.0,1,"[200.0, 200.0, 200.0, 200.0, 200.0, 200.0, 200.0, 200.0, 200.0, 200.0, 200.0, 200.0, 200.0, 200.0, 200.0, 200.0, 200.0, 200.0, 200.0, 200.0, 200.0, 200.0, 200.0, 200.0, 200.0, 200.0, 200.0, 200.0, 200.0, 200.0, 200.0, 200.0, 200.0, 200.0, 200.0, 200.0]",1,942.478,-0.286607,0.0804771,-0.0112779,0.0,"[6.68634, 7.11445, 8.29382, 11.1317, 26.1836, 58.1489, 49.8783, 42.3119, 35.655, 30.024, 25.4196, 21.7436, 18.8454, 16.5681, 13.3507, 10.5707, 9.12935, 8.46375, 8.35819]",0.111445,"[2.06937, 0.688878, -1.55367, 1.77444]",0.347621
0.0,0.0775325,0.0,0.0,19.488,0.0,1956.76,-0.800781,94.0,1,"[200.0, 200.0, 200.0, 200.0, 200.0, 200.0, 200.0, 200.0, 200.0, 200.0, 200.0, 200.0, 200.0, 200.0, 200.0, 200.0, 200.0, 200.0, 200.0, 200.0, 200.0, 200.0, 200.0, 200.0, 200.0, 200.0, 200.0, 200.0, 200.0, 200.0, 200.0, 200.0, 200.0, 200.0, 200.0, 200.0]",1,942.478,-0.193458,0.076711,-0.0112902,0.0,"[6.6858, 7.11409, 8.29372, 11.1323, 26.2189, 58.1399, 49.8702, 42.3048, 35.6491, 30.0194, 25.4161, 21.741, 18.8436, 16.5668, 13.3502, 10.5707, 9.12962, 8.46421, 8.35884]",0.111524,"[-1.00567, -2.22213, 1.85584, -1.42907]",0.347632
0.0,0.0775749,0.0,0.0,19.51,0.0,1956.76,-0.802124,94.0,1,"[200.0, 200.0, 200.0, 200.0, 200.0, 200.0, 200.0, 200.0, 200.0, 200.0, 200.0, 200.0, 200.0, 200.0, 200.0, 200.0, 200.0, 200.0, 200.0, 200.0, 200.0, 200.0, 200.0, 200.0, 200.0, 200.0, 200.0, 200.0, 200.0, 200.0, 200.0, 200.0, 200.0, 200.0, 200.0, 200.0]",1,942.478,-0.147959,0.0732437,-0.0114427,0.0,"[6.68521, 7.11356, 8.29322, 11.1319, 26.2281, 58.1366, 49.8673, 42.3024, 35.6473, 30.0181, 25.4153, 21.7406, 18.8434, 16.5669, 13.3504, 10.5711, 9.13012, 8.46476, 8.35947]",0.111606,"[-3.48052, -1.23874, 1.82697, -1.46953]",0.347646
0.0,0.0776426,0.0,0.0,19.532,0.0,1956.76,-0.803467,94.0,1,"[200.0, 200.0, 200.0, 200.0, 200.0, 200.0, 200.0, 200.0, 200.0, 200.0, 200.0, 200.0, 200.0, 200.0, 200.0, 200.0, 200.0, 200.0, 200.0, 200.0, 200.0, 200.0, 200.0, 200.0, 200.0, 200.0, 200.0, 200.0, 200.0, 200.0, 200.0, 200.0, 200.0, 200.0, 200.0, 200.0]",1,942.478,-0.194393,0.0809307,-0.0116188,0.0,"[6.68463, 7.11309, 8.29289, 11.132, 26.2492, 58.1308, 49.8621, 42.2981, 35.6437, 30.0154, 25.4134, 21.7392, 18.8426, 16.5663, 13.3503, 10.5714, 9.13054, 8.46529, 8.36013]",0.111688,"[-2.96129, 1.6751, -1.55022, 1.71282]",0.347661
0.0,0.0777942,0.0,0.0,19.554,0.0,1956.76,-0.804688,94.0,1,"[200.0, 200.0, 200.0, 200.0, 200.0, 200.0, 200.0, 200.0, 200.0, 200.0, 200.0, 200.0, 200.0, 200.0, 200.0, 200.0, 200.0, 200.0, 200.0, 200.0, 200.0, 200.0, 200.0, 200.0, 200.0, 200.0, 200.0, 200.0, 200.0, 200.0, 200.0, 200.0, 200.0, 200.0, 200.0, 200.0]",1,942.478,-0.239371,0.0891065,-0.0114704,0.0,"[6.68411, 7.11287, 8.29314, 11.1335, 26.3095, 58.1168, 49.8493, 42.2867, 35.6343, 30.0078, 25.4074, 21.7347, 18.8392, 16.5639, 13.349, 10.5709, 9.13061, 8.4657, 8.36082]",0.111769,"[0.0806788, 0.678337, -1.5171, 1.73535]",0.347674
0.0,0.0779321,0.0,0.0,19.576,0.0,1956.75,-0.80603,94.0,1,"[200.0, 200.0, 200.0, 200.0, 200.0, 200.0, 200.0, 200.0, 200.0, 200.0, 200.0, 200.0, 200.0, 200.0, 200.0, 200.0, 200.0, 200.0, 200.0, 200.0, 200.0, 200.0, 200.0, 200.0, 200.0, 200.0, 200.0, 200.0, 200.0, 200.0, 200.0, 200.0, 200.0, 200.0, 200.0, 200.0]",1,942.478,-0.238902,0.0859201,-0.0113056,0.0,"[6.68359, 7.11261, 8.29328, 11.1348, 26.3645, 58.1041, 49.8377, 42.2766, 35.6257, 30.0009, 25.4021, 21.7307, 18.8363, 16.5617, 13.3479, 10.5707, 9.13072, 8.46612, 8.3615]",0.111848,"[2.58992, -2.25303, 1.87473, -1.45785]",0.347685
0.0,0.0779621,0.0,0.0,19.598,0.0,1956.75,-0.807251,94.0,1,"[200.0, 200.0, 200.0, 200.0, 200.0, 200.0, 200.0, 200.0, 200.0, 200.0, 200.0, 200.0, 200.0, 200.0, 200.0, 200.0, 200.0, 200.0, 200.0, 200.0, 200.0, 200.0, 200.0, 200.0, 200.0, 200.0, 200.0, 200.0, 200.0, 200.0, 200.0, 200.0, 200.0, 200.0, 200.0, 200.0]",1,942.478,-0.239268,0.0848581,-0.0112766,0.0,"[6.68301, 7.11206, 8.29273, 11.1342, 26.3692, 58.102, 49.8359, 42.2752, 35.6248, 30.0004, 25.4019, 21.7307, 18.8364, 16.562, 13.3483, 10.5712, 9.13125, 8.46666, 8.36211]",0.111927,"[1.98647, -1.29653, 1.82743, -1.48168]",0.347695
0.0,0.0779893,0.0,0.0,19.62,0.0,1956.75,-0.808594,94.0,1,"[200.0, 200.0, 200.0, 200.0, 200.0, 200.0, 200.0, 200.0, 200.0, 200.0, 200.0, 200.0, 200.0, 200.0, 200.0, 200.0, 200.0, 200.0, 200.0, 200.0, 200.0, 200.0, 200.0, 200.0, 200.0, 200.0, 200.0, 200.0, 200.0, 200.0, 200.0, 200.0, 200.0, 200.0, 200.0, 200.0]",1,942.478,-0.240405,0.0858353,-0.0113687,0.0,"[6.68242, 7.1115, 8.29214, 11.1336, 26.3718, 58.1001, 49.8344, 42.2741, 35.624, 30.0, 25.4018, 21.7308, 18.8367, 16.5624, 13.3488, 10.5717, 9.13179, 8.46724, 8.36274]",0.112008,"[-1.11128, 1.58864, -1.58273, 1.73569]",0.347707
0.0,0.0781199,0.0,0.0,19.642,0.0,1956.75,-0.809814,94.0,1,"[200.0, 200.0, 200.0, 200.0, 200.0, 200.0, 200.0, 200.0, 200.0, 200.0, 200.0, 200.0, 200.0, 200.0, 200.0, 200.0, 200.0, 200.0, 200.0, 200.0, 200.0, 200.0, 200.0, 200.0, 200.0, 200.0, 200.0, 200.0, 200.0, 200.0, 200.0, 200.0, 200.0, 200.0, 200.0, 200.0]",1,942.478,-0.193638,0.0855572,-0.0114203,0.0,"[6.68189, 7.11121, 8.29222, 11.1347, 26.4247, 58.0882, 49.8235, 42.2645, 35.616, 29.9936, 25.3968, 21.7271, 18.834, 16.5604, 13.3478, 10.5714, 9.13196, 8.46768, 8.36342]",0.112088,"[-3.61046, 0.602718, -1.55635, 1.77042]",0.347719
0.0,0.0782835,0.0,0.0,19.664,0.0,1956.75,-0.811157,94.0,1,"[200.0, 200.0, 200.0, 200.0, 200.0, 200.0, 200.0, 200.0, 200.0, 200.0, 200.0, 200.0, 200.0, 200.0, 200.0, 200.0, 200.0, 200.0, 200.0, 200.0, 200.0, 200.0, 200.0, 200.0, 200.0, 200.0, 200.0, 200.0, 200.0, 200.0, 200.0, 200.0, 200.0, 200.0, 200.0, 200.0]",1,942.478,-0.146669,0.082544,-0.011505,0.0,"[6.68139, 7.11102, 8.29256, 11.1365, 26.495, 58.073, 49.8095, 42.2522, 35.6057, 29.9852, 25.3904, 21.7222, 18.8303, 16.5576, 13.3463, 10.5709, 9.13198, 8.46805, 8.36411]",0.112167,"[-2.96978, -2.31475, 1.81771, -1.41252]",0.34773
0.0,0.0783641,0.0,0.0,19.686,0.0,1956.75,-0.8125,94.0,1,"[200.0, 200.0, 200.0, 200.0, 200.0, 200.0, 200.0, 200.0, 200.0, 200.0, 200.0, 200.0, 200.0, 200.0, 200.0, 200.0, 200.0, 200.0, 200.0, 200.0, 200.0, 200.0, 200.0, 200.0, 200.0, 200.0, 200.0, 200.0, 200.0, 200.0, 200.0, 200.0, 200.0, 200.0, 200.0, 200.0]",1,942.478,-0.193984,0.080752,-0.0115089,0.0,"[6.68082, 7.11061, 8.29231, 11.1367, 26.5253, 58.0659, 49.8032, 42.2468, 35.6012, 29.9818, 25.3877, 21.7203, 18.829, 16.5568, 13.346, 10.5711, 9.13234, 8.46855, 8.36478]",0.112249,"[0.131572, -1.30938, 1.78085, -1.42951]",0.347742
0.0,0.0784203,0.0,0.0,19.708,0.0,1956.75,-0.813843,94.0,1,"[200.0, 200.0, 200.0, 200.0, 200.0, 200.0, 200.0, 200.0, 200.0, 200.0, 200.0, 200.0, 200.0, 200.0, 200.0, 200.0, 200.0, 200.0, 200.0, 200.0, 200.0, 200.0, 200.0, 200.0, 200.0, 200.0, 200.0, 200.0, 200.0, 200.0, 200.0, 200.0, 200.0, 200.0, 200.0, 200.0]",1,942.478,-0.290582,0.0804226,-0.0114958,0.0,"[6.68025, 7.11012, 8.29192, 11.1366, 26.5428, 58.0613, 49.7991, 42.2433, 35.5985, 29.9797, 25.3863, 21.7194, 18.8284, 16.5565, 13.3461, 10.5714, 9.13277, 8.46909, 8.3654]",0.112329,"[2.69934, 1.64055, -1.59762, 1.76109]",0.347753
0.0,0.0785205,0.0,0.0,19.73,0.0,1956.75,-0.815063,94.0,1,"[200.0, 200.0, 200.0, 200.0, 200.0, 200.0, 200.0, 200.0, 200.0, 200.0, 200.0, 200.0, 200.0, 200.0, 200.0, 200.0, 200.0, 200.0, 200.0, 200.0, 200.0, 200.0, 200.0, 200.0, 200.0, 200.0, 200.0, 200.0, 200.0, 200.0, 200.0, 200.0, 200.0, 200.0, 200.0, 200.0]",1,942.478,-0.291194,0.0797342,-0.0113414,0.0,"[6.67971, 7.10975, 8.29182, 11.1373, 26.584, 58.0523, 49.7909, 42.2362, 35.5926, 29.9751, 25.3828, 21.7168, 18.8266, 16.5552, 13.3455, 10.5714, 9.13304, 8.46955, 8.36606]",0.112408,"[2.06331, 0.68783, -1.55416, 1.77541]",0.347762
0.0,0.0786154,0.0,0.0,19.752,0.0,1956.74,-0.816406,94.0,1,"[200.0, 200.0, 200.0, 200.0, 200.0, 200.0, 200.0, 200.0, 200.0, 200.0, 200.0, 200.0, 200.0, 200.0, 200.0, 200.0, 200.0, 200.0, 200.0, 200.0, 200.0, 200.0, 200.0, 200.0, 200.0, 200.0, 200.0, 200.0, 200.0, 200.0, 200.0, 200.0, 200.0, 200.0, 200.0, 200.0]",1,942.478,-0.197797,0.0751889,-0.0113473,0.0,"[6.67917, 7.10939, 8.2917, 11.1378, 26.6229, 58.0438, 49.7832, 42.2295, 35.5871, 29.9707, 25.3795, 21.7144, 18.8249, 16.554, 13.345, 10.5714, 9.13332, 8.47002, 8.36672]",0.112489,"[-0.995583, -2.22063, 1.84353, -1.44301]",0.347772
0.0,0.0786568,0.0,0.0,19.774,0.0,1956.74,-0.817749,94.0,1,"[200.0, 200.0, 200.0, 200.0, 200.0, 200.0, 200.0, 200.0, 200.0, 200.0, 200.0, 200.0, 200.0, 200.0, 200.0, 200.0, 200.0, 200.0, 200.0, 200.0, 200.0, 200.0, 200.0, 200.0, 200.0, 200.0, 200.0, 200.0, 200.0, 200.0, 200.0, 200.0, 200.0, 200.0, 200.0, 200.0]",1,942.478,-0.151936,0.0725105,-0.0115443,0.0,"[6.67858, 7.10885, 8.29119, 11.1374, 26.6336, 58.0406, 49.7804, 42.2273, 35.5854, 29.9695, 25.3788, 21.714, 18.8247, 16.5541, 13.3453, 10.5718, 9.13382, 8.47057, 8.36735]",0.112569,"[-3.49191, -1.24525, 1.81497, -1.47733]",0.347782
0.0,0.0787212,0.0,0.0,19.796,0.0,1956.74,-0.819092,94.0,1,"[200.0, 200.0, 200.0, 200.0, 200.0, 200.0, 200.0, 200.0, 200.0, 200.0, 200.0, 200.0, 200.0, 200.0, 200.0, 200.0, 200.0, 200.0, 200.0, 200.0, 200.0, 200.0, 200.0, 200.0, 200.0, 200.0, 200.0, 200.0, 200.0, 200.0, 200.0, 200.0, 200.0, 200.0, 200.0, 200.0]",1,942.478,-0.198352,0.0798216,-0.0116568,0.0,"[6.678, 7.10837, 8.29083, 11.1374, 26.6568, 58.0351, 49.7756, 42.2231, 35.582, 29.967, 25.3769, 21.7128, 18.824, 16.5536, 13.3453, 10.5721, 9.13425, 8.47111, 8.36801]",0.112652,"[-2.97164, 1.65847, -1.55865, 1.70806]",0.347794
0.0,0.07887,0.0,0.0,19.818,0.0,1956.74,-0.820435,94.0,1,"[200.0, 200.0, 200.0, 200.0, 200.0, 200.0, 200.0, 200.0, 200.0, 200.0, 200.0, 200.0, 200.0, 200.0, 200.0, 200.0, 200.0, 200.0, 200.0, 200.0, 200.0, 200.0, 200.0, 200.0, 200.0, 200.0, 200.0, 200.0, 200.0, 200.0, 200.0, 200.0, 200.0, 200.0, 200.0, 200.0]",1,942.478,-0.243603,0.088015,-0.0115719,0.0,"[6.67747, 7.10812, 8.29104, 11.1389, 26.7254, 58.0214, 49.763, 42.2121, 35.5728, 29.9596, 25.3712, 21.7084, 18.8207, 16.5512, 13.344, 10.5717, 9.13435, 8.47153, 8.36871]",0.112733,"[0.0760188, 0.666686, -1.52239, 1.72861]",0.347805
0.0,0.0790059,0.0,0.0,19.84,0.0,1956.74,-0.821777,94.0,1,"[200.0, 200.0, 200.0, 200.0, 200.0, 200.0, 200.0, 200.0, 200.0, 200.0, 200.0, 200.0, 200.0, 200.0, 200.0, 200.0, 200.0, 200.0, 200.0, 200.0, 200.0, 200.0, 200.0, 200.0, 200.0, 200.0, 200.0, 200.0, 200.0, 200.0, 200.0, 200.0, 200.0, 200.0, 200.0, 200.0]",1,942.478,-0.243055,0.0848471,-0.0114597,0.0,"[6.67695, 7.10786, 8.29117, 11.1401, 26.7896, 58.009, 49.7517, 42.2022, 35.5644, 29.9529, 25.366, 21.7045, 18.8178, 16.5491, 13.3429, 10.5714, 9.13448, 8.47195, 8.36939]",0.112813,"[2.59523, -2.25354, 1.85777, -1.4741]",0.347814
0.0,0.0790326,0.0,0.0,19.862,0.0,1956.74,-0.82312,94.0,1,"[200.0, 200.0, 200.0, 200.0, 200.0, 200.0, 200.0, 200.0, 200.0, 200.0, 200.0, 200.0, 200.0, 200.0, 200.0, 200.0, 200.0, 200.0, 200.0, 200.0, 200.0, 200.0, 200.0, 200.0, 200.0, 200.0, 200.0, 200.0, 200.0, 200.0, 200.0, 200.0, 200.0, 200.0, 200.0, 200.0]",1,942.478,-0.243222,0.0839408,-0.0114584,0.0,"[6.67636, 7.1073, 8.29059, 11.1395, 26.7934, 58.0071, 49.7501, 42.201, 35.5637, 29.9525, 25.3659, 21.7047, 18.8181, 16.5495, 13.3434, 10.572, 9.13502, 8.47252, 8.37]",0.112893,"[1.98553, -1.29499, 1.80789, -1.50132]",0.347822
0.0,0.0790588,0.0,0.0,19.884,0.0,1956.74,-0.824341,94.0,1,"[200.0, 200.0, 200.0, 200.0, 200.0, 200.0, 200.0, 200.0, 200.0, 200.0, 200.0, 200.0, 200.0, 200.0, 200.0, 200.0, 200.0, 200.0, 200.0, 200.0, 200.0, 200.0, 200.0, 200.0, 200.0, 200.0, 200.0, 200.0, 200.0, 200.0, 200.0, 200.0, 200.0, 200.0, 200.0, 200.0]",1,942.478,-0.244411,0.0848944,-0.0115557,0.0,"[6.67577, 7.10673, 8.29, 11.1388, 26.7966, 58.0054, 49.7488, 42.2, 35.563, 29.9522, 25.3659, 21.7049, 18.8184, 16.5499, 13.3439, 10.5725, 9.13557, 8.47308, 8.37063]",0.112973,"[-1.11529, 1.58727, -1.59758, 1.71685]",0.347831
0.0,0.0791876,0.0,0.0,19.906,0.0,1956.73,-0.825684,94.0,1,"[200.0, 200.0, 200.0, 200.0, 200.0, 200.0, 200.0, 200.0, 200.0, 200.0, 200.0, 200.0, 200.0, 200.0, 200.0, 200.0, 200.0, 200.0, 200.0, 200.0, 200.0, 200.0, 200.0, 200.0, 200.0, 200.0, 200.0, 200.0, 200.0, 200.0, 200.0, 200.0, 200.0, 200.0, 200.0, 200.0]",1,942.478,-0.197714,0.084796,-0.0115529,0.0,"[6.67525, 7.10645, 8.29009, 11.14, 26.8589, 57.9936, 49.738, 42.1905, 35.5552, 29.9459, 25.3611, 21.7012, 18.8158, 16.548, 13.3429, 10.5723, 9.13573, 8.47351, 8.37131]",0.113053,"[-3.61386, 0.603987, -1.57546, 1.75381]",0.347839
0.0,0.0793459,0.0,0.0,19.928,0.0,1956.73,-0.827026,94.0,1,"[200.0, 200.0, 200.0, 200.0, 200.0, 200.0, 200.0, 200.0, 200.0, 200.0, 200.0, 200.0, 200.0, 200.0, 200.0, 200.0, 200.0, 200.0, 200.0, 200.0, 200.0, 200.0, 200.0, 200.0, 200.0, 200.0, 200.0, 200.0, 200.0, 200.0, 200.0, 200.0, 200.0, 200.0, 200.0, 200.0]",1,942.478,-0.150185,0.082047,-0.011626,0.0,"[6.67474, 7.10625, 8.29037, 11.1416, 26.9407, 57.979, 49.7246, 42.1788, 35.5453, 29.9378, 25.3548, 21.6964, 18.8122, 16.5453, 13.3415, 10.5718, 9.13578, 8.4739, 8.37199]",0.113133,"[-2.98795, -2.30181, 1.78829, -1.44128]",0.347847
0.0,0.0794241,0.0,0.0,19.95,0.0,1956.73,-0.828491,94.0,1,"[200.0, 200.0, 200.0, 200.0, 200.0, 200.0, 200.0, 200.0, 200.0, 200.0, 200.0, 200.0, 200.0, 200.0, 200.0, 200.0, 200.0, 200.0, 200.0, 200.0, 200.0, 200.0, 200.0, 200.0, 200.0, 200.0, 200.0, 200.0, 200.0, 200.0, 200.0, 200.0, 200.0, 200.0, 200.0, 200.0]",1,942.478,-0.197698,0.0799728,-0.0117477,0.0,"[6.67418, 7.10581, 8.29012, 11.1419, 26.9755, 57.9721, 49.7184, 42.1735, 35.541, 29.9346, 25.3523, 21.6947, 18.811, 16.5445, 13.3413, 10.572, 9.13613, 8.47441, 8.37265]",0.113214,"[0.141353, -1.2976, 1.74869, -1.46452]",0.347857
0.0,0.0794761,0.0,0.0,19.972,0.0,1956.73,-0.829834,94.0,1,"[200.0, 200.0, 200.0, 200.0, 200.0, 200.0, 200.0, 200.0, 200.0, 200.0, 200.0, 200.0, 200.0, 200.0, 200.0, 200.0, 200.0, 200.0, 200.0, 200.0, 200.0, 200.0, 200.0, 200.0, 200.0, 200.0, 200.0, 200.0, 200.0, 200.0, 200.0, 200.0, 200.0, 200.0, 200.0, 200.0]",1,942.478,-0.294306,0.0800404,-0.0116366,0.0,"[6.6736, 7.10532, 8.2897, 11.1417, 26.995, 57.9679, 49.7146, 42.1704, 35.5385, 29.9327, 25.3511, 21.6939, 18.8106, 16.5443, 13.3414, 10.5723, 9.13658, 8.47495, 8.37329]",0.113294,"[2.70337, 1.65078, -1.6298, 1.72859]",0.347865
0.0,0.0795733,0.0,0.0,19.994,0.0,1956.73,-0.831055,94.0,1,"[200.0, 200.0, 200.0, 200.0, 200.0, 200.0, 200.0, 200.0, 200.0, 200.0, 200.0, 200.0, 200.0, 200.0, 200.0, 200.0, 200.0, 200.0, 200.0, 200.0, 200.0, 200.0, 200.0, 200.0, 200.0, 200.0, 200.0, 200.0, 200.0, 200.0, 200.0, 200.0, 200.0, 200.0, 200.0, 200.0]",1,942.478,-0.294906,0.0794807,-0.0114837,0.0,"[6.67305, 7.10495, 8.28957, 11.1422, 27.0428, 57.9592, 49.7068, 42.1636, 35.5329, 29.9283, 25.3477, 21.6915, 18.8088, 16.5431, 13.3409, 10.5723, 9.13688, 8.47542, 8.37395]",0.113375,"[2.07176, 0.690374, -1.59006, 1.7436]",0.347872
0.0,0.0796639,0.0,0.0,20.016,0.0,1956.73,-0.832397,94.0,1,"[200.0, 200.0, 200.0, 200.0, 200.0, 200.0, 200.0, 200.0, 200.0, 200.0, 200.0, 200.0, 200.0, 200.0, 200.0, 200.0, 200.0, 200.0, 200.0, 200.0, 200.0, 200.0, 200.0, 200.0, 200.0, 200.0, 200.0, 200.0, 200.0, 200.0, 200.0, 200.0, 200.0, 200.0, 200.0, 200.0]",1,942.478,-0.201453,0.0751219,-0.0115445,0.0,"[6.67249, 7.10454, 8.2894, 11.1427, 27.0875, 57.9511, 49.6995, 42.1573, 35.5277, 29.9243, 25.3447, 21.6893, 18.8073, 16.5421, 13.3405, 10.5724, 9.13719, 8.47592, 8.37462]",0.113456,"[-1.00259, -2.20379, 1.80766, -1.4788]",0.347879
0.0,0.0797016,0.0,0.0,20.038,0.0,1956.73,-0.83374,94.0,1,"[200.0, 200.0, 200.0, 200.0, 200.0, 200.0, 200.0, 200.0, 200.0, 200.0, 200.0, 200.0, 200.0, 200.0, 200.0, 200.0, 200.0, 200.0, 200.0, 200.0, 200.0, 200.0, 200.0, 200.0, 200.0, 200.0, 200.0, 200.0, 200.0, 200.0, 200.0, 200.0, 200.0, 200.0, 200.0, 200.0]",1,942.478,-0.155534,0.0721714,-0.011772,0.0,"[6.67191, 7.10399, 8.28888, 11.1422, 27.0987, 57.9483, 49.6971, 42.1553, 35.5262, 29.9233, 25.3442, 21.689, 18.8072, 16.5422, 13.3408, 10.5728, 9.13771, 8.47647, 8.37524]",0.113537,"[-3.50448, -1.23239, 1.78769, -1.51282]",0.347886
0.0,0.0797636,0.0,0.0,20.06,0.0,1956.73,-0.835083,94.0,1,"[200.0, 200.0, 200.0, 200.0, 200.0, 200.0, 200.0, 200.0, 200.0, 200.0, 200.0, 200.0, 200.0, 200.0, 200.0, 200.0, 200.0, 200.0, 200.0, 200.0, 200.0, 200.0, 200.0, 200.0, 200.0, 200.0, 200.0, 200.0, 200.0, 200.0, 200.0, 200.0, 200.0, 200.0, 200.0, 200.0]",1,942.478,-0.202015,0.079215,-0.0118879,0.0,"[6.67133, 7.10352, 8.2885, 11.1422, 27.1257, 57.9431, 49.6924, 42.1513, 35.5231, 29.9209, 25.3425, 21.6879, 18.8065, 16.5418, 13.3408, 10.5731, 9.13813, 8.47701, 8.3759]",0.113619,"[-2.98583, 1.66415, -1.58559, 1.68006]",0.347894
0.0,0.0799124,0.0,0.0,20.082,0.0,1956.72,-0.836426,94.0,1,"[200.0, 200.0, 200.0, 200.0, 200.0, 200.0, 200.0, 200.0, 200.0, 200.0, 200.0, 200.0, 200.0, 200.0, 200.0, 200.0, 200.0, 200.0, 200.0, 200.0, 200.0, 200.0, 200.0, 200.0, 200.0, 200.0, 200.0, 200.0, 200.0, 200.0, 200.0, 200.0, 200.0, 200.0, 200.0, 200.0]",1,942.478,-0.247672,0.0873167,-0.0117312,0.0,"[6.67081, 7.10328, 8.28873, 11.1437, 27.2114, 57.9293, 49.6799, 42.1404, 35.5138, 29.9134, 25.3367, 21.6835, 18.8033, 16.5394, 13.3395, 10.5727, 9.13822, 8.47742, 8.37659]",0.113699,"[0.0919414, 0.672837, -1.55501, 1.70123]",0.347901
0.0,0.0800397,0.0,0.0,20.104,0.0,1956.72,-0.837769,94.0,1,"[200.0, 200.0, 200.0, 200.0, 200.0, 200.0, 200.0, 200.0, 200.0, 200.0, 200.0, 200.0, 200.0, 200.0, 200.0, 200.0, 200.0, 200.0, 200.0, 200.0, 200.0, 200.0, 200.0, 200.0, 200.0, 200.0, 200.0, 200.0, 200.0, 200.0, 200.0, 200.0, 200.0, 200.0, 200.0, 200.0]",1,942.478,-0.246858,0.084766,-0.0116158,0.0,"[6.67028, 7.103, 8.2888, 11.1448, 27.2864, 57.9178, 49.6693, 42.1311, 35.5061, 29.9073, 25.3319, 21.6799, 18.8007, 16.5375, 13.3386, 10.5725, 9.13839, 8.47785, 8.37727]",0.11378,"[2.60176, -2.23163, 1.81923, -1.51504]",0.347907
0.0,0.0800645,0.0,0.0,20.126,0.0,1956.72,-0.839111,94.0,1,"[200.0, 200.0, 200.0, 200.0, 200.0, 200.0, 200.0, 200.0, 200.0, 200.0, 200.0, 200.0, 200.0, 200.0, 200.0, 200.0, 200.0, 200.0, 200.0, 200.0, 200.0, 200.0, 200.0, 200.0, 200.0, 200.0, 200.0, 200.0, 200.0, 200.0, 200.0, 200.0, 200.0, 200.0, 200.0, 200.0]",1,942.478,-0.247195,0.08368,-0.0116203,0.0,"[6.66969, 7.10242, 8.28819, 11.1441, 27.29, 57.9161, 49.668, 42.1301, 35.5055, 29.907, 25.332, 21.6802, 18.801, 16.538, 13.3391, 10.5731, 9.13895, 8.47843, 8.37789]",0.11386,"[1.99511, -1.28028, 1.77604, -1.53768]",0.347912
0.0,0.0800874,0.0,0.0,20.148,0.0,1956.72,-0.840454,94.0,1,"[200.0, 200.0, 200.0, 200.0, 200.0, 200.0, 200.0, 200.0, 200.0, 200.0, 200.0, 200.0, 200.0, 200.0, 200.0, 200.0, 200.0, 200.0, 200.0, 200.0, 200.0, 200.0, 200.0, 200.0, 200.0, 200.0, 200.0, 200.0, 200.0, 200.0, 200.0, 200.0, 200.0, 200.0, 200.0, 200.0]",1,942.478,-0.248149,0.0846474,-0.0116877,0.0,"[6.6691, 7.10183, 8.28759, 11.1434, 27.2921, 57.9147, 49.6669, 42.1294, 35.5051, 29.9069, 25.3321, 21.6805, 18.8014, 16.5385, 13.3396, 10.5736, 9.13951, 8.479, 8.37851]",0.11394,"[-1.13077, 1.58951, -1.62487, 1.69113]",0.347917
0.0,0.0802166,0.0,0.0,20.17,0.0,1956.72,-0.841797,94.0,1,"[200.0, 200.0, 200.0, 200.0, 200.0, 200.0, 200.0, 200.0, 200.0, 200.0, 200.0, 200.0, 200.0, 200.0, 200.0, 200.0, 200.0, 200.0, 200.0, 200.0, 200.0, 200.0, 200.0, 200.0, 200.0, 200.0, 200.0, 200.0, 200.0, 200.0, 200.0, 200.0, 200.0, 200.0, 200.0, 200.0]",1,942.478,-0.201648,0.0840238,-0.0116713,0.0,"[6.66858, 7.10156, 8.28768, 11.1446, 27.3711, 57.9029, 49.6561, 42.12, 35.4972, 29.9006, 25.3272, 21.6768, 18.7987, 16.5365, 13.3386, 10.5734, 9.13967, 8.47943, 8.37918]",0.11402,"[-3.61457, 0.607934, -1.60713, 1.72767]",0.347921
0.0,0.0803696,0.0,0.0,20.192,0.0,1956.72,-0.84314,94.0,1,"[200.0, 200.0, 200.0, 200.0, 200.0, 200.0, 200.0, 200.0, 200.0, 200.0, 200.0, 200.0, 200.0, 200.0, 200.0, 200.0, 200.0, 200.0, 200.0, 200.0, 200.0, 200.0, 200.0, 200.0, 200.0, 200.0, 200.0, 200.0, 200.0, 200.0, 200.0, 200.0, 200.0, 200.0, 200.0, 200.0]",1,942.478,-0.153693,0.081926,-0.0116913,0.0,"[6.66808, 7.10136, 8.28794, 11.1461, 27.4732, 57.8888, 49.6432, 42.1086, 35.4876, 29.8929, 25.3212, 21.6723, 18.7953, 16.534, 13.3373, 10.573, 9.13973, 8.47982, 8.37988]",0.114099,"[-3.00834, -2.29523, 1.75445, -1.47104]",0.347926
0.0,0.0804469,0.0,0.0,20.214,0.0,1956.72,-0.844482,94.0,1,"[200.0, 200.0, 200.0, 200.0, 200.0, 200.0, 200.0, 200.0, 200.0, 200.0, 200.0, 200.0, 200.0, 200.0, 200.0, 200.0, 200.0, 200.0, 200.0, 200.0, 200.0, 200.0, 200.0, 200.0, 200.0, 200.0, 200.0, 200.0, 200.0, 200.0, 200.0, 200.0, 200.0, 200.0, 200.0, 200.0]",1,942.478,-0.201639,0.0793208,-0.0117355,0.0,"[6.66751, 7.10093, 8.28768, 11.1464, 27.5183, 57.8821, 49.6371, 42.1034, 35.4835, 29.8896, 25.3188, 21.6706, 18.7942, 16.5332, 13.3371, 10.5731, 9.1401, 8.48034, 8.38053]",0.11418,"[0.147637, -1.30084, 1.72199, -1.49088]",0.347933
0.0,0.0804951,0.0,0.0,20.236,0.0,1956.71,-0.845947,94.0,1,"[200.0, 200.0, 200.0, 200.0, 200.0, 200.0, 200.0, 200.0, 200.0, 200.0, 200.0, 200.0, 200.0, 200.0, 200.0, 200.0, 200.0, 200.0, 200.0, 200.0, 200.0, 200.0, 200.0, 200.0, 200.0, 200.0, 200.0, 200.0, 200.0, 200.0, 200.0, 200.0, 200.0, 200.0, 200.0, 200.0]",1,942.478,-0.298477,0.079717,-0.0116764,0.0,"[6.66693, 7.10041, 8.28723, 11.1461, 27.5408, 57.8782, 49.6337, 42.1006, 35.4812, 29.8881, 25.3178, 21.6699, 18.7939, 16.5331, 13.3373, 10.5735, 9.14058, 8.48088, 8.38116]",0.114261,"[2.69725, 1.63571, -1.6433, 1.71578]",0.347938
0.0,0.0805899,0.0,0.0,20.258,0.0,1956.71,-0.847168,94.0,1,"[200.0, 200.0, 200.0, 200.0, 200.0, 200.0, 200.0, 200.0, 200.0, 200.0, 200.0, 200.0, 200.0, 200.0, 200.0, 200.0, 200.0, 200.0, 200.0, 200.0, 200.0, 200.0, 200.0, 200.0, 200.0, 200.0, 200.0, 200.0, 200.0, 200.0, 200.0, 200.0, 200.0, 200.0, 200.0, 200.0]",1,942.478,-0.299931,0.0778477,-0.0115003,0.0,"[6.66638, 7.10002, 8.28709, 11.1466, 27.6031, 57.8698, 49.6261, 42.094, 35.4758, 29.8838, 25.3146, 21.6675, 18.7922, 16.532, 13.3368, 10.5735, 9.14086, 8.48135, 8.38183]",0.114341,"[2.08907, 0.692338, -1.6011, 1.73307]",0.347942
0.0,0.0806786,0.0,0.0,20.28,0.0,1956.71,-0.848511,94.0,1,"[200.0, 200.0, 200.0, 200.0, 200.0, 200.0, 200.0, 200.0, 200.0, 200.0, 200.0, 200.0, 200.0, 200.0, 200.0, 200.0, 200.0, 200.0, 200.0, 200.0, 200.0, 200.0, 200.0, 200.0, 200.0, 200.0, 200.0, 200.0, 200.0, 200.0, 200.0, 200.0, 200.0, 200.0, 200.0, 200.0]",1,942.478,-0.205761,0.0744956,-0.0115927,0.0,"[6.66583, 7.09963, 8.28692, 11.1471, 27.6622, 57.8619, 49.6191, 42.0879, 35.4708, 29.8798, 25.3116, 21.6654, 18.7907, 16.5309, 13.3364, 10.5736, 9.14117, 8.48185, 8.38248]",0.114422,"[-1.00786, -2.18284, 1.7827, -1.50665]",0.347946
0.0,0.080712,0.0,0.0,20.302,0.0,1956.71,-0.849854,94.0,1,"[200.0, 200.0, 200.0, 200.0, 200.0, 200.0, 200.0, 200.0, 200.0, 200.0, 200.0, 200.0, 200.0, 200.0, 200.0, 200.0, 200.0, 200.0, 200.0, 200.0, 200.0, 200.0, 200.0, 200.0, 200.0, 200.0, 200.0, 200.0, 200.0, 200.0, 200.0, 200.0, 200.0, 200.0, 200.0, 200.0]",1,942.478,-0.15931,0.0718734,-0.0117723,0.0,"[6.66526, 7.09908, 8.28636, 11.1465, 27.6743, 57.8595, 49.617, 42.0862, 35.4696, 29.8791, 25.3112, 21.6653, 18.7908, 16.5312, 13.3368, 10.5741, 9.1417, 8.4824, 8.38309]",0.114501,"[-3.52576, -1.22343, 1.76057, -1.53863]",0.34795
0.0,0.0807683,0.0,0.0,20.324,0.0,1956.71,-0.851318,94.0,1,"[200.0, 200.0, 200.0, 200.0, 200.0, 200.0, 200.0, 200.0, 200.0, 200.0, 200.0, 200.0, 200.0, 200.0, 200.0, 200.0, 200.0, 200.0, 200.0, 200.0, 200.0, 200.0, 200.0, 200.0, 200.0, 200.0, 200.0, 200.0, 200.0, 200.0, 200.0, 200.0, 200.0, 200.0, 200.0, 200.0]",1,942.478,-0.206146,0.0786173,-0.0119245,0.0,"[6.66467, 7.09858, 8.28596, 11.1464, 27.706, 57.8549, 49.6129, 42.0828, 35.4669, 29.8771, 25.3098, 21.6644, 18.7903, 16.5309, 13.3368, 10.5744, 9.14215, 8.48295, 8.38375]",0.114583,"[-2.99917, 1.65794, -1.59988, 1.66442]",0.347956
0.0,0.0809128,0.0,0.0,20.346,0.0,1956.71,-0.852661,94.0,1,"[200.0, 200.0, 200.0, 200.0, 200.0, 200.0, 200.0, 200.0, 200.0, 200.0, 200.0, 200.0, 200.0, 200.0, 200.0, 200.0, 200.0, 200.0, 200.0, 200.0, 200.0, 200.0, 200.0, 200.0, 200.0, 200.0, 200.0, 200.0, 200.0, 200.0, 200.0, 200.0, 200.0, 200.0, 200.0, 200.0]",1,942.478,-0.251818,0.0868091,-0.0117986,0.0,"[6.66414, 7.09834, 8.28615, 11.1478, 27.8221, 57.8415, 49.6007, 42.0721, 35.458, 29.8699, 25.3043, 21.6602, 18.7871, 16.5286, 13.3356, 10.5741, 9.14226, 8.48336, 8.38445]",0.114664,"[0.0750236, 0.677342, -1.57294, 1.68154]",0.34796
0.0,0.0810425,0.0,0.0,20.368,0.0,1956.71,-0.854126,94.0,1,"[200.0, 200.0, 200.0, 200.0, 200.0, 200.0, 200.0, 200.0, 200.0, 200.0, 200.0, 200.0, 200.0, 200.0, 200.0, 200.0, 200.0, 200.0, 200.0, 200.0, 200.0, 200.0, 200.0, 200.0, 200.0, 200.0, 200.0, 200.0, 200.0, 200.0, 200.0, 200.0, 200.0, 200.0, 200.0, 200.0]",1,942.478,-0.251413,0.0838128,-0.0116449,0.0,"[6.66362, 7.09807, 8.28626, 11.149, 27.9317, 57.8296, 49.5899, 42.0626, 35.4501, 29.8636, 25.2994, 21.6565, 18.7844, 16.5267, 13.3346, 10.5738, 9.14241, 8.48379, 8.38512]",0.114743,"[2.61943, -2.2198, 1.7938, -1.53991]",0.347962
0.0,0.0810611,0.0,0.0,20.39,0.0,1956.7,-0.855469,94.0,1,"[200.0, 200.0, 200.0, 200.0, 200.0, 200.0, 200.0, 200.0, 200.0, 200.0, 200.0, 200.0, 200.0, 200.0, 200.0, 200.0, 200.0, 200.0, 200.0, 200.0, 200.0, 200.0, 200.0, 200.0, 200.0, 200.0, 200.0, 200.0, 200.0, 200.0, 200.0, 200.0, 200.0, 200.0, 200.0, 200.0]",1,942.478,-0.251649,0.0830536,-0.0116493,0.0,"[6.66303, 7.09747, 8.28561, 11.1482, 27.9315, 57.8287, 49.5893, 42.0623, 35.45, 29.8637, 25.2997, 21.657, 18.7849, 16.5272, 13.3353, 10.5744, 9.14299, 8.48437, 8.38573]",0.114823,"[1.9964, -1.27004, 1.75545, -1.55846]",0.347965
0.0,0.0810816,0.0,0.0,20.412,0.0,1956.7,-0.856812,94.0,1,"[200.0, 200.0, 200.0, 200.0, 200.0, 200.0, 200.0, 200.0, 200.0, 200.0, 200.0, 200.0, 200.0, 200.0, 200.0, 200.0, 200.0, 200.0, 200.0, 200.0, 200.0, 200.0, 200.0, 200.0, 200.0, 200.0, 200.0, 200.0, 200.0, 200.0, 200.0, 200.0, 200.0, 200.0, 200.0, 200.0]",1,942.478,-0.252957,0.0837358,-0.011694,0.0,"[6.66245, 7.09689, 8.28497, 11.1475, 27.932, 57.8275, 49.5883, 42.0617, 35.4497, 29.8637, 25.2999, 21.6574, 18.7854, 16.5277, 13.3358, 10.575, 9.14355, 8.48495, 8.38634]",0.114903,"[-1.12321, 1.57853, -1.63207, 1.68434]",0.347966
0.0,0.0812036,0.0,0.0,20.434,0.0,1956.7,-0.858154,94.0,1,"[200.0, 200.0, 200.0, 200.0, 200.0, 200.0, 200.0, 200.0, 200.0, 200.0, 200.0, 200.0, 200.0, 200.0, 200.0, 200.0, 200.0, 200.0, 200.0, 200.0, 200.0, 200.0, 200.0, 200.0, 200.0, 200.0, 200.0, 200.0, 200.0, 200.0, 200.0, 200.0, 200.0, 200.0, 200.0, 200.0]",1,942.478,-0.205769,0.0835616,-0.0117361,0.0,"[6.66193, 7.0966, 8.28504, 11.1485, 28.0429, 57.8164, 49.5782, 42.0528, 35.4423, 29.8578, 25.2954, 21.654, 18.783, 16.526, 13.3349, 10.5748, 9.14373, 8.48538, 8.38702]",0.114982,"[-3.64791, 0.605767, -1.61915, 1.7155]",0.347968
0.0,0.0813562,0.0,0.0,20.456,0.0,1956.7,-0.859497,94.0,1,"[200.0, 200.0, 200.0, 200.0, 200.0, 200.0, 200.0, 200.0, 200.0, 200.0, 200.0, 200.0, 200.0, 200.0, 200.0, 200.0, 200.0, 200.0, 200.0, 200.0, 200.0, 200.0, 200.0, 200.0, 200.0, 200.0, 200.0, 200.0, 200.0, 200.0, 200.0, 200.0, 200.0, 200.0, 200.0, 200.0]",1,942.478,-0.158044,0.0809565,-0.0117879,0.0,"[6.66141, 7.09638, 8.28529, 11.1501, 28.2016, 57.8023, 49.5653, 42.0416, 35.4328, 29.8502, 25.2895, 21.6495, 18.7796, 16.5235, 13.3336, 10.5744, 9.14382, 8.48578, 8.38771]",0.115062,"[-3.01818, -2.27477, 1.73239, -1.49576]",0.34797
0.0,0.0814297,0.0,0.0,20.478,0.0,1956.7,-0.860962,94.0,1,"[200.0, 200.0, 200.0, 200.0, 200.0, 200.0, 200.0, 200.0, 200.0, 200.0, 200.0, 200.0, 200.0, 200.0, 200.0, 200.0, 200.0, 200.0, 200.0, 200.0, 200.0, 200.0, 200.0, 200.0, 200.0, 200.0, 200.0, 200.0, 200.0, 200.0, 200.0, 200.0, 200.0, 200.0, 200.0, 200.0]",1,942.478,-0.205983,0.0788354,-0.0118487,0.0,"[6.66084, 7.09594, 8.285, 11.1502, 28.2711, 57.796, 49.5596, 42.0367, 35.4289, 29.8472, 25.2872, 21.648, 18.7785, 16.5228, 13.3334, 10.5746, 9.1442, 8.4863, 8.38837]",0.115144,"[0.153663, -1.2917, 1.69971, -1.51521]",0.347973
0.0,0.0814726,0.0,0.0,20.5,0.0,1956.7,-0.862305,94.0,1,"[200.0, 200.0, 200.0, 200.0, 200.0, 200.0, 200.0, 200.0, 200.0, 200.0, 200.0, 200.0, 200.0, 200.0, 200.0, 200.0, 200.0, 200.0, 200.0, 200.0, 200.0, 200.0, 200.0, 200.0, 200.0, 200.0, 200.0, 200.0, 200.0, 200.0, 200.0, 200.0, 200.0, 200.0, 200.0, 200.0]",1,942.478,-0.303055,0.0794055,-0.0118136,0.0,"[6.66026, 7.0954, 8.28451, 11.1498, 28.3033, 57.7927, 49.5567, 42.0344, 35.4271, 29.8459, 25.2864, 21.6475, 18.7784, 16.5229, 13.3337, 10.575, 9.14468, 8.48685, 8.389]",0.115224,"[2.70943, 1.62704, -1.65885, 1.70124]",0.347975
0.0,0.0815632,0.0,0.0,20.522,0.0,1956.7,-0.863647,94.0,1,"[200.0, 200.0, 200.0, 200.0, 200.0, 200.0, 200.0, 200.0, 200.0, 200.0, 200.0, 200.0, 200.0, 200.0, 200.0, 200.0, 200.0, 200.0, 200.0, 200.0, 200.0, 200.0, 200.0, 200.0, 200.0, 200.0, 200.0, 200.0, 200.0, 200.0, 200.0, 200.0, 200.0, 200.0, 200.0, 200.0]",1,942.478,-0.304464,0.077358,-0.0116221,0.0,"[6.65971, 7.09502, 8.28434, 11.1503, 28.406, 57.7846, 49.5495, 42.0281, 35.4219, 29.8419, 25.2834, 21.6453, 18.7768, 16.5218, 13.3333, 10.5751, 9.14499, 8.48733, 8.38966]",0.115305,"[2.10118, 0.691498, -1.62366, 1.71305]",0.347975
0.0,0.0816352,0.0,0.0,20.544,0.0,1956.7,-0.865112,94.0,1,"[200.0, 200.0, 200.0, 200.0, 200.0, 200.0, 200.0, 200.0, 200.0, 200.0, 200.0, 200.0, 200.0, 200.0, 200.0, 200.0, 200.0, 200.0, 200.0, 200.0, 200.0, 200.0, 200.0, 200.0, 200.0, 200.0, 200.0, 200.0, 200.0, 200.0, 200.0, 200.0, 200.0, 200.0, 200.0, 200.0]",1,942.478,-0.235131,0.0736745,0.0159108,0.0,"[6.65915, 7.09458, 8.28406, 11.1505, 28.4889, 57.7785, 49.5439, 42.0233, 35.418, 29.8389, 25.2812, 21.6438, 18.7758, 16.5211, 13.3331, 10.5753, 9.14536, 8.48784, 8.3903]",0.115385,"[-1.01582, -0.991336, 1.75702, -1.53014]",0.347992
0.0,0.0816309,0.0,0.0,20.566,0.0,1956.69,-0.866577,94.0,1,"[200.0, 200.0, 200.0, 200.0, 200.0, 200.0, 200.0, 200.0, 200.0, 200.0, 200.0, 200.0, 200.0, 200.0, 200.0, 200.0, 200.0, 200.0, 200.0, 200.0, 200.0, 200.0, 200.0, 200.0, 200.0, 200.0, 200.0, 200.0, 200.0, 200.0, 200.0, 200.0, 200.0, 200.0, 200.0, 200.0]",1,942.478,-0.213953,0.0708349,0.0141443,0.0,"[6.65854, 7.09392, 8.28325, 11.1493, 28.4512, 57.7797, 49.5453, 42.0247, 35.4195, 29.8404, 25.2826, 21.6451, 18.777, 16.5223, 13.3341, 10.576, 9.14604, 8.48845, 8.39091]",0.115465,"[-3.5664, 1.557, 1.7647, -1.54706]",0.348158
0.0,0.08172,0.0,0.0,20.588,0.0,1956.69,-0.86792,94.0,1,"[200.0, 200.0, 200.0, 200.0, 200.0, 200.0, 200.0, 200.0, 200.0, 200.0, 200.0, 200.0, 200.0, 200.0, 200.0, 200.0, 200.0, 200.0, 200.0, 200.0, 200.0, 200.0, 200.0, 200.0, 200.0, 200.0, 200.0, 200.0, 200.0, 200.0, 200.0, 200.0, 200.0, 200.0, 200.0, 200.0]",1,942.478,-0.209776,0.0702745,0.0101701,0.0,"[6.65803, 7.09355, 8.28313, 11.1498, 28.5704, 57.7718, 49.5381, 42.0186, 35.4145, 29.8363, 25.2796, 21.6429, 18.7754, 16.5212, 13.3336, 10.5761, 9.14632, 8.48891, 8.39153]",0.115541,"[-2.98668, 0.613768, -1.62624, 1.63558]",0.348302
0.0,0.081855,0.0,0.0,20.61,0.0,1956.69,-0.869385,94.0,1,"[200.0, 200.0, 200.0, 200.0, 200.0, 200.0, 200.0, 200.0, 200.0, 200.0, 200.0, 200.0, 200.0, 200.0, 200.0, 200.0, 200.0, 200.0, 200.0, 200.0, 200.0, 200.0, 200.0, 200.0, 200.0, 200.0, 200.0, 200.0, 200.0, 200.0, 200.0, 200.0, 200.0, 200.0, 200.0, 200.0]",1,942.478,-0.20529,0.0728847,0.00513974,0.0,"[6.65757, 7.09336, 8.28333, 11.1512, 28.8102, 57.7593, 49.5268, 42.0086, 35.4061, 29.8296, 25.2744, 21.6389, 18.7725, 16.519, 13.3325, 10.5757, 9.1464, 8.48928, 8.39216]",0.115613,"[0.104593, -2.23696, -1.58145, 1.66365]",0.348416
0.0,0.0819189,0.0,0.0,20.632,0.0,1956.69,-0.87085,94.0,1,"[200.0, 200.0, 200.0, 200.0, 200.0, 200.0, 200.0, 200.0, 200.0, 200.0, 200.0, 200.0, 200.0, 200.0, 200.0, 200.0, 200.0, 200.0, 200.0, 200.0, 200.0, 200.0, 200.0, 200.0, 200.0, 200.0, 200.0, 200.0, 200.0, 200.0, 200.0, 200.0, 200.0, 200.0, 200.0, 200.0]",1,942.478,-0.256769,0.0700996,-0.000118655,0.0,"[6.65705, 7.09294, 8.28306, 11.1513, 28.9338, 57.7538, 49.5219, 42.0044, 35.4027, 29.827, 25.2725, 21.6376, 18.7716, 16.5185, 13.3323, 10.5759, 9.14674, 8.48974, 8.39275]",0.115686,"[2.54791, -1.24532, 1.8117, -1.53461]",0.348497
0.0,0.0819117,0.0,0.0,20.654,0.0,1956.69,-0.872192,94.0,1,"[200.0, 200.0, 200.0, 200.0, 200.0, 200.0, 200.0, 200.0, 200.0, 200.0, 200.0, 200.0, 200.0, 200.0, 200.0, 200.0, 200.0, 200.0, 200.0, 200.0, 200.0, 200.0, 200.0, 200.0, 200.0, 200.0, 200.0, 200.0, 200.0, 200.0, 200.0, 200.0, 200.0, 200.0, 200.0, 200.0]",1,942.478,-0.309294,0.0712737,-0.00494656,0.0,"[6.6565, 7.09234, 8.28231, 11.1502, 28.868, 57.7553, 49.5234, 42.006, 35.4042, 29.8285, 25.2739, 21.6389, 18.7728, 16.5195, 13.3332, 10.5766, 9.14736, 8.4903, 8.39329]",0.115758,"[1.91774, 1.6686, 1.77005, -1.55382]",0.348545
0.0,0.0819375,0.0,0.0,20.676,0.0,1956.69,-0.873657,94.0,1,"[200.0, 200.0, 200.0, 200.0, 200.0, 200.0, 200.0, 200.0, 200.0, 200.0, 200.0, 200.0, 200.0, 200.0, 200.0, 200.0, 200.0, 200.0, 200.0, 200.0, 200.0, 200.0, 200.0, 200.0, 200.0, 200.0, 200.0, 200.0, 200.0, 200.0, 200.0, 200.0, 200.0, 200.0, 200.0, 200.0]",1,942.478,-0.261005,0.0715312,-0.00860398,0.0,"[6.65598, 7.09183, 8.28179, 11.1496, 28.8913, 57.7535, 49.522, 42.0049, 35.4035, 29.8281, 25.2738, 21.639, 18.773, 16.5198, 13.3336, 10.5771, 9.14784, 8.49081, 8.39385]",0.11583,"[-1.08632, 0.742175, -1.64418, 1.66127]",0.348567
0.0,0.0820214,0.0,0.0,20.698,0.0,1956.69,-0.875,94.0,1,"[200.0, 200.0, 200.0, 200.0, 200.0, 200.0, 200.0, 200.0, 200.0, 200.0, 200.0, 200.0, 200.0, 200.0, 200.0, 200.0, 200.0, 200.0, 200.0, 200.0, 200.0, 200.0, 200.0, 200.0, 200.0, 200.0, 200.0, 200.0, 200.0, 200.0, 200.0, 200.0, 200.0, 200.0, 200.0, 200.0]",1,942.478,-0.163704,0.0688548,-0.0109604,0.0,"[6.65547, 7.09148, 8.28165, 11.15, 29.1107, 57.746, 49.5152, 41.9991, 35.3987, 29.8244, 25.271, 21.637, 18.7716, 16.5189, 13.3332, 10.5771, 9.14812, 8.49126, 8.39445]",0.115904,"[-3.59807, -2.1208, -1.6238, 1.70218]",0.348572
0.0,0.0821115,0.0,0.0,20.72,0.0,1956.68,-0.876465,94.0,1,"[200.0, 200.0, 200.0, 200.0, 200.0, 200.0, 200.0, 200.0, 200.0, 200.0, 200.0, 200.0, 200.0, 200.0, 200.0, 200.0, 200.0, 200.0, 200.0, 200.0, 200.0, 200.0, 200.0, 200.0, 200.0, 200.0, 200.0, 200.0, 200.0, 200.0, 200.0, 200.0, 200.0, 200.0, 200.0, 200.0]",1,942.478,-0.168258,0.0709847,-0.0122797,0.0,"[6.65498, 7.09115, 8.28156, 11.1506, 75.3722, 57.738, 49.5079, 41.9928, 35.3935, 29.8203, 25.2678, 21.6347, 18.7699, 16.5177, 13.3327, 10.5771, 9.14836, 8.49169, 8.39505]",0.115977,"[-3.0215, -1.11688, 1.74901, -1.48628]",0.348568
0.0,0.0821583,0.0,0.0,20.742,0.0,1956.68,-0.87793,94.0,1,"[200.0, 200.0, 200.0, 200.0, 200.0, 200.0, 200.0, 200.0, 200.0, 200.0, 200.0, 200.0, 200.0, 200.0, 200.0, 200.0, 200.0, 200.0, 200.0, 200.0, 200.0, 200.0, 200.0, 200.0, 200.0, 200.0, 200.0, 200.0, 200.0, 200.0, 200.0, 200.0, 200.0, 200.0, 200.0, 200.0]",1,942.478,-0.268751,0.0730713,-0.0125729,0.0,"[6.65446, 7.09071, 8.28117, 11.1504, 75.3679, 57.7342, 49.5046, 41.9899, 35.3913, 29.8186, 25.2668, 21.634, 18.7695, 16.5176, 13.3328, 10.5774, 9.14879, 8.49218, 8.39563]",0.116049,"[0.154158, 1.83706, 1.70684, -1.51669]",0.348557
0.0,0.0822026,0.0,0.0,20.764,0.0,1956.68,-0.879395,94.0,1,"[200.0, 200.0, 200.0, 200.0, 200.0, 200.0, 200.0, 200.0, 200.0, 200.0, 200.0, 200.0, 200.0, 200.0, 200.0, 200.0, 200.0, 200.0, 200.0, 200.0, 200.0, 200.0, 200.0, 200.0, 200.0, 200.0, 200.0, 200.0, 200.0, 200.0, 200.0, 200.0, 200.0, 200.0, 200.0, 200.0]",1,942.478,-0.312725,0.073284,-0.0123497,0.0,"[6.65394, 7.09024, 8.28077, 11.1502, 75.3638, 57.7306, 49.5015, 41.9874, 35.3893, 29.8172, 25.2658, 21.6334, 18.7692, 16.5174, 13.333, 10.5778, 9.1492, 8.49267, 8.3962]",0.116121,"[2.66292, 0.878061, -1.66335, 1.6847]",0.348547
0.0,0.0822703,0.0,0.0,20.786,0.0,1956.68,-0.880859,94.0,1,"[200.0, 200.0, 200.0, 200.0, 200.0, 200.0, 200.0, 200.0, 200.0, 200.0, 200.0, 200.0, 200.0, 200.0, 200.0, 200.0, 200.0, 200.0, 200.0, 200.0, 200.0, 200.0, 200.0, 200.0, 200.0, 200.0, 200.0, 200.0, 200.0, 200.0, 200.0, 200.0, 200.0, 200.0, 200.0, 200.0]",1,942.478,-0.262797,0.0693552,-0.0118341,0.0,"[6.65344, 7.08984, 8.28052, 11.1504, 75.3572, 57.7248, 49.4962, 41.9829, 35.3856, 29.8144, 25.2637, 21.6319, 18.7683, 16.5168, 13.3328, 10.5779, 9.14953, 8.49313, 8.39679]",0.116195,"[2.11829, -2.03476, -1.62148, 1.7058]",0.348537
0.0,0.0822932,0.0,0.0,20.808,0.0,1956.68,-0.882202,94.0,1,"[200.0, 200.0, 200.0, 200.0, 200.0, 200.0, 200.0, 200.0, 200.0, 200.0, 200.0, 200.0, 200.0, 200.0, 200.0, 200.0, 200.0, 200.0, 200.0, 200.0, 200.0, 200.0, 200.0, 200.0, 200.0, 200.0, 200.0, 200.0, 200.0, 200.0, 200.0, 200.0, 200.0, 200.0, 200.0, 200.0]",1,942.478,-0.218662,0.067968,-0.0113015,0.0,"[6.6529, 7.08932, 8.27997, 11.1498, 75.3553, 57.7233, 49.495, 41.982, 35.3852, 29.8142, 25.2637, 21.6321, 18.7686, 16.5172, 13.3333, 10.5784, 9.15005, 8.49364, 8.39735]",0.116268,"[-1.10826, -1.05778, 1.76868, -1.52564]",0.348531
0.0,0.0822946,0.0,0.0,20.83,0.0,1956.68,-0.883667,94.0,1,"[200.0, 200.0, 200.0, 200.0, 200.0, 200.0, 200.0, 200.0, 200.0, 200.0, 200.0, 200.0, 200.0, 200.0, 200.0, 200.0, 200.0, 200.0, 200.0, 200.0, 200.0, 200.0, 200.0, 200.0, 200.0, 200.0, 200.0, 200.0, 200.0, 200.0, 200.0, 200.0, 200.0, 200.0, 200.0, 200.0]",1,942.478,-0.224635,0.0654214,-0.0109113,0.0,"[6.65235, 7.08873, 8.27927, 11.1488, 75.3557, 57.7239, 49.4958, 41.9829, 35.3861, 29.8152, 25.2647, 21.6331, 18.7695, 16.5181, 13.3341, 10.5791, 9.15063, 8.4942, 8.3979]",0.116341,"[-3.57866, 1.84338, 1.74077, -1.5712]",0.348529
0.0,0.0823504,0.0,0.0,20.852,0.0,1956.68,-0.885132,94.0,1,"[200.0, 200.0, 200.0, 200.0, 200.0, 200.0, 200.0, 200.0, 200.0, 200.0, 200.0, 200.0, 200.0, 200.0, 200.0, 200.0, 200.0, 200.0, 200.0, 200.0, 200.0, 200.0, 200.0, 200.0, 200.0, 200.0, 200.0, 200.0, 200.0, 200.0, 200.0, 200.0, 200.0, 200.0, 200.0, 200.0]",1,942.478,-0.220073,0.0695834,-0.0105981,0.0,"[6.65181, 7.08828, 8.27893, 11.1487, 75.3503, 57.7192, 49.4916, 41.9794, 35.3833, 29.8131, 25.2633, 21.6321, 18.7689, 16.5177, 13.3341, 10.5794, 9.15103, 8.49471, 8.39851]",0.116416,"[-3.01954, 0.861863, -1.63609, 1.61879]",0.34853
0.0,0.0824625,0.0,0.0,20.874,0.0,1956.67,-0.886719,94.0,1,"[200.0, 200.0, 200.0, 200.0, 200.0, 200.0, 200.0, 200.0, 200.0, 200.0, 200.0, 200.0, 200.0, 200.0, 200.0, 200.0, 200.0, 200.0, 200.0, 200.0, 200.0, 200.0, 200.0, 200.0, 200.0, 200.0, 200.0, 200.0, 200.0, 200.0, 200.0, 200.0, 200.0, 200.0, 200.0, 200.0]",1,942.478,-0.213889,0.0740528,-0.0101531,0.0,"[6.65132, 7.088, 8.27896, 11.1497, 75.3393, 57.7091, 49.4824, 41.9713, 35.3766, 29.8078, 25.2591, 21.629, 18.7667, 16.5161, 13.3333, 10.5792, 9.15121, 8.49511, 8.39913]",0.116491,"[0.0550267, -2.05017, -1.60907, 1.63539]",0.348533
0.0,0.0825187,0.0,0.0,20.896,0.0,1956.67,-0.888184,94.0,1,"[200.0, 200.0, 200.0, 200.0, 200.0, 200.0, 200.0, 200.0, 200.0, 200.0, 200.0, 200.0, 200.0, 200.0, 200.0, 200.0, 200.0, 200.0, 200.0, 200.0, 200.0, 200.0, 200.0, 200.0, 200.0, 200.0, 200.0, 200.0, 200.0, 200.0, 200.0, 200.0, 200.0, 200.0, 200.0, 200.0]",1,942.478,-0.265217,0.0715254,-0.0098493,0.0,"[6.6508, 7.08756, 8.27862, 11.1496, 75.334, 57.7044, 49.4782, 41.9678, 35.3737, 29.8056, 25.2576, 21.628, 18.766, 16.5158, 13.3333, 10.5795, 9.1516, 8.4956, 8.39973]",0.116565,"[2.54648, -1.06609, 1.76765, -1.57591]",0.348537
0.0,0.0825049,0.0,0.0,20.918,0.0,1956.67,-0.889648,94.0,1,"[200.0, 200.0, 200.0, 200.0, 200.0, 200.0, 200.0, 200.0, 200.0, 200.0, 200.0, 200.0, 200.0, 200.0, 200.0, 200.0, 200.0, 200.0, 200.0, 200.0, 200.0, 200.0, 200.0, 200.0, 200.0, 200.0, 200.0, 200.0, 200.0, 200.0, 200.0, 200.0, 200.0, 200.0, 200.0, 200.0]",1,942.478,-0.318866,0.0727362,-0.00979019,0.0,"[6.65023, 7.08691, 8.27782, 11.1484, 75.3358, 57.7065, 49.4804, 41.97, 35.3758, 29.8076, 25.2594, 21.6296, 18.7674, 16.517, 13.3343, 10.5802, 9.15225, 8.49618, 8.40028]",0.116639,"[1.9994, 1.8476, 1.72241, -1.60142]",0.348541
0.0,0.0825064,0.0,0.0,20.94,0.0,1956.67,-0.890991,94.0,1,"[200.0, 200.0, 200.0, 200.0, 200.0, 200.0, 200.0, 200.0, 200.0, 200.0, 200.0, 200.0, 200.0, 200.0, 200.0, 200.0, 200.0, 200.0, 200.0, 200.0, 200.0, 200.0, 200.0, 200.0, 200.0, 200.0, 200.0, 200.0, 200.0, 200.0, 200.0, 200.0, 200.0, 200.0, 200.0, 200.0]",1,942.478,-0.26867,0.0716583,-0.00984047,0.0,"[6.64967, 7.08633, 8.27711, 11.1473, 75.3361, 57.7071, 49.4811, 41.9708, 35.3768, 29.8086, 25.2604, 21.6306, 18.7684, 16.5179, 13.3351, 10.5809, 9.15285, 8.49674, 8.40083]",0.116713,"[-1.12636, 0.898987, -1.68462, 1.62342]",0.348545
0.0,0.0825908,0.0,0.0,20.962,0.0,1956.67,-0.892456,94.0,1,"[200.0, 200.0, 200.0, 200.0, 200.0, 200.0, 200.0, 200.0, 200.0, 200.0, 200.0, 200.0, 200.0, 200.0, 200.0, 200.0, 200.0, 200.0, 200.0, 200.0, 200.0, 200.0, 200.0, 200.0, 200.0, 200.0, 200.0, 200.0, 200.0, 200.0, 200.0, 200.0, 200.0, 200.0, 200.0, 200.0]",1,942.478,-0.170464,0.0701806,-0.00984912,0.0,"[6.64917, 7.08597, 8.27696, 11.1478, 75.3279, 57.6997, 49.4744, 41.965, 35.372, 29.8048, 25.2576, 21.6285, 18.7669, 16.5169, 13.3347, 10.581, 9.15312, 8.49718, 8.40144]",0.116787,"[-3.63956, -1.9891, -1.67741, 1.65384]",0.348549
0.0,0.0826766,0.0,0.0,20.984,0.0,1956.67,-0.894043,94.0,1,"[200.0, 200.0, 200.0, 200.0, 200.0, 200.0, 200.0, 200.0, 200.0, 200.0, 200.0, 200.0, 200.0, 200.0, 200.0, 200.0, 200.0, 200.0, 200.0, 200.0, 200.0, 200.0, 200.0, 200.0, 200.0, 200.0, 200.0, 200.0, 200.0, 200.0, 200.0, 200.0, 200.0, 200.0, 200.0, 200.0]",1,942.478,-0.175447,0.0727463,-0.00990767,0.0,"[6.64865, 7.08561, 8.27683, 11.1483, 75.3196, 57.692, 49.4676, 41.9591, 35.3672, 29.8009, 25.2547, 21.6264, 18.7655, 16.5159, 13.3343, 10.581, 9.1534, 8.49763, 8.40205]",0.116862,"[-2.99042, -0.997845, 1.68582, -1.54683]",0.348554
0.0,0.0827095,0.0,0.0,21.006,0.0,1956.66,-0.895508,94.0,1,"[200.0, 200.0, 200.0, 200.0, 200.0, 200.0, 200.0, 200.0, 200.0, 200.0, 200.0, 200.0, 200.0, 200.0, 200.0, 200.0, 200.0, 200.0, 200.0, 200.0, 200.0, 200.0, 200.0, 200.0, 200.0, 200.0, 200.0, 200.0, 200.0, 200.0, 200.0, 200.0, 200.0, 200.0, 200.0, 200.0]",1,942.478,-0.274769,0.0750132,-0.0100219,0.0,"[6.6481, 7.08509, 8.2763, 11.1478, 75.3166, 57.6896, 49.4655, 41.9575, 35.366, 29.8002, 25.2543, 21.6263, 18.7655, 16.5161, 13.3346, 10.5814, 9.15391, 8.49817, 8.40265]",0.116938,"[0.128286, 1.92956, 1.65124, -1.57662]",0.348559
0.0,0.0827538,0.0,0.0,21.028,0.0,1956.66,-0.897095,94.0,1,"[200.0, 200.0, 200.0, 200.0, 200.0, 200.0, 200.0, 200.0, 200.0, 200.0, 200.0, 200.0, 200.0, 200.0, 200.0, 200.0, 200.0, 200.0, 200.0, 200.0, 200.0, 200.0, 200.0, 200.0, 200.0, 200.0, 200.0, 200.0, 200.0, 200.0, 200.0, 200.0, 200.0, 200.0, 200.0, 200.0]",1,942.478,-0.320126,0.0740737,-0.00995829,0.0,"[6.64758, 7.08462, 8.27591, 11.1476, 75.3125, 57.686, 49.4624, 41.9549, 35.3639, 29.7988, 25.2533, 21.6257, 18.7652, 16.516, 13.3348, 10.5818, 9.15433, 8.49866, 8.40323]",0.117012,"[2.73598, 0.962571, -1.72316, 1.62478]",0.348562
0.0,0.0828039,0.0,0.0,21.05,0.0,1956.66,-0.89856,94.0,1,"[200.0, 200.0, 200.0, 200.0, 200.0, 200.0, 200.0, 200.0, 200.0, 200.0, 200.0, 200.0, 200.0, 200.0, 200.0, 200.0, 200.0, 200.0, 200.0, 200.0, 200.0, 200.0, 200.0, 200.0, 200.0, 200.0, 200.0, 200.0, 200.0, 200.0, 200.0, 200.0, 200.0, 200.0, 200.0, 200.0]",1,942.478,-0.267253,0.0729282,-0.00994543,0.0,"[6.64704, 7.08415, 8.2755, 11.1474, 75.3078, 57.6819, 49.4587, 41.9519, 35.3616, 29.797, 25.2521, 21.625, 18.7648, 16.5158, 13.3349, 10.5821, 9.15477, 8.49918, 8.40383]",0.117088,"[2.00545, -1.93817, -1.69118, 1.64225]",0.348565
0.0,0.0828268,0.0,0.0,21.072,0.0,1956.66,-0.900024,94.0,1,"[200.0, 200.0, 200.0, 200.0, 200.0, 200.0, 200.0, 200.0, 200.0, 200.0, 200.0, 200.0, 200.0, 200.0, 200.0, 200.0, 200.0, 200.0, 200.0, 200.0, 200.0, 200.0, 200.0, 200.0, 200.0, 200.0, 200.0, 200.0, 200.0, 200.0, 200.0, 200.0, 200.0, 200.0, 200.0, 200.0]",1,942.478,-0.225277,0.068291,-0.0100217,0.0,"[6.64649, 7.08361, 8.27494, 11.1468, 75.3059, 57.6805, 49.4576, 41.951, 35.3611, 29.7968, 25.2522, 21.6252, 18.7651, 16.5163, 13.3354, 10.5826, 9.15527, 8.49971, 8.4044]",0.117162,"[-1.06355, -0.972346, 1.69221, -1.59535]",0.348566
0.0,0.0828244,0.0,0.0,21.094,0.0,1956.66,-0.901489,94.0,1,"[200.0, 200.0, 200.0, 200.0, 200.0, 200.0, 200.0, 200.0, 200.0, 200.0, 200.0, 200.0, 200.0, 200.0, 200.0, 200.0, 200.0, 200.0, 200.0, 200.0, 200.0, 200.0, 200.0, 200.0, 200.0, 200.0, 200.0, 200.0, 200.0, 200.0, 200.0, 200.0, 200.0, 200.0, 200.0, 200.0]",1,942.478,-0.231666,0.0650763,-0.0101931,0.0,"[6.64592, 7.083, 8.2742, 11.1456, 75.3067, 57.6815, 49.4587, 41.9523, 35.3624, 29.7981, 25.2534, 21.6264, 18.7662, 16.5173, 13.3362, 10.5833, 9.15589, 8.50029, 8.40498]",0.117237,"[-3.50832, 1.90833, 1.67384, -1.6354]",0.348568
0.0,0.0828759,0.0,0.0,21.116,0.0,1956.66,-0.903076,94.0,1,"[200.0, 200.0, 200.0, 200.0, 200.0, 200.0, 200.0, 200.0, 200.0, 200.0, 200.0, 200.0, 200.0, 200.0, 200.0, 200.0, 200.0, 200.0, 200.0, 200.0, 200.0, 200.0, 200.0, 200.0, 200.0, 200.0, 200.0, 200.0, 200.0, 200.0, 200.0, 200.0, 200.0, 200.0, 200.0, 200.0]",1,942.478,-0.225815,0.0715705,-0.0102279,0.0,"[6.64537, 7.08253, 8.27381, 11.1455, 75.3018, 57.6772, 49.455, 41.9491, 35.3599, 29.7963, 25.2521, 21.6255, 18.7657, 16.517, 13.3363, 10.5836, 9.15631, 8.5008, 8.40558]",0.117314,"[-3.03465, 0.923256, -1.68926, 1.56814]",0.34857
0.0,0.0829789,0.0,0.0,21.138,0.0,1956.66,-0.904541,94.0,1,"[200.0, 200.0, 200.0, 200.0, 200.0, 200.0, 200.0, 200.0, 200.0, 200.0, 200.0, 200.0, 200.0, 200.0, 200.0, 200.0, 200.0, 200.0, 200.0, 200.0, 200.0, 200.0, 200.0, 200.0, 200.0, 200.0, 200.0, 200.0, 200.0, 200.0, 200.0, 200.0, 200.0, 200.0, 200.0, 200.0]",1,942.478,-0.220558,0.0738501,-0.0101781,0.0,"[6.64487, 7.08221, 8.27378, 11.1463, 75.2916, 57.668, 49.4465, 41.9418, 35.3538, 29.7915, 25.2485, 21.6228, 18.7637, 16.5156, 13.3357, 10.5836, 9.15653, 8.50122, 8.40621]",0.117389,"[0.0645181, -1.98044, -1.66175, 1.58329]",0.348571
0.0,0.0830328,0.0,0.0,21.16,0.0,1956.65,-0.906006,94.0,1,"[200.0, 200.0, 200.0, 200.0, 200.0, 200.0, 200.0, 200.0, 200.0, 200.0, 200.0, 200.0, 200.0, 200.0, 200.0, 200.0, 200.0, 200.0, 200.0, 200.0, 200.0, 200.0, 200.0, 200.0, 200.0, 200.0, 200.0, 200.0, 200.0, 200.0, 200.0, 200.0, 200.0, 200.0, 200.0, 200.0]",1,942.478,-0.271719,0.0714514,-0.0100457,0.0,"[6.64434, 7.08177, 8.27341, 11.1462, 75.2866, 57.6635, 49.4426, 41.9385, 35.3512, 29.7895, 25.2471, 21.6219, 18.7632, 16.5153, 13.3357, 10.5839, 9.15695, 8.50172, 8.40681]",0.117464,"[2.57183, -1.003, 1.70606, -1.63463]",0.348572
0.0,0.0830123,0.0,0.0,21.182,0.0,1956.65,-0.907593,94.0,1,"[200.0, 200.0, 200.0, 200.0, 200.0, 200.0, 200.0, 200.0, 200.0, 200.0, 200.0, 200.0, 200.0, 200.0, 200.0, 200.0, 200.0, 200.0, 200.0, 200.0, 200.0, 200.0, 200.0, 200.0, 200.0, 200.0, 200.0, 200.0, 200.0, 200.0, 200.0, 200.0, 200.0, 200.0, 200.0, 200.0]",1,942.478,-0.324446,0.0728491,-0.0100086,0.0,"[6.64377, 7.08109, 8.27255, 11.1448, 75.2891, 57.6663, 49.4454, 41.9412, 35.3537, 29.7918, 25.2491, 21.6237, 18.7648, 16.5168, 13.3368, 10.5847, 9.15763, 8.50231, 8.40736]",0.117538,"[1.9753, 1.90206, 1.66377, -1.65996]",0.348572
0.0,0.0830142,0.0,0.0,21.204,0.0,1956.65,-0.909058,94.0,1,"[200.0, 200.0, 200.0, 200.0, 200.0, 200.0, 200.0, 200.0, 200.0, 200.0, 200.0, 200.0, 200.0, 200.0, 200.0, 200.0, 200.0, 200.0, 200.0, 200.0, 200.0, 200.0, 200.0, 200.0, 200.0, 200.0, 200.0, 200.0, 200.0, 200.0, 200.0, 200.0, 200.0, 200.0, 200.0, 200.0]",1,942.478,-0.274508,0.0723154,-0.0100816,0.0,"[6.6432, 7.0805, 8.27184, 11.1438, 75.2894, 57.6668, 49.4461, 41.9421, 35.3547, 29.7928, 25.2502, 21.6247, 18.7657, 16.5176, 13.3376, 10.5854, 9.15823, 8.50288, 8.40791]",0.117614,"[-1.16944, 0.953149, -1.73437, 1.58102]",0.348572
0.0,0.0830972,0.0,0.0,21.226,0.0,1956.65,-0.910522,94.0,1,"[200.0, 200.0, 200.0, 200.0, 200.0, 200.0, 200.0, 200.0, 200.0, 200.0, 200.0, 200.0, 200.0, 200.0, 200.0, 200.0, 200.0, 200.0, 200.0, 200.0, 200.0, 200.0, 200.0, 200.0, 200.0, 200.0, 200.0, 200.0, 200.0, 200.0, 200.0, 200.0, 200.0, 200.0, 200.0, 200.0]",1,942.478,-0.178089,0.0715559,-0.0101139,0.0,"[6.64269, 7.08015, 8.2717, 11.1442, 75.2813, 57.6595, 49.4395, 41.9364, 35.35, 29.7892, 25.2474, 21.6227, 18.7644, 16.5167, 13.3372, 10.5854, 9.15851, 8.50333, 8.40853]",0.117688,"[-3.60746, -1.91443, -1.72013, 1.61587]",0.348571
0.0,0.0831639,0.0,0.0,21.248,0.0,1956.65,-0.912109,94.0,1,"[200.0, 200.0, 200.0, 200.0, 200.0, 200.0, 200.0, 200.0, 200.0, 200.0, 200.0, 200.0, 200.0, 200.0, 200.0, 200.0, 200.0, 200.0, 200.0, 200.0, 200.0, 200.0, 200.0, 200.0, 200.0, 200.0, 200.0, 200.0, 200.0, 200.0, 200.0, 200.0, 200.0, 200.0, 200.0, 200.0]",1,942.478,-0.181492,0.0734641,-0.0102419,0.0,"[6.64215, 7.07971, 8.2714, 11.1443, 75.2749, 57.6538, 49.4344, 41.932, 35.3465, 29.7864, 25.2454, 21.6213, 18.7635, 16.5161, 13.3371, 10.5856, 9.15889, 8.50383, 8.40916]",0.117765,"[-3.0528, -0.921165, 1.63575, -1.59367]",0.348573
0.0,0.0831973,0.0,0.0,21.27,0.0,1956.65,-0.913574,94.0,1,"[200.0, 200.0, 200.0, 200.0, 200.0, 200.0, 200.0, 200.0, 200.0, 200.0, 200.0, 200.0, 200.0, 200.0, 200.0, 200.0, 200.0, 200.0, 200.0, 200.0, 200.0, 200.0, 200.0, 200.0, 200.0, 200.0, 200.0, 200.0, 200.0, 200.0, 200.0, 200.0, 200.0, 200.0, 200.0, 200.0]",1,942.478,-0.281227,0.0756518,-0.0102951,0.0,"[6.64159, 7.07918, 8.27088, 11.1438, 75.2719, 57.6514, 49.4323, 41.9304, 35.3453, 29.7857, 25.245, 21.6212, 18.7635, 16.5164, 13.3375, 10.5861, 9.15939, 8.50436, 8.40974]",0.117842,"[0.113923, 1.99913, 1.60371, -1.62088]",0.348573
0.0,0.0832373,0.0,0.0,21.292,0.0,1956.65,-0.915161,94.0,1,"[200.0, 200.0, 200.0, 200.0, 200.0, 200.0, 200.0, 200.0, 200.0, 200.0, 200.0, 200.0, 200.0, 200.0, 200.0, 200.0, 200.0, 200.0, 200.0, 200.0, 200.0, 200.0, 200.0, 200.0, 200.0, 200.0, 200.0, 200.0, 200.0, 200.0, 200.0, 200.0, 200.0, 200.0, 200.0, 200.0]",1,942.478,-0.327182,0.0747931,-0.0101386,0.0,"[6.64107, 7.07871, 8.27045, 11.1435, 75.2682, 57.6482, 49.4296, 41.9281, 35.3436, 29.7845, 25.2443, 21.6208, 18.7633, 16.5163, 13.3377, 10.5864, 9.15983, 8.50487, 8.41032]",0.117915,"[2.73543, 1.02873, -1.76096, 1.59143]",0.34857
0.0,0.0832836,0.0,0.0,21.314,0.0,1956.64,-0.916626,94.0,1,"[200.0, 200.0, 200.0, 200.0, 200.0, 200.0, 200.0, 200.0, 200.0, 200.0, 200.0, 200.0, 200.0, 200.0, 200.0, 200.0, 200.0, 200.0, 200.0, 200.0, 200.0, 200.0, 200.0, 200.0, 200.0, 200.0, 200.0, 200.0, 200.0, 200.0, 200.0, 200.0, 200.0, 200.0, 200.0, 200.0]",1,942.478,-0.274389,0.0734758,-0.00999056,0.0,"[6.64052, 7.07822, 8.27003, 11.1433, 75.264, 57.6445, 49.4263, 41.9254, 35.3415, 29.7829, 25.2433, 21.6202, 18.763, 16.5162, 13.3379, 10.5868, 9.16027, 8.50539, 8.41093]",0.117991,"[2.00669, -1.87053, -1.73214, 1.60545]",0.348569
0.0,0.0833027,0.0,0.0,21.336,0.0,1956.64,-0.918091,94.0,1,"[200.0, 200.0, 200.0, 200.0, 200.0, 200.0, 200.0, 200.0, 200.0, 200.0, 200.0, 200.0, 200.0, 200.0, 200.0, 200.0, 200.0, 200.0, 200.0, 200.0, 200.0, 200.0, 200.0, 200.0, 200.0, 200.0, 200.0, 200.0, 200.0, 200.0, 200.0, 200.0, 200.0, 200.0, 200.0, 200.0]",1,942.478,-0.231802,0.0692257,-0.0100867,0.0,"[6.63997, 7.07766, 8.26943, 11.1426, 75.2625, 57.6434, 49.4255, 41.9249, 35.3412, 29.783, 25.2435, 21.6206, 18.7635, 16.5168, 13.3384, 10.5873, 9.16081, 8.50593, 8.41151]",0.118066,"[-1.09164, -0.917572, 1.65424, -1.63375]",0.348567
0.0,0.0832955,0.0,0.0,21.358,0.0,1956.64,-0.919678,94.0,1,"[200.0, 200.0, 200.0, 200.0, 200.0, 200.0, 200.0, 200.0, 200.0, 200.0, 200.0, 200.0, 200.0, 200.0, 200.0, 200.0, 200.0, 200.0, 200.0, 200.0, 200.0, 200.0, 200.0, 200.0, 200.0, 200.0, 200.0, 200.0, 200.0, 200.0, 200.0, 200.0, 200.0, 200.0, 200.0, 200.0]",1,942.478,-0.237603,0.0662046,-0.0102169,0.0,"[6.63939, 7.07703, 8.26865, 11.1414, 75.2637, 57.6449, 49.4271, 41.9265, 35.3429, 29.7846, 25.245, 21.6219, 18.7647, 16.5179, 13.3394, 10.5881, 9.16146, 8.50652, 8.41207]",0.118143,"[-3.5625, 1.95044, 1.64173, -1.66719]",0.348566
0.0,0.0833418,0.0,0.0,21.38,0.0,1956.64,-0.921265,94.0,1,"[200.0, 200.0, 200.0, 200.0, 200.0, 200.0, 200.0, 200.0, 200.0, 200.0, 200.0, 200.0, 200.0, 200.0, 200.0, 200.0, 200.0, 200.0, 200.0, 200.0, 200.0, 200.0, 200.0, 200.0, 200.0, 200.0, 200.0, 200.0, 200.0, 200.0, 200.0, 200.0, 200.0, 200.0, 200.0, 200.0]",1,942.478,-0.233083,0.0710033,-0.0103275,0.0,"[6.63884, 7.07655, 8.26822, 11.1411, 75.2594, 57.6412, 49.4238, 41.9238, 35.3408, 29.783, 25.2439, 21.6213, 18.7644, 16.5178, 13.3395, 10.5884, 9.16189, 8.50703, 8.41268]",0.118219,"[-3.03965, 0.969164, -1.7141, 1.54151]",0.348565
0.0,0.0834424,0.0,0.0,21.402,0.0,1956.64,-0.922852,94.0,1,"[200.0, 200.0, 200.0, 200.0, 200.0, 200.0, 200.0, 200.0, 200.0, 200.0, 200.0, 200.0, 200.0, 200.0, 200.0, 200.0, 200.0, 200.0, 200.0, 200.0, 200.0, 200.0, 200.0, 200.0, 200.0, 200.0, 200.0, 200.0, 200.0, 200.0, 200.0, 200.0, 200.0, 200.0, 200.0, 200.0]",1,942.478,-0.227148,0.0746257,-0.0102249,0.0,"[6.63834, 7.07623, 8.26818, 11.1419, 75.2495, 57.6321, 49.4156, 41.9167, 35.3349, 29.7784, 25.2404, 21.6187, 18.7625, 16.5164, 13.3389, 10.5884, 9.16212, 8.50747, 8.41331]",0.118294,"[0.0403447, -1.93712, -1.69379, 1.55397]",0.348562
0.0,0.0834944,0.0,0.0,21.424,0.0,1956.64,-0.924438,94.0,1,"[200.0, 200.0, 200.0, 200.0, 200.0, 200.0, 200.0, 200.0, 200.0, 200.0, 200.0, 200.0, 200.0, 200.0, 200.0, 200.0, 200.0, 200.0, 200.0, 200.0, 200.0, 200.0, 200.0, 200.0, 200.0, 200.0, 200.0, 200.0, 200.0, 200.0, 200.0, 200.0, 200.0, 200.0, 200.0, 200.0]",1,942.478,-0.278835,0.0719542,-0.0100732,0.0,"[6.6378, 7.07575, 8.26777, 11.1417, 75.2446, 57.6278, 49.4119, 41.9135, 35.3324, 29.7765, 25.2391, 21.6178, 18.762, 16.5162, 13.339, 10.5887, 9.16255, 8.50797, 8.41392]",0.118371,"[2.59708, -0.967552, 1.66942, -1.66953]",0.348561
0.0,0.0834648,0.0,0.0,21.446,0.0,1956.63,-0.925903,94.0,1,"[200.0, 200.0, 200.0, 200.0, 200.0, 200.0, 200.0, 200.0, 200.0, 200.0, 200.0, 200.0, 200.0, 200.0, 200.0, 200.0, 200.0, 200.0, 200.0, 200.0, 200.0, 200.0, 200.0, 200.0, 200.0, 200.0, 200.0, 200.0, 200.0, 200.0, 200.0, 200.0, 200.0, 200.0, 200.0, 200.0]",1,942.478,-0.330906,0.0726728,-0.0101038,0.0,"[6.63721, 7.07507, 8.26687, 11.1402, 75.2482, 57.6315, 49.4155, 41.917, 35.3355, 29.7794, 25.2416, 21.62, 18.7639, 16.5178, 13.3402, 10.5896, 9.16326, 8.50858, 8.41446]",0.118446,"[1.9586, 1.92006, 1.63669, -1.68489]",0.348557
0.0,0.0834677,0.0,0.0,21.468,0.0,1956.63,-0.92749,94.0,1,"[200.0, 200.0, 200.0, 200.0, 200.0, 200.0, 200.0, 200.0, 200.0, 200.0, 200.0, 200.0, 200.0, 200.0, 200.0, 200.0, 200.0, 200.0, 200.0, 200.0, 200.0, 200.0, 200.0, 200.0, 200.0, 200.0, 200.0, 200.0, 200.0, 200.0, 200.0, 200.0, 200.0, 200.0, 200.0, 200.0]",1,942.478,-0.28211,0.0725471,-0.0101832,0.0,"[6.63663, 7.07444, 8.26614, 11.1391, 75.2483, 57.632, 49.4161, 41.9178, 35.3365, 29.7804, 25.2426, 21.621, 18.7648, 16.5187, 13.341, 10.5903, 9.16388, 8.50917, 8.41504]",0.118522,"[-1.12727, 0.969451, -1.75357, 1.56013]",0.348554
0.0,0.0835377,0.0,0.0,21.49,0.0,1956.63,-0.928955,94.0,1,"[200.0, 200.0, 200.0, 200.0, 200.0, 200.0, 200.0, 200.0, 200.0, 200.0, 200.0, 200.0, 200.0, 200.0, 200.0, 200.0, 200.0, 200.0, 200.0, 200.0, 200.0, 200.0, 200.0, 200.0, 200.0, 200.0, 200.0, 200.0, 200.0, 200.0, 200.0, 200.0, 200.0, 200.0, 200.0, 200.0]",1,942.478,-0.184394,0.0704619,-0.0102107,0.0,"[6.63611, 7.07404, 8.26589, 11.1393, 75.2416, 57.6259, 49.4107, 41.9132, 35.3327, 29.7775, 25.2405, 21.6195, 18.7638, 16.518, 13.3409, 10.5904, 9.16423, 8.50965, 8.41566]",0.118598,"[-3.64928, -1.89681, -1.7439, 1.59163]",0.34855
0.0,0.0836117,0.0,0.0,21.512,0.0,1956.63,-0.930542,94.0,1,"[200.0, 200.0, 200.0, 200.0, 200.0, 200.0, 200.0, 200.0, 200.0, 200.0, 200.0, 200.0, 200.0, 200.0, 200.0, 200.0, 200.0, 200.0, 200.0, 200.0, 200.0, 200.0, 200.0, 200.0, 200.0, 200.0, 200.0, 200.0, 200.0, 200.0, 200.0, 200.0, 200.0, 200.0, 200.0, 200.0]",1,942.478,-0.187687,0.0731986,-0.0102141,0.0,"[6.63558, 7.07365, 8.26565, 11.1396, 75.2344, 57.6195, 49.4049, 41.9082, 35.3287, 29.7744, 25.2382, 21.6179, 18.7627, 16.5173, 13.3406, 10.5906, 9.16456, 8.51012, 8.41627]",0.118674,"[-3.05533, -0.917469, 1.60569, -1.62532]",0.348547
0.0,0.0836446,0.0,0.0,21.534,0.0,1956.63,-0.932251,94.0,1,"[200.0, 200.0, 200.0, 200.0, 200.0, 200.0, 200.0, 200.0, 200.0, 200.0, 200.0, 200.0, 200.0, 200.0, 200.0, 200.0, 200.0, 200.0, 200.0, 200.0, 200.0, 200.0, 200.0, 200.0, 200.0, 200.0, 200.0, 200.0, 200.0, 200.0, 200.0, 200.0, 200.0, 200.0, 200.0, 200.0]",1,942.478,-0.288137,0.0751268,-0.0102918,0.0,"[6.63502, 7.07311, 8.26512, 11.1391, 75.2315, 57.6171, 49.4029, 41.9066, 35.3276, 29.7736, 25.2378, 21.6178, 18.7628, 16.5175, 13.341, 10.5911, 9.16507, 8.51066, 8.41687]",0.118751,"[0.165937, 1.9895, 1.57544, -1.6497]",0.348545
0.0,0.0836732,0.0,0.0,21.556,0.0,1956.63,-0.933716,94.0,1,"[200.0, 200.0, 200.0, 200.0, 200.0, 200.0, 200.0, 200.0, 200.0, 200.0, 200.0, 200.0, 200.0, 200.0, 200.0, 200.0, 200.0, 200.0, 200.0, 200.0, 200.0, 200.0, 200.0, 200.0, 200.0, 200.0, 200.0, 200.0, 200.0, 200.0, 200.0, 200.0, 200.0, 200.0, 200.0, 200.0]",1,942.478,-0.332978,0.0752021,-0.0101404,0.0,"[6.63447, 7.07257, 8.26459, 11.1385, 75.2291, 57.6151, 49.4012, 41.9053, 35.3267, 29.7731, 25.2376, 21.6178, 18.763, 16.5179, 13.3414, 10.5915, 9.16558, 8.5112, 8.41746]",0.118827,"[2.67975, 1.02935, -1.77978, 1.57436]",0.34854
0.0,0.0837266,0.0,0.0,21.578,0.0,1956.62,-0.935303,94.0,1,"[200.0, 200.0, 200.0, 200.0, 200.0, 200.0, 200.0, 200.0, 200.0, 200.0, 200.0, 200.0, 200.0, 200.0, 200.0, 200.0, 200.0, 200.0, 200.0, 200.0, 200.0, 200.0, 200.0, 200.0, 200.0, 200.0, 200.0, 200.0, 200.0, 200.0, 200.0, 200.0, 200.0, 200.0, 200.0, 200.0]",1,942.478,-0.283552,0.0714981,-0.0100198,0.0,"[6.63394, 7.07211, 8.26421, 11.1384, 75.224, 57.6107, 49.3973, 41.9021, 35.3241, 29.7712, 25.2362, 21.6169, 18.7624, 16.5176, 13.3415, 10.5918, 9.16599, 8.5117, 8.41806]",0.118903,"[2.12357, -1.85811, -1.74381, 1.59099]",0.348535
0.0,0.0837375,0.0,0.0,21.6,0.0,1956.62,-0.93689,94.0,1,"[200.0, 200.0, 200.0, 200.0, 200.0, 200.0, 200.0, 200.0, 200.0, 200.0, 200.0, 200.0, 200.0, 200.0, 200.0, 200.0, 200.0, 200.0, 200.0, 200.0, 200.0, 200.0, 200.0, 200.0, 200.0, 200.0, 200.0, 200.0, 200.0, 200.0, 200.0, 200.0, 200.0, 200.0, 200.0, 200.0]",1,942.478,-0.238272,0.0694931,-0.0101326,0.0,"[6.63337, 7.07154, 8.26356, 11.1375, 75.2234, 57.6104, 49.3973, 41.9023, 35.3244, 29.7717, 25.2369, 21.6176, 18.7631, 16.5183, 13.3421, 10.5924, 9.16656, 8.51226, 8.41865]",0.118979,"[-1.09907, -0.904631, 1.62612, -1.6644]",0.34853
0.0,0.0837261,0.0,0.0,21.622,0.0,1956.62,-0.938477,94.0,1,"[200.0, 200.0, 200.0, 200.0, 200.0, 200.0, 200.0, 200.0, 200.0, 200.0, 200.0, 200.0, 200.0, 200.0, 200.0, 200.0, 200.0, 200.0, 200.0, 200.0, 200.0, 200.0, 200.0, 200.0, 200.0, 200.0, 200.0, 200.0, 200.0, 200.0, 200.0, 200.0, 200.0, 200.0, 200.0, 200.0]",1,942.478,-0.243318,0.0662699,-0.0103246,0.0,"[6.63279, 7.07087, 8.26274, 11.1363, 75.225, 57.6123, 49.3992, 41.9042, 35.3264, 29.7735, 25.2386, 21.6191, 18.7645, 16.5195, 13.3431, 10.5932, 9.16723, 8.51286, 8.41921]",0.119055,"[-3.58832, 1.96107, 1.60665, -1.70195]",0.348525
0.0,0.0837685,0.0,0.0,21.644,0.0,1956.62,-0.940063,94.0,1,"[200.0, 200.0, 200.0, 200.0, 200.0, 200.0, 200.0, 200.0, 200.0, 200.0, 200.0, 200.0, 200.0, 200.0, 200.0, 200.0, 200.0, 200.0, 200.0, 200.0, 200.0, 200.0, 200.0, 200.0, 200.0, 200.0, 200.0, 200.0, 200.0, 200.0, 200.0, 200.0, 200.0, 200.0, 200.0, 200.0]",1,942.478,-0.239597,0.0703993,-0.0103303,0.0,"[6.63223, 7.07038, 8.26229, 11.136, 75.2211, 57.6089, 49.3963, 41.9018, 35.3245, 29.7722, 25.2377, 21.6186, 18.7643, 16.5195, 13.3434, 10.5936, 9.16768, 8.51338, 8.41982]",0.119131,"[-3.04746, 0.987688, -1.74266, 1.51506]",0.34852
0.0,0.0838696,0.0,0.0,21.666,0.0,1956.62,-0.94165,94.0,1,"[200.0, 200.0, 200.0, 200.0, 200.0, 200.0, 200.0, 200.0, 200.0, 200.0, 200.0, 200.0, 200.0, 200.0, 200.0, 200.0, 200.0, 200.0, 200.0, 200.0, 200.0, 200.0, 200.0, 200.0, 200.0, 200.0, 200.0, 200.0, 200.0, 200.0, 200.0, 200.0, 200.0, 200.0, 200.0, 200.0]",1,942.478,-0.234978,0.0744489,-0.0102264,0.0,"[6.63171, 7.07006, 8.26223, 11.1367, 75.2112, 57.6, 49.3882, 41.8948, 35.3186, 29.7675, 25.2341, 21.616, 18.7624, 16.5181, 13.3427, 10.5935, 9.16793, 8.51383, 8.42046]",0.119209,"[0.0838547, -1.89995, -1.71421, 1.53026]",0.348515
0.0,0.0839121,0.0,0.0,21.688,0.0,1956.62,-0.943237,94.0,1,"[200.0, 200.0, 200.0, 200.0, 200.0, 200.0, 200.0, 200.0, 200.0, 200.0, 200.0, 200.0, 200.0, 200.0, 200.0, 200.0, 200.0, 200.0, 200.0, 200.0, 200.0, 200.0, 200.0, 200.0, 200.0, 200.0, 200.0, 200.0, 200.0, 200.0, 200.0, 200.0, 200.0, 200.0, 200.0, 200.0]",1,942.478,-0.286206,0.0708139,-0.0101979,0.0,"[6.63116, 7.06955, 8.26177, 11.1364, 75.2073, 57.5966, 49.3852, 41.8923, 35.3168, 29.7663, 25.2333, 21.6155, 18.7622, 16.5182, 13.343, 10.5939, 9.16839, 8.51436, 8.42106]",0.119286,"[2.62673, -0.929607, 1.63982, -1.69823]",0.34851
0.0,0.0838796,0.0,0.0,21.71,0.0,1956.62,-0.944824,94.0,1,"[200.0, 200.0, 200.0, 200.0, 200.0, 200.0, 200.0, 200.0, 200.0, 200.0, 200.0, 200.0, 200.0, 200.0, 200.0, 200.0, 200.0, 200.0, 200.0, 200.0, 200.0, 200.0, 200.0, 200.0, 200.0, 200.0, 200.0, 200.0, 200.0, 200.0, 200.0, 200.0, 200.0, 200.0, 200.0, 200.0]",1,942.478,-0.338382,0.0718227,-0.0101944,0.0,"[6.63057, 7.06885, 8.26083, 11.1347, 75.2111, 57.6005, 49.3891, 41.896, 35.3202, 29.7693, 25.2359, 21.6178, 18.7642, 16.5198, 13.3443, 10.5949, 9.16912, 8.51498, 8.42161]",0.119361,"[1.9949, 1.95108, 1.61215, -1.70924]",0.348503
0.0,0.0838754,0.0,0.0,21.732,0.0,1956.61,-0.946411,94.0,1,"[200.0, 200.0, 200.0, 200.0, 200.0, 200.0, 200.0, 200.0, 200.0, 200.0, 200.0, 200.0, 200.0, 200.0, 200.0, 200.0, 200.0, 200.0, 200.0, 200.0, 200.0, 200.0, 200.0, 200.0, 200.0, 200.0, 200.0, 200.0, 200.0, 200.0, 200.0, 200.0, 200.0, 200.0, 200.0, 200.0]",1,942.478,-0.288668,0.0719605,-0.0102306,0.0,"[6.63, 7.06822, 8.26007, 11.1336, 75.212, 57.6017, 49.3904, 41.8973, 35.3216, 29.7707, 25.2373, 21.619, 18.7653, 16.5209, 13.3451, 10.5956, 9.16975, 8.51556, 8.42217]",0.119437,"[-1.17804, 1.00471, -1.76528, 1.54466]",0.348496
0.0,0.0839516,0.0,0.0,21.754,0.0,1956.61,-0.947998,94.0,1,"[200.0, 200.0, 200.0, 200.0, 200.0, 200.0, 200.0, 200.0, 200.0, 200.0, 200.0, 200.0, 200.0, 200.0, 200.0, 200.0, 200.0, 200.0, 200.0, 200.0, 200.0, 200.0, 200.0, 200.0, 200.0, 200.0, 200.0, 200.0, 200.0, 200.0, 200.0, 200.0, 200.0, 200.0, 200.0, 200.0]",1,942.478,-0.19216,0.0714957,-0.0102967,0.0,"[6.62947, 7.06782, 8.25985, 11.1339, 75.2046, 57.595, 49.3844, 41.8922, 35.3174, 29.7674, 25.2349, 21.6173, 18.7641, 16.5201, 13.3449, 10.5957, 9.17008, 8.51603, 8.42279]",0.119513,"[-3.63555, -1.8509, -1.75625, 1.57641]",0.348489
0.0,0.0840136,0.0,0.0,21.776,0.0,1956.61,-0.949707,94.0,1,"[200.0, 200.0, 200.0, 200.0, 200.0, 200.0, 200.0, 200.0, 200.0, 200.0, 200.0, 200.0, 200.0, 200.0, 200.0, 200.0, 200.0, 200.0, 200.0, 200.0, 200.0, 200.0, 200.0, 200.0, 200.0, 200.0, 200.0, 200.0, 200.0, 200.0, 200.0, 200.0, 200.0, 200.0, 200.0, 200.0]",1,942.478,-0.1945,0.0735642,-0.0104313,0.0,"[6.62893, 7.06738, 8.25952, 11.1339, 75.1987, 57.5899, 49.3798, 41.8883, 35.3142, 29.765, 25.2331, 21.6161, 18.7634, 16.5196, 13.3448, 10.596, 9.17047, 8.51654, 8.42342]",0.11959,"[-3.07205, -0.880445, 1.58129, -1.65129]",0.348483
0.0,0.0840399,0.0,0.0,21.798,0.0,1956.61,-0.951294,94.0,1,"[200.0, 200.0, 200.0, 200.0, 200.0, 200.0, 200.0, 200.0, 200.0, 200.0, 200.0, 200.0, 200.0, 200.0, 200.0, 200.0, 200.0, 200.0, 200.0, 200.0, 200.0, 200.0, 200.0, 200.0, 200.0, 200.0, 200.0, 200.0, 200.0, 200.0, 200.0, 200.0, 200.0, 200.0, 200.0, 200.0]",1,942.478,-0.294318,0.0755474,-0.0103764,0.0,"[6.62838, 7.06683, 8.25895, 11.1333, 75.1965, 57.5881, 49.3783, 41.8872, 35.3136, 29.7647, 25.2331, 21.6163, 18.7636, 16.52, 13.3453, 10.5965, 9.17099, 8.51707, 8.424]",0.119667,"[0.115469, 2.01793, 1.55742, -1.66696]",0.348476
0.0,0.0840718,0.0,0.0,21.82,0.0,1956.61,-0.952881,94.0,1,"[200.0, 200.0, 200.0, 200.0, 200.0, 200.0, 200.0, 200.0, 200.0, 200.0, 200.0, 200.0, 200.0, 200.0, 200.0, 200.0, 200.0, 200.0, 200.0, 200.0, 200.0, 200.0, 200.0, 200.0, 200.0, 200.0, 200.0, 200.0, 200.0, 200.0, 200.0, 200.0, 200.0, 200.0, 200.0, 200.0]",1,942.478,-0.341431,0.0749004,-0.0102551,0.0,"[6.62782, 7.06631, 8.25843, 11.1328, 75.1936, 57.5857, 49.3764, 41.8857, 35.3125, 29.764, 25.2327, 21.6162, 18.7637, 16.5203, 13.3457, 10.5969, 9.17148, 8.51762, 8.4246]",0.119743,"[2.74304, 1.06414, -1.78735, 1.56369]",0.348468
0.0,0.0841138,0.0,0.0,21.842,0.0,1956.61,-0.954468,94.0,1,"[200.0, 200.0, 200.0, 200.0, 200.0, 200.0, 200.0, 200.0, 200.0, 200.0, 200.0, 200.0, 200.0, 200.0, 200.0, 200.0, 200.0, 200.0, 200.0, 200.0, 200.0, 200.0, 200.0, 200.0, 200.0, 200.0, 200.0, 200.0, 200.0, 200.0, 200.0, 200.0, 200.0, 200.0, 200.0, 200.0]",1,942.478,-0.29016,0.0728485,-0.0101129,0.0,"[6.62727, 7.06581, 8.25798, 11.1325, 75.1898, 57.5825, 49.3735, 41.8834, 35.3107, 29.7627, 25.2319, 21.6157, 18.7635, 16.5202, 13.3459, 10.5973, 9.17194, 8.51813, 8.4252]",0.119819,"[2.06765, -1.8113, -1.76045, 1.57636]",0.34846
0.0,0.0841262,0.0,0.0,21.864,0.0,1956.6,-0.956055,94.0,1,"[200.0, 200.0, 200.0, 200.0, 200.0, 200.0, 200.0, 200.0, 200.0, 200.0, 200.0, 200.0, 200.0, 200.0, 200.0, 200.0, 200.0, 200.0, 200.0, 200.0, 200.0, 200.0, 200.0, 200.0, 200.0, 200.0, 200.0, 200.0, 200.0, 200.0, 200.0, 200.0, 200.0, 200.0, 200.0, 200.0]",1,942.478,-0.246787,0.0681132,-0.0101866,0.0,"[6.62669, 7.06523, 8.25733, 11.1317, 75.189, 57.582, 49.3733, 41.8834, 35.3109, 29.7631, 25.2325, 21.6164, 18.7642, 16.5209, 13.3465, 10.5979, 9.17251, 8.51869, 8.42578]",0.119895,"[-1.02103, -0.863834, 1.60621, -1.6825]",0.348451
0.0,0.0841104,0.0,0.0,21.886,0.0,1956.6,-0.957642,94.0,1,"[200.0, 200.0, 200.0, 200.0, 200.0, 200.0, 200.0, 200.0, 200.0, 200.0, 200.0, 200.0, 200.0, 200.0, 200.0, 200.0, 200.0, 200.0, 200.0, 200.0, 200.0, 200.0, 200.0, 200.0, 200.0, 200.0, 200.0, 200.0, 200.0, 200.0, 200.0, 200.0, 200.0, 200.0, 200.0, 200.0]",1,942.478,-0.249927,0.067018,-0.0104223,0.0,"[6.62611, 7.06456, 8.25648, 11.1303, 75.1911, 57.5844, 49.3757, 41.8857, 35.3131, 29.7652, 25.2344, 21.618, 18.7657, 16.5222, 13.3476, 10.5987, 9.17321, 8.51931, 8.42635]",0.119973,"[-3.61658, 1.9846, 1.59129, -1.71245]",0.348444
0.0,0.0841491,0.0,0.0,21.908,0.0,1956.6,-0.959351,94.0,1,"[200.0, 200.0, 200.0, 200.0, 200.0, 200.0, 200.0, 200.0, 200.0, 200.0, 200.0, 200.0, 200.0, 200.0, 200.0, 200.0, 200.0, 200.0, 200.0, 200.0, 200.0, 200.0, 200.0, 200.0, 200.0, 200.0, 200.0, 200.0, 200.0, 200.0, 200.0, 200.0, 200.0, 200.0, 200.0, 200.0]",1,942.478,-0.246615,0.070486,-0.0104327,0.0,"[6.62555, 7.06405, 8.25601, 11.1299, 75.1875, 57.5814, 49.3731, 41.8836, 35.3116, 29.7641, 25.2337, 21.6177, 18.7656, 16.5223, 13.3479, 10.5991, 9.17367, 8.51983, 8.42695]",0.120049,"[-3.06503, 1.00904, -1.74562, 1.51046]",0.348435
0.0,0.0842454,0.0,0.0,21.93,0.0,1956.6,-0.960938,94.0,1,"[200.0, 200.0, 200.0, 200.0, 200.0, 200.0, 200.0, 200.0, 200.0, 200.0, 200.0, 200.0, 200.0, 200.0, 200.0, 200.0, 200.0, 200.0, 200.0, 200.0, 200.0, 200.0, 200.0, 200.0, 200.0, 200.0, 200.0, 200.0, 200.0, 200.0, 200.0, 200.0, 200.0, 200.0, 200.0, 200.0]",1,942.478,-0.241913,0.0742823,-0.0103866,0.0,"[6.62503, 7.0637, 8.2559, 11.1305, 75.1781, 57.5728, 49.3653, 41.8769, 35.306, 29.7597, 25.2304, 21.6152, 18.7639, 16.5211, 13.3474, 10.5991, 9.17394, 8.52029, 8.4276]",0.120127,"[0.0652896, -1.86996, -1.72752, 1.51778]",0.348427
0.0,0.0842854,0.0,0.0,21.952,0.0,1956.6,-0.962646,94.0,1,"[200.0, 200.0, 200.0, 200.0, 200.0, 200.0, 200.0, 200.0, 200.0, 200.0, 200.0, 200.0, 200.0, 200.0, 200.0, 200.0, 200.0, 200.0, 200.0, 200.0, 200.0, 200.0, 200.0, 200.0, 200.0, 200.0, 200.0, 200.0, 200.0, 200.0, 200.0, 200.0, 200.0, 200.0, 200.0, 200.0]",1,942.478,-0.292605,0.0712331,-0.0103242,0.0,"[6.62447, 7.06319, 8.25541, 11.1302, 75.1745, 57.5697, 49.3627, 41.8747, 35.3044, 29.7586, 25.2297, 21.6149, 18.7638, 16.5211, 13.3476, 10.5995, 9.17442, 8.52083, 8.42821]",0.120205,"[2.60293, -0.900556, 1.61658, -1.72323]",0.348419
0.0,0.0842516,0.0,0.0,21.974,0.0,1956.6,-0.964233,94.0,1,"[200.0, 200.0, 200.0, 200.0, 200.0, 200.0, 200.0, 200.0, 200.0, 200.0, 200.0, 200.0, 200.0, 200.0, 200.0, 200.0, 200.0, 200.0, 200.0, 200.0, 200.0, 200.0, 200.0, 200.0, 200.0, 200.0, 200.0, 200.0, 200.0, 200.0, 200.0, 200.0, 200.0, 200.0, 200.0, 200.0]",1,942.478,-0.344992,0.0724309,-0.0103842,0.0,"[6.62387, 7.06248, 8.25446, 11.1285, 75.1785, 57.5737, 49.3667, 41.8786, 35.3079, 29.7617, 25.2324, 21.6172, 18.7657, 16.5229, 13.349, 10.6005, 9.17517, 8.52145, 8.42876]",0.120281,"[2.00924, 1.96848, 1.58467, -1.73281]",0.348409
0.0,0.0842401,0.0,0.0,21.996,0.0,1956.59,-0.96582,94.0,1,"[200.0, 200.0, 200.0, 200.0, 200.0, 200.0, 200.0, 200.0, 200.0, 200.0, 200.0, 200.0, 200.0, 200.0, 200.0, 200.0, 200.0, 200.0, 200.0, 200.0, 200.0, 200.0, 200.0, 200.0, 200.0, 200.0, 200.0, 200.0, 200.0, 200.0, 200.0, 200.0, 200.0, 200.0, 200.0, 200.0]",1,942.478,-0.295239,0.0718743,-0.0104013,0.0,"[6.62329, 7.06181, 8.25363, 11.1272, 75.1801, 57.5757, 49.3686, 41.8806, 35.3098, 29.7636, 25.2341, 21.6188, 18.7671, 16.5241, 13.35, 10.6013, 9.17583, 8.52206, 8.42934]",0.120358,"[-1.17919, 1.02267, -1.78884, 1.52678]",0.348399
0.0,0.0843112,0.0,0.0,22.018,0.0,1956.59,-0.967529,94.0,1,"[200.0, 200.0, 200.0, 200.0, 200.0, 200.0, 200.0, 200.0, 200.0, 200.0, 200.0, 200.0, 200.0, 200.0, 200.0, 200.0, 200.0, 200.0, 200.0, 200.0, 200.0, 200.0, 200.0, 200.0, 200.0, 200.0, 200.0, 200.0, 200.0, 200.0, 200.0, 200.0, 200.0, 200.0, 200.0, 200.0]",1,942.478,-0.19834,0.0713778,-0.0104711,0.0,"[6.62276, 7.06141, 8.25339, 11.1274, 75.1732, 57.5695, 49.3631, 41.8758, 35.306, 29.7606, 25.2319, 21.6172, 18.7661, 16.5234, 13.3498, 10.6014, 9.17618, 8.52253, 8.42995]",0.120434,"[-3.66344, -1.82748, -1.77901, 1.55046]",0.348388
0.0,0.0843732,0.0,0.0,22.04,0.0,1956.59,-0.969116,94.0,1,"[200.0, 200.0, 200.0, 200.0, 200.0, 200.0, 200.0, 200.0, 200.0, 200.0, 200.0, 200.0, 200.0, 200.0, 200.0, 200.0, 200.0, 200.0, 200.0, 200.0, 200.0, 200.0, 200.0, 200.0, 200.0, 200.0, 200.0, 200.0, 200.0, 200.0, 200.0, 200.0, 200.0, 200.0, 200.0, 200.0]",1,942.478,-0.200882,0.0737108,-0.0105349,0.0,"[6.62221, 7.06096, 8.25306, 11.1274, 75.1674, 57.5643, 49.3585, 41.8719, 35.3028, 29.7582, 25.2302, 21.616, 18.7653, 16.523, 13.3497, 10.6017, 9.17657, 8.52304, 8.43057]",0.120512,"[-3.07799, -0.849722, 1.55234, -1.67778]",0.348378
0.0,0.084398,0.0,0.0,22.062,0.0,1956.59,-0.970825,94.0,1,"[200.0, 200.0, 200.0, 200.0, 200.0, 200.0, 200.0, 200.0, 200.0, 200.0, 200.0, 200.0, 200.0, 200.0, 200.0, 200.0, 200.0, 200.0, 200.0, 200.0, 200.0, 200.0, 200.0, 200.0, 200.0, 200.0, 200.0, 200.0, 200.0, 200.0, 200.0, 200.0, 200.0, 200.0, 200.0, 200.0]",1,942.478,-0.301189,0.0753527,-0.010528,0.0,"[6.62165, 7.0604, 8.25247, 11.1268, 75.1653, 57.5627, 49.3572, 41.8709, 35.3023, 29.758, 25.2302, 21.6162, 18.7657, 16.5234, 13.3502, 10.6022, 9.17711, 8.5236, 8.43117]",0.120589,"[0.164786, 2.02563, 1.52937, -1.69089]",0.348368
0.0,0.0844209,0.0,0.0,22.084,0.0,1956.59,-0.972534,94.0,1,"[200.0, 200.0, 200.0, 200.0, 200.0, 200.0, 200.0, 200.0, 200.0, 200.0, 200.0, 200.0, 200.0, 200.0, 200.0, 200.0, 200.0, 200.0, 200.0, 200.0, 200.0, 200.0, 200.0, 200.0, 200.0, 200.0, 200.0, 200.0, 200.0, 200.0, 200.0, 200.0, 200.0, 200.0, 200.0, 200.0]",1,942.478,-0.347279,0.0753136,-0.0103511,0.0,"[6.62108, 7.05984, 8.25187, 11.1261, 75.1634, 57.5613, 49.3561, 41.8702, 35.3018, 29.7578, 25.2303, 21.6165, 18.7661, 16.5239, 13.3507, 10.6028, 9.17766, 8.52415, 8.43177]",0.120667,"[2.71642, 1.07368, -1.8118, 1.54416]",0.348357
