accel,angle,brake,clutch,curLapTime,damage,dist_from_start,dist_raced,fuel,gear,opponents,race_pos,rpm,speed_x,speed_y,speed_z,steer,track,track_pos,wheel_spin_vel,z
0.0,0.00365799,0.0,0.0,-0.982,0.0,1957.56,0.0,94.0,0,"[200.0, 200.0, 200.0, 200.0, 200.0, 200.0, 200.0, 200.0, 200.0, 200.0, 200.0, 200.0, 200.0, 200.0, 200.0, 200.0, 200.0, 200.0, 200.0, 200.0, 200.0, 200.0, 200.0, 200.0, 200.0, 200.0, 200.0, 200.0, 200.0, 200.0, 200.0, 200.0, 200.0, 200.0, 200.0, 200.0]",1,942.478,0.00187065,0.0500377,-0.00546558,0.0,"[7.48658, 7.79293, 8.84666, 11.3686, 20.0323, 64.566, 55.6536, 47.2582, 39.6464, 33.0363, 27.5369, 23.121, 19.6564, 16.9654, 13.2439, 10.1237, 8.52418, 7.74488, 7.51352]",0.00179749,"[0.0, 0.0, 0.0, 0.0]",0.346282
0.0,0.00365799,0.0,0.0,-0.962,0.0,1957.56,0.0,94.0,0,"[200.0, 200.0, 200.0, 200.0, 200.0, 200.0, 200.0, 200.0, 200.0, 200.0, 200.0, 200.0, 200.0, 200.0, 200.0, 200.0, 200.0, 200.0, 200.0, 200.0, 200.0, 200.0, 200.0, 200.0, 200.0, 200.0, 200.0, 200.0, 200.0, 200.0, 200.0, 200.0, 200.0, 200.0, 200.0, 200.0]",1,942.478,0.00187065,0.0500377,-0.00546558,0.0,"[7.48658, 7.79293, 8.84666, 11.3686, 20.0323, 64.566, 55.6536, 47.2582, 39.6464, 33.0363, 27.5369, 23.121, 19.6564, 16.9654, 13.2439, 10.1237, 8.52418, 7.74488, 7.51352]",0.00179749,"[0.0, 0.0, 0.0, 0.0]",0.346282
0.0,0.00365799,0.0,0.0,-0.942,0.0,1957.56,0.0,94.0,0,"[200.0, 200.0, 200.0, 200.0, 200.0, 200.0, 200.0, 200.0, 200.0, 200.0, 200.0, 200.0, 200.0, 200.0, 200.0, 200.0, 200.0, 200.0, 200.0, 200.0, 200.0, 200.0, 200.0, 200.0, 200.0, 200.0, 200.0, 200.0, 200.0, 200.0, 200.0, 200.0, 200.0, 200.0, 200.0, 200.0]",1,942.478,0.00187065,0.0500377,-0.00546558,0.0,"[7.48658, 7.79293, 8.84666, 11.3686, 20.0323, 64.566, 55.6536, 47.2582, 39.6464, 33.0363, 27.5369, 23.121, 19.6564, 16.9654, 13.2439, 10.1237, 8.52418, 7.74488, 7.51352]",0.00179749,"[0.0, 0.0, 0.0, 0.0]",0.346282
0.0,0.00365799,0.0,0.0,-0.922,0.0,1957.56,0.0,94.0,0,"[200.0, 200.0, 200.0, 200.0, 200.0, 200.0, 200.0, 200.0, 200.0, 200.0, 200.0, 200.0, 200.0, 200.0, 200.0, 200.0, 200.0, 200.0, 200.0, 200.0, 200.0, 200.0, 200.0, 200.0, 200.0, 200.0, 200.0, 200.0, 200.0, 200.0, 200.0, 200.0, 200.0, 200.0, 200.0, 200.0]",1,942.478,0.00187065,0.0500377,-0.00546558,0.0,"[7.48658, 7.79293, 8.84666, 11.3686, 20.0323, 64.566, 55.6536, 47.2582, 39.6464, 33.0363, 27.5369, 23.121, 19.6564, 16.9654, 13.2439, 10.1237, 8.52418, 7.74488, 7.51352]",0.00179749,"[0.0, 0.0, 0.0, 0.0]",0.346282
0.0,0.00365799,0.0,0.0,-0.902,0.0,1957.56,0.0,94.0,0,"[200.0, 200.0, 200.0, 200.0, 200.0, 200.0, 200.0, 200.0, 200.0, 200.0, 200.0, 200.0, 200.0, 200.0, 200.0, 200.0, 200.0, 200.0, 200.0, 200.0, 200.0, 200.0, 200.0, 200.0, 200.0, 200.0, 200.0, 200.0, 200.0, 200.0, 200.0, 200.0, 200.0, 200.0, 200.0, 200.0]",1,942.478,0.00187065,0.0500377,-0.00546558,0.0,"[7.48658, 7.79293, 8.84666, 11.3686, 20.0323, 64.566, 55.6536, 47.2582, 39.6464, 33.0363, 27.5369, 23.121, 19.6564, 16.9654, 13.2439, 10.1237, 8.52418, 7.74488, 7.51352]",0.00179749,"[0.0, 0.0, 0.0, 0.0]",0.346282
0.0,0.00365799,0.0,0.0,-0.882,0.0,1957.56,0.0,94.0,0,"[200.0, 200.0, 200.0, 200.0, 200.0, 200.0, 200.0, 200.0, 200.0, 200.0, 200.0, 200.0, 200.0, 200.0, 200.0, 200.0, 200.0, 200.0, 200.0, 200.0, 200.0, 200.0, 200.0, 200.0, 200.0, 200.0, 200.0, 200.0, 200.0, 200.0, 200.0, 200.0, 200.0, 200.0, 200.0, 200.0]",1,942.478,0.00187065,0.0500377,-0.00546558,0.0,"[7.48658, 7.79293, 8.84666, 11.3686, 20.0323, 64.566, 55.6536, 47.2582, 39.6464, 33.0363, 27.5369, 23.121, 19.6564, 16.9654, 13.2439, 10.1237, 8.52418, 7.74488, 7.51352]",0.00179749,"[0.0, 0.0, 0.0, 0.0]",0.346282
0.0,0.00365799,0.0,0.0,-0.862,0.0,1957.56,0.0,94.0,0,"[200.0, 200.0, 200.0, 200.0, 200.0, 200.0, 200.0, 200.0, 200.0, 200.0, 200.0, 200.0, 200.0, 200.0, 200.0, 200.0, 200.0, 200.0, 200.0, 200.0, 200.0, 200.0, 200.0, 200.0, 200.0, 200.0, 200.0, 200.0, 200.0, 200.0, 200.0, 200.0, 200.0, 200.0, 200.0, 200.0]",1,942.478,0.00187065,0.0500377,-0.00546558,0.0,"[7.48658, 7.79293, 8.84666, 11.3686, 20.0323, 64.566, 55.6536, 47.2582, 39.6464, 33.0363, 27.5369, 23.121, 19.6564, 16.9654, 13.2439, 10.1237, 8.52418, 7.74488, 7.51352]",0.00179749,"[0.0, 0.0, 0.0, 0.0]",0.346282
0.0,0.00365799,0.0,0.0,-0.842,0.0,1957.56,0.0,94.0,0,"[200.0, 200.0, 200.0, 200.0, 200.0, 200.0, 200.0, 200.0, 200.0, 200.0, 200.0, 200.0, 200.0, 200.0, 200.0, 200.0, 200.0, 200.0, 200.0, 200.0, 200.0, 200.0, 200.0, 200.0, 200.0, 200.0, 200.0, 200.0, 200.0, 200.0, 200.0, 200.0, 200.0, 200.0, 200.0, 200.0]",1,942.478,0.00187065,0.0500377,-0.00546558,0.0,"[7.48658, 7.79293, 8.84666, 11.3686, 20.0323, 64.566, 55.6536, 47.2582, 39.6464, 33.0363, 27.5369, 23.121, 19.6564, 16.9654, 13.2439, 10.1237, 8.52418, 7.74488, 7.51352]",0.00179749,"[0.0, 0.0, 0.0, 0.0]",0.346282
0.0,0.00365799,0.0,0.0,-0.822,0.0,1957.56,0.0,94.0,0,"[200.0, 200.0, 200.0, 200.0, 200.0, 200.0, 200.0, 200.0, 200.0, 200.0, 200.0, 200.0, 200.0, 200.0, 200.0, 200.0, 200.0, 200.0, 200.0, 200.0, 200.0, 200.0, 200.0, 200.0, 200.0, 200.0, 200.0, 200.0, 200.0, 200.0, 200.0, 200.0, 200.0, 200.0, 200.0, 200.0]",1,942.478,0.00187065,0.0500377,-0.00546558,0.0,"[7.48658, 7.79293, 8.84666, 11.3686, 20.0323, 64.566, 55.6536, 47.2582, 39.6464, 33.0363, 27.5369, 23.121, 19.6564, 16.9654, 13.2439, 10.1237, 8.52418, 7.74488, 7.51352]",0.00179749,"[0.0, 0.0, 0.0, 0.0]",0.346282
0.0,0.00365799,0.0,0.0,-0.802,0.0,1957.56,0.0,94.0,0,"[200.0, 200.0, 200.0, 200.0, 200.0, 200.0, 200.0, 200.0, 200.0, 200.0, 200.0, 200.0, 200.0, 200.0, 200.0, 200.0, 200.0, 200.0, 200.0, 200.0, 200.0, 200.0, 200.0, 200.0, 200.0, 200.0, 200.0, 200.0, 200.0, 200.0, 200.0, 200.0, 200.0, 200.0, 200.0, 200.0]",1,942.478,0.00187065,0.0500377,-0.00546558,0.0,"[7.48658, 7.79293, 8.84666, 11.3686, 20.0323, 64.566, 55.6536, 47.2582, 39.6464, 33.0363, 27.5369, 23.121, 19.6564, 16.9654, 13.2439, 10.1237, 8.52418, 7.74488, 7.51352]",0.00179749,"[0.0, 0.0, 0.0, 0.0]",0.346282
0.0,0.00365799,0.0,0.0,-0.782,0.0,1957.56,0.0,94.0,0,"[200.0, 200.0, 200.0, 200.0, 200.0, 200.0, 200.0, 200.0, 200.0, 200.0, 200.0, 200.0, 200.0, 200.0, 200.0, 200.0, 200.0, 200.0, 200.0, 200.0, 200.0, 200.0, 200.0, 200.0, 200.0, 200.0, 200.0, 200.0, 200.0, 200.0, 200.0, 200.0, 200.0, 200.0, 200.0, 200.0]",1,942.478,0.00187065,0.0500377,-0.00546558,0.0,"[7.48658, 7.79293, 8.84666, 11.3686, 20.0323, 64.566, 55.6536, 47.2582, 39.6464, 33.0363, 27.5369, 23.121, 19.6564, 16.9654, 13.2439, 10.1237, 8.52418, 7.74488, 7.51352]",0.00179749,"[0.0, 0.0, 0.0, 0.0]",0.346282
0.0,0.00365799,0.0,0.0,-0.762,0.0,1957.56,0.0,94.0,0,"[200.0, 200.0, 200.0, 200.0, 200.0, 200.0, 200.0, 200.0, 200.0, 200.0, 200.0, 200.0, 200.0, 200.0, 200.0, 200.0, 200.0, 200.0, 200.0, 200.0, 200.0, 200.0, 200.0, 200.0, 200.0, 200.0, 200.0, 200.0, 200.0, 200.0, 200.0, 200.0, 200.0, 200.0, 200.0, 200.0]",1,942.478,0.00187065,0.0500377,-0.00546558,0.0,"[7.48658, 7.79293, 8.84666, 11.3686, 20.0323, 64.566, 55.6536, 47.2582, 39.6464, 33.0363, 27.5369, 23.121, 19.6564, 16.9654, 13.2439, 10.1237, 8.52418, 7.74488, 7.51352]",0.00179749,"[0.0, 0.0, 0.0, 0.0]",0.346282
0.0,0.00365799,0.0,0.0,-0.742,0.0,1957.56,0.0,94.0,0,"[200.0, 200.0, 200.0, 200.0, 200.0, 200.0, 200.0, 200.0, 200.0, 200.0, 200.0, 200.0, 200.0, 200.0, 200.0, 200.0, 200.0, 200.0, 200.0, 200.0, 200.0, 200.0, 200.0, 200.0, 200.0, 200.0, 200.0, 200.0, 200.0, 200.0, 200.0, 200.0, 200.0, 200.0, 200.0, 200.0]",1,942.478,0.00187065,0.0500377,-0.00546558,0.0,"[7.48658, 7.79293, 8.84666, 11.3686, 20.0323, 64.566, 55.6536, 47.2582, 39.6464, 33.0363, 27.5369, 23.121, 19.6564, 16.9654, 13.2439, 10.1237, 8.52418, 7.74488, 7.51352]",0.00179749,"[0.0, 0.0, 0.0, 0.0]",0.346282
0.0,0.00365799,0.0,0.0,-0.722,0.0,1957.56,0.0,94.0,0,"[200.0, 200.0, 200.0, 200.0, 200.0, 200.0, 200.0, 200.0, 200.0, 200.0, 200.0, 200.0, 200.0, 200.0, 200.0, 200.0, 200.0, 200.0, 200.0, 200.0, 200.0, 200.0, 200.0, 200.0, 200.0, 200.0, 200.0, 200.0, 200.0, 200.0, 200.0, 200.0, 200.0, 200.0, 200.0, 200.0]",1,942.478,0.00187065,0.0500377,-0.00546558,0.0,"[7.48658, 7.79293, 8.84666, 11.3686, 20.0323, 64.566, 55.6536, 47.2582, 39.6464, 33.0363, 27.5369, 23.121, 19.6564, 16.9654, 13.2439, 10.1237, 8.52418, 7.74488, 7.51352]",0.00179749,"[0.0, 0.0, 0.0, 0.0]",0.346282
0.0,0.00365799,0.0,0.0,-0.702,0.0,1957.56,0.0,94.0,0,"[200.0, 200.0, 200.0, 200.0, 200.0, 200.0, 200.0, 200.0, 200.0, 200.0, 200.0, 200.0, 200.0, 200.0, 200.0, 200.0, 200.0, 200.0, 200.0, 200.0, 200.0, 200.0, 200.0, 200.0, 200.0, 200.0, 200.0, 200.0, 200.0, 200.0, 200.0, 200.0, 200.0, 200.0, 200.0, 200.0]",1,942.478,0.00187065,0.0500377,-0.00546558,0.0,"[7.48658, 7.79293, 8.84666, 11.3686, 20.0323, 64.566, 55.6536, 47.2582, 39.6464, 33.0363, 27.5369, 23.121, 19.6564, 16.9654, 13.2439, 10.1237, 8.52418, 7.74488, 7.51352]",0.00179749,"[0.0, 0.0, 0.0, 0.0]",0.346282
0.0,0.00365799,0.0,0.0,-0.682,0.0,1957.56,0.0,94.0,0,"[200.0, 200.0, 200.0, 200.0, 200.0, 200.0, 200.0, 200.0, 200.0, 200.0, 200.0, 200.0, 200.0, 200.0, 200.0, 200.0, 200.0, 200.0, 200.0, 200.0, 200.0, 200.0, 200.0, 200.0, 200.0, 200.0, 200.0, 200.0, 200.0, 200.0, 200.0, 200.0, 200.0, 200.0, 200.0, 200.0]",1,942.478,0.00187065,0.0500377,-0.00546558,0.0,"[7.48658, 7.79293, 8.84666, 11.3686, 20.0323, 64.566, 55.6536, 47.2582, 39.6464, 33.0363, 27.5369, 23.121, 19.6564, 16.9654, 13.2439, 10.1237, 8.52418, 7.74488, 7.51352]",0.00179749,"[0.0, 0.0, 0.0, 0.0]",0.346282
0.0,0.00365799,0.0,0.0,-0.662,0.0,1957.56,0.0,94.0,0,"[200.0, 200.0, 200.0, 200.0, 200.0, 200.0, 200.0, 200.0, 200.0, 200.0, 200.0, 200.0, 200.0, 200.0, 200.0, 200.0, 200.0, 200.0, 200.0, 200.0, 200.0, 200.0, 200.0, 200.0, 200.0, 200.0, 200.0, 200.0, 200.0, 200.0, 200.0, 200.0, 200.0, 200.0, 200.0, 200.0]",1,942.478,0.00187065,0.0500377,-0.00546558,0.0,"[7.48658, 7.79293, 8.84666, 11.3686, 20.0323, 64.566, 55.6536, 47.2582, 39.6464, 33.0363, 27.5369, 23.121, 19.6564, 16.9654, 13.2439, 10.1237, 8.52418, 7.74488, 7.51352]",0.00179749,"[0.0, 0.0, 0.0, 0.0]",0.346282
0.0,0.00365799,0.0,0.0,-0.642,0.0,1957.56,0.0,94.0,0,"[200.0, 200.0, 200.0, 200.0, 200.0, 200.0, 200.0, 200.0, 200.0, 200.0, 200.0, 200.0, 200.0, 200.0, 200.0, 200.0, 200.0, 200.0, 200.0, 200.0, 200.0, 200.0, 200.0, 200.0, 200.0, 200.0, 200.0, 200.0, 200.0, 200.0, 200.0, 200.0, 200.0, 200.0, 200.0, 200.0]",1,942.478,0.00187065,0.0500377,-0.00546558,0.0,"[7.48658, 7.79293, 8.84666, 11.3686, 20.0323, 64.566, 55.6536, 47.2582, 39.6464, 33.0363, 27.5369, 23.121, 19.6564, 16.9654, 13.2439, 10.1237, 8.52418, 7.74488, 7.51352]",0.00179749,"[0.0, 0.0, 0.0, 0.0]",0.346282
0.0,0.00365799,0.0,0.0,-0.622,0.0,1957.56,0.0,94.0,0,"[200.0, 200.0, 200.0, 200.0, 200.0, 200.0, 200.0, 200.0, 200.0, 200.0, 200.0, 200.0, 200.0, 200.0, 200.0, 200.0, 200.0, 200.0, 200.0, 200.0, 200.0, 200.0, 200.0, 200.0, 200.0, 200.0, 200.0, 200.0, 200.0, 200.0, 200.0, 200.0, 200.0, 200.0, 200.0, 200.0]",1,942.478,0.00187065,0.0500377,-0.00546558,0.0,"[7.48658, 7.79293, 8.84666, 11.3686, 20.0323, 64.566, 55.6536, 47.2582, 39.6464, 33.0363, 27.5369, 23.121, 19.6564, 16.9654, 13.2439, 10.1237, 8.52418, 7.74488, 7.51352]",0.00179749,"[0.0, 0.0, 0.0, 0.0]",0.346282
0.0,0.00365799,0.0,0.0,-0.602,0.0,1957.56,0.0,94.0,0,"[200.0, 200.0, 200.0, 200.0, 200.0, 200.0, 200.0, 200.0, 200.0, 200.0, 200.0, 200.0, 200.0, 200.0, 200.0, 200.0, 200.0, 200.0, 200.0, 200.0, 200.0, 200.0, 200.0, 200.0, 200.0, 200.0, 200.0, 200.0, 200.0, 200.0, 200.0, 200.0, 200.0, 200.0, 200.0, 200.0]",1,942.478,0.00187065,0.0500377,-0.00546558,0.0,"[7.48658, 7.79293, 8.84666, 11.3686, 20.0323, 64.566, 55.6536, 47.2582, 39.6464, 33.0363, 27.5369, 23.121, 19.6564, 16.9654, 13.2439, 10.1237, 8.52418, 7.74488, 7.51352]",0.00179749,"[0.0, 0.0, 0.0, 0.0]",0.346282
0.0,0.00365799,0.0,0.0,-0.582,0.0,1957.56,0.0,94.0,0,"[200.0, 200.0, 200.0, 200.0, 200.0, 200.0, 200.0, 200.0, 200.0, 200.0, 200.0, 200.0, 200.0, 200.0, 200.0, 200.0, 200.0, 200.0, 200.0, 200.0, 200.0, 200.0, 200.0, 200.0, 200.0, 200.0, 200.0, 200.0, 200.0, 200.0, 200.0, 200.0, 200.0, 200.0, 200.0, 200.0]",1,942.478,0.00187065,0.0500377,-0.00546558,0.0,"[7.48658, 7.79293, 8.84666, 11.3686, 20.0323, 64.566, 55.6536, 47.2582, 39.6464, 33.0363, 27.5369, 23.121, 19.6564, 16.9654, 13.2439, 10.1237, 8.52418, 7.74488, 7.51352]",0.00179749,"[0.0, 0.0, 0.0, 0.0]",0.346282
0.0,0.00365799,0.0,0.0,-0.562,0.0,1957.56,0.0,94.0,0,"[200.0, 200.0, 200.0, 200.0, 200.0, 200.0, 200.0, 200.0, 200.0, 200.0, 200.0, 200.0, 200.0, 200.0, 200.0, 200.0, 200.0, 200.0, 200.0, 200.0, 200.0, 200.0, 200.0, 200.0, 200.0, 200.0, 200.0, 200.0, 200.0, 200.0, 200.0, 200.0, 200.0, 200.0, 200.0, 200.0]",1,942.478,0.00187065,0.0500377,-0.00546558,0.0,"[7.48658, 7.79293, 8.84666, 11.3686, 20.0323, 64.566, 55.6536, 47.2582, 39.6464, 33.0363, 27.5369, 23.121, 19.6564, 16.9654, 13.2439, 10.1237, 8.52418, 7.74488, 7.51352]",0.00179749,"[0.0, 0.0, 0.0, 0.0]",0.346282
0.0,0.00365799,0.0,0.0,-0.542,0.0,1957.56,0.0,94.0,0,"[200.0, 200.0, 200.0, 200.0, 200.0, 200.0, 200.0, 200.0, 200.0, 200.0, 200.0, 200.0, 200.0, 200.0, 200.0, 200.0, 200.0, 200.0, 200.0, 200.0, 200.0, 200.0, 200.0, 200.0, 200.0, 200.0, 200.0, 200.0, 200.0, 200.0, 200.0, 200.0, 200.0, 200.0, 200.0, 200.0]",1,942.478,0.00187065,0.0500377,-0.00546558,0.0,"[7.48658, 7.79293, 8.84666, 11.3686, 20.0323, 64.566, 55.6536, 47.2582, 39.6464, 33.0363, 27.5369, 23.121, 19.6564, 16.9654, 13.2439, 10.1237, 8.52418, 7.74488, 7.51352]",0.00179749,"[0.0, 0.0, 0.0, 0.0]",0.346282
0.0,0.00365799,0.0,0.0,-0.522,0.0,1957.56,0.0,94.0,0,"[200.0, 200.0, 200.0, 200.0, 200.0, 200.0, 200.0, 200.0, 200.0, 200.0, 200.0, 200.0, 200.0, 200.0, 200.0, 200.0, 200.0, 200.0, 200.0, 200.0, 200.0, 200.0, 200.0, 200.0, 200.0, 200.0, 200.0, 200.0, 200.0, 200.0, 200.0, 200.0, 200.0, 200.0, 200.0, 200.0]",1,942.478,0.00187065,0.0500377,-0.00546558,0.0,"[7.48658, 7.79293, 8.84666, 11.3686, 20.0323, 64.566, 55.6536, 47.2582, 39.6464, 33.0363, 27.5369, 23.121, 19.6564, 16.9654, 13.2439, 10.1237, 8.52418, 7.74488, 7.51352]",0.00179749,"[0.0, 0.0, 0.0, 0.0]",0.346282
0.0,0.00365799,0.0,0.0,-0.502,0.0,1957.56,0.0,94.0,0,"[200.0, 200.0, 200.0, 200.0, 200.0, 200.0, 200.0, 200.0, 200.0, 200.0, 200.0, 200.0, 200.0, 200.0, 200.0, 200.0, 200.0, 200.0, 200.0, 200.0, 200.0, 200.0, 200.0, 200.0, 200.0, 200.0, 200.0, 200.0, 200.0, 200.0, 200.0, 200.0, 200.0, 200.0, 200.0, 200.0]",1,942.478,0.00187065,0.0500377,-0.00546558,0.0,"[7.48658, 7.79293, 8.84666, 11.3686, 20.0323, 64.566, 55.6536, 47.2582, 39.6464, 33.0363, 27.5369, 23.121, 19.6564, 16.9654, 13.2439, 10.1237, 8.52418, 7.74488, 7.51352]",0.00179749,"[0.0, 0.0, 0.0, 0.0]",0.346282
0.0,0.00365799,0.0,0.0,-0.482,0.0,1957.56,0.0,94.0,0,"[200.0, 200.0, 200.0, 200.0, 200.0, 200.0, 200.0, 200.0, 200.0, 200.0, 200.0, 200.0, 200.0, 200.0, 200.0, 200.0, 200.0, 200.0, 200.0, 200.0, 200.0, 200.0, 200.0, 200.0, 200.0, 200.0, 200.0, 200.0, 200.0, 200.0, 200.0, 200.0, 200.0, 200.0, 200.0, 200.0]",1,942.478,0.00187065,0.0500377,-0.00546558,0.0,"[7.48658, 7.79293, 8.84666, 11.3686, 20.0323, 64.566, 55.6536, 47.2582, 39.6464, 33.0363, 27.5369, 23.121, 19.6564, 16.9654, 13.2439, 10.1237, 8.52418, 7.74488, 7.51352]",0.00179749,"[0.0, 0.0, 0.0, 0.0]",0.346282
0.0,0.00365799,0.0,0.0,-0.462,0.0,1957.56,0.0,94.0,0,"[200.0, 200.0, 200.0, 200.0, 200.0, 200.0, 200.0, 200.0, 200.0, 200.0, 200.0, 200.0, 200.0, 200.0, 200.0, 200.0, 200.0, 200.0, 200.0, 200.0, 200.0, 200.0, 200.0, 200.0, 200.0, 200.0, 200.0, 200.0, 200.0, 200.0, 200.0, 200.0, 200.0, 200.0, 200.0, 200.0]",1,942.478,0.00187065,0.0500377,-0.00546558,0.0,"[7.48658, 7.79293, 8.84666, 11.3686, 20.0323, 64.566, 55.6536, 47.2582, 39.6464, 33.0363, 27.5369, 23.121, 19.6564, 16.9654, 13.2439, 10.1237, 8.52418, 7.74488, 7.51352]",0.00179749,"[0.0, 0.0, 0.0, 0.0]",0.346282
0.0,0.00365799,0.0,0.0,-0.442,0.0,1957.56,0.0,94.0,0,"[200.0, 200.0, 200.0, 200.0, 200.0, 200.0, 200.0, 200.0, 200.0, 200.0, 200.0, 200.0, 200.0, 200.0, 200.0, 200.0, 200.0, 200.0, 200.0, 200.0, 200.0, 200.0, 200.0, 200.0, 200.0, 200.0, 200.0, 200.0, 200.0, 200.0, 200.0, 200.0, 200.0, 200.0, 200.0, 200.0]",1,942.478,0.00187065,0.0500377,-0.00546558,0.0,"[7.48658, 7.79293, 8.84666, 11.3686, 20.0323, 64.566, 55.6536, 47.2582, 39.6464, 33.0363, 27.5369, 23.121, 19.6564, 16.9654, 13.2439, 10.1237, 8.52418, 7.74488, 7.51352]",0.00179749,"[0.0, 0.0, 0.0, 0.0]",0.346282
0.0,0.00365799,0.0,0.0,-0.422,0.0,1957.56,0.0,94.0,0,"[200.0, 200.0, 200.0, 200.0, 200.0, 200.0, 200.0, 200.0, 200.0, 200.0, 200.0, 200.0, 200.0, 200.0, 200.0, 200.0, 200.0, 200.0, 200.0, 200.0, 200.0, 200.0, 200.0, 200.0, 200.0, 200.0, 200.0, 200.0, 200.0, 200.0, 200.0, 200.0, 200.0, 200.0, 200.0, 200.0]",1,942.478,0.00187065,0.0500377,-0.00546558,0.0,"[7.48658, 7.79293, 8.84666, 11.3686, 20.0323, 64.566, 55.6536, 47.2582, 39.6464, 33.0363, 27.5369, 23.121, 19.6564, 16.9654, 13.2439, 10.1237, 8.52418, 7.74488, 7.51352]",0.00179749,"[0.0, 0.0, 0.0, 0.0]",0.346282
0.0,0.00365799,0.0,0.0,-0.402,0.0,1957.56,0.0,94.0,0,"[200.0, 200.0, 200.0, 200.0, 200.0, 200.0, 200.0, 200.0, 200.0, 200.0, 200.0, 200.0, 200.0, 200.0, 200.0, 200.0, 200.0, 200.0, 200.0, 200.0, 200.0, 200.0, 200.0, 200.0, 200.0, 200.0, 200.0, 200.0, 200.0, 200.0, 200.0, 200.0, 200.0, 200.0, 200.0, 200.0]",1,942.478,0.00187065,0.0500377,-0.00546558,0.0,"[7.48658, 7.79293, 8.84666, 11.3686, 20.0323, 64.566, 55.6536, 47.2582, 39.6464, 33.0363, 27.5369, 23.121, 19.6564, 16.9654, 13.2439, 10.1237, 8.52418, 7.74488, 7.51352]",0.00179749,"[0.0, 0.0, 0.0, 0.0]",0.346282
0.0,0.00365799,0.0,0.0,-0.382,0.0,1957.56,0.0,94.0,0,"[200.0, 200.0, 200.0, 200.0, 200.0, 200.0, 200.0, 200.0, 200.0, 200.0, 200.0, 200.0, 200.0, 200.0, 200.0, 200.0, 200.0, 200.0, 200.0, 200.0, 200.0, 200.0, 200.0, 200.0, 200.0, 200.0, 200.0, 200.0, 200.0, 200.0, 200.0, 200.0, 200.0, 200.0, 200.0, 200.0]",1,942.478,0.00187065,0.0500377,-0.00546558,0.0,"[7.48658, 7.79293, 8.84666, 11.3686, 20.0323, 64.566, 55.6536, 47.2582, 39.6464, 33.0363, 27.5369, 23.121, 19.6564, 16.9654, 13.2439, 10.1237, 8.52418, 7.74488, 7.51352]",0.00179749,"[0.0, 0.0, 0.0, 0.0]",0.346282
0.0,0.00365799,0.0,0.0,-0.362,0.0,1957.56,0.0,94.0,0,"[200.0, 200.0, 200.0, 200.0, 200.0, 200.0, 200.0, 200.0, 200.0, 200.0, 200.0, 200.0, 200.0, 200.0, 200.0, 200.0, 200.0, 200.0, 200.0, 200.0, 200.0, 200.0, 200.0, 200.0, 200.0, 200.0, 200.0, 200.0, 200.0, 200.0, 200.0, 200.0, 200.0, 200.0, 200.0, 200.0]",1,942.478,0.00187065,0.0500377,-0.00546558,0.0,"[7.48658, 7.79293, 8.84666, 11.3686, 20.0323, 64.566, 55.6536, 47.2582, 39.6464, 33.0363, 27.5369, 23.121, 19.6564, 16.9654, 13.2439, 10.1237, 8.52418, 7.74488, 7.51352]",0.00179749,"[0.0, 0.0, 0.0, 0.0]",0.346282
0.0,0.00365799,0.0,0.0,-0.342,0.0,1957.56,0.0,94.0,0,"[200.0, 200.0, 200.0, 200.0, 200.0, 200.0, 200.0, 200.0, 200.0, 200.0, 200.0, 200.0, 200.0, 200.0, 200.0, 200.0, 200.0, 200.0, 200.0, 200.0, 200.0, 200.0, 200.0, 200.0, 200.0, 200.0, 200.0, 200.0, 200.0, 200.0, 200.0, 200.0, 200.0, 200.0, 200.0, 200.0]",1,942.478,0.00187065,0.0500377,-0.00546558,0.0,"[7.48658, 7.79293, 8.84666, 11.3686, 20.0323, 64.566, 55.6536, 47.2582, 39.6464, 33.0363, 27.5369, 23.121, 19.6564, 16.9654, 13.2439, 10.1237, 8.52418, 7.74488, 7.51352]",0.00179749,"[0.0, 0.0, 0.0, 0.0]",0.346282
1.0,0.00365799,0.0,0.0,-0.322,0.0,1957.56,0.0,94.0,0,"[200.0, 200.0, 200.0, 200.0, 200.0, 200.0, 200.0, 200.0, 200.0, 200.0, 200.0, 200.0, 200.0, 200.0, 200.0, 200.0, 200.0, 200.0, 200.0, 200.0, 200.0, 200.0, 200.0, 200.0, 200.0, 200.0, 200.0, 200.0, 200.0, 200.0, 200.0, 200.0, 200.0, 200.0, 200.0, 200.0]",1,1100.33,0.00187065,0.0500377,-0.00546558,0.0,"[7.48658, 7.79293, 8.84666, 11.3686, 20.0323, 64.566, 55.6536, 47.2582, 39.6464, 33.0363, 27.5369, 23.121, 19.6564, 16.9654, 13.2439, 10.1237, 8.52418, 7.74488, 7.51352]",0.00179749,"[0.0, 0.0, 0.0, 0.0]",0.346282
1.0,0.00365799,0.0,0.0,-0.302,0.0,1957.56,0.0,93.9999,0,"[200.0, 200.0, 200.0, 200.0, 200.0, 200.0, 200.0, 200.0, 200.0, 200.0, 200.0, 200.0, 200.0, 200.0, 200.0, 200.0, 200.0, 200.0, 200.0, 200.0, 200.0, 200.0, 200.0, 200.0, 200.0, 200.0, 200.0, 200.0, 200.0, 200.0, 200.0, 200.0, 200.0, 200.0, 200.0, 200.0]",1,1263.95,0.00187065,0.0500377,-0.00546558,0.0,"[7.48658, 7.79293, 8.84666, 11.3686, 20.0323, 64.566, 55.6536, 47.2582, 39.6464, 33.0363, 27.5369, 23.121, 19.6564, 16.9654, 13.2439, 10.1237, 8.52418, 7.74488, 7.51352]",0.00179749,"[0.0, 0.0, 0.0, 0.0]",0.346282
1.0,0.00365799,0.0,0.0,-0.282,0.0,1957.56,0.0,93.9998,0,"[200.0, 200.0, 200.0, 200.0, 200.0, 200.0, 200.0, 200.0, 200.0, 200.0, 200.0, 200.0, 200.0, 200.0, 200.0, 200.0, 200.0, 200.0, 200.0, 200.0, 200.0, 200.0, 200.0, 200.0, 200.0, 200.0, 200.0, 200.0, 200.0, 200.0, 200.0, 200.0, 200.0, 200.0, 200.0, 200.0]",1,1432.32,0.00187065,0.0500377,-0.00546558,0.0,"[7.48658, 7.79293, 8.84666, 11.3686, 20.0323, 64.566, 55.6536, 47.2582, 39.6464, 33.0363, 27.5369, 23.121, 19.6564, 16.9654, 13.2439, 10.1237, 8.52418, 7.74488, 7.51352]",0.00179749,"[0.0, 0.0, 0.0, 0.0]",0.346282
1.0,0.00365799,0.0,0.0,-0.262,0.0,1957.56,0.0,93.9997,0,"[200.0, 200.0, 200.0, 200.0, 200.0, 200.0, 200.0, 200.0, 200.0, 200.0, 200.0, 200.0, 200.0, 200.0, 200.0, 200.0, 200.0, 200.0, 200.0, 200.0, 200.0, 200.0, 200.0, 200.0, 200.0, 200.0, 200.0, 200.0, 200.0, 200.0, 200.0, 200.0, 200.0, 200.0, 200.0, 200.0]",1,1605.57,0.00187065,0.0500377,-0.00546558,0.0,"[7.48658, 7.79293, 8.84666, 11.3686, 20.0323, 64.566, 55.6536, 47.2582, 39.6464, 33.0363, 27.5369, 23.121, 19.6564, 16.9654, 13.2439, 10.1237, 8.52418, 7.74488, 7.51352]",0.00179749,"[0.0, 0.0, 0.0, 0.0]",0.346282
1.0,0.00365799,0.0,0.0,-0.242,0.0,1957.56,0.0,93.9997,0,"[200.0, 200.0, 200.0, 200.0, 200.0, 200.0, 200.0, 200.0, 200.0, 200.0, 200.0, 200.0, 200.0, 200.0, 200.0, 200.0, 200.0, 200.0, 200.0, 200.0, 200.0, 200.0, 200.0, 200.0, 200.0, 200.0, 200.0, 200.0, 200.0, 200.0, 200.0, 200.0, 200.0, 200.0, 200.0, 200.0]",1,1783.85,0.00187065,0.0500377,-0.00546558,0.0,"[7.48658, 7.79293, 8.84666, 11.3686, 20.0323, 64.566, 55.6536, 47.2582, 39.6464, 33.0363, 27.5369, 23.121, 19.6564, 16.9654, 13.2439, 10.1237, 8.52418, 7.74488, 7.51352]",0.00179749,"[0.0, 0.0, 0.0, 0.0]",0.346282
1.0,0.00365799,0.0,0.0,-0.222,0.0,1957.56,0.0,93.9996,0,"[200.0, 200.0, 200.0, 200.0, 200.0, 200.0, 200.0, 200.0, 200.0, 200.0, 200.0, 200.0, 200.0, 200.0, 200.0, 200.0, 200.0, 200.0, 200.0, 200.0, 200.0, 200.0, 200.0, 200.0, 200.0, 200.0, 200.0, 200.0, 200.0, 200.0, 200.0, 200.0, 200.0, 200.0, 200.0, 200.0]",1,1967.31,0.00187065,0.0500377,-0.00546558,0.0,"[7.48658, 7.79293, 8.84666, 11.3686, 20.0323, 64.566, 55.6536, 47.2582, 39.6464, 33.0363, 27.5369, 23.121, 19.6564, 16.9654, 13.2439, 10.1237, 8.52418, 7.74488, 7.51352]",0.00179749,"[0.0, 0.0, 0.0, 0.0]",0.346282
1.0,0.00365799,0.0,0.0,-0.202,0.0,1957.56,0.0,93.9995,0,"[200.0, 200.0, 200.0, 200.0, 200.0, 200.0, 200.0, 200.0, 200.0, 200.0, 200.0, 200.0, 200.0, 200.0, 200.0, 200.0, 200.0, 200.0, 200.0, 200.0, 200.0, 200.0, 200.0, 200.0, 200.0, 200.0, 200.0, 200.0, 200.0, 200.0, 200.0, 200.0, 200.0, 200.0, 200.0, 200.0]",1,2156.5,0.00187065,0.0500377,-0.00546558,0.0,"[7.48658, 7.79293, 8.84666, 11.3686, 20.0323, 64.566, 55.6536, 47.2582, 39.6464, 33.0363, 27.5369, 23.121, 19.6564, 16.9654, 13.2439, 10.1237, 8.52418, 7.74488, 7.51352]",0.00179749,"[0.0, 0.0, 0.0, 0.0]",0.346282
1.0,0.00365799,0.0,0.0,-0.182,0.0,1957.56,0.0,93.9994,0,"[200.0, 200.0, 200.0, 200.0, 200.0, 200.0, 200.0, 200.0, 200.0, 200.0, 200.0, 200.0, 200.0, 200.0, 200.0, 200.0, 200.0, 200.0, 200.0, 200.0, 200.0, 200.0, 200.0, 200.0, 200.0, 200.0, 200.0, 200.0, 200.0, 200.0, 200.0, 200.0, 200.0, 200.0, 200.0, 200.0]",1,2359.56,0.00187065,0.0500377,-0.00546558,0.0,"[7.48658, 7.79293, 8.84666, 11.3686, 20.0323, 64.566, 55.6536, 47.2582, 39.6464, 33.0363, 27.5369, 23.121, 19.6564, 16.9654, 13.2439, 10.1237, 8.52418, 7.74488, 7.51352]",0.00179749,"[0.0, 0.0, 0.0, 0.0]",0.346282
1.0,0.00365799,0.0,0.0,-0.162,0.0,1957.56,0.0,93.9993,0,"[200.0, 200.0, 200.0, 200.0, 200.0, 200.0, 200.0, 200.0, 200.0, 200.0, 200.0, 200.0, 200.0, 200.0, 200.0, 200.0, 200.0, 200.0, 200.0, 200.0, 200.0, 200.0, 200.0, 200.0, 200.0, 200.0, 200.0, 200.0, 200.0, 200.0, 200.0, 200.0, 200.0, 200.0, 200.0, 200.0]",1,2580.78,0.00187065,0.0500377,-0.00546558,0.0,"[7.48658, 7.79293, 8.84666, 11.3686, 20.0323, 64.566, 55.6536, 47.2582, 39.6464, 33.0363, 27.5369, 23.121, 19.6564, 16.9654, 13.2439, 10.1237, 8.52418, 7.74488, 7.51352]",0.00179749,"[0.0, 0.0, 0.0, 0.0]",0.346282
1.0,0.00365799,0.0,0.0,-0.142,0.0,1957.56,0.0,93.9991,0,"[200.0, 200.0, 200.0, 200.0, 200.0, 200.0, 200.0, 200.0, 200.0, 200.0, 200.0, 200.0, 200.0, 200.0, 200.0, 200.0, 200.0, 200.0, 200.0, 200.0, 200.0, 200.0, 200.0, 200.0, 200.0, 200.0, 200.0, 200.0, 200.0, 200.0, 200.0, 200.0, 200.0, 200.0, 200.0, 200.0]",1,2821.75,0.00187065,0.0500377,-0.00546558,0.0,"[7.48658, 7.79293, 8.84666, 11.3686, 20.0323, 64.566, 55.6536, 47.2582, 39.6464, 33.0363, 27.5369, 23.121, 19.6564, 16.9654, 13.2439, 10.1237, 8.52418, 7.74488, 7.51352]",0.00179749,"[0.0, 0.0, 0.0, 0.0]",0.346282
1.0,0.00365799,0.0,0.0,-0.122,0.0,1957.56,0.0,93.9989,0,"[200.0, 200.0, 200.0, 200.0, 200.0, 200.0, 200.0, 200.0, 200.0, 200.0, 200.0, 200.0, 200.0, 200.0, 200.0, 200.0, 200.0, 200.0, 200.0, 200.0, 200.0, 200.0, 200.0, 200.0, 200.0, 200.0, 200.0, 200.0, 200.0, 200.0, 200.0, 200.0, 200.0, 200.0, 200.0, 200.0]",1,3084.25,0.00187065,0.0500377,-0.00546558,0.0,"[7.48658, 7.79293, 8.84666, 11.3686, 20.0323, 64.566, 55.6536, 47.2582, 39.6464, 33.0363, 27.5369, 23.121, 19.6564, 16.9654, 13.2439, 10.1237, 8.52418, 7.74488, 7.51352]",0.00179749,"[0.0, 0.0, 0.0, 0.0]",0.346282
1.0,0.00365799,0.0,0.0,-0.102,0.0,1957.56,0.0,93.9987,0,"[200.0, 200.0, 200.0, 200.0, 200.0, 200.0, 200.0, 200.0, 200.0, 200.0, 200.0, 200.0, 200.0, 200.0, 200.0, 200.0, 200.0, 200.0, 200.0, 200.0, 200.0, 200.0, 200.0, 200.0, 200.0, 200.0, 200.0, 200.0, 200.0, 200.0, 200.0, 200.0, 200.0, 200.0, 200.0, 200.0]",1,3368.7,0.00187065,0.0500377,-0.00546558,0.0,"[7.48658, 7.79293, 8.84666, 11.3686, 20.0323, 64.566, 55.6536, 47.2582, 39.6464, 33.0363, 27.5369, 23.121, 19.6564, 16.9654, 13.2439, 10.1237, 8.52418, 7.74488, 7.51352]",0.00179749,"[0.0, 0.0, 0.0, 0.0]",0.346282
1.0,0.00365799,0.0,0.0,-0.082,0.0,1957.56,0.0,93.9985,0,"[200.0, 200.0, 200.0, 200.0, 200.0, 200.0, 200.0, 200.0, 200.0, 200.0, 200.0, 200.0, 200.0, 200.0, 200.0, 200.0, 200.0, 200.0, 200.0, 200.0, 200.0, 200.0, 200.0, 200.0, 200.0, 200.0, 200.0, 200.0, 200.0, 200.0, 200.0, 200.0, 200.0, 200.0, 200.0, 200.0]",1,3672.92,0.00187065,0.0500377,-0.00546558,0.0,"[7.48658, 7.79293, 8.84666, 11.3686, 20.0323, 64.566, 55.6536, 47.2582, 39.6464, 33.0363, 27.5369, 23.121, 19.6564, 16.9654, 13.2439, 10.1237, 8.52418, 7.74488, 7.51352]",0.00179749,"[0.0, 0.0, 0.0, 0.0]",0.346282
1.0,0.00365799,0.0,0.0,-0.062,0.0,1957.56,0.0,93.9982,0,"[200.0, 200.0, 200.0, 200.0, 200.0, 200.0, 200.0, 200.0, 200.0, 200.0, 200.0, 200.0, 200.0, 200.0, 200.0, 200.0, 200.0, 200.0, 200.0, 200.0, 200.0, 200.0, 200.0, 200.0, 200.0, 200.0, 200.0, 200.0, 200.0, 200.0, 200.0, 200.0, 200.0, 200.0, 200.0, 200.0]",1,3998.1,0.00187065,0.0500377,-0.00546558,0.0,"[7.48658, 7.79293, 8.84666, 11.3686, 20.0323, 64.566, 55.6536, 47.2582, 39.6464, 33.0363, 27.5369, 23.121, 19.6564, 16.9654, 13.2439, 10.1237, 8.52418, 7.74488, 7.51352]",0.00179749,"[0.0, 0.0, 0.0, 0.0]",0.346282
1.0,0.00365799,0.0,0.0,-0.042,0.0,1957.56,0.0,93.9978,0,"[200.0, 200.0, 200.0, 200.0, 200.0, 200.0, 200.0, 200.0, 200.0, 200.0, 200.0, 200.0, 200.0, 200.0, 200.0, 200.0, 200.0, 200.0, 200.0, 200.0, 200.0, 200.0, 200.0, 200.0, 200.0, 200.0, 200.0, 200.0, 200.0, 200.0, 200.0, 200.0, 200.0, 200.0, 200.0, 200.0]",1,4345.29,0.00187065,0.0500377,-0.00546558,0.0,"[7.48658, 7.79293, 8.84666, 11.3686, 20.0323, 64.566, 55.6536, 47.2582, 39.6464, 33.0363, 27.5369, 23.121, 19.6564, 16.9654, 13.2439, 10.1237, 8.52418, 7.74488, 7.51352]",0.00179749,"[0.0, 0.0, 0.0, 0.0]",0.346282
1.0,0.00365799,0.0,0.0,-0.022,0.0,1957.56,0.0,93.9974,0,"[200.0, 200.0, 200.0, 200.0, 200.0, 200.0, 200.0, 200.0, 200.0, 200.0, 200.0, 200.0, 200.0, 200.0, 200.0, 200.0, 200.0, 200.0, 200.0, 200.0, 200.0, 200.0, 200.0, 200.0, 200.0, 200.0, 200.0, 200.0, 200.0, 200.0, 200.0, 200.0, 200.0, 200.0, 200.0, 200.0]",1,4712.09,0.00187065,0.0500377,-0.00546558,0.0,"[7.48658, 7.79293, 8.84666, 11.3686, 20.0323, 64.566, 55.6536, 47.2582, 39.6464, 33.0363, 27.5369, 23.121, 19.6564, 16.9654, 13.2439, 10.1237, 8.52418, 7.74488, 7.51352]",0.00179749,"[0.0, 0.0, 0.0, 0.0]",0.346282
1.0,0.00335568,0.0,0.0,0.018,0.0,1957.56,0.00012207,93.9965,0,"[200.0, 200.0, 200.0, 200.0, 200.0, 200.0, 200.0, 200.0, 200.0, 200.0, 200.0, 200.0, 200.0, 200.0, 200.0, 200.0, 200.0, 200.0, 200.0, 200.0, 200.0, 200.0, 200.0, 200.0, 200.0, 200.0, 200.0, 200.0, 200.0, 200.0, 200.0, 200.0, 200.0, 200.0, 200.0, 200.0]",1,5504.72,0.0134625,0.109023,-0.00610127,-1.0,"[7.48607, 7.7917, 8.84425, 11.3633, 20.0054, 64.598, 55.6845, 47.2869, 39.6721, 33.0584, 27.555, 23.1356, 19.6679, 16.9745, 13.2496, 10.1268, 8.52603, 7.74594, 7.51402]",0.00186361,"[-1.0864, 0.691765, -2.05097, 2.16362]",0.346289
1.0,0.00322121,0.0,0.0,0.038,0.0,1957.56,0.00012207,93.9964,1,"[200.0, 200.0, 200.0, 200.0, 200.0, 200.0, 200.0, 200.0, 200.0, 200.0, 200.0, 200.0, 200.0, 200.0, 200.0, 200.0, 200.0, 200.0, 200.0, 200.0, 200.0, 200.0, 200.0, 200.0, 200.0, 200.0, 200.0, 200.0, 200.0, 200.0, 200.0, 200.0, 200.0, 200.0, 200.0, 200.0]",1,956.343,0.00402013,0.134508,-0.00848575,-1.0,"[7.48537, 7.79065, 8.84261, 11.3602, 19.9915, 64.6128, 55.6989, 47.3005, 39.6845, 33.0692, 27.5641, 23.1431, 19.6739, 16.9794, 13.2529, 10.1288, 8.52737, 7.74689, 7.5147]",0.00195516,"[0.795144, -1.03095, 2.60243, -0.632889]",0.346303
1.0,0.00316637,0.0,0.0,0.058,0.0,1957.56,0.00012207,93.9964,1,"[200.0, 200.0, 200.0, 200.0, 200.0, 200.0, 200.0, 200.0, 200.0, 200.0, 200.0, 200.0, 200.0, 200.0, 200.0, 200.0, 200.0, 200.0, 200.0, 200.0, 200.0, 200.0, 200.0, 200.0, 200.0, 200.0, 200.0, 200.0, 200.0, 200.0, 200.0, 200.0, 200.0, 200.0, 200.0, 200.0]",1,971.761,-0.00757867,0.141572,-0.0113174,-1.0,"[7.48461, 7.78971, 8.84135, 11.3581, 19.984, 64.6194, 55.7055, 47.3069, 39.6905, 33.0746, 27.5689, 23.1472, 19.6774, 16.9823, 13.2551, 10.1303, 8.52846, 7.74778, 7.51546]",0.0020579,"[-1.10533, 0.805141, -0.591359, 2.63165]",0.346307
1.0,0.00313061,0.0,0.0,0.078,0.0,1957.56,0.00012207,93.9964,1,"[200.0, 200.0, 200.0, 200.0, 200.0, 200.0, 200.0, 200.0, 200.0, 200.0, 200.0, 200.0, 200.0, 200.0, 200.0, 200.0, 200.0, 200.0, 200.0, 200.0, 200.0, 200.0, 200.0, 200.0, 200.0, 200.0, 200.0, 200.0, 200.0, 200.0, 200.0, 200.0, 200.0, 200.0, 200.0, 200.0]",1,987.193,-0.016447,0.1507,-0.0136655,-1.0,"[7.48378, 7.78877, 8.84014, 11.3563, 19.9777, 64.6241, 55.7102, 47.3116, 39.695, 33.0788, 27.5727, 23.1505, 19.6803, 16.9848, 13.257, 10.1316, 8.52954, 7.74869, 7.51629]",0.00216777,"[0.78084, -0.94682, 2.56916, -0.6564]",0.346301
1.0,0.00310486,0.0,0.0,0.098,0.0,1957.56,0.0,93.9964,1,"[200.0, 200.0, 200.0, 200.0, 200.0, 200.0, 200.0, 200.0, 200.0, 200.0, 200.0, 200.0, 200.0, 200.0, 200.0, 200.0, 200.0, 200.0, 200.0, 200.0, 200.0, 200.0, 200.0, 200.0, 200.0, 200.0, 200.0, 200.0, 200.0, 200.0, 200.0, 200.0, 200.0, 200.0, 200.0, 200.0]",1,1002.64,-0.0285374,0.153575,-0.0154347,-1.0,"[7.48294, 7.78782, 8.83896, 11.3545, 19.9721, 64.6278, 55.7141, 47.3155, 39.6987, 33.0824, 27.576, 23.1534, 19.6828, 16.987, 13.2587, 10.1329, 8.53059, 7.74961, 7.51713]",0.00227966,"[-1.11845, 0.908454, -0.607717, 2.61467]",0.346285
1.0,0.00309532,0.0,0.0,0.118,0.0,1957.56,-0.000244141,93.9964,1,"[200.0, 200.0, 200.0, 200.0, 200.0, 200.0, 200.0, 200.0, 200.0, 200.0, 200.0, 200.0, 200.0, 200.0, 200.0, 200.0, 200.0, 200.0, 200.0, 200.0, 200.0, 200.0, 200.0, 200.0, 200.0, 200.0, 200.0, 200.0, 200.0, 200.0, 200.0, 200.0, 200.0, 200.0, 200.0, 200.0]",1,1018.09,-0.0371363,0.160997,-0.0166694,-1.0,"[7.48207, 7.78688, 8.83785, 11.3529, 19.9678, 64.6298, 55.7163, 47.3179, 39.7013, 33.0849, 27.5784, 23.1557, 19.6849, 16.9889, 13.2603, 10.1342, 8.53161, 7.75054, 7.51801]",0.00239665,"[0.7706, -0.847053, 2.55605, -0.668698]",0.346264
1.0,0.00311154,0.0,0.0,0.138,0.0,1957.56,-0.000488281,93.9964,1,"[200.0, 200.0, 200.0, 200.0, 200.0, 200.0, 200.0, 200.0, 200.0, 200.0, 200.0, 200.0, 200.0, 200.0, 200.0, 200.0, 200.0, 200.0, 200.0, 200.0, 200.0, 200.0, 200.0, 200.0, 200.0, 200.0, 200.0, 200.0, 200.0, 200.0, 200.0, 200.0, 200.0, 200.0, 200.0, 200.0]",1,1033.55,-0.0479879,0.167279,-0.0176638,-1.0,"[7.48116, 7.78596, 8.83684, 11.3517, 19.9654, 64.6292, 55.7161, 47.318, 39.7018, 33.0857, 27.5794, 23.1568, 19.6861, 16.9902, 13.2615, 10.1352, 8.53257, 7.75144, 7.51892]",0.00251872,"[-1.14367, 1.00498, -0.62253, 2.59979]",0.34624
1.0,0.00317686,0.0,0.0,0.158,0.0,1957.56,-0.000732422,93.9964,1,"[200.0, 200.0, 200.0, 200.0, 200.0, 200.0, 200.0, 200.0, 200.0, 200.0, 200.0, 200.0, 200.0, 200.0, 200.0, 200.0, 200.0, 200.0, 200.0, 200.0, 200.0, 200.0, 200.0, 200.0, 200.0, 200.0, 200.0, 200.0, 200.0, 200.0, 200.0, 200.0, 200.0, 200.0, 200.0, 200.0]",1,1049.03,-0.0562275,0.17924,-0.0184758,-1.0,"[7.48019, 7.78511, 8.83607, 11.3511, 19.9668, 64.6235, 55.7109, 47.3137, 39.6984, 33.0832, 27.5778, 23.1559, 19.6858, 16.9902, 13.2619, 10.1359, 8.53336, 7.75231, 7.51988]",0.00264689,"[0.738629, -0.75355, 2.54561, -0.677586]",0.346215
1.0,0.00328987,0.0,0.0,0.178,0.0,1957.56,-0.00109863,93.9964,1,"[200.0, 200.0, 200.0, 200.0, 200.0, 200.0, 200.0, 200.0, 200.0, 200.0, 200.0, 200.0, 200.0, 200.0, 200.0, 200.0, 200.0, 200.0, 200.0, 200.0, 200.0, 200.0, 200.0, 200.0, 200.0, 200.0, 200.0, 200.0, 200.0, 200.0, 200.0, 200.0, 200.0, 200.0, 200.0, 200.0]",1,942.478,-0.0664757,0.186356,-0.0193163,-1.0,"[7.47918, 7.78433, 8.83554, 11.3511, 19.972, 64.6129, 55.7012, 47.305, 39.691, 33.0774, 27.5735, 23.1529, 19.6838, 16.989, 13.2616, 10.1363, 8.53401, 7.75314, 7.5209]",0.00278219,"[-1.18186, 1.09431, -0.301345, 2.9658]",0.346189
1.0,0.00318116,0.0,0.0,0.198,0.0,1957.56,-0.000244141,93.9964,1,"[200.0, 200.0, 200.0, 200.0, 200.0, 200.0, 200.0, 200.0, 200.0, 200.0, 200.0, 200.0, 200.0, 200.0, 200.0, 200.0, 200.0, 200.0, 200.0, 200.0, 200.0, 200.0, 200.0, 200.0, 200.0, 200.0, 200.0, 200.0, 200.0, 200.0, 200.0, 200.0, 200.0, 200.0, 200.0, 200.0]",1,942.478,0.268027,0.138154,-0.0175305,0.0,"[7.47832, 7.78316, 8.83383, 11.3481, 19.9596, 64.6253, 55.7133, 47.3166, 39.7016, 33.0868, 27.5815, 23.1596, 19.6893, 16.9935, 13.2648, 10.1383, 8.53544, 7.75423, 7.52176]",0.00289714,"[0.649313, -0.695491, 3.12842, -0.505208]",0.346151
1.0,0.00321644,0.0,0.0,0.218,0.0,1957.56,0.00219727,93.9964,1,"[200.0, 200.0, 200.0, 200.0, 200.0, 200.0, 200.0, 200.0, 200.0, 200.0, 200.0, 200.0, 200.0, 200.0, 200.0, 200.0, 200.0, 200.0, 200.0, 200.0, 200.0, 200.0, 200.0, 200.0, 200.0, 200.0, 200.0, 200.0, 200.0, 200.0, 200.0, 200.0, 200.0, 200.0, 200.0, 200.0]",1,942.478,0.631904,0.0379744,-0.0124395,0.0,"[7.47781, 7.78271, 8.83344, 11.3478, 19.9604, 64.6222, 55.7106, 47.3142, 39.6998, 33.0855, 27.5806, 23.1591, 19.6891, 16.9935, 13.265, 10.1386, 8.53585, 7.75468, 7.52226]",0.00296427,"[-0.765985, 1.1291, 0.508256, 2.26492]",0.346106
1.0,0.00333756,0.0,0.0,0.238,0.0,1957.57,0.0065918,93.9964,1,"[200.0, 200.0, 200.0, 200.0, 200.0, 200.0, 200.0, 200.0, 200.0, 200.0, 200.0, 200.0, 200.0, 200.0, 200.0, 200.0, 200.0, 200.0, 200.0, 200.0, 200.0, 200.0, 200.0, 200.0, 200.0, 200.0, 200.0, 200.0, 200.0, 200.0, 200.0, 200.0, 200.0, 200.0, 200.0, 200.0]",1,942.478,0.895106,0.0404146,-0.00482733,0.0,"[7.47762, 7.78281, 8.83395, 11.3493, 19.9696, 64.6098, 55.6987, 47.3034, 39.6903, 33.0774, 27.5741, 23.1541, 19.6852, 16.9906, 13.2633, 10.1379, 8.53554, 7.75465, 7.52246]",0.00298971,"[1.38905, -0.104668, 4.55752, 1.18272]",0.346075
1.0,0.00334566,0.0,0.0,0.26,0.0,1957.57,0.0136719,93.9964,1,"[200.0, 200.0, 200.0, 200.0, 200.0, 200.0, 200.0, 200.0, 200.0, 200.0, 200.0, 200.0, 200.0, 200.0, 200.0, 200.0, 200.0, 200.0, 200.0, 200.0, 200.0, 200.0, 200.0, 200.0, 200.0, 200.0, 200.0, 200.0, 200.0, 200.0, 200.0, 200.0, 200.0, 200.0, 200.0, 200.0]",1,942.478,1.29863,0.0459804,0.00162085,0.0,"[7.47739, 7.78258, 8.8337, 11.349, 19.9692, 64.6093, 55.6983, 47.303, 39.69, 33.0774, 27.5742, 23.1542, 19.6854, 16.9908, 13.2635, 10.1381, 8.53577, 7.75488, 7.52269]",0.00302124,"[-0.66024, 2.52477, 4.42547, 0.573475]",0.346085
1.0,0.00345677,0.0,0.0,0.28,0.0,1957.58,0.0219727,93.9964,1,"[200.0, 200.0, 200.0, 200.0, 200.0, 200.0, 200.0, 200.0, 200.0, 200.0, 200.0, 200.0, 200.0, 200.0, 200.0, 200.0, 200.0, 200.0, 200.0, 200.0, 200.0, 200.0, 200.0, 200.0, 200.0, 200.0, 200.0, 200.0, 200.0, 200.0, 200.0, 200.0, 200.0, 200.0, 200.0, 200.0]",1,942.478,1.69558,0.0467619,0.00543126,0.0,"[7.47717, 7.78262, 8.8341, 11.3503, 19.9775, 64.598, 55.6875, 47.2932, 39.6813, 33.0701, 27.5684, 23.1497, 19.682, 16.9882, 13.2621, 10.1375, 8.53555, 7.75491, 7.52292]",0.00305074,"[2.78282, -0.222726, 0.375131, 2.39612]",0.346125
1.0,0.00352591,0.0,0.0,0.3,0.0,1957.59,0.0321045,93.9964,1,"[200.0, 200.0, 200.0, 200.0, 200.0, 200.0, 200.0, 200.0, 200.0, 200.0, 200.0, 200.0, 200.0, 200.0, 200.0, 200.0, 200.0, 200.0, 200.0, 200.0, 200.0, 200.0, 200.0, 200.0, 200.0, 200.0, 200.0, 200.0, 200.0, 200.0, 200.0, 200.0, 200.0, 200.0, 200.0, 200.0]",1,942.478,1.96266,0.0432637,0.00719346,0.0,"[7.47694, 7.78255, 8.83425, 11.3509, 19.9822, 64.591, 55.681, 47.2872, 39.6762, 33.0658, 27.5649, 23.147, 19.68, 16.9867, 13.2613, 10.1372, 8.53551, 7.75501, 7.52316]",0.00308126,"[-0.0033997, 3.06519, 4.86435, 2.4149]",0.346182
1.0,0.00373476,0.0,0.0,0.32,0.0,1957.6,0.0441895,93.9964,1,"[200.0, 200.0, 200.0, 200.0, 200.0, 200.0, 200.0, 200.0, 200.0, 200.0, 200.0, 200.0, 200.0, 200.0, 200.0, 200.0, 200.0, 200.0, 200.0, 200.0, 200.0, 200.0, 200.0, 200.0, 200.0, 200.0, 200.0, 200.0, 200.0, 200.0, 200.0, 200.0, 200.0, 200.0, 200.0, 200.0]",1,942.478,2.31153,0.0463727,0.00760064,0.0,"[7.47673, 7.78282, 8.83524, 11.3537, 19.9985, 64.5695, 55.6605, 47.2683, 39.6595, 33.0517, 27.5536, 23.1381, 19.6731, 16.9815, 13.2582, 10.1357, 8.53485, 7.75486, 7.52338]",0.00311076,"[3.18032, 0.468456, 1.66714, 5.21093]",0.346249
1.0,0.00385302,0.0,0.0,0.34,0.0,1957.62,0.0582275,93.9964,1,"[200.0, 200.0, 200.0, 200.0, 200.0, 200.0, 200.0, 200.0, 200.0, 200.0, 200.0, 200.0, 200.0, 200.0, 200.0, 200.0, 200.0, 200.0, 200.0, 200.0, 200.0, 200.0, 200.0, 200.0, 200.0, 200.0, 200.0, 200.0, 200.0, 200.0, 200.0, 200.0, 200.0, 200.0, 200.0, 200.0]",1,942.478,2.70957,0.0510545,0.00664111,0.0,"[7.47653, 7.7829, 8.83572, 11.3551, 20.0074, 64.5575, 55.649, 47.2578, 39.6502, 33.0439, 27.5473, 23.1332, 19.6694, 16.9786, 13.2565, 10.135, 8.53457, 7.75484, 7.52357]",0.00313721,"[0.59591, 3.6109, 3.34802, 1.34793]",0.346315
1.0,0.00406426,0.0,0.0,0.36,0.0,1957.63,0.0740967,93.9964,1,"[200.0, 200.0, 200.0, 200.0, 200.0, 200.0, 200.0, 200.0, 200.0, 200.0, 200.0, 200.0, 200.0, 200.0, 200.0, 200.0, 200.0, 200.0, 200.0, 200.0, 200.0, 200.0, 200.0, 200.0, 200.0, 200.0, 200.0, 200.0, 200.0, 200.0, 200.0, 200.0, 200.0, 200.0, 200.0, 200.0]",1,942.478,2.97911,0.0474156,0.00534736,0.0,"[7.47636, 7.78319, 8.83676, 11.358, 20.0241, 64.5358, 55.6282, 47.2387, 39.6333, 33.0296, 27.5357, 23.1242, 19.6624, 16.9733, 13.2533, 10.1335, 8.53387, 7.75464, 7.52377]",0.00316162,"[3.74576, 0.958842, 3.41001, 5.65512]",0.34638
1.0,0.00420063,0.0,0.0,0.38,0.0,1957.65,0.0919189,93.9964,1,"[200.0, 200.0, 200.0, 200.0, 200.0, 200.0, 200.0, 200.0, 200.0, 200.0, 200.0, 200.0, 200.0, 200.0, 200.0, 200.0, 200.0, 200.0, 200.0, 200.0, 200.0, 200.0, 200.0, 200.0, 200.0, 200.0, 200.0, 200.0, 200.0, 200.0, 200.0, 200.0, 200.0, 200.0, 200.0, 200.0]",1,942.478,3.37959,0.0481409,0.00377938,0.0,"[7.47619, 7.78335, 8.83738, 11.3597, 20.0347, 64.5218, 55.6149, 47.2264, 39.6225, 33.0206, 27.5284, 23.1184, 19.658, 16.9699, 13.2513, 10.1326, 8.53348, 7.75458, 7.52395]",0.00318502,"[1.30155, 4.17554, 4.64901, 1.55502]",0.346443
1.0,0.00445574,0.0,0.0,0.4,0.0,1957.67,0.111694,93.9964,1,"[200.0, 200.0, 200.0, 200.0, 200.0, 200.0, 200.0, 200.0, 200.0, 200.0, 200.0, 200.0, 200.0, 200.0, 200.0, 200.0, 200.0, 200.0, 200.0, 200.0, 200.0, 200.0, 200.0, 200.0, 200.0, 200.0, 200.0, 200.0, 200.0, 200.0, 200.0, 200.0, 200.0, 200.0, 200.0, 200.0]",1,942.478,3.71366,0.0402134,0.00254909,0.0,"[7.47605, 7.78381, 8.83874, 11.3633, 20.0552, 64.4954, 55.5897, 47.2031, 39.602, 33.0032, 27.5143, 23.1073, 19.6494, 16.9632, 13.2474, 10.1306, 8.53256, 7.75426, 7.5241]",0.00320435,"[4.29129, 1.50219, 2.11834, 5.00436]",0.346507
1.0,0.00467652,0.0,0.0,0.42,0.0,1957.69,0.133301,93.9964,1,"[200.0, 200.0, 200.0, 200.0, 200.0, 200.0, 200.0, 200.0, 200.0, 200.0, 200.0, 200.0, 200.0, 200.0, 200.0, 200.0, 200.0, 200.0, 200.0, 200.0, 200.0, 200.0, 200.0, 200.0, 200.0, 200.0, 200.0, 200.0, 200.0, 200.0, 200.0, 200.0, 200.0, 200.0, 200.0, 200.0]",1,942.478,4.04485,0.0429971,0.00145139,0.0,"[7.47593, 7.7842, 8.83991, 11.3663, 20.073, 64.4727, 55.568, 47.1831, 39.5842, 32.9882, 27.5021, 23.0977, 19.6419, 16.9575, 13.2439, 10.1289, 8.53176, 7.75398, 7.52423]",0.00322164,"[1.96008, 4.79017, 5.39027, 2.47758]",0.346575
1.0,0.00499934,0.0,0.0,0.44,0.0,1957.72,0.156738,93.9964,1,"[200.0, 200.0, 200.0, 200.0, 200.0, 200.0, 200.0, 200.0, 200.0, 200.0, 200.0, 200.0, 200.0, 200.0, 200.0, 200.0, 200.0, 200.0, 200.0, 200.0, 200.0, 200.0, 200.0, 200.0, 200.0, 200.0, 200.0, 200.0, 200.0, 200.0, 200.0, 200.0, 200.0, 200.0, 200.0, 200.0]",1,942.478,4.39059,0.0415915,0.000455491,0.0,"[7.47582, 7.78484, 8.84172, 11.3709, 20.0995, 64.4392, 55.536, 47.1536, 39.5581, 32.966, 27.4841, 23.0836, 19.631, 16.949, 13.2388, 10.1264, 8.53052, 7.75352, 7.52437]",0.00323791,"[4.82608, 2.03268, 2.76745, 5.55778]",0.346648
1.0,0.00528305,0.0,0.0,0.46,0.0,1957.74,0.182129,93.9964,1,"[200.0, 200.0, 200.0, 200.0, 200.0, 200.0, 200.0, 200.0, 200.0, 200.0, 200.0, 200.0, 200.0, 200.0, 200.0, 200.0, 200.0, 200.0, 200.0, 200.0, 200.0, 200.0, 200.0, 200.0, 200.0, 200.0, 200.0, 200.0, 200.0, 200.0, 200.0, 200.0, 200.0, 200.0, 200.0, 200.0]",1,942.478,4.71187,0.0412274,-0.000337224,0.0,"[7.47574, 7.78543, 8.84332, 11.375, 20.1229, 64.4098, 55.5078, 47.1276, 39.5351, 32.9466, 27.4683, 23.0711, 19.6212, 16.9415, 13.2343, 10.1242, 8.5294, 7.7531, 7.52447]",0.00325012,"[2.63029, 5.40966, 6.24531, 3.22996]",0.346727
1.0,0.00562971,0.0,0.0,0.48,0.0,1957.77,0.209473,93.9964,1,"[200.0, 200.0, 200.0, 200.0, 200.0, 200.0, 200.0, 200.0, 200.0, 200.0, 200.0, 200.0, 200.0, 200.0, 200.0, 200.0, 200.0, 200.0, 200.0, 200.0, 200.0, 200.0, 200.0, 200.0, 200.0, 200.0, 200.0, 200.0, 200.0, 200.0, 200.0, 200.0, 200.0, 200.0, 200.0, 200.0]",1,942.478,5.06677,0.0422275,-0.00128727,0.0,"[7.47567, 7.78618, 8.84531, 11.3801, 20.1518, 64.3739, 55.4734, 47.0959, 39.507, 32.9228, 27.449, 23.0558, 19.6094, 16.9324, 13.2287, 10.1214, 8.52803, 7.75255, 7.52457]",0.00326131,"[5.35611, 2.56476, 3.32813, 6.31613]",0.346813
1.0,0.00602406,0.0,0.0,0.502,0.0,1957.8,0.241577,93.9964,1,"[200.0, 200.0, 200.0, 200.0, 200.0, 200.0, 200.0, 200.0, 200.0, 200.0, 200.0, 200.0, 200.0, 200.0, 200.0, 200.0, 200.0, 200.0, 200.0, 200.0, 200.0, 200.0, 200.0, 200.0, 200.0, 200.0, 200.0, 200.0, 200.0, 200.0, 200.0, 200.0, 200.0, 200.0, 200.0, 200.0]",1,942.478,5.43726,0.0437679,-0.00247781,0.0,"[7.47563, 7.78706, 8.84763, 11.3859, 20.185, 64.3329, 55.4343, 47.0597, 39.475, 32.8957, 27.4269, 23.0383, 19.5958, 16.9218, 13.2223, 10.1182, 8.52641, 7.7519, 7.52465]",0.00327047,"[4.9882, 3.71753, 4.82031, 5.74273]",0.346913
1.0,0.00638455,0.0,0.0,0.522,0.0,1957.83,0.272827,93.9964,1,"[200.0, 200.0, 200.0, 200.0, 200.0, 200.0, 200.0, 200.0, 200.0, 200.0, 200.0, 200.0, 200.0, 200.0, 200.0, 200.0, 200.0, 200.0, 200.0, 200.0, 200.0, 200.0, 200.0, 200.0, 200.0, 200.0, 200.0, 200.0, 200.0, 200.0, 200.0, 200.0, 200.0, 200.0, 200.0, 200.0]",1,942.478,5.75987,0.0421104,-0.00371966,0.0,"[7.47559, 7.78788, 8.84976, 11.3912, 20.2155, 64.2956, 55.3986, 47.0267, 39.4458, 32.8709, 27.4067, 23.0224, 19.5834, 16.9123, 13.2165, 10.1153, 8.52494, 7.7513, 7.52472]",0.00327759,"[4.31169, 5.47427, 5.87395, 5.2366]",0.347005
1.0,0.00681179,0.0,0.0,0.542,0.0,1957.87,0.305908,93.9964,1,"[200.0, 200.0, 200.0, 200.0, 200.0, 200.0, 200.0, 200.0, 200.0, 200.0, 200.0, 200.0, 200.0, 200.0, 200.0, 200.0, 200.0, 200.0, 200.0, 200.0, 200.0, 200.0, 200.0, 200.0, 200.0, 200.0, 200.0, 200.0, 200.0, 200.0, 200.0, 200.0, 200.0, 200.0, 200.0, 200.0]",1,942.478,6.11806,0.0449302,-0.00521002,0.0,"[7.47559, 7.78889, 8.85233, 11.3976, 20.252, 64.2512, 55.3561, 46.9875, 39.4111, 32.8414, 27.3827, 23.0034, 19.5686, 16.9008, 13.2095, 10.1118, 8.52315, 7.75054, 7.52477]",0.00328064,"[5.52604, 4.30142, 5.3642, 6.23582]",0.347092
1.0,0.0072276,0.0,0.0,0.562,0.0,1957.9,0.340942,93.9964,1,"[200.0, 200.0, 200.0, 200.0, 200.0, 200.0, 200.0, 200.0, 200.0, 200.0, 200.0, 200.0, 200.0, 200.0, 200.0, 200.0, 200.0, 200.0, 200.0, 200.0, 200.0, 200.0, 200.0, 200.0, 200.0, 200.0, 200.0, 200.0, 200.0, 200.0, 200.0, 200.0, 200.0, 200.0, 200.0, 200.0]",1,942.478,6.43489,0.0430167,-0.00695454,0.0,"[7.47562, 7.7899, 8.85486, 11.4039, 20.2879, 64.208, 55.3147, 46.9494, 39.3772, 32.8128, 27.3594, 22.985, 19.5543, 16.8897, 13.2027, 10.1083, 8.52138, 7.7498, 7.52479]",0.00328064,"[4.9453, 6.04621, 6.47655, 5.81744]",0.347165
1.0,0.00771111,0.0,0.0,0.582,0.0,1957.94,0.377686,93.9964,1,"[200.0, 200.0, 200.0, 200.0, 200.0, 200.0, 200.0, 200.0, 200.0, 200.0, 200.0, 200.0, 200.0, 200.0, 200.0, 200.0, 200.0, 200.0, 200.0, 200.0, 200.0, 200.0, 200.0, 200.0, 200.0, 200.0, 200.0, 200.0, 200.0, 200.0, 200.0, 200.0, 200.0, 200.0, 200.0, 200.0]",1,942.478,6.79433,0.0452189,-0.00885664,0.0,"[7.47567, 7.79109, 8.85784, 11.4112, 20.33, 64.1577, 55.2667, 46.9049, 39.3378, 32.7794, 27.3322, 22.9634, 19.5375, 16.8767, 13.1947, 10.1043, 8.5193, 7.74889, 7.52478]",0.00327657,"[6.0745, 4.90165, 5.96885, 6.82588]",0.347218
1.0,0.00818747,0.0,0.0,0.602,0.0,1957.98,0.416504,93.9964,1,"[200.0, 200.0, 200.0, 200.0, 200.0, 200.0, 200.0, 200.0, 200.0, 200.0, 200.0, 200.0, 200.0, 200.0, 200.0, 200.0, 200.0, 200.0, 200.0, 200.0, 200.0, 200.0, 200.0, 200.0, 200.0, 200.0, 200.0, 200.0, 200.0, 200.0, 200.0, 200.0, 200.0, 200.0, 200.0, 200.0]",1,942.478,7.11241,0.0439635,-0.0107722,0.0,"[7.47577, 7.79232, 8.86083, 11.4185, 20.372, 64.1081, 55.2192, 46.861, 39.299, 32.7465, 27.3054, 22.9422, 19.521, 16.8638, 13.1868, 10.1002, 8.51721, 7.74797, 7.52474]",0.00326843,"[5.54814, 6.58924, 7.04104, 6.39908]",0.34724
1.0,0.00873345,0.0,0.0,0.622,0.0,1958.02,0.457153,93.9964,1,"[200.0, 200.0, 200.0, 200.0, 200.0, 200.0, 200.0, 200.0, 200.0, 200.0, 200.0, 200.0, 200.0, 200.0, 200.0, 200.0, 200.0, 200.0, 200.0, 200.0, 200.0, 200.0, 200.0, 200.0, 200.0, 200.0, 200.0, 200.0, 200.0, 200.0, 200.0, 200.0, 200.0, 200.0, 200.0, 200.0]",1,942.478,7.46915,0.0456078,-0.0124926,0.0,"[7.47589, 7.79376, 8.86427, 11.4269, 20.4204, 64.0514, 55.165, 46.8109, 39.2546, 32.7088, 27.2747, 22.9179, 19.502, 16.849, 13.1778, 10.0956, 8.51481, 7.7469, 7.52468]",0.00325623,"[6.64505, 5.5341, 6.59247, 7.38835]",0.347224
1.0,0.00927561,0.0,0.0,0.642,0.0,1958.06,0.499634,93.9964,1,"[200.0, 200.0, 200.0, 200.0, 200.0, 200.0, 200.0, 200.0, 200.0, 200.0, 200.0, 200.0, 200.0, 200.0, 200.0, 200.0, 200.0, 200.0, 200.0, 200.0, 200.0, 200.0, 200.0, 200.0, 200.0, 200.0, 200.0, 200.0, 200.0, 200.0, 200.0, 200.0, 200.0, 200.0, 200.0, 200.0]",1,997.099,7.79586,0.0454347,-0.0135553,0.0,"[7.47607, 7.79523, 8.86776, 11.4354, 20.4693, 63.9949, 55.1108, 46.7609, 39.2103, 32.6713, 27.244, 22.8936, 19.483, 16.8343, 13.1687, 10.091, 8.51236, 7.74577, 7.52458]",0.00323791,"[6.09192, 7.11927, 7.5604, 6.99435]",0.346638
1.0,0.0098893,0.0,0.0,0.662,0.0,1958.1,0.544067,93.9964,1,"[200.0, 200.0, 200.0, 200.0, 200.0, 200.0, 200.0, 200.0, 200.0, 200.0, 200.0, 200.0, 200.0, 200.0, 200.0, 200.0, 200.0, 200.0, 200.0, 200.0, 200.0, 200.0, 200.0, 200.0, 200.0, 200.0, 200.0, 200.0, 200.0, 200.0, 200.0, 200.0, 200.0, 200.0, 200.0, 200.0]",1,1019.94,8.15164,0.0466757,-0.0139008,0.0,"[7.47629, 7.79691, 8.87172, 11.445, 20.5251, 63.9309, 55.0497, 46.7045, 39.1602, 32.6289, 27.2095, 22.8662, 19.4616, 16.8177, 13.1585, 10.0857, 8.5096, 7.74451, 7.52445]",0.00321655,"[7.26248, 6.21246, 7.2672, 7.93515]",0.346689
1.0,0.0105063,0.0,0.0,0.682,0.0,1958.15,0.590454,93.9963,1,"[200.0, 200.0, 200.0, 200.0, 200.0, 200.0, 200.0, 200.0, 200.0, 200.0, 200.0, 200.0, 200.0, 200.0, 200.0, 200.0, 200.0, 200.0, 200.0, 200.0, 200.0, 200.0, 200.0, 200.0, 200.0, 200.0, 200.0, 200.0, 200.0, 200.0, 200.0, 200.0, 200.0, 200.0, 200.0, 200.0]",1,1071.98,8.49702,0.046863,-0.0132828,0.0,"[7.47655, 7.79865, 8.87578, 11.4547, 20.582, 63.8666, 54.9882, 46.6477, 39.1099, 32.5861, 27.1747, 22.8386, 19.4401, 16.8008, 13.1481, 10.0804, 8.50676, 7.74319, 7.52428]",0.00318807,"[6.62428, 7.62453, 8.17385, 7.62095]",0.346727
1.0,0.0111968,0.0,0.0,0.702,0.0,1958.2,0.638672,93.9962,1,"[200.0, 200.0, 200.0, 200.0, 200.0, 200.0, 200.0, 200.0, 200.0, 200.0, 200.0, 200.0, 200.0, 200.0, 200.0, 200.0, 200.0, 200.0, 200.0, 200.0, 200.0, 200.0, 200.0, 200.0, 200.0, 200.0, 200.0, 200.0, 200.0, 200.0, 200.0, 200.0, 200.0, 200.0, 200.0, 200.0]",1,1112.41,8.85139,0.047116,-0.0113329,0.0,"[7.47688, 7.80062, 8.88036, 11.4657, 20.6464, 63.7947, 54.9193, 46.5841, 39.0536, 32.5384, 27.1357, 22.8077, 19.416, 16.782, 13.1365, 10.0744, 8.50356, 7.74169, 7.52407]",0.00315247,"[7.8905, 6.95438, 7.94277, 8.49015]",0.346743
1.0,0.012653,0.0,0.0,0.722,0.0,1958.25,0.688965,93.9962,1,"[200.0, 200.0, 200.0, 200.0, 200.0, 200.0, 200.0, 200.0, 200.0, 200.0, 200.0, 200.0, 200.0, 200.0, 200.0, 200.0, 200.0, 200.0, 200.0, 200.0, 200.0, 200.0, 200.0, 200.0, 200.0, 200.0, 200.0, 200.0, 200.0, 200.0, 200.0, 200.0, 200.0, 200.0, 200.0, 200.0]",1,1134.96,9.19456,-0.226016,-0.00439407,-1.0,"[7.47801, 7.80526, 8.89056, 11.4897, 20.7866, 63.6424, 54.7735, 46.4494, 38.9341, 32.4369, 27.0528, 22.7419, 19.3643, 16.7417, 13.1114, 10.0612, 8.49636, 7.7381, 7.5232]",0.00302124,"[8.9046, 6.27568, 8.71319, 8.28481]",0.346658
1.0,0.0158674,0.0,0.0,0.742,0.0,1958.3,0.740845,93.9961,1,"[200.0, 200.0, 200.0, 200.0, 200.0, 200.0, 200.0, 200.0, 200.0, 200.0, 200.0, 200.0, 200.0, 200.0, 200.0, 200.0, 200.0, 200.0, 200.0, 200.0, 200.0, 200.0, 200.0, 200.0, 200.0, 200.0, 200.0, 200.0, 200.0, 200.0, 200.0, 200.0, 200.0, 200.0, 200.0, 200.0]",1,1224.73,9.47641,-0.663055,0.0171532,-1.0,"[7.48164, 7.81672, 8.91456, 11.545, 21.1137, 63.3052, 54.4506, 46.1508, 38.6693, 32.2118, 26.8687, 22.5952, 19.2491, 16.6513, 13.0546, 10.0309, 8.47937, 7.72913, 7.52026]",0.00258789,"[7.5081, 8.02588, 8.15441, 9.52564]",0.346329
1.0,0.0210988,0.0,0.0,0.762,0.0,1958.35,0.794067,93.996,1,"[200.0, 200.0, 200.0, 200.0, 200.0, 200.0, 200.0, 200.0, 200.0, 200.0, 200.0, 200.0, 200.0, 200.0, 200.0, 200.0, 200.0, 200.0, 200.0, 200.0, 200.0, 200.0, 200.0, 200.0, 200.0, 200.0, 200.0, 200.0, 200.0, 200.0, 200.0, 200.0, 200.0, 200.0, 200.0, 200.0]",1,1137.8,9.70999,-1.16897,0.0545497,-1.0,"[7.48862, 7.83654, 8.95517, 11.638, 21.6932, 62.7561, 53.9253, 45.6657, 38.2394, 31.8469, 26.5703, 22.3575, 19.0621, 16.5043, 12.9619, 9.98091, 8.45102, 7.71381, 7.51476]",0.00176595,"[6.54375, 9.82745, 8.98377, 8.75577]",0.345773
1.0,0.0279471,0.0,0.0,0.782,0.0,1958.41,0.848511,93.9959,1,"[200.0, 200.0, 200.0, 200.0, 200.0, 200.0, 200.0, 200.0, 200.0, 200.0, 200.0, 200.0, 200.0, 200.0, 200.0, 200.0, 200.0, 200.0, 200.0, 200.0, 200.0, 200.0, 200.0, 200.0, 200.0, 200.0, 200.0, 200.0, 200.0, 200.0, 200.0, 200.0, 200.0, 200.0, 200.0, 200.0]",1,1333.9,9.92785,-1.50356,0.103592,-1.0,"[7.49899, 7.86389, 9.01036, 11.7642, 22.5585, 62.0374, 53.239, 45.0334, 37.6804, 31.3733, 26.1836, 22.0495, 18.8196, 16.3136, 12.8411, 9.91527, 8.41342, 7.69318, 7.50694]",0.000571696,"[6.29731, 11.0076, 8.00649, 10.8164]",0.345133
1.0,0.0353953,0.0,0.0,0.802,0.0,1958.46,0.904297,93.9958,1,"[200.0, 200.0, 200.0, 200.0, 200.0, 200.0, 200.0, 200.0, 200.0, 200.0, 200.0, 200.0, 200.0, 200.0, 200.0, 200.0, 200.0, 200.0, 200.0, 200.0, 200.0, 200.0, 200.0, 200.0, 200.0, 200.0, 200.0, 200.0, 200.0, 200.0, 200.0, 200.0, 200.0, 200.0, 200.0, 200.0]",1,1172.48,10.2561,-1.63838,0.151721,-1.0,"[7.51156, 7.89518, 9.0727, 11.9071, 23.6902, 61.2565, 52.4949, 44.3496, 37.0777, 30.8642, 25.7687, 21.7193, 18.5595, 16.1087, 12.7108, 9.844, 8.37225, 7.67033, 7.49795]",-0.000839233,"[8.28315, 9.84327, 9.16435, 9.14679]",0.344658
1.0,0.043174,0.0,0.0,0.822,0.0,1958.52,0.96167,93.9958,1,"[200.0, 200.0, 200.0, 200.0, 200.0, 200.0, 200.0, 200.0, 200.0, 200.0, 200.0, 200.0, 200.0, 200.0, 200.0, 200.0, 200.0, 200.0, 200.0, 200.0, 200.0, 200.0, 200.0, 200.0, 200.0, 200.0, 200.0, 200.0, 200.0, 200.0, 200.0, 200.0, 200.0, 200.0, 200.0, 200.0]",1,1383.75,10.5375,-1.71721,0.19326,-1.0,"[7.52576, 7.92915, 9.13996, 12.0622, 25.2207, 60.4423, 51.721, 43.6408, 36.4552, 30.34, 25.3425, 21.3805, 18.2926, 15.8981, 12.5765, 9.77013, 8.32934, 7.64637, 7.4884]",-0.00238749,"[9.97979, 8.73165, 8.11844, 11.4924]",0.344473
1.0,0.0511758,0.0,0.0,0.842,0.0,1958.58,1.02075,93.9957,1,"[200.0, 200.0, 200.0, 200.0, 200.0, 200.0, 200.0, 200.0, 200.0, 200.0, 200.0, 200.0, 200.0, 200.0, 200.0, 200.0, 200.0, 200.0, 200.0, 200.0, 200.0, 200.0, 200.0, 200.0, 200.0, 200.0, 200.0, 200.0, 200.0, 200.0, 200.0, 200.0, 200.0, 200.0, 200.0, 200.0]",1,1350.04,10.8469,-1.75669,0.228844,-1.0,"[7.54145, 7.96545, 9.21143, 12.2282, 27.6691, 59.6064, 50.9289, 42.9177, 35.8224, 29.8089, 24.9116, 21.0383, 18.023, 15.6853, 12.4403, 9.69481, 8.28538, 7.62167, 7.47846]",-0.0040507,"[10.0914, 9.98552, 10.7784, 9.75285]",0.344611
1.0,0.0594274,0.0,0.0,0.862,0.0,1958.64,1.08142,93.9956,1,"[200.0, 200.0, 200.0, 200.0, 200.0, 200.0, 200.0, 200.0, 200.0, 200.0, 200.0, 200.0, 200.0, 200.0, 200.0, 200.0, 200.0, 200.0, 200.0, 200.0, 200.0, 200.0, 200.0, 200.0, 200.0, 200.0, 200.0, 200.0, 200.0, 200.0, 200.0, 200.0, 200.0, 200.0, 200.0, 200.0]",1,1403.53,11.1673,-1.80488,0.261801,-1.0,"[7.55862, 8.00418, 9.28741, 12.4062, 77.0128, 58.7465, 50.1166, 42.1789, 35.1783, 29.2701, 24.4756, 20.6924, 17.7505, 15.4699, 12.3021, 9.61803, 8.24039, 7.59632, 7.46825]",-0.00582174,"[8.82715, 12.3758, 8.91352, 11.8711]",0.345056
1.0,0.0678646,0.0,0.0,0.882,0.0,1958.7,1.1438,93.9955,1,"[200.0, 200.0, 200.0, 200.0, 200.0, 200.0, 200.0, 200.0, 200.0, 200.0, 200.0, 200.0, 200.0, 200.0, 200.0, 200.0, 200.0, 200.0, 200.0, 200.0, 200.0, 200.0, 200.0, 200.0, 200.0, 200.0, 200.0, 200.0, 200.0, 200.0, 200.0, 200.0, 200.0, 200.0, 200.0, 200.0]",1,1343.27,11.5299,-1.86943,0.29435,-1.0,"[7.57743, 8.04539, 9.36783, 12.5964, 76.1094, 57.8695, 49.2906, 41.4303, 34.5282, 28.7282, 24.0381, 20.3456, 17.477, 15.2536, 12.1629, 9.54021, 8.19452, 7.57031, 7.45765]",-0.00771586,"[8.27208, 12.9616, 10.2098, 10.0467]",0.345726
1.0,0.076574,0.0,0.0,0.902,0.0,1958.77,1.20789,93.9955,1,"[200.0, 200.0, 200.0, 200.0, 200.0, 200.0, 200.0, 200.0, 200.0, 200.0, 200.0, 200.0, 200.0, 200.0, 200.0, 200.0, 200.0, 200.0, 200.0, 200.0, 200.0, 200.0, 200.0, 200.0, 200.0, 200.0, 200.0, 200.0, 200.0, 200.0, 200.0, 200.0, 200.0, 200.0, 200.0, 200.0]",1,1466.19,11.8898,-1.93376,0.325709,-1.0,"[7.598, 8.08945, 9.4536, 12.8015, 75.1753, 56.9669, 48.4433, 40.6655, 33.8667, 28.1787, 23.5953, 19.9949, 17.2005, 15.0346, 12.0214, 9.46077, 8.1475, 7.54355, 7.44669]",-0.00973816,"[8.33245, 10.0163, 8.79758, 12.3817]",0.346483
1.0,0.08556,0.0,0.0,0.922,0.0,1958.83,1.27356,93.9954,1,"[200.0, 200.0, 200.0, 200.0, 200.0, 200.0, 200.0, 200.0, 200.0, 200.0, 200.0, 200.0, 200.0, 200.0, 200.0, 200.0, 200.0, 200.0, 200.0, 200.0, 200.0, 200.0, 200.0, 200.0, 200.0, 200.0, 200.0, 200.0, 200.0, 200.0, 200.0, 200.0, 200.0, 200.0, 200.0, 200.0]",1,1545.8,12.1969,-1.96802,0.354658,-1.0,"[7.62042, 8.1365, 9.54507, 13.023, 74.21, 56.0391, 47.5753, 39.885, 33.1946, 27.6223, 23.1481, 19.641, 16.9213, 14.8133, 11.8779, 9.37979, 8.09937, 7.51607, 7.43543]",-0.0118876,"[8.56258, 10.0831, 11.6844, 10.7689]",0.347136
1.0,0.0939318,0.0,0.0,0.942,0.0,1958.9,1.34106,93.9953,1,"[200.0, 200.0, 200.0, 200.0, 200.0, 200.0, 200.0, 200.0, 200.0, 200.0, 200.0, 200.0, 200.0, 200.0, 200.0, 200.0, 200.0, 200.0, 200.0, 200.0, 200.0, 200.0, 200.0, 200.0, 200.0, 200.0, 200.0, 200.0, 200.0, 200.0, 200.0, 200.0, 200.0, 200.0, 200.0, 200.0]",1,1556.51,12.5633,-1.71077,0.378253,0.0,"[7.64343, 8.18295, 9.6344, 13.241, 73.3085, 55.1763, 46.7706, 39.1641, 32.5757, 27.1114, 22.7378, 19.3161, 16.6647, 14.6094, 11.745, 9.30401, 8.05378, 7.48955, 7.42397]",-0.0140839,"[10.1737, 11.5984, 10.1149, 12.8962]",0.347533
0.0,0.1003,0.0,0.0,0.962,0.0,1958.97,1.41003,93.9953,1,"[200.0, 200.0, 200.0, 200.0, 200.0, 200.0, 200.0, 200.0, 200.0, 200.0, 200.0, 200.0, 200.0, 200.0, 200.0, 200.0, 200.0, 200.0, 200.0, 200.0, 200.0, 200.0, 200.0, 200.0, 200.0, 200.0, 200.0, 200.0, 200.0, 200.0, 200.0, 200.0, 200.0, 200.0, 200.0, 200.0]",1,1444.94,12.5986,-1.15808,0.381069,0.0,"[7.66352, 8.22127, 9.70669, 13.4172, 72.6203, 54.5194, 46.1591, 38.6173, 32.1073, 26.725, 22.4274, 19.0699, 16.4696, 14.4537, 11.6425, 9.24467, 8.01733, 7.46758, 7.41341]",-0.016039,"[11.04, 12.0763, 12.0928, 10.782]",0.347687
0.0,0.103959,0.0,0.0,0.982,0.0,1959.04,1.47937,93.9953,1,"[200.0, 200.0, 200.0, 200.0, 200.0, 200.0, 200.0, 200.0, 200.0, 200.0, 200.0, 200.0, 200.0, 200.0, 200.0, 200.0, 200.0, 200.0, 200.0, 200.0, 200.0, 200.0, 200.0, 200.0, 200.0, 200.0, 200.0, 200.0, 200.0, 200.0, 200.0, 200.0, 200.0, 200.0, 200.0, 200.0]",1,1431.86,12.6364,-0.50335,0.349596,0.0,"[7.67844, 8.24706, 9.75309, 13.5275, 72.2216, 54.138, 45.8036, 38.299, 31.8339, 26.4986, 22.2446, 18.924, 16.3531, 14.36, 11.5797, 9.20705, 7.99316, 7.45187, 7.40426]",-0.0175883,"[11.3683, 11.7767, 9.15793, 11.6222]",0.347635
0.0,0.105513,0.0,0.0,1.004,0.0,1959.12,1.55591,93.9953,1,"[200.0, 200.0, 200.0, 200.0, 200.0, 200.0, 200.0, 200.0, 200.0, 200.0, 200.0, 200.0, 200.0, 200.0, 200.0, 200.0, 200.0, 200.0, 200.0, 200.0, 200.0, 200.0, 200.0, 200.0, 200.0, 200.0, 200.0, 200.0, 200.0, 200.0, 200.0, 200.0, 200.0, 200.0, 200.0, 200.0]",1,1440.25,12.6708,-0.0758063,0.276655,0.0,"[7.68937, 8.263, 9.77893, 13.5841, 72.048, 53.9692, 45.6448, 38.1551, 31.7087, 26.3933, 22.1581, 18.8536, 16.2957, 14.3128, 11.5466, 9.18567, 7.97809, 7.44067, 7.39585]",-0.0188487,"[9.30066, 10.1915, 11.9236, 9.4098]",0.347364
0.0,0.106486,0.0,0.0,1.024,0.0,1959.19,1.62549,93.9953,1,"[200.0, 200.0, 200.0, 200.0, 200.0, 200.0, 200.0, 200.0, 200.0, 200.0, 200.0, 200.0, 200.0, 200.0, 200.0, 200.0, 200.0, 200.0, 200.0, 200.0, 200.0, 200.0, 200.0, 200.0, 200.0, 200.0, 200.0, 200.0, 200.0, 200.0, 200.0, 200.0, 200.0, 200.0, 200.0, 200.0]",1,1444.26,12.6536,0.0239986,0.196411,0.0,"[7.69779, 8.27472, 9.79723, 13.6229, 71.9379, 53.8612, 45.5426, 38.062, 31.6271, 26.3242, 22.1009, 18.8066, 16.257, 14.2807, 11.5237, 9.17045, 7.96701, 7.43211, 7.38904]",-0.0198446,"[9.08493, 9.33386, 9.53456, 11.8871]",0.346885
0.0,0.10754,0.0,0.0,1.044,0.0,1959.26,1.69507,93.9953,1,"[200.0, 200.0, 200.0, 200.0, 200.0, 200.0, 200.0, 200.0, 200.0, 200.0, 200.0, 200.0, 200.0, 200.0, 200.0, 200.0, 200.0, 200.0, 200.0, 200.0, 200.0, 200.0, 200.0, 200.0, 200.0, 200.0, 200.0, 200.0, 200.0, 200.0, 200.0, 200.0, 200.0, 200.0, 200.0, 200.0]",1,1435.58,12.5848,0.0474824,0.118614,0.0,"[7.70607, 8.2865, 9.81599, 13.6635, 71.8192, 53.7456, 45.4335, 37.963, 31.5407, 26.2514, 22.0407, 18.7575, 16.2168, 14.2475, 11.5001, 9.15499, 7.95592, 7.42368, 7.38252]",-0.020811,"[11.468, 9.8312, 11.7325, 9.43481]",0.346318
0.0,0.108517,0.0,0.0,1.064,0.0,1959.32,1.7644,93.9953,1,"[200.0, 200.0, 200.0, 200.0, 200.0, 200.0, 200.0, 200.0, 200.0, 200.0, 200.0, 200.0, 200.0, 200.0, 200.0, 200.0, 200.0, 200.0, 200.0, 200.0, 200.0, 200.0, 200.0, 200.0, 200.0, 200.0, 200.0, 200.0, 200.0, 200.0, 200.0, 200.0, 200.0, 200.0, 200.0, 200.0]",1,1440.2,12.5286,0.0530056,0.0531742,0.0,"[7.71429, 8.29801, 9.83412, 13.7023, 71.7087, 53.6375, 45.3315, 37.8703, 31.4596, 26.1828, 21.984, 18.711, 16.1786, 14.2158, 11.4776, 9.14006, 7.94509, 7.41534, 7.37594]",-0.0217773,"[12.3159, 11.4631, 9.55183, 11.8489]",0.345852
0.0,0.109502,0.0,0.0,1.084,0.0,1959.39,1.83362,93.9953,1,"[200.0, 200.0, 200.0, 200.0, 200.0, 200.0, 200.0, 200.0, 200.0, 200.0, 200.0, 200.0, 200.0, 200.0, 200.0, 200.0, 200.0, 200.0, 200.0, 200.0, 200.0, 200.0, 200.0, 200.0, 200.0, 200.0, 200.0, 200.0, 200.0, 200.0, 200.0, 200.0, 200.0, 200.0, 200.0, 200.0]",1,1523.69,12.5086,0.0556831,-0.0561031,0.0,"[7.72256, 8.30961, 9.85243, 13.7417, 71.5973, 53.5287, 45.2288, 37.7769, 31.3781, 26.1139, 21.927, 18.6643, 16.1403, 14.1841, 11.4549, 9.12506, 7.93421, 7.40697, 7.36934]",-0.0227488,"[10.8379, 12.3825, 11.5788, 10.7586]",0.345492
0.0,0.110207,1.0,0.0,1.104,0.0,1959.46,1.89954,93.9953,1,"[200.0, 200.0, 200.0, 200.0, 200.0, 200.0, 200.0, 200.0, 200.0, 200.0, 200.0, 200.0, 200.0, 200.0, 200.0, 200.0, 200.0, 200.0, 200.0, 200.0, 200.0, 200.0, 200.0, 200.0, 200.0, 200.0, 200.0, 200.0, 200.0, 200.0, 200.0, 200.0, 200.0, 200.0, 200.0, 200.0]",1,942.478,11.1863,0.0950114,-0.0324846,0.0,"[7.73017, 8.31974, 9.86776, 13.7733, 71.516, 53.4482, 45.1523, 37.7068, 31.3163, 26.061, 21.8829, 18.6277, 16.1099, 14.1586, 11.4363, 9.11233, 7.92465, 7.39931, 7.36295]",-0.0236654,"[0.0, 0.0, 6.30224, 6.82526]",0.34541
0.0,0.110751,1.0,0.0,1.124,0.0,1959.52,1.95581,93.9953,1,"[200.0, 200.0, 200.0, 200.0, 200.0, 200.0, 200.0, 200.0, 200.0, 200.0, 200.0, 200.0, 200.0, 200.0, 200.0, 200.0, 200.0, 200.0, 200.0, 200.0, 200.0, 200.0, 200.0, 200.0, 200.0, 200.0, 200.0, 200.0, 200.0, 200.0, 200.0, 200.0, 200.0, 200.0, 200.0, 200.0]",1,942.478,9.40511,0.134783,0.0124027,0.0,"[7.73634, 8.32792, 9.88002, 13.7985, 71.4528, 53.3856, 45.0927, 37.6521, 31.2679, 26.0197, 21.8482, 18.5988, 16.0859, 14.1384, 11.4216, 9.10214, 7.91695, 7.3931, 7.35772]",-0.024413,"[0.0, 0.0, 2.89223, 2.69482]",0.345817
0.0,0.111314,1.0,0.0,1.144,0.0,1959.56,2.00269,93.9953,1,"[200.0, 200.0, 200.0, 200.0, 200.0, 200.0, 200.0, 200.0, 200.0, 200.0, 200.0, 200.0, 200.0, 200.0, 200.0, 200.0, 200.0, 200.0, 200.0, 200.0, 200.0, 200.0, 200.0, 200.0, 200.0, 200.0, 200.0, 200.0, 200.0, 200.0, 200.0, 200.0, 200.0, 200.0, 200.0, 200.0]",1,942.478,7.75868,0.16916,0.00306272,0.0,"[7.7413, 8.33481, 9.89082, 13.8216, 71.3889, 53.3231, 45.0336, 37.5984, 31.2209, 25.98, 21.8154, 18.5719, 16.0637, 14.12, 11.4084, 9.09335, 7.91053, 7.38811, 7.35373]",-0.0249969,"[0.0, 0.0, 0.0, 0.0]",0.346399
0.0,0.111973,1.0,0.0,1.164,0.0,1959.6,2.04065,93.9953,1,"[200.0, 200.0, 200.0, 200.0, 200.0, 200.0, 200.0, 200.0, 200.0, 200.0, 200.0, 200.0, 200.0, 200.0, 200.0, 200.0, 200.0, 200.0, 200.0, 200.0, 200.0, 200.0, 200.0, 200.0, 200.0, 200.0, 200.0, 200.0, 200.0, 200.0, 200.0, 200.0, 200.0, 200.0, 200.0, 200.0]",1,942.478,6.15812,0.198421,-0.00842784,0.0,"[7.74521, 8.34082, 9.90098, 13.845, 71.3157, 53.2528, 44.968, 37.5395, 31.1701, 25.9376, 21.7809, 18.5441, 16.0412, 14.1016, 11.3957, 9.08533, 7.90503, 7.38418, 7.35098]",-0.0254283,"[0.0, 0.0, 0.0, 0.0]",0.346864
0.0,0.112893,1.0,0.0,1.184,0.0,1959.63,2.06982,93.9953,1,"[200.0, 200.0, 200.0, 200.0, 200.0, 200.0, 200.0, 200.0, 200.0, 200.0, 200.0, 200.0, 200.0, 200.0, 200.0, 200.0, 200.0, 200.0, 200.0, 200.0, 200.0, 200.0, 200.0, 200.0, 200.0, 200.0, 200.0, 200.0, 200.0, 200.0, 200.0, 200.0, 200.0, 200.0, 200.0, 200.0]",1,942.478,4.5641,0.227238,-0.015109,0.0,"[7.74822, 8.34657, 9.91194, 13.8727, 71.2162, 53.1587, 44.8809, 37.4622, 31.1044, 25.8838, 21.7379, 18.51, 16.0142, 14.0801, 11.3815, 9.07708, 7.89996, 7.38113, 7.34955]",-0.025708,"[0.0, 0.0, 0.0, 0.0]",0.347173
1.0,0.11394,0.0,0.0,1.204,0.0,1959.65,2.09351,93.9953,-1,"[200.0, 200.0, 200.0, 200.0, 200.0, 200.0, 200.0, 200.0, 200.0, 200.0, 200.0, 200.0, 200.0, 200.0, 200.0, 200.0, 200.0, 200.0, 200.0, 200.0, 200.0, 200.0, 200.0, 200.0, 200.0, 200.0, 200.0, 200.0, 200.0, 200.0, 200.0, 200.0, 200.0, 200.0, 200.0, 200.0]",1,956.343,4.22254,0.177708,-0.022066,0.0,"[7.75077, 8.35215, 9.92326, 13.9026, 71.1035, 53.053, 44.7836, 37.3763, 31.0318, 25.8248, 21.691, 18.4732, 15.9853, 14.0572, 11.3667, 9.06879, 7.89516, 7.37859, 7.34885]",-0.0259064,"[3.93944, 4.13363, 3.34581, 3.91485]",0.347343
1.0,0.114275,0.0,0.0,1.224,0.0,1959.68,2.11682,93.9953,-1,"[200.0, 200.0, 200.0, 200.0, 200.0, 200.0, 200.0, 200.0, 200.0, 200.0, 200.0, 200.0, 200.0, 200.0, 200.0, 200.0, 200.0, 200.0, 200.0, 200.0, 200.0, 200.0, 200.0, 200.0, 200.0, 200.0, 200.0, 200.0, 200.0, 200.0, 200.0, 200.0, 200.0, 200.0, 200.0, 200.0]",1,971.761,4.08496,0.0595665,-0.0111417,0.0,"[7.75328, 8.3558, 9.92915, 13.9157, 71.066, 53.0166, 44.7494, 37.3454, 31.0051, 25.8023, 21.6725, 18.4581, 15.973, 14.0471, 11.3595, 9.06411, 7.89182, 7.37608, 7.34693]",-0.0261953,"[6.33487, 6.54067, 4.26059, 2.67674]",0.34743
1.0,0.11458,0.0,0.0,1.244,0.0,1959.7,2.13989,93.9953,-1,"[200.0, 200.0, 200.0, 200.0, 200.0, 200.0, 200.0, 200.0, 200.0, 200.0, 200.0, 200.0, 200.0, 200.0, 200.0, 200.0, 200.0, 200.0, 200.0, 200.0, 200.0, 200.0, 200.0, 200.0, 200.0, 200.0, 200.0, 200.0, 200.0, 200.0, 200.0, 200.0, 200.0, 200.0, 200.0, 200.0]",1,987.193,4.27652,0.0468659,0.0060294,0.0,"[7.75602, 8.35958, 9.9351, 13.9285, 71.0312, 52.9827, 44.7174, 37.3164, 30.9797, 25.7808, 21.6548, 18.4435, 15.961, 14.0371, 11.3524, 9.05932, 7.88831, 7.37334, 7.34475]",-0.0265157,"[0.460087, 0.266962, 2.78215, 4.68173]",0.347532
1.0,0.11492,0.0,0.0,1.264,0.0,1959.72,2.16284,93.9953,-1,"[200.0, 200.0, 200.0, 200.0, 200.0, 200.0, 200.0, 200.0, 200.0, 200.0, 200.0, 200.0, 200.0, 200.0, 200.0, 200.0, 200.0, 200.0, 200.0, 200.0, 200.0, 200.0, 200.0, 200.0, 200.0, 200.0, 200.0, 200.0, 200.0, 200.0, 200.0, 200.0, 200.0, 200.0, 200.0, 200.0]",1,1002.64,4.17593,0.0431977,0.0236693,0.0,"[7.75877, 8.3635, 9.94136, 13.9423, 70.9927, 52.9452, 44.6822, 37.2845, 30.952, 25.7575, 21.6356, 18.4279, 15.9481, 14.0264, 11.3448, 9.05432, 7.8847, 7.37059, 7.3426]",-0.0268351,"[3.75228, 3.86629, 4.41366, 2.31878]",0.347679
1.0,0.115231,0.0,0.0,1.284,0.0,1959.75,2.18579,93.9953,-1,"[200.0, 200.0, 200.0, 200.0, 200.0, 200.0, 200.0, 200.0, 200.0, 200.0, 200.0, 200.0, 200.0, 200.0, 200.0, 200.0, 200.0, 200.0, 200.0, 200.0, 200.0, 200.0, 200.0, 200.0, 200.0, 200.0, 200.0, 200.0, 200.0, 200.0, 200.0, 200.0, 200.0, 200.0, 200.0, 200.0]",1,1018.09,4.08117,0.0347105,0.0386284,0.0,"[7.76154, 8.36735, 9.9474, 13.9554, 70.9574, 52.9108, 44.6498, 37.2551, 30.9262, 25.7358, 21.6176, 18.4131, 15.936, 14.0163, 11.3375, 9.04948, 7.88116, 7.36783, 7.34039]",-0.0271596,"[5.19161, 5.85469, 2.6637, 4.9612]",0.347857
1.0,0.115586,0.0,0.0,1.304,0.0,1959.77,2.20862,93.9953,-1,"[200.0, 200.0, 200.0, 200.0, 200.0, 200.0, 200.0, 200.0, 200.0, 200.0, 200.0, 200.0, 200.0, 200.0, 200.0, 200.0, 200.0, 200.0, 200.0, 200.0, 200.0, 200.0, 200.0, 200.0, 200.0, 200.0, 200.0, 200.0, 200.0, 200.0, 200.0, 200.0, 200.0, 200.0, 200.0, 200.0]",1,1033.55,4.13876,0.0386954,0.049597,0.0,"[7.76434, 8.37137, 9.95384, 13.9696, 70.9173, 52.8718, 44.6132, 37.222, 30.8975, 25.7116, 21.5977, 18.3969, 15.9227, 14.0054, 11.3298, 9.04437, 7.87748, 7.36504, 7.33823]",-0.0274831,"[2.91553, 4.1286, 4.47249, 2.1328]",0.348042
1.0,0.115886,0.0,0.0,1.324,0.0,1959.79,2.23145,93.9953,-1,"[200.0, 200.0, 200.0, 200.0, 200.0, 200.0, 200.0, 200.0, 200.0, 200.0, 200.0, 200.0, 200.0, 200.0, 200.0, 200.0, 200.0, 200.0, 200.0, 200.0, 200.0, 200.0, 200.0, 200.0, 200.0, 200.0, 200.0, 200.0, 200.0, 200.0, 200.0, 200.0, 200.0, 200.0, 200.0, 200.0]",1,1049.03,4.13021,0.0440371,0.055931,0.0,"[7.76709, 8.37516, 9.95979, 13.9824, 70.8832, 52.8385, 44.5817, 37.1934, 30.8726, 25.6905, 21.5802, 18.3825, 15.9108, 13.9955, 11.3227, 9.0396, 7.87399, 7.3623, 7.33602]",-0.0278056,"[4.13438, 2.73014, 2.57143, 4.92333]",0.348208
1.0,0.116221,0.0,0.0,1.344,0.0,1959.81,2.25415,93.9953,-1,"[200.0, 200.0, 200.0, 200.0, 200.0, 200.0, 200.0, 200.0, 200.0, 200.0, 200.0, 200.0, 200.0, 200.0, 200.0, 200.0, 200.0, 200.0, 200.0, 200.0, 200.0, 200.0, 200.0, 200.0, 200.0, 200.0, 200.0, 200.0, 200.0, 200.0, 200.0, 200.0, 200.0, 200.0, 200.0, 200.0]",1,942.478,4.10848,0.0468582,0.0586214,0.0,"[7.76986, 8.37908, 9.96603, 13.9962, 70.8451, 52.8016, 44.547, 37.162, 30.8453, 25.6675, 21.5613, 18.367, 15.8981, 13.985, 11.3152, 9.03464, 7.87038, 7.35954, 7.33386]",-0.028127,"[2.86712, 4.11096, 4.08486, 1.8098]",0.348329
1.0,0.116445,0.0,0.0,1.364,0.0,1959.84,2.27539,93.9953,-1,"[200.0, 200.0, 200.0, 200.0, 200.0, 200.0, 200.0, 200.0, 200.0, 200.0, 200.0, 200.0, 200.0, 200.0, 200.0, 200.0, 200.0, 200.0, 200.0, 200.0, 200.0, 200.0, 200.0, 200.0, 200.0, 200.0, 200.0, 200.0, 200.0, 200.0, 200.0, 200.0, 200.0, 200.0, 200.0, 200.0]",1,942.478,3.62733,0.0383289,0.0568519,0.0,"[7.77237, 8.38241, 9.97107, 14.0067, 70.8193, 52.776, 44.5227, 37.1398, 30.8257, 25.6508, 21.5473, 18.3555, 15.8885, 13.9769, 11.3092, 9.03056, 7.8673, 7.35705, 7.33177]",-0.0284271,"[3.90278, 2.48067, 3.27741, 2.4225]",0.348403
1.0,0.116395,0.0,0.0,1.384,0.0,1959.85,2.29407,93.9953,-1,"[200.0, 200.0, 200.0, 200.0, 200.0, 200.0, 200.0, 200.0, 200.0, 200.0, 200.0, 200.0, 200.0, 200.0, 200.0, 200.0, 200.0, 200.0, 200.0, 200.0, 200.0, 200.0, 200.0, 200.0, 200.0, 200.0, 200.0, 200.0, 200.0, 200.0, 200.0, 200.0, 200.0, 200.0, 200.0, 200.0]",1,942.478,3.15066,0.144248,0.0469577,1.0,"[7.77405, 8.38411, 9.97294, 14.009, 70.8228, 52.7781, 44.5239, 37.1402, 30.8252, 25.6497, 21.5458, 18.3536, 15.8866, 13.9749, 11.3073, 9.02878, 7.86561, 7.35536, 7.32999]",-0.028657,"[2.17125, 3.51204, 2.72845, 2.17647]",0.348446
1.0,0.115617,0.0,0.0,1.404,0.0,1959.87,2.31018,93.9953,-1,"[200.0, 200.0, 200.0, 200.0, 200.0, 200.0, 200.0, 200.0, 200.0, 200.0, 200.0, 200.0, 200.0, 200.0, 200.0, 200.0, 200.0, 200.0, 200.0, 200.0, 200.0, 200.0, 200.0, 200.0, 200.0, 200.0, 200.0, 200.0, 200.0, 200.0, 200.0, 200.0, 200.0, 200.0, 200.0, 200.0]",1,942.478,2.69622,0.317,0.0306525,1.0,"[7.77378, 8.38172, 9.96662, 13.9898, 70.9048, 52.854, 44.5931, 37.2004, 30.8753, 25.6898, 21.577, 18.3776, 15.905, 13.9891, 11.3159, 9.03293, 7.86741, 7.3556, 7.32887]",-0.0287262,"[3.40249, 1.40568, 1.39353, 1.78562]",0.348501
1.0,0.11442,0.0,0.0,1.424,0.0,1959.88,2.32361,93.9953,-1,"[200.0, 200.0, 200.0, 200.0, 200.0, 200.0, 200.0, 200.0, 200.0, 200.0, 200.0, 200.0, 200.0, 200.0, 200.0, 200.0, 200.0, 200.0, 200.0, 200.0, 200.0, 200.0, 200.0, 200.0, 200.0, 200.0, 200.0, 200.0, 200.0, 200.0, 200.0, 200.0, 200.0, 200.0, 200.0, 200.0]",1,942.478,2.18743,0.392502,0.0115797,1.0,"[7.77209, 8.37664, 9.95524, 13.9577, 71.0326, 52.973, 44.7021, 37.296, 30.9555, 25.7544, 21.6278, 18.4171, 15.9356, 14.0131, 11.331, 9.04087, 7.87154, 7.35725, 7.32843]",-0.0286631,"[1.47657, 2.76437, 1.85903, 1.35404]",0.348538
1.0,0.113057,0.0,0.0,1.444,0.0,1959.89,2.33459,93.9953,-1,"[200.0, 200.0, 200.0, 200.0, 200.0, 200.0, 200.0, 200.0, 200.0, 200.0, 200.0, 200.0, 200.0, 200.0, 200.0, 200.0, 200.0, 200.0, 200.0, 200.0, 200.0, 200.0, 200.0, 200.0, 200.0, 200.0, 200.0, 200.0, 200.0, 200.0, 200.0, 200.0, 200.0, 200.0, 200.0, 200.0]",1,942.478,1.74376,0.393263,-0.00514901,1.0,"[7.7697, 8.37036, 9.94168, 13.9205, 71.1782, 53.1092, 44.8271, 37.4059, 31.0479, 25.8293, 21.6869, 18.4632, 15.9716, 14.0413, 11.3488, 9.05051, 7.8768, 7.35963, 7.32842]",-0.0285268,"[2.65365, 0.633965, 0.533037, 1.10016]",0.348532
1.0,0.111912,0.0,0.0,1.464,0.0,1959.9,2.34302,93.9953,-1,"[200.0, 200.0, 200.0, 200.0, 200.0, 200.0, 200.0, 200.0, 200.0, 200.0, 200.0, 200.0, 200.0, 200.0, 200.0, 200.0, 200.0, 200.0, 200.0, 200.0, 200.0, 200.0, 200.0, 200.0, 200.0, 200.0, 200.0, 200.0, 200.0, 200.0, 200.0, 200.0, 200.0, 200.0, 200.0, 200.0]",1,942.478,1.30501,0.319788,-0.016031,1.0,"[7.76752, 8.36491, 9.9301, 13.8891, 71.3008, 53.224, 44.9326, 37.4988, 31.1262, 25.8928, 21.737, 18.5024, 16.0022, 14.0653, 11.3642, 9.05887, 7.88141, 7.36183, 7.32861]",-0.0283885,"[0.540489, 2.19166, 0.563455, 0.153943]",0.348469
1.0,0.110957,0.0,0.0,1.484,0.0,1959.91,2.349,93.9953,-1,"[200.0, 200.0, 200.0, 200.0, 200.0, 200.0, 200.0, 200.0, 200.0, 200.0, 200.0, 200.0, 200.0, 200.0, 200.0, 200.0, 200.0, 200.0, 200.0, 200.0, 200.0, 200.0, 200.0, 200.0, 200.0, 200.0, 200.0, 200.0, 200.0, 200.0, 200.0, 200.0, 200.0, 200.0, 200.0, 200.0]",1,942.478,0.831621,0.2744,-0.0211052,1.0,"[7.76566, 8.36031, 9.92039, 13.863, 71.4032, 53.32, 45.0209, 37.5766, 31.1918, 25.946, 21.7791, 18.5353, 16.0279, 14.0856, 11.3771, 9.06592, 7.88535, 7.36373, 7.32883]",-0.0282654,"[1.88471, -0.259324, 0.80385, 0.649712]",0.348376
1.0,0.110163,0.0,0.0,1.504,0.0,1959.91,2.35254,93.9953,-1,"[200.0, 200.0, 200.0, 200.0, 200.0, 200.0, 200.0, 200.0, 200.0, 200.0, 200.0, 200.0, 200.0, 200.0, 200.0, 200.0, 200.0, 200.0, 200.0, 200.0, 200.0, 200.0, 200.0, 200.0, 200.0, 200.0, 200.0, 200.0, 200.0, 200.0, 200.0, 200.0, 200.0, 200.0, 200.0, 200.0]",1,942.478,0.39624,0.156207,-0.0218536,1.0,"[7.76418, 8.35657, 9.91245, 13.8414, 71.4882, 53.3997, 45.0942, 37.6412, 31.2463, 25.9902, 21.8141, 18.5626, 16.0492, 14.1023, 11.3878, 9.0717, 7.88853, 7.36524, 7.32895]",-0.0281718,"[-0.42182, 1.96369, -0.0811232, 0.284983]",0.348275
1.0,0.109745,0.0,0.0,1.524,0.0,1959.91,2.35352,93.9953,-1,"[200.0, 200.0, 200.0, 200.0, 200.0, 200.0, 200.0, 200.0, 200.0, 200.0, 200.0, 200.0, 200.0, 200.0, 200.0, 200.0, 200.0, 200.0, 200.0, 200.0, 200.0, 200.0, 200.0, 200.0, 200.0, 200.0, 200.0, 200.0, 200.0, 200.0, 200.0, 200.0, 200.0, 200.0, 200.0, 200.0]",1,942.478,-0.0689381,0.102497,-0.0212368,1.0,"[7.76314, 8.35431, 9.9079, 13.8296, 71.5332, 53.4422, 45.1333, 37.6758, 31.2756, 26.0141, 21.8331, 18.5775, 16.0609, 14.1116, 11.3938, 9.07508, 7.8905, 7.36631, 7.32928]",-0.0280874,"[1.40059, -0.346314, -0.00387093, -0.12852]",0.348202
1.0,0.109464,0.0,0.0,1.544,0.0,1959.91,2.35205,93.9953,-1,"[200.0, 200.0, 200.0, 200.0, 200.0, 200.0, 200.0, 200.0, 200.0, 200.0, 200.0, 200.0, 200.0, 200.0, 200.0, 200.0, 200.0, 200.0, 200.0, 200.0, 200.0, 200.0, 200.0, 200.0, 200.0, 200.0, 200.0, 200.0, 200.0, 200.0, 200.0, 200.0, 200.0, 200.0, 200.0, 200.0]",1,942.478,-0.48443,0.0300875,-0.0187855,1.0,"[7.76239, 8.35274, 9.90478, 13.8215, 71.5636, 53.4707, 45.1597, 37.6992, 31.2954, 26.0303, 21.8459, 18.5876, 16.0689, 14.1179, 11.3979, 9.07742, 7.89188, 7.36708, 7.32956]",-0.0280233,"[-0.760703, 1.31076, -0.459071, -0.978185]",0.348155
1.0,0.109592,0.0,0.0,1.564,0.0,1959.91,2.34814,93.9953,-1,"[200.0, 200.0, 200.0, 200.0, 200.0, 200.0, 200.0, 200.0, 200.0, 200.0, 200.0, 200.0, 200.0, 200.0, 200.0, 200.0, 200.0, 200.0, 200.0, 200.0, 200.0, 200.0, 200.0, 200.0, 200.0, 200.0, 200.0, 200.0, 200.0, 200.0, 200.0, 200.0, 200.0, 200.0, 200.0, 200.0]",1,942.478,-0.860448,-0.0620391,-0.0160537,1.0,"[7.76223, 8.35292, 9.90556, 13.8242, 71.5502, 53.4585, 45.1486, 37.6896, 31.2874, 26.024, 21.8411, 18.584, 16.0662, 14.1159, 11.3967, 9.07695, 7.89178, 7.36722, 7.32992]",-0.0279877,"[0.425032, -1.35138, -0.877956, -2.514]",0.34813
1.0,0.10997,0.0,0.0,1.584,0.0,1959.9,2.34192,93.9953,-1,"[200.0, 200.0, 200.0, 200.0, 200.0, 200.0, 200.0, 200.0, 200.0, 200.0, 200.0, 200.0, 200.0, 200.0, 200.0, 200.0, 200.0, 200.0, 200.0, 200.0, 200.0, 200.0, 200.0, 200.0, 200.0, 200.0, 200.0, 200.0, 200.0, 200.0, 200.0, 200.0, 200.0, 200.0, 200.0, 200.0]",1,942.478,-1.31711,-0.160205,-0.0130001,1.0,"[7.76255, 8.35428, 9.90882, 13.8336, 71.5102, 53.4211, 45.1144, 37.6595, 31.2623, 26.0037, 21.8252, 18.5717, 16.0567, 14.1085, 11.3922, 9.07465, 7.89067, 7.36689, 7.33025]",-0.0279805,"[-1.83654, 0.075083, -1.42146, -1.25586]",0.348129
1.0,0.110743,0.0,0.0,1.604,0.0,1959.89,2.33337,93.9953,-1,"[200.0, 200.0, 200.0, 200.0, 200.0, 200.0, 200.0, 200.0, 200.0, 200.0, 200.0, 200.0, 200.0, 200.0, 200.0, 200.0, 200.0, 200.0, 200.0, 200.0, 200.0, 200.0, 200.0, 200.0, 200.0, 200.0, 200.0, 200.0, 200.0, 200.0, 200.0, 200.0, 200.0, 200.0, 200.0, 200.0]",1,942.478,-1.75422,-0.202563,-0.0106549,1.0,"[7.76334, 8.35723, 9.91572, 13.8533, 71.4279, 53.3445, 45.0441, 37.5979, 31.2105, 25.962, 21.7925, 18.5463, 16.0371, 14.0933, 11.3827, 9.06978, 7.88824, 7.36605, 7.33078]",-0.0279867,"[-0.673443, -2.04746, -1.55991, -1.72242]",0.348156
1.0,0.111657,0.0,0.0,1.624,0.0,1959.88,2.32239,93.9953,-1,"[200.0, 200.0, 200.0, 200.0, 200.0, 200.0, 200.0, 200.0, 200.0, 200.0, 200.0, 200.0, 200.0, 200.0, 200.0, 200.0, 200.0, 200.0, 200.0, 200.0, 200.0, 200.0, 200.0, 200.0, 200.0, 200.0, 200.0, 200.0, 200.0, 200.0, 200.0, 200.0, 200.0, 200.0, 200.0, 200.0]",1,942.478,-2.15359,-0.319128,-0.0086386,1.0,"[7.76443, 8.36086, 9.92407, 13.8768, 71.3307, 53.2537, 44.9609, 37.5249, 31.1492, 25.9126, 21.7537, 18.5162, 16.0137, 14.0751, 11.3714, 9.06386, 7.88522, 7.36493, 7.33125]",-0.0280131,"[-2.67575, -0.71335, -2.31999, -2.45453]",0.348195
1.0,0.112847,0.0,0.0,1.644,0.0,1959.87,2.30896,93.9953,-1,"[200.0, 200.0, 200.0, 200.0, 200.0, 200.0, 200.0, 200.0, 200.0, 200.0, 200.0, 200.0, 200.0, 200.0, 200.0, 200.0, 200.0, 200.0, 200.0, 200.0, 200.0, 200.0, 200.0, 200.0, 200.0, 200.0, 200.0, 200.0, 200.0, 200.0, 200.0, 200.0, 200.0, 200.0, 200.0, 200.0]",1,942.478,-2.58141,-0.354594,-0.00592106,1.0,"[7.766, 8.36576, 9.93516, 13.908, 71.2039, 53.1354, 44.8525, 37.4297, 31.0693, 25.848, 21.7029, 18.4768, 15.9831, 14.0512, 11.3564, 9.05601, 7.88115, 7.36334, 7.33175]",-0.028065,"[-1.49516, -2.75119, -3.11467, -2.44661]",0.348236
1.0,0.114392,0.0,0.0,1.664,0.0,1959.85,2.29321,93.9953,-1,"[200.0, 200.0, 200.0, 200.0, 200.0, 200.0, 200.0, 200.0, 200.0, 200.0, 200.0, 200.0, 200.0, 200.0, 200.0, 200.0, 200.0, 200.0, 200.0, 200.0, 200.0, 200.0, 200.0, 200.0, 200.0, 200.0, 200.0, 200.0, 200.0, 200.0, 200.0, 200.0, 200.0, 200.0, 200.0, 200.0]",1,942.478,-3.00989,-0.460103,-0.00416422,1.0,"[7.76798, 8.37209, 9.94956, 13.9487, 71.0394, 52.9821, 44.712, 37.3064, 30.966, 25.7647, 21.6374, 18.4259, 15.9437, 14.0204, 11.3371, 9.04593, 7.87597, 7.36137, 7.33248]",-0.028123,"[-3.50049, -1.33091, -3.15545, -2.86241]",0.348274
1.0,0.116213,0.0,0.0,1.684,0.0,1959.84,2.27502,93.9953,-1,"[200.0, 200.0, 200.0, 200.0, 200.0, 200.0, 200.0, 200.0, 200.0, 200.0, 200.0, 200.0, 200.0, 200.0, 200.0, 200.0, 200.0, 200.0, 200.0, 200.0, 200.0, 200.0, 200.0, 200.0, 200.0, 200.0, 200.0, 200.0, 200.0, 200.0, 200.0, 200.0, 200.0, 200.0, 200.0, 200.0]",1,942.478,-3.43746,-0.507009,-0.00133911,1.0,"[7.77045, 8.3797, 9.96675, 13.9972, 70.8455, 52.8015, 44.5467, 37.1615, 30.8445, 25.6667, 21.5604, 18.3661, 15.8973, 13.9841, 11.3144, 9.03398, 7.86977, 7.35895, 7.33325]",-0.0282064,"[-2.34621, -3.38066, -3.42162, -3.3419]",0.348286
1.0,0.118229,0.0,0.0,1.704,0.0,1959.81,2.25452,93.9953,-1,"[200.0, 200.0, 200.0, 200.0, 200.0, 200.0, 200.0, 200.0, 200.0, 200.0, 200.0, 200.0, 200.0, 200.0, 200.0, 200.0, 200.0, 200.0, 200.0, 200.0, 200.0, 200.0, 200.0, 200.0, 200.0, 200.0, 200.0, 200.0, 200.0, 200.0, 200.0, 200.0, 200.0, 200.0, 200.0, 200.0]",1,942.478,-3.8741,-0.594964,0.00182422,1.0,"[7.7732, 8.38815, 9.98588, 14.0514, 70.6308, 52.6019, 44.3641, 37.0016, 30.7107, 25.5588, 21.4757, 18.3003, 15.8462, 13.9443, 11.2894, 9.02083, 7.86298, 7.35633, 7.33417]",-0.0282949,"[-4.32575, -2.03063, -3.83221, -3.30792]",0.348268
1.0,0.120609,0.0,0.0,1.724,0.0,1959.79,2.23157,93.9953,-1,"[200.0, 200.0, 200.0, 200.0, 200.0, 200.0, 200.0, 200.0, 200.0, 200.0, 200.0, 200.0, 200.0, 200.0, 200.0, 200.0, 200.0, 200.0, 200.0, 200.0, 200.0, 200.0, 200.0, 200.0, 200.0, 200.0, 200.0, 200.0, 200.0, 200.0, 200.0, 200.0, 200.0, 200.0, 200.0, 200.0]",1,942.478,-4.28607,-0.666282,0.0065066,1.0,"[7.77649, 8.39821, 10.0086, 14.1162, 70.3773, 52.3665, 44.149, 36.8135, 30.5533, 25.4321, 21.3762, 18.2231, 15.7862, 13.8974, 11.26, 9.0054, 7.85501, 7.35327, 7.33527]",-0.0283997,"[-3.21079, -4.08519, -4.50029, -3.81903]",0.348198
1.0,0.12328,0.0,0.0,1.744,0.0,1959.77,2.20618,93.9953,-1,"[200.0, 200.0, 200.0, 200.0, 200.0, 200.0, 200.0, 200.0, 200.0, 200.0, 200.0, 200.0, 200.0, 200.0, 200.0, 200.0, 200.0, 200.0, 200.0, 200.0, 200.0, 200.0, 200.0, 200.0, 200.0, 200.0, 200.0, 200.0, 200.0, 200.0, 200.0, 200.0, 200.0, 200.0, 200.0, 200.0]",1,942.478,-4.72403,-0.754541,0.0128976,1.0,"[7.78024, 8.40958, 10.0343, 14.19, 70.0931, 52.1031, 43.9086, 36.6035, 30.3779, 25.291, 21.2655, 18.1371, 15.7195, 13.8453, 11.2272, 8.9882, 7.84614, 7.34989, 7.33656]",-0.0285156,"[-5.17784, -2.71977, -5.10348, -3.67464]",0.348068
1.0,0.126215,0.0,0.0,1.764,0.0,1959.74,2.17834,93.9953,-1,"[200.0, 200.0, 200.0, 200.0, 200.0, 200.0, 200.0, 200.0, 200.0, 200.0, 200.0, 200.0, 200.0, 200.0, 200.0, 200.0, 200.0, 200.0, 200.0, 200.0, 200.0, 200.0, 200.0, 200.0, 200.0, 200.0, 200.0, 200.0, 200.0, 200.0, 200.0, 200.0, 200.0, 200.0, 200.0, 200.0]",1,942.478,-5.14836,-0.819299,0.021652,1.0,"[7.78441, 8.42215, 10.0628, 14.2722, 69.7808, 51.8142, 43.6454, 36.3739, 30.1864, 25.1372, 21.1448, 18.0435, 15.6468, 13.7885, 11.1916, 8.96944, 7.83649, 7.34625, 7.33807]",-0.0286407,"[-4.07216, -4.74684, -5.21737, -4.26218]",0.347868
0.0,0.128524,1.0,0.0,1.784,0.0,1959.71,2.15308,93.9953,-1,"[200.0, 200.0, 200.0, 200.0, 200.0, 200.0, 200.0, 200.0, 200.0, 200.0, 200.0, 200.0, 200.0, 200.0, 200.0, 200.0, 200.0, 200.0, 200.0, 200.0, 200.0, 200.0, 200.0, 200.0, 200.0, 200.0, 200.0, 200.0, 200.0, 200.0, 200.0, 200.0, 200.0, 200.0, 200.0, 200.0]",1,942.478,-3.77137,-0.556957,0.0322324,1.0,"[7.78767, 8.43206, 10.0854, 14.3377, 69.5352, 51.5876, 43.4391, 36.1943, 30.0368, 25.0171, 21.0507, 17.9705, 15.5902, 13.7442, 11.1638, 8.95487, 7.82903, 7.34351, 7.33936]",-0.0287292,"[0.0, 0.0, -1.1378, -0.884959]",0.347682
1.0,0.130521,0.0,0.0,1.804,0.0,1959.69,2.13208,93.9953,-1,"[200.0, 200.0, 200.0, 200.0, 200.0, 200.0, 200.0, 200.0, 200.0, 200.0, 200.0, 200.0, 200.0, 200.0, 200.0, 200.0, 200.0, 200.0, 200.0, 200.0, 200.0, 200.0, 200.0, 200.0, 200.0, 200.0, 200.0, 200.0, 200.0, 200.0, 200.0, 200.0, 200.0, 200.0, 200.0, 200.0]",1,942.478,-3.95544,-0.598966,0.0408781,1.0,"[7.79021, 8.44035, 10.1046, 14.3944, 69.3232, 51.3924, 43.2617, 36.0401, 29.9086, 24.9144, 20.9704, 17.9083, 15.542, 13.7067, 11.1403, 8.94271, 7.82295, 7.34148, 7.34083]",-0.0287638,"[-4.31422, -1.9404, -3.75997, -4.47505]",0.347583
1.0,0.132849,0.0,0.0,1.824,0.0,1959.67,2.10852,93.9953,-1,"[200.0, 200.0, 200.0, 200.0, 200.0, 200.0, 200.0, 200.0, 200.0, 200.0, 200.0, 200.0, 200.0, 200.0, 200.0, 200.0, 200.0, 200.0, 200.0, 200.0, 200.0, 200.0, 200.0, 200.0, 200.0, 200.0, 200.0, 200.0, 200.0, 200.0, 200.0, 200.0, 200.0, 200.0, 200.0, 200.0]",1,942.478,-4.35358,-0.666413,0.0479519,1.0,"[7.79344, 8.45029, 10.1274, 14.4617, 69.0759, 51.165, 43.0552, 35.8608, 29.7597, 24.7951, 20.8771, 17.836, 15.4859, 13.6629, 11.1128, 8.92836, 7.81568, 7.33894, 7.34235]",-0.028833,"[-3.45444, -5.03004, -5.67724, -3.99922]",0.347415
1.0,0.135548,0.0,0.0,1.844,0.0,1959.64,2.08264,93.9953,-1,"[200.0, 200.0, 200.0, 200.0, 200.0, 200.0, 200.0, 200.0, 200.0, 200.0, 200.0, 200.0, 200.0, 200.0, 200.0, 200.0, 200.0, 200.0, 200.0, 200.0, 200.0, 200.0, 200.0, 200.0, 200.0, 200.0, 200.0, 200.0, 200.0, 200.0, 200.0, 200.0, 200.0, 200.0, 200.0, 200.0]",1,942.478,-4.82954,-0.75337,0.0531043,1.0,"[7.79716, 8.46183, 10.1539, 14.5407, 68.7894, 50.9021, 42.8169, 35.6541, 29.5882, 24.6579, 20.7698, 17.7529, 15.4215, 13.6125, 11.0813, 8.91193, 7.80741, 7.33613, 7.34425]",-0.0289012,"[-5.2278, -2.10709, -4.94691, -3.77812]",0.347188
1.0,0.138546,0.0,0.0,1.864,0.0,1959.61,2.05444,93.9953,-1,"[200.0, 200.0, 200.0, 200.0, 200.0, 200.0, 200.0, 200.0, 200.0, 200.0, 200.0, 200.0, 200.0, 200.0, 200.0, 200.0, 200.0, 200.0, 200.0, 200.0, 200.0, 200.0, 200.0, 200.0, 200.0, 200.0, 200.0, 200.0, 200.0, 200.0, 200.0, 200.0, 200.0, 200.0, 200.0, 200.0]",1,942.478,-5.22816,-0.84,0.0591767,1.0,"[7.8014, 8.47482, 10.1838, 14.63, 68.4713, 50.6107, 42.553, 35.4256, 29.3988, 24.5066, 20.6516, 17.6613, 15.3504, 13.557, 11.0465, 8.89376, 7.79828, 7.33302, 7.34639]",-0.0289815,"[-4.233, -5.85816, -4.79807, -5.57671]",0.346885
0.0,0.140683,1.0,0.0,1.884,0.0,1959.59,2.02832,93.9953,-1,"[200.0, 200.0, 200.0, 200.0, 200.0, 200.0, 200.0, 200.0, 200.0, 200.0, 200.0, 200.0, 200.0, 200.0, 200.0, 200.0, 200.0, 200.0, 200.0, 200.0, 200.0, 200.0, 200.0, 200.0, 200.0, 200.0, 200.0, 200.0, 200.0, 200.0, 200.0, 200.0, 200.0, 200.0, 200.0, 200.0]",1,942.478,-3.90003,-0.587153,0.0655551,1.0,"[7.80451, 8.48419, 10.2053, 14.6947, 68.2446, 50.4034, 42.3656, 35.2635, 29.2646, 24.3994, 20.5678, 17.5964, 15.3001, 13.5177, 11.0218, 8.88085, 7.79177, 7.33082, 7.34792]",-0.0290436,"[0.0, 0.0, -1.98448, -1.64917]",0.346643
1.0,0.142619,0.0,0.0,1.904,0.0,1959.57,2.00635,93.9953,-1,"[200.0, 200.0, 200.0, 200.0, 200.0, 200.0, 200.0, 200.0, 200.0, 200.0, 200.0, 200.0, 200.0, 200.0, 200.0, 200.0, 200.0, 200.0, 200.0, 200.0, 200.0, 200.0, 200.0, 200.0, 200.0, 200.0, 200.0, 200.0, 200.0, 200.0, 200.0, 200.0, 200.0, 200.0, 200.0, 200.0]",1,942.478,-4.15598,-0.626942,0.0662546,1.0,"[7.80703, 8.49236, 10.2245, 14.7533, 68.0396, 50.2166, 42.1969, 35.1179, 29.1443, 24.3036, 20.4931, 17.5387, 15.2553, 13.4828, 11.0, 8.86962, 7.78625, 7.32918, 7.34966]",-0.0290558,"[-4.4484, -1.96653, -3.77489, -3.23396]",0.346526
1.0,0.14518,0.0,0.0,1.924,0.0,1959.54,1.98193,93.9953,-1,"[200.0, 200.0, 200.0, 200.0, 200.0, 200.0, 200.0, 200.0, 200.0, 200.0, 200.0, 200.0, 200.0, 200.0, 200.0, 200.0, 200.0, 200.0, 200.0, 200.0, 200.0, 200.0, 200.0, 200.0, 200.0, 200.0, 200.0, 200.0, 200.0, 200.0, 200.0, 200.0, 200.0, 200.0, 200.0, 200.0]",1,942.478,-4.56075,-0.710077,0.0653043,1.0,"[7.81055, 8.50341, 10.2502, 14.8322, 67.7684, 49.9696, 41.9741, 34.9257, 28.9858, 24.1772, 20.3946, 17.4625, 15.1963, 13.4367, 10.9711, 8.85467, 7.77888, 7.3269, 7.35188]",-0.0290894,"[-3.6063, -5.18301, -4.43349, -3.61354]",0.346334
1.0,0.147911,0.0,0.0,1.944,0.0,1959.52,1.95508,93.9953,-1,"[200.0, 200.0, 200.0, 200.0, 200.0, 200.0, 200.0, 200.0, 200.0, 200.0, 200.0, 200.0, 200.0, 200.0, 200.0, 200.0, 200.0, 200.0, 200.0, 200.0, 200.0, 200.0, 200.0, 200.0, 200.0, 200.0, 200.0, 200.0, 200.0, 200.0, 200.0, 200.0, 200.0, 200.0, 200.0, 200.0]",1,942.478,-4.99126,-0.791499,0.063763,1.0,"[7.81442, 8.51534, 10.2779, 14.9177, 67.4794, 49.7069, 41.7374, 34.7219, 28.8178, 24.0434, 20.2903, 17.3818, 15.1337, 13.3879, 10.9405, 8.83879, 7.77104, 7.32449, 7.35424]",-0.0291311,"[-5.40416, -2.19295, -5.10919, -3.78423]",0.346085
1.0,0.150816,0.0,0.0,1.964,0.0,1959.49,1.92627,93.9952,-1,"[200.0, 200.0, 200.0, 200.0, 200.0, 200.0, 200.0, 200.0, 200.0, 200.0, 200.0, 200.0, 200.0, 200.0, 200.0, 200.0, 200.0, 200.0, 200.0, 200.0, 200.0, 200.0, 200.0, 200.0, 200.0, 200.0, 200.0, 200.0, 200.0, 200.0, 200.0, 200.0, 200.0, 200.0, 200.0, 200.0]",1,979.013,-5.39904,-0.850003,-0.0115722,1.0,"[7.81852, 8.52806, 10.3076, 15.01, 67.1722, 49.4284, 41.4869, 34.5065, 28.6404, 23.9025, 20.1805, 17.2968, 15.0679, 13.3365, 10.9083, 8.82211, 7.76286, 7.32207, 7.3569]",-0.0291636,"[-4.24701, -5.90878, -6.11199, -5.15115]",0.345485
0.0,0.153108,1.0,0.0,1.984,0.0,1959.46,1.89905,93.9952,-1,"[200.0, 200.0, 200.0, 200.0, 200.0, 200.0, 200.0, 200.0, 200.0, 200.0, 200.0, 200.0, 200.0, 200.0, 200.0, 200.0, 200.0, 200.0, 200.0, 200.0, 200.0, 200.0, 200.0, 200.0, 200.0, 200.0, 200.0, 200.0, 200.0, 200.0, 200.0, 200.0, 200.0, 200.0, 200.0, 200.0]",1,942.478,-4.09543,-0.603121,-0.00170325,1.0,"[7.82164, 8.538, 10.331, 15.0837, 66.9301, 49.2094, 41.2902, 34.3377, 28.5017, 23.7923, 20.0947, 17.2306, 15.0166, 13.2964, 10.8833, 8.80923, 7.75663, 7.32037, 7.35921]",-0.0291677,"[0.0, 0.0, -1.51274, -1.24165]",0.344938
1.0,0.155483,0.0,0.0,2.006,0.0,1959.43,1.87378,93.9952,-1,"[200.0, 200.0, 200.0, 200.0, 200.0, 200.0, 200.0, 200.0, 200.0, 200.0, 200.0, 200.0, 200.0, 200.0, 200.0, 200.0, 200.0, 200.0, 200.0, 200.0, 200.0, 200.0, 200.0, 200.0, 200.0, 200.0, 200.0, 200.0, 200.0, 200.0, 200.0, 200.0, 200.0, 200.0, 200.0, 200.0]",1,942.478,-4.3387,-0.656711,0.00650025,1.0,"[7.82462, 8.54802, 10.355, 15.1604, 66.6797, 48.9836, 41.0879, 34.1643, 28.3596, 23.6796, 20.0072, 17.1631, 14.9644, 13.2558, 10.858, 8.79635, 7.75056, 7.31895, 7.36194]",-0.0291311,"[-5.45319, -3.7123, -3.80294, -3.14786]",0.344557
1.0,0.15846,0.0,0.0,2.028,0.0,1959.41,1.84558,93.9952,-1,"[200.0, 200.0, 200.0, 200.0, 200.0, 200.0, 200.0, 200.0, 200.0, 200.0, 200.0, 200.0, 200.0, 200.0, 200.0, 200.0, 200.0, 200.0, 200.0, 200.0, 200.0, 200.0, 200.0, 200.0, 200.0, 200.0, 200.0, 200.0, 200.0, 200.0, 200.0, 200.0, 200.0, 200.0, 200.0, 200.0]",1,942.478,-4.80497,-0.777674,0.0163113,1.0,"[7.82884, 8.56119, 10.3859, 15.2593, 66.3657, 48.7006, 40.8344, 33.9473, 28.1816, 23.5385, 19.8975, 17.0783, 14.8987, 13.2045, 10.8258, 8.77979, 7.74256, 7.3168, 7.36501]",-0.0291402,"[-5.21496, -2.16127, -4.73336, -4.01774]",0.344219
1.0,0.161837,0.0,0.0,2.05,0.0,1959.37,1.81433,93.9952,-1,"[200.0, 200.0, 200.0, 200.0, 200.0, 200.0, 200.0, 200.0, 200.0, 200.0, 200.0, 200.0, 200.0, 200.0, 200.0, 200.0, 200.0, 200.0, 200.0, 200.0, 200.0, 200.0, 200.0, 200.0, 200.0, 200.0, 200.0, 200.0, 200.0, 200.0, 200.0, 200.0, 200.0, 200.0, 200.0, 200.0]",1,942.478,-5.31486,-0.870117,0.0218946,1.0,"[7.83363, 8.57614, 10.4213, 15.3734, 66.0097, 48.3808, 40.5484, 33.7029, 27.9816, 23.3801, 19.7743, 16.9832, 14.825, 13.147, 10.7899, 8.7613, 7.73371, 7.31455, 7.36868]",-0.0291361,"[-3.42734, -3.34615, -5.78998, -4.31285]",0.344002
0.0,0.164048,1.0,0.0,2.072,0.0,1959.35,1.78625,93.9952,-1,"[200.0, 200.0, 200.0, 200.0, 200.0, 200.0, 200.0, 200.0, 200.0, 200.0, 200.0, 200.0, 200.0, 200.0, 200.0, 200.0, 200.0, 200.0, 200.0, 200.0, 200.0, 200.0, 200.0, 200.0, 200.0, 200.0, 200.0, 200.0, 200.0, 200.0, 200.0, 200.0, 200.0, 200.0, 200.0, 200.0]",1,942.478,-3.71743,-0.543404,0.0232794,1.0,"[7.83659, 8.58577, 10.4443, 15.4489, 65.7771, 48.1724, 40.3624, 33.5443, 27.852, 23.2777, 19.6949, 16.9218, 14.7776, 13.11, 10.7668, 8.74956, 7.7282, 7.31335, 7.37135]",-0.0291026,"[0.0, 0.0, -2.02309, -1.73294]",0.343962
1.0,0.166092,0.0,0.0,2.094,0.0,1959.32,1.76306,93.9952,-1,"[200.0, 200.0, 200.0, 200.0, 200.0, 200.0, 200.0, 200.0, 200.0, 200.0, 200.0, 200.0, 200.0, 200.0, 200.0, 200.0, 200.0, 200.0, 200.0, 200.0, 200.0, 200.0, 200.0, 200.0, 200.0, 200.0, 200.0, 200.0, 200.0, 200.0, 200.0, 200.0, 200.0, 200.0, 200.0, 200.0]",1,942.478,-3.9872,-0.596373,0.0206379,1.0,"[7.83906, 8.59441, 10.4654, 15.5191, 65.5626, 47.9807, 40.1916, 33.3989, 27.7336, 23.1842, 19.6225, 16.8661, 14.7345, 13.0765, 10.746, 8.73908, 7.72345, 7.31256, 7.37414]",-0.0290334,"[-5.02094, -3.72106, -3.75967, -3.17301]",0.344059
1.0,0.168751,0.0,0.0,2.116,0.0,1959.3,1.73682,93.9952,-1,"[200.0, 200.0, 200.0, 200.0, 200.0, 200.0, 200.0, 200.0, 200.0, 200.0, 200.0, 200.0, 200.0, 200.0, 200.0, 200.0, 200.0, 200.0, 200.0, 200.0, 200.0, 200.0, 200.0, 200.0, 200.0, 200.0, 200.0, 200.0, 200.0, 200.0, 200.0, 200.0, 200.0, 200.0, 200.0, 200.0]",1,942.478,-4.47537,-0.710453,0.0135511,1.0,"[7.84274, 8.60617, 10.4935, 15.6127, 65.2831, 47.7313, 39.9694, 33.21, 27.5795, 23.0626, 19.5282, 16.7933, 14.6782, 13.0325, 10.7186, 8.72511, 7.71693, 7.3112, 7.37743]",-0.0289937,"[-4.84998, -1.79874, -5.06151, -3.73114]",0.344179
1.0,0.171693,0.0,0.0,2.138,0.0,1959.27,1.70776,93.9952,-1,"[200.0, 200.0, 200.0, 200.0, 200.0, 200.0, 200.0, 200.0, 200.0, 200.0, 200.0, 200.0, 200.0, 200.0, 200.0, 200.0, 200.0, 200.0, 200.0, 200.0, 200.0, 200.0, 200.0, 200.0, 200.0, 200.0, 200.0, 200.0, 200.0, 200.0, 200.0, 200.0, 200.0, 200.0, 200.0, 200.0]",1,942.478,-4.98606,-0.7947,0.0409678,1.0,"[7.84681, 8.61923, 10.5249, 15.718, 64.9745, 47.4564, 39.725, 33.0024, 27.4105, 22.9292, 19.4248, 16.7136, 14.6165, 12.9844, 10.6886, 8.70984, 7.70985, 7.3098, 7.3812]",-0.0289419,"[-3.053, -3.15137, -5.13341, -4.06667]",0.344509
1.0,0.174674,0.0,0.0,2.16,0.0,1959.24,1.67566,93.9952,-1,"[200.0, 200.0, 200.0, 200.0, 200.0, 200.0, 200.0, 200.0, 200.0, 200.0, 200.0, 200.0, 200.0, 200.0, 200.0, 200.0, 200.0, 200.0, 200.0, 200.0, 200.0, 200.0, 200.0, 200.0, 200.0, 200.0, 200.0, 200.0, 200.0, 200.0, 200.0, 200.0, 200.0, 200.0, 200.0, 200.0]",1,942.478,-5.45172,-0.692622,0.0274183,0.0,"[7.85047, 8.63199, 10.5563, 15.8256, 64.6624, 47.1795, 39.4796, 32.7944, 27.2416, 22.7963, 19.322, 16.6345, 14.5554, 12.9369, 10.6591, 8.69511, 7.70332, 7.30898, 7.38564]",-0.0288167,"[-4.24489, -6.00571, -5.23096, -5.08461]",0.345047
0.0,0.176223,1.0,0.0,2.182,0.0,1959.21,1.646,93.9952,-1,"[200.0, 200.0, 200.0, 200.0, 200.0, 200.0, 200.0, 200.0, 200.0, 200.0, 200.0, 200.0, 200.0, 200.0, 200.0, 200.0, 200.0, 200.0, 200.0, 200.0, 200.0, 200.0, 200.0, 200.0, 200.0, 200.0, 200.0, 200.0, 200.0, 200.0, 200.0, 200.0, 200.0, 200.0, 200.0, 200.0]",1,942.478,-4.00275,-0.429969,0.00479007,0.0,"[7.85107, 8.63717, 10.5708, 15.879, 64.502, 47.0384, 39.3551, 32.6896, 27.1572, 22.7306, 19.2717, 16.5962, 14.5262, 12.9145, 10.6457, 8.68905, 7.70133, 7.30991, 7.38929]",-0.0285756,"[0.0, 0.0, -1.18318, -0.956464]",0.345634
1.0,0.176679,0.0,0.0,2.204,0.0,1959.18,1.6217,93.9952,-1,"[200.0, 200.0, 200.0, 200.0, 200.0, 200.0, 200.0, 200.0, 200.0, 200.0, 200.0, 200.0, 200.0, 200.0, 200.0, 200.0, 200.0, 200.0, 200.0, 200.0, 200.0, 200.0, 200.0, 200.0, 200.0, 200.0, 200.0, 200.0, 200.0, 200.0, 200.0, 200.0, 200.0, 200.0, 200.0, 200.0]",1,942.478,-4.25417,-0.0536035,-0.0200792,0.0,"[7.84867, 8.63585, 10.5714, 15.8885, 64.4579, 47.0014, 39.3236, 32.6643, 27.1379, 22.7166, 19.2619, 16.5896, 14.5219, 12.9119, 10.6453, 8.6902, 7.7034, 7.31271, 7.39293]",-0.0281698,"[-3.57007, -4.17791, -4.03787, -4.72484]",0.346241
1.0,0.176267,0.0,0.0,2.226,0.0,1959.15,1.59436,93.9952,-1,"[200.0, 200.0, 200.0, 200.0, 200.0, 200.0, 200.0, 200.0, 200.0, 200.0, 200.0, 200.0, 200.0, 200.0, 200.0, 200.0, 200.0, 200.0, 200.0, 200.0, 200.0, 200.0, 200.0, 200.0, 200.0, 200.0, 200.0, 200.0, 200.0, 200.0, 200.0, 200.0, 200.0, 200.0, 200.0, 200.0]",1,942.478,-4.82622,0.0249271,-0.067823,0.0,"[7.84301, 8.62833, 10.5598, 15.8606, 64.5069, 47.0485, 39.3675, 32.7037, 27.1721, 22.7454, 19.2861, 16.6098, 14.539, 12.9265, 10.6563, 8.69812, 7.70959, 7.31788, 7.39741]",-0.0275136,"[-3.22374, -2.34446, -4.19732, -5.4364]",0.346903
1.0,0.175771,0.0,0.0,2.248,0.0,1959.12,1.56396,93.9952,-1,"[200.0, 200.0, 200.0, 200.0, 200.0, 200.0, 200.0, 200.0, 200.0, 200.0, 200.0, 200.0, 200.0, 200.0, 200.0, 200.0, 200.0, 200.0, 200.0, 200.0, 200.0, 200.0, 200.0, 200.0, 200.0, 200.0, 200.0, 200.0, 200.0, 200.0, 200.0, 200.0, 200.0, 200.0, 200.0, 200.0]",1,942.478,-5.32383,0.0406366,-0.116131,0.0,"[7.83645, 8.61958, 10.5462, 15.8278, 64.5655, 47.1047, 39.4197, 32.7505, 27.2126, 22.7797, 19.3147, 16.6337, 14.5591, 12.9436, 10.6692, 8.70734, 7.71679, 7.32384, 7.40256]",-0.0267578,"[-5.8393, -3.48271, -4.49549, -5.06562]",0.347445
0.0,0.175392,1.0,0.0,2.27,0.0,1959.1,1.53601,93.9952,-1,"[200.0, 200.0, 200.0, 200.0, 200.0, 200.0, 200.0, 200.0, 200.0, 200.0, 200.0, 200.0, 200.0, 200.0, 200.0, 200.0, 200.0, 200.0, 200.0, 200.0, 200.0, 200.0, 200.0, 200.0, 200.0, 200.0, 200.0, 200.0, 200.0, 200.0, 200.0, 200.0, 200.0, 200.0, 200.0, 200.0]",1,942.478,-3.8261,0.0829078,-0.143568,0.0,"[7.83039, 8.61174, 10.5343, 15.8002, 64.6117, 47.1495, 39.4617, 32.7885, 27.2458, 22.8081, 19.3386, 16.6539, 14.5763, 12.9583, 10.6804, 8.7156, 7.72337, 7.32943, 7.40755]",-0.0260437,"[0.0, 0.0, -1.64606, -1.35366]",0.3477
1.0,0.175063,0.0,0.0,2.292,0.0,1959.07,1.51282,93.9952,-1,"[200.0, 200.0, 200.0, 200.0, 200.0, 200.0, 200.0, 200.0, 200.0, 200.0, 200.0, 200.0, 200.0, 200.0, 200.0, 200.0, 200.0, 200.0, 200.0, 200.0, 200.0, 200.0, 200.0, 200.0, 200.0, 200.0, 200.0, 200.0, 200.0, 200.0, 200.0, 200.0, 200.0, 200.0, 200.0, 200.0]",1,942.478,-4.13949,0.0385867,-0.145554,0.0,"[7.82533, 8.60514, 10.5242, 15.7769, 64.6515, 47.188, 39.4979, 32.8211, 27.2743, 22.8323, 19.3591, 16.6711, 14.5908, 12.9708, 10.69, 8.72256, 7.72889, 7.3341, 7.41166]",-0.0254486,"[-4.65063, -4.29322, -3.14849, -3.34403]",0.347724
0.0,0.174614,0.0,0.0,2.314,0.0,1959.05,1.48779,93.9952,-1,"[200.0, 200.0, 200.0, 200.0, 200.0, 200.0, 200.0, 200.0, 200.0, 200.0, 200.0, 200.0, 200.0, 200.0, 200.0, 200.0, 200.0, 200.0, 200.0, 200.0, 200.0, 200.0, 200.0, 200.0, 200.0, 200.0, 200.0, 200.0, 200.0, 200.0, 200.0, 200.0, 200.0, 200.0, 200.0, 200.0]",1,942.478,-4.12988,0.0419061,-0.145719,0.0,"[7.81989, 8.59778, 10.5126, 15.7486, 64.7041, 47.2381, 39.5443, 32.8626, 27.31, 22.8624, 19.3841, 16.692, 14.6083, 12.9856, 10.7011, 8.73038, 7.73492, 7.33904, 7.41585]",-0.0248281,"[-4.1749, -1.83152, -4.48638, -4.37719]",0.34779
0.0,0.174226,0.0,0.0,2.336,0.0,1959.02,1.46289,93.9952,-1,"[200.0, 200.0, 200.0, 200.0, 200.0, 200.0, 200.0, 200.0, 200.0, 200.0, 200.0, 200.0, 200.0, 200.0, 200.0, 200.0, 200.0, 200.0, 200.0, 200.0, 200.0, 200.0, 200.0, 200.0, 200.0, 200.0, 200.0, 200.0, 200.0, 200.0, 200.0, 200.0, 200.0, 200.0, 200.0, 200.0]",1,942.478,-4.17522,0.0429967,-0.14362,0.0,"[7.81451, 8.59066, 10.5016, 15.7226, 64.7504, 47.2826, 39.5858, 32.8998, 27.3424, 22.8898, 19.4071, 16.7112, 14.6245, 12.9995, 10.7115, 8.73791, 7.74081, 7.34396, 7.42014]",-0.0242035,"[-2.14889, -2.68945, -3.9397, -3.87248]",0.34785
0.0,0.173815,0.0,0.0,2.358,0.0,1959.0,1.43787,93.9952,-1,"[200.0, 200.0, 200.0, 200.0, 200.0, 200.0, 200.0, 200.0, 200.0, 200.0, 200.0, 200.0, 200.0, 200.0, 200.0, 200.0, 200.0, 200.0, 200.0, 200.0, 200.0, 200.0, 200.0, 200.0, 200.0, 200.0, 200.0, 200.0, 200.0, 200.0, 200.0, 200.0, 200.0, 200.0, 200.0, 200.0]",1,942.478,-4.20488,0.0441849,-0.140181,0.0,"[7.8091, 8.58346, 10.4904, 15.6958, 64.7989, 47.3291, 39.6291, 32.9387, 27.376, 22.9183, 19.4309, 16.7311, 14.6412, 13.0137, 10.7222, 8.74555, 7.74677, 7.34888, 7.42439]",-0.0235799,"[-2.8923, -5.21299, -2.56359, -2.73602]",0.347896
0.0,0.173372,0.0,0.0,2.38,0.0,1958.97,1.41284,93.9952,-1,"[200.0, 200.0, 200.0, 200.0, 200.0, 200.0, 200.0, 200.0, 200.0, 200.0, 200.0, 200.0, 200.0, 200.0, 200.0, 200.0, 200.0, 200.0, 200.0, 200.0, 200.0, 200.0, 200.0, 200.0, 200.0, 200.0, 200.0, 200.0, 200.0, 200.0, 200.0, 200.0, 200.0, 200.0, 200.0, 200.0]",1,942.478,-4.16768,0.0442445,-0.136195,0.0,"[7.80367, 8.57613, 10.4789, 15.6681, 64.8508, 47.3786, 39.6751, 32.9797, 27.4115, 22.9482, 19.4557, 16.7518, 14.6586, 13.0284, 10.7332, 8.75336, 7.7528, 7.35383, 7.42859]",-0.0229574,"[-4.99233, -4.30651, -3.10955, -3.22084]",0.347924
0.0,0.172951,0.0,0.0,2.402,0.0,1958.95,1.38782,93.9952,-1,"[200.0, 200.0, 200.0, 200.0, 200.0, 200.0, 200.0, 200.0, 200.0, 200.0, 200.0, 200.0, 200.0, 200.0, 200.0, 200.0, 200.0, 200.0, 200.0, 200.0, 200.0, 200.0, 200.0, 200.0, 200.0, 200.0, 200.0, 200.0, 200.0, 200.0, 200.0, 200.0, 200.0, 200.0, 200.0, 200.0]",1,942.478,-4.14899,0.0430212,-0.13164,0.0,"[7.79826, 8.5689, 10.4676, 15.6412, 64.9004, 47.4261, 39.7192, 33.0193, 27.4458, 22.9771, 19.4799, 16.772, 14.6756, 13.0428, 10.7441, 8.76107, 7.75877, 7.35877, 7.43282]",-0.0223348,"[-4.24152, -1.75425, -4.48981, -4.31812]",0.347925
0.0,0.172562,0.0,0.0,2.424,0.0,1958.92,1.36267,93.9952,-1,"[200.0, 200.0, 200.0, 200.0, 200.0, 200.0, 200.0, 200.0, 200.0, 200.0, 200.0, 200.0, 200.0, 200.0, 200.0, 200.0, 200.0, 200.0, 200.0, 200.0, 200.0, 200.0, 200.0, 200.0, 200.0, 200.0, 200.0, 200.0, 200.0, 200.0, 200.0, 200.0, 200.0, 200.0, 200.0, 200.0]",1,942.478,-4.19439,0.0428669,-0.126623,0.0,"[7.79292, 8.56184, 10.4567, 15.6155, 64.9468, 47.4706, 39.7608, 33.0567, 27.4782, 23.0046, 19.5029, 16.7912, 14.6918, 13.0567, 10.7545, 8.76859, 7.76466, 7.36367, 7.43707]",-0.0217143,"[-2.14142, -2.68261, -3.9583, -3.85776]",0.347894
0.0,0.17215,0.0,0.0,2.446,0.0,1958.9,1.33765,93.9952,-1,"[200.0, 200.0, 200.0, 200.0, 200.0, 200.0, 200.0, 200.0, 200.0, 200.0, 200.0, 200.0, 200.0, 200.0, 200.0, 200.0, 200.0, 200.0, 200.0, 200.0, 200.0, 200.0, 200.0, 200.0, 200.0, 200.0, 200.0, 200.0, 200.0, 200.0, 200.0, 200.0, 200.0, 200.0, 200.0, 200.0]",1,942.478,-4.22137,0.0439326,-0.121081,0.0,"[7.78755, 8.55468, 10.4456, 15.5891, 64.9954, 47.5172, 39.8042, 33.0956, 27.5119, 23.0331, 19.5267, 16.8111, 14.7086, 13.0709, 10.7652, 8.77623, 7.7706, 7.36858, 7.4413]",-0.0210938,"[-2.90702, -5.24751, -2.58121, -2.77189]",0.347827
1.0,0.171702,0.0,0.0,2.468,0.0,1958.87,1.31104,93.9952,-1,"[200.0, 200.0, 200.0, 200.0, 200.0, 200.0, 200.0, 200.0, 200.0, 200.0, 200.0, 200.0, 200.0, 200.0, 200.0, 200.0, 200.0, 200.0, 200.0, 200.0, 200.0, 200.0, 200.0, 200.0, 200.0, 200.0, 200.0, 200.0, 200.0, 200.0, 200.0, 200.0, 200.0, 200.0, 200.0, 200.0]",1,942.478,-4.63927,0.0476824,-0.119224,0.0,"[7.78187, 8.54708, 10.4337, 15.5609, 65.0481, 47.5677, 39.8512, 33.1377, 27.5484, 23.0639, 19.5524, 16.8326, 14.7265, 13.0862, 10.7767, 8.78437, 7.77691, 7.37377, 7.44574]",-0.0204397,"[-5.31958, -4.65469, -4.05213, -4.75009]",0.347746
1.0,0.171185,0.0,0.0,2.49,0.0,1958.84,1.28125,93.9952,-1,"[200.0, 200.0, 200.0, 200.0, 200.0, 200.0, 200.0, 200.0, 200.0, 200.0, 200.0, 200.0, 200.0, 200.0, 200.0, 200.0, 200.0, 200.0, 200.0, 200.0, 200.0, 200.0, 200.0, 200.0, 200.0, 200.0, 200.0, 200.0, 200.0, 200.0, 200.0, 200.0, 200.0, 200.0, 200.0, 200.0]",1,942.478,-5.20447,0.0322663,-0.123215,0.0,"[7.77557, 8.53859, 10.4204, 15.529, 65.1087, 47.6255, 39.9048, 33.1857, 27.5899, 23.0989, 19.5816, 16.8568, 14.7469, 13.1034, 10.7896, 8.79347, 7.78391, 7.37952, 7.45063]",-0.0197184,"[-4.99036, -2.36142, -4.52528, -4.90046]",0.347625
0.0,0.171006,1.0,0.0,2.512,0.0,1958.81,1.25476,93.9952,-1,"[200.0, 200.0, 200.0, 200.0, 200.0, 200.0, 200.0, 200.0, 200.0, 200.0, 200.0, 200.0, 200.0, 200.0, 200.0, 200.0, 200.0, 200.0, 200.0, 200.0, 200.0, 200.0, 200.0, 200.0, 200.0, 200.0, 200.0, 200.0, 200.0, 200.0, 200.0, 200.0, 200.0, 200.0, 200.0, 200.0]",1,942.478,-3.5757,0.0731564,-0.115947,0.0,"[7.77027, 8.53218, 10.4114, 15.5105, 65.1331, 47.6508, 39.9295, 33.2089, 27.6109, 23.1175, 19.5978, 16.8709, 14.7592, 13.1143, 10.7983, 8.80022, 7.78957, 7.38457, 7.45542]",-0.0190592,"[0.0, 0.0, -1.69094, -1.27445]",0.347356
1.0,0.170757,0.0,0.0,2.534,0.0,1958.79,1.23291,93.9952,-1,"[200.0, 200.0, 200.0, 200.0, 200.0, 200.0, 200.0, 200.0, 200.0, 200.0, 200.0, 200.0, 200.0, 200.0, 200.0, 200.0, 200.0, 200.0, 200.0, 200.0, 200.0, 200.0, 200.0, 200.0, 200.0, 200.0, 200.0, 200.0, 200.0, 200.0, 200.0, 200.0, 200.0, 200.0, 200.0, 200.0]",1,942.478,-3.91481,0.0339202,-0.0945601,0.0,"[7.76574, 8.52643, 10.4029, 15.4916, 65.164, 47.6812, 39.9583, 33.2351, 27.634, 23.1374, 19.6148, 16.8854, 14.7716, 13.125, 10.8065, 8.80632, 7.79451, 7.38882, 7.45926]",-0.018515,"[-4.55857, -1.74169, -3.55555, -3.61334]",0.347055
1.0,0.170384,0.0,0.0,2.556,0.0,1958.77,1.20776,93.9952,-1,"[200.0, 200.0, 200.0, 200.0, 200.0, 200.0, 200.0, 200.0, 200.0, 200.0, 200.0, 200.0, 200.0, 200.0, 200.0, 200.0, 200.0, 200.0, 200.0, 200.0, 200.0, 200.0, 200.0, 200.0, 200.0, 200.0, 200.0, 200.0, 200.0, 200.0, 200.0, 200.0, 200.0, 200.0, 200.0, 200.0]",1,942.478,-4.43745,0.039677,-0.0838477,0.0,"[7.76055, 8.51961, 10.3924, 15.4673, 65.2084, 47.724, 39.9983, 33.2712, 27.6654, 23.1641, 19.6372, 16.9041, 14.7874, 13.1385, 10.8167, 8.81367, 7.80025, 7.39361, 7.46342]",-0.0179097,"[-4.22521, -2.77156, -3.92463, -3.91495]",0.346825
1.0,0.170045,0.0,0.0,2.578,0.0,1958.74,1.17969,93.9952,-1,"[200.0, 200.0, 200.0, 200.0, 200.0, 200.0, 200.0, 200.0, 200.0, 200.0, 200.0, 200.0, 200.0, 200.0, 200.0, 200.0, 200.0, 200.0, 200.0, 200.0, 200.0, 200.0, 200.0, 200.0, 200.0, 200.0, 200.0, 200.0, 200.0, 200.0, 200.0, 200.0, 200.0, 200.0, 200.0, 200.0]",1,942.478,-4.91359,0.0451416,-0.0830781,0.0,"[7.75483, 8.51229, 10.3815, 15.4428, 65.2499, 47.7646, 40.0366, 33.306, 27.696, 23.1904, 19.6595, 16.923, 14.8034, 13.1523, 10.8273, 8.82146, 7.8065, 7.39895, 7.4682]",-0.0172282,"[-2.43444, -5.70905, -4.34173, -5.21501]",0.346594
1.0,0.16945,0.0,0.0,2.6,0.0,1958.71,1.14844,93.9952,-1,"[200.0, 200.0, 200.0, 200.0, 200.0, 200.0, 200.0, 200.0, 200.0, 200.0, 200.0, 200.0, 200.0, 200.0, 200.0, 200.0, 200.0, 200.0, 200.0, 200.0, 200.0, 200.0, 200.0, 200.0, 200.0, 200.0, 200.0, 200.0, 200.0, 200.0, 200.0, 200.0, 200.0, 200.0, 200.0, 200.0]",1,942.478,-5.43785,0.0414557,-0.0856967,0.0,"[7.74825, 8.50327, 10.3672, 15.4081, 65.3188, 47.8301, 40.0972, 33.3601, 27.7426, 23.2294, 19.6918, 16.9498, 14.8258, 13.1712, 10.8414, 8.83125, 7.81393, 7.40493, 7.47318]",-0.0164815,"[-3.66478, -5.22691, -4.96502, -4.80126]",0.346305
0.0,0.169085,1.0,0.0,2.622,0.0,1958.68,1.12,93.9952,-1,"[200.0, 200.0, 200.0, 200.0, 200.0, 200.0, 200.0, 200.0, 200.0, 200.0, 200.0, 200.0, 200.0, 200.0, 200.0, 200.0, 200.0, 200.0, 200.0, 200.0, 200.0, 200.0, 200.0, 200.0, 200.0, 200.0, 200.0, 200.0, 200.0, 200.0, 200.0, 200.0, 200.0, 200.0, 200.0, 200.0]",1,942.478,-3.86623,0.0766406,-0.079087,0.0,"[7.7424, 8.49575, 10.3559, 15.3827, 65.363, 47.8732, 40.1379, 33.3969, 27.7749, 23.2571, 19.7152, 16.9696, 14.8427, 13.1856, 10.8524, 8.8393, 7.82034, 7.41039, 7.47801]",-0.0157878,"[0.0, 0.0, -1.65952, -1.35409]",0.345956
1.0,0.168734,0.0,0.0,2.644,0.0,1958.66,1.09656,93.9952,-1,"[200.0, 200.0, 200.0, 200.0, 200.0, 200.0, 200.0, 200.0, 200.0, 200.0, 200.0, 200.0, 200.0, 200.0, 200.0, 200.0, 200.0, 200.0, 200.0, 200.0, 200.0, 200.0, 200.0, 200.0, 200.0, 200.0, 200.0, 200.0, 200.0, 200.0, 200.0, 200.0, 200.0, 200.0, 200.0, 200.0]",1,942.478,-4.15597,0.0377454,-0.0620006,0.0,"[7.73746, 8.48927, 10.346, 15.3599, 65.4048, 47.9136, 40.1757, 33.431, 27.8047, 23.2824, 19.7365, 16.9874, 14.8577, 13.1985, 10.8621, 8.84629, 7.82581, 7.41496, 7.482]",-0.01521,"[-4.73076, -4.17175, -3.63847, -3.65653]",0.345647
1.0,0.168279,0.0,0.0,2.666,0.0,1958.63,1.06982,93.9952,-1,"[200.0, 200.0, 200.0, 200.0, 200.0, 200.0, 200.0, 200.0, 200.0, 200.0, 200.0, 200.0, 200.0, 200.0, 200.0, 200.0, 200.0, 200.0, 200.0, 200.0, 200.0, 200.0, 200.0, 200.0, 200.0, 200.0, 200.0, 200.0, 200.0, 200.0, 200.0, 200.0, 200.0, 200.0, 200.0, 200.0]",1,942.478,-4.68889,0.0299515,-0.054283,0.0,"[7.73192, 8.4818, 10.3343, 15.3324, 65.458, 47.9646, 40.2231, 33.4735, 27.8414, 23.3134, 19.7623, 17.0089, 14.8757, 13.2138, 10.8735, 8.85437, 7.83204, 7.42005, 7.48632]",-0.0145711,"[-4.55322, -2.12732, -4.57977, -4.21886]",0.345401
1.0,0.167861,0.0,0.0,2.688,0.0,1958.6,1.04004,93.9952,-1,"[200.0, 200.0, 200.0, 200.0, 200.0, 200.0, 200.0, 200.0, 200.0, 200.0, 200.0, 200.0, 200.0, 200.0, 200.0, 200.0, 200.0, 200.0, 200.0, 200.0, 200.0, 200.0, 200.0, 200.0, 200.0, 200.0, 200.0, 200.0, 200.0, 200.0, 200.0, 200.0, 200.0, 200.0, 200.0, 200.0]",1,942.478,-5.24701,0.0393092,-0.0545582,0.0,"[7.72589, 8.47393, 10.3223, 15.305, 65.508, 48.0129, 40.2684, 33.5144, 27.8771, 23.3439, 19.7879, 17.0304, 14.8939, 13.2293, 10.8853, 8.86286, 7.83872, 7.42564, 7.49121]",-0.0138631,"[-2.63514, -3.40614, -4.33811, -5.17828]",0.345179
0.0,0.167067,1.0,0.0,2.71,0.0,1958.57,1.01343,93.9952,-1,"[200.0, 200.0, 200.0, 200.0, 200.0, 200.0, 200.0, 200.0, 200.0, 200.0, 200.0, 200.0, 200.0, 200.0, 200.0, 200.0, 200.0, 200.0, 200.0, 200.0, 200.0, 200.0, 200.0, 200.0, 200.0, 200.0, 200.0, 200.0, 200.0, 200.0, 200.0, 200.0, 200.0, 200.0, 200.0, 200.0]",1,942.478,-3.58133,0.0825724,-0.0496461,0.0,"[7.71976, 8.46488, 10.307, 15.2659, 65.5967, 48.0957, 40.3443, 33.5812, 27.9339, 23.3907, 19.8262, 17.0616, 14.9194, 13.2505, 10.9005, 8.87291, 7.84592, 7.43103, 7.49523]",-0.0132131,"[0.0, 0.0, -2.21829, -2.00845]",0.344972
1.0,0.166715,0.0,0.0,2.732,0.0,1958.55,0.991333,93.9952,-1,"[200.0, 200.0, 200.0, 200.0, 200.0, 200.0, 200.0, 200.0, 200.0, 200.0, 200.0, 200.0, 200.0, 200.0, 200.0, 200.0, 200.0, 200.0, 200.0, 200.0, 200.0, 200.0, 200.0, 200.0, 200.0, 200.0, 200.0, 200.0, 200.0, 200.0, 200.0, 200.0, 200.0, 200.0, 200.0, 200.0]",1,942.478,-3.93067,0.0246971,-0.0385104,0.0,"[7.71513, 8.45875, 10.2976, 15.244, 65.6382, 48.1356, 40.3816, 33.6148, 27.9631, 23.4155, 19.8469, 17.0789, 14.934, 13.2629, 10.9098, 8.87957, 7.8511, 7.43532, 7.49892]",-0.0126739,"[-3.0206, -4.04047, -3.13646, -3.79873]",0.344826
1.0,0.166254,0.0,0.0,2.754,0.0,1958.53,0.966064,93.9952,-1,"[200.0, 200.0, 200.0, 200.0, 200.0, 200.0, 200.0, 200.0, 200.0, 200.0, 200.0, 200.0, 200.0, 200.0, 200.0, 200.0, 200.0, 200.0, 200.0, 200.0, 200.0, 200.0, 200.0, 200.0, 200.0, 200.0, 200.0, 200.0, 200.0, 200.0, 200.0, 200.0, 200.0, 200.0, 200.0, 200.0]",1,970.276,-4.41852,0.0175008,-0.0361855,0.0,"[7.71, 8.45176, 10.2865, 15.2177, 65.6916, 48.1865, 40.4288, 33.657, 27.9995, 23.4461, 19.8723, 17.1, 14.9516, 13.2777, 10.9208, 8.88723, 7.85692, 7.44001, 7.50283]",-0.01209,"[-4.85222, -1.9537, -4.65163, -5.0224]",0.344739
1.0,0.165877,0.0,0.0,2.776,0.0,1958.5,0.937622,93.9952,-1,"[200.0, 200.0, 200.0, 200.0, 200.0, 200.0, 200.0, 200.0, 200.0, 200.0, 200.0, 200.0, 200.0, 200.0, 200.0, 200.0, 200.0, 200.0, 200.0, 200.0, 200.0, 200.0, 200.0, 200.0, 200.0, 200.0, 200.0, 200.0, 200.0, 200.0, 200.0, 200.0, 200.0, 200.0, 200.0, 200.0]",1,942.478,-4.9655,0.0274854,-0.0409282,0.0,"[7.70444, 8.44452, 10.2756, 15.193, 65.7367, 48.2304, 40.47, 33.6943, 28.0321, 23.474, 19.8958, 17.1197, 14.9683, 13.292, 10.9316, 8.89508, 7.86311, 7.44521, 7.50738]",-0.0114329,"[-4.78215, -3.18354, -4.64078, -4.70206]",0.344699
1.0,0.165426,0.0,0.0,2.798,0.0,1958.47,0.906128,93.9952,-1,"[200.0, 200.0, 200.0, 200.0, 200.0, 200.0, 200.0, 200.0, 200.0, 200.0, 200.0, 200.0, 200.0, 200.0, 200.0, 200.0, 200.0, 200.0, 200.0, 200.0, 200.0, 200.0, 200.0, 200.0, 200.0, 200.0, 200.0, 200.0, 200.0, 200.0, 200.0, 200.0, 200.0, 200.0, 200.0, 200.0]",1,970.114,-5.45753,0.0476168,-0.0494604,0.0,"[7.69815, 8.43627, 10.263, 15.1645, 65.7902, 48.2821, 40.5185, 33.7382, 28.0704, 23.5064, 19.9231, 17.1427, 14.9877, 13.3086, 10.9441, 8.90406, 7.87012, 7.45106, 7.5125]",-0.0106934,"[-2.73458, -6.13889, -4.80948, -5.94491]",0.344709
0.0,0.164581,1.0,0.0,2.82,0.0,1958.44,0.877563,93.9952,-1,"[200.0, 200.0, 200.0, 200.0, 200.0, 200.0, 200.0, 200.0, 200.0, 200.0, 200.0, 200.0, 200.0, 200.0, 200.0, 200.0, 200.0, 200.0, 200.0, 200.0, 200.0, 200.0, 200.0, 200.0, 200.0, 200.0, 200.0, 200.0, 200.0, 200.0, 200.0, 200.0, 200.0, 200.0, 200.0, 200.0]",1,942.478,-3.91068,0.0841989,-0.0509131,0.0,"[7.6917, 8.42674, 10.2469, 15.1236, 65.8847, 48.3703, 40.5994, 33.8094, 28.1309, 23.5566, 19.964, 17.176, 15.015, 13.3312, 10.9603, 8.91474, 7.87778, 7.45677, 7.51672]",-0.0100077,"[0.0, 0.0, -1.60661, -1.50353]",0.344728
1.0,0.164168,0.0,0.0,2.842,0.0,1958.41,0.85376,93.9952,-1,"[200.0, 200.0, 200.0, 200.0, 200.0, 200.0, 200.0, 200.0, 200.0, 200.0, 200.0, 200.0, 200.0, 200.0, 200.0, 200.0, 200.0, 200.0, 200.0, 200.0, 200.0, 200.0, 200.0, 200.0, 200.0, 200.0, 200.0, 200.0, 200.0, 200.0, 200.0, 200.0, 200.0, 200.0, 200.0, 200.0]",1,942.478,-4.19094,0.0382304,-0.0442053,0.0,"[7.68673, 8.42008, 10.2365, 15.0995, 65.9329, 48.4165, 40.6424, 33.8481, 28.1644, 23.5849, 19.9876, 17.1956, 15.0315, 13.3451, 10.9707, 8.92206, 7.8834, 7.46136, 7.52062]",-0.009434,"[-4.96164, -4.29063, -3.49474, -3.98099]",0.344771
1.0,0.163682,0.0,0.0,2.864,0.0,1958.39,0.826782,93.9952,-1,"[200.0, 200.0, 200.0, 200.0, 200.0, 200.0, 200.0, 200.0, 200.0, 200.0, 200.0, 200.0, 200.0, 200.0, 200.0, 200.0, 200.0, 200.0, 200.0, 200.0, 200.0, 200.0, 200.0, 200.0, 200.0, 200.0, 200.0, 200.0, 200.0, 200.0, 200.0, 200.0, 200.0, 200.0, 200.0, 200.0]",1,942.478,-4.74994,0.0443467,-0.0447018,0.0,"[7.68124, 8.41262, 10.2248, 15.072, 65.9892, 48.4703, 40.6924, 33.8928, 28.2031, 23.6175, 20.0147, 17.2181, 15.0503, 13.361, 10.9825, 8.93029, 7.88966, 7.46642, 7.52484]",-0.00880534,"[-4.59504, -2.29454, -4.23355, -3.99123]",0.344911
1.0,0.163262,0.0,0.0,2.886,0.0,1958.36,0.796631,93.9952,-1,"[200.0, 200.0, 200.0, 200.0, 200.0, 200.0, 200.0, 200.0, 200.0, 200.0, 200.0, 200.0, 200.0, 200.0, 200.0, 200.0, 200.0, 200.0, 200.0, 200.0, 200.0, 200.0, 200.0, 200.0, 200.0, 200.0, 200.0, 200.0, 200.0, 200.0, 200.0, 200.0, 200.0, 200.0, 200.0, 200.0]",1,942.478,-5.28973,0.0343679,-0.0512794,0.0,"[7.67538, 8.40495, 10.2132, 15.0457, 66.0391, 48.5186, 40.7378, 33.9338, 28.2389, 23.648, 20.0403, 17.2396, 15.0684, 13.3765, 10.9942, 8.93869, 7.89623, 7.47189, 7.5296]",-0.00811564,"[-2.67156, -3.47289, -4.56865, -5.15661]",0.345123
0.0,0.162589,1.0,0.0,2.908,0.0,1958.33,0.769531,93.9952,-1,"[200.0, 200.0, 200.0, 200.0, 200.0, 200.0, 200.0, 200.0, 200.0, 200.0, 200.0, 200.0, 200.0, 200.0, 200.0, 200.0, 200.0, 200.0, 200.0, 200.0, 200.0, 200.0, 200.0, 200.0, 200.0, 200.0, 200.0, 200.0, 200.0, 200.0, 200.0, 200.0, 200.0, 200.0, 200.0, 200.0]",1,942.478,-3.65078,0.0820857,-0.053465,0.0,"[7.66951, 8.39658, 10.1994, 15.012, 66.115, 48.5901, 40.8037, 33.9923, 28.2889, 23.6896, 20.0745, 17.2676, 15.0915, 13.3958, 11.0081, 8.94808, 7.90311, 7.4772, 7.53374]",-0.00747172,"[0.0, 0.0, -1.6135, -1.48068]",0.345318
1.0,0.162255,0.0,0.0,2.93,0.0,1958.31,0.747192,93.9952,-1,"[200.0, 200.0, 200.0, 200.0, 200.0, 200.0, 200.0, 200.0, 200.0, 200.0, 200.0, 200.0, 200.0, 200.0, 200.0, 200.0, 200.0, 200.0, 200.0, 200.0, 200.0, 200.0, 200.0, 200.0, 200.0, 200.0, 200.0, 200.0, 200.0, 200.0, 200.0, 200.0, 200.0, 200.0, 200.0, 200.0]",1,942.478,-3.96161,0.0342747,-0.0477497,0.0,"[7.66498, 8.39063, 10.1903, 14.9915, 66.1544, 48.6283, 40.8395, 34.0246, 28.3172, 23.7136, 20.0947, 17.2845, 15.1058, 13.4079, 11.0173, 8.95463, 7.90821, 7.48143, 7.53741]",-0.00693868,"[-3.47354, -4.11257, -3.21492, -3.62545]",0.345479
1.0,0.161829,0.0,0.0,2.952,0.0,1958.28,0.721558,93.9952,-1,"[200.0, 200.0, 200.0, 200.0, 200.0, 200.0, 200.0, 200.0, 200.0, 200.0, 200.0, 200.0, 200.0, 200.0, 200.0, 200.0, 200.0, 200.0, 200.0, 200.0, 200.0, 200.0, 200.0, 200.0, 200.0, 200.0, 200.0, 200.0, 200.0, 200.0, 200.0, 200.0, 200.0, 200.0, 200.0, 200.0]",1,942.478,-4.52601,0.0304571,-0.049104,0.0,"[7.65994, 8.38385, 10.1798, 14.9671, 66.2041, 48.6759, 40.8839, 34.0645, 28.3517, 23.7428, 20.119, 17.3048, 15.1227, 13.4223, 11.028, 8.96214, 7.91396, 7.48611, 7.54134]",-0.00635681,"[-2.1376, -1.97334, -4.58546, -3.89909]",0.345724
1.0,0.16138,0.0,0.0,2.974,0.0,1958.25,0.692993,93.9952,-1,"[200.0, 200.0, 200.0, 200.0, 200.0, 200.0, 200.0, 200.0, 200.0, 200.0, 200.0, 200.0, 200.0, 200.0, 200.0, 200.0, 200.0, 200.0, 200.0, 200.0, 200.0, 200.0, 200.0, 200.0, 200.0, 200.0, 200.0, 200.0, 200.0, 200.0, 200.0, 200.0, 200.0, 200.0, 200.0, 200.0]",1,942.478,-5.04752,0.0359512,-0.0577555,0.0,"[7.65434, 8.37639, 10.1683, 14.9409, 66.2566, 48.7265, 40.9312, 34.107, 28.3887, 23.7742, 20.1453, 17.3267, 15.1411, 13.4379, 11.0396, 8.97039, 7.92032, 7.49133, 7.5458]",-0.00570374,"[-3.32687, -3.25606, -4.41843, -4.47683]",0.346024
0.0,0.161106,1.0,0.0,2.996,0.0,1958.23,0.667236,93.9952,-1,"[200.0, 200.0, 200.0, 200.0, 200.0, 200.0, 200.0, 200.0, 200.0, 200.0, 200.0, 200.0, 200.0, 200.0, 200.0, 200.0, 200.0, 200.0, 200.0, 200.0, 200.0, 200.0, 200.0, 200.0, 200.0, 200.0, 200.0, 200.0, 200.0, 200.0, 200.0, 200.0, 200.0, 200.0, 200.0, 200.0]",1,942.478,-3.42925,0.0706233,-0.0605619,0.0,"[7.64936, 8.37012, 10.1592, 14.9213, 66.2904, 48.76, 40.963, 34.1362, 28.4146, 23.7966, 20.1644, 17.3429, 15.155, 13.4499, 11.0489, 8.97723, 7.92583, 7.49605, 7.55005]",-0.00510152,"[0.0, 0.0, -1.69662, -1.46549]",0.346245
1.0,0.160821,0.0,0.0,3.018,0.0,1958.21,0.646118,93.9952,-1,"[200.0, 200.0, 200.0, 200.0, 200.0, 200.0, 200.0, 200.0, 200.0, 200.0, 200.0, 200.0, 200.0, 200.0, 200.0, 200.0, 200.0, 200.0, 200.0, 200.0, 200.0, 200.0, 200.0, 200.0, 200.0, 200.0, 200.0, 200.0, 200.0, 200.0, 200.0, 200.0, 200.0, 200.0, 200.0, 200.0]",1,942.478,-3.82393,0.0323938,-0.0542566,0.0,"[7.64516, 8.36468, 10.151, 14.9032, 66.3244, 48.7932, 40.9943, 34.1646, 28.4395, 23.8179, 20.1823, 17.358, 15.1678, 13.4608, 11.0572, 8.98322, 7.93053, 7.5, 7.55351]",-0.00460205,"[-2.92119, -1.57965, -3.01353, -2.96306]",0.346393
1.0,0.160434,0.0,0.0,3.04,0.0,1958.18,0.621826,93.9952,-1,"[200.0, 200.0, 200.0, 200.0, 200.0, 200.0, 200.0, 200.0, 200.0, 200.0, 200.0, 200.0, 200.0, 200.0, 200.0, 200.0, 200.0, 200.0, 200.0, 200.0, 200.0, 200.0, 200.0, 200.0, 200.0, 200.0, 200.0, 200.0, 200.0, 200.0, 200.0, 200.0, 200.0, 200.0, 200.0, 200.0]",1,942.478,-4.29592,0.0263542,-0.0554031,0.0,"[7.64043, 8.35837, 10.1412, 14.8809, 66.3695, 48.8366, 41.0349, 34.2011, 28.4713, 23.8448, 20.2048, 17.3768, 15.1835, 13.4741, 11.0671, 8.99023, 7.93593, 7.5044, 7.55725]",-0.00405273,"[-4.85587, -2.61458, -3.57276, -3.99167]",0.346607
1.0,0.160011,0.0,0.0,3.062,0.0,1958.15,0.59436,93.9952,-1,"[200.0, 200.0, 200.0, 200.0, 200.0, 200.0, 200.0, 200.0, 200.0, 200.0, 200.0, 200.0, 200.0, 200.0, 200.0, 200.0, 200.0, 200.0, 200.0, 200.0, 200.0, 200.0, 200.0, 200.0, 200.0, 200.0, 200.0, 200.0, 200.0, 200.0, 200.0, 200.0, 200.0, 200.0, 200.0, 200.0]",1,942.478,-4.73874,0.0443556,-0.0639057,0.0,"[7.63508, 8.35128, 10.1303, 14.8563, 66.4191, 48.8843, 41.0796, 34.2414, 28.5063, 23.8745, 20.2297, 17.3976, 15.201, 13.489, 11.0782, 8.9981, 7.94201, 7.5094, 7.56152]",-0.00342814,"[-4.60074, -5.64669, -4.31643, -4.86609]",0.346854
1.0,0.15948,0.0,0.0,3.084,0.0,1958.12,0.563843,93.9952,-1,"[200.0, 200.0, 200.0, 200.0, 200.0, 200.0, 200.0, 200.0, 200.0, 200.0, 200.0, 200.0, 200.0, 200.0, 200.0, 200.0, 200.0, 200.0, 200.0, 200.0, 200.0, 200.0, 200.0, 200.0, 200.0, 200.0, 200.0, 200.0, 200.0, 200.0, 200.0, 200.0, 200.0, 200.0, 200.0, 200.0]",1,942.478,-5.30079,0.0435518,-0.0750181,0.0,"[7.6291, 8.34319, 10.1177, 14.8271, 66.4805, 48.9432, 41.1344, 34.2906, 28.549, 23.9105, 20.2596, 17.4224, 15.2218, 13.5065, 11.0912, 9.00717, 7.94889, 7.51495, 7.56615]",-0.00273946,"[-2.69314, -5.14993, -4.91932, -4.76593]",0.347079
0.0,0.158992,1.0,0.0,3.106,0.0,1958.1,0.536377,93.9952,-1,"[200.0, 200.0, 200.0, 200.0, 200.0, 200.0, 200.0, 200.0, 200.0, 200.0, 200.0, 200.0, 200.0, 200.0, 200.0, 200.0, 200.0, 200.0, 200.0, 200.0, 200.0, 200.0, 200.0, 200.0, 200.0, 200.0, 200.0, 200.0, 200.0, 200.0, 200.0, 200.0, 200.0, 200.0, 200.0, 200.0]",1,942.478,-3.7016,0.0801529,-0.0772517,0.0,"[7.62358, 8.33574, 10.106, 14.8003, 66.5369, 48.9973, 41.1848, 34.3359, 28.5882, 23.9436, 20.2872, 17.4453, 15.2409, 13.5227, 11.1032, 9.01552, 7.95525, 7.52009, 7.57045]",-0.00210368,"[0.0, 0.0, -1.40272, -1.04934]",0.347173
1.0,0.158714,0.0,0.0,3.128,0.0,1958.07,0.513916,93.9952,-1,"[200.0, 200.0, 200.0, 200.0, 200.0, 200.0, 200.0, 200.0, 200.0, 200.0, 200.0, 200.0, 200.0, 200.0, 200.0, 200.0, 200.0, 200.0, 200.0, 200.0, 200.0, 200.0, 200.0, 200.0, 200.0, 200.0, 200.0, 200.0, 200.0, 200.0, 200.0, 200.0, 200.0, 200.0, 200.0, 200.0]",1,942.478,-4.01732,0.0193327,-0.0685646,0.0,"[7.61917, 8.33009, 10.0976, 14.7821, 66.5705, 49.0302, 41.216, 34.3643, 28.6132, 23.9651, 20.3054, 17.4607, 15.254, 13.5339, 11.1117, 9.02175, 7.96018, 7.52427, 7.57414]",-0.00157471,"[-4.56848, -1.79738, -3.87387, -3.81797]",0.347184
1.0,0.158287,0.0,0.0,3.15,0.0,1958.05,0.488037,93.9952,-1,"[200.0, 200.0, 200.0, 200.0, 200.0, 200.0, 200.0, 200.0, 200.0, 200.0, 200.0, 200.0, 200.0, 200.0, 200.0, 200.0, 200.0, 200.0, 200.0, 200.0, 200.0, 200.0, 200.0, 200.0, 200.0, 200.0, 200.0, 200.0, 200.0, 200.0, 200.0, 200.0, 200.0, 200.0, 200.0, 200.0]",1,942.478,-4.48998,0.0382543,-0.0663738,0.0,"[7.61426, 8.32348, 10.0874, 14.7585, 66.62, 49.0777, 41.2602, 34.4041, 28.6477, 23.9943, 20.3297, 17.4809, 15.2709, 13.5482, 11.1223, 9.02917, 7.96584, 7.52885, 7.57799]",-0.00100606,"[-4.30558, -5.54887, -3.66359, -4.51861]",0.347063
1.0,0.157777,0.0,0.0,3.172,0.0,1958.02,0.459106,93.9952,-1,"[200.0, 200.0, 200.0, 200.0, 200.0, 200.0, 200.0, 200.0, 200.0, 200.0, 200.0, 200.0, 200.0, 200.0, 200.0, 200.0, 200.0, 200.0, 200.0, 200.0, 200.0, 200.0, 200.0, 200.0, 200.0, 200.0, 200.0, 200.0, 200.0, 200.0, 200.0, 200.0, 200.0, 200.0, 200.0, 200.0]",1,942.478,-5.02124,0.0444907,-0.0731954,0.0,"[7.60863, 8.31585, 10.0754, 14.7311, 66.6787, 49.134, 41.3127, 34.4511, 28.6885, 24.0287, 20.3583, 17.5047, 15.2907, 13.5649, 11.1347, 9.03776, 7.97236, 7.53409, 7.58233]",-0.00035909,"[-2.53448, -4.89901, -4.53519, -4.96393]",0.347227
0.0,0.157079,1.0,0.0,3.194,0.0,1957.99,0.43335,93.9952,-1,"[200.0, 200.0, 200.0, 200.0, 200.0, 200.0, 200.0, 200.0, 200.0, 200.0, 200.0, 200.0, 200.0, 200.0, 200.0, 200.0, 200.0, 200.0, 200.0, 200.0, 200.0, 200.0, 200.0, 200.0, 200.0, 200.0, 200.0, 200.0, 200.0, 200.0, 200.0, 200.0, 200.0, 200.0, 200.0, 200.0]",1,942.478,-3.42976,0.0830707,-0.0735272,0.0,"[7.60314, 8.30787, 10.0622, 14.6987, 66.7568, 49.2074, 41.3803, 34.5111, 28.7397, 24.0712, 20.3932, 17.5332, 15.3141, 13.5843, 11.1486, 9.04697, 7.97899, 7.53907, 7.58609]",0.00023702,"[0.0, 0.0, -1.93862, -1.53101]",0.347303
1.0,0.156758,0.0,0.0,3.216,0.0,1957.97,0.412109,93.9951,-1,"[200.0, 200.0, 200.0, 200.0, 200.0, 200.0, 200.0, 200.0, 200.0, 200.0, 200.0, 200.0, 200.0, 200.0, 200.0, 200.0, 200.0, 200.0, 200.0, 200.0, 200.0, 200.0, 200.0, 200.0, 200.0, 200.0, 200.0, 200.0, 200.0, 200.0, 200.0, 200.0, 200.0, 200.0, 200.0, 200.0]",1,942.478,-3.8079,0.0343858,-0.0646206,0.0,"[7.59895, 8.30235, 10.0538, 14.68, 66.7944, 49.2439, 41.4146, 34.5421, 28.7668, 24.0943, 20.4125, 17.5493, 15.3277, 13.5959, 11.1573, 9.05317, 7.98378, 7.54303, 7.58949]",0.000731405,"[-3.02257, -1.57677, -3.38063, -3.2561]",0.347321
1.0,0.156408,0.0,0.0,3.238,0.0,1957.95,0.387817,93.9951,-1,"[200.0, 200.0, 200.0, 200.0, 200.0, 200.0, 200.0, 200.0, 200.0, 200.0, 200.0, 200.0, 200.0, 200.0, 200.0, 200.0, 200.0, 200.0, 200.0, 200.0, 200.0, 200.0, 200.0, 200.0, 200.0, 200.0, 200.0, 200.0, 200.0, 200.0, 200.0, 200.0, 200.0, 200.0, 200.0, 200.0]",1,942.478,-4.34001,0.0282176,-0.0650346,0.0,"[7.59432, 8.29628, 10.0445, 14.6596, 66.8357, 49.2839, 41.4522, 34.5761, 28.7965, 24.1196, 20.4338, 17.5672, 15.3427, 13.6086, 11.1669, 9.05998, 7.98906, 7.54739, 7.59325]",0.00127767,"[-2.79894, -2.63078, -3.98489, -3.9364]",0.34739
1.0,0.155952,0.0,0.0,3.26,0.0,1957.92,0.360229,93.9951,-1,"[200.0, 200.0, 200.0, 200.0, 200.0, 200.0, 200.0, 200.0, 200.0, 200.0, 200.0, 200.0, 200.0, 200.0, 200.0, 200.0, 200.0, 200.0, 200.0, 200.0, 200.0, 200.0, 200.0, 200.0, 200.0, 200.0, 200.0, 200.0, 200.0, 200.0, 200.0, 200.0, 200.0, 200.0, 200.0, 200.0]",1,963.609,-4.71177,0.0293109,-0.0732932,0.0,"[7.58909, 8.28926, 10.0336, 14.6348, 66.8884, 49.3346, 41.4995, 34.6187, 28.8335, 24.1509, 20.4599, 17.5888, 15.3608, 13.624, 11.1782, 9.06791, 7.99509, 7.55227, 7.59734]",0.00188293,"[-5.46163, -5.7076, -5.63681, -5.09517]",0.347451
1.0,0.155467,0.0,0.0,3.282,0.0,1957.89,0.329712,93.9951,-1,"[200.0, 200.0, 200.0, 200.0, 200.0, 200.0, 200.0, 200.0, 200.0, 200.0, 200.0, 200.0, 200.0, 200.0, 200.0, 200.0, 200.0, 200.0, 200.0, 200.0, 200.0, 200.0, 200.0, 200.0, 200.0, 200.0, 200.0, 200.0, 200.0, 200.0, 200.0, 200.0, 200.0, 200.0, 200.0, 200.0]",1,942.478,-5.25947,0.0391326,-0.0854655,0.0,"[7.58335, 8.28157, 10.0218, 14.6081, 66.9447, 49.3889, 41.5502, 34.6644, 28.8733, 24.1846, 20.488, 17.6123, 15.3805, 13.6406, 11.1906, 9.0766, 8.00175, 7.55769, 7.6019]",0.0025533,"[-5.10386, -5.21901, -4.80491, -5.17792]",0.347461
0.0,0.15513,1.0,0.0,3.304,0.0,1957.86,0.30188,93.9951,-1,"[200.0, 200.0, 200.0, 200.0, 200.0, 200.0, 200.0, 200.0, 200.0, 200.0, 200.0, 200.0, 200.0, 200.0, 200.0, 200.0, 200.0, 200.0, 200.0, 200.0, 200.0, 200.0, 200.0, 200.0, 200.0, 200.0, 200.0, 200.0, 200.0, 200.0, 200.0, 200.0, 200.0, 200.0, 200.0, 200.0]",1,942.478,-3.7577,0.0782893,-0.0889402,0.0,"[7.57812, 8.27488, 10.0119, 14.5869, 66.9852, 49.4286, 41.5879, 34.6988, 28.9036, 24.2106, 20.5101, 17.6309, 15.3963, 13.6541, 11.2009, 9.08406, 8.00764, 7.56265, 7.60629]",0.00317993,"[0.0, 0.0, -1.28806, -0.959823]",0.347341
1.0,0.154812,0.0,0.0,3.326,0.0,1957.84,0.278931,93.9951,-1,"[200.0, 200.0, 200.0, 200.0, 200.0, 200.0, 200.0, 200.0, 200.0, 200.0, 200.0, 200.0, 200.0, 200.0, 200.0, 200.0, 200.0, 200.0, 200.0, 200.0, 200.0, 200.0, 200.0, 200.0, 200.0, 200.0, 200.0, 200.0, 200.0, 200.0, 200.0, 200.0, 200.0, 200.0, 200.0, 200.0]",1,942.478,-4.06534,0.00890415,-0.0799271,0.0,"[7.57374, 8.26919, 10.0033, 14.5681, 67.0227, 49.4652, 41.6223, 34.73, 28.931, 24.234, 20.5298, 17.6474, 15.4102, 13.666, 11.2099, 9.09046, 8.01264, 7.5668, 7.60987]",0.00369873,"[-4.72944, -1.85401, -4.14325, -3.50341]",0.347156
1.0,0.154397,0.0,0.0,3.348,0.0,1957.81,0.252808,93.9951,-1,"[200.0, 200.0, 200.0, 200.0, 200.0, 200.0, 200.0, 200.0, 200.0, 200.0, 200.0, 200.0, 200.0, 200.0, 200.0, 200.0, 200.0, 200.0, 200.0, 200.0, 200.0, 200.0, 200.0, 200.0, 200.0, 200.0, 200.0, 200.0, 200.0, 200.0, 200.0, 200.0, 200.0, 200.0, 200.0, 200.0]",1,942.478,-4.54427,0.0394304,-0.0796083,0.0,"[7.56887, 8.26267, 9.99323, 14.5455, 67.0708, 49.5115, 41.6657, 34.7691, 28.965, 24.2628, 20.5538, 17.6675, 15.427, 13.6802, 11.2204, 9.09786, 8.01828, 7.57138, 7.61373]",0.00426737,"[-4.35186, -5.28972, -4.36583, -3.76625]",0.346996
1.0,0.15393,0.0,0.0,3.37,0.0,1957.78,0.223633,93.9951,-1,"[200.0, 200.0, 200.0, 200.0, 200.0, 200.0, 200.0, 200.0, 200.0, 200.0, 200.0, 200.0, 200.0, 200.0, 200.0, 200.0, 200.0, 200.0, 200.0, 200.0, 200.0, 200.0, 200.0, 200.0, 200.0, 200.0, 200.0, 200.0, 200.0, 200.0, 200.0, 200.0, 200.0, 200.0, 200.0, 200.0]",1,942.478,-5.07649,0.0393413,-0.0887523,0.0,"[7.56339, 8.25534, 9.98194, 14.5202, 67.125, 49.5637, 41.7145, 34.8131, 29.0033, 24.2953, 20.581, 17.69, 15.4459, 13.6962, 11.2323, 9.10618, 8.02464, 7.57654, 7.61807]",0.00490621,"[-2.52667, -4.88779, -4.78352, -4.74242]",0.346812
0.0,0.153274,1.0,0.0,3.392,0.0,1957.76,0.197388,93.9951,-1,"[200.0, 200.0, 200.0, 200.0, 200.0, 200.0, 200.0, 200.0, 200.0, 200.0, 200.0, 200.0, 200.0, 200.0, 200.0, 200.0, 200.0, 200.0, 200.0, 200.0, 200.0, 200.0, 200.0, 200.0, 200.0, 200.0, 200.0, 200.0, 200.0, 200.0, 200.0, 200.0, 200.0, 200.0, 200.0, 200.0]",1,942.478,-3.48968,0.0813499,-0.0906194,0.0,"[7.55803, 8.24765, 9.96933, 14.49, 67.1985, 49.6331, 41.7787, 34.8702, 29.0523, 24.3361, 20.6145, 17.7175, 15.4685, 13.715, 11.2458, 9.11517, 8.03114, 7.58148, 7.62184]",0.00549622,"[0.0, 0.0, -1.59993, -1.3575]",0.346531
1.0,0.152923,0.0,0.0,3.414,0.0,1957.74,0.175903,93.9951,-1,"[200.0, 200.0, 200.0, 200.0, 200.0, 200.0, 200.0, 200.0, 200.0, 200.0, 200.0, 200.0, 200.0, 200.0, 200.0, 200.0, 200.0, 200.0, 200.0, 200.0, 200.0, 200.0, 200.0, 200.0, 200.0, 200.0, 200.0, 200.0, 200.0, 200.0, 200.0, 200.0, 200.0, 200.0, 200.0, 200.0]",1,942.478,-3.83459,0.0270181,-0.0808634,0.0,"[7.55387, 8.24211, 9.96081, 14.471, 67.2391, 49.6724, 41.8154, 34.9034, 29.0812, 24.3606, 20.6349, 17.7346, 15.4828, 13.7271, 11.2548, 9.12148, 8.03597, 7.5854, 7.62514]",0.00598246,"[-1.76478, -3.77126, -3.46846, -3.32133]",0.346233
1.0,0.152466,0.0,0.0,3.436,0.0,1957.71,0.151245,93.9951,-1,"[200.0, 200.0, 200.0, 200.0, 200.0, 200.0, 200.0, 200.0, 200.0, 200.0, 200.0, 200.0, 200.0, 200.0, 200.0, 200.0, 200.0, 200.0, 200.0, 200.0, 200.0, 200.0, 200.0, 200.0, 200.0, 200.0, 200.0, 200.0, 200.0, 200.0, 200.0, 200.0, 200.0, 200.0, 200.0, 200.0]",1,942.478,-4.3966,0.0319244,-0.0815137,0.0,"[7.54923, 8.23574, 9.95076, 14.4481, 67.2914, 49.7224, 41.862, 34.9451, 29.1173, 24.391, 20.6602, 17.7554, 15.5002, 13.7417, 11.2655, 9.12884, 8.04146, 7.58975, 7.62869]",0.00651449,"[-2.75705, -1.8031, -3.70376, -3.94979]",0.345965
1.0,0.151895,0.0,0.0,3.458,0.0,1957.68,0.123413,93.9951,-1,"[200.0, 200.0, 200.0, 200.0, 200.0, 200.0, 200.0, 200.0, 200.0, 200.0, 200.0, 200.0, 200.0, 200.0, 200.0, 200.0, 200.0, 200.0, 200.0, 200.0, 200.0, 200.0, 200.0, 200.0, 200.0, 200.0, 200.0, 200.0, 200.0, 200.0, 200.0, 200.0, 200.0, 200.0, 200.0, 200.0]",1,942.478,-4.82563,0.0475941,-0.0920422,0.0,"[7.54389, 8.22831, 9.93889, 14.4205, 67.356, 49.7839, 41.9192, 34.9963, 29.1614, 24.4281, 20.6908, 17.7807, 15.5211, 13.7592, 11.2782, 9.13748, 8.04785, 7.59474, 7.63267]",0.00711873,"[-5.49358, -3.11265, -4.84618, -5.0062]",0.345687
1.0,0.15139,0.0,0.0,3.48,0.0,1957.65,0.0925293,93.9951,-1,"[200.0, 200.0, 200.0, 200.0, 200.0, 200.0, 200.0, 200.0, 200.0, 200.0, 200.0, 200.0, 200.0, 200.0, 200.0, 200.0, 200.0, 200.0, 200.0, 200.0, 200.0, 200.0, 200.0, 200.0, 200.0, 200.0, 200.0, 200.0, 200.0, 200.0, 200.0, 200.0, 200.0, 200.0, 200.0, 200.0]",1,942.478,-5.2996,0.0516285,-0.107146,0.0,"[7.53815, 8.22061, 9.92699, 14.3939, 67.4142, 49.8401, 41.9718, 35.0437, 29.2027, 24.463, 20.72, 17.8049, 15.5414, 13.7763, 11.2909, 9.14631, 8.05457, 7.60016, 7.63719]",0.00778707,"[-5.10682, -6.06308, -5.57151, -4.78355]",0.345361
0.0,0.150773,1.0,0.0,3.502,0.0,1957.62,0.064209,93.9951,-1,"[200.0, 200.0, 200.0, 200.0, 200.0, 200.0, 200.0, 200.0, 200.0, 200.0, 200.0, 200.0, 200.0, 200.0, 200.0, 200.0, 200.0, 200.0, 200.0, 200.0, 200.0, 200.0, 200.0, 200.0, 200.0, 200.0, 200.0, 200.0, 200.0, 200.0, 200.0, 200.0, 200.0, 200.0, 200.0, 200.0]",1,942.478,-3.84884,0.0887645,-0.112146,0.0,"[7.53256, 8.21278, 9.91442, 14.3647, 67.484, 49.9065, 42.0334, 35.0988, 29.2501, 24.5028, 20.7528, 17.832, 15.5637, 13.795, 11.3044, 9.15547, 8.0613, 7.60538, 7.64133]",0.00841878,"[0.0, 0.0, -1.14264, -1.01162]",0.344967
1.0,0.150445,0.0,0.0,3.524,0.0,1957.6,0.0407715,93.9951,-1,"[200.0, 200.0, 200.0, 200.0, 200.0, 200.0, 200.0, 200.0, 200.0, 200.0, 200.0, 200.0, 200.0, 200.0, 200.0, 200.0, 200.0, 200.0, 200.0, 200.0, 200.0, 200.0, 200.0, 200.0, 200.0, 200.0, 200.0, 200.0, 200.0, 200.0, 200.0, 200.0, 200.0, 200.0, 200.0, 200.0]",1,942.478,-4.12988,0.0413751,-0.101534,0.0,"[7.52814, 8.20701, 9.90576, 14.346, 67.5226, 49.9441, 42.0689, 35.131, 29.2784, 24.5271, 20.7732, 17.8491, 15.5781, 13.8073, 11.3137, 9.16203, 8.0664, 7.6096, 7.64497]",0.0089447,"[-3.05855, -4.08044, -3.67472, -3.91811]",0.344588
1.0,0.149916,0.0,0.0,3.546,0.0,1957.57,0.0141602,93.9951,-1,"[200.0, 200.0, 200.0, 200.0, 200.0, 200.0, 200.0, 200.0, 200.0, 200.0, 200.0, 200.0, 200.0, 200.0, 200.0, 200.0, 200.0, 200.0, 200.0, 200.0, 200.0, 200.0, 200.0, 200.0, 200.0, 200.0, 200.0, 200.0, 200.0, 200.0, 200.0, 200.0, 200.0, 200.0, 200.0, 200.0]",1,942.478,-4.66344,0.0367546,-0.0997941,0.0,"[7.52313, 8.20006, 9.89472, 14.3206, 67.5825, 50.0013, 42.1221, 35.1787, 29.3196, 24.5616, 20.8019, 17.8727, 15.5977, 13.8237, 11.3256, 9.17015, 8.0724, 7.61431, 7.64874]",0.00951436,"[-5.07262, -2.04424, -4.40267, -4.17455]",0.344298
1.0,0.149469,0.0,0.0,3.568,0.0,1957.54,-0.015625,93.9951,-1,"[200.0, 200.0, 200.0, 200.0, 200.0, 200.0, 200.0, 200.0, 200.0, 200.0, 200.0, 200.0, 200.0, 200.0, 200.0, 200.0, 200.0, 200.0, 200.0, 200.0, 200.0, 200.0, 200.0, 200.0, 200.0, 200.0, 200.0, 200.0, 200.0, 200.0, 200.0, 200.0, 200.0, 200.0, 200.0, 200.0]",1,942.478,-5.16317,0.0398731,-0.106576,0.0,"[7.51776, 8.19296, 9.88384, 14.2968, 67.6344, 50.0516, 42.1692, 35.2213, 29.3569, 24.5933, 20.8283, 17.8948, 15.6162, 13.8393, 11.3372, 9.17833, 8.07866, 7.61939, 7.65303]",0.010144,"[-4.94509, -3.32613, -4.47298, -5.04556]",0.344074
0.0,0.14899,1.0,0.0,3.59,0.0,1957.52,-0.0424805,93.9951,-1,"[200.0, 200.0, 200.0, 200.0, 200.0, 200.0, 200.0, 200.0, 200.0, 200.0, 200.0, 200.0, 200.0, 200.0, 200.0, 200.0, 200.0, 200.0, 200.0, 200.0, 200.0, 200.0, 200.0, 200.0, 200.0, 200.0, 200.0, 200.0, 200.0, 200.0, 200.0, 200.0, 200.0, 200.0, 200.0, 200.0]",1,942.478,-3.59915,0.0786835,-0.105482,0.0,"[7.5127, 8.18609, 9.87316, 14.2728, 67.6892, 50.1042, 42.2184, 35.2656, 29.3953, 24.6258, 20.8554, 17.9172, 15.6349, 13.8551, 11.3488, 9.18633, 8.08467, 7.62419, 7.65697]",0.01073,"[0.0, 0.0, -1.70757, -1.55093]",0.343842
1.0,0.148679,0.0,0.0,3.612,0.0,1957.5,-0.0646973,93.9951,-1,"[200.0, 200.0, 200.0, 200.0, 200.0, 200.0, 200.0, 200.0, 200.0, 200.0, 200.0, 200.0, 200.0, 200.0, 200.0, 200.0, 200.0, 200.0, 200.0, 200.0, 200.0, 200.0, 200.0, 200.0, 200.0, 200.0, 200.0, 200.0, 200.0, 200.0, 200.0, 200.0, 200.0, 200.0, 200.0, 200.0]",1,942.478,-3.95933,0.023427,-0.0913945,0.0,"[7.50861, 8.18074, 9.86511, 14.2554, 67.7257, 50.1398, 42.2519, 35.2961, 29.4221, 24.6486, 20.8746, 17.9333, 15.6485, 13.8666, 11.3575, 9.19245, 8.08942, 7.62811, 7.66033]",0.0112172,"[-1.79126, -3.82717, -3.48106, -2.9971]",0.343648
1.0,0.148239,0.0,0.0,3.634,0.0,1957.47,-0.0900879,93.9951,-1,"[200.0, 200.0, 200.0, 200.0, 200.0, 200.0, 200.0, 200.0, 200.0, 200.0, 200.0, 200.0, 200.0, 200.0, 200.0, 200.0, 200.0, 200.0, 200.0, 200.0, 200.0, 200.0, 200.0, 200.0, 200.0, 200.0, 200.0, 200.0, 200.0, 200.0, 200.0, 200.0, 200.0, 200.0, 200.0, 200.0]",1,942.478,-4.50073,0.0338627,-0.0868839,0.0,"[7.50404, 8.17454, 9.85541, 14.2336, 67.7759, 50.1881, 42.2971, 35.3366, 29.4573, 24.6784, 20.8994, 17.9538, 15.6655, 13.8809, 11.368, 9.19971, 8.09484, 7.63242, 7.66386]",0.0117442,"[-2.85651, -1.85346, -4.13073, -3.7873]",0.343598
1.0,0.147782,0.0,0.0,3.656,0.0,1957.44,-0.11853,93.9951,-1,"[200.0, 200.0, 200.0, 200.0, 200.0, 200.0, 200.0, 200.0, 200.0, 200.0, 200.0, 200.0, 200.0, 200.0, 200.0, 200.0, 200.0, 200.0, 200.0, 200.0, 200.0, 200.0, 200.0, 200.0, 200.0, 200.0, 200.0, 200.0, 200.0, 200.0, 200.0, 200.0, 200.0, 200.0, 200.0, 200.0]",1,942.478,-4.94379,0.037076,-0.0917442,0.0,"[7.49895, 8.16771, 9.84487, 14.2103, 67.8285, 50.2388, 42.3446, 35.3795, 29.4947, 24.71, 20.9258, 17.9757, 15.6839, 13.8964, 11.3794, 9.20764, 8.10087, 7.63726, 7.66789]",0.0123383,"[-5.5806, -3.14783, -5.14564, -4.66601]",0.343664
1.0,0.147352,0.0,0.0,3.678,0.0,1957.41,-0.150146,93.9951,-1,"[200.0, 200.0, 200.0, 200.0, 200.0, 200.0, 200.0, 200.0, 200.0, 200.0, 200.0, 200.0, 200.0, 200.0, 200.0, 200.0, 200.0, 200.0, 200.0, 200.0, 200.0, 200.0, 200.0, 200.0, 200.0, 200.0, 200.0, 200.0, 200.0, 200.0, 200.0, 200.0, 200.0, 200.0, 200.0, 200.0]",1,980.903,-5.39733,0.0431924,-0.100092,0.0,"[7.49342, 8.16046, 9.83394, 14.1867, 67.8788, 50.2877, 42.3906, 35.4214, 29.5314, 24.7414, 20.9521, 17.9978, 15.7025, 13.9122, 11.3912, 9.21601, 8.10732, 7.64255, 7.67242]",0.0129964,"[-5.19218, -6.2332, -4.74126, -5.93165]",0.343829
0.0,0.146733,1.0,0.0,3.7,0.0,1957.38,-0.179077,93.9951,-1,"[200.0, 200.0, 200.0, 200.0, 200.0, 200.0, 200.0, 200.0, 200.0, 200.0, 200.0, 200.0, 200.0, 200.0, 200.0, 200.0, 200.0, 200.0, 200.0, 200.0, 200.0, 200.0, 200.0, 200.0, 200.0, 200.0, 200.0, 200.0, 200.0, 200.0, 200.0, 200.0, 200.0, 200.0, 200.0, 200.0]",1,942.478,-3.93617,0.0814199,-0.0975725,0.0,"[7.48794, 8.15277, 9.82161, 14.1584, 67.9485, 50.3542, 42.4524, 35.4767, 29.5791, 24.7814, 20.9852, 18.025, 15.7249, 13.9309, 11.4048, 9.22513, 8.114, 7.64771, 7.67648]",0.0136159,"[0.0, 0.0, -1.58211, -1.32686]",0.343978
1.0,0.146358,0.0,0.0,3.722,0.0,1957.36,-0.203125,93.9951,-1,"[200.0, 200.0, 200.0, 200.0, 200.0, 200.0, 200.0, 200.0, 200.0, 200.0, 200.0, 200.0, 200.0, 200.0, 200.0, 200.0, 200.0, 200.0, 200.0, 200.0, 200.0, 200.0, 200.0, 200.0, 200.0, 200.0, 200.0, 200.0, 200.0, 200.0, 200.0, 200.0, 200.0, 200.0, 200.0, 200.0]",1,942.478,-4.24073,0.0399146,-0.0819631,0.0,"[7.48353, 8.14693, 9.81271, 14.1389, 67.9919, 50.3962, 42.4919, 35.5125, 29.6103, 24.808, 21.0074, 18.0436, 15.7405, 13.9441, 11.4145, 9.23194, 8.11918, 7.65192, 7.68002]",0.0141337,"[-4.77687, -4.20395, -3.22773, -3.43926]",0.344117
1.0,0.145889,0.0,0.0,3.744,0.0,1957.33,-0.230469,93.9951,-1,"[200.0, 200.0, 200.0, 200.0, 200.0, 200.0, 200.0, 200.0, 200.0, 200.0, 200.0, 200.0, 200.0, 200.0, 200.0, 200.0, 200.0, 200.0, 200.0, 200.0, 200.0, 200.0, 200.0, 200.0, 200.0, 200.0, 200.0, 200.0, 200.0, 200.0, 200.0, 200.0, 200.0, 200.0, 200.0, 200.0]",1,942.478,-4.7543,0.0322621,-0.0736829,0.0,"[7.47869, 8.14036, 9.80245, 14.1161, 68.0454, 50.4478, 42.5401, 35.5558, 29.648, 24.8398, 21.0339, 18.0655, 15.7587, 13.9594, 11.4258, 9.23968, 8.12498, 7.65653, 7.68378]",0.0146942,"[-4.56697, -2.12401, -4.38066, -4.44847]",0.344437
1.0,0.145362,0.0,0.0,3.766,0.0,1957.3,-0.260864,93.9951,-1,"[200.0, 200.0, 200.0, 200.0, 200.0, 200.0, 200.0, 200.0, 200.0, 200.0, 200.0, 200.0, 200.0, 200.0, 200.0, 200.0, 200.0, 200.0, 200.0, 200.0, 200.0, 200.0, 200.0, 200.0, 200.0, 200.0, 200.0, 200.0, 200.0, 200.0, 200.0, 200.0, 200.0, 200.0, 200.0, 200.0]",1,942.478,-5.28622,0.0449219,-0.0722931,0.0,"[7.47328, 8.13301, 9.79099, 14.0905, 68.1054, 50.5055, 42.5941, 35.6045, 29.6903, 24.8756, 21.0636, 18.0901, 15.7792, 13.9767, 11.4384, 9.24834, 8.13147, 7.66167, 7.68798]",0.0153208,"[-2.76176, -3.45507, -5.84624, -4.56763]",0.344907
0.0,0.144818,1.0,0.0,3.788,0.0,1957.27,-0.288086,93.9951,-1,"[200.0, 200.0, 200.0, 200.0, 200.0, 200.0, 200.0, 200.0, 200.0, 200.0, 200.0, 200.0, 200.0, 200.0, 200.0, 200.0, 200.0, 200.0, 200.0, 200.0, 200.0, 200.0, 200.0, 200.0, 200.0, 200.0, 200.0, 200.0, 200.0, 200.0, 200.0, 200.0, 200.0, 200.0, 200.0, 200.0]",1,942.478,-3.64464,0.087435,-0.065072,0.0,"[7.46816, 8.12592, 9.77978, 14.0652, 68.167, 50.5645, 42.6491, 35.6538, 29.733, 24.9115, 21.0934, 18.1147, 15.7996, 13.9937, 11.4508, 9.25677, 8.1377, 7.66654, 7.69186]",0.0159068,"[0.0, 0.0, -2.05199, -1.69207]",0.345332
1.0,0.144471,0.0,0.0,3.81,0.0,1957.25,-0.310547,93.9951,-1,"[200.0, 200.0, 200.0, 200.0, 200.0, 200.0, 200.0, 200.0, 200.0, 200.0, 200.0, 200.0, 200.0, 200.0, 200.0, 200.0, 200.0, 200.0, 200.0, 200.0, 200.0, 200.0, 200.0, 200.0, 200.0, 200.0, 200.0, 200.0, 200.0, 200.0, 200.0, 200.0, 200.0, 200.0, 200.0, 200.0]",1,942.478,-3.99176,0.0439163,-0.0499077,0.0,"[7.46404, 8.12047, 9.77148, 14.0473, 68.2072, 50.6034, 42.6857, 35.6871, 29.7621, 24.9363, 21.1142, 18.132, 15.8141, 14.006, 11.4599, 9.26316, 8.14258, 7.67049, 7.69521]",0.016394,"[-4.52209, -3.96037, -2.96682, -3.19666]",0.345699
1.0,0.144013,0.0,0.0,3.832,0.0,1957.22,-0.336304,93.9951,-1,"[200.0, 200.0, 200.0, 200.0, 200.0, 200.0, 200.0, 200.0, 200.0, 200.0, 200.0, 200.0, 200.0, 200.0, 200.0, 200.0, 200.0, 200.0, 200.0, 200.0, 200.0, 200.0, 200.0, 200.0, 200.0, 200.0, 200.0, 200.0, 200.0, 200.0, 200.0, 200.0, 200.0, 200.0, 200.0, 200.0]",1,942.478,-4.50124,0.0317578,-0.0425946,0.0,"[7.45948, 8.11424, 9.76175, 14.0256, 68.2592, 50.6535, 42.7325, 35.7291, 29.7987, 24.9672, 21.1398, 18.1532, 15.8317, 14.0208, 11.4708, 9.27054, 8.14807, 7.67483, 7.69872]",0.01692,"[-4.36233, -1.89784, -4.19039, -4.24244]",0.346201
1.0,0.143521,0.0,0.0,3.854,0.0,1957.19,-0.365234,93.9951,-1,"[200.0, 200.0, 200.0, 200.0, 200.0, 200.0, 200.0, 200.0, 200.0, 200.0, 200.0, 200.0, 200.0, 200.0, 200.0, 200.0, 200.0, 200.0, 200.0, 200.0, 200.0, 200.0, 200.0, 200.0, 200.0, 200.0, 200.0, 200.0, 200.0, 200.0, 200.0, 200.0, 200.0, 200.0, 200.0, 200.0]",1,942.478,-5.05192,0.0419659,-0.0419419,0.0,"[7.45444, 8.10739, 9.7511, 14.002, 68.3153, 50.7075, 42.783, 35.7747, 29.8383, 25.0007, 21.1677, 18.1764, 15.851, 14.037, 11.4826, 9.27868, 8.15415, 7.67965, 7.70266]",0.0175059,"[-2.55598, -3.23161, -4.55304, -4.69759]",0.346787
0.0,0.142875,1.0,0.0,3.876,0.0,1957.17,-0.390991,93.9951,-1,"[200.0, 200.0, 200.0, 200.0, 200.0, 200.0, 200.0, 200.0, 200.0, 200.0, 200.0, 200.0, 200.0, 200.0, 200.0, 200.0, 200.0, 200.0, 200.0, 200.0, 200.0, 200.0, 200.0, 200.0, 200.0, 200.0, 200.0, 200.0, 200.0, 200.0, 200.0, 200.0, 200.0, 200.0, 200.0, 200.0]",1,942.478,-3.40292,0.0847303,-0.0366042,0.0,"[7.4495, 8.10025, 9.73942, 13.9748, 68.3871, 50.7757, 42.8463, 35.8312, 29.8869, 25.0413, 21.2011, 18.2036, 15.8734, 14.0555, 11.4958, 9.2874, 8.16039, 7.68432, 7.70616]",0.0180542,"[0.0, 0.0, -1.63789, -1.26147]",0.347277
1.0,0.142557,0.0,0.0,3.898,0.0,1957.15,-0.411987,93.9951,-1,"[200.0, 200.0, 200.0, 200.0, 200.0, 200.0, 200.0, 200.0, 200.0, 200.0, 200.0, 200.0, 200.0, 200.0, 200.0, 200.0, 200.0, 200.0, 200.0, 200.0, 200.0, 200.0, 200.0, 200.0, 200.0, 200.0, 200.0, 200.0, 200.0, 200.0, 200.0, 200.0, 200.0, 200.0, 200.0, 200.0]",1,942.478,-3.77816,0.0367328,-0.0257741,0.0,"[7.4457, 8.09525, 9.73181, 13.9584, 68.4239, 50.8115, 42.8799, 35.8617, 29.9137, 25.0641, 21.2202, 18.2196, 15.8868, 14.0668, 11.5043, 9.29329, 8.16488, 7.68797, 7.70924]",0.0185028,"[-1.84814, -1.67565, -3.45635, -3.48539]",0.347659
1.0,0.142073,0.0,0.0,3.92,0.0,1957.12,-0.436279,93.9951,-1,"[200.0, 200.0, 200.0, 200.0, 200.0, 200.0, 200.0, 200.0, 200.0, 200.0, 200.0, 200.0, 200.0, 200.0, 200.0, 200.0, 200.0, 200.0, 200.0, 200.0, 200.0, 200.0, 200.0, 200.0, 200.0, 200.0, 200.0, 200.0, 200.0, 200.0, 200.0, 200.0, 200.0, 200.0, 200.0, 200.0]",1,942.478,-4.29632,0.0361822,-0.0227169,0.0,"[7.44135, 8.08919, 9.7222, 13.9367, 68.4785, 50.8636, 42.9286, 35.9054, 29.9515, 25.0959, 21.2465, 18.2413, 15.9047, 14.0818, 11.5151, 9.30059, 8.17024, 7.69212, 7.71252]",0.0190002,"[-2.76048, -2.66253, -4.44107, -3.58889]",0.348108
1.0,0.14161,0.0,0.0,3.942,0.0,1957.1,-0.463623,93.9951,-1,"[200.0, 200.0, 200.0, 200.0, 200.0, 200.0, 200.0, 200.0, 200.0, 200.0, 200.0, 200.0, 200.0, 200.0, 200.0, 200.0, 200.0, 200.0, 200.0, 200.0, 200.0, 200.0, 200.0, 200.0, 200.0, 200.0, 200.0, 200.0, 200.0, 200.0, 200.0, 200.0, 200.0, 200.0, 200.0, 200.0]",1,942.478,-4.71337,0.0321361,-0.0246465,0.0,"[7.43662, 8.08276, 9.71222, 13.9148, 68.5312, 50.9145, 42.9762, 35.9484, 29.9889, 25.1275, 21.2729, 18.2631, 15.9229, 14.0971, 11.5263, 9.30827, 8.17597, 7.69666, 7.71622]",0.0195506,"[-5.45877, -5.68855, -4.34069, -4.6501]",0.348555
1.0,0.141052,0.0,0.0,3.964,0.0,1957.07,-0.494141,93.9951,-1,"[200.0, 200.0, 200.0, 200.0, 200.0, 200.0, 200.0, 200.0, 200.0, 200.0, 200.0, 200.0, 200.0, 200.0, 200.0, 200.0, 200.0, 200.0, 200.0, 200.0, 200.0, 200.0, 200.0, 200.0, 200.0, 200.0, 200.0, 200.0, 200.0, 200.0, 200.0, 200.0, 200.0, 200.0, 200.0, 200.0]",1,942.478,-5.20414,0.037574,-0.0281604,0.0,"[7.43134, 8.07549, 9.70079, 13.8893, 68.5943, 50.9751, 43.0328, 35.9993, 30.0331, 25.1649, 21.3038, 18.2887, 15.944, 14.1148, 11.5392, 9.31702, 8.18245, 7.70172, 7.72027]",0.0201589,"[-5.07337, -5.17169, -5.63011, -4.8191]",0.348954
0.0,0.140635,1.0,0.0,3.986,0.0,1957.04,-0.521729,93.9951,-1,"[200.0, 200.0, 200.0, 200.0, 200.0, 200.0, 200.0, 200.0, 200.0, 200.0, 200.0, 200.0, 200.0, 200.0, 200.0, 200.0, 200.0, 200.0, 200.0, 200.0, 200.0, 200.0, 200.0, 200.0, 200.0, 200.0, 200.0, 200.0, 200.0, 200.0, 200.0, 200.0, 200.0, 200.0, 200.0, 200.0]",1,942.478,-3.70486,0.0789731,-0.0262064,0.0,"[7.42653, 8.06912, 9.69109, 13.8685, 68.6423, 51.0218, 43.0767, 36.0392, 30.068, 25.1946, 21.3287, 18.3094, 15.9614, 14.1295, 11.55, 9.32458, 8.18819, 7.70637, 7.72416]",0.0207286,"[0.0, 0.0, -1.29433, -0.979697]",0.349215
1.0,0.140326,0.0,0.0,4.008,0.0,1957.02,-0.544312,93.9951,-1,"[200.0, 200.0, 200.0, 200.0, 200.0, 200.0, 200.0, 200.0, 200.0, 200.0, 200.0, 200.0, 200.0, 200.0, 200.0, 200.0, 200.0, 200.0, 200.0, 200.0, 200.0, 200.0, 200.0, 200.0, 200.0, 200.0, 200.0, 200.0, 200.0, 200.0, 200.0, 200.0, 200.0, 200.0, 200.0, 200.0]",1,942.478,-3.99969,0.0241737,-0.0193686,0.0,"[7.42259, 8.06398, 9.68341, 13.8523, 68.6783, 51.0569, 43.11, 36.0695, 30.0946, 25.2174, 21.3479, 18.3255, 15.9749, 14.141, 11.5586, 9.33064, 8.19284, 7.71017, 7.72742]",0.0211985,"[-4.06622, -1.97971, -4.57384, -3.40697]",0.34937
1.0,0.139905,0.0,0.0,4.03,0.0,1956.99,-0.570313,93.9951,-1,"[200.0, 200.0, 200.0, 200.0, 200.0, 200.0, 200.0, 200.0, 200.0, 200.0, 200.0, 200.0, 200.0, 200.0, 200.0, 200.0, 200.0, 200.0, 200.0, 200.0, 200.0, 200.0, 200.0, 200.0, 200.0, 200.0, 200.0, 200.0, 200.0, 200.0, 200.0, 200.0, 200.0, 200.0, 200.0, 200.0]",1,942.478,-4.56965,0.0471747,-0.0188768,0.0,"[7.41816, 8.05801, 9.67419, 13.8322, 68.7264, 51.1034, 43.1536, 36.1089, 30.129, 25.2466, 21.3722, 18.3457, 15.9918, 14.1552, 11.569, 9.33779, 8.19821, 7.71445, 7.73092]",0.0217173,"[-2.19969, -2.91734, -4.23249, -3.97438]",0.349497
1.0,0.13941,0.0,0.0,4.052,0.0,1956.96,-0.599365,93.9951,-1,"[200.0, 200.0, 200.0, 200.0, 200.0, 200.0, 200.0, 200.0, 200.0, 200.0, 200.0, 200.0, 200.0, 200.0, 200.0, 200.0, 200.0, 200.0, 200.0, 200.0, 200.0, 200.0, 200.0, 200.0, 200.0, 200.0, 200.0, 200.0, 200.0, 200.0, 200.0, 200.0, 200.0, 200.0, 200.0, 200.0]",1,942.478,-5.00432,0.0505495,-0.0244992,0.0,"[7.41321, 8.05129, 9.66374, 13.8093, 68.7825, 51.1576, 43.2043, 36.1547, 30.1689, 25.2803, 21.4003, 18.3689, 16.0111, 14.1714, 11.5809, 9.34589, 8.20425, 7.71921, 7.73478]",0.0222921,"[-3.37706, -5.80763, -4.94757, -5.20377]",0.349537
0.0,0.138887,1.0,0.0,4.074,0.0,1956.93,-0.625854,93.9951,-1,"[200.0, 200.0, 200.0, 200.0, 200.0, 200.0, 200.0, 200.0, 200.0, 200.0, 200.0, 200.0, 200.0, 200.0, 200.0, 200.0, 200.0, 200.0, 200.0, 200.0, 200.0, 200.0, 200.0, 200.0, 200.0, 200.0, 200.0, 200.0, 200.0, 200.0, 200.0, 200.0, 200.0, 200.0, 200.0, 200.0]",1,942.478,-3.52098,0.0875957,-0.0279762,0.0,"[7.40843, 8.04468, 9.65331, 13.7861, 68.8415, 51.2142, 43.2572, 36.2023, 30.2102, 25.3151, 21.4292, 18.3927, 16.0308, 14.1878, 11.5928, 9.35394, 8.21015, 7.72379, 7.73843]",0.0228414,"[0.0, 0.0, -1.38751, -1.16861]",0.349467
1.0,0.138482,0.0,0.0,4.096,0.0,1956.91,-0.647461,93.9951,-1,"[200.0, 200.0, 200.0, 200.0, 200.0, 200.0, 200.0, 200.0, 200.0, 200.0, 200.0, 200.0, 200.0, 200.0, 200.0, 200.0, 200.0, 200.0, 200.0, 200.0, 200.0, 200.0, 200.0, 200.0, 200.0, 200.0, 200.0, 200.0, 200.0, 200.0, 200.0, 200.0, 200.0, 200.0, 200.0, 200.0]",1,942.478,-3.81407,0.0532465,-0.0841548,0.0,"[7.40449, 8.0393, 9.64491, 13.7677, 68.8874, 51.2584, 43.2986, 36.2396, 30.2427, 25.3426, 21.452, 18.4116, 16.0465, 14.201, 11.6024, 9.36047, 8.215, 7.7276, 7.74149]",0.0233002,"[-4.59002, -3.72165, -3.44348, -3.53269]",0.349121
1.0,0.138022,0.0,0.0,4.118,0.0,1956.89,-0.672485,93.9951,-1,"[200.0, 200.0, 200.0, 200.0, 200.0, 200.0, 200.0, 200.0, 200.0, 200.0, 200.0, 200.0, 200.0, 200.0, 200.0, 200.0, 200.0, 200.0, 200.0, 200.0, 200.0, 200.0, 200.0, 200.0, 200.0, 200.0, 200.0, 200.0, 200.0, 200.0, 200.0, 200.0, 200.0, 200.0, 200.0, 200.0]",1,942.478,-4.34574,0.0394847,-0.0820192,0.0,"[7.40019, 8.03337, 9.63562, 13.7471, 68.9394, 51.3084, 43.3453, 36.2817, 30.2793, 25.3735, 21.4777, 18.4328, 16.064, 14.2157, 11.613, 9.36769, 8.22031, 7.73175, 7.7448]",0.0237966,"[-4.24701, -1.82417, -4.68225, -4.17735]",0.348583
1.0,0.137575,0.0,0.0,4.14,0.0,1956.86,-0.700439,93.9951,-1,"[200.0, 200.0, 200.0, 200.0, 200.0, 200.0, 200.0, 200.0, 200.0, 200.0, 200.0, 200.0, 200.0, 200.0, 200.0, 200.0, 200.0, 200.0, 200.0, 200.0, 200.0, 200.0, 200.0, 200.0, 200.0, 200.0, 200.0, 200.0, 200.0, 200.0, 200.0, 200.0, 200.0, 200.0, 200.0, 200.0]",1,961.766,-4.86776,0.0347246,-0.0819673,0.0,"[7.39556, 8.02712, 9.626, 13.7262, 68.9902, 51.3576, 43.3915, 36.3235, 30.3158, 25.4044, 21.5035, 18.4542, 16.0819, 14.2307, 11.624, 9.37523, 8.22596, 7.73623, 7.74847]",0.0243388,"[-2.32885, -3.10369, -5.56721, -4.93383]",0.347988
1.0,0.137052,0.0,0.0,4.162,0.0,1956.83,-0.731567,93.9951,-1,"[200.0, 200.0, 200.0, 200.0, 200.0, 200.0, 200.0, 200.0, 200.0, 200.0, 200.0, 200.0, 200.0, 200.0, 200.0, 200.0, 200.0, 200.0, 200.0, 200.0, 200.0, 200.0, 200.0, 200.0, 200.0, 200.0, 200.0, 200.0, 200.0, 200.0, 200.0, 200.0, 200.0, 200.0, 200.0, 200.0]",1,942.478,-5.3645,0.0370909,-0.0846302,0.0,"[7.39041, 8.02012, 9.61511, 13.7025, 69.0495, 51.4148, 43.4451, 36.3719, 30.358, 25.4401, 21.5332, 18.4788, 16.1023, 14.2478, 11.6366, 9.38375, 8.23229, 7.74121, 7.7525]",0.024939,"[-3.62273, -6.17654, -5.33006, -4.64205]",0.347329
0.0,0.13644,1.0,0.0,4.184,0.0,1956.8,-0.76001,93.9951,-1,"[200.0, 200.0, 200.0, 200.0, 200.0, 200.0, 200.0, 200.0, 200.0, 200.0, 200.0, 200.0, 200.0, 200.0, 200.0, 200.0, 200.0, 200.0, 200.0, 200.0, 200.0, 200.0, 200.0, 200.0, 200.0, 200.0, 200.0, 200.0, 200.0, 200.0, 200.0, 200.0, 200.0, 200.0, 200.0, 200.0]",1,942.478,-3.84983,0.0798928,-0.0822526,0.0,"[7.38538, 8.01302, 9.60371, 13.6769, 69.1179, 51.4802, 43.5061, 36.4267, 30.4053, 25.4799, 21.566, 18.5058, 16.1245, 14.2663, 11.6498, 9.39257, 8.23866, 7.74606, 7.75622]",0.0255096,"[0.0, 0.0, -1.20775, -0.9397]",0.34667
1.0,0.136152,0.0,0.0,4.206,0.0,1956.78,-0.783569,93.9951,-1,"[200.0, 200.0, 200.0, 200.0, 200.0, 200.0, 200.0, 200.0, 200.0, 200.0, 200.0, 200.0, 200.0, 200.0, 200.0, 200.0, 200.0, 200.0, 200.0, 200.0, 200.0, 200.0, 200.0, 200.0, 200.0, 200.0, 200.0, 200.0, 200.0, 200.0, 200.0, 200.0, 200.0, 200.0, 200.0, 200.0]",1,942.478,-4.17926,0.0267224,-0.0705234,0.0,"[7.38145, 8.00796, 9.59626, 13.6615, 69.1516, 51.5134, 43.5376, 36.4555, 30.4309, 25.5019, 21.5846, 18.5214, 16.1377, 14.2775, 11.6582, 9.39855, 8.24331, 7.74989, 7.75954]",0.0259847,"[-3.60813, -1.60292, -3.37699, -3.74482]",0.346097
1.0,0.135763,0.0,0.0,4.228,0.0,1956.75,-0.810303,93.9951,-1,"[200.0, 200.0, 200.0, 200.0, 200.0, 200.0, 200.0, 200.0, 200.0, 200.0, 200.0, 200.0, 200.0, 200.0, 200.0, 200.0, 200.0, 200.0, 200.0, 200.0, 200.0, 200.0, 200.0, 200.0, 200.0, 200.0, 200.0, 200.0, 200.0, 200.0, 200.0, 200.0, 200.0, 200.0, 200.0, 200.0]",1,942.478,-4.70163,0.0298818,-0.0653986,0.0,"[7.37716, 8.00225, 9.58756, 13.643, 69.1962, 51.5568, 43.5784, 36.4926, 30.4633, 25.5295, 21.6077, 18.5406, 16.1538, 14.2911, 11.6682, 9.40546, 8.24852, 7.75407, 7.76301]",0.0264933,"[-2.27131, -2.93521, -3.8041, -4.67435]",0.345552
1.0,0.135278,0.0,0.0,4.25,0.0,1956.72,-0.840088,93.9951,-1,"[200.0, 200.0, 200.0, 200.0, 200.0, 200.0, 200.0, 200.0, 200.0, 200.0, 200.0, 200.0, 200.0, 200.0, 200.0, 200.0, 200.0, 200.0, 200.0, 200.0, 200.0, 200.0, 200.0, 200.0, 200.0, 200.0, 200.0, 200.0, 200.0, 200.0, 200.0, 200.0, 200.0, 200.0, 200.0, 200.0]",1,942.478,-5.15073,0.0456854,-0.0694098,0.0,"[7.37226, 7.99562, 9.57733, 13.6209, 69.2512, 51.61, 43.6284, 36.5379, 30.5028, 25.563, 21.6357, 18.5638, 16.1731, 14.3073, 11.68, 9.41356, 8.25454, 7.75883, 7.76688]",0.0270671,"[-3.46002, -5.90184, -4.48547, -5.47049]",0.345037
0.0,0.134611,1.0,0.0,4.272,0.0,1956.69,-0.86731,93.9951,-1,"[200.0, 200.0, 200.0, 200.0, 200.0, 200.0, 200.0, 200.0, 200.0, 200.0, 200.0, 200.0, 200.0, 200.0, 200.0, 200.0, 200.0, 200.0, 200.0, 200.0, 200.0, 200.0, 200.0, 200.0, 200.0, 200.0, 200.0, 200.0, 200.0, 200.0, 200.0, 200.0, 200.0, 200.0, 200.0, 200.0]",1,942.478,-3.64299,0.0822352,-0.0698738,0.0,"[7.36741, 7.98856, 9.56581, 13.5945, 69.3251, 51.6804, 43.6939, 36.5964, 30.5533, 25.6053, 21.6704, 18.5922, 16.1964, 14.3265, 11.6937, 9.42248, 8.26087, 7.76352, 7.77034]",0.0276082,"[0.0, 0.0, -1.56011, -1.34959]",0.344572
1.0,0.13425,0.0,0.0,4.294,0.0,1956.67,-0.889893,93.9951,-1,"[200.0, 200.0, 200.0, 200.0, 200.0, 200.0, 200.0, 200.0, 200.0, 200.0, 200.0, 200.0, 200.0, 200.0, 200.0, 200.0, 200.0, 200.0, 200.0, 200.0, 200.0, 200.0, 200.0, 200.0, 200.0, 200.0, 200.0, 200.0, 200.0, 200.0, 200.0, 200.0, 200.0, 200.0, 200.0, 200.0]",1,942.478,-3.96668,0.0346615,-0.0611886,0.0,"[7.36359, 7.98346, 9.55799, 13.5778, 69.3661, 51.7203, 43.7314, 36.6305, 30.5831, 25.6307, 21.6916, 18.6098, 16.211, 14.3389, 11.7028, 9.4287, 8.26553, 7.76723, 7.77339]",0.0280579,"[-3.46053, -3.86983, -3.19985, -3.17909]",0.344205
1.0,0.133843,0.0,0.0,4.316,0.0,1956.64,-0.915649,93.9951,-1,"[200.0, 200.0, 200.0, 200.0, 200.0, 200.0, 200.0, 200.0, 200.0, 200.0, 200.0, 200.0, 200.0, 200.0, 200.0, 200.0, 200.0, 200.0, 200.0, 200.0, 200.0, 200.0, 200.0, 200.0, 200.0, 200.0, 200.0, 200.0, 200.0, 200.0, 200.0, 200.0, 200.0, 200.0, 200.0, 200.0]",1,942.478,-4.53123,0.0151945,-0.0228065,0.0,"[7.35954, 7.97798, 9.54951, 13.5595, 69.4124, 51.765, 43.7733, 36.6684, 30.6162, 25.6588, 21.715, 18.6292, 16.2272, 14.3524, 11.7126, 9.43543, 8.27053, 7.77118, 7.7766]",0.0285319,"[-2.16825, -2.77466, -3.77812, -3.95078]",0.344123
1.0,0.133408,0.0,0.0,4.338,0.0,1956.62,-0.944336,93.9951,-1,"[200.0, 200.0, 200.0, 200.0, 200.0, 200.0, 200.0, 200.0, 200.0, 200.0, 200.0, 200.0, 200.0, 200.0, 200.0, 200.0, 200.0, 200.0, 200.0, 200.0, 200.0, 200.0, 200.0, 200.0, 200.0, 200.0, 200.0, 200.0, 200.0, 200.0, 200.0, 200.0, 200.0, 200.0, 200.0, 200.0]",1,964.747,-4.94686,0.0372823,-0.0338719,0.0,"[7.35496, 7.97184, 9.54012, 13.5395, 69.4618, 51.8131, 43.8186, 36.7094, 30.6522, 25.6893, 21.7405, 18.6504, 16.2448, 14.3673, 11.7236, 9.44295, 8.27615, 7.77565, 7.78027]",0.0290731,"[-3.35014, -5.80952, -4.78936, -5.60935]",0.344132
1.0,0.132853,0.0,0.0,4.36,0.0,1956.58,-0.976196,93.9951,-1,"[200.0, 200.0, 200.0, 200.0, 200.0, 200.0, 200.0, 200.0, 200.0, 200.0, 200.0, 200.0, 200.0, 200.0, 200.0, 200.0, 200.0, 200.0, 200.0, 200.0, 200.0, 200.0, 200.0, 200.0, 200.0, 200.0, 200.0, 200.0, 200.0, 200.0, 200.0, 200.0, 200.0, 200.0, 200.0, 200.0]",1,945.777,-5.4313,0.0347697,-0.0538287,0.0,"[7.34983, 7.96479, 9.52909, 13.5155, 69.5243, 51.8733, 43.8751, 36.7605, 30.6967, 25.7269, 21.7718, 18.6762, 16.2662, 14.3851, 11.7365, 9.45169, 8.2826, 7.78066, 7.78426]",0.0296692,"[-6.11577, -5.29631, -5.7052, -5.15449]",0.344183
0.0,0.1326,1.0,0.0,4.382,0.0,1956.55,-1.00562,93.9951,-1,"[200.0, 200.0, 200.0, 200.0, 200.0, 200.0, 200.0, 200.0, 200.0, 200.0, 200.0, 200.0, 200.0, 200.0, 200.0, 200.0, 200.0, 200.0, 200.0, 200.0, 200.0, 200.0, 200.0, 200.0, 200.0, 200.0, 200.0, 200.0, 200.0, 200.0, 200.0, 200.0, 200.0, 200.0, 200.0, 200.0]",1,942.478,-3.99629,0.0822203,-0.0669663,0.0,"[7.34523, 7.9591, 9.52104, 13.4998, 69.5552, 51.9045, 43.9051, 36.7884, 30.7217, 25.7488, 21.7905, 18.6922, 16.2799, 14.397, 11.7456, 9.45835, 8.2879, 7.78519, 7.78832]",0.0302389,"[0.0, 0.0, -1.18864, -0.894289]",0.344231
1.0,0.132332,0.0,0.0,4.404,0.0,1956.53,-1.02991,93.9951,-1,"[200.0, 200.0, 200.0, 200.0, 200.0, 200.0, 200.0, 200.0, 200.0, 200.0, 200.0, 200.0, 200.0, 200.0, 200.0, 200.0, 200.0, 200.0, 200.0, 200.0, 200.0, 200.0, 200.0, 200.0, 200.0, 200.0, 200.0, 200.0, 200.0, 200.0, 200.0, 200.0, 200.0, 200.0, 200.0, 200.0]",1,942.478,-4.23876,0.0425234,-0.0677546,0.0,"[7.34129, 7.9541, 9.51377, 13.4852, 69.5868, 51.9358, 43.935, 36.8159, 30.7462, 25.77, 21.8085, 18.7075, 16.2928, 14.408, 11.7539, 9.46431, 8.29255, 7.78906, 7.7917]",0.030719,"[-4.76499, -4.22858, -3.67598, -4.87261]",0.344281
1.0,0.132254,0.0,0.0,4.426,0.0,1956.5,-1.05762,93.9951,-1,"[200.0, 200.0, 200.0, 200.0, 200.0, 200.0, 200.0, 200.0, 200.0, 200.0, 200.0, 200.0, 200.0, 200.0, 200.0, 200.0, 200.0, 200.0, 200.0, 200.0, 200.0, 200.0, 200.0, 200.0, 200.0, 200.0, 200.0, 200.0, 200.0, 200.0, 200.0, 200.0, 200.0, 200.0, 200.0, 200.0]",1,942.478,-4.76111,-0.151899,-0.0753178,1.0,"[7.33772, 7.95, 9.50839, 13.4759, 69.5984, 51.9487, 43.9481, 36.8287, 30.7583, 25.7811, 21.8186, 18.7164, 16.3008, 14.4151, 11.7597, 9.46889, 8.29646, 7.7926, 7.7951]",0.0311798,"[-4.66595, -2.29248, -4.64749, -4.78755]",0.344398
1.0,0.133454,0.0,0.0,4.448,0.0,1956.47,-1.08826,93.9951,-1,"[200.0, 200.0, 200.0, 200.0, 200.0, 200.0, 200.0, 200.0, 200.0, 200.0, 200.0, 200.0, 200.0, 200.0, 200.0, 200.0, 200.0, 200.0, 200.0, 200.0, 200.0, 200.0, 200.0, 200.0, 200.0, 200.0, 200.0, 200.0, 200.0, 200.0, 200.0, 200.0, 200.0, 200.0, 200.0, 200.0]",1,942.478,-5.25232,-0.457244,-0.0768777,1.0,"[7.33679, 7.95208, 9.51599, 13.5022, 69.4752, 51.8373, 43.8478, 36.7424, 30.6872, 25.7247, 21.7749, 18.6831, 16.2755, 14.3959, 11.7485, 9.46411, 8.29519, 7.79375, 7.79847]",0.0314758,"[-3.19552, -3.4485, -5.84269, -4.2637]",0.344496
0.0,0.134903,1.0,0.0,4.47,0.0,1956.44,-1.11584,93.9951,-1,"[200.0, 200.0, 200.0, 200.0, 200.0, 200.0, 200.0, 200.0, 200.0, 200.0, 200.0, 200.0, 200.0, 200.0, 200.0, 200.0, 200.0, 200.0, 200.0, 200.0, 200.0, 200.0, 200.0, 200.0, 200.0, 200.0, 200.0, 200.0, 200.0, 200.0, 200.0, 200.0, 200.0, 200.0, 200.0, 200.0]",1,942.478,-3.61692,-0.283915,-0.0684437,1.0,"[7.33708, 7.95613, 9.5271, 13.5372, 69.3253, 51.7008, 43.7243, 36.6356, 30.5986, 25.6539, 21.7197, 18.6405, 16.2427, 14.3705, 11.7331, 9.45675, 8.2922, 7.79376, 7.80115]",0.0316498,"[0.0, 0.0, -1.8938, -1.62841]",0.344581
1.0,0.136598,0.0,0.0,4.492,0.0,1956.42,-1.13831,93.9951,-1,"[200.0, 200.0, 200.0, 200.0, 200.0, 200.0, 200.0, 200.0, 200.0, 200.0, 200.0, 200.0, 200.0, 200.0, 200.0, 200.0, 200.0, 200.0, 200.0, 200.0, 200.0, 200.0, 200.0, 200.0, 200.0, 200.0, 200.0, 200.0, 200.0, 200.0, 200.0, 200.0, 200.0, 200.0, 200.0, 200.0]",1,942.478,-3.8442,-0.542547,-0.0524126,1.0,"[7.3384, 7.96196, 9.54146, 13.5805, 69.1489, 51.5398, 43.5785, 36.5091, 30.4935, 25.5695, 21.6535, 18.5891, 16.2027, 14.3394, 11.7138, 9.44703, 8.28772, 7.79283, 7.80334]",0.0317261,"[-4.00989, -3.7985, -3.69681, -3.14837]",0.344656
1.0,0.139097,0.0,0.0,4.514,0.0,1956.4,-1.16382,93.9951,-1,"[200.0, 200.0, 200.0, 200.0, 200.0, 200.0, 200.0, 200.0, 200.0, 200.0, 200.0, 200.0, 200.0, 200.0, 200.0, 200.0, 200.0, 200.0, 200.0, 200.0, 200.0, 200.0, 200.0, 200.0, 200.0, 200.0, 200.0, 200.0, 200.0, 200.0, 200.0, 200.0, 200.0, 200.0, 200.0, 200.0]",1,942.478,-4.38862,-0.681711,-0.0399468,1.0,"[7.34159, 7.97194, 9.5644, 13.6477, 68.8879, 51.301, 43.3621, 36.3209, 30.3367, 25.4433, 21.5541, 18.5115, 16.1422, 14.2918, 11.6838, 9.43137, 8.27991, 7.79031, 7.80544]",0.0316803,"[-2.61633, -1.72054, -3.90392, -3.50749]",0.344831
1.0,0.141997,0.0,0.0,4.536,0.0,1956.37,-1.19226,93.9951,-1,"[200.0, 200.0, 200.0, 200.0, 200.0, 200.0, 200.0, 200.0, 200.0, 200.0, 200.0, 200.0, 200.0, 200.0, 200.0, 200.0, 200.0, 200.0, 200.0, 200.0, 200.0, 200.0, 200.0, 200.0, 200.0, 200.0, 200.0, 200.0, 200.0, 200.0, 200.0, 200.0, 200.0, 200.0, 200.0, 200.0]",1,942.478,-4.85111,-0.773179,-0.0388685,1.0,"[7.3454, 7.98367, 9.59135, 13.7271, 68.5851, 51.0245, 43.1117, 36.1038, 30.1559, 25.2977, 21.4395, 18.422, 16.0724, 14.237, 11.6492, 9.41327, 8.27087, 7.7874, 7.80787]",0.0316223,"[-3.79927, -2.985, -4.91506, -3.61983]",0.345137
1.0,0.145265,0.0,0.0,4.558,0.0,1956.34,-1.22363,93.9951,-1,"[200.0, 200.0, 200.0, 200.0, 200.0, 200.0, 200.0, 200.0, 200.0, 200.0, 200.0, 200.0, 200.0, 200.0, 200.0, 200.0, 200.0, 200.0, 200.0, 200.0, 200.0, 200.0, 200.0, 200.0, 200.0, 200.0, 200.0, 200.0, 200.0, 200.0, 200.0, 200.0, 200.0, 200.0, 200.0, 200.0]",1,942.478,-5.23454,-0.828265,-0.0457172,1.0,"[7.34973, 7.99696, 9.62193, 13.8179, 68.244, 50.7138, 42.8308, 35.8604, 29.9537, 25.1352, 21.3115, 18.3222, 15.9945, 14.1759, 11.6106, 9.39309, 8.26083, 7.78425, 7.81075]",0.0315643,"[-6.57389, -5.97517, -5.28179, -4.23373]",0.345518
0.0,0.147988,1.0,0.0,4.58,0.0,1956.31,-1.25256,93.9951,-1,"[200.0, 200.0, 200.0, 200.0, 200.0, 200.0, 200.0, 200.0, 200.0, 200.0, 200.0, 200.0, 200.0, 200.0, 200.0, 200.0, 200.0, 200.0, 200.0, 200.0, 200.0, 200.0, 200.0, 200.0, 200.0, 200.0, 200.0, 200.0, 200.0, 200.0, 200.0, 200.0, 200.0, 200.0, 200.0, 200.0]",1,942.478,-3.83717,-0.568331,-0.0482851,1.0,"[7.35328, 8.008, 9.6475, 13.8946, 67.9601, 50.4558, 42.598, 35.659, 29.7865, 25.001, 21.206, 18.24, 15.9303, 14.1255, 11.5788, 9.37655, 8.25269, 7.78181, 7.81334]",0.0315328,"[0.0, 0.0, -1.07402, -0.827644]",0.34584
1.0,0.150324,0.0,0.0,4.602,0.0,1956.28,-1.27637,93.995,-1,"[200.0, 200.0, 200.0, 200.0, 200.0, 200.0, 200.0, 200.0, 200.0, 200.0, 200.0, 200.0, 200.0, 200.0, 200.0, 200.0, 200.0, 200.0, 200.0, 200.0, 200.0, 200.0, 200.0, 200.0, 200.0, 200.0, 200.0, 200.0, 200.0, 200.0, 200.0, 200.0, 200.0, 200.0, 200.0, 200.0]",1,942.478,-4.04967,-0.614956,-0.0433426,1.0,"[7.35603, 8.01717, 9.66915, 13.9606, 67.7171, 50.2357, 42.3997, 35.4879, 29.6448, 24.8875, 21.1169, 18.1706, 15.8763, 14.0832, 11.5522, 9.36287, 8.24612, 7.7801, 7.81594]",0.0315511,"[-5.15642, -4.06468, -4.31389, -3.37886]",0.346101
1.0,0.15311,0.0,0.0,4.624,0.0,1956.26,-1.30334,93.995,-1,"[200.0, 200.0, 200.0, 200.0, 200.0, 200.0, 200.0, 200.0, 200.0, 200.0, 200.0, 200.0, 200.0, 200.0, 200.0, 200.0, 200.0, 200.0, 200.0, 200.0, 200.0, 200.0, 200.0, 200.0, 200.0, 200.0, 200.0, 200.0, 200.0, 200.0, 200.0, 200.0, 200.0, 200.0, 200.0, 200.0]",1,942.478,-4.58603,-0.71604,-0.0441833,1.0,"[7.35967, 8.02853, 9.6956, 14.0412, 67.427, 49.9732, 42.1635, 35.2841, 29.4762, 24.7524, 21.0108, 18.088, 15.8118, 14.0326, 11.5203, 9.34629, 8.23804, 7.77781, 7.81879]",0.0315338,"[-4.95828, -1.91297, -4.23942, -3.40259]",0.346393
1.0,0.156269,0.0,0.0,4.646,0.0,1956.23,-1.33313,93.995,-1,"[200.0, 200.0, 200.0, 200.0, 200.0, 200.0, 200.0, 200.0, 200.0, 200.0, 200.0, 200.0, 200.0, 200.0, 200.0, 200.0, 200.0, 200.0, 200.0, 200.0, 200.0, 200.0, 200.0, 200.0, 200.0, 200.0, 200.0, 200.0, 200.0, 200.0, 200.0, 200.0, 200.0, 200.0, 200.0, 200.0]",1,942.478,-5.07955,-0.817966,-0.0491548,1.0,"[7.36382, 8.04147, 9.72583, 14.1341, 67.0985, 49.6766, 41.8968, 35.0545, 29.2864, 24.6005, 20.8916, 17.9951, 15.7394, 13.9757, 11.4845, 9.32771, 8.22902, 7.77535, 7.82217]",0.0315226,"[-3.18, -3.13371, -5.08519, -3.86635]",0.346682
0.0,0.158363,1.0,0.0,4.668,0.0,1956.2,-1.35974,93.995,-1,"[200.0, 200.0, 200.0, 200.0, 200.0, 200.0, 200.0, 200.0, 200.0, 200.0, 200.0, 200.0, 200.0, 200.0, 200.0, 200.0, 200.0, 200.0, 200.0, 200.0, 200.0, 200.0, 200.0, 200.0, 200.0, 200.0, 200.0, 200.0, 200.0, 200.0, 200.0, 200.0, 200.0, 200.0, 200.0, 200.0]",1,942.478,-3.44218,-0.489216,-0.0454174,1.0,"[7.36641, 8.04989, 9.74575, 14.1961, 66.881, 49.4809, 41.7211, 34.9035, 29.1618, 24.5009, 20.8136, 17.9344, 15.6921, 13.9387, 11.4612, 9.31572, 8.22332, 7.77396, 7.82465]",0.031542,"[0.0, 0.0, -2.13216, -1.83632]",0.346863
1.0,0.160305,0.0,0.0,4.69,0.0,1956.18,-1.38147,93.995,-1,"[200.0, 200.0, 200.0, 200.0, 200.0, 200.0, 200.0, 200.0, 200.0, 200.0, 200.0, 200.0, 200.0, 200.0, 200.0, 200.0, 200.0, 200.0, 200.0, 200.0, 200.0, 200.0, 200.0, 200.0, 200.0, 200.0, 200.0, 200.0, 200.0, 200.0, 200.0, 200.0, 200.0, 200.0, 200.0, 200.0]",1,942.478,-3.74501,-0.550047,-0.0350599,1.0,"[7.3686, 8.0575, 9.76402, 14.2538, 66.6798, 49.3001, 41.5593, 34.7646, 29.0474, 24.4096, 20.7421, 17.8789, 15.6489, 13.9049, 11.44, 9.30494, 8.21829, 7.77294, 7.82722]",0.0315918,"[-4.9128, -3.71349, -3.13286, -2.92776]",0.346992
1.0,0.162789,0.0,0.0,4.712,0.0,1956.15,-1.40625,93.995,-1,"[200.0, 200.0, 200.0, 200.0, 200.0, 200.0, 200.0, 200.0, 200.0, 200.0, 200.0, 200.0, 200.0, 200.0, 200.0, 200.0, 200.0, 200.0, 200.0, 200.0, 200.0, 200.0, 200.0, 200.0, 200.0, 200.0, 200.0, 200.0, 200.0, 200.0, 200.0, 200.0, 200.0, 200.0, 200.0, 200.0]",1,942.478,-4.21387,-0.664481,-0.0290017,1.0,"[7.37177, 8.06763, 9.78801, 14.3294, 66.4221, 49.0688, 41.3521, 34.5869, 28.9011, 24.2929, 20.6507, 17.8077, 15.5935, 13.8614, 11.4127, 9.29087, 8.21162, 7.77137, 7.83025]",0.0316152,"[-4.64813, -1.61426, -4.62158, -3.85013]",0.347133
1.0,0.165617,0.0,0.0,4.734,0.0,1956.13,-1.43408,93.995,-1,"[200.0, 200.0, 200.0, 200.0, 200.0, 200.0, 200.0, 200.0, 200.0, 200.0, 200.0, 200.0, 200.0, 200.0, 200.0, 200.0, 200.0, 200.0, 200.0, 200.0, 200.0, 200.0, 200.0, 200.0, 200.0, 200.0, 200.0, 200.0, 200.0, 200.0, 200.0, 200.0, 200.0, 200.0, 200.0, 200.0]",1,942.478,-4.7551,-0.749949,-0.025283,1.0,"[7.37536, 8.0792, 9.81546, 14.4167, 66.1291, 48.8065, 41.1175, 34.386, 28.7358, 24.1611, 20.5475, 17.7275, 15.5309, 13.8124, 11.3818, 9.27504, 8.20416, 7.76971, 7.83382]",0.0316518,"[-2.79044, -2.88278, -4.60144, -3.53384]",0.347262
1.0,0.168845,0.0,0.0,4.756,0.0,1956.1,-1.46472,93.995,-1,"[200.0, 200.0, 200.0, 200.0, 200.0, 200.0, 200.0, 200.0, 200.0, 200.0, 200.0, 200.0, 200.0, 200.0, 200.0, 200.0, 200.0, 200.0, 200.0, 200.0, 200.0, 200.0, 200.0, 200.0, 200.0, 200.0, 200.0, 200.0, 200.0, 200.0, 200.0, 200.0, 200.0, 200.0, 200.0, 200.0]",1,942.478,-5.17186,-0.821305,-0.0195566,1.0,"[7.37954, 8.09252, 9.84713, 14.5182, 65.7949, 48.5079, 40.8509, 34.158, 28.5485, 24.0119, 20.4308, 17.6367, 15.4602, 13.7569, 11.3469, 9.25711, 8.19573, 7.76788, 7.83797]",0.0316935,"[-4.11484, -5.87053, -5.01728, -4.29475]",0.347334
0.0,0.171078,1.0,0.0,4.778,0.0,1956.07,-1.4928,93.995,-1,"[200.0, 200.0, 200.0, 200.0, 200.0, 200.0, 200.0, 200.0, 200.0, 200.0, 200.0, 200.0, 200.0, 200.0, 200.0, 200.0, 200.0, 200.0, 200.0, 200.0, 200.0, 200.0, 200.0, 200.0, 200.0, 200.0, 200.0, 200.0, 200.0, 200.0, 200.0, 200.0, 200.0, 200.0, 200.0, 200.0]",1,942.478,-3.6646,-0.538594,-0.00659096,0.0,"[7.38226, 8.10159, 9.86892, 14.5891, 65.5641, 48.3024, 40.6677, 34.0016, 28.4203, 23.9099, 20.3511, 17.5748, 15.412, 13.7191, 11.3232, 9.24505, 8.19019, 7.76688, 7.84111]",0.0317515,"[0.0, 0.0, -1.33164, -1.09672]",0.347349
1.0,0.172247,0.0,0.0,4.8,0.0,1956.04,-1.51575,93.995,-1,"[200.0, 200.0, 200.0, 200.0, 200.0, 200.0, 200.0, 200.0, 200.0, 200.0, 200.0, 200.0, 200.0, 200.0, 200.0, 200.0, 200.0, 200.0, 200.0, 200.0, 200.0, 200.0, 200.0, 200.0, 200.0, 200.0, 200.0, 200.0, 200.0, 200.0, 200.0, 200.0, 200.0, 200.0, 200.0, 200.0]",1,942.478,-3.95861,-0.233383,0.00121308,0.0,"[7.38217, 8.10464, 9.87825, 14.623, 65.4452, 48.1976, 40.575, 33.9232, 28.3566, 23.8599, 20.3125, 17.5453, 15.3895, 13.7019, 11.313, 9.24055, 8.1889, 7.76789, 7.84429]",0.0319834,"[-4.9026, -3.92736, -3.76083, -3.34464]",0.347488
1.0,0.172394,0.0,0.0,4.822,0.0,1956.02,-1.54163,93.995,-1,"[200.0, 200.0, 200.0, 200.0, 200.0, 200.0, 200.0, 200.0, 200.0, 200.0, 200.0, 200.0, 200.0, 200.0, 200.0, 200.0, 200.0, 200.0, 200.0, 200.0, 200.0, 200.0, 200.0, 200.0, 200.0, 200.0, 200.0, 200.0, 200.0, 200.0, 200.0, 200.0, 200.0, 200.0, 200.0, 200.0]",1,942.478,-4.52258,-0.0317087,-0.00968204,0.0,"[7.37857, 8.10104, 9.87441, 14.6188, 65.4342, 48.1904, 40.5701, 33.9206, 28.3561, 23.8609, 20.3146, 17.5481, 15.3926, 13.7053, 11.3165, 9.24408, 8.19244, 7.77155, 7.84826]",0.0324819,"[-4.42896, -2.08168, -4.42067, -3.78693]",0.347726
1.0,0.172032,0.0,0.0,4.844,0.0,1955.99,-1.57056,93.995,-1,"[200.0, 200.0, 200.0, 200.0, 200.0, 200.0, 200.0, 200.0, 200.0, 200.0, 200.0, 200.0, 200.0, 200.0, 200.0, 200.0, 200.0, 200.0, 200.0, 200.0, 200.0, 200.0, 200.0, 200.0, 200.0, 200.0, 200.0, 200.0, 200.0, 200.0, 200.0, 200.0, 200.0, 200.0, 200.0, 200.0]",1,942.478,-5.06594,0.0231972,-0.028251,0.0,"[7.37287, 8.09373, 9.86351, 14.5948, 65.4775, 48.2324, 40.6097, 33.9565, 28.3876, 23.8879, 20.3376, 17.5675, 15.4092, 13.7195, 11.3274, 9.25204, 8.19874, 7.77688, 7.85296]",0.0331604,"[-2.49996, -3.28394, -4.48084, -4.74961]",0.347879
0.0,0.171295,1.0,0.0,4.866,0.0,1955.96,-1.59631,93.995,-1,"[200.0, 200.0, 200.0, 200.0, 200.0, 200.0, 200.0, 200.0, 200.0, 200.0, 200.0, 200.0, 200.0, 200.0, 200.0, 200.0, 200.0, 200.0, 200.0, 200.0, 200.0, 200.0, 200.0, 200.0, 200.0, 200.0, 200.0, 200.0, 200.0, 200.0, 200.0, 200.0, 200.0, 200.0, 200.0, 200.0]",1,942.478,-3.43052,0.0774319,-0.0345043,0.0,"[7.36694, 8.08516, 9.84927, 14.5593, 65.5592, 48.3085, 40.6794, 34.0181, 28.4401, 23.9316, 20.3734, 17.5969, 15.4335, 13.7397, 11.342, 9.26177, 8.20576, 7.78216, 7.85691]",0.0337992,"[0.0, 0.0, -1.71802, -1.46337]",0.347858
1.0,0.170921,0.0,0.0,4.888,0.0,1955.94,-1.61755,93.995,-1,"[200.0, 200.0, 200.0, 200.0, 200.0, 200.0, 200.0, 200.0, 200.0, 200.0, 200.0, 200.0, 200.0, 200.0, 200.0, 200.0, 200.0, 200.0, 200.0, 200.0, 200.0, 200.0, 200.0, 200.0, 200.0, 200.0, 200.0, 200.0, 200.0, 200.0, 200.0, 200.0, 200.0, 200.0, 200.0, 200.0]",1,942.478,-3.77456,0.0290414,-0.0309542,0.0,"[7.36236, 8.07907, 9.83986, 14.5378, 65.6024, 48.3498, 40.7179, 34.0525, 28.47, 23.957, 20.3947, 17.6147, 15.4484, 13.7524, 11.3515, 9.2685, 8.21094, 7.78637, 7.86047]",0.0343282,"[-3.73651, -3.70342, -3.01346, -2.96012]",0.347758
1.0,0.170552,0.0,0.0,4.91,0.0,1955.92,-1.64197,93.995,-1,"[200.0, 200.0, 200.0, 200.0, 200.0, 200.0, 200.0, 200.0, 200.0, 200.0, 200.0, 200.0, 200.0, 200.0, 200.0, 200.0, 200.0, 200.0, 200.0, 200.0, 200.0, 200.0, 200.0, 200.0, 200.0, 200.0, 200.0, 200.0, 200.0, 200.0, 200.0, 200.0, 200.0, 200.0, 200.0, 200.0]",1,942.478,-4.33907,0.0326704,-0.0295762,0.0,"[7.35737, 8.07255, 9.82993, 14.5154, 65.6456, 48.3913, 40.7566, 34.0875, 28.5005, 23.983, 20.4166, 17.6331, 15.464, 13.7657, 11.3616, 9.27568, 8.21654, 7.79102, 7.86446]",0.0349131,"[-1.94216, -1.80765, -3.7337, -3.90926]",0.347617
1.0,0.170067,0.0,0.0,4.932,0.0,1955.89,-1.66943,93.995,-1,"[200.0, 200.0, 200.0, 200.0, 200.0, 200.0, 200.0, 200.0, 200.0, 200.0, 200.0, 200.0, 200.0, 200.0, 200.0, 200.0, 200.0, 200.0, 200.0, 200.0, 200.0, 200.0, 200.0, 200.0, 200.0, 200.0, 200.0, 200.0, 200.0, 200.0, 200.0, 200.0, 200.0, 200.0, 200.0, 200.0]",1,942.478,-4.84466,0.0376765,-0.0309763,0.0,"[7.3517, 8.06494, 9.81813, 14.4882, 65.7013, 48.4443, 40.8059, 34.1317, 28.5388, 24.0154, 20.4437, 17.6557, 15.4829, 13.7818, 11.3736, 9.28413, 8.22298, 7.79623, 7.86883]",0.0355662,"[-3.13984, -3.09041, -4.81612, -4.04336]",0.347421
1.0,0.169515,0.0,0.0,4.954,0.0,1955.86,-1.69995,93.995,-1,"[200.0, 200.0, 200.0, 200.0, 200.0, 200.0, 200.0, 200.0, 200.0, 200.0, 200.0, 200.0, 200.0, 200.0, 200.0, 200.0, 200.0, 200.0, 200.0, 200.0, 200.0, 200.0, 200.0, 200.0, 200.0, 200.0, 200.0, 200.0, 200.0, 200.0, 200.0, 200.0, 200.0, 200.0, 200.0, 200.0]",1,942.478,-5.23802,0.0459053,-0.0336999,0.0,"[7.34535, 8.05642, 9.80486, 14.4575, 65.7645, 48.5046, 40.8618, 34.1818, 28.5823, 24.0522, 20.4744, 17.6813, 15.5044, 13.8, 11.3872, 9.29365, 8.23023, 7.80209, 7.87369]",0.0362956,"[-6.00469, -6.18855, -6.04113, -4.74659]",0.347163
0.0,0.169084,1.0,0.0,4.976,0.0,1955.83,-1.72827,93.995,-1,"[200.0, 200.0, 200.0, 200.0, 200.0, 200.0, 200.0, 200.0, 200.0, 200.0, 200.0, 200.0, 200.0, 200.0, 200.0, 200.0, 200.0, 200.0, 200.0, 200.0, 200.0, 200.0, 200.0, 200.0, 200.0, 200.0, 200.0, 200.0, 200.0, 200.0, 200.0, 200.0, 200.0, 200.0, 200.0, 200.0]",1,942.478,-3.83415,0.0870781,-0.0332255,0.0,"[7.33943, 8.04869, 9.79317, 14.4314, 65.815, 48.5531, 40.9074, 34.2229, 28.6182, 24.0828, 20.5002, 17.703, 15.5228, 13.8157, 11.3991, 9.30218, 8.23689, 7.8076, 7.87846]",0.0369924,"[0.0, 0.0, -1.18879, -0.916039]",0.346893
1.0,0.16833,0.0,0.0,4.998,0.0,1955.81,-1.75146,93.995,-1,"[200.0, 200.0, 200.0, 200.0, 200.0, 200.0, 200.0, 200.0, 200.0, 200.0, 200.0, 200.0, 200.0, 200.0, 200.0, 200.0, 200.0, 200.0, 200.0, 200.0, 200.0, 200.0, 200.0, 200.0, 200.0, 200.0, 200.0, 200.0, 200.0, 200.0, 200.0, 200.0, 200.0, 200.0, 200.0, 200.0]",1,942.478,-4.16016,0.241511,-0.0305702,-1.0,"[7.33346, 8.04005, 9.77882, 14.3961, 65.8984, 48.631, 40.9788, 34.2861, 28.6721, 24.1277, 20.5371, 17.7332, 15.5477, 13.8365, 11.414, 9.3121, 8.24403, 7.81295, 7.88243]",0.0376363,"[-2.28092, -1.07161, -3.72709, -4.24238]",0.34671
1.0,0.166294,0.0,0.0,5.02,0.0,1955.78,-1.77747,93.995,-1,"[200.0, 200.0, 200.0, 200.0, 200.0, 200.0, 200.0, 200.0, 200.0, 200.0, 200.0, 200.0, 200.0, 200.0, 200.0, 200.0, 200.0, 200.0, 200.0, 200.0, 200.0, 200.0, 200.0, 200.0, 200.0, 200.0, 200.0, 200.0, 200.0, 200.0, 200.0, 200.0, 200.0, 200.0, 200.0, 200.0]",1,942.478,-4.56335,0.489512,-0.0467226,-1.0,"[7.32393, 8.02405, 9.74942, 14.3168, 66.1165, 48.8304, 41.1597, 34.4436, 28.8044, 24.2358, 20.6241, 17.8031, 15.6041, 13.8823, 11.4454, 9.3314, 8.25652, 7.82092, 7.88667]",0.0385152,"[-3.06838, -5.59192, -4.53215, -5.06369]",0.346623
1.0,0.162856,0.0,0.0,5.042,0.0,1955.75,-1.80603,93.995,-1,"[200.0, 200.0, 200.0, 200.0, 200.0, 200.0, 200.0, 200.0, 200.0, 200.0, 200.0, 200.0, 200.0, 200.0, 200.0, 200.0, 200.0, 200.0, 200.0, 200.0, 200.0, 200.0, 200.0, 200.0, 200.0, 200.0, 200.0, 200.0, 200.0, 200.0, 200.0, 200.0, 200.0, 200.0, 200.0, 200.0]",1,942.478,-4.98447,0.787548,-0.0849157,-1.0,"[7.3103, 7.99981, 9.70344, 14.1906, 66.4822, 49.1641, 41.4618, 34.7063, 29.0244, 24.4149, 20.7676, 17.9177, 15.6959, 13.9567, 11.4957, 9.36144, 8.27525, 7.83211, 7.89153]",0.0396891,"[-5.42971, -5.42765, -3.86657, -6.04337]",0.346581
1.0,0.158407,0.0,0.0,5.064,0.0,1955.72,-1.83716,93.995,-1,"[200.0, 200.0, 200.0, 200.0, 200.0, 200.0, 200.0, 200.0, 200.0, 200.0, 200.0, 200.0, 200.0, 200.0, 200.0, 200.0, 200.0, 200.0, 200.0, 200.0, 200.0, 200.0, 200.0, 200.0, 200.0, 200.0, 200.0, 200.0, 200.0, 200.0, 200.0, 200.0, 200.0, 200.0, 200.0, 200.0]",1,995.423,-5.49822,0.950639,-0.132066,-1.0,"[7.29367, 7.96969, 9.64584, 14.0331, 66.9547, 49.5958, 41.8531, 35.0468, 29.3098, 24.6472, 20.9537, 18.066, 15.8146, 14.0525, 11.5602, 9.39965, 8.29882, 7.8459, 7.8971]",0.041098,"[-5.03461, -3.55998, -5.3479, -5.53829]",0.346481
0.0,0.155077,1.0,0.0,5.086,0.0,1955.69,-1.86548,93.995,-1,"[200.0, 200.0, 200.0, 200.0, 200.0, 200.0, 200.0, 200.0, 200.0, 200.0, 200.0, 200.0, 200.0, 200.0, 200.0, 200.0, 200.0, 200.0, 200.0, 200.0, 200.0, 200.0, 200.0, 200.0, 200.0, 200.0, 200.0, 200.0, 200.0, 200.0, 200.0, 200.0, 200.0, 200.0, 200.0, 200.0]",1,942.478,-3.99099,0.747261,-0.15994,-1.0,"[7.27946, 7.94527, 9.60067, 13.9137, 67.3105, 49.9232, 42.151, 35.3074, 29.5291, 24.8266, 21.098, 18.1816, 15.9076, 14.1279, 11.6115, 9.43067, 8.31857, 7.8582, 7.90324]",0.0424011,"[0.0, 0.0, -1.44166, -1.18567]",0.346192
1.0,0.152125,0.0,0.0,5.108,0.0,1955.67,-1.88916,93.995,-1,"[200.0, 200.0, 200.0, 200.0, 200.0, 200.0, 200.0, 200.0, 200.0, 200.0, 200.0, 200.0, 200.0, 200.0, 200.0, 200.0, 200.0, 200.0, 200.0, 200.0, 200.0, 200.0, 200.0, 200.0, 200.0, 200.0, 200.0, 200.0, 200.0, 200.0, 200.0, 200.0, 200.0, 200.0, 200.0, 200.0]",1,942.478,-4.22796,0.732848,-0.161556,-1.0,"[7.26755, 7.92445, 9.56183, 13.8112, 67.6253, 50.2129, 42.4148, 35.5382, 29.7235, 24.9856, 21.2259, 18.2839, 15.9896, 14.1943, 11.6564, 9.45764, 8.33555, 7.86858, 7.90815]",0.0434784,"[-4.65955, -5.4342, -3.78365, -4.03927]",0.34581
1.0,0.148318,0.0,0.0,5.13,0.0,1955.64,-1.91589,93.995,-1,"[200.0, 200.0, 200.0, 200.0, 200.0, 200.0, 200.0, 200.0, 200.0, 200.0, 200.0, 200.0, 200.0, 200.0, 200.0, 200.0, 200.0, 200.0, 200.0, 200.0, 200.0, 200.0, 200.0, 200.0, 200.0, 200.0, 200.0, 200.0, 200.0, 200.0, 200.0, 200.0, 200.0, 200.0, 200.0, 200.0]",1,942.478,-4.70204,0.816973,-0.169635,-1.0,"[7.25381, 7.89943, 9.51427, 13.6849, 68.0298, 50.5853, 42.7539, 35.8347, 29.9731, 25.1894, 21.3894, 18.4142, 16.0939, 14.2783, 11.7128, 9.49093, 8.35604, 7.88058, 7.91309]",0.0446706,"[-4.42852, -5.19302, -4.41832, -5.0864]",0.345546
1.0,0.144086,0.0,0.0,5.152,0.0,1955.61,-1.94556,93.995,-1,"[200.0, 200.0, 200.0, 200.0, 200.0, 200.0, 200.0, 200.0, 200.0, 200.0, 200.0, 200.0, 200.0, 200.0, 200.0, 200.0, 200.0, 200.0, 200.0, 200.0, 200.0, 200.0, 200.0, 200.0, 200.0, 200.0, 200.0, 200.0, 200.0, 200.0, 200.0, 200.0, 200.0, 200.0, 200.0, 200.0]",1,942.478,-5.28573,0.932599,-0.185546,-1.0,"[7.23882, 7.87206, 9.46227, 13.548, 68.4795, 51.0002, 43.1324, 36.1663, 30.2526, 25.4179, 21.5726, 18.5604, 16.2107, 14.3724, 11.7759, 9.52808, 8.37885, 7.89392, 7.91855]",0.0459778,"[-2.61559, -3.20687, -4.21012, -5.7293]",0.345393
0.0,0.14101,1.0,0.0,5.174,0.0,1955.59,-1.97217,93.995,-1,"[200.0, 200.0, 200.0, 200.0, 200.0, 200.0, 200.0, 200.0, 200.0, 200.0, 200.0, 200.0, 200.0, 200.0, 200.0, 200.0, 200.0, 200.0, 200.0, 200.0, 200.0, 200.0, 200.0, 200.0, 200.0, 200.0, 200.0, 200.0, 200.0, 200.0, 200.0, 200.0, 200.0, 200.0, 200.0, 200.0]",1,942.478,-3.65487,0.687001,-0.188044,-1.0,"[7.22636, 7.8505, 9.42262, 13.4469, 68.808, 51.3053, 43.4117, 36.4122, 30.4608, 25.5889, 21.7105, 18.6708, 16.2994, 14.4442, 11.8245, 9.55725, 8.3973, 7.90536, 7.92426]",0.0471486,"[0.0, 0.0, -1.64052, -1.4257]",0.345167
1.0,0.138214,0.0,0.0,5.196,0.0,1955.57,-1.99414,93.995,-1,"[200.0, 200.0, 200.0, 200.0, 200.0, 200.0, 200.0, 200.0, 200.0, 200.0, 200.0, 200.0, 200.0, 200.0, 200.0, 200.0, 200.0, 200.0, 200.0, 200.0, 200.0, 200.0, 200.0, 200.0, 200.0, 200.0, 200.0, 200.0, 200.0, 200.0, 200.0, 200.0, 200.0, 200.0, 200.0, 200.0]",1,942.478,-3.96754,0.674477,-0.168877,-1.0,"[7.21598, 7.83201, 9.3881, 13.3585, 69.1058, 51.5818, 43.6649, 36.635, 30.6494, 25.7436, 21.835, 18.7703, 16.379, 14.5085, 11.8677, 9.5829, 8.41326, 7.91496, 7.92865]",0.0480977,"[-3.04343, -4.20475, -2.53369, -3.65176]",0.344914
1.0,0.134515,0.0,0.0,5.218,0.0,1955.54,-2.01917,93.995,-1,"[200.0, 200.0, 200.0, 200.0, 200.0, 200.0, 200.0, 200.0, 200.0, 200.0, 200.0, 200.0, 200.0, 200.0, 200.0, 200.0, 200.0, 200.0, 200.0, 200.0, 200.0, 200.0, 200.0, 200.0, 200.0, 200.0, 200.0, 200.0, 200.0, 200.0, 200.0, 200.0, 200.0, 200.0, 200.0, 200.0]",1,942.478,-4.4726,0.799883,-0.162823,-1.0,"[7.2038, 7.80928, 9.34477, 13.2465, 69.4984, 51.9463, 43.9986, 36.9285, 30.8976, 25.947, 21.9984, 18.9004, 16.4829, 14.592, 11.9233, 9.61537, 8.43301, 7.92634, 7.93311]",0.0491659,"[-2.72685, -2.42251, -4.46872, -4.65638]",0.344907
1.0,0.130555,0.0,0.0,5.24,0.0,1955.51,-2.04712,93.995,-1,"[200.0, 200.0, 200.0, 200.0, 200.0, 200.0, 200.0, 200.0, 200.0, 200.0, 200.0, 200.0, 200.0, 200.0, 200.0, 200.0, 200.0, 200.0, 200.0, 200.0, 200.0, 200.0, 200.0, 200.0, 200.0, 200.0, 200.0, 200.0, 200.0, 200.0, 200.0, 200.0, 200.0, 200.0, 200.0, 200.0]",1,942.478,-4.93289,0.876217,-0.169968,-1.0,"[7.19061, 7.78489, 9.29856, 13.1286, 69.9189, 52.3378, 44.3578, 37.2452, 31.1661, 26.1673, 22.1755, 19.0417, 16.5956, 14.6827, 11.9838, 9.65074, 8.45461, 7.9389, 7.93825]",0.0503448,"[-5.32893, -3.811, -4.50191, -5.48223]",0.345069
1.0,0.126124,0.0,0.0,5.262,0.0,1955.48,-2.07813,93.995,-1,"[200.0, 200.0, 200.0, 200.0, 200.0, 200.0, 200.0, 200.0, 200.0, 200.0, 200.0, 200.0, 200.0, 200.0, 200.0, 200.0, 200.0, 200.0, 200.0, 200.0, 200.0, 200.0, 200.0, 200.0, 200.0, 200.0, 200.0, 200.0, 200.0, 200.0, 200.0, 200.0, 200.0, 200.0, 200.0, 200.0]",1,942.478,-5.40543,0.948158,-0.184293,-1.0,"[7.17628, 7.75814, 9.24784, 13.0001, 70.3893, 52.7769, 44.7613, 37.6015, 31.4686, 26.4159, 22.3755, 19.2011, 16.7228, 14.7849, 12.0518, 9.69036, 8.47871, 7.95286, 7.94389]",0.0516317,"[-4.93373, -6.92149, -4.0924, -5.79716]",0.34534
0.0,0.122231,1.0,0.0,5.284,0.0,1955.45,-2.10669,93.995,-1,"[200.0, 200.0, 200.0, 200.0, 200.0, 200.0, 200.0, 200.0, 200.0, 200.0, 200.0, 200.0, 200.0, 200.0, 200.0, 200.0, 200.0, 200.0, 200.0, 200.0, 200.0, 200.0, 200.0, 200.0, 200.0, 200.0, 200.0, 200.0, 200.0, 200.0, 200.0, 200.0, 200.0, 200.0, 200.0, 200.0]",1,942.478,-3.95924,0.763359,-0.184812,-1.0,"[7.16335, 7.73435, 9.20321, 12.8886, 70.803, 53.1645, 45.1183, 37.9176, 31.7377, 26.6374, 22.554, 19.3436, 16.8367, 14.8764, 12.1128, 9.72608, 8.50059, 7.96573, 7.94944]",0.0528259,"[0.0, 0.0, -1.60064, -1.29578]",0.345491
1.0,0.119176,0.0,0.0,5.306,0.0,1955.43,-2.13037,93.995,-1,"[200.0, 200.0, 200.0, 200.0, 200.0, 200.0, 200.0, 200.0, 200.0, 200.0, 200.0, 200.0, 200.0, 200.0, 200.0, 200.0, 200.0, 200.0, 200.0, 200.0, 200.0, 200.0, 200.0, 200.0, 200.0, 200.0, 200.0, 200.0, 200.0, 200.0, 200.0, 200.0, 200.0, 200.0, 200.0, 200.0]",1,942.478,-4.21467,0.738446,-0.163267,-1.0,"[7.15298, 7.71551, 9.16811, 12.8021, 71.1279, 53.4698, 45.4001, 38.1676, 31.9509, 26.8133, 22.696, 19.4571, 16.9274, 14.9494, 12.1615, 9.75466, 8.5182, 7.97623, 7.95419]",0.0538055,"[-4.64775, -4.18999, -3.90238, -3.90323]",0.345522
1.0,0.115369,0.0,0.0,5.328,0.0,1955.4,-2.15735,93.995,-1,"[200.0, 200.0, 200.0, 200.0, 200.0, 200.0, 200.0, 200.0, 200.0, 200.0, 200.0, 200.0, 200.0, 200.0, 200.0, 200.0, 200.0, 200.0, 200.0, 200.0, 200.0, 200.0, 200.0, 200.0, 200.0, 200.0, 200.0, 200.0, 200.0, 200.0, 200.0, 200.0, 200.0, 200.0, 200.0, 200.0]",1,942.478,-4.73351,0.818775,-0.153497,-1.0,"[7.14127, 7.6934, 9.12628, 12.6984, 71.5317, 53.8494, 45.7505, 38.4787, 32.2162, 27.0321, 22.8723, 19.5977, 17.0395, 15.0394, 12.2212, 9.78924, 8.53914, 7.98833, 7.9591]",0.0548808,"[-4.30485, -3.6277, -4.56771, -4.53654]",0.345762
1.0,0.111186,0.0,0.0,5.35,0.0,1955.37,-2.18726,93.995,-1,"[200.0, 200.0, 200.0, 200.0, 200.0, 200.0, 200.0, 200.0, 200.0, 200.0, 200.0, 200.0, 200.0, 200.0, 200.0, 200.0, 200.0, 200.0, 200.0, 200.0, 200.0, 200.0, 200.0, 200.0, 200.0, 200.0, 200.0, 200.0, 200.0, 200.0, 200.0, 200.0, 200.0, 200.0, 200.0, 200.0]",1,942.478,-5.22418,0.923046,-0.154917,-1.0,"[7.12865, 7.66946, 9.08099, 12.587, 71.9753, 54.2675, 46.1371, 38.8224, 32.5099, 27.2746, 23.0679, 19.7537, 17.1639, 15.1391, 12.2872, 9.82746, 8.56224, 8.00166, 7.96451]",0.0560496,"[-2.52881, -6.68415, -4.46084, -5.49968]",0.346118
0.0,0.107555,1.0,0.0,5.372,0.0,1955.35,-2.2146,93.995,-1,"[200.0, 200.0, 200.0, 200.0, 200.0, 200.0, 200.0, 200.0, 200.0, 200.0, 200.0, 200.0, 200.0, 200.0, 200.0, 200.0, 200.0, 200.0, 200.0, 200.0, 200.0, 200.0, 200.0, 200.0, 200.0, 200.0, 200.0, 200.0, 200.0, 200.0, 200.0, 200.0, 200.0, 200.0, 200.0, 200.0]",1,942.478,-3.72325,0.716373,-0.148946,-1.0,"[7.11733, 7.64834, 9.04147, 12.4911, 72.3608, 54.6319, 46.4749, 39.1235, 32.7678, 27.4881, 23.2403, 19.8915, 17.2738, 15.2274, 12.3458, 9.86148, 8.58299, 8.01383, 7.9698]",0.0571289,"[0.0, 0.0, -1.56994, -1.22734]",0.346331
1.0,0.10463,0.0,0.0,5.394,0.0,1955.32,-2.23718,93.995,-1,"[200.0, 200.0, 200.0, 200.0, 200.0, 200.0, 200.0, 200.0, 200.0, 200.0, 200.0, 200.0, 200.0, 200.0, 200.0, 200.0, 200.0, 200.0, 200.0, 200.0, 200.0, 200.0, 200.0, 200.0, 200.0, 200.0, 200.0, 200.0, 200.0, 200.0, 200.0, 200.0, 200.0, 200.0, 200.0, 200.0]",1,942.478,-4.01771,0.698657,-0.126927,-1.0,"[7.10823, 7.6314, 9.00989, 12.4151, 72.6712, 54.9261, 46.7478, 39.3673, 32.977, 27.6614, 23.3805, 20.0035, 17.3632, 15.2991, 12.3934, 9.88914, 8.59987, 8.02377, 7.97419]",0.0580068,"[-3.08828, -4.25047, -3.03916, -3.67137]",0.346411
1.0,0.100951,0.0,0.0,5.416,0.0,1955.3,-2.26282,93.995,-1,"[200.0, 200.0, 200.0, 200.0, 200.0, 200.0, 200.0, 200.0, 200.0, 200.0, 200.0, 200.0, 200.0, 200.0, 200.0, 200.0, 200.0, 200.0, 200.0, 200.0, 200.0, 200.0, 200.0, 200.0, 200.0, 200.0, 200.0, 200.0, 200.0, 200.0, 200.0, 200.0, 200.0, 200.0, 200.0, 200.0]",1,942.478,-4.55558,0.800272,-0.118636,-1.0,"[7.09796, 7.61142, 8.97191, 12.323, 73.0608, 55.2954, 47.0906, 39.6734, 33.2396, 27.8789, 23.5562, 20.1437, 17.4749, 15.3885, 12.4522, 9.92291, 8.62009, 8.0353, 7.97872]",0.0589691,"[-2.76623, -2.52039, -3.73928, -4.49527]",0.346634
1.0,0.0970074,0.0,0.0,5.438,0.0,1955.27,-2.2915,93.995,-1,"[200.0, 200.0, 200.0, 200.0, 200.0, 200.0, 200.0, 200.0, 200.0, 200.0, 200.0, 200.0, 200.0, 200.0, 200.0, 200.0, 200.0, 200.0, 200.0, 200.0, 200.0, 200.0, 200.0, 200.0, 200.0, 200.0, 200.0, 200.0, 200.0, 200.0, 200.0, 200.0, 200.0, 200.0, 200.0, 200.0]",1,942.478,-5.00137,0.871682,-0.124004,-1.0,"[7.08689, 7.59001, 8.93142, 12.2257, 73.4783, 55.6923, 47.4598, 40.0037, 33.5237, 28.1145, 23.7468, 20.2959, 17.5961, 15.4855, 12.5162, 9.95963, 8.64216, 8.04798, 7.98387]",0.060026,"[-5.41342, -3.87938, -4.42774, -4.83086]",0.346898
0.0,0.0940854,1.0,0.0,5.46,0.0,1955.24,-2.31763,93.995,-1,"[200.0, 200.0, 200.0, 200.0, 200.0, 200.0, 200.0, 200.0, 200.0, 200.0, 200.0, 200.0, 200.0, 200.0, 200.0, 200.0, 200.0, 200.0, 200.0, 200.0, 200.0, 200.0, 200.0, 200.0, 200.0, 200.0, 200.0, 200.0, 200.0, 200.0, 200.0, 200.0, 200.0, 200.0, 200.0, 200.0]",1,942.478,-3.5122,0.676457,-0.123317,-1.0,"[7.07725, 7.57263, 8.89975, 12.1519, 73.789, 55.9892, 47.7369, 40.2526, 33.7386, 28.2936, 23.8923, 20.4126, 17.6894, 15.5606, 12.5661, 9.98888, 8.66027, 8.05899, 7.98929]",0.0610118,"[0.0, 0.0, -1.42447, -1.12654]",0.346997
1.0,0.0913955,0.0,0.0,5.482,0.0,1955.22,-2.33911,93.995,-1,"[200.0, 200.0, 200.0, 200.0, 200.0, 200.0, 200.0, 200.0, 200.0, 200.0, 200.0, 200.0, 200.0, 200.0, 200.0, 200.0, 200.0, 200.0, 200.0, 200.0, 200.0, 200.0, 200.0, 200.0, 200.0, 200.0, 200.0, 200.0, 200.0, 200.0, 200.0, 200.0, 200.0, 200.0, 200.0, 200.0]",1,942.478,-3.74621,0.656743,-0.107259,-1.0,"[7.06932, 7.55769, 8.87195, 12.0865, 74.0741, 56.2615, 47.991, 40.481, 33.9356, 28.4577, 24.0255, 20.5191, 17.7745, 15.6287, 12.6112, 10.0149, 8.67608, 8.0683, 7.99345]",0.0618022,"[-3.78832, -4.45401, -3.97021, -3.93562]",0.34696
1.0,0.0879909,0.0,0.0,5.504,0.0,1955.2,-2.36365,93.995,-1,"[200.0, 200.0, 200.0, 200.0, 200.0, 200.0, 200.0, 200.0, 200.0, 200.0, 200.0, 200.0, 200.0, 200.0, 200.0, 200.0, 200.0, 200.0, 200.0, 200.0, 200.0, 200.0, 200.0, 200.0, 200.0, 200.0, 200.0, 200.0, 200.0, 200.0, 200.0, 200.0, 200.0, 200.0, 200.0, 200.0]",1,942.478,-4.36223,0.770937,-0.104318,-1.0,"[7.06028, 7.53989, 8.83826, 12.0067, 74.4341, 56.6056, 48.3121, 40.7695, 34.1847, 28.665, 24.1935, 20.6533, 17.8813, 15.7142, 12.6673, 10.0469, 8.69525, 8.07925, 7.99786]",0.0626821,"[-1.87737, -2.37204, -3.10233, -4.39064]",0.347016
1.0,0.08411,0.0,0.0,5.526,0.0,1955.17,-2.39124,93.995,-1,"[200.0, 200.0, 200.0, 200.0, 200.0, 200.0, 200.0, 200.0, 200.0, 200.0, 200.0, 200.0, 200.0, 200.0, 200.0, 200.0, 200.0, 200.0, 200.0, 200.0, 200.0, 200.0, 200.0, 200.0, 200.0, 200.0, 200.0, 200.0, 200.0, 200.0, 200.0, 200.0, 200.0, 200.0, 200.0, 200.0]",1,942.478,-4.84195,0.855953,-0.113572,-1.0,"[7.05034, 7.52007, 8.80057, 11.9176, 74.844, 56.9981, 48.679, 41.0995, 34.47, 28.9027, 24.3862, 20.8073, 18.0038, 15.812, 12.7314, 10.0835, 8.71698, 8.0916, 8.00276]",0.0636515,"[-2.97642, -3.6787, -4.04604, -4.5047]",0.347067
1.0,0.0798117,0.0,0.0,5.548,0.0,1955.14,-2.42175,93.995,-1,"[200.0, 200.0, 200.0, 200.0, 200.0, 200.0, 200.0, 200.0, 200.0, 200.0, 200.0, 200.0, 200.0, 200.0, 200.0, 200.0, 200.0, 200.0, 200.0, 200.0, 200.0, 200.0, 200.0, 200.0, 200.0, 200.0, 200.0, 200.0, 200.0, 200.0, 200.0, 200.0, 200.0, 200.0, 200.0, 200.0]",1,942.478,-5.24755,0.919331,-0.129107,-1.0,"[7.03958, 7.49843, 8.75945, 11.821, 75.2978, 57.4336, 49.0866, 41.467, 34.7882, 29.1683, 24.6017, 20.9795, 18.1408, 15.9214, 12.803, 10.1241, 8.74118, 8.10532, 8.00821]",0.0647135,"[-5.83768, -6.6872, -3.98943, -5.62983]",0.347057
0.0,0.0760738,1.0,0.0,5.57,0.0,1955.11,-2.45007,93.995,-1,"[200.0, 200.0, 200.0, 200.0, 200.0, 200.0, 200.0, 200.0, 200.0, 200.0, 200.0, 200.0, 200.0, 200.0, 200.0, 200.0, 200.0, 200.0, 200.0, 200.0, 200.0, 200.0, 200.0, 200.0, 200.0, 200.0, 200.0, 200.0, 200.0, 200.0, 200.0, 200.0, 200.0, 200.0, 200.0, 200.0]",1,942.478,-3.84655,0.745957,-0.134513,-1.0,"[7.02978, 7.4792, 8.7234, 11.7375, 75.6928, 57.8139, 49.4433, 41.7894, 35.068, 29.4024, 24.7922, 21.1319, 18.2623, 16.0186, 12.8667, 10.1605, 8.76299, 8.11794, 8.01362]",0.0657115,"[0.0, 0.0, -1.31679, -1.20546]",0.346889
1.0,0.0730979,0.0,0.0,5.592,0.0,1955.09,-2.47351,93.995,-1,"[200.0, 200.0, 200.0, 200.0, 200.0, 200.0, 200.0, 200.0, 200.0, 200.0, 200.0, 200.0, 200.0, 200.0, 200.0, 200.0, 200.0, 200.0, 200.0, 200.0, 200.0, 200.0, 200.0, 200.0, 200.0, 200.0, 200.0, 200.0, 200.0, 200.0, 200.0, 200.0, 200.0, 200.0, 200.0, 200.0]",1,942.478,-4.09495,0.710989,-0.122079,-1.0,"[7.02194, 7.4639, 8.69479, 11.6718, 76.0071, 58.1173, 49.7284, 42.0474, 35.2925, 29.5905, 24.9453, 21.2546, 18.3601, 16.0968, 12.9181, 10.1898, 8.78062, 8.12821, 8.01811]",0.0665222,"[-3.92498, -5.30252, -3.75092, -3.799]",0.346629
1.0,0.0693671,0.0,0.0,5.614,0.0,1955.06,-2.50012,93.995,-1,"[200.0, 200.0, 200.0, 200.0, 200.0, 200.0, 200.0, 200.0, 200.0, 200.0, 200.0, 200.0, 200.0, 200.0, 200.0, 200.0, 200.0, 200.0, 200.0, 200.0, 200.0, 200.0, 200.0, 200.0, 200.0, 200.0, 200.0, 200.0, 200.0, 200.0, 200.0, 200.0, 200.0, 200.0, 200.0, 200.0]",1,942.478,-4.62114,0.810472,-0.118734,-1.0,"[7.01324, 7.44597, 8.66059, 11.5925, 27.9098, 58.4969, 50.085, 42.3704, 35.5734, 29.8258, 25.1369, 21.4078, 18.482, 16.1939, 12.9814, 10.2256, 8.80175, 8.14013, 8.02281]",0.0674021,"[-1.95746, -5.00911, -3.52526, -4.99867]",0.346459
1.0,0.0651223,0.0,0.0,5.636,0.0,1955.03,-2.52966,93.995,-1,"[200.0, 200.0, 200.0, 200.0, 200.0, 200.0, 200.0, 200.0, 200.0, 200.0, 200.0, 200.0, 200.0, 200.0, 200.0, 200.0, 200.0, 200.0, 200.0, 200.0, 200.0, 200.0, 200.0, 200.0, 200.0, 200.0, 200.0, 200.0, 200.0, 200.0, 200.0, 200.0, 200.0, 200.0, 200.0, 200.0]",1,942.478,-5.14695,0.914072,-0.125628,-1.0,"[7.00377, 7.42608, 8.62248, 11.5044, 25.8879, 58.9291, 50.4918, 42.7393, 35.8949, 30.0954, 25.3564, 21.5834, 18.6216, 16.3052, 13.0538, 10.2663, 8.82572, 8.15356, 8.028]",0.0683655,"[-3.1508, -3.22942, -4.80274, -4.92109]",0.346335
0.0,0.0621712,1.0,0.0,5.658,0.0,1955.0,-2.5564,93.995,-1,"[200.0, 200.0, 200.0, 200.0, 200.0, 200.0, 200.0, 200.0, 200.0, 200.0, 200.0, 200.0, 200.0, 200.0, 200.0, 200.0, 200.0, 200.0, 200.0, 200.0, 200.0, 200.0, 200.0, 200.0, 200.0, 200.0, 200.0, 200.0, 200.0, 200.0, 200.0, 200.0, 200.0, 200.0, 200.0, 200.0]",1,942.478,-3.54178,0.675198,-0.124912,-1.0,"[6.99572, 7.41072, 8.59428, 11.4413, 24.9565, 59.2321, 50.7779, 42.9997, 36.1228, 30.2875, 25.5135, 21.7098, 18.7224, 16.3859, 13.1069, 10.2967, 8.84418, 8.16455, 8.03323]",0.0692424,"[0.0, 0.0, -1.35853, -1.55848]",0.34614
1.0,0.0593736,0.0,0.0,5.68,0.0,1954.98,-2.57825,93.995,-1,"[200.0, 200.0, 200.0, 200.0, 200.0, 200.0, 200.0, 200.0, 200.0, 200.0, 200.0, 200.0, 200.0, 200.0, 200.0, 200.0, 200.0, 200.0, 200.0, 200.0, 200.0, 200.0, 200.0, 200.0, 200.0, 200.0, 200.0, 200.0, 200.0, 200.0, 200.0, 200.0, 200.0, 200.0, 200.0, 200.0]",1,942.478,-3.81259,0.652797,-0.108494,-1.0,"[6.98911, 7.39731, 8.56901, 11.3839, 24.2428, 59.5184, 51.0481, 43.2457, 36.338, 30.4688, 25.6616, 21.8285, 18.817, 16.4614, 13.1561, 10.3246, 8.86073, 8.17406, 8.03728]",0.0699443,"[-3.6078, -4.98923, -3.25466, -3.78916]",0.345929
1.0,0.0558154,0.0,0.0,5.702,0.0,1954.96,-2.60327,93.995,-1,"[200.0, 200.0, 200.0, 200.0, 200.0, 200.0, 200.0, 200.0, 200.0, 200.0, 200.0, 200.0, 200.0, 200.0, 200.0, 200.0, 200.0, 200.0, 200.0, 200.0, 200.0, 200.0, 200.0, 200.0, 200.0, 200.0, 200.0, 200.0, 200.0, 200.0, 200.0, 200.0, 200.0, 200.0, 200.0, 200.0]",1,942.478,-4.34091,0.766356,-0.103222,-1.0,"[6.98169, 7.38131, 8.53824, 11.3135, 23.4802, 59.8819, 51.3914, 43.5583, 36.6115, 30.699, 25.8495, 21.979, 18.9366, 16.5567, 13.2178, 10.3591, 8.88097, 8.18535, 8.04162]",0.0707194,"[-1.69397, -4.73704, -3.44852, -5.05232]",0.345868
1.0,0.0519459,0.0,0.0,5.724,0.0,1954.93,-2.63123,93.995,-1,"[200.0, 200.0, 200.0, 200.0, 200.0, 200.0, 200.0, 200.0, 200.0, 200.0, 200.0, 200.0, 200.0, 200.0, 200.0, 200.0, 200.0, 200.0, 200.0, 200.0, 200.0, 200.0, 200.0, 200.0, 200.0, 200.0, 200.0, 200.0, 200.0, 200.0, 200.0, 200.0, 200.0, 200.0, 200.0, 200.0]",1,942.478,-4.88914,0.870074,-0.109305,-1.0,"[6.97358, 7.36393, 8.50495, 11.2379, 22.7682, 60.278, 51.766, 43.9001, 36.9111, 30.9518, 26.0562, 22.1446, 19.0683, 16.6615, 13.2859, 10.3972, 8.90332, 8.19791, 8.04659]",0.071583,"[-2.91042, -2.89919, -3.80542, -4.53935]",0.345912
1.0,0.0475356,0.0,0.0,5.746,0.0,1954.9,-2.66235,93.995,-1,"[200.0, 200.0, 200.0, 200.0, 200.0, 200.0, 200.0, 200.0, 200.0, 200.0, 200.0, 200.0, 200.0, 200.0, 200.0, 200.0, 200.0, 200.0, 200.0, 200.0, 200.0, 200.0, 200.0, 200.0, 200.0, 200.0, 200.0, 200.0, 200.0, 200.0, 200.0, 200.0, 200.0, 200.0, 200.0, 200.0]",1,942.478,-5.32025,0.933435,-0.119915,-1.0,"[6.96486, 7.34473, 8.4679, 11.1538, 22.0653, 60.7297, 52.1938, 44.2909, 37.2543, 31.2416, 26.2933, 22.3347, 19.2195, 16.7818, 13.3636, 10.4405, 8.92861, 8.212, 8.05203]",0.0725179,"[-5.88034, -4.27439, -4.56789, -5.04142]",0.346024
0.0,0.0442559,1.0,0.0,5.768,0.0,1954.87,-2.6908,93.995,-1,"[200.0, 200.0, 200.0, 200.0, 200.0, 200.0, 200.0, 200.0, 200.0, 200.0, 200.0, 200.0, 200.0, 200.0, 200.0, 200.0, 200.0, 200.0, 200.0, 200.0, 200.0, 200.0, 200.0, 200.0, 200.0, 200.0, 200.0, 200.0, 200.0, 200.0, 200.0, 200.0, 200.0, 200.0, 200.0, 200.0]",1,942.478,-3.82815,0.740321,-0.12099,-1.0,"[6.95711, 7.32914, 8.43896, 11.09, 21.5897, 61.0678, 52.5149, 44.5853, 37.5138, 31.4617, 26.4741, 22.4802, 19.3356, 16.8745, 13.4241, 10.4747, 8.94908, 8.22397, 8.05753]",0.0733948,"[0.0, 0.0, -1.10244, -1.35301]",0.346093
0.0,0.041454,0.0,0.0,5.79,0.0,1954.85,-2.71277,93.995,-1,"[200.0, 200.0, 200.0, 200.0, 200.0, 200.0, 200.0, 200.0, 200.0, 200.0, 200.0, 200.0, 200.0, 200.0, 200.0, 200.0, 200.0, 200.0, 200.0, 200.0, 200.0, 200.0, 200.0, 200.0, 200.0, 200.0, 200.0, 200.0, 200.0, 200.0, 200.0, 200.0, 200.0, 200.0, 200.0, 200.0]",1,942.478,-3.58183,0.68524,-0.103131,-1.0,"[6.95108, 7.31649, 8.41508, 11.037, 21.2168, 61.3563, 52.789, 44.8368, 37.7356, 31.6498, 26.6286, 22.6045, 19.4346, 16.9534, 13.4753, 10.5035, 8.9661, 8.23374, 8.06176]",0.0740743,"[-1.1341, -4.88617, -3.79268, -4.16888]",0.34609
0.0,0.0382792,0.0,0.0,5.812,0.0,1954.83,-2.73499,93.995,-1,"[200.0, 200.0, 200.0, 200.0, 200.0, 200.0, 200.0, 200.0, 200.0, 200.0, 200.0, 200.0, 200.0, 200.0, 200.0, 200.0, 200.0, 200.0, 200.0, 200.0, 200.0, 200.0, 200.0, 200.0, 200.0, 200.0, 200.0, 200.0, 200.0, 200.0, 200.0, 200.0, 200.0, 200.0, 200.0, 200.0]",1,942.478,-3.62732,0.698233,-0.0894795,-1.0,"[6.945, 7.30297, 8.3891, 10.9788, 20.826, 61.6827, 53.0993, 45.1216, 37.9869, 31.8629, 26.8036, 22.7451, 19.5465, 17.0424, 13.5328, 10.5355, 8.98477, 8.24421, 8.06596]",0.0747548,"[-2.2569, -4.20474, -1.57229, -4.12478]",0.34622
0.0,0.0350353,0.0,0.0,5.834,0.0,1954.8,-2.7572,93.995,-1,"[200.0, 200.0, 200.0, 200.0, 200.0, 200.0, 200.0, 200.0, 200.0, 200.0, 200.0, 200.0, 200.0, 200.0, 200.0, 200.0, 200.0, 200.0, 200.0, 200.0, 200.0, 200.0, 200.0, 200.0, 200.0, 200.0, 200.0, 200.0, 200.0, 200.0, 200.0, 200.0, 200.0, 200.0, 200.0, 200.0]",1,942.478,-3.67056,0.7001,-0.0811372,-1.0,"[6.93897, 7.2894, 8.36292, 10.9204, 20.4538, 62.0164, 53.4168, 45.4133, 38.2446, 32.0819, 26.9835, 22.8897, 19.6615, 17.1339, 13.5919, 10.5682, 9.00385, 8.25487, 8.0702]",0.0754344,"[-4.45688, -2.02482, -2.35097, -2.41996]",0.346444
0.0,0.0318496,0.0,0.0,5.856,0.0,1954.78,-2.77942,93.995,-1,"[200.0, 200.0, 200.0, 200.0, 200.0, 200.0, 200.0, 200.0, 200.0, 200.0, 200.0, 200.0, 200.0, 200.0, 200.0, 200.0, 200.0, 200.0, 200.0, 200.0, 200.0, 200.0, 200.0, 200.0, 200.0, 200.0, 200.0, 200.0, 200.0, 200.0, 200.0, 200.0, 200.0, 200.0, 200.0, 200.0]",1,942.478,-3.63539,0.704568,-0.0774318,-1.0,"[6.93309, 7.27613, 8.33739, 10.8636, 20.1104, 62.3445, 53.7295, 45.701, 38.4992, 32.2984, 27.1616, 23.0329, 19.7756, 17.2246, 13.6504, 10.6007, 9.02278, 8.26548, 8.07449]",0.0761088,"[-3.67447, -2.7982, -4.36842, -2.31693]",0.346726
0.0,0.0286819,0.0,0.0,5.878,0.0,1954.76,-2.80164,93.995,-1,"[200.0, 200.0, 200.0, 200.0, 200.0, 200.0, 200.0, 200.0, 200.0, 200.0, 200.0, 200.0, 200.0, 200.0, 200.0, 200.0, 200.0, 200.0, 200.0, 200.0, 200.0, 200.0, 200.0, 200.0, 200.0, 200.0, 200.0, 200.0, 200.0, 200.0, 200.0, 200.0, 200.0, 200.0, 200.0, 200.0]",1,942.478,-3.60431,0.709785,-0.0764028,-1.0,"[6.92736, 7.26309, 8.31226, 10.808, 19.7884, 62.6711, 54.0409, 45.988, 38.7535, 32.5151, 27.3401, 23.1765, 19.8899, 17.3155, 13.709, 10.6331, 9.04169, 8.27608, 8.07878]",0.0767741,"[-1.43041, -5.14197, -3.63326, -3.89531]",0.347032
0.0,0.0254413,0.0,0.0,5.9,0.0,1954.74,-2.82397,93.995,-1,"[200.0, 200.0, 200.0, 200.0, 200.0, 200.0, 200.0, 200.0, 200.0, 200.0, 200.0, 200.0, 200.0, 200.0, 200.0, 200.0, 200.0, 200.0, 200.0, 200.0, 200.0, 200.0, 200.0, 200.0, 200.0, 200.0, 200.0, 200.0, 200.0, 200.0, 200.0, 200.0, 200.0, 200.0, 200.0, 200.0]",1,942.478,-3.64834,0.708397,-0.0765086,-1.0,"[6.92175, 7.25006, 8.28701, 10.7521, 19.4775, 63.0052, 54.36, 46.2824, 39.0147, 32.7378, 27.5236, 23.3244, 20.0075, 17.409, 13.7691, 10.6664, 9.06097, 8.28684, 8.08308]",0.0774312,"[-2.26196, -4.31549, -1.68374, -4.05044]",0.347347
1.0,0.022248,0.0,0.0,5.922,0.0,1954.71,-2.84619,93.995,1,"[200.0, 200.0, 200.0, 200.0, 200.0, 200.0, 200.0, 200.0, 200.0, 200.0, 200.0, 200.0, 200.0, 200.0, 200.0, 200.0, 200.0, 200.0, 200.0, 200.0, 200.0, 200.0, 200.0, 200.0, 200.0, 200.0, 200.0, 200.0, 200.0, 200.0, 200.0, 200.0, 200.0, 200.0, 200.0, 200.0]",1,957.884,-3.62352,0.711315,-0.0766707,-1.0,"[6.91632, 7.23734, 8.26238, 10.6978, 19.1867, 63.3348, 54.675, 46.5734, 39.2733, 32.9587, 27.7059, 23.4712, 20.1244, 17.5018, 13.8289, 10.6993, 9.08008, 8.29751, 8.08737]",0.0780772,"[-4.50627, -1.82789, -1.6564, -4.33772]",0.347655
1.0,0.0194327,0.0,0.0,5.944,0.0,1954.69,-2.86853,93.995,1,"[200.0, 200.0, 200.0, 200.0, 200.0, 200.0, 200.0, 200.0, 200.0, 200.0, 200.0, 200.0, 200.0, 200.0, 200.0, 200.0, 200.0, 200.0, 200.0, 200.0, 200.0, 200.0, 200.0, 200.0, 200.0, 200.0, 200.0, 200.0, 200.0, 200.0, 200.0, 200.0, 200.0, 200.0, 200.0, 200.0]",1,974.847,-3.64966,0.60664,-0.0755055,0.0,"[6.91132, 7.22592, 8.24049, 10.6499, 18.9407, 63.626, 54.9538, 46.8313, 39.5029, 33.1552, 27.8683, 23.6022, 20.2288, 17.5849, 13.8824, 10.7289, 9.09736, 8.30729, 8.0915]",0.0786845,"[-3.72606, -2.57791, -4.45542, -1.73547]",0.347929
1.0,0.0176784,0.0,0.0,5.966,0.0,1954.67,-2.89099,93.995,1,"[200.0, 200.0, 200.0, 200.0, 200.0, 200.0, 200.0, 200.0, 200.0, 200.0, 200.0, 200.0, 200.0, 200.0, 200.0, 200.0, 200.0, 200.0, 200.0, 200.0, 200.0, 200.0, 200.0, 200.0, 200.0, 200.0, 200.0, 200.0, 200.0, 200.0, 200.0, 200.0, 200.0, 200.0, 200.0, 200.0]",1,991.824,-3.66957,0.394957,-0.0668235,0.0,"[6.90762, 7.21821, 8.22619, 10.6194, 18.79, 63.8083, 55.1286, 46.9935, 39.6477, 33.2794, 27.9713, 23.6855, 20.2954, 17.6381, 13.9168, 10.7482, 9.10886, 8.31403, 8.09472]",0.0791443,"[-1.63279, -4.89458, -4.36825, -1.83568]",0.348091
1.0,0.0169641,0.0,0.0,5.988,0.0,1954.65,-2.9137,93.995,1,"[200.0, 200.0, 200.0, 200.0, 200.0, 200.0, 200.0, 200.0, 200.0, 200.0, 200.0, 200.0, 200.0, 200.0, 200.0, 200.0, 200.0, 200.0, 200.0, 200.0, 200.0, 200.0, 200.0, 200.0, 200.0, 200.0, 200.0, 200.0, 200.0, 200.0, 200.0, 200.0, 200.0, 200.0, 200.0, 200.0]",1,1008.82,-3.67252,0.168203,-0.0499811,0.0,"[6.90552, 7.21444, 8.21965, 10.606, 18.7273, 63.8833, 55.2008, 47.0607, 39.7078, 33.3313, 28.0146, 23.7208, 20.3238, 17.6609, 13.9319, 10.7569, 9.11423, 8.31741, 8.09663]",0.0794118,"[-2.48705, -3.82996, -1.66185, -4.44009]",0.34814
1.0,0.0166375,0.0,0.0,6.01,0.0,1954.62,-2.93628,93.995,1,"[200.0, 200.0, 200.0, 200.0, 200.0, 200.0, 200.0, 200.0, 200.0, 200.0, 200.0, 200.0, 200.0, 200.0, 200.0, 200.0, 200.0, 200.0, 200.0, 200.0, 200.0, 200.0, 200.0, 200.0, 200.0, 200.0, 200.0, 200.0, 200.0, 200.0, 200.0, 200.0, 200.0, 200.0, 200.0, 200.0]",1,1025.82,-3.67571,0.0949228,-0.0320269,0.0,"[6.90436, 7.21252, 8.21643, 10.5996, 18.6981, 63.9178, 55.234, 47.0917, 39.7358, 33.3554, 28.0348, 23.7374, 20.3372, 17.6716, 13.9391, 10.7611, 9.11689, 8.31915, 8.0977]",0.0795603,"[-4.65225, -1.18551, -1.7661, -4.36201]",0.348161
1.0,0.0163524,0.0,0.0,6.032,0.0,1954.6,-2.95886,93.995,1,"[200.0, 200.0, 200.0, 200.0, 200.0, 200.0, 200.0, 200.0, 200.0, 200.0, 200.0, 200.0, 200.0, 200.0, 200.0, 200.0, 200.0, 200.0, 200.0, 200.0, 200.0, 200.0, 200.0, 200.0, 200.0, 200.0, 200.0, 200.0, 200.0, 200.0, 200.0, 200.0, 200.0, 200.0, 200.0, 200.0]",1,1042.84,-3.66436,0.0783763,-0.0193406,0.0,"[6.90345, 7.21094, 8.21374, 10.5941, 18.673, 63.9478, 55.2629, 47.1186, 39.76, 33.3764, 28.0523, 23.7516, 20.3487, 17.6809, 13.9452, 10.7647, 9.11913, 8.32059, 8.09855]",0.0796773,"[-3.82899, -2.16211, -4.59776, -1.7671]",0.348212
1.0,0.0161015,0.0,0.0,6.054,0.0,1954.58,-2.98145,93.995,1,"[200.0, 200.0, 200.0, 200.0, 200.0, 200.0, 200.0, 200.0, 200.0, 200.0, 200.0, 200.0, 200.0, 200.0, 200.0, 200.0, 200.0, 200.0, 200.0, 200.0, 200.0, 200.0, 200.0, 200.0, 200.0, 200.0, 200.0, 200.0, 200.0, 200.0, 200.0, 200.0, 200.0, 200.0, 200.0, 200.0]",1,942.478,-3.64988,0.0718873,-0.0120897,0.0,"[6.90261, 7.20951, 8.21133, 10.5893, 18.6509, 63.9742, 55.2884, 47.1424, 39.7813, 33.3949, 28.0677, 23.7642, 20.3589, 17.6891, 13.9506, 10.7678, 9.12113, 8.32188, 8.09933]",0.0797852,"[-1.69922, -4.74117, -4.40929, -1.74005]",0.348272
1.0,0.0157472,0.0,0.0,6.076,0.0,1954.56,-3.00281,93.995,1,"[200.0, 200.0, 200.0, 200.0, 200.0, 200.0, 200.0, 200.0, 200.0, 200.0, 200.0, 200.0, 200.0, 200.0, 200.0, 200.0, 200.0, 200.0, 200.0, 200.0, 200.0, 200.0, 200.0, 200.0, 200.0, 200.0, 200.0, 200.0, 200.0, 200.0, 200.0, 200.0, 200.0, 200.0, 200.0, 200.0]",1,942.478,-3.31924,0.0428917,-0.0065601,0.0,"[6.90189, 7.20799, 8.20848, 10.5832, 18.6217, 64.0111, 55.3238, 47.1752, 39.8106, 33.42, 28.0886, 23.7811, 20.3724, 17.6999, 13.9576, 10.7717, 9.12344, 8.32322, 8.09996]",0.0798747,"[-2.32484, -3.62358, -0.512096, -2.34854]",0.348312
1.0,0.0153081,0.0,0.0,6.098,0.0,1954.54,-3.02173,93.995,1,"[200.0, 200.0, 200.0, 200.0, 200.0, 200.0, 200.0, 200.0, 200.0, 200.0, 200.0, 200.0, 200.0, 200.0, 200.0, 200.0, 200.0, 200.0, 200.0, 200.0, 200.0, 200.0, 200.0, 200.0, 200.0, 200.0, 200.0, 200.0, 200.0, 200.0, 200.0, 200.0, 200.0, 200.0, 200.0, 200.0]",1,942.478,-2.90502,0.053425,-0.00155582,0.0,"[6.90127, 7.20638, 8.20529, 10.5761, 18.5867, 64.0564, 55.3672, 47.2155, 39.8465, 33.4507, 28.1139, 23.8015, 20.3886, 17.7128, 13.9658, 10.7762, 9.12601, 8.32463, 8.10049]",0.079951,"[-3.90363, -0.900316, -0.797528, -3.09308]",0.348341
1.0,0.0150067,0.0,0.0,6.12,0.0,1954.52,-3.03845,93.995,1,"[200.0, 200.0, 200.0, 200.0, 200.0, 200.0, 200.0, 200.0, 200.0, 200.0, 200.0, 200.0, 200.0, 200.0, 200.0, 200.0, 200.0, 200.0, 200.0, 200.0, 200.0, 200.0, 200.0, 200.0, 200.0, 200.0, 200.0, 200.0, 200.0, 200.0, 200.0, 200.0, 200.0, 200.0, 200.0, 200.0]",1,942.478,-2.55839,0.032244,0.00124996,0.0,"[6.90074, 7.20517, 8.20298, 10.5711, 18.5625, 64.0876, 55.3971, 47.2432, 39.8713, 33.4719, 28.1316, 23.8158, 20.4, 17.7218, 13.9717, 10.7794, 9.12789, 8.32569, 8.10094]",0.0800171,"[-2.84345, -1.5138, 0.860722, -2.00867]",0.348361
1.0,0.0147988,0.0,0.0,6.142,0.0,1954.51,-3.05286,93.995,1,"[200.0, 200.0, 200.0, 200.0, 200.0, 200.0, 200.0, 200.0, 200.0, 200.0, 200.0, 200.0, 200.0, 200.0, 200.0, 200.0, 200.0, 200.0, 200.0, 200.0, 200.0, 200.0, 200.0, 200.0, 200.0, 200.0, 200.0, 200.0, 200.0, 200.0, 200.0, 200.0, 200.0, 200.0, 200.0, 200.0]",1,942.478,-2.11587,0.0427014,0.00220486,0.0,"[6.90029, 7.20425, 8.20128, 10.5675, 18.5455, 64.1092, 55.4178, 47.2625, 39.8885, 33.4868, 28.1439, 23.8258, 20.408, 17.7282, 13.9758, 10.7818, 9.12927, 8.32652, 8.10134]",0.080073,"[-0.658047, -3.61247, -2.18527, 0.0349483]",0.348372
1.0,0.0144731,0.0,0.0,6.164,0.0,1954.5,-3.0647,93.995,1,"[200.0, 200.0, 200.0, 200.0, 200.0, 200.0, 200.0, 200.0, 200.0, 200.0, 200.0, 200.0, 200.0, 200.0, 200.0, 200.0, 200.0, 200.0, 200.0, 200.0, 200.0, 200.0, 200.0, 200.0, 200.0, 200.0, 200.0, 200.0, 200.0, 200.0, 200.0, 200.0, 200.0, 200.0, 200.0, 200.0]",1,942.478,-1.79131,0.0484154,0.00142237,0.0,"[6.89982, 7.20306, 8.19891, 10.5623, 18.5199, 64.1428, 55.4501, 47.2924, 39.9152, 33.5096, 28.1628, 23.841, 20.4201, 17.7378, 13.9819, 10.7851, 9.1312, 8.32757, 8.10175]",0.080131,"[-0.958058, -2.33321, -1.33832, 2.08733]",0.348381
1.0,0.0142962,0.0,0.0,6.186,0.0,1954.49,-3.0741,93.995,1,"[200.0, 200.0, 200.0, 200.0, 200.0, 200.0, 200.0, 200.0, 200.0, 200.0, 200.0, 200.0, 200.0, 200.0, 200.0, 200.0, 200.0, 200.0, 200.0, 200.0, 200.0, 200.0, 200.0, 200.0, 200.0, 200.0, 200.0, 200.0, 200.0, 200.0, 200.0, 200.0, 200.0, 200.0, 200.0, 200.0]",1,942.478,-1.39257,0.0468875,-0.00100192,0.0,"[6.89932, 7.20214, 8.19732, 10.559, 18.505, 64.1614, 55.468, 47.3091, 39.9301, 33.5225, 28.1735, 23.8497, 20.4271, 17.7435, 13.9856, 10.7873, 9.13252, 8.32839, 8.1022]",0.0801951,"[-2.5385, 0.491656, -1.63795, 1.97502]",0.348388
1.0,0.0141985,0.0,0.0,6.208,0.0,1954.48,-3.0813,93.995,1,"[200.0, 200.0, 200.0, 200.0, 200.0, 200.0, 200.0, 200.0, 200.0, 200.0, 200.0, 200.0, 200.0, 200.0, 200.0, 200.0, 200.0, 200.0, 200.0, 200.0, 200.0, 200.0, 200.0, 200.0, 200.0, 200.0, 200.0, 200.0, 200.0, 200.0, 200.0, 200.0, 200.0, 200.0, 200.0, 200.0]",1,942.478,-0.987229,0.0471895,-0.00326017,0.0,"[6.89891, 7.20151, 8.19628, 10.557, 18.4963, 64.1718, 55.478, 47.3184, 39.9386, 33.5299, 28.1798, 23.8549, 20.4313, 17.7468, 13.9879, 10.7886, 9.1334, 8.32899, 8.10259]",0.080248,"[-1.49533, -0.169638, 0.753609, -0.863154]",0.348378
1.0,0.0139334,0.0,0.0,6.23,0.0,1954.47,-3.08606,93.995,1,"[200.0, 200.0, 200.0, 200.0, 200.0, 200.0, 200.0, 200.0, 200.0, 200.0, 200.0, 200.0, 200.0, 200.0, 200.0, 200.0, 200.0, 200.0, 200.0, 200.0, 200.0, 200.0, 200.0, 200.0, 200.0, 200.0, 200.0, 200.0, 200.0, 200.0, 200.0, 200.0, 200.0, 200.0, 200.0, 200.0]",1,942.478,-0.559535,0.030893,-0.00405995,0.0,"[6.89864, 7.20064, 8.19448, 10.5529, 18.476, 64.199, 55.5041, 47.3426, 39.9601, 33.5483, 28.1949, 23.8671, 20.441, 17.7545, 13.9927, 10.7912, 9.13484, 8.32973, 8.10281]",0.0802806,"[0.845243, -2.50679, 0.694529, -1.46298]",0.348352
1.0,0.013765,0.0,0.0,6.252,0.0,1954.47,-3.08838,93.995,1,"[200.0, 200.0, 200.0, 200.0, 200.0, 200.0, 200.0, 200.0, 200.0, 200.0, 200.0, 200.0, 200.0, 200.0, 200.0, 200.0, 200.0, 200.0, 200.0, 200.0, 200.0, 200.0, 200.0, 200.0, 200.0, 200.0, 200.0, 200.0, 200.0, 200.0, 200.0, 200.0, 200.0, 200.0, 200.0, 200.0]",1,942.478,-0.223032,0.0255011,-0.00490063,0.0,"[6.89836, 7.19999, 8.19322, 10.5502, 18.4628, 64.2165, 55.5209, 47.3581, 39.9739, 33.5602, 28.2048, 23.875, 20.4473, 17.7595, 13.996, 10.793, 9.13588, 8.33031, 8.10305]",0.0803151,"[0.299147, -1.62722, 0.594102, 2.86714]",0.348339
1.0,0.0135419,0.0,0.0,6.274,0.0,1954.47,-3.08838,93.995,1,"[200.0, 200.0, 200.0, 200.0, 200.0, 200.0, 200.0, 200.0, 200.0, 200.0, 200.0, 200.0, 200.0, 200.0, 200.0, 200.0, 200.0, 200.0, 200.0, 200.0, 200.0, 200.0, 200.0, 200.0, 200.0, 200.0, 200.0, 200.0, 200.0, 200.0, 200.0, 200.0, 200.0, 200.0, 200.0, 200.0]",1,942.478,0.0523258,0.0443946,-0.00508955,0.0,"[6.89809, 7.19922, 8.19165, 10.5467, 18.4456, 64.2395, 55.5428, 47.3785, 39.9921, 33.5757, 28.2176, 23.8853, 20.4555, 17.766, 14.0001, 10.7953, 9.13714, 8.33099, 8.10327]",0.0803477,"[-1.55026, 1.29288, 4.15982, 4.32943]",0.348338
1.0,0.0135857,0.0,0.0,6.296,0.0,1954.47,-3.08618,93.995,1,"[200.0, 200.0, 200.0, 200.0, 200.0, 200.0, 200.0, 200.0, 200.0, 200.0, 200.0, 200.0, 200.0, 200.0, 200.0, 200.0, 200.0, 200.0, 200.0, 200.0, 200.0, 200.0, 200.0, 200.0, 200.0, 200.0, 200.0, 200.0, 200.0, 200.0, 200.0, 200.0, 200.0, 200.0, 200.0, 200.0]",1,942.478,0.453791,0.0546297,-0.00613451,0.0,"[6.89772, 7.19891, 8.19144, 10.5467, 18.4473, 64.2354, 55.5392, 47.3753, 39.9894, 33.5736, 28.216, 23.8842, 20.4547, 17.7655, 14.0, 10.7954, 9.13737, 8.3313, 8.10367]",0.0803996,"[-0.472364, 1.37043, 3.00323, 2.77572]",0.348366
1.0,0.0135323,0.0,0.0,6.318,0.0,1954.48,-3.08167,93.995,1,"[200.0, 200.0, 200.0, 200.0, 200.0, 200.0, 200.0, 200.0, 200.0, 200.0, 200.0, 200.0, 200.0, 200.0, 200.0, 200.0, 200.0, 200.0, 200.0, 200.0, 200.0, 200.0, 200.0, 200.0, 200.0, 200.0, 200.0, 200.0, 200.0, 200.0, 200.0, 200.0, 200.0, 200.0, 200.0, 200.0]",1,942.478,0.961737,0.0614746,-0.00520723,0.0,"[6.89744, 7.19851, 8.1908, 10.5455, 18.4424, 64.2412, 55.5447, 47.3805, 39.9942, 33.5777, 28.2195, 23.8871, 20.4571, 17.7675, 14.0013, 10.7962, 9.13791, 8.33167, 8.10393]",0.0804352,"[2.0521, -1.25041, 0.613253, 0.288598]",0.348394
1.0,0.0134727,0.0,0.0,6.34,0.0,1954.49,-3.07495,93.995,1,"[200.0, 200.0, 200.0, 200.0, 200.0, 200.0, 200.0, 200.0, 200.0, 200.0, 200.0, 200.0, 200.0, 200.0, 200.0, 200.0, 200.0, 200.0, 200.0, 200.0, 200.0, 200.0, 200.0, 200.0, 200.0, 200.0, 200.0, 200.0, 200.0, 200.0, 200.0, 200.0, 200.0, 200.0, 200.0, 200.0]",1,942.478,1.36743,0.0615793,-0.00348982,0.0,"[6.89724, 7.19817, 8.19023, 10.5443, 18.4373, 64.2475, 55.5508, 47.3861, 39.9992, 33.5822, 28.2232, 23.8901, 20.4595, 17.7694, 14.0026, 10.7969, 9.13838, 8.33198, 8.10412]",0.0804606,"[1.40583, 0.205673, 0.476709, 0.56689]",0.348432
0.0,0.0135276,0.0,0.0,6.362,0.0,1954.49,-3.06677,93.995,1,"[200.0, 200.0, 200.0, 200.0, 200.0, 200.0, 200.0, 200.0, 200.0, 200.0, 200.0, 200.0, 200.0, 200.0, 200.0, 200.0, 200.0, 200.0, 200.0, 200.0, 200.0, 200.0, 200.0, 200.0, 200.0, 200.0, 200.0, 200.0, 200.0, 200.0, 200.0, 200.0, 200.0, 200.0, 200.0, 200.0]",1,942.478,1.2631,0.0466533,-0.00251514,0.0,"[6.89704, 7.19807, 8.1903, 10.5448, 18.4405, 64.2421, 55.5457, 47.3816, 39.9953, 33.5789, 28.2206, 23.8881, 20.458, 17.7683, 14.002, 10.7967, 9.13837, 8.33208, 8.10432]",0.0804881,"[-0.344701, 2.83838, 2.60039, 2.23554]",0.348485
0.0,0.0136434,0.0,0.0,6.384,0.0,1954.5,-3.05872,93.995,1,"[200.0, 200.0, 200.0, 200.0, 200.0, 200.0, 200.0, 200.0, 200.0, 200.0, 200.0, 200.0, 200.0, 200.0, 200.0, 200.0, 200.0, 200.0, 200.0, 200.0, 200.0, 200.0, 200.0, 200.0, 200.0, 200.0, 200.0, 200.0, 200.0, 200.0, 200.0, 200.0, 200.0, 200.0, 200.0, 200.0]",1,942.478,1.26154,0.045456,-0.00274211,0.0,"[6.89689, 7.19817, 8.19075, 10.5461, 18.4482, 64.2305, 55.5348, 47.3715, 39.9864, 33.5714, 28.2145, 23.8833, 20.4543, 17.7654, 14.0003, 10.7959, 9.13804, 8.33205, 8.10451]",0.0805105,"[0.454345, 1.81198, 1.77115, 1.53886]",0.348531
0.0,0.0137626,0.0,0.0,6.406,0.0,1954.51,-3.05066,93.995,1,"[200.0, 200.0, 200.0, 200.0, 200.0, 200.0, 200.0, 200.0, 200.0, 200.0, 200.0, 200.0, 200.0, 200.0, 200.0, 200.0, 200.0, 200.0, 200.0, 200.0, 200.0, 200.0, 200.0, 200.0, 200.0, 200.0, 200.0, 200.0, 200.0, 200.0, 200.0, 200.0, 200.0, 200.0, 200.0, 200.0]",1,942.478,1.34351,0.0467077,-0.00332328,0.0,"[6.89672, 7.19825, 8.19121, 10.5475, 18.4562, 64.2186, 55.5235, 47.3611, 39.9773, 33.5637, 28.2083, 23.8784, 20.4505, 17.7625, 13.9986, 10.7951, 9.1377, 8.332, 8.1047]",0.0805339,"[2.78764, -1.00726, -0.229818, 0.013899]",0.348569
0.0,0.0138275,0.0,0.0,6.428,0.0,1954.52,-3.04272,93.995,1,"[200.0, 200.0, 200.0, 200.0, 200.0, 200.0, 200.0, 200.0, 200.0, 200.0, 200.0, 200.0, 200.0, 200.0, 200.0, 200.0, 200.0, 200.0, 200.0, 200.0, 200.0, 200.0, 200.0, 200.0, 200.0, 200.0, 200.0, 200.0, 200.0, 200.0, 200.0, 200.0, 200.0, 200.0, 200.0, 200.0]",1,942.478,1.33043,0.0468901,-0.00363556,0.0,"[6.89656, 7.19823, 8.19138, 10.5481, 18.4602, 64.2122, 55.5174, 47.3556, 39.9724, 33.5596, 28.205, 23.8759, 20.4486, 17.761, 13.9977, 10.7948, 9.13761, 8.33205, 8.10487]",0.0805562,"[1.84973, 0.0827093, 0.508212, 0.626715]",0.348599
0.0,0.0138909,0.0,0.0,6.45,0.0,1954.53,-3.03479,93.995,1,"[200.0, 200.0, 200.0, 200.0, 200.0, 200.0, 200.0, 200.0, 200.0, 200.0, 200.0, 200.0, 200.0, 200.0, 200.0, 200.0, 200.0, 200.0, 200.0, 200.0, 200.0, 200.0, 200.0, 200.0, 200.0, 200.0, 200.0, 200.0, 200.0, 200.0, 200.0, 200.0, 200.0, 200.0, 200.0, 200.0]",1,942.478,1.23327,0.0454842,-0.00345283,0.0,"[6.89639, 7.19819, 8.19153, 10.5487, 18.4642, 64.206, 55.5115, 47.3502, 39.9677, 33.5557, 28.2019, 23.8734, 20.4467, 17.7596, 13.9969, 10.7944, 9.13752, 8.33212, 8.10505]",0.0805796,"[-0.544319, 2.92514, 2.44644, 2.12647]",0.348624
0.0,0.0140092,0.0,0.0,6.472,0.0,1954.53,-3.02698,93.995,1,"[200.0, 200.0, 200.0, 200.0, 200.0, 200.0, 200.0, 200.0, 200.0, 200.0, 200.0, 200.0, 200.0, 200.0, 200.0, 200.0, 200.0, 200.0, 200.0, 200.0, 200.0, 200.0, 200.0, 200.0, 200.0, 200.0, 200.0, 200.0, 200.0, 200.0, 200.0, 200.0, 200.0, 200.0, 200.0, 200.0]",1,942.478,1.22816,0.0451869,-0.00280526,0.0,"[6.89624, 7.19829, 8.19199, 10.55, 18.4721, 64.1942, 55.5002, 47.34, 39.9587, 33.5481, 28.1957, 23.8685, 20.4429, 17.7567, 13.9952, 10.7936, 9.13718, 8.33206, 8.10523]",0.080602,"[0.417598, 1.81372, 1.7086, 1.51317]",0.348645
0.0,0.0141279,0.0,0.0,6.494,0.0,1954.54,-3.01917,93.995,1,"[200.0, 200.0, 200.0, 200.0, 200.0, 200.0, 200.0, 200.0, 200.0, 200.0, 200.0, 200.0, 200.0, 200.0, 200.0, 200.0, 200.0, 200.0, 200.0, 200.0, 200.0, 200.0, 200.0, 200.0, 200.0, 200.0, 200.0, 200.0, 200.0, 200.0, 200.0, 200.0, 200.0, 200.0, 200.0, 200.0]",1,942.478,1.30784,0.0464657,-0.00199691,0.0,"[6.89606, 7.19836, 8.19244, 10.5514, 18.48, 64.1823, 55.489, 47.3296, 39.9496, 33.5405, 28.1895, 23.8637, 20.4391, 17.7538, 13.9935, 10.7928, 9.13686, 8.33202, 8.10542]",0.0806264,"[2.81564, -1.02966, -0.230927, -0.0345644]",0.348668
0.0,0.0141904,0.0,0.0,6.516,0.0,1954.55,-3.01135,93.995,1,"[200.0, 200.0, 200.0, 200.0, 200.0, 200.0, 200.0, 200.0, 200.0, 200.0, 200.0, 200.0, 200.0, 200.0, 200.0, 200.0, 200.0, 200.0, 200.0, 200.0, 200.0, 200.0, 200.0, 200.0, 200.0, 200.0, 200.0, 200.0, 200.0, 200.0, 200.0, 200.0, 200.0, 200.0, 200.0, 200.0]",1,942.478,1.29575,0.0469344,-0.0012113,0.0,"[6.8959, 7.19833, 8.1926, 10.552, 18.4839, 64.1762, 55.4833, 47.3244, 39.945, 33.5365, 28.1864, 23.8612, 20.4373, 17.7524, 13.9927, 10.7925, 9.13676, 8.33208, 8.1056]",0.0806488,"[1.8297, 0.0674851, 0.491497, 0.568222]",0.348689
0.0,0.0142505,0.0,0.0,6.538,0.0,1954.56,-3.00378,93.995,1,"[200.0, 200.0, 200.0, 200.0, 200.0, 200.0, 200.0, 200.0, 200.0, 200.0, 200.0, 200.0, 200.0, 200.0, 200.0, 200.0, 200.0, 200.0, 200.0, 200.0, 200.0, 200.0, 200.0, 200.0, 200.0, 200.0, 200.0, 200.0, 200.0, 200.0, 200.0, 200.0, 200.0, 200.0, 200.0, 200.0]",1,942.478,1.19814,0.0459216,-0.00058197,0.0,"[6.89573, 7.19828, 8.19272, 10.5525, 18.4876, 64.1702, 55.4776, 47.3192, 39.9406, 33.5329, 28.1834, 23.8589, 20.4355, 17.7511, 13.9919, 10.7922, 9.13669, 8.33215, 8.10578]",0.0806722,"[-0.570989, 2.87624, 2.41063, 2.13468]",0.348711
0.0,0.0143673,0.0,0.0,6.56,0.0,1954.56,-2.99609,93.995,1,"[200.0, 200.0, 200.0, 200.0, 200.0, 200.0, 200.0, 200.0, 200.0, 200.0, 200.0, 200.0, 200.0, 200.0, 200.0, 200.0, 200.0, 200.0, 200.0, 200.0, 200.0, 200.0, 200.0, 200.0, 200.0, 200.0, 200.0, 200.0, 200.0, 200.0, 200.0, 200.0, 200.0, 200.0, 200.0, 200.0]",1,942.478,1.19339,0.0458373,-4.23878e-05,0.0,"[6.89557, 7.19836, 8.19317, 10.5539, 18.4954, 64.1586, 55.4665, 47.3091, 39.9316, 33.5254, 28.1773, 23.8541, 20.4318, 17.7483, 13.9903, 10.7914, 9.13636, 8.33211, 8.10596]",0.0806956,"[0.385074, 1.78339, 1.65507, 1.49895]",0.348731
0.0,0.0144846,0.0,0.0,6.582,0.0,1954.57,-2.9884,93.995,1,"[200.0, 200.0, 200.0, 200.0, 200.0, 200.0, 200.0, 200.0, 200.0, 200.0, 200.0, 200.0, 200.0, 200.0, 200.0, 200.0, 200.0, 200.0, 200.0, 200.0, 200.0, 200.0, 200.0, 200.0, 200.0, 200.0, 200.0, 200.0, 200.0, 200.0, 200.0, 200.0, 200.0, 200.0, 200.0, 200.0]",1,942.478,1.27353,0.0473914,0.000302741,0.0,"[6.89541, 7.19844, 8.19361, 10.5552, 18.5033, 64.1468, 55.4554, 47.2989, 39.9227, 33.5178, 28.1712, 23.8494, 20.4281, 17.7454, 13.9886, 10.7907, 9.13605, 8.33208, 8.10616]",0.08072,"[2.78058, -0.998936, -0.275519, -0.123076]",0.348749
0.0,0.0145447,0.0,0.0,6.604,0.0,1954.58,-2.98096,93.995,1,"[200.0, 200.0, 200.0, 200.0, 200.0, 200.0, 200.0, 200.0, 200.0, 200.0, 200.0, 200.0, 200.0, 200.0, 200.0, 200.0, 200.0, 200.0, 200.0, 200.0, 200.0, 200.0, 200.0, 200.0, 200.0, 200.0, 200.0, 200.0, 200.0, 200.0, 200.0, 200.0, 200.0, 200.0, 200.0, 200.0]",1,942.478,1.2609,0.0477827,0.000379033,0.0,"[6.89523, 7.19839, 8.19372, 10.5557, 18.507, 64.1409, 55.4498, 47.2938, 39.9183, 33.5141, 28.1683, 23.8471, 20.4264, 17.7441, 13.9879, 10.7904, 9.13598, 8.33215, 8.10635]",0.0807444,"[1.80114, 0.0668424, 0.469831, 0.501716]",0.348765
1.0,0.0147898,0.0,0.0,6.626,0.0,1954.59,-2.97253,93.995,1,"[200.0, 200.0, 200.0, 200.0, 200.0, 200.0, 200.0, 200.0, 200.0, 200.0, 200.0, 200.0, 200.0, 200.0, 200.0, 200.0, 200.0, 200.0, 200.0, 200.0, 200.0, 200.0, 200.0, 200.0, 200.0, 200.0, 200.0, 200.0, 200.0, 200.0, 200.0, 200.0, 200.0, 200.0, 200.0, 200.0]",1,942.478,1.57127,0.025007,0.00172643,-0.8,"[6.89518, 7.19887, 8.19503, 10.559, 18.5247, 64.1161, 55.4262, 47.2721, 39.899, 33.4978, 28.1549, 23.8364, 20.418, 17.7376, 13.9838, 10.7884, 9.13499, 8.33177, 8.10645]",0.0807546,"[-0.625457, 3.12274, 1.74008, 2.05389]",0.348763
1.0,0.0155308,0.0,0.0,6.648,0.0,1954.6,-2.96191,93.995,1,"[200.0, 200.0, 200.0, 200.0, 200.0, 200.0, 200.0, 200.0, 200.0, 200.0, 200.0, 200.0, 200.0, 200.0, 200.0, 200.0, 200.0, 200.0, 200.0, 200.0, 200.0, 200.0, 200.0, 200.0, 200.0, 200.0, 200.0, 200.0, 200.0, 200.0, 200.0, 200.0, 200.0, 200.0, 200.0, 200.0]",1,942.478,1.84367,-0.106619,0.00788756,-0.8,"[6.89579, 7.20113, 8.19989, 10.5702, 18.5815, 64.0402, 55.3536, 47.2049, 39.8393, 33.4468, 28.113, 23.8028, 20.3914, 17.7166, 13.9706, 10.7813, 9.13112, 8.32985, 8.10601]",0.0806844,"[0.624568, 2.44979, 3.71937, 4.2778]",0.348699
1.0,0.0167658,0.0,0.0,6.67,0.0,1954.61,-2.94922,93.995,1,"[200.0, 200.0, 200.0, 200.0, 200.0, 200.0, 200.0, 200.0, 200.0, 200.0, 200.0, 200.0, 200.0, 200.0, 200.0, 200.0, 200.0, 200.0, 200.0, 200.0, 200.0, 200.0, 200.0, 200.0, 200.0, 200.0, 200.0, 200.0, 200.0, 200.0, 200.0, 200.0, 200.0, 200.0, 200.0, 200.0]",1,942.478,2.12449,-0.219576,0.0191748,-0.8,"[6.89725, 7.20535, 8.20853, 10.5896, 18.6791, 63.9131, 55.2319, 47.0924, 39.7393, 33.3613, 28.0424, 23.7459, 20.3463, 17.6809, 13.9479, 10.7691, 9.12421, 8.32621, 8.10484]",0.0805094,"[3.00825, 0.41737, 5.52611, 5.55055]",0.348576
1.0,0.0182545,0.0,0.0,6.692,0.0,1954.63,-2.93445,93.995,1,"[200.0, 200.0, 200.0, 200.0, 200.0, 200.0, 200.0, 200.0, 200.0, 200.0, 200.0, 200.0, 200.0, 200.0, 200.0, 200.0, 200.0, 200.0, 200.0, 200.0, 200.0, 200.0, 200.0, 200.0, 200.0, 200.0, 200.0, 200.0, 200.0, 200.0, 200.0, 200.0, 200.0, 200.0, 200.0, 200.0]",1,942.478,2.49584,-0.282594,0.0313789,-0.8,"[6.89928, 7.2107, 8.21926, 10.6136, 18.8001, 63.7597, 55.0852, 46.9566, 39.6184, 33.2579, 27.957, 23.6772, 20.2917, 17.6376, 13.9202, 10.754, 9.11566, 8.3216, 8.10321]",0.0802663,"[2.53242, 1.60729, 4.75108, 4.30144]",0.348441
1.0,0.0199754,0.0,0.0,6.714,0.0,1954.64,-2.91748,93.995,1,"[200.0, 200.0, 200.0, 200.0, 200.0, 200.0, 200.0, 200.0, 200.0, 200.0, 200.0, 200.0, 200.0, 200.0, 200.0, 200.0, 200.0, 200.0, 200.0, 200.0, 200.0, 200.0, 200.0, 200.0, 200.0, 200.0, 200.0, 200.0, 200.0, 200.0, 200.0, 200.0, 200.0, 200.0, 200.0, 200.0]",1,942.478,2.95606,-0.341753,0.0423844,-0.8,"[6.90174, 7.21705, 8.23186, 10.6416, 18.9436, 63.5824, 54.9155, 46.7997, 39.4788, 33.1386, 27.8585, 23.5979, 20.2286, 17.5876, 13.8882, 10.7366, 9.10569, 8.31618, 8.10123]",0.0799713,"[0.821421, 4.04963, 2.06598, 2.384]",0.348302
1.0,0.0220005,0.0,0.0,6.736,0.0,1954.66,-2.89844,93.995,1,"[200.0, 200.0, 200.0, 200.0, 200.0, 200.0, 200.0, 200.0, 200.0, 200.0, 200.0, 200.0, 200.0, 200.0, 200.0, 200.0, 200.0, 200.0, 200.0, 200.0, 200.0, 200.0, 200.0, 200.0, 200.0, 200.0, 200.0, 200.0, 200.0, 200.0, 200.0, 200.0, 200.0, 200.0, 200.0, 200.0]",1,942.478,3.34189,-0.386616,0.0514493,-0.8,"[6.90465, 7.22453, 8.24674, 10.6749, 19.1172, 63.3739, 54.7161, 46.6155, 39.315, 32.9987, 27.7432, 23.5051, 20.1548, 17.5291, 13.8508, 10.7161, 9.09401, 8.30985, 8.09896]",0.0796275,"[1.84606, 3.49962, 2.30254, 2.00418]",0.348148
1.0,0.024254,0.0,0.0,6.758,0.0,1954.68,-2.87732,93.995,1,"[200.0, 200.0, 200.0, 200.0, 200.0, 200.0, 200.0, 200.0, 200.0, 200.0, 200.0, 200.0, 200.0, 200.0, 200.0, 200.0, 200.0, 200.0, 200.0, 200.0, 200.0, 200.0, 200.0, 200.0, 200.0, 200.0, 200.0, 200.0, 200.0, 200.0, 200.0, 200.0, 200.0, 200.0, 200.0, 200.0]",1,942.478,3.64342,-0.434221,0.0587368,-0.8,"[6.90801, 7.23299, 8.26351, 10.7123, 19.3169, 63.1418, 54.4945, 46.4108, 39.1333, 32.8436, 27.6153, 23.4022, 20.073, 17.4642, 13.8092, 10.6934, 9.081, 8.30278, 8.09637]",0.0792328,"[4.17858, 1.73165, 3.52258, 3.46602]",0.347961
1.0,0.0267727,0.0,0.0,6.78,0.0,1954.71,-2.85388,93.995,1,"[200.0, 200.0, 200.0, 200.0, 200.0, 200.0, 200.0, 200.0, 200.0, 200.0, 200.0, 200.0, 200.0, 200.0, 200.0, 200.0, 200.0, 200.0, 200.0, 200.0, 200.0, 200.0, 200.0, 200.0, 200.0, 200.0, 200.0, 200.0, 200.0, 200.0, 200.0, 200.0, 200.0, 200.0, 200.0, 200.0]",1,942.478,4.03513,-0.486443,0.0647037,-0.8,"[6.91188, 7.2426, 8.28247, 10.7546, 19.5491, 62.8826, 54.247, 46.1826, 38.9307, 32.6709, 27.473, 23.2877, 19.982, 17.3919, 13.763, 10.668, 9.06644, 8.29483, 8.09346]",0.0787821,"[3.63728, 2.95207, 2.92326, 2.36939]",0.347726
1.0,0.0294611,0.0,0.0,6.802,0.0,1954.73,-2.82849,93.995,1,"[200.0, 200.0, 200.0, 200.0, 200.0, 200.0, 200.0, 200.0, 200.0, 200.0, 200.0, 200.0, 200.0, 200.0, 200.0, 200.0, 200.0, 200.0, 200.0, 200.0, 200.0, 200.0, 200.0, 200.0, 200.0, 200.0, 200.0, 200.0, 200.0, 200.0, 200.0, 200.0, 200.0, 200.0, 200.0, 200.0]",1,942.478,4.34513,-0.514516,0.0702787,-0.8,"[6.91627, 7.25314, 8.3031, 10.8006, 19.8087, 62.6059, 53.983, 45.9392, 38.715, 32.4871, 27.3217, 23.166, 19.8852, 17.3151, 13.7136, 10.6409, 9.05078, 8.28622, 8.09021]",0.0782745,"[1.78932, 5.37039, 4.05953, 3.54398]",0.347443
1.0,0.0324265,0.0,0.0,6.824,0.0,1954.76,-2.8009,93.995,1,"[200.0, 200.0, 200.0, 200.0, 200.0, 200.0, 200.0, 200.0, 200.0, 200.0, 200.0, 200.0, 200.0, 200.0, 200.0, 200.0, 200.0, 200.0, 200.0, 200.0, 200.0, 200.0, 200.0, 200.0, 200.0, 200.0, 200.0, 200.0, 200.0, 200.0, 200.0, 200.0, 200.0, 200.0, 200.0, 200.0]",1,942.478,4.6775,-0.57728,0.0757681,-0.8,"[6.92122, 7.26488, 8.32609, 10.852, 20.1097, 62.3009, 53.6923, 45.6715, 38.4781, 32.2855, 27.1558, 23.0326, 19.7791, 17.2308, 13.6594, 10.611, 9.03358, 8.27675, 8.08663]",0.07771,"[2.94931, 4.85052, 4.54217, 3.93458]",0.347116
1.0,0.0356194,0.0,0.0,6.846,0.0,1954.79,-2.77124,93.995,1,"[200.0, 200.0, 200.0, 200.0, 200.0, 200.0, 200.0, 200.0, 200.0, 200.0, 200.0, 200.0, 200.0, 200.0, 200.0, 200.0, 200.0, 200.0, 200.0, 200.0, 200.0, 200.0, 200.0, 200.0, 200.0, 200.0, 200.0, 200.0, 200.0, 200.0, 200.0, 200.0, 200.0, 200.0, 200.0, 200.0]",1,942.478,4.98761,-0.62073,0.0818434,-0.8,"[6.92671, 7.27774, 8.35116, 10.9081, 20.4529, 61.9728, 53.3799, 45.3843, 38.2241, 32.0696, 26.9783, 22.89, 19.6658, 17.1408, 13.6015, 10.5791, 9.01507, 8.26655, 8.08276]",0.0770894,"[5.35501, 3.17219, 5.46237, 4.80582]",0.346762
1.0,0.0390422,0.0,0.0,6.868,0.0,1954.82,-2.7395,93.995,1,"[200.0, 200.0, 200.0, 200.0, 200.0, 200.0, 200.0, 200.0, 200.0, 200.0, 200.0, 200.0, 200.0, 200.0, 200.0, 200.0, 200.0, 200.0, 200.0, 200.0, 200.0, 200.0, 200.0, 200.0, 200.0, 200.0, 200.0, 200.0, 200.0, 200.0, 200.0, 200.0, 200.0, 200.0, 200.0, 200.0]",1,942.478,5.34403,-0.665927,0.089108,-0.8,"[6.93284, 7.29182, 8.3785, 10.9695, 20.8467, 61.6212, 53.0455, 45.0772, 37.9529, 31.8394, 26.7892, 22.7381, 19.545, 17.0447, 13.5396, 10.5448, 8.9952, 8.25555, 8.07854]",0.0764038,"[4.83033, 4.32223, 3.51032, 6.4798]",0.346397
1.0,0.0427205,0.0,0.0,6.89,0.0,1954.85,-2.70581,93.995,1,"[200.0, 200.0, 200.0, 200.0, 200.0, 200.0, 200.0, 200.0, 200.0, 200.0, 200.0, 200.0, 200.0, 200.0, 200.0, 200.0, 200.0, 200.0, 200.0, 200.0, 200.0, 200.0, 200.0, 200.0, 200.0, 200.0, 200.0, 200.0, 200.0, 200.0, 200.0, 200.0, 200.0, 200.0, 200.0, 200.0]",1,942.478,5.69115,-0.708752,0.0978635,-0.8,"[6.93959, 7.30717, 8.40825, 11.0364, 21.3039, 61.2438, 52.6869, 44.7483, 37.663, 31.5937, 26.5877, 22.5763, 19.4163, 16.9424, 13.4736, 10.5082, 8.97395, 8.24377, 8.07404]",0.0756582,"[2.9943, 6.60954, 5.32272, 5.21771]",0.346058
1.0,0.0466477,0.0,0.0,6.912,0.0,1954.89,-2.66992,93.995,1,"[200.0, 200.0, 200.0, 200.0, 200.0, 200.0, 200.0, 200.0, 200.0, 200.0, 200.0, 200.0, 200.0, 200.0, 200.0, 200.0, 200.0, 200.0, 200.0, 200.0, 200.0, 200.0, 200.0, 200.0, 200.0, 200.0, 200.0, 200.0, 200.0, 200.0, 200.0, 200.0, 200.0, 200.0, 200.0, 200.0]",1,942.478,6.0192,-0.766246,0.108845,-0.8,"[6.94711, 7.32391, 8.44057, 11.1093, 21.8395, 60.8412, 52.305, 44.3986, 37.3552, 31.3331, 26.3741, 22.4048, 19.28, 16.834, 13.4035, 10.4693, 8.95126, 8.23114, 8.06915]",0.0748383,"[4.10125, 6.15135, 5.9944, 5.43467]",0.345768
1.0,0.0508954,0.0,0.0,6.934,0.0,1954.93,-2.63196,93.995,1,"[200.0, 200.0, 200.0, 200.0, 200.0, 200.0, 200.0, 200.0, 200.0, 200.0, 200.0, 200.0, 200.0, 200.0, 200.0, 200.0, 200.0, 200.0, 200.0, 200.0, 200.0, 200.0, 200.0, 200.0, 200.0, 200.0, 200.0, 200.0, 200.0, 200.0, 200.0, 200.0, 200.0, 200.0, 200.0, 200.0]",1,942.478,6.35784,-0.802892,0.120224,-0.8,"[6.95535, 7.34219, 8.47591, 11.1895, 22.4869, 60.4064, 51.893, 44.0221, 37.0245, 31.0537, 26.1454, 22.2215, 19.1342, 16.7181, 13.3285, 10.4276, 8.92695, 8.21766, 8.06403]",0.0739553,"[6.35547, 4.47797, 7.43382, 4.63761]",0.345572
1.0,0.0552871,0.0,0.0,6.956,0.0,1954.97,-2.59204,93.995,1,"[200.0, 200.0, 200.0, 200.0, 200.0, 200.0, 200.0, 200.0, 200.0, 200.0, 200.0, 200.0, 200.0, 200.0, 200.0, 200.0, 200.0, 200.0, 200.0, 200.0, 200.0, 200.0, 200.0, 200.0, 200.0, 200.0, 200.0, 200.0, 200.0, 200.0, 200.0, 200.0, 200.0, 200.0, 200.0, 200.0]",1,942.478,6.70165,-0.848236,0.132635,-0.8,"[6.96434, 7.36166, 8.51331, 11.2745, 23.2578, 59.9572, 51.4682, 43.6344, 36.6845, 30.7668, 25.9108, 22.0334, 18.9846, 16.599, 13.2513, 10.3844, 8.90171, 8.20354, 8.05852]",0.072998,"[5.81597, 5.59387, 6.41785, 6.11587]",0.345485
1.0,0.0598962,0.0,0.0,6.978,0.0,1955.01,-2.55005,93.995,1,"[200.0, 200.0, 200.0, 200.0, 200.0, 200.0, 200.0, 200.0, 200.0, 200.0, 200.0, 200.0, 200.0, 200.0, 200.0, 200.0, 200.0, 200.0, 200.0, 200.0, 200.0, 200.0, 200.0, 200.0, 200.0, 200.0, 200.0, 200.0, 200.0, 200.0, 200.0, 200.0, 200.0, 200.0, 200.0, 200.0]",1,948.973,7.01316,-0.90057,0.145542,-0.8,"[6.97417, 7.38258, 8.55336, 11.3658, 24.228, 59.4863, 51.0235, 43.2293, 36.3299, 30.4681, 25.6668, 21.8379, 18.8291, 16.4751, 13.1709, 10.3393, 8.87523, 8.18867, 8.05267]",0.0719645,"[4.23872, 7.95495, 5.34817, 9.08391]",0.34552
1.0,0.0648162,0.0,0.0,7.0,0.0,1955.05,-2.5061,93.995,1,"[200.0, 200.0, 200.0, 200.0, 200.0, 200.0, 200.0, 200.0, 200.0, 200.0, 200.0, 200.0, 200.0, 200.0, 200.0, 200.0, 200.0, 200.0, 200.0, 200.0, 200.0, 200.0, 200.0, 200.0, 200.0, 200.0, 200.0, 200.0, 200.0, 200.0, 200.0, 200.0, 200.0, 200.0, 200.0, 200.0]",1,942.478,7.3789,-0.937871,0.1587,-0.8,"[6.98493, 7.40528, 8.59679, 11.4655, 25.5754, 58.9846, 50.5504, 42.7993, 35.9543, 30.1523, 25.4093, 21.6317, 18.6651, 16.3444, 13.0859, 10.2916, 8.84716, 8.17292, 8.04652]",0.0708506,"[5.38487, 7.39794, 6.35105, 7.11239]",0.345674
1.0,0.0699775,0.0,0.0,7.022,0.0,1955.1,-2.46008,93.9949,1,"[200.0, 200.0, 200.0, 200.0, 200.0, 200.0, 200.0, 200.0, 200.0, 200.0, 200.0, 200.0, 200.0, 200.0, 200.0, 200.0, 200.0, 200.0, 200.0, 200.0, 200.0, 200.0, 200.0, 200.0, 200.0, 200.0, 200.0, 200.0, 200.0, 200.0, 200.0, 200.0, 200.0, 200.0, 200.0, 200.0]",1,1040.69,7.70244,-0.989705,0.171274,-0.8,"[6.99665, 7.42965, 8.64331, 11.5727, 27.9487, 58.4591, 50.0558, 42.3507, 35.5633, 29.8243, 25.142, 21.4177, 18.4949, 16.2087, 12.9975, 10.2418, 8.81778, 8.15639, 8.04003]",0.0696513,"[7.29946, 5.71005, 8.3074, 6.50779]",0.345917
1.0,0.0752985,0.0,0.0,7.044,0.0,1955.15,-2.41211,93.9949,1,"[200.0, 200.0, 200.0, 200.0, 200.0, 200.0, 200.0, 200.0, 200.0, 200.0, 200.0, 200.0, 200.0, 200.0, 200.0, 200.0, 200.0, 200.0, 200.0, 200.0, 200.0, 200.0, 200.0, 200.0, 200.0, 200.0, 200.0, 200.0, 200.0, 200.0, 200.0, 200.0, 200.0, 200.0, 200.0, 200.0]",1,1039.8,8.05527,-1.04077,0.182905,-0.8,"[7.00938, 7.45556, 8.69253, 11.6867, 75.7894, 57.9181, 49.5477, 41.8907, 35.1632, 29.489, 24.8692, 21.1994, 18.3211, 16.07, 12.907, 10.1906, 8.7874, 8.13915, 8.0331]",0.0683604,"[6.70423, 6.86934, 7.7149, 7.67322]",0.3462
1.0,0.080929,0.0,0.0,7.066,0.0,1955.2,-2.36206,93.9948,1,"[200.0, 200.0, 200.0, 200.0, 200.0, 200.0, 200.0, 200.0, 200.0, 200.0, 200.0, 200.0, 200.0, 200.0, 200.0, 200.0, 200.0, 200.0, 200.0, 200.0, 200.0, 200.0, 200.0, 200.0, 200.0, 200.0, 200.0, 200.0, 200.0, 200.0, 200.0, 200.0, 200.0, 200.0, 200.0, 200.0]",1,1031.77,8.40709,-1.08862,0.193484,-0.8,"[7.02328, 7.48356, 8.74566, 11.8106, 75.1955, 57.3468, 49.0121, 41.407, 34.7436, 29.1383, 24.5841, 20.9714, 18.1397, 15.9251, 12.8122, 10.1368, 8.75541, 8.12099, 8.02583]",0.0669708,"[5.98569, 9.25181, 6.04876, 9.41996]",0.34645
1.0,0.0868022,0.0,0.0,7.088,0.0,1955.25,-2.30994,93.9948,1,"[200.0, 200.0, 200.0, 200.0, 200.0, 200.0, 200.0, 200.0, 200.0, 200.0, 200.0, 200.0, 200.0, 200.0, 200.0, 200.0, 200.0, 200.0, 200.0, 200.0, 200.0, 200.0, 200.0, 200.0, 200.0, 200.0, 200.0, 200.0, 200.0, 200.0, 200.0, 200.0, 200.0, 200.0, 200.0, 200.0]",1,1154.43,8.71404,-1.12112,0.203428,-0.8,"[7.03834, 7.5135, 8.80236, 11.9437, 74.5754, 56.7523, 48.4559, 40.906, 34.31, 28.7765, 24.2904, 20.7367, 17.9528, 15.7757, 12.7143, 10.081, 8.72216, 8.10204, 8.0182]",0.0654846,"[7.20261, 8.65008, 7.80947, 9.26093]",0.346593
1.0,0.0929305,0.0,0.0,7.11,0.0,1955.3,-2.25574,93.9947,1,"[200.0, 200.0, 200.0, 200.0, 200.0, 200.0, 200.0, 200.0, 200.0, 200.0, 200.0, 200.0, 200.0, 200.0, 200.0, 200.0, 200.0, 200.0, 200.0, 200.0, 200.0, 200.0, 200.0, 200.0, 200.0, 200.0, 200.0, 200.0, 200.0, 200.0, 200.0, 200.0, 200.0, 200.0, 200.0, 200.0]",1,1168.92,9.12135,-1.18639,0.213252,-0.8,"[7.05467, 7.54555, 8.86297, 12.0872, 73.9278, 56.1335, 47.8783, 40.387, 33.8619, 28.4035, 23.9881, 20.495, 17.7603, 15.6218, 12.6131, 10.0232, 8.68759, 8.08227, 8.0102]",0.0638936,"[7.41501, 7.08266, 9.69354, 7.41966]",0.34656
1.0,0.0992476,0.0,0.0,7.132,0.0,1955.36,-2.19958,93.9946,1,"[200.0, 200.0, 200.0, 200.0, 200.0, 200.0, 200.0, 200.0, 200.0, 200.0, 200.0, 200.0, 200.0, 200.0, 200.0, 200.0, 200.0, 200.0, 200.0, 200.0, 200.0, 200.0, 200.0, 200.0, 200.0, 200.0, 200.0, 200.0, 200.0, 200.0, 200.0, 200.0, 200.0, 200.0, 200.0, 200.0]",1,1177.54,9.47924,-1.23339,0.224606,-0.8,"[7.07228, 7.5796, 8.92718, 12.2404, 73.2594, 55.497, 47.2856, 39.8558, 33.4045, 28.0234, 23.6803, 20.2491, 17.5644, 15.465, 12.5098, 9.96388, 8.65192, 8.06174, 8.00176]",0.0621928,"[6.88597, 8.46104, 8.65093, 8.80606]",0.346317
1.0,0.105859,0.0,0.0,7.154,0.0,1955.42,-2.14124,93.9945,1,"[200.0, 200.0, 200.0, 200.0, 200.0, 200.0, 200.0, 200.0, 200.0, 200.0, 200.0, 200.0, 200.0, 200.0, 200.0, 200.0, 200.0, 200.0, 200.0, 200.0, 200.0, 200.0, 200.0, 200.0, 200.0, 200.0, 200.0, 200.0, 200.0, 200.0, 200.0, 200.0, 200.0, 200.0, 200.0, 200.0]",1,1246.71,9.77251,-1.2632,0.237568,-0.8,"[7.09137, 7.61613, 8.99604, 12.4063, 72.5594, 54.8329, 46.6688, 39.3045, 32.9311, 27.631, 23.3629, 19.9957, 17.3624, 15.3031, 12.4029, 9.90229, 8.61478, 8.04032, 7.99296]",0.060376,"[9.02771, 10.4815, 7.53705, 11.1591]",0.345876
1.0,0.112744,0.0,0.0,7.176,0.0,1955.48,-2.08093,93.9944,1,"[200.0, 200.0, 200.0, 200.0, 200.0, 200.0, 200.0, 200.0, 200.0, 200.0, 200.0, 200.0, 200.0, 200.0, 200.0, 200.0, 200.0, 200.0, 200.0, 200.0, 200.0, 200.0, 200.0, 200.0, 200.0, 200.0, 200.0, 200.0, 200.0, 200.0, 200.0, 200.0, 200.0, 200.0, 200.0, 200.0]",1,1232.34,10.227,-1.32991,0.254252,-0.8,"[7.11203, 7.65522, 9.06971, 12.5858, 71.8298, 54.1434, 46.0301, 38.7354, 32.4438, 27.2279, 23.0373, 19.7357, 17.155, 15.1368, 12.2928, 9.8386, 8.57624, 8.01801, 7.98373]",0.058433,"[6.95752, 8.14444, 8.31131, 9.64791]",0.345319
1.0,0.119841,0.0,0.0,7.198,0.0,1955.54,-2.01855,93.9943,1,"[200.0, 200.0, 200.0, 200.0, 200.0, 200.0, 200.0, 200.0, 200.0, 200.0, 200.0, 200.0, 200.0, 200.0, 200.0, 200.0, 200.0, 200.0, 200.0, 200.0, 200.0, 200.0, 200.0, 200.0, 200.0, 200.0, 200.0, 200.0, 200.0, 200.0, 200.0, 200.0, 200.0, 200.0, 200.0, 200.0]",1,1321.86,10.491,-1.35755,0.274972,-0.8,"[7.13427, 7.69679, 9.14792, 12.7784, 71.077, 53.435, 45.3756, 38.154, 31.9473, 26.818, 22.7066, 19.4717, 16.9444, 14.9677, 12.1805, 9.77331, 8.53655, 7.99488, 7.97404]",0.0563619,"[9.25352, 11.2192, 11.0104, 8.76823]",0.344806
1.0,0.127196,0.0,0.0,7.22,0.0,1955.61,-1.9541,93.9942,1,"[200.0, 200.0, 200.0, 200.0, 200.0, 200.0, 200.0, 200.0, 200.0, 200.0, 200.0, 200.0, 200.0, 200.0, 200.0, 200.0, 200.0, 200.0, 200.0, 200.0, 200.0, 200.0, 200.0, 200.0, 200.0, 200.0, 200.0, 200.0, 200.0, 200.0, 200.0, 200.0, 200.0, 200.0, 200.0, 200.0]",1,1269.84,10.9553,-1.42638,0.296364,-0.8,"[7.15826, 7.74114, 9.23135, 12.9865, 70.2964, 52.7036, 44.7019, 37.5572, 31.4393, 26.3996, 22.3694, 19.2025, 16.7294, 14.7948, 12.0655, 9.70614, 8.49552, 7.97089, 7.96393]",0.0541565,"[8.33843, 8.48239, 9.28606, 10.3551]",0.344525
1.0,0.134728,0.0,0.0,7.242,0.0,1955.67,-1.88757,93.9942,1,"[200.0, 200.0, 200.0, 200.0, 200.0, 200.0, 200.0, 200.0, 200.0, 200.0, 200.0, 200.0, 200.0, 200.0, 200.0, 200.0, 200.0, 200.0, 200.0, 200.0, 200.0, 200.0, 200.0, 200.0, 200.0, 200.0, 200.0, 200.0, 200.0, 200.0, 200.0, 200.0, 200.0, 200.0, 200.0, 200.0]",1,1414.92,11.2355,-1.45216,0.313096,-0.8,"[7.18394, 7.78809, 9.31958, 13.2096, 69.4962, 51.9573, 44.0163, 36.9521, 30.9255, 25.9773, 22.0295, 18.9311, 16.5125, 14.6202, 11.9488, 9.63766, 8.45347, 7.94614, 7.95332]",0.0518148,"[9.07491, 11.2948, 8.788, 11.9524]",0.34464
1.0,0.142566,0.0,0.0,7.264,0.0,1955.74,-1.81909,93.9941,1,"[200.0, 200.0, 200.0, 200.0, 200.0, 200.0, 200.0, 200.0, 200.0, 200.0, 200.0, 200.0, 200.0, 200.0, 200.0, 200.0, 200.0, 200.0, 200.0, 200.0, 200.0, 200.0, 200.0, 200.0, 200.0, 200.0, 200.0, 200.0, 200.0, 200.0, 200.0, 200.0, 200.0, 200.0, 200.0, 200.0]",1,1442.6,11.6349,-1.50931,0.318533,-0.8,"[7.21159, 7.83829, 9.41409, 13.4526, 68.6632, 51.1843, 43.3086, 36.3294, 30.3986, 25.5452, 21.682, 18.6537, 16.2906, 14.4414, 11.829, 9.56708, 8.40999, 7.92047, 7.94233]",0.0493286,"[10.6004, 10.0369, 9.92668, 11.0833]",0.345209
1.0,0.150583,0.0,0.0,7.286,0.0,1955.81,-1.74841,93.994,1,"[200.0, 200.0, 200.0, 200.0, 200.0, 200.0, 200.0, 200.0, 200.0, 200.0, 200.0, 200.0, 200.0, 200.0, 200.0, 200.0, 200.0, 200.0, 200.0, 200.0, 200.0, 200.0, 200.0, 200.0, 200.0, 200.0, 200.0, 200.0, 200.0, 200.0, 200.0, 200.0, 200.0, 200.0, 200.0, 200.0]",1,1424.46,12.0295,-1.55756,0.309721,-0.8,"[7.24124, 7.89147, 9.51418, 13.7141, 67.8108, 50.3968, 42.59, 35.6994, 29.867, 25.1101, 21.3323, 18.3745, 16.0671, 14.261, 11.7077, 9.49518, 8.36544, 7.89397, 7.93076]",0.0466858,"[8.2745, 11.1289, 10.9405, 10.1855]",0.346125
1.0,0.158785,0.0,0.0,7.308,0.0,1955.88,-1.6759,93.9939,1,"[200.0, 200.0, 200.0, 200.0, 200.0, 200.0, 200.0, 200.0, 200.0, 200.0, 200.0, 200.0, 200.0, 200.0, 200.0, 200.0, 200.0, 200.0, 200.0, 200.0, 200.0, 200.0, 200.0, 200.0, 200.0, 200.0, 200.0, 200.0, 200.0, 200.0, 200.0, 200.0, 200.0, 200.0, 200.0, 200.0]",1,1482.46,12.3304,-1.58721,0.289024,-0.8,"[7.27293, 7.94779, 9.6202, 13.9964, 66.9383, 49.5952, 41.8608, 35.0622, 29.331, 24.6723, 20.9808, 18.0936, 15.8419, 14.0791, 11.5849, 9.42196, 8.31981, 7.86662, 7.91864]",0.0438853,"[11.2356, 12.9963, 10.9796, 11.3856]",0.347118
1.0,0.167276,0.0,0.0,7.33,0.0,1955.96,-1.60132,93.9938,1,"[200.0, 200.0, 200.0, 200.0, 200.0, 200.0, 200.0, 200.0, 200.0, 200.0, 200.0, 200.0, 200.0, 200.0, 200.0, 200.0, 200.0, 200.0, 200.0, 200.0, 200.0, 200.0, 200.0, 200.0, 200.0, 200.0, 200.0, 200.0, 200.0, 200.0, 200.0, 200.0, 200.0, 200.0, 200.0, 200.0]",1,1568.43,12.7721,-1.65245,0.267126,-0.8,"[7.30694, 8.00785, 9.73358, 14.3049, 66.0351, 48.7699, 41.1129, 34.4111, 28.7851, 24.2273, 20.6237, 17.8083, 15.6131, 13.8938, 11.4595, 9.34687, 8.27281, 7.83836, 7.90607]",0.040919,"[9.78545, 10.5536, 10.1275, 13.1523]",0.347799
1.0,0.175953,0.0,0.0,7.352,0.0,1956.04,-1.52478,93.9937,1,"[200.0, 200.0, 200.0, 200.0, 200.0, 200.0, 200.0, 200.0, 200.0, 200.0, 200.0, 200.0, 200.0, 200.0, 200.0, 200.0, 200.0, 200.0, 200.0, 200.0, 200.0, 200.0, 200.0, 200.0, 200.0, 200.0, 200.0, 200.0, 200.0, 200.0, 200.0, 200.0, 200.0, 200.0, 200.0, 200.0]",1,1637.97,13.0964,-1.68828,0.263278,-0.8,"[7.34326, 8.07146, 9.85384, 14.6399, 65.1119, 47.9312, 40.3555, 33.7541, 28.2358, 23.7804, 20.2654, 17.5219, 15.3829, 13.7072, 11.3327, 9.27049, 8.2247, 7.8092, 7.89289]",0.0377787,"[10.2329, 12.5014, 10.5169, 13.1976]",0.347799
1.0,0.184887,0.0,0.0,7.374,0.0,1956.11,-1.44629,93.9937,1,"[200.0, 200.0, 200.0, 200.0, 200.0, 200.0, 200.0, 200.0, 200.0, 200.0, 200.0, 200.0, 200.0, 200.0, 200.0, 200.0, 200.0, 200.0, 200.0, 200.0, 200.0, 200.0, 200.0, 200.0, 200.0, 200.0, 200.0, 200.0, 200.0, 200.0, 200.0, 200.0, 200.0, 200.0, 200.0, 200.0]",1,1605.37,13.4772,-1.73316,0.296014,-0.8,"[7.38208, 8.13906, 9.98209, 15.0071, 64.1619, 47.0733, 39.5836, 33.0872, 27.68, 23.3291, 19.9037, 17.2327, 15.1503, 13.5183, 11.2038, 9.19247, 8.17534, 7.77915, 7.8792]",0.0344615,"[12.3747, 12.7716, 12.1222, 11.6619]",0.346947
1.0,0.194083,0.0,0.0,7.396,0.0,1956.19,-1.36584,93.9936,1,"[200.0, 200.0, 200.0, 200.0, 200.0, 200.0, 200.0, 200.0, 200.0, 200.0, 200.0, 200.0, 200.0, 200.0, 200.0, 200.0, 200.0, 200.0, 200.0, 200.0, 200.0, 200.0, 200.0, 200.0, 200.0, 200.0, 200.0, 200.0, 200.0, 200.0, 200.0, 200.0, 200.0, 200.0, 200.0, 200.0]",1,1630.78,13.9151,-1.80504,0.377098,-0.8,"[7.42368, 8.21108, 10.1192, 15.4118, 63.1842, 46.196, 38.7976, 32.4107, 27.118, 22.8736, 19.5388, 16.9406, 14.9151, 13.327, 11.0728, 9.11272, 8.12461, 7.74809, 7.86492]",0.0309469,"[9.71176, 11.026, 12.2075, 12.5062]",0.345394
1.0,0.203422,0.0,0.0,7.418,0.0,1956.28,-1.28357,93.9935,1,"[200.0, 200.0, 200.0, 200.0, 200.0, 200.0, 200.0, 200.0, 200.0, 200.0, 200.0, 200.0, 200.0, 200.0, 200.0, 200.0, 200.0, 200.0, 200.0, 200.0, 200.0, 200.0, 200.0, 200.0, 200.0, 200.0, 200.0, 200.0, 200.0, 200.0, 200.0, 200.0, 200.0, 200.0, 200.0, 200.0]",1,1779.06,14.1854,-1.82192,0.497525,-0.8,"[7.46787, 8.28707, 10.2643, 15.8546, 62.1918, 45.3113, 38.0079, 31.7336, 26.5572, 22.4197, 19.1752, 16.6494, 14.6802, 13.1355, 10.9412, 9.03203, 8.07293, 7.71615, 7.84995]",0.027242,"[11.6487, 14.8836, 11.8621, 14.416]",0.343663
1.0,0.213137,0.0,0.0,7.44,0.0,1956.36,-1.19934,93.9934,1,"[200.0, 200.0, 200.0, 200.0, 200.0, 200.0, 200.0, 200.0, 200.0, 200.0, 200.0, 200.0, 200.0, 200.0, 200.0, 200.0, 200.0, 200.0, 200.0, 200.0, 200.0, 200.0, 200.0, 200.0, 200.0, 200.0, 200.0, 200.0, 200.0, 200.0, 200.0, 200.0, 200.0, 200.0, 200.0, 200.0]",1,1829.71,14.6274,-1.89201,0.62738,-0.8,"[7.5153, 8.36848, 10.4209, 16.3523, 61.1608, 44.3987, 37.1971, 31.0413, 25.9857, 21.958, 18.8057, 16.3532, 14.441, 12.9403, 10.8065, 8.9491, 8.01963, 7.68317, 7.83453]",0.0233297,"[12.4675, 11.8416, 11.32, 15.0233]",0.342432
1.0,0.223048,0.0,0.0,7.462,0.0,1956.45,-1.11316,93.9933,1,"[200.0, 200.0, 200.0, 200.0, 200.0, 200.0, 200.0, 200.0, 200.0, 200.0, 200.0, 200.0, 200.0, 200.0, 200.0, 200.0, 200.0, 200.0, 200.0, 200.0, 200.0, 200.0, 200.0, 200.0, 200.0, 200.0, 200.0, 200.0, 200.0, 200.0, 200.0, 200.0, 200.0, 200.0, 200.0, 200.0]",1,1814.29,15.0038,-1.91985,0.723669,-0.8,"[7.56577, 8.45471, 10.5875, 16.9068, 60.1102, 43.4756, 36.3803, 30.3469, 25.4139, 21.4968, 18.4365, 16.057, 14.2014, 12.7443, 10.6707, 8.86497, 7.96523, 7.64922, 7.81844]",0.0192067,"[10.9357, 14.1387, 13.1438, 13.6607]",0.342263
1.0,0.233163,0.0,0.0,7.484,0.0,1956.53,-1.02527,93.9932,1,"[200.0, 200.0, 200.0, 200.0, 200.0, 200.0, 200.0, 200.0, 200.0, 200.0, 200.0, 200.0, 200.0, 200.0, 200.0, 200.0, 200.0, 200.0, 200.0, 200.0, 200.0, 200.0, 200.0, 200.0, 200.0, 200.0, 200.0, 200.0, 200.0, 200.0, 200.0, 200.0, 200.0, 200.0, 200.0, 200.0]",1,1790.61,15.3691,-1.95404,0.754319,-0.8,"[7.61946, 8.54607, 10.7652, 17.5302, 59.0395, 42.5418, 35.5579, 29.6503, 24.8422, 21.0362, 18.0677, 15.7608, 13.9614, 12.5476, 10.5338, 8.77962, 7.90968, 7.61433, 7.80167]",0.0148692,"[12.5749, 15.6427, 13.5807, 13.5378]",0.343262
1.0,0.243556,0.0,0.0,7.506,0.0,1956.62,-0.935425,93.9932,1,"[200.0, 200.0, 200.0, 200.0, 200.0, 200.0, 200.0, 200.0, 200.0, 200.0, 200.0, 200.0, 200.0, 200.0, 200.0, 200.0, 200.0, 200.0, 200.0, 200.0, 200.0, 200.0, 200.0, 200.0, 200.0, 200.0, 200.0, 200.0, 200.0, 200.0, 200.0, 200.0, 200.0, 200.0, 200.0, 200.0]",1,1941.78,15.7692,-2.00923,0.707458,-0.8,"[7.67673, 8.64335, 10.9558, 18.2433, 57.9416, 41.5921, 34.7253, 28.9481, 24.2674, 20.5738, 17.6975, 15.4631, 13.7197, 12.3491, 10.3952, 8.69265, 7.85279, 7.57839, 7.78426]",0.0103007,"[13.1982, 13.4743, 13.2128, 15.7431]",0.344933
1.0,0.254187,0.0,0.0,7.528,0.0,1956.72,-0.843628,93.9931,1,"[200.0, 200.0, 200.0, 200.0, 200.0, 200.0, 200.0, 200.0, 200.0, 200.0, 200.0, 200.0, 200.0, 200.0, 200.0, 200.0, 200.0, 200.0, 200.0, 200.0, 200.0, 200.0, 200.0, 200.0, 200.0, 200.0, 200.0, 200.0, 200.0, 200.0, 200.0, 200.0, 200.0, 200.0, 200.0, 200.0]",1,1980.25,16.187,-2.06289,0.640216,-0.8,"[7.73769, 8.74668, 11.1601, 19.0678, 56.8212, 40.6309, 33.8865, 28.2437, 23.6924, 20.1117, 17.3273, 15.165, 13.4774, 12.1496, 10.2552, 8.60429, 7.79462, 7.54142, 7.76616]",0.00549622,"[11.6265, 13.9331, 13.5483, 15.2331]",0.34631
1.0,0.26512,0.0,0.0,7.55,0.0,1956.81,-0.750244,93.993,1,"[200.0, 200.0, 200.0, 200.0, 200.0, 200.0, 200.0, 200.0, 200.0, 200.0, 200.0, 200.0, 200.0, 200.0, 200.0, 200.0, 200.0, 200.0, 200.0, 200.0, 200.0, 200.0, 200.0, 200.0, 200.0, 200.0, 200.0, 200.0, 200.0, 200.0, 200.0, 200.0, 200.0, 200.0, 200.0, 200.0]",1,1963.47,16.5085,-2.09448,0.592107,-0.8,"[7.80277, 8.85692, 11.3802, 20.0459, 55.6722, 39.6539, 33.0383, 27.5342, 23.1149, 19.648, 16.9558, 14.8655, 13.2333, 11.9484, 10.1133, 8.51425, 7.73504, 7.50334, 7.7474]",0.000439453,"[14.5432, 16.5966, 14.4234, 15.0914]",0.346751
1.0,0.275078,0.0,0.0,7.572,0.0,1956.91,-0.654419,93.9929,1,"[200.0, 200.0, 200.0, 200.0, 200.0, 200.0, 200.0, 200.0, 200.0, 200.0, 200.0, 200.0, 200.0, 200.0, 200.0, 200.0, 200.0, 200.0, 200.0, 200.0, 200.0, 200.0, 200.0, 200.0, 200.0, 200.0, 200.0, 200.0, 200.0, 200.0, 200.0, 200.0, 200.0, 200.0, 200.0, 200.0]",1,2065.79,17.0504,-1.72187,0.57632,0.0,"[7.86796, 8.96534, 11.5962, 21.1093, 54.6236, 38.7674, 32.2709, 26.8935, 22.5935, 19.2286, 16.6186, 14.5925, 13.0098, 11.7631, 9.98133, 8.42892, 7.67725, 7.46497, 7.72646]",-0.00474854,"[13.5358, 14.9132, 14.2038, 16.2153]",0.34597
1.0,0.281417,0.0,0.0,7.594,0.0,1957.01,-0.554932,93.9928,1,"[200.0, 200.0, 200.0, 200.0, 200.0, 200.0, 200.0, 200.0, 200.0, 200.0, 200.0, 200.0, 200.0, 200.0, 200.0, 200.0, 200.0, 200.0, 200.0, 200.0, 200.0, 200.0, 200.0, 200.0, 200.0, 200.0, 200.0, 200.0, 200.0, 200.0, 200.0, 200.0, 200.0, 200.0, 200.0, 200.0]",1,2091.8,17.5524,-0.904428,0.594506,0.0,"[7.92265, 9.05033, 11.7581, 21.9529, 53.94, 38.1852, 31.7642, 26.4675, 22.2435, 18.9439, 16.3868, 14.4022, 12.8518, 11.6301, 9.8835, 8.36217, 7.62877, 7.42903, 7.70116]",-0.00963542,"[13.3216, 14.3129, 14.9041, 15.9139]",0.344835
1.0,0.284235,0.0,0.0,7.616,0.0,1957.11,-0.45166,93.9927,1,"[200.0, 200.0, 200.0, 200.0, 200.0, 200.0, 200.0, 200.0, 200.0, 200.0, 200.0, 200.0, 200.0, 200.0, 200.0, 200.0, 200.0, 200.0, 200.0, 200.0, 200.0, 200.0, 200.0, 200.0, 200.0, 200.0, 200.0, 200.0, 200.0, 200.0, 200.0, 200.0, 200.0, 200.0, 200.0, 200.0]",1,2183.28,17.9356,-0.206949,0.615607,0.0,"[7.96486, 9.10916, 11.8598, 22.4555, 53.6105, 37.8938, 31.5048, 26.2438, 22.0546, 18.7859, 16.2543, 14.2902, 12.756, 11.5472, 9.81895, 8.31407, 7.59014, 7.39632, 7.67262]",-0.0140493,"[15.4323, 16.1766, 16.6116, 15.5432]",0.344546
1.0,0.285982,0.0,0.0,7.638,0.0,1957.21,-0.345215,93.9927,1,"[200.0, 200.0, 200.0, 200.0, 200.0, 200.0, 200.0, 200.0, 200.0, 200.0, 200.0, 200.0, 200.0, 200.0, 200.0, 200.0, 200.0, 200.0, 200.0, 200.0, 200.0, 200.0, 200.0, 200.0, 200.0, 200.0, 200.0, 200.0, 200.0, 200.0, 200.0, 200.0, 200.0, 200.0, 200.0, 200.0]",1,2240.95,18.432,-0.00998715,0.623001,0.0,"[8.003, 9.1597, 11.9426, 22.8488, 53.3884, 37.6903, 31.3201, 26.0813, 21.9146, 18.6662, 16.152, 14.2021, 12.6793, 11.4796, 9.76466, 8.27181, 7.5547, 7.36476, 7.64325]",-0.0182912,"[15.3862, 14.9402, 17.5247, 15.4939]",0.345489
1.0,0.287561,0.0,0.0,7.66,0.0,1957.32,-0.23584,93.9926,1,"[200.0, 200.0, 200.0, 200.0, 200.0, 200.0, 200.0, 200.0, 200.0, 200.0, 200.0, 200.0, 200.0, 200.0, 200.0, 200.0, 200.0, 200.0, 200.0, 200.0, 200.0, 200.0, 200.0, 200.0, 200.0, 200.0, 200.0, 200.0, 200.0, 200.0, 200.0, 200.0, 200.0, 200.0, 200.0, 200.0]",1,2285.79,18.8896,0.0441758,0.628034,0.0,"[8.04112, 9.20968, 12.0238, 23.2431, 53.1822, 37.4996, 31.1461, 25.9274, 21.7812, 18.5518, 16.0537, 14.117, 12.6049, 11.4139, 9.71141, 8.22995, 7.51921, 7.33288, 7.6132]",-0.0225759,"[16.8983, 15.1713, 16.7085, 17.0424]",0.347857
1.0,0.289113,0.0,0.0,7.682,0.0,1957.44,-0.123779,93.9924,1,"[200.0, 200.0, 200.0, 200.0, 200.0, 200.0, 200.0, 200.0, 200.0, 200.0, 200.0, 200.0, 200.0, 200.0, 200.0, 200.0, 200.0, 200.0, 200.0, 200.0, 200.0, 200.0, 200.0, 200.0, 200.0, 200.0, 200.0, 200.0, 200.0, 200.0, 200.0, 200.0, 200.0, 200.0, 200.0, 200.0]",1,2340.31,19.3778,0.0604997,0.537348,0.0,"[8.0801, 9.26067, 12.1064, 23.6612, 52.9772, 37.3093, 30.9722, 25.7734, 21.6476, 18.4368, 15.9547, 14.0313, 12.5299, 11.3474, 9.65745, 8.18735, 7.48299, 7.30017, 7.58224]",-0.0269725,"[15.849, 17.1829, 16.533, 18.1422]",0.350306
1.0,0.290711,0.0,0.0,7.704,0.0,1957.55,-0.00891113,93.9923,1,"[200.0, 200.0, 200.0, 200.0, 200.0, 200.0, 200.0, 200.0, 200.0, 200.0, 200.0, 200.0, 200.0, 200.0, 200.0, 200.0, 200.0, 200.0, 200.0, 200.0, 200.0, 200.0, 200.0, 200.0, 200.0, 200.0, 200.0, 200.0, 200.0, 200.0, 200.0, 200.0, 200.0, 200.0, 200.0, 200.0]",1,2393.11,19.892,0.066014,0.405989,0.0,"[8.12032, 9.31337, 12.192, 24.1198, 52.7658, 37.1134, 30.7933, 25.615, 21.5103, 18.3188, 15.8532, 13.9433, 12.4528, 11.2791, 9.60198, 8.14355, 7.44571, 7.2665, 7.55034]",-0.0315002,"[16.2387, 16.6473, 17.8555, 17.6525]",0.351018
1.0,0.292369,0.0,0.0,7.726,0.0,1957.67,0.108765,93.9921,1,"[200.0, 200.0, 200.0, 200.0, 200.0, 200.0, 200.0, 200.0, 200.0, 200.0, 200.0, 200.0, 200.0, 200.0, 200.0, 200.0, 200.0, 200.0, 200.0, 200.0, 200.0, 200.0, 200.0, 200.0, 200.0, 200.0, 200.0, 200.0, 200.0, 200.0, 200.0, 200.0, 200.0, 200.0, 200.0, 200.0]",1,2475.38,20.384,0.0649704,0.342003,0.0,"[8.16193, 9.36801, 12.2812, 24.6301, 52.5463, 36.9104, 30.6082, 25.4514, 21.3685, 18.197, 15.7484, 13.8525, 12.3733, 11.2087, 9.5448, 8.09838, 7.40727, 7.23177, 7.51744]",-0.0361715,"[18.0339, 16.2723, 19.1909, 17.3617]",0.349133
1.0,0.294016,0.0,0.0,7.748,0.0,1957.79,0.229248,93.9919,1,"[200.0, 200.0, 200.0, 200.0, 200.0, 200.0, 200.0, 200.0, 200.0, 200.0, 200.0, 200.0, 200.0, 200.0, 200.0, 200.0, 200.0, 200.0, 200.0, 200.0, 200.0, 200.0, 200.0, 200.0, 200.0, 200.0, 200.0, 200.0, 200.0, 200.0, 200.0, 200.0, 200.0, 200.0, 200.0, 200.0]",1,2538.03,20.91,0.0622607,0.423696,0.0,"[8.20474, 9.42412, 12.3727, 25.1903, 52.326, 36.706, 30.4216, 25.2862, 21.2252, 18.0737, 15.6422, 13.7604, 12.2926, 11.137, 9.48646, 8.05213, 7.36777, 7.19596, 7.48336]",-0.0409902,"[16.6042, 18.9005, 18.5949, 18.8669]",0.345667
1.0,0.295762,0.0,0.0,7.77,0.0,1957.91,0.352783,93.9918,1,"[200.0, 200.0, 200.0, 200.0, 200.0, 200.0, 200.0, 200.0, 200.0, 200.0, 200.0, 200.0, 200.0, 200.0, 200.0, 200.0, 200.0, 200.0, 200.0, 200.0, 200.0, 200.0, 200.0, 200.0, 200.0, 200.0, 200.0, 200.0, 200.0, 200.0, 200.0, 200.0, 200.0, 200.0, 200.0, 200.0]",1,2596.12,21.4749,0.0610132,0.61206,0.0,"[8.24916, 9.48255, 12.4687, 25.8386, 52.0935, 36.4913, 30.2261, 25.1135, 21.0758, 17.9454, 15.5318, 13.6647, 12.2087, 11.0627, 9.42604, 8.00428, 7.32696, 7.15902, 7.44827]",-0.0459635,"[17.8273, 16.5827, 17.8897, 20.5508]",0.342971
1.0,0.297574,0.0,0.0,7.792,0.0,1958.04,0.47937,93.9916,1,"[200.0, 200.0, 200.0, 200.0, 200.0, 200.0, 200.0, 200.0, 200.0, 200.0, 200.0, 200.0, 200.0, 200.0, 200.0, 200.0, 200.0, 200.0, 200.0, 200.0, 200.0, 200.0, 200.0, 200.0, 200.0, 200.0, 200.0, 200.0, 200.0, 200.0, 200.0, 200.0, 200.0, 200.0, 200.0, 200.0]",1,2677.58,21.9795,0.0646799,0.764106,0.0,"[8.2951, 9.54316, 12.5687, 26.5985, 51.8524, 36.2691, 30.024, 24.9352, 20.9216, 17.8131, 15.4181, 13.5661, 12.1223, 10.9862, 9.36378, 7.95498, 7.2849, 7.12093, 7.41207]",-0.0510946,"[19.5267, 18.2122, 19.9713, 19.6773]",0.342798
1.0,0.299335,0.0,0.0,7.814,0.0,1958.17,0.609009,93.9914,1,"[200.0, 200.0, 200.0, 200.0, 200.0, 200.0, 200.0, 200.0, 200.0, 200.0, 200.0, 200.0, 200.0, 200.0, 200.0, 200.0, 200.0, 200.0, 200.0, 200.0, 200.0, 200.0, 200.0, 200.0, 200.0, 200.0, 200.0, 200.0, 200.0, 200.0, 200.0, 200.0, 200.0, 200.0, 200.0, 200.0]",1,2755.99,22.5544,0.0780648,0.749924,0.003,"[8.34225, 9.60511, 12.6706, 27.4885, 51.6139, 36.0483, 29.8226, 24.7572, 20.7672, 17.6803, 15.3036, 13.4667, 12.0351, 10.9087, 9.30054, 7.90465, 7.24174, 7.08167, 7.37454]",-0.0563833,"[18.7039, 20.156, 20.8317, 19.8876]",0.344896
1.0,0.301136,0.0,0.0,7.836,0.0,1958.3,0.741943,93.9913,1,"[200.0, 200.0, 200.0, 200.0, 200.0, 200.0, 200.0, 200.0, 200.0, 200.0, 200.0, 200.0, 200.0, 200.0, 200.0, 200.0, 200.0, 200.0, 200.0, 200.0, 200.0, 200.0, 200.0, 200.0, 200.0, 200.0, 200.0, 200.0, 200.0, 200.0, 200.0, 200.0, 200.0, 200.0, 200.0, 200.0]",1,2899.12,23.1582,0.0898866,0.600468,0.004,"[8.39089, 9.6691, 12.7762, 28.6341, 51.3691, 35.8217, 29.6161, 24.5748, 20.6092, 17.5444, 15.1865, 13.3649, 11.9458, 10.8293, 9.23564, 7.85293, 7.19736, 7.04122, 7.33582]",-0.0618317,"[18.8308, 18.9801, 21.6136, 21.2548]",0.345302
1.0,0.302933,0.0,0.0,7.858,0.0,1958.44,0.878174,93.9911,1,"[200.0, 200.0, 200.0, 200.0, 200.0, 200.0, 200.0, 200.0, 200.0, 200.0, 200.0, 200.0, 200.0, 200.0, 200.0, 200.0, 200.0, 200.0, 200.0, 200.0, 200.0, 200.0, 200.0, 200.0, 200.0, 200.0, 200.0, 200.0, 200.0, 200.0, 200.0, 200.0, 200.0, 200.0, 200.0, 200.0]",1,2925.53,23.7596,0.0923869,0.496884,0.004,"[8.44096, 9.73489, 12.8848, 30.3872, 51.1221, 35.5927, 29.4073, 24.39, 20.449, 17.4064, 15.0675, 13.2614, 11.8547, 10.7483, 9.16932, 7.79993, 7.15173, 6.99951, 7.29577]",-0.0674499,"[20.862, 19.3232, 21.4443, 21.9558]",0.345348
1.0,0.30473,0.0,0.0,7.88,0.0,1958.58,1.01782,93.9909,1,"[200.0, 200.0, 200.0, 200.0, 200.0, 200.0, 200.0, 200.0, 200.0, 200.0, 200.0, 200.0, 200.0, 200.0, 200.0, 200.0, 200.0, 200.0, 200.0, 200.0, 200.0, 200.0, 200.0, 200.0, 200.0, 200.0, 200.0, 200.0, 200.0, 200.0, 200.0, 200.0, 200.0, 200.0, 200.0, 200.0]",1,2923.28,24.3997,0.0853141,0.587665,0.004,"[8.49269, 9.80275, 12.9969, 78.3818, 50.8723, 35.3605, 29.1953, 24.2024, 20.2861, 17.266, 14.9461, 13.1558, 11.7617, 10.6655, 9.10135, 7.74543, 7.10469, 6.95638, 7.25419]",-0.0732605,"[19.7374, 21.9557, 21.5709, 21.7268]",0.344164
1.0,0.306613,0.0,0.0,7.902,0.0,1958.72,1.16101,93.9908,1,"[200.0, 200.0, 200.0, 200.0, 200.0, 200.0, 200.0, 200.0, 200.0, 200.0, 200.0, 200.0, 200.0, 200.0, 200.0, 200.0, 200.0, 200.0, 200.0, 200.0, 200.0, 200.0, 200.0, 200.0, 200.0, 200.0, 200.0, 200.0, 200.0, 200.0, 200.0, 200.0, 200.0, 200.0, 200.0, 200.0]",1,2999.67,25.0554,0.0786867,0.792739,0.003,"[8.54631, 9.87333, 13.1141, 78.146, 50.6112, 35.1185, 28.9748, 24.0076, 20.1172, 17.1206, 14.8206, 13.0465, 11.6656, 10.5799, 9.03113, 7.68914, 7.0561, 6.91184, 7.21127]",-0.0792633,"[20.2319, 19.704, 21.3186, 23.1154]",0.342569
1.0,0.308632,0.0,0.0,7.924,0.0,1958.87,1.30762,93.9905,1,"[200.0, 200.0, 200.0, 200.0, 200.0, 200.0, 200.0, 200.0, 200.0, 200.0, 200.0, 200.0, 200.0, 200.0, 200.0, 200.0, 200.0, 200.0, 200.0, 200.0, 200.0, 200.0, 200.0, 200.0, 200.0, 200.0, 200.0, 200.0, 200.0, 200.0, 200.0, 200.0, 200.0, 200.0, 200.0, 200.0]",1,3100.05,25.6482,0.0820306,0.904548,0.004,"[8.60203, 9.94708, 13.2378, 77.8936, 50.3335, 34.8627, 28.7425, 23.803, 19.9403, 16.9687, 14.6897, 12.9328, 11.5656, 10.491, 8.95829, 7.63087, 7.00589, 6.86591, 7.16711]",-0.0854604,"[22.1103, 20.9194, 22.1537, 23.6916]",0.342587
1.0,0.310653,0.0,0.0,7.946,0.0,1959.02,1.45776,93.9902,1,"[200.0, 200.0, 200.0, 200.0, 200.0, 200.0, 200.0, 200.0, 200.0, 200.0, 200.0, 200.0, 200.0, 200.0, 200.0, 200.0, 200.0, 200.0, 200.0, 200.0, 200.0, 200.0, 200.0, 200.0, 200.0, 200.0, 200.0, 200.0, 200.0, 200.0, 200.0, 200.0, 200.0, 200.0, 200.0, 200.0]",1,3225.67,26.294,0.0938296,0.820641,0.004,"[8.65942, 10.023, 13.3653, 77.6389, 50.0526, 34.6036, 28.507, 23.5954, 19.7608, 16.8143, 14.5566, 12.8169, 11.4637, 10.4003, 8.88382, 7.57114, 6.95428, 6.81856, 7.12144]",-0.0918477,"[22.2999, 22.2812, 23.9237, 23.8022]",0.34508
1.0,0.31271,0.0,0.0,7.968,0.0,1959.17,1.61157,93.99,1,"[200.0, 200.0, 200.0, 200.0, 200.0, 200.0, 200.0, 200.0, 200.0, 200.0, 200.0, 200.0, 200.0, 200.0, 200.0, 200.0, 200.0, 200.0, 200.0, 200.0, 200.0, 200.0, 200.0, 200.0, 200.0, 200.0, 200.0, 200.0, 200.0, 200.0, 200.0, 200.0, 200.0, 200.0, 200.0, 200.0]",1,3259.51,26.9975,0.102437,0.696798,0.004,"[8.71867, 10.1015, 13.4975, 77.3785, 49.765, 34.3383, 28.2661, 23.3831, 19.5771, 16.6564, 14.4204, 12.6984, 11.3594, 10.3073, 8.80742, 7.50975, 6.90115, 6.76973, 7.07425]",-0.0984365,"[22.7033, 22.7686, 23.5581, 24.3366]",0.348025
1.0,0.314744,0.0,0.0,7.99,0.0,1959.33,1.76904,93.9897,1,"[200.0, 200.0, 200.0, 200.0, 200.0, 200.0, 200.0, 200.0, 200.0, 200.0, 200.0, 200.0, 200.0, 200.0, 200.0, 200.0, 200.0, 200.0, 200.0, 200.0, 200.0, 200.0, 200.0, 200.0, 200.0, 200.0, 200.0, 200.0, 200.0, 200.0, 200.0, 200.0, 200.0, 200.0, 200.0, 200.0]",1,3358.19,27.684,0.0967136,0.688691,0.004,"[8.77971, 10.1821, 13.6335, 77.1185, 49.4763, 34.0712, 28.0231, 23.1688, 19.3915, 16.4966, 14.2822, 12.578, 11.2532, 10.2126, 8.72936, 7.4468, 6.8465, 6.71931, 7.02531]",-0.105239,"[23.2297, 23.1359, 25.0092, 24.6861]",0.348412
1.0,0.316618,0.0,0.0,8.01,0.0,1959.48,1.91565,93.9895,1,"[200.0, 200.0, 200.0, 200.0, 200.0, 200.0, 200.0, 200.0, 200.0, 200.0, 200.0, 200.0, 200.0, 200.0, 200.0, 200.0, 200.0, 200.0, 200.0, 200.0, 200.0, 200.0, 200.0, 200.0, 200.0, 200.0, 200.0, 200.0, 200.0, 200.0, 200.0, 200.0, 200.0, 200.0, 200.0, 200.0]",1,3408.43,28.3304,0.089445,0.824816,0.005,"[8.837, 10.2579, 13.7616, 76.8773, 49.2081, 33.8229, 27.7973, 22.9697, 19.2191, 16.348, 14.1538, 12.4659, 11.1543, 10.1243, 8.65654, 7.38794, 6.7953, 6.672, 6.97929]",-0.111622,"[23.7501, 23.2042, 25.1285, 25.306]",0.346234
1.0,0.318587,0.0,0.0,8.03,0.0,1959.63,2.06519,93.9893,1,"[200.0, 200.0, 200.0, 200.0, 200.0, 200.0, 200.0, 200.0, 200.0, 200.0, 200.0, 200.0, 200.0, 200.0, 200.0, 200.0, 200.0, 200.0, 200.0, 200.0, 200.0, 200.0, 200.0, 200.0, 200.0, 200.0, 200.0, 200.0, 200.0, 200.0, 200.0, 200.0, 200.0, 200.0, 200.0, 200.0]",1,3697.79,28.9112,0.0957377,0.88923,0.005,"[8.89623, 10.3365, 13.8956, 76.624, 48.9276, 33.5642, 27.5626, 22.7631, 19.0405, 16.1944, 14.0211, 12.3503, 11.0524, 10.0333, 8.58152, 7.32736, 6.74261, 6.62334, 6.93199]",-0.118191,"[24.2851, 24.3862, 27.185, 26.6234]",0.344134
1.0,0.3207,0.0,0.0,8.05,0.0,1959.78,2.21655,93.9893,2,"[200.0, 200.0, 200.0, 200.0, 200.0, 200.0, 200.0, 200.0, 200.0, 200.0, 200.0, 200.0, 200.0, 200.0, 200.0, 200.0, 200.0, 200.0, 200.0, 200.0, 200.0, 200.0, 200.0, 200.0, 200.0, 200.0, 200.0, 200.0, 200.0, 200.0, 200.0, 200.0, 200.0, 200.0, 200.0, 200.0]",1,2330.18,28.9896,0.0999303,0.914215,0.005,"[8.95704, 10.4178, 14.0357, 76.3535, 48.6305, 33.2925, 27.3172, 22.548, 18.8552, 16.0355, 13.8842, 12.2312, 10.9476, 9.93992, 8.50467, 7.26546, 6.68892, 6.57387, 6.88404]",-0.124876,"[24.5513, 24.671, 24.6771, 25.5337]",0.344079
1.0,0.322717,0.0,0.0,8.07,0.0,1959.93,2.36755,93.9893,2,"[200.0, 200.0, 200.0, 200.0, 200.0, 200.0, 200.0, 200.0, 200.0, 200.0, 200.0, 200.0, 200.0, 200.0, 200.0, 200.0, 200.0, 200.0, 200.0, 200.0, 200.0, 200.0, 200.0, 200.0, 200.0, 200.0, 200.0, 200.0, 200.0, 200.0, 200.0, 200.0, 200.0, 200.0, 200.0, 200.0]",1,2342.11,28.9713,0.100703,0.838879,0.006,"[9.01799, 10.4991, 14.1757, 76.0922, 48.3419, 33.0274, 27.0771, 22.3372, 18.6733, 15.8792, 13.7493, 12.1136, 10.8439, 9.84736, 8.42829, 7.20369, 6.63512, 6.52409, 6.83555]",-0.1316,"[24.773, 24.9996, 24.5709, 24.9755]",0.345408
1.0,0.324778,0.0,0.0,8.09,0.0,1960.08,2.51819,93.9893,2,"[200.0, 200.0, 200.0, 200.0, 200.0, 200.0, 200.0, 200.0, 200.0, 200.0, 200.0, 200.0, 200.0, 200.0, 200.0, 200.0, 200.0, 200.0, 200.0, 200.0, 200.0, 200.0, 200.0, 200.0, 200.0, 200.0, 200.0, 200.0, 200.0, 200.0, 200.0, 200.0, 200.0, 200.0, 200.0, 200.0]",1,2354.01,28.9875,0.103097,0.797433,0.006,"[9.07953, 10.5815, 14.3187, 75.8252, 48.0478, 32.7582, 26.8341, 22.1242, 18.4897, 15.7217, 13.6135, 11.9953, 10.7396, 9.7543, 8.3515, 7.1416, 6.58105, 6.47408, 6.78686]",-0.138359,"[24.1835, 24.3418, 24.4646, 24.5286]",0.345306
1.0,0.326833,0.0,0.0,8.11,0.0,1960.23,2.66846,93.9893,2,"[200.0, 200.0, 200.0, 200.0, 200.0, 200.0, 200.0, 200.0, 200.0, 200.0, 200.0, 200.0, 200.0, 200.0, 200.0, 200.0, 200.0, 200.0, 200.0, 200.0, 200.0, 200.0, 200.0, 200.0, 200.0, 200.0, 200.0, 200.0, 200.0, 200.0, 200.0, 200.0, 200.0, 200.0, 200.0, 200.0]",1,2365.89,29.004,0.10337,0.862056,0.006,"[9.14147, 10.6645, 14.4636, 75.5575, 47.753, 32.4887, 26.5908, 21.9113, 18.3063, 15.5644, 13.4778, 11.8771, 10.6354, 9.66121, 8.27466, 7.07938, 6.5268, 6.42383, 6.73786]",-0.145151,"[22.8677, 22.8201, 24.3095, 24.3724]",0.343676
1.0,0.328829,0.0,0.0,8.13,0.0,1960.38,2.81836,93.9893,2,"[200.0, 200.0, 200.0, 200.0, 200.0, 200.0, 200.0, 200.0, 200.0, 200.0, 200.0, 200.0, 200.0, 200.0, 200.0, 200.0, 200.0, 200.0, 200.0, 200.0, 200.0, 200.0, 200.0, 200.0, 200.0, 200.0, 200.0, 200.0, 200.0, 200.0, 200.0, 200.0, 200.0, 200.0, 200.0, 200.0]",1,2377.75,28.9533,0.100884,0.938576,0.007,"[9.20366, 10.7478, 14.6091, 75.2953, 47.463, 32.2229, 26.3508, 21.7009, 18.125, 15.4086, 13.3433, 11.7598, 10.5318, 9.56865, 8.19805, 7.01716, 6.47242, 6.3733, 6.68842]",-0.151979,"[23.2244, 22.9828, 24.376, 24.2063]",0.343244
1.0,0.330779,0.0,0.0,8.15,0.0,1960.53,2.96802,93.9893,2,"[200.0, 200.0, 200.0, 200.0, 200.0, 200.0, 200.0, 200.0, 200.0, 200.0, 200.0, 200.0, 200.0, 200.0, 200.0, 200.0, 200.0, 200.0, 200.0, 200.0, 200.0, 200.0, 200.0, 200.0, 200.0, 200.0, 200.0, 200.0, 200.0, 200.0, 200.0, 200.0, 200.0, 200.0, 200.0, 200.0]",1,2389.58,28.8924,0.103573,0.905562,0.007,"[9.26609, 10.8314, 14.7555, 75.0368, 47.1762, 31.9597, 26.1131, 21.4925, 17.9452, 15.2541, 13.2098, 11.6432, 10.4287, 9.47644, 8.1216, 6.95494, 6.41789, 6.32253, 6.6386]",-0.158839,"[23.7913, 23.5062, 24.7038, 24.3651]",0.345554
1.0,0.332723,0.0,0.0,8.17,0.0,1960.68,3.11719,93.9893,2,"[200.0, 200.0, 200.0, 200.0, 200.0, 200.0, 200.0, 200.0, 200.0, 200.0, 200.0, 200.0, 200.0, 200.0, 200.0, 200.0, 200.0, 200.0, 200.0, 200.0, 200.0, 200.0, 200.0, 200.0, 200.0, 200.0, 200.0, 200.0, 200.0, 200.0, 200.0, 200.0, 200.0, 200.0, 200.0, 200.0]",1,2401.4,28.8575,0.10752,0.774236,0.007,"[9.32889, 10.9156, 14.9037, 74.7781, 46.8889, 31.6963, 25.8753, 21.2842, 17.7657, 15.0998, 13.0764, 11.5267, 10.3258, 9.38427, 8.04513, 6.89262, 6.3632, 6.27154, 6.5885]",-0.165728,"[24.0535, 23.8198, 24.5544, 24.39]",0.348504
1.0,0.334689,0.0,0.0,8.19,0.0,1960.83,3.26611,93.9893,2,"[200.0, 200.0, 200.0, 200.0, 200.0, 200.0, 200.0, 200.0, 200.0, 200.0, 200.0, 200.0, 200.0, 200.0, 200.0, 200.0, 200.0, 200.0, 200.0, 200.0, 200.0, 200.0, 200.0, 200.0, 200.0, 200.0, 200.0, 200.0, 200.0, 200.0, 200.0, 200.0, 200.0, 200.0, 200.0, 200.0]",1,2104.79,28.8067,0.10677,0.708236,0.008,"[9.39221, 11.0007, 15.0546, 74.5158, 46.5982, 31.4306, 25.6357, 21.0746, 17.5852, 14.9448, 12.9425, 11.4098, 10.2225, 9.29182, 7.9684, 6.83006, 6.3083, 6.22032, 6.53815]",-0.17265,"[24.6846, 24.7048, 24.5415, 24.4523]",0.348788
1.0,0.336652,0.0,0.0,8.21,0.0,1960.98,3.41528,93.9892,2,"[200.0, 200.0, 200.0, 200.0, 200.0, 200.0, 200.0, 200.0, 200.0, 200.0, 200.0, 200.0, 200.0, 200.0, 200.0, 200.0, 200.0, 200.0, 200.0, 200.0, 200.0, 200.0, 200.0, 200.0, 200.0, 200.0, 200.0, 200.0, 200.0, 200.0, 200.0, 200.0, 200.0, 200.0, 200.0, 200.0]",1,2131.75,29.0279,0.105481,0.797716,0.008,"[9.45619, 11.0869, 15.208, 74.2523, 46.3062, 31.1636, 25.3953, 20.8644, 17.4043, 14.7895, 12.8083, 11.2925, 10.1188, 9.19896, 7.89128, 6.76709, 6.25295, 6.16862, 6.48725]",-0.179638,"[25.6094, 25.8759, 24.6554, 25.2552]",0.34631
1.0,0.3386,0.0,0.0,8.23,0.0,1961.13,3.56555,93.9891,2,"[200.0, 200.0, 200.0, 200.0, 200.0, 200.0, 200.0, 200.0, 200.0, 200.0, 200.0, 200.0, 200.0, 200.0, 200.0, 200.0, 200.0, 200.0, 200.0, 200.0, 200.0, 200.0, 200.0, 200.0, 200.0, 200.0, 200.0, 200.0, 200.0, 200.0, 200.0, 200.0, 200.0, 200.0, 200.0, 200.0]",1,2150.39,29.2903,0.105275,0.914804,0.008,"[9.52113, 11.1744, 15.3643, 73.9889, 46.0133, 30.8958, 25.154, 20.6535, 17.2226, 14.6334, 12.6733, 11.1746, 10.0144, 9.1054, 7.81345, 6.70343, 6.19688, 6.11613, 6.43545]",-0.18673,"[25.3759, 25.6504, 25.7374, 24.7609]",0.344088
1.0,0.340516,0.0,0.0,8.25,0.0,1961.28,3.71692,93.989,2,"[200.0, 200.0, 200.0, 200.0, 200.0, 200.0, 200.0, 200.0, 200.0, 200.0, 200.0, 200.0, 200.0, 200.0, 200.0, 200.0, 200.0, 200.0, 200.0, 200.0, 200.0, 200.0, 200.0, 200.0, 200.0, 200.0, 200.0, 200.0, 200.0, 200.0, 200.0, 200.0, 200.0, 200.0, 200.0, 200.0]",1,2159.79,29.5601,0.108869,0.937201,0.009,"[9.58691, 11.2629, 15.523, 73.7275, 45.7215, 30.6283, 24.9129, 20.4426, 17.0409, 14.4771, 12.538, 11.0563, 9.90955, 9.01137, 7.7351, 6.63916, 6.14015, 6.0629, 6.38276]",-0.193921,"[25.1261, 25.3321, 25.232, 25.6077]",0.344367
1.0,0.342464,0.0,0.0,8.27,0.0,1961.43,3.86938,93.989,2,"[200.0, 200.0, 200.0, 200.0, 200.0, 200.0, 200.0, 200.0, 200.0, 200.0, 200.0, 200.0, 200.0, 200.0, 200.0, 200.0, 200.0, 200.0, 200.0, 200.0, 200.0, 200.0, 200.0, 200.0, 200.0, 200.0, 200.0, 200.0, 200.0, 200.0, 200.0, 200.0, 200.0, 200.0, 200.0, 200.0]",1,2229.45,29.8129,0.114035,0.846696,0.009,"[9.65379, 11.3532, 15.6858, 73.4609, 45.4242, 30.3564, 24.6682, 20.2288, 16.857, 14.319, 12.4013, 10.9366, 9.80355, 8.91628, 7.65582, 6.57411, 6.0827, 6.00895, 6.32932]",-0.201211,"[25.1702, 24.9387, 26.2031, 26.0067]",0.345587
1.0,0.344235,0.0,0.0,8.29,0.0,1961.58,4.02295,93.9889,2,"[200.0, 200.0, 200.0, 200.0, 200.0, 200.0, 200.0, 200.0, 200.0, 200.0, 200.0, 200.0, 200.0, 200.0, 200.0, 200.0, 200.0, 200.0, 200.0, 200.0, 200.0, 200.0, 200.0, 200.0, 200.0, 200.0, 200.0, 200.0, 200.0, 200.0, 200.0, 200.0, 200.0, 200.0, 200.0, 200.0]",1,2245.76,30.1059,0.175151,0.810436,0.026,"[9.72072, 11.4429, 15.8467, 73.2123, 45.1423, 30.0957, 24.4324, 20.0219, 16.678, 14.1647, 12.2672, 10.819, 9.699, 8.82224, 7.57704, 6.50904, 6.02489, 5.95436, 6.27489]",-0.208574,"[24.8721, 23.7192, 26.0929, 26.4185]",0.344872
1.0,0.345874,0.0,0.0,8.31,0.0,1961.74,4.17786,93.9888,2,"[200.0, 200.0, 200.0, 200.0, 200.0, 200.0, 200.0, 200.0, 200.0, 200.0, 200.0, 200.0, 200.0, 200.0, 200.0, 200.0, 200.0, 200.0, 200.0, 200.0, 200.0, 200.0, 200.0, 200.0, 200.0, 200.0, 200.0, 200.0, 200.0, 200.0, 200.0, 200.0, 200.0, 200.0, 200.0, 200.0]",1,2252.05,30.3688,0.195317,0.903203,0.027,"[9.78789, 11.5324, 16.0066, 72.977, 44.8714, 29.8428, 24.2027, 19.8195, 16.5026, 14.0128, 12.135, 10.7026, 9.59533, 8.72878, 7.49846, 6.44383, 5.96668, 5.89914, 6.21952]",-0.216016,"[24.7223, 23.8876, 26.5491, 26.034]",0.342765
1.0,0.346143,0.0,0.0,8.33,0.0,1961.89,4.33411,93.9887,2,"[200.0, 200.0, 200.0, 200.0, 200.0, 200.0, 200.0, 200.0, 200.0, 200.0, 200.0, 200.0, 200.0, 200.0, 200.0, 200.0, 200.0, 200.0, 200.0, 200.0, 200.0, 200.0, 200.0, 200.0, 200.0, 200.0, 200.0, 200.0, 200.0, 200.0, 200.0, 200.0, 200.0, 200.0, 200.0, 200.0]",1,2261.73,30.5776,0.611373,0.946593,0.8,"[9.84905, 11.608, 16.127, 72.894, 44.7351, 29.6892, 24.052, 19.6778, 16.3729, 13.8956, 12.0292, 10.6066, 9.50773, 8.64806, 7.42809, 6.3829, 5.91029, 5.8437, 6.16177]",-0.223401,"[25.6648, 25.402, 26.1003, 26.5602]",0.342677
1.0,0.343606,0.0,0.0,8.35,0.0,1962.05,4.49231,93.9886,2,"[200.0, 200.0, 200.0, 200.0, 200.0, 200.0, 200.0, 200.0, 200.0, 200.0, 200.0, 200.0, 200.0, 200.0, 200.0, 200.0, 200.0, 200.0, 200.0, 200.0, 200.0, 200.0, 200.0, 200.0, 200.0, 200.0, 200.0, 200.0, 200.0, 200.0, 200.0, 200.0, 200.0, 200.0, 200.0, 200.0]",1,2310.05,30.7273,1.21629,0.942174,0.8,"[9.8957, 11.6518, 16.1599, 73.1268, 44.8804, 29.7446, 24.0677, 19.6642, 16.3403, 13.8521, 11.98, 10.5548, 9.45503, 8.59535, 7.37637, 6.33239, 5.85925, 5.78961, 6.10107]",-0.23044,"[26.3283, 24.8042, 27.9088, 25.7222]",0.345958
1.0,0.338273,0.0,0.0,8.37,0.0,1962.21,4.65234,93.9885,2,"[200.0, 200.0, 200.0, 200.0, 200.0, 200.0, 200.0, 200.0, 200.0, 200.0, 200.0, 200.0, 200.0, 200.0, 200.0, 200.0, 200.0, 200.0, 200.0, 200.0, 200.0, 200.0, 200.0, 200.0, 200.0, 200.0, 200.0, 200.0, 200.0, 200.0, 200.0, 200.0, 200.0, 200.0, 200.0, 200.0]",1,2324.76,30.8583,1.71975,0.7893,0.8,"[9.9272, 11.6633, 16.1051, 73.6762, 45.3117, 30.0142, 24.2546, 19.7823, 16.4076, 13.8844, 11.989, 10.5485, 9.43836, 8.57169, 7.34412, 6.29314, 5.81441, 5.73778, 6.03855]",-0.237033,"[26.8524, 24.6498, 28.0308, 26.43]",0.349509
1.0,0.330694,0.0,0.0,8.39,0.0,1962.37,4.81421,93.9884,2,"[200.0, 200.0, 200.0, 200.0, 200.0, 200.0, 200.0, 200.0, 200.0, 200.0, 200.0, 200.0, 200.0, 200.0, 200.0, 200.0, 200.0, 200.0, 200.0, 200.0, 200.0, 200.0, 200.0, 200.0, 200.0, 200.0, 200.0, 200.0, 200.0, 200.0, 200.0, 200.0, 200.0, 200.0, 200.0, 200.0]",1,2302.11,31.0107,2.19657,0.658826,0.8,"[9.94631, 11.6488, 15.983, 74.4817, 45.98, 30.465, 24.5873, 20.013, 16.5602, 13.9814, 12.0476, 10.5807, 9.45229, 8.57265, 7.32856, 6.26371, 5.77531, 5.6886, 5.97558]",-0.243187,"[27.4693, 24.7345, 27.7104, 26.2584]",0.349554
1.0,0.321705,0.0,0.0,8.41,0.0,1962.54,4.97778,93.9883,2,"[200.0, 200.0, 200.0, 200.0, 200.0, 200.0, 200.0, 200.0, 200.0, 200.0, 200.0, 200.0, 200.0, 200.0, 200.0, 200.0, 200.0, 200.0, 200.0, 200.0, 200.0, 200.0, 200.0, 200.0, 200.0, 200.0, 200.0, 200.0, 200.0, 200.0, 200.0, 200.0, 200.0, 200.0, 200.0, 200.0]",1,2320.4,31.2168,2.48586,0.6668,0.032,"[9.9569, 11.6176, 15.8217, 75.4501, 46.8065, 31.0425, 25.0236, 20.3247, 16.7744, 14.125, 12.142, 10.6409, 9.48847, 8.59167, 7.32544, 6.24205, 5.7413, 5.64262, 5.91408]",-0.248902,"[27.9902, 25.136, 28.2514, 25.8345]",0.347041
1.0,0.315163,0.0,0.0,8.43,0.0,1962.7,5.14294,93.9882,2,"[200.0, 200.0, 200.0, 200.0, 200.0, 200.0, 200.0, 200.0, 200.0, 200.0, 200.0, 200.0, 200.0, 200.0, 200.0, 200.0, 200.0, 200.0, 200.0, 200.0, 200.0, 200.0, 200.0, 200.0, 200.0, 200.0, 200.0, 200.0, 200.0, 200.0, 200.0, 200.0, 200.0, 200.0, 200.0, 200.0]",1,2329.2,31.5505,1.86725,0.780804,0.033,"[9.97778, 11.611, 15.7315, 76.1456, 47.3922, 31.4432, 25.32, 20.5293, 16.908, 14.208, 12.1903, 10.6656, 9.49703, 8.58888, 7.30845, 6.21347, 5.70471, 5.59761, 5.85746]",-0.254638,"[27.5135, 25.6774, 27.5617, 27.087]",0.345748
1.0,0.313028,0.0,0.0,8.45,0.0,1962.87,5.30835,93.988,2,"[200.0, 200.0, 200.0, 200.0, 200.0, 200.0, 200.0, 200.0, 200.0, 200.0, 200.0, 200.0, 200.0, 200.0, 200.0, 200.0, 200.0, 200.0, 200.0, 200.0, 200.0, 200.0, 200.0, 200.0, 200.0, 200.0, 200.0, 200.0, 200.0, 200.0, 200.0, 200.0, 200.0, 200.0, 200.0, 200.0]",1,2378.23,31.8348,1.0889,0.749202,0.033,"[10.0198, 11.6509, 15.765, 76.345, 47.522, 31.4953, 25.3354, 20.5166, 16.877, 14.1666, 12.1436, 10.6168, 9.44775, 8.53994, 7.26102, 6.16791, 5.65927, 5.55005, 5.80476]",-0.260895,"[27.1429, 26.3579, 27.938, 27.6752]",0.346826
1.0,0.313613,0.0,0.0,8.47,0.0,1963.03,5.47412,93.9879,2,"[200.0, 200.0, 200.0, 200.0, 200.0, 200.0, 200.0, 200.0, 200.0, 200.0, 200.0, 200.0, 200.0, 200.0, 200.0, 200.0, 200.0, 200.0, 200.0, 200.0, 200.0, 200.0, 200.0, 200.0, 200.0, 200.0, 200.0, 200.0, 200.0, 200.0, 200.0, 200.0, 200.0, 200.0, 200.0, 200.0]",1,2434.82,32.1103,0.665479,0.539222,0.034,"[10.0759, 11.7207, 15.8758, 76.2361, 47.3653, 31.3256, 25.1712, 20.3646, 16.7402, 14.0451, 12.0357, 10.5204, 9.36091, 8.46087, 7.19344, 6.11068, 5.60727, 5.49977, 5.7532]",-0.267612,"[27.1123, 26.8355, 28.4842, 28.4552]",0.34708
1.0,0.315224,0.0,0.0,8.49,0.0,1963.2,5.64075,93.9877,2,"[200.0, 200.0, 200.0, 200.0, 200.0, 200.0, 200.0, 200.0, 200.0, 200.0, 200.0, 200.0, 200.0, 200.0, 200.0, 200.0, 200.0, 200.0, 200.0, 200.0, 200.0, 200.0, 200.0, 200.0, 200.0, 200.0, 200.0, 200.0, 200.0, 200.0, 200.0, 200.0, 200.0, 200.0, 200.0, 200.0]",1,2414.97,32.4169,0.442158,0.463663,0.035,"[10.1383, 11.8033, 16.0186, 76.0092, 47.0975, 31.0693, 24.9366, 20.1576, 16.5616, 13.8916, 11.9032, 10.4048, 9.25866, 8.36927, 7.1172, 6.04809, 5.55185, 5.44749, 5.70102]",-0.274631,"[27.3152, 27.1076, 28.534, 27.9254]",0.344294
1.0,0.316857,0.0,0.0,8.51,0.0,1963.37,5.80835,93.9876,2,"[200.0, 200.0, 200.0, 200.0, 200.0, 200.0, 200.0, 200.0, 200.0, 200.0, 200.0, 200.0, 200.0, 200.0, 200.0, 200.0, 200.0, 200.0, 200.0, 200.0, 200.0, 200.0, 200.0, 200.0, 200.0, 200.0, 200.0, 200.0, 200.0, 200.0, 200.0, 200.0, 200.0, 200.0, 200.0, 200.0]",1,2418.94,32.7024,0.316841,0.690895,0.036,"[10.2029, 11.8886, 16.1666, 75.7778, 46.8233, 30.8067, 24.6962, 19.9456, 16.3785, 13.7344, 11.7674, 10.2862, 9.15373, 8.27523, 7.03885, 5.9837, 5.49474, 5.39355, 5.64708]",-0.281875,"[27.5005, 27.5248, 28.0682, 28.5402]",0.342953
1.0,0.316519,0.0,0.0,8.53,0.0,1963.54,5.97754,93.9874,2,"[200.0, 200.0, 200.0, 200.0, 200.0, 200.0, 200.0, 200.0, 200.0, 200.0, 200.0, 200.0, 200.0, 200.0, 200.0, 200.0, 200.0, 200.0, 200.0, 200.0, 200.0, 200.0, 200.0, 200.0, 200.0, 200.0, 200.0, 200.0, 200.0, 200.0, 200.0, 200.0, 200.0, 200.0, 200.0, 200.0]",1,2456.77,32.9317,0.875771,0.917198,0.8,"[10.2592, 11.9544, 16.261, 75.7685, 46.7528, 30.698, 24.5785, 19.8273, 16.2654, 13.6292, 11.6707, 10.1974, 9.07192, 8.19937, 6.97206, 5.92525, 5.44019, 5.33947, 5.59019]",-0.289063,"[28.0954, 27.4206, 29.1426, 28.1271]",0.341146
1.0,0.312422,0.0,0.0,8.55,0.0,1963.71,6.1488,93.9873,2,"[200.0, 200.0, 200.0, 200.0, 200.0, 200.0, 200.0, 200.0, 200.0, 200.0, 200.0, 200.0, 200.0, 200.0, 200.0, 200.0, 200.0, 200.0, 200.0, 200.0, 200.0, 200.0, 200.0, 200.0, 200.0, 200.0, 200.0, 200.0, 200.0, 200.0, 200.0, 200.0, 200.0, 200.0, 200.0, 200.0]",1,2487.81,33.1128,1.48877,0.869512,0.8,"[10.2969, 11.9792, 16.2458, 76.1881, 47.0796, 30.8932, 24.7044, 19.8956, 16.2922, 13.6288, 11.6534, 10.1698, 9.03809, 8.16171, 6.93049, 5.881, 5.39324, 5.28799, 5.53076]",-0.295776,"[28.6045, 26.6786, 29.9215, 28.2983]",0.343437
1.0,0.306167,0.0,0.0,8.57,0.0,1963.88,6.3219,93.9871,2,"[200.0, 200.0, 200.0, 200.0, 200.0, 200.0, 200.0, 200.0, 200.0, 200.0, 200.0, 200.0, 200.0, 200.0, 200.0, 200.0, 200.0, 200.0, 200.0, 200.0, 200.0, 200.0, 200.0, 200.0, 200.0, 200.0, 200.0, 200.0, 200.0, 200.0, 200.0, 200.0, 200.0, 200.0, 200.0, 200.0]",1,2480.95,33.3141,1.86731,0.682092,0.8,"[10.3231, 11.9794, 16.168, 76.8558, 47.6415, 31.2719, 24.9783, 20.0778, 16.4045, 13.6925, 11.6847, 10.1797, 9.03377, 8.1477, 6.9048, 5.84612, 5.35185, 5.23926, 5.47134]",-0.302074,"[28.9954, 26.5725, 29.7106, 28.4461]",0.347518
1.0,0.298761,0.0,0.0,8.59,0.0,1964.06,6.49695,93.9869,2,"[200.0, 200.0, 200.0, 200.0, 200.0, 200.0, 200.0, 200.0, 200.0, 200.0, 200.0, 200.0, 200.0, 200.0, 200.0, 200.0, 200.0, 200.0, 200.0, 200.0, 200.0, 200.0, 200.0, 200.0, 200.0, 200.0, 200.0, 200.0, 200.0, 200.0, 200.0, 200.0, 200.0, 200.0, 200.0, 200.0]",1,2487.19,33.5336,2.20211,0.646075,0.04,"[10.3424, 11.9659, 16.0582, 77.6574, 48.3361, 31.7587, 25.3413, 20.3292, 16.569, 13.7953, 11.7456, 10.2126, 9.04754, 8.1483, 6.88913, 5.81754, 5.31466, 5.19326, 5.41337]",-0.308008,"[29.7106, 27.1169, 29.9765, 28.0718]",0.349056
1.0,0.292545,0.0,0.0,8.61,0.0,1964.23,6.67346,93.9868,2,"[200.0, 200.0, 200.0, 200.0, 200.0, 200.0, 200.0, 200.0, 200.0, 200.0, 200.0, 200.0, 200.0, 200.0, 200.0, 200.0, 200.0, 200.0, 200.0, 200.0, 200.0, 200.0, 200.0, 200.0, 200.0, 200.0, 200.0, 200.0, 200.0, 200.0, 200.0, 200.0, 200.0, 200.0, 200.0, 200.0]",1,2509.98,33.8645,1.77991,0.75154,0.04,"[10.3657, 11.9633, 15.9808, 78.3259, 48.913, 32.1597, 25.6368, 20.5298, 16.6958, 13.8702, 11.7858, 10.2297, 9.04933, 8.13965, 6.86792, 5.78658, 5.27708, 5.14854, 5.35851]",-0.313832,"[29.4565, 27.6207, 29.9587, 28.77]",0.347376
1.0,0.290767,0.0,0.0,8.63,0.0,1964.41,6.85071,93.9866,2,"[200.0, 200.0, 200.0, 200.0, 200.0, 200.0, 200.0, 200.0, 200.0, 200.0, 200.0, 200.0, 200.0, 200.0, 200.0, 200.0, 200.0, 200.0, 200.0, 200.0, 200.0, 200.0, 200.0, 200.0, 200.0, 200.0, 200.0, 200.0, 200.0, 200.0, 200.0, 200.0, 200.0, 200.0, 200.0, 200.0]",1,2623.41,34.1504,1.02503,0.717143,0.041,"[10.4092, 12.0062, 16.0225, 78.4897, 49.0134, 32.1883, 25.6312, 20.4984, 16.6487, 13.8153, 11.7282, 10.172, 8.99292, 8.08495, 6.81669, 5.73899, 5.23078, 5.10104, 5.30687]",-0.320128,"[29.0721, 28.3751, 30.2161, 30.5953]",0.345551
1.0,0.291638,0.0,0.0,8.65,0.0,1964.59,7.02856,93.9865,2,"[200.0, 200.0, 200.0, 200.0, 200.0, 200.0, 200.0, 200.0, 200.0, 200.0, 200.0, 200.0, 200.0, 200.0, 200.0, 200.0, 200.0, 200.0, 200.0, 200.0, 200.0, 200.0, 200.0, 200.0, 200.0, 200.0, 200.0, 200.0, 200.0, 200.0, 200.0, 200.0, 200.0, 200.0, 200.0, 200.0]",1,2586.67,34.487,0.650496,0.594486,0.042,"[10.4659, 12.0775, 16.1367, 78.3506, 48.8245, 31.9882, 25.4394, 20.3231, 16.4934, 13.6797, 11.6096, 10.0676, 8.89983, 8.00104, 6.74608, 5.68024, 5.17808, 5.05064, 5.25574]",-0.326862,"[29.1141, 28.8404, 30.6318, 29.8048]",0.345522
1.0,0.293122,0.0,0.0,8.67,0.0,1964.77,7.2074,93.9863,2,"[200.0, 200.0, 200.0, 200.0, 200.0, 200.0, 200.0, 200.0, 200.0, 200.0, 200.0, 200.0, 200.0, 200.0, 200.0, 200.0, 200.0, 200.0, 200.0, 200.0, 200.0, 200.0, 200.0, 200.0, 200.0, 200.0, 200.0, 200.0, 200.0, 200.0, 200.0, 200.0, 200.0, 200.0, 200.0, 200.0]",1,2604.41,34.7981,0.462016,0.554078,0.043,"[10.5272, 12.1575, 16.2712, 78.1394, 48.565, 31.7308, 25.2005, 20.1108, 16.3099, 13.5224, 11.4743, 9.94992, 8.79616, 7.90843, 6.66931, 5.61742, 5.12251, 4.99818, 5.20323]",-0.333883,"[29.3447, 29.1625, 30.6672, 30.2199]",0.345544
1.0,0.294662,0.0,0.0,8.69,0.0,1964.95,7.38757,93.9862,2,"[200.0, 200.0, 200.0, 200.0, 200.0, 200.0, 200.0, 200.0, 200.0, 200.0, 200.0, 200.0, 200.0, 200.0, 200.0, 200.0, 200.0, 200.0, 200.0, 200.0, 200.0, 200.0, 200.0, 200.0, 200.0, 200.0, 200.0, 200.0, 200.0, 200.0, 200.0, 200.0, 200.0, 200.0, 200.0, 200.0]",1,2613.35,35.113,0.375758,0.687246,0.044,"[10.5904, 12.2401, 16.411, 77.9195, 48.2954, 31.4642, 24.9534, 19.8917, 16.1208, 13.3606, 11.3352, 9.82903, 8.68967, 7.8133, 6.59046, 5.55289, 5.06541, 4.94426, 5.14926]",-0.341099,"[29.602, 29.4853, 30.819, 30.274]",0.343769
1.0,0.29439,0.0,0.0,8.71,0.0,1965.13,7.56934,93.986,2,"[200.0, 200.0, 200.0, 200.0, 200.0, 200.0, 200.0, 200.0, 200.0, 200.0, 200.0, 200.0, 200.0, 200.0, 200.0, 200.0, 200.0, 200.0, 200.0, 200.0, 200.0, 200.0, 200.0, 200.0, 200.0, 200.0, 200.0, 200.0, 200.0, 200.0, 200.0, 200.0, 200.0, 200.0, 200.0, 200.0]",1,2615.89,35.3849,0.886649,0.837215,0.8,"[10.6464, 12.3052, 16.5033, 77.9066, 48.2204, 31.348, 24.8267, 19.7641, 15.9992, 13.2484, 11.233, 9.73595, 8.60453, 7.73485, 6.52212, 5.49379, 5.01072, 4.89046, 5.09305]",-0.348263,"[30.1914, 29.1897, 30.8082, 30.3594]",0.343049
1.0,0.290895,0.0,0.0,8.73,0.0,1965.31,7.75317,93.9859,2,"[200.0, 200.0, 200.0, 200.0, 200.0, 200.0, 200.0, 200.0, 200.0, 200.0, 200.0, 200.0, 200.0, 200.0, 200.0, 200.0, 200.0, 200.0, 200.0, 200.0, 200.0, 200.0, 200.0, 200.0, 200.0, 200.0, 200.0, 200.0, 200.0, 200.0, 200.0, 200.0, 200.0, 200.0, 200.0, 200.0]",1,2647.04,35.6091,1.38728,0.782589,0.8,"[10.6868, 12.3356, 16.5049, 78.2647, 48.4988, 31.5081, 24.9223, 19.806, 16.0035, 13.2292, 11.2003, 9.69587, 8.56058, 7.68899, 6.47514, 5.44673, 4.96266, 4.83927, 5.03545]",-0.35502,"[30.4879, 28.7444, 31.5219, 30.3192]",0.346133
1.0,0.285885,0.0,0.0,8.75,0.0,1965.5,7.93872,93.9857,2,"[200.0, 200.0, 200.0, 200.0, 200.0, 200.0, 200.0, 200.0, 200.0, 200.0, 200.0, 200.0, 200.0, 200.0, 200.0, 200.0, 200.0, 200.0, 200.0, 200.0, 200.0, 200.0, 200.0, 200.0, 200.0, 200.0, 200.0, 200.0, 200.0, 200.0, 200.0, 200.0, 200.0, 200.0, 200.0, 200.0]",1,2689.44,35.8366,1.6607,0.554685,0.8,"[10.7192, 12.3489, 16.4635, 78.799, 48.9484, 31.8047, 25.1286, 19.9327, 16.0706, 13.2564, 11.2023, 9.68234, 8.53737, 7.65969, 6.43923, 5.40624, 4.91862, 4.79026, 4.9783]",-0.361473,"[30.7784, 28.6308, 32.0309, 30.8546]",0.349121
1.0,0.279017,0.0,0.0,8.77,0.0,1965.69,8.1261,93.9856,2,"[200.0, 200.0, 200.0, 200.0, 200.0, 200.0, 200.0, 200.0, 200.0, 200.0, 200.0, 200.0, 200.0, 200.0, 200.0, 200.0, 200.0, 200.0, 200.0, 200.0, 200.0, 200.0, 200.0, 200.0, 200.0, 200.0, 200.0, 200.0, 200.0, 200.0, 200.0, 200.0, 200.0, 200.0, 200.0, 200.0]",1,2685.74,36.023,2.11785,0.487535,0.8,"[10.7423, 12.3419, 16.3719, 79.5489, 49.6104, 32.2733, 25.4751, 20.167, 16.2174, 13.3423, 11.2481, 9.70202, 8.53997, 7.65085, 6.41689, 5.37375, 4.87943, 4.74387, 4.9217]",-0.367572,"[31.4796, 28.7589, 32.2151, 30.6265]",0.347477
1.0,0.269604,0.0,0.0,8.79,0.0,1965.88,8.31543,93.9854,2,"[200.0, 200.0, 200.0, 200.0, 200.0, 200.0, 200.0, 200.0, 200.0, 200.0, 200.0, 200.0, 200.0, 200.0, 200.0, 200.0, 200.0, 200.0, 200.0, 200.0, 200.0, 200.0, 200.0, 200.0, 200.0, 200.0, 200.0, 200.0, 200.0, 200.0, 200.0, 200.0, 200.0, 200.0, 200.0, 200.0]",1,2690.98,36.2305,2.59881,0.659653,0.048,"[10.7524, 12.3074, 16.2143, 80.5935, 50.5673, 32.9856, 26.0229, 20.5571, 16.4803, 13.5138, 11.3575, 9.77005, 8.58015, 7.67185, 6.41442, 5.35315, 4.84765, 4.70183, 4.86665]",-0.373108,"[32.3716, 29.1961, 32.5231, 30.401]",0.343931
1.0,0.262173,0.0,0.0,8.81,0.0,1966.07,8.50647,93.9853,2,"[200.0, 200.0, 200.0, 200.0, 200.0, 200.0, 200.0, 200.0, 200.0, 200.0, 200.0, 200.0, 200.0, 200.0, 200.0, 200.0, 200.0, 200.0, 200.0, 200.0, 200.0, 200.0, 200.0, 200.0, 200.0, 200.0, 200.0, 200.0, 200.0, 200.0, 200.0, 200.0, 200.0, 200.0, 200.0, 200.0]",1,2729.04,36.6072,2.01703,0.748203,0.049,"[10.7693, 12.2912, 16.1086, 81.4125, 51.3156, 33.5403, 26.4463, 20.8542, 16.6751, 13.6355, 11.4304, 9.81079, 8.59962, 7.67694, 6.40233, 5.32816, 4.81464, 4.66105, 4.81555]",-0.378527,"[31.9225, 29.7854, 32.6216, 31.1459]",0.343861
1.0,0.259469,0.0,0.0,8.83,0.0,1966.26,8.69836,93.9851,2,"[200.0, 200.0, 200.0, 200.0, 200.0, 200.0, 200.0, 200.0, 200.0, 200.0, 200.0, 200.0, 200.0, 200.0, 200.0, 200.0, 200.0, 200.0, 200.0, 200.0, 200.0, 200.0, 200.0, 200.0, 200.0, 200.0, 200.0, 200.0, 200.0, 200.0, 200.0, 200.0, 200.0, 200.0, 200.0, 200.0]",1,2851.0,36.9237,1.28205,0.571512,0.05,"[10.8064, 12.3214, 16.1219, 81.6899, 51.5358, 33.6693, 26.5221, 20.8836, 16.6714, 13.6115, 11.3952, 9.77004, 8.55639, 7.63291, 6.35865, 5.28578, 4.77238, 4.6169, 4.76679]",-0.384416,"[31.5508, 30.5083, 33.5101, 32.8462]",0.346899
1.0,0.259792,0.0,0.0,8.85,0.0,1966.45,8.89111,93.985,2,"[200.0, 200.0, 200.0, 200.0, 200.0, 200.0, 200.0, 200.0, 200.0, 200.0, 200.0, 200.0, 200.0, 200.0, 200.0, 200.0, 200.0, 200.0, 200.0, 200.0, 200.0, 200.0, 200.0, 200.0, 200.0, 200.0, 200.0, 200.0, 200.0, 200.0, 200.0, 200.0, 200.0, 200.0, 200.0, 200.0]",1,2826.26,37.2905,0.833237,0.409941,0.051,"[10.8572, 12.3823, 16.2117, 81.6192, 51.4126, 33.5176, 26.3668, 20.7342, 16.5346, 13.4895, 11.2873, 9.67437, 8.47078, 7.55548, 6.29323, 5.23103, 4.72301, 4.5694, 4.71825]",-0.390747,"[31.5494, 31.098, 33.2264, 33.1491]",0.347906
1.0,0.261118,0.0,0.0,8.87,0.0,1966.65,9.08521,93.9848,2,"[200.0, 200.0, 200.0, 200.0, 200.0, 200.0, 200.0, 200.0, 200.0, 200.0, 200.0, 200.0, 200.0, 200.0, 200.0, 200.0, 200.0, 200.0, 200.0, 200.0, 200.0, 200.0, 200.0, 200.0, 200.0, 200.0, 200.0, 200.0, 200.0, 200.0, 200.0, 200.0, 200.0, 200.0, 200.0, 200.0]",1,2789.0,37.6565,0.568234,0.492462,0.051,"[10.9141, 12.4553, 16.3299, 81.4317, 51.172, 33.2681, 26.1301, 20.5211, 16.3498, 13.3319, 11.1526, 9.55801, 8.3689, 7.46495, 6.2188, 5.17063, 4.66985, 4.51936, 4.66824]",-0.397418,"[31.7978, 31.4608, 32.794, 32.4254]",0.345929
1.0,0.262475,0.0,0.0,8.89,0.0,1966.84,9.28052,93.9847,2,"[200.0, 200.0, 200.0, 200.0, 200.0, 200.0, 200.0, 200.0, 200.0, 200.0, 200.0, 200.0, 200.0, 200.0, 200.0, 200.0, 200.0, 200.0, 200.0, 200.0, 200.0, 200.0, 200.0, 200.0, 200.0, 200.0, 200.0, 200.0, 200.0, 200.0, 200.0, 200.0, 200.0, 200.0, 200.0, 200.0]",1,2814.59,37.9909,0.455749,0.595766,0.052,"[10.9731, 12.531, 16.4527, 81.2387, 50.9238, 33.0104, 25.8857, 20.3013, 16.1594, 13.1694, 11.0137, 9.43808, 8.26388, 7.37162, 6.14203, 5.10826, 4.61488, 4.46761, 4.61646]",-0.404319,"[32.0745, 31.7143, 33.0652, 32.7554]",0.345246
1.0,0.263839,0.0,0.0,8.91,0.0,1967.04,9.47729,93.9845,2,"[200.0, 200.0, 200.0, 200.0, 200.0, 200.0, 200.0, 200.0, 200.0, 200.0, 200.0, 200.0, 200.0, 200.0, 200.0, 200.0, 200.0, 200.0, 200.0, 200.0, 200.0, 200.0, 200.0, 200.0, 200.0, 200.0, 200.0, 200.0, 200.0, 200.0, 200.0, 200.0, 200.0, 200.0, 200.0, 200.0]",1,2854.79,38.3244,0.418716,0.541205,0.053,"[11.0333, 12.6083, 16.5785, 81.0432, 50.6716, 32.7481, 25.637, 20.0777, 15.9657, 13.0041, 10.8725, 9.31616, 8.15707, 7.27667, 6.06387, 5.04471, 4.55885, 4.41476, 4.56352]",-0.411367,"[32.3656, 31.9877, 33.3971, 33.3577]",0.346306
1.0,0.265203,0.0,0.0,8.93,0.0,1967.24,9.67566,93.9844,2,"[200.0, 200.0, 200.0, 200.0, 200.0, 200.0, 200.0, 200.0, 200.0, 200.0, 200.0, 200.0, 200.0, 200.0, 200.0, 200.0, 200.0, 200.0, 200.0, 200.0, 200.0, 200.0, 200.0, 200.0, 200.0, 200.0, 200.0, 200.0, 200.0, 200.0, 200.0, 200.0, 200.0, 200.0, 200.0, 200.0]",1,2877.53,38.6682,0.407256,0.571801,0.054,"[11.0946, 12.6869, 16.7067, 80.8464, 50.4167, 32.4824, 25.385, 19.8512, 15.7696, 12.8369, 10.7297, 9.19274, 8.04892, 7.18051, 5.98466, 4.98022, 4.50191, 4.36102, 4.50964]",-0.418534,"[32.6575, 32.2563, 33.5012, 33.8636]",0.344741
1.0,0.26497,0.0,0.0,8.95,0.0,1967.44,9.87573,93.9842,2,"[200.0, 200.0, 200.0, 200.0, 200.0, 200.0, 200.0, 200.0, 200.0, 200.0, 200.0, 200.0, 200.0, 200.0, 200.0, 200.0, 200.0, 200.0, 200.0, 200.0, 200.0, 200.0, 200.0, 200.0, 200.0, 200.0, 200.0, 200.0, 200.0, 200.0, 200.0, 200.0, 200.0, 200.0, 200.0, 200.0]",1,2892.05,38.9692,0.930137,0.719622,0.8,"[11.1496, 12.7502, 16.7947, 80.8338, 50.3416, 32.3606, 25.2493, 19.7128, 15.6377, 12.7161, 10.6206, 9.09445, 7.95984, 7.0991, 5.91471, 4.9206, 4.44734, 4.3078, 4.45446]",-0.42563,"[33.1964, 32.0606, 34.3305, 33.3604]",0.341142
1.0,0.260562,0.0,0.0,8.97,0.0,1967.64,10.078,93.984,2,"[200.0, 200.0, 200.0, 200.0, 200.0, 200.0, 200.0, 200.0, 200.0, 200.0, 200.0, 200.0, 200.0, 200.0, 200.0, 200.0, 200.0, 200.0, 200.0, 200.0, 200.0, 200.0, 200.0, 200.0, 200.0, 200.0, 200.0, 200.0, 200.0, 200.0, 200.0, 200.0, 200.0, 200.0, 200.0, 200.0]",1,2932.48,39.1748,1.63692,0.810651,0.8,"[11.1856, 12.7701, 16.7716, 81.3069, 50.7457, 32.6271, 25.4289, 19.814, 15.6809, 12.722, 10.6045, 9.06581, 7.92418, 7.05953, 5.87181, 4.8762, 4.40136, 4.25842, 4.39861]",-0.432211,"[33.6988, 31.4878, 35.0186, 33.4997]",0.341888
1.0,0.25235,0.0,0.0,8.99,0.0,1967.84,10.2821,93.9839,2,"[200.0, 200.0, 200.0, 200.0, 200.0, 200.0, 200.0, 200.0, 200.0, 200.0, 200.0, 200.0, 200.0, 200.0, 200.0, 200.0, 200.0, 200.0, 200.0, 200.0, 200.0, 200.0, 200.0, 200.0, 200.0, 200.0, 200.0, 200.0, 200.0, 200.0, 200.0, 200.0, 200.0, 200.0, 200.0, 200.0]",1,3072.18,39.3072,2.14909,0.690605,0.8,"[11.2042, 12.7505, 16.65, 82.223, 51.5942, 33.2604, 25.9096, 20.1453, 15.892, 12.8492, 10.677, 9.10334, 7.9392, 7.05968, 5.85469, 4.84658, 4.36405, 4.21349, 4.34328]",-0.438225,"[34.474, 31.2941, 36.0388, 35.4572]",0.347148
1.0,0.24106,0.0,0.0,9.01,0.0,1968.05,10.4878,93.9836,2,"[200.0, 200.0, 200.0, 200.0, 200.0, 200.0, 200.0, 200.0, 200.0, 200.0, 200.0, 200.0, 200.0, 200.0, 200.0, 200.0, 200.0, 200.0, 200.0, 200.0, 200.0, 200.0, 200.0, 200.0, 200.0, 200.0, 200.0, 200.0, 200.0, 200.0, 200.0, 200.0, 200.0, 200.0, 200.0, 200.0]",1,3193.07,39.57,2.26696,0.450126,0.058,"[11.2097, 12.7009, 16.4562, 83.496, 52.8103, 34.2082, 26.6531, 20.68, 16.2523, 13.0833, 10.8269, 9.19816, 7.99766, 7.09362, 5.85931, 4.82939, 4.33419, 4.17261, 4.28902]",-0.443765,"[35.4156, 31.6766, 36.6252, 37.8801]",0.349771
1.0,0.231361,0.0,0.0,9.03,0.0,1968.26,10.6959,93.9834,2,"[200.0, 200.0, 200.0, 200.0, 200.0, 200.0, 200.0, 200.0, 200.0, 200.0, 200.0, 200.0, 200.0, 200.0, 200.0, 200.0, 200.0, 200.0, 200.0, 200.0, 200.0, 200.0, 200.0, 200.0, 200.0, 200.0, 200.0, 200.0, 200.0, 200.0, 200.0, 200.0, 200.0, 200.0, 200.0, 200.0]",1,2963.01,40.0918,1.93876,0.373405,0.058,"[11.2206, 12.6662, 16.3057, 34.9252, 53.8564, 35.0303, 27.3006, 21.1453, 16.5629, 13.2819, 10.9508, 9.27365, 8.04156, 7.11646, 5.85738, 4.80944, 4.30387, 4.13312, 4.23813]",-0.44916,"[35.1706, 32.29, 35.4248, 34.0397]",0.347031
1.0,0.227411,0.0,0.0,9.05,0.0,1968.47,10.9058,93.9832,2,"[200.0, 200.0, 200.0, 200.0, 200.0, 200.0, 200.0, 200.0, 200.0, 200.0, 200.0, 200.0, 200.0, 200.0, 200.0, 200.0, 200.0, 200.0, 200.0, 200.0, 200.0, 200.0, 200.0, 200.0, 200.0, 200.0, 200.0, 200.0, 200.0, 200.0, 200.0, 200.0, 200.0, 200.0, 200.0, 200.0]",1,3004.87,40.4705,1.27718,0.465204,0.06,"[11.2522, 12.6835, 16.2888, 33.5697, 54.2396, 35.3028, 27.4954, 21.2636, 16.6206, 13.2993, 10.9439, 9.25295, 8.01313, 7.08373, 5.821, 4.77155, 4.26472, 4.09129, 4.19115]",-0.454799,"[34.6559, 33.3692, 35.7114, 34.5657]",0.344552
1.0,0.227304,0.0,0.0,9.07,0.0,1968.68,11.1168,93.983,2,"[200.0, 200.0, 200.0, 200.0, 200.0, 200.0, 200.0, 200.0, 200.0, 200.0, 200.0, 200.0, 200.0, 200.0, 200.0, 200.0, 200.0, 200.0, 200.0, 200.0, 200.0, 200.0, 200.0, 200.0, 200.0, 200.0, 200.0, 200.0, 200.0, 200.0, 200.0, 200.0, 200.0, 200.0, 200.0, 200.0]",1,3073.11,40.8307,0.807349,0.487501,0.061,"[11.2991, 12.737, 16.3615, 34.0222, 54.1718, 35.1935, 27.3712, 21.1347, 16.4966, 13.1857, 10.8422, 9.16212, 7.93159, 7.00988, 5.75849, 4.71918, 4.21741, 4.0457, 4.1444]",-0.460877,"[34.5954, 33.9845, 35.9797, 35.8324]",0.345365
1.0,0.228316,0.0,0.0,9.09,0.0,1968.89,11.3292,93.9828,2,"[200.0, 200.0, 200.0, 200.0, 200.0, 200.0, 200.0, 200.0, 200.0, 200.0, 200.0, 200.0, 200.0, 200.0, 200.0, 200.0, 200.0, 200.0, 200.0, 200.0, 200.0, 200.0, 200.0, 200.0, 200.0, 200.0, 200.0, 200.0, 200.0, 200.0, 200.0, 200.0, 200.0, 200.0, 200.0, 200.0]",1,3101.97,41.2059,0.627435,0.416111,0.062,"[11.3517, 12.8026, 16.4626, 35.1408, 53.9696, 34.9685, 27.1496, 20.9293, 16.3159, 13.0309, 10.7102, 9.04858, 7.83262, 6.92224, 5.68683, 4.66128, 4.16653, 3.99782, 4.09645]",-0.467241,"[34.8618, 34.3428, 36.1088, 36.4701]",0.345709
1.0,0.229433,0.0,0.0,9.11,0.0,1969.1,11.5433,93.9826,2,"[200.0, 200.0, 200.0, 200.0, 200.0, 200.0, 200.0, 200.0, 200.0, 200.0, 200.0, 200.0, 200.0, 200.0, 200.0, 200.0, 200.0, 200.0, 200.0, 200.0, 200.0, 200.0, 200.0, 200.0, 200.0, 200.0, 200.0, 200.0, 200.0, 200.0, 200.0, 200.0, 200.0, 200.0, 200.0, 200.0]",1,3101.59,41.5915,0.535975,0.494369,0.062,"[11.4062, 12.8709, 16.5688, 37.0169, 53.7518, 34.7283, 26.9144, 20.7127, 16.1263, 12.8692, 10.5727, 8.93061, 7.72991, 6.83147, 5.61275, 4.60154, 4.1141, 3.94852, 4.04715]",-0.473793,"[35.1775, 34.6861, 36.3221, 36.2515]",0.344567
1.0,0.230675,0.0,0.0,9.13,0.0,1969.32,11.7589,93.9823,2,"[200.0, 200.0, 200.0, 200.0, 200.0, 200.0, 200.0, 200.0, 200.0, 200.0, 200.0, 200.0, 200.0, 200.0, 200.0, 200.0, 200.0, 200.0, 200.0, 200.0, 200.0, 200.0, 200.0, 200.0, 200.0, 200.0, 200.0, 200.0, 200.0, 200.0, 200.0, 200.0, 200.0, 200.0, 200.0, 200.0]",1,3143.05,41.9605,0.503171,0.607631,0.063,"[11.4622, 12.9418, 16.6801, 84.5153, 53.5166, 34.4721, 26.665, 20.4845, 15.9279, 12.7008, 10.4302, 8.80869, 7.624, 6.73799, 5.53666, 4.54031, 4.06046, 3.89816, 3.99685]",-0.480484,"[35.4661, 35.0132, 36.7724, 36.7396]",0.343088
1.0,0.231986,0.0,0.0,9.15,0.0,1969.54,11.9763,93.9821,2,"[200.0, 200.0, 200.0, 200.0, 200.0, 200.0, 200.0, 200.0, 200.0, 200.0, 200.0, 200.0, 200.0, 200.0, 200.0, 200.0, 200.0, 200.0, 200.0, 200.0, 200.0, 200.0, 200.0, 200.0, 200.0, 200.0, 200.0, 200.0, 200.0, 200.0, 200.0, 200.0, 200.0, 200.0, 200.0, 200.0]",1,3174.58,42.3395,0.488245,0.530292,0.063,"[11.5194, 13.0144, 16.7952, 84.3309, 53.2707, 34.2056, 26.4065, 20.249, 15.7238, 12.5282, 10.2843, 8.68411, 7.51593, 6.64268, 5.45913, 4.47797, 4.00588, 3.84694, 3.9457]",-0.487291,"[35.7657, 35.3207, 37.0965, 37.1168]",0.34534
1.0,0.233194,0.0,0.0,9.17,0.0,1969.76,12.1954,93.9819,2,"[200.0, 200.0, 200.0, 200.0, 200.0, 200.0, 200.0, 200.0, 200.0, 200.0, 200.0, 200.0, 200.0, 200.0, 200.0, 200.0, 200.0, 200.0, 200.0, 200.0, 200.0, 200.0, 200.0, 200.0, 200.0, 200.0, 200.0, 200.0, 200.0, 200.0, 200.0, 200.0, 200.0, 200.0, 200.0, 200.0]",1,3210.69,42.718,0.474979,0.427074,0.064,"[11.5772, 13.0874, 16.91, 84.1572, 53.0343, 33.9455, 26.1526, 20.0164, 15.5214, 12.3565, 10.1388, 8.55953, 7.40762, 6.54698, 5.38105, 4.41498, 3.95055, 3.79487, 3.89355]",-0.494215,"[36.119, 35.629, 37.1533, 37.8909]",0.348019
1.0,0.234312,0.0,0.0,9.19,0.0,1969.98,12.4164,93.9816,2,"[200.0, 200.0, 200.0, 200.0, 200.0, 200.0, 200.0, 200.0, 200.0, 200.0, 200.0, 200.0, 200.0, 200.0, 200.0, 200.0, 200.0, 200.0, 200.0, 200.0, 200.0, 200.0, 200.0, 200.0, 200.0, 200.0, 200.0, 200.0, 200.0, 200.0, 200.0, 200.0, 200.0, 200.0, 200.0, 200.0]",1,3212.37,43.1125,0.479535,0.493386,0.065,"[11.6357, 13.1606, 17.0246, 83.9928, 52.806, 33.6909, 25.9025, 19.7862, 15.3204, 12.1854, 9.9936, 8.43495, 7.29909, 6.45095, 5.3025, 4.35139, 3.89456, 3.74203, 3.84051]",-0.501241,"[36.4842, 35.9659, 37.9763, 37.1287]",0.345154
1.0,0.233697,0.0,0.0,9.21,0.0,1970.2,12.6393,93.9814,2,"[200.0, 200.0, 200.0, 200.0, 200.0, 200.0, 200.0, 200.0, 200.0, 200.0, 200.0, 200.0, 200.0, 200.0, 200.0, 200.0, 200.0, 200.0, 200.0, 200.0, 200.0, 200.0, 200.0, 200.0, 200.0, 200.0, 200.0, 200.0, 200.0, 200.0, 200.0, 200.0, 200.0, 200.0, 200.0, 200.0]",1,3223.6,43.4465,1.06223,0.72255,0.8,"[11.6875, 13.2175, 17.0972, 84.0304, 52.7823, 33.6071, 25.7925, 19.662, 15.1953, 12.0678, 9.88642, 8.33808, 7.21133, 6.37082, 5.23385, 4.29309, 3.84132, 3.6902, 3.78679]",-0.508158,"[37.0172, 35.673, 37.8627, 37.9097]",0.341396
1.0,0.228977,0.0,0.0,9.23,0.0,1970.42,12.8644,93.9812,2,"[200.0, 200.0, 200.0, 200.0, 200.0, 200.0, 200.0, 200.0, 200.0, 200.0, 200.0, 200.0, 200.0, 200.0, 200.0, 200.0, 200.0, 200.0, 200.0, 200.0, 200.0, 200.0, 200.0, 200.0, 200.0, 200.0, 200.0, 200.0, 200.0, 200.0, 200.0, 200.0, 200.0, 200.0, 200.0, 200.0]",1,3318.55,43.6941,1.62562,0.712468,0.8,"[11.7219, 13.2331, 17.0665, 84.549, 53.2512, 33.9389, 26.0255, 19.7983, 15.2571, 12.0821, 9.87342, 8.31024, 7.1756, 6.33098, 5.19086, 4.24923, 3.79646, 3.64259, 3.73354]",-0.51457,"[37.4711, 35.1779, 39.2821, 38.1436]",0.344035
1.0,0.22139,0.0,0.0,9.25,0.0,1970.65,13.0912,93.981,2,"[200.0, 200.0, 200.0, 200.0, 200.0, 200.0, 200.0, 200.0, 200.0, 200.0, 200.0, 200.0, 200.0, 200.0, 200.0, 200.0, 200.0, 200.0, 200.0, 200.0, 200.0, 200.0, 200.0, 200.0, 200.0, 200.0, 200.0, 200.0, 200.0, 200.0, 200.0, 200.0, 200.0, 200.0, 200.0, 200.0]",1,3531.15,43.9143,1.83991,0.438599,0.8,"[11.7441, 13.2202, 16.9659, 37.1689, 54.0698, 34.5728, 26.5109, 20.1278, 15.4574, 12.1934, 9.92933, 8.33264, 7.1776, 6.32024, 5.16647, 4.21598, 3.75802, 3.59858, 3.68141]",-0.520563,"[38.0148, 34.9777, 39.9567, 42.3304]",0.347834
1.0,0.211693,0.0,0.0,9.27,0.0,1970.88,13.3201,93.9807,2,"[200.0, 200.0, 200.0, 200.0, 200.0, 200.0, 200.0, 200.0, 200.0, 200.0, 200.0, 200.0, 200.0, 200.0, 200.0, 200.0, 200.0, 200.0, 200.0, 200.0, 200.0, 200.0, 200.0, 200.0, 200.0, 200.0, 200.0, 200.0, 200.0, 200.0, 200.0, 200.0, 200.0, 200.0, 200.0, 200.0]",1,3356.47,44.3188,2.03385,0.323938,0.069,"[11.7578, 13.1872, 16.8182, 33.1284, 55.1512, 35.4425, 27.1983, 20.6147, 15.7712, 12.384, 10.0408, 8.39511, 7.20942, 6.33243, 5.15665, 4.19114, 3.72479, 3.55776, 3.63081]",-0.526199,"[39.0765, 35.6736, 39.7662, 39.0224]",0.347283
1.0,0.203358,0.0,0.0,9.29,0.0,1971.11,13.5514,93.9805,2,"[200.0, 200.0, 200.0, 200.0, 200.0, 200.0, 200.0, 200.0, 200.0, 200.0, 200.0, 200.0, 200.0, 200.0, 200.0, 200.0, 200.0, 200.0, 200.0, 200.0, 200.0, 200.0, 200.0, 200.0, 200.0, 200.0, 200.0, 200.0, 200.0, 200.0, 200.0, 200.0, 200.0, 200.0, 200.0, 200.0]",1,3345.6,44.7608,1.78227,0.328544,0.07,"[11.7747, 13.1652, 16.7028, 31.3664, 56.0803, 36.1944, 27.7948, 21.0369, 16.0407, 12.544, 10.1311, 8.44253, 7.23048, 6.3368, 5.14276, 4.16518, 3.69218, 3.51892, 3.58365]",-0.531576,"[38.9893, 36.415, 39.9034, 38.3098]",0.346072
1.0,0.200146,0.0,0.0,9.31,0.0,1971.34,13.7845,93.9803,2,"[200.0, 200.0, 200.0, 200.0, 200.0, 200.0, 200.0, 200.0, 200.0, 200.0, 200.0, 200.0, 200.0, 200.0, 200.0, 200.0, 200.0, 200.0, 200.0, 200.0, 200.0, 200.0, 200.0, 200.0, 200.0, 200.0, 200.0, 200.0, 200.0, 200.0, 200.0, 200.0, 200.0, 200.0, 200.0, 200.0]",1,3393.33,45.1787,1.15693,0.315926,0.071,"[11.809, 13.1885, 16.702, 30.9739, 56.3943, 36.4157, 27.9463, 21.1171, 16.0643, 12.5323, 10.1006, 8.40317, 7.18737, 6.29254, 5.09911, 4.12364, 3.6515, 3.47716, 3.53828]",-0.537221,"[38.605, 37.3333, 39.7518, 39.5496]",0.346519
1.0,0.19995,0.0,0.0,9.33,0.0,1971.58,14.0193,93.98,2,"[200.0, 200.0, 200.0, 200.0, 200.0, 200.0, 200.0, 200.0, 200.0, 200.0, 200.0, 200.0, 200.0, 200.0, 200.0, 200.0, 200.0, 200.0, 200.0, 200.0, 200.0, 200.0, 200.0, 200.0, 200.0, 200.0, 200.0, 200.0, 200.0, 200.0, 200.0, 200.0, 200.0, 200.0, 200.0, 200.0]",1,3410.13,45.5973,0.80342,0.396757,0.072,"[11.8547, 13.2396, 16.7693, 31.1959, 56.341, 36.3145, 27.824, 20.984, 15.9335, 12.4121, 9.99354, 8.30845, 7.10308, 6.21675, 5.03572, 4.07117, 3.6045, 3.4321, 3.4923]",-0.543223,"[38.6732, 37.9284, 40.0929, 39.6782]",0.345151
1.0,0.200763,0.0,0.0,9.35,0.0,1971.82,14.2557,93.9798,2,"[200.0, 200.0, 200.0, 200.0, 200.0, 200.0, 200.0, 200.0, 200.0, 200.0, 200.0, 200.0, 200.0, 200.0, 200.0, 200.0, 200.0, 200.0, 200.0, 200.0, 200.0, 200.0, 200.0, 200.0, 200.0, 200.0, 200.0, 200.0, 200.0, 200.0, 200.0, 200.0, 200.0, 200.0, 200.0, 200.0]",1,3449.59,46.0021,0.663273,0.524614,0.072,"[11.9052, 13.3012, 16.861, 31.6412, 56.1622, 36.1014, 27.6058, 20.7756, 15.7476, 12.2529, 9.85871, 8.19335, 7.00342, 6.12903, 4.96455, 4.01404, 3.55445, 3.38505, 3.44517]",-0.549464,"[38.9346, 38.3335, 40.4528, 40.1957]",0.343575
1.0,0.201929,0.0,0.0,9.37,0.0,1972.05,14.4939,93.9796,2,"[200.0, 200.0, 200.0, 200.0, 200.0, 200.0, 200.0, 200.0, 200.0, 200.0, 200.0, 200.0, 200.0, 200.0, 200.0, 200.0, 200.0, 200.0, 200.0, 200.0, 200.0, 200.0, 200.0, 200.0, 200.0, 200.0, 200.0, 200.0, 200.0, 200.0, 200.0, 200.0, 200.0, 200.0, 200.0, 200.0]",1,3552.54,46.3874,0.614287,0.390067,0.073,"[11.9579, 13.3672, 16.9625, 32.2, 55.938, 35.8469, 27.3516, 20.5386, 15.5407, 12.0788, 9.71308, 8.07029, 6.89762, 6.03644, 4.89007, 3.95477, 3.50286, 3.33682, 3.39713]",-0.555853,"[39.2037, 38.6805, 41.7539, 41.2139]",0.346622
1.0,0.202967,0.0,0.0,9.39,0.0,1972.29,14.7339,93.9794,2,"[200.0, 200.0, 200.0, 200.0, 200.0, 200.0, 200.0, 200.0, 200.0, 200.0, 200.0, 200.0, 200.0, 200.0, 200.0, 200.0, 200.0, 200.0, 200.0, 200.0, 200.0, 200.0, 200.0, 200.0, 200.0, 200.0, 200.0, 200.0, 200.0, 200.0, 200.0, 200.0, 200.0, 200.0, 200.0, 200.0]",1,3546.18,46.8229,0.579655,0.158151,0.074,"[12.0112, 13.4333, 17.0632, 32.7792, 55.7269, 35.6021, 27.1045, 20.3062, 15.3364, 11.906, 9.56803, 7.94729, 6.7916, 5.94343, 4.81497, 3.89475, 3.45044, 3.28767, 3.34801]",-0.562371,"[39.6471, 38.9703, 41.2516, 41.8033]",0.348557
1.0,0.203764,0.0,0.0,9.41,0.0,1972.54,14.976,93.9791,2,"[200.0, 200.0, 200.0, 200.0, 200.0, 200.0, 200.0, 200.0, 200.0, 200.0, 200.0, 200.0, 200.0, 200.0, 200.0, 200.0, 200.0, 200.0, 200.0, 200.0, 200.0, 200.0, 200.0, 200.0, 200.0, 200.0, 200.0, 200.0, 200.0, 200.0, 200.0, 200.0, 200.0, 200.0, 200.0, 200.0]",1,3515.81,47.2653,0.571375,0.323249,0.075,"[12.0648, 13.4986, 17.1604, 33.3497, 55.5425, 35.3789, 26.8745, 20.0861, 15.1403, 11.7383, 9.42615, 7.82622, 6.68673, 5.85106, 4.73994, 3.83436, 3.39742, 3.23772, 3.29784]",-0.569001,"[40.0507, 39.3339, 41.3788, 40.7452]",0.343822
1.0,0.204818,0.0,0.0,9.43,0.0,1972.78,15.22,93.9789,2,"[200.0, 200.0, 200.0, 200.0, 200.0, 200.0, 200.0, 200.0, 200.0, 200.0, 200.0, 200.0, 200.0, 200.0, 200.0, 200.0, 200.0, 200.0, 200.0, 200.0, 200.0, 200.0, 200.0, 200.0, 200.0, 200.0, 200.0, 200.0, 200.0, 200.0, 200.0, 200.0, 200.0, 200.0, 200.0, 200.0]",1,3562.8,47.6725,0.580151,0.509677,0.076,"[12.1199, 13.567, 17.2649, 34.0585, 55.3247, 35.1251, 26.6181, 19.8453, 14.9292, 11.5602, 9.27687, 7.69978, 6.57776, 5.75549, 4.66273, 3.77258, 3.34342, 3.18703, 3.24712]",-0.575725,"[40.345, 39.7409, 42.0255, 41.1987]",0.340707
1.0,0.204237,0.0,0.0,9.45,0.0,1973.03,15.4659,93.9786,2,"[200.0, 200.0, 200.0, 200.0, 200.0, 200.0, 200.0, 200.0, 200.0, 200.0, 200.0, 200.0, 200.0, 200.0, 200.0, 200.0, 200.0, 200.0, 200.0, 200.0, 200.0, 200.0, 200.0, 200.0, 200.0, 200.0, 200.0, 200.0, 200.0, 200.0, 200.0, 200.0, 200.0, 200.0, 200.0, 200.0]",1,3674.35,48.0102,1.07394,0.525347,0.8,"[12.1694, 13.6206, 17.3319, 34.2897, 55.3069, 35.0452, 26.507, 19.7146, 14.7955, 11.4349, 9.1641, 7.59921, 6.48779, 5.6742, 4.59423, 3.7154, 3.29184, 3.13726, 3.19598]",-0.582364,"[40.8627, 39.4459, 42.872, 42.9236]",0.344375
1.0,0.199014,0.0,0.0,9.47,0.0,1973.27,15.714,93.9783,2,"[200.0, 200.0, 200.0, 200.0, 200.0, 200.0, 200.0, 200.0, 200.0, 200.0, 200.0, 200.0, 200.0, 200.0, 200.0, 200.0, 200.0, 200.0, 200.0, 200.0, 200.0, 200.0, 200.0, 200.0, 200.0, 200.0, 200.0, 200.0, 200.0, 200.0, 200.0, 200.0, 200.0, 200.0, 200.0, 200.0]",1,3808.33,48.2974,1.49171,0.395116,0.8,"[12.2017, 13.6306, 17.2902, 33.1467, 55.8638, 35.4697, 26.8202, 19.9073, 14.8892, 11.4648, 9.15836, 7.57482, 6.4538, 5.6354, 4.55202, 3.67257, 3.2484, 3.09155, 3.1453]",-0.588572,"[41.3368, 38.848, 43.6532, 45.1319]",0.34675
1.0,0.191431,0.0,0.0,9.49,0.0,1973.52,15.9644,93.978,2,"[200.0, 200.0, 200.0, 200.0, 200.0, 200.0, 200.0, 200.0, 200.0, 200.0, 200.0, 200.0, 200.0, 200.0, 200.0, 200.0, 200.0, 200.0, 200.0, 200.0, 200.0, 200.0, 200.0, 200.0, 200.0, 200.0, 200.0, 200.0, 200.0, 200.0, 200.0, 200.0, 200.0, 200.0, 200.0, 200.0]",1,3649.34,48.7013,1.77686,0.337677,0.8,"[12.2243, 13.6177, 17.1938, 31.7275, 56.7199, 36.1656, 27.367, 20.2811, 15.1112, 11.5823, 9.21291, 7.59329, 6.45149, 5.62081, 4.52519, 3.6387, 3.21068, 3.0495, 3.09657]",-0.594367,"[41.8277, 38.7049, 43.5537, 41.9102]",0.345232
1.0,0.183302,0.0,0.0,9.51,0.0,1973.78,16.217,93.9777,2,"[200.0, 200.0, 200.0, 200.0, 200.0, 200.0, 200.0, 200.0, 200.0, 200.0, 200.0, 200.0, 200.0, 200.0, 200.0, 200.0, 200.0, 200.0, 200.0, 200.0, 200.0, 200.0, 200.0, 200.0, 200.0, 200.0, 200.0, 200.0, 200.0, 200.0, 200.0, 200.0, 200.0, 200.0, 200.0, 200.0]",1,3695.11,49.0198,2.04762,0.287179,0.079,"[12.2429, 13.5975, 17.0844, 30.5005, 57.6539, 36.9429, 27.9905, 20.7197, 15.3815, 11.7333, 9.29092, 7.62885, 6.4622, 5.61659, 4.50561, 3.60988, 3.17698, 3.01096, 3.05117]",-0.599726,"[42.7384, 39.7062, 43.9554, 42.408]",0.345453
1.0,0.175298,0.0,0.0,9.53,0.0,1974.03,16.4717,93.9774,2,"[200.0, 200.0, 200.0, 200.0, 200.0, 200.0, 200.0, 200.0, 200.0, 200.0, 200.0, 200.0, 200.0, 200.0, 200.0, 200.0, 200.0, 200.0, 200.0, 200.0, 200.0, 200.0, 200.0, 200.0, 200.0, 200.0, 200.0, 200.0, 200.0, 200.0, 200.0, 200.0, 200.0, 200.0, 200.0, 200.0]",1,3768.55,49.4479,1.77535,0.26719,0.08,"[12.2605, 13.5772, 16.9783, 29.4955, 58.5804, 37.7251, 28.6258, 21.1729, 15.6645, 11.8933, 9.37528, 7.66904, 6.47658, 5.61546, 4.48855, 3.58327, 3.14545, 2.97472, 3.00834]",-0.604797,"[42.9873, 40.269, 44.048, 44.0457]",0.346456
1.0,0.171869,0.0,0.0,9.55,0.0,1974.29,16.7284,93.9771,2,"[200.0, 200.0, 200.0, 200.0, 200.0, 200.0, 200.0, 200.0, 200.0, 200.0, 200.0, 200.0, 200.0, 200.0, 200.0, 200.0, 200.0, 200.0, 200.0, 200.0, 200.0, 200.0, 200.0, 200.0, 200.0, 200.0, 200.0, 200.0, 200.0, 200.0, 200.0, 200.0, 200.0, 200.0, 200.0, 200.0]",1,3756.17,49.9315,1.13025,0.325304,0.081,"[12.2925, 13.5963, 16.9703, 29.2111, 58.94, 37.9992, 28.8257, 21.2883, 15.7076, 11.8903, 9.34825, 7.63112, 6.43433, 5.57198, 4.446, 3.54332, 3.10676, 2.93536, 2.96598]",-0.610141,"[42.6335, 41.2634, 44.3538, 43.4713]",0.34574
1.0,0.171675,0.0,0.0,9.57,0.0,1974.55,16.9869,93.9768,2,"[200.0, 200.0, 200.0, 200.0, 200.0, 200.0, 200.0, 200.0, 200.0, 200.0, 200.0, 200.0, 200.0, 200.0, 200.0, 200.0, 200.0, 200.0, 200.0, 200.0, 200.0, 200.0, 200.0, 200.0, 200.0, 200.0, 200.0, 200.0, 200.0, 200.0, 200.0, 200.0, 200.0, 200.0, 200.0, 200.0]",1,3928.28,50.3272,0.844475,0.272629,0.081,"[12.3354, 13.6436, 17.0313, 29.365, 58.8947, 37.9047, 28.7059, 21.1523, 15.5709, 11.7648, 9.23774, 7.53469, 6.3496, 5.49662, 4.38397, 3.49278, 3.06196, 2.89279, 2.92284]",-0.615802,"[42.7031, 41.8704, 46.9797, 44.7062]",0.343815
1.0,0.172259,0.0,0.0,9.59,0.0,1974.81,17.2473,93.9765,2,"[200.0, 200.0, 200.0, 200.0, 200.0, 200.0, 200.0, 200.0, 200.0, 200.0, 200.0, 200.0, 200.0, 200.0, 200.0, 200.0, 200.0, 200.0, 200.0, 200.0, 200.0, 200.0, 200.0, 200.0, 200.0, 200.0, 200.0, 200.0, 200.0, 200.0, 200.0, 200.0, 200.0, 200.0, 200.0, 200.0]",1,3868.31,50.8217,0.734503,0.134634,0.082,"[12.3817, 13.6988, 17.1102, 29.6309, 58.7499, 37.7179, 28.5048, 20.9514, 15.3871, 11.6068, 9.10473, 7.42218, 6.25297, 5.41213, 4.31608, 3.43873, 3.01485, 2.84861, 2.87865]",-0.621651,"[43.0301, 42.2652, 44.9319, 45.667]",0.346351
1.0,0.172724,0.0,0.0,9.61,0.0,1975.07,17.51,93.9762,2,"[200.0, 200.0, 200.0, 200.0, 200.0, 200.0, 200.0, 200.0, 200.0, 200.0, 200.0, 200.0, 200.0, 200.0, 200.0, 200.0, 200.0, 200.0, 200.0, 200.0, 200.0, 200.0, 200.0, 200.0, 200.0, 200.0, 200.0, 200.0, 200.0, 200.0, 200.0, 200.0, 200.0, 200.0, 200.0, 200.0]",1,3897.38,51.2733,0.669276,0.111299,0.083,"[12.4288, 13.7543, 17.1886, 29.891, 58.6175, 37.5404, 28.3103, 20.7542, 15.2049, 11.449, 8.97128, 7.30889, 6.15541, 5.32664, 4.24715, 3.38366, 2.9667, 2.80336, 2.83327]",-0.627647,"[43.4843, 42.6711, 45.2724, 45.8044]",0.347824
1.0,0.173295,0.0,0.0,9.63,0.0,1975.33,17.7748,93.9759,2,"[200.0, 200.0, 200.0, 200.0, 200.0, 200.0, 200.0, 200.0, 200.0, 200.0, 200.0, 200.0, 200.0, 200.0, 200.0, 200.0, 200.0, 200.0, 200.0, 200.0, 200.0, 200.0, 200.0, 200.0, 200.0, 200.0, 200.0, 200.0, 200.0, 200.0, 200.0, 200.0, 200.0, 200.0, 200.0, 200.0]",1,3812.77,51.7711,0.649071,0.252186,0.084,"[12.477, 13.8116, 17.2706, 30.1753, 58.4702, 37.3478, 28.1017, 20.5449, 15.0133, 11.2845, 8.83298, 7.192, 6.05501, 5.23886, 4.17659, 3.32743, 2.91762, 2.7573, 2.78716]",-0.633747,"[43.8923, 43.0778, 44.8089, 44.5374]",0.342425
1.0,0.174091,0.0,0.0,9.65,0.0,1975.6,18.0417,93.9756,2,"[200.0, 200.0, 200.0, 200.0, 200.0, 200.0, 200.0, 200.0, 200.0, 200.0, 200.0, 200.0, 200.0, 200.0, 200.0, 200.0, 200.0, 200.0, 200.0, 200.0, 200.0, 200.0, 200.0, 200.0, 200.0, 200.0, 200.0, 200.0, 200.0, 200.0, 200.0, 200.0, 200.0, 200.0, 200.0, 200.0]",1,3932.89,52.1857,0.6598,0.473985,0.085,"[12.5265, 13.8715, 17.3584, 30.5034, 58.2929, 37.1267, 27.8675, 20.315, 14.8069, 11.1098, 8.68773, 7.07016, 5.95097, 5.14823, 4.10416, 3.27003, 2.86771, 2.7106, 2.74052]",-0.639927,"[44.1772, 43.4274, 46.4422, 45.4613]",0.341588
1.0,0.174904,0.0,0.0,9.67,0.0,1975.87,18.3107,93.9753,2,"[200.0, 200.0, 200.0, 200.0, 200.0, 200.0, 200.0, 200.0, 200.0, 200.0, 200.0, 200.0, 200.0, 200.0, 200.0, 200.0, 200.0, 200.0, 200.0, 200.0, 200.0, 200.0, 200.0, 200.0, 200.0, 200.0, 200.0, 200.0, 200.0, 200.0, 200.0, 200.0, 200.0, 200.0, 200.0, 200.0]",1,4042.32,52.6167,0.6301,0.285796,0.085,"[12.5767, 13.9324, 17.4479, 30.8482, 58.1116, 36.9003, 27.6277, 20.0798, 14.5961, 10.9318, 8.54002, 6.94637, 5.84528, 5.05624, 4.03064, 3.21176, 2.81702, 2.66318, 2.69315]",-0.646204,"[44.5629, 43.7666, 47.0595, 47.2887]",0.34673
1.0,0.175171,0.0,0.0,9.69,0.0,1976.14,18.5815,93.975,2,"[200.0, 200.0, 200.0, 200.0, 200.0, 200.0, 200.0, 200.0, 200.0, 200.0, 200.0, 200.0, 200.0, 200.0, 200.0, 200.0, 200.0, 200.0, 200.0, 200.0, 200.0, 200.0, 200.0, 200.0, 200.0, 200.0, 200.0, 200.0, 200.0, 200.0, 200.0, 200.0, 200.0, 200.0, 200.0, 200.0]",1,3999.36,53.1144,0.585338,0.145628,0.086,"[12.6264, 13.99, 17.5275, 31.12, 57.9968, 36.7323, 27.4365, 19.8805, 14.4091, 10.7689, 8.40167, 6.82861, 5.7436, 4.96691, 3.95831, 3.15366, 2.76601, 2.61503, 2.64465]",-0.652593,"[45.0654, 44.0754, 47.0241, 46.9077]",0.345913
1.0,0.174208,0.0,0.0,9.71,0.0,1976.42,18.8551,93.9747,2,"[200.0, 200.0, 200.0, 200.0, 200.0, 200.0, 200.0, 200.0, 200.0, 200.0, 200.0, 200.0, 200.0, 200.0, 200.0, 200.0, 200.0, 200.0, 200.0, 200.0, 200.0, 200.0, 200.0, 200.0, 200.0, 200.0, 200.0, 200.0, 200.0, 200.0, 200.0, 200.0, 200.0, 200.0, 200.0, 200.0]",1,4007.01,53.5407,1.05713,0.28188,0.8,"[12.6722, 14.0367, 17.5801, 31.1928, 58.0377, 36.7054, 27.3664, 19.7739, 14.2859, 10.6479, 8.29119, 6.73003, 5.65566, 4.88781, 3.89213, 3.09882, 2.7168, 2.56775, 2.59622]",-0.658902,"[45.4834, 43.9878, 47.4172, 46.2555]",0.343006
1.0,0.169467,0.0,0.0,9.73,0.0,1976.69,19.1309,93.9744,2,"[200.0, 200.0, 200.0, 200.0, 200.0, 200.0, 200.0, 200.0, 200.0, 200.0, 200.0, 200.0, 200.0, 200.0, 200.0, 200.0, 200.0, 200.0, 200.0, 200.0, 200.0, 200.0, 200.0, 200.0, 200.0, 200.0, 200.0, 200.0, 200.0, 200.0, 200.0, 200.0, 200.0, 200.0, 200.0, 200.0]",1,4096.38,53.8529,1.58204,0.346052,0.8,"[12.7043, 14.0483, 17.5474, 30.6628, 58.563, 37.1242, 27.6826, 19.9663, 14.3701, 10.6637, 8.27197, 6.6947, 5.61347, 4.84307, 3.84717, 3.05594, 2.67491, 2.52488, 2.5498]",-0.664737,"[45.8558, 43.3433, 47.8841, 47.77]",0.344452
1.0,0.16184,0.0,0.0,9.75,0.0,1976.97,19.4086,93.9741,2,"[200.0, 200.0, 200.0, 200.0, 200.0, 200.0, 200.0, 200.0, 200.0, 200.0, 200.0, 200.0, 200.0, 200.0, 200.0, 200.0, 200.0, 200.0, 200.0, 200.0, 200.0, 200.0, 200.0, 200.0, 200.0, 200.0, 200.0, 200.0, 200.0, 200.0, 200.0, 200.0, 200.0, 200.0, 200.0, 200.0]",1,4125.31,54.1888,1.86097,0.307208,0.8,"[12.7256, 14.0329, 17.4508, 29.7811, 59.4627, 37.895, 28.3098, 20.4042, 14.6262, 10.7925, 8.32765, 6.71103, 5.60858, 4.82641, 3.81975, 3.02322, 2.63959, 2.48638, 2.50607]",-0.670084,"[46.4307, 43.1299, 48.7532, 47.8511]",0.344986
1.0,0.152982,0.0,0.0,9.77,0.0,1977.25,19.6885,93.9737,2,"[200.0, 200.0, 200.0, 200.0, 200.0, 200.0, 200.0, 200.0, 200.0, 200.0, 200.0, 200.0, 200.0, 200.0, 200.0, 200.0, 200.0, 200.0, 200.0, 200.0, 200.0, 200.0, 200.0, 200.0, 200.0, 200.0, 200.0, 200.0, 200.0, 200.0, 200.0, 200.0, 200.0, 200.0, 200.0, 200.0]",1,4196.66,54.5575,1.91735,0.130872,0.089,"[12.7417, 14.0057, 17.3288, 28.8589, 60.527, 38.8308, 29.0906, 20.9701, 14.9748, 10.9823, 8.42336, 6.75479, 5.6235, 4.82479, 3.80202, 2.99657, 2.60863, 2.45132, 2.46516]",-0.67503,"[47.4083, 44.0675, 49.9162, 48.1467]",0.345913
1.0,0.143947,0.0,0.0,9.79,0.0,1977.53,19.9706,93.9733,2,"[200.0, 200.0, 200.0, 200.0, 200.0, 200.0, 200.0, 200.0, 200.0, 200.0, 200.0, 200.0, 200.0, 200.0, 200.0, 200.0, 200.0, 200.0, 200.0, 200.0, 200.0, 200.0, 200.0, 200.0, 200.0, 200.0, 200.0, 200.0, 200.0, 200.0, 200.0, 200.0, 200.0, 200.0, 200.0, 200.0]",1,4309.89,55.0146,1.53099,-0.0208144,0.09,"[12.7569, 13.9769, 17.2056, 28.0292, 61.6202, 39.8064, 29.9163, 21.5804, 15.3583, 11.1951, 8.53337, 6.80789, 5.64502, 4.82813, 3.78758, 2.97224, 2.57963, 2.41809, 2.42615]",-0.679755,"[47.8824, 44.7076, 49.6773, 50.9713]",0.347738
1.0,0.138936,0.0,0.0,9.81,0.0,1977.82,20.2549,93.973,2,"[200.0, 200.0, 200.0, 200.0, 200.0, 200.0, 200.0, 200.0, 200.0, 200.0, 200.0, 200.0, 200.0, 200.0, 200.0, 200.0, 200.0, 200.0, 200.0, 200.0, 200.0, 200.0, 200.0, 200.0, 200.0, 200.0, 200.0, 200.0, 200.0, 200.0, 200.0, 200.0, 200.0, 200.0, 200.0, 200.0]",1,4162.75,55.6007,0.908072,0.12578,0.091,"[12.7835, 13.9813, 17.1648, 27.6687, 62.2013, 40.3061, 30.3242, 21.8619, 15.5115, 11.2566, 8.54415, 6.79371, 5.61897, 4.79656, 3.75263, 2.93729, 2.54488, 2.38219, 2.38708]",-0.684694,"[47.6473, 45.7878, 48.8103, 48.7287]",0.344627
1.0,0.137859,0.0,0.0,9.83,0.0,1978.1,20.5417,93.9726,2,"[200.0, 200.0, 200.0, 200.0, 200.0, 200.0, 200.0, 200.0, 200.0, 200.0, 200.0, 200.0, 200.0, 200.0, 200.0, 200.0, 200.0, 200.0, 200.0, 200.0, 200.0, 200.0, 200.0, 200.0, 200.0, 200.0, 200.0, 200.0, 200.0, 200.0, 200.0, 200.0, 200.0, 200.0, 200.0, 200.0]",1,4298.15,56.0553,0.730435,0.161769,0.091,"[12.8201, 14.0166, 17.2008, 27.6948, 62.2801, 40.3315, 30.3094, 21.8047, 15.4249, 11.1615, 8.45353, 6.71168, 5.54555, 4.73059, 3.6977, 2.89214, 2.50462, 2.34376, 2.34792]",-0.689824,"[47.6478, 46.527, 51.102, 48.8588]",0.343064
1.0,0.138122,0.0,0.0,9.85,0.0,1978.39,20.8306,93.9722,2,"[200.0, 200.0, 200.0, 200.0, 200.0, 200.0, 200.0, 200.0, 200.0, 200.0, 200.0, 200.0, 200.0, 200.0, 200.0, 200.0, 200.0, 200.0, 200.0, 200.0, 200.0, 200.0, 200.0, 200.0, 200.0, 200.0, 200.0, 200.0, 200.0, 200.0, 200.0, 200.0, 200.0, 200.0, 200.0, 200.0]",1,4461.71,56.4931,0.669863,0.0614837,0.092,"[12.8605, 14.0628, 17.2631, 27.8502, 62.1866, 40.1928, 30.1471, 21.6281, 15.2533, 11.0108, 8.32703, 6.60569, 5.45538, 4.65239, 3.6356, 2.84321, 2.46223, 2.30416, 2.30841]",-0.695056,"[47.8959, 46.9602, 51.7085, 52.5355]",0.348213
1.0,0.137767,0.0,0.0,9.87,0.0,1978.68,21.1218,93.9718,2,"[200.0, 200.0, 200.0, 200.0, 200.0, 200.0, 200.0, 200.0, 200.0, 200.0, 200.0, 200.0, 200.0, 200.0, 200.0, 200.0, 200.0, 200.0, 200.0, 200.0, 200.0, 200.0, 200.0, 200.0, 200.0, 200.0, 200.0, 200.0, 200.0, 200.0, 200.0, 200.0, 200.0, 200.0, 200.0, 200.0]",1,4391.31,57.0387,0.587464,-0.0790615,0.093,"[12.9003, 14.1053, 17.315, 27.9499, 62.1708, 40.1261, 30.0478, 21.5003, 15.1145, 10.8802, 8.21254, 6.50715, 5.37, 4.57735, 3.57492, 2.79457, 2.41957, 2.26395, 2.26792]",-0.700393,"[48.3737, 47.2617, 50.8772, 52.2005]",0.346883
1.0,0.137757,0.0,0.0,9.89,0.0,1978.98,21.4156,93.9714,2,"[200.0, 200.0, 200.0, 200.0, 200.0, 200.0, 200.0, 200.0, 200.0, 200.0, 200.0, 200.0, 200.0, 200.0, 200.0, 200.0, 200.0, 200.0, 200.0, 200.0, 200.0, 200.0, 200.0, 200.0, 200.0, 200.0, 200.0, 200.0, 200.0, 200.0, 200.0, 200.0, 200.0, 200.0, 200.0, 200.0]",1,4309.93,57.5804,0.612395,0.0464467,0.093,"[12.9414, 14.151, 17.3742, 28.085, 62.1099, 40.0156, 29.9084, 21.3392, 14.9514, 10.7333, 8.08746, 6.40137, 5.27948, 4.49846, 3.51187, 2.74457, 2.37603, 2.22309, 2.227]",-0.705799,"[48.846, 47.8589, 50.9211, 49.8079]",0.341031
1.0,0.138234,0.0,0.0,9.91,0.0,1979.27,21.712,93.971,2,"[200.0, 200.0, 200.0, 200.0, 200.0, 200.0, 200.0, 200.0, 200.0, 200.0, 200.0, 200.0, 200.0, 200.0, 200.0, 200.0, 200.0, 200.0, 200.0, 200.0, 200.0, 200.0, 200.0, 200.0, 200.0, 200.0, 200.0, 200.0, 200.0, 200.0, 200.0, 200.0, 200.0, 200.0, 200.0, 200.0]",1,4400.37,58.0467,0.664253,0.199796,0.094,"[12.9836, 14.2005, 17.443, 28.2695, 61.9858, 39.8447, 29.7144, 21.1338, 14.7571, 10.5666, 7.94984, 6.28746, 5.18335, 4.41557, 3.44653, 2.69342, 2.33187, 2.18198, 2.18607]",-0.711225,"[49.2195, 48.2734, 51.4546, 51.3717]",0.341477
1.0,0.138349,0.0,0.0,9.93,0.0,1979.57,22.0105,93.9707,2,"[200.0, 200.0, 200.0, 200.0, 200.0, 200.0, 200.0, 200.0, 200.0, 200.0, 200.0, 200.0, 200.0, 200.0, 200.0, 200.0, 200.0, 200.0, 200.0, 200.0, 200.0, 200.0, 200.0, 200.0, 200.0, 200.0, 200.0, 200.0, 200.0, 200.0, 200.0, 200.0, 200.0, 200.0, 200.0, 200.0]",1,4525.59,58.5127,0.62661,0.0950528,0.095,"[13.0256, 14.2478, 17.5056, 28.4212, 61.9073, 39.7158, 29.5569, 20.9562, 14.581, 10.4108, 7.81883, 6.17761, 5.08985, 4.33441, 3.38196, 2.64241, 2.28755, 2.1405, 2.14458]",-0.716712,"[49.6203, 48.5772, 52.1814, 53.446]",0.345783
1.0,0.138581,0.0,0.0,9.95,0.0,1979.87,22.3104,93.9706,3,"[200.0, 200.0, 200.0, 200.0, 200.0, 200.0, 200.0, 200.0, 200.0, 200.0, 200.0, 200.0, 200.0, 200.0, 200.0, 200.0, 200.0, 200.0, 200.0, 200.0, 200.0, 200.0, 200.0, 200.0, 200.0, 200.0, 200.0, 200.0, 200.0, 200.0, 200.0, 200.0, 200.0, 200.0, 200.0, 200.0]",1,3288.09,58.6491,0.611478,-0.00462681,0.096,"[13.0684, 14.2965, 17.5712, 28.5878, 61.8126, 39.5704, 29.3836, 20.7647, 14.3943, 10.2479, 7.68303, 6.06442, 4.99387, 4.25134, 3.31611, 2.59055, 2.24261, 2.09848, 2.10262]",-0.722267,"[49.8008, 48.7949, 50.0515, 49.0727]",0.345688
1.0,0.138926,0.0,0.0,9.97,0.0,1980.17,22.6102,93.9706,3,"[200.0, 200.0, 200.0, 200.0, 200.0, 200.0, 200.0, 200.0, 200.0, 200.0, 200.0, 200.0, 200.0, 200.0, 200.0, 200.0, 200.0, 200.0, 200.0, 200.0, 200.0, 200.0, 200.0, 200.0, 200.0, 200.0, 200.0, 200.0, 200.0, 200.0, 200.0, 200.0, 200.0, 200.0, 200.0, 200.0]",1,3295.86,58.6222,0.668387,0.112871,0.096,"[13.1113, 14.3461, 17.6391, 28.7675, 61.703, 39.4102, 29.1965, 20.5618, 14.1996, 10.08, 7.54427, 5.94943, 4.89676, 4.16751, 3.2499, 2.53857, 2.19762, 2.0565, 2.06073]",-0.727813,"[49.7771, 48.7547, 50.1892, 49.2327]",0.343308
1.0,0.139023,0.0,0.0,9.99,0.0,1980.47,22.9098,93.9706,3,"[200.0, 200.0, 200.0, 200.0, 200.0, 200.0, 200.0, 200.0, 200.0, 200.0, 200.0, 200.0, 200.0, 200.0, 200.0, 200.0, 200.0, 200.0, 200.0, 200.0, 200.0, 200.0, 200.0, 200.0, 200.0, 200.0, 200.0, 200.0, 200.0, 200.0, 200.0, 200.0, 200.0, 200.0, 200.0, 200.0]",1,3303.57,58.6011,0.685403,0.173371,0.097,"[13.1535, 14.3936, 17.7019, 28.9223, 61.6254, 39.2802, 29.036, 20.3793, 14.0186, 9.92081, 7.41118, 5.83832, 4.80238, 4.08572, 3.18493, 2.48727, 2.15305, 2.01477, 2.01897]",-0.733333,"[49.7985, 48.7134, 50.21, 49.1736]",0.34454
1.0,0.139074,0.0,0.0,10.01,0.0,1980.77,23.2091,93.9706,3,"[200.0, 200.0, 200.0, 200.0, 200.0, 200.0, 200.0, 200.0, 200.0, 200.0, 200.0, 200.0, 200.0, 200.0, 200.0, 200.0, 200.0, 200.0, 200.0, 200.0, 200.0, 200.0, 200.0, 200.0, 200.0, 200.0, 200.0, 200.0, 200.0, 200.0, 200.0, 200.0, 200.0, 200.0, 200.0, 200.0]",1,3311.23,58.5823,0.681712,0.145703,0.098,"[13.1956, 14.4408, 17.7639, 29.0735, 61.5535, 39.155, 28.8791, 20.1989, 13.8385, 9.76215, 7.27848, 5.72746, 4.70825, 4.00412, 3.12007, 2.43604, 2.10852, 1.97305, 1.9772]",-0.738855,"[49.7731, 48.7099, 50.1872, 49.1626]",0.344142
1.0,0.139072,0.0,0.0,10.03,0.0,1981.07,23.5081,93.9706,3,"[200.0, 200.0, 200.0, 200.0, 200.0, 200.0, 200.0, 200.0, 200.0, 200.0, 200.0, 200.0, 200.0, 200.0, 200.0, 200.0, 200.0, 200.0, 200.0, 200.0, 200.0, 200.0, 200.0, 200.0, 200.0, 200.0, 200.0, 200.0, 200.0, 200.0, 200.0, 200.0, 200.0, 200.0, 200.0, 200.0]",1,3318.83,58.5651,0.650384,-0.0358222,0.098,"[13.2377, 14.4876, 17.825, 29.2205, 61.4881, 39.0354, 28.7263, 20.0209, 13.6594, 9.60387, 7.14596, 5.61678, 4.61421, 3.92257, 3.05522, 2.38478, 2.06392, 1.93124, 1.9353]",-0.74439,"[49.7775, 48.6761, 50.1884, 49.1329]",0.345545
1.0,0.138886,0.0,0.0,10.05,0.0,1981.37,23.8069,93.9706,3,"[200.0, 200.0, 200.0, 200.0, 200.0, 200.0, 200.0, 200.0, 200.0, 200.0, 200.0, 200.0, 200.0, 200.0, 200.0, 200.0, 200.0, 200.0, 200.0, 200.0, 200.0, 200.0, 200.0, 200.0, 200.0, 200.0, 200.0, 200.0, 200.0, 200.0, 200.0, 200.0, 200.0, 200.0, 200.0, 200.0]",1,3326.37,58.5452,0.653499,-0.0489127,0.099,"[13.2794, 14.5332, 17.8825, 29.3485, 61.4462, 38.9376, 28.5923, 19.8565, 13.4888, 9.4506, 7.01652, 5.50805, 4.52151, 3.84197, 2.99087, 2.33372, 2.0194, 1.88941, 1.89329]",-0.749933,"[49.7828, 48.6403, 50.1924, 49.1001]",0.34598
1.0,0.136961,0.0,0.0,10.07,0.0,1981.67,24.1055,93.9706,3,"[200.0, 200.0, 200.0, 200.0, 200.0, 200.0, 200.0, 200.0, 200.0, 200.0, 200.0, 200.0, 200.0, 200.0, 200.0, 200.0, 200.0, 200.0, 200.0, 200.0, 200.0, 200.0, 200.0, 200.0, 200.0, 200.0, 200.0, 200.0, 200.0, 200.0, 200.0, 200.0, 200.0, 200.0, 200.0, 200.0]",1,3333.86,58.4648,1.2018,0.163698,0.8,"[13.3155, 14.5632, 17.903, 29.2815, 61.634, 39.0613, 28.6578, 19.8507, 13.4259, 9.36414, 6.92892, 5.42703, 4.44825, 3.77569, 2.93526, 2.28762, 1.97804, 1.84967, 1.85255]",-0.755251,"[49.9106, 48.0328, 50.5063, 48.6429]",0.341687
1.0,0.130903,0.0,0.0,10.09,0.0,1981.96,24.4037,93.9706,3,"[200.0, 200.0, 200.0, 200.0, 200.0, 200.0, 200.0, 200.0, 200.0, 200.0, 200.0, 200.0, 200.0, 200.0, 200.0, 200.0, 200.0, 200.0, 200.0, 200.0, 200.0, 200.0, 200.0, 200.0, 200.0, 200.0, 200.0, 200.0, 200.0, 200.0, 200.0, 200.0, 200.0, 200.0, 200.0, 200.0]",1,3118.19,58.328,1.59224,0.0663783,0.8,"[13.3383, 14.5567, 17.8359, 28.7765, 62.3692, 39.7178, 29.2075, 20.235, 13.63, 9.44301, 6.94414, 5.41359, 4.42222, 3.74419, 2.90078, 2.25362, 1.9445, 1.81523, 1.81523]",-0.759991,"[49.9164, 46.9705, 50.8877, 48.1205]",0.344223
1.0,0.121838,0.0,0.0,10.11,0.0,1982.26,24.702,93.9704,3,"[200.0, 200.0, 200.0, 200.0, 200.0, 200.0, 200.0, 200.0, 200.0, 200.0, 200.0, 200.0, 200.0, 200.0, 200.0, 200.0, 200.0, 200.0, 200.0, 200.0, 200.0, 200.0, 200.0, 200.0, 200.0, 200.0, 200.0, 200.0, 200.0, 200.0, 200.0, 200.0, 200.0, 200.0, 200.0, 200.0]",1,3391.96,58.3653,1.64102,-0.170591,0.101,"[13.3522, 14.5248, 17.7088, 28.0233, 63.5044, 40.7721, 30.1267, 20.9263, 14.0491, 9.65392, 7.03988, 5.45211, 4.43195, 3.73876, 2.88204, 2.22864, 1.91689, 1.78493, 1.78078]",-0.764282,"[50.8306, 47.183, 52.4489, 54.9387]",0.348399
1.0,0.111532,0.0,0.0,10.13,0.0,1982.56,25.0013,93.9702,3,"[200.0, 200.0, 200.0, 200.0, 200.0, 200.0, 200.0, 200.0, 200.0, 200.0, 200.0, 200.0, 200.0, 200.0, 200.0, 200.0, 200.0, 200.0, 200.0, 200.0, 200.0, 200.0, 200.0, 200.0, 200.0, 200.0, 200.0, 200.0, 200.0, 200.0, 200.0, 200.0, 200.0, 200.0, 200.0, 200.0]",1,3215.7,58.7575,1.24698,-0.0780049,0.102,"[13.3625, 14.483, 17.5604, 27.2379, 64.8068, 42.0036, 31.2212, 21.7767, 14.588, 9.9395, 7.18006, 5.51855, 4.46065, 3.74712, 2.87177, 2.2088, 1.89298, 1.7576, 1.74886]",-0.768234,"[51.1105, 47.7136, 52.1838, 50.4427]",0.343382
1.0,0.106966,0.0,0.0,10.15,0.0,1982.86,25.3025,93.9699,3,"[200.0, 200.0, 200.0, 200.0, 200.0, 200.0, 200.0, 200.0, 200.0, 200.0, 200.0, 200.0, 200.0, 200.0, 200.0, 200.0, 200.0, 200.0, 200.0, 200.0, 200.0, 200.0, 200.0, 200.0, 200.0, 200.0, 200.0, 200.0, 200.0, 200.0, 200.0, 200.0, 200.0, 200.0, 200.0, 200.0]",1,3225.33,59.0684,0.797085,0.0216467,0.103,"[13.3851, 14.4844, 17.5211, 26.9661, 65.3595, 42.5067, 31.6524, 22.0892, 14.7567, 9.99914, 7.18393, 5.49885, 4.43168, 3.71485, 2.83896, 2.17802, 1.86352, 1.72798, 1.71737]",-0.772297,"[50.5759, 48.7548, 52.1169, 50.2588]",0.342412
1.0,0.105349,0.0,0.0,10.17,0.0,1983.17,25.605,93.9697,3,"[200.0, 200.0, 200.0, 200.0, 200.0, 200.0, 200.0, 200.0, 200.0, 200.0, 200.0, 200.0, 200.0, 200.0, 200.0, 200.0, 200.0, 200.0, 200.0, 200.0, 200.0, 200.0, 200.0, 200.0, 200.0, 200.0, 200.0, 200.0, 200.0, 200.0, 200.0, 200.0, 200.0, 200.0, 200.0, 200.0]",1,3278.92,59.337,0.66286,-0.118596,0.103,"[13.4135, 14.5073, 17.5358, 26.9301, 65.5268, 42.6313, 31.7347, 22.1129, 14.7227, 9.93434, 7.11347, 5.43272, 4.37191, 3.66104, 2.79428, 2.14149, 1.83107, 1.69707, 1.68594]",-0.776427,"[50.5486, 49.2058, 52.024, 52.0962]",0.347909
1.0,0.104394,0.0,0.0,10.19,0.0,1983.47,25.9088,93.9695,3,"[200.0, 200.0, 200.0, 200.0, 200.0, 200.0, 200.0, 200.0, 200.0, 200.0, 200.0, 200.0, 200.0, 200.0, 200.0, 200.0, 200.0, 200.0, 200.0, 200.0, 200.0, 200.0, 200.0, 200.0, 200.0, 200.0, 200.0, 200.0, 200.0, 200.0, 200.0, 200.0, 200.0, 200.0, 200.0, 200.0]",1,3257.79,59.6484,0.600538,-0.229679,0.104,"[13.4433, 14.5352, 17.5627, 26.9455, 65.6076, 42.6705, 31.7377, 22.07, 14.6408, 9.83968, 7.02501, 5.35524, 4.30459, 3.60193, 2.74665, 2.10347, 1.79779, 1.66574, 1.6544]",-0.780589,"[50.7604, 49.4319, 51.8165, 51.6462]",0.345466
1.0,0.104166,0.0,0.0,10.21,0.0,1983.77,26.214,93.9693,3,"[200.0, 200.0, 200.0, 200.0, 200.0, 200.0, 200.0, 200.0, 200.0, 200.0, 200.0, 200.0, 200.0, 200.0, 200.0, 200.0, 200.0, 200.0, 200.0, 200.0, 200.0, 200.0, 200.0, 200.0, 200.0, 200.0, 200.0, 200.0, 200.0, 200.0, 200.0, 200.0, 200.0, 200.0, 200.0, 200.0]",1,3261.43,59.9384,0.649214,-0.156125,0.104,"[13.4744, 14.5681, 17.6026, 27.0166, 65.5932, 42.6156, 31.6531, 21.9535, 14.5067, 9.71332, 6.91789, 5.26635, 4.22981, 3.5377, 2.69627, 2.06417, 1.76392, 1.63419, 1.62296]",-0.784753,"[50.9206, 49.7892, 52.1445, 51.3734]",0.341918
1.0,0.104084,0.0,0.0,10.23,0.0,1984.08,26.5206,93.969,3,"[200.0, 200.0, 200.0, 200.0, 200.0, 200.0, 200.0, 200.0, 200.0, 200.0, 200.0, 200.0, 200.0, 200.0, 200.0, 200.0, 200.0, 200.0, 200.0, 200.0, 200.0, 200.0, 200.0, 200.0, 200.0, 200.0, 200.0, 200.0, 200.0, 200.0, 200.0, 200.0, 200.0, 200.0, 200.0, 200.0]",1,3289.23,60.2137,0.713715,0.0171109,0.105,"[13.5054, 14.6018, 17.6447, 27.0981, 65.56, 42.5422, 31.5514, 21.8226, 14.3624, 9.58098, 6.80768, 5.17585, 4.15422, 3.47299, 2.64581, 2.025, 1.73023, 1.60289, 1.59184]",-0.78888,"[51.143, 50.0267, 52.331, 52.0297]",0.345319
1.0,0.104082,0.0,0.0,10.25,0.0,1984.39,26.8285,93.9688,3,"[200.0, 200.0, 200.0, 200.0, 200.0, 200.0, 200.0, 200.0, 200.0, 200.0, 200.0, 200.0, 200.0, 200.0, 200.0, 200.0, 200.0, 200.0, 200.0, 200.0, 200.0, 200.0, 200.0, 200.0, 200.0, 200.0, 200.0, 200.0, 200.0, 200.0, 200.0, 200.0, 200.0, 200.0, 200.0, 200.0]",1,3314.17,60.4968,0.694236,-0.0913151,0.105,"[13.5367, 14.6361, 17.6882, 27.186, 65.5162, 42.4581, 31.4392, 21.6822, 14.2109, 9.44405, 6.69481, 5.08373, 4.07753, 3.40759, 2.59497, 1.98561, 1.69643, 1.57153, 1.56069]",-0.793012,"[51.3644, 50.2556, 52.9721, 52.2096]",0.345927
1.0,0.104294,0.0,0.0,10.27,0.0,1984.7,27.1377,93.9686,3,"[200.0, 200.0, 200.0, 200.0, 200.0, 200.0, 200.0, 200.0, 200.0, 200.0, 200.0, 200.0, 200.0, 200.0, 200.0, 200.0, 200.0, 200.0, 200.0, 200.0, 200.0, 200.0, 200.0, 200.0, 200.0, 200.0, 200.0, 200.0, 200.0, 200.0, 200.0, 200.0, 200.0, 200.0, 200.0, 200.0]",1,3320.31,60.7922,0.675526,-0.217721,0.106,"[13.5686, 14.6723, 17.7362, 27.2921, 65.4436, 42.3446, 31.2991, 21.5174, 14.0411, 9.29565, 6.57501, 4.9872, 3.99783, 3.33996, 2.54276, 1.94543, 1.66207, 1.53973, 1.52918]",-0.797194,"[51.6067, 50.4908, 52.7666, 52.6058]",0.344774
1.0,0.104425,0.0,0.0,10.29,0.0,1985.01,27.4484,93.9683,3,"[200.0, 200.0, 200.0, 200.0, 200.0, 200.0, 200.0, 200.0, 200.0, 200.0, 200.0, 200.0, 200.0, 200.0, 200.0, 200.0, 200.0, 200.0, 200.0, 200.0, 200.0, 200.0, 200.0, 200.0, 200.0, 200.0, 200.0, 200.0, 200.0, 200.0, 200.0, 200.0, 200.0, 200.0, 200.0, 200.0]",1,3326.35,61.0809,0.731905,-0.077591,0.106,"[13.6006, 14.708, 17.7829, 27.3926, 65.3812, 42.2407, 31.1672, 21.3586, 13.8747, 9.14898, 6.45618, 4.89124, 3.9185, 3.27256, 2.49065, 1.90524, 1.62767, 1.50785, 1.49757]",-0.80139,"[51.8643, 50.7626, 53.0366, 52.6634]",0.344607
1.0,0.104428,0.0,0.0,10.31,0.0,1985.32,27.7603,93.9681,3,"[200.0, 200.0, 200.0, 200.0, 200.0, 200.0, 200.0, 200.0, 200.0, 200.0, 200.0, 200.0, 200.0, 200.0, 200.0, 200.0, 200.0, 200.0, 200.0, 200.0, 200.0, 200.0, 200.0, 200.0, 200.0, 200.0, 200.0, 200.0, 200.0, 200.0, 200.0, 200.0, 200.0, 200.0, 200.0, 200.0]",1,3363.68,61.3596,0.747527,-0.0244589,0.107,"[13.6322, 14.7428, 17.8272, 27.4832, 65.3356, 42.1534, 31.0504, 21.2116, 13.7159, 9.00671, 6.33996, 4.79696, 3.8403, 3.20601, 2.43903, 1.86531, 1.59341, 1.47607, 1.46602]",-0.805577,"[52.1151, 50.982, 54.0094, 52.6172]",0.344515
1.0,0.104441,0.0,0.0,10.33,0.0,1985.63,28.0735,93.9679,3,"[200.0, 200.0, 200.0, 200.0, 200.0, 200.0, 200.0, 200.0, 200.0, 200.0, 200.0, 200.0, 200.0, 200.0, 200.0, 200.0, 200.0, 200.0, 200.0, 200.0, 200.0, 200.0, 200.0, 200.0, 200.0, 200.0, 200.0, 200.0, 200.0, 200.0, 200.0, 200.0, 200.0, 200.0, 200.0, 200.0]",1,3303.07,61.6969,0.694256,-0.193846,0.107,"[13.6643, 14.7781, 17.8723, 27.5758, 65.2882, 42.0634, 30.9302, 21.0604, 13.5528, 8.86126, 6.22159, 4.70121, 3.76103, 3.13858, 2.38677, 1.82494, 1.55878, 1.44395, 1.43411]",-0.809808,"[52.3621, 51.1291, 52.6929, 52.3459]",0.343932
1.0,0.104507,0.0,0.0,10.35,0.0,1985.95,28.3879,93.9677,3,"[200.0, 200.0, 200.0, 200.0, 200.0, 200.0, 200.0, 200.0, 200.0, 200.0, 200.0, 200.0, 200.0, 200.0, 200.0, 200.0, 200.0, 200.0, 200.0, 200.0, 200.0, 200.0, 200.0, 200.0, 200.0, 200.0, 200.0, 200.0, 200.0, 200.0, 200.0, 200.0, 200.0, 200.0, 200.0, 200.0]",1,3403.45,61.94,0.693224,-0.283301,0.108,"[13.6967, 14.8141, 17.9187, 27.674, 65.2331, 41.965, 30.8014, 20.9007, 13.3824, 8.7108, 6.10008, 4.60333, 3.68021, 3.06998, 2.33374, 1.78402, 1.52373, 1.41145, 1.40185]",-0.814088,"[52.6201, 51.4576, 53.994, 54.1422]",0.346216
1.0,0.104026,0.0,0.0,10.37,0.0,1986.26,28.7039,93.9674,3,"[200.0, 200.0, 200.0, 200.0, 200.0, 200.0, 200.0, 200.0, 200.0, 200.0, 200.0, 200.0, 200.0, 200.0, 200.0, 200.0, 200.0, 200.0, 200.0, 200.0, 200.0, 200.0, 200.0, 200.0, 200.0, 200.0, 200.0, 200.0, 200.0, 200.0, 200.0, 200.0, 200.0, 200.0, 200.0, 200.0]",1,3375.99,62.2563,0.721568,-0.12083,0.109,"[13.7282, 14.8461, 17.9551, 27.728, 65.2505, 41.9385, 30.7392, 20.7955, 13.2482, 8.58073, 5.98998, 4.51232, 3.60384, 3.00441, 2.28233, 1.74387, 1.48904, 1.37908, 1.36953]",-0.818365,"[52.937, 51.6562, 53.8112, 53.5013]",0.343346
1.0,0.103881,0.0,0.0,10.39,0.0,1986.58,29.0212,93.9672,3,"[200.0, 200.0, 200.0, 200.0, 200.0, 200.0, 200.0, 200.0, 200.0, 200.0, 200.0, 200.0, 200.0, 200.0, 200.0, 200.0, 200.0, 200.0, 200.0, 200.0, 200.0, 200.0, 200.0, 200.0, 200.0, 200.0, 200.0, 200.0, 200.0, 200.0, 200.0, 200.0, 200.0, 200.0, 200.0, 200.0]",1,3444.12,62.5247,0.731236,-0.0840892,0.109,"[13.7602, 14.8805, 17.9976, 27.8092, 65.2232, 41.8674, 30.6349, 20.6546, 13.089, 8.43622, 5.87199, 4.41674, 3.52464, 2.93699, 2.23001, 1.70335, 1.45424, 1.34674, 1.33736]",-0.82263,"[53.1032, 51.95, 55.5873, 53.4301]",0.341507
1.0,0.103847,0.0,0.0,10.41,0.0,1986.9,29.3398,93.967,3,"[200.0, 200.0, 200.0, 200.0, 200.0, 200.0, 200.0, 200.0, 200.0, 200.0, 200.0, 200.0, 200.0, 200.0, 200.0, 200.0, 200.0, 200.0, 200.0, 200.0, 200.0, 200.0, 200.0, 200.0, 200.0, 200.0, 200.0, 200.0, 200.0, 200.0, 200.0, 200.0, 200.0, 200.0, 200.0, 200.0]",1,3467.93,62.8158,0.690229,-0.248487,0.11,"[13.7927, 14.916, 18.0425, 27.9004, 65.1809, 41.7806, 30.5153, 20.4993, 12.9185, 8.28453, 5.74967, 4.31845, 3.44354, 2.86819, 2.17682, 1.66228, 1.41902, 1.31409, 1.30491]",-0.826934,"[53.3549, 52.1739, 55.03, 55.0493]",0.346717
1.0,0.103188,0.0,0.0,10.43,0.0,1987.22,29.6598,93.9667,3,"[200.0, 200.0, 200.0, 200.0, 200.0, 200.0, 200.0, 200.0, 200.0, 200.0, 200.0, 200.0, 200.0, 200.0, 200.0, 200.0, 200.0, 200.0, 200.0, 200.0, 200.0, 200.0, 200.0, 200.0, 200.0, 200.0, 200.0, 200.0, 200.0, 200.0, 200.0, 200.0, 200.0, 200.0, 200.0, 200.0]",1,3452.87,63.1281,0.681225,-0.206116,0.11,"[13.8242, 14.9472, 18.0762, 27.941, 65.2213, 41.7757, 30.4715, 20.4059, 12.7881, 8.15447, 5.63898, 4.22682, 3.36665, 2.80214, 2.12498, 1.62175, 1.38396, 1.28133, 1.27216]",-0.831265,"[53.7315, 52.3276, 55.1124, 54.9645]",0.343789
1.0,0.102729,0.0,0.0,10.45,0.0,1987.54,29.9812,93.9665,3,"[200.0, 200.0, 200.0, 200.0, 200.0, 200.0, 200.0, 200.0, 200.0, 200.0, 200.0, 200.0, 200.0, 200.0, 200.0, 200.0, 200.0, 200.0, 200.0, 200.0, 200.0, 200.0, 200.0, 200.0, 200.0, 200.0, 200.0, 200.0, 200.0, 200.0, 200.0, 200.0, 200.0, 200.0, 200.0, 200.0]",1,3463.42,63.4307,0.728079,-0.0442995,0.111,"[13.856, 14.9796, 18.1132, 27.9971, 65.2354, 41.7449, 30.4033, 20.2915, 12.6426, 8.01583, 5.52376, 4.13275, 3.28829, 2.73523, 2.07282, 1.58115, 1.34898, 1.24873, 1.23965]",-0.83557,"[53.9042, 52.6738, 55.7051, 54.1709]",0.340318
1.0,0.102504,0.0,0.0,10.47,0.0,1987.86,30.3041,93.9663,3,"[200.0, 200.0, 200.0, 200.0, 200.0, 200.0, 200.0, 200.0, 200.0, 200.0, 200.0, 200.0, 200.0, 200.0, 200.0, 200.0, 200.0, 200.0, 200.0, 200.0, 200.0, 200.0, 200.0, 200.0, 200.0, 200.0, 200.0, 200.0, 200.0, 200.0, 200.0, 200.0, 200.0, 200.0, 200.0, 200.0]",1,3519.35,63.7115,0.689673,-0.17323,0.111,"[13.8882, 15.0137, 18.1546, 28.0728, 65.2182, 41.6824, 30.3049, 20.1508, 12.4783, 7.86624, 5.40257, 4.03522, 3.20777, 2.66682, 2.01985, 1.5402, 1.3138, 1.21605, 1.20713]",-0.83988,"[54.0984, 52.9126, 55.7244, 55.74]",0.34638
1.0,0.102043,0.0,0.0,10.49,0.0,1988.19,30.6282,93.966,3,"[200.0, 200.0, 200.0, 200.0, 200.0, 200.0, 200.0, 200.0, 200.0, 200.0, 200.0, 200.0, 200.0, 200.0, 200.0, 200.0, 200.0, 200.0, 200.0, 200.0, 200.0, 200.0, 200.0, 200.0, 200.0, 200.0, 200.0, 200.0, 200.0, 200.0, 200.0, 200.0, 200.0, 200.0, 200.0, 200.0]",1,3505.46,64.025,0.658989,-0.253402,0.112,"[13.9202, 15.0465, 18.1921, 28.1299, 65.2323, 41.6504, 30.2342, 20.0316, 12.3262, 7.72223, 5.28393, 3.93894, 3.12788, 2.59874, 1.96691, 1.49907, 1.2784, 1.18308, 1.17427]",-0.844233,"[54.4543, 53.0777, 56.0475, 55.6043]",0.344685
1.0,0.101635,0.0,0.0,10.51,0.0,1988.51,30.9539,93.9658,3,"[200.0, 200.0, 200.0, 200.0, 200.0, 200.0, 200.0, 200.0, 200.0, 200.0, 200.0, 200.0, 200.0, 200.0, 200.0, 200.0, 200.0, 200.0, 200.0, 200.0, 200.0, 200.0, 200.0, 200.0, 200.0, 200.0, 200.0, 200.0, 200.0, 200.0, 200.0, 200.0, 200.0, 200.0, 200.0, 200.0]",1,3502.87,64.3387,0.68403,-0.199544,0.112,"[13.9523, 15.0795, 18.2303, 28.191, 65.2393, 41.6113, 30.1566, 19.9055, 12.1682, 7.57469, 5.1635, 3.84172, 3.04752, 2.53038, 1.91387, 1.45797, 1.24306, 1.1502, 1.14149]",-0.848574,"[54.6413, 53.4143, 56.091, 55.082]",0.340975
1.0,0.0997478,0.0,0.0,10.53,0.0,1988.84,31.281,93.9656,3,"[200.0, 200.0, 200.0, 200.0, 200.0, 200.0, 200.0, 200.0, 200.0, 200.0, 200.0, 200.0, 200.0, 200.0, 200.0, 200.0, 200.0, 200.0, 200.0, 200.0, 200.0, 200.0, 200.0, 200.0, 200.0, 200.0, 200.0, 200.0, 200.0, 200.0, 200.0, 200.0, 200.0, 200.0, 200.0, 200.0]",1,3544.34,64.5661,1.15498,-0.0516496,0.8,"[13.9805, 15.1003, 18.2391, 28.1256, 65.4465, 41.7756, 30.2718, 19.9426, 12.12, 7.48763, 5.07663, 3.765, 2.98084, 2.47189, 1.86674, 1.42031, 1.21002, 1.119, 1.10999]",-0.852727,"[54.9224, 52.957, 56.5803, 55.8399]",0.345388
1.0,0.0943896,0.0,0.0,10.55,0.0,1989.17,31.6091,93.9654,3,"[200.0, 200.0, 200.0, 200.0, 200.0, 200.0, 200.0, 200.0, 200.0, 200.0, 200.0, 200.0, 200.0, 200.0, 200.0, 200.0, 200.0, 200.0, 200.0, 200.0, 200.0, 200.0, 200.0, 200.0, 200.0, 200.0, 200.0, 200.0, 200.0, 200.0, 200.0, 200.0, 200.0, 200.0, 200.0, 200.0]",1,3566.86,64.7739,1.33199,-0.215455,0.8,"[13.9997, 15.0927, 18.1796, 27.776, 66.124, 42.4201, 30.8457, 20.3734, 12.3409, 7.54845, 5.0703, 3.73671, 2.94627, 2.43631, 1.83324, 1.39048, 1.18225, 1.09162, 1.08132]",-0.856457,"[54.9551, 52.2266, 57.4998, 55.7555]",0.345491
1.0,0.0877163,0.0,0.0,10.57,0.0,1989.5,31.9386,93.9651,3,"[200.0, 200.0, 200.0, 200.0, 200.0, 200.0, 200.0, 200.0, 200.0, 200.0, 200.0, 200.0, 200.0, 200.0, 200.0, 200.0, 200.0, 200.0, 200.0, 200.0, 200.0, 200.0, 200.0, 200.0, 200.0, 200.0, 200.0, 200.0, 200.0, 200.0, 200.0, 200.0, 200.0, 200.0, 200.0, 200.0]",1,3565.08,64.9934,1.44513,-0.298428,0.114,"[14.0147, 15.0736, 18.0945, 27.34, 66.9816, 43.2546, 31.6078, 20.976, 12.6881, 7.67977, 5.10211, 3.7315, 2.92728, 2.41217, 1.80698, 1.36529, 1.15796, 1.06715, 1.05523]",-0.859836,"[55.8733, 52.2952, 57.3079, 55.838]",0.344559
1.0,0.0802037,0.0,0.0,10.59,0.0,1989.83,32.2694,93.9649,3,"[200.0, 200.0, 200.0, 200.0, 200.0, 200.0, 200.0, 200.0, 200.0, 200.0, 200.0, 200.0, 200.0, 200.0, 200.0, 200.0, 200.0, 200.0, 200.0, 200.0, 200.0, 200.0, 200.0, 200.0, 200.0, 200.0, 200.0, 200.0, 200.0, 200.0, 200.0, 200.0, 200.0, 200.0, 200.0, 200.0]",1,3573.4,65.2582,1.38015,-0.161333,0.115,"[14.0262, 15.0464, 17.9928, 26.8642, 67.9556, 44.2169, 32.5012, 21.7077, 13.14, 7.87282, 5.16757, 3.74686, 2.92246, 2.39866, 1.78778, 1.34491, 1.13749, 1.046, 1.03231]",-0.862796,"[56.4416, 53.4628, 57.6931, 55.7648]",0.344554
1.0,0.0758883,0.0,0.0,10.61,0.0,1990.16,32.6014,93.9647,3,"[200.0, 200.0, 200.0, 200.0, 200.0, 200.0, 200.0, 200.0, 200.0, 200.0, 200.0, 200.0, 200.0, 200.0, 200.0, 200.0, 200.0, 200.0, 200.0, 200.0, 200.0, 200.0, 200.0, 200.0, 200.0, 200.0, 200.0, 200.0, 200.0, 200.0, 200.0, 200.0, 200.0, 200.0, 200.0, 200.0]",1,3621.29,65.5685,0.893378,-0.278203,0.115,"[14.0429, 15.0419, 17.9491, 26.6297, 68.5021, 44.7459, 32.9831, 22.0881, 13.3521, 7.93564, 5.1646, 3.72309, 2.89312, 2.36865, 1.7599, 1.32047, 1.11498, 1.024, 1.00945]",-0.865788,"[56.1353, 54.0446, 58.7692, 56.3462]",0.345719
1.0,0.0735404,0.0,0.0,10.63,0.0,1990.5,32.9351,93.9644,3,"[200.0, 200.0, 200.0, 200.0, 200.0, 200.0, 200.0, 200.0, 200.0, 200.0, 200.0, 200.0, 200.0, 200.0, 200.0, 200.0, 200.0, 200.0, 200.0, 200.0, 200.0, 200.0, 200.0, 200.0, 200.0, 200.0, 200.0, 200.0, 200.0, 200.0, 200.0, 200.0, 200.0, 200.0, 200.0, 200.0]",1,3637.68,65.8898,0.680508,-0.4275,0.115,"[14.0631, 15.0515, 17.9405, 26.5333, 68.7851, 45.0056, 33.2065, 22.2423, 13.4033, 7.90883, 5.11431, 3.6722, 2.84669, 2.32697, 1.72567, 1.2928, 1.09059, 1.00091, 0.986076]",-0.868874,"[56.2066, 54.2839, 57.429, 58.1261]",0.345174
1.0,0.0720469,0.0,0.0,10.65,0.0,1990.83,33.2701,93.9641,3,"[200.0, 200.0, 200.0, 200.0, 200.0, 200.0, 200.0, 200.0, 200.0, 200.0, 200.0, 200.0, 200.0, 200.0, 200.0, 200.0, 200.0, 200.0, 200.0, 200.0, 200.0, 200.0, 200.0, 200.0, 200.0, 200.0, 200.0, 200.0, 200.0, 200.0, 200.0, 200.0, 200.0, 200.0, 200.0, 200.0]",1,3659.42,66.1997,0.66437,-0.321016,0.116,"[14.0844, 15.0668, 17.9465, 26.494, 68.9542, 45.1491, 33.3183, 22.2986, 13.3842, 7.84301, 5.04399, 3.61025, 2.79355, 2.2809, 1.68921, 1.26416, 1.06576, 0.977661, 0.962799]",-0.871955,"[56.391, 54.8777, 57.8365, 57.6946]",0.34547
1.0,0.0708606,0.0,0.0,10.67,0.0,1991.17,33.6067,93.9638,3,"[200.0, 200.0, 200.0, 200.0, 200.0, 200.0, 200.0, 200.0, 200.0, 200.0, 200.0, 200.0, 200.0, 200.0, 200.0, 200.0, 200.0, 200.0, 200.0, 200.0, 200.0, 200.0, 200.0, 200.0, 200.0, 200.0, 200.0, 200.0, 200.0, 200.0, 200.0, 200.0, 200.0, 200.0, 200.0, 200.0]",1,3629.97,66.5296,0.641406,-0.295376,0.116,"[14.1059, 15.0838, 17.9574, 26.4743, 69.083, 45.2516, 33.3909, 22.3206, 13.3405, 7.76356, 4.96691, 3.54483, 2.73844, 2.23366, 1.65232, 1.23546, 1.04102, 0.95462, 0.939812]",-0.875002,"[56.6074, 55.1515, 58.2647, 56.8771]",0.34357
1.0,0.0706202,0.0,0.0,10.69,0.0,1991.5,33.9447,93.9635,3,"[200.0, 200.0, 200.0, 200.0, 200.0, 200.0, 200.0, 200.0, 200.0, 200.0, 200.0, 200.0, 200.0, 200.0, 200.0, 200.0, 200.0, 200.0, 200.0, 200.0, 200.0, 200.0, 200.0, 200.0, 200.0, 200.0, 200.0, 200.0, 200.0, 200.0, 200.0, 200.0, 200.0, 200.0, 200.0, 200.0]",1,3675.09,66.8268,0.54958,-0.539579,0.117,"[14.1286, 15.1071, 17.9844, 26.516, 69.0853, 45.224, 33.3375, 22.2306, 13.2154, 7.63971, 4.86783, 3.46748, 2.67614, 2.1817, 1.61303, 1.20567, 1.01577, 0.931366, 0.916855]",-0.878054,"[56.6682, 55.4411, 59.3173, 57.6505]",0.344678
1.0,0.0701024,0.0,0.0,10.71,0.0,1991.84,34.2842,93.9632,3,"[200.0, 200.0, 200.0, 200.0, 200.0, 200.0, 200.0, 200.0, 200.0, 200.0, 200.0, 200.0, 200.0, 200.0, 200.0, 200.0, 200.0, 200.0, 200.0, 200.0, 200.0, 200.0, 200.0, 200.0, 200.0, 200.0, 200.0, 200.0, 200.0, 200.0, 200.0, 200.0, 200.0, 200.0, 200.0, 200.0]",1,3793.69,67.0777,0.652127,-0.366097,0.117,"[14.151, 15.1287, 18.0068, 26.5399, 69.1246, 45.2343, 33.3205, 22.172, 13.1114, 7.52608, 4.77345, 3.39254, 2.61523, 2.1306, 1.57413, 1.17599, 0.990501, 0.908043, 0.893768]",-0.881121,"[57.1517, 55.6278, 58.6296, 61.3969]",0.345068
1.0,0.0688898,0.0,0.0,10.73,0.0,1992.19,34.6251,93.9628,3,"[200.0, 200.0, 200.0, 200.0, 200.0, 200.0, 200.0, 200.0, 200.0, 200.0, 200.0, 200.0, 200.0, 200.0, 200.0, 200.0, 200.0, 200.0, 200.0, 200.0, 200.0, 200.0, 200.0, 200.0, 200.0, 200.0, 200.0, 200.0, 200.0, 200.0, 200.0, 200.0, 200.0, 200.0, 200.0, 200.0]",1,3685.94,67.4569,0.652521,-0.253812,0.118,"[14.172, 15.1451, 18.0166, 26.5174, 69.2579, 45.3424, 33.399, 22.1993, 13.0692, 7.44531, 4.69571, 3.32711, 2.56046, 2.08383, 1.53773, 1.14778, 0.966232, 0.885445, 0.871254]",-0.884105,"[57.3948, 55.9254, 59.2586, 57.6333]",0.341353
1.0,0.0686881,0.0,0.0,10.75,0.0,1992.53,34.9677,93.9625,3,"[200.0, 200.0, 200.0, 200.0, 200.0, 200.0, 200.0, 200.0, 200.0, 200.0, 200.0, 200.0, 200.0, 200.0, 200.0, 200.0, 200.0, 200.0, 200.0, 200.0, 200.0, 200.0, 200.0, 200.0, 200.0, 200.0, 200.0, 200.0, 200.0, 200.0, 200.0, 200.0, 200.0, 200.0, 200.0, 200.0]",1,3712.07,67.7659,0.609245,-0.410174,0.118,"[14.1944, 15.1682, 18.0437, 26.5605, 69.2564, 45.3105, 33.3415, 22.1046, 12.9381, 7.31705, 4.59481, 3.24926, 2.4982, 2.03212, 1.49881, 1.11837, 0.94133, 0.862564, 0.848686]",-0.887106,"[57.5559, 56.2691, 59.2498, 58.6027]",0.344542
1.0,0.067886,0.0,0.0,10.77,0.0,1992.87,35.3115,93.9622,3,"[200.0, 200.0, 200.0, 200.0, 200.0, 200.0, 200.0, 200.0, 200.0, 200.0, 200.0, 200.0, 200.0, 200.0, 200.0, 200.0, 200.0, 200.0, 200.0, 200.0, 200.0, 200.0, 200.0, 200.0, 200.0, 200.0, 200.0, 200.0, 200.0, 200.0, 200.0, 200.0, 200.0, 200.0, 200.0, 200.0]",1,3814.31,68.0286,0.642008,-0.357461,0.118,"[14.2158, 15.1872, 18.0603, 26.5643, 69.3408, 45.3622, 33.3653, 22.0824, 12.8583, 7.21479, 4.5064, 3.17819, 2.4401, 1.98321, 1.46141, 1.08974, 0.916885, 0.839943, 0.826248]",-0.890085,"[57.9128, 56.3399, 59.7063, 61.4641]",0.345447
1.0,0.066941,0.0,0.0,10.79,0.0,1993.22,35.657,93.9619,3,"[200.0, 200.0, 200.0, 200.0, 200.0, 200.0, 200.0, 200.0, 200.0, 200.0, 200.0, 200.0, 200.0, 200.0, 200.0, 200.0, 200.0, 200.0, 200.0, 200.0, 200.0, 200.0, 200.0, 200.0, 200.0, 200.0, 200.0, 200.0, 200.0, 200.0, 200.0, 200.0, 200.0, 200.0, 200.0, 200.0]",1,3732.72,68.3997,0.64004,-0.319493,0.119,"[14.2369, 15.205, 18.0742, 26.5584, 69.4519, 45.4347, 33.4095, 22.0786, 12.7909, 7.11841, 4.42096, 3.10893, 2.38322, 1.93519, 1.42457, 1.06147, 0.892731, 0.817558, 0.804024]",-0.893034,"[58.1711, 56.7352, 60.0107, 58.4444]",0.340255
1.0,0.0664918,0.0,0.0,10.81,0.0,1993.56,36.0042,93.9616,3,"[200.0, 200.0, 200.0, 200.0, 200.0, 200.0, 200.0, 200.0, 200.0, 200.0, 200.0, 200.0, 200.0, 200.0, 200.0, 200.0, 200.0, 200.0, 200.0, 200.0, 200.0, 200.0, 200.0, 200.0, 200.0, 200.0, 200.0, 200.0, 200.0, 200.0, 200.0, 200.0, 200.0, 200.0, 200.0, 200.0]",1,3772.02,68.7024,0.649071,-0.35465,0.119,"[14.2583, 15.2259, 18.0962, 26.5838, 69.5004, 45.4388, 33.3874, 22.0153, 12.6802, 6.99951, 4.32514, 3.03444, 2.32344, 1.88543, 1.38702, 1.03301, 0.868568, 0.795319, 0.782066]",-0.895953,"[58.3744, 57.0283, 59.8676, 59.7212]",0.3455
1.0,0.0656931,0.0,0.0,10.83,0.0,1993.91,36.3525,93.9613,3,"[200.0, 200.0, 200.0, 200.0, 200.0, 200.0, 200.0, 200.0, 200.0, 200.0, 200.0, 200.0, 200.0, 200.0, 200.0, 200.0, 200.0, 200.0, 200.0, 200.0, 200.0, 200.0, 200.0, 200.0, 200.0, 200.0, 200.0, 200.0, 200.0, 200.0, 200.0, 200.0, 200.0, 200.0, 200.0, 200.0]",1,3853.25,68.9838,0.600774,-0.47198,0.119,"[14.2794, 15.2444, 18.1123, 26.5868, 69.6045, 45.4918, 33.4128, 21.9943, 12.5983, 6.8941, 4.2354, 2.96308, 2.26552, 1.83686, 1.35003, 1.00479, 0.844536, 0.773102, 0.760056]",-0.898876,"[58.6837, 57.1673, 60.6355, 61.8376]",0.344835
1.0,0.0647303,0.0,0.0,10.85,0.0,1994.26,36.7025,93.961,3,"[200.0, 200.0, 200.0, 200.0, 200.0, 200.0, 200.0, 200.0, 200.0, 200.0, 200.0, 200.0, 200.0, 200.0, 200.0, 200.0, 200.0, 200.0, 200.0, 200.0, 200.0, 200.0, 200.0, 200.0, 200.0, 200.0, 200.0, 200.0, 200.0, 200.0, 200.0, 200.0, 200.0, 200.0, 200.0, 200.0]",1,3780.62,69.3461,0.671871,-0.26332,0.12,"[14.3, 15.2616, 18.1253, 26.5787, 69.7402, 45.5686, 33.4617, 21.9947, 12.5315, 6.79553, 4.14901, 2.89377, 2.20896, 1.78934, 1.31373, 0.977033, 0.820839, 0.751183, 0.738319]",-0.901762,"[59.0017, 57.4977, 60.7382, 59.2649]",0.340049
1.0,0.0641476,0.0,0.0,10.87,0.0,1994.61,37.0542,93.9607,3,"[200.0, 200.0, 200.0, 200.0, 200.0, 200.0, 200.0, 200.0, 200.0, 200.0, 200.0, 200.0, 200.0, 200.0, 200.0, 200.0, 200.0, 200.0, 200.0, 200.0, 200.0, 200.0, 200.0, 200.0, 200.0, 200.0, 200.0, 200.0, 200.0, 200.0, 200.0, 200.0, 200.0, 200.0, 200.0, 200.0]",1,3849.84,69.6429,0.630261,-0.355228,0.12,"[14.3207, 15.2809, 18.1441, 26.594, 69.8286, 45.5933, 33.4603, 21.95, 12.4316, 6.6806, 4.05564, 2.82125, 2.15082, 1.74098, 1.27722, 0.949377, 0.797381, 0.729564, 0.716949]",-0.904601,"[59.0926, 57.8223, 61.1518, 60.5857]",0.346578
1.0,0.0634066,0.0,0.0,10.89,0.0,1994.97,37.407,93.9604,3,"[200.0, 200.0, 200.0, 200.0, 200.0, 200.0, 200.0, 200.0, 200.0, 200.0, 200.0, 200.0, 200.0, 200.0, 200.0, 200.0, 200.0, 200.0, 200.0, 200.0, 200.0, 200.0, 200.0, 200.0, 200.0, 200.0, 200.0, 200.0, 200.0, 200.0, 200.0, 200.0, 200.0, 200.0, 200.0, 200.0]",1,3826.49,69.9767,0.59114,-0.425261,0.121,"[14.3416, 15.2995, 18.1608, 26.6, 69.9472, 45.6395, 33.4794, 21.9226, 12.3419, 6.56829, 3.96261, 2.74853, 2.09233, 1.6922, 1.24035, 0.921368, 0.773582, 0.707619, 0.695251]",-0.907484,"[59.6181, 57.9435, 60.7887, 61.0065]",0.346664
1.0,0.0626776,0.0,0.0,10.91,0.0,1995.32,37.7617,93.9601,3,"[200.0, 200.0, 200.0, 200.0, 200.0, 200.0, 200.0, 200.0, 200.0, 200.0, 200.0, 200.0, 200.0, 200.0, 200.0, 200.0, 200.0, 200.0, 200.0, 200.0, 200.0, 200.0, 200.0, 200.0, 200.0, 200.0, 200.0, 200.0, 200.0, 200.0, 200.0, 200.0, 200.0, 200.0, 200.0, 200.0]",1,3846.68,70.2946,0.632938,-0.308316,0.121,"[14.3619, 15.3176, 18.1769, 26.6055, 70.073, 45.6855, 33.4987, 21.8963, 12.2531, 6.45667, 3.87066, 2.67697, 2.0349, 1.64439, 1.20424, 0.893978, 0.750336, 0.686195, 0.674057]",-0.9103,"[59.722, 58.344, 61.6158, 60.3461]",0.341886
1.0,0.0624272,0.0,0.0,10.93,0.0,1995.68,38.1178,93.9598,3,"[200.0, 200.0, 200.0, 200.0, 200.0, 200.0, 200.0, 200.0, 200.0, 200.0, 200.0, 200.0, 200.0, 200.0, 200.0, 200.0, 200.0, 200.0, 200.0, 200.0, 200.0, 200.0, 200.0, 200.0, 200.0, 200.0, 200.0, 200.0, 200.0, 200.0, 200.0, 200.0, 200.0, 200.0, 200.0, 200.0]",1,3881.33,70.6038,0.596842,-0.430195,0.121,"[14.383, 15.339, 18.2013, 26.6416, 70.1324, 45.6639, 33.4516, 21.8085, 12.1176, 6.32093, 3.7678, 2.59976, 1.97413, 1.59441, 1.16698, 0.866016, 0.726746, 0.664551, 0.652756]",-0.913134,"[60.0291, 58.6178, 61.7243, 61.5144]",0.342933
1.0,0.0616404,0.0,0.0,10.95,0.0,1996.04,38.4755,93.9595,3,"[200.0, 200.0, 200.0, 200.0, 200.0, 200.0, 200.0, 200.0, 200.0, 200.0, 200.0, 200.0, 200.0, 200.0, 200.0, 200.0, 200.0, 200.0, 200.0, 200.0, 200.0, 200.0, 200.0, 200.0, 200.0, 200.0, 200.0, 200.0, 200.0, 200.0, 200.0, 200.0, 200.0, 200.0, 200.0, 200.0]",1,3878.22,70.9303,0.658073,-0.288166,0.122,"[14.403, 15.3565, 18.2161, 26.6428, 70.2838, 45.7189, 33.48, 21.79, 12.032, 6.20898, 3.67576, 2.52844, 1.91704, 1.54696, 1.1312, 0.838913, 0.703743, 0.643341, 0.631798]",-0.915919,"[60.2956, 58.793, 62.1034, 61.009]",0.346337
1.0,0.0614893,0.0,0.0,10.97,0.0,1996.39,38.8347,93.9592,3,"[200.0, 200.0, 200.0, 200.0, 200.0, 200.0, 200.0, 200.0, 200.0, 200.0, 200.0, 200.0, 200.0, 200.0, 200.0, 200.0, 200.0, 200.0, 200.0, 200.0, 200.0, 200.0, 200.0, 200.0, 200.0, 200.0, 200.0, 200.0, 200.0, 200.0, 200.0, 200.0, 200.0, 200.0, 200.0, 200.0]",1,3895.6,71.2596,0.557352,-0.506014,0.122,"[14.424, 15.3783, 18.2419, 26.6847, 70.3419, 45.6838, 33.4193, 21.689, 11.8839, 6.06542, 3.56975, 2.44995, 1.8557, 1.49669, 1.09392, 0.811035, 0.68026, 0.621841, 0.610649]",-0.918733,"[60.3561, 59.2186, 61.9695, 61.676]",0.341816
1.0,0.061021,0.0,0.0,10.99,0.0,1996.76,39.1954,93.9589,3,"[200.0, 200.0, 200.0, 200.0, 200.0, 200.0, 200.0, 200.0, 200.0, 200.0, 200.0, 200.0, 200.0, 200.0, 200.0, 200.0, 200.0, 200.0, 200.0, 200.0, 200.0, 200.0, 200.0, 200.0, 200.0, 200.0, 200.0, 200.0, 200.0, 200.0, 200.0, 200.0, 200.0, 200.0, 200.0, 200.0]",1,3932.43,71.5569,0.703655,-0.228125,0.122,"[14.4444, 15.3979, 18.2621, 26.706, 70.4589, 45.694, 33.4035, 21.6289, 11.7645, 5.93502, 3.46974, 2.37478, 1.79646, 1.4479, 1.05751, 0.783669, 0.65715, 0.600609, 0.589729]",-0.921515,"[60.8978, 59.3445, 62.5269, 62.2272]",0.344546
1.0,0.0603721,0.0,0.0,11.01,0.0,1997.12,39.5575,93.9586,3,"[200.0, 200.0, 200.0, 200.0, 200.0, 200.0, 200.0, 200.0, 200.0, 200.0, 200.0, 200.0, 200.0, 200.0, 200.0, 200.0, 200.0, 200.0, 200.0, 200.0, 200.0, 200.0, 200.0, 200.0, 200.0, 200.0, 200.0, 200.0, 200.0, 200.0, 200.0, 200.0, 200.0, 200.0, 200.0, 200.0]",1,3962.47,71.8778,0.566355,-0.486656,0.123,"[14.4645, 15.4161, 18.2789, 26.7153, 70.6151, 45.7303, 33.4136, 21.5925, 11.661, 5.81105, 3.37267, 2.30131, 1.73836, 1.39995, 1.02162, 0.75663, 0.63427, 0.579582, 0.568977]",-0.924274,"[61.0293, 59.5262, 64.0161, 62.3487]",0.345263
1.0,0.060291,0.0,0.0,11.03,0.0,1997.48,39.9214,93.9583,3,"[200.0, 200.0, 200.0, 200.0, 200.0, 200.0, 200.0, 200.0, 200.0, 200.0, 200.0, 200.0, 200.0, 200.0, 200.0, 200.0, 200.0, 200.0, 200.0, 200.0, 200.0, 200.0, 200.0, 200.0, 200.0, 200.0, 200.0, 200.0, 200.0, 200.0, 200.0, 200.0, 200.0, 200.0, 200.0, 200.0]",1,3969.73,72.2076,0.635371,-0.361634,0.123,"[14.4855, 15.4383, 18.3059, 26.7616, 70.6844, 45.6852, 33.3425, 21.48, 11.4988, 5.65744, 3.26256, 2.22102, 1.67611, 1.34916, 0.984127, 0.728687, 0.610786, 0.558083, 0.547859]",-0.927083,"[61.3387, 59.9231, 63.0138, 62.9256]",0.343142
1.0,0.0593669,0.0,0.0,11.05,0.0,1997.85,40.2865,93.958,3,"[200.0, 200.0, 200.0, 200.0, 200.0, 200.0, 200.0, 200.0, 200.0, 200.0, 200.0, 200.0, 200.0, 200.0, 200.0, 200.0, 200.0, 200.0, 200.0, 200.0, 200.0, 200.0, 200.0, 200.0, 200.0, 200.0, 200.0, 200.0, 200.0, 200.0, 200.0, 200.0, 200.0, 200.0, 200.0, 200.0]",1,4132.89,72.456,0.591165,-0.476769,0.124,"[14.5052, 15.4547, 18.318, 26.7533, 70.9073, 45.7608, 33.3912, 21.4784, 11.4165, 5.54, 3.16788, 2.14885, 1.6188, 1.30178, 0.948574, 0.701828, 0.58802, 0.537125, 0.527161]",-0.929835,"[61.6575, 60.0618, 67.4779, 63.494]",0.344754
1.0,0.0588629,0.0,0.0,11.07,0.0,1998.21,40.6533,93.9577,3,"[200.0, 200.0, 200.0, 200.0, 200.0, 200.0, 200.0, 200.0, 200.0, 200.0, 200.0, 200.0, 200.0, 200.0, 200.0, 200.0, 200.0, 200.0, 200.0, 200.0, 200.0, 200.0, 200.0, 200.0, 200.0, 200.0, 200.0, 200.0, 200.0, 200.0, 200.0, 200.0, 200.0, 200.0, 200.0, 200.0]",1,3966.5,72.8891,0.565349,-0.40892,0.124,"[14.5256, 15.4739, 18.3375, 26.7721, 71.069, 45.7764, 33.3803, 21.4207, 11.2906, 5.40033, 3.06372, 2.07181, 1.55865, 1.25248, 0.911957, 0.674397, 0.564896, 0.515907, 0.506264]",-0.932614,"[61.8835, 60.137, 63.2706, 62.8241]",0.34411
1.0,0.058654,0.0,0.0,11.09,0.0,1998.58,41.0216,93.9573,3,"[200.0, 200.0, 200.0, 200.0, 200.0, 200.0, 200.0, 200.0, 200.0, 200.0, 200.0, 200.0, 200.0, 200.0, 200.0, 200.0, 200.0, 200.0, 200.0, 200.0, 200.0, 200.0, 200.0, 200.0, 200.0, 200.0, 200.0, 200.0, 200.0, 200.0, 200.0, 200.0, 200.0, 200.0, 200.0, 200.0]",1,4228.96,73.0865,0.567824,-0.529202,0.124,"[14.5462, 15.495, 18.3618, 26.8093, 71.1887, 45.7501, 33.3279, 21.324, 11.134, 5.24597, 2.95398, 1.99239, 1.4972, 1.20241, 0.875042, 0.646885, 0.541763, 0.494743, 0.485466]",-0.935382,"[62.0912, 60.7121, 66.414, 66.9068]",0.344308
1.0,0.0571768,0.0,0.0,11.11,0.0,1998.95,41.3911,93.957,3,"[200.0, 200.0, 200.0, 200.0, 200.0, 200.0, 200.0, 200.0, 200.0, 200.0, 200.0, 200.0, 200.0, 200.0, 200.0, 200.0, 200.0, 200.0, 200.0, 200.0, 200.0, 200.0, 200.0, 200.0, 200.0, 200.0, 200.0, 200.0, 200.0, 200.0, 200.0, 200.0, 200.0, 200.0, 200.0, 200.0]",1,3940.1,73.5807,0.523729,-0.395008,0.125,"[14.5655, 15.5078, 18.3647, 26.7665, 71.5505, 45.9049, 33.4551, 21.3939, 11.0969, 5.14075, 2.86283, 1.92171, 1.44072, 1.15549, 0.839657, 0.620045, 0.518951, 0.473701, 0.46463]",-0.93815,"[62.6442, 60.9234, 63.0054, 62.3877]",0.342852
1.0,0.0564925,0.0,0.0,11.13,0.0,1999.32,41.7628,93.9567,3,"[200.0, 200.0, 200.0, 200.0, 200.0, 200.0, 200.0, 200.0, 200.0, 200.0, 200.0, 200.0, 200.0, 200.0, 200.0, 200.0, 200.0, 200.0, 200.0, 200.0, 200.0, 200.0, 200.0, 200.0, 200.0, 200.0, 200.0, 200.0, 200.0, 200.0, 200.0, 200.0, 200.0, 200.0, 200.0, 200.0]",1,4083.78,73.8466,0.537506,-0.343906,0.125,"[14.5849, 15.5251, 18.3801, 26.7721, 71.7848, 45.9485, 33.4728, 21.3631, 10.9864, 5.00437, 2.76114, 1.84694, 1.38246, 1.10783, 0.804287, 0.593571, 0.496643, 0.453224, 0.444458]",-0.940832,"[62.7327, 61.1166, 65.019, 64.3415]",0.345456
1.0,0.0562322,0.0,0.0,11.15,0.0,1999.7,42.1355,93.9563,3,"[200.0, 200.0, 200.0, 200.0, 200.0, 200.0, 200.0, 200.0, 200.0, 200.0, 200.0, 200.0, 200.0, 200.0, 200.0, 200.0, 200.0, 200.0, 200.0, 200.0, 200.0, 200.0, 200.0, 200.0, 200.0, 200.0, 200.0, 200.0, 200.0, 200.0, 200.0, 200.0, 200.0, 200.0, 200.0, 200.0]",1,4263.1,74.0855,0.403849,-0.675305,0.125,"[14.6057, 15.5461, 18.4038, 26.8063, 71.9503, 45.9293, 33.4268, 21.27, 10.8233, 4.83993, 2.64685, 1.76521, 1.31969, 1.05686, 0.766854, 0.565733, 0.473244, 0.431831, 0.423462]",-0.943628,"[63.02, 61.3824, 66.9374, 69.3529]",0.34392
1.0,0.0548589,0.0,0.0,11.17,0.0,2000.07,42.5104,93.956,3,"[200.0, 200.0, 200.0, 200.0, 200.0, 200.0, 200.0, 200.0, 200.0, 200.0, 200.0, 200.0, 200.0, 200.0, 200.0, 200.0, 200.0, 200.0, 200.0, 200.0, 200.0, 200.0, 200.0, 200.0, 200.0, 200.0, 200.0, 200.0, 200.0, 200.0, 200.0, 200.0, 200.0, 200.0, 200.0, 200.0]",1,4055.81,74.5425,0.580897,-0.237329,0.126,"[14.6245, 15.559, 18.4076, 26.7691, 72.3475, 46.0718, 33.5427, 21.3304, 10.7746, 4.7234, 2.55171, 1.69345, 1.26311, 1.01022, 0.731953, 0.539425, 0.450981, 0.411339, 0.403214]",-0.946319,"[63.4269, 61.7648, 65.1423, 63.6133]",0.342763
1.0,0.0546252,0.0,0.0,11.19,0.0,2000.45,42.8866,93.9557,3,"[200.0, 200.0, 200.0, 200.0, 200.0, 200.0, 200.0, 200.0, 200.0, 200.0, 200.0, 200.0, 200.0, 200.0, 200.0, 200.0, 200.0, 200.0, 200.0, 200.0, 200.0, 200.0, 200.0, 200.0, 200.0, 200.0, 200.0, 200.0, 200.0, 200.0, 200.0, 200.0, 200.0, 200.0, 200.0, 200.0]",1,4229.49,74.8082,0.388309,-0.624243,0.126,"[14.6445, 15.5792, 18.4306, 26.8027, 72.5383, 46.0512, 33.4962, 21.2377, 10.6096, 4.55719, 2.43882, 1.6137, 1.20217, 0.960922, 0.695854, 0.512642, 0.428528, 0.390816, 0.383064]",-0.949,"[63.4436, 62.0797, 66.0584, 67.7215]",0.344081
1.0,0.0533168,0.0,0.0,11.21,0.0,2000.82,43.2643,93.9553,3,"[200.0, 200.0, 200.0, 200.0, 200.0, 200.0, 200.0, 200.0, 200.0, 200.0, 200.0, 200.0, 200.0, 200.0, 200.0, 200.0, 200.0, 200.0, 200.0, 200.0, 200.0, 200.0, 200.0, 200.0, 200.0, 200.0, 200.0, 200.0, 200.0, 200.0, 200.0, 200.0, 200.0, 200.0, 200.0, 200.0]",1,4118.48,75.1974,0.469622,-0.431434,0.126,"[14.6635, 15.5926, 18.4357, 26.77, 72.9629, 46.1846, 33.6034, 21.2893, 10.5484, 4.4282, 2.33827, 1.53936, 1.1441, 0.913311, 0.660458, 0.48608, 0.40609, 0.370201, 0.36274]",-0.951704,"[64.0558, 62.2379, 66.3832, 64.8399]",0.345517
1.0,0.0523326,0.0,0.0,11.23,0.0,2001.2,43.6439,93.955,3,"[200.0, 200.0, 200.0, 200.0, 200.0, 200.0, 200.0, 200.0, 200.0, 200.0, 200.0, 200.0, 200.0, 200.0, 200.0, 200.0, 200.0, 200.0, 200.0, 200.0, 200.0, 200.0, 200.0, 200.0, 200.0, 200.0, 200.0, 200.0, 200.0, 200.0, 200.0, 200.0, 200.0, 200.0, 200.0, 200.0]",1,4121.36,75.5504,0.450154,-0.417944,0.127,"[14.6822, 15.6074, 18.4453, 26.7558, 73.3456, 46.2736, 33.6673, 21.3014, 10.4583, 4.28769, 2.23524, 1.46489, 1.08659, 0.866468, 0.62587, 0.460251, 0.384331, 0.350258, 0.343102]",-0.954315,"[64.1301, 62.6466, 65.6156, 65.0805]",0.340942
1.0,0.0520412,0.0,0.0,11.25,0.0,2001.59,44.0251,93.9547,3,"[200.0, 200.0, 200.0, 200.0, 200.0, 200.0, 200.0, 200.0, 200.0, 200.0, 200.0, 200.0, 200.0, 200.0, 200.0, 200.0, 200.0, 200.0, 200.0, 200.0, 200.0, 200.0, 200.0, 200.0, 200.0, 200.0, 200.0, 200.0, 200.0, 200.0, 200.0, 200.0, 200.0, 200.0, 200.0, 200.0]",1,4204.97,75.8436,0.518321,-0.376389,0.127,"[14.7015, 15.6266, 18.4664, 26.7844, 73.6008, 46.2632, 33.6313, 21.2185, 10.2932, 4.11553, 2.1218, 1.38597, 1.02672, 0.818188, 0.590649, 0.434181, 0.362495, 0.330322, 0.323547]",-0.956918,"[64.4661, 62.9745, 66.7309, 66.3835]",0.34635
1.0,0.0506055,0.0,0.0,11.27,0.0,2001.97,44.4073,93.9543,3,"[200.0, 200.0, 200.0, 200.0, 200.0, 200.0, 200.0, 200.0, 200.0, 200.0, 200.0, 200.0, 200.0, 200.0, 200.0, 200.0, 200.0, 200.0, 200.0, 200.0, 200.0, 200.0, 200.0, 200.0, 200.0, 200.0, 200.0, 200.0, 200.0, 200.0, 200.0, 200.0, 200.0, 200.0, 200.0, 200.0]",1,4349.49,76.1059,0.351259,-0.63847,0.127,"[14.7195, 15.6382, 18.4682, 26.7421, 74.1272, 46.4185, 33.7621, 21.2946, 10.2467, 3.98458, 2.02203, 1.31342, 0.970499, 0.772303, 0.556675, 0.408768, 0.341072, 0.310654, 0.304161]",-0.959496,"[64.6824, 62.9403, 69.6174, 69.759]",0.343377
1.0,0.0494401,0.0,0.0,11.29,0.0,2002.35,44.7919,93.9539,3,"[200.0, 200.0, 200.0, 200.0, 200.0, 200.0, 200.0, 200.0, 200.0, 200.0, 200.0, 200.0, 200.0, 200.0, 200.0, 200.0, 200.0, 200.0, 200.0, 200.0, 200.0, 200.0, 200.0, 200.0, 200.0, 200.0, 200.0, 200.0, 200.0, 200.0, 200.0, 200.0, 200.0, 200.0, 200.0, 200.0]",1,4170.87,76.5625,0.458882,-0.386242,0.128,"[14.7376, 15.6514, 18.4742, 26.7163, 74.6243, 46.5357, 33.8549, 21.335, 10.1712, 3.83907, 1.91762, 1.23905, 0.913456, 0.726019, 0.522644, 0.383415, 0.319748, 0.291138, 0.284966]",-0.962051,"[65.0708, 63.4823, 66.619, 65.6137]",0.341465
1.0,0.0486705,0.0,0.0,11.31,0.0,2002.74,45.1776,93.9535,3,"[200.0, 200.0, 200.0, 200.0, 200.0, 200.0, 200.0, 200.0, 200.0, 200.0, 200.0, 200.0, 200.0, 200.0, 200.0, 200.0, 200.0, 200.0, 200.0, 200.0, 200.0, 200.0, 200.0, 200.0, 200.0, 200.0, 200.0, 200.0, 200.0, 200.0, 200.0, 200.0, 200.0, 200.0, 200.0, 200.0]",1,4500.08,76.7341,0.391673,-0.647704,0.128,"[14.7556, 15.6665, 18.4861, 26.7134, 75.0592, 46.5973, 33.8926, 21.3239, 10.0553, 3.67775, 1.80984, 1.16418, 0.856678, 0.680239, 0.489208, 0.358654, 0.298981, 0.272156, 0.266335]",-0.964531,"[65.2859, 63.637, 72.0993, 70.2189]",0.346749
1.0,0.0469829,0.0,0.0,11.33,0.0,2003.13,45.5651,93.9531,3,"[200.0, 200.0, 200.0, 200.0, 200.0, 200.0, 200.0, 200.0, 200.0, 200.0, 200.0, 200.0, 200.0, 200.0, 200.0, 200.0, 200.0, 200.0, 200.0, 200.0, 200.0, 200.0, 200.0, 200.0, 200.0, 200.0, 200.0, 200.0, 200.0, 200.0, 200.0, 200.0, 200.0, 200.0, 200.0, 200.0]",1,4192.03,77.2527,0.413315,-0.465571,0.128,"[14.7726, 15.6756, 18.4826, 26.6548, 75.745, 46.7926, 34.0653, 21.4435, 10.0396, 3.5463, 1.7109, 1.09329, 0.802176, 0.635923, 0.456551, 0.33429, 0.278473, 0.253349, 0.24781]",-0.966994,"[65.7448, 63.985, 66.8178, 66.1181]",0.339819
1.0,0.0462887,0.0,0.0,11.35,0.0,2003.51,45.9543,93.9528,3,"[200.0, 200.0, 200.0, 200.0, 200.0, 200.0, 200.0, 200.0, 200.0, 200.0, 200.0, 200.0, 200.0, 200.0, 200.0, 200.0, 200.0, 200.0, 200.0, 200.0, 200.0, 200.0, 200.0, 200.0, 200.0, 200.0, 200.0, 200.0, 200.0, 200.0, 200.0, 200.0, 200.0, 200.0, 200.0, 200.0]",1,4407.61,77.4866,0.403227,-0.594068,0.129,"[14.7899, 15.6904, 18.4948, 26.6549, 76.2258, 46.8458, 34.0958, 21.427, 9.91693, 3.37677, 1.60261, 1.01947, 0.746653, 0.59137, 0.424164, 0.310379, 0.258476, 0.2351, 0.229919]",-0.969377,"[65.8854, 64.2987, 71.3695, 68.0461]",0.344116
1.0,0.04484,0.0,0.0,11.37,0.0,2003.91,46.3451,93.9524,3,"[200.0, 200.0, 200.0, 200.0, 200.0, 200.0, 200.0, 200.0, 200.0, 200.0, 200.0, 200.0, 200.0, 200.0, 200.0, 200.0, 200.0, 200.0, 200.0, 200.0, 200.0, 200.0, 200.0, 200.0, 200.0, 200.0, 200.0, 200.0, 200.0, 200.0, 200.0, 200.0, 200.0, 200.0, 200.0, 200.0]",1,4251.27,77.9145,0.437856,-0.456417,0.129,"[14.8062, 15.7001, 18.494, 26.6092, 76.9332, 47.0098, 34.2387, 21.5205, 9.8813, 3.23219, 1.50219, 0.949532, 0.69356, 0.548506, 0.39283, 0.287136, 0.23896, 0.217255, 0.212387]",-0.97171,"[66.318, 64.5068, 67.5267, 67.6409]",0.343683
1.0,0.0440995,0.0,0.0,11.39,0.0,2004.3,46.7377,93.952,3,"[200.0, 200.0, 200.0, 200.0, 200.0, 200.0, 200.0, 200.0, 200.0, 200.0, 200.0, 200.0, 200.0, 200.0, 200.0, 200.0, 200.0, 200.0, 200.0, 200.0, 200.0, 200.0, 200.0, 200.0, 200.0, 200.0, 200.0, 200.0, 200.0, 200.0, 200.0, 200.0, 200.0, 200.0, 200.0, 200.0]",1,4383.28,78.2038,0.379623,-0.602561,0.129,"[14.8228, 15.7138, 18.5044, 26.6049, 77.4976, 47.0721, 34.2795, 21.516, 9.76568, 3.05844, 1.39509, 0.877571, 0.639799, 0.50551, 0.361679, 0.264198, 0.219795, 0.199783, 0.195267]",-0.97399,"[66.4445, 64.8897, 71.012, 67.6738]",0.339989
1.0,0.0431449,0.0,0.0,11.41,0.0,2004.69,47.1318,93.9516,3,"[200.0, 200.0, 200.0, 200.0, 200.0, 200.0, 200.0, 200.0, 200.0, 200.0, 200.0, 200.0, 200.0, 200.0, 200.0, 200.0, 200.0, 200.0, 200.0, 200.0, 200.0, 200.0, 200.0, 200.0, 200.0, 200.0, 200.0, 200.0, 200.0, 200.0, 200.0, 200.0, 200.0, 200.0, 200.0, 200.0]",1,4308.38,78.5827,0.492248,-0.387227,0.13,"[14.8389, 15.7259, 18.511, 26.5876, 78.1582, 47.1664, 34.3531, 21.5437, 9.67392, 2.88657, 1.28907, 0.806488, 0.58671, 0.463045, 0.330921, 0.241531, 0.200851, 0.18251, 0.178337]",-0.976244,"[66.9001, 65.1152, 68.512, 68.3042]",0.345709
1.0,0.042061,0.0,0.0,11.43,0.0,2005.09,47.5277,93.9512,3,"[200.0, 200.0, 200.0, 200.0, 200.0, 200.0, 200.0, 200.0, 200.0, 200.0, 200.0, 200.0, 200.0, 200.0, 200.0, 200.0, 200.0, 200.0, 200.0, 200.0, 200.0, 200.0, 200.0, 200.0, 200.0, 200.0, 200.0, 200.0, 200.0, 200.0, 200.0, 200.0, 200.0, 200.0, 200.0, 200.0]",1,4356.36,78.9161,0.400087,-0.524127,0.13,"[14.8542, 15.7364, 18.5145, 26.561, 78.9016, 47.2819, 34.4491, 21.5955, 9.60389, 2.72021, 1.18715, 0.738429, 0.535955, 0.422487, 0.301564, 0.219921, 0.182793, 0.166031, 0.162193]",-0.978394,"[67.0168, 65.4179, 69.931, 68.3311]",0.341031
1.0,0.041505,0.0,0.0,11.45,0.0,2005.49,47.9253,93.9509,3,"[200.0, 200.0, 200.0, 200.0, 200.0, 200.0, 200.0, 200.0, 200.0, 200.0, 200.0, 200.0, 200.0, 200.0, 200.0, 200.0, 200.0, 200.0, 200.0, 200.0, 200.0, 200.0, 200.0, 200.0, 200.0, 200.0, 200.0, 200.0, 200.0, 200.0, 200.0, 200.0, 200.0, 200.0, 200.0, 200.0]",1,4351.95,79.2666,0.453995,-0.464533,0.13,"[14.8702, 15.7506, 18.527, 26.5662, 79.5368, 47.3196, 34.4661, 21.5689, 9.46207, 2.52229, 1.07681, 0.666664, 0.483027, 0.380424, 0.271328, 0.197758, 0.16433, 0.149239, 0.14576]",-0.980582,"[67.3787, 65.7394, 69.1958, 68.9253]",0.340237
1.0,0.0403649,0.0,0.0,11.47,0.0,2005.88,48.3245,93.9505,3,"[200.0, 200.0, 200.0, 200.0, 200.0, 200.0, 200.0, 200.0, 200.0, 200.0, 200.0, 200.0, 200.0, 200.0, 200.0, 200.0, 200.0, 200.0, 200.0, 200.0, 200.0, 200.0, 200.0, 200.0, 200.0, 200.0, 200.0, 200.0, 200.0, 200.0, 200.0, 200.0, 200.0, 200.0, 200.0, 200.0]",1,4362.76,79.6148,0.436314,-0.463844,0.131,"[14.8849, 15.7601, 18.5288, 26.5353, 80.3973, 47.4454, 34.5737, 21.6339, 9.4003, 2.34596, 0.974853, 0.599783, 0.433533, 0.341021, 0.24292, 0.176891, 0.146912, 0.133377, 0.130226]",-0.982651,"[67.6071, 65.9818, 69.659, 68.8554]",0.34585
1.0,0.0400516,0.0,0.0,11.49,0.0,2006.29,48.7252,93.9501,3,"[200.0, 200.0, 200.0, 200.0, 200.0, 200.0, 200.0, 200.0, 200.0, 200.0, 200.0, 200.0, 200.0, 200.0, 200.0, 200.0, 200.0, 200.0, 200.0, 200.0, 200.0, 200.0, 200.0, 200.0, 200.0, 200.0, 200.0, 200.0, 200.0, 200.0, 200.0, 200.0, 200.0, 200.0, 200.0, 200.0]",1,4423.74,79.9375,0.407948,-0.536282,0.131,"[14.9005, 15.7751, 18.5445, 26.5532, 81.0521, 47.4495, 34.5574, 21.5751, 9.22525, 2.1271, 0.863045, 0.528734, 0.381639, 0.299994, 0.213573, 0.155464, 0.129082, 0.11718, 0.114403]",-0.984758,"[67.8934, 66.3401, 70.4521, 69.8116]",0.341993
1.0,0.0388433,0.0,0.0,11.51,0.0,2006.69,49.1276,93.9497,3,"[200.0, 200.0, 200.0, 200.0, 200.0, 200.0, 200.0, 200.0, 200.0, 200.0, 200.0, 200.0, 200.0, 200.0, 200.0, 200.0, 200.0, 200.0, 200.0, 200.0, 200.0, 200.0, 200.0, 200.0, 200.0, 200.0, 200.0, 200.0, 200.0, 200.0, 200.0, 200.0, 200.0, 200.0, 200.0, 200.0]",1,4456.88,80.2724,0.401754,-0.54891,0.131,"[14.9149, 15.784, 18.5449, 26.5181, 82.0496, 47.5861, 34.6763, 21.6521, 9.16713, 1.93079, 0.758038, 0.461298, 0.332081, 0.260708, 0.185326, 0.134789, 0.111862, 0.101501, 0.0990677]",-0.986801,"[68.2242, 66.506, 71.3805, 70.0388]",0.343311
1.0,0.0381581,0.0,0.0,11.53,0.0,2007.09,49.5319,93.9493,3,"[200.0, 200.0, 200.0, 200.0, 200.0, 200.0, 200.0, 200.0, 200.0, 200.0, 200.0, 200.0, 200.0, 200.0, 200.0, 200.0, 200.0, 200.0, 200.0, 200.0, 200.0, 200.0, 200.0, 200.0, 200.0, 200.0, 200.0, 200.0, 200.0, 200.0, 200.0, 200.0, 200.0, 200.0, 200.0, 200.0]",1,4397.17,80.6629,0.398978,-0.459924,0.131,"[14.9297, 15.7961, 18.5538, 26.5133, 82.9394, 47.6464, 34.718, 21.6523, 9.03727, 1.70428, 0.647951, 0.392155, 0.281761, 0.220997, 0.156963, 0.114075, 0.0946426, 0.0858612, 0.0837936]",-0.988837,"[68.5122, 66.8426, 69.9445, 69.5461]",0.344261
1.0,0.0377418,0.0,0.0,11.55,0.0,2007.5,49.9374,93.949,3,"[200.0, 200.0, 200.0, 200.0, 200.0, 200.0, 200.0, 200.0, 200.0, 200.0, 200.0, 200.0, 200.0, 200.0, 200.0, 200.0, 200.0, 200.0, 200.0, 200.0, 200.0, 200.0, 200.0, 200.0, 200.0, 200.0, 200.0, 200.0, 200.0, 200.0, 200.0, 200.0, 200.0, 200.0, 200.0, 200.0]",1,4655.12,80.88,0.389454,-0.605528,0.132,"[14.9443, 15.8094, 18.5666, 26.5231, 83.7973, 47.6685, 34.7211, 21.6146, 8.8702, 1.46046, 0.537458, 0.323706, 0.232235, 0.182014, 0.129181, 0.093853, 0.0778503, 0.0706177, 0.0689011]",-0.99082,"[68.7244, 67.1112, 75.1497, 72.0114]",0.342071
1.0,0.0364291,0.0,0.0,11.57,0.0,2007.9,50.3447,93.9486,3,"[200.0, 200.0, 200.0, 200.0, 200.0, 200.0, 200.0, 200.0, 200.0, 200.0, 200.0, 200.0, 200.0, 200.0, 200.0, 200.0, 200.0, 200.0, 200.0, 200.0, 200.0, 200.0, 200.0, 200.0, 200.0, 200.0, 200.0, 200.0, 200.0, 200.0, 200.0, 200.0, 200.0, 200.0, 200.0, 200.0]",1,4413.3,81.3666,0.383137,-0.477593,0.132,"[14.9583, 15.8173, 18.5648, 26.4816, 85.0534, 47.8222, 34.8585, 21.7117, 8.8201, 1.21873, 0.427873, 0.255745, 0.182941, 0.143188, 0.101482, 0.0736542, 0.0610504, 0.0553513, 0.0539932]",-0.992806,"[69.2358, 67.3851, 70.5041, 69.7699]",0.344304
1.0,0.0359637,0.0,0.0,11.59,0.0,2008.31,50.7538,93.9482,3,"[200.0, 200.0, 200.0, 200.0, 200.0, 200.0, 200.0, 200.0, 200.0, 200.0, 200.0, 200.0, 200.0, 200.0, 200.0, 200.0, 200.0, 200.0, 200.0, 200.0, 200.0, 200.0, 200.0, 200.0, 200.0, 200.0, 200.0, 200.0, 200.0, 200.0, 200.0, 200.0, 200.0, 200.0, 200.0, 200.0]",1,4648.27,81.6087,0.301009,-0.668592,0.132,"[14.9725, 15.8299, 18.5762, 26.4877, 86.0761, 47.8527, 34.8709, 21.6842, 8.65279, 0.939831, 0.316063, 0.187893, 0.134201, 0.104952, 0.074337, 0.0539246, 0.0446854, 0.0405121, 0.039505]",-0.994736,"[69.3, 67.6462, 75.1442, 71.8359]",0.342681
1.0,0.0345632,0.0,0.0,11.61,0.0,2008.72,51.1643,93.9478,3,"[200.0, 200.0, 200.0, 200.0, 200.0, 200.0, 200.0, 200.0, 200.0, 200.0, 200.0, 200.0, 200.0, 200.0, 200.0, 200.0, 200.0, 200.0, 200.0, 200.0, 200.0, 200.0, 200.0, 200.0, 200.0, 200.0, 200.0, 200.0, 200.0, 200.0, 200.0, 200.0, 200.0, 200.0, 200.0, 200.0]",1,4538.98,82.011,0.347722,-0.519625,0.132,"[14.9861, 15.8368, 18.5726, 26.4407, 87.5611, 48.0208, 35.0239, 21.7983, 8.61296, 0.644734, 0.203217, 0.119785, 0.0853024, 0.0666103, 0.0470963, 0.0341263, 0.0282669, 0.0256195, 0.024971]",-0.996673,"[69.853, 67.8514, 71.8836, 72.9678]",0.342908
1.0,0.0334346,0.0,0.0,11.63,0.0,2009.14,51.5768,93.9474,3,"[200.0, 200.0, 200.0, 200.0, 200.0, 200.0, 200.0, 200.0, 200.0, 200.0, 200.0, 200.0, 200.0, 200.0, 200.0, 200.0, 200.0, 200.0, 200.0, 200.0, 200.0, 200.0, 200.0, 200.0, 200.0, 200.0, 200.0, 200.0, 200.0, 200.0, 200.0, 200.0, 200.0, 200.0, 200.0, 200.0]",1,4620.74,82.348,0.241463,-0.650037,0.133,"[14.9993, 15.8447, 18.5725, 26.4081, 89.0551, 48.1508, 35.1389, 21.8764, 8.54083, 0.312323, 0.0914288, 0.0534878, 0.0379887, 0.0296288, 0.020916, 0.0151443, 0.0125427, 0.0113525, 0.0110626]",-0.998525,"[69.983, 68.1296, 74.8882, 71.373]",0.342962
